# NTRAJ	50000
0.19366128
0.16430962
0.17749926
0.16424453
0.17042401
0.19168051
0.16475928
0.22250606
0.18885742
0.15593665
0.17236981
0.18522641
0.16695291
0.15842329
0.13920009
0.24309214
0.19635804
0.14814430
0.15887317
0.19498446
0.15772999
0.19054827
0.16196727
0.16994817
0.19852321
0.15372364
0.17305005
0.19659875
0.15956851
0.17340394
0.17848069
0.16519452
0.16471684
0.18220194
0.22856251
0.16904432
0.19666324
0.18185864
0.17756006
0.20164132
0.17414773
0.17069253
0.17175675
0.17506444
0.17064873
0.16578989
0.18441763
0.18314170
0.15807665
0.16674413
0.16513431
0.20095949
0.16171474
0.15976829
0.18961165
0.16897289
0.17776813
0.18441973
0.19259264
0.17254923
0.21976438
0.17248533
0.15527967
0.19568116
0.16887864
0.23695227
0.16404273
0.16689180
0.18618074
0.18380275
0.18542030
0.17021787
0.19058001
0.16883025
0.18806095
0.16952557
0.17417471
0.17251929
0.17955158
0.20575730
0.17259881
0.15762219
0.17711774
0.16873881
0.15390103
0.16719968
0.15474217
0.19639005
0.16610760
0.18254668
0.16999447
0.15002889
0.19134818
0.18873068
0.19101027
0.16000478
0.20836971
0.20001465
0.17941352
0.17433894
0.15993665
0.14509633
0.18405577
0.17592013
0.16931838
0.17499278
0.14841325
0.21773098
0.19882973
0.18062792
0.17636343
0.21603537
0.19660398
0.21698271
0.23356010
0.16127394
0.17688551
0.17608623
0.15134033
0.20449180
0.16425073
0.18786829
0.19419294
0.15735678
0.18736972
0.15350381
0.15608007
0.20620368
0.16991989
0.18467143
0.19447987
0.17645970
0.13431426
0.16302978
0.22075737
0.16732119
0.18365543
0.15962132
0.15364501
0.16298424
0.17075866
0.23061068
0.18007025
0.16300584
0.14759429
0.20983339
0.16202995
0.19626970
0.18074038
0.15425629
0.14818775
0.15843782
0.20330315
0.17934526
0.17394028
0.16877502
0.19846194
0.18544994
0.20154285
0.16410869
0.16111190
0.15185575
0.20615169
0.21271462
0.18865938
0.15881688
0.17670311
0.18538030
0.14466538
0.20797321
0.20260235
0.17702363
0.16095872
0.20008963
0.16543872
0.17677764
0.19979145
0.18456602
0.18192218
0.17976694
0.17983522
0.21433728
0.18853267
0.18593440
0.16871321
0.14240253
0.16355390
0.18158868
0.18319551
0.17641019
0.16160188
0.15728830
0.20177218
0.18762223
0.21146465
0.14685640
0.17770743
0.17089859
0.18513624
0.16495460
0.18092992
0.15455561
0.18480638
0.21639263
0.17732710
0.19297430
0.20418541
0.16037962
0.19767100
0.17021280
0.18813448
0.16612421
0.21052737
0.23315619
0.13656495
0.17992502
0.16840436
0.17033964
0.15267056
0.17013840
0.17519438
0.18711362
0.20697597
0.18383215
0.17235812
0.18911448
0.21644304
0.19137543
0.16109864
0.15692628
0.18820592
0.14975319
0.20763815
0.17862027
0.20188897
0.16798684
0.15816668
0.16798996
0.20644724
0.17917002
0.18599563
0.17235328
0.18532312
0.17358225
0.16322986
0.17931225
0.15768628
0.17813358
0.18276611
0.19520279
0.15833473
0.15324474
0.19048446
0.17349317
0.17518856
0.16161260
0.20694312
0.17789825
0.18673385
0.16734761
0.17106943
0.18919982
0.19785306
0.19494875
0.14561073
0.18357248
0.17457804
0.16609826
0.18776331
0.15523907
0.19498336
0.16967784
0.16785395
0.17955198
0.16194521
0.18268062
0.17351620
0.17165492
0.19997605
0.21493814
0.15950881
0.19640368
0.15194795
0.20048742
0.18073788
0.18674289
0.18782762
0.17715714
0.18427438
0.18894159
0.20656355
0.20232856
0.16464958
0.17418601
0.18490062
0.18214534
0.20324983
0.13726170
0.20652071
0.16728179
0.14784177
0.19334522
0.14779340
0.16749860
0.15398173
0.18618858
0.17302338
0.18724428
0.14557448
0.19279137
0.16850610
0.15879634
0.15871016
0.18447540
0.14934738
0.19040834
0.16971509
0.17730061
0.16675840
0.16092603
0.17688167
0.17864390
0.17006353
0.16296166
0.13712948
0.18469418
0.18350351
0.18565715
0.16439332
0.17175507
0.17521506
0.20169699
0.18176161
0.17774011
0.17709952
0.20869103
0.19521030
0.17072017
0.17933730
0.18002623
0.16189063
0.18341939
0.13446338
0.17589120
0.16312264
0.14788501
0.19096896
0.18680305
0.20578353
0.17298827
0.17027913
0.16263421
0.21414921
0.15548422
0.19797955
0.16695858
0.16680976
0.22411638
0.16382090
0.23749357
0.16347910
0.17308696
0.14807565
0.16705891
0.16962562
0.16378112
0.17594072
0.16288213
0.15206203
0.15863422
0.17778517
0.20302683
0.19776612
0.19548050
0.18370783
0.17529617
0.15750556
0.20729106
0.17302146
0.14973751
0.18261002
0.19597085
0.18536764
0.17597389
0.17091450
0.16016560
0.18869900
0.18088147
0.14976707
0.21348347
0.18840669
0.16200216
0.16253159
0.18147470
0.17662379
0.15669497
0.18544881
0.15945250
0.18886709
0.22510712
0.20534583
0.18688179
0.19437077
0.15762596
0.14675014
0.18978397
0.20155295
0.14004438
0.16329757
0.17814040
0.14472903
0.18439985
0.18996306
0.15538233
0.15789175
0.19582992
0.16339836
0.20906888
0.18989304
0.16738734
0.17789791
0.18464236
0.18940586
0.19619688
0.19919410
0.21128117
0.18082256
0.18096648
0.15544228
0.18278471
0.15162337
0.16877559
0.16246019
0.15473614
0.19007143
0.17018173
0.15225098
0.16382798
0.19796259
0.18766792
0.19469399
0.16816781
0.14751047
0.16918485
0.19878970
0.14903494
0.20355285
0.16084846
0.17969641
0.17114202
0.15707942
0.18240945
0.18495799
0.21348943
0.17941511
0.19055817
0.18278188
0.17547379
0.16398271
0.16824749
0.19707549
0.16074417
0.17925894
0.18621958
0.17829770
0.17989515
0.19922038
0.17693185
0.20255484
0.18939156
0.18659031
0.18450979
0.17581301
0.17256358
0.21346500
0.18066806
0.18712827
0.14802612
0.17296484
0.18251029
0.20887399
0.19164529
0.18359918
0.19255704
0.20907349
0.16718744
0.19087907
0.18410024
0.14760339
0.16055657
0.17087442
0.18729643
0.15898185
0.16983838
0.17873562
0.17165993
0.16120568
0.18673792
0.15951759
0.17541561
0.18425972
0.18729223
0.18356824
0.15999961
0.16900139
0.17955009
0.18201460
0.17841142
0.17572379
0.22471083
0.19993542
0.15852035
0.19544461
0.18398665
0.17929396
0.17694079
0.19001396
0.18816991
0.17863265
0.17706723
0.15533470
0.18943166
0.21920098
0.18761778
0.19708727
0.16805005
0.22216294
0.15068769
0.17309884
0.19051443
0.21332406
0.19446277
0.14259598
0.19475146
0.16602729
0.18483502
0.16411248
0.16317765
0.22667109
0.19522695
0.15851670
0.22384736
0.14625096
0.21721094
0.16356089
0.19204343
0.17705372
0.19525042
0.15923036
0.18402156
0.20788455
0.18184982
0.14362626
0.17004823
0.15509198
0.15449964
0.15132111
0.19963133
0.20758394
0.18891262
0.18534275
0.16944022
0.17463043
0.16936544
0.15957081
0.16461029
0.23382150
0.18013862
0.18235967
0.17416334
0.19215671
0.16337824
0.17923679
0.16668587
0.14136552
0.18286886
0.15675472
0.17161905
0.14984113
0.20783342
0.18202442
0.14014797
0.19612558
0.17375296
0.19058712
0.18987734
0.17152066
0.23791633
0.19957099
0.15928273
0.18019118
0.16200440
0.18141594
0.17150548
0.17929794
0.18560396
0.17720412
0.18376333
0.17914687
0.15443713
0.16574438
0.22066341
0.14372869
0.15417482
0.20950785
0.15031531
0.20419830
0.16483353
0.15249669
0.15092882
0.15169686
0.18283131
0.19257606
0.20176546
0.16931710
0.17503008
0.18860019
0.18971214
0.16572549
0.19380545
0.16476421
0.15937368
0.17457148
0.16911837
0.18712062
0.18793285
0.19042624
0.17248781
0.17748465
0.18343870
0.20874930
0.14953277
0.13711652
0.21192919
0.15831153
0.20257830
0.19477637
0.17098632
0.16557238
0.16763431
0.19764541
0.16092433
0.18292712
0.19041428
0.17711744
0.20947130
0.17055771
0.17267743
0.17862206
0.12744431
0.18209880
0.17397238
0.18997309
0.15960176
0.16397799
0.17076134
0.21284755
0.16723691
0.18521379
0.21437795
0.16520335
0.17409932
0.13076652
0.15214287
0.18072655
0.15694408
0.18505631
0.16403897
0.14973589
0.20214530
0.18977855
0.16720705
0.15308005
0.18951684
0.17892037
0.16803255
0.20585125
0.19467929
0.16446093
0.19685909
0.16632429
0.20244867
0.17432121
0.20381308
0.21842850
0.14001305
0.16777511
0.19221366
0.18352054
0.17071909
0.15859448
0.13069118
0.16050440
0.15998781
0.17032899
0.14561322
0.20145983
0.17814866
0.15269489
0.19761793
0.15768319
0.21488531
0.16673682
0.18212788
0.17938274
0.14746427
0.17169959
0.14803054
0.18998919
0.17489844
0.17344951
0.20272809
0.16122322
0.15707045
0.15984368
0.17302030
0.15368806
0.15017927
0.17339705
0.15114074
0.14618987
0.18295814
0.16113976
0.16695070
0.16907037
0.20581731
0.17173799
0.18385730
0.17915436
0.17101219
0.16910182
0.18215445
0.16449048
0.20826147
0.15508964
0.16598933
0.16495211
0.20079930
0.19044392
0.14905315
0.17373159
0.17778769
0.18223924
0.18681576
0.17043397
0.17234262
0.16896703
0.19443349
0.17049979
0.15940683
0.19563178
0.19933280
0.17805661
0.18683781
0.17059536
0.17607675
0.20084285
0.18993890
0.16822842
0.17079732
0.17291827
0.20663712
0.15831119
0.17865250
0.19145729
0.16329655
0.17489950
0.18827329
0.19726538
0.21112399
0.16939577
0.16713286
0.21086733
0.17450533
0.17588274
0.17820766
0.16527040
0.20351000
0.15219562
0.17695065
0.20891356
0.16693280
0.22392001
0.20561022
0.17739308
0.18870270
0.19531306
0.14987609
0.22539846
0.15134186
0.17483625
0.16134541
0.20890869
0.15641893
0.15828188
0.16391973
0.15195383
0.15917021
0.13872595
0.16857176
0.17024695
0.17444048
0.18668091
0.17302414
0.19016350
0.19448906
0.17580623
0.16144358
0.17553304
0.20651366
0.15624412
0.20655609
0.16561481
0.17716553
0.19450536
0.15714001
0.15103277
0.18980947
0.19601046
0.18425021
0.15169433
0.15980938
0.18048137
0.18879812
0.15889709
0.18353225
0.19241399
0.18449541
0.18026143
0.16251726
0.18638213
0.17462165
0.15234332
0.19997598
0.16977144
0.18532698
0.19948105
0.16918572
0.19266641
0.15895071
0.20013195
0.16107752
0.18440541
0.16548904
0.18491000
0.15357225
0.18302615
0.18261704
0.15624817
0.20701982
0.18534541
0.18385286
0.20035872
0.15197561
0.18460781
0.18649259
0.16739215
0.17930927
0.17567302
0.16285676
0.18009807
0.17788617
0.15489688
0.14763156
0.20815183
0.17183096
0.18687623
0.15962767
0.19706375
0.16720666
0.18554690
0.21095727
0.18657813
0.15628027
0.20148758
0.15863496
0.16945916
0.21208433
0.20838599
0.19490857
0.15152986
0.21546696
0.19707453
0.17877672
0.17272165
0.16166132
0.18475025
0.15934879
0.19253118
0.22530024
0.19794118
0.15719538
0.18558762
0.23947544
0.14584389
0.16702390
0.17549924
0.17902361
0.18722001
0.18446076
0.16565249
0.18889671
0.16980758
0.16181122
0.18774832
0.16796014
0.17661486
0.20196453
0.17873352
0.17510123
0.21301816
0.17416222
0.17940595
0.19790900
0.18087973
0.19821103
0.14662819
0.17896569
0.17719194
0.16677090
0.19638122
0.17908006
0.13430168
0.16768140
0.16475409
0.15918973
0.17389520
0.16436510
0.18145919
0.16274587
0.17641852
0.20806805
0.15889986
0.16920955
0.18411460
0.20165146
0.16929372
0.16952437
0.16968445
0.17595185
0.16419734
0.17641976
0.17532250
0.15879844
0.20171254
0.17479411
0.17718220
0.19248999
0.19800000
0.18152716
0.17701573
0.17878482
0.19697578
0.18828817
0.19244694
0.16220481
0.15966919
0.22754578
0.20214881
0.17316112
0.14616902
0.19887530
0.18141006
0.16192237
0.16816825
0.19866840
0.18045154
0.16138318
0.16979203
0.16996223
0.14589337
0.17714160
0.17109816
0.19750593
0.16351978
0.16172307
0.15477985
0.18303796
0.18039096
0.16390167
0.18402501
0.14808173
0.17086636
0.18313661
0.23363119
0.18390051
0.16175870
0.18478811
0.15577992
0.14447859
0.15246824
0.18577855
0.19127478
0.18837988
0.15546463
0.21357119
0.18011925
0.18112301
0.22245723
0.17328948
0.16288578
0.20806621
0.15162580
0.19814755
0.18283436
0.15884648
0.21291616
0.19212364
0.17579922
0.18207047
0.20979242
0.15286111
0.14602141
0.18061241
0.17706637
0.16065805
0.17850532
0.17881039
0.16332249
0.19448813
0.17007193
0.19468408
0.18208711
0.16666187
0.17487059
0.19400394
0.14479007
0.18253049
0.19152869
0.16605232
0.18274937
0.18102417
0.18245406
0.20562503
0.19540837
0.17727856
0.18609779
0.17807749
0.15841898
0.18840803
0.17384297
0.13591713
0.18663428
0.20349822
0.16617248
0.15684026
0.16553287
0.20183602
0.18647729
0.17409712
0.19951497
0.15279585
0.18128838
0.15754562
0.18413111
0.19707231
0.17817007
0.16197608
0.15830117
0.19282091
0.15732060
0.16751415
0.16604805
0.17226210
0.19544367
0.18473692
0.18416044
0.18041576
0.17026202
0.15736588
0.16474331
0.15378794
0.20077478
0.16652535
0.13296042
0.21580182
0.17628172
0.16289110
0.17863815
0.18980432
0.16546281
0.18180152
0.19564705
0.15184012
0.16995794
0.20819494
0.19111204
0.18227057
0.19197550
0.18026604
0.16803717
0.19473344
0.20304076
0.18057159
0.18149719
0.16522280
0.16006469
0.15989267
0.16501481
0.23119803
0.20745478
0.19615284
0.17507756
0.20646885
0.19925975
0.14897571
0.18165466
0.17584892
0.18908010
0.18638241
0.16164362
0.20380482
0.19824046
0.19078882
0.19392955
0.19923713
0.16721538
0.16161582
0.16753762
0.21026268
0.18780590
0.16806570
0.19344885
0.17524572
0.14421727
0.15035117
0.16346767
0.15211442
0.16670930
0.17876161
0.17842720
0.17887012
0.19749067
0.14876419
0.16732620
0.14811824
0.15950927
0.19098904
0.20868025
0.15870147
0.14103859
0.13845559
0.15292229
0.18812666
0.18107638
0.15198891
0.19322041
0.17277135
0.18304136
0.18323432
0.21407999
0.16223923
0.21125410
0.17883298
0.19968230
0.19163146
0.18232893
0.17141831
0.19387858
0.18376883
0.19212583
0.14959395
0.15081083
0.18960890
0.16829968
0.19497456
0.18577665
0.16992546
0.15968823
0.17304181
0.18132080
0.18083187
0.18497003
0.18088761
0.16285386
0.20321021
0.17744663
0.19034136
0.17016783
0.19903303
0.16451940
0.17619526
0.16233803
0.17716017
0.16396454
0.17011406
0.21077033
0.19056239
0.19871265
0.16284459
0.15441024
0.17056629
0.18445135
0.14965566
0.19527053
0.18016773
0.20162690
0.20841985
0.16418389
0.16452114
0.17329868
0.14634525
0.19234480
0.19122472
0.17013649
0.19699967
0.14230429
0.17383706
0.18515311
0.17887460
0.16149736
0.16048380
0.17943845
0.21014692
0.21755950
0.18557009
0.19245324
0.20178368
0.22733199
0.21747656
0.15246533
0.13381018
0.18076964
0.16044985
0.17908188
0.21638962
0.22590649
0.18106355
0.16968229
0.16625002
0.19158219
0.16080443
0.18385284
0.18234264
0.20833941
0.13643396
0.16890552
0.15294095
0.16682494
0.18344325
0.16903758
0.20888855
0.18288875
0.18286524
0.17087465
0.20072656
0.14831336
0.16438547
0.16837981
0.16573567
0.15142405
0.18666027
0.17601053
0.19621530
0.17856801
0.16832262
0.18994082
0.18813419
0.17205018
0.15687639
0.18826916
0.18245156
0.16948395
0.16605804
0.16954346
0.16852040
0.15892251
0.21762345
0.15721890
0.19276829
0.18498254
0.22427344
0.17737549
0.16262093
0.17998904
0.18455235
0.19979113
0.18101587
0.17268348
0.17169878
0.20775796
0.16794665
0.17328525
0.17776607
0.20452221
0.22816965
0.15078658
0.17385856
0.15619870
0.17504691
0.17943808
0.16248147
0.20850954
0.21390762
0.16269953
0.20027809
0.16499893
0.16927376
0.17784519
0.18791822
0.22384433
0.17787425
0.18099763
0.18730885
0.18362334
0.18005066
0.18223094
0.14932298
0.20488572
0.22457091
0.16697650
0.16283552
0.14621818
0.18666669
0.16084188
0.15642228
0.15606270
0.17997701
0.14993675
0.16511031
0.15064418
0.18382575
0.17407010
0.17040503
0.15705253
0.18181836
0.20122963
0.13356667
0.18590296
0.16756717
0.15749014
0.15163960
0.18121798
0.22176437
0.17628483
0.21723593
0.21695461
0.16854601
0.16866906
0.17448195
0.16927667
0.15427924
0.17430480
0.16843950
0.15068620
0.19073688
0.21688936
0.19547991
0.15553307
0.20283548
0.20255300
0.15649592
0.18956686
0.16044710
0.18287847
0.20200724
0.18257412
0.16843647
0.17873681
0.21621605
0.17759740
0.17982887
0.17806800
0.19525664
0.19213600
0.18820201
0.22250602
0.17962831
0.21582003
0.15636626
0.16781528
0.17369473
0.19457018
0.15519101
0.15774487
0.23512222
0.17822224
0.18029197
0.16229959
0.19504425
0.16924857
0.15793037
0.19013862
0.15954552
0.17101429
0.17451171
0.16116297
0.17045527
0.17274309
0.18891924
0.16458747
0.16502116
0.22371620
0.17764188
0.21450200
0.17286477
0.18022612
0.19710033
0.20573823
0.16795961
0.19475076
0.15219968
0.17996575
0.18648494
0.17139157
0.16847409
0.15587220
0.21488856
0.18312123
0.21698519
0.16670739
0.16603231
0.20229305
0.18851332
0.17784835
0.15672363
0.16483369
0.18143341
0.17602344
0.18796178
0.20505830
0.13924190
0.18135044
0.19973069
0.15023294
0.14920915
0.18359067
0.17934686
0.17985027
0.23964573
0.16275891
0.17159241
0.15983387
0.14670316
0.20712183
0.18914907
0.16907347
0.16722929
0.18968185
0.16196454
0.16807298
0.18388368
0.19143834
0.13807061
0.20657244
0.14767245
0.16979552
0.15537062
0.19939381
0.15367334
0.16005011
0.17420620
0.17432377
0.17138293
0.16738364
0.17115399
0.20625796
0.18862223
0.16375854
0.19916771
0.22422282
0.15715972
0.19458491
0.15512680
0.15481241
0.20784398
0.16944673
0.15866615
0.15704837
0.17580556
0.21549730
0.18809190
0.15659799
0.17149427
0.17096024
0.21010567
0.15358818
0.20018063
0.18064555
0.20133241
0.14410820
0.19907837
0.16716105
0.17256371
0.16843482
0.18786459
0.18143113
0.16758910
0.17780743
0.16441174
0.14282931
0.15771002
0.14945274
0.15932353
0.17478675
0.19162043
0.17680885
0.21105140
0.19123936
0.18606635
0.15002040
0.18876704
0.16983658
0.15870834
0.18287447
0.19700929
0.16382199
0.17403895
0.17482080
0.16137430
0.18341704
0.15191614
0.15701404
0.16239686
0.17138960
0.19734480
0.19545663
0.16380904
0.18989858
0.17608715
0.18788327
0.15860081
0.16354142
0.19623594
0.18280900
0.23327785
0.15580411
0.14971356
0.20237920
0.16251467
0.16369999
0.16558454
0.18059191
0.19066279
0.15109537
0.20083130
0.16497187
0.16359353
0.18542633
0.18642988
0.20033837
0.20957825
0.17665251
0.19793018
0.16512653
0.17580804
0.18749104
0.16757715
0.20454311
0.18823645
0.16112756
0.15853290
0.18807119
0.13728155
0.15140857
0.18057616
0.16837818
0.16186289
0.19786017
0.16094961
0.18203623
0.16685431
0.16546469
0.15699592
0.18631580
0.17590620
0.17642288
0.17287660
0.16677830
0.22186231
0.19728427
0.17689705
0.16837599
0.18769661
0.23624968
0.16845037
0.17284268
0.20397838
0.17813192
0.18492673
0.14523397
0.18595543
0.19143532
0.18948996
0.17186059
0.17108532
0.19246835
0.16975777
0.17641389
0.20477831
0.19186356
0.17018372
0.16235552
0.18837605
0.13026944
0.15273557
0.19505015
0.15410617
0.15788559
0.17252610
0.20429357
0.16497072
0.21713566
0.15838041
0.13948039
0.19090211
0.18863602
0.21249158
0.14530714
0.16329775
0.17364264
0.18174601
0.15530968
0.20709560
0.19839537
0.16649846
0.19349655
0.19608004
0.16756165
0.15961726
0.18993415
0.18177919
0.18657043
0.19118503
0.20858384
0.17982159
0.18401365
0.16772075
0.14485197
0.19069282
0.16567367
0.16639986
0.17424121
0.18716003
0.17371149
0.15343297
0.16405408
0.14461909
0.18981420
0.16742612
0.16935236
0.14735845
0.17531643
0.18631220
0.19963065
0.15544283
0.19296555
0.18354197
0.15599307
0.17075160
0.19065205
0.19266892
0.16992488
0.18961190
0.19316722
0.16319637
0.18160817
0.18455024
0.19386573
0.18298955
0.17326803
0.15987857
0.15872376
0.17699938
0.14312934
0.18665359
0.16845953
0.17974534
0.19133358
0.16344393
0.18149873
0.17205988
0.18660821
0.22991002
0.17017630
0.18099239
0.17106225
0.18519041
0.17905890
0.16343084
0.15739590
0.19767410
0.17346944
0.17338958
0.18085042
0.20167416
0.14957416
0.18124879
0.14115687
0.16735003
0.16832157
0.19506447
0.14804121
0.17181993
0.15034068
0.17031096
0.16095833
0.19634187
0.17369520
0.15845487
0.16944984
0.13948056
0.17052171
0.19793795
0.15976761
0.17684673
0.18181820
0.19836020
0.15164786
0.18302411
0.17098520
0.17486958
0.20251756
0.18600469
0.17138175
0.21644886
0.17302576
0.15088436
0.17053071
0.17561697
0.17949538
0.16186330
0.18632971
0.16000090
0.20429382
0.18627949
0.17599394
0.16997666
0.15238610
0.23231629
0.17499335
0.19384789
0.14917819
0.15436351
0.17950855
0.17316629
0.13769051
0.15970405
0.15783030
0.16336006
0.18724239
0.17621443
0.16597027
0.16946295
0.17381492
0.17577305
0.18135221
0.21407542
0.16848953
0.16915374
0.18738948
0.15506744
0.17266411
0.20509064
0.15613143
0.20490880
0.18997093
0.17950407
0.19947236
0.18493189
0.19700868
0.18592953
0.19752253
0.20490560
0.16757194
0.18819821
0.15323568
0.18084698
0.17341665
0.23027323
0.16815362
0.20177612
0.17912430
0.17557241
0.17534030
0.18488754
0.15774607
0.19117893
0.16270384
0.16825851
0.19640447
0.19193022
0.17378120
0.19250490
0.20884027
0.18464338
0.13972978
0.17183568
0.22695675
0.17635149
0.20901485
0.14127256
0.18643636
0.21413795
0.17597742
0.20731208
0.20815814
0.16436904
0.21660727
0.20471857
0.18919207
0.13985748
0.18629960
0.21028322
0.18841415
0.18660133
0.18383015
0.19386988
0.16384684
0.16883564
0.15254804
0.15938850
0.14554804
0.19617587
0.17930867
0.18324438
0.14614159
0.18843422
0.20823854
0.20597334
0.15799214
0.16922846
0.15967756
0.17737891
0.14761051
0.19189950
0.19630083
0.18538774
0.17915500
0.17881614
0.16949007
0.17911848
0.18021319
0.16662526
0.18852673
0.13284407
0.15814459
0.15716777
0.15299377
0.20024651
0.20179716
0.18752567
0.21779776
0.15577670
0.15680581
0.17330007
0.16521126
0.20073765
0.21199268
0.17555473
0.16139692
0.17905768
0.20758361
0.13073524
0.15941883
0.17520206
0.17054670
0.17840548
0.18681327
0.18430805
0.19007093
0.16056194
0.16203808
0.18750770
0.17366687
0.20449864
0.16686642
0.14500721
0.17060334
0.16956411
0.17262589
0.20392363
0.17056687
0.18324558
0.17550670
0.20403148
0.19400797
0.17586640
0.22640518
0.15391078
0.19499406
0.19599582
0.15352602
0.16584659
0.15700044
0.22253303
0.17960439
0.14927654
0.17443261
0.15578897
0.17697885
0.17384235
0.14044977
0.17402230
0.17662553
0.18745314
0.18504895
0.22100553
0.17676197
0.15995682
0.19563355
0.20405752
0.17422982
0.15722417
0.16971450
0.18649465
0.17466748
0.18597475
0.18432615
0.15532900
0.17803405
0.18906966
0.16858617
0.18650347
0.18143371
0.16601535
0.19246119
0.16259162
0.20801109
0.19160568
0.16604863
0.16849665
0.19774796
0.19175044
0.17936543
0.15466474
0.20270506
0.15255366
0.23779118
0.17780982
0.16420119
0.19092429
0.19985587
0.14393380
0.17152372
0.17621605
0.16266979
0.17164819
0.18149717
0.15572035
0.15275254
0.17149744
0.18527988
0.20904525
0.15228287
0.19493693
0.19576755
0.18605287
0.18830620
0.20521967
0.17530740
0.18783066
0.19036003
0.19687097
0.16799495
0.17316220
0.18735887
0.17449351
0.15450340
0.20250797
0.19583417
0.19015189
0.15443343
0.17196923
0.15505547
0.18521785
0.16811970
0.20344623
0.18359316
0.16789493
0.14823715
0.18672450
0.21107594
0.17644619
0.16691860
0.24854711
0.19291007
0.16865413
0.21264463
0.18551190
0.15161765
0.21595683
0.18558675
0.18176597
0.14616315
0.13735564
0.18031780
0.16897209
0.17478852
0.15534882
0.17199844
0.15530935
0.21675297
0.17482810
0.19145562
0.19425414
0.15254297
0.20610164
0.17514984
0.20179001
0.18950180
0.18544371
0.17177213
0.16222438
0.16247206
0.16850576
0.15524050
0.18223889
0.17495420
0.15052841
0.20784238
0.18948126
0.19905229
0.21187441
0.19760730
0.18463463
0.18141344
0.16479259
0.18435041
0.18100251
0.20497339
0.17145584
0.15031603
0.20855785
0.20628890
0.20446965
0.16758238
0.17843485
0.22297357
0.17520376
0.16138526
0.17616120
0.18208399
0.18108824
0.19577544
0.23166630
0.19181963
0.19594822
0.18325273
0.18945178
0.15830303
0.17984191
0.21142805
0.15497060
0.19999400
0.19046224
0.21749981
0.17253161
0.17296604
0.15357166
0.18748813
0.20292204
0.16024051
0.17277302
0.15964389
0.18687991
0.17146857
0.14543974
0.18545227
0.15624265
0.15678684
0.20751108
0.16149919
0.18206674
0.19912223
0.19259922
0.15340787
0.18896675
0.18866016
0.16281531
0.16683412
0.16548005
0.14997937
0.15041407
0.22329309
0.17556923
0.18283140
0.17447426
0.17523925
0.19801209
0.17410907
0.15939215
0.21319957
0.17047208
0.20086413
0.18372635
0.19450207
0.16646954
0.15640100
0.17118148
0.16959596
0.18242958
0.18386404
0.19979891
0.17042277
0.17063787
0.18485786
0.18682094
0.17173953
0.20602944
0.18318542
0.17106637
0.17395933
0.19915851
0.19636781
0.19210901
0.19034912
0.16741130
0.17700371
0.19556691
0.18713753
0.15787455
0.19430480
0.19061308
0.17356957
0.17519590
0.18583153
0.17212840
0.15809528
0.17540853
0.16514392
0.17455106
0.14573096
0.16213307
0.16204338
0.20728702
0.19418838
0.16855108
0.17526829
0.18889075
0.20269950
0.17660765
0.19649474
0.18370368
0.16374697
0.16614100
0.23233897
0.18253204
0.16319606
0.17561101
0.19513590
0.16616491
0.14383265
0.18553628
0.17117103
0.15895199
0.17106371
0.17644073
0.18023321
0.15737177
0.21988699
0.17758592
0.15655011
0.22627061
0.17596614
0.17242277
0.16852957
0.16701185
0.19185416
0.17295582
0.16306237
0.17908829
0.18736205
0.18600456
0.18438150
0.16230782
0.17795229
0.14185931
0.18220056
0.17270160
0.19969117
0.18899568
0.14838809
0.16426622
0.21183207
0.20823313
0.16573104
0.18100444
0.18743629
0.24640695
0.14581814
0.14931671
0.18416925
0.17871290
0.17521012
0.15206345
0.16876073
0.18549521
0.19029080
0.17095958
0.16895806
0.18225415
0.17921746
0.17212910
0.18756546
0.16639922
0.16113134
0.20605768
0.16185545
0.17642347
0.15894351
0.18605585
0.18734834
0.18548546
0.15361778
0.15810275
0.20441781
0.20704036
0.17227507
0.18600994
0.20970714
0.18043148
0.17460410
0.15249448
0.18436495
0.17923175
0.16802661
0.16558269
0.16779877
0.16789190
0.19274119
0.21482031
0.17023341
0.15986701
0.19577812
0.21596222
0.20344554
0.17453826
0.18024813
0.15615661
0.16910324
0.16259750
0.17711880
0.16806747
0.16570362
0.17273387
0.14483278
0.16483997
0.18256538
0.17301310
0.16263438
0.16107926
0.16230259
0.19149108
0.20800718
0.18743895
0.16382055
0.17377603
0.19428933
0.18463879
0.15746033
0.18887097
0.17092066
0.18130537
0.20109840
0.16772087
0.17146182
0.17787039
0.16795968
0.18138389
0.16109632
0.16577662
0.18560482
0.17853017
0.16916830
0.17787724
0.20891051
0.19150088
0.17030510
0.19413227
0.15767737
0.14824355
0.21034789
0.19245259
0.17596101
0.16578522
0.18724307
0.15973988
0.20213807
0.16178022
0.15385103
0.20528804
0.15987148
0.15108595
0.15712862
0.17765496
0.15900339
0.16506550
0.17828238
0.16075669
0.16582515
0.19351578
0.18903098
0.13925510
0.19431398
0.18263776
0.19163669
0.18422150
0.19180709
0.23615432
0.19456827
0.19624621
0.23385101
0.18663823
0.15872131
0.17095148
0.18751022
0.14681314
0.17017847
0.18592875
0.17021824
0.16984478
0.19124797
0.21531417
0.20399318
0.18787683
0.16403320
0.14876704
0.17178523
0.16208800
0.17252023
0.20684820
0.17425702
0.17100136
0.19232223
0.20756378
0.17243174
0.15465251
0.18126392
0.16464740
0.13682293
0.19725632
0.17094976
0.15907912
0.15717331
0.18254379
0.18207739
0.22759465
0.17537600
0.19230747
0.18128956
0.18134606
0.21557716
0.17833224
0.15109376
0.15333417
0.16998457
0.20505028
0.15432384
0.16577874
0.18146175
0.16871860
0.15478222
0.17131796
0.21769695
0.18896935
0.17533085
0.19532013
0.19230516
0.15398372
0.17607588
0.20498431
0.16596410
0.15723749
0.18870367
0.19357738
0.16703945
0.19643922
0.20789302
0.15214502
0.17544887
0.18574836
0.20704026
0.19634326
0.15613250
0.16319557
0.19130777
0.19015482
0.18031360
0.15631153
0.15857942
0.21543494
0.16088950
0.14755506
0.18255353
0.16750995
0.20299810
0.15270796
0.16267829
0.19198365
0.19604791
0.20948234
0.17436700
0.16340862
0.17458821
0.20779820
0.18413496
0.15739249
0.18332843
0.18307860
0.18232319
0.17335047
0.19944879
0.20986020
0.13569391
0.15421310
0.18406233
0.17589414
0.18099913
0.20125518
0.19972850
0.16164121
0.20013708
0.17450713
0.16312020
0.18959694
0.16361256
0.20122204
0.20581987
0.19328377
0.19475303
0.19712492
0.16852896
0.15788471
0.18683377
0.16421401
0.19482177
0.17099553
0.14377478
0.15497642
0.17112373
0.21087298
0.17900259
0.20178542
0.14671633
0.18129910
0.15054316
0.16463651
0.19667072
0.17230751
0.15722954
0.17610227
0.17875540
0.14405037
0.19751308
0.18507267
0.21380582
0.19090048
0.23922447
0.16369259
0.16459023
0.19482701
0.20105957
0.20781333
0.15904409
0.17009402
0.16817256
0.15916861
0.17016219
0.18726791
0.14716976
0.16433502
0.20858285
0.16579651
0.18209125
0.15712570
0.17759439
0.17797134
0.17646315
0.15349474
0.20237362
0.17178559
0.18336401
0.16054536
0.16722519
0.16808938
0.18846782
0.16663477
0.16831266
0.18487652
0.20317540
0.18864795
0.18912556
0.15681998
0.18290851
0.19300677
0.18669308
0.16785398
0.16866507
0.18499134
0.20451858
0.16280403
0.20322717
0.17564490
0.13336617
0.15812198
0.17783011
0.17619583
0.16380570
0.17519663
0.16321229
0.17526319
0.22632262
0.17649357
0.19783843
0.15254979
0.19442589
0.21109786
0.18355211
0.22380099
0.20443006
0.17052648
0.20977988
0.17131206
0.14102601
0.15529998
0.16640343
0.21954476
0.19601338
0.18923359
0.26099950
0.17641115
0.20913521
0.17773200
0.16774397
0.17686341
0.18832817
0.20892665
0.16243994
0.14850661
0.17159382
0.15306589
0.20286818
0.17652564
0.17584148
0.17355470
0.16007882
0.18380625
0.20505628
0.17086179
0.17925348
0.18077350
0.16445666
0.19577620
0.14891489
0.19937956
0.17394025
0.18527285
0.18788076
0.14841836
0.19460265
0.15818734
0.14432219
0.15861060
0.16192162
0.16917568
0.16791763
0.20751122
0.20697968
0.15860627
0.17532246
0.16266334
0.19761494
0.17840878
0.16823382
0.20774416
0.18719674
0.14414096
0.17703112
0.17133067
0.16776211
0.20590102
0.17518219
0.18283416
0.22268496
0.16305038
0.16644197
0.17022849
0.15302778
0.16594297
0.18634685
0.16556497
0.16943807
0.17839747
0.21126754
0.18470675
0.16961818
0.15410336
0.21311354
0.18101793
0.19355360
0.19286080
0.15332699
0.16887610
0.19212898
0.20395205
0.20571379
0.22366125
0.16749491
0.16939551
0.16198361
0.16508557
0.17390497
0.16280643
0.16023642
0.16751505
0.18041008
0.17319854
0.18410537
0.17572646
0.18884587
0.17932555
0.20133570
0.15662506
0.18600457
0.22145653
0.20306249
0.16187037
0.17656869
0.20855204
0.19027658
0.15199093
0.19556639
0.19279653
0.16371538
0.16604667
0.23205203
0.18800585
0.17917564
0.16845297
0.19572785
0.22319559
0.15998808
0.20113928
0.21490588
0.15709096
0.17259095
0.20157771
0.19632475
0.18367581
0.16751472
0.18476030
0.19819744
0.17510720
0.15126538
0.16649582
0.15847683
0.18487897
0.15050129
0.17959975
0.21974231
0.18773309
0.19025911
0.19220186
0.17668445
0.14689223
0.15690970
0.19254905
0.19048390
0.18307706
0.16501907
0.19636377
0.15127854
0.20446504
0.17084684
0.17943431
0.16864857
0.22939565
0.20404779
0.19632573
0.18303351
0.19636650
0.18869626
0.18226994
0.14902465
0.19431955
0.18367277
0.16060443
0.18749195
0.16911118
0.16102382
0.18613513
0.17507265
0.18049221
0.17580459
0.20827722
0.18545074
0.17857622
0.17890022
0.14685091
0.18956215
0.17995389
0.15784081
0.15339018
0.17139596
0.15793997
0.15567697
0.19006078
0.18273391
0.16937807
0.18343962
0.18263024
0.19683062
0.18665203
0.15556277
0.15562257
0.15452022
0.18623883
0.22107883
0.18853931
0.15135192
0.18150179
0.21703729
0.16078855
0.19606059
0.19934656
0.19614616
0.21043407
0.17714294
0.17327777
0.21565434
0.16559576
0.18321602
0.16717195
0.16828362
0.18171732
0.18553348
0.19160080
0.16577586
0.20037824
0.19926314
0.15782859
0.17110660
0.15666179
0.16571784
0.17207121
0.19171500
0.16291782
0.17450024
0.14791074
0.15969046
0.16638664
0.21409386
0.14873212
0.16810796
0.19112806
0.13309497
0.19466580
0.15436889
0.18875420
0.16299165
0.19409111
0.20498354
0.17781414
0.19125379
0.20350966
0.17791018
0.21853400
0.18063542
0.17447839
0.13913803
0.17845669
0.15867655
0.16883204
0.21012580
0.16735231
0.15818674
0.16632548
0.21089816
0.18286220
0.16637324
0.17107769
0.15108568
0.17227557
0.16465726
0.19160556
0.18129577
0.18248352
0.18212461
0.20909086
0.18249436
0.18487947
0.18323338
0.15542041
0.17333744
0.18531863
0.18250618
0.17685096
0.16689775
0.18602856
0.17762838
0.18708664
0.17846780
0.14548337
0.15315733
0.14092814
0.15646536
0.18827415
0.20234366
0.17188788
0.18229443
0.19188892
0.19215396
0.14104098
0.15543609
0.20476243
0.17831130
0.19242271
0.18320783
0.17292016
0.15221258
0.16035285
0.18123125
0.20133145
0.22340116
0.17494145
0.18760899
0.17256912
0.16046497
0.17190141
0.16337957
0.18967692
0.22059817
0.17535843
0.20170019
0.18474352
0.19186785
0.17436083
0.15211906
0.19639532
0.18820853
0.17483086
0.17191106
0.19155377
0.17261628
0.16690943
0.16021372
0.17877470
0.23561722
0.19178539
0.20145664
0.20807091
0.18699796
0.17426652
0.15996426
0.17051552
0.18646492
0.20013598
0.16020010
0.15555677
0.17575277
0.17199463
0.19368032
0.20688167
0.15640304
0.19778176
0.17854654
0.16074726
0.14403757
0.15745937
0.15974982
0.19160400
0.18933430
0.19614291
0.14888877
0.16216937
0.16888258
0.19708974
0.15329429
0.18343555
0.18849993
0.17978005
0.17107574
0.17192293
0.18235309
0.18102824
0.17169063
0.19682703
0.17279565
0.18032281
0.15067685
0.19876299
0.15490719
0.16918299
0.16964596
0.15359221
0.19193438
0.17614587
0.18499739
0.17258394
0.17885448
0.18157026
0.20742572
0.19429064
0.16365912
0.18518408
0.18580607
0.18112880
0.19327221
0.15866357
0.15349841
0.16042606
0.22502543
0.16946774
0.19990751
0.15188826
0.18730049
0.21076249
0.21179073
0.18279573
0.18368870
0.17331064
0.17837893
0.14229733
0.18525270
0.18845251
0.15482968
0.16734087
0.17902295
0.16398376
0.18033035
0.15480471
0.19300159
0.19300776
0.19414928
0.15844273
0.17771010
0.19463168
0.17159816
0.17754310
0.18307947
0.19366304
0.15576312
0.16606356
0.19542392
0.17585007
0.17071826
0.21860953
0.18215733
0.19688388
0.16900846
0.19041442
0.17032057
0.25502181
0.16953560
0.17900506
0.17412135
0.16372225
0.21112935
0.17711808
0.14483455
0.19238708
0.17154989
0.18406697
0.15315282
0.18336483
0.18451079
0.16149744
0.17685469
0.16561767
0.19723436
0.20556629
0.16945371
0.16017230
0.17107075
0.16304020
0.14916080
0.20616540
0.16505305
0.19499851
0.20128852
0.16390353
0.17445600
0.15038590
0.16228688
0.21972284
0.21042901
0.16416574
0.20334723
0.18326826
0.18105937
0.18823880
0.17220522
0.19379058
0.18615627
0.19223911
0.17394777
0.19251471
0.16324602
0.17371984
0.15186653
0.19576036
0.20424982
0.16725167
0.20031219
0.17368330
0.18798169
0.16559667
0.21060317
0.17150648
0.17419124
0.16727983
0.19217690
0.15628038
0.19433011
0.19564835
0.18563876
0.18133288
0.18361863
0.19660765
0.18283689
0.16495456
0.18308122
0.18277407
0.22373164
0.17573340
0.14956795
0.16410262
0.15328725
0.21796927
0.16982663
0.20411749
0.17986410
0.17755530
0.19497931
0.17301529
0.23615958
0.18267167
0.16044511
0.17757587
0.18278126
0.17073710
0.17497127
0.16407703
0.18261499
0.17422024
0.19906328
0.21315167
0.14105890
0.18588311
0.16013492
0.16965705
0.15998764
0.15651991
0.17517429
0.16904656
0.15496365
0.18647605
0.19891225
0.19834668
0.15146731
0.16702316
0.14304575
0.17796712
0.20322508
0.16936912
0.20158096
0.19437459
0.19681016
0.17980437
0.17517693
0.16556019
0.18946061
0.17880236
0.17334156
0.20154709
0.22659594
0.17856829
0.19791475
0.18952797
0.16355244
0.21032004
0.19287274
0.15820043
0.16356123
0.17518175
0.18995304
0.16862357
0.15545318
0.15399132
0.17583866
0.19045979
0.18594020
0.18423707
0.18497998
0.18401395
0.14546125
0.18138055
0.19751837
0.18053824
0.15534553
0.21176569
0.15199278
0.16801214
0.14736956
0.19191303
0.17986465
0.18279966
0.17725734
0.18569999
0.15890461
0.19834205
0.15667510
0.17238068
0.15413091
0.19171059
0.20260288
0.17077109
0.15747827
0.19326918
0.16917561
0.18321469
0.23139165
0.18467532
0.21051686
0.16841028
0.19346692
0.15545649
0.17264821
0.19013634
0.16126330
0.16053408
0.16693218
0.20298159
0.20194379
0.21463839
0.16803199
0.17426321
0.22056112
0.17742440
0.17705177
0.16117849
0.14394731
0.17243600
0.19527120
0.17469488
0.18127735
0.17268458
0.18627281
0.19098814
0.19189344
0.18905098
0.17303658
0.15791326
0.18785135
0.16966605
0.17176150
0.16174756
0.15063037
0.15951879
0.18244271
0.20201459
0.19203462
0.15615691
0.15477529
0.17190804
0.22827595
0.15551274
0.19769489
0.18947687
0.15717416
0.15818391
0.15696327
0.15782531
0.19074143
0.17825872
0.18477958
0.18669327
0.16350614
0.17830350
0.16861461
0.17275288
0.21700923
0.15563599
0.18547613
0.17163895
0.17870000
0.18582133
0.18525333
0.17641659
0.17888510
0.16476425
0.18976358
0.17547396
0.17652819
0.17092685
0.17142873
0.22113468
0.22453349
0.16489135
0.18185190
0.18895664
0.16417970
0.20572367
0.16128283
0.21174938
0.18570480
0.21486527
0.18006937
0.17218204
0.17217566
0.17302735
0.19221694
0.18865353
0.17741639
0.16735173
0.14572226
0.17958535
0.20500919
0.16930965
0.17744774
0.15777815
0.17340503
0.14091162
0.22009422
0.16870011
0.17787442
0.18138631
0.17814622
0.18430653
0.17421456
0.15902016
0.16044154
0.18143050
0.18521554
0.17851829
0.18380952
0.17591847
0.16344251
0.19048441
0.16049940
0.19425078
0.21250321
0.17557453
0.21661366
0.19672406
0.18833662
0.16178345
0.19199301
0.13772049
0.16294582
0.17240472
0.20101726
0.18998444
0.15605634
0.20023784
0.20804843
0.16062998
0.16916345
0.19255603
0.15704406
0.17888359
0.18192367
0.16411482
0.19868364
0.16572823
0.17500248
0.16492780
0.17233467
0.18158582
0.16605274
0.19224277
0.14763638
0.15870418
0.17274246
0.17057176
0.18523530
0.18325332
0.20353714
0.17219877
0.16272030
0.13852120
0.21082003
0.18403058
0.19075879
0.18240072
0.13667030
0.16573663
0.17194726
0.18278245
0.16995392
0.18809967
0.20583888
0.17264449
0.16457730
0.17980597
0.16380894
0.15287644
0.17419887
0.18178438
0.17510183
0.15075909
0.20331392
0.20359720
0.18315484
0.17361784
0.16869470
0.24048601
0.18458330
0.23079465
0.16477159
0.14277107
0.15657794
0.17869203
0.15617523
0.19168602
0.17522679
0.19319776
0.15955018
0.14974346
0.21546951
0.17450792
0.15825626
0.16237723
0.15406328
0.16724318
0.20754581
0.17908043
0.14396854
0.20406738
0.17061805
0.16547702
0.17659606
0.17011510
0.18133363
0.15141996
0.18753123
0.21236950
0.14787548
0.15299579
0.18871050
0.20236255
0.17968629
0.16106559
0.21948954
0.17600139
0.15364928
0.16156610
0.18906961
0.17535513
0.15262914
0.17975764
0.16485025
0.19467535
0.16819159
0.15820404
0.16047883
0.22937750
0.17381001
0.19776470
0.15032296
0.19308972
0.19573293
0.16131931
0.19596066
0.18198954
0.15487675
0.19615423
0.18949365
0.21505554
0.20190981
0.20048914
0.19239713
0.17183588
0.15943507
0.18705267
0.19563141
0.16488537
0.22237330
0.16563021
0.18678982
0.17069074
0.19287716
0.23288499
0.16063500
0.16456825
0.18433247
0.20339158
0.18603300
0.15610921
0.20903240
0.15443361
0.17025442
0.15753230
0.16850102
0.16998599
0.18458751
0.15713482
0.18381253
0.19305982
0.15623143
0.17970500
0.16193458
0.17692703
0.15683608
0.17967214
0.18549542
0.14871599
0.17704164
0.19622516
0.19152647
0.17106468
0.17722579
0.15902820
0.18675319
0.24227718
0.19770281
0.19920445
0.17268681
0.19454819
0.15655914
0.19109144
0.20878144
0.16141098
0.19334299
0.15826137
0.17875749
0.19384843
0.18663891
0.20686743
0.15400367
0.16294286
0.18142125
0.18420121
0.16109317
0.18196129
0.16739666
0.15973396
0.15553718
0.18723278
0.15350522
0.17603626
0.16958703
0.18968464
0.20407459
0.20562009
0.16623402
0.19376705
0.16208914
0.15787691
0.16862975
0.26450999
0.19914486
0.17299446
0.23471862
0.17054558
0.17045456
0.17759740
0.17444978
0.16155306
0.18682469
0.19212326
0.15872626
0.16139048
0.14171959
0.19534214
0.15167394
0.16495664
0.17671144
0.15092425
0.19833584
0.20880689
0.16911047
0.15948280
0.15127437
0.17933303
0.14507830
0.19170294
0.17785008
0.15252688
0.14619716
0.16826096
0.18375324
0.17226810
0.19306055
0.20801820
0.22115587
0.16647385
0.20521251
0.16579487
0.16584283
0.14805357
0.17146758
0.17471533
0.14825354
0.17128094
0.16585614
0.17604981
0.18671692
0.18186473
0.18519269
0.16756116
0.16886792
0.20916974
0.17513157
0.14413513
0.18066073
0.14316914
0.16912080
0.16486266
0.18622417
0.16661674
0.16036088
0.18582208
0.16598436
0.18088563
0.22165805
0.20081368
0.15849236
0.20479471
0.17331205
0.16052409
0.15832128
0.16693500
0.16279907
0.15213686
0.20550416
0.16291039
0.20250927
0.18586446
0.14369804
0.18789474
0.16829318
0.19491521
0.15777050
0.15878411
0.14629621
0.18558457
0.17041306
0.17078740
0.17966853
0.17583600
0.17189620
0.16845665
0.14904236
0.18087263
0.18371268
0.20931569
0.14850911
0.16900108
0.17958408
0.20163567
0.17378383
0.17941523
0.21453865
0.17606653
0.20039699
0.16021628
0.18940777
0.15083688
0.16593659
0.17812924
0.18696730
0.16594174
0.18061684
0.13827731
0.16889826
0.15134554
0.17033588
0.18348773
0.16079756
0.15423208
0.14251365
0.18023447
0.16078614
0.16236358
0.19463352
0.20854498
0.16255308
0.16828034
0.16797240
0.19979919
0.15667580
0.14299510
0.18375694
0.18302840
0.17607279
0.17303494
0.18203617
0.17578907
0.16019411
0.14719248
0.14756278
0.16097883
0.17564853
0.16893203
0.16729634
0.14611096
0.17377816
0.16569210
0.18798922
0.16938439
0.17833451
0.15603096
0.19548628
0.18050293
0.17057100
0.19896666
0.16748171
0.19260203
0.18028083
0.26076052
0.17588204
0.18310808
0.17360364
0.18803316
0.17820232
0.17221380
0.17091493
0.18108152
0.18390492
0.18972152
0.19466190
0.18591931
0.17733571
0.19256284
0.17369126
0.17239119
0.19138909
0.18692858
0.15628342
0.18969968
0.19312385
0.15576543
0.23822583
0.14994015
0.18122541
0.19693237
0.20508848
0.20638644
0.20061876
0.16013891
0.17598794
0.19820780
0.21214016
0.18600519
0.18853745
0.14020487
0.22191258
0.19100636
0.20520090
0.17802260
0.17081893
0.17188859
0.16668512
0.17771493
0.18179362
0.17813080
0.17928114
0.17115227
0.16431002
0.18918413
0.18484262
0.16250606
0.18582499
0.18175679
0.16967821
0.21149341
0.17118296
0.18854949
0.17234930
0.16833476
0.18179813
0.19398975
0.18191010
0.16780243
0.15454075
0.15623937
0.18386459
0.16966290
0.15452059
0.17636909
0.19615304
0.16705809
0.18006272
0.14535386
0.16549626
0.19637984
0.17663505
0.16080261
0.20702693
0.15959492
0.19168817
0.16505861
0.17378176
0.17108403
0.17035714
0.19505345
0.15548476
0.18748550
0.19909111
0.15845876
0.19423228
0.19282371
0.16002764
0.15119115
0.17182859
0.13921897
0.16819504
0.23106568
0.18026766
0.16215505
0.17192514
0.16749948
0.15446060
0.16458230
0.15845739
0.15406966
0.16134238
0.15995649
0.17058449
0.14974045
0.17678822
0.17673337
0.16241488
0.17262767
0.18059306
0.18971873
0.18581608
0.18013871
0.19308617
0.19018144
0.19808824
0.15493219
0.23747240
0.15761730
0.17382452
0.17339315
0.19606322
0.17374202
0.18730023
0.16024109
0.17805272
0.16481027
0.16765036
0.18210173
0.16824849
0.18834634
0.20194938
0.14037706
0.19421511
0.17859359
0.18279949
0.14955184
0.16276583
0.18992031
0.15767150
0.17038631
0.15744902
0.20427591
0.19495942
0.17911401
0.16519723
0.15130341
0.19186060
0.14553323
0.18461119
0.16292545
0.17606649
0.21418733
0.14139083
0.17248039
0.17279261
0.17602646
0.18320286
0.16132931
0.17449412
0.19348082
0.18696215
0.17202999
0.14309285
0.18181289
0.19430472
0.15447080
0.15941092
0.18498713
0.14857159
0.17297152
0.19054689
0.19673350
0.17956524
0.18638636
0.22473172
0.16562836
0.16515145
0.18572432
0.15969118
0.18854314
0.16633774
0.17606404
0.18332458
0.18171117
0.19273450
0.16473912
0.16182895
0.16576408
0.19090452
0.18158996
0.14985308
0.17745258
0.17028268
0.18447507
0.18926582
0.16716597
0.19182228
0.16612988
0.17570580
0.17987898
0.17229772
0.17518070
0.15935437
0.17572900
0.22403947
0.16116150
0.20345443
0.16529585
0.20055189
0.18417530
0.17952634
0.15794388
0.15058633
0.18287045
0.17837897
0.16116215
0.16764126
0.14900313
0.16098931
0.14906232
0.17933761
0.20189457
0.15802193
0.18799983
0.18787631
0.18932618
0.15717107
0.20118250
0.16294459
0.17272994
0.20132415
0.13895927
0.17540391
0.19444327
0.16291216
0.17264441
0.18503468
0.15054171
0.16466246
0.19322255
0.17494098
0.17695049
0.16882706
0.15558557
0.18155525
0.18884905
0.15474186
0.16912620
0.17719184
0.17563513
0.16120108
0.19494760
0.18313717
0.15327217
0.17354458
0.15784100
0.20114327
0.18282702
0.16480694
0.17661623
0.16033778
0.18451456
0.19521476
0.15619619
0.17785814
0.17199127
0.19083671
0.19466227
0.16069205
0.18195473
0.17875871
0.18350835
0.17963237
0.18944785
0.20700471
0.16541937
0.15823555
0.19782924
0.17817435
0.20145221
0.18112495
0.20760400
0.16708676
0.15264114
0.17444079
0.18222818
0.16659247
0.18849392
0.16429762
0.13532627
0.17429389
0.19368418
0.15941543
0.18267898
0.16936211
0.19373636
0.17347047
0.16666159
0.18251570
0.19931980
0.20059483
0.15921011
0.16964154
0.17824572
0.16316463
0.16852980
0.17392398
0.15267901
0.17864534
0.17652579
0.17158711
0.17936349
0.17067336
0.17203378
0.17644709
0.17595331
0.16482457
0.17996515
0.18733295
0.17912982
0.20310713
0.19429667
0.16569804
0.16027236
0.20286017
0.15942880
0.17881248
0.16086894
0.17068077
0.19941937
0.19759599
0.20074611
0.17309213
0.16246609
0.20334642
0.16039058
0.19587632
0.15913576
0.17844894
0.18381355
0.19110771
0.15715613
0.21110742
0.17405585
0.18322749
0.17743304
0.18402182
0.16415884
0.18463965
0.18121867
0.18890167
0.17033541
0.18276504
0.18916629
0.20870181
0.19350831
0.19277241
0.18114005
0.19670652
0.17909349
0.17078471
0.18275261
0.15648973
0.17851134
0.16168611
0.19996080
0.19487042
0.17702160
0.16883752
0.17632476
0.19781309
0.18615941
0.18053973
0.17852192
0.17293086
0.16900509
0.18026599
0.17080228
0.20715584
0.17936974
0.17690974
0.16701259
0.19610066
0.17743161
0.15082546
0.18686869
0.19808384
0.18974750
0.17226306
0.16263539
0.15539466
0.21969003
0.16530586
0.14040571
0.16228526
0.18116155
0.16422758
0.17696515
0.16209798
0.15986501
0.16314741
0.15663004
0.16908523
0.19917654
0.19306440
0.15844350
0.17616502
0.19751922
0.18606691
0.17536844
0.18925102
0.21887968
0.17013455
0.16826275
0.21483425
0.16935563
0.17730384
0.17948958
0.20703410
0.18911077
0.17282608
0.17773147
0.22410592
0.21281827
0.16591521
0.16021848
0.20263434
0.18065094
0.16132610
0.13438395
0.17987928
0.17098650
0.18580264
0.17067112
0.20204134
0.19161142
0.20595753
0.20404589
0.17388616
0.14682438
0.16948053
0.16612449
0.19523423
0.16389662
0.19579642
0.22169605
0.18122675
0.16242811
0.19891955
0.20948427
0.16474829
0.18576310
0.16256099
0.20814305
0.18219747
0.17849411
0.16831238
0.17267785
0.20595389
0.18999529
0.16085516
0.14564389
0.17797721
0.15160736
0.14964876
0.17056861
0.17462727
0.14039328
0.19911077
0.16812160
0.22437407
0.20303520
0.20165107
0.18349440
0.21593396
0.18741861
0.17788954
0.18863701
0.17365097
0.16930451
0.16143457
0.18203865
0.18517958
0.23836057
0.18437367
0.16798853
0.21121168
0.21405868
0.17697389
0.18866304
0.18379624
0.16507205
0.16471307
0.17422334
0.20794141
0.15762600
0.20008224
0.15564379
0.16948534
0.23541740
0.16942714
0.18258908
0.18101421
0.18970122
0.21719640
0.15691017
0.16945871
0.23519138
0.17578579
0.16420131
0.20779402
0.17070107
0.19151073
0.14037247
0.21121888
0.14294090
0.15863026
0.14081814
0.20502543
0.19358651
0.19714285
0.20514195
0.18107275
0.16791798
0.18015010
0.19054550
0.20292530
0.16899071
0.22439940
0.15656089
0.14939542
0.20543497
0.17070937
0.18369497
0.16697219
0.15253507
0.16541658
0.14901929
0.15075500
0.17611132
0.19815422
0.21987546
0.15762576
0.17736087
0.16732071
0.16847098
0.18888969
0.18489857
0.17462165
0.21931632
0.18438551
0.20027102
0.19458932
0.18079579
0.17472956
0.15384684
0.21823853
0.17594276
0.17559501
0.14999337
0.19337336
0.20352234
0.16681464
0.21861534
0.14341138
0.20296226
0.18344658
0.16449621
0.19034657
0.15350272
0.17639402
0.14467765
0.19919297
0.17496292
0.18281073
0.16771728
0.17643796
0.14374995
0.15596264
0.18693776
0.18567190
0.18943244
0.16771376
0.19947292
0.17117490
0.18487482
0.17686518
0.15777305
0.20721416
0.17091201
0.15998554
0.17116244
0.19620562
0.19548021
0.17095909
0.21595113
0.19749929
0.15577203
0.18763519
0.19469507
0.19060834
0.16869440
0.16785526
0.18350481
0.18428644
0.17206518
0.16361584
0.14898743
0.18259532
0.19135737
0.15164337
0.16658856
0.14799385
0.16902624
0.17480741
0.16803701
0.20401588
0.17980437
0.13867149
0.18247914
0.19007625
0.17845058
0.16674055
0.19705425
0.20228353
0.15458782
0.16990572
0.19352810
0.16629030
0.19002344
0.15587613
0.19104044
0.19431294
0.18037400
0.16734687
0.19678300
0.18094539
0.17973476
0.22223885
0.19906618
0.20778244
0.17691038
0.17765779
0.16815059
0.17340359
0.21719228
0.17726009
0.19147338
0.17317363
0.19892104
0.17892127
0.13289353
0.22610635
0.19986453
0.17959481
0.16836167
0.16616152
0.17430426
0.16889003
0.15324571
0.16228968
0.15532017
0.16058259
0.17122456
0.18140629
0.14917583
0.17525163
0.18566650
0.18973395
0.20165554
0.16701702
0.14933308
0.18501168
0.20892308
0.15188308
0.21042319
0.21840680
0.16133068
0.16991195
0.16984626
0.14481174
0.18727950
0.17972265
0.17383274
0.16613913
0.16463340
0.16441226
0.21147805
0.16675594
0.19112630
0.13303198
0.16521566
0.21698380
0.18111227
0.14994304
0.21308051
0.14772661
0.17769693
0.18001252
0.15352811
0.19032472
0.19405834
0.17571522
0.17674694
0.15023469
0.20641168
0.17663040
0.14941422
0.18962569
0.17015258
0.15360893
0.14982846
0.16106755
0.17391839
0.17898648
0.16330702
0.17495549
0.17467711
0.15704583
0.14328101
0.16195807
0.21172702
0.22038582
0.17601361
0.19920006
0.17371211
0.16899413
0.17633905
0.16785678
0.14933660
0.18953518
0.17283036
0.16832852
0.18111325
0.18209705
0.18305012
0.19262697
0.17392223
0.20264156
0.16084272
0.22346767
0.19149995
0.16253262
0.16688895
0.18982728
0.19184203
0.16172549
0.18845914
0.16414130
0.18080918
0.18935989
0.17606966
0.16381111
0.18358372
0.15855197
0.19425675
0.18136783
0.16309445
0.20082841
0.20703432
0.17173969
0.20027949
0.19945562
0.16456670
0.18326266
0.19475192
0.17677564
0.13476475
0.18267961
0.15769998
0.17610880
0.17701765
0.20657354
0.18239068
0.16266568
0.19551285
0.18613564
0.15268594
0.19216397
0.16193502
0.20481585
0.19843830
0.17351843
0.19752217
0.15311678
0.18269631
0.19050695
0.18891985
0.17773451
0.17374877
0.17904022
0.20839809
0.19818388
0.17931826
0.22542961
0.17550179
0.17410334
0.18236831
0.16489541
0.15225172
0.14242601
0.15717109
0.17676995
0.18719612
0.14892838
0.17493183
0.18306515
0.16307192
0.20377409
0.18177892
0.16986965
0.17536654
0.15901766
0.18888124
0.17012971
0.16172226
0.21389497
0.17442269
0.19548449
0.21342238
0.17924400
0.20532344
0.17905578
0.23949680
0.19302734
0.16212979
0.17020342
0.18004167
0.13482793
0.15219026
0.20426620
0.18892944
0.20405941
0.19248957
0.17297595
0.19988373
0.17967108
0.18170205
0.13406180
0.15751566
0.15788550
0.19830443
0.20214510
0.19742532
0.15991849
0.18031144
0.16128129
0.21279207
0.18276745
0.19532356
0.19661103
0.19839412
0.20173754
0.16940769
0.16183735
0.16940213
0.19247842
0.16796334
0.22981428
0.17079247
0.17700072
0.16835007
0.21032217
0.17656971
0.17628116
0.14303152
0.19311350
0.18056045
0.17405318
0.13248745
0.17776942
0.16398765
0.17745792
0.21423099
0.21707850
0.16684118
0.15150953
0.20838738
0.14314590
0.17160000
0.17748311
0.16455804
0.16939873
0.18429665
0.20251047
0.15578919
0.16304466
0.19234724
0.14414529
0.19405677
0.18338605
0.15736419
0.17559277
0.16687445
0.15394232
0.15287044
0.19366940
0.17346452
0.17267674
0.18715629
0.16773359
0.17169121
0.20793341
0.16780274
0.16996609
0.16618333
0.18145447
0.20949822
0.15140089
0.16799982
0.20134403
0.20058801
0.15425305
0.16709396
0.16569994
0.17274972
0.17843043
0.17432898
0.17779171
0.17084862
0.16645805
0.16539604
0.17968924
0.21052146
0.19255804
0.17436988
0.17230922
0.15607162
0.20761241
0.19645616
0.16685514
0.18063681
0.18926929
0.23523159
0.18078598
0.22968405
0.17401061
0.17240389
0.17423261
0.18894276
0.17552329
0.19381035
0.17163957
0.23011412
0.18542601
0.22002891
0.17549803
0.16959628
0.21179875
0.14948277
0.18043666
0.15994541
0.16837786
0.17565821
0.17528329
0.23232486
0.15831478
0.15589209
0.19877621
0.15703674
0.21007027
0.17526714
0.19475647
0.16083747
0.20195853
0.17332935
0.17214811
0.17715760
0.17196810
0.17898524
0.16063349
0.15966120
0.16701445
0.17067904
0.22670725
0.20663763
0.16968800
0.15167830
0.21250619
0.19496041
0.17250917
0.18811428
0.18680341
0.18719862
0.18195682
0.16060025
0.22236634
0.16169230
0.14767013
0.23031404
0.15630802
0.20990546
0.16504532
0.15407682
0.18754982
0.17641190
0.16824105
0.15295913
0.15759891
0.15912874
0.16726899
0.18877221
0.18700559
0.17462511
0.22602820
0.20433045
0.21577785
0.14794357
0.21851102
0.15327110
0.17086554
0.18602779
0.17118260
0.18600444
0.21410413
0.16192006
0.18695242
0.21348796
0.17364973
0.20419896
0.16645292
0.16908603
0.17588160
0.21183974
0.18493452
0.16168127
0.16801745
0.14629717
0.20091480
0.17266899
0.18051866
0.16944391
0.14653741
0.20382574
0.19490906
0.17421469
0.17725337
0.18409016
0.17682548
0.14753173
0.18049074
0.18453073
0.17552444
0.19288580
0.19730493
0.13917954
0.15926899
0.19072376
0.16617626
0.15936327
0.18040145
0.12992468
0.17863279
0.20564833
0.21026662
0.18995153
0.18580036
0.16030918
0.15592110
0.17051177
0.20235644
0.14227362
0.16288913
0.17376039
0.18192418
0.18781733
0.19265843
0.20205368
0.18350280
0.15724983
0.16651291
0.16243820
0.18717994
0.21088973
0.14508018
0.15601815
0.17211337
0.19348519
0.18122749
0.16901729
0.15331921
0.20895031
0.18319214
0.17444052
0.21131330
0.15035635
0.17550102
0.18957799
0.21697791
0.15845706
0.16975601
0.18707747
0.17343553
0.17085192
0.16713061
0.16613585
0.20185097
0.16896740
0.18891876
0.17601572
0.17972185
0.20094913
0.16761206
0.17099867
0.19897019
0.15251094
0.18817380
0.15364795
0.17276322
0.18368569
0.17265145
0.20865171
0.19885938
0.15529572
0.18601732
0.16078785
0.20626750
0.18162607
0.17957717
0.17637050
0.15568109
0.16996878
0.20477038
0.18544247
0.16238936
0.14569982
0.16967960
0.15990209
0.14788946
0.16476575
0.14717978
0.18371499
0.16378661
0.21915950
0.22316491
0.20119374
0.21609046
0.16293308
0.18057124
0.13447569
0.17446515
0.17791014
0.19417415
0.17493137
0.19524440
0.21368395
0.18608117
0.20417049
0.16974278
0.15909244
0.12794912
0.19792237
0.17757892
0.16560714
0.14845774
0.18864950
0.16317411
0.20072813
0.16590194
0.18222203
0.17862130
0.15769769
0.14661617
0.16404978
0.16094650
0.20668881
0.20302564
0.20447173
0.17689250
0.19011174
0.16461818
0.18875221
0.19070925
0.20801599
0.15843756
0.17670474
0.18066405
0.17947495
0.19083011
0.18591263
0.14230597
0.16170594
0.17879739
0.16935774
0.16400378
0.17190237
0.17476222
0.16575675
0.19852972
0.16869324
0.14241561
0.21719571
0.17676158
0.16383783
0.16187417
0.17340546
0.16730875
0.14152483
0.16489836
0.18659182
0.18854350
0.17572973
0.14996285
0.17320475
0.18436995
0.17622314
0.17273036
0.19432141
0.16615163
0.19861730
0.14857609
0.15646409
0.18516303
0.18908844
0.18644839
0.17790007
0.18198855
0.20890474
0.17785774
0.14622621
0.16578550
0.21819552
0.20888983
0.18179205
0.18224670
0.17581848
0.14539439
0.19818500
0.17351357
0.18320488
0.14859049
0.18989042
0.14482551
0.16064249
0.18431104
0.15960461
0.17394955
0.22907914
0.19150400
0.14247884
0.17288013
0.16668204
0.19194000
0.18210596
0.16685767
0.17624332
0.14331787
0.17692613
0.19174916
0.16848695
0.17504807
0.15533347
0.16941949
0.17924350
0.19658036
0.18559496
0.17457103
0.17829489
0.18552409
0.16889989
0.15298407
0.18511814
0.17040085
0.17719876
0.16446415
0.20247378
0.15308165
0.16060476
0.16549093
0.20922351
0.17691100
0.17069247
0.18004345
0.17217862
0.23469121
0.16892206
0.19084003
0.17330944
0.13609147
0.20893572
0.20255404
0.18695133
0.18567533
0.16404938
0.19601712
0.17916809
0.16684129
0.14743316
0.18868809
0.15787291
0.17975222
0.18916834
0.19356853
0.16270757
0.19320818
0.15422745
0.16906893
0.19078588
0.16398001
0.17330780
0.20253334
0.19682810
0.17444744
0.18732925
0.22811953
0.19631348
0.16518477
0.20462611
0.18160779
0.20414613
0.14366667
0.20288178
0.21646210
0.18651857
0.20005727
0.18522448
0.17535277
0.18319266
0.16599825
0.20072893
0.19083487
0.17683451
0.21009288
0.19252302
0.18802920
0.18048697
0.16829303
0.19196767
0.20003474
0.18362201
0.15363626
0.16222900
0.14863461
0.14617081
0.19575615
0.17738616
0.16384389
0.18568967
0.16667560
0.13233676
0.18792292
0.17421292
0.19756560
0.15315548
0.16930725
0.24014748
0.18756129
0.18686848
0.16649288
0.18216240
0.16344523
0.18740286
0.17329828
0.18373029
0.19242792
0.18235633
0.18714798
0.18946677
0.16442340
0.19899109
0.15396878
0.18618083
0.15952535
0.16909776
0.21181048
0.16934106
0.18889910
0.19459780
0.18006560
0.20699494
0.21940216
0.18620532
0.16487760
0.16276451
0.15059183
0.15486148
0.14470656
0.16006409
0.14822542
0.17995326
0.16867987
0.16163637
0.17374909
0.18404379
0.18481255
0.15124671
0.18730401
0.18439954
0.15255494
0.15797727
0.20268508
0.16798899
0.19461164
0.16437492
0.19383584
0.20184511
0.20789893
0.20147555
0.17611799
0.18113468
0.21804884
0.15053460
0.17522487
0.19871332
0.15999887
0.23243377
0.20205099
0.17862452
0.16879076
0.18922848
0.18632285
0.19012718
0.19992915
0.15607845
0.15313494
0.17560822
0.15221334
0.14834478
0.18218123
0.17636935
0.17987447
0.18512369
0.19210754
0.16730150
0.16338273
0.16179126
0.17875269
0.18185421
0.16843999
0.20721001
0.17959452
0.15520663
0.15458380
0.19274834
0.17919495
0.19179625
0.16206630
0.17967289
0.17792503
0.16437998
0.18292529
0.15158494
0.17302651
0.17650961
0.15713482
0.17244240
0.17699718
0.16256443
0.16247419
0.19316202
0.16452338
0.15314566
0.16268239
0.21474709
0.16669130
0.16980898
0.18432928
0.17670556
0.20932263
0.16699774
0.14519164
0.18907192
0.18311093
0.20985081
0.17424415
0.17391683
0.18424767
0.14656280
0.17896094
0.15650405
0.19518044
0.14633234
0.17695661
0.16570661
0.18512601
0.18909302
0.16933689
0.18859623
0.16367164
0.18443237
0.17825429
0.21257487
0.22136609
0.18671954
0.17728522
0.16756840
0.18647885
0.19401290
0.16057349
0.15830154
0.18383036
0.16479980
0.15703912
0.18962821
0.17744785
0.20903904
0.15844141
0.22351344
0.17469022
0.20125852
0.18606943
0.16969998
0.15526458
0.16884084
0.16913967
0.16191548
0.16657409
0.22900212
0.18968130
0.16231412
0.17439471
0.18763727
0.16972772
0.15008240
0.18904837
0.16246171
0.17218434
0.15773483
0.17439539
0.16841602
0.17141775
0.19839366
0.18853818
0.18082563
0.15601042
0.19117001
0.19986342
0.15109503
0.18481863
0.17592255
0.17695308
0.19131623
0.18205536
0.17764034
0.18374292
0.19134196
0.16374807
0.18899313
0.17631810
0.16434142
0.17669944
0.19686350
0.21934680
0.20688537
0.18050555
0.19127517
0.20697947
0.17858379
0.15569280
0.17478269
0.15520642
0.16369952
0.20756473
0.19865064
0.16011631
0.19279290
0.16650546
0.15084661
0.16192745
0.15084390
0.14306337
0.15548235
0.15621071
0.21492774
0.15825809
0.18906759
0.17321995
0.19577496
0.24117678
0.17408364
0.16742266
0.16510142
0.21486844
0.18962637
0.16958204
0.14934933
0.20045363
0.16933365
0.15607244
0.16763440
0.17185382
0.19117332
0.17238116
0.13718360
0.15816678
0.16263029
0.17009921
0.16611029
0.19162692
0.15301755
0.18265906
0.17714476
0.13500382
0.16057893
0.17052854
0.16649053
0.15966082
0.19431063
0.17545761
0.16628253
0.18028044
0.15197069
0.17374099
0.17989312
0.21078763
0.20896216
0.18677783
0.23371788
0.19080067
0.20420194
0.17547183
0.21287537
0.18573676
0.13879308
0.17828635
0.16540633
0.16371273
0.20028255
0.16551423
0.18207030
0.18712209
0.19917481
0.19384761
0.13883418
0.17147872
0.18119214
0.18577918
0.16390567
0.16888955
0.15135422
0.18566528
0.18139540
0.19847824
0.18463616
0.19643521
0.19945533
0.23129118
0.15033164
0.19611884
0.17944871
0.15462886
0.17320307
0.17508392
0.18487422
0.16254289
0.15105093
0.17343227
0.17417925
0.17993036
0.15113251
0.17992473
0.20526219
0.14029132
0.16422819
0.20471596
0.20295193
0.19387702
0.16901976
0.18547244
0.17500284
0.13586807
0.17759004
0.13997924
0.17974096
0.19038523
0.18835811
0.19935072
0.15928770
0.17985404
0.22255608
0.20440505
0.15731024
0.20716594
0.18644957
0.19125375
0.17721931
0.19832198
0.24140883
0.17066904
0.16799657
0.14586620
0.16170077
0.14557589
0.20191056
0.19029271
0.15764334
0.14331884
0.19108216
0.17750517
0.20484268
0.19891729
0.19647611
0.17722013
0.19052387
0.17019221
0.18016195
0.18131495
0.14916805
0.18616065
0.21735661
0.16181667
0.17781368
0.17872890
0.17413796
0.19141896
0.18836962
0.19237390
0.17854220
0.18110630
0.17813914
0.17335876
0.20465229
0.17481409
0.16873059
0.14569179
0.15705129
0.18833847
0.17239572
0.17945075
0.18232581
0.18732433
0.16165417
0.18855260
0.23325601
0.16616378
0.19857397
0.16541819
0.18420576
0.18117797
0.17107610
0.17237142
0.16523713
0.17975151
0.16446577
0.14720432
0.15702830
0.15967780
0.15612873
0.18304400
0.18587076
0.14589209
0.14131060
0.16532105
0.16676164
0.15429917
0.15719488
0.16824728
0.16175177
0.16075085
0.13408283
0.16392460
0.16416195
0.21043781
0.20249824
0.21264985
0.19488822
0.20442424
0.17977406
0.16930252
0.17291112
0.14595867
0.17895474
0.18128427
0.17138583
0.17967924
0.18265784
0.19788974
0.15634067
0.18473859
0.17827365
0.16346254
0.19978581
0.16512815
0.16043467
0.20498144
0.19579141
0.19246596
0.16502188
0.17747265
0.18473236
0.14859634
0.16284126
0.18722118
0.17886120
0.18649680
0.22794793
0.16112105
0.17098808
0.18705804
0.18444110
0.15208259
0.18595304
0.21216779
0.20092803
0.18002998
0.18398409
0.17703375
0.16640211
0.15349405
0.17473141
0.18390017
0.17428536
0.16460458
0.17599634
0.19508598
0.17669463
0.20041984
0.17648814
0.16434789
0.17488108
0.18479403
0.16781691
0.24998102
0.16784212
0.17864670
0.16883171
0.16219060
0.18185864
0.19761504
0.14619215
0.18206038
0.15268139
0.21319893
0.19247314
0.15337044
0.15293505
0.17676568
0.18301292
0.18268162
0.15816379
0.21975312
0.15551209
0.18185704
0.19516622
0.14503399
0.16070332
0.17019095
0.19768740
0.15214260
0.16235147
0.21309959
0.16965968
0.18688872
0.17614566
0.15674460
0.16548899
0.14808159
0.17967994
0.20381496
0.16702002
0.16087647
0.18343324
0.24500261
0.18686049
0.20294604
0.18881265
0.14909092
0.17488681
0.17521643
0.16888695
0.16886393
0.15640264
0.16767427
0.23254182
0.17201682
0.17996420
0.16023552
0.16880313
0.17729253
0.16486329
0.18361632
0.18898924
0.18543145
0.16733114
0.16156445
0.15675723
0.16570626
0.16602071
0.16846716
0.17907098
0.18131101
0.21024888
0.18663990
0.18709761
0.20310082
0.15987633
0.15722428
0.14381652
0.18368671
0.17274076
0.22102593
0.17427740
0.18054407
0.18771363
0.21463593
0.16145128
0.17168636
0.19391838
0.16951375
0.16493671
0.17113948
0.16412234
0.16867559
0.16227953
0.19740581
0.17009402
0.20459733
0.15732986
0.17910206
0.17481687
0.18050623
0.14817415
0.21655146
0.20036854
0.15977995
0.16425643
0.16015063
0.15490143
0.17419512
0.17089218
0.23068495
0.18240953
0.15198720
0.19028431
0.17311242
0.20473601
0.15384025
0.13739796
0.16850033
0.17776125
0.19455024
0.13574113
0.16598708
0.18801410
0.15958425
0.16895446
0.16274950
0.19326876
0.18670753
0.14132975
0.17775408
0.16886816
0.24160868
0.18101986
0.17355048
0.15535814
0.18160436
0.19912950
0.19700408
0.15715718
0.21459180
0.20718097
0.19628213
0.17202015
0.18970957
0.19841707
0.17413023
0.17568763
0.19141865
0.16315135
0.17738542
0.16925363
0.21737530
0.20285595
0.18107006
0.15808872
0.18663053
0.19925817
0.19563534
0.16368339
0.16108257
0.16944654
0.16262399
0.16854952
0.19545924
0.17862943
0.14569833
0.22118790
0.16223925
0.19835556
0.18122976
0.18445616
0.20226272
0.19348361
0.15769539
0.14025194
0.17592875
0.20030555
0.17693872
0.17104830
0.15880142
0.16193611
0.15935943
0.18772333
0.18390609
0.16342539
0.17222057
0.18564611
0.17365743
0.19725726
0.16697341
0.19389734
0.15726610
0.20727023
0.15253987
0.17616240
0.18078409
0.16219281
0.15973288
0.16609645
0.15520895
0.15884854
0.16665692
0.21988761
0.17042750
0.16701862
0.17838330
0.19181600
0.18628568
0.19891906
0.19576946
0.17998846
0.16886737
0.20183341
0.18523166
0.17258448
0.17595699
0.17567354
0.19617373
0.19032689
0.18196466
0.18242840
0.20508853
0.17740329
0.16951567
0.16992931
0.18402858
0.15896524
0.13234545
0.15176178
0.19184529
0.16080459
0.16091787
0.19646508
0.17927259
0.19376129
0.14107089
0.18273492
0.16156459
0.18947025
0.19536242
0.17300579
0.18580493
0.19736873
0.16728526
0.19702618
0.20886633
0.23734499
0.19258604
0.15857581
0.20880388
0.18234180
0.21282814
0.20432002
0.16211771
0.16438336
0.17605812
0.14837374
0.19698652
0.16490956
0.17857737
0.15395392
0.17184234
0.17128164
0.23324854
0.18791047
0.13775097
0.17588267
0.16699873
0.18166377
0.17469393
0.22303723
0.16514395
0.16903214
0.16231740
0.16830474
0.17965043
0.15134285
0.18936006
0.17683063
0.17969224
0.19921456
0.15803533
0.19892201
0.18570915
0.17490467
0.21716969
0.17559984
0.15496449
0.20401251
0.15863853
0.18742946
0.16511515
0.16331425
0.17028149
0.23384143
0.18473599
0.17469467
0.18630205
0.16730957
0.19266167
0.18738603
0.17701439
0.16663639
0.18094422
0.19171898
0.19614924
0.19909722
0.22029029
0.18542218
0.17390565
0.18266906
0.18013435
0.18137144
0.20280791
0.16208482
0.18652725
0.18036628
0.15827296
0.16742788
0.20400837
0.17837478
0.17506507
0.18186299
0.18511436
0.17151610
0.17604457
0.16930793
0.14613747
0.17685944
0.21375220
0.18010124
0.20025821
0.18146474
0.14919289
0.19211999
0.16236865
0.18321018
0.18643970
0.17433176
0.14911974
0.17653106
0.16212454
0.17239635
0.16018049
0.17794020
0.16067318
0.18762650
0.16205102
0.15297732
0.17902080
0.16049877
0.17856244
0.20156430
0.14941867
0.17136462
0.15759099
0.16652083
0.17453995
0.15144331
0.18039355
0.20332381
0.18857005
0.19865162
0.21266832
0.17004975
0.19286926
0.23589222
0.19296393
0.14833830
0.18393281
0.17615082
0.21168414
0.16420062
0.13700448
0.18687880
0.14344854
0.17858411
0.16281299
0.16617668
0.16524599
0.18528113
0.17172240
0.16139501
0.17743511
0.20301918
0.16487837
0.16650275
0.16492682
0.19147310
0.16230951
0.15754438
0.18048045
0.15651763
0.19349622
0.18859680
0.20060578
0.18015168
0.18120925
0.16353292
0.15096462
0.15839379
0.16990829
0.21545895
0.17507941
0.17229220
0.19803080
0.19460085
0.19141245
0.18161034
0.16780320
0.17406734
0.16820362
0.17821483
0.17380540
0.15732469
0.18149497
0.17369905
0.17536042
0.18396668
0.16773339
0.15717376
0.16353873
0.16660983
0.18152638
0.18741725
0.15708561
0.18062858
0.16579562
0.16326121
0.20535147
0.18097703
0.18056755
0.15260317
0.18266421
0.17189029
0.19938282
0.14791636
0.19995117
0.18052731
0.15275764
0.20563159
0.17413876
0.18154409
0.19797163
0.14887125
0.20197105
0.16842892
0.19512922
0.21043573
0.15561881
0.22572298
0.20621810
0.20412188
0.19096037
0.15423133
0.16204865
0.17720513
0.17385166
0.20348807
0.18820075
0.16579197
0.17066003
0.19820947
0.16329870
0.19476130
0.15079022
0.16454202
0.16561266
0.19175814
0.16456856
0.15535875
0.16877770
0.19305677
0.20472064
0.18574254
0.16635672
0.20411200
0.17246787
0.21220247
0.15520534
0.16604636
0.18096349
0.17636252
0.15612560
0.19014585
0.17766413
0.16777082
0.15261524
0.17637553
0.16377659
0.15856088
0.22061134
0.16966768
0.19820323
0.16966773
0.14121571
0.17217320
0.17031744
0.17879607
0.18540841
0.20596944
0.17500341
0.20410173
0.15018030
0.17949983
0.18679046
0.17210930
0.17199400
0.20016052
0.17587997
0.15631141
0.22165588
0.17842909
0.16465265
0.18164497
0.18245203
0.17260447
0.18503830
0.19430267
0.19895201
0.18395174
0.17467458
0.15709992
0.17108316
0.17284640
0.18967255
0.17274075
0.15938465
0.19665753
0.19621442
0.18754940
0.14717691
0.17833761
0.16401838
0.19507343
0.16984145
0.18819649
0.16167944
0.14969998
0.15888293
0.14931785
0.15875228
0.19044502
0.17249799
0.17207892
0.15725177
0.16097409
0.15033853
0.15206251
0.17695938
0.18011564
0.17248485
0.18026732
0.16671355
0.14267164
0.17139879
0.18521600
0.16658662
0.18790144
0.21424290
0.18916992
0.17721599
0.15991243
0.17947293
0.16410000
0.19277934
0.14606486
0.17340489
0.14759175
0.16909933
0.16273514
0.17590854
0.19708018
0.14919243
0.17810018
0.19342363
0.16577430
0.16633426
0.20179292
0.16456195
0.16120651
0.17454311
0.20131844
0.19573619
0.17009670
0.14210879
0.14876821
0.18218455
0.19268234
0.18111615
0.17180875
0.17487435
0.19882049
0.17208672
0.17904163
0.20732866
0.18040934
0.19231369
0.19177233
0.16792120
0.20170517
0.23045495
0.18226072
0.16895091
0.18365499
0.18704113
0.16317075
0.17589680
0.17515560
0.19057927
0.18006998
0.18809584
0.16511656
0.16935213
0.17265012
0.17370647
0.17878246
0.20769817
0.15074127
0.14898945
0.16947538
0.15290873
0.18666374
0.19050734
0.18421954
0.18434989
0.16316106
0.22829334
0.18356161
0.16301544
0.16546154
0.16145851
0.18632488
0.15787974
0.14639226
0.22169435
0.18911253
0.17921217
0.17301079
0.16468626
0.16198650
0.21596468
0.16069521
0.18796525
0.16699157
0.19274931
0.14028144
0.19140780
0.15553700
0.21120289
0.15887585
0.19499432
0.18689488
0.18271990
0.17692511
0.18652207
0.17387355
0.22876133
0.17390467
0.18056860
0.15576264
0.16658609
0.22142825
0.17376445
0.15840964
0.15917846
0.18303515
0.19167760
0.17557415
0.16618935
0.14965118
0.20662121
0.16292248
0.16481319
0.17604200
0.21800290
0.15732443
0.19713221
0.16423647
0.20753106
0.22171638
0.16486939
0.16612176
0.15680922
0.15643949
0.17006264
0.17557091
0.20437653
0.18455633
0.15972908
0.21168105
0.15994935
0.17466887
0.17539498
0.16667704
0.15768277
0.20080930
0.18746240
0.19307762
0.20461154
0.18827317
0.20768073
0.23644622
0.16360643
0.15688657
0.18096770
0.16693466
0.15323042
0.17137330
0.18516653
0.20925046
0.21426754
0.17339093
0.18413215
0.16523645
0.18292663
0.16274405
0.17332533
0.21700107
0.17039383
0.19063628
0.17018168
0.16883283
0.16834448
0.15605408
0.16874994
0.18456557
0.13986750
0.17698567
0.15487475
0.14407388
0.22380447
0.15703636
0.15866465
0.22433663
0.18098341
0.21442955
0.17736669
0.17974141
0.19565580
0.17741780
0.16985398
0.17256439
0.16845696
0.16058609
0.16010793
0.17842915
0.16367406
0.19945057
0.17194255
0.18870256
0.16923813
0.20519580
0.16374137
0.16734457
0.19749821
0.19140249
0.17741684
0.17122744
0.18816535
0.15931086
0.16756127
0.19550221
0.15495604
0.17905445
0.15131256
0.17599751
0.15360182
0.20767716
0.18401488
0.22839424
0.19007659
0.15627980
0.17542517
0.17856894
0.17103414
0.18172183
0.16156479
0.18716531
0.18456624
0.19021734
0.16829994
0.15431457
0.15428852
0.18572676
0.20314150
0.17270067
0.17108944
0.20259008
0.18159795
0.17342742
0.20261538
0.18645334
0.16033323
0.18363840
0.18803438
0.14458715
0.16081148
0.16445790
0.16821531
0.22498227
0.18847103
0.18161267
0.17653878
0.16828317
0.19085290
0.15276192
0.18497075
0.19701985
0.19914936
0.19244423
0.16495555
0.16455236
0.18152574
0.22144511
0.18139634
0.15773971
0.15608249
0.19419811
0.15836047
0.17833237
0.13769513
0.18645951
0.18354583
0.19652252
0.20221831
0.20179475
0.15908709
0.17951920
0.17847241
0.18318392
0.16867026
0.16543455
0.16294180
0.16349031
0.17890743
0.16815184
0.19965374
0.18196669
0.22032155
0.22111708
0.19992679
0.16926613
0.18280392
0.21130307
0.19815571
0.17701648
0.16071847
0.16575583
0.16254387
0.16456220
0.16327477
0.17586054
0.21043112
0.18628025
0.17693165
0.14252649
0.16577510
0.17123708
0.18191809
0.17130430
0.15140256
0.18728109
0.21606861
0.19149762
0.16914821
0.16723240
0.18632318
0.17160894
0.16187629
0.18108554
0.18277054
0.16889659
0.16176193
0.13879993
0.16980457
0.16846642
0.19975524
0.15281585
0.16301442
0.16987800
0.20032120
0.19932977
0.19106387
0.15849382
0.18082895
0.17039539
0.17737271
0.16474246
0.15356430
0.13766671
0.19050530
0.21011574
0.22994266
0.17464337
0.17617031
0.16130422
0.20405429
0.17080547
0.18398252
0.15668908
0.18637530
0.20135622
0.20372199
0.16887499
0.18697935
0.15404568
0.18084003
0.16967838
0.21783002
0.19931620
0.16195875
0.18482312
0.17873681
0.15676905
0.19352010
0.16755073
0.15025297
0.17660592
0.18989010
0.17381087
0.16218124
0.16419657
0.18394387
0.21783905
0.21493682
0.18149103
0.16577023
0.18511265
0.16791356
0.17149505
0.19714037
0.17185614
0.17550333
0.19050531
0.16411592
0.16556437
0.17177228
0.17486282
0.20908821
0.20072340
0.18955114
0.20236324
0.17956796
0.18325900
0.16573331
0.14935213
0.17830388
0.17675694
0.16511911
0.18128254
0.19935029
0.14448081
0.16310708
0.17291060
0.18479486
0.15384461
0.17491130
0.22100468
0.19636703
0.21831013
0.18872202
0.17120547
0.15540774
0.15439308
0.20819604
0.16461311
0.22922794
0.15922083
0.15663203
0.15940449
0.15654105
0.18324693
0.16699146
0.18376295
0.18479758
0.17040047
0.17046530
0.21169826
0.19334067
0.18234463
0.19017241
0.21236260
0.19336405
0.16247407
0.16195974
0.16595911
0.15435317
0.16828061
0.19599615
0.21024237
0.19772131
0.17827838
0.14635495
0.18466408
0.24800749
0.16642403
0.15222691
0.19183881
0.17397917
0.18757568
0.16394343
0.15041905
0.17940803
0.16771861
0.16090842
0.20856651
0.19495129
0.18111033
0.16015350
0.18825254
0.25058939
0.17469994
0.17097139
0.18963622
0.19194423
0.18296592
0.18415782
0.14900815
0.19906421
0.16943187
0.18884202
0.18197992
0.18249401
0.14152792
0.20339855
0.17595342
0.13754839
0.16784035
0.18576708
0.17337569
0.17824436
0.18632365
0.22193216
0.17612394
0.17837383
0.13260059
0.17101943
0.17283368
0.16547433
0.20126029
0.20279349
0.16024066
0.19368608
0.17346332
0.19700989
0.18885885
0.19053352
0.18910128
0.17185491
0.14527596
0.18766237
0.18863266
0.16193144
0.17796467
0.18105852
0.19531419
0.18458883
0.17711303
0.16540158
0.16228830
0.16656285
0.13576205
0.15829255
0.15744366
0.17809098
0.19847456
0.18740814
0.15529158
0.15135884
0.21242654
0.21154055
0.15377448
0.16683513
0.14934583
0.14942459
0.16177039
0.20576820
0.18103966
0.18946786
0.17576725
0.19030481
0.17232715
0.16385725
0.18410545
0.17388006
0.16341468
0.18125616
0.15877841
0.15509177
0.19092979
0.17591777
0.17820966
0.18499253
0.17960127
0.21295267
0.16591654
0.18752050
0.15034985
0.20633895
0.16825567
0.15495815
0.18149262
0.17685754
0.17142379
0.18935654
0.19350641
0.17055352
0.17771504
0.17887186
0.17620881
0.15935344
0.18626390
0.15834865
0.18053630
0.15815064
0.14764455
0.20044841
0.18317629
0.17252421
0.18095849
0.20194541
0.15186946
0.16025032
0.18910602
0.16348014
0.17101307
0.16933379
0.17542225
0.13479484
0.19164089
0.14462556
0.21570977
0.22312538
0.20857634
0.18992036
0.15819460
0.13795882
0.18762633
0.17060831
0.18171967
0.16378028
0.16274459
0.17680470
0.17097550
0.19230229
0.19819597
0.17358499
0.19009925
0.17729785
0.18477328
0.24783376
0.15765982
0.16710705
0.19961475
0.15464423
0.20427865
0.16530022
0.16909347
0.17496733
0.17380126
0.19023974
0.16185907
0.19075549
0.15384693
0.18059535
0.16136279
0.19244446
0.16661241
0.20036375
0.17954002
0.16052006
0.15952367
0.16926719
0.22047200
0.17816046
0.19073013
0.19779185
0.15427362
0.20459756
0.16857508
0.16536715
0.18453874
0.19501182
0.22338949
0.20343040
0.15349089
0.14969697
0.16074628
0.18067280
0.20968009
0.18494060
0.15658435
0.20112951
0.17178137
0.18949245
0.17750365
0.15270124
0.16092467
0.15078619
0.17604386
0.16361080
0.19941209
0.16121727
0.17173391
0.17626962
0.22000257
0.14810647
0.16341588
0.18605476
0.17769716
0.15068050
0.20253897
0.18536128
0.16062589
0.20062420
0.16977904
0.18341003
0.17135071
0.15198173
0.21061871
0.16614100
0.18077544
0.17951912
0.17390068
0.15810448
0.23423472
0.18029657
0.18455334
0.16576191
0.17923937
0.19383098
0.16409926
0.19884971
0.18232924
0.18904769
0.18037604
0.17957840
0.20798156
0.17493057
0.21490723
0.14504686
0.17927471
0.21394007
0.19307747
0.18593649
0.16201850
0.19033542
0.16585847
0.18583057
0.16863029
0.13478619
0.21619736
0.17759516
0.17702064
0.16532462
0.17357471
0.15466075
0.18291671
0.19010976
0.15716876
0.15934853
0.23197623
0.21662871
0.16276812
0.15967579
0.17055447
0.18598277
0.18349551
0.15989326
0.19814123
0.19323608
0.16244111
0.19806575
0.17843789
0.17854285
0.20153309
0.18695505
0.16281525
0.15342540
0.16725376
0.17160821
0.15151141
0.16747821
0.16435083
0.17917791
0.18283504
0.17042253
0.19028759
0.16625796
0.16293983
0.20221712
0.22438874
0.17792048
0.18375700
0.21315309
0.16540228
0.17789510
0.17889490
0.16478983
0.21481680
0.17527693
0.19376505
0.22064455
0.15885675
0.14657684
0.21955962
0.22133810
0.15911996
0.17787289
0.17022123
0.18848485
0.15650782
0.19371738
0.15285137
0.18478297
0.18101552
0.21218987
0.17831686
0.15665360
0.17919653
0.18058194
0.17927037
0.16098344
0.17921997
0.14378197
0.19476570
0.21090074
0.17931687
0.17345859
0.16340768
0.16520145
0.17891197
0.17016575
0.19525803
0.19240382
0.16024521
0.18484572
0.16004650
0.14750376
0.14029591
0.14911054
0.18594794
0.16626794
0.18951189
0.18252788
0.16824643
0.18721217
0.17183556
0.19385186
0.17484705
0.17425540
0.16393808
0.17757109
0.18596977
0.19408618
0.16414038
0.22191134
0.16091715
0.15407097
0.21594967
0.20864886
0.18637899
0.17012108
0.19170035
0.16100598
0.20155046
0.18988935
0.16005257
0.17572127
0.17014350
0.17977600
0.18826173
0.16256093
0.18493927
0.15623005
0.17220896
0.22200637
0.13980271
0.20046833
0.15755573
0.18027694
0.19334883
0.18612293
0.17223604
0.17555738
0.18375415
0.15569426
0.15878614
0.15800590
0.15956621
0.13762436
0.20575849
0.16710366
0.19035020
0.23503082
0.18447618
0.18080312
0.16552612
0.18741316
0.16298853
0.16739754
0.14519206
0.13044179
0.19049736
0.17566443
0.15888349
0.15506575
0.14365797
0.18128624
0.19841038
0.15681198
0.17360223
0.17653980
0.16937231
0.16187081
0.17918863
0.19511875
0.19497138
0.17581960
0.15709356
0.19822917
0.17003111
0.19099267
0.21148922
0.16162070
0.16053557
0.17144068
0.16697414
0.18909406
0.18858874
0.18110599
0.14870726
0.19916209
0.18669065
0.15507442
0.20836626
0.15582474
0.17265305
0.15969745
0.18111407
0.18456348
0.17225616
0.20958102
0.14408105
0.14872817
0.16980345
0.18519119
0.15971146
0.16853884
0.18584767
0.16056464
0.17774500
0.17850729
0.17227738
0.15756989
0.18509245
0.19571451
0.16163463
0.18473667
0.23675621
0.18613236
0.16107396
0.16423742
0.17255768
0.18572520
0.19279626
0.15593774
0.21174608
0.15418383
0.16478000
0.15840253
0.15756220
0.15425915
0.20470916
0.16500989
0.19834164
0.15279507
0.16128017
0.17483749
0.16046169
0.19409198
0.17469325
0.18951974
0.19712388
0.18421318
0.17869560
0.17704810
0.16056721
0.23089910
0.20311381
0.17242399
0.19032939
0.18953173
0.17017439
0.19447445
0.17554260
0.15585675
0.15262014
0.18306115
0.18510757
0.18483698
0.18564879
0.18851050
0.17903473
0.17402301
0.19878044
0.15536173
0.18691048
0.18211625
0.19174975
0.20848316
0.19849635
0.21255527
0.21717381
0.18922299
0.18350662
0.20297853
0.16487166
0.17308728
0.15393134
0.19546715
0.17412366
0.18324967
0.16680300
0.18838231
0.16126461
0.16467701
0.16784910
0.13828162
0.15792441
0.17022853
0.18550029
0.22292691
0.18834823
0.19651839
0.16996954
0.16602888
0.20860998
0.15163733
0.17392163
0.20078275
0.17261250
0.20842532
0.13836787
0.16946314
0.20219043
0.16581549
0.18552002
0.14633339
0.18544495
0.12306204
0.16892676
0.16305233
0.20973973
0.17408212
0.16054929
0.19055447
0.17788356
0.15823126
0.17487194
0.17777890
0.17717300
0.17274079
0.18775396
0.20836667
0.18975443
0.18161080
0.15444211
0.14026287
0.17067922
0.20824809
0.20285450
0.19078797
0.18615702
0.14404067
0.19460428
0.19938816
0.18428948
0.16654258
0.17252668
0.20060960
0.15189345
0.20223310
0.16507713
0.15380012
0.19443475
0.16825550
0.14659607
0.18053721
0.16454104
0.14757666
0.16154240
0.16749507
0.18249538
0.19335249
0.19983657
0.14567856
0.18305063
0.18404443
0.16976195
0.19292009
0.16396511
0.17565134
0.13264429
0.17518788
0.14958060
0.17748985
0.21112475
0.17579155
0.19214649
0.17728520
0.15971457
0.18355098
0.17529103
0.18282249
0.17046422
0.20287520
0.18094772
0.15495718
0.20244172
0.20317865
0.19709507
0.17638693
0.22967829
0.14609431
0.16486310
0.16995077
0.19975313
0.16248473
0.17762955
0.21633618
0.18220191
0.17843192
0.16197436
0.23917827
0.19144336
0.19088376
0.18988721
0.18118460
0.16935639
0.24321992
0.16982912
0.17191803
0.21159395
0.16241938
0.19436532
0.16972379
0.20430396
0.18033854
0.21833968
0.21489405
0.22756682
0.21176156
0.15090876
0.19470947
0.18295171
0.15870867
0.18595315
0.19235064
0.15625055
0.20035448
0.15633492
0.17309569
0.18836314
0.14878742
0.16705784
0.18986072
0.16709870
0.17324994
0.18757714
0.17038356
0.19557270
0.17533298
0.18586836
0.14798043
0.17709725
0.18926332
0.14380705
0.20200026
0.15961930
0.16817491
0.15417883
0.18133942
0.19733981
0.15652983
0.19735099
0.19046881
0.17009354
0.14606855
0.19450759
0.16338628
0.15667563
0.16882279
0.19327374
0.16134957
0.18169288
0.20024675
0.18156118
0.22262954
0.18781900
0.13419250
0.19664885
0.17126988
0.17439203
0.16685068
0.17353260
0.16966959
0.16994933
0.16311834
0.15094456
0.18854098
0.18727625
0.22141056
0.18500101
0.15375313
0.20430345
0.16775001
0.17039314
0.17396920
0.18318179
0.17686691
0.15351263
0.16042008
0.17675866
0.18083441
0.19024974
0.21483683
0.14908227
0.13918405
0.15755838
0.13615512
0.18755177
0.17414446
0.22056104
0.16066902
0.19794727
0.19269648
0.23085481
0.14938607
0.20072718
0.17104486
0.16743140
0.19386347
0.16345805
0.20785321
0.19866219
0.20287835
0.15136874
0.22835233
0.16606584
0.21635104
0.17756934
0.17148756
0.14792569
0.19147970
0.18071903
0.22722254
0.18064146
0.19659517
0.22151458
0.17452493
0.16479139
0.16727867
0.20314792
0.14865956
0.19523705
0.20690419
0.19599055
0.20195063
0.19544354
0.18976202
0.18278200
0.18739968
0.19035770
0.17468286
0.16810252
0.18410551
0.18246968
0.15224150
0.17608619
0.20007702
0.21819893
0.17288307
0.18932877
0.17251085
0.19043141
0.15593283
0.21090246
0.20391901
0.18085605
0.16587073
0.20293375
0.16331267
0.19516667
0.15738364
0.20649902
0.13826097
0.20860169
0.20944381
0.22059389
0.16878060
0.18470702
0.17690273
0.18155696
0.19803444
0.21040540
0.16550335
0.16188057
0.18987187
0.15730492
0.16047370
0.15874856
0.17367989
0.16872478
0.19096010
0.18036987
0.20633274
0.16596136
0.16811056
0.17834371
0.15110580
0.20091902
0.21619437
0.16565539
0.17540523
0.12749911
0.17656636
0.18985819
0.18060547
0.17088907
0.16617124
0.14797352
0.16464792
0.15428608
0.18377859
0.18637938
0.19421106
0.20462778
0.22174751
0.17448800
0.15988146
0.17152379
0.15841243
0.16114111
0.16903115
0.21758306
0.18649887
0.16148716
0.17705215
0.15258867
0.14465316
0.18987811
0.15255749
0.15347238
0.17336910
0.18374383
0.16726781
0.20120363
0.17957953
0.14728609
0.18780577
0.22321512
0.18578108
0.16392783
0.19841109
0.20396720
0.16561451
0.17171113
0.19049585
0.17874558
0.19139414
0.16123168
0.18845338
0.16085988
0.14814231
0.17646575
0.18110756
0.17675930
0.17451129
0.17439515
0.16330145
0.14730570
0.16376077
0.17778282
0.19023464
0.18660769
0.16477465
0.21309694
0.16283180
0.15445957
0.17564249
0.14699927
0.19713977
0.16561128
0.19829682
0.17238796
0.18281575
0.21095115
0.16716984
0.17853542
0.16447114
0.20214798
0.17915841
0.19039394
0.20703692
0.17529120
0.18470820
0.16490516
0.17867488
0.16617146
0.18103318
0.18850645
0.16679661
0.17303187
0.17271606
0.16330799
0.17439884
0.17402388
0.15116778
0.17658592
0.19476494
0.21259450
0.15050230
0.18552577
0.18070474
0.17387805
0.15955061
0.15543555
0.13923453
0.21718004
0.20509534
0.19156369
0.17271955
0.16604405
0.19124018
0.19543676
0.19946671
0.17087479
0.19481364
0.16736162
0.18374445
0.14683572
0.17381420
0.17854475
0.16358516
0.18507467
0.18262314
0.22819444
0.18244083
0.15570153
0.18844955
0.16459682
0.17719738
0.19698566
0.15578869
0.16264250
0.18486652
0.17826120
0.17200781
0.18513325
0.16605039
0.21112682
0.19256509
0.15408348
0.15803489
0.14956409
0.15210354
0.17864877
0.21452542
0.17356752
0.16097472
0.15091628
0.17530584
0.18062021
0.16044344
0.20398599
0.19641558
0.18855758
0.14956992
0.17745491
0.15463947
0.18173592
0.19061856
0.17979854
0.18412586
0.17790940
0.16271397
0.19720029
0.20300392
0.16895027
0.23133254
0.17971209
0.16132020
0.18356088
0.18352605
0.20152752
0.19193246
0.17289855
0.14978827
0.20916896
0.16749152
0.17062640
0.16186029
0.20864097
0.20473585
0.20288306
0.19997173
0.17421966
0.16532275
0.19486744
0.23309571
0.17498941
0.16394196
0.21602661
0.16458300
0.17872111
0.15024989
0.16348879
0.18410478
0.18559412
0.23001217
0.17858981
0.15691806
0.16957471
0.18791636
0.15405727
0.19533657
0.18831931
0.16288462
0.16375586
0.19317090
0.17133976
0.18045507
0.16338148
0.16512681
0.17155140
0.18395165
0.15399893
0.17654700
0.21070582
0.20152566
0.21664096
0.16495465
0.17663861
0.18772745
0.18450114
0.19200588
0.19272853
0.20963729
0.15422361
0.16786798
0.19216136
0.16791878
0.18691672
0.17207812
0.16679273
0.19433533
0.17158769
0.20674040
0.17407800
0.16347306
0.22650184
0.20328979
0.18133467
0.16478634
0.15992327
0.16588691
0.21002736
0.17269128
0.16996313
0.18953245
0.21120624
0.18044510
0.17418649
0.17779500
0.16579166
0.16192283
0.17826404
0.12686704
0.16521834
0.16868811
0.18001374
0.19386085
0.16344509
0.16888619
0.19173464
0.21348596
0.19919784
0.19586229
0.18108966
0.15060326
0.18051700
0.15764118
0.17868027
0.18387095
0.18717637
0.14725866
0.13745358
0.15064049
0.17329750
0.17176556
0.15730271
0.18778175
0.20744263
0.19072426
0.16656123
0.20329655
0.18068050
0.17058552
0.16906861
0.16496640
0.23544670
0.18689093
0.18999899
0.18973901
0.16425857
0.17816824
0.15844930
0.17307710
0.21016031
0.16345719
0.22021073
0.20843048
0.15163295
0.16220011
0.15586600
0.17210793
0.19103613
0.22702814
0.17542647
0.17513155
0.21375986
0.20039719
0.17208373
0.17154116
0.17297701
0.19159620
0.18767209
0.16075719
0.18391671
0.14160139
0.20998115
0.19071920
0.15407981
0.17212920
0.16405162
0.15770269
0.18012230
0.21785540
0.18592416
0.17288703
0.18345877
0.18613549
0.16671604
0.21433263
0.19286309
0.20186140
0.17611459
0.17716455
0.19648535
0.17224375
0.17851653
0.16638471
0.17405674
0.19125462
0.18540757
0.16638187
0.18065243
0.17318538
0.19028118
0.18971701
0.19123160
0.19930940
0.16220519
0.19985949
0.18981306
0.16248002
0.21923546
0.15983443
0.17779596
0.15955934
0.17875524
0.18151284
0.16991520
0.19266486
0.17638081
0.16729807
0.20373105
0.18410422
0.15170593
0.20292191
0.18574304
0.19186957
0.15420903
0.15667854
0.18625060
0.15116687
0.20707287
0.14234478
0.15359242
0.18609302
0.17213462
0.18578161
0.16868255
0.14349402
0.18141397
0.17558587
0.23831057
0.15280648
0.16707545
0.17485041
0.18227555
0.19956080
0.18563392
0.17656227
0.15220119
0.16387219
0.15704084
0.18837047
0.14811520
0.19226038
0.20073634
0.15138266
0.18990260
0.16212656
0.21366906
0.21228896
0.21033860
0.17925512
0.18195172
0.16904346
0.17233289
0.17016955
0.21250465
0.17722866
0.19768118
0.18067844
0.16475807
0.18613607
0.17107419
0.19393353
0.19913183
0.17158382
0.18976943
0.17448383
0.13883162
0.19185019
0.17784587
0.16329546
0.17466470
0.19441423
0.15321100
0.16706675
0.17766659
0.19125439
0.16623269
0.17306124
0.15755795
0.16071797
0.16883086
0.18451101
0.16615476
0.16479221
0.15825257
0.18199604
0.18912350
0.18374707
0.19341926
0.17822719
0.13815353
0.19096329
0.22617734
0.16834379
0.17361295
0.17066880
0.15900621
0.16275584
0.20278369
0.20973400
0.20575354
0.16129417
0.17433932
0.17375247
0.19291445
0.16998717
0.18159844
0.20010192
0.15372725
0.20162200
0.16747898
0.17082969
0.18647673
0.17028096
0.16366751
0.16152433
0.20251489
0.14726552
0.18857424
0.20933736
0.17366603
0.14161104
0.20820525
0.17725557
0.17799449
0.18188876
0.19565067
0.20501217
0.17701247
0.18750411
0.15122910
0.21513861
0.16571563
0.15112722
0.12989726
0.16418627
0.17481290
0.18472944
0.16471582
0.17257001
0.18967435
0.17431688
0.18460371
0.19711096
0.18090954
0.14977027
0.23775772
0.14692284
0.17898764
0.18953440
0.19059861
0.16390320
0.17629331
0.18869801
0.19093846
0.18279575
0.16662787
0.21481618
0.18406544
0.17923990
0.15683316
0.15409530
0.18436476
0.15853309
0.13668914
0.15344505
0.16293160
0.17365527
0.15633851
0.19429198
0.17784323
0.17976447
0.17042326
0.18894750
0.16226948
0.19502275
0.22276613
0.22316568
0.19308112
0.17573955
0.18028077
0.19864587
0.18957454
0.19843692
0.17318347
0.15349936
0.16679624
0.16488895
0.19640615
0.20903857
0.14437889
0.16157231
0.19393054
0.17327462
0.15796420
0.14936771
0.20957458
0.16332038
0.16402112
0.18501372
0.18299616
0.16085263
0.19682599
0.16302667
0.17144995
0.20774403
0.16950187
0.18200318
0.16765602
0.20012326
0.14528218
0.19853044
0.19652507
0.16368524
0.17100145
0.16041264
0.17079119
0.17383766
0.19764127
0.15968501
0.18282999
0.21115064
0.18437945
0.18804384
0.17955626
0.17038134
0.19967484
0.15757569
0.17029702
0.17949840
0.19050031
0.21389377
0.15707136
0.15375150
0.15314971
0.17712441
0.17655904
0.16703284
0.18164932
0.18545685
0.16399366
0.18319497
0.18572888
0.15344879
0.21033812
0.17680942
0.15685257
0.19398946
0.16555101
0.19686155
0.19828033
0.19190055
0.16600523
0.18759132
0.17063464
0.16569783
0.16072914
0.17614101
0.15495376
0.17437491
0.20057263
0.18365902
0.17659074
0.18077259
0.17044844
0.17226411
0.17792983
0.19785811
0.16359490
0.17935902
0.18941140
0.17240640
0.17813280
0.20109152
0.18561393
0.18704966
0.22507492
0.15504375
0.16847020
0.19272552
0.18208994
0.19462362
0.15297642
0.16852713
0.20786007
0.18617986
0.21282717
0.19454957
0.17559783
0.16665878
0.15742126
0.16417809
0.15086095
0.16487605
0.18183290
0.13246718
0.21190858
0.16301136
0.18785216
0.16709526
0.17704614
0.18020563
0.16833448
0.17591562
0.16482892
0.15441033
0.19170191
0.20819140
0.16648780
0.17353514
0.17069145
0.15967677
0.19258171
0.13580646
0.16458751
0.18748566
0.18595073
0.18713550
0.22066767
0.16067901
0.19151070
0.17714530
0.19492735
0.18368056
0.17845623
0.17744983
0.19047813
0.16524656
0.16143140
0.16502064
0.18349358
0.18937846
0.18888332
0.16884556
0.16400447
0.18777906
0.14987384
0.19261058
0.19773070
0.20187619
0.14485635
0.15170754
0.12118749
0.20625745
0.16334114
0.17699607
0.18435233
0.16811286
0.17013134
0.17537338
0.19050130
0.18650315
0.17857580
0.20905060
0.15968176
0.18463608
0.17858115
0.17396906
0.17958554
0.19056760
0.19846823
0.16610134
0.15231535
0.17845649
0.16146843
0.18743700
0.17342808
0.19355726
0.14305175
0.21225037
0.15274291
0.20201492
0.15544258
0.17638519
0.18099352
0.14630729
0.18791163
0.20433423
0.19092976
0.17250432
0.17044989
0.16914904
0.16581862
0.14706329
0.17986594
0.13036794
0.15892904
0.17608052
0.14367864
0.15831492
0.15813353
0.17747999
0.19801445
0.18664677
0.18546661
0.14827236
0.17497436
0.17716341
0.16071799
0.15090430
0.14763665
0.20893371
0.15745150
0.18564787
0.16443294
0.16516957
0.17772690
0.16636919
0.17307175
0.14384103
0.15604594
0.16188868
0.19685729
0.14399390
0.15738199
0.17576814
0.16256093
0.18266524
0.17568510
0.17095248
0.14394194
0.18382203
0.18359463
0.16551206
0.18673696
0.17414315
0.21220140
0.15293438
0.19933094
0.17306674
0.17398297
0.20540854
0.20190537
0.17413213
0.18875525
0.15920191
0.20098486
0.17891012
0.23601556
0.19635837
0.19612314
0.18571215
0.16187120
0.16183254
0.17331604
0.17586335
0.16169528
0.17312280
0.17606904
0.16989336
0.16178668
0.21916440
0.17074200
0.18143984
0.20170690
0.16196941
0.17189104
0.16664788
0.18799189
0.18974627
0.17846774
0.14481705
0.17392241
0.16736382
0.18938749
0.17550918
0.18469859
0.17117635
0.17170258
0.16136144
0.21915727
0.16352967
0.19436075
0.18072451
0.23111890
0.14950587
0.15115233
0.17237241
0.15098616
0.19068979
0.16460294
0.19004704
0.16573811
0.15312327
0.18694182
0.16595789
0.15351139
0.17515381
0.16276455
0.17119724
0.16081128
0.15033313
0.19637357
0.21068994
0.18408735
0.17454040
0.23868641
0.17026041
0.20012011
0.18442670
0.18712323
0.17446720
0.22352145
0.19856600
0.22343018
0.21518415
0.15716081
0.20258983
0.20597026
0.18991407
0.13997399
0.23116618
0.22546497
0.15824099
0.19091504
0.17685081
0.19024915
0.18578465
0.17008384
0.17462911
0.16393344
0.16839204
0.18757658
0.23148154
0.19212848
0.16133862
0.19770799
0.18086499
0.20569379
0.17011552
0.17520713
0.17377293
0.16972981
0.15358974
0.17802244
0.16319640
0.17004671
0.22869614
0.22079408
0.19129190
0.22001637
0.19015375
0.17973979
0.20270631
0.18058136
0.18083605
0.15248107
0.17456444
0.19550203
0.15487066
0.19397086
0.18785254
0.17203589
0.20254875
0.17461610
0.19096355
0.19972096
0.20495012
0.18519303
0.15002711
0.19555270
0.17340631
0.20187352
0.19290627
0.21662333
0.19435402
0.16715555
0.21701611
0.15001585
0.20532992
0.14963331
0.23819369
0.17558110
0.20705494
0.16808795
0.17435740
0.20188620
0.17887698
0.16511258
0.17215039
0.16282908
0.15418137
0.18041815
0.17888816
0.18341024
0.19636978
0.19835957
0.15834059
0.18223393
0.17895934
0.17130989
0.18255022
0.15525122
0.17460703
0.17031869
0.16945773
0.17337315
0.18254815
0.14946805
0.15933214
0.18061212
0.17753040
0.21859728
0.17377859
0.17854097
0.17514644
0.18625958
0.17957629
0.19035381
0.17795261
0.16351435
0.13982137
0.17528594
0.19048023
0.14066082
0.16783384
0.16734633
0.21423068
0.17173968
0.23079693
0.17617509
0.18171247
0.17405797
0.17134965
0.17831937
0.20235562
0.17085596
0.21814921
0.17662228
0.17757837
0.16971610
0.17334913
0.17801307
0.16330024
0.18204775
0.14328987
0.16210512
0.19157233
0.16546419
0.17807278
0.17837227
0.16064896
0.17568472
0.16993062
0.19434319
0.16038163
0.15545336
0.16703635
0.19377317
0.20641464
0.16663407
0.15931542
0.16814995
0.19275887
0.14892793
0.18751967
0.17228530
0.18209480
0.16069482
0.16740822
0.17389209
0.20466397
0.17196669
0.14474956
0.15758516
0.17531390
0.15584612
0.13639850
0.16413717
0.17509009
0.18252484
0.18854447
0.16400878
0.18373261
0.18928695
0.17387276
0.16025022
0.15607017
0.18954095
0.17182984
0.19966407
0.17170868
0.17489970
0.17916002
0.16489574
0.16762996
0.17954598
0.18592540
0.18404996
0.15699711
0.15123250
0.16185566
0.17354300
0.17737218
0.14200224
0.18540708
0.21075735
0.18360981
0.20270796
0.17008007
0.19203797
0.18629707
0.16333438
0.17508413
0.16123081
0.17965300
0.18511167
0.19279721
0.16817177
0.19557246
0.16715762
0.16876427
0.15537785
0.16406642
0.15086063
0.16612669
0.19202762
0.17553228
0.18132661
0.19934450
0.22553781
0.18005670
0.17432263
0.18334528
0.17383386
0.17277310
0.21343802
0.16281753
0.16193810
0.16810724
0.15367909
0.18339872
0.15585553
0.17486824
0.17119911
0.17971653
0.18414944
0.21636287
0.17961818
0.20902797
0.20223443
0.17497977
0.16808105
0.18316879
0.17625488
0.17541288
0.15616411
0.18988294
0.20361606
0.17295555
0.17490798
0.21746863
0.20645823
0.17703360
0.13924529
0.18454188
0.15159647
0.21241767
0.18826196
0.17474038
0.20303252
0.13636384
0.20347447
0.14545103
0.19082906
0.17241456
0.19774444
0.18675447
0.17452923
0.19296777
0.21245124
0.18415543
0.16211612
0.15045753
0.18048625
0.16806074
0.15883843
0.18781640
0.16676417
0.21188740
0.18572611
0.20124604
0.14087560
0.21003833
0.16130148
0.17435252
0.19996253
0.17418461
0.16966815
0.19015803
0.16812805
0.17360901
0.16749512
0.18902828
0.15683711
0.16864757
0.17965802
0.13531484
0.16462262
0.20433206
0.17090464
0.20794560
0.16620400
0.19920655
0.18815836
0.18462474
0.20556448
0.17275202
0.18039733
0.16547700
0.16921898
0.18886864
0.19388319
0.16224676
0.17160779
0.17680450
0.22114511
0.19220507
0.16770621
0.18814798
0.23649565
0.16001245
0.21676972
0.19217448
0.18735057
0.14940205
0.16378550
0.16914982
0.18041215
0.17436013
0.16845664
0.20610408
0.15518360
0.18594660
0.16205379
0.18151184
0.20033662
0.20137682
0.19157004
0.17341065
0.18126956
0.19286510
0.17188851
0.21906964
0.14023454
0.16754060
0.16829142
0.16776575
0.16982780
0.17651667
0.21267561
0.19117974
0.15989788
0.17079999
0.15327905
0.18032280
0.17583248
0.21737846
0.18085181
0.20405951
0.18258769
0.15632141
0.18969868
0.15647653
0.17552077
0.19593288
0.19745368
0.18941266
0.15808703
0.17654880
0.19670929
0.17514827
0.18929388
0.17370970
0.25241786
0.20054146
0.17661035
0.17723501
0.17563442
0.22227276
0.15009334
0.22583072
0.19310760
0.16135322
0.18980304
0.18720831
0.14354218
0.17174463
0.18446909
0.15889367
0.19667592
0.16574139
0.19440179
0.18032102
0.17161144
0.15304100
0.14577944
0.16294862
0.20769792
0.15286616
0.19594718
0.18673592
0.21586370
0.13373783
0.18954307
0.19335231
0.19248229
0.16636705
0.18348184
0.15926049
0.15832695
0.15825144
0.20063231
0.17245955
0.18990857
0.16668158
0.17331376
0.20638569
0.16949621
0.20153799
0.19101916
0.16617606
0.22160927
0.16355393
0.17741561
0.18010339
0.17713321
0.18996761
0.17996822
0.18058570
0.17116878
0.24185721
0.16109787
0.15272598
0.20265142
0.18108647
0.17833862
0.18436537
0.19799606
0.13638481
0.21536486
0.18168692
0.15684024
0.17061871
0.21471876
0.19901496
0.15741573
0.15607893
0.17565493
0.17581148
0.16148263
0.17982820
0.15104927
0.15488988
0.20382297
0.20233348
0.16565918
0.16919280
0.21422156
0.23605796
0.23851309
0.20680401
0.17728965
0.18859512
0.15177189
0.17694348
0.20250898
0.18914318
0.15260196
0.20858245
0.17156679
0.17560970
0.17673949
0.16408756
0.23185383
0.15490306
0.16513283
0.20525964
0.21453138
0.19362057
0.18462818
0.18276360
0.21558149
0.17141983
0.19777604
0.21659396
0.15318185
0.18696917
0.16241032
0.16374636
0.16209913
0.17004872
0.17658972
0.19532544
0.14257655
0.18734793
0.20029429
0.18441696
0.16719521
0.17893772
0.17322285
0.18729097
0.18807989
0.18583162
0.18264989
0.15162919
0.20126207
0.18238017
0.16905658
0.21713972
0.17873909
0.19704373
0.20830075
0.18751921
0.19732128
0.19226452
0.20385518
0.22987539
0.18383133
0.20174877
0.18118959
0.20083948
0.15961813
0.17908587
0.18117506
0.18602792
0.16563645
0.18036333
0.19876585
0.17390752
0.21367038
0.15613662
0.19151238
0.16169383
0.16733338
0.18842028
0.17755392
0.14734403
0.15516974
0.18083336
0.17555184
0.15519910
0.16185271
0.16986972
0.16647737
0.16636272
0.16650437
0.18409272
0.16258147
0.18582267
0.16257530
0.16735434
0.17584282
0.21735901
0.16570804
0.16324547
0.18791411
0.19553497
0.22314067
0.18020422
0.19531247
0.15632767
0.15081312
0.16627165
0.17357414
0.18082144
0.17098129
0.17909506
0.16960127
0.15102139
0.15715044
0.17073197
0.15272674
0.17759953
0.17794307
0.18732456
0.17767066
0.21174547
0.18689074
0.17490572
0.15289333
0.17823580
0.16536436
0.19974484
0.17573648
0.18758653
0.18598320
0.16393469
0.16036227
0.17926300
0.15476190
0.16539147
0.20586121
0.17866280
0.16935820
0.20011741
0.15805545
0.17886802
0.23401340
0.22576788
0.14852853
0.16802603
0.23580292
0.21327786
0.19715374
0.16594743
0.17602888
0.17795804
0.16257570
0.17750705
0.16073626
0.14956527
0.18254566
0.16920772
0.18560881
0.18554102
0.14194759
0.20581974
0.15880632
0.16800190
0.19320759
0.26010232
0.17441208
0.20088017
0.18834997
0.16711578
0.20443374
0.17332132
0.17208277
0.20101194
0.19245571
0.18016936
0.18736374
0.15433483
0.16040616
0.16379977
0.16784093
0.20827914
0.19045052
0.18197837
0.18616785
0.16888785
0.16139162
0.16048376
0.18468010
0.16468290
0.20715517
0.15546020
0.16951776
0.24220399
0.18119167
0.15953048
0.18573322
0.17313875
0.17851604
0.17120699
0.16749182
0.17665708
0.20047784
0.19445363
0.16139313
0.16751860
0.16096755
0.17380697
0.17128854
0.18566593
0.13332369
0.18144094
0.17528148
0.15425570
0.15986422
0.15220563
0.16476390
0.16930014
0.16092762
0.16780174
0.20197521
0.15471946
0.19482972
0.19510761
0.18621273
0.17824447
0.22221761
0.20656058
0.19811243
0.17159063
0.18916674
0.21920968
0.17964644
0.16468480
0.18625156
0.17517561
0.18794022
0.14815008
0.20178452
0.20550700
0.16583191
0.19380769
0.16030966
0.17117591
0.19745131
0.17408201
0.17515751
0.17077719
0.16429480
0.17335756
0.16336042
0.16523502
0.17148154
0.18892590
0.15716294
0.17370177
0.16276555
0.15173915
0.15234865
0.19380064
0.17391943
0.22593005
0.15956278
0.18259644
0.20461823
0.20102838
0.18488343
0.17402632
0.16883575
0.21407693
0.21234252
0.17466442
0.18945025
0.17470350
0.14621996
0.14322825
0.17441704
0.16205824
0.19103404
0.16286555
0.20931303
0.17363677
0.17048221
0.21339453
0.19234358
0.19027944
0.20046842
0.19054188
0.15257279
0.19717587
0.13038692
0.15657175
0.19338663
0.19459328
0.18794923
0.15417442
0.17679001
0.16776887
0.17110084
0.14683900
0.17763726
0.16196324
0.20353883
0.18223569
0.20958906
0.14519063
0.17197106
0.17882995
0.20113426
0.20412990
0.16423289
0.17211533
0.17170736
0.18414978
0.18672513
0.17700931
0.20153363
0.19005086
0.18390456
0.15781609
0.18354919
0.15961874
0.18974462
0.16683992
0.20626518
0.19383005
0.18870067
0.20270187
0.17029322
0.18333605
0.19548936
0.18732534
0.17852789
0.17674612
0.15782056
0.14991366
0.17086425
0.18228870
0.18965310
0.18386652
0.20085883
0.16290176
0.18313614
0.19731136
0.22327465
0.18354951
0.15826197
0.17402306
0.13023964
0.19818967
0.15830353
0.17938936
0.18224082
0.18233511
0.15197244
0.18291728
0.16306955
0.22763914
0.16110267
0.19432974
0.18043848
0.19310522
0.17154734
0.17142487
0.19860272
0.22365525
0.15742450
0.16711645
0.19968100
0.18960057
0.24030777
0.16914685
0.16032440
0.17366324
0.17522078
0.18250183
0.16396194
0.15768794
0.17933579
0.16188918
0.20622520
0.17227873
0.19966969
0.24044065
0.19468770
0.19536051
0.17555446
0.17898732
0.18554464
0.18778193
0.19779623
0.21422309
0.16215693
0.21472770
0.19892881
0.16236963
0.15335856
0.20690729
0.19680225
0.15607459
0.18000604
0.15410743
0.19767421
0.18487549
0.15662477
0.21006721
0.17103356
0.19048745
0.18089539
0.17078755
0.18745900
0.19816030
0.17286365
0.17056790
0.16339246
0.18137235
0.19837154
0.19820794
0.13552125
0.18384022
0.17319326
0.18912127
0.22428775
0.16408732
0.18479603
0.19831024
0.17712652
0.17426443
0.13829156
0.16746013
0.15273324
0.18579743
0.17537266
0.14660421
0.19000046
0.19165598
0.18117196
0.19498804
0.18472176
0.16470731
0.20517161
0.15449014
0.17411295
0.16080444
0.14213542
0.19268682
0.20736494
0.20015914
0.19035594
0.15839873
0.19501458
0.20603701
0.16865301
0.16244491
0.15676056
0.15605204
0.17865789
0.15897156
0.16301470
0.20627950
0.15982337
0.15329281
0.18366597
0.16842106
0.18907661
0.18081858
0.15817064
0.15679518
0.16104242
0.13820100
0.18247038
0.17335246
0.17306233
0.13785484
0.20114662
0.16294601
0.17641556
0.18334082
0.15597603
0.19791733
0.15945889
0.19986743
0.18676167
0.19337347
0.15023060
0.15870079
0.17796642
0.18505839
0.15814287
0.19801806
0.17888297
0.20949715
0.13593925
0.18789362
0.18756016
0.27205910
0.19361073
0.17057139
0.18851800
0.19107816
0.20945657
0.18010616
0.16620845
0.17398335
0.19207145
0.17589606
0.17032992
0.19941488
0.15648977
0.17113786
0.19874854
0.19227347
0.18512676
0.14681786
0.18045619
0.17808360
0.18733066
0.17667359
0.17111906
0.15108633
0.14737572
0.17912120
0.17100838
0.20305080
0.17241214
0.17773702
0.17220412
0.18931622
0.16392984
0.16244883
0.15769761
0.22883429
0.18088647
0.18297844
0.15155289
0.15234696
0.22354255
0.17203182
0.16653084
0.18380924
0.19757767
0.16407566
0.20217817
0.20796514
0.14543685
0.17649242
0.16829720
0.20686563
0.16053012
0.21189895
0.18301501
0.18217181
0.18272989
0.21089433
0.16416831
0.16660513
0.16421745
0.14900653
0.18255166
0.14689617
0.15204378
0.19402734
0.20059767
0.16648526
0.14011281
0.15326443
0.15623274
0.16646918
0.16892499
0.17135592
0.18519884
0.21436832
0.15511539
0.19382300
0.17398967
0.17745894
0.18370173
0.17062589
0.16500754
0.17205149
0.18858438
0.15631783
0.17915585
0.18807997
0.14383064
0.17676163
0.15818290
0.18179006
0.19005479
0.16677880
0.19094743
0.19965149
0.22877461
0.18169741
0.20455113
0.14695752
0.17410579
0.17479372
0.16506479
0.18867870
0.19435546
0.20367069
0.16439762
0.18628483
0.17832410
0.15028813
0.14578733
0.16012912
0.26617018
0.20386693
0.21912748
0.18855474
0.19559664
0.18503347
0.17750891
0.16035587
0.14474756
0.17587861
0.16598668
0.17059618
0.18874169
0.17902636
0.19546345
0.16387517
0.17190706
0.20514341
0.18904075
0.17105286
0.18658029
0.22336539
0.19117226
0.17272777
0.21139062
0.19462231
0.16674049
0.18949591
0.16267312
0.18168598
0.15317944
0.19161539
0.16820668
0.18096845
0.16094096
0.17899953
0.20388160
0.18747584
0.15119589
0.18741468
0.16471993
0.18595742
0.18473580
0.19862323
0.20145037
0.20049661
0.18764112
0.18753016
0.20903879
0.20761908
0.16480801
0.16276030
0.17440967
0.17631228
0.17082492
0.18025932
0.15885057
0.17301451
0.17593893
0.17892295
0.15775453
0.17396688
0.16635960
0.18099106
0.19989404
0.14661759
0.19335469
0.17678513
0.16707498
0.16499528
0.16487480
0.16029687
0.16052385
0.16383906
0.18805744
0.18781091
0.20389440
0.18191893
0.17613305
0.20210246
0.15937960
0.17417691
0.16554411
0.19061475
0.19249885
0.18467336
0.16668429
0.19377550
0.19126716
0.17158974
0.17290776
0.18287927
0.15667565
0.17557810
0.20759236
0.19475857
0.15355444
0.16779092
0.18842041
0.17565735
0.16391529
0.17717849
0.17051785
0.21656129
0.16194582
0.18442487
0.16378461
0.17732082
0.16320554
0.18720489
0.16649074
0.18962216
0.14608181
0.18584540
0.19178274
0.20090390
0.15688303
0.21473468
0.16602750
0.19832360
0.18607359
0.18293635
0.18807191
0.18983694
0.20408313
0.20768281
0.16821198
0.16508361
0.19268005
0.14780789
0.19583505
0.15149136
0.18592093
0.19542199
0.17978798
0.22868258
0.18959979
0.16733258
0.16238705
0.16398460
0.21404022
0.19609764
0.17532583
0.17973136
0.16654436
0.16202334
0.17017502
0.16711311
0.19593969
0.18929534
0.18375392
0.20447151
0.20347606
0.17863746
0.18227413
0.17901331
0.15042640
0.15840343
0.16821564
0.23328394
0.17119818
0.18804513
0.23913859
0.16088655
0.15007312
0.19934405
0.18878895
0.19142929
0.15657033
0.17729567
0.17242828
0.19202589
0.14399195
0.16796917
0.17274942
0.19129887
0.14839820
0.14435360
0.17206091
0.20760506
0.17944618
0.18708291
0.17602579
0.18562052
0.17220300
0.18447400
0.18494881
0.17011972
0.15794614
0.15814736
0.16931542
0.15820777
0.17126482
0.19089851
0.16344213
0.21150380
0.16941803
0.19708509
0.18372016
0.16160490
0.17646144
0.18416784
0.19919181
0.18468561
0.18589215
0.20896567
0.18633601
0.15812313
0.16479272
0.13207429
0.17049309
0.16761120
0.17011570
0.20931320
0.13266030
0.16371380
0.17812092
0.17568900
0.20424918
0.15943011
0.19408690
0.19283540
0.17998168
0.16146228
0.15808792
0.17107806
0.18605261
0.18035918
0.17135351
0.17402965
0.16526880
0.20082533
0.16191357
0.19421276
0.14963210
0.19744444
0.18111840
0.19268963
0.19688372
0.15659149
0.17628509
0.18153067
0.16342642
0.16685714
0.19988029
0.21244912
0.16298540
0.16217170
0.18670347
0.18960948
0.18049552
0.16107623
0.16652817
0.20724654
0.16325438
0.18739023
0.20514208
0.17454371
0.15292974
0.16324790
0.18860562
0.17849381
0.17131561
0.16550627
0.19373846
0.17302329
0.19327937
0.19346624
0.17386909
0.21673734
0.20159265
0.18069385
0.16856173
0.16370817
0.21711762
0.16459047
0.17179661
0.18068959
0.18155079
0.16465958
0.14930772
0.16044509
0.16993113
0.19838386
0.17292406
0.15927680
0.17811955
0.16601545
0.15775252
0.17050209
0.16319309
0.21052093
0.21806915
0.19460639
0.14984918
0.18884334
0.18584608
0.16636665
0.15878181
0.16049375
0.19515286
0.17265793
0.15769894
0.15649424
0.17973470
0.18538171
0.17164073
0.15199480
0.19552311
0.18159956
0.19213887
0.20191615
0.19049450
0.16069083
0.17505400
0.22731675
0.16657435
0.19958601
0.17036905
0.18416309
0.20557957
0.23582336
0.14690557
0.17272152
0.16895795
0.20649678
0.17687755
0.17707852
0.20111546
0.17670572
0.14041735
0.16230551
0.14522636
0.18785025
0.16936235
0.18179267
0.15512266
0.16671660
0.17279626
0.19647968
0.18625570
0.17173211
0.13493789
0.17849448
0.15540361
0.18168205
0.22157351
0.17125483
0.14481456
0.17787319
0.19975090
0.21132250
0.26816528
0.21466001
0.17597339
0.19018339
0.20797948
0.15072513
0.15860244
0.18561480
0.18463015
0.16547599
0.18415258
0.19992961
0.18645820
0.18960237
0.14060040
0.17794513
0.16618907
0.19408265
0.17185613
0.21891299
0.17250105
0.16852068
0.20082173
0.17269504
0.16470184
0.18085051
0.16170609
0.20258405
0.18331883
0.19461479
0.21436440
0.16457486
0.17633859
0.18576960
0.22230937
0.18090159
0.19976269
0.17512634
0.17166906
0.19353273
0.15032466
0.18658104
0.18273715
0.17629729
0.19966068
0.17981310
0.20940012
0.16964006
0.15079334
0.16296567
0.17677462
0.16251810
0.18431616
0.17329089
0.15799655
0.15782693
0.19166302
0.20552485
0.14171364
0.16027627
0.20935243
0.17816290
0.14260656
0.16403179
0.17956770
0.15955195
0.19533408
0.19957260
0.15691835
0.13804709
0.18695246
0.18686104
0.17814121
0.16799477
0.15422355
0.20421601
0.15027247
0.17255912
0.19480038
0.16817611
0.19186072
0.16141048
0.16397971
0.18384914
0.17104231
0.17999029
0.18174306
0.17680565
0.16578615
0.16025709
0.18764846
0.19278195
0.18662495
0.17152394
0.17904004
0.15572292
0.15936572
0.16607558
0.22541982
0.17184477
0.16889391
0.17146206
0.19703530
0.15105660
0.20021907
0.15103207
0.17076473
0.14588291
0.20579958
0.18770680
0.17014042
0.19142884
0.21544930
0.13409935
0.18612332
0.20279817
0.17956556
0.23104219
0.16774328
0.19561409
0.16591821
0.17227365
0.15875114
0.17459599
0.14008383
0.17445348
0.20602228
0.17384251
0.19494042
0.18135072
0.18610749
0.18618219
0.19750798
0.19301631
0.19639279
0.19012190
0.15689818
0.15907944
0.15810356
0.15459414
0.15324830
0.18517906
0.14244212
0.17389213
0.16013730
0.16712284
0.19416741
0.17987662
0.19301170
0.18044624
0.18502282
0.18248123
0.18654065
0.15708206
0.18535790
0.19575251
0.16035857
0.15383146
0.16313632
0.15726559
0.20639019
0.19359542
0.18180407
0.21863558
0.17602627
0.17065149
0.18122824
0.17153623
0.18534315
0.18753008
0.18180965
0.17120756
0.18290289
0.18914707
0.19518216
0.17515809
0.18775452
0.16325875
0.17390057
0.18440031
0.16988269
0.16689824
0.16825018
0.19302335
0.17362833
0.18185405
0.17715235
0.15989437
0.15999208
0.15617844
0.19205508
0.17524698
0.16984929
0.21454241
0.17596359
0.15221508
0.19386847
0.19365439
0.18357119
0.17906033
0.15550922
0.16839002
0.14322561
0.15026313
0.17497094
0.17109857
0.19201719
0.20607185
0.20028230
0.18606775
0.16292225
0.17531882
0.16054207
0.17424638
0.16559492
0.20100689
0.19477499
0.20196263
0.18818450
0.14961155
0.15944190
0.16891146
0.17293447
0.20573286
0.20053633
0.18425443
0.20240116
0.15094496
0.18574444
0.17883554
0.18390768
0.18028244
0.18237457
0.15821625
0.21309752
0.16628076
0.17934414
0.20401648
0.17262317
0.19970610
0.15042164
0.16450201
0.21013554
0.17437015
0.18917321
0.17363956
0.19816309
0.16959424
0.17663688
0.18575487
0.16869896
0.14645260
0.15548232
0.16121028
0.17418972
0.19670573
0.17829545
0.18148032
0.19413923
0.17592654
0.17571819
0.22551268
0.17030822
0.18432538
0.22469659
0.20693346
0.21116011
0.15312019
0.17345821
0.16109632
0.20226278
0.17289524
0.17888329
0.14205811
0.16825631
0.21752200
0.19596142
0.17478482
0.19536090
0.17646846
0.19718448
0.20496987
0.16752950
0.15922031
0.16321962
0.18570827
0.17754358
0.20546941
0.15491952
0.16544961
0.18443359
0.16215402
0.19062996
0.15971794
0.14650642
0.17819556
0.19082388
0.20426258
0.17374344
0.20840592
0.22605912
0.19133509
0.17027407
0.15482651
0.18814320
0.18941749
0.17678098
0.22833932
0.16955323
0.15145493
0.20889192
0.17976084
0.20270760
0.17396609
0.18530474
0.15760957
0.17240556
0.21889202
0.20376464
0.17663075
0.14892493
0.15402726
0.17266834
0.16658181
0.19185550
0.20491177
0.15441689
0.15875495
0.17688270
0.16387168
0.14701252
0.16669651
0.14363590
0.16790181
0.15580674
0.18836720
0.17834236
0.17862705
0.19417191
0.19028391
0.17682471
0.18555985
0.17055609
0.15887052
0.21095561
0.18027547
0.18546427
0.17484510
0.17831291
0.18568410
0.17160056
0.17545467
0.14022159
0.16661898
0.17660184
0.18743051
0.16877066
0.20118261
0.19664588
0.16363242
0.17125280
0.17211529
0.16474555
0.18438854
0.18363449
0.15918071
0.21583611
0.15714319
0.17100154
0.19066409
0.21088275
0.17602545
0.16658037
0.17557313
0.17046193
0.16001628
0.15349684
0.16787567
0.16911478
0.19734956
0.19233128
0.16889751
0.16643882
0.18380561
0.18821604
0.18282301
0.15488551
0.16512388
0.15297776
0.20022101
0.16760321
0.14893689
0.19643182
0.18312021
0.19285683
0.19697596
0.18865174
0.19528523
0.19030819
0.17094472
0.16317455
0.19198366
0.20462635
0.15948930
0.18113640
0.15542237
0.17371660
0.17694884
0.16626013
0.16023666
0.18022935
0.17613675
0.15974592
0.16274007
0.19997399
0.17780192
0.18582346
0.18542101
0.16481687
0.13666892
0.17243381
0.14336880
0.16139854
0.20129101
0.17156891
0.17407600
0.18626796
0.17352821
0.16955405
0.17252642
0.17127773
0.14801686
0.18200492
0.16202700
0.18084541
0.16333558
0.14806116
0.20977868
0.16829078
0.16456932
0.16972413
0.14264463
0.16600781
0.20594110
0.19051351
0.17580666
0.18614007
0.18648917
0.18878446
0.19493473
0.16419932
0.14489964
0.18632806
0.19792454
0.18598407
0.18657132
0.18372870
0.16854025
0.16466867
0.20446776
0.21189087
0.20186456
0.16006364
0.17116721
0.14692877
0.15514941
0.20218557
0.18360808
0.21543898
0.24321272
0.16364897
0.17984748
0.16380160
0.20160644
0.18399443
0.18894341
0.17622746
0.23090170
0.19069110
0.17109449
0.13796782
0.17652217
0.21708173
0.18397310
0.14990979
0.16372523
0.15724944
0.17014755
0.18758791
0.17316766
0.16351770
0.15322185
0.17294459
0.20616267
0.16892308
0.18610544
0.15940649
0.17023403
0.16866482
0.19294391
0.18755636
0.17184307
0.18793439
0.18482751
0.18019904
0.20393298
0.17607026
0.17309649
0.14406070
0.17322473
0.19699755
0.17296048
0.18004242
0.16546265
0.17442838
0.19193838
0.15704071
0.15768590
0.15611915
0.16099602
0.18232845
0.16576819
0.16134916
0.13954505
0.17815309
0.14586510
0.17218232
0.17478157
0.17461810
0.18571734
0.22893703
0.17936607
0.17360627
0.18159516
0.18886949
0.16112147
0.23016226
0.19619058
0.14779090
0.17173259
0.18518832
0.15845420
0.18051606
0.20131889
0.19105248
0.16109635
0.17927193
0.20693550
0.19701378
0.14819029
0.16842989
0.19470387
0.16232938
0.16635690
0.17598588
0.18523224
0.20284513
0.16775789
0.17002621
0.14780165
0.18291908
0.19703676
0.18623915
0.21247939
0.20951308
0.17225972
0.15853083
0.18786545
0.16771044
0.18013015
0.17209707
0.21417059
0.21347572
0.19014085
0.18786496
0.16048269
0.19012129
0.17525267
0.17557949
0.17774308
0.17405829
0.14499919
0.15761847
0.19836468
0.18011311
0.15166707
0.18199633
0.18088366
0.16733374
0.18638454
0.17479592
0.18761868
0.18436701
0.17329264
0.16023437
0.18798309
0.18078360
0.17955117
0.16474670
0.20356273
0.18658617
0.16284287
0.20114146
0.17807821
0.18612657
0.13749297
0.19116896
0.18997812
0.18744175
0.23700828
0.19064544
0.19373303
0.16804899
0.18575604
0.16710101
0.15763024
0.16039798
0.19323703
0.18491510
0.18433319
0.20399935
0.17570964
0.19250423
0.17424019
0.19798751
0.15775757
0.17215314
0.18363911
0.21701843
0.17406003
0.16686639
0.22035938
0.19578709
0.17084090
0.16981296
0.22210836
0.21286784
0.17539457
0.19313126
0.19150868
0.15817024
0.18815642
0.16900701
0.16875748
0.17087606
0.21982919
0.21981775
0.19120459
0.19416120
0.18052330
0.19214624
0.23957330
0.18455630
0.16549952
0.19965851
0.16661326
0.17966231
0.16545862
0.20323771
0.18173102
0.18919375
0.14378513
0.17876447
0.17307321
0.15668319
0.16819559
0.18592377
0.16365135
0.18655888
0.18103062
0.17414557
0.17131420
0.19202724
0.20940486
0.16791705
0.16196534
0.18337148
0.16418102
0.18560302
0.19096839
0.18441121
0.17804294
0.19611879
0.17677879
0.16973674
0.17249257
0.20261156
0.18732982
0.15740577
0.15360898
0.19652337
0.18253325
0.16193218
0.14691750
0.18963963
0.19424741
0.16471970
0.14331684
0.18408751
0.16653604
0.17389079
0.21054934
0.15008032
0.16773551
0.15307794
0.18665102
0.16853208
0.19186002
0.16321369
0.16652817
0.15938428
0.19094160
0.23054417
0.16519713
0.15026991
0.16289296
0.21903157
0.14511755
0.19728392
0.16116019
0.16301373
0.17592024
0.17516661
0.16117800
0.18337528
0.17121230
0.17959431
0.16661424
0.20365475
0.18933983
0.20554324
0.17529703
0.17805495
0.15046007
0.18607583
0.17231352
0.18732231
0.15532547
0.18439573
0.16504502
0.16128060
0.16088793
0.21273363
0.18040666
0.20630561
0.23302388
0.17130358
0.14086011
0.14795311
0.15826833
0.16870819
0.20280444
0.17087985
0.16214453
0.17453256
0.18449870
0.17209785
0.18294685
0.17081803
0.19020681
0.18694925
0.18010247
0.13708485
0.15773815
0.18461928
0.16934187
0.18566862
0.21838816
0.18939304
0.17169837
0.14654322
0.19514783
0.19571853
0.19830918
0.22043656
0.18828719
0.16551152
0.16882358
0.16805566
0.18030648
0.19295746
0.20759380
0.16995232
0.18228343
0.15660247
0.18432056
0.18010168
0.19353141
0.16273397
0.18165356
0.17429016
0.17839128
0.18252381
0.16833643
0.18128387
0.16383028
0.17118996
0.15303063
0.16492275
0.18535108
0.18297683
0.16779509
0.19320034
0.13924801
0.22009218
0.16323573
0.16795731
0.16514304
0.16614788
0.21251950
0.20610336
0.15865243
0.18216785
0.14657682
0.18556653
0.16787057
0.15452051
0.17623221
0.19627137
0.14146653
0.19420502
0.18308254
0.17221369
0.20222286
0.17629426
0.16125784
0.21274787
0.16518176
0.21105708
0.16697509
0.16216152
0.15957089
0.18576537
0.17833941
0.19887869
0.15570170
0.17064293
0.16844273
0.18998160
0.21213969
0.16400167
0.21892594
0.18318514
0.19459602
0.18310264
0.17083183
0.19666668
0.17733314
0.16603119
0.17976930
0.18645008
0.16784844
0.15062541
0.17892092
0.18061633
0.14102362
0.18089882
0.18353082
0.19161040
0.17173824
0.16813406
0.21031854
0.19450957
0.15283452
0.18127718
0.16571706
0.14145824
0.17479709
0.20938591
0.20831467
0.14124146
0.18109127
0.19081666
0.19500731
0.15813743
0.19142971
0.20709604
0.17364306
0.17588636
0.19367743
0.18499761
0.18499761
0.19028201
0.18024100
0.17929702
0.17129144
0.19953620
0.19569787
0.21061508
0.23709719
0.17347124
0.19285663
0.17388566
0.16436614
0.15483898
0.15985516
0.15823908
0.18976793
0.15478076
0.17538560
0.19323668
0.16702095
0.17432750
0.16339383
0.14459215
0.18976235
0.19145438
0.21511375
0.20403476
0.17107094
0.19677836
0.17855295
0.17018571
0.16722737
0.18641009
0.18656612
0.17358274
0.17560705
0.17842095
0.17271350
0.17778628
0.18723435
0.19290651
0.17093968
0.17279810
0.20049482
0.16320540
0.21586434
0.16734597
0.16851319
0.15220950
0.19810127
0.18998068
0.16485499
0.16929018
0.19664581
0.17504021
0.18308243
0.18035525
0.17194364
0.16611147
0.23732796
0.17699888
0.14355842
0.16605702
0.19092842
0.19559192
0.15345485
0.20347325
0.17963829
0.21059353
0.18495520
0.18413830
0.19495322
0.16242259
0.19564125
0.16403260
0.17535336
0.18140664
0.16622019
0.16308567
0.14556803
0.18163518
0.18850215
0.17934797
0.19097787
0.15698244
0.16372248
0.16698794
0.16853125
0.17388288
0.17280706
0.15999214
0.15867489
0.18883319
0.15802144
0.18354260
0.16166080
0.19953314
0.18136162
0.17912028
0.15585515
0.17635126
0.20816910
0.18637452
0.19364380
0.17331269
0.17763704
0.15433963
0.17673447
0.16007257
0.18003596
0.16529682
0.16463206
0.19011808
0.16551906
0.15675771
0.16676465
0.16421927
0.13527414
0.17157936
0.18958517
0.18012753
0.20267780
0.16459961
0.17024289
0.18926104
0.15648097
0.16974380
0.17362966
0.17410556
0.19782993
0.17498495
0.19597284
0.17478422
0.19388947
0.17285380
0.20617432
0.17988454
0.14544958
0.17448040
0.17762955
0.19824735
0.18048099
0.16567356
0.19358442
0.17994223
0.20271160
0.14171301
0.18571902
0.17462330
0.18798949
0.19855294
0.17884769
0.19578501
0.17560752
0.16282753
0.20373765
0.18250054
0.16334280
0.18315440
0.15622917
0.14822320
0.17551076
0.15012579
0.16649572
0.15840168
0.15144268
0.16824444
0.18103121
0.16156596
0.18824294
0.18543333
0.20443850
0.16501288
0.16095537
0.19763368
0.18169825
0.15776420
0.15397041
0.17771884
0.19266870
0.18977443
0.18747802
0.15086814
0.19186538
0.17229891
0.16585122
0.17042015
0.16051395
0.19290063
0.18711154
0.17091870
0.16400216
0.16930508
0.16693215
0.17326885
0.17217221
0.17590229
0.18611685
0.16420626
0.22098817
0.21240965
0.16212309
0.18377828
0.15076274
0.20108443
0.16858772
0.17797639
0.15861369
0.18206392
0.17418588
0.16522036
0.15677412
0.18279676
0.14163711
0.17883162
0.15758019
0.16191898
0.17848489
0.15620441
0.16851772
0.20075922
0.16224422
0.15219176
0.15151476
0.16962782
0.18523558
0.19022763
0.15917833
0.18639670
0.19042981
0.19383165
0.17329686
0.18862844
0.19040636
0.16542246
0.13658005
0.17794947
0.16906752
0.19294751
0.15240190
0.16221554
0.18542184
0.16703678
0.16078484
0.18225162
0.20830090
0.20165005
0.14329903
0.17264969
0.18010707
0.16463749
0.16621003
0.19217941
0.15774148
0.18207834
0.16320693
0.16939293
0.21338389
0.16987927
0.16951429
0.21428852
0.19500755
0.19915650
0.15075406
0.14805148
0.15037287
0.16125264
0.15821085
0.16771164
0.17166835
0.18644236
0.19323738
0.21468214
0.15200435
0.13942978
0.19585555
0.17952125
0.16335005
0.17050687
0.16879833
0.18046511
0.18877273
0.15361185
0.20196956
0.17487272
0.16726883
0.18032169
0.15152839
0.16731638
0.20169762
0.16008497
0.15120840
0.20394790
0.16810194
0.17035535
0.13847254
0.17106902
0.19653706
0.20648767
0.19182132
0.14256313
0.19414069
0.15385146
0.16280303
0.18942031
0.15434023
0.16631604
0.18052043
0.16656031
0.15576793
0.17586822
0.20239071
0.19108464
0.18264846
0.17259870
0.16542824
0.15067532
0.19810862
0.20424237
0.18110550
0.16212125
0.16907037
0.16826495
0.22110544
0.16831164
0.23355992
0.13926880
0.18426833
0.20044230
0.15939841
0.15479322
0.19307597
0.20613395
0.17553466
0.16415213
0.15938814
0.19950485
0.24162675
0.17728819
0.19412922
0.17393955
0.20687861
0.16621682
0.20336693
0.16580761
0.17509261
0.16870104
0.17685275
0.16631516
0.15548506
0.16437498
0.18234249
0.18235485
0.15598956
0.16970062
0.20634972
0.17158654
0.19738718
0.17052266
0.16131595
0.17564551
0.18161311
0.16862629
0.16797379
0.16545301
0.14756111
0.20665547
0.19284541
0.18097372
0.19414851
0.17352064
0.15722523
0.20303547
0.15564623
0.15384947
0.19376466
0.18873590
0.17538107
0.19534648
0.15009794
0.18647835
0.20401136
0.15396194
0.15888384
0.16405222
0.15360316
0.16163160
0.16285830
0.17104324
0.17531002
0.17980677
0.14700112
0.16962616
0.17609029
0.21333708
0.14753660
0.14919534
0.18429176
0.22345332
0.15335442
0.18537093
0.21708182
0.18375864
0.18718301
0.17818143
0.16870791
0.18242485
0.18141490
0.19989872
0.20381489
0.22232996
0.16516203
0.21326422
0.17421061
0.17121412
0.18066347
0.14874339
0.16936017
0.16658750
0.16689078
0.18790469
0.24333791
0.17534222
0.18929512
0.15564782
0.19949747
0.15823037
0.16619704
0.16969272
0.15051195
0.18060801
0.14958316
0.19764691
0.18763262
0.15382358
0.19939180
0.17218631
0.19006970
0.17891992
0.16622571
0.19212368
0.20268635
0.19217264
0.15943097
0.18585248
0.19742231
0.16089471
0.17563696
0.14993030
0.17635420
0.23726312
0.16427549
0.19246149
0.18386059
0.17661624
0.18755114
0.16946032
0.18207871
0.18591803
0.19673999
0.17182316
0.21386866
0.19487980
0.18345459
0.18820595
0.15657745
0.14822179
0.18084257
0.18503960
0.16220571
0.24972223
0.18275300
0.17495601
0.18824426
0.17589061
0.14965701
0.18476148
0.18205063
0.17597471
0.18036560
0.18917796
0.14721614
0.22026616
0.18805746
0.17817831
0.16951308
0.19418258
0.19894328
0.17751382
0.14375334
0.17184569
0.18897169
0.16623065
0.18957304
0.17451240
0.15956832
0.19958343
0.17269421
0.16233771
0.16510164
0.17550262
0.15796144
0.16316686
0.20475426
0.17825985
0.17607225
0.16642782
0.18857920
0.15337081
0.23463820
0.17170651
0.19168532
0.15056289
0.16492442
0.16807544
0.17373426
0.16983516
0.16949597
0.17916428
0.22800070
0.18468394
0.16212064
0.17950875
0.17576507
0.16817294
0.16294920
0.15833489
0.17732313
0.18713639
0.19494020
0.18167366
0.20192998
0.17692476
0.15521214
0.16152651
0.17457731
0.16267004
0.14967264
0.20128759
0.17542395
0.19930556
0.16975970
0.16539751
0.17417677
0.16092436
0.21495275
0.16209727
0.18275375
0.21797121
0.18114378
0.18231248
0.21121323
0.19953256
0.16183841
0.17401938
0.19701029
0.18954219
0.19925273
0.16684588
0.20073804
0.17186801
0.17389213
0.20837603
0.14879235
0.18199872
0.17889656
0.18700068
0.21447521
0.20409393
0.18610727
0.16481725
0.20598431
0.18347812
0.16800377
0.20323344
0.17188185
0.15093827
0.20079105
0.16511741
0.19454394
0.17380194
0.19094486
0.20458721
0.19475038
0.15520500
0.18393348
0.14473563
0.18413377
0.17376885
0.18553681
0.16992426
0.18302298
0.17069915
0.19480674
0.19057864
0.24384778
0.18818178
0.18612442
0.20167723
0.16436315
0.16088346
0.15065691
0.18092946
0.17449527
0.21537939
0.19529096
0.19053117
0.17723968
0.17557849
0.20087079
0.18072184
0.22000392
0.18382581
0.17360189
0.17088031
0.20540181
0.17974317
0.18603703
0.16282570
0.16834749
0.18445361
0.16636530
0.15307385
0.18334668
0.17270553
0.17384669
0.18394213
0.17211444
0.21088200
0.17332893
0.15194445
0.18635956
0.15481104
0.15948009
0.20303990
0.17348284
0.16032181
0.18411406
0.17642988
0.21860005
0.14994795
0.22949248
0.17711495
0.16964724
0.20974034
0.16827274
0.16114532
0.15964575
0.20783042
0.16890562
0.19034600
0.19890304
0.19868753
0.16211391
0.19621860
0.19815444
0.16295190
0.20059878
0.19115465
0.17981160
0.18917735
0.18988401
0.16786144
0.16423189
0.15374632
0.16647624
0.17072018
0.24876437
0.19071512
0.17927974
0.18546970
0.15999585
0.18536445
0.15268189
0.17528851
0.20283782
0.15285291
0.15585290
0.16581695
0.19181032
0.18953248
0.15719151
0.20086778
0.18357089
0.14837368
0.20220774
0.18383110
0.19870006
0.18863804
0.16617855
0.14377734
0.18229374
0.16979343
0.19554599
0.15322575
0.22714509
0.17688312
0.15693168
0.15087596
0.17240477
0.16381889
0.18285181
0.18966922
0.16431288
0.16412734
0.21666504
0.18697661
0.18887205
0.16054797
0.16527417
0.13791373
0.19648855
0.19178648
0.17815579
0.16934443
0.15766463
0.19125828
0.16814793
0.16372254
0.17791420
0.16338136
0.20122035
0.17849481
0.17300976
0.22463101
0.22171632
0.14674340
0.18352804
0.17808547
0.18022679
0.16322440
0.14678731
0.19048245
0.17420715
0.16476709
0.16543610
0.18050981
0.18246323
0.19573052
0.18892235
0.16327314
0.19415872
0.18858271
0.15569157
0.18254476
0.20649401
0.16774740
0.21074456
0.16726110
0.15599401
0.20773873
0.17766938
0.17758090
0.20031348
0.17836905
0.16196950
0.15182292
0.15157057
0.16544230
0.17166704
0.19262334
0.16942583
0.17159649
0.17390118
0.16735805
0.17385255
0.16448440
0.17624379
0.15612066
0.18056394
0.18370540
0.14137320
0.16055136
0.15553752
0.14930992
0.17538580
0.13518472
0.15956578
0.17529924
0.17994243
0.17674434
0.15644326
0.17890839
0.17121901
0.18696457
0.17429805
0.20043122
0.16942496
0.18303260
0.20919527
0.17961350
0.19994246
0.17672663
0.16780175
0.18723440
0.17295958
0.18192585
0.17211821
0.14836307
0.17552691
0.17753860
0.16392281
0.19703764
0.20201111
0.15846444
0.18017326
0.18711277
0.18764866
0.15633118
0.18388016
0.15504982
0.18941890
0.16451890
0.15731845
0.23069831
0.14990192
0.16024574
0.17618907
0.18709166
0.21896905
0.17434649
0.18829093
0.16902067
0.15114715
0.17050291
0.20159947
0.17028194
0.20176439
0.15122821
0.22488384
0.18882179
0.15903322
0.16892595
0.16948240
0.16352439
0.16177933
0.18151911
0.16751248
0.16516266
0.17415808
0.17536851
0.16546845
0.15340923
0.19349489
0.19228644
0.17748293
0.17189645
0.19015129
0.16723452
0.17290212
0.22918715
0.15289874
0.16166228
0.18353648
0.15793970
0.17907317
0.16670227
0.17400071
0.14476033
0.18717051
0.16564893
0.14353611
0.15864633
0.17864062
0.15303108
0.13145310
0.19747343
0.18035254
0.14102906
0.20270819
0.17388007
0.19879862
0.15775817
0.17510893
0.18776052
0.18073711
0.18548569
0.18397847
0.14065306
0.20527798
0.18785217
0.18888250
0.16589515
0.17591576
0.20710820
0.16077774
0.21265582
0.18780627
0.18019472
0.19496175
0.18799022
0.16524942
0.18245010
0.16450756
0.15773171
0.17421777
0.18181792
0.16101214
0.18319167
0.16185510
0.17680915
0.20868082
0.19414832
0.18483593
0.16352369
0.19758741
0.14732600
0.20295142
0.17972885
0.19124994
0.22344469
0.24961317
0.14071935
0.17292515
0.18389588
0.15861188
0.15496313
0.21002548
0.17229202
0.17952587
0.18664270
0.17871758
0.16390582
0.16428822
0.19859804
0.17335496
0.17238457
0.16851853
0.14538607
0.16250508
0.19295858
0.17402454
0.20050866
0.18944486
0.17219983
0.19540727
0.21838120
0.18864995
0.18699653
0.16094056
0.17459982
0.20389113
0.18659902
0.19896356
0.19627087
0.24708006
0.15874062
0.15431836
0.16150338
0.18506544
0.16642868
0.17827010
0.19569054
0.17557812
0.17528889
0.20228548
0.18961036
0.18644344
0.16531954
0.18454086
0.16159110
0.18580087
0.15791467
0.18078752
0.18754169
0.19500146
0.14622473
0.17676145
0.17720690
0.16847896
0.18013637
0.18441195
0.16923124
0.19142346
0.21846741
0.19565986
0.16064205
0.16698447
0.19472995
0.18536546
0.17589926
0.17126438
0.19937351
0.18847791
0.18834650
0.15194578
0.18580142
0.18170090
0.19501468
0.17172079
0.19237462
0.16177812
0.13695523
0.19037774
0.13489923
0.19717781
0.16279929
0.16342302
0.20354990
0.15904927
0.19252875
0.20818347
0.16227330
0.15514502
0.16857271
0.18173144
0.22310759
0.19563006
0.16896351
0.17715079
0.17427225
0.15382946
0.18805314
0.16777630
0.17105587
0.21075055
0.17657832
0.17372793
0.21205541
0.19030438
0.17064283
0.18199312
0.16530961
0.16675310
0.15719292
0.18427847
0.17686778
0.18474342
0.19495312
0.19810729
0.18748737
0.17647835
0.18349931
0.16587782
0.17107966
0.19487657
0.19728044
0.19713746
0.15224844
0.16758974
0.20816053
0.20858673
0.17165197
0.17181066
0.17616714
0.14807747
0.21079383
0.17289552
0.14827747
0.17649587
0.19910202
0.17412495
0.17950748
0.19846145
0.16618444
0.16647817
0.16595352
0.19848796
0.23573650
0.18468113
0.19124648
0.15864996
0.19048284
0.18340657
0.18144438
0.17895747
0.20375609
0.19556333
0.15061811
0.14452297
0.16553000
0.18660816
0.14507575
0.19418430
0.21450649
0.15485726
0.20008754
0.19968684
0.15766559
0.17514049
0.17841739
0.21105663
0.18172680
0.19925020
0.16991170
0.18453708
0.17312311
0.14938803
0.14992920
0.18669077
0.18668412
0.18249319
0.15831285
0.20547979
0.17275708
0.17639298
0.17248028
0.18078281
0.17354988
0.20746435
0.21141444
0.16571658
0.13804834
0.16249547
0.17186703
0.16688397
0.17506768
0.16308682
0.18057247
0.18357408
0.16706960
0.17537780
0.16398618
0.17164295
0.19753225
0.20622420
0.17770871
0.14628680
0.17300991
0.17929714
0.17315327
0.16842754
0.15929695
0.18951784
0.15470182
0.15072532
0.16066849
0.17877683
0.15871067
0.19568833
0.20148728
0.17749554
0.21089983
0.21761419
0.19793876
0.21557198
0.17056408
0.14773344
0.18005862
0.16732611
0.18025402
0.16459379
0.18238088
0.19236821
0.15121928
0.19362823
0.17189152
0.16747351
0.16620678
0.18762018
0.20492961
0.19498762
0.16142497
0.17285182
0.18241770
0.18814828
0.17601234
0.20984291
0.17142052
0.17544765
0.15304317
0.15376423
0.19123102
0.22717170
0.16285706
0.16931868
0.19681991
0.17013453
0.18564458
0.17499251
0.21196194
0.19181656
0.20911919
0.18603677
0.15741983
0.19320292
0.16368423
0.19322352
0.16930468
0.16775913
0.14538428
0.15701604
0.16084187
0.16942683
0.15109745
0.17150939
0.18757795
0.16543809
0.19924046
0.20061244
0.17249758
0.16472703
0.19814829
0.16115438
0.21251043
0.16614615
0.16176229
0.17233209
0.16415912
0.19859976
0.20389159
0.15454831
0.18329016
0.18377853
0.17741008
0.15825962
0.21128573
0.16988696
0.16368838
0.18614060
0.19192668
0.19986080
0.16213992
0.16277748
0.19262415
0.15944711
0.15417551
0.21331933
0.18588642
0.19138351
0.19786299
0.17010587
0.18134749
0.20405089
0.17655069
0.19172271
0.22035384
0.17627594
0.18246602
0.16348500
0.20041028
0.17812904
0.14747970
0.17909127
0.18159875
0.18977067
0.17627478
0.18726749
0.16191684
0.19023611
0.14896473
0.15876300
0.14531271
0.18156060
0.15363836
0.19278078
0.17896767
0.18424158
0.15457969
0.20455017
0.16827727
0.22047158
0.15688934
0.16490464
0.15042774
0.14059225
0.21519857
0.15206123
0.18447086
0.17906205
0.16034538
0.18485957
0.15902876
0.16338749
0.17354263
0.15547866
0.19841090
0.17491827
0.18319155
0.16756353
0.18461420
0.16970066
0.19523284
0.19269226
0.16207296
0.16079200
0.16797676
0.14625027
0.18047312
0.17107834
0.19440847
0.20010442
0.16223868
0.17684871
0.17062457
0.18587036
0.17182356
0.23749266
0.17390247
0.15902066
0.18599903
0.17553365
0.20158342
0.18195180
0.16263409
0.14449359
0.17061203
0.14987416
0.16622645
0.21570159
0.20485842
0.24288743
0.19244186
0.19045308
0.18989765
0.16557969
0.17453850
0.13727698
0.23183632
0.18608435
0.15499618
0.19834944
0.20199753
0.18951213
0.18104301
0.18280672
0.17312075
0.16128733
0.16239482
0.15209370
0.17096706
0.22503567
0.23133129
0.16431652
0.16420636
0.20905612
0.16839833
0.19646114
0.20152082
0.17896097
0.18032769
0.19554795
0.17321950
0.14988405
0.16188284
0.18693680
0.19357904
0.22990306
0.15941755
0.16238181
0.18073140
0.19390808
0.21603580
0.16816763
0.20560963
0.20660500
0.17909453
0.15658368
0.18050140
0.17871557
0.15765469
0.18069765
0.18006606
0.19338515
0.19778410
0.20283064
0.17027987
0.16718110
0.16578563
0.19145370
0.18309669
0.16763862
0.16482771
0.18688164
0.16061894
0.18376692
0.15790809
0.15890500
0.16441547
0.15394000
0.19189187
0.16364057
0.12965319
0.18473081
0.14283700
0.15030761
0.15316155
0.17722456
0.22255342
0.18198277
0.18453275
0.17222596
0.19902892
0.17046581
0.19389015
0.22845485
0.17754859
0.16824540
0.19144423
0.16880085
0.19705649
0.17479284
0.19350007
0.16463835
0.20006807
0.17615322
0.15806563
0.17209050
0.18277048
0.18090563
0.20231062
0.19047504
0.16881245
0.18691466
0.15020292
0.18380320
0.19624730
0.16212119
0.17170477
0.16426597
0.22179952
0.14868268
0.16317972
0.20452956
0.19345331
0.17509847
0.18717306
0.16576588
0.19589012
0.20582806
0.17690248
0.16910802
0.15820990
0.15006291
0.18884779
0.17432596
0.16093304
0.18738967
0.15053992
0.17126195
0.14182116
0.14838740
0.17966306
0.19233374
0.18872969
0.18482290
0.17159411
0.18065698
0.20796290
0.16614960
0.19689634
0.21468182
0.21742087
0.16800826
0.17312263
0.16374800
0.14452435
0.14941273
0.18451686
0.17745569
0.19530906
0.18185929
0.14665635
0.18875730
0.16653092
0.21481011
0.15518365
0.21352203
0.15521385
0.17331798
0.18422224
0.18586739
0.16755216
0.16885659
0.18678108
0.20128744
0.16353793
0.16587761
0.18171594
0.15878595
0.15870332
0.18934357
0.19101439
0.15578643
0.15623809
0.17881341
0.16774212
0.16600100
0.20129038
0.18250961
0.17446169
0.15711002
0.18588266
0.16140793
0.14901964
0.22485884
0.17168414
0.22995814
0.16392975
0.16660851
0.16220268
0.17281967
0.21750323
0.15656263
0.17411805
0.16399280
0.14962852
0.21083908
0.17094658
0.16973388
0.16061843
0.16900899
0.16350221
0.16685962
0.18441925
0.20166842
0.17997638
0.19312510
0.16603798
0.17265863
0.18893578
0.15883200
0.15639243
0.17855122
0.17573224
0.20918081
0.15443346
0.14256117
0.17709081
0.14809472
0.20300934
0.15010900
0.15954440
0.16626953
0.14658524
0.17334464
0.14620816
0.20682679
0.14687834
0.16936606
0.16276190
0.17174973
0.14753286
0.17985606
0.22097164
0.21700349
0.17211070
0.23315814
0.20845047
0.19944667
0.18616588
0.17849404
0.19017134
0.18153100
0.17485950
0.16023508
0.18840889
0.19041536
0.19772058
0.15057334
0.21720786
0.16901185
0.15130323
0.19851319
0.15506978
0.12460475
0.19755639
0.15878927
0.18977164
0.21559498
0.19714609
0.20879776
0.19180734
0.18346237
0.18030431
0.18113154
0.18112470
0.18283073
0.18588730
0.20181450
0.16545518
0.16511745
0.22211414
0.15441321
0.19027375
0.18795012
0.19091933
0.16442688
0.19540765
0.16208141
0.18488722
0.16193014
0.20099861
0.13146795
0.15453672
0.18652268
0.18142690
0.20663678
0.19530408
0.16591207
0.16782218
0.17935615
0.20998727
0.15927581
0.19403009
0.21713540
0.17582185
0.19064727
0.19557316
0.16722402
0.18892813
0.18274908
0.15964556
0.17843803
0.16938200
0.18903865
0.19135834
0.16042865
0.21764334
0.17921885
0.20094878
0.18723103
0.17327879
0.20553789
0.16072500
0.18575027
0.18099550
0.14033863
0.17751296
0.18801865
0.19403556
0.19442070
0.20096041
0.18841595
0.18427092
0.18508153
0.15423343
0.17429001
0.18320007
0.16748193
0.21952940
0.20823668
0.18842912
0.16628890
0.17943361
0.15867586
0.18078209
0.17883822
0.17737183
0.14436791
0.21994604
0.16130870
0.18358532
0.17900177
0.18640642
0.18155817
0.18165358
0.15800822
0.14193649
0.18920006
0.18815346
0.20998286
0.18696889
0.15251398
0.18336348
0.16282581
0.16217582
0.18143451
0.17705912
0.16387396
0.18454918
0.24822569
0.15972808
0.17240060
0.22546955
0.17568403
0.17229715
0.20572281
0.16658473
0.17226172
0.14649801
0.19757982
0.16159974
0.18209573
0.18142898
0.17299777
0.18996242
0.21760934
0.19624359
0.18452747
0.22978837
0.18058702
0.18615080
0.16660258
0.17456341
0.18975246
0.16712645
0.18206631
0.14671931
0.15721587
0.16871354
0.14445684
0.19465654
0.16431383
0.14745368
0.17445845
0.18869899
0.20252758
0.14106356
0.21241298
0.14981684
0.16589576
0.18375003
0.17799374
0.19101461
0.20496070
0.19644719
0.16525865
0.20119868
0.18270104
0.15812782
0.16920223
0.23670811
0.19594319
0.16949365
0.20199600
0.16558870
0.16479161
0.16148282
0.16108907
0.16339908
0.22309896
0.17824597
0.20492487
0.18865029
0.17276216
0.17995164
0.21867895
0.13356993
0.18467332
0.19198588
0.17669400
0.20672801
0.21421550
0.19300615
0.15379517
0.21273728
0.19135476
0.17825143
0.16274134
0.15012787
0.15171372
0.18104881
0.17970835
0.16760663
0.20153598
0.19379904
0.17789154
0.15824479
0.17636859
0.19300833
0.19099236
0.16472351
0.19689335
0.17690201
0.17298059
0.16552623
0.17364399
0.16090288
0.17052573
0.15939926
0.14653132
0.17218152
0.24082822
0.21295328
0.14973190
0.18076809
0.15335077
0.18137294
0.20252886
0.15545819
0.14544482
0.18899383
0.17950480
0.15888372
0.14353780
0.18707813
0.17792131
0.17558767
0.19709391
0.20915903
0.19965770
0.18476976
0.19482067
0.18587583
0.16531369
0.16332144
0.15615616
0.18627861
0.20570470
0.15778742
0.19014086
0.15963827
0.20057123
0.15321325
0.16696330
0.15708761
0.16130040
0.20699796
0.16722769
0.16613201
0.19123522
0.16530110
0.18287159
0.17559786
0.16411588
0.17105553
0.17144881
0.19789484
0.15044798
0.19416747
0.14644234
0.17106876
0.17427012
0.16952143
0.18420645
0.16962951
0.17124309
0.16876648
0.15864459
0.17825886
0.20487451
0.16617080
0.19463242
0.16174121
0.21305110
0.22357516
0.18342209
0.22464269
0.16814654
0.19188570
0.18645350
0.18159770
0.17878106
0.19330970
0.19985804
0.17020455
0.16319383
0.18835026
0.22208725
0.19466956
0.24172977
0.16989859
0.17019096
0.19703778
0.18009438
0.18345347
0.17933245
0.16492776
0.14729120
0.14839006
0.16113521
0.16897684
0.15253401
0.19616163
0.18070108
0.15785230
0.21771109
0.19145956
0.15088651
0.21934784
0.16356749
0.16817689
0.18732212
0.17435641
0.19405506
0.16867683
0.15126992
0.16479883
0.22507518
0.16220552
0.18146047
0.18789947
0.15356099
0.20111993
0.16962231
0.15451054
0.21874224
0.19588171
0.17180274
0.19086625
0.16165762
0.18179186
0.22024505
0.16161574
0.16687397
0.17569531
0.18971921
0.16142964
0.19974393
0.15160076
0.15343764
0.18954192
0.17762959
0.19497081
0.19741873
0.18973252
0.20587268
0.20682942
0.15846507
0.17824808
0.17782360
0.19230596
0.18142494
0.18838767
0.19669260
0.19612892
0.17080647
0.21199690
0.17082378
0.17324311
0.17467824
0.17116268
0.17550338
0.15906037
0.16398796
0.17406383
0.16041920
0.16327629
0.16267042
0.22876968
0.18511914
0.15218296
0.15887724
0.15874129
0.16465831
0.15830101
0.14746358
0.16581240
0.19429732
0.20500039
0.19851769
0.16247382
0.20410573
0.17523231
0.16970070
0.18947193
0.14826138
0.16400743
0.18525363
0.17186258
0.19089784
0.17203232
0.13892795
0.17929744
0.20035733
0.20353975
0.17093704
0.15425864
0.18599501
0.17188683
0.19061181
0.18852420
0.17179862
0.17179264
0.17629772
0.16845904
0.16378359
0.17888908
0.21330786
0.17368466
0.16434187
0.20674635
0.14776628
0.19795959
0.17337707
0.17362994
0.16869954
0.19346900
0.17788457
0.18730336
0.18199389
0.15517940
0.20152084
0.20594154
0.18983436
0.20361719
0.15156774
0.18577913
0.20214973
0.18429993
0.19900243
0.17334673
0.15059974
0.22186310
0.19441135
0.15752694
0.17358557
0.19370276
0.17733478
0.17483820
0.17134323
0.18247048
0.16665458
0.16585838
0.18980640
0.15163315
0.15501833
0.16863590
0.17602332
0.18860520
0.17308143
0.16697816
0.16803450
0.21244968
0.22494652
0.19479133
0.17282796
0.13626300
0.23711832
0.19820454
0.15871915
0.21241599
0.20140924
0.16829833
0.17177884
0.18984985
0.17937000
0.19913154
0.16010023
0.19161451
0.16596850
0.15424806
0.17786975
0.17956712
0.17587483
0.20037039
0.17797623
0.19775183
0.22222436
0.21548494
0.18226821
0.20252983
0.19641166
0.21338673
0.21616605
0.18653342
0.14920358
0.18738665
0.19305479
0.17637584
0.16570891
0.19361792
0.21837791
0.15668143
0.18412381
0.18499985
0.17872791
0.16954914
0.15250722
0.22936457
0.16612226
0.16419445
0.20063342
0.19632290
0.15428416
0.17829882
0.16791736
0.21617127
0.20062931
0.19610945
0.16700574
0.19652797
0.15979482
0.20005283
0.17633709
0.20232673
0.15916792
0.19639297
0.14346809
0.16950754
0.18682456
0.20351870
0.18896863
0.16577855
0.19559525
0.17634901
0.15452554
0.18212839
0.17020847
0.20315444
0.19069952
0.18653970
0.20232277
0.18977281
0.17624327
0.19851259
0.20389911
0.16911204
0.20036086
0.16791775
0.18596935
0.19215637
0.16024687
0.19334520
0.17804011
0.17219104
0.15428885
0.18180747
0.20513316
0.17364046
0.17602374
0.17071487
0.15445220
0.15735624
0.20645207
0.17943048
0.15765822
0.17910881
0.16450390
0.18250755
0.17011953
0.18955410
0.18728630
0.17878289
0.17554965
0.19143027
0.17258887
0.14423999
0.18609790
0.17779160
0.19620309
0.19155993
0.20601037
0.13788903
0.17671881
0.23277970
0.15353293
0.16714286
0.24070462
0.14133356
0.19972225
0.23288568
0.17597191
0.16732227
0.20684919
0.18841350
0.18711022
0.17349690
0.17192158
0.19266206
0.16460206
0.17855693
0.15819329
0.20282345
0.20440644
0.16588990
0.16442495
0.15754912
0.14635460
0.18101432
0.17094830
0.17853498
0.18633699
0.18237684
0.19147677
0.18638657
0.15958279
0.19459689
0.18602158
0.17035284
0.17342287
0.16270925
0.16657515
0.17611535
0.14745621
0.21531183
0.19137931
0.16140139
0.17445055
0.13211023
0.19157332
0.21902656
0.16178419
0.20780486
0.16402499
0.22428306
0.17594327
0.20959733
0.19329540
0.19350013
0.15940147
0.19881778
0.15256941
0.20503030
0.18229659
0.15048041
0.19899916
0.16230218
0.19923282
0.17725801
0.21362142
0.19913021
0.20199271
0.16671807
0.16999440
0.22847665
0.18286299
0.18800173
0.18427603
0.22049458
0.18692296
0.19018837
0.17903209
0.17629757
0.17339344
0.21018049
0.16270230
0.18626114
0.17946026
0.24458175
0.17540168
0.20527766
0.17516747
0.19981450
0.17386748
0.15196302
0.19306410
0.17589126
0.15527059
0.17517245
0.18270638
0.17649513
0.16452410
0.17920984
0.20931148
0.13250380
0.21058127
0.17749579
0.17636056
0.14317469
0.15566522
0.15388341
0.16225467
0.15815337
0.16287729
0.18611062
0.19231503
0.15553557
0.17134349
0.16503726
0.15933343
0.18619863
0.18250405
0.16893069
0.18707412
0.16959202
0.15589174
0.16337853
0.14926036
0.21810702
0.16601941
0.18167636
0.14817837
0.16378558
0.19856717
0.22794892
0.17229385
0.16116478
0.16359048
0.18451011
0.14921090
0.18748797
0.15085147
0.15201485
0.18579284
0.18118766
0.16797547
0.17699897
0.19545587
0.16320167
0.20809398
0.17956586
0.17525308
0.18122638
0.16103382
0.20149626
0.25034177
0.18442562
0.17587118
0.19667553
0.16642031
0.19740920
0.16832506
0.17401725
0.15114239
0.15811395
0.21080227
0.20805087
0.17727776
0.22782847
0.16486445
0.19846130
0.14229584
0.15144218
0.15943892
0.16831705
0.15069490
0.17466556
0.19043047
0.17118277
0.16685983
0.17368972
0.16763584
0.19829039
0.21849728
0.14893641
0.18353007
0.16067277
0.16841477
0.17836916
0.16646520
0.17197583
0.17571607
0.19944456
0.19930064
0.14785574
0.18864794
0.17909960
0.20551526
0.15839290
0.19175500
0.16977864
0.14415186
0.16120230
0.19058351
0.19613970
0.16397950
0.16032381
0.18022608
0.18494161
0.17521109
0.18105374
0.17817703
0.16420533
0.16236563
0.17075891
0.14950668
0.19602362
0.15795099
0.24798457
0.14531502
0.22365270
0.17018578
0.17164646
0.18408275
0.19236580
0.16823936
0.18739738
0.21622602
0.16177111
0.16764059
0.18286219
0.16881227
0.17347927
0.16324705
0.17791595
0.17701620
0.19709248
0.20747995
0.17168549
0.19549348
0.22860033
0.19496287
0.16405402
0.18666633
0.18086257
0.18013360
0.21275754
0.15683462
0.17349796
0.18786318
0.18739621
0.19937202
0.18714643
0.14965060
0.17090168
0.16228242
0.18065466
0.17699891
0.21904617
0.16519365
0.17836263
0.19555978
0.18127989
0.15612625
0.17162934
0.15680848
0.18226429
0.18815408
0.21229486
0.16078784
0.20058623
0.15714116
0.17026574
0.15186535
0.18742872
0.16429158
0.14573232
0.18614668
0.15405656
0.18592467
0.19216297
0.17476828
0.15454586
0.15639893
0.16768728
0.18596623
0.22091505
0.15691708
0.17656214
0.17259113
0.15662852
0.20282086
0.15570146
0.19315443
0.13909037
0.17368360
0.15813227
0.14947128
0.17570374
0.18903748
0.17392955
0.14571367
0.15466566
0.19894226
0.16521738
0.17686275
0.16347974
0.18533066
0.17542768
0.15904448
0.17292183
0.19702923
0.18802677
0.16847395
0.19196527
0.15559306
0.17104575
0.20467924
0.19958241
0.14699425
0.18234738
0.18259392
0.15477104
0.23125659
0.16282249
0.14837444
0.16889980
0.16894628
0.16794900
0.18850304
0.15754125
0.16619663
0.19884234
0.13934194
0.19886190
0.19659065
0.16330246
0.17418761
0.17544123
0.19161216
0.15571599
0.16978117
0.21417404
0.16753866
0.17038190
0.14867476
0.19294521
0.22472466
0.18801748
0.20591921
0.17488246
0.17269341
0.18943457
0.23040707
0.16615292
0.18731000
0.19031287
0.24065470
0.17506773
0.17014250
0.22385481
0.19340069
0.19664364
0.18145960
0.17037043
0.14494205
0.17561254
0.18111067
0.16888272
0.16080414
0.20565035
0.16814993
0.18126603
0.18390826
0.19537042
0.16388385
0.15483330
0.17801960
0.14768406
0.17577452
0.21192973
0.17536057
0.15917312
0.22168457
0.13807975
0.17758725
0.15553247
0.19948349
0.15601668
0.13909146
0.18392603
0.18738249
0.16759961
0.23054714
0.18259545
0.17719840
0.17611286
0.19182216
0.18939818
0.16138094
0.14951623
0.19014571
0.19327911
0.17092074
0.14047962
0.14407630
0.15829616
0.17029208
0.16972875
0.17152317
0.19262084
0.16747476
0.19670161
0.19660156
0.19918446
0.15991590
0.15474273
0.16511502
0.17069864
0.17226823
0.13804137
0.17883148
0.18772258
0.18468434
0.15261201
0.15498808
0.16901385
0.16795584
0.16783221
0.18168363
0.17052383
0.15146046
0.17669250
0.18592147
0.19395891
0.17555416
0.17590722
0.17988554
0.18506725
0.17063545
0.17443144
0.18362880
0.18023617
0.18259947
0.14763061
0.20518069
0.16357781
0.14342616
0.22297957
0.15284663
0.16058406
0.16956232
0.18721122
0.18491558
0.23370707
0.15719724
0.22075249
0.15898718
0.17795675
0.21016089
0.18580007
0.13947919
0.19492870
0.15083840
0.17400342
0.19165222
0.15436906
0.17914944
0.18168858
0.15922259
0.19527013
0.21145365
0.19216494
0.14360328
0.18268246
0.14542656
0.15453685
0.17086553
0.17504008
0.14912362
0.15926541
0.15369326
0.22424600
0.16316035
0.17318294
0.17609884
0.16886893
0.16622560
0.18672204
0.19129486
0.18206044
0.22097811
0.17570113
0.20055603
0.17744216
0.18524747
0.14801041
0.16110470
0.16298600
0.19122430
0.19326819
0.18170463
0.16200580
0.16919613
0.16476270
0.17042696
0.19735198
0.18356338
0.18762864
0.16875181
0.18901528
0.15017212
0.19925311
0.18164424
0.15289463
0.17390304
0.16780791
0.16976187
0.18690132
0.16339199
0.17855294
0.19414590
0.19340962
0.22969971
0.19130062
0.20776213
0.17346509
0.19783780
0.17259060
0.16912743
0.16940076
0.16754161
0.15002135
0.19752322
0.20939095
0.19506491
0.17814752
0.17317472
0.18123841
0.16148987
0.16893496
0.18982195
0.16214086
0.15093256
0.21426384
0.17527006
0.17194586
0.19374078
0.19079896
0.18259334
0.18021792
0.19820759
0.24186412
0.15517877
0.18881328
0.17837870
0.14873831
0.18322663
0.15360879
0.16235213
0.12775021
0.19341287
0.18688326
0.15289992
0.15744908
0.14839162
0.15392604
0.15842897
0.21357220
0.18464820
0.15834926
0.16252007
0.19290128
0.16759093
0.19597107
0.16547820
0.15420620
0.17359648
0.18783668
0.17985180
0.17098777
0.17482770
0.19637623
0.18178187
0.17171881
0.18264558
0.20787784
0.19396974
0.14447553
0.17891660
0.18731667
0.20089988
0.17654026
0.18312206
0.16279759
0.17129395
0.17637374
0.18306283
0.18870611
0.21103303
0.18504633
0.17221315
0.18690919
0.15339192
0.17883984
0.17848627
0.18631396
0.19789215
0.18433111
0.19606397
0.17683860
0.16064225
0.17232170
0.18074399
0.15390124
0.15674569
0.17382679
0.18311313
0.18769554
0.18728285
0.16865660
0.14883743
0.18303701
0.15894266
0.16406541
0.18538876
0.15881519
0.17785774
0.16396016
0.18113602
0.16662436
0.16667492
0.15601673
0.17528537
0.15988025
0.17312438
0.18400156
0.15420735
0.19614675
0.20957435
0.15937696
0.14587124
0.18138756
0.20699002
0.18005078
0.15325369
0.15990527
0.18157277
0.15995239
0.15875555
0.20246915
0.19689412
0.17499927
0.19204885
0.18254270
0.15438213
0.16233615
0.19299916
0.18006052
0.17852232
0.15603766
0.16657665
0.20709388
0.17315626
0.17685910
0.19925601
0.17573088
0.20290696
0.17106373
0.18105639
0.17944969
0.17657434
0.16459469
0.17146528
0.20394693
0.21202401
0.17577813
0.15927357
0.14411424
0.16741705
0.18205987
0.17522103
0.15999671
0.19404816
0.16434926
0.17697294
0.16362580
0.17982006
0.18528721
0.18758438
0.21358246
0.18212511
0.18475879
0.16198801
0.16155203
0.19381829
0.23087821
0.21182658
0.17742237
0.19434732
0.18107103
0.17539057
0.17487973
0.18327486
0.18554401
0.18435029
0.14366502
0.19078817
0.18750264
0.19780444
0.16735810
0.21922191
0.18397545
0.19352544
0.18537165
0.17496298
0.19164847
0.17392286
0.19254191
0.16394002
0.19512296
0.17404749
0.18276501
0.18239601
0.17382338
0.18171961
0.22072727
0.19059672
0.17947156
0.16314018
0.16708201
0.17827034
0.17895780
0.17841652
0.19050845
0.19609305
0.17927401
0.16984954
0.17466340
0.16651325
0.18797705
0.14940209
0.17029173
0.16088892
0.22382488
0.20745448
0.16149354
0.16013911
0.16294069
0.20958954
0.19595306
0.18957737
0.16406423
0.21018733
0.19413755
0.19903563
0.17884580
0.16733223
0.15636043
0.19878669
0.15975332
0.18022079
0.19189613
0.24155126
0.17585953
0.19459861
0.15742902
0.16235832
0.21878073
0.18094314
0.18706813
0.17501282
0.17109320
0.16804231
0.17921608
0.14884630
0.20361237
0.15083572
0.17531279
0.18529775
0.14804662
0.17983163
0.19532943
0.17354049
0.17028624
0.15854471
0.14506624
0.17567692
0.16219938
0.17708845
0.19833074
0.17650715
0.16804309
0.24992824
0.19292882
0.18753320
0.17857524
0.18550636
0.16004050
0.18749846
0.15500855
0.18377616
0.22101283
0.16129939
0.20830683
0.17305466
0.16776918
0.18577694
0.14633163
0.19567920
0.18505688
0.20567228
0.17349880
0.16765307
0.17338036
0.16242807
0.18967835
0.20581425
0.18538637
0.18611707
0.18047293
0.19006073
0.17350910
0.17400495
0.19866029
0.17417633
0.16738480
0.20803553
0.14365896
0.18765441
0.20694126
0.19080022
0.17884131
0.16903880
0.17590728
0.17799796
0.18558728
0.15066798
0.18858604
0.16456216
0.20529407
0.19182525
0.20674184
0.17821154
0.17434631
0.16292775
0.21040473
0.18761635
0.15854767
0.16604484
0.17888446
0.17536641
0.18796518
0.20287846
0.18365528
0.20086006
0.16341310
0.18350705
0.13912213
0.17971615
0.16962948
0.17257418
0.23356265
0.17057758
0.14996208
0.15543349
0.17325859
0.16324425
0.16427120
0.17759956
0.16102915
0.18354326
0.17467696
0.16964481
0.18546176
0.21035956
0.19106563
0.20101209
0.16521209
0.19449660
0.18830592
0.19915903
0.20512945
0.18479154
0.20917159
0.18643064
0.16576884
0.19783177
0.16491009
0.18731616
0.17448064
0.15760664
0.18845783
0.19243251
0.20048430
0.17133663
0.16603550
0.19510757
0.16856896
0.16521419
0.21019105
0.16570896
0.20648370
0.17951605
0.20367124
0.22078802
0.16806406
0.18109433
0.19743316
0.20463102
0.18181376
0.19206691
0.17767391
0.17079712
0.19080678
0.16179510
0.15796247
0.17460853
0.19894382
0.15199783
0.19254559
0.20459841
0.18656658
0.20444603
0.17105363
0.16217211
0.17741193
0.16749057
0.14732403
0.16491371
0.16554286
0.15553105
0.15989512
0.18455801
0.19235057
0.19944658
0.18146686
0.19392560
0.17062339
0.16903974
0.20256338
0.19829376
0.18227440
0.23543167
0.19531086
0.16386601
0.15895984
0.22578685
0.18416588
0.15092580
0.17760138
0.18396141
0.18163326
0.18008476
0.16885415
0.17708769
0.16380796
0.15401030
0.17810093
0.19985355
0.17922612
0.20610882
0.17675375
0.15838012
0.17200047
0.16688214
0.19276007
0.18339123
0.16200672
0.19871941
0.18299577
0.16466696
0.18550773
0.16076990
0.18597653
0.20494782
0.16800131
0.19187844
0.20185882
0.17630985
0.19667651
0.21242996
0.16083528
0.18642697
0.19437602
0.16590202
0.14626789
0.19671317
0.17172764
0.23705807
0.16030470
0.18413409
0.19670294
0.17865680
0.15264653
0.17493989
0.23591184
0.20285637
0.16429816
0.18802048
0.17590504
0.23856499
0.17586753
0.16111373
0.15826065
0.13190173
0.20995039
0.18892878
0.17936110
0.17047894
0.17491958
0.17368878
0.19616930
0.20698658
0.20914658
0.18479896
0.19930549
0.18198979
0.15921592
0.18623852
0.17835847
0.20547571
0.16983038
0.18336841
0.16343599
0.16291479
0.17827778
0.19199600
0.15418250
0.19791644
0.23233987
0.17506930
0.17560745
0.20893157
0.19541821
0.19159845
0.15130907
0.19191228
0.16094999
0.17249004
0.15793621
0.17860195
0.19973995
0.17366448
0.18771473
0.18795720
0.15938895
0.19209564
0.17892393
0.17331684
0.15007605
0.17911807
0.19184651
0.17894489
0.18670912
0.19916692
0.16136702
0.17140974
0.22165366
0.15784602
0.15834099
0.17897610
0.19498877
0.16671580
0.23460750
0.18159335
0.16589668
0.20110400
0.17906718
0.16383314
0.17303370
0.19867420
0.19921540
0.14535122
0.17172031
0.16345236
0.17089478
0.19597945
0.20375535
0.16249113
0.18667476
0.15208726
0.18447811
0.17948362
0.18154821
0.15437048
0.17297840
0.17232587
0.17243926
0.15838802
0.21715478
0.20149760
0.16460543
0.14875918
0.17678628
0.17654453
0.17381159
0.16415761
0.15524239
0.17004840
0.16321207
0.17797934
0.18125192
0.17745164
0.19373554
0.16568082
0.16581068
0.17474653
0.17527280
0.17605500
0.20809194
0.17907567
0.22490130
0.19916916
0.17156006
0.18990114
0.13894053
0.19514373
0.16399849
0.17110301
0.18440296
0.16715313
0.21418186
0.19103413
0.17481603
0.16687355
0.18366400
0.16182782
0.15501458
0.18175679
0.18521858
0.17814315
0.20287163
0.18272888
0.17991432
0.19870659
0.19405726
0.18620343
0.18097262
0.15608077
0.17443743
0.17451017
0.17865590
0.17562632
0.16778826
0.18760220
0.17419938
0.18953802
0.19349889
0.15662482
0.15689703
0.16938159
0.16313267
0.16205552
0.21715276
0.18644309
0.18241807
0.22637988
0.17849731
0.18074372
0.15984813
0.16424497
0.18019597
0.18105255
0.16932712
0.15780087
0.17725121
0.17037987
0.14629493
0.18887468
0.16458828
0.19586990
0.17233651
0.19863797
0.16585650
0.19634155
0.20001152
0.18293478
0.20307060
0.20698233
0.19163137
0.16898583
0.14615763
0.20064143
0.16233638
0.20582954
0.16647389
0.13628873
0.16659880
0.17485944
0.15017615
0.17978246
0.15656811
0.15506710
0.23556658
0.17233338
0.19432541
0.16643050
0.18526318
0.17060537
0.18373728
0.21954364
0.19000601
0.17036164
0.15906542
0.16402807
0.16548937
0.22021598
0.16653386
0.16998139
0.17819721
0.17548496
0.21722742
0.16478261
0.16776239
0.15534618
0.16976338
0.18678372
0.14300951
0.17096846
0.17115215
0.16872878
0.18688961
0.19919002
0.16956509
0.14144565
0.15590740
0.18256195
0.18158199
0.21507444
0.17997527
0.20204022
0.18435242
0.21208011
0.16483112
0.21665701
0.16958969
0.16993765
0.19450243
0.17319718
0.16810938
0.14934538
0.19931274
0.19329705
0.21631714
0.18501162
0.15601997
0.20157935
0.15279436
0.15917502
0.18262148
0.17359800
0.13991320
0.18236738
0.17550580
0.22113500
0.15694644
0.15228874
0.14841047
0.19566746
0.16026063
0.13580933
0.18233909
0.17823437
0.20550928
0.19543443
0.22026872
0.15143590
0.20835795
0.16822637
0.20489846
0.19685271
0.19419014
0.17518643
0.20882758
0.14996167
0.18628777
0.18340276
0.15346008
0.20173387
0.17168947
0.17831859
0.18257608
0.15879806
0.20721210
0.17253859
0.18819930
0.16472013
0.23328405
0.16827581
0.16897038
0.17784827
0.16271900
0.15389204
0.17875933
0.15103884
0.13424416
0.18020354
0.16572914
0.16798435
0.14950005
0.17550796
0.17264528
0.19285935
0.14310393
0.15644565
0.15607496
0.19700448
0.15580248
0.15674012
0.20938719
0.16749653
0.17099435
0.17859394
0.18664928
0.16220562
0.18098768
0.17838890
0.16306429
0.16398841
0.18852222
0.15302393
0.14746595
0.18991044
0.13792873
0.18791201
0.18436379
0.17264544
0.16880493
0.17049783
0.15207896
0.18409958
0.15646270
0.19374926
0.19712912
0.17847513
0.16182833
0.18403811
0.20059680
0.24251808
0.18936980
0.19707907
0.15506235
0.16836249
0.16843970
0.17943212
0.17955924
0.15469516
0.16226364
0.14060481
0.15164254
0.17377236
0.17124960
0.18755119
0.20632615
0.19021743
0.15586050
0.15840830
0.19240028
0.15590407
0.15771696
0.17863896
0.21006321
0.18163934
0.17247562
0.16894299
0.22007736
0.14388094
0.18035329
0.18086959
0.18636230
0.19794340
0.16084082
0.19366293
0.15422131
0.18821124
0.17255236
0.16727348
0.16662053
0.15592319
0.19584744
0.17684655
0.15669396
0.16981300
0.17091113
0.19043605
0.18131933
0.15134524
0.19088475
0.18038450
0.15873909
0.14479620
0.15385095
0.17194712
0.17278354
0.17790940
0.17075587
0.20000002
0.18737483
0.18062326
0.17563892
0.15854098
0.17256873
0.20759084
0.18169765
0.21691826
0.16553076
0.18309020
0.19747257
0.20334572
0.16802143
0.16108372
0.18038928
0.19176580
0.16025227
0.16170683
0.15263922
0.19640345
0.18575331
0.19862551
0.17282837
0.16925330
0.18280210
0.21116486
0.19997252
0.18558160
0.16664971
0.18075766
0.15328491
0.17420023
0.17231465
0.14809151
0.16716442
0.18802857
0.15938121
0.16955931
0.15496537
0.18480925
0.13832207
0.16678962
0.18104183
0.19568587
0.19809162
0.21295674
0.17578811
0.17157071
0.21639456
0.17921250
0.15639418
0.19761764
0.16110341
0.16372727
0.16307015
0.21183810
0.15840047
0.18950504
0.15292747
0.19433843
0.16363310
0.17022869
0.15247817
0.18846915
0.18753577
0.15315089
0.17536743
0.14901938
0.17809011
0.16163276
0.18548586
0.18188014
0.19173046
0.17466297
0.20537715
0.18735355
0.21267627
0.18957014
0.15951044
0.15683686
0.17374947
0.17854905
0.20574275
0.18529220
0.18662677
0.19272587
0.15473664
0.18116974
0.21669920
0.16175740
0.15556636
0.19243354
0.17566860
0.16932450
0.18214210
0.17552687
0.17797234
0.18121016
0.17422915
0.16051118
0.15300819
0.18710083
0.15956885
0.17028678
0.15655952
0.14390312
0.17078955
0.18858543
0.20259214
0.19094351
0.16130077
0.15186419
0.21042289
0.18085869
0.16158318
0.20592814
0.18877656
0.16202297
0.16497462
0.15800061
0.16659988
0.16344291
0.17638286
0.20393611
0.16411307
0.16724257
0.18148400
0.18145195
0.18251884
0.16910924
0.16063210
0.15167751
0.17742642
0.18292557
0.16596087
0.17943570
0.17254364
0.16463340
0.17270340
0.17073620
0.16828755
0.17477782
0.15109825
0.15197681
0.17740458
0.19213182
0.17773916
0.15921348
0.19421039
0.16728172
0.16278095
0.17007788
0.17437851
0.21064656
0.21414824
0.23465342
0.14650781
0.22966025
0.14900679
0.20699943
0.17240045
0.18538292
0.17383993
0.17214866
0.15756699
0.18937991
0.15593671
0.22911273
0.20448060
0.20733441
0.14236204
0.17721308
0.20361353
0.20188588
0.15448766
0.15949858
0.16461349
0.16750860
0.17815166
0.18450670
0.16566195
0.15172145
0.14650121
0.18381276
0.18012898
0.21222007
0.17112933
0.15012353
0.18613990
0.18814841
0.15292126
0.18166939
0.17310630
0.19320058
0.21307308
0.19630548
0.17169167
0.15717991
0.19765413
0.17630239
0.15389271
0.17736893
0.16087827
0.14861446
0.19188520
0.17993754
0.16802245
0.19985835
0.16620419
0.16588495
0.19439009
0.19530075
0.22423758
0.19978346
0.16430988
0.20454813
0.17543618
0.17678740
0.19990843
0.19468994
0.22420549
0.22862612
0.15591806
0.16784911
0.15987957
0.17468926
0.18079812
0.15990084
0.16794907
0.15743029
0.15988368
0.18747268
0.16836343
0.17768127
0.15870277
0.19070881
0.16588816
0.18054015
0.18318202
0.15705040
0.17246020
0.15397986
0.18226461
0.18756793
0.16653626
0.20273961
0.16996750
0.17958101
0.18498402
0.18158588
0.16779825
0.20318460
0.18481540
0.14715528
0.18626281
0.17881933
0.15501398
0.17682781
0.19583079
0.16222150
0.20256744
0.14841573
0.17851019
0.18284063
0.17559034
0.21931502
0.14913332
0.17180595
0.20028276
0.16314224
0.18143693
0.16063965
0.19689395
0.16854666
0.18404050
0.17224257
0.15439924
0.17539974
0.16283249
0.14790995
0.17642273
0.14278258
0.15655915
0.15463273
0.21995380
0.18139783
0.16493114
0.18299865
0.16246067
0.16413650
0.15442039
0.13907424
0.20801151
0.16011281
0.16100988
0.16709594
0.17624843
0.16816197
0.18040134
0.21697041
0.18151526
0.19722286
0.19711327
0.19911388
0.19171194
0.16097869
0.15068737
0.17394861
0.16333799
0.17717850
0.18680201
0.20698822
0.16454975
0.17934332
0.15754207
0.18720527
0.17980472
0.15398987
0.21317231
0.20758690
0.16320965
0.16125612
0.17781801
0.17552451
0.17894890
0.14119692
0.21486845
0.16585202
0.20128557
0.17257378
0.14170966
0.16066210
0.20347612
0.15414831
0.17638392
0.17690967
0.17801953
0.15172020
0.15576828
0.17622317
0.19763013
0.17664394
0.16719817
0.16673378
0.17439915
0.18496807
0.20735772
0.16834999
0.19637270
0.17522194
0.18051519
0.17400009
0.19548843
0.18923107
0.17585476
0.18089873
0.18085469
0.16533450
0.14601470
0.16640437
0.17964951
0.16350080
0.19295921
0.19110162
0.18169535
0.19815884
0.15827041
0.18235243
0.20365796
0.18196898
0.13519881
0.18703539
0.17408911
0.17521238
0.14996800
0.15440590
0.15745809
0.17412265
0.15335729
0.19350570
0.14145397
0.16307993
0.18043012
0.15282074
0.18831156
0.16608148
0.18170698
0.19352464
0.15449876
0.16226182
0.20847675
0.16572414
0.17568311
0.18222477
0.19712091
0.22487133
0.16166562
0.18396531
0.17523130
0.19105021
0.17343049
0.18634662
0.16244542
0.15404038
0.19233276
0.17661774
0.19437081
0.21690080
0.18645666
0.18236506
0.19671864
0.17954350
0.18244104
0.17488948
0.18458185
0.17439058
0.16346988
0.15231133
0.18394546
0.16705090
0.19854197
0.16516327
0.15120230
0.14489473
0.19296242
0.20505329
0.20619205
0.21721569
0.16906103
0.16018614
0.16969484
0.21343272
0.17540987
0.17387599
0.18128802
0.20392232
0.17608605
0.14212504
0.18907212
0.18340126
0.16349769
0.16820335
0.19763214
0.18710219
0.14733178
0.17168204
0.16305774
0.16212989
0.17314190
0.18463016
0.15991956
0.17578527
0.18664742
0.15895230
0.18665514
0.14849230
0.15799779
0.17562018
0.16223920
0.20323950
0.17075399
0.13931607
0.19488099
0.19323050
0.17433650
0.15917390
0.14744814
0.15543479
0.18779720
0.19837605
0.18719368
0.18506047
0.16940688
0.16672292
0.15220159
0.17284853
0.16884248
0.15115958
0.18304958
0.18827894
0.19165593
0.17890891
0.16631912
0.17834082
0.15081505
0.18826508
0.16870679
0.17368126
0.16663186
0.14923391
0.18654244
0.19130765
0.15753800
0.15842370
0.20505050
0.17597441
0.17604133
0.15930239
0.18318169
0.17724612
0.17333128
0.16862099
0.18783874
0.18533682
0.16473254
0.14208114
0.23460896
0.15542629
0.15333094
0.20296418
0.16827079
0.23128309
0.17928211
0.15748145
0.18875421
0.18799719
0.17263124
0.17682755
0.17248696
0.16981820
0.15500216
0.17309768
0.16340868
0.18354863
0.18460156
0.20330018
0.16118887
0.16842949
0.15947793
0.19656822
0.15849556
0.17262497
0.17660062
0.19958894
0.17795992
0.16456284
0.19594804
0.16522796
0.15951255
0.19395872
0.16096924
0.19771209
0.18666432
0.17820301
0.16823138
0.16994751
0.17659448
0.15194296
0.16243575
0.18074920
0.19009468
0.15995131
0.17481605
0.17505220
0.17558487
0.15618236
0.20434047
0.19229202
0.18454110
0.20582733
0.14078140
0.19708575
0.16361351
0.17625641
0.17444230
0.18969241
0.19098317
0.16606736
0.16314641
0.15372124
0.15819177
0.17346893
0.20083207
0.19946317
0.17072507
0.17151080
0.21215389
0.17891257
0.19433244
0.19244040
0.20314581
0.17878305
0.18715358
0.18223644
0.17699906
0.18373132
0.15673389
0.16788363
0.16345538
0.18661518
0.16002223
0.16329138
0.21057404
0.17856883
0.16813886
0.15954716
0.16234382
0.20088423
0.19255428
0.25254957
0.16194498
0.17226896
0.19024200
0.17599132
0.17443846
0.16462877
0.16527165
0.20418177
0.17328313
0.17438371
0.16361902
0.18315433
0.17943739
0.20711395
0.13203985
0.17509863
0.17304079
0.15892460
0.21779731
0.17645263
0.19771659
0.16184988
0.17781584
0.18642213
0.17308967
0.20509280
0.15901456
0.20758947
0.19819035
0.17432596
0.15976651
0.16773263
0.17517934
0.14866049
0.16263828
0.18550768
0.17369105
0.19101823
0.15798101
0.16595253
0.18723469
0.17739640
0.16022095
0.13646842
0.16004299
0.17027330
0.15451462
0.16410368
0.17158318
0.17180433
0.16923657
0.17942319
0.16367891
0.16034443
0.17777471
0.17958702
0.16370841
0.20654806
0.23548756
0.18580033
0.17213826
0.18175111
0.20540319
0.16397400
0.17044471
0.15965474
0.16525558
0.15489872
0.20930670
0.15707525
0.17460438
0.16819568
0.20295466
0.19319058
0.16274670
0.20849430
0.20862917
0.16177476
0.17514492
0.17676889
0.16979248
0.18391419
0.19711769
0.19114554
0.18563540
0.16663891
0.18651884
0.16673720
0.17413984
0.18212835
0.15789383
0.16331376
0.16606662
0.19658424
0.16192989
0.18261958
0.16817924
0.19148300
0.21187187
0.16497350
0.17238479
0.17590376
0.16490476
0.18229802
0.18802670
0.17400981
0.15239835
0.16136986
0.16616256
0.15862038
0.18585692
0.17004782
0.16000549
0.17890204
0.20440258
0.17017348
0.18745191
0.14843512
0.14137522
0.18365289
0.16643880
0.19333393
0.15840726
0.19616342
0.18976330
0.16195044
0.15015477
0.16248756
0.16935329
0.18220470
0.19942290
0.15461416
0.20164899
0.19469116
0.16358848
0.15847867
0.21413205
0.15617077
0.16160476
0.18670460
0.18256483
0.17030089
0.17926323
0.17120098
0.17263874
0.17268018
0.16926233
0.17147732
0.17975427
0.17497591
0.18005897
0.15159229
0.17110822
0.18557951
0.19166321
0.15363492
0.17574643
0.18794722
0.17683918
0.16730249
0.19175616
0.15745018
0.19448530
0.16996809
0.21311506
0.21457037
0.15008687
0.16144752
0.16483357
0.15005133
0.13140148
0.17374985
0.15001765
0.16916780
0.16894117
0.18876823
0.18293320
0.19270373
0.19700850
0.16448176
0.19251005
0.16376559
0.20349631
0.19553695
0.14151728
0.18601602
0.15529170
0.17480698
0.14939786
0.17697417
0.17169165
0.16516524
0.19630992
0.15711456
0.19716409
0.16363964
0.21124144
0.16914476
0.16722910
0.14483272
0.18065274
0.16284046
0.17546594
0.18307911
0.15934118
0.18692554
0.19725436
0.15787065
0.17428229
0.17621692
0.18029821
0.16603905
0.18907253
0.16866915
0.17771165
0.16837093
0.23188551
0.17686140
0.16209278
0.18279437
0.19754038
0.17090068
0.19478073
0.19428743
0.14983110
0.20042727
0.21151648
0.18137042
0.17838400
0.17578660
0.17232064
0.17965403
0.14913652
0.16419837
0.19350030
0.19010504
0.18287081
0.16975624
0.20833594
0.16882838
0.17933066
0.14652677
0.19655442
0.17266084
0.16535790
0.16854948
0.18324328
0.17976076
0.17159273
0.17300774
0.21924414
0.18368172
0.16117371
0.18074205
0.18142019
0.15323430
0.20890296
0.21644392
0.18059180
0.19125133
0.21669876
0.17456017
0.16979617
0.17608577
0.18478602
0.16266852
0.15490562
0.15756760
0.13396209
0.16349696
0.14336193
0.19261696
0.14439572
0.19886940
0.19472745
0.17053514
0.21951361
0.14261203
0.17150504
0.21482595
0.18509211
0.18952044
0.18311754
0.19312999
0.19038339
0.16649878
0.19733845
0.16202499
0.16783953
0.21458790
0.17114156
0.16986785
0.16982086
0.17717890
0.19741288
0.17984914
0.19004337
0.17076990
0.22572472
0.16181436
0.17253281
0.17907599
0.17090565
0.18345705
0.19019617
0.17784103
0.18876532
0.17588212
0.19521893
0.22426872
0.15776992
0.17267937
0.15519197
0.18681105
0.17019267
0.18457421
0.14714236
0.17982918
0.16085608
0.17275467
0.17441148
0.18904594
0.19058193
0.19298819
0.15677313
0.16396609
0.18929297
0.17373309
0.16183421
0.16918457
0.15799302
0.15903166
0.18542496
0.18057210
0.19052907
0.18292966
0.19577906
0.17291025
0.18283775
0.24173286
0.19549587
0.17494667
0.18968223
0.16894621
0.15993726
0.17225701
0.17308359
0.17992400
0.22693176
0.19470426
0.19781783
0.18018661
0.15208977
0.19004321
0.23441532
0.21318778
0.18483808
0.18872480
0.19581187
0.21359788
0.16497160
0.17420984
0.17832078
0.18388814
0.17135093
0.16119388
0.17595226
0.15321084
0.19197666
0.19456756
0.16119145
0.17364203
0.15362879
0.23279549
0.19000373
0.19931597
0.17658988
0.17063634
0.18409751
0.20531892
0.16759768
0.20543659
0.17000798
0.14697541
0.17963390
0.18900565
0.21642873
0.14817817
0.14999858
0.16549570
0.18520635
0.18602458
0.16617983
0.17427426
0.18346309
0.18403719
0.18803453
0.16159349
0.19181438
0.18145547
0.17538574
0.16679809
0.17976229
0.20303732
0.15359367
0.16023872
0.20176054
0.19061850
0.16397164
0.19411792
0.15577668
0.20227193
0.17137986
0.17788334
0.19264607
0.18801402
0.15111044
0.16154870
0.17451835
0.18304883
0.18777206
0.17570787
0.17736842
0.17339024
0.20302829
0.17365147
0.19978829
0.20846301
0.18132865
0.16921075
0.17777692
0.14594537
0.22670952
0.17985220
0.17493168
0.19008115
0.18157826
0.15016779
0.17518251
0.18878605
0.14879130
0.19588013
0.21952032
0.13554278
0.16393449
0.21374328
0.19710971
0.20575115
0.19058140
0.16440402
0.16917501
0.17601325
0.14758443
0.21174982
0.18444729
0.15582252
0.17391527
0.18998919
0.15614567
0.15663195
0.17669810
0.16000564
0.19118013
0.19035130
0.19497372
0.18906196
0.18478975
0.17232632
0.14770140
0.21650622
0.22850263
0.18679324
0.19528683
0.17443008
0.21208903
0.18628551
0.17772650
0.18571689
0.14679996
0.21404846
0.18263764
0.14871098
0.22155906
0.18232861
0.17650594
0.18457516
0.17833261
0.15368608
0.15895816
0.17256512
0.20123947
0.19789435
0.16089477
0.16943133
0.17588098
0.15957930
0.17118203
0.18396824
0.18795416
0.19900482
0.17859500
0.23374047
0.18246759
0.18857458
0.19474762
0.16191423
0.17578853
0.19217878
0.13175561
0.18936247
0.22991039
0.19164680
0.16612529
0.22369578
0.16160550
0.18791949
0.19231030
0.16800463
0.18338986
0.19046603
0.13657103
0.17814048
0.16886604
0.17879859
0.16036123
0.14571398
0.16058125
0.19478543
0.21604599
0.17036110
0.20311943
0.19945606
0.16843278
0.16429137
0.17108465
0.19299946
0.20712693
0.17652666
0.14209490
0.17890287
0.18085430
0.15667333
0.16048659
0.15319026
0.17842188
0.15017318
0.16927565
0.16322845
0.16047612
0.18807546
0.16278139
0.17220989
0.17019385
0.16811922
0.19063793
0.16587451
0.15833634
0.15039125
0.15503535
0.15595306
0.17316578
0.18329259
0.18314922
0.21019624
0.16957476
0.16724302
0.15367577
0.17831873
0.15451392
0.19918369
0.16341327
0.15876792
0.17359254
0.19643561
0.16146962
0.20873990
0.17624266
0.16393622
0.17299808
0.15700078
0.20231301
0.17486696
0.17337829
0.20639894
0.13585460
0.16038737
0.17975270
0.18953632
0.15245340
0.18523250
0.17301518
0.16386096
0.17010893
0.20168181
0.20024191
0.18649736
0.14738848
0.18976236
0.18310062
0.14580017
0.15286011
0.17073671
0.21139624
0.13895929
0.18395400
0.20839742
0.19259209
0.16985535
0.18572749
0.17591756
0.17297627
0.18533094
0.19766773
0.18021206
0.19629142
0.17387795
0.16608857
0.18183216
0.20049501
0.17207758
0.18838213
0.17520146
0.18442874
0.16829153
0.18458078
0.19834221
0.17654049
0.16925199
0.19316913
0.14964913
0.17601328
0.16144663
0.18204533
0.15968236
0.18937133
0.17441015
0.14268245
0.14683688
0.20477030
0.18382964
0.18417181
0.21333365
0.23481700
0.19402038
0.17334495
0.16331033
0.17991023
0.16886938
0.16521318
0.19530748
0.18375934
0.19608695
0.17854956
0.14678146
0.16479087
0.19574333
0.16184695
0.24894838
0.17826496
0.15217932
0.17676591
0.16514589
0.18749064
0.18358476
0.16440679
0.15297393
0.20577936
0.18639465
0.16458096
0.14417332
0.18757895
0.18673847
0.20877248
0.17266997
0.15243208
0.21298316
0.16093571
0.15402408
0.19073803
0.19345914
0.19953890
0.17130896
0.17817252
0.16204474
0.15698259
0.17410171
0.20068750
0.19035227
0.18259784
0.19705883
0.16257107
0.17264092
0.15694832
0.19509874
0.17180947
0.14407922
0.17015989
0.17115930
0.20605143
0.17110000
0.23689374
0.18677295
0.17232739
0.19263739
0.18848404
0.20207073
0.19949995
0.15441867
0.17123840
0.15612677
0.16202167
0.17551766
0.19932794
0.19595357
0.15314218
0.16786827
0.18499033
0.21604572
0.15401294
0.20220812
0.18336903
0.17654682
0.16703834
0.16508128
0.14434778
0.15909040
0.15064509
0.17257785
0.17382816
0.15487308
0.16855630
0.19414621
0.17739653
0.15697001
0.22215593
0.18614322
0.17305725
0.15871499
0.24290182
0.19017861
0.15987973
0.17128826
0.14650674
0.17629604
0.15597562
0.15374771
0.18576169
0.15983682
0.16476301
0.18067968
0.19036202
0.14076652
0.19297776
0.18275671
0.20421231
0.17209047
0.17086613
0.16947357
0.16650996
0.15015073
0.14837688
0.17134582
0.18090720
0.18588120
0.17345521
0.19339792
0.16296125
0.20666067
0.16597634
0.16740120
0.19018832
0.18971875
0.18764718
0.19684683
0.15462482
0.19015314
0.19200428
0.15205209
0.18938268
0.19360817
0.15931479
0.13926735
0.18252615
0.16990162
0.18282850
0.19668742
0.18452383
0.16171539
0.20034632
0.21134881
0.16193683
0.17106339
0.16107663
0.17601304
0.18671585
0.17303777
0.16608740
0.17358251
0.16657541
0.15118700
0.17518967
0.17035430
0.17678241
0.21696891
0.16061145
0.18884578
0.19074652
0.18915110
0.19854822
0.21193858
0.19260211
0.19830639
0.16748324
0.19214950
0.17384848
0.19338331
0.16196726
0.18988719
0.17943321
0.15872703
0.18963799
0.16473856
0.17277065
0.17941531
0.17480159
0.15632007
0.15563407
0.16986294
0.17194565
0.20787863
0.16218435
0.17122851
0.16555401
0.15947044
0.18854968
0.19048209
0.17464903
0.17835471
0.17601790
0.14475524
0.15343477
0.17351745
0.16664613
0.18798616
0.15834427
0.20336115
0.18150571
0.16447249
0.15873595
0.20210586
0.19765164
0.19177088
0.17156856
0.18016974
0.19182768
0.22897170
0.16578502
0.16368114
0.19103823
0.18715639
0.15724559
0.19290779
0.15866353
0.15076932
0.17534330
0.19013548
0.16211427
0.18723274
0.19265718
0.15042982
0.17156263
0.17572380
0.18103595
0.19938902
0.18673126
0.18901016
0.18562856
0.18487914
0.19824293
0.20181278
0.19271854
0.16067104
0.18999865
0.22757598
0.17473551
0.18932605
0.16688606
0.17144602
0.17660965
0.19664575
0.18619782
0.17115845
0.15506772
0.15496174
0.17214198
0.18360935
0.14570657
0.16793239
0.19107322
0.18409699
0.19603743
0.18396039
0.16791609
0.18011531
0.19395648
0.20424847
0.17130038
0.21370494
0.16698212
0.15424369
0.15109084
0.18363250
0.16198261
0.18718140
0.18226500
0.18747543
0.21128527
0.19053452
0.17055746
0.16594475
0.19700498
0.16216895
0.15932035
0.17599440
0.17675623
0.14902731
0.18358843
0.17359974
0.17174211
0.16445903
0.17357897
0.20207907
0.17278779
0.17247295
0.16987485
0.21582333
0.18410860
0.18029574
0.19363459
0.22954333
0.19544443
0.16914260
0.19179532
0.17429178
0.19376102
0.18710422
0.16242633
0.15774669
0.15774708
0.17235941
0.20717849
0.17336175
0.16158269
0.19473456
0.16814092
0.19875669
0.17889296
0.17800360
0.22674119
0.18861167
0.17372907
0.19211563
0.16105309
0.19125886
0.15287578
0.20019502
0.18428450
0.15592748
0.17292511
0.15092717
0.18086836
0.16702628
0.17290851
0.15069372
0.15560498
0.16227335
0.17040234
0.18232508
0.16283872
0.18375032
0.17884572
0.18473307
0.17287988
0.16919404
0.19614274
0.19797650
0.20601260
0.15566514
0.18092181
0.22339559
0.15539414
0.22943637
0.17545385
0.22818830
0.20231701
0.20088685
0.15770494
0.15550836
0.19490580
0.17074997
0.19309899
0.21190864
0.18660684
0.16918129
0.17693989
0.19322215
0.21214095
0.15001534
0.15045245
0.18916448
0.21010510
0.21816010
0.19567760
0.16659879
0.20125023
0.17432481
0.20489145
0.15016206
0.19173047
0.15582416
0.19256688
0.17894393
0.19270684
0.16385968
0.19479715
0.15507170
0.20066231
0.17977956
0.18612048
0.15157550
0.16194766
0.13596127
0.18624935
0.22102113
0.13728412
0.14821419
0.16608868
0.17537923
0.18643965
0.17375083
0.18739719
0.16090387
0.14772668
0.16195434
0.19798974
0.15330765
0.18617389
0.17508626
0.15527012
0.16650166
0.19037930
0.17909711
0.16134730
0.17471516
0.16077557
0.19003286
0.18325005
0.17494177
0.17914590
0.18115112
0.18717527
0.17177506
0.18042291
0.18202058
0.18174326
0.15740894
0.25526407
0.17672583
0.14792196
0.15641009
0.18880992
0.20269756
0.16791608
0.17689963
0.17205090
0.16744097
0.16458102
0.17427283
0.16598829
0.19793493
0.16020022
0.17413709
0.19909368
0.18952505
0.19572419
0.17299727
0.17453326
0.16948109
0.19159610
0.15239006
0.16976558
0.22593906
0.17270224
0.20403505
0.22328743
0.18908601
0.19911056
0.18285698
0.16820048
0.15806145
0.19688519
0.15879550
0.17111948
0.18723752
0.17061115
0.19726997
0.18755184
0.19844751
0.19810706
0.16299609
0.17971399
0.19807552
0.19163972
0.19338364
0.16475126
0.16666879
0.19543170
0.18835944
0.18137813
0.15772948
0.18100791
0.16847374
0.18924719
0.17743538
0.16345863
0.16417870
0.20425824
0.16964779
0.17442727
0.18232541
0.20431095
0.15913601
0.19298916
0.18043105
0.20662476
0.17321128
0.15417877
0.19890989
0.22498310
0.16651916
0.15907871
0.16430144
0.17581830
0.15484594
0.19750809
0.12967813
0.15982901
0.16577217
0.19644522
0.17947739
0.20086143
0.18251222
0.18151649
0.16802040
0.17090766
0.21218567
0.18955920
0.19036524
0.23534174
0.22216675
0.15163556
0.19682658
0.16982201
0.20091965
0.19118409
0.15624925
0.17351147
0.18039808
0.17699160
0.15931468
0.16013470
0.16189188
0.15653251
0.17855663
0.18064097
0.16504150
0.17539710
0.19821244
0.15300835
0.19200670
0.19115966
0.17869948
0.15598774
0.17859847
0.17115344
0.19298746
0.18799290
0.15500459
0.20773425
0.19955899
0.17562003
0.14970421
0.16487665
0.15468824
0.17897734
0.19951454
0.18743654
0.16271859
0.17637657
0.16323909
0.17834628
0.17777920
0.19234820
0.16721270
0.19148702
0.16734588
0.16175228
0.16554168
0.16520522
0.16437565
0.16612348
0.15046243
0.19476708
0.16626172
0.23035516
0.20118817
0.15351191
0.21714281
0.18508715
0.16854937
0.20638104
0.18050132
0.15993063
0.16404107
0.17745834
0.17214178
0.20885071
0.17262067
0.15424620
0.21490745
0.19861125
0.20526610
0.15753233
0.18005533
0.19007262
0.20883520
0.19490583
0.19992782
0.17064592
0.16464612
0.18377440
0.18331843
0.20430456
0.19865461
0.18067777
0.18623219
0.16602104
0.17651146
0.20678026
0.19525023
0.19947354
0.14978996
0.15684312
0.18695419
0.18399704
0.20136966
0.19296815
0.25383500
0.17079226
0.21406612
0.16912521
0.15307007
0.17914676
0.19885152
0.18029039
0.19190293
0.18035034
0.16080846
0.15476398
0.15951229
0.15424553
0.16530843
0.18307474
0.17763854
0.18413215
0.17943990
0.18815285
0.16963618
0.20548424
0.16911175
0.17988429
0.15811212
0.14090066
0.19519815
0.19957019
0.20989961
0.17341004
0.18624226
0.24043204
0.22900935
0.20672550
0.19417348
0.14488422
0.14327933
0.20630892
0.20671768
0.15432376
0.27465563
0.17239869
0.18518196
0.17082055
0.21846147
0.14563577
0.18434456
0.17296847
0.17502249
0.15651878
0.16797549
0.16480500
0.15557303
0.18001763
0.15765525
0.18608940
0.18603674
0.18380587
0.18774138
0.15217294
0.22104928
0.16792749
0.15770443
0.17266159
0.19082671
0.16287181
0.17767649
0.18982924
0.19179405
0.20192878
0.17045163
0.17285007
0.16840337
0.21638095
0.17395425
0.17820846
0.16299130
0.20805018
0.20780363
0.18528629
0.22208177
0.18394854
0.20414553
0.18884952
0.21211659
0.15683238
0.15739291
0.18992806
0.20147763
0.18378861
0.16878392
0.19940293
0.17019938
0.18027735
0.18754058
0.20169133
0.13236534
0.18104293
0.18346041
0.17614624
0.15634226
0.15842556
0.17068983
0.16177564
0.15311524
0.15165609
0.20905427
0.16281874
0.16694061
0.14616054
0.18112180
0.15904937
0.18692660
0.15892487
0.19463422
0.18629143
0.14893671
0.17806458
0.18065655
0.18097381
0.16969660
0.19408654
0.18589482
0.18409089
0.15853262
0.18027762
0.14652987
0.17273761
0.21769809
0.14782010
0.19223464
0.16343636
0.18202294
0.17872146
0.17249795
0.14768669
0.22217784
0.15204220
0.19462686
0.22277688
0.16168103
0.18747115
0.16630109
0.18031553
0.15114166
0.15946531
0.16271054
0.17247135
0.18624999
0.17317505
0.15759833
0.17566509
0.22345116
0.18952896
0.22679541
0.17095230
0.16262063
0.15240366
0.19713750
0.19109038
0.17672848
0.18647617
0.14792894
0.16588312
0.18285361
0.19579784
0.19235614
0.19014125
0.17786346
0.19707329
0.21165133
0.16557145
0.15511241
0.17040892
0.19761757
0.20641711
0.21259993
0.20319925
0.17586472
0.17130040
0.17398149
0.17035198
0.15765678
0.16411333
0.19944278
0.17240997
0.15320255
0.18057692
0.15892230
0.18276787
0.15715108
0.16669057
0.18326938
0.16436084
0.14610654
0.16290510
0.16694706
0.14590130
0.19093763
0.16014062
0.19707144
0.17607718
0.19729821
0.16249732
0.19429499
0.18257890
0.16193137
0.19687975
0.16672783
0.17244547
0.16194717
0.22501222
0.17096437
0.16931797
0.14525040
0.19344837
0.18183281
0.18994591
0.15407316
0.16945126
0.16817881
0.19982349
0.17182054
0.20296416
0.19568967
0.19279257
0.17407620
0.15443925
0.14788494
0.19811549
0.18570917
0.23504301
0.17654093
0.19104432
0.18797721
0.15543407
0.18434104
0.17918147
0.16846058
0.17223760
0.16400917
0.18601493
0.17531829
0.18667887
0.17924235
0.17574479
0.14594924
0.21906462
0.19280158
0.18657840
0.18176629
0.17393040
0.14387408
0.20084439
0.18998618
0.19671576
0.18135198
0.22774556
0.24915146
0.17470019
0.18611871
0.20305881
0.18173612
0.19512725
0.16090261
0.17497726
0.15608209
0.17903640
0.17960950
0.16605843
0.18902543
0.18162628
0.18665068
0.18368952
0.15543441
0.17793780
0.19639834
0.18535840
0.16781995
0.21282346
0.15540508
0.15435430
0.16745195
0.16411907
0.13998466
0.17310942
0.17243211
0.19224122
0.24390599
0.20819009
0.20306111
0.17120909
0.15975340
0.16933212
0.16937920
0.19234238
0.15802098
0.16344575
0.16424997
0.14934638
0.18014765
0.18880372
0.17437883
0.14978148
0.15252171
0.16005666
0.18491354
0.15734366
0.16337326
0.19786678
0.16782424
0.15711153
0.17686620
0.19312885
0.17800964
0.16044134
0.16516921
0.17914694
0.21032429
0.17118930
0.16953033
0.18641995
0.21898392
0.15392305
0.17985757
0.16029272
0.18914769
0.18187064
0.19632209
0.20392697
0.17976789
0.16175932
0.19558973
0.16633251
0.22075073
0.18773605
0.17654502
0.19707229
0.18790393
0.20353346
0.16262051
0.17927967
0.19313356
0.18102256
0.16494462
0.18199144
0.21082596
0.17229889
0.20561850
0.20362299
0.16101426
0.16761248
0.17088497
0.14043891
0.15864806
0.15836995
0.19376699
0.14925692
0.16395212
0.18056451
0.17042981
0.17054753
0.16969538
0.17335352
0.17941529
0.15956599
0.16106517
0.22536615
0.19520914
0.17756469
0.15513440
0.22857389
0.19212788
0.17651548
0.19088530
0.18621200
0.17335166
0.16811607
0.20226272
0.18225767
0.17171224
0.21219159
0.17346786
0.19927026
0.17759224
0.14798794
0.14161189
0.15707267
0.18623061
0.16202033
0.20661521
0.15394464
0.16784957
0.19028236
0.18789336
0.16774461
0.17820172
0.13478387
0.17886373
0.18225550
0.19303312
0.17851628
0.19036868
0.15911066
0.15904612
0.16085113
0.15282685
0.20444834
0.19918276
0.15627208
0.17509908
0.18462297
0.17848967
0.17944877
0.14985811
0.19305671
0.16416437
0.20013399
0.18805862
0.17755065
0.17585959
0.16877589
0.22780673
0.19502283
0.15250104
0.18062134
0.18870254
0.21132850
0.17927997
0.18627424
0.19509566
0.21004761
0.15521277
0.17461769
0.16666135
0.14177872
0.16459895
0.18402827
0.19094117
0.18399995
0.17317861
0.20946869
0.17786745
0.13857368
0.19932802
0.19614820
0.18713680
0.18492539
0.17116714
0.21611626
0.18180456
0.16089828
0.19223994
0.15522796
0.15149555
0.16597587
0.18126199
0.14520555
0.17784881
0.16291794
0.16071966
0.20415673
0.17900644
0.16099372
0.18725579
0.18208731
0.17370384
0.17488097
0.21717920
0.18944497
0.16400567
0.17273596
0.17080561
0.19556854
0.14739738
0.15763757
0.18237732
0.16382376
0.16371759
0.15503251
0.17367897
0.18373668
0.20377870
0.19176650
0.19084786
0.19495214
0.21465166
0.17340883
0.18855420
0.18340321
0.20324307
0.18132451
0.14051984
0.16042707
0.17430879
0.17781422
0.20139699
0.16845203
0.15971529
0.16055009
0.20652492
0.17845041
0.16378089
0.21563627
0.17380621
0.19818827
0.18888669
0.14210059
0.15199546
0.14155278
0.16726289
0.17835653
0.15469929
0.17377105
0.15731495
0.14999027
0.18302955
0.15133406
0.18340583
0.15462405
0.18264889
0.19455283
0.18681708
0.16729964
0.16130281
0.20557225
0.18741622
0.16713877
0.17580224
0.20627063
0.14965774
0.13937512
0.17783234
0.15505617
0.14477252
0.14236654
0.16524472
0.14712617
0.16559823
0.19430526
0.18191441
0.19408676
0.19946043
0.22307598
0.22118078
0.18079651
0.19035038
0.17455195
0.19855068
0.18004842
0.16523143
0.16449999
0.16608696
0.18962061
0.19232024
0.18142648
0.18897316
0.17845098
0.14948007
0.19350550
0.17635756
0.17853367
0.14692603
0.19447295
0.15299780
0.18341656
0.16673761
0.18201261
0.19313031
0.20967033
0.17480158
0.18120687
0.18836195
0.15691191
0.19506557
0.17818258
0.14977173
0.20737708
0.15717180
0.19269113
0.19800971
0.20369892
0.17299604
0.22127034
0.18055839
0.17503835
0.16588630
0.17608486
0.16881061
0.19285411
0.17487422
0.16113085
0.15680448
0.18154159
0.15594497
0.17874367
0.13528550
0.14247252
0.20229964
0.17893068
0.18560368
0.17231121
0.16774425
0.15898382
0.16318085
0.15875512
0.16213749
0.16476083
0.18696083
0.18377980
0.17343605
0.16994613
0.16202977
0.14889356
0.14448052
0.16427330
0.19317013
0.13726717
0.20466663
0.17394952
0.17311392
0.17159445
0.13628558
0.18475169
0.15921315
0.15832554
0.16159303
0.17143752
0.17556500
0.14511210
0.17785329
0.15909352
0.15513699
0.21021099
0.15629475
0.19935925
0.16547001
0.17788578
0.18681972
0.20009436
0.16135388
0.15875286
0.18096756
0.16904757
0.17114585
0.20782734
0.16333740
0.18458116
0.21756166
0.18294911
0.15861674
0.22397301
0.18280279
0.16762767
0.16439629
0.17826820
0.17369949
0.17733402
0.17463661
0.16600025
0.16517861
0.22544623
0.24404854
0.19659975
0.15412322
0.17532470
0.20583340
0.15214408
0.20106904
0.15717333
0.17852044
0.20113900
0.15163807
0.18184606
0.17293491
0.14742018
0.21301784
0.18567750
0.19292628
0.16062895
0.17418407
0.18006716
0.21183306
0.17435345
0.14626364
0.18523833
0.20639224
0.17741977
0.18944976
0.17724485
0.16871364
0.21590266
0.17529836
0.14432528
0.20862795
0.15422205
0.19031315
0.17883940
0.14459607
0.20230981
0.16508801
0.15950379
0.18792077
0.16211713
0.19394455
0.18207876
0.19223646
0.17853938
0.16110072
0.16665917
0.17484076
0.19716350
0.17361915
0.17529237
0.19771387
0.19478778
0.16213217
0.18784596
0.17447660
0.20883530
0.15886800
0.19379271
0.15706310
0.19559247
0.15089733
0.17197826
0.19146205
0.16504760
0.21002023
0.16574868
0.20867754
0.15290595
0.19977624
0.17925496
0.17382320
0.25177065
0.15872633
0.15889805
0.18533518
0.17331404
0.16866845
0.19072042
0.18264976
0.21411326
0.17872987
0.15669989
0.17649500
0.16829763
0.18259251
0.18371182
0.20370313
0.15017967
0.16933282
0.17675753
0.19018642
0.15871924
0.20913811
0.15533942
0.19020683
0.17292756
0.16719270
0.18031799
0.17194717
0.18100563
0.18064333
0.18051364
0.16091349
0.18356884
0.19923237
0.19037233
0.19606304
0.16855226
0.14961464
0.17739776
0.21686598
0.16175728
0.18607151
0.17707998
0.17460041
0.16233331
0.15316471
0.16643468
0.18132091
0.16241254
0.15134456
0.13694295
0.17177304
0.17496367
0.20362374
0.18363986
0.15429943
0.15226973
0.17185299
0.17937076
0.15521709
0.22155360
0.18153191
0.21192019
0.17819601
0.19388103
0.18793014
0.17289461
0.20693280
0.15626112
0.16698961
0.20837063
0.24363423
0.17630998
0.17190473
0.16842530
0.17201120
0.15970761
0.14950364
0.19617613
0.17888981
0.16055985
0.16192057
0.15403977
0.16524767
0.17099193
0.16138545
0.19063075
0.17484403
0.12215148
0.18448619
0.18468279
0.16591867
0.16671728
0.17742570
0.20112502
0.17635623
0.18623082
0.17283501
0.18101338
0.16214616
0.16478897
0.17107881
0.19532241
0.19351951
0.14542568
0.18451137
0.19068713
0.20104229
0.21149986
0.17658781
0.21724683
0.17802590
0.16755296
0.19196688
0.17978818
0.16192965
0.17859695
0.17498480
0.16500793
0.16325240
0.14715867
0.19231022
0.19439108
0.18602012
0.15621944
0.18472352
0.16981482
0.22889307
0.16781814
0.15918936
0.15541922
0.20283199
0.18186681
0.18557999
0.16581516
0.19066797
0.18153946
0.16755308
0.16573809
0.15574265
0.17877388
0.14499874
0.19482283
0.20181137
0.15607270
0.17159083
0.16773830
0.15053037
0.19334583
0.17097346
0.19504875
0.18810643
0.17072115
0.17641698
0.15952158
0.22640784
0.18355519
0.20894315
0.20923796
0.16510598
0.15459236
0.18817725
0.16993699
0.15124601
0.18491889
0.16476249
0.17692280
0.18744070
0.15842232
0.18289198
0.16235442
0.17076053
0.17021880
0.15195911
0.16314028
0.18408717
0.14822402
0.15916393
0.17539426
0.15443847
0.19489085
0.16370713
0.20456445
0.17754080
0.16763187
0.17394756
0.17997039
0.20033610
0.16752549
0.18784022
0.16253378
0.19371443
0.17086111
0.15852920
0.14930620
0.17321234
0.18010706
0.18675832
0.17885545
0.16466178
0.17880505
0.22716149
0.16536257
0.20131643
0.15725376
0.16045563
0.17529966
0.18577998
0.23560727
0.19078636
0.16606195
0.16000137
0.19009403
0.14860047
0.20608603
0.16080989
0.14338647
0.19632098
0.17235878
0.17624318
0.15507915
0.22408283
0.19968005
0.20980129
0.18812073
0.18831734
0.20835736
0.16799642
0.19060816
0.16043056
0.17950793
0.18671907
0.17950502
0.16265757
0.20194022
0.18554414
0.17066545
0.16896571
0.16404469
0.16334766
0.19561369
0.17428340
0.16363259
0.13627205
0.17952923
0.16501053
0.18503921
0.19375944
0.18664976
0.19484526
0.17673367
0.17324373
0.21116141
0.17446041
0.18622175
0.17319558
0.15837723
0.17655520
0.15539852
0.18406952
0.17676028
0.19582319
0.14464127
0.17452938
0.18017571
0.16092331
0.18452302
0.21038422
0.19836170
0.15961694
0.15475293
0.18727763
0.18816323
0.18820675
0.23065344
0.16480819
0.18152404
0.16181732
0.19200145
0.16154388
0.16055140
0.17150877
0.16872055
0.17355941
0.21517857
0.14562206
0.15776448
0.17054642
0.17647097
0.18156617
0.18088212
0.19641743
0.16549152
0.17744334
0.19017971
0.20051674
0.18327889
0.16384287
0.18624882
0.18681138
0.15915939
0.16096594
0.17165441
0.19104215
0.16239143
0.15266127
0.17311759
0.17254299
0.19172401
0.13246001
0.15734096
0.16181935
0.19588608
0.19866408
0.15513993
0.16520505
0.21106644
0.18035155
0.16837391
0.16719904
0.16933880
0.18480630
0.19380354
0.17887679
0.17056519
0.19352105
0.20352710
0.16667736
0.16276753
0.18440237
0.15495778
0.17201524
0.13622586
0.17550623
0.19554924
0.20481393
0.16925818
0.14465067
0.15088574
0.17416272
0.16670004
0.16782801
0.20103215
0.15576626
0.18643072
0.20496206
0.17047285
0.16407762
0.18287777
0.15615424
0.17134482
0.17621792
0.15699602
0.17218712
0.17774793
0.20687854
0.17467758
0.17494346
0.16909553
0.16855502
0.16448565
0.17294396
0.19498075
0.19076848
0.16799531
0.20985326
0.15785923
0.19840073
0.21176388
0.17605169
0.19821601
0.14863414
0.22222226
0.18456197
0.15692737
0.17223730
0.19514454
0.16711654
0.15240352
0.15047426
0.18089021
0.20187501
0.19017243
0.17378753
0.17299662
0.16681625
0.19110853
0.13925900
0.18213554
0.16041710
0.19475684
0.17497967
0.16814117
0.15524327
0.16558204
0.14679708
0.16660430
0.16074575
0.16769073
0.18287271
0.20513201
0.18425058
0.17011689
0.16426140
0.18513635
0.20329270
0.18383754
0.18403644
0.15884494
0.19052797
0.17979123
0.18455448
0.17920796
0.18014867
0.15904274
0.16433502
0.17617534
0.17233483
0.15963108
0.17658922
0.17219314
0.17564102
0.17959004
0.16414738
0.17848269
0.17095639
0.14925164
0.18127150
0.14419867
0.18449360
0.16704836
0.21363843
0.17550316
0.16613101
0.18971745
0.16350080
0.16519484
0.15518883
0.19801365
0.19165201
0.19374399
0.17142554
0.17673125
0.17294669
0.17918988
0.14800297
0.23340372
0.18737495
0.17326694
0.16839301
0.17827048
0.21551931
0.14982076
0.15889965
0.21744163
0.14510270
0.17471657
0.21704831
0.17121590
0.15464792
0.13587675
0.18397614
0.16378082
0.19431827
0.16121013
0.17714110
0.18404355
0.14781863
0.17348098
0.16675594
0.22426271
0.17055797
0.17464237
0.19038151
0.18433787
0.17010092
0.18003546
0.16363442
0.16681480
0.20117934
0.16893153
0.17502805
0.14785478
0.21851789
0.16433268
0.22055899
0.21933962
0.17564358
0.14803294
0.17571587
0.21251285
0.21538970
0.15336796
0.19070540
0.18382494
0.22553161
0.16047511
0.16829831
0.15277017
0.15545244
0.16634256
0.18749398
0.17646385
0.19062139
0.18943522
0.15893696
0.19230614
0.19603813
0.17633847
0.16404676
0.18927087
0.15794900
0.16643053
0.18762264
0.16712906
0.17572046
0.16989793
0.19290502
0.19525696
0.17353950
0.17142010
0.17806351
0.17139157
0.20074075
0.17911591
0.19721454
0.20118818
0.17165566
0.19084458
0.16723791
0.19526518
0.14028151
0.18290502
0.17140180
0.20476928
0.15180924
0.18718570
0.18469773
0.16279343
0.14980091
0.18347790
0.16060312
0.20165494
0.15380174
0.17885902
0.19259480
0.15578307
0.18546315
0.17630174
0.19127364
0.15657699
0.16047199
0.14275002
0.17033702
0.19450531
0.15419619
0.15512528
0.17322716
0.19097328
0.21587814
0.17369358
0.20493952
0.15250551
0.19980856
0.15935833
0.21881643
0.15444300
0.18362722
0.19697301
0.17586356
0.17149445
0.17214189
0.19386104
0.21575545
0.18077844
0.17291437
0.20121653
0.17894825
0.18102180
0.15873843
0.21124163
0.17613135
0.18100185
0.16252500
0.18994543
0.17952407
0.15899667
0.16320871
0.19889152
0.19631985
0.18397074
0.15622292
0.18762236
0.14184082
0.16544354
0.18843033
0.17809852
0.15207414
0.18353047
0.17624089
0.16875841
0.17011247
0.18288794
0.19985604
0.17668505
0.19078825
0.22764209
0.14682205
0.19930770
0.23725507
0.18441170
0.16406208
0.17239096
0.15082167
0.19023119
0.16604200
0.25036468
0.18637342
0.15498698
0.16656777
0.17611579
0.19215405
0.14830683
0.17558082
0.16397551
0.14567874
0.18010025
0.16673608
0.16058975
0.17411606
0.16778024
0.16743807
0.19103732
0.16710038
0.18222118
0.21345030
0.16061477
0.19575985
0.16248243
0.16976384
0.17887228
0.19474474
0.19883429
0.17627564
0.16700474
0.14159485
0.17471294
0.18236940
0.18617021
0.17486015
0.17504162
0.17048685
0.20197390
0.19205221
0.18666325
0.16811340
0.22384706
0.18424624
0.18175233
0.17821020
0.17924420
0.18874711
0.16015922
0.14982780
0.16349085
0.18344121
0.18960906
0.18203452
0.15870228
0.17710090
0.20052844
0.17009373
0.16627439
0.15946234
0.19914630
0.17258389
0.18535131
0.18128793
0.17887087
0.16399526
0.20384612
0.22138329
0.16166815
0.16991658
0.15555398
0.16419604
0.16755305
0.18556991
0.17354107
0.18791826
0.18467629
0.14899661
0.20290959
0.23135899
0.19026485
0.16636166
0.18495099
0.16718707
0.17053330
0.19246162
0.16824574
0.15309999
0.18425006
0.21111473
0.19431294
0.18191539
0.16571783
0.19811496
0.15655041
0.18776818
0.18336187
0.19116377
0.17026993
0.17697867
0.17098074
0.20232496
0.16237871
0.16541559
0.15126638
0.14515776
0.23584993
0.18275937
0.20234483
0.18349704
0.19031738
0.18195277
0.16663391
0.21630201
0.18107505
0.17433184
0.14875372
0.18974366
0.16121184
0.17949492
0.24215525
0.19933935
0.15798669
0.16293929
0.15778221
0.20109461
0.17862048
0.17516137
0.20805001
0.13523284
0.16005985
0.18321032
0.16984700
0.22545148
0.19399501
0.18542171
0.15676775
0.18772057
0.17091440
0.17130802
0.21668242
0.15961074
0.16189341
0.18107696
0.16283786
0.18049828
0.17129575
0.15690774
0.17699769
0.18259530
0.17042775
0.22282901
0.16106129
0.18315591
0.19201653
0.17197428
0.18972806
0.15905393
0.15630906
0.15202659
0.16772392
0.18777240
0.16216928
0.17114778
0.16350664
0.22853992
0.15669827
0.17789293
0.21155336
0.17748496
0.18487433
0.16539177
0.18179110
0.15578145
0.19885016
0.17155181
0.20379921
0.18962010
0.15212998
0.16642357
0.18395950
0.19742510
0.19443169
0.19962919
0.17439238
0.18930431
0.16592173
0.17994798
0.16393555
0.14961222
0.15441970
0.17389372
0.17536061
0.15078628
0.19134958
0.17836951
0.17358724
0.16075672
0.18700200
0.15488949
0.15765277
0.14886274
0.17035186
0.20866621
0.19861970
0.18074248
0.16652524
0.18473469
0.14154226
0.17813346
0.17774273
0.19340728
0.22825453
0.20142696
0.18252523
0.20655314
0.22356754
0.16966549
0.19966560
0.18869932
0.18646718
0.15195760
0.17277632
0.15414849
0.15341566
0.18617943
0.18564847
0.16153124
0.16410076
0.19654065
0.18317803
0.17088461
0.19626766
0.18078854
0.17635417
0.14011302
0.17050022
0.19259244
0.18293933
0.16806280
0.17351978
0.24679404
0.16788965
0.18916929
0.20397392
0.17567413
0.16888153
0.18875540
0.15896561
0.21197595
0.17013851
0.19316691
0.18350141
0.18062440
0.19052134
0.15536754
0.20530332
0.19133978
0.15729227
0.17015406
0.19424684
0.17359509
0.18736317
0.16909217
0.16949338
0.26539559
0.16867087
0.17694860
0.19248309
0.21598891
0.20421382
0.14503097
0.17450913
0.20021369
0.16320175
0.17727590
0.15253424
0.21193210
0.17969904
0.20672248
0.18658915
0.18191503
0.15524856
0.15722809
0.17273529
0.15918560
0.18743433
0.18849021
0.19117019
0.13839932
0.16534488
0.18426363
0.21030757
0.19311473
0.15525705
0.13971244
0.18415497
0.18579457
0.18416807
0.19705593
0.15882298
0.15743765
0.19135944
0.15933739
0.17908457
0.16146684
0.16859049
0.16567916
0.17525543
0.21948770
0.17988990
0.18006776
0.17824295
0.20087789
0.23315752
0.17649654
0.19410203
0.15198292
0.20967878
0.17366195
0.20472565
0.16670154
0.17035798
0.18414388
0.17337710
0.15442732
0.17273615
0.18103755
0.15457773
0.18180355
0.14837671
0.18924368
0.18231084
0.17374536
0.19237398
0.18900382
0.19803793
0.16654451
0.16954281
0.17316318
0.16563094
0.18200929
0.19645275
0.19300570
0.21672327
0.16741515
0.15430400
0.16516570
0.16780129
0.16415611
0.18137731
0.17303113
0.15676512
0.20187410
0.17254848
0.22556101
0.17722821
0.17482886
0.15750113
0.17128222
0.15039035
0.16108234
0.17327629
0.19881795
0.20639756
0.17995246
0.18749984
0.17681115
0.14884241
0.18149893
0.16666308
0.17115564
0.20212164
0.16836924
0.18008506
0.17384565
0.15740263
0.17009347
0.18611276
0.17658099
0.18735238
0.18781170
0.19594202
0.17488862
0.17356000
0.17749434
0.18948931
0.15278090
0.20138952
0.14529211
0.16734439
0.19279167
0.18048825
0.19320397
0.18049072
0.16123741
0.17562449
0.23208862
0.19011910
0.18236895
0.18623868
0.21112565
0.17558617
0.18495750
0.19453680
0.17363125
0.19026394
0.15363934
0.19613159
0.15401340
0.16709820
0.16761827
0.15067883
0.19999572
0.19596174
0.20995093
0.17635272
0.18959314
0.16242687
0.19703728
0.18351828
0.14725302
0.18009288
0.15595858
0.19859907
0.24921887
0.18027083
0.18752022
0.17059718
0.17689284
0.18924528
0.16977982
0.15284817
0.18462748
0.17671219
0.15193606
0.16859753
0.17770434
0.18105942
0.17255440
0.23493965
0.18771363
0.20680678
0.16174198
0.16759470
0.17699009
0.17590448
0.20877343
0.16226257
0.21069175
0.18329067
0.19003659
0.18820908
0.19338167
0.19434404
0.18866748
0.17551074
0.17506448
0.16553256
0.15047643
0.16848201
0.16595318
0.16601122
0.19071185
0.14513708
0.19208143
0.15839429
0.16528482
0.19602868
0.17232470
0.17653005
0.16026535
0.16770223
0.16812305
0.21165728
0.19082665
0.16709264
0.18655667
0.17785780
0.19198568
0.18976152
0.18138828
0.22947459
0.19581357
0.18989233
0.15684572
0.18542958
0.21201333
0.16588591
0.15835333
0.18121468
0.17122969
0.17828111
0.20802966
0.19396768
0.20035003
0.19661784
0.17502529
0.17847399
0.19378830
0.17368607
0.17597708
0.19854651
0.19797766
0.16949791
0.17739409
0.19896968
0.15148055
0.17803283
0.18403454
0.15831856
0.15941680
0.14968574
0.15389818
0.19454747
0.20484344
0.16889747
0.17819892
0.15679383
0.16293418
0.17863915
0.17836744
0.19003212
0.21362595
0.19948412
0.19884638
0.15554836
0.16049383
0.18341219
0.15281164
0.18738851
0.17627498
0.18868766
0.19025430
0.19961211
0.17380659
0.21340079
0.17380047
0.22047751
0.15626601
0.18578082
0.16672418
0.22440850
0.18419196
0.16872543
0.20164158
0.17478872
0.17340192
0.18914516
0.17101907
0.18707210
0.18954183
0.16091758
0.20732369
0.15061745
0.20258812
0.17839982
0.16861664
0.16325871
0.18811078
0.14764809
0.17323404
0.18457147
0.14793506
0.23441356
0.15754037
0.18947531
0.18949004
0.17698782
0.17595557
0.16937533
0.16828941
0.16503316
0.17254983
0.16858320
0.17778189
0.15364683
0.18144488
0.16394844
0.17541565
0.15804165
0.17613849
0.18318379
0.14973614
0.17337803
0.16030099
0.15186524
0.18494984
0.18045337
0.13914603
0.17650862
0.15449946
0.18168746
0.19087535
0.18857107
0.17434828
0.18555268
0.15203493
0.21963772
0.19830331
0.17199900
0.15791339
0.18576806
0.20486825
0.16314025
0.17572773
0.16415250
0.19148150
0.16585179
0.16817466
0.16267171
0.15798758
0.20512226
0.17119370
0.19370733
0.17754760
0.20175544
0.18469572
0.17339867
0.17481042
0.21237766
0.14783800
0.20849938
0.17370739
0.19613078
0.15069491
0.18355545
0.16510495
0.15343657
0.15745729
0.19545806
0.17906020
0.15529719
0.17166415
0.16447764
0.18441642
0.15794387
0.22993370
0.15821573
0.19581871
0.15769878
0.18706228
0.16115340
0.19539163
0.18394378
0.21786226
0.16191932
0.17468828
0.15654968
0.18007738
0.18601016
0.23287728
0.17105677
0.16839095
0.17430661
0.14270812
0.18303942
0.17796546
0.16571591
0.17462393
0.15367880
0.19701770
0.23053334
0.19085825
0.18057487
0.21204720
0.16580651
0.18624031
0.15749462
0.17724344
0.17395747
0.17922066
0.20691293
0.18977640
0.17546100
0.14920812
0.16190074
0.18787611
0.17322542
0.16929912
0.17079684
0.12881236
0.14846689
0.19475635
0.18746104
0.17958490
0.18120994
0.17313929
0.21704092
0.16647562
0.16976256
0.20591126
0.21557334
0.18440525
0.18889266
0.18919136
0.16946606
0.20338643
0.16159877
0.20047223
0.15261188
0.18608493
0.18796989
0.17610851
0.20061139
0.16004892
0.15762790
0.20155507
0.18422902
0.15399268
0.15066994
0.17074903
0.15685188
0.17193989
0.18483451
0.23209042
0.16937179
0.15647626
0.19890032
0.21091059
0.17006887
0.17395438
0.19098015
0.20517870
0.17438525
0.18846218
0.21239835
0.15608931
0.19077535
0.16305587
0.15826352
0.15089746
0.20489892
0.19666199
0.19864170
0.17871847
0.16299464
0.22998903
0.15187771
0.18914838
0.16401176
0.18908963
0.18056891
0.14890658
0.16595446
0.16549758
0.17110608
0.18103888
0.19003090
0.15248337
0.20536761
0.18737968
0.19950603
0.21251307
0.17537028
0.19364312
0.20547936
0.18064882
0.15450072
0.22176103
0.21913979
0.18100862
0.18545287
0.17286089
0.17096388
0.18238476
0.16303913
0.17549018
0.15975603
0.19115452
0.19011176
0.17410987
0.16097708
0.16127722
0.19885493
0.18236060
0.21083035
0.19872065
0.19530395
0.15153963
0.16149226
0.17967076
0.16773694
0.19509010
0.18422195
0.16029350
0.15220869
0.16077188
0.18954784
0.14539311
0.18304671
0.17324836
0.14991359
0.18481754
0.16805561
0.18252701
0.14762669
0.17513404
0.17988583
0.16637790
0.17777502
0.18076636
0.21996141
0.16664995
0.22105232
0.16578864
0.18479624
0.18709012
0.17767774
0.19366544
0.18006126
0.16613679
0.18287539
0.18694340
0.16775967
0.16173066
0.21998406
0.20248120
0.18487228
0.17419820
0.17306391
0.19508932
0.16133826
0.20469015
0.22792195
0.17666391
0.16578803
0.19418516
0.16871683
0.14977793
0.18268765
0.18603801
0.19016214
0.18756194
0.14544716
0.17460429
0.19433268
0.18703017
0.18155220
0.19432617
0.18180742
0.18065832
0.16695209
0.19119069
0.22510809
0.18309144
0.15194986
0.18991994
0.16271556
0.17992544
0.17508751
0.16741631
0.17138677
0.17004174
0.17752150
0.16789964
0.14256821
0.19876829
0.22105364
0.15645664
0.14860006
0.15925908
0.16840789
0.20271894
0.19914136
0.18824211
0.18900364
0.16338621
0.14844190
0.19639611
0.14431298
0.18481060
0.17753655
0.19144643
0.16121062
0.17524234
0.17836033
0.18086579
0.18947780
0.20166573
0.19835498
0.19360270
0.15245225
0.15211679
0.17889120
0.18098611
0.15458999
0.15941707
0.18177630
0.21001978
0.16675157
0.16729430
0.18044807
0.16084898
0.18787505
0.21979554
0.17253410
0.16536335
0.17623793
0.17142247
0.15676817
0.17336564
0.17932237
0.17628421
0.17461985
0.17894267
0.19297565
0.16842911
0.17160467
0.19352023
0.19131450
0.19475432
0.17046779
0.18864457
0.17292901
0.15593460
0.19039244
0.22352714
0.17324790
0.17042930
0.22151592
0.20039125
0.21479201
0.18726724
0.14816145
0.16351006
0.16267608
0.17974829
0.20350347
0.20453024
0.19989046
0.16682067
0.20849187
0.16791355
0.13937152
0.17155410
0.17965740
0.15779474
0.18364128
0.14709280
0.19249584
0.17282188
0.17970184
0.18402302
0.20560864
0.16163586
0.16756213
0.16299520
0.18736303
0.15679985
0.17384124
0.17273874
0.18954312
0.15884702
0.19233618
0.16428507
0.21301744
0.17313973
0.17944007
0.19600346
0.19912786
0.23663853
0.15572838
0.18709834
0.18093772
0.17447593
0.19626435
0.19502309
0.16301342
0.16417498
0.17708412
0.19468276
0.18505813
0.17363926
0.18068671
0.19721543
0.18855422
0.17306670
0.16069475
0.19858523
0.16665281
0.17431660
0.18535129
0.24568272
0.18212835
0.16072967
0.17514758
0.17768883
0.16574740
0.20535134
0.16516333
0.16820670
0.19414285
0.16650657
0.18068246
0.18452741
0.16715756
0.16109878
0.16036361
0.17636388
0.17871454
0.20614966
0.17238541
0.15502534
0.16904113
0.15060481
0.16748995
0.16770594
0.20879415
0.17826724
0.20778513
0.16551176
0.16638116
0.16626653
0.17389797
0.16935990
0.23273169
0.18332956
0.18593113
0.18085348
0.15850210
0.15873722
0.17118183
0.20848409
0.16956696
0.22611135
0.17956134
0.19207622
0.18027117
0.15781300
0.18008165
0.16425524
0.17592401
0.16644243
0.17259744
0.17313732
0.15676758
0.19682419
0.17878688
0.17440011
0.18541580
0.19653101
0.19422152
0.18358722
0.18433989
0.21710831
0.22421347
0.21426273
0.23340737
0.18470616
0.17755079
0.19904992
0.22350607
0.16996817
0.17212784
0.15497238
0.16385892
0.16476103
0.19359496
0.15047800
0.18703869
0.17027990
0.20910993
0.17769573
0.23889405
0.17751191
0.18306363
0.19282215
0.15710440
0.16858798
0.18077380
0.18732580
0.16965459
0.15816078
0.16698548
0.19220513
0.17294209
0.15765507
0.17521819
0.22163591
0.19408329
0.15759056
0.16768225
0.17869502
0.15800489
0.18994432
0.19742827
0.19918419
0.15821680
0.17132561
0.18850584
0.20002327
0.18121872
0.18141726
0.16166230
0.18675909
0.15848716
0.17584924
0.18281191
0.18788326
0.18675498
0.17328181
0.21317608
0.17831061
0.18498436
0.18195356
0.22388498
0.17914811
0.17367283
0.13816549
0.19733164
0.20561396
0.15807146
0.18006478
0.16475397
0.16277690
0.17922944
0.15523544
0.16458074
0.18530329
0.18294978
0.18267450
0.15304735
0.20714756
0.17399849
0.13713795
0.17375440
0.18226762
0.14723698
0.18714157
0.17699117
0.18743526
0.16376216
0.17853455
0.19742207
0.19324975
0.17043071
0.17362484
0.17918110
0.18486971
0.18327422
0.19445715
0.17252971
0.23771574
0.15307119
0.19245004
0.17134197
0.19914606
0.17378496
0.17183828
0.16563662
0.19363909
0.18314929
0.17619448
0.19541322
0.16424449
0.16517195
0.14989643
0.20245625
0.17684525
0.19558751
0.18948987
0.13625568
0.17633491
0.17983097
0.21004466
0.13871045
0.18814494
0.16312562
0.19901396
0.14963493
0.17078179
0.18123426
0.17540119
0.20542374
0.19211380
0.17046837
0.16930755
0.20353971
0.16832127
0.21131718
0.19618841
0.16998287
0.17596365
0.20759223
0.17419299
0.17205257
0.15148731
0.16583106
0.18445891
0.16597235
0.17669268
0.16612681
0.18802671
0.19129552
0.18036894
0.15977445
0.19898580
0.18040919
0.18893985
0.18803284
0.15653265
0.17501360
0.16188902
0.14406981
0.19824146
0.17669162
0.19910229
0.20206901
0.14446172
0.17065420
0.23532291
0.13991612
0.19572163
0.18318914
0.18419760
0.17545766
0.21224096
0.17102132
0.16396806
0.18158574
0.18989804
0.18849573
0.16203133
0.16321896
0.18789703
0.16673022
0.19552704
0.17020133
0.16979923
0.20304719
0.17644290
0.19300324
0.16443065
0.17136493
0.20373771
0.21472821
0.15742085
0.17026074
0.21321319
0.14374878
0.17172508
0.18571189
0.18844826
0.19078437
0.17818805
0.20209401
0.19396487
0.20455053
0.17976079
0.16794321
0.20228624
0.14279854
0.21134917
0.18698703
0.21113393
0.18059032
0.15590510
0.17605382
0.18906138
0.16868978
0.18108173
0.19450990
0.17179712
0.15821546
0.16861833
0.17311461
0.19807091
0.17475393
0.20175606
0.22781671
0.22642418
0.18818294
0.14798036
0.15332693
0.25024763
0.20162588
0.17360529
0.18372646
0.20222575
0.22581718
0.15075373
0.16606070
0.17189797
0.16014662
0.17008875
0.17087106
0.18430436
0.17146964
0.19201028
0.17597349
0.19520059
0.22288423
0.19608174
0.16955619
0.18608019
0.20280323
0.16796989
0.18133019
0.16982672
0.18499283
0.15808487
0.18142446
0.15836781
0.22162448
0.21760262
0.18657056
0.17215379
0.18471712
0.16828352
0.18017079
0.17509844
0.16349525
0.15176047
0.14431235
0.14369692
0.16513383
0.19846013
0.14238648
0.16164292
0.15716701
0.18632431
0.15773002
0.17504360
0.19109537
0.17686635
0.17552733
0.20038465
0.16061205
0.15063570
0.18931316
0.14946777
0.19579059
0.15887887
0.16411970
0.15374053
0.18156499
0.20462992
0.15286724
0.18304137
0.16106827
0.16795962
0.19859451
0.19807093
0.17751207
0.17858561
0.18681310
0.19624786
0.17268767
0.21559026
0.16973704
0.18430021
0.16312156
0.19424220
0.15844005
0.17472051
0.17458532
0.16338497
0.15466009
0.19510543
0.19417399
0.26079904
0.17571907
0.17354233
0.20724052
0.17195538
0.19079903
0.16195506
0.14796493
0.18492272
0.17814917
0.19141276
0.19405340
0.18424706
0.21293542
0.15692497
0.19031487
0.17737748
0.22146901
0.16278193
0.20294668
0.21209007
0.16579513
0.16989727
0.17270339
0.19402400
0.19187860
0.18108229
0.18577364
0.16015689
0.17197231
0.19058103
0.16656029
0.21060054
0.17084928
0.19513142
0.21740294
0.15896284
0.20353065
0.22970929
0.17636581
0.19834981
0.16937887
0.14521822
0.18443255
0.17170293
0.19686572
0.18704909
0.18270488
0.18685224
0.16639961
0.21158802
0.16372181
0.21202937
0.18798445
0.19582296
0.17547007
0.16357445
0.18374134
0.17586655
0.18567403
0.15338223
0.15484634
0.19224818
0.16963151
0.19029686
0.17903865
0.18740006
0.16997626
0.20237066
0.14753091
0.15887961
0.15929592
0.17999480
0.15439754
0.21689705
0.17616002
0.13161305
0.20155538
0.17170234
0.19514971
0.16622177
0.19600195
0.19050116
0.17557992
0.17401621
0.18347896
0.18362282
0.16463270
0.16897059
0.17172927
0.20050362
0.18571898
0.21565185
0.18904641
0.18322433
0.18115547
0.21274225
0.17359767
0.19492781
0.16622499
0.17715158
0.17120369
0.22620357
0.14552030
0.16732766
0.17494600
0.17860981
0.17108095
0.18501816
0.16086778
0.18465732
0.13981830
0.19560737
0.24376529
0.22163223
0.15096121
0.21405570
0.15089426
0.17374647
0.15972237
0.16555823
0.17566184
0.20280108
0.18524479
0.16450710
0.15654863
0.15879299
0.15652884
0.19090196
0.18608038
0.18194251
0.14104806
0.19807991
0.16701530
0.17963676
0.17613744
0.16251886
0.19186420
0.18072555
0.17406678
0.18257983
0.19672808
0.19213588
0.18844169
0.18264612
0.17973713
0.18691171
0.17563827
0.16770917
0.15286936
0.18530153
0.18081448
0.17290228
0.18977540
0.14741292
0.22890232
0.17226758
0.17297546
0.18496309
0.17867926
0.20396628
0.18830652
0.18681855
0.17319971
0.21807918
0.15915493
0.20875026
0.17387356
0.14674492
0.16588587
0.16509975
0.19877554
0.20854678
0.17582159
0.16706636
0.16770513
0.17885670
0.16867220
0.20181268
0.22338938
0.17759570
0.15667571
0.20367595
0.18961358
0.21598594
0.19221863
0.18004905
0.18288650
0.20251434
0.22776792
0.15819200
0.18754815
0.16450595
0.16923423
0.20873576
0.14015952
0.17686618
0.15747780
0.15149856
0.15617976
0.16838539
0.15616965
0.17156929
0.18030354
0.17489169
0.18425608
0.18512860
0.15756956
0.18890091
0.16106951
0.15834636
0.15161600
0.21929841
0.16684636
0.20223624
0.15573390
0.22732886
0.15619196
0.16138811
0.16594727
0.22583637
0.17428381
0.17848895
0.18917893
0.18441607
0.19028086
0.22495978
0.16486801
0.17977507
0.17322512
0.15754366
0.17872264
0.17247445
0.16954023
0.15761260
0.18108376
0.16235895
0.16663999
0.18362379
0.20900503
0.17770302
0.22084071
0.17348401
0.18876657
0.16254512
0.15488968
0.17182247
0.18042813
0.19273673
0.17098034
0.17331804
0.17537972
0.17028892
0.15363875
0.17974168
0.16512515
0.21819262
0.18339478
0.16847572
0.17760784
0.16419629
0.17663507
0.16617349
0.18642619
0.17683978
0.14056306
0.15711272
0.18605585
0.22077440
0.20177325
0.17963036
0.13181957
0.15152808
0.18774748
0.15898929
0.14613043
0.21299277
0.16402672
0.18448913
0.17926219
0.18703267
0.17406311
0.18402615
0.19102013
0.18538826
0.19612645
0.18791890
0.19822250
0.17005740
0.16635589
0.15234827
0.16439034
0.18642178
0.14380728
0.15055326
0.19225274
0.15310867
0.17437022
0.15852391
0.18829077
0.14637731
0.19292662
0.19888445
0.14849271
0.14925610
0.16645416
0.15774226
0.19302701
0.19387465
0.20456150
0.15803652
0.16019919
0.16610036
0.15498450
0.18581264
0.17515775
0.17200984
0.15575981
0.22387384
0.18438694
0.20605060
0.21921100
0.16654047
0.20346707
0.16001626
0.23817374
0.20589715
0.17090172
0.17021911
0.17184937
0.19515851
0.16935681
0.17880903
0.22823895
0.19375435
0.18672899
0.21606048
0.18413432
0.15978569
0.18144700
0.18491552
0.16677057
0.19205339
0.16689870
0.17626329
0.14565642
0.17848768
0.16995732
0.18535328
0.19015126
0.16988852
0.18509973
0.16908098
0.16231515
0.18914353
0.16929512
0.16142971
0.22116888
0.20069085
0.18595347
0.16842688
0.16987604
0.16920341
0.17166192
0.15036796
0.19475914
0.19180400
0.18570169
0.17040994
0.17508819
0.16810802
0.19552429
0.21165338
0.15136111
0.19457962
0.18626138
0.19282500
0.17307849
0.18667022
0.17824393
0.17376144
0.16906600
0.16924647
0.18581801
0.19943384
0.15492447
0.17437001
0.15488106
0.18660807
0.16924086
0.16892292
0.17760658
0.22715939
0.22819038
0.23505480
0.18807211
0.17221894
0.17495237
0.22663354
0.16283007
0.15050949
0.19324443
0.14066594
0.17147801
0.17519244
0.16240521
0.14884262
0.18610678
0.15650154
0.17187542
0.19072033
0.19416813
0.16688783
0.16827155
0.19933762
0.19559185
0.18522069
0.15345417
0.18661219
0.14970083
0.21382991
0.16873860
0.15542864
0.13965283
0.17430704
0.16948001
0.19872681
0.16530636
0.15621455
0.17588704
0.19769334
0.15579833
0.16715320
0.16735698
0.16671471
0.16507389
0.17813606
0.17356692
0.22551085
0.19434857
0.17337707
0.17836156
0.16572973
0.16173967
0.16982534
0.22134335
0.19670815
0.15843761
0.21541786
0.17273468
0.20084237
0.16054540
0.19199254
0.15755539
0.19037738
0.18927138
0.15710838
0.23143717
0.18537597
0.16884109
0.17940373
0.21587145
0.19978851
0.20523041
0.16871258
0.20479524
0.18694868
0.16271615
0.16892469
0.19375941
0.15260202
0.19975293
0.17155849
0.18634312
0.14278212
0.18844455
0.16349402
0.16959430
0.21438716
0.15911712
0.18218336
0.16023783
0.17326727
0.20190383
0.19134009
0.16385002
0.17880993
0.19898914
0.17165020
0.16421481
0.15160384
0.18751222
0.19436264
0.17638703
0.18531548
0.17022015
0.18204626
0.16762314
0.18747167
0.18475040
0.17560848
0.17773495
0.16922538
0.15384046
0.15710745
0.18194846
0.15933763
0.16123807
0.16360552
0.16780020
0.24003070
0.15541392
0.15265641
0.19169400
0.19174651
0.17575691
0.16021112
0.24138737
0.20703442
0.19542614
0.16067892
0.17894304
0.19260887
0.17317112
0.16777706
0.16450356
0.18821431
0.16925889
0.17259469
0.19521276
0.19739830
0.19773769
0.16866694
0.17008350
0.16565666
0.20881887
0.18833429
0.19063424
0.16523974
0.17539001
0.18078599
0.17797002
0.16110054
0.15667239
0.16810782
0.18517792
0.19450166
0.17817548
0.18073516
0.16142182
0.15576148
0.16732267
0.15149596
0.18158100
0.18400270
0.14614851
0.17741705
0.21778014
0.17176168
0.14158396
0.16002060
0.17455576
0.21188967
0.16900161
0.17850524
0.16652155
0.17752740
0.18993848
0.16792565
0.15487684
0.19583583
0.18939024
0.18902960
0.15248798
0.20107078
0.18878012
0.15392365
0.18178993
0.15541307
0.16434069
0.17090144
0.17897783
0.19237705
0.16204823
0.15741968
0.13882708
0.19997670
0.21863373
0.17297835
0.17851276
0.16367305
0.14055651
0.15729365
0.13992468
0.15597855
0.18881259
0.20183601
0.16473377
0.14883535
0.19254354
0.19473304
0.18209680
0.17004626
0.15458034
0.20447040
0.19621275
0.19278354
0.17014395
0.18148298
0.18355047
0.18994996
0.17008309
0.18092264
0.20059021
0.21154349
0.19915585
0.17013575
0.17799253
0.18251266
0.15006262
0.18169387
0.19779365
0.18081632
0.18767525
0.14872706
0.18063061
0.16206243
0.16131929
0.19624799
0.19383753
0.17304770
0.17978757
0.20029908
0.18425787
0.19612999
0.16610881
0.17991595
0.18395360
0.21241559
0.19874110
0.18427606
0.17708354
0.18244827
0.16600613
0.19472195
0.16525840
0.15205531
0.15990266
0.21548045
0.21113582
0.18812305
0.22742326
0.16534277
0.17344184
0.20478635
0.13192818
0.21043254
0.20285200
0.19354854
0.22253360
0.17915910
0.16219849
0.16004612
0.15557495
0.20943992
0.20166745
0.18633567
0.17201625
0.15780281
0.19656204
0.18668470
0.20224613
0.19849336
0.18160795
0.19213581
0.19104580
0.18458246
0.17377576
0.17651365
0.22505152
0.15142161
0.17719049
0.21040371
0.17575909
0.17882580
0.20612645
0.19822407
0.21776610
0.13648323
0.18487463
0.15168987
0.15878724
0.17303099
0.19806827
0.16626001
0.15652566
0.20135255
0.18827548
0.18489157
0.19325769
0.16678845
0.19735827
0.19201665
0.19105623
0.17623764
0.15515225
0.15412378
0.18106264
0.18101106
0.19618798
0.14405088
0.17284629
0.21521839
0.19092809
0.17288823
0.16643378
0.17848771
0.18582928
0.16076627
0.16809756
0.20523255
0.17802306
0.18861596
0.21327214
0.20111570
0.16383241
0.16469195
0.18685570
0.16964879
0.17448726
0.17160157
0.21096947
0.16665487
0.15628161
0.15513536
0.13522160
0.16288513
0.20069113
0.19246295
0.16345988
0.15860879
0.19631081
0.20543129
0.20507853
0.19071341
0.16327747
0.18164227
0.17207453
0.20497407
0.17010309
0.18572513
0.22729688
0.19561403
0.15840865
0.16307313
0.22666800
0.14859263
0.15517938
0.17870912
0.17075984
0.17294373
0.17950732
0.18334465
0.16736619
0.17213029
0.17494088
0.16574609
0.15285957
0.20702883
0.17900842
0.15948534
0.18703539
0.20099737
0.17299043
0.19255901
0.20555804
0.18398292
0.14941230
0.17020465
0.16869644
0.13896050
0.17420159
0.18377521
0.15900304
0.19982733
0.17353066
0.17085927
0.16310139
0.15306709
0.20606846
0.16652631
0.17539229
0.21177853
0.19102029
0.16909093
0.17365084
0.17575339
0.18470241
0.16727694
0.20865134
0.19587312
0.16558589
0.15075846
0.21761939
0.18233762
0.20236312
0.14614470
0.17841228
0.15752494
0.16997050
0.15662697
0.19227204
0.18272374
0.20312425
0.18299146
0.20250052
0.17725506
0.18203378
0.15803459
0.17874288
0.18396191
0.19661722
0.19558255
0.18271234
0.20687669
0.18501370
0.22068686
0.18627170
0.16590075
0.18122501
0.19394212
0.16409281
0.16881494
0.22226766
0.17451521
0.15312347
0.18796351
0.18365094
0.21999054
0.15509694
0.15369716
0.17057337
0.20264080
0.16645402
0.19916787
0.17854621
0.16013037
0.18249853
0.16645154
0.19748382
0.17280069
0.19044084
0.21063467
0.20033773
0.15578122
0.21265151
0.21383763
0.19392889
0.16578172
0.17590679
0.16508531
0.16442570
0.15575531
0.18256003
0.16320492
0.19747941
0.18608047
0.17343257
0.16770733
0.18389921
0.15036016
0.20247247
0.19879119
0.16813748
0.20554560
0.16239855
0.16076479
0.21143218
0.19775504
0.17031279
0.16907224
0.19137001
0.14565975
0.16145985
0.15318071
0.18579337
0.16503220
0.19342767
0.19043335
0.15954663
0.21160332
0.20313209
0.19766186
0.18498079
0.18839248
0.17660338
0.19603036
0.16174346
0.17937723
0.16442557
0.18966480
0.19134087
0.15792468
0.20146511
0.19460803
0.15876110
0.17285090
0.21162012
0.20830525
0.17712130
0.19373810
0.18184626
0.15095764
0.17237995
0.18018238
0.20142726
0.20088528
0.17462707
0.19689521
0.16565151
0.18028208
0.19360014
0.15219783
0.15867421
0.16682958
0.15117331
0.21314543
0.17304111
0.19263690
0.16953200
0.19025329
0.18179237
0.18318137
0.17598342
0.18511315
0.18922773
0.15557196
0.22907032
0.20373480
0.16352608
0.17545671
0.16829149
0.13558821
0.17237596
0.16500207
0.23444690
0.21201521
0.16911664
0.21114794
0.15719565
0.22149551
0.17734039
0.14813906
0.15677541
0.18559580
0.17402651
0.14118951
0.19027776
0.21451949
0.22738405
0.15319675
0.16318064
0.21120956
0.18343047
0.16512716
0.18803619
0.16784606
0.19049262
0.18395849
0.19845579
0.19875356
0.17291932
0.20080445
0.17647216
0.16182476
0.18769333
0.17064080
0.15766101
0.18159009
0.15091098
0.17458872
0.16793188
0.16622865
0.15996895
0.20065146
0.22535947
0.17915305
0.17357700
0.16456869
0.18172388
0.18627313
0.19207846
0.15906570
0.21459825
0.17502192
0.19796712
0.17065764
0.17145602
0.23691381
0.18953893
0.16846285
0.22282055
0.16727370
0.18985578
0.18393142
0.16933789
0.16696122
0.18764389
0.18275012
0.19837423
0.18902527
0.17410072
0.15133554
0.15142092
0.15864734
0.20773773
0.15015303
0.15831638
0.17976965
0.15710109
0.17010557
0.16701300
0.17141512
0.16901933
0.15837627
0.17325370
0.14480920
0.18082170
0.18290782
0.17371439
0.16388002
0.16970567
0.15057777
0.17398176
0.17476962
0.21277844
0.17714832
0.17906062
0.19736893
0.21502182
0.18002845
0.17348919
0.17847005
0.20646432
0.15993239
0.20649218
0.15670120
0.16695441
0.21611485
0.15730272
0.14624203
0.18248543
0.18225145
0.16052818
0.15516905
0.16551951
0.18742337
0.16894335
0.17055736
0.16800362
0.18415428
0.15603798
0.18864657
0.16902854
0.18161478
0.16847894
0.17826372
0.18166415
0.15293388
0.20403626
0.19302785
0.15774770
0.16528129
0.15184933
0.22097372
0.20508939
0.16972929
0.20679655
0.17119426
0.16406094
0.15121723
0.18244312
0.19429385
0.18805972
0.18576609
0.24387019
0.20446910
0.16775333
0.17301146
0.21575753
0.17236593
0.18276084
0.15977993
0.15930227
0.16358288
0.17293850
0.17851458
0.17051988
0.17739021
0.17283189
0.17017901
0.19233994
0.16790352
0.16103476
0.19180001
0.18857572
0.17219827
0.18147337
0.16439664
0.21387098
0.21254988
0.20539050
0.17998329
0.16422675
0.19924319
0.17692113
0.19073314
0.16371211
0.17289551
0.18858120
0.17888397
0.19681043
0.16727535
0.16611679
0.17908937
0.19159545
0.16391784
0.19520952
0.16833005
0.19689177
0.13611483
0.19255266
0.14130541
0.16712842
0.17290295
0.19967624
0.18912023
0.21638852
0.17861157
0.16043375
0.14850397
0.21848390
0.17577140
0.18846955
0.19039073
0.19684131
0.19121302
0.15893578
0.16215982
0.15933764
0.22610267
0.16588955
0.15397469
0.20538436
0.18526710
0.15998839
0.15624458
0.15909398
0.16166490
0.15879779
0.14229156
0.15589972
0.16789383
0.17215190
0.19810953
0.17483799
0.15224862
0.16800887
0.20716757
0.16272460
0.17241013
0.14841764
0.18021918
0.16637168
0.16144420
0.17978542
0.15616058
0.17580784
0.16008109
0.18405075
0.17167996
0.20222830
0.17462982
0.18815997
0.20303637
0.16833614
0.16490390
0.18194456
0.15705297
0.17820047
0.18964482
0.17798197
0.23552024
0.19155223
0.16737995
0.21934433
0.20979105
0.19987882
0.15789353
0.18419003
0.15840177
0.13975407
0.21994297
0.14674586
0.16175601
0.15737005
0.17420095
0.20316798
0.16134454
0.19466197
0.19747852
0.17441304
0.16331308
0.17438903
0.19920989
0.17660354
0.19399775
0.16134191
0.21469983
0.17468279
0.20940793
0.15248679
0.16446449
0.17726030
0.20068649
0.19100217
0.19816994
0.18752649
0.16027339
0.18826854
0.16728047
0.15303016
0.18106715
0.20220732
0.14542808
0.18615163
0.17734901
0.18642484
0.15653248
0.18266530
0.17343633
0.17198797
0.18685851
0.18660888
0.15464554
0.18457313
0.17601677
0.14159690
0.14872028
0.17067878
0.15890143
0.18273732
0.16227657
0.16566587
0.17691003
0.16269713
0.17854897
0.17839804
0.16652306
0.19495205
0.17999459
0.18509538
0.20388704
0.15710708
0.18174038
0.16179565
0.19366079
0.17617954
0.16199523
0.16392891
0.17135626
0.15778351
0.16738228
0.16486991
0.20300222
0.21064259
0.17235545
0.17384034
0.20781562
0.16554344
0.18867339
0.17299341
0.17814607
0.19627505
0.15115579
0.17124014
0.22255439
0.20005635
0.23728248
0.19743811
0.18105788
0.17176903
0.18149766
0.20265142
0.18136769
0.17709746
0.17616042
0.16793802
0.15371333
0.16211849
0.14784871
0.18903358
0.19157016
0.13592448
0.17488522
0.18874164
0.16196108
0.23097320
0.16219153
0.22109864
0.15730408
0.14826992
0.16793478
0.21190758
0.15709930
0.17492430
0.17851992
0.16444267
0.20404335
0.20022326
0.16368532
0.16824687
0.17748573
0.16158002
0.18064864
0.17009251
0.17820893
0.16751851
0.18778385
0.19066273
0.15915104
0.19440592
0.17657180
0.19705442
0.19067211
0.19206231
0.18197449
0.17700825
0.16206959
0.19458723
0.17444790
0.16075973
0.17175157
0.15853192
0.15318335
0.19810478
0.17959323
0.17482031
0.22935617
0.16421230
0.14358685
0.22042966
0.18591007
0.16416267
0.20535575
0.18821714
0.20346548
0.15541453
0.18685043
0.19274592
0.18049965
0.18386437
0.20205481
0.20267482
0.17555855
0.16555780
0.18166296
0.21571072
0.15010458
0.15537176
0.20683188
0.19200539
0.17503737
0.16976681
0.18731404
0.18964148
0.17346750
0.16109017
0.17201109
0.17316635
0.17617007
0.18179374
0.15926983
0.21527340
0.22054509
0.18602330
0.15201467
0.17744698
0.18636482
0.21215436
0.17199258
0.15475592
0.16469998
0.15717600
0.16767380
0.17085308
0.18076236
0.16907658
0.18854334
0.17408148
0.20713788
0.19065098
0.18146472
0.22104911
0.17159633
0.16165114
0.20016298
0.26579139
0.16385762
0.16576552
0.15480686
0.20476069
0.16644593
0.17100550
0.17880070
0.18301769
0.18871519
0.16046808
0.14888383
0.14940104
0.16198629
0.17822253
0.18796974
0.17972620
0.15591634
0.18249154
0.18545287
0.18259876
0.16118799
0.19814687
0.15023252
0.19714104
0.18734612
0.20360068
0.16723342
0.18655189
0.20576911
0.16816468
0.17183811
0.18704220
0.19024382
0.21404055
0.16587125
0.16883948
0.15253465
0.16992060
0.20473222
0.15048129
0.16141316
0.20822906
0.21086193
0.17250421
0.16190963
0.18921971
0.19415902
0.16931318
0.19208670
0.15208082
0.17770160
0.21305763
0.22088477
0.16250820
0.17596969
0.15395948
0.20183780
0.18381363
0.24352808
0.21784679
0.18623533
0.14381240
0.19254148
0.16305494
0.18357476
0.19113786
0.16738336
0.18082818
0.18966580
0.16602253
0.16116968
0.20372125
0.15890645
0.19135952
0.14723974
0.16688648
0.19324981
0.18040746
0.19456780
0.16985261
0.16156447
0.16626642
0.17997721
0.20188030
0.21625575
0.15616545
0.18990644
0.17001006
0.17457849
0.18284850
0.16646456
0.18493512
0.17968585
0.21145173
0.17490575
0.18031053
0.19864476
0.16035549
0.17237323
0.17371517
0.19908477
0.19649483
0.15443589
0.15870288
0.16323621
0.19058831
0.17795354
0.16239063
0.17740383
0.19158045
0.19051807
0.19953531
0.17657121
0.18003962
0.18200435
0.16849847
0.18650528
0.18881200
0.18311791
0.20763907
0.16905139
0.19447113
0.21100097
0.16038099
0.15508568
0.19521622
0.15834775
0.17744906
0.15844242
0.14678858
0.24416812
0.15399179
0.14981676
0.21214961
0.17137054
0.19500186
0.13808797
0.21026357
0.17798686
0.19342236
0.16659281
0.17297128
0.18246268
0.19136716
0.15672047
0.18260046
0.16387379
0.17228101
0.17311747
0.16590703
0.13884321
0.19275673
0.20571490
0.18949715
0.17444850
0.20338717
0.18207282
0.15459100
0.20794111
0.14426456
0.19584223
0.18977604
0.19989920
0.18332834
0.16296840
0.16854591
0.20514821
0.19266161
0.16247437
0.15516407
0.16023387
0.20296248
0.17664875
0.17121499
0.17505323
0.18780164
0.16344970
0.20885868
0.19417752
0.17155001
0.20374094
0.16366332
0.16318383
0.21475047
0.19086935
0.17270955
0.19587340
0.22634300
0.22418980
0.20218826
0.16186528
0.16373319
0.14772435
0.16654696
0.16148285
0.15962572
0.17647705
0.18043657
0.16698070
0.17675219
0.16650084
0.18367039
0.19123480
0.17166960
0.17022265
0.15895538
0.15205028
0.19126042
0.19390087
0.16481110
0.19887190
0.18941343
0.19710331
0.18600462
0.18589252
0.15601744
0.16243541
0.21338721
0.17313452
0.22008080
0.16763813
0.16930424
0.17180986
0.16743681
0.15686210
0.20130219
0.19830576
0.18457129
0.16578607
0.14293023
0.14266892
0.18437256
0.19269694
0.17591630
0.16178982
0.16914564
0.21389415
0.16072503
0.22367350
0.18073100
0.17677826
0.19499019
0.16857690
0.18828385
0.20568030
0.20153290
0.17412480
0.19356791
0.15682816
0.16178821
0.15469343
0.14671179
0.19348290
0.19970942
0.17158585
0.17221702
0.20001931
0.17445871
0.16717655
0.18003310
0.14348758
0.16477079
0.19177583
0.19445925
0.17017847
0.19085118
0.19453566
0.17307813
0.19503185
0.18568106
0.19281661
0.16876064
0.17489463
0.17112157
0.16827746
0.15059917
0.15838320
0.17011628
0.15487332
0.18227294
0.15359756
0.20345642
0.14944878
0.18003913
0.14447112
0.15471913
0.16947227
0.15447207
0.17009353
0.17072118
0.18114752
0.14811196
0.17749861
0.19192330
0.18055913
0.15508763
0.19880399
0.18021963
0.15359316
0.15496801
0.16979810
0.20090775
0.14657515
0.17528921
0.19699445
0.16402092
0.13955928
0.15938414
0.19506648
0.18743953
0.15310604
0.17794474
0.17527911
0.19257493
0.18569096
0.17220902
0.16948225
0.17782109
0.14999894
0.20958530
0.17780018
0.15015470
0.20285926
0.18827412
0.15583719
0.20476935
0.18956221
0.18707268
0.18149963
0.18698637
0.19464375
0.20057668
0.20710168
0.16064560
0.20572884
0.18950301
0.16386229
0.16782139
0.15961439
0.16615424
0.16686797
0.15494972
0.17594034
0.17211883
0.18143882
0.19298631
0.19801512
0.18597601
0.18377529
0.16153429
0.15952067
0.15293878
0.18583108
0.16216803
0.16053816
0.16091819
0.18492458
0.17675676
0.18917329
0.15862155
0.18145386
0.19261937
0.17582767
0.15963247
0.20312245
0.16025635
0.17663609
0.20489406
0.20023741
0.21978697
0.18668821
0.15149229
0.17543577
0.15055362
0.15669759
0.18326273
0.16025923
0.15155065
0.17983099
0.17797683
0.20498687
0.17551178
0.17778409
0.17228939
0.18353269
0.17942061
0.19949686
0.19394350
0.21043412
0.16348164
0.19529873
0.15928935
0.20165590
0.22091810
0.15165778
0.17412853
0.15915839
0.18272818
0.15381166
0.15978144
0.15894600
0.16893424
0.16948205
0.18318906
0.16652595
0.22316591
0.18378587
0.20638418
0.16686346
0.18466483
0.16351576
0.15923892
0.17201482
0.18386710
0.17343348
0.18021391
0.21445549
0.22675711
0.14343681
0.17042237
0.18061943
0.20041485
0.17641664
0.18361004
0.19918860
0.14893406
0.15261365
0.16362294
0.15213294
0.18837762
0.17635403
0.16622323
0.15105736
0.15353735
0.16953530
0.21025404
0.16567327
0.15765428
0.21109602
0.18478439
0.17325929
0.19034456
0.19738075
0.16976340
0.17329924
0.16437684
0.17833592
0.17204727
0.16105858
0.17668091
0.20435510
0.19363047
0.18033416
0.17610133
0.16493013
0.17247899
0.18325194
0.17793074
0.14748120
0.18498415
0.20042049
0.19431069
0.16590799
0.18586515
0.17719210
0.18740639
0.17440984
0.18499284
0.18042975
0.20016565
0.20974061
0.14595781
0.20479417
0.20243378
0.20483719
0.15989204
0.17884124
0.15618371
0.16823242
0.18146374
0.16142414
0.18852910
0.18378219
0.17910724
0.16225627
0.17450836
0.16639683
0.19962686
0.16007731
0.18009826
0.16807535
0.16568229
0.15291153
0.19067608
0.16629490
0.19022444
0.14342913
0.13549400
0.22046307
0.19608966
0.16615400
0.16812616
0.16022097
0.15806632
0.18657093
0.16615305
0.19906916
0.19253777
0.18398034
0.17907339
0.17271630
0.16316498
0.14930192
0.16446430
0.21748893
0.18451855
0.21655256
0.24616252
0.15569985
0.18963798
0.23449003
0.17897184
0.19814967
0.16848529
0.17125034
0.18754349
0.15833776
0.15849720
0.17474669
0.18395525
0.19167821
0.19621720
0.18695002
0.19341872
0.18717699
0.19866666
0.15635408
0.17009484
0.15434906
0.18424788
0.19942149
0.17627486
0.15571263
0.14730184
0.20036365
0.16007445
0.19886276
0.16342810
0.18089361
0.20288818
0.19182643
0.21366637
0.17889984
0.15597107
0.16105136
0.15516877
0.13543311
0.17142096
0.19110203
0.15051755
0.16229071
0.16009965
0.22034146
0.18378860
0.19665716
0.17011283
0.14449102
0.16745156
0.23263797
0.17719430
0.18613811
0.17528061
0.16817972
0.14882862
0.16035452
0.16339307
0.20289639
0.22444756
0.21109564
0.15921759
0.16694239
0.18651033
0.16846777
0.18059931
0.20154246
0.20703331
0.19064167
0.18105339
0.17203775
0.16291745
0.18373675
0.19434031
0.15712965
0.18111585
0.18842393
0.21508344
0.19160897
0.17143488
0.17709571
0.15826994
0.19745623
0.17975114
0.13703295
0.20047320
0.21746883
0.17090161
0.15558787
0.19529872
0.17647657
0.21373288
0.17303757
0.17367353
0.18705773
0.19420406
0.16610785
0.18951563
0.16479960
0.19555293
0.18108185
0.15929826
0.21281560
0.17790001
0.18640934
0.14723256
0.17782296
0.20079139
0.15387219
0.18039562
0.16147982
0.21133091
0.18500052
0.17292405
0.15694870
0.17746132
0.15634891
0.18455548
0.18356533
0.16448583
0.19226078
0.19545422
0.17215352
0.17322686
0.18268607
0.17320180
0.18282169
0.22300083
0.15563913
0.16657519
0.16605516
0.17992970
0.16345040
0.15977953
0.22443774
0.17401648
0.20423830
0.17777641
0.17904232
0.19935910
0.16709706
0.16638241
0.16524663
0.19177641
0.20236432
0.20428633
0.14409380
0.19965399
0.17767151
0.18953579
0.17787725
0.21008446
0.20822342
0.17071767
0.18917739
0.17381832
0.17288041
0.19314729
0.18178819
0.19859065
0.21277808
0.18495218
0.15661744
0.19957095
0.16648673
0.18056731
0.17291400
0.18033786
0.15956654
0.22006891
0.15470111
0.21152643
0.16755936
0.19829935
0.18976350
0.16583815
0.17260449
0.19016016
0.20471138
0.17677992
0.16267871
0.17719345
0.19572175
0.18355871
0.16472179
0.20172793
0.15811547
0.13847027
0.15440434
0.21288765
0.15919608
0.15178027
0.15772999
0.14313446
0.22221831
0.14266963
0.18969769
0.17219942
0.19334419
0.17873090
0.18588273
0.15198047
0.20587950
0.14108041
0.16918166
0.16548140
0.21000506
0.18845477
0.14694926
0.17540761
0.19966642
0.18992766
0.20512465
0.18233546
0.22706484
0.18567673
0.17078398
0.14581945
0.14350500
0.15310919
0.17814647
0.16103954
0.18894393
0.17486211
0.17859585
0.18609694
0.19493323
0.18599076
0.16943952
0.17941351
0.18263926
0.22421181
0.17884422
0.19820222
0.17403514
0.19233296
0.16118428
0.18142946
0.21001727
0.18084689
0.22516981
0.18328703
0.13872481
0.15967946
0.17249049
0.19013987
0.19499261
0.15530639
0.16422602
0.16117875
0.20348659
0.17214826
0.18823870
0.18192426
0.18401993
0.13862044
0.15417955
0.16389410
0.19255575
0.18669044
0.17962956
0.20747331
0.15066479
0.22036751
0.14972574
0.17686135
0.18177042
0.20169423
0.15990327
0.21707517
0.19581233
0.18187159
0.18208572
0.15637852
0.17038133
0.16145056
0.17034522
0.17414118
0.16539064
0.16565229
0.21449338
0.19555120
0.20406911
0.18111622
0.17507689
0.17221655
0.15712412
0.12405965
0.18861349
0.17089437
0.18904784
0.15668699
0.16627193
0.19290655
0.16829855
0.20654326
0.17677593
0.16506113
0.14815322
0.15225851
0.18268808
0.17283397
0.16485163
0.16254356
0.17683381
0.19756105
0.12984702
0.17206896
0.22500536
0.18455527
0.18695481
0.17518746
0.16297930
0.19144650
0.15619665
0.19891998
0.15888378
0.17448626
0.19276828
0.19049192
0.16597209
0.20354282
0.17568755
0.22514400
0.17281575
0.13915600
0.15905616
0.19372097
0.20814613
0.16099801
0.16653484
0.16127788
0.15955754
0.23128451
0.19987528
0.17073220
0.17784233
0.22045920
0.18193475
0.16546242
0.18396314
0.14900778
0.17437550
0.22062390
0.21509823
0.18636550
0.15450075
0.16084425
0.20228448
0.20044786
0.18722275
0.18081683
0.17746434
0.18778968
0.14586693
0.16302462
0.16994404
0.17356337
0.13364019
0.21069083
0.17442242
0.16291907
0.17980789
0.17948547
0.18904755
0.16233858
0.19471761
0.15427612
0.18753711
0.16391700
0.17476032
0.18843865
0.17927819
0.16983835
0.15418108
0.20496888
0.17629244
0.15639080
0.19080891
0.19284052
0.20095893
0.18347429
0.15830948
0.17115675
0.17841004
0.17537684
0.20406146
0.16708526
0.20185352
0.22520802
0.21540312
0.16907240
0.15887619
0.18731646
0.17630778
0.19282884
0.19211412
0.18326298
0.18173618
0.16181125
0.17015220
0.17563361
0.18588474
0.18734541
0.17602395
0.18621131
0.20242032
0.17972928
0.16411999
0.14054155
0.17162329
0.16580819
0.16589373
0.18042442
0.17451842
0.17577355
0.20148012
0.19777478
0.18243725
0.19164826
0.16348783
0.20434280
0.17040114
0.19162144
0.15341081
0.16060141
0.18102528
0.17949383
0.17875831
0.15276245
0.17948347
0.17628454
0.15008830
0.20667104
0.16395741
0.20443846
0.19672936
0.16800541
0.19708995
0.14868798
0.19309982
0.22995831
0.16543846
0.18730012
0.16784043
0.19733737
0.18827765
0.16692359
0.15433825
0.17936116
0.18501829
0.19253359
0.16513920
0.16074717
0.17479220
0.19048849
0.17588844
0.17838374
0.18992770
0.17186072
0.18166147
0.19557445
0.18104770
0.16980095
0.17244320
0.19732391
0.15237185
0.18788268
0.16404398
0.14757626
0.18361425
0.24243417
0.16127948
0.15235019
0.17525608
0.15981214
0.20381384
0.15157439
0.20710227
0.20709456
0.20201047
0.17495985
0.17562478
0.16930755
0.19338781
0.18390610
0.17070258
0.18040036
0.18628620
0.17569336
0.21609048
0.17523169
0.19339419
0.19676112
0.19401005
0.23657972
0.15160227
0.20162342
0.17957015
0.14342043
0.18469457
0.16946499
0.21588837
0.18780346
0.18804776
0.18474094
0.18137360
0.19251543
0.17114929
0.14562986
0.23969314
0.19311641
0.17215315
0.16787590
0.15557920
0.15574601
0.15363457
0.19841141
0.16135204
0.18639078
0.19884334
0.15920322
0.16632961
0.18948656
0.16063090
0.17296264
0.16960510
0.18309740
0.16736548
0.22573309
0.17419654
0.18149743
0.18017636
0.16710790
0.17002912
0.17477989
0.19496959
0.15165707
0.18148595
0.18079005
0.16918544
0.15681379
0.18657412
0.15861913
0.17608696
0.18746297
0.17702782
0.15900658
0.17800072
0.18545699
0.16326683
0.16793376
0.21332642
0.17661032
0.20074859
0.17365001
0.19117622
0.16552008
0.16634788
0.16595589
0.17169029
0.17713089
0.17997533
0.18044056
0.19278962
0.20699308
0.16805526
0.20779694
0.16204295
0.17409733
0.18102244
0.17372851
0.16448656
0.22102250
0.17213910
0.18388914
0.16269559
0.17543827
0.17342290
0.19640167
0.18124244
0.19123737
0.18082178
0.20686278
0.16567456
0.16600379
0.15757665
0.19066218
0.17929683
0.19398921
0.17050243
0.19261548
0.23148084
0.19002427
0.19463737
0.17028805
0.17827612
0.18233652
0.16944235
0.16504550
0.18908627
0.16719270
0.16526138
0.17168191
0.14782200
0.18410918
0.17528701
0.15522822
0.18220265
0.18120293
0.20868087
0.15049587
0.15807596
0.17549599
0.18480324
0.17911722
0.19206298
0.16603608
0.16401186
0.16374762
0.19048310
0.16865148
0.23512683
0.17536437
0.16473592
0.17546588
0.17729196
0.14875510
0.16423373
0.16951157
0.14650498
0.17277977
0.18497992
0.15552958
0.18244241
0.16561791
0.16856823
0.18175683
0.18669097
0.17052015
0.16656544
0.20591834
0.22497285
0.17988925
0.18032697
0.15380990
0.19783031
0.18239408
0.19791870
0.14981011
0.22034491
0.18165545
0.18109477
0.17259039
0.18622850
0.16291390
0.18877633
0.17642485
0.15777005
0.14857350
0.18325505
0.18722228
0.18677575
0.18108831
0.15374599
0.16897712
0.16443273
0.18898205
0.16630255
0.16789405
0.18367057
0.17412297
0.20876985
0.18252712
0.19857252
0.15340129
0.21986041
0.16295763
0.15523077
0.20013826
0.18148487
0.19129904
0.18423672
0.18011207
0.22084879
0.14362835
0.17895953
0.17930582
0.17002006
0.15543488
0.17569980
0.16208959
0.18178039
0.18612289
0.18504678
0.19422167
0.15755435
0.17812150
0.18153233
0.15693804
0.17906754
0.18009382
0.15957135
0.20932021
0.18986519
0.15401862
0.15246071
0.20589038
0.15778788
0.18669237
0.17556409
0.17574397
0.16279443
0.19392948
0.17562959
0.16264086
0.14032263
0.19642854
0.18118439
0.18299494
0.15054101
0.19182380
0.17352877
0.19497906
0.17986824
0.18746326
0.16887640
0.18867368
0.19498086
0.22121663
0.18667399
0.18795912
0.16306882
0.21679318
0.19954616
0.18372447
0.20518778
0.16620875
0.17534341
0.21933041
0.17619653
0.15528395
0.17016250
0.18058093
0.17148174
0.16723353
0.19963638
0.16914943
0.16975630
0.18119223
0.18718802
0.17982676
0.20688257
0.21164903
0.17809825
0.17001469
0.19106169
0.14746345
0.15612380
0.21025604
0.16241168
0.15532679
0.15382461
0.16989762
0.17670940
0.18419534
0.20310248
0.22781598
0.16045857
0.16784077
0.18667980
0.16762445
0.17127032
0.18050893
0.17134733
0.18573924
0.20728592
0.14637427
0.18453117
0.15590444
0.15584804
0.14875865
0.17793354
0.14920611
0.15911947
0.19749953
0.15697059
0.19718193
0.20758385
0.17367394
0.18056117
0.19566274
0.18465202
0.23061240
0.18890870
0.18024225
0.18193744
0.21439471
0.15697757
0.21215753
0.17352215
0.15974761
0.15985260
0.17804714
0.19711607
0.17533876
0.15704772
0.16318777
0.19188097
0.15394966
0.17627306
0.17851349
0.16499598
0.15088203
0.18411681
0.19548278
0.17859337
0.15734469
0.19057371
0.16470056
0.18043534
0.18002852
0.18006719
0.14445537
0.18151857
0.17996247
0.22686240
0.16067856
0.15410584
0.16543398
0.17732029
0.16789399
0.19420243
0.16224618
0.14201350
0.17697369
0.15608769
0.14888526
0.15838263
0.17533833
0.19800092
0.20051313
0.14870169
0.17871754
0.15340385
0.18895860
0.19199717
0.23109781
0.17274944
0.17969490
0.15593435
0.18362530
0.15541081
0.16278543
0.16606601
0.17044579
0.21310219
0.15804011
0.14435691
0.17669446
0.20181992
0.17841746
0.21813247
0.18465112
0.21280866
0.24859831
0.15311749
0.19879522
0.16882663
0.17247428
0.17865433
0.15460007
0.18686627
0.16799283
0.15967448
0.20695226
0.15101545
0.15249075
0.16707660
0.18645633
0.17865380
0.15809687
0.20617828
0.19756593
0.17062275
0.16102472
0.19273687
0.16442764
0.18219478
0.20746492
0.19954279
0.15836188
0.16618541
0.21065856
0.16532108
0.14707001
0.18482590
0.16506718
0.23563050
0.19741372
0.18909872
0.14838060
0.16471008
0.14125512
0.20494484
0.19584535
0.18011204
0.15430799
0.16884489
0.15465375
0.18203500
0.19166705
0.17205932
0.15155719
0.19613391
0.20493173
0.17745588
0.18675180
0.16878848
0.17432372
0.17320021
0.15965841
0.17056584
0.21240719
0.17987857
0.18367323
0.16353586
0.16655960
0.21609087
0.17751651
0.19363167
0.17070697
0.18550138
0.19140709
0.21017366
0.14249266
0.24144285
0.21854288
0.18065832
0.16243721
0.17070180
0.16512041
0.17641564
0.16886438
0.16327666
0.18001091
0.18280880
0.16462710
0.18393794
0.22440835
0.15313697
0.18960442
0.19328823
0.22902964
0.19327659
0.15918565
0.17177270
0.17600659
0.16990098
0.16346290
0.18243960
0.21264182
0.17052849
0.19232559
0.20566168
0.20378593
0.19753105
0.17731934
0.16160616
0.15317016
0.16315866
0.17887793
0.17821399
0.19532431
0.20087436
0.15015383
0.15984332
0.16578137
0.16258113
0.16777390
0.15826120
0.18786902
0.16273383
0.20762303
0.17724082
0.17915160
0.19953337
0.16084846
0.15234909
0.18986293
0.19626538
0.18564096
0.15148302
0.18819101
0.20084921
0.17997201
0.19091345
0.17707011
0.18578582
0.20994728
0.16230229
0.20063447
0.16490625
0.17288897
0.16488668
0.16827589
0.19086527
0.15334327
0.18500386
0.16523522
0.17023065
0.18277643
0.18001446
0.17134609
0.15038213
0.18845341
0.23276130
0.18613557
0.19249933
0.14980908
0.21181740
0.20015026
0.20984309
0.16197959
0.18755687
0.18406641
0.18016069
0.19876395
0.17624829
0.17166806
0.19366287
0.18101536
0.19855027
0.17593525
0.17865278
0.19474624
0.19616549
0.17846278
0.17401786
0.16567375
0.16832161
0.19608124
0.18441105
0.15821300
0.17365286
0.18780301
0.18269180
0.16540795
0.15801283
0.15781571
0.15875634
0.16494454
0.18354589
0.19722085
0.16170951
0.15253008
0.17529054
0.17192130
0.19509696
0.18277587
0.17977654
0.15914679
0.20238654
0.20795675
0.17615590
0.16766579
0.16849412
0.17340696
0.15842907
0.17170656
0.15805046
0.14547390
0.19056772
0.16839027
0.16795922
0.18752038
0.17542428
0.18096822
0.16727140
0.20156989
0.22934863
0.16074522
0.19074917
0.17522216
0.17102014
0.15972346
0.16627711
0.16364770
0.20418140
0.19503487
0.16670297
0.21300254
0.18740165
0.21745646
0.17125356
0.16458588
0.17796757
0.15703477
0.17370146
0.19766985
0.15373992
0.15235725
0.18516583
0.20832403
0.16076239
0.16079798
0.16695973
0.18897278
0.14785979
0.21299483
0.15904220
0.18717344
0.16310607
0.17291721
0.17226101
0.14923232
0.17905277
0.17220754
0.17623355
0.17519905
0.19810774
0.19655973
0.15913513
0.20109920
0.19349958
0.21614535
0.20458473
0.17964338
0.20953894
0.19499233
0.17006105
0.21304295
0.19912852
0.16283027
0.17148224
0.21674334
0.19559005
0.19010574
0.17012640
0.20742293
0.17544170
0.15921956
0.17362410
0.16064370
0.16289404
0.15583729
0.16408502
0.17930429
0.19417663
0.19264926
0.20095310
0.18313609
0.16232608
0.16556728
0.18188633
0.18200608
0.16557963
0.18553354
0.16529742
0.16717742
0.15230648
0.17724868
0.16780971
0.16401368
0.18623345
0.16482450
0.16860308
0.19059126
0.16792499
0.20257159
0.19808499
0.16712181
0.16753601
0.18696072
0.17875309
0.14244919
0.17986282
0.18166018
0.13952930
0.18110070
0.19530177
0.18682759
0.18432367
0.20442891
0.19630584
0.17759275
0.17829896
0.16552247
0.18650941
0.21077200
0.19088473
0.19713589
0.19400646
0.15592639
0.18981616
0.21555943
0.15876396
0.15820649
0.15874221
0.18734474
0.18772845
0.18679056
0.18442325
0.20605375
0.16315311
0.16936600
0.18016725
0.17352460
0.19096963
0.17357507
0.20541904
0.19870962
0.18016576
0.14780326
0.16917355
0.20993623
0.15875277
0.16808466
0.17813747
0.17074407
0.17325209
0.17960796
0.19099033
0.25639967
0.20928888
0.17939563
0.16997823
0.18730005
0.17455120
0.18407362
0.19185954
0.16409600
0.22045091
0.17055739
0.17229132
0.20581865
0.14023818
0.22267827
0.23242758
0.20417993
0.19352914
0.18741530
0.17614798
0.14560492
0.15766150
0.14743046
0.21355477
0.15305497
0.18241963
0.17621535
0.18084957
0.21309766
0.18092303
0.15534207
0.14261214
0.21851340
0.14138739
0.19276851
0.19670521
0.17622791
0.20590273
0.14694730
0.16453987
0.20176321
0.13792988
0.17954140
0.17722442
0.15600137
0.16714267
0.17690015
0.17881541
0.18927607
0.17127534
0.16582656
0.14440251
0.19041523
0.17539477
0.16944572
0.21093048
0.17408327
0.15796947
0.21826938
0.19345346
0.17073154
0.18278920
0.18412828
0.16764906
0.15596751
0.17296816
0.15069467
0.15645888
0.17561477
0.19559731
0.19816270
0.13976518
0.18012773
0.18667070
0.16067146
0.19872715
0.18082618
0.18349847
0.18481569
0.17175233
0.17581522
0.23779372
0.21150739
0.17401361
0.19353281
0.19852283
0.14757193
0.20727643
0.16938307
0.19773396
0.20094371
0.16363258
0.14901085
0.19285892
0.20095106
0.19886127
0.17013010
0.17931457
0.17230896
0.15086573
0.17934403
0.16895839
0.14843065
0.20496332
0.16203896
0.18569818
0.17434043
0.17429680
0.18201877
0.17887632
0.17158170
0.15559729
0.17740390
0.19691857
0.18844637
0.19019355
0.19724655
0.16871951
0.16610132
0.18564460
0.18419452
0.17442423
0.20114352
0.17956731
0.16789035
0.17094336
0.18427784
0.19815408
0.21555690
0.19326278
0.18030378
0.21156159
0.19424233
0.16227129
0.19320889
0.19868365
0.18266530
0.16218925
0.15212932
0.17522492
0.16042137
0.16687418
0.17176460
0.18573998
0.19769682
0.18998995
0.20234490
0.17199041
0.17472624
0.16275441
0.20259897
0.18912798
0.19461157
0.21889761
0.18494685
0.18352011
0.16465208
0.19397149
0.18166431
0.16210597
0.16253920
0.22232829
0.22139852
0.18159169
0.19415391
0.17668877
0.18738614
0.18433503
0.18139173
0.19463349
0.15789403
0.17698840
0.20913371
0.18102348
0.18008881
0.16874438
0.15116485
0.14891782
0.17593246
0.15473731
0.19231943
0.18433595
0.15700079
0.15088996
0.16678455
0.17175908
0.16318706
0.20145669
0.19383647
0.20233630
0.17102435
0.17315531
0.15762915
0.21364281
0.16969653
0.15853146
0.16288445
0.16716342
0.15911852
0.17548670
0.17131486
0.19187929
0.18917595
0.16992121
0.19419497
0.13203017
0.16385621
0.14606127
0.20310438
0.16277574
0.17616107
0.21406216
0.17873869
0.18069296
0.18213193
0.17117003
0.16126562
0.15983678
0.18066623
0.16663318
0.17863695
0.19345199
0.17485638
0.17076620
0.17089320
0.18015309
0.17844696
0.19275284
0.19179731
0.16624254
0.19438156
0.18455131
0.17256068
0.18137452
0.17776483
0.18078393
0.18357779
0.19770324
0.18301872
0.17940848
0.16944739
0.18412370
0.15625151
0.19443287
0.14926560
0.16742941
0.15199868
0.17520561
0.15735342
0.19900849
0.19800038
0.17932513
0.16306049
0.15701230
0.18089571
0.20250676
0.19118991
0.22268475
0.15067065
0.18679569
0.16800280
0.17498590
0.18923305
0.15381118
0.15209354
0.22105438
0.17154124
0.18657188
0.18291235
0.18144220
0.18785987
0.15177843
0.17267430
0.18821655
0.18033643
0.17197402
0.17590390
0.17553064
0.18139603
0.16216693
0.17174043
0.22039123
0.14623885
0.17100261
0.17652443
0.16869157
0.18158326
0.17313951
0.16171320
0.18975833
0.19140933
0.23567982
0.15737387
0.16394216
0.19757790
0.16331628
0.19046957
0.15883727
0.16202890
0.18108837
0.17218327
0.17994119
0.16696855
0.15462549
0.15688650
0.19546402
0.20734256
0.19186624
0.17406209
0.21952470
0.18912461
0.16787328
0.15026399
0.18114548
0.14326216
0.14243817
0.15553485
0.16932762
0.19762518
0.20885079
0.16379175
0.15044119
0.18516943
0.15028005
0.19063686
0.18951475
0.19441313
0.20283807
0.19103077
0.19127765
0.18821355
0.16986250
0.15544165
0.17376883
0.15850302
0.19016246
0.16023864
0.18471448
0.19191060
0.17783197
0.19034640
0.15425650
0.15848989
0.17585969
0.18817231
0.15883909
0.16822750
0.18327999
0.16682640
0.16775381
0.18721177
0.16613837
0.17452299
0.21820750
0.17503469
0.17255687
0.21337153
0.17296988
0.18658515
0.21004996
0.17804511
0.18915798
0.15578378
0.16828192
0.16749932
0.22601200
0.17290508
0.16645905
0.19832734
0.19082422
0.17175697
0.22398676
0.15396750
0.16592461
0.18982477
0.16537931
0.20074859
0.17424611
0.22907268
0.17943031
0.16143564
0.21778084
0.16912203
0.16238989
0.17173591
0.16021674
0.19674589
0.17171324
0.17569455
0.17058367
0.16867790
0.19708809
0.17483213
0.17607845
0.18161304
0.18750205
0.15947166
0.19702571
0.22156598
0.15408617
0.18920924
0.16583521
0.16408410
0.17046740
0.17475893
0.18631459
0.17265081
0.17347890
0.21794654
0.14911511
0.19046190
0.18488956
0.17861763
0.17677743
0.17087613
0.17084236
0.19522829
0.16031156
0.17754057
0.18396763
0.18450156
0.14787293
0.17282555
0.19038611
0.16552187
0.18894051
0.17228458
0.18256491
0.16924609
0.16778563
0.18756596
0.17056352
0.19459140
0.18802074
0.18957193
0.20652966
0.18362495
0.16881413
0.18271566
0.15102847
0.15682148
0.23183664
0.17954192
0.17650340
0.17368810
0.16199692
0.17238835
0.19813930
0.16840929
0.17038107
0.20981248
0.16915044
0.16080659
0.21217485
0.15129710
0.18222962
0.14847213
0.17440961
0.20218583
0.14761173
0.17648586
0.20385031
0.18485331
0.17846375
0.22333097
0.17395480
0.19790300
0.18681171
0.15578557
0.15540955
0.17058405
0.20198921
0.19040125
0.16843033
0.21380455
0.17151538
0.17549692
0.16761151
0.14733891
0.17683792
0.17498981
0.15487074
0.21101761
0.16918381
0.17853126
0.19285337
0.14813362
0.16956205
0.15836347
0.15082493
0.17678571
0.18859062
0.16233543
0.16644120
0.15891768
0.18873444
0.17780898
0.16147276
0.20783831
0.18451438
0.15372118
0.20856145
0.17646703
0.14750539
0.20216761
0.17143432
0.18022102
0.18093552
0.19055569
0.13927753
0.18561500
0.15639333
0.16953898
0.18292928
0.15902190
0.20545975
0.16803685
0.16720199
0.16400664
0.19472395
0.20550302
0.20861144
0.18172776
0.18329834
0.22717073
0.16896169
0.16512430
0.16951466
0.14811309
0.22503890
0.17687312
0.16509193
0.18177112
0.18065550
0.18098383
0.17257877
0.13846591
0.14322616
0.18875217
0.22040976
0.16125280
0.20430142
0.15114194
0.20471256
0.18538559
0.19913089
0.17339319
0.18465427
0.15765717
0.21690138
0.16848591
0.19703495
0.18250225
0.15793939
0.15966524
0.20274856
0.22324694
0.16663099
0.16499006
0.17742959
0.15165045
0.17925782
0.17579618
0.17593920
0.19193464
0.16058773
0.15599323
0.16436493
0.18822312
0.18012234
0.20132301
0.19069553
0.16166087
0.17375957
0.19045825
0.17720677
0.15097926
0.21214572
0.20156154
0.15539666
0.16154284
0.17203949
0.17276217
0.17500241
0.19402720
0.16669109
0.20415025
0.16645286
0.17880771
0.17512449
0.21824262
0.18655323
0.20652072
0.18644733
0.15358136
0.17436008
0.15001754
0.16259313
0.17450550
0.16771703
0.17902149
0.21621305
0.17217694
0.17087536
0.17705492
0.18509679
0.16338368
0.19380618
0.16176405
0.14499539
0.15373144
0.18206682
0.16102247
0.18842005
0.14823790
0.19706800
0.17524073
0.21900332
0.15347649
0.14638443
0.19152705
0.18702104
0.18646729
0.18121105
0.19268813
0.19764804
0.16465981
0.20679163
0.17796597
0.16190984
0.17973143
0.18941634
0.17178550
0.15646474
0.17892579
0.19953122
0.19694565
0.16099613
0.14605737
0.16758412
0.18254941
0.21535362
0.16472977
0.17084803
0.17937131
0.17880532
0.15470076
0.19824072
0.17037900
0.19868060
0.16225705
0.19570175
0.16200481
0.15173443
0.17607721
0.18330324
0.19613791
0.16136096
0.17931225
0.15510872
0.16161688
0.19593553
0.17434614
0.18499652
0.16973474
0.18647387
0.18995185
0.22871570
0.20365782
0.17644678
0.17175874
0.15911404
0.16457178
0.19628519
0.16871528
0.17036032
0.18521192
0.16053808
0.19178935
0.15852937
0.17418535
0.19017261
0.22316717
0.16528494
0.19059858
0.13558877
0.15419481
0.17474283
0.17599900
0.18149080
0.15673421
0.19858449
0.19637335
0.22916582
0.18757513
0.15813513
0.19260286
0.18119377
0.17954728
0.20532245
0.16348493
0.14974416
0.15796965
0.16061088
0.19396313
0.14863919
0.19562370
0.15464131
0.16369088
0.17395254
0.15170320
0.17753129
0.17904130
0.16949971
0.17820021
0.20478492
0.19413798
0.15323443
0.18027394
0.18730275
0.15277243
0.26757233
0.18096638
0.17817525
0.16933423
0.18453302
0.15814330
0.15407731
0.20027826
0.18044416
0.17024159
0.16146390
0.17483030
0.15759719
0.18455141
0.17490181
0.19842331
0.15832451
0.15731648
0.15765588
0.16562358
0.22265893
0.18321816
0.17428922
0.17662640
0.16922797
0.15925555
0.18324194
0.16516328
0.17010409
0.21091484
0.19936704
0.17873669
0.15565639
0.15189255
0.18896534
0.15539191
0.17731920
0.19793422
0.18965774
0.17025163
0.16175114
0.19425938
0.18258857
0.17046381
0.18296361
0.20782870
0.16688283
0.17124426
0.20063014
0.18609579
0.21577594
0.17078843
0.17954745
0.14020220
0.16840545
0.18747740
0.17520693
0.18954677
0.17369642
0.24074585
0.17716423
0.22661333
0.19588713
0.20282520
0.18730460
0.17396495
0.18848532
0.15676196
0.18635230
0.20818729
0.17612270
0.19816683
0.19269194
0.16241731
0.16685438
0.19769866
0.20459252
0.21872118
0.17017766
0.18730209
0.16903691
0.20693500
0.23640524
0.15905839
0.16183264
0.18019711
0.18173888
0.16100978
0.15605108
0.18252773
0.18056275
0.15688264
0.17940129
0.17004152
0.18240683
0.13998144
0.14938003
0.18360449
0.17530294
0.18805027
0.19254042
0.16289080
0.14992734
0.19758410
0.19039985
0.20445342
0.17745438
0.17994014
0.20004682
0.20043894
0.18889416
0.16425890
0.16839116
0.19389458
0.15747372
0.18089203
0.21117602
0.17557094
0.15110482
0.16709436
0.19806403
0.16403255
0.18663108
0.17411312
0.14334146
0.20060246
0.14647400
0.17049434
0.17182662
0.16318803
0.17356511
0.17499568
0.18520428
0.18559257
0.18676633
0.14687639
0.18481669
0.16345976
0.17568243
0.15744225
0.20083743
0.15401072
0.16085713
0.17761688
0.17190910
0.21018128
0.18208993
0.19046029
0.20052443
0.14214026
0.16536929
0.20040536
0.17269368
0.15539078
0.17056400
0.17475426
0.17353378
0.17562508
0.18192802
0.15741435
0.15300542
0.18376926
0.19550523
0.18453071
0.17993704
0.17842250
0.20661812
0.19451723
0.19770668
0.17665412
0.18365997
0.16635908
0.18727058
0.21690071
0.15645466
0.15299619
0.16771536
0.15612428
0.16544283
0.19085907
0.16331843
0.18674700
0.15981209
0.17454547
0.14963424
0.15877450
0.15101286
0.21814731
0.18611581
0.16799465
0.20709911
0.16788052
0.18250836
0.17685110
0.17459882
0.15659699
0.17207824
0.16461475
0.15336095
0.19959155
0.16898003
0.15884247
0.13694626
0.19027623
0.15603775
0.20188132
0.14883861
0.19881523
0.14709048
0.20674806
0.15868222
0.16649596
0.16404136
0.18885034
0.18377908
0.20397251
0.16698849
0.18547753
0.18921730
0.20237837
0.16916537
0.17202634
0.15688791
0.18559350
0.18055261
0.16476754
0.16911502
0.15765201
0.15347105
0.21924059
0.18533461
0.18141226
0.20546392
0.17395028
0.16458180
0.18420747
0.20489296
0.16023378
0.19101792
0.17909891
0.14946822
0.16994723
0.16595045
0.16916480
0.17355703
0.17653587
0.17282288
0.20540615
0.19250778
0.17824363
0.16202931
0.16710710
0.16238262
0.15786542
0.19234679
0.18530138
0.20200947
0.15335243
0.19114283
0.19054487
0.16145795
0.17200421
0.20936209
0.13791346
0.14874328
0.20786083
0.17201242
0.17136928
0.17399037
0.16982686
0.22358201
0.18700751
0.18533421
0.17832093
0.16891612
0.16354788
0.17633116
0.19208306
0.17545195
0.19032224
0.15087274
0.18540597
0.17830246
0.16833093
0.15203380
0.19969113
0.16662741
0.18986339
0.17004105
0.16087550
0.14895667
0.22213676
0.21141007
0.19334603
0.15848512
0.16317130
0.16290776
0.18861652
0.15598829
0.15628764
0.15344522
0.18000375
0.18803021
0.19729540
0.16573539
0.17587350
0.15933245
0.16176684
0.18075302
0.16202723
0.18758390
0.15950480
0.16911564
0.17798233
0.16792571
0.19435793
0.21722659
0.19533546
0.16781994
0.17110665
0.14345790
0.16903938
0.19219843
0.18079476
0.16926699
0.16483782
0.15163052
0.15941786
0.15818361
0.15724460
0.20705601
0.18695266
0.17260319
0.17552532
0.16029351
0.24688553
0.15213579
0.16738474
0.15682145
0.16721713
0.18284602
0.16330795
0.15426591
0.22983453
0.17252079
0.17204061
0.17725184
0.17067973
0.18228970
0.17607077
0.20749086
0.13537460
0.15078189
0.14631829
0.15789343
0.17611526
0.20938317
0.18206366
0.17892212
0.16906732
0.19810833
0.17330163
0.17700976
0.18492334
0.19353727
0.18171445
0.14226210
0.15647997
0.17308705
0.20588383
0.19795211
0.17874532
0.17371684
0.19781864
0.21956226
0.16215662
0.17174383
0.19614193
0.17698358
0.19373213
0.21709168
0.16508273
0.15036766
0.17366769
0.16104945
0.16524690
0.19484633
0.14951820
0.15476370
0.17574296
0.20628127
0.23531574
0.15529457
0.14753949
0.17836701
0.16562423
0.16084101
0.18013140
0.17133363
0.15509050
0.16846364
0.19763126
0.15491607
0.19374444
0.18506079
0.15523324
0.19911388
0.16662565
0.18534345
0.18706754
0.22516571
0.18789803
0.23242747
0.16933996
0.17355031
0.16550813
0.16273496
0.18250187
0.19080072
0.16292376
0.19173317
0.16964519
0.16067292
0.21808916
0.23090006
0.14974629
0.19878262
0.19352783
0.22549931
0.15588362
0.18231120
0.19567533
0.17942916
0.18912579
0.21938276
0.19254471
0.17300183
0.17581606
0.20918385
0.20481028
0.16707915
0.19272463
0.17213475
0.16949442
0.21754284
0.18196142
0.20393669
0.17571365
0.17509526
0.18092337
0.14203682
0.14619396
0.22588276
0.18019686
0.13991600
0.18263869
0.16605301
0.16109438
0.19883585
0.19365282
0.17528963
0.16399638
0.18119184
0.15537931
0.13323680
0.17966723
0.18887948
0.21665881
0.19419798
0.17184297
0.15241115
0.19063730
0.17340458
0.18169451
0.16651980
0.16186646
0.15722971
0.19442745
0.16528783
0.18063247
0.15570451
0.17922230
0.19700578
0.16447940
0.16733504
0.17826644
0.16349106
0.16519153
0.18181768
0.17437853
0.16047958
0.17861889
0.19894921
0.15527934
0.17787247
0.19492688
0.18819243
0.20269375
0.15365790
0.17660615
0.21220524
0.14569442
0.16566121
0.20307410
0.16647480
0.18274054
0.20419372
0.15935090
0.19697125
0.16911562
0.18782128
0.15970363
0.20310933
0.16610593
0.19120299
0.18403249
0.18174979
0.18878287
0.16699001
0.17290620
0.18603336
0.22746882
0.17237482
0.20169114
0.19109302
0.21167788
0.16316757
0.17299545
0.18509905
0.13269301
0.18560694
0.22848056
0.16709856
0.16242174
0.17640686
0.17187407
0.16110303
0.18532817
0.18766663
0.19181029
0.15720064
0.16577195
0.17812422
0.18284335
0.17794022
0.16603053
0.18498806
0.16651849
0.17644588
0.17805518
0.21351525
0.19079445
0.20598791
0.15165721
0.19028172
0.18757979
0.22173930
0.18789564
0.16067449
0.16467786
0.18160277
0.21602484
0.21001126
0.16541280
0.18773889
0.21041260
0.17794724
0.17220143
0.23876641
0.16586648
0.15795032
0.19035325
0.17516931
0.18896823
0.16700816
0.18375207
0.15623315
0.18768352
0.19033642
0.18628657
0.20237019
0.18801756
0.16629127
0.16782894
0.18470980
0.20838822
0.15946829
0.15637022
0.15833371
0.19563631
0.17226061
0.15841258
0.18172457
0.18938315
0.17906844
0.17516527
0.18938214
0.13981146
0.18435133
0.19981073
0.18443466
0.19216973
0.16228156
0.18060767
0.15578996
0.19419579
0.18046904
0.17473444
0.17150499
0.15803777
0.17508245
0.17613808
0.20482647
0.17426692
0.18332669
0.18212971
0.15274568
0.17079483
0.16087056
0.17516770
0.23260842
0.16486716
0.17151421
0.16344260
0.17406501
0.14405064
0.16988945
0.17395569
0.17489164
0.17472020
0.17757912
0.15033202
0.18518070
0.19994564
0.15593792
0.18961140
0.16833689
0.19995653
0.16384028
0.18937792
0.16909687
0.16841809
0.15623227
0.14907107
0.21869135
0.24096901
0.21377661
0.14607676
0.15402699
0.18121972
0.17313058
0.13114520
0.17646309
0.16502513
0.17137503
0.15440141
0.18500283
0.18332467
0.16736414
0.15255653
0.22958679
0.19693068
0.19032388
0.24591636
0.17020993
0.17335271
0.17348226
0.16967159
0.19184411
0.15450245
0.18078074
0.21627938
0.19922243
0.17667014
0.22740315
0.17700293
0.21822760
0.20012635
0.17985324
0.17582222
0.17265568
0.14279183
0.18602109
0.17954432
0.17140899
0.14778921
0.19756621
0.17454042
0.18701106
0.17856195
0.19515061
0.18692831
0.16296953
0.14904829
0.15266253
0.18493673
0.17650613
0.20560116
0.16937227
0.16046804
0.17791672
0.16439154
0.13676472
0.16120622
0.19975091
0.15504759
0.18233010
0.14492021
0.19262371
0.15161009
0.16377836
0.17119137
0.19391173
0.19094085
0.18725504
0.16523971
0.18591556
0.18108059
0.17815316
0.15066006
0.16803427
0.18103865
0.15276381
0.21520693
0.20967203
0.16102108
0.15276609
0.15852191
0.19159836
0.16848936
0.19542752
0.20996866
0.16402930
0.18778608
0.17803530
0.16308077
0.17686939
0.16872776
0.15881395
0.16944072
0.15714363
0.15428260
0.16724803
0.18518137
0.20068571
0.19527148
0.14733464
0.16441011
0.15573477
0.16772536
0.16130076
0.16003504
0.18287598
0.16258322
0.18028291
0.16401660
0.17822006
0.20282481
0.20733094
0.22129778
0.15299951
0.18622031
0.16717706
0.19842177
0.16892152
0.17823215
0.16471618
0.22194519
0.17534797
0.17122207
0.18787603
0.18459703
0.21426880
0.15399252
0.19483934
0.16332025
0.17282018
0.21332832
0.18164665
0.18642271
0.17592824
0.16430921
0.19874669
0.17053318
0.15344113
0.16364252
0.16116531
0.17678668
0.15530481
0.18837224
0.17827074
0.17848868
0.15803002
0.17738501
0.17326553
0.17728822
0.15555606
0.21294440
0.22252612
0.19120254
0.15745974
0.19292099
0.16664450
0.18470281
0.17103481
0.19106287
0.19513745
0.18289415
0.16746866
0.18468570
0.15046271
0.16425828
0.18895549
0.16934053
0.17650902
0.15802160
0.15347765
0.17229062
0.17162894
0.17075547
0.17084674
0.15256514
0.16754795
0.18328436
0.17501701
0.15561140
0.18656942
0.13889192
0.18865907
0.15545874
0.15177890
0.18689141
0.23649009
0.18262975
0.16665062
0.17158497
0.19596022
0.21390224
0.16442543
0.16762961
0.17383365
0.16452701
0.23542841
0.19143689
0.19872347
0.19935113
0.17906833
0.16975887
0.20326970
0.16086107
0.16512336
0.17408400
0.19766783
0.17386036
0.18392897
0.17525620
0.17088048
0.15327076
0.16732635
0.19228188
0.17800151
0.18211257
0.18015444
0.21848447
0.17608141
0.15803087
0.17361754
0.19865159
0.19117910
0.16009602
0.17086381
0.21236893
0.17296565
0.17383820
0.20332285
0.18561897
0.17629630
0.16666777
0.18361729
0.18353403
0.14708114
0.20385179
0.18814486
0.14664206
0.28223579
0.15757470
0.19152926
0.19315575
0.17602650
0.17804661
0.16989755
0.17460348
0.16355563
0.16800031
0.15424221
0.20130188
0.17728796
0.17556361
0.14407502
0.15067165
0.16155481
0.18674211
0.14817996
0.17750808
0.17248187
0.17289608
0.18635962
0.18296474
0.16471839
0.17057096
0.17097925
0.19378334
0.19706872
0.18377385
0.19568361
0.19484896
0.19917201
0.19735836
0.18921625
0.17511689
0.16177706
0.18823021
0.21797066
0.21306101
0.18078258
0.16780765
0.17063094
0.18361233
0.19302193
0.19326939
0.16925751
0.13454688
0.19098800
0.18155971
0.13349575
0.19211127
0.17970316
0.16410395
0.19126403
0.18632660
0.16878232
0.15560223
0.15281796
0.17576445
0.16757673
0.19852007
0.17669121
0.17060827
0.19736613
0.17755789
0.17377188
0.18487401
0.18659867
0.18119121
0.18640423
0.15700305
0.17947644
0.19909370
0.19043754
0.18369276
0.17791131
0.15984237
0.19134688
0.21617482
0.16860770
0.17724674
0.16499289
0.15700778
0.17955122
0.16967797
0.17861167
0.16468497
0.17818822
0.16694600
0.16969631
0.17716452
0.16950475
0.18994929
0.19053387
0.15845872
0.19075795
0.14659852
0.16965379
0.15772357
0.16673109
0.17873056
0.16774473
0.18897914
0.22258170
0.17774493
0.17712536
0.14996934
0.14880106
0.15384526
0.17434814
0.15870274
0.17332462
0.21214092
0.18933069
0.15845846
0.17852384
0.17008151
0.13924389
0.19589082
0.15891025
0.19280404
0.17624276
0.16911520
0.15888562
0.16015195
0.13805948
0.16240894
0.16148073
0.17365340
0.17008269
0.18559384
0.21162877
0.19965916
0.17036198
0.16487425
0.18699086
0.17833252
0.18849874
0.17776926
0.16166613
0.14605962
0.17917784
0.16373032
0.13971283
0.17723028
0.20896622
0.18687743
0.20739816
0.19261335
0.21168772
0.17258205
0.18328554
0.17163781
0.18194219
0.17178663
0.17329203
0.18667663
0.17007702
0.15842264
0.15535388
0.18275417
0.17301400
0.17836266
0.17275443
0.21937112
0.17469176
0.16454580
0.16080032
0.18396662
0.16115595
0.15015931
0.15937112
0.20922497
0.20899357
0.22648605
0.18452645
0.17026364
0.23538186
0.16757241
0.19694259
0.17924835
0.17765862
0.17230046
0.18601364
0.16120980
0.16938068
0.21546879
0.23577070
0.20077530
0.17323937
0.15395948
0.15699780
0.17224704
0.15935971
0.17497209
0.18337681
0.18466262
0.17067537
0.18718966
0.18263093
0.19121040
0.19914485
0.16677860
0.17790826
0.17306531
0.20135209
0.18716451
0.18205984
0.19197037
0.18622525
0.16210443
0.17947500
0.18714115
0.21295783
0.14270000
0.17369749
0.15748780
0.19417649
0.17339728
0.18078901
0.17314304
0.18339439
0.17107457
0.17481043
0.20443821
0.20871781
0.21054686
0.22058310
0.14864570
0.18974082
0.15553122
0.15944068
0.16218596
0.17592065
0.17825698
0.16904783
0.22473131
0.16721412
0.16701649
0.16590998
0.19671467
0.17413125
0.17999703
0.16119016
0.16837536
0.18661355
0.18384282
0.17392332
0.21661288
0.17712818
0.17518241
0.19327746
0.19079830
0.14556579
0.15369740
0.18534099
0.17668531
0.19694554
0.16876216
0.18274801
0.18395083
0.16315374
0.19178931
0.18783534
0.17906410
0.13905360
0.15342187
0.15887630
0.13719281
0.20840760
0.18750204
0.18872775
0.15792809
0.16371393
0.20453808
0.19230950
0.19341434
0.18617822
0.21458312
0.14765648
0.17845421
0.19642301
0.18763878
0.17436865
0.19413596
0.17462725
0.17527618
0.16699742
0.16149013
0.17680482
0.17777132
0.16203239
0.17271691
0.17009375
0.18519992
0.20489797
0.17599796
0.18649952
0.17316227
0.15617405
0.14824744
0.15366706
0.16991148
0.17678825
0.16381920
0.20159427
0.19417896
0.18115486
0.19311179
0.18018380
0.16867468
0.18522571
0.17505264
0.20545882
0.17433569
0.20886971
0.18968496
0.18600112
0.17881628
0.15659360
0.16020754
0.16268739
0.21118105
0.16782834
0.17115800
0.15423258
0.15358776
0.15818066
0.20659415
0.16414447
0.16286018
0.19822480
0.18445408
0.16860613
0.16754511
0.19020484
0.16432405
0.16537102
0.18167972
0.16597316
0.22297828
0.20424329
0.14932517
0.21240192
0.18525398
0.16880345
0.20105795
0.15123645
0.18954939
0.17178678
0.16735171
0.17580647
0.16948334
0.18882311
0.17621040
0.17762787
0.20972230
0.19739205
0.18994727
0.19838256
0.15335619
0.20378134
0.18076821
0.16425869
0.20543124
0.18197914
0.17122057
0.13813776
0.21238134
0.21046891
0.16940053
0.13996683
0.18053925
0.19587292
0.18561227
0.19402436
0.16845800
0.17380080
0.18950587
0.15062457
0.15542734
0.16943880
0.18241451
0.16593619
0.19963046
0.16041495
0.19144625
0.19352849
0.21450816
0.18716438
0.15172951
0.15854283
0.21126594
0.14835387
0.14857595
0.16508572
0.17539497
0.15579468
0.16102684
0.17205248
0.18656644
0.19303555
0.17003757
0.15640782
0.17616561
0.21286525
0.19775319
0.17274584
0.20515899
0.20383106
0.20285247
0.16506761
0.21379289
0.17615118
0.19678740
0.17574002
0.21860484
0.19865179
0.17327519
0.16652447
0.17794072
0.20120315
0.18194134
0.18326457
0.15756149
0.15409265
0.16437578
0.18000364
0.18807850
0.18057597
0.17408214
0.15021648
0.20503775
0.17387773
0.19587639
0.15858753
0.19240901
0.16985496
0.16046808
0.15939040
0.18868471
0.19407949
0.22366605
0.18434834
0.15617484
0.16310268
0.17673656
0.17533605
0.17461722
0.14467007
0.17114931
0.14621407
0.16442003
0.19480461
0.17161061
0.15941260
0.17999855
0.17312289
0.15786313
0.19315330
0.17465623
0.19352223
0.19927430
0.16822223
0.13952204
0.16658140
0.16139461
0.15329521
0.19683147
0.15865209
0.18484995
0.15185896
0.17419078
0.17779150
0.19336676
0.18393707
0.16539978
0.17521854
0.18869806
0.17105296
0.15711837
0.16682115
0.17927983
0.16944654
0.19230320
0.16335443
0.18837594
0.20962349
0.17390639
0.14903678
0.18194295
0.17035180
0.18802599
0.16857469
0.15180249
0.17256582
0.15560446
0.18817719
0.17498760
0.21455613
0.16781882
0.18177152
0.19029270
0.16146329
0.15345435
0.17856823
0.19000067
0.19797810
0.17872895
0.15653613
0.18216025
0.20382996
0.16772738
0.20365412
0.19732961
0.19611860
0.17135662
0.20082062
0.15215171
0.17304742
0.16338756
0.16295407
0.14401723
0.21659555
0.19941365
0.21498247
0.20084455
0.16999220
0.19015742
0.20329513
0.18184647
0.18712854
0.21431424
0.16829710
0.16430493
0.18092733
0.17999473
0.20012910
0.16480583
0.16419418
0.20177112
0.18636947
0.18597857
0.19344977
0.17899102
0.18421934
0.18194649
0.23599608
0.19193428
0.21492406
0.15239612
0.21461604
0.15673734
0.20633492
0.18497791
0.18444189
0.18852524
0.18404818
0.18326072
0.18095463
0.20090417
0.19771325
0.16111428
0.17446131
0.21205710
0.15660428
0.14889565
0.19034392
0.14511868
0.16942117
0.15461713
0.17370680
0.17483791
0.18874805
0.15955834
0.25626160
0.17857986
0.18037763
0.16440512
0.16646289
0.22592709
0.15416144
0.17190786
0.17214859
0.16149864
0.17448060
0.16460393
0.20701913
0.17266948
0.17536953
0.16065767
0.20415992
0.17423092
0.25076647
0.17309816
0.16441316
0.15739286
0.21879121
0.18236653
0.18165609
0.17523478
0.22890576
0.18527303
0.16326805
0.21152253
0.15978246
0.20715900
0.16231706
0.21174922
0.16104885
0.16727909
0.15718706
0.19587888
0.18589518
0.18471159
0.18752099
0.15548853
0.18467577
0.19867462
0.18450629
0.16936667
0.21176143
0.18777765
0.16548885
0.22555852
0.15507677
0.18409936
0.20182101
0.18452229
0.14828780
0.19599170
0.18652110
0.16061974
0.19572082
0.19143200
0.18845190
0.17060661
0.17862615
0.15550494
0.18823946
0.17844099
0.16786599
0.16967750
0.18646541
0.15687194
0.15865430
0.17566858
0.14660920
0.18190316
0.20396820
0.20607472
0.18635022
0.17056658
0.20089911
0.19328835
0.16640601
0.19212750
0.18046922
0.17903745
0.15690509
0.20066186
0.18185995
0.20765539
0.19113421
0.18235050
0.19467066
0.19935827
0.15204357
0.17941708
0.15107384
0.15326580
0.19760331
0.17989511
0.20329508
0.16558247
0.17084680
0.15815787
0.16883390
0.17224541
0.16371425
0.16559224
0.17942390
0.19907112
0.20705730
0.17682279
0.19832225
0.13922923
0.20540097
0.17672179
0.14990113
0.15972582
0.18753268
0.18964881
0.17491094
0.15854998
0.17796693
0.20182970
0.17373684
0.18899731
0.19753590
0.17340484
0.19650496
0.23393132
0.18937959
0.17545706
0.19765715
0.16325869
0.21236999
0.15453396
0.19246894
0.17873705
0.14044891
0.17243867
0.14377570
0.16216785
0.19847680
0.20846476
0.20498406
0.17635086
0.19614986
0.17962415
0.17084973
0.16407567
0.16510149
0.19050652
0.15966610
0.20093607
0.21224779
0.18699996
0.18485305
0.17240050
0.20660559
0.17687004
0.17904119
0.19613861
0.16778845
0.14282086
0.17286775
0.16689610
0.18715923
0.18652215
0.19220420
0.17215867
0.18605883
0.18766507
0.15262316
0.18040582
0.17448875
0.18037106
0.18324296
0.17418353
0.20722962
0.16612230
0.16314109
0.17781674
0.15845922
0.16210298
0.15116816
0.19083488
0.19543480
0.17733787
0.18127395
0.20981121
0.16116402
0.20436536
0.21568027
0.18393892
0.15467514
0.15488739
0.18926731
0.17762807
0.18714175
0.18030400
0.23488661
0.22239934
0.17250929
0.16483063
0.17684436
0.17536440
0.16714880
0.20455464
0.20974928
0.15515422
0.16859851
0.19456923
0.23591933
0.16503835
0.21686927
0.16429146
0.21541520
0.17463382
0.16351350
0.21083007
0.16801305
0.16127628
0.20094470
0.21577529
0.18954303
0.19706265
0.17078113
0.16245880
0.19216765
0.17531941
0.17451305
0.17481279
0.17187440
0.17698184
0.18800717
0.12776312
0.19073024
0.17470264
0.18602596
0.15010475
0.15909106
0.19405268
0.20148730
0.18539198
0.17846093
0.15733869
0.17281977
0.18046431
0.15840017
0.18413819
0.17108509
0.17435793
0.16133523
0.17845991
0.21036173
0.17204310
0.21378609
0.17644495
0.19322237
0.18306406
0.17663991
0.18432638
0.17993730
0.17901952
0.16827583
0.18691171
0.18801273
0.21708861
0.19833912
0.17510943
0.18692494
0.15857251
0.17133855
0.16956364
0.13691415
0.15929065
0.15522868
0.16796346
0.21440069
0.19017918
0.18639509
0.17427882
0.17891707
0.17263958
0.19629584
0.17757402
0.15897098
0.20425525
0.20917805
0.19260150
0.17679142
0.19184455
0.21213395
0.15867464
0.18883416
0.17469482
0.18196974
0.17460873
0.16569702
0.16264004
0.16514435
0.18048960
0.17365975
0.14946272
0.15975927
0.14809163
0.15106191
0.15876171
0.16669785
0.20480430
0.18658604
0.18123232
0.20287100
0.16797958
0.18817946
0.15650849
0.17875927
0.21516256
0.15234727
0.19048201
0.17804110
0.17716931
0.19205884
0.19309778
0.15981132
0.18963804
0.17303682
0.19260803
0.17616204
0.16946282
0.17289694
0.17797199
0.16015788
0.21622931
0.19192256
0.19665071
0.19137990
0.17853958
0.17521160
0.16393238
0.16659912
0.16809190
0.17544207
0.19367111
0.17922160
0.16270869
0.16012612
0.19321925
0.18407368
0.15873891
0.15982638
0.19243928
0.16251556
0.18148044
0.19380754
0.19033307
0.18506222
0.17049784
0.20603509
0.15829557
0.20163759
0.17874715
0.17551848
0.18066589
0.16943466
0.16451872
0.19382504
0.18562057
0.18647326
0.17054779
0.17394665
0.24111114
0.22083656
0.20407833
0.16362190
0.20870990
0.18783853
0.17049486
0.18202792
0.15826455
0.17521129
0.18873026
0.20455205
0.21538554
0.18920690
0.17386494
0.15038528
0.19882629
0.17433119
0.13999710
0.17137541
0.15700204
0.17528066
0.16425349
0.20567213
0.15528351
0.14780507
0.18356665
0.17624943
0.15321169
0.17933059
0.21186607
0.15062655
0.16452079
0.14761355
0.17510024
0.17302789
0.17452385
0.18181339
0.20188944
0.17311332
0.18444850
0.16522832
0.19827474
0.20704047
0.15115100
0.20728241
0.14927294
0.18275083
0.16266669
0.17834803
0.15153157
0.20070020
0.19050392
0.19516064
0.20202326
0.20978504
0.19898518
0.16315991
0.16999032
0.17349822
0.16892505
0.16254322
0.14992136
0.24271855
0.17943586
0.19484455
0.19319933
0.19300785
0.17142951
0.19070703
0.21721566
0.15695371
0.17429911
0.22076736
0.19119640
0.15076029
0.16656841
0.18152734
0.17542992
0.17112820
0.20915692
0.19813860
0.16415548
0.15644471
0.20383893
0.16854131
0.17347209
0.16494712
0.14392410
0.15945736
0.20395446
0.19151249
0.17625349
0.18051099
0.23800254
0.19664940
0.19004440
0.15676101
0.15932678
0.17247851
0.16397758
0.16372650
0.22480491
0.16988221
0.15666332
0.19114270
0.16961071
0.16900050
0.18233969
0.18971013
0.18669391
0.18084077
0.19639386
0.16421909
0.17265568
0.17239422
0.17132551
0.17349512
0.21337236
0.17670952
0.14935196
0.20404309
0.17586474
0.18654578
0.18749434
0.19085964
0.17720182
0.16942733
0.17608346
0.19129637
0.19853565
0.16724647
0.16725612
0.16526482
0.16054465
0.18181028
0.17812110
0.17168228
0.17371441
0.18027103
0.15361981
0.17248365
0.22173419
0.20939934
0.15747868
0.16898013
0.17229313
0.19929726
0.18124747
0.17155258
0.18502584
0.18909237
0.15461902
0.19181390
0.14657873
0.18809970
0.19920239
0.17686909
0.21026854
0.18776545
0.17665950
0.18616140
0.17450853
0.19986046
0.18727161
0.15894054
0.17370493
0.18454646
0.19523820
0.16013603
0.18674620
0.17862319
0.16307399
0.19714520
0.15186921
0.19420240
0.17632488
0.21610179
0.19012375
0.16739614
0.20050754
0.18905640
0.19112837
0.17722309
0.20183567
0.16091462
0.13563463
0.18172598
0.16185973
0.17725597
0.23789434
0.16854279
0.19010561
0.18671998
0.17911443
0.16876241
0.17958538
0.18263502
0.16833530
0.15409550
0.17476426
0.21153191
0.16349884
0.17102328
0.18986039
0.18829064
0.20193178
0.17583936
0.20898050
0.17305547
0.17978705
0.17580828
0.19256073
0.16408690
0.12929373
0.16847727
0.16453716
0.17945203
0.16930953
0.19551810
0.18345086
0.21787578
0.21585271
0.18121446
0.19788673
0.17597201
0.14632001
0.17314018
0.18455422
0.17908235
0.19138495
0.18612667
0.19786993
0.16939241
0.17059437
0.14303592
0.16240693
0.20334725
0.16490361
0.15732191
0.17006135
0.15545914
0.19182711
0.13786376
0.18587434
0.16632388
0.19712373
0.18665992
0.16106644
0.18131305
0.18813578
0.17651879
0.19972049
0.17141565
0.20203369
0.14212138
0.19761440
0.18255519
0.16640287
0.19022255
0.15683450
0.15793111
0.19016294
0.19224992
0.17755200
0.14607850
0.18568377
0.16282172
0.15724025
0.19463574
0.17392215
0.16749222
0.14870875
0.17485036
0.16014394
0.19136595
0.18976368
0.15198416
0.20963273
0.20761934
0.18631508
0.22328209
0.17840776
0.20134158
0.17352406
0.16352335
0.18177009
0.19624229
0.14662141
0.19853887
0.14310043
0.17322078
0.17272156
0.19898142
0.17473588
0.16508460
0.19391657
0.19741302
0.16847054
0.16145902
0.18283251
0.19300651
0.22185439
0.20213037
0.16784671
0.15306350
0.17454518
0.18490838
0.15743202
0.14881042
0.14841621
0.18135016
0.20301870
0.17748292
0.22496312
0.17647161
0.16703535
0.15961030
0.17434718
0.18613159
0.20211936
0.18634821
0.20290522
0.18800145
0.20139812
0.16605600
0.18548347
0.16096487
0.16368954
0.18557394
0.16096617
0.18871490
0.21780196
0.17366852
0.16007145
0.17693864
0.18716553
0.16208030
0.15371289
0.16438181
0.18595482
0.17792447
0.16211222
0.19777105
0.20093572
0.18722535
0.20760816
0.18224853
0.18483229
0.15208922
0.22795780
0.15758098
0.21059994
0.15523791
0.17918487
0.20120480
0.17677381
0.15570466
0.18476087
0.19376748
0.16127501
0.15455852
0.18593965
0.15965978
0.16872668
0.15972326
0.17277416
0.18180491
0.21315941
0.20178140
0.18019701
0.20872999
0.15804428
0.15950225
0.15686664
0.20776449
0.22745112
0.18240219
0.18192448
0.20166177
0.15896850
0.19786182
0.15654133
0.17229406
0.16979726
0.20069610
0.16049941
0.14725049
0.19972763
0.17942408
0.18018785
0.15928814
0.18567421
0.16982096
0.17375329
0.18911100
0.17143466
0.19645669
0.19469050
0.25687782
0.16542199
0.20642039
0.15309107
0.18341527
0.16739221
0.21410932
0.20405437
0.16252971
0.18140459
0.18052860
0.18356581
0.20101107
0.18909165
0.15890470
0.16372268
0.17586117
0.16053085
0.19066506
0.16607935
0.17085850
0.20063542
0.19602933
0.18972198
0.17389833
0.16615752
0.15656432
0.19180799
0.19352498
0.20154892
0.17622814
0.19727825
0.15065723
0.19577727
0.18660904
0.16688525
0.21246210
0.18902659
0.15923690
0.21952310
0.18991809
0.17055126
0.19011233
0.21744869
0.18012167
0.17039758
0.21310467
0.14711338
0.16655384
0.15855591
0.18247035
0.14811824
0.16695438
0.17161912
0.18204184
0.20428169
0.15362760
0.15077965
0.18896460
0.15145160
0.17651736
0.16561318
0.22090787
0.20063673
0.19831315
0.15700482
0.17661190
0.20905511
0.14030128
0.14957516
0.18889571
0.16985101
0.18853103
0.21195557
0.18214469
0.16749643
0.15366322
0.17604953
0.16448958
0.18183364
0.16630971
0.15327746
0.19297266
0.16158510
0.17591835
0.18824745
0.17897526
0.16730256
0.17203738
0.16670931
0.18649909
0.18045739
0.15650486
0.20778727
0.18258205
0.19171131
0.16400178
0.16728642
0.18226089
0.17629091
0.17440576
0.16484966
0.16002424
0.16551186
0.15586325
0.18203355
0.18698298
0.17501833
0.16751729
0.17647208
0.17370148
0.19143925
0.17253027
0.18846701
0.20736913
0.20090385
0.18723779
0.16899313
0.18791245
0.16279263
0.19662700
0.16346401
0.18764825
0.17852923
0.16734125
0.17483146
0.17992850
0.17459576
0.15270714
0.17942106
0.18784005
0.15976211
0.14126184
0.17681873
0.22461312
0.16534466
0.18347536
0.17103218
0.19907482
0.18687123
0.19233481
0.13850146
0.21745927
0.16490187
0.19111945
0.18355883
0.20809647
0.15449887
0.16668624
0.16148770
0.20643779
0.13342387
0.17289948
0.16845668
0.20185133
0.17188019
0.15930535
0.21635704
0.17653204
0.20126780
0.20717736
0.18087257
0.20674532
0.16066447
0.16268210
0.19001351
0.17809974
0.17864875
0.16830374
0.18113266
0.15196702
0.17564637
0.19919330
0.15807874
0.16430388
0.18702190
0.17704647
0.15540359
0.16178663
0.16644873
0.18645036
0.19736179
0.17276573
0.17138191
0.17442130
0.16342195
0.20300539
0.16217448
0.18093747
0.15146362
0.18842594
0.18675059
0.15342418
0.17205646
0.19028170
0.15335836
0.15572719
0.19951087
0.22009210
0.16471490
0.19766133
0.16834748
0.19092563
0.18507898
0.15401616
0.16410494
0.17101959
0.20939266
0.17984845
0.15860275
0.18272011
0.15723172
0.18428095
0.17572124
0.21301036
0.17936117
0.18048592
0.22196292
0.15183760
0.15508996
0.15066693
0.20441173
0.19902563
0.17841965
0.19885392
0.16215353
0.16296878
0.18402441
0.15400483
0.13358252
0.16225563
0.17121873
0.20110732
0.16715645
0.19289014
0.16584289
0.19500024
0.17233958
0.17819708
0.15917950
0.15715424
0.16946346
0.19086894
0.16933346
0.19355364
0.16805947
0.20861354
0.18505899
0.14052153
0.17695600
0.19609670
0.16471626
0.15668474
0.20356170
0.18422603
0.17901170
0.16914857
0.17134368
0.16790121
0.18123549
0.16894458
0.17356170
0.15702208
0.16990399
0.18561438
0.15400569
0.20251740
0.16079901
0.20003504
0.18641338
0.15377443
0.17164894
0.17244346
0.17038661
0.18446891
0.18653606
0.19089574
0.15509989
0.18395933
0.20392850
0.19041937
0.14504643
0.16149181
0.18035907
0.20165412
0.18094741
0.16925723
0.19217709
0.16359645
0.18114385
0.18458923
0.16992093
0.21189051
0.17241615
0.19337094
0.18282670
0.18872784
0.15226383
0.16950494
0.18081163
0.20242938
0.14833635
0.14401779
0.19011151
0.15921051
0.20555058
0.16410503
0.16557877
0.15841031
0.19712560
0.18530215
0.18022567
0.14585810
0.17593691
0.16164508
0.19070044
0.20172499
0.14427484
0.15753452
0.17297189
0.22008362
0.18198632
0.15793943
0.19101859
0.16756596
0.17826512
0.18266062
0.17713988
0.16994368
0.17015097
0.17918494
0.24295107
0.18366857
0.19170499
0.20784055
0.15513276
0.20722856
0.16802736
0.17493333
0.16981673
0.18978076
0.18765422
0.16221631
0.16923959
0.18709559
0.18305255
0.21123917
0.21845928
0.18343970
0.18778836
0.18752867
0.13969925
0.19863079
0.16123632
0.16841855
0.24492676
0.16145873
0.19132741
0.15807288
0.18515775
0.18524949
0.16970628
0.16558023
0.18118136
0.17366122
0.17606215
0.18833341
0.21763469
0.16379718
0.18719789
0.17498919
0.16296255
0.20835972
0.17170724
0.19040703
0.18809408
0.18392489
0.17778448
0.17328809
0.16047261
0.15827442
0.19232790
0.18305808
0.17527504
0.19032917
0.18112440
0.19891495
0.21600581
0.20623692
0.15303889
0.15935019
0.17497545
0.19060865
0.18453680
0.18186232
0.16516360
0.17107475
0.21713758
0.20842931
0.18546883
0.15006588
0.15325379
0.21876220
0.17543931
0.18299169
0.18023883
0.20183687
0.16356575
0.19116560
0.16184954
0.19321810
0.15283631
0.15636650
0.18278458
0.17915465
0.18398089
0.15907108
0.18109389
0.15745495
0.19171307
0.18479541
0.17033271
0.19920550
0.16729408
0.16460316
0.16970854
0.20627665
0.16126359
0.20630125
0.16804825
0.17865922
0.16422446
0.17209109
0.18848330
0.17771928
0.15862177
0.18225603
0.19647519
0.17375603
0.15364508
0.15530379
0.17500409
0.16312959
0.16478897
0.20809561
0.17884973
0.17110449
0.18948225
0.21254560
0.15529385
0.15730942
0.21139987
0.19493868
0.20400931
0.15248491
0.20060130
0.23921708
0.18831177
0.20456686
0.20183178
0.16256696
0.16727270
0.17120341
0.16465663
0.18801336
0.17156690
0.15503593
0.19222545
0.15402202
0.17436743
0.17299466
0.15191940
0.14953745
0.16312595
0.17325936
0.17300047
0.16158725
0.20764138
0.17219926
0.17639787
0.16393522
0.19346572
0.17898248
0.15496989
0.16067270
0.17653482
0.15434014
0.17357622
0.17742560
0.17737478
0.13702320
0.23162978
0.18425266
0.20981051
0.20213232
0.18519623
0.17233256
0.16561091
0.17956983
0.17745763
0.15154181
0.19405926
0.21497305
0.15838391
0.21462327
0.19126338
0.15366964
0.20770124
0.21213762
0.19265834
0.16644818
0.19040120
0.15410423
0.16706473
0.16373402
0.19074758
0.18032222
0.19780451
0.18752135
0.18833505
0.19191543
0.16612949
0.13601704
0.18823145
0.17930851
0.18291049
0.18466452
0.16088496
0.19558256
0.17045572
0.17665470
0.17362489
0.19426765
0.14390052
0.16618909
0.14532623
0.16081807
0.16314067
0.16058676
0.20318595
0.17912932
0.20235718
0.23174869
0.15278320
0.20877636
0.20429096
0.16666510
0.14617774
0.15535308
0.14406735
0.14888268
0.18720920
0.17459544
0.19238890
0.15713954
0.20266766
0.17728753
0.17348380
0.23171208
0.21166842
0.21452813
0.16606758
0.17908432
0.16612023
0.16844085
0.18316816
0.19947769
0.17063599
0.16577724
0.16394909
0.15657899
0.19288593
0.17347004
0.18227671
0.16921584
0.16921254
0.21905921
0.18562272
0.18568884
0.18211131
0.15298544
0.18215783
0.18968291
0.17032725
0.14388709
0.18600941
0.20165606
0.22197926
0.13744627
0.20482898
0.20105600
0.15502903
0.14916338
0.18298778
0.16488083
0.17037632
0.20228764
0.14972962
0.18052959
0.19384083
0.18143532
0.20066979
0.20604292
0.18954208
0.20644537
0.17847490
0.18578397
0.19091180
0.14301262
0.19286691
0.22730904
0.18874729
0.15042516
0.18448965
0.16274515
0.16696345
0.17886404
0.18049474
0.16879512
0.20814712
0.15673484
0.15542853
0.19623539
0.19306116
0.17680520
0.18607695
0.17551854
0.17148992
0.24074518
0.18169393
0.21381123
0.13900707
0.14685318
0.15765159
0.19902171
0.20418309
0.13796434
0.19112828
0.16087349
0.17200832
0.15387865
0.18636708
0.16705731
0.15629306
0.21670529
0.19016369
0.15156393
0.20003321
0.18265878
0.20911334
0.16985449
0.17732753
0.15809695
0.17694991
0.23963345
0.19074844
0.23832862
0.18290026
0.20064106
0.18279196
0.17670012
0.18156263
0.16420344
0.15773492
0.21244308
0.18714395
0.21318863
0.21045686
0.19972265
0.18438745
0.19367048
0.22285942
0.15229366
0.22321637
0.20062911
0.17373886
0.17969505
0.17179541
0.18461364
0.16374911
0.15670066
0.18192337
0.19428638
0.19376200
0.18825403
0.15959754
0.17062960
0.22575246
0.18886814
0.17648930
0.20375369
0.15857436
0.18494563
0.18217612
0.16801740
0.20254840
0.16811758
0.16909174
0.17713876
0.14595556
0.19825757
0.13682273
0.15530713
0.17111501
0.17132077
0.17181040
0.19092840
0.17300477
0.18574438
0.16772082
0.17987643
0.17324390
0.19010478
0.17824892
0.16961752
0.15130933
0.17007078
0.18367297
0.17528438
0.17711750
0.20258970
0.18811081
0.20015259
0.18665708
0.17129216
0.15728127
0.20598336
0.17436338
0.17967295
0.18999595
0.18756809
0.17039789
0.15086081
0.18374203
0.18651075
0.19836642
0.17432568
0.20289731
0.18928682
0.17577108
0.18777989
0.18816614
0.17714584
0.16624883
0.15253645
0.18808973
0.15284904
0.16742095
0.18299561
0.16235660
0.17021258
0.16753146
0.18060954
0.19939087
0.17889298
0.20008030
0.15895947
0.18968725
0.16804065
0.17241654
0.17043599
0.21509548
0.18010073
0.17356311
0.17461433
0.20529075
0.19989396
0.17839401
0.18741336
0.16083531
0.15211657
0.18383733
0.19241333
0.16776732
0.14030251
0.18764544
0.18518939
0.22414794
0.18394196
0.18533915
0.16327810
0.18348338
0.18356560
0.17941950
0.16328424
0.18784174
0.19620961
0.18277515
0.17973014
0.17174279
0.17295430
0.15692458
0.21557021
0.16626795
0.19347319
0.19521587
0.15074913
0.14183670
0.16720059
0.18567305
0.20709861
0.16336845
0.20648837
0.19968844
0.18514199
0.16842720
0.14617250
0.16054673
0.14748643
0.21552211
0.16355234
0.17687851
0.16534466
0.15522537
0.16710258
0.17626393
0.16852206
0.17340686
0.18515589
0.19771173
0.15486026
0.18582120
0.17070386
0.18401425
0.17892385
0.16472768
0.17741731
0.16968561
0.15447801
0.17406157
0.15655344
0.21247624
0.19747115
0.16000351
0.18871969
0.17279195
0.16156384
0.19343293
0.20348796
0.17964645
0.14580277
0.14533581
0.15544412
0.19963947
0.17559530
0.17626564
0.16593756
0.16131225
0.15436933
0.18553231
0.16721208
0.21718476
0.15843823
0.15720449
0.19741953
0.17904282
0.16714377
0.17207700
0.17617181
0.14482714
0.15909123
0.15664550
0.15400539
0.16219899
0.17136935
0.23589039
0.19927873
0.20033025
0.18741425
0.18468289
0.17253939
0.15075714
0.20083546
0.20669090
0.16696276
0.19155898
0.16319094
0.17920537
0.18079066
0.18164399
0.17031869
0.18720290
0.15798528
0.14665155
0.14220555
0.18631590
0.17272592
0.21089294
0.17698158
0.17051918
0.16985157
0.15254408
0.17479044
0.19791061
0.15944098
0.17169593
0.16706078
0.22435649
0.19379206
0.14782842
0.13191404
0.19052545
0.17169785
0.17760186
0.18684498
0.16748420
0.14705366
0.17361277
0.18460747
0.16994799
0.16034235
0.19150003
0.17550234
0.20353607
0.15691468
0.18401969
0.20958668
0.17916946
0.17321513
0.18619338
0.17737156
0.15943515
0.16521425
0.19484873
0.14193948
0.19123853
0.16547927
0.15275178
0.16568234
0.16147216
0.16458567
0.17676027
0.16706647
0.16661071
0.17196247
0.19725073
0.17837512
0.17001494
0.17095183
0.14204366
0.18620857
0.22355675
0.19931794
0.18488231
0.16811631
0.16061318
0.19185516
0.20421337
0.19220292
0.15356152
0.22802114
0.14678708
0.18166821
0.13749570
0.17163336
0.17737403
0.16725145
0.18537947
0.19250668
0.19176631
0.20423845
0.18126718
0.17568414
0.19751557
0.22476292
0.17659351
0.19042241
0.16029342
0.18601918
0.15735341
0.17684541
0.20526315
0.19295510
0.20077699
0.16737711
0.16081861
0.23040258
0.17406111
0.16960098
0.18692297
0.19566604
0.19629966
0.20072516
0.21114994
0.18323200
0.18457365
0.16759084
0.18931526
0.18327373
0.18896851
0.17641588
0.16756613
0.16088600
0.18118385
0.14565363
0.17619304
0.16028605
0.18093023
0.16323117
0.18566982
0.14512618
0.16255748
0.17198588
0.18692254
0.18929954
0.20500892
0.16739589
0.17336260
0.20889296
0.14502216
0.17929778
0.20469024
0.15510830
0.15908975
0.21116713
0.20046316
0.17370856
0.17198174
0.15767218
0.18317590
0.18194659
0.19725889
0.15966115
0.19004379
0.16215354
0.19211375
0.20212077
0.21420914
0.19833042
0.17938259
0.18311651
0.17473658
0.19101354
0.18744598
0.18509138
0.18678025
0.19145446
0.19087735
0.15802061
0.16919728
0.15394861
0.17375556
0.21138011
0.17759166
0.19221763
0.18738528
0.19608788
0.18747791
0.18124348
0.18977963
0.17471972
0.14973268
0.13987849
0.15073221
0.21408542
0.17161091
0.18144624
0.15810026
0.17686438
0.24881239
0.17555849
0.19449727
0.18777846
0.17595705
0.18074139
0.16982465
0.17664041
0.22291609
0.16718243
0.19761162
0.17890862
0.17254533
0.17040075
0.20409953
0.19753412
0.18361997
0.17949547
0.15991068
0.17102739
0.17520706
0.17510105
0.16016308
0.16261102
0.15575743
0.19585801
0.19079046
0.19850951
0.18549548
0.19744754
0.16216692
0.16894352
0.19586496
0.17734227
0.18779336
0.17764317
0.18111490
0.21171501
0.16705679
0.16039972
0.16154862
0.18126612
0.17707298
0.20013560
0.19488197
0.21738878
0.13816902
0.16152593
0.16259102
0.17761471
0.19492581
0.15263009
0.15720838
0.20433654
0.15046350
0.17506519
0.14358979
0.17605197
0.19420286
0.16619346
0.15381895
0.15633821
0.17531197
0.19040042
0.18340282
0.17698238
0.19286869
0.18380343
0.19810231
0.15608966
0.19118933
0.17447214
0.18843515
0.16488133
0.15598676
0.17365449
0.14926213
0.15577182
0.16340868
0.22643301
0.13906004
0.22807262
0.17135284
0.15502838
0.20067115
0.15568773
0.18973732
0.19488886
0.16966748
0.19386701
0.15007044
0.19376668
0.21511534
0.20014328
0.17408072
0.19521945
0.18979456
0.18975271
0.21759657
0.20255154
0.15760028
0.19296094
0.23672442
0.17240957
0.18467627
0.14885690
0.24925886
0.18419496
0.19028032
0.16007595
0.19832791
0.18079216
0.25436026
0.21454260
0.14178291
0.14824204
0.18972736
0.16723923
0.19045923
0.17204348
0.18272214
0.22105542
0.15439465
0.18078192
0.15322722
0.18908549
0.19352164
0.15508078
0.16973858
0.20295453
0.16033239
0.23382689
0.17502573
0.18639087
0.16490504
0.15459755
0.21111770
0.19022066
0.15733232
0.15233848
0.19160997
0.20968929
0.19832740
0.14111730
0.16232677
0.14278290
0.19493175
0.20474133
0.17377044
0.17923920
0.20154284
0.19962545
0.18578447
0.17417896
0.16631270
0.15213170
0.19444257
0.15210633
0.16183595
0.16460344
0.20677259
0.18861518
0.20249619
0.15437520
0.16664460
0.15992161
0.15415089
0.16055545
0.18459534
0.21778303
0.15578938
0.21333264
0.19525726
0.17571286
0.19399833
0.17672969
0.18171215
0.18903344
0.14146355
0.16291881
0.16714300
0.16729066
0.15778384
0.20505917
0.18364825
0.17314834
0.19953948
0.16467312
0.19232223
0.18824691
0.17683070
0.18264521
0.17181457
0.16762934
0.19931856
0.18245089
0.18557915
0.16005842
0.17859013
0.18517436
0.20222292
0.17751725
0.16070642
0.16539537
0.17425759
0.17396430
0.18096400
0.20870780
0.17460286
0.18703003
0.18586052
0.19564330
0.17346434
0.15701683
0.19529888
0.15239919
0.15602345
0.15090837
0.19883085
0.18466943
0.17336130
0.16433645
0.20858378
0.19282797
0.21070581
0.16353866
0.16628004
0.17426590
0.16211483
0.17616532
0.19615183
0.17518425
0.18030712
0.16937568
0.18206832
0.17670402
0.17030407
0.15704689
0.15222255
0.19432212
0.16752749
0.20947789
0.16816027
0.19069268
0.14442730
0.17257519
0.15621877
0.18556130
0.20695036
0.19234314
0.19711013
0.15923439
0.15460726
0.14148032
0.21897710
0.17796050
0.16069106
0.17773520
0.15215305
0.20310581
0.19278044
0.15564674
0.15748215
0.16204080
0.15869100
0.21662028
0.17744052
0.17284706
0.15616459
0.17661321
0.18821015
0.16737219
0.15377451
0.19683960
0.20949870
0.15057255
0.15851989
0.16840050
0.17150967
0.20290116
0.19413093
0.16125523
0.15979416
0.19241814
0.19077381
0.19084090
0.17054435
0.18463457
0.16670852
0.16404474
0.21762158
0.19398489
0.22357701
0.17505389
0.19575360
0.15442114
0.16498765
0.18037370
0.15921156
0.17519262
0.16449868
0.18000375
0.21789045
0.16628360
0.17793791
0.18655354
0.20948545
0.17064928
0.17196327
0.18327321
0.19158471
0.12459181
0.16354932
0.18904928
0.16351686
0.16892703
0.17634035
0.16802968
0.15571327
0.17923303
0.20591876
0.18643500
0.18763312
0.17323483
0.18263538
0.16226743
0.15791438
0.17382944
0.19845447
0.17463541
0.17600500
0.18692631
0.18047924
0.18609200
0.15594260
0.14891661
0.17612911
0.18265337
0.18214715
0.17745346
0.16413842
0.16628212
0.14402349
0.17779540
0.19066102
0.16586178
0.19103027
0.17508736
0.19101747
0.16997247
0.16774729
0.13836760
0.16527430
0.15862297
0.14636034
0.17310266
0.14620508
0.15938666
0.19102691
0.16143544
0.20482576
0.17059356
0.17070829
0.16079006
0.15465606
0.19152694
0.14586564
0.19254874
0.19554122
0.15612044
0.20867873
0.19122956
0.17261329
0.17708873
0.16951194
0.16071718
0.19476792
0.16349685
0.21663973
0.17903701
0.17992324
0.15378343
0.16452886
0.17962062
0.15823003
0.15028631
0.17009662
0.17967566
0.17271267
0.17509136
0.18009576
0.21141110
0.16072474
0.16436310
0.15373309
0.17907749
0.18491622
0.23789254
0.17991507
0.20350406
0.16997705
0.17782298
0.17646252
0.18938365
0.16120147
0.18475892
0.16757186
0.18480957
0.17425156
0.22853920
0.15976703
0.21087585
0.18829162
0.16911968
0.18567522
0.18084767
0.16158887
0.19535384
0.19546915
0.15504779
0.17902602
0.16519770
0.17542193
0.23858370
0.20268989
0.15450930
0.16065449
0.15746471
0.16831964
0.15938143
0.18090061
0.16485063
0.15389658
0.16171320
0.17704246
0.18485899
0.17717661
0.18320971
0.18653662
0.18426912
0.24934300
0.16223361
0.15112525
0.18713936
0.16872503
0.17821035
0.22247521
0.17346607
0.24158760
0.17174382
0.17610229
0.15902226
0.16760952
0.19930406
0.16137778
0.18565880
0.21130971
0.18085433
0.18265002
0.16731009
0.21646386
0.18625154
0.17646052
0.15845381
0.17560593
0.14831294
0.16696185
0.19052079
0.21819305
0.16220094
0.18485889
0.19370610
0.19685817
0.18150554
0.17886488
0.15551972
0.15703129
0.17360382
0.18384392
0.16959585
0.19430198
0.16875480
0.20039384
0.16254629
0.18148538
0.22296445
0.20024603
0.15819620
0.15436898
0.18913590
0.17772338
0.18826257
0.15057850
0.20729642
0.18048746
0.17828193
0.21894428
0.19640567
0.17233166
0.18627538
0.17452655
0.17520454
0.15961201
0.13786588
0.16177308
0.19549333
0.17851563
0.16822991
0.15775399
0.15070057
0.18906699
0.16650324
0.16938566
0.15764252
0.19864276
0.17587165
0.14511446
0.19091694
0.18290865
0.17196843
0.14350430
0.18161863
0.17983287
0.15477749
0.18869857
0.15709858
0.19043850
0.16280322
0.17083376
0.19391089
0.16747284
0.17366920
0.18497075
0.18149512
0.16873151
0.17769029
0.20950855
0.18065018
0.20381624
0.17233674
0.18517370
0.18947608
0.15845614
0.17578422
0.16113835
0.18095661
0.15078707
0.20141535
0.17224183
0.16610120
0.15315314
0.15620887
0.16747393
0.17053800
0.15670077
0.20648748
0.20669113
0.19426788
0.16873978
0.18993646
0.15993610
0.17141162
0.17849249
0.19437843
0.17592595
0.15449686
0.16780484
0.15910314
0.20206486
0.20505967
0.15740566
0.17814968
0.17913074
0.17839438
0.15772899
0.16955532
0.17969374
0.18473739
0.17344832
0.17317445
0.15115113
0.15081759
0.17645323
0.17593847
0.16124499
0.16578888
0.13629814
0.16462464
0.19644593
0.16719068
0.18312796
0.15057711
0.14933159
0.15455363
0.19131913
0.15537074
0.16189365
0.15226253
0.15506455
0.14620393
0.16597015
0.18189747
0.21631927
0.17067182
0.19238180
0.16491069
0.16148467
0.17324625
0.14368649
0.18532106
0.21087814
0.17051821
0.16087186
0.21221433
0.20016532
0.16456846
0.15778378
0.18926232
0.17096594
0.17769326
0.21857000
0.20621963
0.17293255
0.17405928
0.20063711
0.15716020
0.17622242
0.16643977
0.15814738
0.17587079
0.13383945
0.19094278
0.17544846
0.16514896
0.18547591
0.16792058
0.17333579
0.16757023
0.17622320
0.15055241
0.15631664
0.15064201
0.17014930
0.16501108
0.15875864
0.17644730
0.16893389
0.18220795
0.17455266
0.25627916
0.19216470
0.16537007
0.18021395
0.19628084
0.20465937
0.20320615
0.18697891
0.17901850
0.16426217
0.19934586
0.17113813
0.16386059
0.17445516
0.18294729
0.16219019
0.15174585
0.16426062
0.24113055
0.17684115
0.17446201
0.20351686
0.18556128
0.17625316
0.17778701
0.18285190
0.15670400
0.17816437
0.17139810
0.18490146
0.19176973
0.17363888
0.15879238
0.17874319
0.16868223
0.14869741
0.17255277
0.20331898
0.18473970
0.16593825
0.19117269
0.18527985
0.16111312
0.19118575
0.18097194
0.18412113
0.15645801
0.15041838
0.14945440
0.16363246
0.17445876
0.16730696
0.15903674
0.16390125
0.16273903
0.16822878
0.19142660
0.16880144
0.19482964
0.17031740
0.20426703
0.15430576
0.16406997
0.21081437
0.17651097
0.16004653
0.16442263
0.20162655
0.18394404
0.17019774
0.16175856
0.19169920
0.15704771
0.14344137
0.20042200
0.17807675
0.19393018
0.17632302
0.16382361
0.17832296
0.15261102
0.15775082
0.16684405
0.14587135
0.16993070
0.17076400
0.17160579
0.18085316
0.19542725
0.18618326
0.16368712
0.17583068
0.20794283
0.18396410
0.20508798
0.17465623
0.14860892
0.20834927
0.16300379
0.17336803
0.18409353
0.19675426
0.21267288
0.18422804
0.19054651
0.18294866
0.17665776
0.15598316
0.17276571
0.13908634
0.17226175
0.13848565
0.17274761
0.19452584
0.16335396
0.17202907
0.16898072
0.17049745
0.15787086
0.19042203
0.22357499
0.18289861
0.19300537
0.15762029
0.16484836
0.21487827
0.18819149
0.20953850
0.22372060
0.17521898
0.19866876
0.18266586
0.17408892
0.16134517
0.16933122
0.18174731
0.20737148
0.19223694
0.16480900
0.17517617
0.19286612
0.18487580
0.20091885
0.18437244
0.17573744
0.15920588
0.15723692
0.17483704
0.15946460
0.18767393
0.20663801
0.15924698
0.16239247
0.16923911
0.17009274
0.16994631
0.20618570
0.16044389
0.21561821
0.19406525
0.15510414
0.15351179
0.16842339
0.20757930
0.18598979
0.16155157
0.16084376
0.18002934
0.18271166
0.18521692
0.16978315
0.16808143
0.16802537
0.16598602
0.17063924
0.17410632
0.20138763
0.17920131
0.16809448
0.19313949
0.18973724
0.17265293
0.18927658
0.19156609
0.17433774
0.15818577
0.15854500
0.14799045
0.21434940
0.19213609
0.15979087
0.19480258
0.20481524
0.17696502
0.20059925
0.14800286
0.17846837
0.22691628
0.17405976
0.19190169
0.18335417
0.17372116
0.16015528
0.20632462
0.20806605
0.18241353
0.17561697
0.18921346
0.15424942
0.22270737
0.16242393
0.18511295
0.18450012
0.17830044
0.25932840
0.17969674
0.16812353
0.19353407
0.16136535
0.17376562
0.16324713
0.15632945
0.20048275
0.18973289
0.17086238
0.16226343
0.21792502
0.16816585
0.23439435
0.16644612
0.16837226
0.15291191
0.18013960
0.18652943
0.15266657
0.17975472
0.17924072
0.19516550
0.18740683
0.18332471
0.20679783
0.18323950
0.18689422
0.17469188
0.16987502
0.19953032
0.15915787
0.16897739
0.19873148
0.16707978
0.17583332
0.19392711
0.18397682
0.16265283
0.18208510
0.15548738
0.22402333
0.20456461
0.19304858
0.20977491
0.19332169
0.21910766
0.20918796
0.15998478
0.16310295
0.16212048
0.16485190
0.17580382
0.21351103
0.14301292
0.18579850
0.15527107
0.19053436
0.16676144
0.17833870
0.17945928
0.18558699
0.14396787
0.19004569
0.17286850
0.18337195
0.19967332
0.18148604
0.21331626
0.17675300
0.13864583
0.15400201
0.17350330
0.20347991
0.19645054
0.17451821
0.18217083
0.17722800
0.16737479
0.14811307
0.17180022
0.19131720
0.18535146
0.17819979
0.20497082
0.19143808
0.16099794
0.18923980
0.18790574
0.19514125
0.16266917
0.17500102
0.18478375
0.17166548
0.17288609
0.19608978
0.15629492
0.18746951
0.18682009
0.17985960
0.20230910
0.17138341
0.14436984
0.13291378
0.14207262
0.17313219
0.17083807
0.18286584
0.15997467
0.14940557
0.19955251
0.15957236
0.20045662
0.19769185
0.17771077
0.16460587
0.17113751
0.19441987
0.17089741
0.18680276
0.16141521
0.17482492
0.20678830
0.20394980
0.15237810
0.16996594
0.16805061
0.16313622
0.17536054
0.21011353
0.18939859
0.18963618
0.18777520
0.18727810
0.18682007
0.18186767
0.16352662
0.15195207
0.18435898
0.17335281
0.15920879
0.16886467
0.15850703
0.16601007
0.17566634
0.17682815
0.18276530
0.19875284
0.17425771
0.17641879
0.21048916
0.20464709
0.17813211
0.18365130
0.15038220
0.15768296
0.16179619
0.23701630
0.21473040
0.16270965
0.17627798
0.18645513
0.17103215
0.18590185
0.15244537
0.19014852
0.16579796
0.19111025
0.17960460
0.18714334
0.21746482
0.16102596
0.17218260
0.15128122
0.19323878
0.16250878
0.18296175
0.17181809
0.18624785
0.17488221
0.17374141
0.14266178
0.18183184
0.17800984
0.18492003
0.15745522
0.15441133
0.17857736
0.21502971
0.16304829
0.15675553
0.19020682
0.18965187
0.19214054
0.21175668
0.15630284
0.19786995
0.15299294
0.16455320
0.16504192
0.15409037
0.20972122
0.17080399
0.17919492
0.20575722
0.16794270
0.15322409
0.19593179
0.18432993
0.16033651
0.14224776
0.20467858
0.16965332
0.16273187
0.16532418
0.17024555
0.19579850
0.18288372
0.15059287
0.17889302
0.18202645
0.16405538
0.16725124
0.15783060
0.17239811
0.17631422
0.18271106
0.17679493
0.18522397
0.16279807
0.17267658
0.20643945
0.16807886
0.16075759
0.14573253
0.15059698
0.19051504
0.20420855
0.17204707
0.20657328
0.16625782
0.19026041
0.20693715
0.18197581
0.16685172
0.16493526
0.16817358
0.17083506
0.17097082
0.21235416
0.16219008
0.17571093
0.18948194
0.15803341
0.19341876
0.19397663
0.18682178
0.18367939
0.17236352
0.16429566
0.18586280
0.21527122
0.15694002
0.17742518
0.18525948
0.16077356
0.20899923
0.17366799
0.20163709
0.15579962
0.15013186
0.19922257
0.19764560
0.16733709
0.16915691
0.20460626
0.17783439
0.18680072
0.16565544
0.21164501
0.19512878
0.15234315
0.16227281
0.17531529
0.16310667
0.16070912
0.16801546
0.16569041
0.15972194
0.16005845
0.16331861
0.17745129
0.19991452
0.17619121
0.15218755
0.14723361
0.16612671
0.15936118
0.16859545
0.16326975
0.17846216
0.16451611
0.18836620
0.17144731
0.19241826
0.20352334
0.15659958
0.17642781
0.17140936
0.17336111
0.16334638
0.16677944
0.16556903
0.18352341
0.20487659
0.19699650
0.17995097
0.17784128
0.18150433
0.16070600
0.15911781
0.19811792
0.18035351
0.18809342
0.17580610
0.18393413
0.18349842
0.16871066
0.18886041
0.15559452
0.20106235
0.17604610
0.17319568
0.16230754
0.18281832
0.15459872
0.15447627
0.18146843
0.21867330
0.17421381
0.24287921
0.20281004
0.18003326
0.16280572
0.18888853
0.21062158
0.18999931
0.16569371
0.17162930
0.16106584
0.17895686
0.17746678
0.14961381
0.16879473
0.17359906
0.20148770
0.21217299
0.14771702
0.19468548
0.20228511
0.18774875
0.15019077
0.18924313
0.16224620
0.16960592
0.17305001
0.18171510
0.18222205
0.17304851
0.17963772
0.19683419
0.19707990
0.19457523
0.16958191
0.15774871
0.16056643
0.19649293
0.16806191
0.16803370
0.18579676
0.15479359
0.15925249
0.17572374
0.18769601
0.16568390
0.15672643
0.20341756
0.19828336
0.17596612
0.20191884
0.18916686
0.20868139
0.16859363
0.16193629
0.14876869
0.18689825
0.16215927
0.15944339
0.22135962
0.13725031
0.20155566
0.15242194
0.17048061
0.18870009
0.19765086
0.18524374
0.16693956
0.19113460
0.19253753
0.17914190
0.20635628
0.20683789
0.16365014
0.16916836
0.16292282
0.17213760
0.16746070
0.19397517
0.14647162
0.19009372
0.19129287
0.17160195
0.17195780
0.19643908
0.19581724
0.17779137
0.20660400
0.15413084
0.20110071
0.17562346
0.17722805
0.18055476
0.16401303
0.16716580
0.15052915
0.15718703
0.16050096
0.16118156
0.18511933
0.17910812
0.17010935
0.16411800
0.17947461
0.17392534
0.17263348
0.15809983
0.20498786
0.16605128
0.19122655
0.13684926
0.20940269
0.17429357
0.16005580
0.16379144
0.17937568
0.14802317
0.15134329
0.18889261
0.19213175
0.20443057
0.16065704
0.17073832
0.18515543
0.15307641
0.13072513
0.19121925
0.21212936
0.17273325
0.18266054
0.16599936
0.17441498
0.19526568
0.18091733
0.22916641
0.15484450
0.14148171
0.17217231
0.17885848
0.19273747
0.17352858
0.14681252
0.15647388
0.18663461
0.17625331
0.19236211
0.16003029
0.17141766
0.17814572
0.19026659
0.15312627
0.19138223
0.19653859
0.19332587
0.18609439
0.14370138
0.20966863
0.16492064
0.19075240
0.18608873
0.17135394
0.18063249
0.15733802
0.19722652
0.17369467
0.15966485
0.14857183
0.18562716
0.14012525
0.18221541
0.17805162
0.16280226
0.14751809
0.18578088
0.16567480
0.15410698
0.15260164
0.15122716
0.16760683
0.17967398
0.19463741
0.18438853
0.16192747
0.18158796
0.17147496
0.17812809
0.15375435
0.13984516
0.18781245
0.19299607
0.18227961
0.16668163
0.15993812
0.21824096
0.17324785
0.16033538
0.22497000
0.17738325
0.18691303
0.17098454
0.15371326
0.18149315
0.16590983
0.18771311
0.19859155
0.18851149
0.19697968
0.17852323
0.14998365
0.19498070
0.16184245
0.19177736
0.19493863
0.18610482
0.18180656
0.21480026
0.16808578
0.17316639
0.17157208
0.20500022
0.21460886
0.18235688
0.19213345
0.17325568
0.16028762
0.18263847
0.21633505
0.21382815
0.17366489
0.15832863
0.18143603
0.17954063
0.16314080
0.19662855
0.17809083
0.19718411
0.15135532
0.18653838
0.15107591
0.15886210
0.16846682
0.19994607
0.15634889
0.20295864
0.16935446
0.14956754
0.16464918
0.18784918
0.18027695
0.19207525
0.19208460
0.17494526
0.16395913
0.15846662
0.16170780
0.19577642
0.16964583
0.17078704
0.17434184
0.21302007
0.23284384
0.16833446
0.19368099
0.16914709
0.14081247
0.18707820
0.18410883
0.17816097
0.17214260
0.16575348
0.18486909
0.16778868
0.17091796
0.18890899
0.16730180
0.17456943
0.14022778
0.16403364
0.16114128
0.17120958
0.19636150
0.15491087
0.17164272
0.17603505
0.17053327
0.16666436
0.16910744
0.19606198
0.15918458
0.16595490
0.17266080
0.17101306
0.19566214
0.18363257
0.19333890
0.17566386
0.20166202
0.19212759
0.19710037
0.13385882
0.20149728
0.17060198
0.15335472
0.20316420
0.19154917
0.22597815
0.15499755
0.15512387
0.19242932
0.19592797
0.16261118
0.19820508
0.21876272
0.20749912
0.15530904
0.16838411
0.16689037
0.19397801
0.18198913
0.15037813
0.22795484
0.19594808
0.17410731
0.19337918
0.16361552
0.18745686
0.15908173
0.18578777
0.19375777
0.17207117
0.18275877
0.16175694
0.16789851
0.17082059
0.17261060
0.16302706
0.17193963
0.17816495
0.17566061
0.19289800
0.17617533
0.20076727
0.16634380
0.16545628
0.19036029
0.16161081
0.15543987
0.15261196
0.15437726
0.19661179
0.20655828
0.19104611
0.16517136
0.17206810
0.21631088
0.18951426
0.17620295
0.20122995
0.16866938
0.17742241
0.20888357
0.16576122
0.16617887
0.14584621
0.16357567
0.20125061
0.18440182
0.17696794
0.15039870
0.16655706
0.18675312
0.19787783
0.17299878
0.16960651
0.18940978
0.16085812
0.19528969
0.22248898
0.17832691
0.19042673
0.15314630
0.17436379
0.20486579
0.14209153
0.23837891
0.15511646
0.16325190
0.16163432
0.17041304
0.16952890
0.16851617
0.14013299
0.15739681
0.14329964
0.19833284
0.19143222
0.13469122
0.17130191
0.18571177
0.17247993
0.20621084
0.18367687
0.19229722
0.17607175
0.16210191
0.17018273
0.17641707
0.16570253
0.17945641
0.15812987
0.17951837
0.16886870
0.16252662
0.15207833
0.20910611
0.18035717
0.17225419
0.16176471
0.22720031
0.21621583
0.19086528
0.23132924
0.18224467
0.15565832
0.15402295
0.19201019
0.20788631
0.16646791
0.15519903
0.16606488
0.16624155
0.22486492
0.18247377
0.17363445
0.17979029
0.17048225
0.18606638
0.17876819
0.19156686
0.16106027
0.17807939
0.18507060
0.16564125
0.21443520
0.16678068
0.18768231
0.18953837
0.17063052
0.17938364
0.18686946
0.17300253
0.18221180
0.19907279
0.16548395
0.19668347
0.20239417
0.20260546
0.18567090
0.18201943
0.18592965
0.17822219
0.21164144
0.19809418
0.16008385
0.19295336
0.20135518
0.17946904
0.22431223
0.14766157
0.15314440
0.16643382
0.17794518
0.18327600
0.20142066
0.19520334
0.17588399
0.15669119
0.14689265
0.17003135
0.15969006
0.15141144
0.18708690
0.16595216
0.18278129
0.17277444
0.18689161
0.23052446
0.16028825
0.25325255
0.15782950
0.16098896
0.20541525
0.19215465
0.22431599
0.16468493
0.17305904
0.18057912
0.17137398
0.16784036
0.19561159
0.16160232
0.18849101
0.15420212
0.16598821
0.18285503
0.18044583
0.16596650
0.13407525
0.16335900
0.15931471
0.15806135
0.16111180
0.14035577
0.16770645
0.17154286
0.20057981
0.20953792
0.14441261
0.19742928
0.16258852
0.16751199
0.19542260
0.16838418
0.14601921
0.18829196
0.17088165
0.15865021
0.20107144
0.19301950
0.18148602
0.20391696
0.19495018
0.15182404
0.16383623
0.21212027
0.16246339
0.21372647
0.18941585
0.16849635
0.18643082
0.15632822
0.17787083
0.22243958
0.18933031
0.19979196
0.18715995
0.15216582
0.17740143
0.19229075
0.17283546
0.14646318
0.14959842
0.16429452
0.18081600
0.17483352
0.22459635
0.13891266
0.19216883
0.15331203
0.19528464
0.17572892
0.19766592
0.16128964
0.18699009
0.15766704
0.18271195
0.18593853
0.22098082
0.19108210
0.17323439
0.17455834
0.16739658
0.16088346
0.18521593
0.17690599
0.17921566
0.16293164
0.18075154
0.21606429
0.17642195
0.18942563
0.18968613
0.18513572
0.15074065
0.16042710
0.18822974
0.19314278
0.19935306
0.19709458
0.18103029
0.17655605
0.16667398
0.15312672
0.16420018
0.18020215
0.18358862
0.15139669
0.17532946
0.20268983
0.19081462
0.19716429
0.15585551
0.16494245
0.20641419
0.19511726
0.20608677
0.19339795
0.18187884
0.17542542
0.16667200
0.18511070
0.16397787
0.16459008
0.13872280
0.20008063
0.16644948
0.16998544
0.18461097
0.17667604
0.16842336
0.14856298
0.18133435
0.17845772
0.15618658
0.20408251
0.16998502
0.14363113
0.18871071
0.17340587
0.18181363
0.16922725
0.14876152
0.21255249
0.15407215
0.18613535
0.17445630
0.17422595
0.19869767
0.18321969
0.19096707
0.17484517
0.17144843
0.19693035
0.17794731
0.14819005
0.18475740
0.14731392
0.16831082
0.17623793
0.19822851
0.19463332
0.19488654
0.19696810
0.14754564
0.15084616
0.18264671
0.19388413
0.18689750
0.18132163
0.18002162
0.19188434
0.16777629
0.22903280
0.16634233
0.17454495
0.16367143
0.17362772
0.16869707
0.17598065
0.15568778
0.17300762
0.16717313
0.18677078
0.17487964
0.19278300
0.18868719
0.17029244
0.17854480
0.12322233
0.17757578
0.18440406
0.16229594
0.19484084
0.22610138
0.18440781
0.17737636
0.14540466
0.18538161
0.18099284
0.20529505
0.16388381
0.19836465
0.20870555
0.15193268
0.17917651
0.15345010
0.16506224
0.23901321
0.18401659
0.14328396
0.15822576
0.20450708
0.15510980
0.15794372
0.16312776
0.15416290
0.15026728
0.14199068
0.13331866
0.17754076
0.16611294
0.18386871
0.16917279
0.21023051
0.19783569
0.20334125
0.16839650
0.16729217
0.17915629
0.20638872
0.16435825
0.16117630
0.17901583
0.15216303
0.19438129
0.20289341
0.19652727
0.16808696
0.15970609
0.16088914
0.19070043
0.16788260
0.19293541
0.16274506
0.15168879
0.15513042
0.17638943
0.14751311
0.19274727
0.18116524
0.16900877
0.19758963
0.15767918
0.16230046
0.20892772
0.19180515
0.17914515
0.21702290
0.19824688
0.17571139
0.20585136
0.21352861
0.16747763
0.17128697
0.16244268
0.16275859
0.16288781
0.14975706
0.18358622
0.18343667
0.16609561
0.15890573
0.14925921
0.17722586
0.16670828
0.19442972
0.14821967
0.16109892
0.18280201
0.19077632
0.19620116
0.14308156
0.18975613
0.23742209
0.19589779
0.18570290
0.18312760
0.19073750
0.16640513
0.20304233
0.21674805
0.18159615
0.15657453
0.21148292
0.17174030
0.16346832
0.22411927
0.19823145
0.17044759
0.16284116
0.18651701
0.22487385
0.16293229
0.15649866
0.15848801
0.17698342
0.19105544
0.17952787
0.19207519
0.21091794
0.18047361
0.19181049
0.18235995
0.20262054
0.16983175
0.17209052
0.16519562
0.16276206
0.17395621
0.19277360
0.14533007
0.18325127
0.17309173
0.20114318
0.17120501
0.17812069
0.16511894
0.23168458
0.14626018
0.15559851
0.16333200
0.22545566
0.18320838
0.19027879
0.16004938
0.19878901
0.21207481
0.16589278
0.14522888
0.18117013
0.16902924
0.16361834
0.16076793
0.17624082
0.17385741
0.19161106
0.17167127
0.18236565
0.18560139
0.19191283
0.16886529
0.18338075
0.17138086
0.15062596
0.18190617
0.18198603
0.16433705
0.16391501
0.16920354
0.15280127
0.17721859
0.18089311
0.14402257
0.17136602
0.15180114
0.17294228
0.15945856
0.18764224
0.17002644
0.15107820
0.17304535
0.16483686
0.16182351
0.23564070
0.19951351
0.24972593
0.19439099
0.17900204
0.16604333
0.16923843
0.14775442
0.17816352
0.17447272
0.19560343
0.21552654
0.17227598
0.17843351
0.17626409
0.17573148
0.19504740
0.18328867
0.16944910
0.20911110
0.18468937
0.14325236
0.21795980
0.17841976
0.14842609
0.15390003
0.20224524
0.16958959
0.22064107
0.15812428
0.17397282
0.16438472
0.20158745
0.18992020
0.20842008
0.22821245
0.18226826
0.21307725
0.20111340
0.18744497
0.21439049
0.23026830
0.19316448
0.20763504
0.20065015
0.16798856
0.22582364
0.18777634
0.14177847
0.18067247
0.19870151
0.18983211
0.17388536
0.19519666
0.18344670
0.16644002
0.15830625
0.14571272
0.16204811
0.15200977
0.21281634
0.20147229
0.16570456
0.17777483
0.19474955
0.20040337
0.15487354
0.17268268
0.15687827
0.16675051
0.18037729
0.20420612
0.18410587
0.17371152
0.16236934
0.18836526
0.17023010
0.17403291
0.19131437
0.16599036
0.18707146
0.20233830
0.16828454
0.24297320
0.17591465
0.19507857
0.19407867
0.20031621
0.16429672
0.15486694
0.15263006
0.20334968
0.16369992
0.17322255
0.13658713
0.18685974
0.15135561
0.16821321
0.16745649
0.19773757
0.16479321
0.16219786
0.18678447
0.16603208
0.17051027
0.17992819
0.15054278
0.19016049
0.17296118
0.19513935
0.15625018
0.21098954
0.18824119
0.17716630
0.18790499
0.17653078
0.19423522
0.21006714
0.16787522
0.18695044
0.17734609
0.14608797
0.16118741
0.16607699
0.20172105
0.19740763
0.20449300
0.16559564
0.19003393
0.15776785
0.20592026
0.16311247
0.16068828
0.19294287
0.15910199
0.15760130
0.18622892
0.18394460
0.22393001
0.18270466
0.16312419
0.15545306
0.18191461
0.20627341
0.18304130
0.17705073
0.22422661
0.18772936
0.17584654
0.16737910
0.17779255
0.18605963
0.21051475
0.17968694
0.16527334
0.19450080
0.19231736
0.23137230
0.20083472
0.15569200
0.16263331
0.19582513
0.20697165
0.15229693
0.16553422
0.18631387
0.20626944
0.22279570
0.14801224
0.16946418
0.16609217
0.17606819
0.15381196
0.15118483
0.15315571
0.18308352
0.19282311
0.19756193
0.12918246
0.19208462
0.16099782
0.20547318
0.17249206
0.15859400
0.15884933
0.20249545
0.19667555
0.15121342
0.18192642
0.19635970
0.16815718
0.15791171
0.15716135
0.18200213
0.19459552
0.14121862
0.17244382
0.17037832
0.18918452
0.19357856
0.17433069
0.17501230
0.16593292
0.18951527
0.16402109
0.17231920
0.17454362
0.16528031
0.17541915
0.16691618
0.16297282
0.16304643
0.15658586
0.16181268
0.18838945
0.16993323
0.17625404
0.16211801
0.15936774
0.18183446
0.18176739
0.19561741
0.17674500
0.15908858
0.17436573
0.17612853
0.19442141
0.15793107
0.16818003
0.18412728
0.18142262
0.19326336
0.17499345
0.17010615
0.17149566
0.19349072
0.15190972
0.15710713
0.15783535
0.15400092
0.16368983
0.18008801
0.18135230
0.15015665
0.18182673
0.19560939
0.19054824
0.16316903
0.14293329
0.17710464
0.14545995
0.17244216
0.20737687
0.16489221
0.18815914
0.15715392
0.19091040
0.17513423
0.18414844
0.18447128
0.19188526
0.20781827
0.20287744
0.16449513
0.17249592
0.18325621
0.20292352
0.17601202
0.14817320
0.19931212
0.17249767
0.16550425
0.17869262
0.21663087
0.17302861
0.17247431
0.17624849
0.18333681
0.21266928
0.14646905
0.16309535
0.16015324
0.19367256
0.19994651
0.16332811
0.19441736
0.17306897
0.21466623
0.17761772
0.16206329
0.19771414
0.21027487
0.21012453
0.17682283
0.18067870
0.16394047
0.18375481
0.15946506
0.19654974
0.18283148
0.17016961
0.16285484
0.14852518
0.15701771
0.17945310
0.19080357
0.19656810
0.14860592
0.19469693
0.18954261
0.20763776
0.19455498
0.17811657
0.17599745
0.18950448
0.22658910
0.17451239
0.17592991
0.21013119
0.18495175
0.15380667
0.17480723
0.17944910
0.18131796
0.14955751
0.19536736
0.17092337
0.17533006
0.21153329
0.22175623
0.17424878
0.18660494
0.15525787
0.15653090
0.19687611
0.20243516
0.19109151
0.19685590
0.17246217
0.16799318
0.18844115
0.17087949
0.18028977
0.19011803
0.17021702
0.16021761
0.15781605
0.16220539
0.17292049
0.16954306
0.23379948
0.22034525
0.20330617
0.19662504
0.17867885
0.17122455
0.18558088
0.15630399
0.17597665
0.16250441
0.15819509
0.15062574
0.18410304
0.16430502
0.19969819
0.17431454
0.19023532
0.20586352
0.15707560
0.19112083
0.16554996
0.16440570
0.16789808
0.18074236
0.20434792
0.17561507
0.15386035
0.20939886
0.18314381
0.18495272
0.17685622
0.21677291
0.16887443
0.17624682
0.17421345
0.16667454
0.16056079
0.21939592
0.20344364
0.16293907
0.19564398
0.15636542
0.16796384
0.18210725
0.15806012
0.18142600
0.20004777
0.17306051
0.16397887
0.14457396
0.15868102
0.21296893
0.17797408
0.17550649
0.18244047
0.19661571
0.17125472
0.20504914
0.17072734
0.17546682
0.20328417
0.17211623
0.17024309
0.17171905
0.18373879
0.17307891
0.19533443
0.18742445
0.17686653
0.20926359
0.16671426
0.18324314
0.17443304
0.18833809
0.18735041
0.17465490
0.19304315
0.20634667
0.15602514
0.20671161
0.17474210
0.17538422
0.18400952
0.20642611
0.17208699
0.18462883
0.16667813
0.18263238
0.18793318
0.17919560
0.17381160
0.18737314
0.18625283
0.20339852
0.17335347
0.17423212
0.16947814
0.20146960
0.19804246
0.15739996
0.21214715
0.16884042
0.16116608
0.21835886
0.15721233
0.19026444
0.19955792
0.18571643
0.15246161
0.16515386
0.16439000
0.15647376
0.16101096
0.21873702
0.20067976
0.15415718
0.17121632
0.16567477
0.17909282
0.18151324
0.17802854
0.19528897
0.13540391
0.18504524
0.17050049
0.17001960
0.18020025
0.16331722
0.18052798
0.16699132
0.17464023
0.17552303
0.18425054
0.18893462
0.20089104
0.19538720
0.17249269
0.16644342
0.16529594
0.17537171
0.17599127
0.18267423
0.18064372
0.19080343
0.18531733
0.16304604
0.18646158
0.21784130
0.15774125
0.19659686
0.16868727
0.19058354
0.18367289
0.15330896
0.19938413
0.16164258
0.19054538
0.18635028
0.24184170
0.18489876
0.18443909
0.19283722
0.18304988
0.16153619
0.18997935
0.17648218
0.17869445
0.17812468
0.17835309
0.18928482
0.14562669
0.16963451
0.16465926
0.19571224
0.16714371
0.18330781
0.21046566
0.19044851
0.20254662
0.15542358
0.16588644
0.15296596
0.18162465
0.16388296
0.19554096
0.17986839
0.17479798
0.17121697
0.14768995
0.17933100
0.19937139
0.18250252
0.17506284
0.18028081
0.18704234
0.20081978
0.16279283
0.19599132
0.17138364
0.16330231
0.17165157
0.19098442
0.17501377
0.18066498
0.19035827
0.16387778
0.19853220
0.16272761
0.17416396
0.18819728
0.19082773
0.17123597
0.16043430
0.17038488
0.16982518
0.15731713
0.17099490
0.14800913
0.15204189
0.17650024
0.20551021
0.19808280
0.19674612
0.24755371
0.17190680
0.18707250
0.15744885
0.19140954
0.16865713
0.19759227
0.20151024
0.17675171
0.14218426
0.14351499
0.19761014
0.18205631
0.19830967
0.20582139
0.21904895
0.20234960
0.18499117
0.19497775
0.18976605
0.18881514
0.14821357
0.19771518
0.16836207
0.19370759
0.19154298
0.17291824
0.20038502
0.19392727
0.17861457
0.17852163
0.16474907
0.15760222
0.19655337
0.17103103
0.15278287
0.16645216
0.18788371
0.17969949
0.18403947
0.17482780
0.20929700
0.19560173
0.19212878
0.20186396
0.18792565
0.16809872
0.21764409
0.17528605
0.19954980
0.19411927
0.17869019
0.16031046
0.17813665
0.16374601
0.17448009
0.17081901
0.19756561
0.18216711
0.16647403
0.21797300
0.16273371
0.16594204
0.18473052
0.17137204
0.17339936
0.19918710
0.16974553
0.16009509
0.17897999
0.16209550
0.16547205
0.22299742
0.19939823
0.21418365
0.17502885
0.15407848
0.15194635
0.15441456
0.19874462
0.18297161
0.15222386
0.16391576
0.16765087
0.17907431
0.16875204
0.19378559
0.17836077
0.16864132
0.14617555
0.21003733
0.19495260
0.19976926
0.17304917
0.19949208
0.16958273
0.16380813
0.16754375
0.21652203
0.21469937
0.19190284
0.17045932
0.17944754
0.18229145
0.19941859
0.21304993
0.16961913
0.15774373
0.17501590
0.16240570
0.19294339
0.18549648
0.19668015
0.20995986
0.16708807
0.18371158
0.18553960
0.18485819
0.19044888
0.19349481
0.18782978
0.14472150
0.18465067
0.13271205
0.17435609
0.20900984
0.16537262
0.14663243
0.17758195
0.15879160
0.19494747
0.18237257
0.16306675
0.17921714
0.18885818
0.18914029
0.20186588
0.15686563
0.18215983
0.19772252
0.16132671
0.17418934
0.14487613
0.19760257
0.19743542
0.16112824
0.19128553
0.22257569
0.17451769
0.14936030
0.15028785
0.17329802
0.19342972
0.17361835
0.16715277
0.14947217
0.19361494
0.17480701
0.16956184
0.16203731
0.17716429
0.16956707
0.16662525
0.15200748
0.22317874
0.14348530
0.16118393
0.18172023
0.20557084
0.16941614
0.18989217
0.19176868
0.17522062
0.16554510
0.19558825
0.18082945
0.19050081
0.15102091
0.19420014
0.18751503
0.18062707
0.17886603
0.17189703
0.18689757
0.17437387
0.13997480
0.17534989
0.21939552
0.15983323
0.16685010
0.20417933
0.20934285
0.21463423
0.18136320
0.21139426
0.15417573
0.17657885
0.20435166
0.19479757
0.20000673
0.17208038
0.18945105
0.17291681
0.16947056
0.15764849
0.16753029
0.16014294
0.14516711
0.17008982
0.20143855
0.17237008
0.15729105
0.16100775
0.18637676
0.20084793
0.20182672
0.16416914
0.16502567
0.17697753
0.19611385
0.19822033
0.19327578
0.17618617
0.18651123
0.19297168
0.20035966
0.17325779
0.15225222
0.18263808
0.19567297
0.15480010
0.19682182
0.16216942
0.16104584
0.17829506
0.14630029
0.17624762
0.18543530
0.17938925
0.20071115
0.19878395
0.15371548
0.15389745
0.15530896
0.18405282
0.21608511
0.15814368
0.17339833
0.17578729
0.16399982
0.17020342
0.16860707
0.18655148
0.16830864
0.22188923
0.21385195
0.18347583
0.16791950
0.16830362
0.18660957
0.14706071
0.16433010
0.17606146
0.15640818
0.16876959
0.17156057
0.15997136
0.16363522
0.22172521
0.17049298
0.17312058
0.17384363
0.21860842
0.19953567
0.17382173
0.22339300
0.22528498
0.20404961
0.18228522
0.16014087
0.19687296
0.15877338
0.18235862
0.17561282
0.17426644
0.20988324
0.17387945
0.17860231
0.17103538
0.16544327
0.17550179
0.21053235
0.19431843
0.17929957
0.14042814
0.17756737
0.17200541
0.18790010
0.17790226
0.16970835
0.16986748
0.18970350
0.16938823
0.20600296
0.15802365
0.17104047
0.15862020
0.16495704
0.17616761
0.18029533
0.18720245
0.16005944
0.16861763
0.15691522
0.16742023
0.17746355
0.16548075
0.18265264
0.15970432
0.20517116
0.16400725
0.21097518
0.17471208
0.17655261
0.16042625
0.16972732
0.15160858
0.18998156
0.18673825
0.15712284
0.17395543
0.20431899
0.21765298
0.19256727
0.17296782
0.20463621
0.16542732
0.20310100
0.19756564
0.22804455
0.18678991
0.16617335
0.14659425
0.16941797
0.17919560
0.20398987
0.20205064
0.20549035
0.20453277
0.18062313
0.18634229
0.18825825
0.16606217
0.14070467
0.20368257
0.14843839
0.15583489
0.21892446
0.15995133
0.15337976
0.19246954
0.20267984
0.16537113
0.18383012
0.17893374
0.16229243
0.18740062
0.17236130
0.19141069
0.17181184
0.16415961
0.18178076
0.16007181
0.18864695
0.18504416
0.18832269
0.18996056
0.20013485
0.17778206
0.16962659
0.18220348
0.19161590
0.18470023
0.18375293
0.17707542
0.18996068
0.20594013
0.19916554
0.18267217
0.15033469
0.17309996
0.21348606
0.17099702
0.19127304
0.20165437
0.15524109
0.18375697
0.17716610
0.17476432
0.19728712
0.17495623
0.19592428
0.19211797
0.17818115
0.16187500
0.18009664
0.18720084
0.18076358
0.17628807
0.17969392
0.17587375
0.16115032
0.16820606
0.16770206
0.15250483
0.14762263
0.16000731
0.17246735
0.18699477
0.18043854
0.17761492
0.18425941
0.17343855
0.14951693
0.14541223
0.16926842
0.14849732
0.19527276
0.18350738
0.17139482
0.21410735
0.15460521
0.16547870
0.22691584
0.17426221
0.21104985
0.18216402
0.18174494
0.17408524
0.24317869
0.17352703
0.21180376
0.14142895
0.16050499
0.18383861
0.17846284
0.16204397
0.16746101
0.16986110
0.15348621
0.20832135
0.14872314
0.15864979
0.16279505
0.20734774
0.18367890
0.17190467
0.20297605
0.18791605
0.15583598
0.15820651
0.17311576
0.19403785
0.16741583
0.15866859
0.15597121
0.16750174
0.17010861
0.15595626
0.16357150
0.15375944
0.20544651
0.18463774
0.23436641
0.19075164
0.20358038
0.18844419
0.16116057
0.15774780
0.16537847
0.20282682
0.16803233
0.15352396
0.16745334
0.15178399
0.16597392
0.20623145
0.22322854
0.16442913
0.18205466
0.19377645
0.16503729
0.16823834
0.22684338
0.15219300
0.15578683
0.17525684
0.18688921
0.21165294
0.18483033
0.13919485
0.14505843
0.19231408
0.17017190
0.17683503
0.17094379
0.22104614
0.15583223
0.19355207
0.19246132
0.16279758
0.18003897
0.16703463
0.17460837
0.16700495
0.18114170
0.19949186
0.16055137
0.16211815
0.18828828
0.16174893
0.19376258
0.18814431
0.15828146
0.16965881
0.17764351
0.14633711
0.15793414
0.17294849
0.19321083
0.17412827
0.18864365
0.18937675
0.18500930
0.14675422
0.18114315
0.18365913
0.19417143
0.22450976
0.18025853
0.15068328
0.16514420
0.16837533
0.16990729
0.17143139
0.19023786
0.18563488
0.17980801
0.15441068
0.15772358
0.17488197
0.18005954
0.16055685
0.19720354
0.17471525
0.16104513
0.17876048
0.23599470
0.18351162
0.17682525
0.16652753
0.21838652
0.19649524
0.17278420
0.15784124
0.18522092
0.17086685
0.19062969
0.17723963
0.17876343
0.16615852
0.16197917
0.17508937
0.17205814
0.20259766
0.19375118
0.18577041
0.17016382
0.21282422
0.16907391
0.16446406
0.19716334
0.17248621
0.20267910
0.18414316
0.15270169
0.20310241
0.14634521
0.19985783
0.17892099
0.18436684
0.18647457
0.18806912
0.15664743
0.17523024
0.14035267
0.16197302
0.18011303
0.18077771
0.17357676
0.19790922
0.22681802
0.15921363
0.17839832
0.16698821
0.21865686
0.21012017
0.16669898
0.20868438
0.16979108
0.16554798
0.20584843
0.18454240
0.15524438
0.16165792
0.18944537
0.16527712
0.16980420
0.16946033
0.17331853
0.15686359
0.19405155
0.16253117
0.19299921
0.18096505
0.17381664
0.18851117
0.16551351
0.17227898
0.19875797
0.16990616
0.22157506
0.18117041
0.16719651
0.21132377
0.19142943
0.16789233
0.17072741
0.17185280
0.20381273
0.17009378
0.20584298
0.17118513
0.17062225
0.17864341
0.16158049
0.19508390
0.15087706
0.15513768
0.17010334
0.16182092
0.16082830
0.18783342
0.19123813
0.20248165
0.15551185
0.16475450
0.17716131
0.18278224
0.17720838
0.16250999
0.26617038
0.14617868
0.16955593
0.15670260
0.16072382
0.19919016
0.18198741
0.18825203
0.16645859
0.21887744
0.17391728
0.15773356
0.17042770
0.15035817
0.19339223
0.16652896
0.16046927
0.18896177
0.18112174
0.17372231
0.16861003
0.15968515
0.19254359
0.17547441
0.19083433
0.21596753
0.17809149
0.14516480
0.15790408
0.16073344
0.17665178
0.14774481
0.16308010
0.17137685
0.15830196
0.17772426
0.16195047
0.15796611
0.20523489
0.16663511
0.19049073
0.21207014
0.14664125
0.17972542
0.17010331
0.18443482
0.18412164
0.15412383
0.20704756
0.16244396
0.14748628
0.19349126
0.19164873
0.16818130
0.19621605
0.18670787
0.19030524
0.17492090
0.18920427
0.16305569
0.15748303
0.17251145
0.18568812
0.18566847
0.24548922
0.17284431
0.19590779
0.20403920
0.16918636
0.16796746
0.16692058
0.17589608
0.19062089
0.15515191
0.17018232
0.16697876
0.16673863
0.17071434
0.20310660
0.16736297
0.19718895
0.16198927
0.17693524
0.17871819
0.19407487
0.15290100
0.19489403
0.17537209
0.17257932
0.18418485
0.17084252
0.14586411
0.19622417
0.17693705
0.17816481
0.19201809
0.17960760
0.16015904
0.13918553
0.14380482
0.17357325
0.18959891
0.18572552
0.19671076
0.19775224
0.18436129
0.19767587
0.17941410
0.22365233
0.18375179
0.18840328
0.21218936
0.17060977
0.15026728
0.13861372
0.19583881
0.13964510
0.20638093
0.16370874
0.19149081
0.16606726
0.18112654
0.17108846
0.16544389
0.21118593
0.18022539
0.15697175
0.17151788
0.20104577
0.18780819
0.17790330
0.22058277
0.21707373
0.18700986
0.17365292
0.19930187
0.19911032
0.17351321
0.16161539
0.19082930
0.18117474
0.18491396
0.17864534
0.25542655
0.15419169
0.15591078
0.16080609
0.16631209
0.15989484
0.15750410
0.15034910
0.14185033
0.17320621
0.18194430
0.16086597
0.15708742
0.18622222
0.18562998
0.19554578
0.15511981
0.17948490
0.17812913
0.19287443
0.19227883
0.20138105
0.18384777
0.15589436
0.17907110
0.17011810
0.16498713
0.19114621
0.18220930
0.19417673
0.15726827
0.21236185
0.19963327
0.15606634
0.17900705
0.18828843
0.15813870
0.15871706
0.16833490
0.16246556
0.20355374
0.16361844
0.19126982
0.21231899
0.18525221
0.19092758
0.16377384
0.19838918
0.22537374
0.16918935
0.15810679
0.19153657
0.16267823
0.16960383
0.19241815
0.18283546
0.20731546
0.17095380
0.17693421
0.15387115
0.18481287
0.16781266
0.20274112
0.20181158
0.18624457
0.19231996
0.20966621
0.18342889
0.18046854
0.17489504
0.15655258
0.15950582
0.19207132
0.18443687
0.16076779
0.17594171
0.16831891
0.16888134
0.16613959
0.18238984
0.17337417
0.19226779
0.17372680
0.21551045
0.15116331
0.15409899
0.17635207
0.15647299
0.17910542
0.17525990
0.15945468
0.18584764
0.20451794
0.22108738
0.18362685
0.16955393
0.19937850
0.16840403
0.16010980
0.18924031
0.18313074
0.17015732
0.16666367
0.17685011
0.16339690
0.18468796
0.18433252
0.20597813
0.14373567
0.16152693
0.17525699
0.15059129
0.17326771
0.19552777
0.17373921
0.16661793
0.17975221
0.19038422
0.17452969
0.17112756
0.15912283
0.16529587
0.17424813
0.14921075
0.15620837
0.19212365
0.19681467
0.18642704
0.18451438
0.15176923
0.19151124
0.17677690
0.16409607
0.21347335
0.19056279
0.18113852
0.20085615
0.19792536
0.16884324
0.22314854
0.18130146
0.19503217
0.14636288
0.16156768
0.17448098
0.16575322
0.17426276
0.21264913
0.17539043
0.15508329
0.16548717
0.14886068
0.16005621
0.14692628
0.17686393
0.16193662
0.17333627
0.16307222
0.18452364
0.17212892
0.16385017
0.13878655
0.16195668
0.20070104
0.16696584
0.24144505
0.16572741
0.18874864
0.15915334
0.18615038
0.14146757
0.17069646
0.17544381
0.20996880
0.14676754
0.17924808
0.24281969
0.21463260
0.21688351
0.19897870
0.19642144
0.18546952
0.19203934
0.15675552
0.18450733
0.13935501
0.14577029
0.18632529
0.13971567
0.17810304
0.17416143
0.17881744
0.21779014
0.17519702
0.19977220
0.17867547
0.17724218
0.15613084
0.22320745
0.17271218
0.15533406
0.14772491
0.19079895
0.19080883
0.15487521
0.17802592
0.24109478
0.18383583
0.20585911
0.21307097
0.14102366
0.16077373
0.16602476
0.16395153
0.20263989
0.16548239
0.18656006
0.18743387
0.18176414
0.17377216
0.18694253
0.19646470
0.17494359
0.20226611
0.20155056
0.18852903
0.15832868
0.14419680
0.17153134
0.19345329
0.20069101
0.20200610
0.14317528
0.16997331
0.20956325
0.16650150
0.15628386
0.17781613
0.15933717
0.15280584
0.16567227
0.21322210
0.16966338
0.19123190
0.19210968
0.17904957
0.17811314
0.15787013
0.16664051
0.15784533
0.19436832
0.15450849
0.18209005
0.16495678
0.17282444
0.16944834
0.20415537
0.25519373
0.15681836
0.18809675
0.15510227
0.15902704
0.18492207
0.15644459
0.15234295
0.18424766
0.21242462
0.21831995
0.15542656
0.17522450
0.16727227
0.15184746
0.15639045
0.17960627
0.25144606
0.18908488
0.16962698
0.22276072
0.19256655
0.16676392
0.17688133
0.19595811
0.15914816
0.19628846
0.14772368
0.18824321
0.18250506
0.18472092
0.14901846
0.17903312
0.18663989
0.17890187
0.16081330
0.17249893
0.15952682
0.18756795
0.15522108
0.17670793
0.17621504
0.15309326
0.22584574
0.15826582
0.19441055
0.16231411
0.15975022
0.16229227
0.20198796
0.16084770
0.17216590
0.14844784
0.20885962
0.17575370
0.15291866
0.18467552
0.20146923
0.16579922
0.20555454
0.15438356
0.18119929
0.17486806
0.17020407
0.18111796
0.20789140
0.17942624
0.15062565
0.16632879
0.17323337
0.18527407
0.18966368
0.19474893
0.15391450
0.13747585
0.18946091
0.21092894
0.20410584
0.17162190
0.20950624
0.17011996
0.17693385
0.16256530
0.17359973
0.15048589
0.18684047
0.15130630
0.17975544
0.18834600
0.16939936
0.18799216
0.17502617
0.18875180
0.19442261
0.16678102
0.20811347
0.19500146
0.16688639
0.16408165
0.17397222
0.17609597
0.20423849
0.17517111
0.17119075
0.18497735
0.19089151
0.16773730
0.16644047
0.18279926
0.16916643
0.17182251
0.18072300
0.16868053
0.16949879
0.18133783
0.17141317
0.15675779
0.18432188
0.16593662
0.16539384
0.18986633
0.15938405
0.16017363
0.17176888
0.19995898
0.18996409
0.17723777
0.17533897
0.21790004
0.17433681
0.17249387
0.20571903
0.17411386
0.16158726
0.18267485
0.17368950
0.18511880
0.19102524
0.13574269
0.17890566
0.20034947
0.19280425
0.14180689
0.17201253
0.17735350
0.17978821
0.14914232
0.20717889
0.16911682
0.17669122
0.20997940
0.18034726
0.18988008
0.21984605
0.18849673
0.21252821
0.15617182
0.16771206
0.15630668
0.17039428
0.15553290
0.18145505
0.20490361
0.19209700
0.24867547
0.18179227
0.16868988
0.17052373
0.18165024
0.15763542
0.16253219
0.17227563
0.16787194
0.18676847
0.18027733
0.18718467
0.16389479
0.16531590
0.21011608
0.15319984
0.17817036
0.14667068
0.19117373
0.17201966
0.19785035
0.19249967
0.19022682
0.16887786
0.18117750
0.19127758
0.18623141
0.18101754
0.15998067
0.14386724
0.17112297
0.20576372
0.17563736
0.21527152
0.20990719
0.17893886
0.16457963
0.19381788
0.18338592
0.17216531
0.16037729
0.21782951
0.16745867
0.14972027
0.17408837
0.16382279
0.16565453
0.17702583
0.20019233
0.16378126
0.20052685
0.18800133
0.21502349
0.19493802
0.16385184
0.18912090
0.20330844
0.17976848
0.18850867
0.19954941
0.15401786
0.15274078
0.17059606
0.15798499
0.18739703
0.18900250
0.20125134
0.17973644
0.20378751
0.14567385
0.15945523
0.20111177
0.18561928
0.17324581
0.19267950
0.16719087
0.19910097
0.16654512
0.16169906
0.17277872
0.19111638
0.18641140
0.17602856
0.17040907
0.17661949
0.19332406
0.20261698
0.14603382
0.16062207
0.17465199
0.16996358
0.19739448
0.17372706
0.18612359
0.19539952
0.16499961
0.15274473
0.18743259
0.17133655
0.15549275
0.20780044
0.17746042
0.16743534
0.19180227
0.15251021
0.14316321
0.15160240
0.19978130
0.16567508
0.16984786
0.17455120
0.20733585
0.15640579
0.19359045
0.20348579
0.16131076
0.24144496
0.18485073
0.17517438
0.15772796
0.16534017
0.18134978
0.20000119
0.18563078
0.16871425
0.16059182
0.17545540
0.16721169
0.19210359
0.21848897
0.16788472
0.18587778
0.21846564
0.19086188
0.17875552
0.24225061
0.15466363
0.17461520
0.17906265
0.22982332
0.16695253
0.18995974
0.16510987
0.17254479
0.16401766
0.18592462
0.17623001
0.18017991
0.18936938
0.18113537
0.19178402
0.21862744
0.15469510
0.19159624
0.15737384
0.16810794
0.21172746
0.15837196
0.18364461
0.18181086
0.15046211
0.18998132
0.21398333
0.14616826
0.16856580
0.21985018
0.16077376
0.16289061
0.16425309
0.18982060
0.15363545
0.18130685
0.20284315
0.18846575
0.15650902
0.16526378
0.14882417
0.17242383
0.17593143
0.15103939
0.14649641
0.15083007
0.22015558
0.17070814
0.19902618
0.16298782
0.17213418
0.19323079
0.15391837
0.18186289
0.16826187
0.20462060
0.20509556
0.21272988
0.14375258
0.14079545
0.18703679
0.22428504
0.16516385
0.21717561
0.16002530
0.18132688
0.18859313
0.17537062
0.16879303
0.19187893
0.16556652
0.17599429
0.19016007
0.15465897
0.22259569
0.18242054
0.19694731
0.19308859
0.20253423
0.19079487
0.14596302
0.20087120
0.16036153
0.15536552
0.16431299
0.16344650
0.15800403
0.16010930
0.17303578
0.15049570
0.15938851
0.14993336
0.15670971
0.17574425
0.17785343
0.17581534
0.17819309
0.16738981
0.15882054
0.14579396
0.20387536
0.19325941
0.15191740
0.18149529
0.19560829
0.17063587
0.16335672
0.21679903
0.16822749
0.18340782
0.21118365
0.18698525
0.18476235
0.15463370
0.17995979
0.15758694
0.17262979
0.18947286
0.22092051
0.17998350
0.18825273
0.16066166
0.14548092
0.17354384
0.17804892
0.14887218
0.16769347
0.15456131
0.18933506
0.19773816
0.17266314
0.17283671
0.18617948
0.15895587
0.16405831
0.17726066
0.18432920
0.16124427
0.17370421
0.14692053
0.17264585
0.14638876
0.14183030
0.18311132
0.16026586
0.19919830
0.17570124
0.13377224
0.18148343
0.19580731
0.15440732
0.18435566
0.17870100
0.17685692
0.15986507
0.15684389
0.18389582
0.18800414
0.20479378
0.14805647
0.17352178
0.17147271
0.15719424
0.16054004
0.17768580
0.17112573
0.16435393
0.22449215
0.20891311
0.18694850
0.18281849
0.16339838
0.19462433
0.20810254
0.16208619
0.21437529
0.16222257
0.17800636
0.21179580
0.20771205
0.20244185
0.16795092
0.15737253
0.15402089
0.17655439
0.16444169
0.15632142
0.18324689
0.18444901
0.17963920
0.19330376
0.17187768
0.17472848
0.19366746
0.19525064
0.15459890
0.18589305
0.16560315
0.18432735
0.21575852
0.20995689
0.17525783
0.16399857
0.15848025
0.17768333
0.19514558
0.13501250
0.16886422
0.21398266
0.18119640
0.15159117
0.14662239
0.18703950
0.20622155
0.19006108
0.19543402
0.16712643
0.15384138
0.17332265
0.16135961
0.16098575
0.15938967
0.19627814
0.19535933
0.18790335
0.17005971
0.21416045
0.17915038
0.15696917
0.16082948
0.18223989
0.18118440
0.19055082
0.17201797
0.17397540
0.19202983
0.16628479
0.18875630
0.16038529
0.19781404
0.17514517
0.14997827
0.24188469
0.15671278
0.18242244
0.16981756
0.20560004
0.17324680
0.18404083
0.16794969
0.19420391
0.17404398
0.17425395
0.15230179
0.22068221
0.15346447
0.18511582
0.18286872
0.17122408
0.15099777
0.14107511
0.18802961
0.18534260
0.16341896
0.16013416
0.16382347
0.19436606
0.21417386
0.17240452
0.20344719
0.17032936
0.16593652
0.16882129
0.16051081
0.19603167
0.18126169
0.20776195
0.15542519
0.20420682
0.16960931
0.20085029
0.16457084
0.16194961
0.17819195
0.15015779
0.17971410
0.18436301
0.21511332
0.16407019
0.14211541
0.17366209
0.18068202
0.16470435
0.21335811
0.16422797
0.16591135
0.18283345
0.17706770
0.18404101
0.22838561
0.18180258
0.17349442
0.16409487
0.20813282
0.19809509
0.21079269
0.15889726
0.19252975
0.18404035
0.22781964
0.18020900
0.16252801
0.16984510
0.17394719
0.16008851
0.18753621
0.16159138
0.14450544
0.19912470
0.17621322
0.16604614
0.14958547
0.17504878
0.18501843
0.18147992
0.17324041
0.20099987
0.17976010
0.19986434
0.17050131
0.21834079
0.21898960
0.18623214
0.15350528
0.17729578
0.21138100
0.17339744
0.14944271
0.18359848
0.17357961
0.18170029
0.16816263
0.21443591
0.17033280
0.17647914
0.16551495
0.21224580
0.15266318
0.19049929
0.15546468
0.18094372
0.17426415
0.19899701
0.14935305
0.17830059
0.19341284
0.17387288
0.17493581
0.20109796
0.20958157
0.18708996
0.18421965
0.19449697
0.19552725
0.18488364
0.17363153
0.16838223
0.16064528
0.16774483
0.18392661
0.18095809
0.18680957
0.19544762
0.16437839
0.19378516
0.19873777
0.16776004
0.17667833
0.18998009
0.16630706
0.14695152
0.15470219
0.16377928
0.16700347
0.19518318
0.16132372
0.20882620
0.15786091
0.22523068
0.18509973
0.20491304
0.14175857
0.20381526
0.17379203
0.24783860
0.17450302
0.15077950
0.16984976
0.16161352
0.20113040
0.16037644
0.15026546
0.16077408
0.19086009
0.19656763
0.19829668
0.16621097
0.17526377
0.19183714
0.18195072
0.18403396
0.19455721
0.18406149
0.21809001
0.20479465
0.18639688
0.15819249
0.19065072
0.20334478
0.18073111
0.19341756
0.17179728
0.16881130
0.19194544
0.16027046
0.21409822
0.17804685
0.17139186
0.16672959
0.17197701
0.17666453
0.17110986
0.15223103
0.14922463
0.18055150
0.19389750
0.17910985
0.15610299
0.17247756
0.19409177
0.18542516
0.18212240
0.16223534
0.20792380
0.17823847
0.16439083
0.19375124
0.17704738
0.21080871
0.17506225
0.17197851
0.21074664
0.17767922
0.19216808
0.15844142
0.18816253
0.17885437
0.18489791
0.20669616
0.15952533
0.16238964
0.17220458
0.19290811
0.17781647
0.20872237
0.16923327
0.18755441
0.17279062
0.21285751
0.19365640
0.17746920
0.24460892
0.14949862
0.15149204
0.19520689
0.15194606
0.16212209
0.15085458
0.15632981
0.18487017
0.18898214
0.17179124
0.20031181
0.17571680
0.21977800
0.18682606
0.19741466
0.16119810
0.18097224
0.16836925
0.18453051
0.18566766
0.18632356
0.15348270
0.20787934
0.16711965
0.17790221
0.14848244
0.21595038
0.17802553
0.22578973
0.15563067
0.17873413
0.16497367
0.22576813
0.16040163
0.17740850
0.16552254
0.14812085
0.18169862
0.16571110
0.19118454
0.18302226
0.15442489
0.18533125
0.17545132
0.16748127
0.19237427
0.20373337
0.16639515
0.16121622
0.19341889
0.23245642
0.19285780
0.16974288
0.14669798
0.19297172
0.21287185
0.17156722
0.18261382
0.16652533
0.21182856
0.16312849
0.18921537
0.19328813
0.17130340
0.17351589
0.16745898
0.14523765
0.16640164
0.22229604
0.18154283
0.18578835
0.17890369
0.19782372
0.14899800
0.17954269
0.19360050
0.16369097
0.19951815
0.22083940
0.16721763
0.16186498
0.18539011
0.18497360
0.19139215
0.17458137
0.20767918
0.19879463
0.15374556
0.21127733
0.20265758
0.16058925
0.19121763
0.18417670
0.20490975
0.19647602
0.19327496
0.23542862
0.19189289
0.20401255
0.19034075
0.17536077
0.16739958
0.17805842
0.18939868
0.16119116
0.14986459
0.16432048
0.15962077
0.20821214
0.21003302
0.16656044
0.20115474
0.17100087
0.16519460
0.15511359
0.16688897
0.16550072
0.18357451
0.16437366
0.19128026
0.21866614
0.18648142
0.14114794
0.22652715
0.20217288
0.17984406
0.18224500
0.14529366
0.19751126
0.17604668
0.19429504
0.19116160
0.15385531
0.15551254
0.14462010
0.18253378
0.15402454
0.19843233
0.17723192
0.19315352
0.18147511
0.17487436
0.18863746
0.16164599
0.17209923
0.16501938
0.17528077
0.16701302
0.17015984
0.15953663
0.21170249
0.18913966
0.17128255
0.17441867
0.19200604
0.19147183
0.20243971
0.15794356
0.17809121
0.17126686
0.19390377
0.17134106
0.15724614
0.18200131
0.15687681
0.16188742
0.20605314
0.14246348
0.17116630
0.17311659
0.18157069
0.17426346
0.15722715
0.17961147
0.17532006
0.20950645
0.17593045
0.17817129
0.18330186
0.19844706
0.17779095
0.17179430
0.18458096
0.15232939
0.19997971
0.20054724
0.15777976
0.18976209
0.16190987
0.18977432
0.17998371
0.20302152
0.15377313
0.15708742
0.13873862
0.14968600
0.16482087
0.17239099
0.17592834
0.15837091
0.17479710
0.18533455
0.18934285
0.21582580
0.14628973
0.16865282
0.16479032
0.20451598
0.18380013
0.16837042
0.16656880
0.17058793
0.17364933
0.18200500
0.20078597
0.15741318
0.23390239
0.16891189
0.17972636
0.19245461
0.17227515
0.16576720
0.19403663
0.17454009
0.17956389
0.18874324
0.19367160
0.16875675
0.17146591
0.20027244
0.17070247
0.17724893
0.18480608
0.15029459
0.19075320
0.19715062
0.16298732
0.13328822
0.18744045
0.15950671
0.15245578
0.14338300
0.16972310
0.19362375
0.14870929
0.19817602
0.15571373
0.19402794
0.15629067
0.18555619
0.16671147
0.20100067
0.17463949
0.18769256
0.22294693
0.16351808
0.16276283
0.17837950
0.20185220
0.15494818
0.17419955
0.14840461
0.14250135
0.19156089
0.16085194
0.19699254
0.17399331
0.19321317
0.19359677
0.17419725
0.17987610
0.16454025
0.19474176
0.15586227
0.17003997
0.17298826
0.19497342
0.21122052
0.16598982
0.19506828
0.19971935
0.16894351
0.18547996
0.15255605
0.14210539
0.19863036
0.20616923
0.16766542
0.15801606
0.16645125
0.14876050
0.16702514
0.17636923
0.17433988
0.17446337
0.16890473
0.18218732
0.13682242
0.20089293
0.19097329
0.17709471
0.21053070
0.15630924
0.18529764
0.18687578
0.15781788
0.15594287
0.19046588
0.15987898
0.18028855
0.20527418
0.21621042
0.17874359
0.17736323
0.20575689
0.17651401
0.19513414
0.18194361
0.15389118
0.16748234
0.19846663
0.18057972
0.15177689
0.17273240
0.17403789
0.18126527
0.16307304
0.18319083
0.18975181
0.15784657
0.19762105
0.18345262
0.20065532
0.19130856
0.15280773
0.15491321
0.15488007
0.14310516
0.17996016
0.16153766
0.19689358
0.19892929
0.20578183
0.20579257
0.17991100
0.17831650
0.17376209
0.17281499
0.18432936
0.22941906
0.16282394
0.19011641
0.17479499
0.18897092
0.21102825
0.15878174
0.16884860
0.18672852
0.18165953
0.19948061
0.17329646
0.16223547
0.16045606
0.14784185
0.17384663
0.15282648
0.17664154
0.20164540
0.15733232
0.19489296
0.17895872
0.21405149
0.15819763
0.17118825
0.19216134
0.17493796
0.22436903
0.18347840
0.17056024
0.19119820
0.17752331
0.17774125
0.17093155
0.14397545
0.16445695
0.18644155
0.17900352
0.19905731
0.17142400
0.16770034
0.16318283
0.16304632
0.15855817
0.17917690
0.15782086
0.19594218
0.21349496
0.17933555
0.15569266
0.21482622
0.23050046
0.18333078
0.18327266
0.19413497
0.19751350
0.18239128
0.15467440
0.18233465
0.15755907
0.19295252
0.18452611
0.16839375
0.16036469
0.15841968
0.21342953
0.16431652
0.19252445
0.20294365
0.16875475
0.18310223
0.17379137
0.19537203
0.19377419
0.18166598
0.17459102
0.21074747
0.21871803
0.16695223
0.16828319
0.18393100
0.17253855
0.15472952
0.16995934
0.16720908
0.23158084
0.16144493
0.15844417
0.16801547
0.17400111
0.17546658
0.18402214
0.18993848
0.17564335
0.16983707
0.19507564
0.16320427
0.18635407
0.14411936
0.15868249
0.21696481
0.19842661
0.18611841
0.17006783
0.17223581
0.18178639
0.21632407
0.20442240
0.17342477
0.17299993
0.17199163
0.15263303
0.19398177
0.14434725
0.18560756
0.20138259
0.17413827
0.17124613
0.14190260
0.17673786
0.18355495
0.14877203
0.16532184
0.18603679
0.14922033
0.21281236
0.19203553
0.17856641
0.21825708
0.19512448
0.18419200
0.18596517
0.14321187
0.17193294
0.16664789
0.20257648
0.19262946
0.16690986
0.16319331
0.14673800
0.22247561
0.15362660
0.20167752
0.21378157
0.19129613
0.19691130
0.17858834
0.20347928
0.15263710
0.20142003
0.19871539
0.13881612
0.17759324
0.21148818
0.16995704
0.14465527
0.15307242
0.16211875
0.17661265
0.16772227
0.19416757
0.20240153
0.15596797
0.18186310
0.19768687
0.18954317
0.15718351
0.14451429
0.16321873
0.21135309
0.17488800
0.17997158
0.19838084
0.16489730
0.15373327
0.20013963
0.20436809
0.16119287
0.16858658
0.17087887
0.14921734
0.18445352
0.18839117
0.16319824
0.16599783
0.15182897
0.17072904
0.17226912
0.22227328
0.16731447
0.16832255
0.19435250
0.15989471
0.16152301
0.19230273
0.20762725
0.18451597
0.19373789
0.15866696
0.14800738
0.19291388
0.17227046
0.18418994
0.17839267
0.18127404
0.18375139
0.19161133
0.18438394
0.17194472
0.17904542
0.17189153
0.21990428
0.17412707
0.18572080
0.15582268
0.19561013
0.18143585
0.19092991
0.21048388
0.17066207
0.15527987
0.19035750
0.15063414
0.19085913
0.17200585
0.16726620
0.20172376
0.18828454
0.17681903
0.19925365
0.20403000
0.19329945
0.19450854
0.19168436
0.18823394
0.16529116
0.19950270
0.17624962
0.19616295
0.15116259
0.17170927
0.17076690
0.13271827
0.15912343
0.18920507
0.21415362
0.17634657
0.21004631
0.16223576
0.17285735
0.18798910
0.18441907
0.16766034
0.17925676
0.23545180
0.15993863
0.17738885
0.17771958
0.17776432
0.21743083
0.15495744
0.22322291
0.15702178
0.16495103
0.17675564
0.16544233
0.17033941
0.17983765
0.17539643
0.16259567
0.17838798
0.15108968
0.19658201
0.14951394
0.15800109
0.16831084
0.19737792
0.18995242
0.17247530
0.18481490
0.19720673
0.15781032
0.20617028
0.18349063
0.14319234
0.21095919
0.18616297
0.20318274
0.18571904
0.19584717
0.20462630
0.18694721
0.17149888
0.19569939
0.16975406
0.17260195
0.19770500
0.17303736
0.17380580
0.19946273
0.16307902
0.16504939
0.19466720
0.18494000
0.18739674
0.17389611
0.17546097
0.16689417
0.16565194
0.17470263
0.17805086
0.17301832
0.15493616
0.15684146
0.16748257
0.13971393
0.19451991
0.17511215
0.18703007
0.17784637
0.18424828
0.14675398
0.16701466
0.17354679
0.13948052
0.16777203
0.17416307
0.17051393
0.15873457
0.17975736
0.16664622
0.15691754
0.22978116
0.16966498
0.19252145
0.18166766
0.18171347
0.18929158
0.15785446
0.21513704
0.17973766
0.17742713
0.16721809
0.18450780
0.19250396
0.18900589
0.16025789
0.18555542
0.15790878
0.18217924
0.16201359
0.18057020
0.16562953
0.17903613
0.17373344
0.17905868
0.17319172
0.15093028
0.14491010
0.18844292
0.18878321
0.15624934
0.21364644
0.17274265
0.16810983
0.19677306
0.22162996
0.18781735
0.25085366
0.16520703
0.19789202
0.18334074
0.18076662
0.18446763
0.19670924
0.14763327
0.16872074
0.16664651
0.21411137
0.20675494
0.19666341
0.16403347
0.16847721
0.19060093
0.18939665
0.15258756
0.18119570
0.17523400
0.14854540
0.15957218
0.20349151
0.18287563
0.19055246
0.15283815
0.18057410
0.14265439
0.20864835
0.15048071
0.16389029
0.18074884
0.15560224
0.14989600
0.18135862
0.17162991
0.17316504
0.19030140
0.16438315
0.15176297
0.16525856
0.18542669
0.16766939
0.17751465
0.19297672
0.17715294
0.17424560
0.21351952
0.17326229
0.18519608
0.19637894
0.17846439
0.17932622
0.20188174
0.17408734
0.16292122
0.17142381
0.15620387
0.17422621
0.20241458
0.16582180
0.18181689
0.17075537
0.15474818
0.16699946
0.21074570
0.14376946
0.16276730
0.19417143
0.20113055
0.17302106
0.17482777
0.20102247
0.18697978
0.17422877
0.18024918
0.18604684
0.19968450
0.18630807
0.21149767
0.18199237
0.16705093
0.19189352
0.19413273
0.17543363
0.17832092
0.17592092
0.16184635
0.19249519
0.19363412
0.15856966
0.16703288
0.16498762
0.16193527
0.19684775
0.17700823
0.17426626
0.14939303
0.18291561
0.14724200
0.15270450
0.18392893
0.17783735
0.19286146
0.17419998
0.16950547
0.15613805
0.17560521
0.18166794
0.16030846
0.15934641
0.16353893
0.16673186
0.19873612
0.18884648
0.16079646
0.16876745
0.19938980
0.17942773
0.18341770
0.17066766
0.17567235
0.17926557
0.18031723
0.20991617
0.23155570
0.18072063
0.15475006
0.19760029
0.20265065
0.18578850
0.18983352
0.16928653
0.16262998
0.16751610
0.20118354
0.19578116
0.18339660
0.15700722
0.20155777
0.17146081
0.16566474
0.14244933
0.21027798
0.16689946
0.16263124
0.19735360
0.17945046
0.20329206
0.16254331
0.20402241
0.19472351
0.15105169
0.18280381
0.20426162
0.14941748
0.16372618
0.15610049
0.17291004
0.20374930
0.16100280
0.17951085
0.20537566
0.16244189
0.21616965
0.14821009
0.14680715
0.16611280
0.16835836
0.17062579
0.17211097
0.17936606
0.19877519
0.18217959
0.19406327
0.17696161
0.19829114
0.14252513
0.17845698
0.20122968
0.17524744
0.16601377
0.17304430
0.16510443
0.18175955
0.16809289
0.17475236
0.17830366
0.16062620
0.16703265
0.16906955
0.14461894
0.16270109
0.17082661
0.19777535
0.18377464
0.17973584
0.14888798
0.21800784
0.16577314
0.18860833
0.17164975
0.19471755
0.18401943
0.16761272
0.15173272
0.20850363
0.15702966
0.17734647
0.18172643
0.19704006
0.16363333
0.18341670
0.17825962
0.18993159
0.18241806
0.18195206
0.18421775
0.18797099
0.19893795
0.19906506
0.16984362
0.18252088
0.15527298
0.17081706
0.19216520
0.17680564
0.19896179
0.20087971
0.17989819
0.13847738
0.14880648
0.19261446
0.16463754
0.17738400
0.15468391
0.19837876
0.18157857
0.18582764
0.20650619
0.23211256
0.24109604
0.18840630
0.20057504
0.17277258
0.19002002
0.15569472
0.18289856
0.17747827
0.15480505
0.16636903
0.18113140
0.13966572
0.17109917
0.16943994
0.19202536
0.18187118
0.16722153
0.17132753
0.23297830
0.19086638
0.16198946
0.16433878
0.17480929
0.15453113
0.16921147
0.18530203
0.19795096
0.18409754
0.17515461
0.18348054
0.16466889
0.17168850
0.14744720
0.17759346
0.25004089
0.16178833
0.17740983
0.19076191
0.18389571
0.15738801
0.16215804
0.14828388
0.22494845
0.15142791
0.18789123
0.18555203
0.17062174
0.17053641
0.19234909
0.19047374
0.16498242
0.23468329
0.15262075
0.18459437
0.15479027
0.18195056
0.16552240
0.17255625
0.19292674
0.16800661
0.20119933
0.18728280
0.18132853
0.17439129
0.18471910
0.18642620
0.15773485
0.15770819
0.19795086
0.17775128
0.19818265
0.16378152
0.17963935
0.19478335
0.16998748
0.15251648
0.17017741
0.17089375
0.18863920
0.16248995
0.17487600
0.19376221
0.13923563
0.15718536
0.17409480
0.17067841
0.16966564
0.18507157
0.17395592
0.20135360
0.17538486
0.15295347
0.19450979
0.21163940
0.17475391
0.20402888
0.15701198
0.17970862
0.19961233
0.19341746
0.18499052
0.14151158
0.14913735
0.20722237
0.17888791
0.18830539
0.21058603
0.19205010
0.14420973
0.15145055
0.16909470
0.20597446
0.14814668
0.15590594
0.16136614
0.18249551
0.16899317
0.16021554
0.16424324
0.15489477
0.20060037
0.15755315
0.17050349
0.20442703
0.15286493
0.18624499
0.19291560
0.15508007
0.19140380
0.18668441
0.18621710
0.20888404
0.18688532
0.17001854
0.20911002
0.16477055
0.18986258
0.17218342
0.16783251
0.17647230
0.18065297
0.16913060
0.18453631
0.19606175
0.18713352
0.17595449
0.20293701
0.14443185
0.17067600
0.17011443
0.15725348
0.18416698
0.17039564
0.18910592
0.22192663
0.18939867
0.21133360
0.16760523
0.16342682
0.16622223
0.18181849
0.16961440
0.16134027
0.17674164
0.16471761
0.17878657
0.18035987
0.18116534
0.16819808
0.21718069
0.17443315
0.18725593
0.15330294
0.16219371
0.14131348
0.16189326
0.18569097
0.16787724
0.22172767
0.17005205
0.15444692
0.16647414
0.16151772
0.20536511
0.15882033
0.18285285
0.18668847
0.13832505
0.18277214
0.16362830
0.20623996
0.17881827
0.17582522
0.17939304
0.16414335
0.15332486
0.13969326
0.18262519
0.14909627
0.15601761
0.18190370
0.16674959
0.16650686
0.22103642
0.17737495
0.15771119
0.18231513
0.15538216
0.19013097
0.19691736
0.15108166
0.14288697
0.18539435
0.15782348
0.21956823
0.18743228
0.16847640
0.16337451
0.22090537
0.15141107
0.17635181
0.19116530
0.20798817
0.18634923
0.16344677
0.20472591
0.14268152
0.17436761
0.16202955
0.15935879
0.17612041
0.16824983
0.15650894
0.16285453
0.19662439
0.16673379
0.16161689
0.16619418
0.18704710
0.22101635
0.20295703
0.18729260
0.16612727
0.18565370
0.14726704
0.15848986
0.16301833
0.17783549
0.17014145
0.18253616
0.15787117
0.14245624
0.17556487
0.17519441
0.16210737
0.20906899
0.19093394
0.18771432
0.15674649
0.17790908
0.17805458
0.18348662
0.20891629
0.16056582
0.18155069
0.17803499
0.15793800
0.15595459
0.16790008
0.18497976
0.20441575
0.16914166
0.16322275
0.19268691
0.19284710
0.16353299
0.16111128
0.16641119
0.21999020
0.20539937
0.16224859
0.19439572
0.15546055
0.19907716
0.21681003
0.17253390
0.17140372
0.14499654
0.17204408
0.23311093
0.20297406
0.20837570
0.16809847
0.17507227
0.17650945
0.20681564
0.15850525
0.17144372
0.16739099
0.19169541
0.18338907
0.15750559
0.16373758
0.18050894
0.16310136
0.20046759
0.20018061
0.17576996
0.16557588
0.16320100
0.16813814
0.18599367
0.16543022
0.20145656
0.16444496
0.17259537
0.16240855
0.18149003
0.20307639
0.20097689
0.18120944
0.17340511
0.17456011
0.19706690
0.17850196
0.13595359
0.18020913
0.17060324
0.16267912
0.19218546
0.17821429
0.17800456
0.18243032
0.19956370
0.18016188
0.19084704
0.13697621
0.17544866
0.19308776
0.21250107
0.14876938
0.17436047
0.15127772
0.20659562
0.15321842
0.18978125
0.20352641
0.18608779
0.15593398
0.22886597
0.15066047
0.14818138
0.20619521
0.17976939
0.15725479
0.17594229
0.18418925
0.16306255
0.16429109
0.16222548
0.18266471
0.20945788
0.19719196
0.22661728
0.16121154
0.15894926
0.14577116
0.17996077
0.18847160
0.17993469
0.17235653
0.16631952
0.19431485
0.16795716
0.17295927
0.17110543
0.16842572
0.19602264
0.18645496
0.16326083
0.16663225
0.17270568
0.16719666
0.19602003
0.22229914
0.20290780
0.16934791
0.17966422
0.18442244
0.15530666
0.17163093
0.17156156
0.16645180
0.15160607
0.14372383
0.17471604
0.15053103
0.16935981
0.16679808
0.20295122
0.18508115
0.15853150
0.14779139
0.18459144
0.16792931
0.18836310
0.17568308
0.17695845
0.17068421
0.14799457
0.22488009
0.16865948
0.17025239
0.16514201
0.20174939
0.14996792
0.19075214
0.17468829
0.17290831
0.19789353
0.18310564
0.18435168
0.17294719
0.16134882
0.16903321
0.17268158
0.17622727
0.18595439
0.16152092
0.19564458
0.17601251
0.18172386
0.18125517
0.17318028
0.18920284
0.16958283
0.19132297
0.17211012
0.15358027
0.24914272
0.19548802
0.16097558
0.19362403
0.16300062
0.13637676
0.18120033
0.17262882
0.17299551
0.14857755
0.23880748
0.15472010
0.17485368
0.17920936
0.14098985
0.17316638
0.19934308
0.16883732
0.17751577
0.17803323
0.15506436
0.22077770
0.15613161
0.17693825
0.16047389
0.19201020
0.15333059
0.19288095
0.21942720
0.15916785
0.15778823
0.21285289
0.19593118
0.16856262
0.17819491
0.16133655
0.16270468
0.18648479
0.14431175
0.16560909
0.17709507
0.22176317
0.17150534
0.20810718
0.20818419
0.18118444
0.20008566
0.16354884
0.17869920
0.15602034
0.17383480
0.17443689
0.19989248
0.19734079
0.18228562
0.19889154
0.17355992
0.17873602
0.15772841
0.17143792
0.16827679
0.17116226
0.19210049
0.16391101
0.18792618
0.18100121
0.22135439
0.18037947
0.16457754
0.16524065
0.18660319
0.25669581
0.19356100
0.17654139
0.18249005
0.20911603
0.15050184
0.17379722
0.15724882
0.17705038
0.18997275
0.17950372
0.14347240
0.21024994
0.15140220
0.16373598
0.19596460
0.16308292
0.18224219
0.18122259
0.18834693
0.15623769
0.19919542
0.17615408
0.17039156
0.15117282
0.19681653
0.19164195
0.15814755
0.17525542
0.19685781
0.20230533
0.18500679
0.17228753
0.16516222
0.22311769
0.18769617
0.15232519
0.17254236
0.17671442
0.16710092
0.16594149
0.16629745
0.17232541
0.15663479
0.15057928
0.18524129
0.20944255
0.14324256
0.17485533
0.18329791
0.15739286
0.17846425
0.19092348
0.17599516
0.18304518
0.22168788
0.19840795
0.18418600
0.18327294
0.17904309
0.15256988
0.19253787
0.15934230
0.15127183
0.19497860
0.17976599
0.16140471
0.20027441
0.18749256
0.19118106
0.16226165
0.19227984
0.19258008
0.17855411
0.20505804
0.16552791
0.20502984
0.17182073
0.18581224
0.14950776
0.17064370
0.16973790
0.20461465
0.16288165
0.15422717
0.16226560
0.17446945
0.16942358
0.17996033
0.18055076
0.17437089
0.17797391
0.18482727
0.16501938
0.16793157
0.17695372
0.18463377
0.21075233
0.15976836
0.18812040
0.16742458
0.17922748
0.20432964
0.19494470
0.14886494
0.22391416
0.17707267
0.17742818
0.17355709
0.24844643
0.16827710
0.23523734
0.17378016
0.17803153
0.15972221
0.18814906
0.18056855
0.13493757
0.15594577
0.18546856
0.15362787
0.19083248
0.15877302
0.15593384
0.18520741
0.15809207
0.16004823
0.18744713
0.14842162
0.12603749
0.13124159
0.19454741
0.16837963
0.15767886
0.23413108
0.17887428
0.16473952
0.16733824
0.17179341
0.20796569
0.21137222
0.18920127
0.18604803
0.16546050
0.16471256
0.17101737
0.19596039
0.16953891
0.16891635
0.16732628
0.17533058
0.15431431
0.15672722
0.17207015
0.17133226
0.18386796
0.15548902
0.15637140
0.18292338
0.17999768
0.17399854
0.18288846
0.19812272
0.17271331
0.16807057
0.21397818
0.16748619
0.19594340
0.16531123
0.17718266
0.16438098
0.20757246
0.18260648
0.16805485
0.16925309
0.19599554
0.18630581
0.17737744
0.19680531
0.20540282
0.15927950
0.15718523
0.17691153
0.16905926
0.17825850
0.16035158
0.18133513
0.16879077
0.21259370
0.18120142
0.17389848
0.16962149
0.17002015
0.14846677
0.16091835
0.14807021
0.19249289
0.16969486
0.15529145
0.18500557
0.16681141
0.17946910
0.18292210
0.15546389
0.18387945
0.20243973
0.18853310
0.18056427
0.16375413
0.17350930
0.15236019
0.20414655
0.19720751
0.15576738
0.16266316
0.15343869
0.16629136
0.16912772
0.16600576
0.21038505
0.21376617
0.18147174
0.15892030
0.20657887
0.16214885
0.18516740
0.16262539
0.20279422
0.18617328
0.16512880
0.17745247
0.17586635
0.20356835
0.19202706
0.19157254
0.19867610
0.19654316
0.19204532
0.17610141
0.19116690
0.15947413
0.17743071
0.18030636
0.17133110
0.17769526
0.16773710
0.23446982
0.19183457
0.19558052
0.18573711
0.16639769
0.17394634
0.17655310
0.19713711
0.21631690
0.18028857
0.18122366
0.18119112
0.18601694
0.16952862
0.15601092
0.16609186
0.24751613
0.16007179
0.15427353
0.15738363
0.19571908
0.21208885
0.18273104
0.17887111
0.15475835
0.19570932
0.16352270
0.16529241
0.22091886
0.16424198
0.17534265
0.16629110
0.15399354
0.18092054
0.18572529
0.17131900
0.18988454
0.17906893
0.19749591
0.16199738
0.16287347
0.18590659
0.21653728
0.15881313
0.19096647
0.20462197
0.17284175
0.16768298
0.19984304
0.17397720
0.22747666
0.18545888
0.17082295
0.19969752
0.20468768
0.18280341
0.20238739
0.17480106
0.18443073
0.16440989
0.18388391
0.16921781
0.15976428
0.20899717
0.19006812
0.14724112
0.17304493
0.21116286
0.18338693
0.19844586
0.20797469
0.20209427
0.17373016
0.15883500
0.18014757
0.19126567
0.18110780
0.21230406
0.15137723
0.15747099
0.15923275
0.18095112
0.16525102
0.19196347
0.17870074
0.16013925
0.17418656
0.21540438
0.18217657
0.17389753
0.17159827
0.17215870
0.17393919
0.20285870
0.16675554
0.20157628
0.14202399
0.19655939
0.15706983
0.15632361
0.14370105
0.21207382
0.17719508
0.18753641
0.20778691
0.18445876
0.16673388
0.16400311
0.17189440
0.15248739
0.21892184
0.18506675
0.17277485
0.22482400
0.17951837
0.16452442
0.18425553
0.15488710
0.17379822
0.18954494
0.20586048
0.21346352
0.19685229
0.17273062
0.17832752
0.15551938
0.16934291
0.20917374
0.16117592
0.15980904
0.19883648
0.15614624
0.16288087
0.18119574
0.21441228
0.17404734
0.17902036
0.16188523
0.16936313
0.18611954
0.18213807
0.17430905
0.16183124
0.15024269
0.22268597
0.19453689
0.17669747
0.17763959
0.18193693
0.16200398
0.17399616
0.20757547
0.21459302
0.18146104
0.15654823
0.20271807
0.18117555
0.15372641
0.19017842
0.19706812
0.18739394
0.16285385
0.18112364
0.18678820
0.19355206
0.18593250
0.18233023
0.16082569
0.20996913
0.14944612
0.16156184
0.17016401
0.16569469
0.16315239
0.18536273
0.16272177
0.16142439
0.22297274
0.16795665
0.18224583
0.16358494
0.15831594
0.17961931
0.16579612
0.15204823
0.23524106
0.14151030
0.20171765
0.18709533
0.17274963
0.18224976
0.17116010
0.15601024
0.19374058
0.21438240
0.15887876
0.17155352
0.16352012
0.14957129
0.16051900
0.17005455
0.16567297
0.15786296
0.19235011
0.20519303
0.17730474
0.16843029
0.18983985
0.19259453
0.19441828
0.18357648
0.19566505
0.17810773
0.19286565
0.17099052
0.18520624
0.18717046
0.17725911
0.16686760
0.17048159
0.17054046
0.17848368
0.16406486
0.17452068
0.16442616
0.17804883
0.17743430
0.15413677
0.17262442
0.20605635
0.19005987
0.16685977
0.17640695
0.17709952
0.18515012
0.16199969
0.16034142
0.19267140
0.15016577
0.14920932
0.16469582
0.18850639
0.15825818
0.14115848
0.19811404
0.17286995
0.21111176
0.18036118
0.16093933
0.18875219
0.18467000
0.19012101
0.23681454
0.21126744
0.14815005
0.16038766
0.17960495
0.18416740
0.19145052
0.18640448
0.18168203
0.18297375
0.16398056
0.19356978
0.17356132
0.16109137
0.15176076
0.20198513
0.17526500
0.18974308
0.15929971
0.17393563
0.21416904
0.22480547
0.17009581
0.19640813
0.13191582
0.20629518
0.16699051
0.15276173
0.19418722
0.17554702
0.17252241
0.17888964
0.19549461
0.17290677
0.17447803
0.20368599
0.20382208
0.19694049
0.19686100
0.16699742
0.15631818
0.18180974
0.18908788
0.17197429
0.18802047
0.17189580
0.15121820
0.21038224
0.17952251
0.18120606
0.18090992
0.18505449
0.16505198
0.16540252
0.18769787
0.16553843
0.17893524
0.22485911
0.18821073
0.14432980
0.15713848
0.17348890
0.16673471
0.17705747
0.15792473
0.18297919
0.18731106
0.19942910
0.20048545
0.17855820
0.20402836
0.17909813
0.18577935
0.17236466
0.18157361
0.16573891
0.16502187
0.16262693
0.17891770
0.18717954
0.16371485
0.18106101
0.19970258
0.17348878
0.24001116
0.19298220
0.22143061
0.19398722
0.15659013
0.17812064
0.15444930
0.18591587
0.15891368
0.19048665
0.17955328
0.21830396
0.15372663
0.15385532
0.17604491
0.15589802
0.17318711
0.18074879
0.16822389
0.17236913
0.17342698
0.20526752
0.17821357
0.16555893
0.21823080
0.19220273
0.16046662
0.16210152
0.16403478
0.16742036
0.16524667
0.16762140
0.19376539
0.16869523
0.19028707
0.19076204
0.23289839
0.16425764
0.17242644
0.18193422
0.18539735
0.16095832
0.17096138
0.20587406
0.15160778
0.14098598
0.14883464
0.20870354
0.17562421
0.18611581
0.24993032
0.20188662
0.16740055
0.16536892
0.18115758
0.16707660
0.16348104
0.15104428
0.18916550
0.17260101
0.18129171
0.17935757
0.19170749
0.18253571
0.17544763
0.18443198
0.20986489
0.17290845
0.20270779
0.18275198
0.17279760
0.17477654
0.19137958
0.19667374
0.17858071
0.16851361
0.17449734
0.19672784
0.18048949
0.19710963
0.16607242
0.15694935
0.19444479
0.17773371
0.15818651
0.15652588
0.17607806
0.20419065
0.17011351
0.16441422
0.18809986
0.15888097
0.17199490
0.16020231
0.20396163
0.18753866
0.17891810
0.15387384
0.14535357
0.17413911
0.19900615
0.18172672
0.18082188
0.20093448
0.16564402
0.16677026
0.17573599
0.18638730
0.22603150
0.22097380
0.18187377
0.17062427
0.17745971
0.18292880
0.14686951
0.19450256
0.17273396
0.18509721
0.15023363
0.16456655
0.19241222
0.18392258
0.18144409
0.15298886
0.18875365
0.15426156
0.14608061
0.19988171
0.19963955
0.14777532
0.16992298
0.17016906
0.19060390
0.16476445
0.15494857
0.17841037
0.16124699
0.17205896
0.19812408
0.20474103
0.21096245
0.14831596
0.22830669
0.18326493
0.18044507
0.17461379
0.14003030
0.15471433
0.19141201
0.18514069
0.20563459
0.16018519
0.17153088
0.17125684
0.16353174
0.17252664
0.19641529
0.18071209
0.20584454
0.15967657
0.16903599
0.17596951
0.15320068
0.17641094
0.19032535
0.16242696
0.14104445
0.18344238
0.18671053
0.21079962
0.14427647
0.19073650
0.19520333
0.21381799
0.18472596
0.17053842
0.18931742
0.18244708
0.20474737
0.17782764
0.19026389
0.18417206
0.19381794
0.16383071
0.18226193
0.15322400
0.18996987
0.20619676
0.17352501
0.20256771
0.16821938
0.17660362
0.20268934
0.14274629
0.17220395
0.17828980
0.17346619
0.19447502
0.20180746
0.16857165
0.21302684
0.21115838
0.18610122
0.16378811
0.21401115
0.18529048
0.15796637
0.17779190
0.19247230
0.17012566
0.21862679
0.18487868
0.21208673
0.22277441
0.16325293
0.16556246
0.18620057
0.13266681
0.17835360
0.16955434
0.15730325
0.16035632
0.19151716
0.17482208
0.21881091
0.15670801
0.16144204
0.17172114
0.18939573
0.19353159
0.18498095
0.14670328
0.20445387
0.15882000
0.19345411
0.18780875
0.17957695
0.18431447
0.16636356
0.18735423
0.16920510
0.19213933
0.19171107
0.18616720
0.16773519
0.15864703
0.17091644
0.16257873
0.16640906
0.18676169
0.17169283
0.18017614
0.15781450
0.20164058
0.17680543
0.19846227
0.17092984
0.21393572
0.17713908
0.14739094
0.17200393
0.17873985
0.15117098
0.18557541
0.16918738
0.21335451
0.19864251
0.15671119
0.18092527
0.21075843
0.16328848
0.15832050
0.22804472
0.17928934
0.17173905
0.17950192
0.17142908
0.17989635
0.16547517
0.19787231
0.16060686
0.17537989
0.18622629
0.14713101
0.17301356
0.16125484
0.15790973
0.16431499
0.18518535
0.17346968
0.16925197
0.18472847
0.15860813
0.18203436
0.19378591
0.16441488
0.19068325
0.21813968
0.14103773
0.13461735
0.16298164
0.18123469
0.15125884
0.18339092
0.16389155
0.20670912
0.16719623
0.17616102
0.19853212
0.17963111
0.18047312
0.19216037
0.18872411
0.15091166
0.18921715
0.16529491
0.21803642
0.16445896
0.22307346
0.16661947
0.17391273
0.18700833
0.19905668
0.18541616
0.15828516
0.18276988
0.19177504
0.16725688
0.17856827
0.17104808
0.13262395
0.16994891
0.15984295
0.19693215
0.19249358
0.14934361
0.18250396
0.17143944
0.20132392
0.18514385
0.17771304
0.15644911
0.18580794
0.19335932
0.18315549
0.17395491
0.21655024
0.18071066
0.18944282
0.19407034
0.17178359
0.21056003
0.14779722
0.19515350
0.17061949
0.16663413
0.17347663
0.17029349
0.16722346
0.15385671
0.16074108
0.16655858
0.15984297
0.19095089
0.18030794
0.14004820
0.17874725
0.17822456
0.17461681
0.17940885
0.17298354
0.21587799
0.15633064
0.15309526
0.19967947
0.20817751
0.14350398
0.14834614
0.18910869
0.21353576
0.17946428
0.16964518
0.17200064
0.16249194
0.18807423
0.17353241
0.19747863
0.17706293
0.19851818
0.16954578
0.17764559
0.19100546
0.16956303
0.18349648
0.16047143
0.18357204
0.19712934
0.20999158
0.17762613
0.18050639
0.16684720
0.19775935
0.16446187
0.15929811
0.16216893
0.18662652
0.17981229
0.16976135
0.16315674
0.17953014
0.18542227
0.17422672
0.20472451
0.19233459
0.16948824
0.15100819
0.20742808
0.17671611
0.17442308
0.19021431
0.15966818
0.18558009
0.21439651
0.15229401
0.20035537
0.18690034
0.20800975
0.15600167
0.16747116
0.16582507
0.17748600
0.16508268
0.20561289
0.16947202
0.20493137
0.21549331
0.17252023
0.16853838
0.17571595
0.17995750
0.15289842
0.19497245
0.16887631
0.17517999
0.16166668
0.18345692
0.16846715
0.15360485
0.20484278
0.19431616
0.16005812
0.17929596
0.16216670
0.18739336
0.16970749
0.19264962
0.17226120
0.18929213
0.16064111
0.17588497
0.16543869
0.18678986
0.16945695
0.17706585
0.16577783
0.17600985
0.21314177
0.21322448
0.16338436
0.19237558
0.19379694
0.14100448
0.18772177
0.16058328
0.19262398
0.16382725
0.15003723
0.15335672
0.20031742
0.17722414
0.20089668
0.15728571
0.20395093
0.17374747
0.18465095
0.17989904
0.22386727
0.21609210
0.17460963
0.15099111
0.21690891
0.18418972
0.20817560
0.16521999
0.16298549
0.16509311
0.15604530
0.18931322
0.18361543
0.17446925
0.16747667
0.17365529
0.15752294
0.16388399
0.15446333
0.23626933
0.15246002
0.18101428
0.18283350
0.15911414
0.15466719
0.17435898
0.15682585
0.16216609
0.17530636
0.18252513
0.19049780
0.17506771
0.16588871
0.19184190
0.19156045
0.17760061
0.19123078
0.16267110
0.15536433
0.20774583
0.18472105
0.19458460
0.17582511
0.17173767
0.17117881
0.17207856
0.19473759
0.18809650
0.15704190
0.18106938
0.14540750
0.19262526
0.20605323
0.17883627
0.16799144
0.20201937
0.15963796
0.23348839
0.16568063
0.17935606
0.16225166
0.18776746
0.18129367
0.16884754
0.19284187
0.16092561
0.17443851
0.20076398
0.15470439
0.17945353
0.16810937
0.18091779
0.17674365
0.17162215
0.15059136
0.17043968
0.17439312
0.19774068
0.17692494
0.18933756
0.17271195
0.16247935
0.17455577
0.17213186
0.16764942
0.18801218
0.20927865
0.16703892
0.15012343
0.15916807
0.15200186
0.18224042
0.19207468
0.15652420
0.16783391
0.15859866
0.19927875
0.16741374
0.16869707
0.17305810
0.18413566
0.18273191
0.15467184
0.18370308
0.17569686
0.16519427
0.15536121
0.20317740
0.20396633
0.17727062
0.17767737
0.17988538
0.18702165
0.20200491
0.20413142
0.18368383
0.17724054
0.22670347
0.17989323
0.17499721
0.15823233
0.17127570
0.15679246
0.14033748
0.16537386
0.19199749
0.17822864
0.18907518
0.16866338
0.17446446
0.15967325
0.18246519
0.15752709
0.18035633
0.16174203
0.16182955
0.15379044
0.15744530
0.17255126
0.17982892
0.15014665
0.15386720
0.16915899
0.17336749
0.19520313
0.21905393
0.18340153
0.17821163
0.17778519
0.16709790
0.17127014
0.15951338
0.18904564
0.17720973
0.17276333
0.16052270
0.16095400
0.19143292
0.15444267
0.18250203
0.15365739
0.17395763
0.15960539
0.17740917
0.20700652
0.19526814
0.19780438
0.21335106
0.17418406
0.17527458
0.19447499
0.15203499
0.21324451
0.16066984
0.19303705
0.20984799
0.19866179
0.19578338
0.16398099
0.14237355
0.21746472
0.18073740
0.15370966
0.17738564
0.18228448
0.19378541
0.18610193
0.16311991
0.17297641
0.19740470
0.16508218
0.16897147
0.16272290
0.15408511
0.19823745
0.17732658
0.18577360
0.21561809
0.16654260
0.16870679
0.17293059
0.16010184
0.17754395
0.19079923
0.16328909
0.17250540
0.15204000
0.15647493
0.20053980
0.17429484
0.17583782
0.20319362
0.20132826
0.20798158
0.16850282
0.16217874
0.21088058
0.26564466
0.15227216
0.16383720
0.18211900
0.17670911
0.17026389
0.17732853
0.14757009
0.18209802
0.17462863
0.20947520
0.19568913
0.16125517
0.14525766
0.18748900
0.17722841
0.15851629
0.19387613
0.17159774
0.18914204
0.16876702
0.19846777
0.16389795
0.19493942
0.19235044
0.14483446
0.18160143
0.16775633
0.16911618
0.18357264
0.18870617
0.18371818
0.16896637
0.17265255
0.16082763
0.22491835
0.16985039
0.17832068
0.21059247
0.18475400
0.16066880
0.17495353
0.18941369
0.18092373
0.16138735
0.18909708
0.20292502
0.18248085
0.18539262
0.19265651
0.20580625
0.20779072
0.14530070
0.18597926
0.15522054
0.19564398
0.18318829
0.15259935
0.23041207
0.16952409
0.19378629
0.19221785
0.19232606
0.16961286
0.13977178
0.17890378
0.22945193
0.19121641
0.16124484
0.17354100
0.19535390
0.16257604
0.18927516
0.19867089
0.15097215
0.17213558
0.15972355
0.17078671
0.15156132
0.20312076
0.17522497
0.16819687
0.16853572
0.21914158
0.18025838
0.18789826
0.17980095
0.18730166
0.18183994
0.19455035
0.16814553
0.16661006
0.15512228
0.17927270
0.20708077
0.19402043
0.16901457
0.16507996
0.19741740
0.15341214
0.16263753
0.20082708
0.16928400
0.20202507
0.19361488
0.18149578
0.17669390
0.19123417
0.18611251
0.18192948
0.15448148
0.16439311
0.16084193
0.19250827
0.17727357
0.18906956
0.19082103
0.22982069
0.21305384
0.19467069
0.15756398
0.17692877
0.16673866
0.17703930
0.19711704
0.14912292
0.18014145
0.18062238
0.19783815
0.17755990
0.16890042
0.17446955
0.16786295
0.20691383
0.16022244
0.21281564
0.19567609
0.14765892
0.17933572
0.16732130
0.16998847
0.19851353
0.18485572
0.14593754
0.18716872
0.15405234
0.16677891
0.16467768
0.20135271
0.17409686
0.14829168
0.18252577
0.18228462
0.21261150
0.18483855
0.16266210
0.18020929
0.17408041
0.18214439
0.18847670
0.16787325
0.23031020
0.18732673
0.18973665
0.20166672
0.17817350
0.18702549
0.16145075
0.16867376
0.17806259
0.18567865
0.16666812
0.17480191
0.19821825
0.14850288
0.15728799
0.20237276
0.17516057
0.18073412
0.19283484
0.19446959
0.17134949
0.19567151
0.17542390
0.16482183
0.18718466
0.20382207
0.18914090
0.17039855
0.17676157
0.14525318
0.16136544
0.16435891
0.17990449
0.18324491
0.19410839
0.16016364
0.19367475
0.16541244
0.16917208
0.17729439
0.20365949
0.15694409
0.19521376
0.20993547
0.15984358
0.14759556
0.21825988
0.18140332
0.17330646
0.17557995
0.18170915
0.18476509
0.17954830
0.15615064
0.19148663
0.20009682
0.16798969
0.18976754
0.21825978
0.16680534
0.20126990
0.19739376
0.20571088
0.18102542
0.15913639
0.15932728
0.17953063
0.16053490
0.18633346
0.16317186
0.17399673
0.19162321
0.19211734
0.16307501
0.20317004
0.17259441
0.15358575
0.16529074
0.15481981
0.17284562
0.21200922
0.19803420
0.17028939
0.17419575
0.20859160
0.14930162
0.18270313
0.16176174
0.18556284
0.15844863
0.17053564
0.15363742
0.15608484
0.18110595
0.14707814
0.14715827
0.18742482
0.17863473
0.15973336
0.19396435
0.17444350
0.15985759
0.20341672
0.19137678
0.16424863
0.16361831
0.20300636
0.19140926
0.20097863
0.18738210
0.17131430
0.19109768
0.19976240
0.19301485
0.16869892
0.16357467
0.18424777
0.19870948
0.17984930
0.18528197
0.15971392
0.20054282
0.16394013
0.18759002
0.16417238
0.17068805
0.15672235
0.20032465
0.15955055
0.17926793
0.19437433
0.19305795
0.14770866
0.19233514
0.16825865
0.22173314
0.20692979
0.18864052
0.16927910
0.17840633
0.17880511
0.18219751
0.19287065
0.19847314
0.17384008
0.19425500
0.17127676
0.17832928
0.21313515
0.14807975
0.18107961
0.16839617
0.20896754
0.15481979
0.14993298
0.17373125
0.16438079
0.17854605
0.22072096
0.15082616
0.17089271
0.17339169
0.19497133
0.17987325
0.19782247
0.17728820
0.18201158
0.15769261
0.18239635
0.18943712
0.16692387
0.15382272
0.17593926
0.21426449
0.21895500
0.17868911
0.17004303
0.17000151
0.14849600
0.17691538
0.17556164
0.17946035
0.17360380
0.16232591
0.15779581
0.18152308
0.17075771
0.17805153
0.16422895
0.18201289
0.14961572
0.15465697
0.15809628
0.19067537
0.17753289
0.17551463
0.18609124
0.18053234
0.18678380
0.16949547
0.18349407
0.19559560
0.18950583
0.19981926
0.19552963
0.15863278
0.20708006
0.15375377
0.16360820
0.23460481
0.17673126
0.16396164
0.15347238
0.16510690
0.18767304
0.15224086
0.19116935
0.22189779
0.18871033
0.20470870
0.17986643
0.19629158
0.14975801
0.20055377
0.17828708
0.16868719
0.18093594
0.15781734
0.19144330
0.19966849
0.17889664
0.14900398
0.18451894
0.20929371
0.18841246
0.13895934
0.15141859
0.16160885
0.15359355
0.15821225
0.15773632
0.18513682
0.19130900
0.16280902
0.17050047
0.15909095
0.20134169
0.17958866
0.17548829
0.19561973
0.20989738
0.16461112
0.17614611
0.17878965
0.16600680
0.14534217
0.21724684
0.18504768
0.16596936
0.16143764
0.18384953
0.19160354
0.17850716
0.19392911
0.19142306
0.14477445
0.16949907
0.23671495
0.16110426
0.19907141
0.15790837
0.16284329
0.17320305
0.15896901
0.19991341
0.19104450
0.19327539
0.22756037
0.17015005
0.17569792
0.20812720
0.18036764
0.15749137
0.15024364
0.18090340
0.16711194
0.16665361
0.22211667
0.17189047
0.19247178
0.19060165
0.14900547
0.17400789
0.16398170
0.12712015
0.18713358
0.20204306
0.17336945
0.18155539
0.21186481
0.16914795
0.16243894
0.18914534
0.17303547
0.20271536
0.16609903
0.17390803
0.16297391
0.19229044
0.17647507
0.18095391
0.15669339
0.15407916
0.20626188
0.15905017
0.16481501
0.16749649
0.16983258
0.16185076
0.14277003
0.17388263
0.18066253
0.19244888
0.16837669
0.16997071
0.16960183
0.17975997
0.18256699
0.18186622
0.17173266
0.17185041
0.15908261
0.19969847
0.12796587
0.16862959
0.16108326
0.22051567
0.19155750
0.15142116
0.18101487
0.17390785
0.21951839
0.17438970
0.16413546
0.17798546
0.15044668
0.17667946
0.21284889
0.20176610
0.20980480
0.16368515
0.15872519
0.18376303
0.15488930
0.20948386
0.19650549
0.17451420
0.19217421
0.16289855
0.18124351
0.18373389
0.18227641
0.15563065
0.17712736
0.14988516
0.15139423
0.15116996
0.20204887
0.16645515
0.16684122
0.18234625
0.21668734
0.18234361
0.19128980
0.19381221
0.16421842
0.18202870
0.18658930
0.16774994
0.14963493
0.16629731
0.17566699
0.17809298
0.16473143
0.17511159
0.19767899
0.17960938
0.21246999
0.16508219
0.17176983
0.19540303
0.19263612
0.18774061
0.19205893
0.18069207
0.19134632
0.17548927
0.17682579
0.20263305
0.19650744
0.17211592
0.17373511
0.17746458
0.15856003
0.13772471
0.16851069
0.17372583
0.18328173
0.16218208
0.19577034
0.17240962
0.19414921
0.17921609
0.18119637
0.13053004
0.19706793
0.16687937
0.17049448
0.20069310
0.16611451
0.15464486
0.16346825
0.17909718
0.17184663
0.17015192
0.18901906
0.16205664
0.17382981
0.19908207
0.16721589
0.18309322
0.19407341
0.20028428
0.15945559
0.17456520
0.19461231
0.14571156
0.16569634
0.16702584
0.23968536
0.18835450
0.19673019
0.16212510
0.17639165
0.19958532
0.18219802
0.19634769
0.18147713
0.18888659
0.16810309
0.19362344
0.16025329
0.16665096
0.15127512
0.18480671
0.15986676
0.20905339
0.17937527
0.17411706
0.16076865
0.18226683
0.17354752
0.17994455
0.17986896
0.17994827
0.17486706
0.19388048
0.18520175
0.16215084
0.15474057
0.17648426
0.17707962
0.17219872
0.17035753
0.17573116
0.14365511
0.18430457
0.14516267
0.14166737
0.16015701
0.21387821
0.15717052
0.19706089
0.15696328
0.20152377
0.17625446
0.17557036
0.16928036
0.20260184
0.22723313
0.16909898
0.17043926
0.19051175
0.17827199
0.18409345
0.21822270
0.16423961
0.18932557
0.20375118
0.18196124
0.16131315
0.22688783
0.18801089
0.16596925
0.17375859
0.18783284
0.16649560
0.18424571
0.19950868
0.17173370
0.19272633
0.17727229
0.17935802
0.17223443
0.18693850
0.18707417
0.15559325
0.19250428
0.20443131
0.16797968
0.18300700
0.16776001
0.18810300
0.17326580
0.17927034
0.16854080
0.17935306
0.20845321
0.15500525
0.17407740
0.17298761
0.16189697
0.16155285
0.17938598
0.15878523
0.15026474
0.16042514
0.17382042
0.18343326
0.21205668
0.18717275
0.17700128
0.20656143
0.18845129
0.15162335
0.20890013
0.19273197
0.14655978
0.18317111
0.20353750
0.17103338
0.18815213
0.18315937
0.15108823
0.19357747
0.17053039
0.19043033
0.15982917
0.17387834
0.17299115
0.18078302
0.19114712
0.15163817
0.18595074
0.18694904
0.19212096
0.19079043
0.17441776
0.16526308
0.14983237
0.16959558
0.16764335
0.18949093
0.19557818
0.15071971
0.17296518
0.16336756
0.16090259
0.17045528
0.20547664
0.15554954
0.17486513
0.16596609
0.18124405
0.17672994
0.18661911
0.16204564
0.17344936
0.17593536
0.18801606
0.18865102
0.18473809
0.16893870
0.22526285
0.15745154
0.18010527
0.16501520
0.19355700
0.15939754
0.20220879
0.16543737
0.15693928
0.16531015
0.20318721
0.16960809
0.16230828
0.15912046
0.13630876
0.18632960
0.18804096
0.16247049
0.15843759
0.19383007
0.16656576
0.20788754
0.17010223
0.16134076
0.18037007
0.21781956
0.20060799
0.16316343
0.18452875
0.17683026
0.16837189
0.19224240
0.17337304
0.16426155
0.19880010
0.17464568
0.16142700
0.15770890
0.16161419
0.14836564
0.17722601
0.17083165
0.19573515
0.18086797
0.16139195
0.15795060
0.20461864
0.18704750
0.18872598
0.17442005
0.15476050
0.19020970
0.16709126
0.17159867
0.20853354
0.17167008
0.16162658
0.20640601
0.18033200
0.20094919
0.16426367
0.22406872
0.17709494
0.22295337
0.17162171
0.17367398
0.17766142
0.19733493
0.18762985
0.16226353
0.15181099
0.16719468
0.18096090
0.16317894
0.16271993
0.20141839
0.13428441
0.16065427
0.15978874
0.16943677
0.19041243
0.15201941
0.17879062
0.16927488
0.16300858
0.15963048
0.14505086
0.21567080
0.16655108
0.19539931
0.21447741
0.17989710
0.14759944
0.17461671
0.16323745
0.19487166
0.15646206
0.17762210
0.22303957
0.17572761
0.20094969
0.15418921
0.19471415
0.18342539
0.20259074
0.17570705
0.15495163
0.17470583
0.18396305
0.23535500
0.20226863
0.17960773
0.17022061
0.17518451
0.18602381
0.21567627
0.15365631
0.14051350
0.16661028
0.15641216
0.15615874
0.16255269
0.14635325
0.18558605
0.18340278
0.20203420
0.18626505
0.15414760
0.17301290
0.19381398
0.19160170
0.19468172
0.17637862
0.17110229
0.15443324
0.20427423
0.16960543
0.16185577
0.21714110
0.17035694
0.14079145
0.23317357
0.16554697
0.15942760
0.19135832
0.18275162
0.21329853
0.20109503
0.16352936
0.22618984
0.18128238
0.19979749
0.18921677
0.19333431
0.17485950
0.17970847
0.22837480
0.16327139
0.16495054
0.23469092
0.15514331
0.16362876
0.18427816
0.18272957
0.17942387
0.16025877
0.17198599
0.14919580
0.15884548
0.17739191
0.16192580
0.21226567
0.14691339
0.19090234
0.16826233
0.16440946
0.19177148
0.18210523
0.14931660
0.17781369
0.16909851
0.17243211
0.14476260
0.18317985
0.18484572
0.19679730
0.15947339
0.15240327
0.17822438
0.21544641
0.18002250
0.15260783
0.16824255
0.17175289
0.15676437
0.19577891
0.16068385
0.14938652
0.20564969
0.19671686
0.13248658
0.16871909
0.16321630
0.21285349
0.20705187
0.17045129
0.17071165
0.20355818
0.18724618
0.15555450
0.14958998
0.21296169
0.16507489
0.15611324
0.21381064
0.17385859
0.16720985
0.16574325
0.16228505
0.19040252
0.18089042
0.15994619
0.18567759
0.14685899
0.18965529
0.14759338
0.22185419
0.16117897
0.20021447
0.15478355
0.16622805
0.19001003
0.17785144
0.16273555
0.18801820
0.20646972
0.18444595
0.17867657
0.15850496
0.17228372
0.16556644
0.22479533
0.16820742
0.15002152
0.20274320
0.18558877
0.24552222
0.17741586
0.21618407
0.17084631
0.17983093
0.13911865
0.15422400
0.19745343
0.15856538
0.15890596
0.19615305
0.20347635
0.20077416
0.17159609
0.19410732
0.20065437
0.14745307
0.17504358
0.18117400
0.20424330
0.18966486
0.16392180
0.16802610
0.15524691
0.18664167
0.17068826
0.17069933
0.17229579
0.21466396
0.16183846
0.19176744
0.24141403
0.15923986
0.16971037
0.15829697
0.18190736
0.19967633
0.15734280
0.14340252
0.15469659
0.16684030
0.16153462
0.16176741
0.12964872
0.17037326
0.18830647
0.15702745
0.18778274
0.18291175
0.19103753
0.17848677
0.24098734
0.13540948
0.17624080
0.19551602
0.18943287
0.23175283
0.18515041
0.18965245
0.16707847
0.15883343
0.16348739
0.20300339
0.15842484
0.18293939
0.19072415
0.17825789
0.15840005
0.15473152
0.17327212
0.18966237
0.19054025
0.15565815
0.17671025
0.17244535
0.19314471
0.21114333
0.19776620
0.18929188
0.17809509
0.21135104
0.20935262
0.18800947
0.15163543
0.18320725
0.17036214
0.18392523
0.21674815
0.16505138
0.17439365
0.18874272
0.16555416
0.20693220
0.17447531
0.21252159
0.18142586
0.19545100
0.14985553
0.20138038
0.20384130
0.19053243
0.15348965
0.17701917
0.16137064
0.19214204
0.18623623
0.18937204
0.14639956
0.18590167
0.18098407
0.18146099
0.17662923
0.17593746
0.17509007
0.19773064
0.16724413
0.16822301
0.21808728
0.18840426
0.19073369
0.20377123
0.18323063
0.17911475
0.15977534
0.14780947
0.17552812
0.18235682
0.18604103
0.18575731
0.16412890
0.19209682
0.17221025
0.16514305
0.17617159
0.16630250
0.20309038
0.17459467
0.17687444
0.18102745
0.17724467
0.18697265
0.16257509
0.16351986
0.18755957
0.14505705
0.17056287
0.23002091
0.14735070
0.15321875
0.16218244
0.23542349
0.18334190
0.19197167
0.16779529
0.15264147
0.20349390
0.15754185
0.15583757
0.15367435
0.16006659
0.16375523
0.18194723
0.19107726
0.15816033
0.18233938
0.21202553
0.20707803
0.19288901
0.19211195
0.18149918
0.20372605
0.14581939
0.19517670
0.15830817
0.20533427
0.18168737
0.18421663
0.15448241
0.16797937
0.18724593
0.16195998
0.15506517
0.15508736
0.16730188
0.17450204
0.18896873
0.18957646
0.16602405
0.13565237
0.19277410
0.18308037
0.13406384
0.19332974
0.18154732
0.18373364
0.18857018
0.16893472
0.16996282
0.15863270
0.14431719
0.17013144
0.18560091
0.16048327
0.18068989
0.17242324
0.18373820
0.18589628
0.16797820
0.18980791
0.19771095
0.15740324
0.16147352
0.20840855
0.19846530
0.16861010
0.17532382
0.20523232
0.18208272
0.15669272
0.16330395
0.18086694
0.18831347
0.15257449
0.18660623
0.21128399
0.16408044
0.19488467
0.18461170
0.16195810
0.15767665
0.17544992
0.17385046
0.19248170
0.20443185
0.17003973
0.16404763
0.19523222
0.17236874
0.17021402
0.15176548
0.17871035
0.15533736
0.17390467
0.17730130
0.17141319
0.20106002
0.17452575
0.16430132
0.16437778
0.21154368
0.20113004
0.17157903
0.17662590
0.17098297
0.14680860
0.14342247
0.25613938
0.18820134
0.18805891
0.17545675
0.21357440
0.17565366
0.18060729
0.16609736
0.16899707
0.18381434
0.19241128
0.19335997
0.17425292
0.19254344
0.15913248
0.15748890
0.18330495
0.19483662
0.16127349
0.16401411
0.13255809
0.21781137
0.17382741
0.19080483
0.19614834
0.19428170
0.17551591
0.16931530
0.16591401
0.17496683
0.20180951
0.19183618
0.17662982
0.19321998
0.16035297
0.15580907
0.18440775
0.16052680
0.19515416
0.16942730
0.16538898
0.13714276
0.15926207
0.15980637
0.19293500
0.13233302
0.20215706
0.16386009
0.18345133
0.17030360
0.16326532
0.17290892
0.16109947
0.17408403
0.15819912
0.16784625
0.14626623
0.18913488
0.17796941
0.15677032
0.14142018
0.16578677
0.15709621
0.16855419
0.16329524
0.19205679
0.18044343
0.16583382
0.13523732
0.15384240
0.19331064
0.17225347
0.18633691
0.17688948
0.18468258
0.23435344
0.21485541
0.20225443
0.26013692
0.18538895
0.20969719
0.16960495
0.18500481
0.17723990
0.21745565
0.18013644
0.19165512
0.19348634
0.15754425
0.21525368
0.16718897
0.13902531
0.14947968
0.16719720
0.17799149
0.18155832
0.20368798
0.16508844
0.18922716
0.13651141
0.15939096
0.19090032
0.21051715
0.18630539
0.18228130
0.18581395
0.15836025
0.19453463
0.18969641
0.16448543
0.19984765
0.14877756
0.19743845
0.21847868
0.16431648
0.14737490
0.18115299
0.16613622
0.21078743
0.20885699
0.17712148
0.16872439
0.13574637
0.18181209
0.15962233
0.16951583
0.15841179
0.19520093
0.17785061
0.16180930
0.15564854
0.18246146
0.15711537
0.17411938
0.20714101
0.18687186
0.19390559
0.17095252
0.18439296
0.18597530
0.18901752
0.17029478
0.17321979
0.15900876
0.22282073
0.16892480
0.19323080
0.17483462
0.15525396
0.15334845
0.21671488
0.21131164
0.15848349
0.20300850
0.17132498
0.23227819
0.17666970
0.16999974
0.16568192
0.17308363
0.18305334
0.18877652
0.16883707
0.19496084
0.17924847
0.18952620
0.21639890
0.18538810
0.18440014
0.16550656
0.18658841
0.14205879
0.17149701
0.17025460
0.19721863
0.20232481
0.17531879
0.17835029
0.18987715
0.18323407
0.15733282
0.18816592
0.18149833
0.19388257
0.16972179
0.16457335
0.16332336
0.17817269
0.18706937
0.19332437
0.19421733
0.14641454
0.18473028
0.20715203
0.19228006
0.20094816
0.16317881
0.17741982
0.16016565
0.18024321
0.18469060
0.15472484
0.17039806
0.16323248
0.15851046
0.18756835
0.18542087
0.16996007
0.17630313
0.20489382
0.16740570
0.17117354
0.14996384
0.17756454
0.16908111
0.18076802
0.16316177
0.19924891
0.16346114
0.18221338
0.17332735
0.16558920
0.15723782
0.17032454
0.22733651
0.18547359
0.17276095
0.20990650
0.19008672
0.17957664
0.18121333
0.16200380
0.18782165
0.22177670
0.17126113
0.17589729
0.15232775
0.17951888
0.19299795
0.17349456
0.20042066
0.20401128
0.18450907
0.17870928
0.19108394
0.20089281
0.20698109
0.16994586
0.19186958
0.21114342
0.15573557
0.20043711
0.16795525
0.15579581
0.17859191
0.16563106
0.18590846
0.17256058
0.19688409
0.18404459
0.21709870
0.17082658
0.16329547
0.21097082
0.20274972
0.16221348
0.19260761
0.21209214
0.15432969
0.18095980
0.17332680
0.18507119
0.17342690
0.19821531
0.16465825
0.20686365
0.20951855
0.16033660
0.16394657
0.17317492
0.18409574
0.20627054
0.17513684
0.15738039
0.20509310
0.21477987
0.16399894
0.18774708
0.19359903
0.17677162
0.20756542
0.16998452
0.17778719
0.16822276
0.19851287
0.19463989
0.19170813
0.16740208
0.17189420
0.20161396
0.15380005
0.23130938
0.18306902
0.17665656
0.18138649
0.23110359
0.16839363
0.14411704
0.18860634
0.19866580
0.15656441
0.18983731
0.16891928
0.17393795
0.15935848
0.17484038
0.21033146
0.18135921
0.17486211
0.18339099
0.15874376
0.18235026
0.18612154
0.19573392
0.18796689
0.16131133
0.15253493
0.18505583
0.21807585
0.17360457
0.15959296
0.20109644
0.13987474
0.14621745
0.19724085
0.18114086
0.16449760
0.19081564
0.16235607
0.16992902
0.20711294
0.19352036
0.18573237
0.20588953
0.17336491
0.19466327
0.16509604
0.21974891
0.22537818
0.19989867
0.21490239
0.18826609
0.15711865
0.20207542
0.18465550
0.16131810
0.21034719
0.14607724
0.14140084
0.16695159
0.19348309
0.15529192
0.16459432
0.15686359
0.16187330
0.17194255
0.17547874
0.15761587
0.19232075
0.16324394
0.14766219
0.16992157
0.17084767
0.15193413
0.17988272
0.18561364
0.21170647
0.14657992
0.16155616
0.14654470
0.18305742
0.18999857
0.20737596
0.15827987
0.16821900
0.18050158
0.19450805
0.16763281
0.19884352
0.15617915
0.17465576
0.19151744
0.18701594
0.20424588
0.14486223
0.23646716
0.15271816
0.15966583
0.16372624
0.19312936
0.16136359
0.17415022
0.16130349
0.17702601
0.14824757
0.20163608
0.22963928
0.14875389
0.18925812
0.17916514
0.15874581
0.18278085
0.22244615
0.14467382
0.20249500
0.16710418
0.16951131
0.15313819
0.19486524
0.18805770
0.18663947
0.18448545
0.15398918
0.16251337
0.18156062
0.16834854
0.18541840
0.19304537
0.16567109
0.19184422
0.18889922
0.17655635
0.14863480
0.17423706
0.17760553
0.16468916
0.18637938
0.16066660
0.16404819
0.17323706
0.17634509
0.15497851
0.18663126
0.20946351
0.19693962
0.18931631
0.16032976
0.18138372
0.16738493
0.15207263
0.15012085
0.19383993
0.19175021
0.20262591
0.15289997
0.15649227
0.22058695
0.16987270
0.19236777
0.18165365
0.19809836
0.17784110
0.22334051
0.17803109
0.17549691
0.17500762
0.17767829
0.18041663
0.19381031
0.17380860
0.15997842
0.24164246
0.17176457
0.22234106
0.17221653
0.15166589
0.15384056
0.17748594
0.18942920
0.18879953
0.19977031
0.18574641
0.20259184
0.15965001
0.15716163
0.16154177
0.15971755
0.19680106
0.18744266
0.20241354
0.20646096
0.16822612
0.19055747
0.19988626
0.14890341
0.22259677
0.19982678
0.17866254
0.16389357
0.18560998
0.20902283
0.21831281
0.21764886
0.18077458
0.18885225
0.17589754
0.15415497
0.18561626
0.19947869
0.21489523
0.18005008
0.18715165
0.14418253
0.17679371
0.18446743
0.19535691
0.16978411
0.14775230
0.17531594
0.22151796
0.22949879
0.16309467
0.19900437
0.17597836
0.20829211
0.17172312
0.16301750
0.15122708
0.15160669
0.17787086
0.19248677
0.16485085
0.19455646
0.17853194
0.18559894
0.16047224
0.18923722
0.16622535
0.21170234
0.18054642
0.18361144
0.15296395
0.17938384
0.23958713
0.18378817
0.16725661
0.18778730
0.17207477
0.18303568
0.18781015
0.15782694
0.19527955
0.17085048
0.23134821
0.16528272
0.17237155
0.18348640
0.19957204
0.16056858
0.22461386
0.17903910
0.17605041
0.19923344
0.19542334
0.19984885
0.16257360
0.19245808
0.20174577
0.15551475
0.18462865
0.15718889
0.16162430
0.15801589
0.16316789
0.18846776
0.15880415
0.17381576
0.15707548
0.17070221
0.16990352
0.18948711
0.18575895
0.18103475
0.17533337
0.18318223
0.20865716
0.14665351
0.20173322
0.18219118
0.17579573
0.18117758
0.17409510
0.18755851
0.16758165
0.24011725
0.18021643
0.19594744
0.20298857
0.16724929
0.19560449
0.22002656
0.17745752
0.16707070
0.17040854
0.16517239
0.29401326
0.18115828
0.14058946
0.15961784
0.17629678
0.16745570
0.18793923
0.14382978
0.16618158
0.15007748
0.16494345
0.16620739
0.13644540
0.21124101
0.14635142
0.17022284
0.18938783
0.20249172
0.18110470
0.15254950
0.18681384
0.18267913
0.21895088
0.14179616
0.20128026
0.15825098
0.17685758
0.18838007
0.16316351
0.17731848
0.16280204
0.16153287
0.18678535
0.19164804
0.19495367
0.15694948
0.16488807
0.17446843
0.18938787
0.19955650
0.17748654
0.19522510
0.16656339
0.15950699
0.15792704
0.17895267
0.18799223
0.18462631
0.17868667
0.17566764
0.17643613
0.18295226
0.14938182
0.16618499
0.14400481
0.18336412
0.19506026
0.15471965
0.16856467
0.16665877
0.19084041
0.18041174
0.16983906
0.15590785
0.17150802
0.17772542
0.17292968
0.18986187
0.17589531
0.16142851
0.23017981
0.16990773
0.15529778
0.18152946
0.18764566
0.19283312
0.19595523
0.21121984
0.15906842
0.20285552
0.14666719
0.21373320
0.17373667
0.15529940
0.18331409
0.16049223
0.17469873
0.18545806
0.17412288
0.18662174
0.16646309
0.18921035
0.17830927
0.16500902
0.17369275
0.15980711
0.20115976
0.17294702
0.18952808
0.18757928
0.17135798
0.15377451
0.16061273
0.16805361
0.17370619
0.16284043
0.19368186
0.15899072
0.18116002
0.19508111
0.16058758
0.19748915
0.18714292
0.15020125
0.18627178
0.18308971
0.20087578
0.16135161
0.18139276
0.15878008
0.22606708
0.22499103
0.17329789
0.19820699
0.21694387
0.19095874
0.19671663
0.15009677
0.16012021
0.18451522
0.15766928
0.19165315
0.17899457
0.18726680
0.17091344
0.19425396
0.16887876
0.15310679
0.19068515
0.17340002
0.20644817
0.17518589
0.19209863
0.18680182
0.15139772
0.22034139
0.17574251
0.21111854
0.19560401
0.18512976
0.16473617
0.17200750
0.18126326
0.19858861
0.16503774
0.21092225
0.16095239
0.17319323
0.17727332
0.16166443
0.17038133
0.18118071
0.18056190
0.18745189
0.18165010
0.16217266
0.18798672
0.17442890
0.14803983
0.15705432
0.15467627
0.16511795
0.15103928
0.19038100
0.21042810
0.20000632
0.24799415
0.16891011
0.16944415
0.17713481
0.19368410
0.15615671
0.15494414
0.18632523
0.14978807
0.18303617
0.16595431
0.16032780
0.20227425
0.19465765
0.17635130
0.14347763
0.19139186
0.18930178
0.18169250
0.17731765
0.21305137
0.17368802
0.21343294
0.24587110
0.22646840
0.16639167
0.22539240
0.14944310
0.14725463
0.20120628
0.17532097
0.14976679
0.18381711
0.20129349
0.18005353
0.21567344
0.16386277
0.15686591
0.16008431
0.20610079
0.17727540
0.15784707
0.17537983
0.19551434
0.14830036
0.17979297
0.16121897
0.16247666
0.17350598
0.20279280
0.16991355
0.17009827
0.20580639
0.18271223
0.18952831
0.17405146
0.18128375
0.15229397
0.16610441
0.16651087
0.14117220
0.15543797
0.18695168
0.17377813
0.16096899
0.20425512
0.20253387
0.22776538
0.18269695
0.19363391
0.15747365
0.16902637
0.18221989
0.18387410
0.19570186
0.18757101
0.20565840
0.17116543
0.17243866
0.17452453
0.18778096
0.19257208
0.17405966
0.19528681
0.17786370
0.17895366
0.17098612
0.18080946
0.19461496
0.18970670
0.17362773
0.16856341
0.18208511
0.17538972
0.15280137
0.16609312
0.17236636
0.17134223
0.19162358
0.17690579
0.18620623
0.16609313
0.18536879
0.19468680
0.17547919
0.18632521
0.19443412
0.15845004
0.16727161
0.18243634
0.17211717
0.15652534
0.15864449
0.15945159
0.19478306
0.14414691
0.15967688
0.15923749
0.19361695
0.15737574
0.18333169
0.18432113
0.20491411
0.18787527
0.18422263
0.21177395
0.19023921
0.19064865
0.18406540
0.19515575
0.19453574
0.15484730
0.19031584
0.18039696
0.15299129
0.16156426
0.19072286
0.16192741
0.16809561
0.24137974
0.15991682
0.17725337
0.20543803
0.17351595
0.19580982
0.18192435
0.15708457
0.19869072
0.15602872
0.17349114
0.21995831
0.21255358
0.19500494
0.18740394
0.16116632
0.15279696
0.17316144
0.18091684
0.16656133
0.16926247
0.19888609
0.20042749
0.16635737
0.18034664
0.14096341
0.18540022
0.19884249
0.19718437
0.21266214
0.17376017
0.19151446
0.18424614
0.19048411
0.18524608
0.20926898
0.15962854
0.17869935
0.23615506
0.20750152
0.15086385
0.15998049
0.18978865
0.17175608
0.14344949
0.21556284
0.20358689
0.20490996
0.19371618
0.14993036
0.16173571
0.15886577
0.21518167
0.16765370
0.19832280
0.19364271
0.18669103
0.17741857
0.18765628
0.18505041
0.16485921
0.18731550
0.16695355
0.17980188
0.22562506
0.14916416
0.18856383
0.18412529
0.15482173
0.18908011
0.17126439
0.17008267
0.17410707
0.20186610
0.18353219
0.16794705
0.15692957
0.15435207
0.18546519
0.17005008
0.15413325
0.16268691
0.17669123
0.19505810
0.17742378
0.19261692
0.20019156
0.16535084
0.16147270
0.18237279
0.16075531
0.15218970
0.17196780
0.20386470
0.15728437
0.17564882
0.14771759
0.16729884
0.18125456
0.18505747
0.18699122
0.17350688
0.16587884
0.18524320
0.15474049
0.22981767
0.21991597
0.17793593
0.18928849
0.21177371
0.18155117
0.20123943
0.16569313
0.18296743
0.18453615
0.19122839
0.18840120
0.16644080
0.17513953
0.15017891
0.18077627
0.16606312
0.16737538
0.17214534
0.17228338
0.19236806
0.16538926
0.25255438
0.20053475
0.19042906
0.17897051
0.16014189
0.17226808
0.19572416
0.18200859
0.17517860
0.19746769
0.21642707
0.17313281
0.17882658
0.14362972
0.16036102
0.16486762
0.19683461
0.14284320
0.19048568
0.19021764
0.18124341
0.16993943
0.16458337
0.19332271
0.18443985
0.17775461
0.18360929
0.15238832
0.17912025
0.19210023
0.21593546
0.19053108
0.19980094
0.17172814
0.17497355
0.17255809
0.16077460
0.17135529
0.16247697
0.13875847
0.16300813
0.19535229
0.17531279
0.17787283
0.16278407
0.16003165
0.15596408
0.17903714
0.17189060
0.17422969
0.16121254
0.15683460
0.17245562
0.17536859
0.18727918
0.17866508
0.16869196
0.18388804
0.18809472
0.15641887
0.18979918
0.17285906
0.19650947
0.16110270
0.17864590
0.13876147
0.18190458
0.18741574
0.15146402
0.19973883
0.20416260
0.15540040
0.16766462
0.22261807
0.16530728
0.18676255
0.14565205
0.22245192
0.16131392
0.19322244
0.18094969
0.19375475
0.20703228
0.17901849
0.18669126
0.15026220
0.16263230
0.17748504
0.15605636
0.16774531
0.16696089
0.15135014
0.19295474
0.17951223
0.14306757
0.15984418
0.19520600
0.15280243
0.17266397
0.19326092
0.19698095
0.16229001
0.18359828
0.16844260
0.17201537
0.20109962
0.18412695
0.18860451
0.20588897
0.15971548
0.15629117
0.18976807
0.16233127
0.18352738
0.14680560
0.16744526
0.21101237
0.18333989
0.17618840
0.17355391
0.18669584
0.16906892
0.16724965
0.14904334
0.18287734
0.16613388
0.18191634
0.13161258
0.20567290
0.17709167
0.15884460
0.17798683
0.17889311
0.17906712
0.15865818
0.18935582
0.17148898
0.18671498
0.20069291
0.17215215
0.19256342
0.17146434
0.19797231
0.16192152
0.17921005
0.20010091
0.18144371
0.17020294
0.17874057
0.16037666
0.18684717
0.24934856
0.16546312
0.16152476
0.15118871
0.19462682
0.21671243
0.16730385
0.20029626
0.22929953
0.19798013
0.17996084
0.14981120
0.21448845
0.17163571
0.18548188
0.15699677
0.19022986
0.16253733
0.22009855
0.16832028
0.17466931
0.14751799
0.17458222
0.20197423
0.17444178
0.18129224
0.15421017
0.19829791
0.16368441
0.19139395
0.17602574
0.19450153
0.17753828
0.14510351
0.16286206
0.14808859
0.16439263
0.17130597
0.16465960
0.22108976
0.14556613
0.17528344
0.18152731
0.18672020
0.17335478
0.17467209
0.17581853
0.18714491
0.14608562
0.14491043
0.18228067
0.20402973
0.21769047
0.19067389
0.17211913
0.17478280
0.13640323
0.18087871
0.18668966
0.17075773
0.18839874
0.20873703
0.17650185
0.18889667
0.16295323
0.18155827
0.16517817
0.18674384
0.15990674
0.17156708
0.19086916
0.17592200
0.18342423
0.18033127
0.16498882
0.14612916
0.20611628
0.16739230
0.15869386
0.16199352
0.18501687
0.19000306
0.14764639
0.15081075
0.16700204
0.21759495
0.16202984
0.16834560
0.16536522
0.18032628
0.15921499
0.16326411
0.17555615
0.14780329
0.17862641
0.18294246
0.16392488
0.15980266
0.17879523
0.19658999
0.19438881
0.16466621
0.22084568
0.13662489
0.15292417
0.20324917
0.15266304
0.18408880
0.16084575
0.22483525
0.18440246
0.19410871
0.19414677
0.19999479
0.16907734
0.18673625
0.17721189
0.15832159
0.16343827
0.15848283
0.17982774
0.15158512
0.19678411
0.19919702
0.20225066
0.17176068
0.18203433
0.16027674
0.16237329
0.18096639
0.17346166
0.19972059
0.17962260
0.15565877
0.19700852
0.19496514
0.16713277
0.18166790
0.16915104
0.17913592
0.17265442
0.15314762
0.18244638
0.21326530
0.17745454
0.16489785
0.16715340
0.16929670
0.15439863
0.15729990
0.18321383
0.18949409
0.22541334
0.16704814
0.17633538
0.16122261
0.13649625
0.17457920
0.18460459
0.16770103
0.19955104
0.18313583
0.15719286
0.19053236
0.15853031
0.18117779
0.19506625
0.18360683
0.15872158
0.16444246
0.19373730
0.20053433
0.14414680
0.18704033
0.18555822
0.18985796
0.16853561
0.17113510
0.16404144
0.16006563
0.20766513
0.19055829
0.21708103
0.16233799
0.13889200
0.16459253
0.19822644
0.20813116
0.19617653
0.17594582
0.15961742
0.17833697
0.19440707
0.17628477
0.18554339
0.17046882
0.15429468
0.16033410
0.17720063
0.17440048
0.15244298
0.18722751
0.16799444
0.16919863
0.19037539
0.16601493
0.15400094
0.16373023
0.15747251
0.18870570
0.15849630
0.16131424
0.19058852
0.20055124
0.15411976
0.13333394
0.16463591
0.18053438
0.19111766
0.20037126
0.21638383
0.18089865
0.18949106
0.16547952
0.17257929
0.19681844
0.15260468
0.15131427
0.18438936
0.17888129
0.18380877
0.19403443
0.20622285
0.17532214
0.17113666
0.16754939
0.18019170
0.19928885
0.19168682
0.15136268
0.19291247
0.16971567
0.18739119
0.16752244
0.18255472
0.16651856
0.17076043
0.18758792
0.18052019
0.19943749
0.19409423
0.17006556
0.19142983
0.18177525
0.16106925
0.18980849
0.16145347
0.18668207
0.20794103
0.18688295
0.15176787
0.16989211
0.16724776
0.19753494
0.21167779
0.15622043
0.13642236
0.13802060
0.19007107
0.18492636
0.13559289
0.18186935
0.14812074
0.21150798
0.17864289
0.22041634
0.15305966
0.18527712
0.19167847
0.17930109
0.15744666
0.17539785
0.17605468
0.24151385
0.16570948
0.16741098
0.18253820
0.16918508
0.18974165
0.16837777
0.15836732
0.14546071
0.18633020
0.19033645
0.19243372
0.20264559
0.22005296
0.16412271
0.17323838
0.14113113
0.19364600
0.18325937
0.18077072
0.17316454
0.17069878
0.18075519
0.16203261
0.17724520
0.20431770
0.17791850
0.15081577
0.18876410
0.17368573
0.19129570
0.16963601
0.16076399
0.22040295
0.17744480
0.17044553
0.15555465
0.15885343
0.18576959
0.18571453
0.16708324
0.17706382
0.14534239
0.15892738
0.18308256
0.17212651
0.18633082
0.17495344
0.14732631
0.16801105
0.19239234
0.17665086
0.16674854
0.19095763
0.16674246
0.17472448
0.16217276
0.15575041
0.19484856
0.24426899
0.18568705
0.18040461
0.19182632
0.19366125
0.17392752
0.17784943
0.17762539
0.19164169
0.17228416
0.15791444
0.15898323
0.17655102
0.15326914
0.18586769
0.17426536
0.19791413
0.15957455
0.18354559
0.18124038
0.22003619
0.21498355
0.19329398
0.19910087
0.16514899
0.17166925
0.17654194
0.17219659
0.17931789
0.19061812
0.20113700
0.17295799
0.17059115
0.17650658
0.18371698
0.19224367
0.19171897
0.19112585
0.18334152
0.16572897
0.15641150
0.18234446
0.17134866
0.15977718
0.13225066
0.15445789
0.16298194
0.16767527
0.17796433
0.18526230
0.17075513
0.19653267
0.21994643
0.19331312
0.17056183
0.16789932
0.20611910
0.18598184
0.16766588
0.17488984
0.21562749
0.15220924
0.17629661
0.18420899
0.21013859
0.22638265
0.18120807
0.15518443
0.16654674
0.17010859
0.17594575
0.14647654
0.17871797
0.13702262
0.17810847
0.18638249
0.21819911
0.16461424
0.15173445
0.15748653
0.20958248
0.17200026
0.15682702
0.16156314
0.15427140
0.19100309
0.16704258
0.19322721
0.18939742
0.16789916
0.14648144
0.16319574
0.15513620
0.15126806
0.16244835
0.19099995
0.18861912
0.17595246
0.15022034
0.20630005
0.17678420
0.18278339
0.15609269
0.19109798
0.18602298
0.21386417
0.16821035
0.15978763
0.21605424
0.21623956
0.18889122
0.18045637
0.16292355
0.17380137
0.17280007
0.15874761
0.20046028
0.16883268
0.15552951
0.17152289
0.17707455
0.18216808
0.20459468
0.17846665
0.14949331
0.15263556
0.17307663
0.15877498
0.21329627
0.17058299
0.19142788
0.16052643
0.16873571
0.16341829
0.16987107
0.16459996
0.20495051
0.16779309
0.15626255
0.16988602
0.18109358
0.17251248
0.15760609
0.19365537
0.17897238
0.17071037
0.20879014
0.19779404
0.17635460
0.16182633
0.20250877
0.15700251
0.16905806
0.17268648
0.14782879
0.18117787
0.17085555
0.19343771
0.16143673
0.20163771
0.14667521
0.19557653
0.17505978
0.19379890
0.16397168
0.16097328
0.18476351
0.16591688
0.18149374
0.13916899
0.19683709
0.17139275
0.20829230
0.15013495
0.15740803
0.16494452
0.16855534
0.18686694
0.17895275
0.17310416
0.17532204
0.17143411
0.17269400
0.20353866
0.18631711
0.19787758
0.21603264
0.17803518
0.18101051
0.20151872
0.17090864
0.18204427
0.17788720
0.19764933
0.19845060
0.15208468
0.18889861
0.18083115
0.16399535
0.16619494
0.19416448
0.18477172
0.22960897
0.16010493
0.16590669
0.20279438
0.15541144
0.17254211
0.16135938
0.16129292
0.19452177
0.16280460
0.18720351
0.16677267
0.22290278
0.16287903
0.13978701
0.17999989
0.20006727
0.18435771
0.16443174
0.17074850
0.17748013
0.20285611
0.16111733
0.17912209
0.20408939
0.20217369
0.18280904
0.16449016
0.14818396
0.17568612
0.21797336
0.20009638
0.19498327
0.14739247
0.18107644
0.16459643
0.17297138
0.15982984
0.18739367
0.16779897
0.15130162
0.15322718
0.20081937
0.18304599
0.19259034
0.19851557
0.19984019
0.17137511
0.22165549
0.16107037
0.16400975
0.21399742
0.17183417
0.16410081
0.19247558
0.16210884
0.15969640
0.15600755
0.19829450
0.16856539
0.16660125
0.20904785
0.16887743
0.16444449
0.18031740
0.17454314
0.16168723
0.13991521
0.16340649
0.17781215
0.18602513
0.18795176
0.16539075
0.20728928
0.19471139
0.14244036
0.20685581
0.17454323
0.15318892
0.17977409
0.15914312
0.20907090
0.18882706
0.19394345
0.17412680
0.18248960
0.18165937
0.19690979
0.15951365
0.16035037
0.16472908
0.14585756
0.18975805
0.16119513
0.17531599
0.18500483
0.19106461
0.17150644
0.17722822
0.19386439
0.18719233
0.17492316
0.19800538
0.20581233
0.19037292
0.18632266
0.17481241
0.17335712
0.14981380
0.22952574
0.14496806
0.21173111
0.18064788
0.17880557
0.17947245
0.13886460
0.14772946
0.16581320
0.22363291
0.15755203
0.15794964
0.18198427
0.18081379
0.18454779
0.15537001
0.16626640
0.17576480
0.16382197
0.18096551
0.17754594
0.14972414
0.20823735
0.14809957
0.15824761
0.19718625
0.15610669
0.15916331
0.15263523
0.17896375
0.17027866
0.16429767
0.18933369
0.17848080
0.18538925
0.17358931
0.18364178
0.13020928
0.16751664
0.18365929
0.18231868
0.20412861
0.18499228
0.15381366
0.19985494
0.17695603
0.19383099
0.19604461
0.16307954
0.18312418
0.16054261
0.16438297
0.16879431
0.18048761
0.16069250
0.17301723
0.16102045
0.19008980
0.17830280
0.16969652
0.16653076
0.15069967
0.19853848
0.22293873
0.20640070
0.20712599
0.15800400
0.18862797
0.20144338
0.16438669
0.17464170
0.17726260
0.14583989
0.18223313
0.18180763
0.17345247
0.15528148
0.16774663
0.16975690
0.13276896
0.17013997
0.16563817
0.19150356
0.19420595
0.15381715
0.18982476
0.18325533
0.15129964
0.21550510
0.17076748
0.15698145
0.16655263
0.18501912
0.16772525
0.18661580
0.19976459
0.18172126
0.22650379
0.16531399
0.17220167
0.21880259
0.18497148
0.20903854
0.16652200
0.19662563
0.17035515
0.20720772
0.16645674
0.17644982
0.22453435
0.16140528
0.20641264
0.19021846
0.19780690
0.24198745
0.17743569
0.20971743
0.17471762
0.22665928
0.17545706
0.16802994
0.17018344
0.16625112
0.19245021
0.17800587
0.19615862
0.23656095
0.19439077
0.17621393
0.20173188
0.16360429
0.16972924
0.16580953
0.16573398
0.18473593
0.16495720
0.15583603
0.17115768
0.20054340
0.15258080
0.19278690
0.16258749
0.16704398
0.18138404
0.15477939
0.16620318
0.16508438
0.16767974
0.20628222
0.14257444
0.16100837
0.20086936
0.19501661
0.18555637
0.22953393
0.17815006
0.16685771
0.20072056
0.22801203
0.14920050
0.15965869
0.16516787
0.16386246
0.18095484
0.17670506
0.17748239
0.14909515
0.15096457
0.18141495
0.18515594
0.18527652
0.24739934
0.18488141
0.19288954
0.17186569
0.18417632
0.18153282
0.21586160
0.17926369
0.16522894
0.14769823
0.16859678
0.16040888
0.18537689
0.15509632
0.19750019
0.19888877
0.16523656
0.14991483
0.13522566
0.21329578
0.17089496
0.15642468
0.17894541
0.18571964
0.19214364
0.19225301
0.19635275
0.18718271
0.19206907
0.16203302
0.14180332
0.17348419
0.17233501
0.20173848
0.19018074
0.15881928
0.22285091
0.15957074
0.17472724
0.18625143
0.17814421
0.17022783
0.19287732
0.19830287
0.15634200
0.20007398
0.15874788
0.19991585
0.21019910
0.17660860
0.17551926
0.16388995
0.16661157
0.17429740
0.15217157
0.19406616
0.18439983
0.16636775
0.16216689
0.15568089
0.17051662
0.17523282
0.14837272
0.16815799
0.19434622
0.18287734
0.16656766
0.15522441
0.16156458
0.18510756
0.18816057
0.18237081
0.23438485
0.20043342
0.19284210
0.19972330
0.24006738
0.17425791
0.20068837
0.18618349
0.20632887
0.14774240
0.15699205
0.18706145
0.15725139
0.18644663
0.18411367
0.16380489
0.18930087
0.16999026
0.17416557
0.15988312
0.17383019
0.18504635
0.18337906
0.16363273
0.20382175
0.20311391
0.17407368
0.16828233
0.18270582
0.17111022
0.17573163
0.18435418
0.16227177
0.20767632
0.18378798
0.15952412
0.14595888
0.20064269
0.21868939
0.15104262
0.15756466
0.19179159
0.19389039
0.18539904
0.19969971
0.18139032
0.19918856
0.15285294
0.14931788
0.17846628
0.17612716
0.17448962
0.17030784
0.16465707
0.21391574
0.17619025
0.16640369
0.19640070
0.15924456
0.21318502
0.22038441
0.18919899
0.18852498
0.17437481
0.16704623
0.15193369
0.16206708
0.20816671
0.15538208
0.21269302
0.17966034
0.17176970
0.16991459
0.19054726
0.18744415
0.20349053
0.18888652
0.15412962
0.16043853
0.16018531
0.19720256
0.16817224
0.17563714
0.16519532
0.19216207
0.16971829
0.19835968
0.18845701
0.17512370
0.15185445
0.18530694
0.17815152
0.19846908
0.14576985
0.17271928
0.15890890
0.16861150
0.21139538
0.17031277
0.16529818
0.17315668
0.18619994
0.16102233
0.20844317
0.16090774
0.17013107
0.15622588
0.17633136
0.19876596
0.19321629
0.14880183
0.19576126
0.20479470
0.18364314
0.18391244
0.14943650
0.21332274
0.17598833
0.14578450
0.17960627
0.15429534
0.16639959
0.19995529
0.20187086
0.16184748
0.16863382
0.21008174
0.18205133
0.19346973
0.20201835
0.18322080
0.15963063
0.16919643
0.18141775
0.17652554
0.16882216
0.15921761
0.15297471
0.15820927
0.16463748
0.22138518
0.18466084
0.18376414
0.20760434
0.14887678
0.17759365
0.19051099
0.20694661
0.21478356
0.18898063
0.18965144
0.20511085
0.14599612
0.17689075
0.17034642
0.16633352
0.16012506
0.19352753
0.17847053
0.16155056
0.17492823
0.18044550
0.21977481
0.18245099
0.18328721
0.17601937
0.18022965
0.18620646
0.20371116
0.18946556
0.18234728
0.19099838
0.16367767
0.15891726
0.16925742
0.17223025
0.20791589
0.16958325
0.17789660
0.17127444
0.15930609
0.18291713
0.18443053
0.17922786
0.16898095
0.16658901
0.18765554
0.17771425
0.19880778
0.17699970
0.18853265
0.17200493
0.17688786
0.18468267
0.19625360
0.19352017
0.15691233
0.17939517
0.20499320
0.17173787
0.20307763
0.14450948
0.15025145
0.21561149
0.17964013
0.17238331
0.18728080
0.16772980
0.17943884
0.18428330
0.17008679
0.16571422
0.19105576
0.13911059
0.16779664
0.20735640
0.20100866
0.15004103
0.19523200
0.27466061
0.14050254
0.17104287
0.18507543
0.19570515
0.17629419
0.16204288
0.15342302
0.16341833
0.19033066
0.22558908
0.19699376
0.15285661
0.17069607
0.16752899
0.22085620
0.16029050
0.15031903
0.17465311
0.16708447
0.15729696
0.19017479
0.18693501
0.16798629
0.17007873
0.20195134
0.16961533
0.15750251
0.18094429
0.20010400
0.17006356
0.19003232
0.15923858
0.18047802
0.16134715
0.21446336
0.18454025
0.20416621
0.16881234
0.15824837
0.19137124
0.15914613
0.14807191
0.16241447
0.16436464
0.17492125
0.18640277
0.17261117
0.18693647
0.18375798
0.18559437
0.24149093
0.18311512
0.17178014
0.17019792
0.19594332
0.19032130
0.15163679
0.15799071
0.20053041
0.18230475
0.15528216
0.16559191
0.16842626
0.17955827
0.16423205
0.19246418
0.19432823
0.18404672
0.18766213
0.18470017
0.16624773
0.19644033
0.18428730
0.19406842
0.17986301
0.15752613
0.18665245
0.15271799
0.15832269
0.16943509
0.16534044
0.22139573
0.19385708
0.13908101
0.20686089
0.18001872
0.17729614
0.18122569
0.12411919
0.19660820
0.19795050
0.16862678
0.13673530
0.15561025
0.18792124
0.18047134
0.21589427
0.19954725
0.16586885
0.15565747
0.17883104
0.15430506
0.16132282
0.17934067
0.14800067
0.19470652
0.14816862
0.19225143
0.19075980
0.21757670
0.19383280
0.19827221
0.17750621
0.15325416
0.17351474
0.20663532
0.14861537
0.21614502
0.17785852
0.21027108
0.18371367
0.19396924
0.18860171
0.19344572
0.16460915
0.19037008
0.21123341
0.14667331
0.19177658
0.20519716
0.15343492
0.18270062
0.20281874
0.20643328
0.16777236
0.17933497
0.19189320
0.21850473
0.18657401
0.15625143
0.18201806
0.16435832
0.17748005
0.16316641
0.18693818
0.17124037
0.14856150
0.17712462
0.19025156
0.19978090
0.18273483
0.18393862
0.18789629
0.18326003
0.16834260
0.17746853
0.15317037
0.18954638
0.19784803
0.17157761
0.17991033
0.18263177
0.16030562
0.19847456
0.16604189
0.18893350
0.19040401
0.16238991
0.20366330
0.16455742
0.15276494
0.16585306
0.21629356
0.16052806
0.17113889
0.18886855
0.17460166
0.16575751
0.17243491
0.17454410
0.20572728
0.16884821
0.17659556
0.17898288
0.15261507
0.17843307
0.16468122
0.16551824
0.15170105
0.19095133
0.25957728
0.18267236
0.18197626
0.14874481
0.16416408
0.18855851
0.17104959
0.19768142
0.18212170
0.17750527
0.17997901
0.16227759
0.16589141
0.18660752
0.17364330
0.16613065
0.17199191
0.22333160
0.19388183
0.16968882
0.18312812
0.18134847
0.15798617
0.17642754
0.19296082
0.20353438
0.20227169
0.19711641
0.16499426
0.16251808
0.14969688
0.22587205
0.22765074
0.20182479
0.14605157
0.13776714
0.14675356
0.21018379
0.20055492
0.17703726
0.19832639
0.20198778
0.19186905
0.17957301
0.16582423
0.16356047
0.16109596
0.19415916
0.14786010
0.16605859
0.15489503
0.17416259
0.20162696
0.15857688
0.13046769
0.16349312
0.20507691
0.16159448
0.19160815
0.16039138
0.15336020
0.15671926
0.21502908
0.13398847
0.19028405
0.16246364
0.16665083
0.14331192
0.18141107
0.16874367
0.16596708
0.19798336
0.17198390
0.16525126
0.15422681
0.19147172
0.20913648
0.19219297
0.17287002
0.17285962
0.16395088
0.19813840
0.15865358
0.21085398
0.17170587
0.19834321
0.18148479
0.18550651
0.18665510
0.17167265
0.19203107
0.16637657
0.17226111
0.15660288
0.19613099
0.19295003
0.16801792
0.20045351
0.18417416
0.18637783
0.19718140
0.21900942
0.13918643
0.16187655
0.18272656
0.16444326
0.16662146
0.19516129
0.18080951
0.16148555
0.21078194
0.17712829
0.16067799
0.18592660
0.19035356
0.17456123
0.16744447
0.16968306
0.19788212
0.15489251
0.20217241
0.21180849
0.16668787
0.17647509
0.19052118
0.16108196
0.18667060
0.18698031
0.18719200
0.19741471
0.16961377
0.17279060
0.17033289
0.16648564
0.22625059
0.18196813
0.19647088
0.18037673
0.16888593
0.16105251
0.18001600
0.14803193
0.16192864
0.19350036
0.18113284
0.17163310
0.17350453
0.16263142
0.15501033
0.17559555
0.16098869
0.17760595
0.16539371
0.19035270
0.18101072
0.18339441
0.17620389
0.17469713
0.18027281
0.19270531
0.17716339
0.18430870
0.15001213
0.21310026
0.20107116
0.14402754
0.17627413
0.16339821
0.16650252
0.15788759
0.18384728
0.16835051
0.18318441
0.19820829
0.16186655
0.17190466
0.18320419
0.15730039
0.15860575
0.18839040
0.19120645
0.17742586
0.19205142
0.19181308
0.20561454
0.15344253
0.17723607
0.21975841
0.14660427
0.15581256
0.17404639
0.18213878
0.20141848
0.13773260
0.17748512
0.18404311
0.19601089
0.13018653
0.18918074
0.16957694
0.17537984
0.15494623
0.19684297
0.19512682
0.18678482
0.16929294
0.16392233
0.23082366
0.16883021
0.17275258
0.25265328
0.18357739
0.14842858
0.20579570
0.16465388
0.15715574
0.17210868
0.17672727
0.18932268
0.13175850
0.19838296
0.16245808
0.16390775
0.19136930
0.16869768
0.17917171
0.20171989
0.18547647
0.18000415
0.18551760
0.19082774
0.17753203
0.19028813
0.15944096
0.14940012
0.17899813
0.18439432
0.15539293
0.13682563
0.17673078
0.16436514
0.20606005
0.21191105
0.17646598
0.16290082
0.18397412
0.17860414
0.18709668
0.18481777
0.15957977
0.18981647
0.18194754
0.20563503
0.17081048
0.16063822
0.14027442
0.15047794
0.15951776
0.16113389
0.16171239
0.18826122
0.14165977
0.18086906
0.17578906
0.16233501
0.15261266
0.15514976
0.20540020
0.18134809
0.20790632
0.17107264
0.17685375
0.19819206
0.17642954
0.18344137
0.14697016
0.16276922
0.21131328
0.16889123
0.17792595
0.18327881
0.17988984
0.17517155
0.18996425
0.16937545
0.18233421
0.17721310
0.15175126
0.17739821
0.15670637
0.16690420
0.18001106
0.19748851
0.19938593
0.19579850
0.19810866
0.15624134
0.23868623
0.18223772
0.17342890
0.19928347
0.18144396
0.21193095
0.16483983
0.19486775
0.18821881
0.17438517
0.19736176
0.14812153
0.20864845
0.15261028
0.19007290
0.16848622
0.18517575
0.19143789
0.16134008
0.17382631
0.21834292
0.15724448
0.16770589
0.18969561
0.18776341
0.18109152
0.16979357
0.18234163
0.16957498
0.16111519
0.14758972
0.20426327
0.19987803
0.17136984
0.16559073
0.17430722
0.16475372
0.16396739
0.20470112
0.17854070
0.18087265
0.17575289
0.13654980
0.24676864
0.18995653
0.18858043
0.16556782
0.20089780
0.18987299
0.18293278
0.16490866
0.21316615
0.19024381
0.14901201
0.18431744
0.14370062
0.18287347
0.17556942
0.17518548
0.20828196
0.17798338
0.17865300
0.20438935
0.17523190
0.19116633
0.15364350
0.16960858
0.16620661
0.20540221
0.19633085
0.17011279
0.17168404
0.16298154
0.18335395
0.17348565
0.16349232
0.18416712
0.20203121
0.19845538
0.16757344
0.17656666
0.17714505
0.16748612
0.14142481
0.17784933
0.15591157
0.17535123
0.15321168
0.18379994
0.15261074
0.16546119
0.17640349
0.19357265
0.15654508
0.17494323
0.18440807
0.16281292
0.16952735
0.17664170
0.19621533
0.16927851
0.16511363
0.22375827
0.14308809
0.21247028
0.17215392
0.18899838
0.20519255
0.17638319
0.20834282
0.17570573
0.13166312
0.20366188
0.18475169
0.15874033
0.17498102
0.19510077
0.21304784
0.18019151
0.18399549
0.15687784
0.18490755
0.17494889
0.16090832
0.17996130
0.19410958
0.17365251
0.16401228
0.18745577
0.16594330
0.19144818
0.17368339
0.18518832
0.18505559
0.15956554
0.21937301
0.21235017
0.13867059
0.18075983
0.16766356
0.16589607
0.18686148
0.16859761
0.16470770
0.15512168
0.18770684
0.18928764
0.18302424
0.19497944
0.16412874
0.21059695
0.18985319
0.18012872
0.18160845
0.19929884
0.17376458
0.17598858
0.14525640
0.16549405
0.18971023
0.16969163
0.17766657
0.18502680
0.20828720
0.16296662
0.18843147
0.18409334
0.14674105
0.19736869
0.17169309
0.18620776
0.17589809
0.15322117
0.19100890
0.22134029
0.18248813
0.14926256
0.21046251
0.16562523
0.18471004
0.21280548
0.16500243
0.15108587
0.20772537
0.19528330
0.18464354
0.15118815
0.19643917
0.19352373
0.17168854
0.17357216
0.17386935
0.18594428
0.20583035
0.15194513
0.22225651
0.18586595
0.17650990
0.20477862
0.18444016
0.18582953
0.17381950
0.22067177
0.16657389
0.17665976
0.18404261
0.16875972
0.19353862
0.13972895
0.19000664
0.17328181
0.17646530
0.18461124
0.15502707
0.16185978
0.17479053
0.18843555
0.12793835
0.16361820
0.20752017
0.17262233
0.15277596
0.16700020
0.20786501
0.20985230
0.16474115
0.18954087
0.18792279
0.16745596
0.18825539
0.17965365
0.20673452
0.18782842
0.19130152
0.17910712
0.17889949
0.19788671
0.18683231
0.19285334
0.15890138
0.17228079
0.14242689
0.18645851
0.17945616
0.15696194
0.18703269
0.16052964
0.17542330
0.17446419
0.17012687
0.19357731
0.19495080
0.17827920
0.15917787
0.19062196
0.16298454
0.16329315
0.18741992
0.15024112
0.19333736
0.17321993
0.15960451
0.18668124
0.20512016
0.13538845
0.18422657
0.19424049
0.17680821
0.19521217
0.20616962
0.17904212
0.15754759
0.22508162
0.15811077
0.16510453
0.17915761
0.15909127
0.15965303
0.19001465
0.18778104
0.15972237
0.16928036
0.19898756
0.15544110
0.13540567
0.17140678
0.22684512
0.16207326
0.17605576
0.16982590
0.22614540
0.20360295
0.17456786
0.21550783
0.23358233
0.19131676
0.17449239
0.15753314
0.18354610
0.22004748
0.14636875
0.18983625
0.18309357
0.14408659
0.23213736
0.20261102
0.19135207
0.21145527
0.15084690
0.18575283
0.21362091
0.20154804
0.13130229
0.18596888
0.13905907
0.16159134
0.23854994
0.16101178
0.16404241
0.17006225
0.17273548
0.17048991
0.18977543
0.16850297
0.20150422
0.18611101
0.18902845
0.16119374
0.18792631
0.17145087
0.19678105
0.19035465
0.18326272
0.18173874
0.17381346
0.16829547
0.20037959
0.21138249
0.15604131
0.15211380
0.18410763
0.16731499
0.17004904
0.20104446
0.17893875
0.17068785
0.18299456
0.19911105
0.18288915
0.17912754
0.17414452
0.17641659
0.20266057
0.18615173
0.19568686
0.19941138
0.17877948
0.18124404
0.16971728
0.18732170
0.15979476
0.18505156
0.16981668
0.15937606
0.20090678
0.19449835
0.21339299
0.17243148
0.18360881
0.18941517
0.20490255
0.16315737
0.17891658
0.18372358
0.16297734
0.17247483
0.15366958
0.17669214
0.21355132
0.18795981
0.18469379
0.19581518
0.17877801
0.19586997
0.17167639
0.16525495
0.20716417
0.15686728
0.18318235
0.13816873
0.16647917
0.17194223
0.15898858
0.19174320
0.16546063
0.20171540
0.13693278
0.19437034
0.16442497
0.17086605
0.19022696
0.16978185
0.19719365
0.19489174
0.18262282
0.20060783
0.17579920
0.19437842
0.19198171
0.17088052
0.17470304
0.18870856
0.16897094
0.17642616
0.24650114
0.17387793
0.21084685
0.19014932
0.16524207
0.19887547
0.16241077
0.16305806
0.22706803
0.20297854
0.19595343
0.17057426
0.16577816
0.17708545
0.14169031
0.19479396
0.15281877
0.17461276
0.20428505
0.22041340
0.16953176
0.20397331
0.16061534
0.20271301
0.18354317
0.15542324
0.16059412
0.16459506
0.17096009
0.17217483
0.19319159
0.16864803
0.12917048
0.16989661
0.16292916
0.19528400
0.17039221
0.18525249
0.17907084
0.16114133
0.16397657
0.15724334
0.18334525
0.16930317
0.17633274
0.16772613
0.18791705
0.19839107
0.18064586
0.19159262
0.17086513
0.18670698
0.17062831
0.15888245
0.16953851
0.15329196
0.20736830
0.19752208
0.14872103
0.16156505
0.16269299
0.17977381
0.19128382
0.20787210
0.19411486
0.15524410
0.19398171
0.18901351
0.19248882
0.16505670
0.17121089
0.15680035
0.19749512
0.18919410
0.16493016
0.16468728
0.17938148
0.22950824
0.19111750
0.18798436
0.21981243
0.18860800
0.17201552
0.16339552
0.18177892
0.16965129
0.20325828
0.16865165
0.17408236
0.16492206
0.14908075
0.15960999
0.16183155
0.17383017
0.15958900
0.15560328
0.14830377
0.19165320
0.18847781
0.23151769
0.16864006
0.17017730
0.18793178
0.18997383
0.17335211
0.16436646
0.19494303
0.18214682
0.15608796
0.17071654
0.20080052
0.19959892
0.19207599
0.19328711
0.17445038
0.18518098
0.19056656
0.15767070
0.15971359
0.20267528
0.16247082
0.14835304
0.17158120
0.17195220
0.17192860
0.18658379
0.15924197
0.18806672
0.15802892
0.16835000
0.18358436
0.17804556
0.19546444
0.17384929
0.17934675
0.17735386
0.20707805
0.17451522
0.18910509
0.16969157
0.18381474
0.18480568
0.18127763
0.18795188
0.17590216
0.16507092
0.20970247
0.15811864
0.16916442
0.17468266
0.16647230
0.18533348
0.18586718
0.15915205
0.18776358
0.17227424
0.14943423
0.18716416
0.16040236
0.17609138
0.15746747
0.16382179
0.15901797
0.18531952
0.17259279
0.16300085
0.16333973
0.17121086
0.15865311
0.19536446
0.16741348
0.16062630
0.16121267
0.16866916
0.16570992
0.19223178
0.16432979
0.19964683
0.16971019
0.20952521
0.24183236
0.16019671
0.14994653
0.18684266
0.18689342
0.18479643
0.16313595
0.14205574
0.18969941
0.16783310
0.20404085
0.18995820
0.18975802
0.17887498
0.19707949
0.21498781
0.15512214
0.18025054
0.16148200
0.18444612
0.20738578
0.18656765
0.18260335
0.17187522
0.17900741
0.16727096
0.17466287
0.21925430
0.15747450
0.16930453
0.18443431
0.19045001
0.17381357
0.17464354
0.16148410
0.16342148
0.18974521
0.18037378
0.19342182
0.18107682
0.14117468
0.20060528
0.14468879
0.20846139
0.16264450
0.22788734
0.15842339
0.21885280
0.18240437
0.18851118
0.18183410
0.17719789
0.17533811
0.18667121
0.23146274
0.19529848
0.16553980
0.15905418
0.17923848
0.17200229
0.16136734
0.16482368
0.18336453
0.16484567
0.20469319
0.17535937
0.17507846
0.17850752
0.19429762
0.17970218
0.19245825
0.17189461
0.14934021
0.17952644
0.15863193
0.15310581
0.18841690
0.17517642
0.20421547
0.19049779
0.17715998
0.14917793
0.18872065
0.16397948
0.20943325
0.19317030
0.15956318
0.16141774
0.18478893
0.16397461
0.16907496
0.18551778
0.18419029
0.15878609
0.17772968
0.16531881
0.17597329
0.18278892
0.18324548
0.20282168
0.16805202
0.16649099
0.17125073
0.18007412
0.17046911
0.16158717
0.20197689
0.20732490
0.17130874
0.21318435
0.14730797
0.15957407
0.18733493
0.19328895
0.15552241
0.19633584
0.16596057
0.20168788
0.15273330
0.17755175
0.20408412
0.16569658
0.19584945
0.17839978
0.17266384
0.18828175
0.16728431
0.16893190
0.14799249
0.18356821
0.18056213
0.20188559
0.15234882
0.16319738
0.15473059
0.15778368
0.17135185
0.18647932
0.15171111
0.17772109
0.19626738
0.19311745
0.16702722
0.16354017
0.17507598
0.17130288
0.17153611
0.22264527
0.16989454
0.15721965
0.17162628
0.14986393
0.16646354
0.17187211
0.15684469
0.16919870
0.16564712
0.16328981
0.17564532
0.17453065
0.18138062
0.17354240
0.15676040
0.16169848
0.15485045
0.18487852
0.17904791
0.18034577
0.15425371
0.17511472
0.19045741
0.19001720
0.16909253
0.14944486
0.16949453
0.16186070
0.17394356
0.18101358
0.19745759
0.17190401
0.17547908
0.14848941
0.18670189
0.18782759
0.18156478
0.17992896
0.16581682
0.20980059
0.16319069
0.16978081
0.17039360
0.18316234
0.19453197
0.20566946
0.18693076
0.19438331
0.16743154
0.18217979
0.17696493
0.17878966
0.14197531
0.18888698
0.19063944
0.14252761
0.19878959
0.19794332
0.18141019
0.20130944
0.18979334
0.18069587
0.17409130
0.16538474
0.15614181
0.15364463
0.15128034
0.18117076
0.15972224
0.19668675
0.21355615
0.18384579
0.20180523
0.18294183
0.18810773
0.20311946
0.13640643
0.17119861
0.13463146
0.16216775
0.18465663
0.21802821
0.16157969
0.18084348
0.16493114
0.20037446
0.15875294
0.15022618
0.18867723
0.17198272
0.19341413
0.17354951
0.17317503
0.14311116
0.17802229
0.17444003
0.16371899
0.16138077
0.17577691
0.19585904
0.18993557
0.18385319
0.14749312
0.19186540
0.19599955
0.15452289
0.21658185
0.19135837
0.17091839
0.17782412
0.18846816
0.21167685
0.20999377
0.17937023
0.17570321
0.16186494
0.18007454
0.19131416
0.21150493
0.22508250
0.19853083
0.19876230
0.15047494
0.15702052
0.15739909
0.18335896
0.16558503
0.17680736
0.20212388
0.21660759
0.16770505
0.17161781
0.17186666
0.17346619
0.21374219
0.17763882
0.19391736
0.18779239
0.16554494
0.23531986
0.18090134
0.18366288
0.20303952
0.20273255
0.17299280
0.16610230
0.20363868
0.17255235
0.16352156
0.21036114
0.16710536
0.18867993
0.21815357
0.17421321
0.15836846
0.23733710
0.15436920
0.16186549
0.20054552
0.20051447
0.18639049
0.19238475
0.18722409
0.17105005
0.15126262
0.17843796
0.15782132
0.16322004
0.18610774
0.18395414
0.15944427
0.16451013
0.20342398
0.16887510
0.17452353
0.18927655
0.17336195
0.19705084
0.16442137
0.19796872
0.23401582
0.21161961
0.18247712
0.18836608
0.18352997
0.19363896
0.16734944
0.15306726
0.17793413
0.16843950
0.14070550
0.17623146
0.18205416
0.18985412
0.16984007
0.21084687
0.15273465
0.20633077
0.15767553
0.16940224
0.22614836
0.19851958
0.15369144
0.21197185
0.16437059
0.17234418
0.17258802
0.15568908
0.15317341
0.21166353
0.18517443
0.18580771
0.17976807
0.16242294
0.18029696
0.18389187
0.16324023
0.17805149
0.17777493
0.18318487
0.15584364
0.20003320
0.15671315
0.19339642
0.24224423
0.19483343
0.16545179
0.17931181
0.18757030
0.17462212
0.17532080
0.15635538
0.19433871
0.21430568
0.17603617
0.18299627
0.18065476
0.21672896
0.16736197
0.19002664
0.14914244
0.18009096
0.20621044
0.17841729
0.18023665
0.23200985
0.18552870
0.22598768
0.16002671
0.16183284
0.20492187
0.15762867
0.18919756
0.16840719
0.15288937
0.17708906
0.13598473
0.17245724
0.19879974
0.18233577
0.16773430
0.16191223
0.18961678
0.16849657
0.15496792
0.15540621
0.17627374
0.15941324
0.18317876
0.16498927
0.17221905
0.21185494
0.17347137
0.16817418
0.17155229
0.18317545
0.19058369
0.18951104
0.14057641
0.17977847
0.18839227
0.17576992
0.17787914
0.18555073
0.19276110
0.15681365
0.16299680
0.19718605
0.15773909
0.17061465
0.19892946
0.19903729
0.18231580
0.17466262
0.18596196
0.21856961
0.19267082
0.15772056
0.17113498
0.15672355
0.14800171
0.14546626
0.16412281
0.19892190
0.16891951
0.20046261
0.19085686
0.15146599
0.19020522
0.17330651
0.17104314
0.18086282
0.19600336
0.22155843
0.22953439
0.14386589
0.15565312
0.18572413
0.15322376
0.17543053
0.17549481
0.17826094
0.17689370
0.15899396
0.19831232
0.19200448
0.19266463
0.18313577
0.23329202
0.17691940
0.18907843
0.16024736
0.20095316
0.15588588
0.22827988
0.19782031
0.16885075
0.18503665
0.17314664
0.18180861
0.17375266
0.20630914
0.15030203
0.21562778
0.19643416
0.15159033
0.20804732
0.17875507
0.17024817
0.18660799
0.15215127
0.16533125
0.16670495
0.18497713
0.17132776
0.20070015
0.23050795
0.16814786
0.15547544
0.16494109
0.15911403
0.16357818
0.19970260
0.19843480
0.16244506
0.15225819
0.16472581
0.18180293
0.15900000
0.21205651
0.15914265
0.16281141
0.17663409
0.14214657
0.19888681
0.16747997
0.16538530
0.14373198
0.19117160
0.16475560
0.14706526
0.15892221
0.15949869
0.14710802
0.20278205
0.18309057
0.15491354
0.16672159
0.18794346
0.17794797
0.16678405
0.17601721
0.20274796
0.20016036
0.20031086
0.21107419
0.16378702
0.17259322
0.15619131
0.17507166
0.18290680
0.16715148
0.15514993
0.16389722
0.21255615
0.22299548
0.14545631
0.19171801
0.17349112
0.17919980
0.16168178
0.17131968
0.16797435
0.21329968
0.20552318
0.18188932
0.16491643
0.20213423
0.15695397
0.20300136
0.17886857
0.16197455
0.19400115
0.19422702
0.20434618
0.14866034
0.17810146
0.13718104
0.19122707
0.17853093
0.17345467
0.14980164
0.16903423
0.19719803
0.15996266
0.17584193
0.16971759
0.20431578
0.17010011
0.16189670
0.20393005
0.16044265
0.18011203
0.20857556
0.18815085
0.15940457
0.18751748
0.17425621
0.16611439
0.16177582
0.20096205
0.15915428
0.18234638
0.15130386
0.24510885
0.19345439
0.19716400
0.17799905
0.17915958
0.19772691
0.15267968
0.17530742
0.19603906
0.19565403
0.15619283
0.18394015
0.15526991
0.17691229
0.23061040
0.14998818
0.15907117
0.18612576
0.18319961
0.17331172
0.19574577
0.16443679
0.15840344
0.19689237
0.18937790
0.19944938
0.17496718
0.20973725
0.20349977
0.17722085
0.15635182
0.15361446
0.17029207
0.15694486
0.17108447
0.15853594
0.16252335
0.16503429
0.15541851
0.18885557
0.18769712
0.17210811
0.20323431
0.15582580
0.19653109
0.14569503
0.16817980
0.15421777
0.21921655
0.15961197
0.16872936
0.17032331
0.17138499
0.18936037
0.16276113
0.16880832
0.16398206
0.16107644
0.17893729
0.15149077
0.14214852
0.26653870
0.17614233
0.15440446
0.14883154
0.18236795
0.19390088
0.17667447
0.20500538
0.17810044
0.16458635
0.17345065
0.20826456
0.15932866
0.16128238
0.16509726
0.18224287
0.20482470
0.17095968
0.19337998
0.19965942
0.18002139
0.15766895
0.21965277
0.18402864
0.20614247
0.18909573
0.16538676
0.19275069
0.19584833
0.18251099
0.19656461
0.16527708
0.16393886
0.16713839
0.18254404
0.17386874
0.17886463
0.21483064
0.19137868
0.16277200
0.24264306
0.17797475
0.16718155
0.16297422
0.18857009
0.19912476
0.18649964
0.15805390
0.17643499
0.20748650
0.18514257
0.14313997
0.14589494
0.20420484
0.18115080
0.19843047
0.17911404
0.13478937
0.16458365
0.19403162
0.16847837
0.22210507
0.17036382
0.15791365
0.17108005
0.15128985
0.17819174
0.16952205
0.18599152
0.18148509
0.19340836
0.20929995
0.14819224
0.16069649
0.17560239
0.15824457
0.19943329
0.18771547
0.18552522
0.16504732
0.17745463
0.18442859
0.17920761
0.19038921
0.18282534
0.18690188
0.18672100
0.16594163
0.16326843
0.16436921
0.15450424
0.18431192
0.18033387
0.16440539
0.17858847
0.17002741
0.17162752
0.17407411
0.18556350
0.21593465
0.20964545
0.16698744
0.17575135
0.13773216
0.14963663
0.18934685
0.20702231
0.17786541
0.22543615
0.19090761
0.17874139
0.16592975
0.18492903
0.20391058
0.20269994
0.17150186
0.16527011
0.14554778
0.15800001
0.20489200
0.19836024
0.17600400
0.18074305
0.17531527
0.15580901
0.17642425
0.14207448
0.18220280
0.18766129
0.21260941
0.16764096
0.18520668
0.19112626
0.17730503
0.18360329
0.16846356
0.18920118
0.15923619
0.18708051
0.16517157
0.14520296
0.17198101
0.16025708
0.17054150
0.18546069
0.14042795
0.19187240
0.18346536
0.16734867
0.16935413
0.15704633
0.18124592
0.18086335
0.16892216
0.17863955
0.22627546
0.17087535
0.20346176
0.16950420
0.17842472
0.17863604
0.17661731
0.19604993
0.16542889
0.17116881
0.20389949
0.15391286
0.16455261
0.17788747
0.16762629
0.21206195
0.14592826
0.19614701
0.16892434
0.18090790
0.15804976
0.16008418
0.15427545
0.16126346
0.19085512
0.18697013
0.18330643
0.18492372
0.20390934
0.17494860
0.17172210
0.19480805
0.18283604
0.21209098
0.15985688
0.15325511
0.16267275
0.18797689
0.17762994
0.15039959
0.17419279
0.16994885
0.18660831
0.21090310
0.14937929
0.21737322
0.18261089
0.14045542
0.20151720
0.16321539
0.15498234
0.18915378
0.18250718
0.16195233
0.18165050
0.18033697
0.18076031
0.15541464
0.18889508
0.19406588
0.15648190
0.18776742
0.17756652
0.16279646
0.16829810
0.15367704
0.15885742
0.20247125
0.19919708
0.15568102
0.16488101
0.17499299
0.19102774
0.15270341
0.17576731
0.18864877
0.18245230
0.15736285
0.17717306
0.18474061
0.16498671
0.18763554
0.21172238
0.16196646
0.18346322
0.14908206
0.15536671
0.23327001
0.20463940
0.14924551
0.15209157
0.17413376
0.15826850
0.18512076
0.14752649
0.18562928
0.14914491
0.18989390
0.17010800
0.14233936
0.17572969
0.16301410
0.18611354
0.18448339
0.16623426
0.17874590
0.14362592
0.22500243
0.20666345
0.16379283
0.16655309
0.18726496
0.18459968
0.18709529
0.25575154
0.18383577
0.20146102
0.21747456
0.15739967
0.19595549
0.18355991
0.20025068
0.17871435
0.18538428
0.19793325
0.16948857
0.14861757
0.14032343
0.16521391
0.16360947
0.21230589
0.15860282
0.17307495
0.15409338
0.18010042
0.17527091
0.18365303
0.16712767
0.16904494
0.16331195
0.18699567
0.22288841
0.20595008
0.17200353
0.17622552
0.16886002
0.19065616
0.20439782
0.18167883
0.17483703
0.18803316
0.18481617
0.19052752
0.18060451
0.19038322
0.20450517
0.17886415
0.15033092
0.16960391
0.17092305
0.20505819
0.16910855
0.16812766
0.19632781
0.19165054
0.17819698
0.17491654
0.20856295
0.17485261
0.17317943
0.16419171
0.18773167
0.21811239
0.18903467
0.17926581
0.19226644
0.19613995
0.17666133
0.18738494
0.18004604
0.19646566
0.17609393
0.17706214
0.14418098
0.15945003
0.21946009
0.19935768
0.17440945
0.17954927
0.18176358
0.19591520
0.19024673
0.18383975
0.17563772
0.18280187
0.19998909
0.15543988
0.17870558
0.15346965
0.19882366
0.16917224
0.14472772
0.16972621
0.15262817
0.15211778
0.17729391
0.15997805
0.18866773
0.13001412
0.17364674
0.16892004
0.20107649
0.18536321
0.14889498
0.16950575
0.19262480
0.22271392
0.18425320
0.17997704
0.19199223
0.17565582
0.17064638
0.18795514
0.20304411
0.15274203
0.20887739
0.16639247
0.16733965
0.19936625
0.21827304
0.20694510
0.19616280
0.17112993
0.15645585
0.18343367
0.18165790
0.15499679
0.15536010
0.18430666
0.16392783
0.16652446
0.18536175
0.19615315
0.17394945
0.17117039
0.19272310
0.17064411
0.15519408
0.17796249
0.19776649
0.16964463
0.19679340
0.16243597
0.14414348
0.18498919
0.18242560
0.16765104
0.18771377
0.20270567
0.19195007
0.18016650
0.22036709
0.16505992
0.18049015
0.18133766
0.15443788
0.13790194
0.19433147
0.22083252
0.17513130
0.15169429
0.20304485
0.19057057
0.17305905
0.16582021
0.18035552
0.18582592
0.18608057
0.20214908
0.14350319
0.16434345
0.14491674
0.20905596
0.20165499
0.18616447
0.15732596
0.17977161
0.20445659
0.18237887
0.16410729
0.20794991
0.19161863
0.18415871
0.19410731
0.18015952
0.16555390
0.16825869
0.20551095
0.15632566
0.17145171
0.18173221
0.17499154
0.18590608
0.20445135
0.18001095
0.16655779
0.17538431
0.15958700
0.17889600
0.17844028
0.16227426
0.15544780
0.16930344
0.14980547
0.17229621
0.17599602
0.18462954
0.17060712
0.15925423
0.16591360
0.17110388
0.19437529
0.17786069
0.17800107
0.18103259
0.17524346
0.16307012
0.16985728
0.15431930
0.19875837
0.19368876
0.19987412
0.19173977
0.17050807
0.16897684
0.20724379
0.20021295
0.15054591
0.15460389
0.17933685
0.15192441
0.15698300
0.17374782
0.16143946
0.17922941
0.16098444
0.15648078
0.20574570
0.19569051
0.16074287
0.18034452
0.17361048
0.14571702
0.19268407
0.16661993
0.17387912
0.15492389
0.16516686
0.17818520
0.19866289
0.17625540
0.16203063
0.20119803
0.19077799
0.18113535
0.17034523
0.16260044
0.16533794
0.17185010
0.16407031
0.20934882
0.19713736
0.16905314
0.17032320
0.15757680
0.15733491
0.18952390
0.17983463
0.17715898
0.17499255
0.15916681
0.18080230
0.18242799
0.20071552
0.18433635
0.17600009
0.18851855
0.17464200
0.16482239
0.19249957
0.20864112
0.18911512
0.18197205
0.16269204
0.19531915
0.19818898
0.20198510
0.17904625
0.15213616
0.19223007
0.17321127
0.22586419
0.16499419
0.21634561
0.12720816
0.21505587
0.20511493
0.16911391
0.17036944
0.18483375
0.18276953
0.18528888
0.15413876
0.17703899
0.18733910
0.18888472
0.16714686
0.15542583
0.15494948
0.19149551
0.16858505
0.17162140
0.19774717
0.21122038
0.17536020
0.15429611
0.22256437
0.16517421
0.23180348
0.16877772
0.17757369
0.19412909
0.17765780
0.15649844
0.18259585
0.19687065
0.19897735
0.17062518
0.14644576
0.22657933
0.18616235
0.22525619
0.18679742
0.20657607
0.18181414
0.20402758
0.19013394
0.18008165
0.17981864
0.17542529
0.17830250
0.19763110
0.21772644
0.18588497
0.20756003
0.16605500
0.15602072
0.20127943
0.21183877
0.14225424
0.18934067
0.20527886
0.16675862
0.15911724
0.18628545
0.20219133
0.20016049
0.22224056
0.21140237
0.16928057
0.19564926
0.18363332
0.14887616
0.17244065
0.16366956
0.17174649
0.17489838
0.16836931
0.20169623
0.18140166
0.18302724
0.16254162
0.17109844
0.15869603
0.17566505
0.20141713
0.21073216
0.21325483
0.18640449
0.16622587
0.15464463
0.16131186
0.21472236
0.20640204
0.20499820
0.17801723
0.14285007
0.18202504
0.18794556
0.20756058
0.17280479
0.17355739
0.16839468
0.15562881
0.20899390
0.18153751
0.16897989
0.27540027
0.16388309
0.21486915
0.15002434
0.17795020
0.16131750
0.16142354
0.18787422
0.19128830
0.17563674
0.23266131
0.22390682
0.20628843
0.19518480
0.16317242
0.16301632
0.17097107
0.18302478
0.19941556
0.20605247
0.18616794
0.18726188
0.20625076
0.18160555
0.16578786
0.17625442
0.21929553
0.17282290
0.18824436
0.16578493
0.17349120
0.17541557
0.19286254
0.16908606
0.20096013
0.16901592
0.16317626
0.17927106
0.14650496
0.18975410
0.17318767
0.17571695
0.16972153
0.21209736
0.18212992
0.18012412
0.15830518
0.16792890
0.15575859
0.19617688
0.16464799
0.18424034
0.17726821
0.23142076
0.18100165
0.19431490
0.21409797
0.17728796
0.19760189
0.16944726
0.19959218
0.13392406
0.21049501
0.19581628
0.18423962
0.18761795
0.15431908
0.18010797
0.20701090
0.18789703
0.18809271
0.18182379
0.17617359
0.15811049
0.17417469
0.17564416
0.20027845
0.20081419
0.16861977
0.17265747
0.17568478
0.15697011
0.18354369
0.22764415
0.17981178
0.17658425
0.15027926
0.17620413
0.14486855
0.17616014
0.18777811
0.16985491
0.20596863
0.15943761
0.19157650
0.18078239
0.13748863
0.16913265
0.18745740
0.21126657
0.16725126
0.18121187
0.16308007
0.15318632
0.19762248
0.17373847
0.25366519
0.16138419
0.17113597
0.15649113
0.20378151
0.18855773
0.16635233
0.18417618
0.16340230
0.20140390
0.20612689
0.15879617
0.20064002
0.16604783
0.17521977
0.17887263
0.18783290
0.16563024
0.14699115
0.18244429
0.21584929
0.15431803
0.19632127
0.20406653
0.16903178
0.17207471
0.16469724
0.19174814
0.15146600
0.15522610
0.15878711
0.16214742
0.17366077
0.18145358
0.14909190
0.15566301
0.18987566
0.19121738
0.15152306
0.16557707
0.19139619
0.18601394
0.18593874
0.19374291
0.16897812
0.18337649
0.22134057
0.17092852
0.18304287
0.16322749
0.16500990
0.18676403
0.14471674
0.16245534
0.16428496
0.15661728
0.17734413
0.17858325
0.20837765
0.16408514
0.17369199
0.16864145
0.18513385
0.18773890
0.17032273
0.16181061
0.17043297
0.20247750
0.20713748
0.15207383
0.20125280
0.15867643
0.14824407
0.18149585
0.17697224
0.16648422
0.18528253
0.13983433
0.17854408
0.18451327
0.15885521
0.20569914
0.15504801
0.18941311
0.18018608
0.17246651
0.22302908
0.15258929
0.18605488
0.20352948
0.20816190
0.19285562
0.19089143
0.18601136
0.16633478
0.18733255
0.16001629
0.17856134
0.14510546
0.17346038
0.14518742
0.12407794
0.17338584
0.17976708
0.22353629
0.15081582
0.18264861
0.17925585
0.16784936
0.17940398
0.15488975
0.16325029
0.18395196
0.16509801
0.19378098
0.16255970
0.15484950
0.16477653
0.17500264
0.15968000
0.17455256
0.14775112
0.19118684
0.16818775
0.20007365
0.18408524
0.16789134
0.18147077
0.18243742
0.21066728
0.17226406
0.18888884
0.16930628
0.20439983
0.18065031
0.18303727
0.17135472
0.18374126
0.17452550
0.19959501
0.19037470
0.20893808
0.16053174
0.18141315
0.18935120
0.17886629
0.20822932
0.16185062
0.17530909
0.16659127
0.20149041
0.16171167
0.20611234
0.17097941
0.15900476
0.16989974
0.18882071
0.18406471
0.16233917
0.17128838
0.18676449
0.19382892
0.15429508
0.15131862
0.17961806
0.20309873
0.18668668
0.17331496
0.14992963
0.17719134
0.18950794
0.15494514
0.18443431
0.17291762
0.19539779
0.18556847
0.16448255
0.16142982
0.18591923
0.17306168
0.19119877
0.17317559
0.19272270
0.16288614
0.17030837
0.15901458
0.14975568
0.19274901
0.20177032
0.16446479
0.18801449
0.18945132
0.17070827
0.17039147
0.14690070
0.18179138
0.18873556
0.17704401
0.14865060
0.18871813
0.17751608
0.18836644
0.16828058
0.21009808
0.19916018
0.17052529
0.17127768
0.16719308
0.19761130
0.17231626
0.15471664
0.17353014
0.16637507
0.19204877
0.15227198
0.17557921
0.17105688
0.16345486
0.16679691
0.17864332
0.15648133
0.19437983
0.15853290
0.21291495
0.17850817
0.15246920
0.18663822
0.19452361
0.15857671
0.17594326
0.14065022
0.20940223
0.17569055
0.17684272
0.17048637
0.16915570
0.19176612
0.18771208
0.15144079
0.19223068
0.18215640
0.15020648
0.22057106
0.15765826
0.15368777
0.18504609
0.14851895
0.21812187
0.20771036
0.19319010
0.17129666
0.20982298
0.17682130
0.19667369
0.15142916
0.16222409
0.20047028
0.17162220
0.17004443
0.18426378
0.17541521
0.18105618
0.17919660
0.18453404
0.16302746
0.17339486
0.19804982
0.18706137
0.19218762
0.16854938
0.21311843
0.22557784
0.17454764
0.17921918
0.16821125
0.18725756
0.18004375
0.16433408
0.14464842
0.15871640
0.15943189
0.17803153
0.17620550
0.16808856
0.22662245
0.17823482
0.18702707
0.15635625
0.17557036
0.16568313
0.21242507
0.19201952
0.16076112
0.16756422
0.17401640
0.17375777
0.19519956
0.16723358
0.17529670
0.17788648
0.15185951
0.16487583
0.23852372
0.16791733
0.21133991
0.17846479
0.18773718
0.15988681
0.18311883
0.17332434
0.18189941
0.13904184
0.20288667
0.18497841
0.15520005
0.19157706
0.16764361
0.18709139
0.22657134
0.19486012
0.17823950
0.18383021
0.18600110
0.17672249
0.17212992
0.20558360
0.17430236
0.17863586
0.18307261
0.17961470
0.18443718
0.19092930
0.15970545
0.17688353
0.17917080
0.20562979
0.15345136
0.19121157
0.24017782
0.18849969
0.18273823
0.17522517
0.15152071
0.15726914
0.15904435
0.18563947
0.18638089
0.20171128
0.16308878
0.18502523
0.17828195
0.18739905
0.17387310
0.17799836
0.17794135
0.22150376
0.18682911
0.16864130
0.15206563
0.16737232
0.17434163
0.14755340
0.18955548
0.15625581
0.21051667
0.15600980
0.18585329
0.17296941
0.21450733
0.18097456
0.15922756
0.23404379
0.17260718
0.17569515
0.18534593
0.16411838
0.16570084
0.17060733
0.16268738
0.17659565
0.22003130
0.16627908
0.18168535
0.15747932
0.19306320
0.19823987
0.15743907
0.19258178
0.15996435
0.15391539
0.16963900
0.16621799
0.19193315
0.17999587
0.17987820
0.16546576
0.18802761
0.17821154
0.19782050
0.16640748
0.18983700
0.16984094
0.18453155
0.18894513
0.20339157
0.16610281
0.16834083
0.16720028
0.18781499
0.17630072
0.15396317
0.15222420
0.18556827
0.16822788
0.15847986
0.19303979
0.22345045
0.14776400
0.17488037
0.17079189
0.16475012
0.17573934
0.17882499
0.18486416
0.19296509
0.17215530
0.18069924
0.17072346
0.16990705
0.16125912
0.19106742
0.20755700
0.15380783
0.15645044
0.16755505
0.14321636
0.19395326
0.16866061
0.17048543
0.14622885
0.22055413
0.17193392
0.14682398
0.15723045
0.19234824
0.18236701
0.18366418
0.19414310
0.16554044
0.15691188
0.16624946
0.16543710
0.16630177
0.17112033
0.21376820
0.17276607
0.18284595
0.17798356
0.20516769
0.15701345
0.17701200
0.16909778
0.17696658
0.18096730
0.19342489
0.19804802
0.21447612
0.16860618
0.19392819
0.16863560
0.18885198
0.15800713
0.20718037
0.16806208
0.16425645
0.16073697
0.15747284
0.18892930
0.16516802
0.14428601
0.17044499
0.21586203
0.14191695
0.25585969
0.18853931
0.17715639
0.18569018
0.15124604
0.19018366
0.19813361
0.17198520
0.18420546
0.17070898
0.14837491
0.19395569
0.18474121
0.15255659
0.16800503
0.17040009
0.16476719
0.15438848
0.16957353
0.17628378
0.17568479
0.19136590
0.19623146
0.20041198
0.15149773
0.18028523
0.15653142
0.16948341
0.19430745
0.23258919
0.16503714
0.18171694
0.18468154
0.15879391
0.15438806
0.15290968
0.21307331
0.16617104
0.19603623
0.18471634
0.17491279
0.16482435
0.17350935
0.16195742
0.15817418
0.16152847
0.18623018
0.20188119
0.13900945
0.21377063
0.17968220
0.16341465
0.15696556
0.17325438
0.15643803
0.20042082
0.17454573
0.19818560
0.16283821
0.18592727
0.19577024
0.19354367
0.17660735
0.16517142
0.18978758
0.18124457
0.16720422
0.20098142
0.19891565
0.14911389
0.19870079
0.18961325
0.18206290
0.19089191
0.17102601
0.21169804
0.17620259
0.17956146
0.18266662
0.18329569
0.19073895
0.16962406
0.15641873
0.19146655
0.20992878
0.20097758
0.21248485
0.18270413
0.17742258
0.18985133
0.22443561
0.20062296
0.17157032
0.18150152
0.19008073
0.15119392
0.21937303
0.18998775
0.15142113
0.16921212
0.16830539
0.18146413
0.14511758
0.20726367
0.14777679
0.17703703
0.15934016
0.20695929
0.18364195
0.16168646
0.15540949
0.20240662
0.18073727
0.22016455
0.17125867
0.15906038
0.13777262
0.17974652
0.16438476
0.18252861
0.18726841
0.14836548
0.19956910
0.15982599
0.16749893
0.14669231
0.18787373
0.16682202
0.15596863
0.17213411
0.19630899
0.20512836
0.18720796
0.19593401
0.16882948
0.16711878
0.18063833
0.16370559
0.16576996
0.17273298
0.17221521
0.14793251
0.18527831
0.18934365
0.15200018
0.21375241
0.15230001
0.17875587
0.19649047
0.17391648
0.15217598
0.15762876
0.17392332
0.17796546
0.17775272
0.16136653
0.16698044
0.15865963
0.17740352
0.17730352
0.18461987
0.18807271
0.18002465
0.17596363
0.17153320
0.22499269
0.22171182
0.19520290
0.15340389
0.18280362
0.15531482
0.20028534
0.16731899
0.17211278
0.18979885
0.17240761
0.17083712
0.22284660
0.17259344
0.16299329
0.17998596
0.14661021
0.17872741
0.15674261
0.22019091
0.21171750
0.16726826
0.17836312
0.17767233
0.17908063
0.15303100
0.19645289
0.17089991
0.15881270
0.20621048
0.15628257
0.16616153
0.16772188
0.17187069
0.15004863
0.17073260
0.18437348
0.17464882
0.21416707
0.22948929
0.16662012
0.21324601
0.14473517
0.19346933
0.16901208
0.19809328
0.17352158
0.14492842
0.15856199
0.16871019
0.17346823
0.18278939
0.21212638
0.15775314
0.16926133
0.15067669
0.17694612
0.16686432
0.15923620
0.19048278
0.14045586
0.17096669
0.17578194
0.20338793
0.16651765
0.15932977
0.16462670
0.22027650
0.18825206
0.17738520
0.20734393
0.19704660
0.18557408
0.17936044
0.16910853
0.18909402
0.18312485
0.22009414
0.16345865
0.14607053
0.20518930
0.15197448
0.15731914
0.19261877
0.17998772
0.19434112
0.16864557
0.18249499
0.20770383
0.16122194
0.17342105
0.21667667
0.21631233
0.18026017
0.20738485
0.22088305
0.16962567
0.18288309
0.18623017
0.16690223
0.15538193
0.15839753
0.17199906
0.17334501
0.18068544
0.18331785
0.16829313
0.20157676
0.17728671
0.18253512
0.14159791
0.16454897
0.17116519
0.17853659
0.19189029
0.15925839
0.17298863
0.17788352
0.18488697
0.15714459
0.20089536
0.17185091
0.18499992
0.18312421
0.16482271
0.19219453
0.16080183
0.15604344
0.18521780
0.18306524
0.17340684
0.17992812
0.16643530
0.17764300
0.15716515
0.15715354
0.13360249
0.18114943
0.21332686
0.15616263
0.20045671
0.19158858
0.17046107
0.17900967
0.20531602
0.14868654
0.18606159
0.15739141
0.16847660
0.17332278
0.17536133
0.17289805
0.15710379
0.16813481
0.16870169
0.17102520
0.14200951
0.20532005
0.17113082
0.23179399
0.19804774
0.17299703
0.20127636
0.15680610
0.15827942
0.16288425
0.16789553
0.18059387
0.18071667
0.19716560
0.17123652
0.17763823
0.19500151
0.18376989
0.18451701
0.25460711
0.23561770
0.18962301
0.18001304
0.18538888
0.15265667
0.18419873
0.17808474
0.15602585
0.21430720
0.20120667
0.21898064
0.18275866
0.16702880
0.15058506
0.17953261
0.14935548
0.14878188
0.20705594
0.15865336
0.19247851
0.15022491
0.15567023
0.16563667
0.17840684
0.18163062
0.16511319
0.15695565
0.18984066
0.16786079
0.18611822
0.19775405
0.18569431
0.16727525
0.19798369
0.15723165
0.16694110
0.16318808
0.18268936
0.21784072
0.18443310
0.17296602
0.17457830
0.18877720
0.22997120
0.16910815
0.16841538
0.14800463
0.16433564
0.18304495
0.17942365
0.18486008
0.22212179
0.17766042
0.17666448
0.15202131
0.18517243
0.18068186
0.17681455
0.15372114
0.15997295
0.19953149
0.22907888
0.19527300
0.19635578
0.17433202
0.16481199
0.17174191
0.16112301
0.17401631
0.16744138
0.15860446
0.19412163
0.18167052
0.16165367
0.16574543
0.18586786
0.20220017
0.18905377
0.15034801
0.15784939
0.21808393
0.15764474
0.16755279
0.14486212
0.15544337
0.21757011
0.16218427
0.19218966
0.19412856
0.15490431
0.19236061
0.20665915
0.19072866
0.16969575
0.17547266
0.17018946
0.20155415
0.16953101
0.17129167
0.18114806
0.18761080
0.15788512
0.18692781
0.17059149
0.16898647
0.20380540
0.18578978
0.15906840
0.17451460
0.21682636
0.19545567
0.14445032
0.17067891
0.15161227
0.16850952
0.17203141
0.19175030
0.18285206
0.16341419
0.16632232
0.14282106
0.16509489
0.13667214
0.12768652
0.18375017
0.14956627
0.16477757
0.17033540
0.14403960
0.15731374
0.15335715
0.19450116
0.17666541
0.18266724
0.17136283
0.15253305
0.15597027
0.16060334
0.17158359
0.19892676
0.16895310
0.17706548
0.18084225
0.15368015
0.17901384
0.21393645
0.16505449
0.18448632
0.17082437
0.24948528
0.16759049
0.17493712
0.15591245
0.15790760
0.18814439
0.16965416
0.18993694
0.14845850
0.19159490
0.16934714
0.17109018
0.18042009
0.18914868
0.18848957
0.13831835
0.16316817
0.16533911
0.18832448
0.16413236
0.17675119
0.18133759
0.17098415
0.14849161
0.15747770
0.17129429
0.18848934
0.14964560
0.16734822
0.18567847
0.16780698
0.17124310
0.19807592
0.19068829
0.18844738
0.17831576
0.20225226
0.17414602
0.17351999
0.17219053
0.18274806
0.15665756
0.22323391
0.16079179
0.18310943
0.23653970
0.20691102
0.16274349
0.15330147
0.15484250
0.17988840
0.17825403
0.18110554
0.15025562
0.14826143
0.19596060
0.18047021
0.20243997
0.15761704
0.17847410
0.17116421
0.18948646
0.15560752
0.17532356
0.19785168
0.16451275
0.17302620
0.17425403
0.17813302
0.19810406
0.15913984
0.18870984
0.16314502
0.19425725
0.18729568
0.16492728
0.20766626
0.17156521
0.17434314
0.17513857
0.18970067
0.20620825
0.16034398
0.17530824
0.17297628
0.18327208
0.18881037
0.18990141
0.18051333
0.20925407
0.18192526
0.19753643
0.15984193
0.19671989
0.17377803
0.18358817
0.20410097
0.17942369
0.18430787
0.18777466
0.17689406
0.19048606
0.16644755
0.18450511
0.17691622
0.19492315
0.21395285
0.16428344
0.16459077
0.18880268
0.13806583
0.16170327
0.17481206
0.15519438
0.21100801
0.20134613
0.16969222
0.18114603
0.19742517
0.24270272
0.15147342
0.19075475
0.16709887
0.15526761
0.15947484
0.16717834
0.16598010
0.14946667
0.14916119
0.20368430
0.17418956
0.20430412
0.16072591
0.16636036
0.22728179
0.14572613
0.18515087
0.16879338
0.16970901
0.19391717
0.14882977
0.18507012
0.22540118
0.19341233
0.20832073
0.16346203
0.13493634
0.19023414
0.20650002
0.16809937
0.19301691
0.16126540
0.23715072
0.16940663
0.14923700
0.15728478
0.16738292
0.19939145
0.17809878
0.17032441
0.17981825
0.20476756
0.18964257
0.19968535
0.17123164
0.18938305
0.18068576
0.20878929
0.20184346
0.16171755
0.21176883
0.18238348
0.18751303
0.19161510
0.16261409
0.17055636
0.16900040
0.19088607
0.18118172
0.17525553
0.15408078
0.20834938
0.16127190
0.17753581
0.13600843
0.15117698
0.20152887
0.16575809
0.16735003
0.16784283
0.18946756
0.20700881
0.20818347
0.17907075
0.15986132
0.20413954
0.20064840
0.16500609
0.17416699
0.14473722
0.17049893
0.19342549
0.17536750
0.16190200
0.15725458
0.15327734
0.18051558
0.18043602
0.15771563
0.17404043
0.21812274
0.14590761
0.16192139
0.16154221
0.16704649
0.18560297
0.16434973
0.14922563
0.18588152
0.15199726
0.15592823
0.15070785
0.18235324
0.20711806
0.17394567
0.15851747
0.17830788
0.17163591
0.16174509
0.15925162
0.23816152
0.19892457
0.18624903
0.19681952
0.15479995
0.16643522
0.15226156
0.14832272
0.18866382
0.16068461
0.16700526
0.19192905
0.19009473
0.17949595
0.15883572
0.19291485
0.18688645
0.16765305
0.15945143
0.22361367
0.16070908
0.15885770
0.17155497
0.14765153
0.18286240
0.14581269
0.16675574
0.15113072
0.21246658
0.19546042
0.20380169
0.18292610
0.16041976
0.15825046
0.20382404
0.18042975
0.17615452
0.18514389
0.20687324
0.19429889
0.18641572
0.17241705
0.16889867
0.18200591
0.15854418
0.19070929
0.18790244
0.18518232
0.18760706
0.17089145
0.15011528
0.18211793
0.14791494
0.18402257
0.20657218
0.19785738
0.19683742
0.19076004
0.16690429
0.14918253
0.14562574
0.22893371
0.18440642
0.20145471
0.19029349
0.21312585
0.18842443
0.21042256
0.14767568
0.17134599
0.17762092
0.18334977
0.19639594
0.20202819
0.16065293
0.17491519
0.20026563
0.20120332
0.16948107
0.17026822
0.14969909
0.20758105
0.15076666
0.16859071
0.17269131
0.17650095
0.16351168
0.21686821
0.19227158
0.16527153
0.21696147
0.16908803
0.23282527
0.20509258
0.15926513
0.18266327
0.20705574
0.14619971
0.19250921
0.14615609
0.17722102
0.16951256
0.16911585
0.17847364
0.18375411
0.16098647
0.18651770
0.18323199
0.22011273
0.18042729
0.14541916
0.15775094
0.21712846
0.14831303
0.16185386
0.18953158
0.18198269
0.15258900
0.16027912
0.18571323
0.20096181
0.19591067
0.21755247
0.15693543
0.19019965
0.16435018
0.15625954
0.18644534
0.17772428
0.20150154
0.18427579
0.19504736
0.14239034
0.17337597
0.19031849
0.19036631
0.17025988
0.15556513
0.14909346
0.16858070
0.19584570
0.17617635
0.17650893
0.18144105
0.16840291
0.18315097
0.20874514
0.19327918
0.17596091
0.15620688
0.19734228
0.18927565
0.17864397
0.17511657
0.14387990
0.15957586
0.20842420
0.20292146
0.18193909
0.16693165
0.17417359
0.15800435
0.15544791
0.20525196
0.17228559
0.18444225
0.18873243
0.17986867
0.19240093
0.17516074
0.20852465
0.19177266
0.17035576
0.14120159
0.20462755
0.17086298
0.16549140
0.15929837
0.19928996
0.17306920
0.17295512
0.17260293
0.17154588
0.21482383
0.18668195
0.14942590
0.18365585
0.13688117
0.18349689
0.18556541
0.15429365
0.17690820
0.17316701
0.19599042
0.19737784
0.15136193
0.21200923
0.18652865
0.14961322
0.14939238
0.20114136
0.18007680
0.17469898
0.20952402
0.16694218
0.18405744
0.16540053
0.16788422
0.19987414
0.18943505
0.16700991
0.16943773
0.14890220
0.17091555
0.14614070
0.19616716
0.16626086
0.16561159
0.18297430
0.15624508
0.19360954
0.18412767
0.15117801
0.17874289
0.17982449
0.16465295
0.17268887
0.19593802
0.22926359
0.19105415
0.17534271
0.18009997
0.20090627
0.18409850
0.20826629
0.20212400
0.16415802
0.17986971
0.15620299
0.19400428
0.18751072
0.17933360
0.16281315
0.22145361
0.19787711
0.16349799
0.17873258
0.19259798
0.20784969
0.15849061
0.18553422
0.18865018
0.16081794
0.16940339
0.18199572
0.17440964
0.19758583
0.15975853
0.18646985
0.17052685
0.19714628
0.16626264
0.17933959
0.18407437
0.17720784
0.18411067
0.15555489
0.16519033
0.18786236
0.21010924
0.17055255
0.18228121
0.19159094
0.19706750
0.18282091
0.18926978
0.19949702
0.16811360
0.19399996
0.16748171
0.17750618
0.15749763
0.22931426
0.16661053
0.17414651
0.16742459
0.22353703
0.15457590
0.18823270
0.16701898
0.19379585
0.16977971
0.19883711
0.17214688
0.17049196
0.16404326
0.19444260
0.19314668
0.18440703
0.16758109
0.18068337
0.19213094
0.19539456
0.18231775
0.18204593
0.16127269
0.18764165
0.15835925
0.14613602
0.17276376
0.17515028
0.19224964
0.16054494
0.16022776
0.20450498
0.19663985
0.20438162
0.14607717
0.18576083
0.20059071
0.16378434
0.16407999
0.18160316
0.18716232
0.13660290
0.20730017
0.19980377
0.15593108
0.15362903
0.20429586
0.17370369
0.21044222
0.19147030
0.14359327
0.16392540
0.14562173
0.19652109
0.20674967
0.16915364
0.14832793
0.15889256
0.20281547
0.17587587
0.18496168
0.17289264
0.21491078
0.17584765
0.16438688
0.14055305
0.20613591
0.15950594
0.16171842
0.18036543
0.14212871
0.17000471
0.15978161
0.15365593
0.17788318
0.17010849
0.20350864
0.14719903
0.17028485
0.18612111
0.16893371
0.16557133
0.16588973
0.16348704
0.15712427
0.16357821
0.17601114
0.19120628
0.18805339
0.16667995
0.20506903
0.14875853
0.16434263
0.17881659
0.19462064
0.16434423
0.17193480
0.16251799
0.19951185
0.20931150
0.19361561
0.16137611
0.18493987
0.21265174
0.22032750
0.16727409
0.15160285
0.18536337
0.18130257
0.16602692
0.15498986
0.15663060
0.16867598
0.20571132
0.21648572
0.16165477
0.15672925
0.17701121
0.18120818
0.20805928
0.18245589
0.20489119
0.17557931
0.16409278
0.20316087
0.16143586
0.20051781
0.16828057
0.17370283
0.17479538
0.17749773
0.15292034
0.18058038
0.15216917
0.16726422
0.19982975
0.20262817
0.16290173
0.16529846
0.18400113
0.14805553
0.16834583
0.17401775
0.19971853
0.17305220
0.16229735
0.15895805
0.18135275
0.16269374
0.17900739
0.18913163
0.19064442
0.19258480
0.17651367
0.13480140
0.17793054
0.16609025
0.17592710
0.18315863
0.21911365
0.21504453
0.17325840
0.17584258
0.21482176
0.17298630
0.20255617
0.17906825
0.17077663
0.19476109
0.18765040
0.24017854
0.19901112
0.17143686
0.16887748
0.16578059
0.18718196
0.18131925
0.18892897
0.19334108
0.16889894
0.14261423
0.23060995
0.20658469
0.16240692
0.19372599
0.15643068
0.19688101
0.15919982
0.20510652
0.15976013
0.17469805
0.18064352
0.18004306
0.15605718
0.17595098
0.17865050
0.16223878
0.17400446
0.17988355
0.20915920
0.16649938
0.18030859
0.20392395
0.17074551
0.16421334
0.19153705
0.16636995
0.20105211
0.13668182
0.16214112
0.16310116
0.19064477
0.13201997
0.16106043
0.14307172
0.16208003
0.14940622
0.21370634
0.19381908
0.23059851
0.17097205
0.21674601
0.17073774
0.18118007
0.16001287
0.17213938
0.16720454
0.15402531
0.17494332
0.17976165
0.19598996
0.18371929
0.17184346
0.16864965
0.15581279
0.19086269
0.17414771
0.14391611
0.17893418
0.19052718
0.13779006
0.16295343
0.20917181
0.18127635
0.16461027
0.18247630
0.19903479
0.15827547
0.22594040
0.18785433
0.16017354
0.18352129
0.21025758
0.18881999
0.16397558
0.17002602
0.18043203
0.18506486
0.15581350
0.17242466
0.17321335
0.16001900
0.15221703
0.16712630
0.17720091
0.19040085
0.18425070
0.21339610
0.17893419
0.15012009
0.18103975
0.19752033
0.17099900
0.17890775
0.15654983
0.17349757
0.19709299
0.19959811
0.17474035
0.23993684
0.17482663
0.20142528
0.19417249
0.17535940
0.18575838
0.19382743
0.17889641
0.16717621
0.17651074
0.15742819
0.16709320
0.18682514
0.17410593
0.16235193
0.20635704
0.18584621
0.17081628
0.17289208
0.16837907
0.18117157
0.19148938
0.18383049
0.17631484
0.18158411
0.17995947
0.17172808
0.19608930
0.19329318
0.17072591
0.19436870
0.14993560
0.24328238
0.20879201
0.21497837
0.16183734
0.17844330
0.17840338
0.20192293
0.18870682
0.19486420
0.16622847
0.16526584
0.16022279
0.16184080
0.19103677
0.16263661
0.20475350
0.18183899
0.20109359
0.17715542
0.18950135
0.18129003
0.17941184
0.18737808
0.18266895
0.19959638
0.18132217
0.18222511
0.18522026
0.13729117
0.23550132
0.15373217
0.17523924
0.17458858
0.18594134
0.20151220
0.20739418
0.20588269
0.18577966
0.17623587
0.16344817
0.18931561
0.20590375
0.18161309
0.15134254
0.17628435
0.16338679
0.17586597
0.17428746
0.15044493
0.18210869
0.17638783
0.21418418
0.18070443
0.18934209
0.17911328
0.17991932
0.16212053
0.18826375
0.19513260
0.19040075
0.17009467
0.15246870
0.15552784
0.15899326
0.18100479
0.15711484
0.20498770
0.18070075
0.17132484
0.16975699
0.18006475
0.16550303
0.17276242
0.19085484
0.18399105
0.18936568
0.18438513
0.17871955
0.17968641
0.21354909
0.17699691
0.18636673
0.17602983
0.17831464
0.17846127
0.16856902
0.21426277
0.15909542
0.18598701
0.19067415
0.15833579
0.18971151
0.19860763
0.14933385
0.18140949
0.15411638
0.16301536
0.17122594
0.18535997
0.16257152
0.17207431
0.18985684
0.17330745
0.22419292
0.16952466
0.18210244
0.17771845
0.23444990
0.18604540
0.17502769
0.17267401
0.22464432
0.20829409
0.18987132
0.20455543
0.16247595
0.16687386
0.19137598
0.19492000
0.18435901
0.19454054
0.17728474
0.16244212
0.17880918
0.15685914
0.19927352
0.22428018
0.17439400
0.19366817
0.16948236
0.16612767
0.14334675
0.19448759
0.17923893
0.20110564
0.12387753
0.17525162
0.16556928
0.17355310
0.16957009
0.15901274
0.18534455
0.15976113
0.17090505
0.17771283
0.20735679
0.19266958
0.18017069
0.17396317
0.19022100
0.17029452
0.16671576
0.16800391
0.18975460
0.17380184
0.17490986
0.17282353
0.18762924
0.22186849
0.18856397
0.16395054
0.16889310
0.18263583
0.19344752
0.21211928
0.16288552
0.18072451
0.17754077
0.18223029
0.18052648
0.15658048
0.19078924
0.19846173
0.16426578
0.17843230
0.18512325
0.18136514
0.15649794
0.16247571
0.16378343
0.18309350
0.15315054
0.17849228
0.18125373
0.17991821
0.15821732
0.18773673
0.17682408
0.19376362
0.17865205
0.17981257
0.17485577
0.18008654
0.16960591
0.18206535
0.14809009
0.16645247
0.18504542
0.17374022
0.19041046
0.17029536
0.17152573
0.17373434
0.17676561
0.17082151
0.15695327
0.16970629
0.20017964
0.17143723
0.17054773
0.20742811
0.17877217
0.14318237
0.15260097
0.16208974
0.17291312
0.16057145
0.16258614
0.16322334
0.19296421
0.17872840
0.17908955
0.20503774
0.17687301
0.19095934
0.21148455
0.17275501
0.15845918
0.19293869
0.16965357
0.18077182
0.14259912
0.17166258
0.18531688
0.14431214
0.18815578
0.16633941
0.13381867
0.16684626
0.16731634
0.17253453
0.15124674
0.19660532
0.19508154
0.16440758
0.14735298
0.17528982
0.23329542
0.20002554
0.21546310
0.17969963
0.16516487
0.18942143
0.19167516
0.21485000
0.16902616
0.24126622
0.19775401
0.17079653
0.16499484
0.20466299
0.19886644
0.22441284
0.20755319
0.18183028
0.19671766
0.18219963
0.18763268
0.16054388
0.18808012
0.17503216
0.13287724
0.18795934
0.22270516
0.16399464
0.20879117
0.15030658
0.17707425
0.14538573
0.20525053
0.17225072
0.17911627
0.16231394
0.17856017
0.21213947
0.19100543
0.22809121
0.20829295
0.19968612
0.18199633
0.18413164
0.17661110
0.16970984
0.17578613
0.19810719
0.15726847
0.16731321
0.19237953
0.19681152
0.17301117
0.18997635
0.16589297
0.20544361
0.16868835
0.22212424
0.16441355
0.18290226
0.21763547
0.18172190
0.21207962
0.17296502
0.20163847
0.23167534
0.20136026
0.15818788
0.17555771
0.18943494
0.18570092
0.19552885
0.17216312
0.18133210
0.17194278
0.20097138
0.21198425
0.19841951
0.19937504
0.17916680
0.17015960
0.18602812
0.17683052
0.20598669
0.17807929
0.22654568
0.14023052
0.15110962
0.17750412
0.20775234
0.19718948
0.15888939
0.18338428
0.18760387
0.15262984
0.19559195
0.17320931
0.14986119
0.15055443
0.19581341
0.16451586
0.20979702
0.17730269
0.18426682
0.16903355
0.19331943
0.18998934
0.19041544
0.15923545
0.16180012
0.18387791
0.17063863
0.17616481
0.17921838
0.16236122
0.18386295
0.19503012
0.16927490
0.17755659
0.18317551
0.17587916
0.13839052
0.16418813
0.16633941
0.15937841
0.18519932
0.17812964
0.14656584
0.17228882
0.20823495
0.16821681
0.18656278
0.17515976
0.18445080
0.18167262
0.19275293
0.15222251
0.16334161
0.15144417
0.16364747
0.16535810
0.18051213
0.22069949
0.19640594
0.16338154
0.19682531
0.13809172
0.19258301
0.18523771
0.23744249
0.16062454
0.17026565
0.19159173
0.19824447
0.18725083
0.15547265
0.17150018
0.16566180
0.16119847
0.18196902
0.15554103
0.16523280
0.16706084
0.15886612
0.16641258
0.20992051
0.18614200
0.15735088
0.21751466
0.16791027
0.17663833
0.19380026
0.14478273
0.17485994
0.19999100
0.21568189
0.15985793
0.17513306
0.18839297
0.18407119
0.18493595
0.16712557
0.19931445
0.19454761
0.17218372
0.15693054
0.18390305
0.23200665
0.20371678
0.20046128
0.20141524
0.13848637
0.17084965
0.18796407
0.17849215
0.22152272
0.17669495
0.16290912
0.17359515
0.19928761
0.15883050
0.17908462
0.16669911
0.17716443
0.22401535
0.16546360
0.16490099
0.15155241
0.15023363
0.17741197
0.17497169
0.19681138
0.19502774
0.16157352
0.18831682
0.18735014
0.16885371
0.16676830
0.17137818
0.16374564
0.15507330
0.16706368
0.20891735
0.17823225
0.15871101
0.19465547
0.15640418
0.15147141
0.15404872
0.17685121
0.16255225
0.20944253
0.15020488
0.18319814
0.16599892
0.16735611
0.19823055
0.17401130
0.16592286
0.20030994
0.19971632
0.18468115
0.18425735
0.19340290
0.15641873
0.17246567
0.18589536
0.18448671
0.18206134
0.21596965
0.20063599
0.16496407
0.18943112
0.19267467
0.17231765
0.16292942
0.16684878
0.14970252
0.16453124
0.16420631
0.19035422
0.18920071
0.16523024
0.17174395
0.19964128
0.18362056
0.18756369
0.19130442
0.19208981
0.16568227
0.16477781
0.18730857
0.15025671
0.18474625
0.17968398
0.15247798
0.17415059
0.17329326
0.17068598
0.17301787
0.19520267
0.19417724
0.20100905
0.19148655
0.18119197
0.20088838
0.17626102
0.17895696
0.17807471
0.15157522
0.18641614
0.17068687
0.18653145
0.15656347
0.15430307
0.18559680
0.14871353
0.17202646
0.14471307
0.17879817
0.19361789
0.17225971
0.15686172
0.16161507
0.16293223
0.17081007
0.19006665
0.20192746
0.20986034
0.18586556
0.17474865
0.20185506
0.16625699
0.17635542
0.17039587
0.19182637
0.19466521
0.18735649
0.16697550
0.19564732
0.17448489
0.17121999
0.16603655
0.17710529
0.16264977
0.18519018
0.16060292
0.15071006
0.16089813
0.17595290
0.18295924
0.14930701
0.19230643
0.16305114
0.17042825
0.16407734
0.16446787
0.14490305
0.15254477
0.17351412
0.21269524
0.17175356
0.18293358
0.18777239
0.18875780
0.18300837
0.20385758
0.18054806
0.17157761
0.17399421
0.17837072
0.20388101
0.17581867
0.14371870
0.15763470
0.17989280
0.17324159
0.16769707
0.16636757
0.19544768
0.17759531
0.14900421
0.17295833
0.19280574
0.16329218
0.17416727
0.21023297
0.18857363
0.17302029
0.19268743
0.20830814
0.20275392
0.16311206
0.20627895
0.17541381
0.18917066
0.18992083
0.20948715
0.18155486
0.17454477
0.17928737
0.15408899
0.17032476
0.15749641
0.19054156
0.19660313
0.18839752
0.21033229
0.17780040
0.20211348
0.19038605
0.17280726
0.18587496
0.17491181
0.16411684
0.16230988
0.16293256
0.19105258
0.21021476
0.19458040
0.16440611
0.17054013
0.16467442
0.17956016
0.18956173
0.16629814
0.17185973
0.17046718
0.17445837
0.14694175
0.21685985
0.17095132
0.19038655
0.17054478
0.18044484
0.15824986
0.16183660
0.17453671
0.18330396
0.17541583
0.17308291
0.16826571
0.16300307
0.15011468
0.20742289
0.14167181
0.20122501
0.21628357
0.17524361
0.16097393
0.18107917
0.14741912
0.18021342
0.18995556
0.17360353
0.17365936
0.15113802
0.18841530
0.15416083
0.15563582
0.18263958
0.17858321
0.16726163
0.17447930
0.19837256
0.17332187
0.17937886
0.18069761
0.19867524
0.17817126
0.15079837
0.15634058
0.19175490
0.17224067
0.14460450
0.12236769
0.17825747
0.19833013
0.18593754
0.18054617
0.19262658
0.14991435
0.18673394
0.18081706
0.19306978
0.18688370
0.21399292
0.18201000
0.16635736
0.19504441
0.16732902
0.15144072
0.19293286
0.16194257
0.17146054
0.15390168
0.17742286
0.16518357
0.17965195
0.21239839
0.16211827
0.17780622
0.15417992
0.19968253
0.15426414
0.18165959
0.17938665
0.19711615
0.14187626
0.16225442
0.19211957
0.17351791
0.17043333
0.18039703
0.19059694
0.17403239
0.20871145
0.24438469
0.17768426
0.16741209
0.16416999
0.19571069
0.18888311
0.19367625
0.20019261
0.16443864
0.19311782
0.20403274
0.17763277
0.16258812
0.17487471
0.18635704
0.16395232
0.20414018
0.21546711
0.15994952
0.17765899
0.18282926
0.13820551
0.20723226
0.15839700
0.16994733
0.18181529
0.17618460
0.18380555
0.16835510
0.17199380
0.17758791
0.18952620
0.18186204
0.16556793
0.17763810
0.16378733
0.18765469
0.19962238
0.17839269
0.18694337
0.14214730
0.20794075
0.18221832
0.17059749
0.17618764
0.16198094
0.17237353
0.17288570
0.16594068
0.17676810
0.14826122
0.20641150
0.16616710
0.17666586
0.16975059
0.19096640
0.17921441
0.16636262
0.19088603
0.19899961
0.16813046
0.22948865
0.16700562
0.23273194
0.17916845
0.21216364
0.18877107
0.16209006
0.14745835
0.14759291
0.15807902
0.18139081
0.18208917
0.18539397
0.21136587
0.16299044
0.16085178
0.18115266
0.20491565
0.17776636
0.18547496
0.15902414
0.20291824
0.15650253
0.17474995
0.20370173
0.20885541
0.18083707
0.15535249
0.17432880
0.17854475
0.14859352
0.15105473
0.15655477
0.19540428
0.20088364
0.17014103
0.17791432
0.20129831
0.19345654
0.19196087
0.21932364
0.23111406
0.15469150
0.16724855
0.18024712
0.19065258
0.17385891
0.16392561
0.20305428
0.17714610
0.19584900
0.17420192
0.16853214
0.17145868
0.14344011
0.18730625
0.14924740
0.17700148
0.14768953
0.16397341
0.16553801
0.16023349
0.16835919
0.18061713
0.16421849
0.15354468
0.19430807
0.16843595
0.17043850
0.18154270
0.19831797
0.17330018
0.17077259
0.19232589
0.17407123
0.16430605
0.18267206
0.17731651
0.15000980
0.17908906
0.19572841
0.18440342
0.19226333
0.14459987
0.22836228
0.20595376
0.18460183
0.15602321
0.17767947
0.17390723
0.20703417
0.18571429
0.13885045
0.14237315
0.15519397
0.19404875
0.20783101
0.17744693
0.18692658
0.19598999
0.18517568
0.16532456
0.16393903
0.17046413
0.16836046
0.18000008
0.16016613
0.17778104
0.17349612
0.20044451
0.16529740
0.19779194
0.17204422
0.16749240
0.17585232
0.18164169
0.14906161
0.18398665
0.18055323
0.15329660
0.17977103
0.19897350
0.18409967
0.17190016
0.19024556
0.20571500
0.19253958
0.17676936
0.17361345
0.16585300
0.19803143
0.21268325
0.18524446
0.19011553
0.18707987
0.18785389
0.16549721
0.15275580
0.20568620
0.17610040
0.17314056
0.15996855
0.19128625
0.12589199
0.20597272
0.20908153
0.18431754
0.16189273
0.17165783
0.17033651
0.15571356
0.20895131
0.17520184
0.17156788
0.16140423
0.15071574
0.18082023
0.16100089
0.19022754
0.16244888
0.18074399
0.21232029
0.17970713
0.17847702
0.18255937
0.15389034
0.15545173
0.21099352
0.18418300
0.17885827
0.17435389
0.15103950
0.17920293
0.16717698
0.18514127
0.18491768
0.15899008
0.16713418
0.16232050
0.15369568
0.16963589
0.19061039
0.18577938
0.17648076
0.20743787
0.21474895
0.20055901
0.15201664
0.18461102
0.17064354
0.17686255
0.18762777
0.16473801
0.17406269
0.14773387
0.15119546
0.14506545
0.17569471
0.16774653
0.13800682
0.15236751
0.19175183
0.15322812
0.19538454
0.16597613
0.15354309
0.22801367
0.19120234
0.18835075
0.16607241
0.19065031
0.18370723
0.17759170
0.17059880
0.19361653
0.14639908
0.17532273
0.14672908
0.17901476
0.14449690
0.17815415
0.16980280
0.22823161
0.18812326
0.17070505
0.20634422
0.15432302
0.15609856
0.19507383
0.20414038
0.14784734
0.17925969
0.19460597
0.16386931
0.15192911
0.16852813
0.24077423
0.18717808
0.16484028
0.16512455
0.18598632
0.14519153
0.18311666
0.15789063
0.22552763
0.16179396
0.19167090
0.17221828
0.21007789
0.19453872
0.18435716
0.17496555
0.20302496
0.19102477
0.16416141
0.15511738
0.16268443
0.23010161
0.18714922
0.16332664
0.16462253
0.19497026
0.16713616
0.14609517
0.20475643
0.19168968
0.17352643
0.16212416
0.17905065
0.16397787
0.15144472
0.19557640
0.15214448
0.20046226
0.17345914
0.19947605
0.16588953
0.15862587
0.15084090
0.19432171
0.19577699
0.18085261
0.20875085
0.20734036
0.18714704
0.17394520
0.17455996
0.15450975
0.15800873
0.18868156
0.18038691
0.17948439
0.22107835
0.18330031
0.18890930
0.17227183
0.20273209
0.16827687
0.19931451
0.18179494
0.17158483
0.15638816
0.17684824
0.18227383
0.19331840
0.19296594
0.17710585
0.16279192
0.17769315
0.18269915
0.20253542
0.17947174
0.18053866
0.15093445
0.16487222
0.20884084
0.21607061
0.17111359
0.18216387
0.20815847
0.17031946
0.16919961
0.15366209
0.20693479
0.18535477
0.18092534
0.17079475
0.19049856
0.15111471
0.20347638
0.16644389
0.19605879
0.17328060
0.15278603
0.16353981
0.15830754
0.17370957
0.19014520
0.18685240
0.17876943
0.18614086
0.16787199
0.22702337
0.17614985
0.15093892
0.16176267
0.15924681
0.21955978
0.18156938
0.16498679
0.19864089
0.17239267
0.18807099
0.18688908
0.18144306
0.17418787
0.15427634
0.17586289
0.15963230
0.14817075
0.18864095
0.19330474
0.18271976
0.16025040
0.18562393
0.17000572
0.17844960
0.16951841
0.18060473
0.22491669
0.19729219
0.18035429
0.15221331
0.16519759
0.19639022
0.19383455
0.21798521
0.18945590
0.19568755
0.20204665
0.19039112
0.21153045
0.20732657
0.19358738
0.20256910
0.13724608
0.17557788
0.18846388
0.15104318
0.20673070
0.16523906
0.16576593
0.20157944
0.18709827
0.18019148
0.21150874
0.19458005
0.18538794
0.15206486
0.20487288
0.19551593
0.15975288
0.19026854
0.18496846
0.16795653
0.16450422
0.17102990
0.18158049
0.20361736
0.17521630
0.18719017
0.17988703
0.16880195
0.17114123
0.17040705
0.17384203
0.17606017
0.16031441
0.17816729
0.17678128
0.15845729
0.18089671
0.19357183
0.19625901
0.20764757
0.18637216
0.17521406
0.15538766
0.18848520
0.17509705
0.17801828
0.16733609
0.21446670
0.15671460
0.18276530
0.15174197
0.18241468
0.16771673
0.16470449
0.18683802
0.16027907
0.19380652
0.19196588
0.20406381
0.14336105
0.16492150
0.16255522
0.20098900
0.16797878
0.16560331
0.14633267
0.19700367
0.17283925
0.14308013
0.17962300
0.16110089
0.15766002
0.20416747
0.17137850
0.19316207
0.16041457
0.17822355
0.20275111
0.17266808
0.16751433
0.17371287
0.16015277
0.15536796
0.18077003
0.17696250
0.16416881
0.17472928
0.15455828
0.14233264
0.16359540
0.19265042
0.18500877
0.19119536
0.15287564
0.18160693
0.16401460
0.16756760
0.16464788
0.18226297
0.18295581
0.13890647
0.22446425
0.14937962
0.17166536
0.17077207
0.18972123
0.18399525
0.18889400
0.17911016
0.15112327
0.19552398
0.16280135
0.17126425
0.18141552
0.15551713
0.17680066
0.17371878
0.17875307
0.16802351
0.17759050
0.15841890
0.16222081
0.16235512
0.15296383
0.18431745
0.19616588
0.14421310
0.16234963
0.19096247
0.17353030
0.17019452
0.16548258
0.15154239
0.19794561
0.25338099
0.17786197
0.14548232
0.17974653
0.16054679
0.18500590
0.17572294
0.19057814
0.16668859
0.19444753
0.14993537
0.17228974
0.14881301
0.16297096
0.18242705
0.15184739
0.22191650
0.16062309
0.21084068
0.17949492
0.16064662
0.18487144
0.15041983
0.18854844
0.16863339
0.17937381
0.18587024
0.21601313
0.13788000
0.19792668
0.15272198
0.15946981
0.15379506
0.16897508
0.17167153
0.17047168
0.15807047
0.18566111
0.16905183
0.19803592
0.20908667
0.15755003
0.15384428
0.15030101
0.19480418
0.18242990
0.17317464
0.21417855
0.15513278
0.21246763
0.13740439
0.14874053
0.17779316
0.16461307
0.15824059
0.19206673
0.17886012
0.22100984
0.16569163
0.21122311
0.15875059
0.18546538
0.14923890
0.19494264
0.16801788
0.16210286
0.18759697
0.18181207
0.17856558
0.19285719
0.19025780
0.17654922
0.19974506
0.16464330
0.16936773
0.20952767
0.17936135
0.17852156
0.19650608
0.14377048
0.19042864
0.16632893
0.15696948
0.17328339
0.16463728
0.20162666
0.16484725
0.15835232
0.18825778
0.16616504
0.22116280
0.17655933
0.16370790
0.16227357
0.20532586
0.18391044
0.14967130
0.22162604
0.17771716
0.16326424
0.20648063
0.17523684
0.21574210
0.18713856
0.16925755
0.14813788
0.19064788
0.15993598
0.24200187
0.21026324
0.18294759
0.17235551
0.19020720
0.19898331
0.17614560
0.15089878
0.18473461
0.20196027
0.19244227
0.20640069
0.20432036
0.17407123
0.16249305
0.15422614
0.18249486
0.19366873
0.16684331
0.19934707
0.18032770
0.15204015
0.18689216
0.18528507
0.15654125
0.17608643
0.18128960
0.18084654
0.18184447
0.19296930
0.17621521
0.18485897
0.18236946
0.19418826
0.17351257
0.19544931
0.18245743
0.14899922
0.17827878
0.18318960
0.18403848
0.16442125
0.16605974
0.16216763
0.19536721
0.17273519
0.19132318
0.16921790
0.18258809
0.19459650
0.19174103
0.16159505
0.18598186
0.16490580
0.17792895
0.17852998
0.18693756
0.22866117
0.17618700
0.19190234
0.16165689
0.17524652
0.18333957
0.17619217
0.17802881
0.18943795
0.17317306
0.15489082
0.18983461
0.15062938
0.18982702
0.19093279
0.21128684
0.19542880
0.16089470
0.16952909
0.14546276
0.15839176
0.18393440
0.15135607
0.16185566
0.17930847
0.17580904
0.15797971
0.20707105
0.18529249
0.16669398
0.16075570
0.16427214
0.23259793
0.19663259
0.14470334
0.15635283
0.16497428
0.17673310
0.16929759
0.18146635
0.18063433
0.20797646
0.17159467
0.16071506
0.18982305
0.15787146
0.14436836
0.21090677
0.16779261
0.17931621
0.15307130
0.16834927
0.17627085
0.15189806
0.13740603
0.17879461
0.18806559
0.19617152
0.15682857
0.19120807
0.17606961
0.21672440
0.17385741
0.20164008
0.21105988
0.16717799
0.19918903
0.19722111
0.16642165
0.17463706
0.21939305
0.17428811
0.17807625
0.18456565
0.27012326
0.14145678
0.20472862
0.16332650
0.15192750
0.17712674
0.18866166
0.16486677
0.14898257
0.17006401
0.21217709
0.21206832
0.17732343
0.16340706
0.19484300
0.17891785
0.19109538
0.19338806
0.22102101
0.21258628
0.21202367
0.19297976
0.20110301
0.17187492
0.22827569
0.17715674
0.18371587
0.17606367
0.19561033
0.15879325
0.17241346
0.16646392
0.18671011
0.17299365
0.19035128
0.16880675
0.17456082
0.19888585
0.18315970
0.16879389
0.20353059
0.20025944
0.22827039
0.17668307
0.15023559
0.16941926
0.15858147
0.23024337
0.18435011
0.19292865
0.15419052
0.16188769
0.16307237
0.15444777
0.20587496
0.20164930
0.14095622
0.19095588
0.17619404
0.17203788
0.16503672
0.23719219
0.22118554
0.18824065
0.14905950
0.17830729
0.19099217
0.18902342
0.14893101
0.20755748
0.20139147
0.18301560
0.14813210
0.17616209
0.18861575
0.15977841
0.18680842
0.17630744
0.21072227
0.14963461
0.16751004
0.16955310
0.18477872
0.18633487
0.18132997
0.17468539
0.16689543
0.16500205
0.17411119
0.15530245
0.19633376
0.17984596
0.18464720
0.18914142
0.19505012
0.18024246
0.20951263
0.18908339
0.17416220
0.15533141
0.16329052
0.18908611
0.16511335
0.15785815
0.17050052
0.17276901
0.15997602
0.16319778
0.15294503
0.18852472
0.17880737
0.15539309
0.15043021
0.20078462
0.16668478
0.18218408
0.17695083
0.14910029
0.16575580
0.14956586
0.17476689
0.16620187
0.14467567
0.17930529
0.13795528
0.15958126
0.15996229
0.18588910
0.16825215
0.13894249
0.17018980
0.20203217
0.20880904
0.19904731
0.18974117
0.17750258
0.18625589
0.15268205
0.18819509
0.21539430
0.15565591
0.14972162
0.17878975
0.19896131
0.18579441
0.16924236
0.17380904
0.19680044
0.23006180
0.17495953
0.17470647
0.16589265
0.19638135
0.19005011
0.20828814
0.18696934
0.17513302
0.17387619
0.16199227
0.17164666
0.16465159
0.16005909
0.14991048
0.19556847
0.20549301
0.20913068
0.16010335
0.19871880
0.14646921
0.18032269
0.17049671
0.15669393
0.15626323
0.18377613
0.21135688
0.21611816
0.18024045
0.16235106
0.16502824
0.17164652
0.18211654
0.18113629
0.19240329
0.18084178
0.16467921
0.17407096
0.15293869
0.17505585
0.18789794
0.15276451
0.18532194
0.17268991
0.15628968
0.19352755
0.18760354
0.20106866
0.14958749
0.15418908
0.20580607
0.18782003
0.16549658
0.17755400
0.19573187
0.20512200
0.15230838
0.20265707
0.15674457
0.14893404
0.17469123
0.20322577
0.18457440
0.16990274
0.16508098
0.18492272
0.16459478
0.12409537
0.16797303
0.17936305
0.19132963
0.17307772
0.19705581
0.18459108
0.16749101
0.19182806
0.17290772
0.17550310
0.17109003
0.20974391
0.22173244
0.24707747
0.17017772
0.17358837
0.16784916
0.18062333
0.18479811
0.17222159
0.18355541
0.19539488
0.22802194
0.15909236
0.16760059
0.18469141
0.18014477
0.22915873
0.22195419
0.19663664
0.16958380
0.17107932
0.16140286
0.15422899
0.17861458
0.16908774
0.19252675
0.16627041
0.20450543
0.17788058
0.18871628
0.18399758
0.17429716
0.15307936
0.17007306
0.17436478
0.17022082
0.17915255
0.18979016
0.16692250
0.15223984
0.15383776
0.16067028
0.19474365
0.19582512
0.17343731
0.19166237
0.16849335
0.15254672
0.17412129
0.18794710
0.16697545
0.16520201
0.16765023
0.18300206
0.17446420
0.14177025
0.15692945
0.17306450
0.18017197
0.19148757
0.17639823
0.19284816
0.18814581
0.19954309
0.18418962
0.17611342
0.15735997
0.16564962
0.15494917
0.16656914
0.18113593
0.15337947
0.16805555
0.16297460
0.13989034
0.17111846
0.20145090
0.17640338
0.17221021
0.16768487
0.17148206
0.18747651
0.20629254
0.19249893
0.19351499
0.18334564
0.17825357
0.14487890
0.15290796
0.19604308
0.17071183
0.17185948
0.19396130
0.17904654
0.17805640
0.19427789
0.15801806
0.16773854
0.19872788
0.15165640
0.17313362
0.18904552
0.15684342
0.20086260
0.18151428
0.20446162
0.15055481
0.15110012
0.18858224
0.17851241
0.18811363
0.18839413
0.26134242
0.17820902
0.19518057
0.14408021
0.18188286
0.18299321
0.18106110
0.21239323
0.24350240
0.17020997
0.19543458
0.19879649
0.17317635
0.17265528
0.17267005
0.17404396
0.18494494
0.17618263
0.18982031
0.19553129
0.16769455
0.21128628
0.18549132
0.16558206
0.15807328
0.13848393
0.16280931
0.15240789
0.13985153
0.17002487
0.17548745
0.18808529
0.18147176
0.16394726
0.19376830
0.17749780
0.17709288
0.17146432
0.16900942
0.16655557
0.18287365
0.17496361
0.17999963
0.17370048
0.15733990
0.17622415
0.18390181
0.17748551
0.15068639
0.16937060
0.16314709
0.14903698
0.17816693
0.16030452
0.15904997
0.18879195
0.18695244
0.18135563
0.17501898
0.18052090
0.14992899
0.16959482
0.14818308
0.15313521
0.17916428
0.18199814
0.17602572
0.20482050
0.17226432
0.17602232
0.17805914
0.20286526
0.17159533
0.18627300
0.18919519
0.21536205
0.15757493
0.17775742
0.18406496
0.13597872
0.16209764
0.20463019
0.22482023
0.20176245
0.19209434
0.20963321
0.17981379
0.17332334
0.17281951
0.19936148
0.15094018
0.17102802
0.17341840
0.19208208
0.18891886
0.22579154
0.17134472
0.18554739
0.16159515
0.18567972
0.18088240
0.19827016
0.18965010
0.17518553
0.18340859
0.16381547
0.19910650
0.18213216
0.18776916
0.16665505
0.16664061
0.16574162
0.19795839
0.16082335
0.19094475
0.20354526
0.16204682
0.17036081
0.17249091
0.17718065
0.17941705
0.16739546
0.16700377
0.19753085
0.15709192
0.15802307
0.16039930
0.17292180
0.19739640
0.15705408
0.20305098
0.20336346
0.16037824
0.19633208
0.16742088
0.19000734
0.23589698
0.19481958
0.16815112
0.17855680
0.18770479
0.16839858
0.20632128
0.18910141
0.20978855
0.16808285
0.18993705
0.18736224
0.17327196
0.14824301
0.14523040
0.20146550
0.18777353
0.20200136
0.17570863
0.16450753
0.18421186
0.15760098
0.18750248
0.16391729
0.17369011
0.19894257
0.20521213
0.15850587
0.18512599
0.16807666
0.16140216
0.20788861
0.22559107
0.21616767
0.18410248
0.17706276
0.19308207
0.17199555
0.15897453
0.20792483
0.14583192
0.17612966
0.18260962
0.20819329
0.18414768
0.16411162
0.20443445
0.20675562
0.17788848
0.18329754
0.15796347
0.17193907
0.19049320
0.18360543
0.16377318
0.19285284
0.18501065
0.19484344
0.16058540
0.16068062
0.16668137
0.14818645
0.18761103
0.16007117
0.15407853
0.15861259
0.16541803
0.17856788
0.18191098
0.21253067
0.19950027
0.16542567
0.25891354
0.15550201
0.19881961
0.19842228
0.17208781
0.17501146
0.18500351
0.16311780
0.17963166
0.18159696
0.19201873
0.17086903
0.23906599
0.18080831
0.18065780
0.17973924
0.17376253
0.17159420
0.14984411
0.18245299
0.19908629
0.16007039
0.16214569
0.19232583
0.17217063
0.18187326
0.16636162
0.15678444
0.19266724
0.18979597
0.18953063
0.16663164
0.18375960
0.17803982
0.18332144
0.19339786
0.16838207
0.20462562
0.15608016
0.16508323
0.17748706
0.16779876
0.18945956
0.18607755
0.17290890
0.17032684
0.16186488
0.14472932
0.19246563
0.17454256
0.18143852
0.16761442
0.16520594
0.18864424
0.16551958
0.18050861
0.17016683
0.18633804
0.15210093
0.15390921
0.15679229
0.16669764
0.21653448
0.15341650
0.18667968
0.15414076
0.18791996
0.19821861
0.17619493
0.17006497
0.16147994
0.18291988
0.21001438
0.18373636
0.17035854
0.17131961
0.14179801
0.17131735
0.14568415
0.20238990
0.16721751
0.18015624
0.17945298
0.24027378
0.18944975
0.17839966
0.21293314
0.23115973
0.14870280
0.16957149
0.15958096
0.17653111
0.22624438
0.17407272
0.17537805
0.19120440
0.19875562
0.16881673
0.17952222
0.16464116
0.18251914
0.25008884
0.16970768
0.17480716
0.19582136
0.17810715
0.17451876
0.17588131
0.15512397
0.16640539
0.17104880
0.18258305
0.19263228
0.17962054
0.20426075
0.17519539
0.18383645
0.15252761
0.15902593
0.19972108
0.17787784
0.18548093
0.15840924
0.14897944
0.17115889
0.16275347
0.17798656
0.19266813
0.18502943
0.15718791
0.17674609
0.16676277
0.20251376
0.16083971
0.15498731
0.17391110
0.17950091
0.16301401
0.19821381
0.19311738
0.16764609
0.18146791
0.13870957
0.21458598
0.14068155
0.16443626
0.19204444
0.18454375
0.19685880
0.18663886
0.15959449
0.18412046
0.17369135
0.14535589
0.17964562
0.15927936
0.19307867
0.15620089
0.14498408
0.15823448
0.19506804
0.14783615
0.18326926
0.15357234
0.20309436
0.20779129
0.21045790
0.18378261
0.20003313
0.21905831
0.19006581
0.15993279
0.16231388
0.17031324
0.17214707
0.21041673
0.22479902
0.16354066
0.19406456
0.15723402
0.19026940
0.18495588
0.16478775
0.23493032
0.16882042
0.15270528
0.17349864
0.17229527
0.17130733
0.16742678
0.18601512
0.18753775
0.20590636
0.19710569
0.16203385
0.16767156
0.14671166
0.19475090
0.15896128
0.20453456
0.16413173
0.21156454
0.16405799
0.16168996
0.18601327
0.17961979
0.17171280
0.17127456
0.16410120
0.18774382
0.19769826
0.23055927
0.18429225
0.17493304
0.21442387
0.19439654
0.13964476
0.17098994
0.18205895
0.19086329
0.21435112
0.18255016
0.19254714
0.17987239
0.16589233
0.18138487
0.16824996
0.15714892
0.20339706
0.16854305
0.19646580
0.16736776
0.16173602
0.16774746
0.21173958
0.16536661
0.17005663
0.16953139
0.16135225
0.18797871
0.20302036
0.18689728
0.15311350
0.20812964
0.16044822
0.20590358
0.16479677
0.20170460
0.20664654
0.17243806
0.16893252
0.17440036
0.16100898
0.18106417
0.19374073
0.16556957
0.18848139
0.19720133
0.15953227
0.15999021
0.17292805
0.18327753
0.17343811
0.14478787
0.21991477
0.15503155
0.18291781
0.15637381
0.19333158
0.17468385
0.18888023
0.16135437
0.18938224
0.20450105
0.17435822
0.18302673
0.18022882
0.21589512
0.18060607
0.17449007
0.24006257
0.17206600
0.16039346
0.14496019
0.18379757
0.18283361
0.17156838
0.16623315
0.15425197
0.19378045
0.15154914
0.16251755
0.14603164
0.17652632
0.15671014
0.18213110
0.21412525
0.16707239
0.20478997
0.17191201
0.19205610
0.16796929
0.14943896
0.18865508
0.17909490
0.15953498
0.16195480
0.18099701
0.20583272
0.18321995
0.17690416
0.19888215
0.16968854
0.20893684
0.17597723
0.16908505
0.17169030
0.15751083
0.20268467
0.20160166
0.18895560
0.16590892
0.18889093
0.24219831
0.17618782
0.18712063
0.18464756
0.18929849
0.17262700
0.15825377
0.13492059
0.17996369
0.17565637
0.14765513
0.15810450
0.17127186
0.19534541
0.18202844
0.16583400
0.18777091
0.16502573
0.19390276
0.15522962
0.17625813
0.16521819
0.13499684
0.17246652
0.25134483
0.19370449
0.15188612
0.16596499
0.17283288
0.15772957
0.16508391
0.17861088
0.14933207
0.15912998
0.16866535
0.15227306
0.17222160
0.16952911
0.19572907
0.16972371
0.15974678
0.21202542
0.16208442
0.18144454
0.18122486
0.20215960
0.17796578
0.14650157
0.16437229
0.20131450
0.24545946
0.17042866
0.16332847
0.16641663
0.15800068
0.19357779
0.16389744
0.15813336
0.17257047
0.19997800
0.17296708
0.16643235
0.16095938
0.18498419
0.19933785
0.19270585
0.18902795
0.18956121
0.13990888
0.15964495
0.17781192
0.16403755
0.17321620
0.18564913
0.19491349
0.18342912
0.16801047
0.21739735
0.15676879
0.18199308
0.19013094
0.16451235
0.17264438
0.17562679
0.16281498
0.16626797
0.16658967
0.20435455
0.16258461
0.16278241
0.16943834
0.18261966
0.22756715
0.17918727
0.13682202
0.15559330
0.20382625
0.16434717
0.20310341
0.17786745
0.18169453
0.17731716
0.16954234
0.17599066
0.17272108
0.17227680
0.23820979
0.16671936
0.18148423
0.17148731
0.14928717
0.19710823
0.20551763
0.16636982
0.15515695
0.13894563
0.18896228
0.12523155
0.20980543
0.19665479
0.18610849
0.16122006
0.17158758
0.17668708
0.16106361
0.17386924
0.17280675
0.20077692
0.16234142
0.18382202
0.17681318
0.17159224
0.17739959
0.20303368
0.16029608
0.17715170
0.19161937
0.17544924
0.18666274
0.19105461
0.14466295
0.15954090
0.16451412
0.17715454
0.17511335
0.20773380
0.16884527
0.19340217
0.16320062
0.19488039
0.17525149
0.15327694
0.16064181
0.15972236
0.18457284
0.16053837
0.17981502
0.16387097
0.16438353
0.18058962
0.16665164
0.18290539
0.22027542
0.18350586
0.18624073
0.14909341
0.16475096
0.19756499
0.15807264
0.17023268
0.21277017
0.19271388
0.19697153
0.18711652
0.20264131
0.17408019
0.13618027
0.14980274
0.16908225
0.19134263
0.19182934
0.16181491
0.17571981
0.15741885
0.19555467
0.15044312
0.20666981
0.20521068
0.15336049
0.16911573
0.18313054
0.14168954
0.21983301
0.18554053
0.22947876
0.16436418
0.19021644
0.21203009
0.15907355
0.18194539
0.21474498
0.18838826
0.17821633
0.18396851
0.16441265
0.15942299
0.15791045
0.16989061
0.23504279
0.18378965
0.15024271
0.19170971
0.21055902
0.16450260
0.16934192
0.15633119
0.17283645
0.18333950
0.15546323
0.18051876
0.20572321
0.18987959
0.17384594
0.17238562
0.18093710
0.17575440
0.18375118
0.20247991
0.18480733
0.19776267
0.17591739
0.18297397
0.18091260
0.16362549
0.21517868
0.16818773
0.19121127
0.16469064
0.19116500
0.16860793
0.17725860
0.18489822
0.16996366
0.14399921
0.18866365
0.15439315
0.17143146
0.17553233
0.15258500
0.16624413
0.15891867
0.19664116
0.19436555
0.16393850
0.17736236
0.17801932
0.19788150
0.16924813
0.18051467
0.13343650
0.16630182
0.20379938
0.15650468
0.17659198
0.19679590
0.16179930
0.19232585
0.16405495
0.15764568
0.15609669
0.15112495
0.17408213
0.18497965
0.14254503
0.18055656
0.17648738
0.18519512
0.15793813
0.20534430
0.15581726
0.21267126
0.17511753
0.18850012
0.15946739
0.18931095
0.16669426
0.18212974
0.17358223
0.20329647
0.19065526
0.18330714
0.17854904
0.18531845
0.20329938
0.15769485
0.17558926
0.19356357
0.20554896
0.20149119
0.18876810
0.16301357
0.16436825
0.16804612
0.17533992
0.22067424
0.18434244
0.19805101
0.15110672
0.17557271
0.14071824
0.18681048
0.14456609
0.20649425
0.16064130
0.16727493
0.19742168
0.24388193
0.23577291
0.18998486
0.18392415
0.15535752
0.16265705
0.16396820
0.20296545
0.16431804
0.16847916
0.15856008
0.17005694
0.15254923
0.18750015
0.15241599
0.19395506
0.17797432
0.19569616
0.19713265
0.19791004
0.14993763
0.17153691
0.19260436
0.20107625
0.22220436
0.14910365
0.19824486
0.17189843
0.18363445
0.16354779
0.18297874
0.16786818
0.20058429
0.15707769
0.15411869
0.17397640
0.17606789
0.21120097
0.20402177
0.18738435
0.19613220
0.19657916
0.16430796
0.17961672
0.22927531
0.21485638
0.16901566
0.17953282
0.16710035
0.19460406
0.19262655
0.17836998
0.14804984
0.17756997
0.17793142
0.15397742
0.17337678
0.16979907
0.17287265
0.18128618
0.20292191
0.22592433
0.17308791
0.20604814
0.19126772
0.17319942
0.18343706
0.20169517
0.16703979
0.19231257
0.15217048
0.19673022
0.18756748
0.17840409
0.16830853
0.16299139
0.18571585
0.20156556
0.17194604
0.19102255
0.14799515
0.20416533
0.16884257
0.14741806
0.20405532
0.18026438
0.18906807
0.19840190
0.17508518
0.18763192
0.15695291
0.17767747
0.16340778
0.15738633
0.20620937
0.17264369
0.16125412
0.16078816
0.18416884
0.20439969
0.21872957
0.15353041
0.16211227
0.17595199
0.18525489
0.20783993
0.17842990
0.15780898
0.19955465
0.18569296
0.17431257
0.15951309
0.18667517
0.18116551
0.18076614
0.16358579
0.19166534
0.15846810
0.16910936
0.18501453
0.22344718
0.19340497
0.20619370
0.17723417
0.15206179
0.18650502
0.15212130
0.16240322
0.18462388
0.18161605
0.15461402
0.21078627
0.16838042
0.15954402
0.14754468
0.19888451
0.16244658
0.15837057
0.18684468
0.15124271
0.18036594
0.15761587
0.20038115
0.17266767
0.16128358
0.16754504
0.18240169
0.22570343
0.14501873
0.16716320
0.16751945
0.19086516
0.16689332
0.20877784
0.15429543
0.15814703
0.18423007
0.16451789
0.20611216
0.17068209
0.17922517
0.19663436
0.18425652
0.17960468
0.15825466
0.17171492
0.17092718
0.18755314
0.17964803
0.13651876
0.16302958
0.17704626
0.19658903
0.17833282
0.17121481
0.21030829
0.20534485
0.20184242
0.15143862
0.18808831
0.16406919
0.20517736
0.19359945
0.17023998
0.19434389
0.18927655
0.19509886
0.16466238
0.16863264
0.19555728
0.16902805
0.17437994
0.24344337
0.15276476
0.20643868
0.16865233
0.21283160
0.17722964
0.16635730
0.18996329
0.15237790
0.18235115
0.21711566
0.16922970
0.14951180
0.21112117
0.19400361
0.20743152
0.16651609
0.16606318
0.18766062
0.19011996
0.23367850
0.16548309
0.18442905
0.17444905
0.16274694
0.17554487
0.18775646
0.17066081
0.15126798
0.18760801
0.19145640
0.18167947
0.16559069
0.16883765
0.16820106
0.14886739
0.20427698
0.17202251
0.19117462
0.19406883
0.15493404
0.16131546
0.17507220
0.17278439
0.14683710
0.17097585
0.15874573
0.18315629
0.20022106
0.17140824
0.16584561
0.16699404
0.18087903
0.17668773
0.16724469
0.13757204
0.17464902
0.18748041
0.16126636
0.18624959
0.18978183
0.17858511
0.16735757
0.17726850
0.17637795
0.20132598
0.18429918
0.14061038
0.15992212
0.18656909
0.20838456
0.20432750
0.16176766
0.16261457
0.19952865
0.18024354
0.22465304
0.20708864
0.16562277
0.17713917
0.21209655
0.16502176
0.20169027
0.17583507
0.18057146
0.17454858
0.18067957
0.17707840
0.19212409
0.19078557
0.18318972
0.18290056
0.21146720
0.17636973
0.14616441
0.18444305
0.18408965
0.21960922
0.16188526
0.21012879
0.17826565
0.19883252
0.17151555
0.16335539
0.19820593
0.18709605
0.16744558
0.15682643
0.15585992
0.16087690
0.17565394
0.18256056
0.19569472
0.19390037
0.21593942
0.15784294
0.14644408
0.18592207
0.17805388
0.19836976
0.16753219
0.15321969
0.16415530
0.18719228
0.19893617
0.18854247
0.18092063
0.17477508
0.15911253
0.20221685
0.18894906
0.17351386
0.15418491
0.15946671
0.16315405
0.19824441
0.14538152
0.17389750
0.18987563
0.17378215
0.16562647
0.19393049
0.17228054
0.16741251
0.20808135
0.16587894
0.18181825
0.17926722
0.19601288
0.16290915
0.14654623
0.21162273
0.15835838
0.19651781
0.17911613
0.19699632
0.18042022
0.16662181
0.13956401
0.15373145
0.17558485
0.17052307
0.17379107
0.16845673
0.16762964
0.17012797
0.17908734
0.20139540
0.16178829
0.18783348
0.17162398
0.15352370
0.17447647
0.17226614
0.16938363
0.16171405
0.17617094
0.16410787
0.14540299
0.15340672
0.20431303
0.17549677
0.17588100
0.16340946
0.19816989
0.18481974
0.18824616
0.15813790
0.15709320
0.17169585
0.18407052
0.22591711
0.16148819
0.16860310
0.16684834
0.20237786
0.15462242
0.19922856
0.17569131
0.18902999
0.17469895
0.14929892
0.19467761
0.19999161
0.17539875
0.16785184
0.17877268
0.15656414
0.18446187
0.17583414
0.17466877
0.15757607
0.16590811
0.19434304
0.18947014
0.19168336
0.18417486
0.17659735
0.21845989
0.20814478
0.16384915
0.17060380
0.17861438
0.19247923
0.17421694
0.15643396
0.18536635
0.19345503
0.16491820
0.17827570
0.18270001
0.20822168
0.19634633
0.15942118
0.15226438
0.20457220
0.21040494
0.19071081
0.16330571
0.20666887
0.15979322
0.15501030
0.13712099
0.17819561
0.19090359
0.17824270
0.17114197
0.18309129
0.17088751
0.15668559
0.18153949
0.21148244
0.16894579
0.18134180
0.19404796
0.17753259
0.20089764
0.17425706
0.17604752
0.20681827
0.15905920
0.19791012
0.19278412
0.16795083
0.20753614
0.19240775
0.16590095
0.17935738
0.17274739
0.14923134
0.19890394
0.23053779
0.16256708
0.21299534
0.18253011
0.19443000
0.17279395
0.18449222
0.22161557
0.16707417
0.15333346
0.17481167
0.17910940
0.18231345
0.17954654
0.18906831
0.15930515
0.19133351
0.19226500
0.16730770
0.22140472
0.18666339
0.19025618
0.16424307
0.18746175
0.15949858
0.14967299
0.16890103
0.18381729
0.18016709
0.16737607
0.21681068
0.14979922
0.17871017
0.18666759
0.21216920
0.22301712
0.17506927
0.19440382
0.17923238
0.21824155
0.22395938
0.16102124
0.15849598
0.19960096
0.17826299
0.16886515
0.16236914
0.17717378
0.17341627
0.17539760
0.16504719
0.19634418
0.18834501
0.13864592
0.16372639
0.16639374
0.16655034
0.18659112
0.16795419
0.20331507
0.18352663
0.19119812
0.16521839
0.18784281
0.15992042
0.16814006
0.19417706
0.20471838
0.17367861
0.17830684
0.18421351
0.18365548
0.17625962
0.16189142
0.18685255
0.19137618
0.20819834
0.17936791
0.14162297
0.17652111
0.15189715
0.19737952
0.19272671
0.22062986
0.16038745
0.18692452
0.16452964
0.18400809
0.18465763
0.14406357
0.16679260
0.15746336
0.14976947
0.19152871
0.19100370
0.20288529
0.18743493
0.18080349
0.24127467
0.18790370
0.15356464
0.18968199
0.17238935
0.22584878
0.17753326
0.18901001
0.18166709
0.15304455
0.15722789
0.14491202
0.19801118
0.15734483
0.17610330
0.19873586
0.16888311
0.16597865
0.18379241
0.18431579
0.16143811
0.17076631
0.18951434
0.16998453
0.18583345
0.16812222
0.16153971
0.17366120
0.14778058
0.19513326
0.14925372
0.16721753
0.17743692
0.18042479
0.16943223
0.20348047
0.16548409
0.20329620
0.20437707
0.18601920
0.15971752
0.19036527
0.17173480
0.20810851
0.17457474
0.20333267
0.16270075
0.21801657
0.17689140
0.17420159
0.16363786
0.18646180
0.22120035
0.16182418
0.20339810
0.18712965
0.17439640
0.20730555
0.15131684
0.20188032
0.16457003
0.13974769
0.19513900
0.18304544
0.17812848
0.16081798
0.20370491
0.17416665
0.16786666
0.18176715
0.19787687
0.17958994
0.17497087
0.18475164
0.17756136
0.16489448
0.15718145
0.18069111
0.18377291
0.16664536
0.19183744
0.14892309
0.16643853
0.18830066
0.14489676
0.17682704
0.20076501
0.20169119
0.19573386
0.18219544
0.20080735
0.17463236
0.17511627
0.17659935
0.17475148
0.19213798
0.19190243
0.21405532
0.20245168
0.20218433
0.19629600
0.18619556
0.14189324
0.14007012
0.19901171
0.17208129
0.32591739
0.15755313
0.15731749
0.18152219
0.19163089
0.18122938
0.15787360
0.16861066
0.15372267
0.17375897
0.20800114
0.20335659
0.16785698
0.20791961
0.17647287
0.16741559
0.18934653
0.18031850
0.17343577
0.14332481
0.16601869
0.17033290
0.18617202
0.18552437
0.20186500
0.17045899
0.17326283
0.18324403
0.15709957
0.17363059
0.15975027
0.17692649
0.16643422
0.15316291
0.18134001
0.19752311
0.17272714
0.18512598
0.16545803
0.15239074
0.15439853
0.21682510
0.18344310
0.20098764
0.19720442
0.17369725
0.19126193
0.21652430
0.16928193
0.18131615
0.16732979
0.19258236
0.15885370
0.17502866
0.16063081
0.20368799
0.16813242
0.18715649
0.14733528
0.17841157
0.20482050
0.18142800
0.16998091
0.16752809
0.17082347
0.16378066
0.15601180
0.15422349
0.18838602
0.21414728
0.19157097
0.17039519
0.15053562
0.15032404
0.24400951
0.16153066
0.15950596
0.16269751
0.20867540
0.21225591
0.19518835
0.17934270
0.17476035
0.18454390
0.17257627
0.16347714
0.16881128
0.16535866
0.15907292
0.18491918
0.20392916
0.14976061
0.19853916
0.18801382
0.18937560
0.21184114
0.16024857
0.22988588
0.16138964
0.20902959
0.19408378
0.18489906
0.18639794
0.19389284
0.15829335
0.15863248
0.17136093
0.18259847
0.16182367
0.17932211
0.15811322
0.17195037
0.19349088
0.16207957
0.18105412
0.17268205
0.20411139
0.15930808
0.17498149
0.17638268
0.20646438
0.19569896
0.19777011
0.18017728
0.14443139
0.19710377
0.15214303
0.19974758
0.16121736
0.16973910
0.17631099
0.17930353
0.17936895
0.15970336
0.19439380
0.15609177
0.19618621
0.16095442
0.18702531
0.17916576
0.20191031
0.19312570
0.16133188
0.19336610
0.22656513
0.18309379
0.18461573
0.15799305
0.16950796
0.17725049
0.18151543
0.20137839
0.18232075
0.17498777
0.14868026
0.17288402
0.15522433
0.17001692
0.16062409
0.15994034
0.17501309
0.15217751
0.15900998
0.17581615
0.18111421
0.19185834
0.17530977
0.21876367
0.14349065
0.16698350
0.18266379
0.19738120
0.16195633
0.15964400
0.18115317
0.16916363
0.15132369
0.19397988
0.21648137
0.18374250
0.15734717
0.19520304
0.15879817
0.17183820
0.13392005
0.19641539
0.21904063
0.17793201
0.15335164
0.16787587
0.15167959
0.18465421
0.16734366
0.16848513
0.19628387
0.18375127
0.15438141
0.16143765
0.21980447
0.20603824
0.17513771
0.17336003
0.17126362
0.15879107
0.18545206
0.17391110
0.18549115
0.16965776
0.16784442
0.20409638
0.18403381
0.18541930
0.16774242
0.16850262
0.17666301
0.17466834
0.16250906
0.20313568
0.17833799
0.15831856
0.16421513
0.21877819
0.15873130
0.16521053
0.16123170
0.17954476
0.17405272
0.14002625
0.19466877
0.18190704
0.17118152
0.23124683
0.16853044
0.19312517
0.17759185
0.14105419
0.17740660
0.14454938
0.16585656
0.17364880
0.18324055
0.19403580
0.15736446
0.18490033
0.17242471
0.18778847
0.18391900
0.17209562
0.17000462
0.16332040
0.16963340
0.20320900
0.18511927
0.18817818
0.19204853
0.16696491
0.18615083
0.18619357
0.19291952
0.20217914
0.17183028
0.16981410
0.15996560
0.18602502
0.15547807
0.17213333
0.19629832
0.20322568
0.15676483
0.15598194
0.15931826
0.16465737
0.19128758
0.18551763
0.17880486
0.21463746
0.15755187
0.17435796
0.19183001
0.17933225
0.18119794
0.16958370
0.18699611
0.19823056
0.17863793
0.14986688
0.19331288
0.15118187
0.17715560
0.16673685
0.17815158
0.19199967
0.19019630
0.19085661
0.19798873
0.21235813
0.18672477
0.18518378
0.18194337
0.19710726
0.15315094
0.16654578
0.19898382
0.18904752
0.13646381
0.16874206
0.15230320
0.18173939
0.19800527
0.17855047
0.19949412
0.17773204
0.19941094
0.16236377
0.14451376
0.17944043
0.19394477
0.16064503
0.17484885
0.17295325
0.14519174
0.16390421
0.17721636
0.18244422
0.18409426
0.16823113
0.17742874
0.15635039
0.18044299
0.14563900
0.21195719
0.17777301
0.19140642
0.19974610
0.19137495
0.16302147
0.16847953
0.14861394
0.18239960
0.19475332
0.16889662
0.17791439
0.16094221
0.18333447
0.19664909
0.16403879
0.17433819
0.19721452
0.20534069
0.17305652
0.17302191
0.18393523
0.15928849
0.14914704
0.15701975
0.17053753
0.20232698
0.16852508
0.17731294
0.16564321
0.18562058
0.14842964
0.16453442
0.16435966
0.18536411
0.17547883
0.18767819
0.18198797
0.16020054
0.16691901
0.21557247
0.20293979
0.18800507
0.16880789
0.16811453
0.16658462
0.20550627
0.18591851
0.18746057
0.16423420
0.15517068
0.16869066
0.14937571
0.20105140
0.16397055
0.16784297
0.16387884
0.17416740
0.16801487
0.17259520
0.18691952
0.15246299
0.16495177
0.15998120
0.20433941
0.14941668
0.16769230
0.16916670
0.18576228
0.17520489
0.18097070
0.15056319
0.16208176
0.17401048
0.17246924
0.15438623
0.15811519
0.18406849
0.17941738
0.19812319
0.18277938
0.14887501
0.20622864
0.16173740
0.19742409
0.14926421
0.16071761
0.18751449
0.16678211
0.17309256
0.18826400
0.21912640
0.16585283
0.20091947
0.18471050
0.18171168
0.14415543
0.17473884
0.16375753
0.21439954
0.21709039
0.17554343
0.19185243
0.17589980
0.16190947
0.16461912
0.16802935
0.19355516
0.19216989
0.16412779
0.19072644
0.17016784
0.19493310
0.19914046
0.18898327
0.15625028
0.16403255
0.17055421
0.16774904
0.17894964
0.17032755
0.17535030
0.19599999
0.17371056
0.14802809
0.18572127
0.17350212
0.18050565
0.17040782
0.18030656
0.18210536
0.15776414
0.17733400
0.18175954
0.20066619
0.17987874
0.15025881
0.19052298
0.18716393
0.17917645
0.13818293
0.14400077
0.18256097
0.17617572
0.18160354
0.16996358
0.16337777
0.16735875
0.18676364
0.16766178
0.17415654
0.17394619
0.18857557
0.20030766
0.21245140
0.16137155
0.15952283
0.19173416
0.19314244
0.16796312
0.17413498
0.17431943
0.19073213
0.17424704
0.20179181
0.19920593
0.19091497
0.14926362
0.16442941
0.18846613
0.22137054
0.16967345
0.18142352
0.17873057
0.18059401
0.17185228
0.18902441
0.20051556
0.15738446
0.15595990
0.15406785
0.17006911
0.19317488
0.20739658
0.18647161
0.16197355
0.17398757
0.15431174
0.19277569
0.18093846
0.16379002
0.16076317
0.19693505
0.16110746
0.16847562
0.16057103
0.17367612
0.19503240
0.16191789
0.20569986
0.20416686
0.17211155
0.17950406
0.20716474
0.20960842
0.17825523
0.18651827
0.18238882
0.15083932
0.17044821
0.20952439
0.19457868
0.17903143
0.15781559
0.16760524
0.15609022
0.17261519
0.14720462
0.18189636
0.18992731
0.18349628
0.15662046
0.18741588
0.16463308
0.19079950
0.18911810
0.16107934
0.15425181
0.15311652
0.16635914
0.19151084
0.17371940
0.17009791
0.21101514
0.12921870
0.15607055
0.20628732
0.18249781
0.19385983
0.16635347
0.20215024
0.16068383
0.16856007
0.21356809
0.17519935
0.21013508
0.17333490
0.18487397
0.18550523
0.16360250
0.14483156
0.18100438
0.19817590
0.17809771
0.17874050
0.17090597
0.18757582
0.16979759
0.15742861
0.16529753
0.19183152
0.19768411
0.19223320
0.19427118
0.18481359
0.15676759
0.16679603
0.18224156
0.21848160
0.15520258
0.22618431
0.15456246
0.16341049
0.18911197
0.18806451
0.17992516
0.17113177
0.17263939
0.17861572
0.16831839
0.21049987
0.18654513
0.17292365
0.17527960
0.21192647
0.21988741
0.21982334
0.21160641
0.17236303
0.15597771
0.18370387
0.13609397
0.19537633
0.17321611
0.15600270
0.17902659
0.18988797
0.16862310
0.18368779
0.20293640
0.21098389
0.16023505
0.19016948
0.19421069
0.17075263
0.16744312
0.15263310
0.19570694
0.16313448
0.19702332
0.16756039
0.19468794
0.19852718
0.20402861
0.17579439
0.17550131
0.19228261
0.19383004
0.16151662
0.14051510
0.21474812
0.18294515
0.17397512
0.20528912
0.15299153
0.16106356
0.19287407
0.21987792
0.14977632
0.17744223
0.16910012
0.14696887
0.18568194
0.14438354
0.18686421
0.17182098
0.21073259
0.16378189
0.21024606
0.18581129
0.18643538
0.20715740
0.18430099
0.15156008
0.18439406
0.16482157
0.18048810
0.15402356
0.19595614
0.18143572
0.16763722
0.17952273
0.19772273
0.19508398
0.19056285
0.19550336
0.17592656
0.19632308
0.17306280
0.21330545
0.19299709
0.15141512
0.16541956
0.18672680
0.17348977
0.18279741
0.18122257
0.16444893
0.17025678
0.19284397
0.17223687
0.15135719
0.17283583
0.20376458
0.21381011
0.19545538
0.15112185
0.16025091
0.16889186
0.18207225
0.20087715
0.18089744
0.20295458
0.17886379
0.16134096
0.16973848
0.19146715
0.18293805
0.16442508
0.17800118
0.18072728
0.17888145
0.16428394
0.17310258
0.17565163
0.15349141
0.15403105
0.23325899
0.17961326
0.17448543
0.17783346
0.18537047
0.17913937
0.19190291
0.16690576
0.18956773
0.16154230
0.13766510
0.18552064
0.18677788
0.17650715
0.17559461
0.19183166
0.17424321
0.16594179
0.16825907
0.16455760
0.17892746
0.20125348
0.17362813
0.13886988
0.17302796
0.17828750
0.16479727
0.15584327
0.17195929
0.16638645
0.15947322
0.17402073
0.18834340
0.17279186
0.16312843
0.16905684
0.16132186
0.18443009
0.18991961
0.18374834
0.18972382
0.18883615
0.19530269
0.17716480
0.15108442
0.18451087
0.17268862
0.17327583
0.20256964
0.15529649
0.18882872
0.16896966
0.19423883
0.18605205
0.21808442
0.16404290
0.20621980
0.16586615
0.16677717
0.16392243
0.15895869
0.23663477
0.20953608
0.15132485
0.21735765
0.20965991
0.17843062
0.20069672
0.18506448
0.18615448
0.17929065
0.18744296
0.19440342
0.20433967
0.15046048
0.16904021
0.18770514
0.15461408
0.14766217
0.19981840
0.19450691
0.20641362
0.15302000
0.15995046
0.15404101
0.15972174
0.19175693
0.16544133
0.19977646
0.17518081
0.17385600
0.19439552
0.16460366
0.19557033
0.16799697
0.20373433
0.14475250
0.19922848
0.19388747
0.17364491
0.17999145
0.16186733
0.20878302
0.19515116
0.15245127
0.14287771
0.16474800
0.18447534
0.18462564
0.19109687
0.16177960
0.21340875
0.16383927
0.18464208
0.22439865
0.16538691
0.16870979
0.20721529
0.22197267
0.17578482
0.18012241
0.18188493
0.17581833
0.18965095
0.19123652
0.16649772
0.20370816
0.18240050
0.15525266
0.15135108
0.19864197
0.18076330
0.17146483
0.17528801
0.19426912
0.18536402
0.17771703
0.16815560
0.17184704
0.15423684
0.16788758
0.19314826
0.21010817
0.18276615
0.19683319
0.18206844
0.17912157
0.21273809
0.20627277
0.17994142
0.20077799
0.16478081
0.16164929
0.18056284
0.16193925
0.16445738
0.15641003
0.19495690
0.16939688
0.17574844
0.16338311
0.17428575
0.19315379
0.15116006
0.19363409
0.21230586
0.14043729
0.18997135
0.17213138
0.15818307
0.18372082
0.15980872
0.18179984
0.15674674
0.20955352
0.15410391
0.16591254
0.15298329
0.19721399
0.17485634
0.19871193
0.17182064
0.15154664
0.16803074
0.17027268
0.15278056
0.16709898
0.20494390
0.20506025
0.19838641
0.19371623
0.18925996
0.17430755
0.16288781
0.18851592
0.14983476
0.16547513
0.17488534
0.17850091
0.18048903
0.16226046
0.18222108
0.16337896
0.17991739
0.20115238
0.15365487
0.17018858
0.17636233
0.17516264
0.20170025
0.16074089
0.16007053
0.17247033
0.17833982
0.21332179
0.17110828
0.18088818
0.19997645
0.16546641
0.18257841
0.14689874
0.16224853
0.16263584
0.17565630
0.16122776
0.19513572
0.19180201
0.19680027
0.17187308
0.19422695
0.17832327
0.15771205
0.18643544
0.19120627
0.18476605
0.18945074
0.17996570
0.20410669
0.17869781
0.19296677
0.16512536
0.19622362
0.19510915
0.18759018
0.15923721
0.16970084
0.17785367
0.17771811
0.17590851
0.16332331
0.16628831
0.18342621
0.23677154
0.16777243
0.21277019
0.15268426
0.16278915
0.17005959
0.17507110
0.20739610
0.19967484
0.20398990
0.18355588
0.16187092
0.18375903
0.16814032
0.16973516
0.18160252
0.19497302
0.16160315
0.17504618
0.17360709
0.19126553
0.17535602
0.20360672
0.19940435
0.14640629
0.14680348
0.16861441
0.19892672
0.16011787
0.17473839
0.18073586
0.19575010
0.22161831
0.16265886
0.17674335
0.18000456
0.21240464
0.21571408
0.15962166
0.15996870
0.15987985
0.22141576
0.17784251
0.19815615
0.16691011
0.21396518
0.20981657
0.15757689
0.20547171
0.14758591
0.17747197
0.21360349
0.18121457
0.16626694
0.17996813
0.17413597
0.17428846
0.18175266
0.17064142
0.16018296
0.15180062
0.18807135
0.17972729
0.18069410
0.15176536
0.19925781
0.15548497
0.16124703
0.18139280
0.18127530
0.19167882
0.16566546
0.15889954
0.17819779
0.19949066
0.16611032
0.21210728
0.15639302
0.20833389
0.18507075
0.14842660
0.22666894
0.19621665
0.19591145
0.20644201
0.20788804
0.16731507
0.14982975
0.18769452
0.15839495
0.14305702
0.21751107
0.17766596
0.13759254
0.19133176
0.22924686
0.15861364
0.18255514
0.17020367
0.17663816
0.17549299
0.17392001
0.17118867
0.18024576
0.17272124
0.21049719
0.17552647
0.19179533
0.18063987
0.15994608
0.22780075
0.16211185
0.17595252
0.17810648
0.17902608
0.18274089
0.18931786
0.20035492
0.15492354
0.20168904
0.18343612
0.19185341
0.18165830
0.16603243
0.16648640
0.12878094
0.18355138
0.21973257
0.17230712
0.18166702
0.16508085
0.16889686
0.22199566
0.18678266
0.17774790
0.17561235
0.20415037
0.16279629
0.18305140
0.14927977
0.17669769
0.17618493
0.18256534
0.18985718
0.15712581
0.18943085
0.19238517
0.19063387
0.18775556
0.21548390
0.19710060
0.15375736
0.20976635
0.16199347
0.16310519
0.16443692
0.17208398
0.18530090
0.15060802
0.16780068
0.15660187
0.19561991
0.19886476
0.16966508
0.17485654
0.19956492
0.18227112
0.16552603
0.19504107
0.15173627
0.17958698
0.18487679
0.15212620
0.19592714
0.15914678
0.19506185
0.17163673
0.16452073
0.19005295
0.15573517
0.19840513
0.18145149
0.16242798
0.18996201
0.17649898
0.21047408
0.21260242
0.16657818
0.18883948
0.18918361
0.15672532
0.21551365
0.14437323
0.15448152
0.15526687
0.15835913
0.17803765
0.18826373
0.15620289
0.17752718
0.16915196
0.18560078
0.21531072
0.15645121
0.18903017
0.17139306
0.16363799
0.18864128
0.20162854
0.17269868
0.18188789
0.18001942
0.20691226
0.15937345
0.20222629
0.17500710
0.18059826
0.15163668
0.18668929
0.19546694
0.17010588
0.17815875
0.17893380
0.17651528
0.18862448
0.17839144
0.19857602
0.19645389
0.16966369
0.19242680
0.19128461
0.17399192
0.19445098
0.19801226
0.17871496
0.19146932
0.19315795
0.18580614
0.15511563
0.16877187
0.18600907
0.17267777
0.17215775
0.19191694
0.18088908
0.16008356
0.21972326
0.18566395
0.18421108
0.18854589
0.18252751
0.17464168
0.16182356
0.16736948
0.21814758
0.17118785
0.17236415
0.18461657
0.17969917
0.16087665
0.20037941
0.18652100
0.20926400
0.20191444
0.18684133
0.16945222
0.18262841
0.18042622
0.20432556
0.18064567
0.17288186
0.19137849
0.16335948
0.17387917
0.16171255
0.20123691
0.21556474
0.19143892
0.16254713
0.15659148
0.17940656
0.19926797
0.16633257
0.15976142
0.16832934
0.18966108
0.19698878
0.18474591
0.16813882
0.17163916
0.18918562
0.16748463
0.20977656
0.16715030
0.14729156
0.16374808
0.16932729
0.20189979
0.16881881
0.18648443
0.21297538
0.16036284
0.20681071
0.17067232
0.15338539
0.18647943
0.18311479
0.16963806
0.16297852
0.21366840
0.16248213
0.16389352
0.15804494
0.17381842
0.19439203
0.17023613
0.21411784
0.18033404
0.18951288
0.22307048
0.16578227
0.17143212
0.15895037
0.18614148
0.20188665
0.16617723
0.18264288
0.16563238
0.21246878
0.19036731
0.18965367
0.17310163
0.14877760
0.20031713
0.21349718
0.17757076
0.18357582
0.16934697
0.16320337
0.19643092
0.16815211
0.15965197
0.18776934
0.21040873
0.18779901
0.18205653
0.17481330
0.19854157
0.15784240
0.19948399
0.17369075
0.17215084
0.15269771
0.20309923
0.18958541
0.16791033
0.14595657
0.18198414
0.15848278
0.17405158
0.18598916
0.19344780
0.19514236
0.14619650
0.20089629
0.16641655
0.15895126
0.19318942
0.16870480
0.18968621
0.15356976
0.16710475
0.17384452
0.18370251
0.16376993
0.17256796
0.17382771
0.14975651
0.18961635
0.17869125
0.23520578
0.17790350
0.19714662
0.16881086
0.16203767
0.17626941
0.17447430
0.18966665
0.15673154
0.17353024
0.20805052
0.20980236
0.16535210
0.17153954
0.20326452
0.19008949
0.15181530
0.19769297
0.17193975
0.17466039
0.15737161
0.18846556
0.16345168
0.15166143
0.18055114
0.18434810
0.17181298
0.18034769
0.17142741
0.17276575
0.25874496
0.18709561
0.22311525
0.17275639
0.16638841
0.17387436
0.20737308
0.17910091
0.15971543
0.17610067
0.15849780
0.19357134
0.14154401
0.17227688
0.16946004
0.18688781
0.24279007
0.15899098
0.15779979
0.22827790
0.17383217
0.19388623
0.16202711
0.17133725
0.19766571
0.18247352
0.17922071
0.18775847
0.19744004
0.17722673
0.17510234
0.15621482
0.16784477
0.22073836
0.18919545
0.17159266
0.19928614
0.19773642
0.21622333
0.20560799
0.18412075
0.19648452
0.16851168
0.20158310
0.19286192
0.19132966
0.17632199
0.19291135
0.20560327
0.16702192
0.17368775
0.18424831
0.16180007
0.18763484
0.15927539
0.17194090
0.18936721
0.20881133
0.18031887
0.16611259
0.19219583
0.17137568
0.14631784
0.18409259
0.20712659
0.14947376
0.18001394
0.18215383
0.19893083
0.17067814
0.16325674
0.17167120
0.15697366
0.18319676
0.19046470
0.15670166
0.18197740
0.17475756
0.22001053
0.18212010
0.14704023
0.20652362
0.17833652
0.16789013
0.15717371
0.18796232
0.18186436
0.22759932
0.17543007
0.16375925
0.15062656
0.17175461
0.18396893
0.15941700
0.21756818
0.18206751
0.19553567
0.21725806
0.22624750
0.20718061
0.18751722
0.16170635
0.17855446
0.16164186
0.22589584
0.16820628
0.20525922
0.20327928
0.13493495
0.18228027
0.18973787
0.18479396
0.15542640
0.17346793
0.18207398
0.15866365
0.19874712
0.18718551
0.21247297
0.18039085
0.19828497
0.15116836
0.15691873
0.19433204
0.17977742
0.16160294
0.16347635
0.16113518
0.21248783
0.19685860
0.17927588
0.15713040
0.17384964
0.19284988
0.15613789
0.16244767
0.16387414
0.15498785
0.18739732
0.18819489
0.22029839
0.16450502
0.15885960
0.17875556
0.17622200
0.19344248
0.21725045
0.15650298
0.18963598
0.19490714
0.18305753
0.16100429
0.17443726
0.16510624
0.18251912
0.17756874
0.18408926
0.15338032
0.16570490
0.18502685
0.19058889
0.14970079
0.13622087
0.15164171
0.18757190
0.17436563
0.15581001
0.18588275
0.16062178
0.18344189
0.17527654
0.19351400
0.20425178
0.17505139
0.17659925
0.18150810
0.19314423
0.21525858
0.18611739
0.16760838
0.16425314
0.18084727
0.17596480
0.15459655
0.16189498
0.16408525
0.18328253
0.17980968
0.20741854
0.15345117
0.20280420
0.18837600
0.15055843
0.18729019
0.18828571
0.15494893
0.20257333
0.18008741
0.19975444
0.16790657
0.21190441
0.19431748
0.16664102
0.19288787
0.18347403
0.17036447
0.18667525
0.16860824
0.16771296
0.17488178
0.18434491
0.19612225
0.16242858
0.18090947
0.23487382
0.14732270
0.18102236
0.16886601
0.16037954
0.16620572
0.18984804
0.20760031
0.16342975
0.15766127
0.18629270
0.14456751
0.19724751
0.18066528
0.21296713
0.18486998
0.17199595
0.18733929
0.14228532
0.17922299
0.16770020
0.17148669
0.13111584
0.16744872
0.19585458
0.19687699
0.16786499
0.14672603
0.18119316
0.16174361
0.17834413
0.16965354
0.19203340
0.16090011
0.16245266
0.17786009
0.18455104
0.14752080
0.17278295
0.17962301
0.16089064
0.15059332
0.17094786
0.15979747
0.17324476
0.18063940
0.20353418
0.17012768
0.18132829
0.15755362
0.16510790
0.16946968
0.15297349
0.15515933
0.18265961
0.16382046
0.19928696
0.18433749
0.17903258
0.17617590
0.17377811
0.17139905
0.18345756
0.17245267
0.18380432
0.19128129
0.16913561
0.17607074
0.15941116
0.15511556
0.14847369
0.14295898
0.16378269
0.17595596
0.18357472
0.16795038
0.17770549
0.17616922
0.19328938
0.17498329
0.14672674
0.19981557
0.17714870
0.19819636
0.19695698
0.21591527
0.19167245
0.18650500
0.17948120
0.22513558
0.15180968
0.18550974
0.16720537
0.20529443
0.19595940
0.17480776
0.17663072
0.17769631
0.16215884
0.19878240
0.17880898
0.15041965
0.20637482
0.19606080
0.18155272
0.21038087
0.19462105
0.17187444
0.16000387
0.17461227
0.18007939
0.17032462
0.21072111
0.16985790
0.16518553
0.20539817
0.21725542
0.20083936
0.18020525
0.16547442
0.19816981
0.17995203
0.17971867
0.20198162
0.19653161
0.18110501
0.20139822
0.16387556
0.18916325
0.19156456
0.15192030
0.17484180
0.21421280
0.18864505
0.18624072
0.18979044
0.15752574
0.17755511
0.17738064
0.19484506
0.18080506
0.16533312
0.20122327
0.18716827
0.16974314
0.18884854
0.19661339
0.17853271
0.15298733
0.18122894
0.18721750
0.18608096
0.19174597
0.15937737
0.15919033
0.19292948
0.19295313
0.18483933
0.14575332
0.16051134
0.17532656
0.14235960
0.18885621
0.15664314
0.21311777
0.17580371
0.17532189
0.19577412
0.17455611
0.17825659
0.15308294
0.18749597
0.15016411
0.19409315
0.17944994
0.17347627
0.16472290
0.16604311
0.15339405
0.20709402
0.18207911
0.14745008
0.17148372
0.16626347
0.20269305
0.16798120
0.18057152
0.15937815
0.18040426
0.17591815
0.20143407
0.16640261
0.23298416
0.19658274
0.21961797
0.22664475
0.18878724
0.17444235
0.18643603
0.14644349
0.20602676
0.16485800
0.15070151
0.20039299
0.18172039
0.15279239
0.17938717
0.20485449
0.13958543
0.17163740
0.19272394
0.18061269
0.15843229
0.18460416
0.21608007
0.17220783
0.13939880
0.15937692
0.18747189
0.22073528
0.21368078
0.17595174
0.19388000
0.14796491
0.15990266
0.16930803
0.18257184
0.16201895
0.17056006
0.15958521
0.20594595
0.18110745
0.17421655
0.18147908
0.18770577
0.19550219
0.15995959
0.17422666
0.17829643
0.17645697
0.16178586
0.17130213
0.18910350
0.19328260
0.19114135
0.17719171
0.20045127
0.17290379
0.15604154
0.17558073
0.17849117
0.14871839
0.18809125
0.16133064
0.17492893
0.17474655
0.17064924
0.15563076
0.16946228
0.16088633
0.16043783
0.17359858
0.18775347
0.15699444
0.21417527
0.16324693
0.16389575
0.20229397
0.17915734
0.18615125
0.15222276
0.15231622
0.16695220
0.18280256
0.14975947
0.19109656
0.17833882
0.19159605
0.16573749
0.17349762
0.16326169
0.16544548
0.18244008
0.17364972
0.18719409
0.17352675
0.18578759
0.21546044
0.20046132
0.15804191
0.21068286
0.21188390
0.16083679
0.23378212
0.19271991
0.19650271
0.23094171
0.16385462
0.17852572
0.14108074
0.15343867
0.19784674
0.13757917
0.17363811
0.19725609
0.19543714
0.16175414
0.20020127
0.18607200
0.17755569
0.16994077
0.18397960
0.17597349
0.18472514
0.19174838
0.15052759
0.16176662
0.18465200
0.19276351
0.18171488
0.16181887
0.16433824
0.17826237
0.16650328
0.17024761
0.15559388
0.18619799
0.17469643
0.16132648
0.19041168
0.18228503
0.18351536
0.19473709
0.20588899
0.16055547
0.15000714
0.18409270
0.17206225
0.22393210
0.19805920
0.23116841
0.18253000
0.18743356
0.19697288
0.15808283
0.18437653
0.19137303
0.19172165
0.20675113
0.17182776
0.18492388
0.17879912
0.15363887
0.16632444
0.16506090
0.16629800
0.18426883
0.16694535
0.17146289
0.14562312
0.18518385
0.15234908
0.18814432
0.19482205
0.16651740
0.15300085
0.19479460
0.19443305
0.17231135
0.15559761
0.15557290
0.17479059
0.16958707
0.16966103
0.19376517
0.20864516
0.15824411
0.16872706
0.16801074
0.17720252
0.16613046
0.19117004
0.15340437
0.16938124
0.20122422
0.20805165
0.18832863
0.15979708
0.18801582
0.14856347
0.17946331
0.14216028
0.20569063
0.21667727
0.17999167
0.18965427
0.15840692
0.17731956
0.19453613
0.16804910
0.22300638
0.16609601
0.15048957
0.17881590
0.20478382
0.20056220
0.16944880
0.16220302
0.15531575
0.16978124
0.17595409
0.17278482
0.19153755
0.15825892
0.20408204
0.18175884
0.21758702
0.15780289
0.13920041
0.17131924
0.15809084
0.15991082
0.16939061
0.15516665
0.18273493
0.22726269
0.18489185
0.17125162
0.18253588
0.17529772
0.18113440
0.16284409
0.16730054
0.18757155
0.18768743
0.17016586
0.15426074
0.17218071
0.17783953
0.17660873
0.17326918
0.18433783
0.21883271
0.15533327
0.20413095
0.16836156
0.18661323
0.17105646
0.16225596
0.19326445
0.18592934
0.21459117
0.17572359
0.19912047
0.18394521
0.15234327
0.18531971
0.16358784
0.20778804
0.17452741
0.20056020
0.19025696
0.16870697
0.18360107
0.15232084
0.18519258
0.17150718
0.21507059
0.19466045
0.15557642
0.19333532
0.16679619
0.21429766
0.17192602
0.20253779
0.18825383
0.17889369
0.14431462
0.16877562
0.17586593
0.16558391
0.17359744
0.17352147
0.16015764
0.22367093
0.19705836
0.18922327
0.15486218
0.17211316
0.16872420
0.17528758
0.15771860
0.16846416
0.16019999
0.17183372
0.17352829
0.18778634
0.18265427
0.21379095
0.20961699
0.14497870
0.18397182
0.19873895
0.17826391
0.19380415
0.18750045
0.19708037
0.16605364
0.16867474
0.19565473
0.17888188
0.21502485
0.16560689
0.18933072
0.17296864
0.22091075
0.18447867
0.16461643
0.16408762
0.18404611
0.17549834
0.19348495
0.18780842
0.18001310
0.17525081
0.18859938
0.20599301
0.18025473
0.16399087
0.20970504
0.17164346
0.19968244
0.17049554
0.19057830
0.21233042
0.18198446
0.17408042
0.16511846
0.18916914
0.21330122
0.16138446
0.19750527
0.16217797
0.17483303
0.18949969
0.17342830
0.16974776
0.15231231
0.16667819
0.18428468
0.16419928
0.18950784
0.20288058
0.20706988
0.16767453
0.19741075
0.17107540
0.15100419
0.19790220
0.15729914
0.18404471
0.18099216
0.16757039
0.17717894
0.17165775
0.16156774
0.16368709
0.18612269
0.17781646
0.13442273
0.18200078
0.17816322
0.21562381
0.16017529
0.19535603
0.20408590
0.17056820
0.16958413
0.18781503
0.15311410
0.17757431
0.21281274
0.17364123
0.16989073
0.19289997
0.13537715
0.17040246
0.21094374
0.19393057
0.19418090
0.15693043
0.16880269
0.15130780
0.19869432
0.16965429
0.16844579
0.18767726
0.17494512
0.19261393
0.19326017
0.16915501
0.19359432
0.16563041
0.19733857
0.17219857
0.18794467
0.18002648
0.17937814
0.18305698
0.21187917
0.16960206
0.16385752
0.17994028
0.14043068
0.16666202
0.18252653
0.19323943
0.15377241
0.17189909
0.17361054
0.15790895
0.14860599
0.18286014
0.16165149
0.20233714
0.17433992
0.16971386
0.17575768
0.15483423
0.17964129
0.17096533
0.17541116
0.16452977
0.19478542
0.14473811
0.21355223
0.19732966
0.19044831
0.23012669
0.17542982
0.17393756
0.19128814
0.22944597
0.16524551
0.19360091
0.19369502
0.17505989
0.18554044
0.19708110
0.17516997
0.19699644
0.16232050
0.16495542
0.23253666
0.17885207
0.15185589
0.17010756
0.19478822
0.17848723
0.19307876
0.18624205
0.15788351
0.18673956
0.16532299
0.17564074
0.16100000
0.17364629
0.18282701
0.17457318
0.16268922
0.16075425
0.20153928
0.16401901
0.20075627
0.18245511
0.17255192
0.13921604
0.16541488
0.21198770
0.18901328
0.16018454
0.19191615
0.17736189
0.20458506
0.16814186
0.15363780
0.18648210
0.18828848
0.18294963
0.17741638
0.19025711
0.18835525
0.15929643
0.23107553
0.23560655
0.17231467
0.17490339
0.20305131
0.17117295
0.15993742
0.17391150
0.19641500
0.20662391
0.18454301
0.15549125
0.20194586
0.18231444
0.16164110
0.19947416
0.17953442
0.15371265
0.16464143
0.14730597
0.15977157
0.22808728
0.20035761
0.21590286
0.16665421
0.23468513
0.21127249
0.22807443
0.21777989
0.17590454
0.18281565
0.23724477
0.23048032
0.15776668
0.12742719
0.18316501
0.17769595
0.18954106
0.15846920
0.19179048
0.19780458
0.15170959
0.19348798
0.17722635
0.21951120
0.20759549
0.18640457
0.18220641
0.16834398
0.15545750
0.18812092
0.17550443
0.19714965
0.18202290
0.18757870
0.21400942
0.17519334
0.22318961
0.18409004
0.16583296
0.14841801
0.19342567
0.17155936
0.16367794
0.20301751
0.18673205
0.13701133
0.17068829
0.15490134
0.17416269
0.19502367
0.17394838
0.19360265
0.17250628
0.16951255
0.19160385
0.18631016
0.19251247
0.19910193
0.17871322
0.22373448
0.17205448
0.17921149
0.15949496
0.18016201
0.16489645
0.20409856
0.18114424
0.14928035
0.16195093
0.18066041
0.14991436
0.18320866
0.15555166
0.15883228
0.15873942
0.21767662
0.15917200
0.21745345
0.15959135
0.19250486
0.19710654
0.18909323
0.17329644
0.17540445
0.17867581
0.16408940
0.14964395
0.17102711
0.19174132
0.20290932
0.16424061
0.14730102
0.17020006
0.18277106
0.21431993
0.18830590
0.16330894
0.17160870
0.17808953
0.16691705
0.19594068
0.16389181
0.19277703
0.20107908
0.20135083
0.17444555
0.16120606
0.20204025
0.18243669
0.19043025
0.23853387
0.15692119
0.22407189
0.17729525
0.17889613
0.18640798
0.17677122
0.17776702
0.16460191
0.19457389
0.16226909
0.16934860
0.17235195
0.18100245
0.17438852
0.18248615
0.19801522
0.16920886
0.16516844
0.17875854
0.16008822
0.20059075
0.19514857
0.17579367
0.18245282
0.14258042
0.17493264
0.16718975
0.22675416
0.17865195
0.17271278
0.17721785
0.20701354
0.18441675
0.14338297
0.19048154
0.21787754
0.19736450
0.19687475
0.17508693
0.16725266
0.16230008
0.17824860
0.16175486
0.19058730
0.15713090
0.17857972
0.16775703
0.21249508
0.17714496
0.16363444
0.15400147
0.18510156
0.16419436
0.17825789
0.16451277
0.16334372
0.14775725
0.15242344
0.16016117
0.18209937
0.13422395
0.16523567
0.13520599
0.19960589
0.18103733
0.19677943
0.15943964
0.16904497
0.19247976
0.20535362
0.18546445
0.18139894
0.22374094
0.21747144
0.15070354
0.15894044
0.16536896
0.17349584
0.15102837
0.17890009
0.22514601
0.19580058
0.18680649
0.17871388
0.16128281
0.16770334
0.19615888
0.15046038
0.16990036
0.17454683
0.17299173
0.17194951
0.19370754
0.17367661
0.17384689
0.18111961
0.18686840
0.19717737
0.18612104
0.17987018
0.15084681
0.14492761
0.18356290
0.17960376
0.16196127
0.19666292
0.18223264
0.16227309
0.18491665
0.16043590
0.17874671
0.18883740
0.17780574
0.16905379
0.18443362
0.18358353
0.18379871
0.20984713
0.18162167
0.16123883
0.17498671
0.16999416
0.17923697
0.15962547
0.22234282
0.14934115
0.15081293
0.17134435
0.21173080
0.17449521
0.18041650
0.15367149
0.20457972
0.18862164
0.16838895
0.17861036
0.17197180
0.17445990
0.15293284
0.17895881
0.18903292
0.18794426
0.18108404
0.19228711
0.14460171
0.16799129
0.16927104
0.19122091
0.17367580
0.15938913
0.17444425
0.14634163
0.20511673
0.19999712
0.17057396
0.15624308
0.15731163
0.19271114
0.19193535
0.18818476
0.14934613
0.18400292
0.17762063
0.15588866
0.19598695
0.15364742
0.16005961
0.15838584
0.17344514
0.18283658
0.19973159
0.18077792
0.21690826
0.21807033
0.17056501
0.17549452
0.15733274
0.17092632
0.18311194
0.16153103
0.21020701
0.16140701
0.16191371
0.14480258
0.19365831
0.15967925
0.18292172
0.16633871
0.20410052
0.15369381
0.16427683
0.22711408
0.16400468
0.18603502
0.18363964
0.17040987
0.18294335
0.17047198
0.22232554
0.16872553
0.15227264
0.20332755
0.16732637
0.18965624
0.16879408
0.18080113
0.17275947
0.19352410
0.20629250
0.20142302
0.15394831
0.17423165
0.21518409
0.15309042
0.19690142
0.17365479
0.16472254
0.20052203
0.15312417
0.17720770
0.18024962
0.22061025
0.19441694
0.15828280
0.16972664
0.16356111
0.17616374
0.21261530
0.13840229
0.17806236
0.21534401
0.15235909
0.16047552
0.17474082
0.19709909
0.17788698
0.18430198
0.16487373
0.20030602
0.18621365
0.16280449
0.18768945
0.20417489
0.14367550
0.17887704
0.15773030
0.16569401
0.14926098
0.17305170
0.14242923
0.17984396
0.18057730
0.16890923
0.15949958
0.14640320
0.17499015
0.17293047
0.19043198
0.24814272
0.20204202
0.20966350
0.17217847
0.15563871
0.17760115
0.19624959
0.19189429
0.17551137
0.19301848
0.15071551
0.15561347
0.15826387
0.16279652
0.16272624
0.18578263
0.19749738
0.19171816
0.17748549
0.21645598
0.16136055
0.17932574
0.16692534
0.20124216
0.21009827
0.16898855
0.22219093
0.17229053
0.22861555
0.17913286
0.18020580
0.21480778
0.22349058
0.22289366
0.15535245
0.18701180
0.18112912
0.18147126
0.15803094
0.18408976
0.19444022
0.15523402
0.19790305
0.19844943
0.15619841
0.18887931
0.15068597
0.14891328
0.15471112
0.16618872
0.20261965
0.19743821
0.16903488
0.18731622
0.14096846
0.19788429
0.16312533
0.17525088
0.15407897
0.18433179
0.16434138
0.19370428
0.15003803
0.18699417
0.17068227
0.17846469
0.18493735
0.19804062
0.18183264
0.17932421
0.15754178
0.17679275
0.15793734
0.15271001
0.17796315
0.14150825
0.15640133
0.17647414
0.19050934
0.17876053
0.18852231
0.14895396
0.16480801
0.18238663
0.19453778
0.17985527
0.17658793
0.15608914
0.19132937
0.14679035
0.16978050
0.16832815
0.19438536
0.18077413
0.18409005
0.17331551
0.15194955
0.15540485
0.17441435
0.17282272
0.17592614
0.18275823
0.18470360
0.15972219
0.18914324
0.17836026
0.17689582
0.16576144
0.18356493
0.16205630
0.20964497
0.14725309
0.14603605
0.15775889
0.16959480
0.19689080
0.18562637
0.19962249
0.17520993
0.19187098
0.18379545
0.17376127
0.19345925
0.19122420
0.17834099
0.18125717
0.15850781
0.19793664
0.18337364
0.17090661
0.16774307
0.17943005
0.22362889
0.16791262
0.15890761
0.17417189
0.17591491
0.16787472
0.19150469
0.19562684
0.18165820
0.16053039
0.19649003
0.16304613
0.15737729
0.15572407
0.19275503
0.19207713
0.18217356
0.17664141
0.17894636
0.16106625
0.16886623
0.15996365
0.18971214
0.20463964
0.18609212
0.19344151
0.19907616
0.16601914
0.17681583
0.14177232
0.20525017
0.17828004
0.15648241
0.15904335
0.16431490
0.20798578
0.16504187
0.20573963
0.15595749
0.15520608
0.20025522
0.15144538
0.18279305
0.16595844
0.17558266
0.16683818
0.18242530
0.17043292
0.18603768
0.15380528
0.17924324
0.19828307
0.15883930
0.18550572
0.18259003
0.15451318
0.19000296
0.17156874
0.18018249
0.19834541
0.16096652
0.15615777
0.17411555
0.18049930
0.15719842
0.18437541
0.18671663
0.21236570
0.18841678
0.14615628
0.14143558
0.17382016
0.19621016
0.16238744
0.19419000
0.15964279
0.14701262
0.15427455
0.19994288
0.17687917
0.19730434
0.16561661
0.17153065
0.15351447
0.16336341
0.18868777
0.22337986
0.15076874
0.18944225
0.19157604
0.17506432
0.18728333
0.14764204
0.17737473
0.21366412
0.18650085
0.19785931
0.17390668
0.19069421
0.16722204
0.19149777
0.18902440
0.19582877
0.20443174
0.15274790
0.16666478
0.15646659
0.18782757
0.18109069
0.18045363
0.17644704
0.13647234
0.16929374
0.18968645
0.17475938
0.18032262
0.17942454
0.17110081
0.19123971
0.16124157
0.17052563
0.16023562
0.19122492
0.17306810
0.19018479
0.19663053
0.17492923
0.14774206
0.14877564
0.20047496
0.14580538
0.15695029
0.18794634
0.20293546
0.16003605
0.18212414
0.20126655
0.17627975
0.15905847
0.16879773
0.17720482
0.16973457
0.17437876
0.18721708
0.15150408
0.17283386
0.17526057
0.20385015
0.19047950
0.18078740
0.19256818
0.18625364
0.19474217
0.18818987
0.20430369
0.15914429
0.15924782
0.17356991
0.13969888
0.20373567
0.19791142
0.18100750
0.19496511
0.16338577
0.16011172
0.15755607
0.19173068
0.19500699
0.16799642
0.20048139
0.18122329
0.17560238
0.15465237
0.23039840
0.17478042
0.13427860
0.15088006
0.19948546
0.18770078
0.16795001
0.16452353
0.17253648
0.19068728
0.19096484
0.15502929
0.18023358
0.18878291
0.16685208
0.16157140
0.16115188
0.20217207
0.19326876
0.18170634
0.17298071
0.19455291
0.15536114
0.18861306
0.16291446
0.16542605
0.19547497
0.18752595
0.18465104
0.19132889
0.17215404
0.21869636
0.16893734
0.22272159
0.18125550
0.18176184
0.18531679
0.25713755
0.17869725
0.18154110
0.14838331
0.16840457
0.20640350
0.16706621
0.17592291
0.19421558
0.17449766
0.14849086
0.17913376
0.18371702
0.18259195
0.16022838
0.18158407
0.19735779
0.17693064
0.19324753
0.17394887
0.17520092
0.17365112
0.18045234
0.16285173
0.18907522
0.19178023
0.20858775
0.16793158
0.17593022
0.18349873
0.16288156
0.17340691
0.15765870
0.19344825
0.17515354
0.16598551
0.15724082
0.17497494
0.20694857
0.18881821
0.19405010
0.17394111
0.20608821
0.19282536
0.17283994
0.18204165
0.15613992
0.20074036
0.17335450
0.15787717
0.17540279
0.16866626
0.17325535
0.17166077
0.16467041
0.16743154
0.17858870
0.16976700
0.17622941
0.19875684
0.16901697
0.19361764
0.16935548
0.23947236
0.16933039
0.18927603
0.17922688
0.17743523
0.16939423
0.17827608
0.17424271
0.19427587
0.19126486
0.21254164
0.18479402
0.17238122
0.20095854
0.15055921
0.17099606
0.20285885
0.17817553
0.16156022
0.15983383
0.16885343
0.19241147
0.19008538
0.16086630
0.16291743
0.17470065
0.15610975
0.17325911
0.16124923
0.17158638
0.17792618
0.15990765
0.17989490
0.19473332
0.18839746
0.16176029
0.19407783
0.17587641
0.16277222
0.19519342
0.14750913
0.16412029
0.16416990
0.15879181
0.15343138
0.21756359
0.20368159
0.13441325
0.18870056
0.18560359
0.16410351
0.15012446
0.18641273
0.19104780
0.16105702
0.18338276
0.20877973
0.14286452
0.16761038
0.16776765
0.17384516
0.17619863
0.19242544
0.18191810
0.17882957
0.15970116
0.17861624
0.18073265
0.20694379
0.18004555
0.15815565
0.14095265
0.18034587
0.18397266
0.16964993
0.18508565
0.15674390
0.15320858
0.16960192
0.19056345
0.16822833
0.17148873
0.15579827
0.20050874
0.17741015
0.20300818
0.21488679
0.16244172
0.17337298
0.18932301
0.19510383
0.17969605
0.18180150
0.18421424
0.14487324
0.19044254
0.15733674
0.20012149
0.20045287
0.16885735
0.18333651
0.17684810
0.16497649
0.19253711
0.17182924
0.17294074
0.16951851
0.18095913
0.22084500
0.19115714
0.16150023
0.19240016
0.18836295
0.16821225
0.15488036
0.20512193
0.14331937
0.16173840
0.16439635
0.15988369
0.19700028
0.15789532
0.17358746
0.16174822
0.15257551
0.16463375
0.17060056
0.19264992
0.16450164
0.19030210
0.19539672
0.19136812
0.17072267
0.17108247
0.17529165
0.20292721
0.16198370
0.19041484
0.17199623
0.20367294
0.17827662
0.18045777
0.15919467
0.16345957
0.18423116
0.18170835
0.17866165
0.16107203
0.18625845
0.18086148
0.17211923
0.19197285
0.18140123
0.19316541
0.19014240
0.14724299
0.15639117
0.17284769
0.15302686
0.18708721
0.16184024
0.15382236
0.18689656
0.15774008
0.16277985
0.19073955
0.14295472
0.16706851
0.16767984
0.19040998
0.17766529
0.15081386
0.20961258
0.16041159
0.16795281
0.19275287
0.21756705
0.19204810
0.17670295
0.16104487
0.17240482
0.16783847
0.22844581
0.17492121
0.18331442
0.16721076
0.17723149
0.15440649
0.16036900
0.17230486
0.17243939
0.18778828
0.17097695
0.17351345
0.15784577
0.15415201
0.17281923
0.20711590
0.20059360
0.17446831
0.18431486
0.24099200
0.17795920
0.19864147
0.14988282
0.16623597
0.17063408
0.18811141
0.17270268
0.16712756
0.14830544
0.20134238
0.18309414
0.17608400
0.16710024
0.18629467
0.16637805
0.17713167
0.17766452
0.16919189
0.17929831
0.18549094
0.21639067
0.20486735
0.19765035
0.22850510
0.14912745
0.17631648
0.16533517
0.17640779
0.14926495
0.15823541
0.20849909
0.17282856
0.16830784
0.19181263
0.17438992
0.18405699
0.16542564
0.15119888
0.19788199
0.18825965
0.15714352
0.17494522
0.18316489
0.18261757
0.17222853
0.22141978
0.17048794
0.18236173
0.15929203
0.18084360
0.15042216
0.18722981
0.18717858
0.14923661
0.17884171
0.18821438
0.19541384
0.19872731
0.18929871
0.16504343
0.16360430
0.18936366
0.17833355
0.21292219
0.20246483
0.20169129
0.20311853
0.17235738
0.20973013
0.22732247
0.19265289
0.16766080
0.18649277
0.18363460
0.15906891
0.15574188
0.18605278
0.20046778
0.19669154
0.17037148
0.14715372
0.18777135
0.16185642
0.16201055
0.18686899
0.17263114
0.23235043
0.21484815
0.19056189
0.18754175
0.22656169
0.17946679
0.17748388
0.17833234
0.15092080
0.16522118
0.15268151
0.16501941
0.19958372
0.18813759
0.15838586
0.17031332
0.19604434
0.17495274
0.17667042
0.19402594
0.17740821
0.16837877
0.17656440
0.16086795
0.17555196
0.20010057
0.15545672
0.16098664
0.15869653
0.15467121
0.17305229
0.14834392
0.19285656
0.18728445
0.16047516
0.18874666
0.18357154
0.16657836
0.14490279
0.16186179
0.23159645
0.19114061
0.15385747
0.16131883
0.18946189
0.20145343
0.16134504
0.16271213
0.18780080
0.14310642
0.18435913
0.18599870
0.16576490
0.16813750
0.15528427
0.17361887
0.15366437
0.15063576
0.17406855
0.19364177
0.16827400
0.15885464
0.15565252
0.16899274
0.19527880
0.22900457
0.17266834
0.18054549
0.18108888
0.19658923
0.15851270
0.20379013
0.19491993
0.17964242
0.21420797
0.18203763
0.18314397
0.15866743
0.18412196
0.17029150
0.19212455
0.16970267
0.22665068
0.18301192
0.16259097
0.13355808
0.15200561
0.17133642
0.17706413
0.20716030
0.17550222
0.18309428
0.15591442
0.17011680
0.17639594
0.20521427
0.16458478
0.22508088
0.16407173
0.18496895
0.19794308
0.17706996
0.14082492
0.19021438
0.20906463
0.13968132
0.21931159
0.16248331
0.17894064
0.18579066
0.19681524
0.15516452
0.17429381
0.17572073
0.19866847
0.16804610
0.17879203
0.16934290
0.19624452
0.19195450
0.16417699
0.17263563
0.16732011
0.17848610
0.17821720
0.17878453
0.18571301
0.16445074
0.18404108
0.18056930
0.18065465
0.17000467
0.19140659
0.16465235
0.17560130
0.16659878
0.19230891
0.20249732
0.15040488
0.17044979
0.17750000
0.18241840
0.15990710
0.23771445
0.17883279
0.15144659
0.17479811
0.19676762
0.21952549
0.18214889
0.18104605
0.16600633
0.17776689
0.20385001
0.18457485
0.19540734
0.20834052
0.16078680
0.21729994
0.16697809
0.17124734
0.17293311
0.17516421
0.18305172
0.16440572
0.17103750
0.19954748
0.15616191
0.15884144
0.18308917
0.18873218
0.19783202
0.20206859
0.18248505
0.18305632
0.17506523
0.15935833
0.18188586
0.15979509
0.17025993
0.15519014
0.17749203
0.18424816
0.18994101
0.17008064
0.18389917
0.20883496
0.19624159
0.18432189
0.19806931
0.20218576
0.18458238
0.17092333
0.19159709
0.19397498
0.18125908
0.17199234
0.19110426
0.14868122
0.20025682
0.17859133
0.16268173
0.20438974
0.16006762
0.27447035
0.20059220
0.17090540
0.17729300
0.17289028
0.17613933
0.20159988
0.18740784
0.19951582
0.15382701
0.15673532
0.15410789
0.17818907
0.18416524
0.18955127
0.17802798
0.17923797
0.15222944
0.18539400
0.21496899
0.16350777
0.18423272
0.17215205
0.17872168
0.17241514
0.20799143
0.20037557
0.16830501
0.14436952
0.18892950
0.18728577
0.16846359
0.17784934
0.19841350
0.18172461
0.17264891
0.18825672
0.16146922
0.18917167
0.16205258
0.19271101
0.19146150
0.18931393
0.15675599
0.19277692
0.17021018
0.19334748
0.17468165
0.19483728
0.16650771
0.16628135
0.23360746
0.16454785
0.16160277
0.17577136
0.16941874
0.19502346
0.17429729
0.16889555
0.16240889
0.17228955
0.16979427
0.16986965
0.19252157
0.14389519
0.15830006
0.20774071
0.20755351
0.16901412
0.18487792
0.21975120
0.18263946
0.15345199
0.16294988
0.15702762
0.17520142
0.20287439
0.17183330
0.21255716
0.15753108
0.16602830
0.17072820
0.17171038
0.18082972
0.17671703
0.19146513
0.19082523
0.15042127
0.18948933
0.16447983
0.16656596
0.18296400
0.17043930
0.20031354
0.13468555
0.15943419
0.15938355
0.19861142
0.16929697
0.14289172
0.19727948
0.18048781
0.18566622
0.15517094
0.16446733
0.17673901
0.14930946
0.17850825
0.17903193
0.18111527
0.15235835
0.19445641
0.19658701
0.19140745
0.17934972
0.17079638
0.20530880
0.16645094
0.17179283
0.19260115
0.17429580
0.17466218
0.15201149
0.16854944
0.15236272
0.15261849
0.18194603
0.15503438
0.19509176
0.15280159
0.17730581
0.14057231
0.18066231
0.20008588
0.17146219
0.18129282
0.17818615
0.20670792
0.18389785
0.18526597
0.15350373
0.19761141
0.15883813
0.21244689
0.18031756
0.15687941
0.20752946
0.17042455
0.20481773
0.15373762
0.16616472
0.15082174
0.16406898
0.19337396
0.21562805
0.19479088
0.17643043
0.20381499
0.21737110
0.18275293
0.20885395
0.19911212
0.14818538
0.15185792
0.17293565
0.22033829
0.15430437
0.16919949
0.16794071
0.17481822
0.17738545
0.18989215
0.15109936
0.20882696
0.17727216
0.22243004
0.17746749
0.19640316
0.21666256
0.14764886
0.17626145
0.17922602
0.17981384
0.16811957
0.17336366
0.17872971
0.19322673
0.19814113
0.17729982
0.19878071
0.15810569
0.19109527
0.15438315
0.16504579
0.17074220
0.18677571
0.20358686
0.18050636
0.19490227
0.17980321
0.18794442
0.19055476
0.22172843
0.17826727
0.16372676
0.16369504
0.22697251
0.20250445
0.18168318
0.15328164
0.18510919
0.17367989
0.16505330
0.16473303
0.17228706
0.17108881
0.18617905
0.16818300
0.14631719
0.17078851
0.17366797
0.16466933
0.14706269
0.18172877
0.16365946
0.17312152
0.16933597
0.16733070
0.15484920
0.17924874
0.16339553
0.16694688
0.15820935
0.15819585
0.17289615
0.16787062
0.17931335
0.15439218
0.16746708
0.17807670
0.18867509
0.19870432
0.16384570
0.18580841
0.18429114
0.17006086
0.21445846
0.15094563
0.20769452
0.20783480
0.20368188
0.17669150
0.17424000
0.18547911
0.16395435
0.18819322
0.20137193
0.17496056
0.18952724
0.17382744
0.15504421
0.16573788
0.16131694
0.21559438
0.18449970
0.15029946
0.16167235
0.19192655
0.15853459
0.17076564
0.16998386
0.21151953
0.20131951
0.16770332
0.19008903
0.20397646
0.20008358
0.18988938
0.19413574
0.17755442
0.18850369
0.17842049
0.17295347
0.18923625
0.17494400
0.16774300
0.14958562
0.15891162
0.16651083
0.18677414
0.19716791
0.19135413
0.16682377
0.18525345
0.16627542
0.20010346
0.17076673
0.15270230
0.17183980
0.23989637
0.16933947
0.17338949
0.20578081
0.16975718
0.20096689
0.16272842
0.19050752
0.18425736
0.18366819
0.16405078
0.16012643
0.18371035
0.17690373
0.19722137
0.16200067
0.16619778
0.15181143
0.18048415
0.17768183
0.17963326
0.20893315
0.19650696
0.16839824
0.16813026
0.18305643
0.13988977
0.20394076
0.17450097
0.14732489
0.20441891
0.17959859
0.19242026
0.15802405
0.14725042
0.18417368
0.17542698
0.17937521
0.14778772
0.20592535
0.18608582
0.18697398
0.17750329
0.18277709
0.17486091
0.16992242
0.16412104
0.19307422
0.15313249
0.19095057
0.16881379
0.18248894
0.16264504
0.18962126
0.15799201
0.15699603
0.18298743
0.20466748
0.17251734
0.20425287
0.14453204
0.16232889
0.15361592
0.18980866
0.16873893
0.17504669
0.16601401
0.17416447
0.16368227
0.16431447
0.17212945
0.17079512
0.17689709
0.20627504
0.16667613
0.15911291
0.17567818
0.17289489
0.17256759
0.20126760
0.19147024
0.15721080
0.18597799
0.15542493
0.19565926
0.19656472
0.16466950
0.18157613
0.17082936
0.16768405
0.21139531
0.18340855
0.18132281
0.19642328
0.20916386
0.19798691
0.18200830
0.19311626
0.21481217
0.14573884
0.17862734
0.15366353
0.20269881
0.19214985
0.17808176
0.14050882
0.14132217
0.17983842
0.18938250
0.16867976
0.20604408
0.19227343
0.17392522
0.17544349
0.18797892
0.19980940
0.20545097
0.19512178
0.17835690
0.18679952
0.15052046
0.19902415
0.18529020
0.15434889
0.22041154
0.16242648
0.15948127
0.15727254
0.20902696
0.17542106
0.14954871
0.21415476
0.18948641
0.18498527
0.15896698
0.18102161
0.15732485
0.17062454
0.17640095
0.20166791
0.20115725
0.16737459
0.18984406
0.19348925
0.16044668
0.16754744
0.16697353
0.19413131
0.20027072
0.18507575
0.18130365
0.17401661
0.16434677
0.17457899
0.17739683
0.19459407
0.19012508
0.18332212
0.18656862
0.15924764
0.16844288
0.17161164
0.20477140
0.17946884
0.17807794
0.15589924
0.17167537
0.18252959
0.16933850
0.18024798
0.14572672
0.21570260
0.17110620
0.21874395
0.17102530
0.17102636
0.16383237
0.15895112
0.16742242
0.18742452
0.20184511
0.20657954
0.19091757
0.20294940
0.16196697
0.18980359
0.15699770
0.18877112
0.16434037
0.16900959
0.18575211
0.17891281
0.19219990
0.20091040
0.19521539
0.17821313
0.15529122
0.19794975
0.15614600
0.19768243
0.21012837
0.17160698
0.18578769
0.19931502
0.15465214
0.20869782
0.16798375
0.21301520
0.16767555
0.20326604
0.17820149
0.17622709
0.17805701
0.21249097
0.18148683
0.15926873
0.16555973
0.19096561
0.17929930
0.17343415
0.15798001
0.15370178
0.21160817
0.16663805
0.14568112
0.20019564
0.15463250
0.19229937
0.19843468
0.15135496
0.13710631
0.17054131
0.21953713
0.20542745
0.17748875
0.16486906
0.18251291
0.16974791
0.16708113
0.17360610
0.19520020
0.18034960
0.15087993
0.19074930
0.20552910
0.15533016
0.18643921
0.14336382
0.19488674
0.14254850
0.16475301
0.15928180
0.17731456
0.17547829
0.15799856
0.17546385
0.19300369
0.19231719
0.17378064
0.20171995
0.20320469
0.19543480
0.17924212
0.17002433
0.22257192
0.15405891
0.18470519
0.17660950
0.19757758
0.19300465
0.17339003
0.16675147
0.14934878
0.19605152
0.16668767
0.16895824
0.18583429
0.19288681
0.17526180
0.18156345
0.17778612
0.20386770
0.21253132
0.16349195
0.19550181
0.19459125
0.18579747
0.14395646
0.17912662
0.23684522
0.19374161
0.20158136
0.18054338
0.15823946
0.16556087
0.17545261
0.14561300
0.19397421
0.18373628
0.20940239
0.18321083
0.20066433
0.17320096
0.21917685
0.18884475
0.17765441
0.19927298
0.17533797
0.20516268
0.16369625
0.19112812
0.14422086
0.17759392
0.19565670
0.15881889
0.18625102
0.13683141
0.16461961
0.18152099
0.18237111
0.18476401
0.18194432
0.16905828
0.18675232
0.19225399
0.18257840
0.18769935
0.18420511
0.19435156
0.16632430
0.17073748
0.16385158
0.18300181
0.18057864
0.18317186
0.17345053
0.16769545
0.15669278
0.17496557
0.18102301
0.16270536
0.18907916
0.22092797
0.20724375
0.15551051
0.19691907
0.21563422
0.16810022
0.18955919
0.17939442
0.15096962
0.19316518
0.21847208
0.19176337
0.17104910
0.16904903
0.17858056
0.17873953
0.20963031
0.16440577
0.18749575
0.17109986
0.17868660
0.25121443
0.17079272
0.14466520
0.17511552
0.16933158
0.20200996
0.15051573
0.17484453
0.17693614
0.19281725
0.16790609
0.18220155
0.18232728
0.14953983
0.18137120
0.16931258
0.19338935
0.19870987
0.14146185
0.16978367
0.17674689
0.18408939
0.17465159
0.18402009
0.18399105
0.17308910
0.20971649
0.16080052
0.16149612
0.17095971
0.17425463
0.16151137
0.16731257
0.15768619
0.16079172
0.18704558
0.16033293
0.15312215
0.17407471
0.17966401
0.18212122
0.17777669
0.14988104
0.15963597
0.18965219
0.20634627
0.18094808
0.19412855
0.18141380
0.16879042
0.19606827
0.18038338
0.17043789
0.15728431
0.19053072
0.15750234
0.16771267
0.22223470
0.17009930
0.19987467
0.17753936
0.16447740
0.17069626
0.16377587
0.18046337
0.15280684
0.17598492
0.18594721
0.17944879
0.19054760
0.18024736
0.19143252
0.14318136
0.15469660
0.17365719
0.19991932
0.13763649
0.18820934
0.14122711
0.16352172
0.18075169
0.19328928
0.20128890
0.21820885
0.20855084
0.17977004
0.16121744
0.18485177
0.19280831
0.17048515
0.16635719
0.18486889
0.18240163
0.19095628
0.18419788
0.17241422
0.16047051
0.20773187
0.27291865
0.18252610
0.15938843
0.16220436
0.20112775
0.19673520
0.20191246
0.16059632
0.14849842
0.16608442
0.16993907
0.18506880
0.17078440
0.17703046
0.16711931
0.22364208
0.18922466
0.19753047
0.20460838
0.16398238
0.16955869
0.14870385
0.19275114
0.12477760
0.18209481
0.16606390
0.20649699
0.18119082
0.19546724
0.17157989
0.17965578
0.18047501
0.17366448
0.17390275
0.18387887
0.18250735
0.16065336
0.18636640
0.17201436
0.16912291
0.16937947
0.18122553
0.18393577
0.18270968
0.18660474
0.19995780
0.16364519
0.17411765
0.17825900
0.21684640
0.13704074
0.15721760
0.15252481
0.15281380
0.19258398
0.17862894
0.14748226
0.19127734
0.16190827
0.16386935
0.19946323
0.18422638
0.19572112
0.17032692
0.17867789
0.20751476
0.14567945
0.19102700
0.19117749
0.18099949
0.15735364
0.17453502
0.17489549
0.20807113
0.16938544
0.18962914
0.14488813
0.17074621
0.15294425
0.18638350
0.18761970
0.17476207
0.15818541
0.21366863
0.21041978
0.16682641
0.17054688
0.23391010
0.21567936
0.16175599
0.17664476
0.20522077
0.15781475
0.17642596
0.18341003
0.21052513
0.17756692
0.14500974
0.18046830
0.20056443
0.17667555
0.18438379
0.19927025
0.21735295
0.19243493
0.17233306
0.15428144
0.16070260
0.17327248
0.20067016
0.17835982
0.17335360
0.17181693
0.18135264
0.20680323
0.17441899
0.19810665
0.17621984
0.16718756
0.17324021
0.17341807
0.18013015
0.19580506
0.18271839
0.16250343
0.16909204
0.16583949
0.15679429
0.19626321
0.18713475
0.19635497
0.16756257
0.16608020
0.19735576
0.14968426
0.18766461
0.17625655
0.15059334
0.16280980
0.19696720
0.15743382
0.18620330
0.16789113
0.17749625
0.22054886
0.16440040
0.17141278
0.17108601
0.17958794
0.16590512
0.21057488
0.21548758
0.17814082
0.14952167
0.16736412
0.17306171
0.17129063
0.19435335
0.18677130
0.15139117
0.18188731
0.18514717
0.16160902
0.15124413
0.19228101
0.19627824
0.20402096
0.16217487
0.19366642
0.16698195
0.16901713
0.16473874
0.14846068
0.17287355
0.15308510
0.15990823
0.15887587
0.18882881
0.15233327
0.18736363
0.18015802
0.16371140
0.17449964
0.15231371
0.19160924
0.19313317
0.18501599
0.17133665
0.18549704
0.19761629
0.14779514
0.16832111
0.17568987
0.16948116
0.23888919
0.16362990
0.16400404
0.16724401
0.17408319
0.15853280
0.18341134
0.17306766
0.16833665
0.15779068
0.20823595
0.19517508
0.20774009
0.18448752
0.18420759
0.16996150
0.16846180
0.17168529
0.19987088
0.22602275
0.18349371
0.17638709
0.17014929
0.19168722
0.24187087
0.20554320
0.19517764
0.13790370
0.20423333
0.18036325
0.16454403
0.18332265
0.19691102
0.18747088
0.18358321
0.19242108
0.20138962
0.20328968
0.18283326
0.21761241
0.17620660
0.19257349
0.19845596
0.17364273
0.17472750
0.16537329
0.16657677
0.17626620
0.18995499
0.14642231
0.17057451
0.18284653
0.16560080
0.17058388
0.16276053
0.18663544
0.17369722
0.19157982
0.20165567
0.14437328
0.17258477
0.19156068
0.16466074
0.19555822
0.19061832
0.21419329
0.15049954
0.16993522
0.16581158
0.19546691
0.18191443
0.16735997
0.20812290
0.18663549
0.20012186
0.22457008
0.16639734
0.18892302
0.16493558
0.16662876
0.18243852
0.17112817
0.16042157
0.17151158
0.19479077
0.21384882
0.19921321
0.22121823
0.21330729
0.24322858
0.16441417
0.16733621
0.20999097
0.19771337
0.15884580
0.14880260
0.21732262
0.16656154
0.13804648
0.14949429
0.16933067
0.16986429
0.15662390
0.14372427
0.18562551
0.19024483
0.17150702
0.18473118
0.15496049
0.18076316
0.17015615
0.18227043
0.17809844
0.19412835
0.16386519
0.19663705
0.15909787
0.17615386
0.15805211
0.15321322
0.16145561
0.18624330
0.14516263
0.20089977
0.16912693
0.14065466
0.20396691
0.19141225
0.23643268
0.19414702
0.15906413
0.16681526
0.21136928
0.21125018
0.15250306
0.17674928
0.16861198
0.19410924
0.17183385
0.15743587
0.16719180
0.16129376
0.14086810
0.18214619
0.17485115
0.15566993
0.16863210
0.17073756
0.20544123
0.17831632
0.18975363
0.17082831
0.17402524
0.17647080
0.17283605
0.19746213
0.16684416
0.15247060
0.16587571
0.18529840
0.18948376
0.21626370
0.13688432
0.17897909
0.18169421
0.18291708
0.19993448
0.17221506
0.17599436
0.23707013
0.18240262
0.16965445
0.16732304
0.14564694
0.18099906
0.18021838
0.14087641
0.17934709
0.15482336
0.16492078
0.18702426
0.17756512
0.17404846
0.19758597
0.16032158
0.17867433
0.17603818
0.18325966
0.17959411
0.19076479
0.15140254
0.19093930
0.22855269
0.15246036
0.21471595
0.20709164
0.14949287
0.18802575
0.19707138
0.16467002
0.17823339
0.16026659
0.17541213
0.21988432
0.20729924
0.18114507
0.16522564
0.16376059
0.19721352
0.14536230
0.18216892
0.22466706
0.17227642
0.15975275
0.16386683
0.20457038
0.15992344
0.17267362
0.14208756
0.18244920
0.20001802
0.15515466
0.20261546
0.17523031
0.18008532
0.22387872
0.15997622
0.18341075
0.18699763
0.18626995
0.19973501
0.20619521
0.20425494
0.16580050
0.16007278
0.18138299
0.16600951
0.19791134
0.19024247
0.18577749
0.14025709
0.15390767
0.21878510
0.16257625
0.19037730
0.18063871
0.16609723
0.15635640
0.20331476
0.15126390
0.17397420
0.18946998
0.17956860
0.18160152
0.17158182
0.16683523
0.17748647
0.18059449
0.16586030
0.18037331
0.19409701
0.18358076
0.16323236
0.21479812
0.20062328
0.15878175
0.17545931
0.19241339
0.17489204
0.18971717
0.17384869
0.18917264
0.17146610
0.15440300
0.17985366
0.20372360
0.17193700
0.19667323
0.21262268
0.15650092
0.16302202
0.18457467
0.18539571
0.20051624
0.15173464
0.20179822
0.21014218
0.14219387
0.16886527
0.19441301
0.20227726
0.17634768
0.15542953
0.15980748
0.17553460
0.19465125
0.16236535
0.17417099
0.20117799
0.20380503
0.17679052
0.20844320
0.21699285
0.16288658
0.19654995
0.17534881
0.14639053
0.18853017
0.16631291
0.16788468
0.18280479
0.20004232
0.15889575
0.19644530
0.18516864
0.16965484
0.16538114
0.18426876
0.15523978
0.16164218
0.16627684
0.16765219
0.19252162
0.17671486
0.20306598
0.17449787
0.17932958
0.18792574
0.16428084
0.17156300
0.18417780
0.19719144
0.17090195
0.17941524
0.21412130
0.17849340
0.15147958
0.17172667
0.18234780
0.18096460
0.19974892
0.20372576
0.14521451
0.19313036
0.16873979
0.24072062
0.20211097
0.23650417
0.18457947
0.17373292
0.19271253
0.18274153
0.16535017
0.16508459
0.15998211
0.18871079
0.17780029
0.18443211
0.17032382
0.18024541
0.18829386
0.16236017
0.18433942
0.15528879
0.18422503
0.20573214
0.19824613
0.16493981
0.15594315
0.17408158
0.15897058
0.15364709
0.20036171
0.19730509
0.20730645
0.16095642
0.18400322
0.20090715
0.20412726
0.19073461
0.19761676
0.19449670
0.17322687
0.18471726
0.17512053
0.20104915
0.17060721
0.15271360
0.20092425
0.20068640
0.16704258
0.19080198
0.16074840
0.19569566
0.16892733
0.17210878
0.22730045
0.17578212
0.16203156
0.16881810
0.19737264
0.15835521
0.22448777
0.16203483
0.15708711
0.18111797
0.19506380
0.22493457
0.18890900
0.18980909
0.13666891
0.14784183
0.20539038
0.16156296
0.16409142
0.21543517
0.21619801
0.19636633
0.16682514
0.19924408
0.15788262
0.18832921
0.20084145
0.17257012
0.21985778
0.19594505
0.19630033
0.18706070
0.17183590
0.16080543
0.16438834
0.20463261
0.16321447
0.18696396
0.16428906
0.16353638
0.21225930
0.14982814
0.18186563
0.20834062
0.15593187
0.17673223
0.17568037
0.19803898
0.13897241
0.16243527
0.19495527
0.15863789
0.17375592
0.23966653
0.19119387
0.18627854
0.18612579
0.17022333
0.15554282
0.17400247
0.18607236
0.17654239
0.21995805
0.15407725
0.15832493
0.19190523
0.21503547
0.18153737
0.16149651
0.18401862
0.16461633
0.18905243
0.21629101
0.14999493
0.17208100
0.19392868
0.17111196
0.17369818
0.16140478
0.22694711
0.17585185
0.18792742
0.17768925
0.16207292
0.17211349
0.15259507
0.17369862
0.19077392
0.16683379
0.18141076
0.17226085
0.18369179
0.18793912
0.17082805
0.17679223
0.15946932
0.16121787
0.18287646
0.17391859
0.16968150
0.18579967
0.19398333
0.19412796
0.16294754
0.15658359
0.20417207
0.16508545
0.18122542
0.18703990
0.20395013
0.17901875
0.19466817
0.18594327
0.16373361
0.17568663
0.22040342
0.18446000
0.18183176
0.20622534
0.17835734
0.18852090
0.18730912
0.16649779
0.16976630
0.18997190
0.19931199
0.19701740
0.18369502
0.17727147
0.15559385
0.17747768
0.18206891
0.16679556
0.18873664
0.17266291
0.19946045
0.18107877
0.18674543
0.18167464
0.17840418
0.21153118
0.18659588
0.18229503
0.20762106
0.15963833
0.17088396
0.16131284
0.16250928
0.20944994
0.20381331
0.16444913
0.18617676
0.16282229
0.13829423
0.18038677
0.14509433
0.16181981
0.16101474
0.15514654
0.17547992
0.18576546
0.14675554
0.18012164
0.19209298
0.15656585
0.17102846
0.19863603
0.16551901
0.15839899
0.18681154
0.14511944
0.18574012
0.14752338
0.18138402
0.14615052
0.22028600
0.20940923
0.20060531
0.17444532
0.19352303
0.17776527
0.17260151
0.19641611
0.15312739
0.19018540
0.16949826
0.15505222
0.16435887
0.21417798
0.18599297
0.18842562
0.18609262
0.19918981
0.15598179
0.19546390
0.18724965
0.18383252
0.14763437
0.17042204
0.16094517
0.18397619
0.22270819
0.17735557
0.16963096
0.17846950
0.15533516
0.18220003
0.17679629
0.15865216
0.18027227
0.18762420
0.14926548
0.18880373
0.20758517
0.19528732
0.16406087
0.17052523
0.17957260
0.20251936
0.19744760
0.17297469
0.16662142
0.20405510
0.18574266
0.21156113
0.18421505
0.15661918
0.19928749
0.14903229
0.19810973
0.19123429
0.17031281
0.18457301
0.21438544
0.19260590
0.18116202
0.15971931
0.17572722
0.19192221
0.20967853
0.21294502
0.15547915
0.20915518
0.18831950
0.16065605
0.16449611
0.15363833
0.19246062
0.17240050
0.19058544
0.19934732
0.18298358
0.19658406
0.18660856
0.19934316
0.18864434
0.17355733
0.16861568
0.19091126
0.18572984
0.17141142
0.15869346
0.18342819
0.18493942
0.20690361
0.15320866
0.20181951
0.16150600
0.18187137
0.17509277
0.16218928
0.19505910
0.17238769
0.15711074
0.21967559
0.20687405
0.15472393
0.16048813
0.15629806
0.19688359
0.16312637
0.18615045
0.21509923
0.18947818
0.15692892
0.17574139
0.15189752
0.19952625
0.15786127
0.17358128
0.19485726
0.18352932
0.16832492
0.17998277
0.19546359
0.13898557
0.19054753
0.20584489
0.18447561
0.17299208
0.15955938
0.17914775
0.21519414
0.14733402
0.16211349
0.19141346
0.18467920
0.17284972
0.19263689
0.22303431
0.17614166
0.22883314
0.19599012
0.17793775
0.17249092
0.19000202
0.19969423
0.19026200
0.21174514
0.19008212
0.17296387
0.17250327
0.18392948
0.16186626
0.20686746
0.20365031
0.16686134
0.18391874
0.17083445
0.20131235
0.18455298
0.17047006
0.22527380
0.15769526
0.20304444
0.16305972
0.16227067
0.19156288
0.17104142
0.16546509
0.17151137
0.19712800
0.21307624
0.17042578
0.16681675
0.19924585
0.16387115
0.19116364
0.27813818
0.18110022
0.15482875
0.16722805
0.17170922
0.19744170
0.17386742
0.18686142
0.19297004
0.18436525
0.19983708
0.17019589
0.18053699
0.18835841
0.18660740
0.16619652
0.15813737
0.20349598
0.15928613
0.15721670
0.14084911
0.14790312
0.17914020
0.17244496
0.19067285
0.16158965
0.18504683
0.16455261
0.18719160
0.18137092
0.18269332
0.15833045
0.18920200
0.17949035
0.19372755
0.16021624
0.16874561
0.18157868
0.23782525
0.15247151
0.19990806
0.19563485
0.19186945
0.14913003
0.18051412
0.18636433
0.16372322
0.22451783
0.19888809
0.17422271
0.19620311
0.16368014
0.19384169
0.20815826
0.16767003
0.16351259
0.17959577
0.20139540
0.16923340
0.17990226
0.19198135
0.15562977
0.17421119
0.15797447
0.15745247
0.16079084
0.18649598
0.18923650
0.16403317
0.18166545
0.17649519
0.17244347
0.15985312
0.20829440
0.15267213
0.17736104
0.20070031
0.15358973
0.15706686
0.23032117
0.23916117
0.18355579
0.16854396
0.19375392
0.15468582
0.19652859
0.16922230
0.19761971
0.17354747
0.18079808
0.18992401
0.15648317
0.17430829
0.20152859
0.16815931
0.17211342
0.15149890
0.14155552
0.20496680
0.14806665
0.16971268
0.16469291
0.20913382
0.19504791
0.16231142
0.18928721
0.18066492
0.17287385
0.14597377
0.19253284
0.17417934
0.20144726
0.17974583
0.18339387
0.18767816
0.17014451
0.19681629
0.20848550
0.16551780
0.17355846
0.14204748
0.18278362
0.19695445
0.17626365
0.14937890
0.18973143
0.19370094
0.17811041
0.21153275
0.19467759
0.17445380
0.15039495
0.17878359
0.16577274
0.18606254
0.16932694
0.16622729
0.14492889
0.16386964
0.19697871
0.16069190
0.15098805
0.16111373
0.16156813
0.17592221
0.18095810
0.22235872
0.20621468
0.19623070
0.18893559
0.17566933
0.18055237
0.20223057
0.14570178
0.18333290
0.18411347
0.17494259
0.18100519
0.18893051
0.17989745
0.17597242
0.17173252
0.18830910
0.16125008
0.19617508
0.20305947
0.17124685
0.16070973
0.15882550
0.17186587
0.15957319
0.19203626
0.20237270
0.16529341
0.18598565
0.17060049
0.19065308
0.16731844
0.19819398
0.17095320
0.18815859
0.15885805
0.16388251
0.17570761
0.18380422
0.17227901
0.15465741
0.20264450
0.21940568
0.19091202
0.24732173
0.17996816
0.18694183
0.16427922
0.18124099
0.20613325
0.17007182
0.13200082
0.15877004
0.17347584
0.16369346
0.16629026
0.21031368
0.14860724
0.15835547
0.17821573
0.19380975
0.16564442
0.18035708
0.16047858
0.18049704
0.19640643
0.17709421
0.18356125
0.16320265
0.22646023
0.17786054
0.17620943
0.17938218
0.18391125
0.16737951
0.16861960
0.16601075
0.20417265
0.18030600
0.15518778
0.18820519
0.18677793
0.20955229
0.16142525
0.18069100
0.17345780
0.14533797
0.18403493
0.18290250
0.15223586
0.15370099
0.18273495
0.19954180
0.17535926
0.16172538
0.15912683
0.15850960
0.17055044
0.18113840
0.16152563
0.15028646
0.19006578
0.17678186
0.15099839
0.19159106
0.17861860
0.18094685
0.15822638
0.17238800
0.19295098
0.18597352
0.18962036
0.18956257
0.18567341
0.19775687
0.17884332
0.17836947
0.16162436
0.18117789
0.15972887
0.18294994
0.16413412
0.18989374
0.19235566
0.15405912
0.18180317
0.15868402
0.24005439
0.16652333
0.23875937
0.14785779
0.18770080
0.18649241
0.17031830
0.16915466
0.18251312
0.17862669
0.19884815
0.16393919
0.17325182
0.15488116
0.19254283
0.17700009
0.16908632
0.17088843
0.15642653
0.18947950
0.16568179
0.18145826
0.17690356
0.20184850
0.19966723
0.20772818
0.19013494
0.18522546
0.15765658
0.18113638
0.19631750
0.19457678
0.17668684
0.20113060
0.22421145
0.21208703
0.17819910
0.18025841
0.19654276
0.17826119
0.17038847
0.19387125
0.19801735
0.19853631
0.16285935
0.18216861
0.22079444
0.20741835
0.18150766
0.14910325
0.17433541
0.16703512
0.16454943
0.19647164
0.21850453
0.16857073
0.22046096
0.16592981
0.18177188
0.17021083
0.19741645
0.19848137
0.19438788
0.15693639
0.17181664
0.19507495
0.18223234
0.14187549
0.17905200
0.18592487
0.18875242
0.17797147
0.20266673
0.21389837
0.17359023
0.15318281
0.16988821
0.15438908
0.15227294
0.19278833
0.15124895
0.18748206
0.22180662
0.19985113
0.18873297
0.17319270
0.19105115
0.20129378
0.17867246
0.19103371
0.22374026
0.14529622
0.17006806
0.16925403
0.19536205
0.15033779
0.18046814
0.15636028
0.17983826
0.18644257
0.18507640
0.18927007
0.17473860
0.18122384
0.18691437
0.22237075
0.17385744
0.16327337
0.17450232
0.16210486
0.16183013
0.17761668
0.15476138
0.19269303
0.17257253
0.18589203
0.19107978
0.21869302
0.15230233
0.16786434
0.18411203
0.18880180
0.15336048
0.18628673
0.16511708
0.16798578
0.18287486
0.20185411
0.18112617
0.18237166
0.20432870
0.14600964
0.17523610
0.16119878
0.16716394
0.19679448
0.17006911
0.19316655
0.15497907
0.20222639
0.19597096
0.15616737
0.19936919
0.20102011
0.16332759
0.14566078
0.20027785
0.17632334
0.20220509
0.16638512
0.18732127
0.19064832
0.16973457
0.16497770
0.19804366
0.15954804
0.15337725
0.19517352
0.18358585
0.23100721
0.19602307
0.20353421
0.20145795
0.18988485
0.18694358
0.18863790
0.15989296
0.16563467
0.17919113
0.19904797
0.16810958
0.17817233
0.21173024
0.17253399
0.16887219
0.16807629
0.22449644
0.20119507
0.15214021
0.17067973
0.18018469
0.20319133
0.17578413
0.16313767
0.20468092
0.20178908
0.16015601
0.18976174
0.14359087
0.16871114
0.16331590
0.18228147
0.20068433
0.17886708
0.18174541
0.16793144
0.17608730
0.17996447
0.15883511
0.15009035
0.16582750
0.16788102
0.19393674
0.19647251
0.18141342
0.17831228
0.20503402
0.19932434
0.15839080
0.17701626
0.14621158
0.18737110
0.21830957
0.17374663
0.13708648
0.21001121
0.22375752
0.18605628
0.18945067
0.14891005
0.17735804
0.19521962
0.16616987
0.14332957
0.20204475
0.17566499
0.16552325
0.19097945
0.17310501
0.15368786
0.16275432
0.18333027
0.21981821
0.17046084
0.15517649
0.14966814
0.17268729
0.16358746
0.17363167
0.18252722
0.20471673
0.15861096
0.15419112
0.15927486
0.18287596
0.18855126
0.15637673
0.18720057
0.17194202
0.14251559
0.15837101
0.17710035
0.16297881
0.16617100
0.22282139
0.19697516
0.16555722
0.15892418
0.21329011
0.15017398
0.18832348
0.18856048
0.17077128
0.18787970
0.18250741
0.17984304
0.18854727
0.19383343
0.16893423
0.18924985
0.19856526
0.22951009
0.13923773
0.18192019
0.18195930
0.15777372
0.18378988
0.16651062
0.19168201
0.16081838
0.16406522
0.20827134
0.15635831
0.18166492
0.17310797
