# NTRAJ	50000
0.000	0.00000000
0.001	0.00000000
0.002	0.00000000
0.003	0.00000000
0.004	0.00000000
0.005	0.00000000
0.006	0.00000000
0.007	0.00000000
0.008	0.00000000
0.009	0.00000000
0.010	0.00000000
0.011	0.00000000
0.012	0.00000000
0.013	0.00000000
0.014	0.00000000
0.015	0.00000000
0.016	0.00000000
0.017	0.00000000
0.018	0.00000000
0.019	0.00000000
0.020	0.00000000
0.021	0.00000000
0.022	0.00000000
0.023	0.00000000
0.024	0.00000000
0.025	0.00000000
0.026	0.00000000
0.027	0.00000000
0.028	0.00000000
0.029	0.00000000
0.030	0.00000000
0.031	0.00000000
0.032	0.00000000
0.033	0.00000000
0.034	0.00000000
0.035	0.00000000
0.036	0.00000000
0.037	0.00000000
0.038	0.00000000
0.039	0.00000000
0.040	0.00000000
0.041	0.00000000
0.042	0.00000000
0.043	0.00000000
0.044	0.00000000
0.045	0.00000000
0.046	0.00000000
0.047	0.00000000
0.048	0.00000000
0.049	0.00000000
0.050	0.00000000
0.051	0.00000000
0.052	0.00000000
0.053	0.00000000
0.054	0.00000000
0.055	0.00000000
0.056	0.00000000
0.057	0.00000000
0.058	0.00000000
0.059	0.00000000
0.060	0.00000000
0.061	0.00000000
0.062	0.00000000
0.063	0.00000000
0.064	0.00000000
0.065	0.00000000
0.066	0.00000000
0.067	0.00000000
0.068	0.00000000
0.069	0.00000000
0.070	0.00000000
0.071	0.00000000
0.072	0.00000000
0.073	0.00000000
0.074	0.00000000
0.075	0.00000000
0.076	0.00000000
0.077	0.00000000
0.078	0.00000000
0.079	0.00000000
0.080	0.00000000
0.081	0.00000000
0.082	0.00000000
0.083	0.00000000
0.084	0.00000000
0.085	0.00000000
0.086	0.00000000
0.087	0.00000000
0.088	0.00000000
0.089	0.00000000
0.090	0.00000000
0.091	0.00000000
0.092	0.00000000
0.093	0.00000000
0.094	0.00000000
0.095	0.00000000
0.096	0.00000000
0.097	0.00000000
0.098	0.00000000
0.099	0.00000000
0.100	0.00000000
0.101	0.00000000
0.102	0.00000000
0.103	0.00000000
0.104	0.00000000
0.105	0.00000000
0.106	0.00000000
0.107	0.00000000
0.108	0.00000000
0.109	0.00000000
0.110	0.00000000
0.111	0.00000000
0.112	0.00000000
0.113	0.00000000
0.114	0.00000000
0.115	0.00000000
0.116	0.00000000
0.117	0.00000000
0.118	0.00000000
0.119	0.00000000
0.120	0.00000000
0.121	0.00000000
0.122	0.00000000
0.123	0.00000000
0.124	0.00000000
0.125	0.00000000
0.126	0.00000000
0.127	0.00000000
0.128	0.00000000
0.129	0.00000000
0.130	0.00000000
0.131	0.00000000
0.132	0.00000000
0.133	0.00000000
0.134	0.00000000
0.135	0.00000000
0.136	0.00000000
0.137	0.00000000
0.138	0.00000000
0.139	0.00000000
0.140	0.00000000
0.141	0.00000000
0.142	0.00000000
0.143	0.00000000
0.144	0.00000000
0.145	0.00000000
0.146	0.00000000
0.147	0.00000000
0.148	0.00000000
0.149	0.00000000
0.150	0.00000000
0.151	0.00000000
0.152	0.00000000
0.153	0.00000000
0.154	0.00000000
0.155	0.00000000
0.156	0.00000000
0.157	0.00000000
0.158	0.00000000
0.159	0.00000000
0.160	0.00000000
0.161	0.00000000
0.162	0.00000000
0.163	0.00000000
0.164	0.00000000
0.165	0.00000000
0.166	0.00000000
0.167	0.00000000
0.168	0.00000000
0.169	0.00000001
0.170	0.00000001
0.171	0.00000001
0.172	0.00000001
0.173	0.00000001
0.174	0.00000001
0.175	0.00000001
0.176	0.00000001
0.177	0.00000001
0.178	0.00000001
0.179	0.00000001
0.180	0.00000001
0.181	0.00000001
0.182	0.00000001
0.183	0.00000001
0.184	0.00000001
0.185	0.00000001
0.186	0.00000001
0.187	0.00000001
0.188	0.00000001
0.189	0.00000001
0.190	0.00000001
0.191	0.00000001
0.192	0.00000001
0.193	0.00000001
0.194	0.00000001
0.195	0.00000001
0.196	0.00000001
0.197	0.00000001
0.198	0.00000001
0.199	0.00000002
0.200	0.00000002
0.201	0.00000002
0.202	0.00000002
0.203	0.00000002
0.204	0.00000002
0.205	0.00000002
0.206	0.00000002
0.207	0.00000002
0.208	0.00000002
0.209	0.00000002
0.210	0.00000002
0.211	0.00000002
0.212	0.00000002
0.213	0.00000002
0.214	0.00000002
0.215	0.00000003
0.216	0.00000003
0.217	0.00000003
0.218	0.00000003
0.219	0.00000003
0.220	0.00000003
0.221	0.00000003
0.222	0.00000003
0.223	0.00000003
0.224	0.00000003
0.225	0.00000003
0.226	0.00000004
0.227	0.00000004
0.228	0.00000004
0.229	0.00000004
0.230	0.00000004
0.231	0.00000004
0.232	0.00000004
0.233	0.00000004
0.234	0.00000004
0.235	0.00000005
0.236	0.00000005
0.237	0.00000005
0.238	0.00000005
0.239	0.00000005
0.240	0.00000005
0.241	0.00000005
0.242	0.00000005
0.243	0.00000006
0.244	0.00000006
0.245	0.00000006
0.246	0.00000006
0.247	0.00000006
0.248	0.00000006
0.249	0.00000007
0.250	0.00000007
0.251	0.00000007
0.252	0.00000007
0.253	0.00000007
0.254	0.00000008
0.255	0.00000008
0.256	0.00000008
0.257	0.00000008
0.258	0.00000008
0.259	0.00000009
0.260	0.00000009
0.261	0.00000009
0.262	0.00000009
0.263	0.00000009
0.264	0.00000010
0.265	0.00000010
0.266	0.00000010
0.267	0.00000011
0.268	0.00000011
0.269	0.00000011
0.270	0.00000011
0.271	0.00000012
0.272	0.00000012
0.273	0.00000012
0.274	0.00000012
0.275	0.00000013
0.276	0.00000013
0.277	0.00000013
0.278	0.00000014
0.279	0.00000014
0.280	0.00000014
0.281	0.00000015
0.282	0.00000015
0.283	0.00000015
0.284	0.00000016
0.285	0.00000016
0.286	0.00000016
0.287	0.00000017
0.288	0.00000017
0.289	0.00000018
0.290	0.00000018
0.291	0.00000018
0.292	0.00000019
0.293	0.00000019
0.294	0.00000020
0.295	0.00000020
0.296	0.00000021
0.297	0.00000021
0.298	0.00000022
0.299	0.00000022
0.300	0.00000023
0.301	0.00000023
0.302	0.00000024
0.303	0.00000024
0.304	0.00000025
0.305	0.00000025
0.306	0.00000026
0.307	0.00000026
0.308	0.00000027
0.309	0.00000027
0.310	0.00000028
0.311	0.00000028
0.312	0.00000029
0.313	0.00000030
0.314	0.00000030
0.315	0.00000031
0.316	0.00000032
0.317	0.00000032
0.318	0.00000033
0.319	0.00000034
0.320	0.00000034
0.321	0.00000035
0.322	0.00000036
0.323	0.00000036
0.324	0.00000037
0.325	0.00000038
0.326	0.00000039
0.327	0.00000039
0.328	0.00000040
0.329	0.00000041
0.330	0.00000042
0.331	0.00000043
0.332	0.00000044
0.333	0.00000044
0.334	0.00000045
0.335	0.00000046
0.336	0.00000047
0.337	0.00000048
0.338	0.00000049
0.339	0.00000050
0.340	0.00000051
0.341	0.00000052
0.342	0.00000053
0.343	0.00000054
0.344	0.00000055
0.345	0.00000056
0.346	0.00000057
0.347	0.00000058
0.348	0.00000059
0.349	0.00000060
0.350	0.00000061
0.351	0.00000062
0.352	0.00000063
0.353	0.00000065
0.354	0.00000066
0.355	0.00000067
0.356	0.00000068
0.357	0.00000069
0.358	0.00000070
0.359	0.00000072
0.360	0.00000073
0.361	0.00000074
0.362	0.00000076
0.363	0.00000077
0.364	0.00000079
0.365	0.00000080
0.366	0.00000082
0.367	0.00000083
0.368	0.00000084
0.369	0.00000086
0.370	0.00000087
0.371	0.00000089
0.372	0.00000091
0.373	0.00000092
0.374	0.00000094
0.375	0.00000095
0.376	0.00000097
0.377	0.00000098
0.378	0.00000100
0.379	0.00000102
0.380	0.00000104
0.381	0.00000105
0.382	0.00000107
0.383	0.00000109
0.384	0.00000111
0.385	0.00000113
0.386	0.00000115
0.387	0.00000117
0.388	0.00000119
0.389	0.00000121
0.390	0.00000123
0.391	0.00000125
0.392	0.00000127
0.393	0.00000129
0.394	0.00000131
0.395	0.00000133
0.396	0.00000135
0.397	0.00000137
0.398	0.00000139
0.399	0.00000141
0.400	0.00000144
0.401	0.00000146
0.402	0.00000148
0.403	0.00000151
0.404	0.00000154
0.405	0.00000156
0.406	0.00000158
0.407	0.00000160
0.408	0.00000163
0.409	0.00000165
0.410	0.00000168
0.411	0.00000170
0.412	0.00000173
0.413	0.00000175
0.414	0.00000178
0.415	0.00000181
0.416	0.00000184
0.417	0.00000186
0.418	0.00000189
0.419	0.00000192
0.420	0.00000195
0.421	0.00000198
0.422	0.00000201
0.423	0.00000204
0.424	0.00000207
0.425	0.00000210
0.426	0.00000213
0.427	0.00000216
0.428	0.00000219
0.429	0.00000223
0.430	0.00000226
0.431	0.00000229
0.432	0.00000233
0.433	0.00000236
0.434	0.00000240
0.435	0.00000243
0.436	0.00000246
0.437	0.00000250
0.438	0.00000253
0.439	0.00000257
0.440	0.00000261
0.441	0.00000264
0.442	0.00000268
0.443	0.00000272
0.444	0.00000275
0.445	0.00000279
0.446	0.00000283
0.447	0.00000287
0.448	0.00000291
0.449	0.00000295
0.450	0.00000299
0.451	0.00000304
0.452	0.00000308
0.453	0.00000312
0.454	0.00000316
0.455	0.00000321
0.456	0.00000325
0.457	0.00000330
0.458	0.00000335
0.459	0.00000339
0.460	0.00000344
0.461	0.00000349
0.462	0.00000354
0.463	0.00000359
0.464	0.00000364
0.465	0.00000369
0.466	0.00000375
0.467	0.00000380
0.468	0.00000384
0.469	0.00000389
0.470	0.00000394
0.471	0.00000400
0.472	0.00000405
0.473	0.00000411
0.474	0.00000416
0.475	0.00000422
0.476	0.00000428
0.477	0.00000433
0.478	0.00000439
0.479	0.00000445
0.480	0.00000450
0.481	0.00000455
0.482	0.00000462
0.483	0.00000468
0.484	0.00000475
0.485	0.00000482
0.486	0.00000489
0.487	0.00000495
0.488	0.00000501
0.489	0.00000508
0.490	0.00000514
0.491	0.00000520
0.492	0.00000526
0.493	0.00000533
0.494	0.00000540
0.495	0.00000547
0.496	0.00000553
0.497	0.00000560
0.498	0.00000566
0.499	0.00000573
0.500	0.00000580
0.501	0.00000587
0.502	0.00000594
0.503	0.00000602
0.504	0.00000610
0.505	0.00000619
0.506	0.00000626
0.507	0.00000633
0.508	0.00000642
0.509	0.00000649
0.510	0.00000657
0.511	0.00000665
0.512	0.00000673
0.513	0.00000681
0.514	0.00000689
0.515	0.00000697
0.516	0.00000705
0.517	0.00000713
0.518	0.00000721
0.519	0.00000729
0.520	0.00000738
0.521	0.00000746
0.522	0.00000755
0.523	0.00000764
0.524	0.00000774
0.525	0.00000783
0.526	0.00000792
0.527	0.00000801
0.528	0.00000810
0.529	0.00000820
0.530	0.00000828
0.531	0.00000838
0.532	0.00000847
0.533	0.00000859
0.534	0.00000868
0.535	0.00000878
0.536	0.00000889
0.537	0.00000898
0.538	0.00000908
0.539	0.00000917
0.540	0.00000928
0.541	0.00000938
0.542	0.00000949
0.543	0.00000958
0.544	0.00000969
0.545	0.00000980
0.546	0.00000991
0.547	0.00001002
0.548	0.00001012
0.549	0.00001024
0.550	0.00001034
0.551	0.00001044
0.552	0.00001057
0.553	0.00001069
0.554	0.00001081
0.555	0.00001093
0.556	0.00001104
0.557	0.00001116
0.558	0.00001130
0.559	0.00001144
0.560	0.00001157
0.561	0.00001170
0.562	0.00001183
0.563	0.00001196
0.564	0.00001210
0.565	0.00001222
0.566	0.00001234
0.567	0.00001250
0.568	0.00001262
0.569	0.00001276
0.570	0.00001290
0.571	0.00001303
0.572	0.00001315
0.573	0.00001329
0.574	0.00001341
0.575	0.00001355
0.576	0.00001368
0.577	0.00001383
0.578	0.00001399
0.579	0.00001412
0.580	0.00001427
0.581	0.00001442
0.582	0.00001458
0.583	0.00001472
0.584	0.00001488
0.585	0.00001504
0.586	0.00001520
0.587	0.00001534
0.588	0.00001551
0.589	0.00001566
0.590	0.00001582
0.591	0.00001597
0.592	0.00001614
0.593	0.00001630
0.594	0.00001649
0.595	0.00001666
0.596	0.00001682
0.597	0.00001699
0.598	0.00001715
0.599	0.00001731
0.600	0.00001749
0.601	0.00001764
0.602	0.00001779
0.603	0.00001795
0.604	0.00001814
0.605	0.00001832
0.606	0.00001848
0.607	0.00001865
0.608	0.00001885
0.609	0.00001901
0.610	0.00001919
0.611	0.00001935
0.612	0.00001953
0.613	0.00001969
0.614	0.00001988
0.615	0.00002007
0.616	0.00002027
0.617	0.00002047
0.618	0.00002066
0.619	0.00002090
0.620	0.00002109
0.621	0.00002132
0.622	0.00002154
0.623	0.00002174
0.624	0.00002195
0.625	0.00002214
0.626	0.00002235
0.627	0.00002256
0.628	0.00002278
0.629	0.00002302
0.630	0.00002328
0.631	0.00002348
0.632	0.00002373
0.633	0.00002391
0.634	0.00002411
0.635	0.00002431
0.636	0.00002453
0.637	0.00002475
0.638	0.00002498
0.639	0.00002521
0.640	0.00002543
0.641	0.00002568
0.642	0.00002594
0.643	0.00002617
0.644	0.00002640
0.645	0.00002665
0.646	0.00002690
0.647	0.00002712
0.648	0.00002741
0.649	0.00002766
0.650	0.00002794
0.651	0.00002820
0.652	0.00002846
0.653	0.00002873
0.654	0.00002901
0.655	0.00002924
0.656	0.00002946
0.657	0.00002969
0.658	0.00002994
0.659	0.00003020
0.660	0.00003048
0.661	0.00003075
0.662	0.00003099
0.663	0.00003130
0.664	0.00003157
0.665	0.00003184
0.666	0.00003217
0.667	0.00003241
0.668	0.00003275
0.669	0.00003303
0.670	0.00003330
0.671	0.00003360
0.672	0.00003389
0.673	0.00003414
0.674	0.00003443
0.675	0.00003469
0.676	0.00003503
0.677	0.00003532
0.678	0.00003568
0.679	0.00003601
0.680	0.00003635
0.681	0.00003665
0.682	0.00003692
0.683	0.00003727
0.684	0.00003756
0.685	0.00003788
0.686	0.00003822
0.687	0.00003856
0.688	0.00003885
0.689	0.00003915
0.690	0.00003944
0.691	0.00003977
0.692	0.00004009
0.693	0.00004041
0.694	0.00004068
0.695	0.00004097
0.696	0.00004142
0.697	0.00004179
0.698	0.00004211
0.699	0.00004242
0.700	0.00004274
0.701	0.00004314
0.702	0.00004347
0.703	0.00004384
0.704	0.00004418
0.705	0.00004448
0.706	0.00004484
0.707	0.00004519
0.708	0.00004558
0.709	0.00004596
0.710	0.00004638
0.711	0.00004679
0.712	0.00004718
0.713	0.00004754
0.714	0.00004797
0.715	0.00004837
0.716	0.00004878
0.717	0.00004919
0.718	0.00004956
0.719	0.00004994
0.720	0.00005035
0.721	0.00005074
0.722	0.00005115
0.723	0.00005152
0.724	0.00005194
0.725	0.00005235
0.726	0.00005264
0.727	0.00005312
0.728	0.00005352
0.729	0.00005393
0.730	0.00005440
0.731	0.00005482
0.732	0.00005533
0.733	0.00005578
0.734	0.00005624
0.735	0.00005670
0.736	0.00005711
0.737	0.00005762
0.738	0.00005807
0.739	0.00005844
0.740	0.00005892
0.741	0.00005945
0.742	0.00005995
0.743	0.00006042
0.744	0.00006091
0.745	0.00006141
0.746	0.00006188
0.747	0.00006238
0.748	0.00006289
0.749	0.00006337
0.750	0.00006386
0.751	0.00006432
0.752	0.00006481
0.753	0.00006531
0.754	0.00006586
0.755	0.00006645
0.756	0.00006700
0.757	0.00006747
0.758	0.00006798
0.759	0.00006856
0.760	0.00006912
0.761	0.00006975
0.762	0.00007031
0.763	0.00007081
0.764	0.00007123
0.765	0.00007177
0.766	0.00007236
0.767	0.00007292
0.768	0.00007349
0.769	0.00007412
0.770	0.00007466
0.771	0.00007519
0.772	0.00007586
0.773	0.00007637
0.774	0.00007689
0.775	0.00007752
0.776	0.00007802
0.777	0.00007872
0.778	0.00007934
0.779	0.00007987
0.780	0.00008053
0.781	0.00008112
0.782	0.00008174
0.783	0.00008244
0.784	0.00008313
0.785	0.00008361
0.786	0.00008411
0.787	0.00008476
0.788	0.00008537
0.789	0.00008613
0.790	0.00008676
0.791	0.00008742
0.792	0.00008800
0.793	0.00008868
0.794	0.00008931
0.795	0.00008996
0.796	0.00009049
0.797	0.00009111
0.798	0.00009193
0.799	0.00009265
0.800	0.00009325
0.801	0.00009391
0.802	0.00009452
0.803	0.00009521
0.804	0.00009583
0.805	0.00009669
0.806	0.00009744
0.807	0.00009816
0.808	0.00009897
0.809	0.00009965
0.810	0.00010046
0.811	0.00010107
0.812	0.00010182
0.813	0.00010242
0.814	0.00010313
0.815	0.00010383
0.816	0.00010453
0.817	0.00010535
0.818	0.00010618
0.819	0.00010695
0.820	0.00010758
0.821	0.00010824
0.822	0.00010889
0.823	0.00010955
0.824	0.00011015
0.825	0.00011089
0.826	0.00011164
0.827	0.00011263
0.828	0.00011313
0.829	0.00011400
0.830	0.00011489
0.831	0.00011568
0.832	0.00011645
0.833	0.00011737
0.834	0.00011807
0.835	0.00011891
0.836	0.00011963
0.837	0.00012036
0.838	0.00012112
0.839	0.00012191
0.840	0.00012290
0.841	0.00012354
0.842	0.00012441
0.843	0.00012520
0.844	0.00012603
0.845	0.00012691
0.846	0.00012784
0.847	0.00012868
0.848	0.00012960
0.849	0.00013039
0.850	0.00013123
0.851	0.00013217
0.852	0.00013306
0.853	0.00013394
0.854	0.00013481
0.855	0.00013557
0.856	0.00013637
0.857	0.00013741
0.858	0.00013805
0.859	0.00013898
0.860	0.00014009
0.861	0.00014082
0.862	0.00014203
0.863	0.00014319
0.864	0.00014409
0.865	0.00014506
0.866	0.00014603
0.867	0.00014719
0.868	0.00014795
0.869	0.00014872
0.870	0.00014959
0.871	0.00015043
0.872	0.00015098
0.873	0.00015212
0.874	0.00015298
0.875	0.00015404
0.876	0.00015495
0.877	0.00015587
0.878	0.00015678
0.879	0.00015769
0.880	0.00015868
0.881	0.00015946
0.882	0.00016024
0.883	0.00016126
0.884	0.00016203
0.885	0.00016298
0.886	0.00016390
0.887	0.00016493
0.888	0.00016599
0.889	0.00016712
0.890	0.00016815
0.891	0.00016914
0.892	0.00017024
0.893	0.00017133
0.894	0.00017222
0.895	0.00017313
0.896	0.00017425
0.897	0.00017526
0.898	0.00017616
0.899	0.00017709
0.900	0.00017810
0.901	0.00017918
0.902	0.00018048
0.903	0.00018187
0.904	0.00018303
0.905	0.00018410
0.906	0.00018516
0.907	0.00018610
0.908	0.00018720
0.909	0.00018833
0.910	0.00018961
0.911	0.00019067
0.912	0.00019190
0.913	0.00019269
0.914	0.00019386
0.915	0.00019497
0.916	0.00019645
0.917	0.00019745
0.918	0.00019868
0.919	0.00019972
0.920	0.00020103
0.921	0.00020251
0.922	0.00020383
0.923	0.00020496
0.924	0.00020606
0.925	0.00020760
0.926	0.00020898
0.927	0.00021007
0.928	0.00021120
0.929	0.00021252
0.930	0.00021398
0.931	0.00021520
0.932	0.00021620
0.933	0.00021701
0.934	0.00021799
0.935	0.00021938
0.936	0.00022028
0.937	0.00022185
0.938	0.00022308
0.939	0.00022430
0.940	0.00022580
0.941	0.00022721
0.942	0.00022829
0.943	0.00022977
0.944	0.00023115
0.945	0.00023249
0.946	0.00023380
0.947	0.00023541
0.948	0.00023661
0.949	0.00023819
0.950	0.00023961
0.951	0.00024071
0.952	0.00024208
0.953	0.00024363
0.954	0.00024488
0.955	0.00024623
0.956	0.00024753
0.957	0.00024880
0.958	0.00025022
0.959	0.00025135
0.960	0.00025273
0.961	0.00025392
0.962	0.00025532
0.963	0.00025679
0.964	0.00025851
0.965	0.00026007
0.966	0.00026156
0.967	0.00026280
0.968	0.00026402
0.969	0.00026557
0.970	0.00026724
0.971	0.00026849
0.972	0.00026985
0.973	0.00027159
0.974	0.00027291
0.975	0.00027481
0.976	0.00027646
0.977	0.00027821
0.978	0.00027922
0.979	0.00028098
0.980	0.00028284
0.981	0.00028411
0.982	0.00028546
0.983	0.00028694
0.984	0.00028821
0.985	0.00028968
0.986	0.00029100
0.987	0.00029312
0.988	0.00029448
0.989	0.00029597
0.990	0.00029762
0.991	0.00029955
0.992	0.00030141
0.993	0.00030321
0.994	0.00030481
0.995	0.00030622
0.996	0.00030808
0.997	0.00030996
0.998	0.00031157
0.999	0.00031345
1.000	0.00031525
1.001	0.00031686
1.002	0.00031838
1.003	0.00031992
1.004	0.00032190
1.005	0.00032378
1.006	0.00032536
1.007	0.00032728
1.008	0.00032884
1.009	0.00033111
1.010	0.00033249
1.011	0.00033468
1.012	0.00033635
1.013	0.00033802
1.014	0.00034009
1.015	0.00034216
1.016	0.00034419
1.017	0.00034635
1.018	0.00034768
1.019	0.00034936
1.020	0.00035142
1.021	0.00035280
1.022	0.00035521
1.023	0.00035709
1.024	0.00035884
1.025	0.00036076
1.026	0.00036264
1.027	0.00036465
1.028	0.00036701
1.029	0.00036859
1.030	0.00037057
1.031	0.00037275
1.032	0.00037451
1.033	0.00037542
1.034	0.00037725
1.035	0.00037963
1.036	0.00038203
1.037	0.00038345
1.038	0.00038536
1.039	0.00038737
1.040	0.00038878
1.041	0.00039051
1.042	0.00039225
1.043	0.00039420
1.044	0.00039673
1.045	0.00039918
1.046	0.00040106
1.047	0.00040312
1.048	0.00040482
1.049	0.00040740
1.050	0.00040943
1.051	0.00041211
1.052	0.00041420
1.053	0.00041568
1.054	0.00041728
1.055	0.00041919
1.056	0.00042145
1.057	0.00042336
1.058	0.00042520
1.059	0.00042700
1.060	0.00042907
1.061	0.00043194
1.062	0.00043415
1.063	0.00043630
1.064	0.00043912
1.065	0.00044213
1.066	0.00044401
1.067	0.00044622
1.068	0.00044814
1.069	0.00045002
1.070	0.00045286
1.071	0.00045486
1.072	0.00045733
1.073	0.00045940
1.074	0.00046145
1.075	0.00046435
1.076	0.00046680
1.077	0.00046885
1.078	0.00047090
1.079	0.00047331
1.080	0.00047581
1.081	0.00047796
1.082	0.00048003
1.083	0.00048221
1.084	0.00048462
1.085	0.00048684
1.086	0.00048986
1.087	0.00049232
1.088	0.00049395
1.089	0.00049656
1.090	0.00049930
1.091	0.00050153
1.092	0.00050447
1.093	0.00050647
1.094	0.00050842
1.095	0.00051041
1.096	0.00051311
1.097	0.00051538
1.098	0.00051789
1.099	0.00051928
1.100	0.00052138
1.101	0.00052369
1.102	0.00052591
1.103	0.00052765
1.104	0.00053079
1.105	0.00053293
1.106	0.00053549
1.107	0.00053809
1.108	0.00054088
1.109	0.00054351
1.110	0.00054612
1.111	0.00054760
1.112	0.00055064
1.113	0.00055367
1.114	0.00055675
1.115	0.00055965
1.116	0.00056095
1.117	0.00056294
1.118	0.00056570
1.119	0.00056811
1.120	0.00056928
1.121	0.00057199
1.122	0.00057460
1.123	0.00057609
1.124	0.00058008
1.125	0.00058306
1.126	0.00058609
1.127	0.00058940
1.128	0.00059233
1.129	0.00059516
1.130	0.00059806
1.131	0.00060061
1.132	0.00060267
1.133	0.00060532
1.134	0.00060885
1.135	0.00061120
1.136	0.00061388
1.137	0.00061671
1.138	0.00062064
1.139	0.00062261
1.140	0.00062455
1.141	0.00062720
1.142	0.00062958
1.143	0.00063170
1.144	0.00063453
1.145	0.00063743
1.146	0.00063947
1.147	0.00064218
1.148	0.00064507
1.149	0.00064875
1.150	0.00065093
1.151	0.00065429
1.152	0.00065689
1.153	0.00066148
1.154	0.00066432
1.155	0.00066668
1.156	0.00067100
1.157	0.00067453
1.158	0.00067812
1.159	0.00068121
1.160	0.00068362
1.161	0.00068687
1.162	0.00068903
1.163	0.00069211
1.164	0.00069631
1.165	0.00070030
1.166	0.00070299
1.167	0.00070601
1.168	0.00070953
1.169	0.00071272
1.170	0.00071634
1.171	0.00071908
1.172	0.00072305
1.173	0.00072690
1.174	0.00073171
1.175	0.00073491
1.176	0.00073774
1.177	0.00074147
1.178	0.00074478
1.179	0.00074760
1.180	0.00075026
1.181	0.00075422
1.182	0.00075760
1.183	0.00076022
1.184	0.00076291
1.185	0.00076645
1.186	0.00076970
1.187	0.00077205
1.188	0.00077451
1.189	0.00077802
1.190	0.00077956
1.191	0.00078219
1.192	0.00078593
1.193	0.00078965
1.194	0.00079243
1.195	0.00079548
1.196	0.00079887
1.197	0.00080208
1.198	0.00080640
1.199	0.00081041
1.200	0.00081284
1.201	0.00081793
1.202	0.00082167
1.203	0.00082556
1.204	0.00082911
1.205	0.00083226
1.206	0.00083528
1.207	0.00083882
1.208	0.00084342
1.209	0.00084647
1.210	0.00084932
1.211	0.00085348
1.212	0.00085544
1.213	0.00085860
1.214	0.00086214
1.215	0.00086544
1.216	0.00086866
1.217	0.00087117
1.218	0.00087624
1.219	0.00087946
1.220	0.00088210
1.221	0.00088631
1.222	0.00088964
1.223	0.00089360
1.224	0.00089681
1.225	0.00089929
1.226	0.00090285
1.227	0.00090634
1.228	0.00091089
1.229	0.00091540
1.230	0.00091941
1.231	0.00092333
1.232	0.00092673
1.233	0.00092956
1.234	0.00093290
1.235	0.00093753
1.236	0.00094139
1.237	0.00094623
1.238	0.00095064
1.239	0.00095478
1.240	0.00095740
1.241	0.00096190
1.242	0.00096522
1.243	0.00096981
1.244	0.00097424
1.245	0.00097790
1.246	0.00098378
1.247	0.00098816
1.248	0.00099145
1.249	0.00099423
1.250	0.00099691
1.251	0.00100234
1.252	0.00100803
1.253	0.00101311
1.254	0.00101790
1.255	0.00102265
1.256	0.00102733
1.257	0.00103193
1.258	0.00103521
1.259	0.00103915
1.260	0.00104527
1.261	0.00104638
1.262	0.00104980
1.263	0.00105183
1.264	0.00105606
1.265	0.00105856
1.266	0.00106289
1.267	0.00106637
1.268	0.00107091
1.269	0.00107594
1.270	0.00107728
1.271	0.00108122
1.272	0.00108691
1.273	0.00109234
1.274	0.00109617
1.275	0.00110102
1.276	0.00110425
1.277	0.00110915
1.278	0.00111138
1.279	0.00111525
1.280	0.00112037
1.281	0.00112349
1.282	0.00112867
1.283	0.00113215
1.284	0.00113794
1.285	0.00114106
1.286	0.00114610
1.287	0.00114835
1.288	0.00115169
1.289	0.00115510
1.290	0.00116084
1.291	0.00116360
1.292	0.00116796
1.293	0.00117107
1.294	0.00117621
1.295	0.00117954
1.296	0.00118321
1.297	0.00118988
1.298	0.00119422
1.299	0.00119582
1.300	0.00119942
1.301	0.00120304
1.302	0.00120683
1.303	0.00121067
1.304	0.00121531
1.305	0.00121961
1.306	0.00122403
1.307	0.00122641
1.308	0.00123017
1.309	0.00123402
1.310	0.00123798
1.311	0.00124068
1.312	0.00124472
1.313	0.00124980
1.314	0.00125337
1.315	0.00125786
1.316	0.00126306
1.317	0.00126834
1.318	0.00127548
1.319	0.00127785
1.320	0.00128170
1.321	0.00128757
1.322	0.00129338
1.323	0.00129968
1.324	0.00130235
1.325	0.00130540
1.326	0.00130994
1.327	0.00131529
1.328	0.00132164
1.329	0.00132621
1.330	0.00133095
1.331	0.00133493
1.332	0.00134121
1.333	0.00134761
1.334	0.00135313
1.335	0.00135615
1.336	0.00136045
1.337	0.00136543
1.338	0.00137059
1.339	0.00137379
1.340	0.00137786
1.341	0.00138435
1.342	0.00138556
1.343	0.00139164
1.344	0.00139736
1.345	0.00140241
1.346	0.00140552
1.347	0.00141135
1.348	0.00141897
1.349	0.00142480
1.350	0.00142875
1.351	0.00143221
1.352	0.00143754
1.353	0.00144238
1.354	0.00145014
1.355	0.00145561
1.356	0.00145956
1.357	0.00146300
1.358	0.00146800
1.359	0.00147396
1.360	0.00147849
1.361	0.00148399
1.362	0.00148924
1.363	0.00149580
1.364	0.00150156
1.365	0.00150557
1.366	0.00151353
1.367	0.00151619
1.368	0.00152039
1.369	0.00152482
1.370	0.00153197
1.371	0.00153667
1.372	0.00154052
1.373	0.00154388
1.374	0.00154919
1.375	0.00155181
1.376	0.00155603
1.377	0.00155884
1.378	0.00156083
1.379	0.00156573
1.380	0.00157265
1.381	0.00157603
1.382	0.00157963
1.383	0.00158561
1.384	0.00159108
1.385	0.00159788
1.386	0.00160137
1.387	0.00160606
1.388	0.00160946
1.389	0.00161129
1.390	0.00161594
1.391	0.00162260
1.392	0.00162735
1.393	0.00163382
1.394	0.00163693
1.395	0.00164273
1.396	0.00164791
1.397	0.00165105
1.398	0.00165862
1.399	0.00166775
1.400	0.00166766
1.401	0.00167394
1.402	0.00167827
1.403	0.00168253
1.404	0.00168637
1.405	0.00169283
1.406	0.00169895
1.407	0.00170547
1.408	0.00171006
1.409	0.00171437
1.410	0.00172468
1.411	0.00172691
1.412	0.00173128
1.413	0.00173698
1.414	0.00174318
1.415	0.00174756
1.416	0.00175326
1.417	0.00175778
1.418	0.00176537
1.419	0.00177143
1.420	0.00177662
1.421	0.00177970
1.422	0.00178714
1.423	0.00179321
1.424	0.00180008
1.425	0.00180811
1.426	0.00181581
1.427	0.00182247
1.428	0.00182807
1.429	0.00183470
1.430	0.00184073
1.431	0.00184678
1.432	0.00185425
1.433	0.00185912
1.434	0.00186567
1.435	0.00187087
1.436	0.00187903
1.437	0.00188628
1.438	0.00189053
1.439	0.00189388
1.440	0.00189966
1.441	0.00190826
1.442	0.00191384
1.443	0.00192190
1.444	0.00192791
1.445	0.00193139
1.446	0.00193581
1.447	0.00194417
1.448	0.00195199
1.449	0.00195831
1.450	0.00196579
1.451	0.00197184
1.452	0.00197755
1.453	0.00198563
1.454	0.00198941
1.455	0.00199381
1.456	0.00200364
1.457	0.00201029
1.458	0.00201841
1.459	0.00202337
1.460	0.00203052
1.461	0.00203787
1.462	0.00204495
1.463	0.00205315
1.464	0.00205702
1.465	0.00206237
1.466	0.00206943
1.467	0.00207738
1.468	0.00208758
1.469	0.00209250
1.470	0.00210114
1.471	0.00210882
1.472	0.00212025
1.473	0.00212900
1.474	0.00213649
1.475	0.00214031
1.476	0.00214552
1.477	0.00215651
1.478	0.00216601
1.479	0.00217275
1.480	0.00217702
1.481	0.00218108
1.482	0.00218845
1.483	0.00219392
1.484	0.00220145
1.485	0.00220976
1.486	0.00221929
1.487	0.00222474
1.488	0.00223187
1.489	0.00223266
1.490	0.00224199
1.491	0.00225022
1.492	0.00225554
1.493	0.00225809
1.494	0.00226706
1.495	0.00227285
1.496	0.00227892
1.497	0.00228631
1.498	0.00229377
1.499	0.00229590
1.500	0.00230325
1.501	0.00231356
1.502	0.00231852
1.503	0.00232382
1.504	0.00233145
1.505	0.00233653
1.506	0.00233828
1.507	0.00234716
1.508	0.00235884
1.509	0.00236968
1.510	0.00237448
1.511	0.00238149
1.512	0.00238534
1.513	0.00239119
1.514	0.00239500
1.515	0.00240314
1.516	0.00241399
1.517	0.00241974
1.518	0.00242393
1.519	0.00242897
1.520	0.00243706
1.521	0.00244102
1.522	0.00245236
1.523	0.00245932
1.524	0.00247023
1.525	0.00247738
1.526	0.00248934
1.527	0.00249594
1.528	0.00250266
1.529	0.00251121
1.530	0.00251516
1.531	0.00252400
1.532	0.00252492
1.533	0.00253031
1.534	0.00253852
1.535	0.00254336
1.536	0.00254944
1.537	0.00255143
1.538	0.00255843
1.539	0.00256079
1.540	0.00256891
1.541	0.00257420
1.542	0.00257571
1.543	0.00258074
1.544	0.00258878
1.545	0.00259798
1.546	0.00260748
1.547	0.00261802
1.548	0.00262375
1.549	0.00263206
1.550	0.00263785
1.551	0.00263929
1.552	0.00264692
1.553	0.00265535
1.554	0.00265933
1.555	0.00266837
1.556	0.00267757
1.557	0.00268700
1.558	0.00269178
1.559	0.00270225
1.560	0.00270547
1.561	0.00271257
1.562	0.00271822
1.563	0.00273044
1.564	0.00273840
1.565	0.00274753
1.566	0.00275706
1.567	0.00276508
1.568	0.00277259
1.569	0.00278137
1.570	0.00278737
1.571	0.00279255
1.572	0.00280053
1.573	0.00281174
1.574	0.00281477
1.575	0.00281994
1.576	0.00282896
1.577	0.00283538
1.578	0.00284867
1.579	0.00286018
1.580	0.00286967
1.581	0.00287710
1.582	0.00288525
1.583	0.00289372
1.584	0.00290079
1.585	0.00290794
1.586	0.00291554
1.587	0.00292505
1.588	0.00292554
1.589	0.00293017
1.590	0.00293686
1.591	0.00295030
1.592	0.00296161
1.593	0.00296552
1.594	0.00297543
1.595	0.00297939
1.596	0.00298960
1.597	0.00299287
1.598	0.00299969
1.599	0.00300831
1.600	0.00301722
1.601	0.00302534
1.602	0.00303250
1.603	0.00303886
1.604	0.00304619
1.605	0.00305375
1.606	0.00306179
1.607	0.00306659
1.608	0.00307811
1.609	0.00308134
1.610	0.00309011
1.611	0.00310033
1.612	0.00310654
1.613	0.00311296
1.614	0.00312405
1.615	0.00313106
1.616	0.00313464
1.617	0.00313905
1.618	0.00314659
1.619	0.00315624
1.620	0.00316146
1.621	0.00316948
1.622	0.00317840
1.623	0.00318565
1.624	0.00318960
1.625	0.00319898
1.626	0.00321541
1.627	0.00322513
1.628	0.00323353
1.629	0.00324563
1.630	0.00325757
1.631	0.00327008
1.632	0.00328491
1.633	0.00329809
1.634	0.00330085
1.635	0.00330807
1.636	0.00332456
1.637	0.00333301
1.638	0.00333587
1.639	0.00334590
1.640	0.00335780
1.641	0.00336621
1.642	0.00337246
1.643	0.00338012
1.644	0.00339006
1.645	0.00339580
1.646	0.00340542
1.647	0.00341237
1.648	0.00341578
1.649	0.00342901
1.650	0.00343978
1.651	0.00344896
1.652	0.00345857
1.653	0.00346447
1.654	0.00347189
1.655	0.00347617
1.656	0.00348794
1.657	0.00350131
1.658	0.00350617
1.659	0.00351531
1.660	0.00352075
1.661	0.00353174
1.662	0.00353962
1.663	0.00355517
1.664	0.00356324
1.665	0.00357610
1.666	0.00358724
1.667	0.00359789
1.668	0.00360637
1.669	0.00361035
1.670	0.00361568
1.671	0.00362419
1.672	0.00362916
1.673	0.00363652
1.674	0.00364749
1.675	0.00365308
1.676	0.00365478
1.677	0.00366457
1.678	0.00367237
1.679	0.00367832
1.680	0.00369060
1.681	0.00369905
1.682	0.00370916
1.683	0.00372937
1.684	0.00373317
1.685	0.00374510
1.686	0.00375737
1.687	0.00377317
1.688	0.00377901
1.689	0.00378385
1.690	0.00379266
1.691	0.00380084
1.692	0.00380478
1.693	0.00381374
1.694	0.00382150
1.695	0.00383324
1.696	0.00383931
1.697	0.00384922
1.698	0.00385679
1.699	0.00386699
1.700	0.00387827
1.701	0.00388577
1.702	0.00388899
1.703	0.00389998
1.704	0.00391389
1.705	0.00392610
1.706	0.00393640
1.707	0.00394689
1.708	0.00395216
1.709	0.00396273
1.710	0.00397097
1.711	0.00398760
1.712	0.00399433
1.713	0.00400357
1.714	0.00401928
1.715	0.00403319
1.716	0.00403837
1.717	0.00404633
1.718	0.00405433
1.719	0.00406608
1.720	0.00407302
1.721	0.00408588
1.722	0.00408652
1.723	0.00409169
1.724	0.00410741
1.725	0.00411173
1.726	0.00411535
1.727	0.00412436
1.728	0.00413858
1.729	0.00414947
1.730	0.00415707
1.731	0.00417044
1.732	0.00417967
1.733	0.00419555
1.734	0.00419712
1.735	0.00420453
1.736	0.00421375
1.737	0.00422328
1.738	0.00422988
1.739	0.00423894
1.740	0.00425014
1.741	0.00425693
1.742	0.00426350
1.743	0.00427659
1.744	0.00429049
1.745	0.00429829
1.746	0.00430635
1.747	0.00431239
1.748	0.00431897
1.749	0.00433085
1.750	0.00433641
1.751	0.00433766
1.752	0.00435235
1.753	0.00435611
1.754	0.00437449
1.755	0.00438488
1.756	0.00438979
1.757	0.00440318
1.758	0.00440834
1.759	0.00441937
1.760	0.00442710
1.761	0.00443362
1.762	0.00443832
1.763	0.00444823
1.764	0.00446092
1.765	0.00446888
1.766	0.00447819
1.767	0.00448517
1.768	0.00450332
1.769	0.00450949
1.770	0.00451595
1.771	0.00452326
1.772	0.00454191
1.773	0.00455835
1.774	0.00455880
1.775	0.00456532
1.776	0.00457983
1.777	0.00459234
1.778	0.00460507
1.779	0.00462605
1.780	0.00462813
1.781	0.00463823
1.782	0.00464673
1.783	0.00465093
1.784	0.00465528
1.785	0.00466038
1.786	0.00466776
1.787	0.00468315
1.788	0.00469562
1.789	0.00470649
1.790	0.00471772
1.791	0.00472138
1.792	0.00472652
1.793	0.00473777
1.794	0.00474671
1.795	0.00475261
1.796	0.00476568
1.797	0.00476779
1.798	0.00478740
1.799	0.00478954
1.800	0.00480338
1.801	0.00482181
1.802	0.00482713
1.803	0.00484542
1.804	0.00485452
1.805	0.00485774
1.806	0.00486091
1.807	0.00487287
1.808	0.00488292
1.809	0.00489618
1.810	0.00490828
1.811	0.00492726
1.812	0.00494093
1.813	0.00495113
1.814	0.00496291
1.815	0.00496770
1.816	0.00497858
1.817	0.00498746
1.818	0.00500679
1.819	0.00501699
1.820	0.00502536
1.821	0.00504593
1.822	0.00505546
1.823	0.00506961
1.824	0.00507564
1.825	0.00508183
1.826	0.00508721
1.827	0.00509979
1.828	0.00510982
1.829	0.00511913
1.830	0.00513391
1.831	0.00514290
1.832	0.00515817
1.833	0.00516856
1.834	0.00517559
1.835	0.00518906
1.836	0.00519978
1.837	0.00520232
1.838	0.00521847
1.839	0.00523444
1.840	0.00524856
1.841	0.00526359
1.842	0.00526982
1.843	0.00527152
1.844	0.00528530
1.845	0.00529649
1.846	0.00530745
1.847	0.00531593
1.848	0.00533421
1.849	0.00534789
1.850	0.00536187
1.851	0.00537169
1.852	0.00538470
1.853	0.00539670
1.854	0.00541776
1.855	0.00541790
1.856	0.00543407
1.857	0.00544628
1.858	0.00545306
1.859	0.00545936
1.860	0.00547521
1.861	0.00549342
1.862	0.00550810
1.863	0.00551570
1.864	0.00552232
1.865	0.00552365
1.866	0.00553583
1.867	0.00553962
1.868	0.00554676
1.869	0.00555359
1.870	0.00556323
1.871	0.00556867
1.872	0.00558395
1.873	0.00559642
1.874	0.00560076
1.875	0.00561087
1.876	0.00563093
1.877	0.00563895
1.878	0.00564780
1.879	0.00565105
1.880	0.00565626
1.881	0.00565908
1.882	0.00566113
1.883	0.00567835
1.884	0.00568960
1.885	0.00570317
1.886	0.00571356
1.887	0.00572304
1.888	0.00573330
1.889	0.00573612
1.890	0.00574655
1.891	0.00575581
1.892	0.00576561
1.893	0.00577632
1.894	0.00578554
1.895	0.00580501
1.896	0.00581248
1.897	0.00581850
1.898	0.00582028
1.899	0.00583273
1.900	0.00585448
1.901	0.00586232
1.902	0.00587057
1.903	0.00588453
1.904	0.00589459
1.905	0.00590871
1.906	0.00591172
1.907	0.00591691
1.908	0.00591391
1.909	0.00593691
1.910	0.00594714
1.911	0.00594810
1.912	0.00597082
1.913	0.00597394
1.914	0.00598364
1.915	0.00599477
1.916	0.00600264
1.917	0.00601507
1.918	0.00601710
1.919	0.00602519
1.920	0.00604419
1.921	0.00605272
1.922	0.00606546
1.923	0.00607962
1.924	0.00608990
1.925	0.00608551
1.926	0.00608724
1.927	0.00609582
1.928	0.00610446
1.929	0.00611736
1.930	0.00612831
1.931	0.00612912
1.932	0.00613611
1.933	0.00615039
1.934	0.00616819
1.935	0.00617111
1.936	0.00618683
1.937	0.00618874
1.938	0.00619721
1.939	0.00621078
1.940	0.00622057
1.941	0.00622580
1.942	0.00623498
1.943	0.00624394
1.944	0.00625444
1.945	0.00626649
1.946	0.00629311
1.947	0.00629964
1.948	0.00630947
1.949	0.00632355
1.950	0.00633493
1.951	0.00635303
1.952	0.00635307
1.953	0.00636917
1.954	0.00639071
1.955	0.00640128
1.956	0.00641324
1.957	0.00643069
1.958	0.00643999
1.959	0.00645978
1.960	0.00648441
1.961	0.00649077
1.962	0.00649468
1.963	0.00650713
1.964	0.00652313
1.965	0.00653494
1.966	0.00654139
1.967	0.00654690
1.968	0.00656752
1.969	0.00658471
1.970	0.00658946
1.971	0.00658978
1.972	0.00659535
1.973	0.00659873
1.974	0.00660240
1.975	0.00661918
1.976	0.00662383
1.977	0.00663674
1.978	0.00664808
1.979	0.00665257
1.980	0.00667519
1.981	0.00669281
1.982	0.00670953
1.983	0.00671331
1.984	0.00673331
1.985	0.00673204
1.986	0.00674794
1.987	0.00676398
1.988	0.00677816
1.989	0.00678881
1.990	0.00679916
1.991	0.00680447
1.992	0.00680879
1.993	0.00682534
1.994	0.00684110
1.995	0.00685728
1.996	0.00686136
1.997	0.00686357
1.998	0.00686562
1.999	0.00686964
2.000	0.00688783
2.001	0.00690247
2.002	0.00691207
2.003	0.00692517
2.004	0.00693066
2.005	0.00693133
2.006	0.00693043
2.007	0.00695170
2.008	0.00696570
2.009	0.00698067
2.010	0.00699254
2.011	0.00701148
2.012	0.00702109
2.013	0.00703362
2.014	0.00705359
2.015	0.00705083
2.016	0.00707412
2.017	0.00708748
2.018	0.00709795
2.019	0.00711934
2.020	0.00712376
2.021	0.00713900
2.022	0.00715268
2.023	0.00717052
2.024	0.00718487
2.025	0.00720216
2.026	0.00721396
2.027	0.00722038
2.028	0.00723383
2.029	0.00724742
2.030	0.00725509
2.031	0.00725608
2.032	0.00725734
2.033	0.00728593
2.034	0.00730708
2.035	0.00732125
2.036	0.00732798
2.037	0.00733597
2.038	0.00734376
2.039	0.00735753
2.040	0.00737007
2.041	0.00737238
2.042	0.00737612
2.043	0.00739092
2.044	0.00739464
2.045	0.00740649
2.046	0.00742500
2.047	0.00743138
2.048	0.00745514
2.049	0.00747290
2.050	0.00748494
2.051	0.00750356
2.052	0.00750766
2.053	0.00751075
2.054	0.00753069
2.055	0.00753953
2.056	0.00754589
2.057	0.00755500
2.058	0.00756203
2.059	0.00758209
2.060	0.00759409
2.061	0.00760186
2.062	0.00759388
2.063	0.00759852
2.064	0.00760838
2.065	0.00761922
2.066	0.00762043
2.067	0.00763417
2.068	0.00764973
2.069	0.00765380
2.070	0.00766693
2.071	0.00767081
2.072	0.00768194
2.073	0.00769114
2.074	0.00770166
2.075	0.00771819
2.076	0.00774240
2.077	0.00774486
2.078	0.00774417
2.079	0.00775634
2.080	0.00775737
2.081	0.00776732
2.082	0.00777173
2.083	0.00777293
2.084	0.00778238
2.085	0.00779546
2.086	0.00780146
2.087	0.00781766
2.088	0.00781978
2.089	0.00782663
2.090	0.00783093
2.091	0.00783574
2.092	0.00783826
2.093	0.00786161
2.094	0.00787356
2.095	0.00788334
2.096	0.00789679
2.097	0.00791211
2.098	0.00792704
2.099	0.00794172
2.100	0.00795418
2.101	0.00797656
2.102	0.00798956
2.103	0.00801281
2.104	0.00801461
2.105	0.00802628
2.106	0.00803691
2.107	0.00803994
2.108	0.00805434
2.109	0.00804997
2.110	0.00806481
2.111	0.00807305
2.112	0.00807845
2.113	0.00807978
2.114	0.00810200
2.115	0.00810487
2.116	0.00811648
2.117	0.00811341
2.118	0.00811762
2.119	0.00813427
2.120	0.00814727
2.121	0.00817052
2.122	0.00818250
2.123	0.00820345
2.124	0.00822142
2.125	0.00823130
2.126	0.00825209
2.127	0.00825235
2.128	0.00825844
2.129	0.00825950
2.130	0.00827487
2.131	0.00828747
2.132	0.00830120
2.133	0.00830164
2.134	0.00831312
2.135	0.00832817
2.136	0.00835128
2.137	0.00836978
2.138	0.00838273
2.139	0.00839274
2.140	0.00839649
2.141	0.00840827
2.142	0.00841266
2.143	0.00843149
2.144	0.00844350
2.145	0.00845277
2.146	0.00845953
2.147	0.00846611
2.148	0.00847027
2.149	0.00848463
2.150	0.00848785
2.151	0.00849497
2.152	0.00850888
2.153	0.00852841
2.154	0.00853852
2.155	0.00853654
2.156	0.00855899
2.157	0.00858043
2.158	0.00860014
2.159	0.00861945
2.160	0.00863928
2.161	0.00865952
2.162	0.00868059
2.163	0.00870763
2.164	0.00873336
2.165	0.00874702
2.166	0.00877344
2.167	0.00877917
2.168	0.00880332
2.169	0.00882129
2.170	0.00882482
2.171	0.00883027
2.172	0.00884344
2.173	0.00883328
2.174	0.00884555
2.175	0.00886541
2.176	0.00887690
2.177	0.00888804
2.178	0.00890585
2.179	0.00891295
2.180	0.00890573
2.181	0.00891189
2.182	0.00892314
2.183	0.00893299
2.184	0.00894801
2.185	0.00894589
2.186	0.00896471
2.187	0.00897916
2.188	0.00898547
2.189	0.00899224
2.190	0.00901464
2.191	0.00902084
2.192	0.00901639
2.193	0.00902106
2.194	0.00904644
2.195	0.00905602
2.196	0.00906424
2.197	0.00907373
2.198	0.00909490
2.199	0.00911037
2.200	0.00911833
2.201	0.00913037
2.202	0.00913944
2.203	0.00915334
2.204	0.00916795
2.205	0.00917177
2.206	0.00918958
2.207	0.00920584
2.208	0.00921316
2.209	0.00921981
2.210	0.00923397
2.211	0.00925114
2.212	0.00926176
2.213	0.00926351
2.214	0.00928933
2.215	0.00928268
2.216	0.00928679
2.217	0.00930396
2.218	0.00931734
2.219	0.00932211
2.220	0.00932183
2.221	0.00932676
2.222	0.00934012
2.223	0.00934786
2.224	0.00936280
2.225	0.00937686
2.226	0.00938237
2.227	0.00940241
2.228	0.00941410
2.229	0.00943360
2.230	0.00945452
2.231	0.00947405
2.232	0.00949617
2.233	0.00950995
2.234	0.00952816
2.235	0.00952778
2.236	0.00953206
2.237	0.00955008
2.238	0.00956548
2.239	0.00957184
2.240	0.00958555
2.241	0.00961207
2.242	0.00962908
2.243	0.00965420
2.244	0.00967246
2.245	0.00968687
2.246	0.00970923
2.247	0.00974477
2.248	0.00976297
2.249	0.00978551
2.250	0.00978984
2.251	0.00980756
2.252	0.00983091
2.253	0.00984815
2.254	0.00986671
2.255	0.00988363
2.256	0.00988743
2.257	0.00990597
2.258	0.00992197
2.259	0.00992860
2.260	0.00993142
2.261	0.00994469
2.262	0.00995599
2.263	0.00996265
2.264	0.00996598
2.265	0.00997672
2.266	0.00999694
2.267	0.01001292
2.268	0.01002492
2.269	0.01004118
2.270	0.01004938
2.271	0.01006704
2.272	0.01007763
2.273	0.01008473
2.274	0.01009861
2.275	0.01010701
2.276	0.01011531
2.277	0.01012258
2.278	0.01012574
2.279	0.01014381
2.280	0.01016091
2.281	0.01017231
2.282	0.01018511
2.283	0.01019382
2.284	0.01022377
2.285	0.01023602
2.286	0.01025617
2.287	0.01026599
2.288	0.01028734
2.289	0.01029498
2.290	0.01029275
2.291	0.01031064
2.292	0.01032115
2.293	0.01032898
2.294	0.01034835
2.295	0.01036410
2.296	0.01037528
2.297	0.01039825
2.298	0.01039875
2.299	0.01041646
2.300	0.01043106
2.301	0.01044786
2.302	0.01045827
2.303	0.01046677
2.304	0.01047877
2.305	0.01048318
2.306	0.01050682
2.307	0.01052115
2.308	0.01055805
2.309	0.01058896
2.310	0.01058261
2.311	0.01057452
2.312	0.01059586
2.313	0.01062443
2.314	0.01062965
2.315	0.01063079
2.316	0.01062438
2.317	0.01062953
2.318	0.01064925
2.319	0.01065718
2.320	0.01066467
2.321	0.01067730
2.322	0.01069340
2.323	0.01071050
2.324	0.01070523
2.325	0.01071916
2.326	0.01073660
2.327	0.01074027
2.328	0.01075025
2.329	0.01077135
2.330	0.01077553
2.331	0.01078785
2.332	0.01079800
2.333	0.01079669
2.334	0.01083724
2.335	0.01084768
2.336	0.01087203
2.337	0.01088061
2.338	0.01089599
2.339	0.01089334
2.340	0.01092593
2.341	0.01094060
2.342	0.01095320
2.343	0.01095840
2.344	0.01096953
2.345	0.01097119
2.346	0.01097238
2.347	0.01097834
2.348	0.01099766
2.349	0.01100341
2.350	0.01100280
2.351	0.01099032
2.352	0.01101155
2.353	0.01102219
2.354	0.01102820
2.355	0.01102661
2.356	0.01102522
2.357	0.01102325
2.358	0.01104175
2.359	0.01105979
2.360	0.01107671
2.361	0.01107594
2.362	0.01110367
2.363	0.01112156
2.364	0.01112306
2.365	0.01113745
2.366	0.01115989
2.367	0.01116955
2.368	0.01119017
2.369	0.01119907
2.370	0.01119454
2.371	0.01119879
2.372	0.01120153
2.373	0.01120773
2.374	0.01121493
2.375	0.01122859
2.376	0.01123577
2.377	0.01124805
2.378	0.01125835
2.379	0.01126149
2.380	0.01126830
2.381	0.01128173
2.382	0.01128604
2.383	0.01129116
2.384	0.01130164
2.385	0.01131710
2.386	0.01132940
2.387	0.01133701
2.388	0.01135793
2.389	0.01136703
2.390	0.01138116
2.391	0.01139099
2.392	0.01140057
2.393	0.01142089
2.394	0.01141878
2.395	0.01142046
2.396	0.01142639
2.397	0.01142999
2.398	0.01144826
2.399	0.01145346
2.400	0.01146080
2.401	0.01147473
2.402	0.01148230
2.403	0.01149383
2.404	0.01151005
2.405	0.01152559
2.406	0.01153066
2.407	0.01153326
2.408	0.01154534
2.409	0.01154216
2.410	0.01155087
2.411	0.01155786
2.412	0.01155549
2.413	0.01156996
2.414	0.01157557
2.415	0.01159949
2.416	0.01162589
2.417	0.01160770
2.418	0.01163285
2.419	0.01162479
2.420	0.01161122
2.421	0.01163334
2.422	0.01166070
2.423	0.01168326
2.424	0.01170211
2.425	0.01171049
2.426	0.01172037
2.427	0.01173854
2.428	0.01174922
2.429	0.01175839
2.430	0.01177132
2.431	0.01178062
2.432	0.01180004
2.433	0.01180910
2.434	0.01181880
2.435	0.01184072
2.436	0.01184875
2.437	0.01184567
2.438	0.01186357
2.439	0.01187471
2.440	0.01189334
2.441	0.01190270
2.442	0.01192341
2.443	0.01194246
2.444	0.01195635
2.445	0.01194621
2.446	0.01194913
2.447	0.01196029
2.448	0.01198792
2.449	0.01200705
2.450	0.01200930
2.451	0.01202268
2.452	0.01202144
2.453	0.01203225
2.454	0.01204811
2.455	0.01206067
2.456	0.01205950
2.457	0.01208912
2.458	0.01209798
2.459	0.01211372
2.460	0.01212792
2.461	0.01214407
2.462	0.01213714
2.463	0.01214305
2.464	0.01217287
2.465	0.01219319
2.466	0.01220077
2.467	0.01220030
2.468	0.01221388
2.469	0.01221189
2.470	0.01223206
2.471	0.01225053
2.472	0.01226848
2.473	0.01227293
2.474	0.01226152
2.475	0.01228410
2.476	0.01228647
2.477	0.01229315
2.478	0.01233236
2.479	0.01233322
2.480	0.01233871
2.481	0.01237068
2.482	0.01239371
2.483	0.01241639
2.484	0.01243439
2.485	0.01244073
2.486	0.01244810
2.487	0.01245620
2.488	0.01245174
2.489	0.01246869
2.490	0.01247750
2.491	0.01248428
2.492	0.01248570
2.493	0.01250997
2.494	0.01251282
2.495	0.01252800
2.496	0.01253834
2.497	0.01255171
2.498	0.01256287
2.499	0.01256447
2.500	0.01257352
2.501	0.01260016
2.502	0.01260562
2.503	0.01261215
2.504	0.01261600
2.505	0.01264116
2.506	0.01264704
2.507	0.01264479
2.508	0.01266355
2.509	0.01267478
2.510	0.01268328
2.511	0.01268160
2.512	0.01268417
2.513	0.01268853
2.514	0.01270547
2.515	0.01272712
2.516	0.01272824
2.517	0.01274468
2.518	0.01275024
2.519	0.01277078
2.520	0.01277166
2.521	0.01277511
2.522	0.01277974
2.523	0.01279528
2.524	0.01279426
2.525	0.01281321
2.526	0.01283633
2.527	0.01285348
2.528	0.01285673
2.529	0.01286442
2.530	0.01288015
2.531	0.01289680
2.532	0.01290263
2.533	0.01290587
2.534	0.01291837
2.535	0.01291808
2.536	0.01291922
2.537	0.01291888
2.538	0.01295604
2.539	0.01298319
2.540	0.01299872
2.541	0.01300023
2.542	0.01299663
2.543	0.01299947
2.544	0.01300440
2.545	0.01300779
2.546	0.01300813
2.547	0.01301287
2.548	0.01302651
2.549	0.01303477
2.550	0.01303572
2.551	0.01304570
2.552	0.01303732
2.553	0.01305756
2.554	0.01307005
2.555	0.01307591
2.556	0.01308670
2.557	0.01310716
2.558	0.01311498
2.559	0.01313722
2.560	0.01314945
2.561	0.01315556
2.562	0.01315284
2.563	0.01314809
2.564	0.01316434
2.565	0.01318092
2.566	0.01319428
2.567	0.01319717
2.568	0.01319802
2.569	0.01319730
2.570	0.01321210
2.571	0.01322396
2.572	0.01325062
2.573	0.01327355
2.574	0.01327413
2.575	0.01328264
2.576	0.01330100
2.577	0.01330275
2.578	0.01331626
2.579	0.01331702
2.580	0.01332020
2.581	0.01333408
2.582	0.01333438
2.583	0.01334543
2.584	0.01335131
2.585	0.01335232
2.586	0.01337749
2.587	0.01339522
2.588	0.01341230
2.589	0.01340177
2.590	0.01342669
2.591	0.01344041
2.592	0.01344760
2.593	0.01345753
2.594	0.01347767
2.595	0.01348838
2.596	0.01347777
2.597	0.01347827
2.598	0.01348000
2.599	0.01348837
2.600	0.01348950
2.601	0.01348850
2.602	0.01349401
2.603	0.01349181
2.604	0.01348322
2.605	0.01349132
2.606	0.01350171
2.607	0.01351356
2.608	0.01352822
2.609	0.01353497
2.610	0.01353932
2.611	0.01353036
2.612	0.01353357
2.613	0.01352179
2.614	0.01353392
2.615	0.01355991
2.616	0.01359278
2.617	0.01361308
2.618	0.01361033
2.619	0.01362185
2.620	0.01361436
2.621	0.01362309
2.622	0.01363678
2.623	0.01363785
2.624	0.01363245
2.625	0.01364048
2.626	0.01365651
2.627	0.01364822
2.628	0.01365627
2.629	0.01367396
2.630	0.01368388
2.631	0.01370339
2.632	0.01372625
2.633	0.01374522
2.634	0.01374651
2.635	0.01375610
2.636	0.01376424
2.637	0.01376163
2.638	0.01376341
2.639	0.01377295
2.640	0.01378455
2.641	0.01378486
2.642	0.01378272
2.643	0.01379503
2.644	0.01379119
2.645	0.01380481
2.646	0.01381458
2.647	0.01381363
2.648	0.01380711
2.649	0.01381003
2.650	0.01382046
2.651	0.01382592
2.652	0.01383157
2.653	0.01384811
2.654	0.01385427
2.655	0.01387878
2.656	0.01389078
2.657	0.01390932
2.658	0.01392180
2.659	0.01394401
2.660	0.01396675
2.661	0.01397840
2.662	0.01398681
2.663	0.01399685
2.664	0.01399649
2.665	0.01400738
2.666	0.01401090
2.667	0.01401666
2.668	0.01401477
2.669	0.01401804
2.670	0.01402234
2.671	0.01403611
2.672	0.01404902
2.673	0.01404666
2.674	0.01403831
2.675	0.01405822
2.676	0.01407311
2.677	0.01407238
2.678	0.01406388
2.679	0.01409283
2.680	0.01410135
2.681	0.01412360
2.682	0.01412525
2.683	0.01414672
2.684	0.01415157
2.685	0.01415459
2.686	0.01414854
2.687	0.01415647
2.688	0.01414834
2.689	0.01416622
2.690	0.01417650
2.691	0.01417482
2.692	0.01418501
2.693	0.01418651
2.694	0.01421580
2.695	0.01422871
2.696	0.01423735
2.697	0.01424169
2.698	0.01424894
2.699	0.01425325
2.700	0.01424735
2.701	0.01425958
2.702	0.01428616
2.703	0.01428590
2.704	0.01430311
2.705	0.01431321
2.706	0.01433816
2.707	0.01435548
2.708	0.01436648
2.709	0.01439188
2.710	0.01440433
2.711	0.01441755
2.712	0.01445007
2.713	0.01446344
2.714	0.01446614
2.715	0.01447934
2.716	0.01448126
2.717	0.01447636
2.718	0.01447393
2.719	0.01447192
2.720	0.01448109
2.721	0.01449767
2.722	0.01452359
2.723	0.01452493
2.724	0.01453302
2.725	0.01453341
2.726	0.01453625
2.727	0.01454615
2.728	0.01455261
2.729	0.01455538
2.730	0.01456758
2.731	0.01458301
2.732	0.01459425
2.733	0.01461118
2.734	0.01460506
2.735	0.01461990
2.736	0.01464222
2.737	0.01465331
2.738	0.01465550
2.739	0.01465410
2.740	0.01465600
2.741	0.01467624
2.742	0.01468535
2.743	0.01469274
2.744	0.01469712
2.745	0.01470614
2.746	0.01470839
2.747	0.01469758
2.748	0.01470884
2.749	0.01472195
2.750	0.01474334
2.751	0.01472701
2.752	0.01472388
2.753	0.01473358
2.754	0.01475297
2.755	0.01476004
2.756	0.01476764
2.757	0.01478837
2.758	0.01483290
2.759	0.01485047
2.760	0.01484547
2.761	0.01487068
2.762	0.01487868
2.763	0.01488863
2.764	0.01488124
2.765	0.01488789
2.766	0.01489420
2.767	0.01492180
2.768	0.01493974
2.769	0.01496275
2.770	0.01497530
2.771	0.01497993
2.772	0.01497381
2.773	0.01497485
2.774	0.01499549
2.775	0.01500295
2.776	0.01501457
2.777	0.01502556
2.778	0.01502326
2.779	0.01504564
2.780	0.01506323
2.781	0.01508839
2.782	0.01507621
2.783	0.01507914
2.784	0.01509502
2.785	0.01511313
2.786	0.01512984
2.787	0.01514083
2.788	0.01514680
2.789	0.01516433
2.790	0.01518093
2.791	0.01519012
2.792	0.01518648
2.793	0.01518796
2.794	0.01518804
2.795	0.01522083
2.796	0.01523101
2.797	0.01523864
2.798	0.01524641
2.799	0.01523963
2.800	0.01526585
2.801	0.01523958
2.802	0.01525271
2.803	0.01524446
2.804	0.01522910
2.805	0.01524524
2.806	0.01525124
2.807	0.01526724
2.808	0.01527479
2.809	0.01528329
2.810	0.01527183
2.811	0.01528737
2.812	0.01531456
2.813	0.01533874
2.814	0.01535400
2.815	0.01534310
2.816	0.01532007
2.817	0.01532553
2.818	0.01532470
2.819	0.01533217
2.820	0.01536353
2.821	0.01538160
2.822	0.01538434
2.823	0.01539083
2.824	0.01539035
2.825	0.01537146
2.826	0.01536460
2.827	0.01537041
2.828	0.01538677
2.829	0.01538631
2.830	0.01539061
2.831	0.01538900
2.832	0.01541961
2.833	0.01542957
2.834	0.01543598
2.835	0.01544765
2.836	0.01542802
2.837	0.01544206
2.838	0.01544198
2.839	0.01546339
2.840	0.01547057
2.841	0.01545589
2.842	0.01545898
2.843	0.01545611
2.844	0.01545601
2.845	0.01547788
2.846	0.01550216
2.847	0.01550636
2.848	0.01550149
2.849	0.01549620
2.850	0.01551362
2.851	0.01553266
2.852	0.01554591
2.853	0.01555649
2.854	0.01557715
2.855	0.01557203
2.856	0.01557741
2.857	0.01557803
2.858	0.01557845
2.859	0.01559468
2.860	0.01558973
2.861	0.01559869
2.862	0.01559931
2.863	0.01559790
2.864	0.01560797
2.865	0.01559936
2.866	0.01561433
2.867	0.01561635
2.868	0.01562910
2.869	0.01563906
2.870	0.01566324
2.871	0.01567564
2.872	0.01567550
2.873	0.01568190
2.874	0.01566952
2.875	0.01568697
2.876	0.01570571
2.877	0.01571755
2.878	0.01573288
2.879	0.01575074
2.880	0.01576188
2.881	0.01577946
2.882	0.01579345
2.883	0.01580657
2.884	0.01580106
2.885	0.01580373
2.886	0.01580788
2.887	0.01582413
2.888	0.01581218
2.889	0.01581330
2.890	0.01581085
2.891	0.01584330
2.892	0.01586755
2.893	0.01588180
2.894	0.01590124
2.895	0.01592160
2.896	0.01591135
2.897	0.01593739
2.898	0.01595963
2.899	0.01595791
2.900	0.01595670
2.901	0.01597803
2.902	0.01597231
2.903	0.01597624
2.904	0.01599034
2.905	0.01602202
2.906	0.01604705
2.907	0.01604742
2.908	0.01605789
2.909	0.01606472
2.910	0.01606322
2.911	0.01607662
2.912	0.01606505
2.913	0.01604546
2.914	0.01605376
2.915	0.01606885
2.916	0.01609203
2.917	0.01608780
2.918	0.01611690
2.919	0.01613676
2.920	0.01614967
2.921	0.01615120
2.922	0.01614312
2.923	0.01617611
2.924	0.01617258
2.925	0.01618015
2.926	0.01618626
2.927	0.01619418
2.928	0.01620611
2.929	0.01621717
2.930	0.01622634
2.931	0.01622866
2.932	0.01624906
2.933	0.01625831
2.934	0.01627129
2.935	0.01627498
2.936	0.01628616
2.937	0.01630446
2.938	0.01631909
2.939	0.01634412
2.940	0.01635780
2.941	0.01636324
2.942	0.01638265
2.943	0.01641575
2.944	0.01640472
2.945	0.01640204
2.946	0.01640264
2.947	0.01641885
2.948	0.01642687
2.949	0.01644514
2.950	0.01645928
2.951	0.01646898
2.952	0.01649321
2.953	0.01649666
2.954	0.01651437
2.955	0.01650990
2.956	0.01651520
2.957	0.01651862
2.958	0.01651654
2.959	0.01653833
2.960	0.01653352
2.961	0.01654898
2.962	0.01657835
2.963	0.01659641
2.964	0.01660614
2.965	0.01660610
2.966	0.01660527
2.967	0.01660562
2.968	0.01662669
2.969	0.01662890
2.970	0.01662596
2.971	0.01663329
2.972	0.01662561
2.973	0.01661843
2.974	0.01661959
2.975	0.01664387
2.976	0.01665674
2.977	0.01667443
2.978	0.01666984
2.979	0.01668201
2.980	0.01668832
2.981	0.01671283
2.982	0.01673816
2.983	0.01674102
2.984	0.01675758
2.985	0.01677457
2.986	0.01678554
2.987	0.01679996
2.988	0.01679879
2.989	0.01680399
2.990	0.01681973
2.991	0.01683409
2.992	0.01684398
2.993	0.01684657
2.994	0.01685752
2.995	0.01688292
2.996	0.01689380
2.997	0.01691469
2.998	0.01691973
2.999	0.01691633
3.000	0.01694366
3.001	0.01697109
3.002	0.01698124
3.003	0.01700307
3.004	0.01699639
3.005	0.01701399
3.006	0.01703320
3.007	0.01703883
3.008	0.01703715
3.009	0.01704955
3.010	0.01703724
3.011	0.01703932
3.012	0.01703729
3.013	0.01704690
3.014	0.01704856
3.015	0.01706827
3.016	0.01707730
3.017	0.01707047
3.018	0.01706394
3.019	0.01705939
3.020	0.01708911
3.021	0.01709877
3.022	0.01710301
3.023	0.01708978
3.024	0.01710629
3.025	0.01711991
3.026	0.01713736
3.027	0.01715935
3.028	0.01719547
3.029	0.01719583
3.030	0.01719489
3.031	0.01720375
3.032	0.01720185
3.033	0.01720045
3.034	0.01719894
3.035	0.01720303
3.036	0.01723045
3.037	0.01726085
3.038	0.01726257
3.039	0.01727260
3.040	0.01728252
3.041	0.01726983
3.042	0.01729457
3.043	0.01732504
3.044	0.01734872
3.045	0.01734591
3.046	0.01736239
3.047	0.01737580
3.048	0.01738379
3.049	0.01739242
3.050	0.01742469
3.051	0.01743114
3.052	0.01744166
3.053	0.01742955
3.054	0.01743865
3.055	0.01743589
3.056	0.01743914
3.057	0.01745823
3.058	0.01745327
3.059	0.01745287
3.060	0.01744682
3.061	0.01746019
3.062	0.01745686
3.063	0.01746792
3.064	0.01745807
3.065	0.01746487
3.066	0.01747724
3.067	0.01749548
3.068	0.01750828
3.069	0.01751883
3.070	0.01754705
3.071	0.01755994
3.072	0.01756214
3.073	0.01753623
3.074	0.01752545
3.075	0.01753347
3.076	0.01755241
3.077	0.01756999
3.078	0.01758152
3.079	0.01759811
3.080	0.01760241
3.081	0.01761586
3.082	0.01763857
3.083	0.01765536
3.084	0.01764328
3.085	0.01765945
3.086	0.01766969
3.087	0.01765654
3.088	0.01764909
3.089	0.01764916
3.090	0.01764059
3.091	0.01767296
3.092	0.01767302
3.093	0.01767644
3.094	0.01770202
3.095	0.01768804
3.096	0.01768742
3.097	0.01770402
3.098	0.01771630
3.099	0.01772310
3.100	0.01773527
3.101	0.01774215
3.102	0.01774796
3.103	0.01775599
3.104	0.01774723
3.105	0.01774469
3.106	0.01776957
3.107	0.01777947
3.108	0.01777160
3.109	0.01778465
3.110	0.01779382
3.111	0.01777869
3.112	0.01779143
3.113	0.01780574
3.114	0.01780738
3.115	0.01779001
3.116	0.01780379
3.117	0.01782376
3.118	0.01781985
3.119	0.01782240
3.120	0.01783110
3.121	0.01784624
3.122	0.01785784
3.123	0.01785058
3.124	0.01784304
3.125	0.01783713
3.126	0.01783642
3.127	0.01784582
3.128	0.01785901
3.129	0.01788343
3.130	0.01788886
3.131	0.01789839
3.132	0.01791422
3.133	0.01790441
3.134	0.01793151
3.135	0.01792001
3.136	0.01795825
3.137	0.01794431
3.138	0.01794827
3.139	0.01796254
3.140	0.01797605
3.141	0.01796794
3.142	0.01794709
3.143	0.01796315
3.144	0.01797336
3.145	0.01798248
3.146	0.01797819
3.147	0.01800799
3.148	0.01801200
3.149	0.01801684
3.150	0.01802915
3.151	0.01805225
3.152	0.01806061
3.153	0.01808790
3.154	0.01809761
3.155	0.01807894
3.156	0.01805765
3.157	0.01806123
3.158	0.01805936
3.159	0.01806995
3.160	0.01810581
3.161	0.01810490
3.162	0.01808709
3.163	0.01807215
3.164	0.01807413
3.165	0.01806945
3.166	0.01807121
3.167	0.01809032
3.168	0.01810303
3.169	0.01812568
3.170	0.01812316
3.171	0.01810080
3.172	0.01810385
3.173	0.01810745
3.174	0.01811509
3.175	0.01813044
3.176	0.01815046
3.177	0.01814913
3.178	0.01815739
3.179	0.01817026
3.180	0.01818850
3.181	0.01821382
3.182	0.01821905
3.183	0.01822560
3.184	0.01823292
3.185	0.01824523
3.186	0.01825034
3.187	0.01823925
3.188	0.01821685
3.189	0.01821148
3.190	0.01821363
3.191	0.01822036
3.192	0.01820919
3.193	0.01822631
3.194	0.01822267
3.195	0.01821433
3.196	0.01821479
3.197	0.01821802
3.198	0.01821099
3.199	0.01821890
3.200	0.01821340
3.201	0.01822000
3.202	0.01822334
3.203	0.01821674
3.204	0.01822336
3.205	0.01822341
3.206	0.01824092
3.207	0.01825335
3.208	0.01826564
3.209	0.01826103
3.210	0.01826445
3.211	0.01827242
3.212	0.01828856
3.213	0.01830001
3.214	0.01831410
3.215	0.01832631
3.216	0.01833567
3.217	0.01833288
3.218	0.01833388
3.219	0.01832489
3.220	0.01833759
3.221	0.01834086
3.222	0.01833931
3.223	0.01833698
3.224	0.01834980
3.225	0.01833519
3.226	0.01830952
3.227	0.01833298
3.228	0.01832730
3.229	0.01834274
3.230	0.01833372
3.231	0.01832909
3.232	0.01832537
3.233	0.01832247
3.234	0.01833264
3.235	0.01834082
3.236	0.01835182
3.237	0.01836117
3.238	0.01835739
3.239	0.01835677
3.240	0.01838349
3.241	0.01837914
3.242	0.01839486
3.243	0.01842284
3.244	0.01842692
3.245	0.01842825
3.246	0.01845102
3.247	0.01845758
3.248	0.01846654
3.249	0.01845725
3.250	0.01846493
3.251	0.01847984
3.252	0.01848853
3.253	0.01847813
3.254	0.01848197
3.255	0.01849487
3.256	0.01848535
3.257	0.01848298
3.258	0.01850135
3.259	0.01846899
3.260	0.01846231
3.261	0.01847715
3.262	0.01846953
3.263	0.01848074
3.264	0.01847261
3.265	0.01847230
3.266	0.01848864
3.267	0.01849145
3.268	0.01850485
3.269	0.01850694
3.270	0.01848607
3.271	0.01849258
3.272	0.01852346
3.273	0.01853486
3.274	0.01854028
3.275	0.01854763
3.276	0.01856267
3.277	0.01855359
3.278	0.01854531
3.279	0.01853435
3.280	0.01853433
3.281	0.01856244
3.282	0.01853631
3.283	0.01857070
3.284	0.01857155
3.285	0.01856413
3.286	0.01857752
3.287	0.01858369
3.288	0.01858063
3.289	0.01858652
3.290	0.01858269
3.291	0.01858203
3.292	0.01861402
3.293	0.01862632
3.294	0.01861259
3.295	0.01861266
3.296	0.01861937
3.297	0.01861252
3.298	0.01862253
3.299	0.01862796
3.300	0.01863535
3.301	0.01863068
3.302	0.01863446
3.303	0.01864763
3.304	0.01866107
3.305	0.01864840
3.306	0.01864894
3.307	0.01866605
3.308	0.01866364
3.309	0.01866154
3.310	0.01865828
3.311	0.01867177
3.312	0.01867373
3.313	0.01867929
3.314	0.01870722
3.315	0.01871199
3.316	0.01872097
3.317	0.01871414
3.318	0.01871751
3.319	0.01873032
3.320	0.01873427
3.321	0.01874255
3.322	0.01872847
3.323	0.01873545
3.324	0.01871548
3.325	0.01870674
3.326	0.01870426
3.327	0.01870113
3.328	0.01870548
3.329	0.01868840
3.330	0.01869909
3.331	0.01869032
3.332	0.01871235
3.333	0.01872720
3.334	0.01874429
3.335	0.01871572
3.336	0.01871436
3.337	0.01869720
3.338	0.01867679
3.339	0.01868020
3.340	0.01869178
3.341	0.01870741
3.342	0.01871035
3.343	0.01874429
3.344	0.01875274
3.345	0.01875901
3.346	0.01876608
3.347	0.01878921
3.348	0.01879706
3.349	0.01878566
3.350	0.01879407
3.351	0.01881154
3.352	0.01882656
3.353	0.01883445
3.354	0.01884087
3.355	0.01883091
3.356	0.01881613
3.357	0.01880827
3.358	0.01882449
3.359	0.01884612
3.360	0.01884055
3.361	0.01884384
3.362	0.01885003
3.363	0.01886553
3.364	0.01888557
3.365	0.01889188
3.366	0.01888834
3.367	0.01888542
3.368	0.01887444
3.369	0.01889813
3.370	0.01887640
3.371	0.01886725
3.372	0.01887249
3.373	0.01888571
3.374	0.01888336
3.375	0.01886386
3.376	0.01884888
3.377	0.01883326
3.378	0.01884699
3.379	0.01885049
3.380	0.01886288
3.381	0.01886554
3.382	0.01887385
3.383	0.01889202
3.384	0.01891114
3.385	0.01890542
3.386	0.01891079
3.387	0.01892920
3.388	0.01890619
3.389	0.01890981
3.390	0.01889329
3.391	0.01888844
3.392	0.01890404
3.393	0.01890617
3.394	0.01888618
3.395	0.01890945
3.396	0.01892333
3.397	0.01892330
3.398	0.01892921
3.399	0.01891908
3.400	0.01891515
3.401	0.01892942
3.402	0.01891927
3.403	0.01893230
3.404	0.01892520
3.405	0.01894109
3.406	0.01893902
3.407	0.01894418
3.408	0.01895467
3.409	0.01894877
3.410	0.01896335
3.411	0.01898292
3.412	0.01898223
3.413	0.01900706
3.414	0.01900287
3.415	0.01901579
3.416	0.01900797
3.417	0.01899925
3.418	0.01900020
3.419	0.01900307
3.420	0.01900387
3.421	0.01898958
3.422	0.01898446
3.423	0.01898096
3.424	0.01897927
3.425	0.01898577
3.426	0.01897144
3.427	0.01899723
3.428	0.01900842
3.429	0.01903207
3.430	0.01902620
3.431	0.01902200
3.432	0.01900687
3.433	0.01901541
3.434	0.01902623
3.435	0.01904863
3.436	0.01907876
3.437	0.01909964
3.438	0.01910319
3.439	0.01911425
3.440	0.01912925
3.441	0.01914349
3.442	0.01913430
3.443	0.01913177
3.444	0.01913793
3.445	0.01913524
3.446	0.01913219
3.447	0.01913827
3.448	0.01913683
3.449	0.01911235
3.450	0.01910428
3.451	0.01911542
3.452	0.01910487
3.453	0.01910051
3.454	0.01910714
3.455	0.01913646
3.456	0.01912359
3.457	0.01913311
3.458	0.01913257
3.459	0.01914196
3.460	0.01911576
3.461	0.01912178
3.462	0.01913934
3.463	0.01915072
3.464	0.01915469
3.465	0.01919120
3.466	0.01920566
3.467	0.01923129
3.468	0.01924555
3.469	0.01925601
3.470	0.01925516
3.471	0.01925975
3.472	0.01927510
3.473	0.01927955
3.474	0.01929482
3.475	0.01930299
3.476	0.01931418
3.477	0.01931773
3.478	0.01934202
3.479	0.01934642
3.480	0.01934162
3.481	0.01933620
3.482	0.01936072
3.483	0.01937470
3.484	0.01938423
3.485	0.01940199
3.486	0.01939836
3.487	0.01940694
3.488	0.01940400
3.489	0.01941439
3.490	0.01941515
3.491	0.01941723
3.492	0.01940596
3.493	0.01942398
3.494	0.01944381
3.495	0.01944841
3.496	0.01944520
3.497	0.01944957
3.498	0.01946570
3.499	0.01946659
3.500	0.01948355
3.501	0.01948179
3.502	0.01950222
3.503	0.01950322
3.504	0.01948346
3.505	0.01949779
3.506	0.01951371
3.507	0.01950968
3.508	0.01950168
3.509	0.01949034
3.510	0.01951067
3.511	0.01952156
3.512	0.01954328
3.513	0.01952254
3.514	0.01953148
3.515	0.01952291
3.516	0.01954714
3.517	0.01957043
3.518	0.01956372
3.519	0.01955328
3.520	0.01956513
3.521	0.01956950
3.522	0.01955923
3.523	0.01955430
3.524	0.01957430
3.525	0.01955890
3.526	0.01957341
3.527	0.01957900
3.528	0.01956889
3.529	0.01955787
3.530	0.01956536
3.531	0.01956947
3.532	0.01956399
3.533	0.01957938
3.534	0.01956729
3.535	0.01957349
3.536	0.01959437
3.537	0.01960887
3.538	0.01963291
3.539	0.01964834
3.540	0.01966541
3.541	0.01967733
3.542	0.01967646
3.543	0.01966872
3.544	0.01968661
3.545	0.01969460
3.546	0.01970033
3.547	0.01971170
3.548	0.01972312
3.549	0.01972828
3.550	0.01972387
3.551	0.01973875
3.552	0.01973517
3.553	0.01973288
3.554	0.01974792
3.555	0.01974416
3.556	0.01974267
3.557	0.01976100
3.558	0.01975410
3.559	0.01975903
3.560	0.01977275
3.561	0.01975522
3.562	0.01976575
3.563	0.01976145
3.564	0.01975225
3.565	0.01977694
3.566	0.01977643
3.567	0.01980484
3.568	0.01982291
3.569	0.01979361
3.570	0.01980807
3.571	0.01981165
3.572	0.01980848
3.573	0.01981566
3.574	0.01982879
3.575	0.01982462
3.576	0.01980518
3.577	0.01983829
3.578	0.01982023
3.579	0.01981261
3.580	0.01982828
3.581	0.01983532
3.582	0.01984175
3.583	0.01983614
3.584	0.01982617
3.585	0.01983544
3.586	0.01982576
3.587	0.01981021
3.588	0.01980778
3.589	0.01980152
3.590	0.01981339
3.591	0.01980549
3.592	0.01981989
3.593	0.01981820
3.594	0.01983865
3.595	0.01982229
3.596	0.01983501
3.597	0.01984574
3.598	0.01983921
3.599	0.01983921
3.600	0.01984468
3.601	0.01986321
3.602	0.01988066
3.603	0.01989218
3.604	0.01990099
3.605	0.01992638
3.606	0.01991348
3.607	0.01990733
3.608	0.01991630
3.609	0.01993084
3.610	0.01992229
3.611	0.01991589
3.612	0.01991432
3.613	0.01993170
3.614	0.01990671
3.615	0.01993272
3.616	0.01995404
3.617	0.01997304
3.618	0.01998967
3.619	0.01998835
3.620	0.01997733
3.621	0.02001037
3.622	0.02000902
3.623	0.01999962
3.624	0.01999740
3.625	0.02001247
3.626	0.02003115
3.627	0.02002821
3.628	0.02001087
3.629	0.02001171
3.630	0.01999416
3.631	0.01999696
3.632	0.02000604
3.633	0.02000560
3.634	0.02002369
3.635	0.02002266
3.636	0.02002810
3.637	0.02001061
3.638	0.02000623
3.639	0.02001510
3.640	0.01999884
3.641	0.02001740
3.642	0.02001391
3.643	0.02002778
3.644	0.02002295
3.645	0.02002239
3.646	0.02005432
3.647	0.02006017
3.648	0.02006420
3.649	0.02004382
3.650	0.02005160
3.651	0.02003599
3.652	0.02005287
3.653	0.02005305
3.654	0.02008548
3.655	0.02007476
3.656	0.02006373
3.657	0.02005320
3.658	0.02005661
3.659	0.02008148
3.660	0.02007452
3.661	0.02007106
3.662	0.02006645
3.663	0.02007562
3.664	0.02005320
3.665	0.02004399
3.666	0.02005126
3.667	0.02004580
3.668	0.02004980
3.669	0.02005540
3.670	0.02007948
3.671	0.02009155
3.672	0.02010381
3.673	0.02012521
3.674	0.02013669
3.675	0.02014767
3.676	0.02015193
3.677	0.02016496
3.678	0.02016502
3.679	0.02015487
3.680	0.02017216
3.681	0.02015602
3.682	0.02017233
3.683	0.02019677
3.684	0.02021709
3.685	0.02020534
3.686	0.02019654
3.687	0.02018186
3.688	0.02020606
3.689	0.02022193
3.690	0.02022233
3.691	0.02024340
3.692	0.02024779
3.693	0.02023747
3.694	0.02023497
3.695	0.02024074
3.696	0.02023456
3.697	0.02025441
3.698	0.02025571
3.699	0.02024385
3.700	0.02025726
3.701	0.02027234
3.702	0.02027529
3.703	0.02028227
3.704	0.02028453
3.705	0.02027654
3.706	0.02028936
3.707	0.02029798
3.708	0.02029231
3.709	0.02028349
3.710	0.02029480
3.711	0.02030371
3.712	0.02030028
3.713	0.02032222
3.714	0.02033745
3.715	0.02032600
3.716	0.02032116
3.717	0.02032272
3.718	0.02031726
3.719	0.02031205
3.720	0.02032232
3.721	0.02032122
3.722	0.02031788
3.723	0.02032601
3.724	0.02032205
3.725	0.02030243
3.726	0.02030743
3.727	0.02032403
3.728	0.02032009
3.729	0.02033377
3.730	0.02033859
3.731	0.02035269
3.732	0.02036609
3.733	0.02039244
3.734	0.02040894
3.735	0.02042881
3.736	0.02042821
3.737	0.02042400
3.738	0.02043226
3.739	0.02045209
3.740	0.02045040
3.741	0.02044446
3.742	0.02047360
3.743	0.02048699
3.744	0.02051538
3.745	0.02052882
3.746	0.02053090
3.747	0.02052206
3.748	0.02052636
3.749	0.02049740
3.750	0.02051824
3.751	0.02052543
3.752	0.02050992
3.753	0.02052674
3.754	0.02053094
3.755	0.02054953
3.756	0.02053443
3.757	0.02050742
3.758	0.02051135
3.759	0.02051433
3.760	0.02052938
3.761	0.02052507
3.762	0.02052509
3.763	0.02053403
3.764	0.02054640
3.765	0.02056671
3.766	0.02057458
3.767	0.02056311
3.768	0.02056310
3.769	0.02056462
3.770	0.02055626
3.771	0.02059202
3.772	0.02060370
3.773	0.02062252
3.774	0.02061740
3.775	0.02063100
3.776	0.02060162
3.777	0.02058826
3.778	0.02059195
3.779	0.02057857
3.780	0.02059382
3.781	0.02060386
3.782	0.02058848
3.783	0.02058574
3.784	0.02059285
3.785	0.02059459
3.786	0.02061459
3.787	0.02060130
3.788	0.02060668
3.789	0.02060853
3.790	0.02060745
3.791	0.02062475
3.792	0.02062364
3.793	0.02062431
3.794	0.02064623
3.795	0.02063656
3.796	0.02064761
3.797	0.02062943
3.798	0.02063967
3.799	0.02063685
3.800	0.02061577
3.801	0.02062074
3.802	0.02062328
3.803	0.02064669
3.804	0.02064305
3.805	0.02063609
3.806	0.02064216
3.807	0.02060887
3.808	0.02061892
3.809	0.02064368
3.810	0.02065965
3.811	0.02066490
3.812	0.02065464
3.813	0.02066215
3.814	0.02064017
3.815	0.02064914
3.816	0.02067596
3.817	0.02066380
3.818	0.02066270
3.819	0.02068296
3.820	0.02069492
3.821	0.02069871
3.822	0.02069347
3.823	0.02067198
3.824	0.02069110
3.825	0.02069802
3.826	0.02068879
3.827	0.02068240
3.828	0.02069250
3.829	0.02067832
3.830	0.02071276
3.831	0.02073680
3.832	0.02071676
3.833	0.02073650
3.834	0.02071670
3.835	0.02072944
3.836	0.02074684
3.837	0.02074610
3.838	0.02076059
3.839	0.02077313
3.840	0.02076605
3.841	0.02078054
3.842	0.02077383
3.843	0.02079380
3.844	0.02079212
3.845	0.02079515
3.846	0.02077049
3.847	0.02075975
3.848	0.02074785
3.849	0.02074049
3.850	0.02072800
3.851	0.02074117
3.852	0.02075144
3.853	0.02075887
3.854	0.02075631
3.855	0.02078025
3.856	0.02078784
3.857	0.02078916
3.858	0.02079620
3.859	0.02079060
3.860	0.02078890
3.861	0.02078327
3.862	0.02078943
3.863	0.02080124
3.864	0.02080929
3.865	0.02081864
3.866	0.02083111
3.867	0.02082079
3.868	0.02081371
3.869	0.02080876
3.870	0.02081792
3.871	0.02081689
3.872	0.02083570
3.873	0.02084797
3.874	0.02084724
3.875	0.02086655
3.876	0.02087664
3.877	0.02086582
3.878	0.02086697
3.879	0.02087387
3.880	0.02087268
3.881	0.02085911
3.882	0.02087828
3.883	0.02087459
3.884	0.02090008
3.885	0.02091506
3.886	0.02093438
3.887	0.02093608
3.888	0.02095019
3.889	0.02093400
3.890	0.02092191
3.891	0.02091596
3.892	0.02092190
3.893	0.02095509
3.894	0.02093875
3.895	0.02095353
3.896	0.02095190
3.897	0.02096916
3.898	0.02095109
3.899	0.02091622
3.900	0.02092824
3.901	0.02093639
3.902	0.02094777
3.903	0.02094430
3.904	0.02095744
3.905	0.02097911
3.906	0.02099026
3.907	0.02099182
3.908	0.02101446
3.909	0.02102044
3.910	0.02099731
3.911	0.02099877
3.912	0.02100533
3.913	0.02101695
3.914	0.02100702
3.915	0.02101265
3.916	0.02100946
3.917	0.02103497
3.918	0.02102854
3.919	0.02104553
3.920	0.02104671
3.921	0.02105431
3.922	0.02107068
3.923	0.02107539
3.924	0.02106629
3.925	0.02104877
3.926	0.02103704
3.927	0.02103326
3.928	0.02101801
3.929	0.02101560
3.930	0.02104193
3.931	0.02105109
3.932	0.02102707
3.933	0.02104183
3.934	0.02103855
3.935	0.02105383
3.936	0.02106780
3.937	0.02108443
3.938	0.02109342
3.939	0.02109644
3.940	0.02109961
3.941	0.02110894
3.942	0.02110187
3.943	0.02110876
3.944	0.02110509
3.945	0.02110454
3.946	0.02110585
3.947	0.02109257
3.948	0.02108284
3.949	0.02109336
3.950	0.02109733
3.951	0.02110089
3.952	0.02108747
3.953	0.02108098
3.954	0.02107778
3.955	0.02105354
3.956	0.02106233
3.957	0.02106047
3.958	0.02106465
3.959	0.02105855
3.960	0.02105473
3.961	0.02104930
3.962	0.02106257
3.963	0.02104016
3.964	0.02105044
3.965	0.02106234
3.966	0.02105659
3.967	0.02106614
3.968	0.02103940
3.969	0.02104008
3.970	0.02105115
3.971	0.02105704
3.972	0.02104566
3.973	0.02104377
3.974	0.02104278
3.975	0.02102702
3.976	0.02103812
3.977	0.02103907
3.978	0.02105203
3.979	0.02103237
3.980	0.02104366
3.981	0.02102725
3.982	0.02101507
3.983	0.02100631
3.984	0.02102210
3.985	0.02102458
3.986	0.02100097
3.987	0.02100190
3.988	0.02101145
3.989	0.02102775
3.990	0.02101677
3.991	0.02102878
3.992	0.02102864
3.993	0.02100908
3.994	0.02099701
3.995	0.02100998
3.996	0.02100991
3.997	0.02101990
3.998	0.02101503
3.999	0.02101321
4.000	0.02102656
4.001	0.02102857
4.002	0.02103504
4.003	0.02103525
4.004	0.02106665
4.005	0.02105710
4.006	0.02105448
4.007	0.02106903
4.008	0.02105537
4.009	0.02106978
4.010	0.02108262
4.011	0.02109423
4.012	0.02106840
4.013	0.02108633
4.014	0.02109552
4.015	0.02108067
4.016	0.02109369
4.017	0.02108526
4.018	0.02108879
4.019	0.02109802
4.020	0.02110501
4.021	0.02109085
4.022	0.02111508
4.023	0.02111186
4.024	0.02112081
4.025	0.02112856
4.026	0.02113017
4.027	0.02114542
4.028	0.02115333
4.029	0.02114298
4.030	0.02113682
4.031	0.02115014
4.032	0.02114629
4.033	0.02115685
4.034	0.02115851
4.035	0.02116662
4.036	0.02116513
4.037	0.02115892
4.038	0.02117648
4.039	0.02118143
4.040	0.02118302
4.041	0.02117728
4.042	0.02116674
4.043	0.02117012
4.044	0.02116416
4.045	0.02116005
4.046	0.02114826
4.047	0.02116796
4.048	0.02118122
4.049	0.02116855
4.050	0.02116711
4.051	0.02120175
4.052	0.02120433
4.053	0.02119850
4.054	0.02120434
4.055	0.02120124
4.056	0.02121043
4.057	0.02120143
4.058	0.02118842
4.059	0.02117145
4.060	0.02115122
4.061	0.02118253
4.062	0.02116965
4.063	0.02116904
4.064	0.02114015
4.065	0.02112952
4.066	0.02115151
4.067	0.02114297
4.068	0.02111163
4.069	0.02111185
4.070	0.02111670
4.071	0.02113622
4.072	0.02111990
4.073	0.02113876
4.074	0.02115837
4.075	0.02115253
4.076	0.02116538
4.077	0.02117800
4.078	0.02116786
4.079	0.02115446
4.080	0.02115257
4.081	0.02114494
4.082	0.02114490
4.083	0.02113032
4.084	0.02111278
4.085	0.02110251
4.086	0.02108563
4.087	0.02110374
4.088	0.02110113
4.089	0.02110959
4.090	0.02112714
4.091	0.02111673
4.092	0.02112336
4.093	0.02110335
4.094	0.02110665
4.095	0.02112817
4.096	0.02113044
4.097	0.02113736
4.098	0.02113373
4.099	0.02113419
4.100	0.02113177
4.101	0.02112727
4.102	0.02116770
4.103	0.02118614
4.104	0.02118039
4.105	0.02119217
4.106	0.02117960
4.107	0.02119434
4.108	0.02120699
4.109	0.02122427
4.110	0.02122382
4.111	0.02121109
4.112	0.02124679
4.113	0.02125822
4.114	0.02127272
4.115	0.02126786
4.116	0.02129390
4.117	0.02127400
4.118	0.02127727
4.119	0.02126376
4.120	0.02127879
4.121	0.02129124
4.122	0.02128906
4.123	0.02126993
4.124	0.02125920
4.125	0.02126548
4.126	0.02125295
4.127	0.02127258
4.128	0.02129691
4.129	0.02129701
4.130	0.02130222
4.131	0.02128802
4.132	0.02128579
4.133	0.02129606
4.134	0.02130846
4.135	0.02129895
4.136	0.02128504
4.137	0.02127354
4.138	0.02125485
4.139	0.02126113
4.140	0.02123374
4.141	0.02127339
4.142	0.02130436
4.143	0.02129427
4.144	0.02130368
4.145	0.02130548
4.146	0.02128852
4.147	0.02128226
4.148	0.02126850
4.149	0.02126046
4.150	0.02123845
4.151	0.02122150
4.152	0.02124556
4.153	0.02126204
4.154	0.02128544
4.155	0.02129454
4.156	0.02131008
4.157	0.02129926
4.158	0.02128080
4.159	0.02130619
4.160	0.02132877
4.161	0.02133677
4.162	0.02132804
4.163	0.02131775
4.164	0.02132112
4.165	0.02131938
4.166	0.02132168
4.167	0.02135089
4.168	0.02134341
4.169	0.02134187
4.170	0.02134158
4.171	0.02130903
4.172	0.02129778
4.173	0.02130756
4.174	0.02130195
4.175	0.02132035
4.176	0.02133412
4.177	0.02135458
4.178	0.02134106
4.179	0.02133417
4.180	0.02133734
4.181	0.02132872
4.182	0.02131262
4.183	0.02133176
4.184	0.02133124
4.185	0.02131151
4.186	0.02130120
4.187	0.02129781
4.188	0.02126977
4.189	0.02126977
4.190	0.02126229
4.191	0.02127445
4.192	0.02127450
4.193	0.02124943
4.194	0.02124500
4.195	0.02122842
4.196	0.02121890
4.197	0.02120393
4.198	0.02120402
4.199	0.02120506
4.200	0.02124165
4.201	0.02122942
4.202	0.02124086
4.203	0.02124357
4.204	0.02123742
4.205	0.02123719
4.206	0.02125171
4.207	0.02125109
4.208	0.02125191
4.209	0.02124276
4.210	0.02124863
4.211	0.02126160
4.212	0.02125941
4.213	0.02125917
4.214	0.02125974
4.215	0.02126668
4.216	0.02127898
4.217	0.02128043
4.218	0.02128600
4.219	0.02127830
4.220	0.02126625
4.221	0.02125510
4.222	0.02126896
4.223	0.02128176
4.224	0.02127737
4.225	0.02127877
4.226	0.02130633
4.227	0.02129726
4.228	0.02132128
4.229	0.02134543
4.230	0.02136686
4.231	0.02136072
4.232	0.02133701
4.233	0.02134189
4.234	0.02132764
4.235	0.02132625
4.236	0.02133529
4.237	0.02134345
4.238	0.02135768
4.239	0.02134672
4.240	0.02133576
4.241	0.02133512
4.242	0.02133359
4.243	0.02133475
4.244	0.02132592
4.245	0.02132446
4.246	0.02134112
4.247	0.02132841
4.248	0.02133742
4.249	0.02134154
4.250	0.02133962
4.251	0.02134227
4.252	0.02133519
4.253	0.02133126
4.254	0.02133924
4.255	0.02135588
4.256	0.02134682
4.257	0.02136161
4.258	0.02135882
4.259	0.02133091
4.260	0.02132045
4.261	0.02130558
4.262	0.02133648
4.263	0.02133088
4.264	0.02132005
4.265	0.02132773
4.266	0.02135209
4.267	0.02134453
4.268	0.02132210
4.269	0.02129360
4.270	0.02130778
4.271	0.02131898
4.272	0.02131665
4.273	0.02131768
4.274	0.02131508
4.275	0.02130226
4.276	0.02130675
4.277	0.02129569
4.278	0.02129493
4.279	0.02126770
4.280	0.02124718
4.281	0.02129472
4.282	0.02129034
4.283	0.02127021
4.284	0.02125906
4.285	0.02120562
4.286	0.02121059
4.287	0.02119819
4.288	0.02121661
4.289	0.02121448
4.290	0.02119051
4.291	0.02119772
4.292	0.02119553
4.293	0.02119603
4.294	0.02118017
4.295	0.02116829
4.296	0.02119044
4.297	0.02118152
4.298	0.02117519
4.299	0.02119320
4.300	0.02119529
4.301	0.02117511
4.302	0.02116213
4.303	0.02115785
4.304	0.02115309
4.305	0.02115550
4.306	0.02113016
4.307	0.02113128
4.308	0.02112142
4.309	0.02111779
4.310	0.02111381
4.311	0.02109862
4.312	0.02109964
4.313	0.02109327
4.314	0.02109098
4.315	0.02108833
4.316	0.02108987
4.317	0.02110854
4.318	0.02110107
4.319	0.02110450
4.320	0.02109087
4.321	0.02110225
4.322	0.02109911
4.323	0.02110120
4.324	0.02114055
4.325	0.02115108
4.326	0.02115225
4.327	0.02115968
4.328	0.02117379
4.329	0.02116775
4.330	0.02117921
4.331	0.02116631
4.332	0.02118062
4.333	0.02117162
4.334	0.02116935
4.335	0.02114069
4.336	0.02113004
4.337	0.02113672
4.338	0.02113422
4.339	0.02112116
4.340	0.02110654
4.341	0.02111505
4.342	0.02111662
4.343	0.02109964
4.344	0.02110699
4.345	0.02112681
4.346	0.02114249
4.347	0.02113014
4.348	0.02112838
4.349	0.02113600
4.350	0.02114398
4.351	0.02115763
4.352	0.02114786
4.353	0.02113955
4.354	0.02113387
4.355	0.02113510
4.356	0.02114356
4.357	0.02114088
4.358	0.02113983
4.359	0.02113889
4.360	0.02116661
4.361	0.02114333
4.362	0.02114991
4.363	0.02113004
4.364	0.02111145
4.365	0.02110998
4.366	0.02109288
4.367	0.02109377
4.368	0.02108621
4.369	0.02110154
4.370	0.02109181
4.371	0.02109824
4.372	0.02112871
4.373	0.02112031
4.374	0.02110141
4.375	0.02112511
4.376	0.02111235
4.377	0.02112277
4.378	0.02113032
4.379	0.02114744
4.380	0.02117212
4.381	0.02117699
4.382	0.02118727
4.383	0.02120526
4.384	0.02120597
4.385	0.02120004
4.386	0.02120600
4.387	0.02121810
4.388	0.02120579
4.389	0.02121255
4.390	0.02119441
4.391	0.02120732
4.392	0.02120211
4.393	0.02123625
4.394	0.02121973
4.395	0.02122039
4.396	0.02123433
4.397	0.02122687
4.398	0.02125820
4.399	0.02126059
4.400	0.02126603
4.401	0.02126046
4.402	0.02125731
4.403	0.02126583
4.404	0.02126161
4.405	0.02128594
4.406	0.02128774
4.407	0.02128084
4.408	0.02127398
4.409	0.02126617
4.410	0.02126296
4.411	0.02128188
4.412	0.02126930
4.413	0.02125912
4.414	0.02127614
4.415	0.02127528
4.416	0.02125894
4.417	0.02126684
4.418	0.02125152
4.419	0.02123660
4.420	0.02121416
4.421	0.02122198
4.422	0.02121583
4.423	0.02123366
4.424	0.02125534
4.425	0.02125278
4.426	0.02123589
4.427	0.02122219
4.428	0.02123730
4.429	0.02124350
4.430	0.02125719
4.431	0.02124903
4.432	0.02126163
4.433	0.02129051
4.434	0.02126053
4.435	0.02123552
4.436	0.02125515
4.437	0.02126585
4.438	0.02125262
4.439	0.02125330
4.440	0.02125377
4.441	0.02125167
4.442	0.02124537
4.443	0.02123761
4.444	0.02124641
4.445	0.02124235
4.446	0.02123781
4.447	0.02122998
4.448	0.02123886
4.449	0.02123862
4.450	0.02123488
4.451	0.02122527
4.452	0.02122338
4.453	0.02121521
4.454	0.02123307
4.455	0.02121296
4.456	0.02120609
4.457	0.02121866
4.458	0.02119689
4.459	0.02121465
4.460	0.02122284
4.461	0.02123174
4.462	0.02125231
4.463	0.02125688
4.464	0.02124884
4.465	0.02125834
4.466	0.02129866
4.467	0.02130299
4.468	0.02131215
4.469	0.02132561
4.470	0.02132590
4.471	0.02132503
4.472	0.02130878
4.473	0.02132209
4.474	0.02128927
4.475	0.02128571
4.476	0.02129407
4.477	0.02129916
4.478	0.02131757
4.479	0.02133630
4.480	0.02133857
4.481	0.02135410
4.482	0.02134807
4.483	0.02134084
4.484	0.02133160
4.485	0.02132576
4.486	0.02132730
4.487	0.02132283
4.488	0.02132119
4.489	0.02133877
4.490	0.02133302
4.491	0.02134356
4.492	0.02134245
4.493	0.02135357
4.494	0.02134169
4.495	0.02135013
4.496	0.02134533
4.497	0.02133500
4.498	0.02135954
4.499	0.02139671
4.500	0.02139403
4.501	0.02138856
4.502	0.02138423
4.503	0.02136510
4.504	0.02137095
4.505	0.02136824
4.506	0.02135915
4.507	0.02135440
4.508	0.02135626
4.509	0.02136206
4.510	0.02138561
4.511	0.02140448
4.512	0.02141567
4.513	0.02141628
4.514	0.02141887
4.515	0.02142634
4.516	0.02140827
4.517	0.02140828
4.518	0.02141785
4.519	0.02142587
4.520	0.02143103
4.521	0.02141320
4.522	0.02141236
4.523	0.02141291
4.524	0.02141397
4.525	0.02140522
4.526	0.02141220
4.527	0.02142135
4.528	0.02143250
4.529	0.02143690
4.530	0.02141336
4.531	0.02142178
4.532	0.02144134
4.533	0.02143391
4.534	0.02143146
4.535	0.02142951
4.536	0.02142072
4.537	0.02140623
4.538	0.02141846
4.539	0.02141831
4.540	0.02141415
4.541	0.02141101
4.542	0.02140093
4.543	0.02139234
4.544	0.02138425
4.545	0.02140410
4.546	0.02141134
4.547	0.02142728
4.548	0.02141645
4.549	0.02142413
4.550	0.02141216
4.551	0.02141699
4.552	0.02141584
4.553	0.02138030
4.554	0.02138154
4.555	0.02138173
4.556	0.02137225
4.557	0.02135664
4.558	0.02138221
4.559	0.02135028
4.560	0.02133545
4.561	0.02132140
4.562	0.02133170
4.563	0.02134542
4.564	0.02130801
4.565	0.02132348
4.566	0.02133895
4.567	0.02135895
4.568	0.02137925
4.569	0.02137759
4.570	0.02139020
4.571	0.02139092
4.572	0.02139891
4.573	0.02141902
4.574	0.02142188
4.575	0.02144104
4.576	0.02143485
4.577	0.02144492
4.578	0.02145040
4.579	0.02144691
4.580	0.02146283
4.581	0.02148320
4.582	0.02147287
4.583	0.02148462
4.584	0.02150977
4.585	0.02150549
4.586	0.02151203
4.587	0.02152447
4.588	0.02153215
4.589	0.02156088
4.590	0.02158447
4.591	0.02160145
4.592	0.02161069
4.593	0.02162157
4.594	0.02162760
4.595	0.02163257
4.596	0.02163336
4.597	0.02164381
4.598	0.02165471
4.599	0.02165577
4.600	0.02165633
4.601	0.02167143
4.602	0.02165516
4.603	0.02164236
4.604	0.02165498
4.605	0.02165927
4.606	0.02165564
4.607	0.02164493
4.608	0.02162967
4.609	0.02162664
4.610	0.02163918
4.611	0.02165238
4.612	0.02165479
4.613	0.02165721
4.614	0.02167152
4.615	0.02166750
4.616	0.02165939
4.617	0.02168132
4.618	0.02167394
4.619	0.02167301
4.620	0.02165888
4.621	0.02165568
4.622	0.02168270
4.623	0.02168941
4.624	0.02168989
4.625	0.02168002
4.626	0.02168850
4.627	0.02168715
4.628	0.02167719
4.629	0.02168550
4.630	0.02169851
4.631	0.02170204
4.632	0.02174955
4.633	0.02175330
4.634	0.02176434
4.635	0.02176134
4.636	0.02175319
4.637	0.02173216
4.638	0.02173425
4.639	0.02172567
4.640	0.02171910
4.641	0.02171322
4.642	0.02171479
4.643	0.02172178
4.644	0.02172628
4.645	0.02173408
4.646	0.02173590
4.647	0.02173206
4.648	0.02172870
4.649	0.02172229
4.650	0.02171087
4.651	0.02169983
4.652	0.02170459
4.653	0.02167093
4.654	0.02166962
4.655	0.02166715
4.656	0.02167744
4.657	0.02165230
4.658	0.02167257
4.659	0.02167642
4.660	0.02166952
4.661	0.02170044
4.662	0.02171466
4.663	0.02173659
4.664	0.02174148
4.665	0.02175011
4.666	0.02176074
4.667	0.02177573
4.668	0.02177507
4.669	0.02178667
4.670	0.02179752
4.671	0.02180719
4.672	0.02178741
4.673	0.02177690
4.674	0.02179753
4.675	0.02178286
4.676	0.02179927
4.677	0.02181537
4.678	0.02180884
4.679	0.02180345
4.680	0.02178078
4.681	0.02177218
4.682	0.02176322
4.683	0.02178863
4.684	0.02181970
4.685	0.02183743
4.686	0.02186523
4.687	0.02185474
4.688	0.02186382
4.689	0.02188425
4.690	0.02189996
4.691	0.02191318
4.692	0.02190209
4.693	0.02188800
4.694	0.02188721
4.695	0.02189808
4.696	0.02190362
4.697	0.02191954
4.698	0.02193406
4.699	0.02195000
4.700	0.02197299
4.701	0.02195904
4.702	0.02195185
4.703	0.02195985
4.704	0.02195216
4.705	0.02195981
4.706	0.02198023
4.707	0.02199473
4.708	0.02200200
4.709	0.02198194
4.710	0.02197780
4.711	0.02198558
4.712	0.02197515
4.713	0.02197051
4.714	0.02199081
4.715	0.02199037
4.716	0.02198168
4.717	0.02199368
4.718	0.02200229
4.719	0.02200024
4.720	0.02200936
4.721	0.02203384
4.722	0.02204239
4.723	0.02206110
4.724	0.02205616
4.725	0.02203366
4.726	0.02205848
4.727	0.02206435
4.728	0.02207615
4.729	0.02207284
4.730	0.02208332
4.731	0.02209262
4.732	0.02207012
4.733	0.02207653
4.734	0.02207210
4.735	0.02208902
4.736	0.02208541
4.737	0.02209826
4.738	0.02210830
4.739	0.02211675
4.740	0.02211448
4.741	0.02211800
4.742	0.02211219
4.743	0.02210640
4.744	0.02210467
4.745	0.02209694
4.746	0.02210085
4.747	0.02211182
4.748	0.02212050
4.749	0.02210330
4.750	0.02211268
4.751	0.02212183
4.752	0.02211644
4.753	0.02212550
4.754	0.02212933
4.755	0.02213337
4.756	0.02212077
4.757	0.02215790
4.758	0.02214538
4.759	0.02213755
4.760	0.02215709
4.761	0.02215463
4.762	0.02214486
4.763	0.02212296
4.764	0.02211992
4.765	0.02214669
4.766	0.02214682
4.767	0.02214140
4.768	0.02212977
4.769	0.02212993
4.770	0.02214228
4.771	0.02214503
4.772	0.02216256
4.773	0.02216088
4.774	0.02215299
4.775	0.02214720
4.776	0.02215536
4.777	0.02214442
4.778	0.02215200
4.779	0.02214001
4.780	0.02213957
4.781	0.02213106
4.782	0.02211794
4.783	0.02213098
4.784	0.02211655
4.785	0.02212193
4.786	0.02210558
4.787	0.02211024
4.788	0.02211513
4.789	0.02210049
4.790	0.02209754
4.791	0.02210814
4.792	0.02209977
4.793	0.02209303
4.794	0.02209326
4.795	0.02210869
4.796	0.02210131
4.797	0.02210096
4.798	0.02210307
4.799	0.02211436
4.800	0.02212185
4.801	0.02209718
4.802	0.02208525
4.803	0.02209775
4.804	0.02210092
4.805	0.02211569
4.806	0.02212394
4.807	0.02212034
4.808	0.02213105
4.809	0.02212790
4.810	0.02210577
4.811	0.02211723
4.812	0.02211793
4.813	0.02214039
4.814	0.02213244
4.815	0.02213113
4.816	0.02213703
4.817	0.02214014
4.818	0.02215370
4.819	0.02214207
4.820	0.02216472
4.821	0.02217512
4.822	0.02216898
4.823	0.02216786
4.824	0.02216236
4.825	0.02215852
4.826	0.02217739
4.827	0.02217877
4.828	0.02218212
4.829	0.02218026
4.830	0.02219297
4.831	0.02219688
4.832	0.02221403
4.833	0.02219621
4.834	0.02217954
4.835	0.02217208
4.836	0.02216222
4.837	0.02218605
4.838	0.02217472
4.839	0.02217267
4.840	0.02220693
4.841	0.02220158
4.842	0.02222034
4.843	0.02221481
4.844	0.02221601
4.845	0.02221791
4.846	0.02221100
4.847	0.02222174
4.848	0.02220983
4.849	0.02221960
4.850	0.02221771
4.851	0.02221662
4.852	0.02220318
4.853	0.02221294
4.854	0.02219036
4.855	0.02219880
4.856	0.02220084
4.857	0.02222454
4.858	0.02223345
4.859	0.02222220
4.860	0.02219783
4.861	0.02216081
4.862	0.02216950
4.863	0.02217409
4.864	0.02217786
4.865	0.02216798
4.866	0.02215987
4.867	0.02218375
4.868	0.02219819
4.869	0.02219748
4.870	0.02221460
4.871	0.02219970
4.872	0.02218849
4.873	0.02217079
4.874	0.02214407
4.875	0.02215628
4.876	0.02216803
4.877	0.02216307
4.878	0.02215417
4.879	0.02217684
4.880	0.02217580
4.881	0.02216410
4.882	0.02216523
4.883	0.02216088
4.884	0.02216601
4.885	0.02216509
4.886	0.02215911
4.887	0.02214755
4.888	0.02213918
4.889	0.02214278
4.890	0.02215278
4.891	0.02213812
4.892	0.02213056
4.893	0.02213005
4.894	0.02210286
4.895	0.02212249
4.896	0.02209405
4.897	0.02209076
4.898	0.02211233
4.899	0.02210845
4.900	0.02206718
4.901	0.02205861
4.902	0.02207852
4.903	0.02210575
4.904	0.02212444
4.905	0.02209283
4.906	0.02208305
4.907	0.02207046
4.908	0.02210368
4.909	0.02209287
4.910	0.02209723
4.911	0.02213075
4.912	0.02214662
4.913	0.02212342
4.914	0.02213509
4.915	0.02215689
4.916	0.02215393
4.917	0.02215686
4.918	0.02215728
4.919	0.02214512
4.920	0.02214511
4.921	0.02212768
4.922	0.02210440
4.923	0.02211103
4.924	0.02210956
4.925	0.02210797
4.926	0.02212726
4.927	0.02215393
4.928	0.02215677
4.929	0.02212313
4.930	0.02212984
4.931	0.02211763
4.932	0.02211959
4.933	0.02208637
4.934	0.02209474
4.935	0.02208383
4.936	0.02210547
4.937	0.02210264
4.938	0.02211443
4.939	0.02213191
4.940	0.02215916
4.941	0.02217505
4.942	0.02216040
4.943	0.02215809
4.944	0.02214605
4.945	0.02212864
4.946	0.02212872
4.947	0.02213509
4.948	0.02212925
4.949	0.02212621
4.950	0.02211424
4.951	0.02212307
4.952	0.02211552
4.953	0.02213228
4.954	0.02214181
4.955	0.02214439
4.956	0.02213931
4.957	0.02213986
4.958	0.02216448
4.959	0.02217010
4.960	0.02216242
4.961	0.02216330
4.962	0.02216243
4.963	0.02216630
4.964	0.02215423
4.965	0.02215443
4.966	0.02212506
4.967	0.02211837
4.968	0.02209875
4.969	0.02211392
4.970	0.02210074
4.971	0.02213179
4.972	0.02214535
4.973	0.02214168
4.974	0.02212153
4.975	0.02213325
4.976	0.02214288
4.977	0.02212041
4.978	0.02209740
4.979	0.02208742
4.980	0.02207434
4.981	0.02204655
4.982	0.02205216
4.983	0.02204819
4.984	0.02205696
4.985	0.02204800
4.986	0.02204374
4.987	0.02205687
4.988	0.02204605
4.989	0.02205346
4.990	0.02205019
4.991	0.02204352
4.992	0.02203033
4.993	0.02204384
4.994	0.02205015
4.995	0.02204558
4.996	0.02203238
4.997	0.02206151
4.998	0.02207619
4.999	0.02207622
5.000	0.02210423
5.001	0.02210928
5.002	0.02209707
5.003	0.02210123
5.004	0.02210479
5.005	0.02210713
5.006	0.02211108
5.007	0.02210662
5.008	0.02209719
5.009	0.02210981
5.010	0.02210347
5.011	0.02210875
5.012	0.02210802
5.013	0.02212157
5.014	0.02210383
5.015	0.02209348
5.016	0.02208325
5.017	0.02207949
5.018	0.02206230
5.019	0.02208525
5.020	0.02206976
5.021	0.02205261
5.022	0.02205568
5.023	0.02209135
5.024	0.02209017
5.025	0.02209438
5.026	0.02211351
5.027	0.02210864
5.028	0.02211488
5.029	0.02212717
5.030	0.02212309
5.031	0.02210440
5.032	0.02210875
5.033	0.02212554
5.034	0.02211057
5.035	0.02211698
5.036	0.02212127
5.037	0.02211374
5.038	0.02214195
5.039	0.02215922
5.040	0.02217555
5.041	0.02219262
5.042	0.02219327
5.043	0.02218612
5.044	0.02218838
5.045	0.02220240
5.046	0.02219651
5.047	0.02220770
5.048	0.02218656
5.049	0.02219521
5.050	0.02218897
5.051	0.02218853
5.052	0.02218251
5.053	0.02216360
5.054	0.02218313
5.055	0.02218803
5.056	0.02219066
5.057	0.02217009
5.058	0.02213145
5.059	0.02210402
5.060	0.02210817
5.061	0.02210798
5.062	0.02212692
5.063	0.02212157
5.064	0.02212278
5.065	0.02212678
5.066	0.02213663
5.067	0.02211733
5.068	0.02212151
5.069	0.02211846
5.070	0.02210267
5.071	0.02211544
5.072	0.02211823
5.073	0.02212065
5.074	0.02212060
5.075	0.02211697
5.076	0.02211919
5.077	0.02210621
5.078	0.02212161
5.079	0.02211869
5.080	0.02211847
5.081	0.02212662
5.082	0.02213154
5.083	0.02215779
5.084	0.02214039
5.085	0.02214803
5.086	0.02215094
5.087	0.02215288
5.088	0.02216325
5.089	0.02214914
5.090	0.02213492
5.091	0.02213472
5.092	0.02211876
5.093	0.02211335
5.094	0.02212523
5.095	0.02212520
5.096	0.02211659
5.097	0.02212155
5.098	0.02211593
5.099	0.02211116
5.100	0.02208729
5.101	0.02209867
5.102	0.02209378
5.103	0.02211098
5.104	0.02211418
5.105	0.02212803
5.106	0.02212022
5.107	0.02212097
5.108	0.02210256
5.109	0.02210593
5.110	0.02211542
5.111	0.02212903
5.112	0.02210629
5.113	0.02209375
5.114	0.02208835
5.115	0.02209728
5.116	0.02211363
5.117	0.02213425
5.118	0.02213726
5.119	0.02212087
5.120	0.02215132
5.121	0.02215073
5.122	0.02212647
5.123	0.02213532
5.124	0.02212209
5.125	0.02210558
5.126	0.02211198
5.127	0.02209535
5.128	0.02209067
5.129	0.02209761
5.130	0.02209573
5.131	0.02209280
5.132	0.02209504
5.133	0.02208962
5.134	0.02208750
5.135	0.02209527
5.136	0.02213337
5.137	0.02212564
5.138	0.02213419
5.139	0.02213053
5.140	0.02212291
5.141	0.02210164
5.142	0.02209693
5.143	0.02213345
5.144	0.02212105
5.145	0.02211498
5.146	0.02212617
5.147	0.02212852
5.148	0.02215894
5.149	0.02217407
5.150	0.02215976
5.151	0.02215514
5.152	0.02213524
5.153	0.02213806
5.154	0.02214353
5.155	0.02213313
5.156	0.02215659
5.157	0.02217345
5.158	0.02219012
5.159	0.02220297
5.160	0.02221477
5.161	0.02220578
5.162	0.02220555
5.163	0.02222081
5.164	0.02223432
5.165	0.02221449
5.166	0.02223406
5.167	0.02225440
5.168	0.02224209
5.169	0.02223811
5.170	0.02224970
5.171	0.02225586
5.172	0.02223964
5.173	0.02225460
5.174	0.02223308
5.175	0.02223605
5.176	0.02223377
5.177	0.02223871
5.178	0.02224303
5.179	0.02225592
5.180	0.02224061
5.181	0.02224418
5.182	0.02226115
5.183	0.02227037
5.184	0.02227697
5.185	0.02229411
5.186	0.02227610
5.187	0.02227773
5.188	0.02226722
5.189	0.02225262
5.190	0.02223022
5.191	0.02222174
5.192	0.02224161
5.193	0.02222890
5.194	0.02222024
5.195	0.02222018
5.196	0.02221565
5.197	0.02223678
5.198	0.02226527
5.199	0.02227235
5.200	0.02227295
5.201	0.02225764
5.202	0.02222736
5.203	0.02222777
5.204	0.02221264
5.205	0.02222014
5.206	0.02220355
5.207	0.02219920
5.208	0.02218490
5.209	0.02219787
5.210	0.02219577
5.211	0.02218312
5.212	0.02214094
5.213	0.02212360
5.214	0.02210379
5.215	0.02211546
5.216	0.02210531
5.217	0.02212182
5.218	0.02213804
5.219	0.02214572
5.220	0.02214010
5.221	0.02215273
5.222	0.02215261
5.223	0.02214070
5.224	0.02213069
5.225	0.02215357
5.226	0.02216215
5.227	0.02214115
5.228	0.02215125
5.229	0.02217001
5.230	0.02220190
5.231	0.02220612
5.232	0.02219616
5.233	0.02220107
5.234	0.02219175
5.235	0.02219337
5.236	0.02219781
5.237	0.02220518
5.238	0.02220453
5.239	0.02221391
5.240	0.02220562
5.241	0.02220053
5.242	0.02221109
5.243	0.02220676
5.244	0.02221081
5.245	0.02219354
5.246	0.02219555
5.247	0.02220300
5.248	0.02220347
5.249	0.02219570
5.250	0.02219517
5.251	0.02217924
5.252	0.02217931
5.253	0.02220125
5.254	0.02221812
5.255	0.02223357
5.256	0.02222587
5.257	0.02222256
5.258	0.02223248
5.259	0.02218865
5.260	0.02216852
5.261	0.02218082
5.262	0.02216417
5.263	0.02215047
5.264	0.02216282
5.265	0.02214835
5.266	0.02213448
5.267	0.02214244
5.268	0.02215813
5.269	0.02216221
5.270	0.02217011
5.271	0.02216453
5.272	0.02213032
5.273	0.02211996
5.274	0.02213845
5.275	0.02213233
5.276	0.02213089
5.277	0.02215179
5.278	0.02215363
5.279	0.02214507
5.280	0.02211199
5.281	0.02212990
5.282	0.02212873
5.283	0.02213902
5.284	0.02214336
5.285	0.02213402
5.286	0.02210973
5.287	0.02211260
5.288	0.02207962
5.289	0.02206418
5.290	0.02205449
5.291	0.02207287
5.292	0.02208728
5.293	0.02207947
5.294	0.02207916
5.295	0.02208301
5.296	0.02207370
5.297	0.02208909
5.298	0.02210222
5.299	0.02208836
5.300	0.02208473
5.301	0.02208824
5.302	0.02208451
5.303	0.02207913
5.304	0.02207682
5.305	0.02208394
5.306	0.02210107
5.307	0.02210978
5.308	0.02211334
5.309	0.02209631
5.310	0.02208252
5.311	0.02208107
5.312	0.02208282
5.313	0.02209739
5.314	0.02208618
5.315	0.02208583
5.316	0.02208353
5.317	0.02207875
5.318	0.02204612
5.319	0.02204210
5.320	0.02204692
5.321	0.02203331
5.322	0.02201320
5.323	0.02203397
5.324	0.02202470
5.325	0.02204224
5.326	0.02203922
5.327	0.02202838
5.328	0.02202078
5.329	0.02201625
5.330	0.02203541
5.331	0.02201462
5.332	0.02202822
5.333	0.02202019
5.334	0.02198717
5.335	0.02197957
5.336	0.02197073
5.337	0.02195524
5.338	0.02196541
5.339	0.02198214
5.340	0.02197280
5.341	0.02199263
5.342	0.02199206
5.343	0.02199734
5.344	0.02198054
5.345	0.02199472
5.346	0.02200750
5.347	0.02199528
5.348	0.02198548
5.349	0.02201516
5.350	0.02201687
5.351	0.02202236
5.352	0.02203834
5.353	0.02203117
5.354	0.02205158
5.355	0.02203531
5.356	0.02201957
5.357	0.02203444
5.358	0.02205050
5.359	0.02204615
5.360	0.02203491
5.361	0.02203656
5.362	0.02203742
5.363	0.02201643
5.364	0.02202030
5.365	0.02201123
5.366	0.02201599
5.367	0.02201549
5.368	0.02202172
5.369	0.02203765
5.370	0.02204131
5.371	0.02207901
5.372	0.02207396
5.373	0.02206437
5.374	0.02206145
5.375	0.02206267
5.376	0.02206666
5.377	0.02207671
5.378	0.02207577
5.379	0.02207619
5.380	0.02207356
5.381	0.02207321
5.382	0.02207085
5.383	0.02205708
5.384	0.02206504
5.385	0.02208140
5.386	0.02208844
5.387	0.02208848
5.388	0.02209033
5.389	0.02207128
5.390	0.02205665
5.391	0.02205202
5.392	0.02204717
5.393	0.02203723
5.394	0.02203868
5.395	0.02204963
5.396	0.02205151
5.397	0.02204239
5.398	0.02202995
5.399	0.02204269
5.400	0.02204850
5.401	0.02205242
5.402	0.02206319
5.403	0.02205975
5.404	0.02208352
5.405	0.02209440
5.406	0.02210816
5.407	0.02209081
5.408	0.02208626
5.409	0.02209570
5.410	0.02209636
5.411	0.02209072
5.412	0.02208868
5.413	0.02209476
5.414	0.02212015
5.415	0.02210632
5.416	0.02211588
5.417	0.02210223
5.418	0.02213179
5.419	0.02212120
5.420	0.02214341
5.421	0.02216671
5.422	0.02216455
5.423	0.02211727
5.424	0.02210147
5.425	0.02211486
5.426	0.02211854
5.427	0.02213796
5.428	0.02212732
5.429	0.02213018
5.430	0.02212315
5.431	0.02216518
5.432	0.02218074
5.433	0.02218600
5.434	0.02218694
5.435	0.02219220
5.436	0.02218670
5.437	0.02217694
5.438	0.02217173
5.439	0.02217608
5.440	0.02218618
5.441	0.02220043
5.442	0.02219931
5.443	0.02223033
5.444	0.02221674
5.445	0.02220713
5.446	0.02220342
5.447	0.02219316
5.448	0.02218973
5.449	0.02217790
5.450	0.02219286
5.451	0.02221976
5.452	0.02220923
5.453	0.02222413
5.454	0.02225236
5.455	0.02224447
5.456	0.02223529
5.457	0.02226088
5.458	0.02225885
5.459	0.02225631
5.460	0.02224619
5.461	0.02226841
5.462	0.02223682
5.463	0.02224659
5.464	0.02223127
5.465	0.02223159
5.466	0.02222106
5.467	0.02223013
5.468	0.02223025
5.469	0.02224185
5.470	0.02225107
5.471	0.02225568
5.472	0.02227137
5.473	0.02226718
5.474	0.02228488
5.475	0.02228655
5.476	0.02229371
5.477	0.02230678
5.478	0.02229321
5.479	0.02227603
5.480	0.02227171
5.481	0.02226851
5.482	0.02226743
5.483	0.02225867
5.484	0.02224485
5.485	0.02225176
5.486	0.02225085
5.487	0.02224829
5.488	0.02225628
5.489	0.02225686
5.490	0.02227266
5.491	0.02226647
5.492	0.02225593
5.493	0.02223176
5.494	0.02222408
5.495	0.02223918
5.496	0.02222993
5.497	0.02225839
5.498	0.02228399
5.499	0.02226257
5.500	0.02224271
5.501	0.02224394
5.502	0.02224786
5.503	0.02222148
5.504	0.02221269
5.505	0.02221910
5.506	0.02222775
5.507	0.02221702
5.508	0.02223531
5.509	0.02222045
5.510	0.02224625
5.511	0.02222682
5.512	0.02222406
5.513	0.02221337
5.514	0.02221073
5.515	0.02220784
5.516	0.02221745
5.517	0.02223662
5.518	0.02225597
5.519	0.02226568
5.520	0.02227622
5.521	0.02229612
5.522	0.02229692
5.523	0.02232628
5.524	0.02232300
5.525	0.02232559
5.526	0.02233335
5.527	0.02232178
5.528	0.02230922
5.529	0.02231944
5.530	0.02230541
5.531	0.02229242
5.532	0.02227948
5.533	0.02225922
5.534	0.02228665
5.535	0.02230722
5.536	0.02229838
5.537	0.02232845
5.538	0.02234167
5.539	0.02235682
5.540	0.02235467
5.541	0.02237564
5.542	0.02235425
5.543	0.02235291
5.544	0.02237103
5.545	0.02239161
5.546	0.02239927
5.547	0.02239209
5.548	0.02240688
5.549	0.02241827
5.550	0.02243213
5.551	0.02241295
5.552	0.02240664
5.553	0.02240753
5.554	0.02241856
5.555	0.02243417
5.556	0.02244351
5.557	0.02244423
5.558	0.02245405
5.559	0.02245031
5.560	0.02244696
5.561	0.02245273
5.562	0.02243569
5.563	0.02244594
5.564	0.02243868
5.565	0.02244326
5.566	0.02243202
5.567	0.02242165
5.568	0.02244373
5.569	0.02246086
5.570	0.02245684
5.571	0.02245560
5.572	0.02247569
5.573	0.02248884
5.574	0.02248052
5.575	0.02247113
5.576	0.02248687
5.577	0.02250388
5.578	0.02251007
5.579	0.02251185
5.580	0.02250940
5.581	0.02252709
5.582	0.02253243
5.583	0.02253425
5.584	0.02252888
5.585	0.02251781
5.586	0.02251408
5.587	0.02250700
5.588	0.02249786
5.589	0.02249411
5.590	0.02247502
5.591	0.02247463
5.592	0.02246747
5.593	0.02244558
5.594	0.02246051
5.595	0.02243742
5.596	0.02242882
5.597	0.02241618
5.598	0.02241699
5.599	0.02241097
5.600	0.02240392
5.601	0.02239348
5.602	0.02238573
5.603	0.02237897
5.604	0.02240606
5.605	0.02237701
5.606	0.02236488
5.607	0.02234626
5.608	0.02235688
5.609	0.02236074
5.610	0.02235788
5.611	0.02235653
5.612	0.02236354
5.613	0.02235687
5.614	0.02237537
5.615	0.02241754
5.616	0.02238950
5.617	0.02238171
5.618	0.02239466
5.619	0.02238071
5.620	0.02239660
5.621	0.02237744
5.622	0.02238095
5.623	0.02237387
5.624	0.02238402
5.625	0.02238807
5.626	0.02239474
5.627	0.02239359
5.628	0.02237394
5.629	0.02236235
5.630	0.02235951
5.631	0.02235070
5.632	0.02236473
5.633	0.02235309
5.634	0.02235744
5.635	0.02236735
5.636	0.02236385
5.637	0.02238235
5.638	0.02239082
5.639	0.02239549
5.640	0.02237386
5.641	0.02238388
5.642	0.02237461
5.643	0.02237401
5.644	0.02238149
5.645	0.02239146
5.646	0.02241307
5.647	0.02241752
5.648	0.02242737
5.649	0.02240635
5.650	0.02240739
5.651	0.02240429
5.652	0.02240972
5.653	0.02241620
5.654	0.02244309
5.655	0.02240794
5.656	0.02241538
5.657	0.02243083
5.658	0.02240713
5.659	0.02240555
5.660	0.02242511
5.661	0.02245961
5.662	0.02245639
5.663	0.02243316
5.664	0.02243475
5.665	0.02242176
5.666	0.02243011
5.667	0.02240219
5.668	0.02241864
5.669	0.02240122
5.670	0.02239983
5.671	0.02239220
5.672	0.02238445
5.673	0.02237278
5.674	0.02237636
5.675	0.02238990
5.676	0.02239433
5.677	0.02243144
5.678	0.02241999
5.679	0.02240501
5.680	0.02242963
5.681	0.02244698
5.682	0.02246722
5.683	0.02245787
5.684	0.02245615
5.685	0.02246683
5.686	0.02247200
5.687	0.02247780
5.688	0.02245225
5.689	0.02247073
5.690	0.02245552
5.691	0.02244582
5.692	0.02245749
5.693	0.02246047
5.694	0.02249136
5.695	0.02249064
5.696	0.02248198
5.697	0.02249963
5.698	0.02249169
5.699	0.02250910
5.700	0.02250644
5.701	0.02250149
5.702	0.02253977
5.703	0.02255149
5.704	0.02254048
5.705	0.02254185
5.706	0.02253601
5.707	0.02254332
5.708	0.02253434
5.709	0.02254399
5.710	0.02255775
5.711	0.02256922
5.712	0.02255684
5.713	0.02256408
5.714	0.02257000
5.715	0.02258304
5.716	0.02259985
5.717	0.02258865
5.718	0.02261478
5.719	0.02259137
5.720	0.02257043
5.721	0.02257596
5.722	0.02256269
5.723	0.02256813
5.724	0.02258105
5.725	0.02258371
5.726	0.02257672
5.727	0.02256402
5.728	0.02256379
5.729	0.02258103
5.730	0.02257608
5.731	0.02256633
5.732	0.02256839
5.733	0.02258746
5.734	0.02254998
5.735	0.02255763
5.736	0.02257342
5.737	0.02257943
5.738	0.02257186
5.739	0.02260372
5.740	0.02261020
5.741	0.02259031
5.742	0.02259648
5.743	0.02259549
5.744	0.02261018
5.745	0.02261290
5.746	0.02259557
5.747	0.02259837
5.748	0.02260058
5.749	0.02259957
5.750	0.02261097
5.751	0.02258171
5.752	0.02260282
5.753	0.02259977
5.754	0.02258868
5.755	0.02258727
5.756	0.02260649
5.757	0.02260873
5.758	0.02259862
5.759	0.02260654
5.760	0.02260103
5.761	0.02262490
5.762	0.02265093
5.763	0.02268878
5.764	0.02269505
5.765	0.02268743
5.766	0.02270484
5.767	0.02272386
5.768	0.02272293
5.769	0.02273668
5.770	0.02271776
5.771	0.02269409
5.772	0.02265909
5.773	0.02263509
5.774	0.02263658
5.775	0.02265192
5.776	0.02266138
5.777	0.02265407
5.778	0.02263632
5.779	0.02264353
5.780	0.02263216
5.781	0.02261445
5.782	0.02261255
5.783	0.02259881
5.784	0.02257947
5.785	0.02259984
5.786	0.02259999
5.787	0.02259136
5.788	0.02258944
5.789	0.02258754
5.790	0.02256457
5.791	0.02256290
5.792	0.02256059
5.793	0.02254784
5.794	0.02253024
5.795	0.02252379
5.796	0.02251858
5.797	0.02253118
5.798	0.02252812
5.799	0.02253015
5.800	0.02249850
5.801	0.02250170
5.802	0.02250593
5.803	0.02250197
5.804	0.02251154
5.805	0.02252326
5.806	0.02251140
5.807	0.02250789
5.808	0.02249319
5.809	0.02249291
5.810	0.02248496
5.811	0.02249806
5.812	0.02249440
5.813	0.02251507
5.814	0.02251794
5.815	0.02251529
5.816	0.02247888
5.817	0.02247347
5.818	0.02248237
5.819	0.02250337
5.820	0.02249868
5.821	0.02250072
5.822	0.02250795
5.823	0.02252764
5.824	0.02251533
5.825	0.02252943
5.826	0.02252366
5.827	0.02250699
5.828	0.02249912
5.829	0.02247996
5.830	0.02248605
5.831	0.02249053
5.832	0.02248386
5.833	0.02249281
5.834	0.02250208
5.835	0.02248931
5.836	0.02247316
5.837	0.02246356
5.838	0.02246092
5.839	0.02247240
5.840	0.02245775
5.841	0.02246146
5.842	0.02245201
5.843	0.02245201
5.844	0.02246345
5.845	0.02247888
5.846	0.02248921
5.847	0.02248446
5.848	0.02247610
5.849	0.02250186
5.850	0.02250367
5.851	0.02249538
5.852	0.02248897
5.853	0.02246939
5.854	0.02245430
5.855	0.02245781
5.856	0.02247119
5.857	0.02247116
5.858	0.02245994
5.859	0.02245607
5.860	0.02245373
5.861	0.02243680
5.862	0.02242276
5.863	0.02243719
5.864	0.02244069
5.865	0.02242294
5.866	0.02243044
5.867	0.02239818
5.868	0.02240086
5.869	0.02240456
5.870	0.02239438
5.871	0.02238743
5.872	0.02235827
5.873	0.02236968
5.874	0.02237082
5.875	0.02236850
5.876	0.02236351
5.877	0.02237529
5.878	0.02238594
5.879	0.02237635
5.880	0.02236928
5.881	0.02237756
5.882	0.02235821
5.883	0.02236892
5.884	0.02234450
5.885	0.02236024
5.886	0.02237172
5.887	0.02236194
5.888	0.02238829
5.889	0.02238889
5.890	0.02240073
5.891	0.02241675
5.892	0.02240756
5.893	0.02239074
5.894	0.02239665
5.895	0.02240127
5.896	0.02242802
5.897	0.02243557
5.898	0.02244764
5.899	0.02243963
5.900	0.02243695
5.901	0.02241966
5.902	0.02241907
5.903	0.02242618
5.904	0.02240143
5.905	0.02241494
5.906	0.02241898
5.907	0.02241714
5.908	0.02240217
5.909	0.02241670
5.910	0.02242666
5.911	0.02241922
5.912	0.02238836
5.913	0.02239977
5.914	0.02240591
5.915	0.02240710
5.916	0.02240649
5.917	0.02241100
5.918	0.02240293
5.919	0.02240730
5.920	0.02239270
5.921	0.02237340
5.922	0.02236509
5.923	0.02238801
5.924	0.02239267
5.925	0.02240241
5.926	0.02240866
5.927	0.02243906
5.928	0.02245572
5.929	0.02244655
5.930	0.02246028
5.931	0.02244759
5.932	0.02246015
5.933	0.02246481
5.934	0.02244205
5.935	0.02244623
5.936	0.02244556
5.937	0.02246785
5.938	0.02247434
5.939	0.02248336
5.940	0.02247332
5.941	0.02245873
5.942	0.02248548
5.943	0.02247079
5.944	0.02248063
5.945	0.02247815
5.946	0.02246404
5.947	0.02246211
5.948	0.02246482
5.949	0.02245078
5.950	0.02246447
5.951	0.02247144
5.952	0.02247386
5.953	0.02247745
5.954	0.02249115
5.955	0.02250518
5.956	0.02251313
5.957	0.02251199
5.958	0.02251249
5.959	0.02251047
5.960	0.02251723
5.961	0.02251498
5.962	0.02251228
5.963	0.02247883
5.964	0.02246410
5.965	0.02248092
5.966	0.02247035
5.967	0.02246748
5.968	0.02248257
5.969	0.02246037
5.970	0.02244468
5.971	0.02243229
5.972	0.02242426
5.973	0.02244769
5.974	0.02245175
5.975	0.02242234
5.976	0.02242879
5.977	0.02243385
5.978	0.02241462
5.979	0.02240692
5.980	0.02238193
5.981	0.02237427
5.982	0.02233828
5.983	0.02232296
5.984	0.02232037
5.985	0.02230026
5.986	0.02228927
5.987	0.02230423
5.988	0.02228524
5.989	0.02226545
5.990	0.02228263
5.991	0.02227283
5.992	0.02227483
5.993	0.02227964
5.994	0.02228589
5.995	0.02230744
5.996	0.02230692
5.997	0.02230868
5.998	0.02230705
5.999	0.02232628
6.000	0.02233220
6.001	0.02232212
6.002	0.02231908
6.003	0.02230910
6.004	0.02229901
6.005	0.02230111
6.006	0.02229566
6.007	0.02230812
6.008	0.02230705
6.009	0.02234279
6.010	0.02232416
6.011	0.02232206
6.012	0.02230724
6.013	0.02229493
6.014	0.02230840
6.015	0.02230344
6.016	0.02228796
6.017	0.02230062
6.018	0.02234227
6.019	0.02233084
6.020	0.02231978
6.021	0.02233099
6.022	0.02234041
6.023	0.02234377
6.024	0.02234039
6.025	0.02235857
6.026	0.02235558
6.027	0.02234174
6.028	0.02232713
6.029	0.02234942
6.030	0.02235476
6.031	0.02236057
6.032	0.02234897
6.033	0.02234086
6.034	0.02234168
6.035	0.02235681
6.036	0.02235133
6.037	0.02235702
6.038	0.02235157
6.039	0.02232283
6.040	0.02234544
6.041	0.02232977
6.042	0.02233790
6.043	0.02235537
6.044	0.02235535
6.045	0.02234661
6.046	0.02234013
6.047	0.02231655
6.048	0.02230098
6.049	0.02229153
6.050	0.02228056
6.051	0.02229899
6.052	0.02228881
6.053	0.02228295
6.054	0.02227005
6.055	0.02225908
6.056	0.02227093
6.057	0.02227371
6.058	0.02226478
6.059	0.02226774
6.060	0.02227033
6.061	0.02227650
6.062	0.02230447
6.063	0.02230202
6.064	0.02229281
6.065	0.02228348
6.066	0.02228703
6.067	0.02228152
6.068	0.02227658
6.069	0.02227414
6.070	0.02228600
6.071	0.02228498
6.072	0.02227730
6.073	0.02227962
6.074	0.02228184
6.075	0.02226184
6.076	0.02226794
6.077	0.02225944
6.078	0.02225807
6.079	0.02225511
6.080	0.02225599
6.081	0.02227255
6.082	0.02229730
6.083	0.02228568
6.084	0.02231113
6.085	0.02230888
6.086	0.02230502
6.087	0.02229808
6.088	0.02227607
6.089	0.02225023
6.090	0.02224876
6.091	0.02224591
6.092	0.02225489
6.093	0.02225870
6.094	0.02225519
6.095	0.02224505
6.096	0.02223151
6.097	0.02221957
6.098	0.02221460
6.099	0.02220004
6.100	0.02219374
6.101	0.02220601
6.102	0.02219793
6.103	0.02217392
6.104	0.02219161
6.105	0.02218146
6.106	0.02215907
6.107	0.02215548
6.108	0.02215829
6.109	0.02216841
6.110	0.02219148
6.111	0.02220016
6.112	0.02219103
6.113	0.02217884
6.114	0.02218691
6.115	0.02215662
6.116	0.02215578
6.117	0.02216963
6.118	0.02217085
6.119	0.02215302
6.120	0.02216553
6.121	0.02216485
6.122	0.02215677
6.123	0.02215286
6.124	0.02213579
6.125	0.02212256
6.126	0.02210728
6.127	0.02211198
6.128	0.02210564
6.129	0.02209236
6.130	0.02209435
6.131	0.02208821
6.132	0.02208161
6.133	0.02209304
6.134	0.02210326
6.135	0.02209743
6.136	0.02212550
6.137	0.02210537
6.138	0.02208777
6.139	0.02208406
6.140	0.02209981
6.141	0.02209524
6.142	0.02207576
6.143	0.02208228
6.144	0.02206872
6.145	0.02207013
6.146	0.02206948
6.147	0.02209854
6.148	0.02210617
6.149	0.02211176
6.150	0.02210789
6.151	0.02211957
6.152	0.02214834
6.153	0.02217591
6.154	0.02219117
6.155	0.02218246
6.156	0.02221136
6.157	0.02219188
6.158	0.02220354
6.159	0.02221189
6.160	0.02220239
6.161	0.02220121
6.162	0.02221512
6.163	0.02219743
6.164	0.02219514
6.165	0.02221401
6.166	0.02220978
6.167	0.02221007
6.168	0.02220675
6.169	0.02219747
6.170	0.02219815
6.171	0.02219602
6.172	0.02216523
6.173	0.02220353
6.174	0.02218212
6.175	0.02216728
6.176	0.02218847
6.177	0.02219737
6.178	0.02218468
6.179	0.02219942
6.180	0.02216551
6.181	0.02216364
6.182	0.02218650
6.183	0.02220515
6.184	0.02218796
6.185	0.02218359
6.186	0.02218220
6.187	0.02218099
6.188	0.02216115
6.189	0.02215991
6.190	0.02217256
6.191	0.02217513
6.192	0.02218496
6.193	0.02218162
6.194	0.02220875
6.195	0.02221264
6.196	0.02221316
6.197	0.02221662
6.198	0.02221868
6.199	0.02217583
6.200	0.02216759
6.201	0.02217202
6.202	0.02216109
6.203	0.02215829
6.204	0.02216884
6.205	0.02217567
6.206	0.02217906
6.207	0.02217133
6.208	0.02216193
6.209	0.02214376
6.210	0.02214208
6.211	0.02215654
6.212	0.02215219
6.213	0.02215999
6.214	0.02216735
6.215	0.02216494
6.216	0.02215506
6.217	0.02216032
6.218	0.02215050
6.219	0.02214843
6.220	0.02217290
6.221	0.02217846
6.222	0.02216533
6.223	0.02216777
6.224	0.02215973
6.225	0.02213524
6.226	0.02213511
6.227	0.02214419
6.228	0.02215465
6.229	0.02213270
6.230	0.02212545
6.231	0.02211743
6.232	0.02213622
6.233	0.02213961
6.234	0.02212010
6.235	0.02211525
6.236	0.02213269
6.237	0.02215642
6.238	0.02215852
6.239	0.02214280
6.240	0.02215292
6.241	0.02214280
6.242	0.02214057
6.243	0.02214869
6.244	0.02216219
6.245	0.02217558
6.246	0.02217949
6.247	0.02217868
6.248	0.02216535
6.249	0.02215164
6.250	0.02211660
6.251	0.02209519
6.252	0.02210393
6.253	0.02210517
6.254	0.02210843
6.255	0.02209526
6.256	0.02212329
6.257	0.02213333
6.258	0.02213783
6.259	0.02215161
6.260	0.02215318
6.261	0.02215709
6.262	0.02219072
6.263	0.02217968
6.264	0.02218401
6.265	0.02218490
6.266	0.02218594
6.267	0.02221055
6.268	0.02219910
6.269	0.02222824
6.270	0.02221570
6.271	0.02221190
6.272	0.02221536
6.273	0.02219000
6.274	0.02218330
6.275	0.02218745
6.276	0.02216042
6.277	0.02215643
6.278	0.02214796
6.279	0.02212602
6.280	0.02213773
6.281	0.02213659
6.282	0.02214612
6.283	0.02216464
6.284	0.02217332
6.285	0.02220462
6.286	0.02220215
6.287	0.02221351
6.288	0.02222348
6.289	0.02223774
6.290	0.02223977
6.291	0.02224590
6.292	0.02224300
6.293	0.02225517
6.294	0.02224507
6.295	0.02223642
6.296	0.02223164
6.297	0.02222910
6.298	0.02224238
6.299	0.02225786
6.300	0.02224489
6.301	0.02226560
6.302	0.02226014
6.303	0.02228001
6.304	0.02230398
6.305	0.02230375
6.306	0.02229962
6.307	0.02230504
6.308	0.02227571
6.309	0.02228023
6.310	0.02227016
6.311	0.02227967
6.312	0.02228703
6.313	0.02227780
6.314	0.02228520
6.315	0.02227496
6.316	0.02228274
6.317	0.02228139
6.318	0.02227106
6.319	0.02226091
6.320	0.02226770
6.321	0.02224999
6.322	0.02222744
6.323	0.02223391
6.324	0.02225652
6.325	0.02222354
6.326	0.02223852
6.327	0.02220531
6.328	0.02221749
6.329	0.02223176
6.330	0.02222503
6.331	0.02221785
6.332	0.02221776
6.333	0.02219431
6.334	0.02220219
6.335	0.02221141
6.336	0.02220485
6.337	0.02221515
6.338	0.02221746
6.339	0.02222336
6.340	0.02221419
6.341	0.02220327
6.342	0.02219599
6.343	0.02218812
6.344	0.02217469
6.345	0.02215847
6.346	0.02215847
6.347	0.02214911
6.348	0.02215509
6.349	0.02216217
6.350	0.02215782
6.351	0.02215297
6.352	0.02213738
6.353	0.02212589
6.354	0.02212370
6.355	0.02211125
6.356	0.02210526
6.357	0.02208307
6.358	0.02208270
6.359	0.02207375
6.360	0.02206839
6.361	0.02207014
6.362	0.02208273
6.363	0.02207372
6.364	0.02206241
6.365	0.02206535
6.366	0.02206461
6.367	0.02207761
6.368	0.02205536
6.369	0.02206599
6.370	0.02203429
6.371	0.02203342
6.372	0.02203924
6.373	0.02203993
6.374	0.02206093
6.375	0.02206846
6.376	0.02206300
6.377	0.02203511
6.378	0.02202359
6.379	0.02201768
6.380	0.02203393
6.381	0.02203564
6.382	0.02201630
6.383	0.02204116
6.384	0.02205075
6.385	0.02203427
6.386	0.02203431
6.387	0.02204697
6.388	0.02205112
6.389	0.02205795
6.390	0.02206774
6.391	0.02207287
6.392	0.02207305
6.393	0.02208282
6.394	0.02210054
6.395	0.02211332
6.396	0.02210730
6.397	0.02209774
6.398	0.02210371
6.399	0.02209115
6.400	0.02208975
6.401	0.02205699
6.402	0.02205431
6.403	0.02207217
6.404	0.02205203
6.405	0.02204750
6.406	0.02207777
6.407	0.02207760
6.408	0.02207925
6.409	0.02210161
6.410	0.02209804
6.411	0.02209851
6.412	0.02209263
6.413	0.02207022
6.414	0.02208461
6.415	0.02205653
6.416	0.02203433
6.417	0.02203142
6.418	0.02205209
6.419	0.02206005
6.420	0.02205744
6.421	0.02205156
6.422	0.02206876
6.423	0.02207308
6.424	0.02205877
6.425	0.02206333
6.426	0.02208697
6.427	0.02210735
6.428	0.02211714
6.429	0.02211757
6.430	0.02209352
6.431	0.02207831
6.432	0.02209843
6.433	0.02209210
6.434	0.02211903
6.435	0.02212327
6.436	0.02211238
6.437	0.02211430
6.438	0.02210907
6.439	0.02210258
6.440	0.02209859
6.441	0.02211514
6.442	0.02213615
6.443	0.02213520
6.444	0.02214125
6.445	0.02215910
6.446	0.02215903
6.447	0.02215701
6.448	0.02213867
6.449	0.02214305
6.450	0.02216523
6.451	0.02214695
6.452	0.02215544
6.453	0.02214875
6.454	0.02214721
6.455	0.02215382
6.456	0.02214527
6.457	0.02212338
6.458	0.02213452
6.459	0.02214838
6.460	0.02215250
6.461	0.02217144
6.462	0.02217699
6.463	0.02219315
6.464	0.02218233
6.465	0.02220572
6.466	0.02220465
6.467	0.02219917
6.468	0.02222037
6.469	0.02222205
6.470	0.02220322
6.471	0.02219660
6.472	0.02218871
6.473	0.02220343
6.474	0.02221702
6.475	0.02222210
6.476	0.02222513
6.477	0.02223026
6.478	0.02223646
6.479	0.02225346
6.480	0.02222174
6.481	0.02224889
6.482	0.02223010
6.483	0.02225554
6.484	0.02224275
6.485	0.02227117
6.486	0.02226278
6.487	0.02225395
6.488	0.02227502
6.489	0.02227366
6.490	0.02225738
6.491	0.02227795
6.492	0.02226592
6.493	0.02224163
6.494	0.02226059
6.495	0.02227307
6.496	0.02226121
6.497	0.02225996
6.498	0.02224397
6.499	0.02226350
6.500	0.02226375
6.501	0.02223357
6.502	0.02221309
6.503	0.02222346
6.504	0.02221987
6.505	0.02222076
6.506	0.02223376
6.507	0.02220939
6.508	0.02219911
6.509	0.02220880
6.510	0.02221361
6.511	0.02223641
6.512	0.02223660
6.513	0.02221513
6.514	0.02221294
6.515	0.02221935
6.516	0.02222717
6.517	0.02222148
6.518	0.02224133
6.519	0.02223107
6.520	0.02221108
6.521	0.02220853
6.522	0.02219047
6.523	0.02218877
6.524	0.02219161
6.525	0.02220361
6.526	0.02218066
6.527	0.02218428
6.528	0.02218699
6.529	0.02219944
6.530	0.02221834
6.531	0.02223179
6.532	0.02224672
6.533	0.02225491
6.534	0.02227085
6.535	0.02228829
6.536	0.02228564
6.537	0.02227599
6.538	0.02230826
6.539	0.02231877
6.540	0.02235101
6.541	0.02234209
6.542	0.02236138
6.543	0.02235686
6.544	0.02235628
6.545	0.02233877
6.546	0.02235464
6.547	0.02234262
6.548	0.02237429
6.549	0.02236669
6.550	0.02236489
6.551	0.02237268
6.552	0.02238555
6.553	0.02237895
6.554	0.02237166
6.555	0.02237440
6.556	0.02237087
6.557	0.02236706
6.558	0.02235609
6.559	0.02237476
6.560	0.02235503
6.561	0.02235019
6.562	0.02236193
6.563	0.02236514
6.564	0.02236149
6.565	0.02236330
6.566	0.02235406
6.567	0.02236512
6.568	0.02235276
6.569	0.02234407
6.570	0.02236171
6.571	0.02237229
6.572	0.02240017
6.573	0.02237943
6.574	0.02237543
6.575	0.02237305
6.576	0.02238203
6.577	0.02238077
6.578	0.02241548
6.579	0.02241060
6.580	0.02241768
6.581	0.02241485
6.582	0.02241197
6.583	0.02242012
6.584	0.02241707
6.585	0.02242646
6.586	0.02242422
6.587	0.02240666
6.588	0.02240832
6.589	0.02240986
6.590	0.02240870
6.591	0.02239479
6.592	0.02237649
6.593	0.02236386
6.594	0.02234600
6.595	0.02233460
6.596	0.02235317
6.597	0.02234097
6.598	0.02232481
6.599	0.02229834
6.600	0.02228498
6.601	0.02228725
6.602	0.02224574
6.603	0.02224868
6.604	0.02226394
6.605	0.02224791
6.606	0.02224879
6.607	0.02223650
6.608	0.02223822
6.609	0.02222640
6.610	0.02224515
6.611	0.02224249
6.612	0.02223973
6.613	0.02225104
6.614	0.02226498
6.615	0.02224048
6.616	0.02223106
6.617	0.02220317
6.618	0.02220876
6.619	0.02220176
6.620	0.02221079
6.621	0.02222103
6.622	0.02220743
6.623	0.02221403
6.624	0.02221708
6.625	0.02220564
6.626	0.02221419
6.627	0.02221044
6.628	0.02220700
6.629	0.02221106
6.630	0.02221188
6.631	0.02222924
6.632	0.02225226
6.633	0.02223569
6.634	0.02223328
6.635	0.02222736
6.636	0.02225184
6.637	0.02225835
6.638	0.02226502
6.639	0.02227051
6.640	0.02226211
6.641	0.02226259
6.642	0.02227084
6.643	0.02227033
6.644	0.02228852
6.645	0.02227563
6.646	0.02228394
6.647	0.02231016
6.648	0.02230681
6.649	0.02228658
6.650	0.02229603
6.651	0.02229271
6.652	0.02228835
6.653	0.02227786
6.654	0.02227295
6.655	0.02227529
6.656	0.02224601
6.657	0.02224019
6.658	0.02226222
6.659	0.02225267
6.660	0.02227965
6.661	0.02226407
6.662	0.02226436
6.663	0.02226211
6.664	0.02221857
6.665	0.02220768
6.666	0.02223055
6.667	0.02224050
6.668	0.02222876
6.669	0.02224450
6.670	0.02223340
6.671	0.02223408
6.672	0.02224576
6.673	0.02226181
6.674	0.02227227
6.675	0.02226735
6.676	0.02227090
6.677	0.02228460
6.678	0.02231890
6.679	0.02232915
6.680	0.02232347
6.681	0.02232916
6.682	0.02234390
6.683	0.02234756
6.684	0.02234479
6.685	0.02234063
6.686	0.02232912
6.687	0.02233880
6.688	0.02235435
6.689	0.02234824
6.690	0.02235743
6.691	0.02237278
6.692	0.02238549
6.693	0.02237733
6.694	0.02237474
6.695	0.02235365
6.696	0.02235586
6.697	0.02235193
6.698	0.02234227
6.699	0.02233888
6.700	0.02234765
6.701	0.02234050
6.702	0.02233037
6.703	0.02231680
6.704	0.02231857
6.705	0.02230130
6.706	0.02231065
6.707	0.02229712
6.708	0.02229463
6.709	0.02229244
6.710	0.02229062
6.711	0.02228598
6.712	0.02227101
6.713	0.02224296
6.714	0.02223853
6.715	0.02224648
6.716	0.02226545
6.717	0.02226431
6.718	0.02226048
6.719	0.02226524
6.720	0.02226891
6.721	0.02224536
6.722	0.02223176
6.723	0.02223643
6.724	0.02222866
6.725	0.02221097
6.726	0.02220252
6.727	0.02220342
6.728	0.02220663
6.729	0.02218529
6.730	0.02216675
6.731	0.02216853
6.732	0.02216822
6.733	0.02218268
6.734	0.02219129
6.735	0.02217190
6.736	0.02219204
6.737	0.02219490
6.738	0.02218385
6.739	0.02217582
6.740	0.02218891
6.741	0.02219130
6.742	0.02217551
6.743	0.02216749
6.744	0.02214772
6.745	0.02213981
6.746	0.02215920
6.747	0.02214734
6.748	0.02215694
6.749	0.02215759
6.750	0.02215940
6.751	0.02218008
6.752	0.02217825
6.753	0.02218112
6.754	0.02218613
6.755	0.02217382
6.756	0.02217037
6.757	0.02215020
6.758	0.02215793
6.759	0.02216801
6.760	0.02219778
6.761	0.02219329
6.762	0.02215918
6.763	0.02217818
6.764	0.02216990
6.765	0.02216099
6.766	0.02215700
6.767	0.02213671
6.768	0.02211208
6.769	0.02210329
6.770	0.02209610
6.771	0.02209059
6.772	0.02208912
6.773	0.02210460
6.774	0.02208658
6.775	0.02209270
6.776	0.02208789
6.777	0.02209198
6.778	0.02210380
6.779	0.02208819
6.780	0.02209938
6.781	0.02210864
6.782	0.02208523
6.783	0.02209284
6.784	0.02209286
6.785	0.02210200
6.786	0.02207023
6.787	0.02206666
6.788	0.02208342
6.789	0.02209158
6.790	0.02207460
6.791	0.02207381
6.792	0.02209030
6.793	0.02208842
6.794	0.02208174
6.795	0.02207612
6.796	0.02208020
6.797	0.02206716
6.798	0.02208671
6.799	0.02207094
6.800	0.02209931
6.801	0.02209205
6.802	0.02208925
6.803	0.02209449
6.804	0.02207886
6.805	0.02209502
6.806	0.02211225
6.807	0.02212306
6.808	0.02211422
6.809	0.02213072
6.810	0.02214945
6.811	0.02215136
6.812	0.02215613
6.813	0.02218707
6.814	0.02220937
6.815	0.02223052
6.816	0.02221813
6.817	0.02221708
6.818	0.02220112
6.819	0.02220535
6.820	0.02219570
6.821	0.02219762
6.822	0.02219272
6.823	0.02221184
6.824	0.02218741
6.825	0.02218706
6.826	0.02217714
6.827	0.02217313
6.828	0.02219610
6.829	0.02218687
6.830	0.02221198
6.831	0.02219375
6.832	0.02219827
6.833	0.02219216
6.834	0.02219514
6.835	0.02218886
6.836	0.02217349
6.837	0.02219038
6.838	0.02218122
6.839	0.02218883
6.840	0.02219423
6.841	0.02219265
6.842	0.02218138
6.843	0.02219114
6.844	0.02220549
6.845	0.02220361
6.846	0.02219457
6.847	0.02218150
6.848	0.02216771
6.849	0.02216446
6.850	0.02216355
6.851	0.02215947
6.852	0.02214075
6.853	0.02215627
6.854	0.02216065
6.855	0.02214888
6.856	0.02216587
6.857	0.02217284
6.858	0.02218841
6.859	0.02217552
6.860	0.02219210
6.861	0.02220861
6.862	0.02218859
6.863	0.02219743
6.864	0.02219070
6.865	0.02219830
6.866	0.02220097
6.867	0.02218411
6.868	0.02218582
6.869	0.02217806
6.870	0.02219692
6.871	0.02221781
6.872	0.02222700
6.873	0.02221225
6.874	0.02222225
6.875	0.02219891
6.876	0.02218335
6.877	0.02220619
6.878	0.02220224
6.879	0.02219909
6.880	0.02220322
6.881	0.02221274
6.882	0.02221160
6.883	0.02222890
6.884	0.02223088
6.885	0.02219436
6.886	0.02218206
6.887	0.02215912
6.888	0.02219158
6.889	0.02218185
6.890	0.02216471
6.891	0.02217404
6.892	0.02217453
6.893	0.02220699
6.894	0.02223872
6.895	0.02224455
6.896	0.02223939
6.897	0.02223213
6.898	0.02220574
6.899	0.02221720
6.900	0.02224399
6.901	0.02225174
6.902	0.02224107
6.903	0.02224291
6.904	0.02223594
6.905	0.02225802
6.906	0.02228299
6.907	0.02227590
6.908	0.02228353
6.909	0.02230502
6.910	0.02231027
6.911	0.02230881
6.912	0.02230891
6.913	0.02230502
6.914	0.02228226
6.915	0.02226954
6.916	0.02227861
6.917	0.02228493
6.918	0.02227296
6.919	0.02227537
6.920	0.02227742
6.921	0.02228215
6.922	0.02230012
6.923	0.02227815
6.924	0.02229250
6.925	0.02227867
6.926	0.02227307
6.927	0.02228999
6.928	0.02228661
6.929	0.02228283
6.930	0.02231010
6.931	0.02229188
6.932	0.02228701
6.933	0.02229695
6.934	0.02230068
6.935	0.02230449
6.936	0.02230658
6.937	0.02231697
6.938	0.02229697
6.939	0.02232777
6.940	0.02233967
6.941	0.02235186
6.942	0.02236902
6.943	0.02236788
6.944	0.02236974
6.945	0.02237077
6.946	0.02236440
6.947	0.02236661
6.948	0.02237780
6.949	0.02237686
6.950	0.02238129
6.951	0.02236595
6.952	0.02233523
6.953	0.02232004
6.954	0.02231939
6.955	0.02232662
6.956	0.02233705
6.957	0.02234490
6.958	0.02236798
6.959	0.02238927
6.960	0.02242172
6.961	0.02240444
6.962	0.02241742
6.963	0.02242064
6.964	0.02240574
6.965	0.02238162
6.966	0.02240035
6.967	0.02240872
6.968	0.02240788
6.969	0.02240008
6.970	0.02239950
6.971	0.02242422
6.972	0.02243343
6.973	0.02239823
6.974	0.02238023
6.975	0.02236256
6.976	0.02236435
6.977	0.02238340
6.978	0.02236688
6.979	0.02236875
6.980	0.02238122
6.981	0.02239454
6.982	0.02238748
6.983	0.02237714
6.984	0.02237210
6.985	0.02237298
6.986	0.02239251
6.987	0.02239840
6.988	0.02238559
6.989	0.02237790
6.990	0.02237041
6.991	0.02236288
6.992	0.02235493
6.993	0.02234645
6.994	0.02235498
6.995	0.02234578
6.996	0.02233528
6.997	0.02232865
6.998	0.02234144
6.999	0.02234184
7.000	0.02232439
7.001	0.02231818
7.002	0.02229233
7.003	0.02228724
7.004	0.02229266
7.005	0.02228692
7.006	0.02227810
7.007	0.02226816
7.008	0.02227474
7.009	0.02229504
7.010	0.02229393
7.011	0.02228861
7.012	0.02227795
7.013	0.02229044
7.014	0.02230720
7.015	0.02231234
7.016	0.02230875
7.017	0.02229551
7.018	0.02228177
7.019	0.02227523
7.020	0.02227712
7.021	0.02226333
7.022	0.02228933
7.023	0.02229926
7.024	0.02231572
7.025	0.02234026
7.026	0.02233680
7.027	0.02233774
7.028	0.02234491
7.029	0.02236227
7.030	0.02235132
7.031	0.02235708
7.032	0.02236547
7.033	0.02235900
7.034	0.02237380
7.035	0.02238737
7.036	0.02237876
7.037	0.02235927
7.038	0.02234279
7.039	0.02235439
7.040	0.02237728
7.041	0.02238883
7.042	0.02239222
7.043	0.02240979
7.044	0.02239295
7.045	0.02239538
7.046	0.02239891
7.047	0.02241479
7.048	0.02241558
7.049	0.02239010
7.050	0.02239022
7.051	0.02238310
7.052	0.02238553
7.053	0.02236777
7.054	0.02236585
7.055	0.02236941
7.056	0.02237086
7.057	0.02238411
7.058	0.02239468
7.059	0.02239768
7.060	0.02238552
7.061	0.02240067
7.062	0.02238401
7.063	0.02239197
7.064	0.02239436
7.065	0.02239012
7.066	0.02240362
7.067	0.02239732
7.068	0.02240259
7.069	0.02238517
7.070	0.02239454
7.071	0.02237248
7.072	0.02237775
7.073	0.02238015
7.074	0.02239026
7.075	0.02239540
7.076	0.02237719
7.077	0.02236955
7.078	0.02238920
7.079	0.02237297
7.080	0.02235241
7.081	0.02236781
7.082	0.02237515
7.083	0.02237953
7.084	0.02235148
7.085	0.02235739
7.086	0.02236294
7.087	0.02235156
7.088	0.02236310
7.089	0.02237364
7.090	0.02237305
7.091	0.02234812
7.092	0.02234810
7.093	0.02234162
7.094	0.02233341
7.095	0.02232371
7.096	0.02233863
7.097	0.02232898
7.098	0.02232766
7.099	0.02231489
7.100	0.02232291
7.101	0.02232694
7.102	0.02235549
7.103	0.02234985
7.104	0.02237616
7.105	0.02239033
7.106	0.02239178
7.107	0.02239049
7.108	0.02236406
7.109	0.02235924
7.110	0.02235778
7.111	0.02236954
7.112	0.02238665
7.113	0.02238728
7.114	0.02237726
7.115	0.02238434
7.116	0.02239834
7.117	0.02237184
7.118	0.02235031
7.119	0.02235872
7.120	0.02234920
7.121	0.02236145
7.122	0.02237483
7.123	0.02238318
7.124	0.02237945
7.125	0.02239388
7.126	0.02238410
7.127	0.02236835
7.128	0.02236466
7.129	0.02237039
7.130	0.02236905
7.131	0.02237438
7.132	0.02236477
7.133	0.02236491
7.134	0.02238647
7.135	0.02236485
7.136	0.02237259
7.137	0.02233670
7.138	0.02232208
7.139	0.02232901
7.140	0.02233959
7.141	0.02231781
7.142	0.02231671
7.143	0.02231266
7.144	0.02232537
7.145	0.02232329
7.146	0.02232069
7.147	0.02229019
7.148	0.02225370
7.149	0.02228098
7.150	0.02228743
7.151	0.02230106
7.152	0.02229372
7.153	0.02232272
7.154	0.02231879
7.155	0.02229762
7.156	0.02228091
7.157	0.02226789
7.158	0.02227658
7.159	0.02224889
7.160	0.02226007
7.161	0.02223842
7.162	0.02223775
7.163	0.02225150
7.164	0.02225661
7.165	0.02225615
7.166	0.02225434
7.167	0.02224917
7.168	0.02225503
7.169	0.02223838
7.170	0.02223101
7.171	0.02225230
7.172	0.02225383
7.173	0.02224824
7.174	0.02223042
7.175	0.02224449
7.176	0.02225860
7.177	0.02226247
7.178	0.02225608
7.179	0.02225004
7.180	0.02226489
7.181	0.02226720
7.182	0.02226707
7.183	0.02225703
7.184	0.02227539
7.185	0.02228294
7.186	0.02229442
7.187	0.02228627
7.188	0.02227170
7.189	0.02226995
7.190	0.02228327
7.191	0.02227085
7.192	0.02226720
7.193	0.02226133
7.194	0.02225787
7.195	0.02223424
7.196	0.02224040
7.197	0.02224802
7.198	0.02226819
7.199	0.02227220
7.200	0.02228021
7.201	0.02228420
7.202	0.02228900
7.203	0.02229545
7.204	0.02229392
7.205	0.02229421
7.206	0.02228490
7.207	0.02226951
7.208	0.02225449
7.209	0.02224157
7.210	0.02226197
7.211	0.02225951
7.212	0.02225316
7.213	0.02226310
7.214	0.02224771
7.215	0.02226130
7.216	0.02226557
7.217	0.02224124
7.218	0.02224515
7.219	0.02224596
7.220	0.02224717
7.221	0.02225804
7.222	0.02222942
7.223	0.02222164
7.224	0.02224522
7.225	0.02221661
7.226	0.02222506
7.227	0.02221307
7.228	0.02219032
7.229	0.02218163
7.230	0.02216215
7.231	0.02215958
7.232	0.02215064
7.233	0.02217128
7.234	0.02217744
7.235	0.02219947
7.236	0.02217834
7.237	0.02217711
7.238	0.02218558
7.239	0.02216476
7.240	0.02216147
7.241	0.02216601
7.242	0.02216353
7.243	0.02214477
7.244	0.02214433
7.245	0.02215891
7.246	0.02214483
7.247	0.02215298
7.248	0.02216146
7.249	0.02215914
7.250	0.02211977
7.251	0.02212846
7.252	0.02214792
7.253	0.02212621
7.254	0.02211422
7.255	0.02209577
7.256	0.02209503
7.257	0.02208918
7.258	0.02208423
7.259	0.02206967
7.260	0.02209325
7.261	0.02211108
7.262	0.02212381
7.263	0.02211524
7.264	0.02212971
7.265	0.02211494
7.266	0.02209793
7.267	0.02211287
7.268	0.02209085
7.269	0.02210351
7.270	0.02207399
7.271	0.02206164
7.272	0.02204216
7.273	0.02205866
7.274	0.02205572
7.275	0.02203742
7.276	0.02202370
7.277	0.02204411
7.278	0.02202697
7.279	0.02200358
7.280	0.02202362
7.281	0.02202822
7.282	0.02201335
7.283	0.02201794
7.284	0.02200846
7.285	0.02202367
7.286	0.02202630
7.287	0.02204278
7.288	0.02201774
7.289	0.02200743
7.290	0.02201263
7.291	0.02202781
7.292	0.02203204
7.293	0.02204635
7.294	0.02205175
7.295	0.02207901
7.296	0.02207730
7.297	0.02207971
7.298	0.02208986
7.299	0.02210772
7.300	0.02211562
7.301	0.02211696
7.302	0.02212585
7.303	0.02210815
7.304	0.02205640
7.305	0.02206117
7.306	0.02205979
7.307	0.02204924
7.308	0.02204252
7.309	0.02204554
7.310	0.02202469
7.311	0.02203698
7.312	0.02203167
7.313	0.02198950
7.314	0.02198327
7.315	0.02196794
7.316	0.02196528
7.317	0.02197053
7.318	0.02198139
7.319	0.02197983
7.320	0.02197258
7.321	0.02196342
7.322	0.02195369
7.323	0.02196428
7.324	0.02195927
7.325	0.02194251
7.326	0.02196448
7.327	0.02195836
7.328	0.02195348
7.329	0.02195812
7.330	0.02195672
7.331	0.02196242
7.332	0.02196462
7.333	0.02196719
7.334	0.02195428
7.335	0.02195573
7.336	0.02197765
7.337	0.02198799
7.338	0.02200666
7.339	0.02200048
7.340	0.02201934
7.341	0.02202708
7.342	0.02202501
7.343	0.02202280
7.344	0.02201789
7.345	0.02202500
7.346	0.02201412
7.347	0.02202110
7.348	0.02203060
7.349	0.02201971
7.350	0.02200198
7.351	0.02197991
7.352	0.02198076
7.353	0.02196572
7.354	0.02196141
7.355	0.02196265
7.356	0.02194270
7.357	0.02195134
7.358	0.02194858
7.359	0.02196962
7.360	0.02198380
7.361	0.02197104
7.362	0.02198020
7.363	0.02198411
7.364	0.02196468
7.365	0.02194673
7.366	0.02194514
7.367	0.02195446
7.368	0.02195429
7.369	0.02193246
7.370	0.02193639
7.371	0.02191308
7.372	0.02192592
7.373	0.02193719
7.374	0.02194017
7.375	0.02193736
7.376	0.02191867
7.377	0.02190297
7.378	0.02190194
7.379	0.02191517
7.380	0.02191744
7.381	0.02188560
7.382	0.02189581
7.383	0.02187807
7.384	0.02188626
7.385	0.02187862
7.386	0.02187766
7.387	0.02188141
7.388	0.02190506
7.389	0.02190863
7.390	0.02189952
7.391	0.02188376
7.392	0.02188465
7.393	0.02186881
7.394	0.02187082
7.395	0.02188021
7.396	0.02186351
7.397	0.02183395
7.398	0.02180784
7.399	0.02181373
7.400	0.02182461
7.401	0.02182557
7.402	0.02179883
7.403	0.02179338
7.404	0.02180774
7.405	0.02182314
7.406	0.02182129
7.407	0.02177962
7.408	0.02177295
7.409	0.02177472
7.410	0.02174699
7.411	0.02175543
7.412	0.02174743
7.413	0.02176750
7.414	0.02176781
7.415	0.02174576
7.416	0.02173122
7.417	0.02172648
7.418	0.02169271
7.419	0.02167928
7.420	0.02169619
7.421	0.02170848
7.422	0.02169049
7.423	0.02169214
7.424	0.02168807
7.425	0.02169477
7.426	0.02169771
7.427	0.02167987
7.428	0.02168612
7.429	0.02168464
7.430	0.02170035
7.431	0.02168828
7.432	0.02168756
7.433	0.02168791
7.434	0.02169839
7.435	0.02170416
7.436	0.02170601
7.437	0.02171954
7.438	0.02171711
7.439	0.02170821
7.440	0.02170371
7.441	0.02172068
7.442	0.02174399
7.443	0.02175632
7.444	0.02174771
7.445	0.02174751
7.446	0.02173851
7.447	0.02173865
7.448	0.02174331
7.449	0.02173517
7.450	0.02174266
7.451	0.02173083
7.452	0.02170160
7.453	0.02167313
7.454	0.02169090
7.455	0.02167817
7.456	0.02169296
7.457	0.02167528
7.458	0.02166713
7.459	0.02167270
7.460	0.02167884
7.461	0.02167248
7.462	0.02166524
7.463	0.02165291
7.464	0.02165723
7.465	0.02164206
7.466	0.02163496
7.467	0.02163822
7.468	0.02164452
7.469	0.02165713
7.470	0.02166607
7.471	0.02166120
7.472	0.02166917
7.473	0.02164084
7.474	0.02162792
7.475	0.02163251
7.476	0.02161166
7.477	0.02162726
7.478	0.02160688
7.479	0.02161483
7.480	0.02160353
7.481	0.02157110
7.482	0.02156809
7.483	0.02156896
7.484	0.02157311
7.485	0.02158052
7.486	0.02155945
7.487	0.02157815
7.488	0.02155612
7.489	0.02156114
7.490	0.02154627
7.491	0.02153990
7.492	0.02153510
7.493	0.02153821
7.494	0.02154769
7.495	0.02152235
7.496	0.02150131
7.497	0.02149659
7.498	0.02149840
7.499	0.02151167
7.500	0.02150942
7.501	0.02150290
7.502	0.02151030
7.503	0.02150927
7.504	0.02149360
7.505	0.02148800
7.506	0.02148864
7.507	0.02149625
7.508	0.02150710
7.509	0.02150693
7.510	0.02151189
7.511	0.02150876
7.512	0.02149767
7.513	0.02150940
7.514	0.02150516
7.515	0.02150514
7.516	0.02150350
7.517	0.02152874
7.518	0.02151153
7.519	0.02151062
7.520	0.02156493
7.521	0.02157414
7.522	0.02154120
7.523	0.02155470
7.524	0.02157834
7.525	0.02155480
7.526	0.02159450
7.527	0.02158254
7.528	0.02159086
7.529	0.02159545
7.530	0.02158639
7.531	0.02160407
7.532	0.02160997
7.533	0.02159506
7.534	0.02160823
7.535	0.02160979
7.536	0.02161206
7.537	0.02162667
7.538	0.02165147
7.539	0.02166020
7.540	0.02166226
7.541	0.02165857
7.542	0.02165233
7.543	0.02164056
7.544	0.02163810
7.545	0.02162635
7.546	0.02165256
7.547	0.02165041
7.548	0.02162536
7.549	0.02162594
7.550	0.02161773
7.551	0.02161685
7.552	0.02161923
7.553	0.02163429
7.554	0.02165202
7.555	0.02164753
7.556	0.02163644
7.557	0.02164380
7.558	0.02163672
7.559	0.02163786
7.560	0.02164009
7.561	0.02164187
7.562	0.02166304
7.563	0.02166874
7.564	0.02166924
7.565	0.02168151
7.566	0.02165698
7.567	0.02165368
7.568	0.02166742
7.569	0.02166016
7.570	0.02163616
7.571	0.02163505
7.572	0.02164535
7.573	0.02164311
7.574	0.02163274
7.575	0.02164787
7.576	0.02166015
7.577	0.02163575
7.578	0.02164794
7.579	0.02166637
7.580	0.02168693
7.581	0.02167219
7.582	0.02166273
7.583	0.02167376
7.584	0.02166795
7.585	0.02166225
7.586	0.02165084
7.587	0.02164377
7.588	0.02164570
7.589	0.02164476
7.590	0.02169074
7.591	0.02167527
7.592	0.02168340
7.593	0.02169337
7.594	0.02170099
7.595	0.02172148
7.596	0.02174397
7.597	0.02175458
7.598	0.02175319
7.599	0.02176806
7.600	0.02176900
7.601	0.02173418
7.602	0.02171610
7.603	0.02173196
7.604	0.02173665
7.605	0.02172120
7.606	0.02171236
7.607	0.02172594
7.608	0.02169500
7.609	0.02169044
7.610	0.02169601
7.611	0.02170444
7.612	0.02170075
7.613	0.02169657
7.614	0.02171483
7.615	0.02171468
7.616	0.02171454
7.617	0.02169925
7.618	0.02169838
7.619	0.02171328
7.620	0.02171958
7.621	0.02171348
7.622	0.02171205
7.623	0.02171513
7.624	0.02170952
7.625	0.02171626
7.626	0.02171262
7.627	0.02171378
7.628	0.02172519
7.629	0.02171476
7.630	0.02170183
7.631	0.02169372
7.632	0.02169407
7.633	0.02171134
7.634	0.02170503
7.635	0.02171205
7.636	0.02171988
7.637	0.02169474
7.638	0.02167855
7.639	0.02170755
7.640	0.02170865
7.641	0.02167738
7.642	0.02166756
7.643	0.02165850
7.644	0.02168064
7.645	0.02167416
7.646	0.02167899
7.647	0.02169795
7.648	0.02170281
7.649	0.02168479
7.650	0.02168839
7.651	0.02168164
7.652	0.02167339
7.653	0.02166041
7.654	0.02165753
7.655	0.02165451
7.656	0.02167394
7.657	0.02167508
7.658	0.02168656
7.659	0.02169700
7.660	0.02168772
7.661	0.02170788
7.662	0.02172354
7.663	0.02174127
7.664	0.02173561
7.665	0.02174025
7.666	0.02176994
7.667	0.02175689
7.668	0.02175247
7.669	0.02174355
7.670	0.02176726
7.671	0.02178612
7.672	0.02177597
7.673	0.02176903
7.674	0.02176281
7.675	0.02177008
7.676	0.02179039
7.677	0.02180726
7.678	0.02178019
7.679	0.02175182
7.680	0.02174857
7.681	0.02175694
7.682	0.02175436
7.683	0.02172862
7.684	0.02169397
7.685	0.02167675
7.686	0.02167671
7.687	0.02167954
7.688	0.02170323
7.689	0.02171537
7.690	0.02172177
7.691	0.02170654
7.692	0.02170131
7.693	0.02170113
7.694	0.02170171
7.695	0.02171618
7.696	0.02170287
7.697	0.02171482
7.698	0.02171328
7.699	0.02171517
7.700	0.02171383
7.701	0.02171907
7.702	0.02171443
7.703	0.02170630
7.704	0.02171930
7.705	0.02171770
7.706	0.02171496
7.707	0.02173313
7.708	0.02173615
7.709	0.02172938
7.710	0.02173882
7.711	0.02174839
7.712	0.02175145
7.713	0.02174994
7.714	0.02174288
7.715	0.02176643
7.716	0.02177476
7.717	0.02177500
7.718	0.02177133
7.719	0.02178652
7.720	0.02178923
7.721	0.02177129
7.722	0.02177665
7.723	0.02179744
7.724	0.02177450
7.725	0.02176597
7.726	0.02177146
7.727	0.02176581
7.728	0.02174745
7.729	0.02173555
7.730	0.02175043
7.731	0.02174610
7.732	0.02173638
7.733	0.02172263
7.734	0.02173049
7.735	0.02173378
7.736	0.02171445
7.737	0.02170925
7.738	0.02170541
7.739	0.02168647
7.740	0.02168761
7.741	0.02168663
7.742	0.02169071
7.743	0.02169784
7.744	0.02170502
7.745	0.02171581
7.746	0.02171950
7.747	0.02172564
7.748	0.02173480
7.749	0.02171515
7.750	0.02171912
7.751	0.02173344
7.752	0.02172670
7.753	0.02173474
7.754	0.02175813
7.755	0.02175525
7.756	0.02171831
7.757	0.02173103
7.758	0.02174358
7.759	0.02175096
7.760	0.02177755
7.761	0.02175473
7.762	0.02174206
7.763	0.02176286
7.764	0.02178909
7.765	0.02176532
7.766	0.02177042
7.767	0.02177676
7.768	0.02177317
7.769	0.02177033
7.770	0.02177891
7.771	0.02179011
7.772	0.02178645
7.773	0.02179447
7.774	0.02175624
7.775	0.02175050
7.776	0.02175756
7.777	0.02175599
7.778	0.02175957
7.779	0.02174209
7.780	0.02173553
7.781	0.02171667
7.782	0.02171510
7.783	0.02170723
7.784	0.02173034
7.785	0.02174023
7.786	0.02173966
7.787	0.02171493
7.788	0.02171527
7.789	0.02172369
7.790	0.02171853
7.791	0.02172469
7.792	0.02171547
7.793	0.02170629
7.794	0.02172069
7.795	0.02171603
7.796	0.02171259
7.797	0.02169649
7.798	0.02170284
7.799	0.02170572
7.800	0.02169908
7.801	0.02167868
7.802	0.02168017
7.803	0.02166070
7.804	0.02165999
7.805	0.02165606
7.806	0.02164919
7.807	0.02163970
7.808	0.02164834
7.809	0.02163274
7.810	0.02163735
7.811	0.02162582
7.812	0.02162215
7.813	0.02164131
7.814	0.02166934
7.815	0.02166152
7.816	0.02166832
7.817	0.02167908
7.818	0.02168003
7.819	0.02165879
7.820	0.02165952
7.821	0.02166462
7.822	0.02167548
7.823	0.02164464
7.824	0.02163506
7.825	0.02164529
7.826	0.02164319
7.827	0.02165193
7.828	0.02163693
7.829	0.02163637
7.830	0.02159716
7.831	0.02159452
7.832	0.02160471
7.833	0.02160313
7.834	0.02161629
7.835	0.02161724
7.836	0.02163256
7.837	0.02164890
7.838	0.02166113
7.839	0.02167638
7.840	0.02167386
7.841	0.02167859
7.842	0.02167645
7.843	0.02169559
7.844	0.02168777
7.845	0.02169794
7.846	0.02170414
7.847	0.02170373
7.848	0.02172110
7.849	0.02171594
7.850	0.02171639
7.851	0.02172280
7.852	0.02172882
7.853	0.02174097
7.854	0.02173976
7.855	0.02172000
7.856	0.02174373
7.857	0.02172967
7.858	0.02171916
7.859	0.02170708
7.860	0.02170885
7.861	0.02169847
7.862	0.02168195
7.863	0.02167561
7.864	0.02169118
7.865	0.02166213
7.866	0.02166745
7.867	0.02167218
7.868	0.02165560
7.869	0.02164504
7.870	0.02163267
7.871	0.02161651
7.872	0.02161769
7.873	0.02162189
7.874	0.02162444
7.875	0.02161610
7.876	0.02158178
7.877	0.02157577
7.878	0.02157484
7.879	0.02154837
7.880	0.02153015
7.881	0.02152209
7.882	0.02152211
7.883	0.02151419
7.884	0.02151064
7.885	0.02151195
7.886	0.02150663
7.887	0.02151661
7.888	0.02150040
7.889	0.02150530
7.890	0.02151606
7.891	0.02151749
7.892	0.02151198
7.893	0.02153514
7.894	0.02151552
7.895	0.02149310
7.896	0.02148299
7.897	0.02149479
7.898	0.02151160
7.899	0.02153263
7.900	0.02152564
7.901	0.02151965
7.902	0.02151742
7.903	0.02151585
7.904	0.02151225
7.905	0.02151218
7.906	0.02153567
7.907	0.02154515
7.908	0.02155527
7.909	0.02154585
7.910	0.02154240
7.911	0.02156633
7.912	0.02155587
7.913	0.02154979
7.914	0.02156694
7.915	0.02154258
7.916	0.02154006
7.917	0.02155564
7.918	0.02156762
7.919	0.02157917
7.920	0.02160009
7.921	0.02161791
7.922	0.02162507
7.923	0.02162829
7.924	0.02164670
7.925	0.02164793
7.926	0.02164751
7.927	0.02166307
7.928	0.02166885
7.929	0.02166483
7.930	0.02165797
7.931	0.02165930
7.932	0.02166939
7.933	0.02169137
7.934	0.02168114
7.935	0.02169783
7.936	0.02168901
7.937	0.02168681
7.938	0.02169486
7.939	0.02170255
7.940	0.02169675
7.941	0.02171361
7.942	0.02169806
7.943	0.02168104
7.944	0.02168263
7.945	0.02169780
7.946	0.02169640
7.947	0.02170120
7.948	0.02171409
7.949	0.02172424
7.950	0.02173688
7.951	0.02171909
7.952	0.02172601
7.953	0.02173801
7.954	0.02174455
7.955	0.02171624
7.956	0.02171548
7.957	0.02172900
7.958	0.02173218
7.959	0.02172217
7.960	0.02171183
7.961	0.02172267
7.962	0.02175165
7.963	0.02175847
7.964	0.02177003
7.965	0.02177529
7.966	0.02176543
7.967	0.02177289
7.968	0.02178603
7.969	0.02176808
7.970	0.02176546
7.971	0.02175777
7.972	0.02174949
7.973	0.02175475
7.974	0.02174511
7.975	0.02173092
7.976	0.02173311
7.977	0.02172920
7.978	0.02174459
7.979	0.02174811
7.980	0.02173029
7.981	0.02174504
7.982	0.02174982
7.983	0.02173476
7.984	0.02172677
7.985	0.02172251
7.986	0.02173465
7.987	0.02172311
7.988	0.02172759
7.989	0.02174591
7.990	0.02174367
7.991	0.02174786
7.992	0.02173134
7.993	0.02174034
7.994	0.02174295
7.995	0.02174193
7.996	0.02173684
7.997	0.02172204
7.998	0.02170692
7.999	0.02171948
8.000	0.02171287
8.001	0.02172116
8.002	0.02172634
8.003	0.02171432
8.004	0.02171805
8.005	0.02171210
8.006	0.02169758
8.007	0.02171362
8.008	0.02170565
8.009	0.02168394
8.010	0.02168935
8.011	0.02170791
8.012	0.02168849
8.013	0.02166923
8.014	0.02166883
8.015	0.02167524
8.016	0.02168372
8.017	0.02167676
8.018	0.02166203
8.019	0.02167789
8.020	0.02165696
8.021	0.02168002
8.022	0.02165568
8.023	0.02166472
8.024	0.02166063
8.025	0.02164588
8.026	0.02162984
8.027	0.02162809
8.028	0.02163267
8.029	0.02162845
8.030	0.02161130
8.031	0.02160790
8.032	0.02160434
8.033	0.02160263
8.034	0.02160289
8.035	0.02161393
8.036	0.02160985
8.037	0.02161379
8.038	0.02160610
8.039	0.02158800
8.040	0.02159782
8.041	0.02160389
8.042	0.02158974
8.043	0.02156893
8.044	0.02154474
8.045	0.02152908
8.046	0.02153016
8.047	0.02152138
8.048	0.02153515
8.049	0.02154570
8.050	0.02155133
8.051	0.02154016
8.052	0.02153899
8.053	0.02156522
8.054	0.02158572
8.055	0.02160148
8.056	0.02162242
8.057	0.02162163
8.058	0.02160917
8.059	0.02160192
8.060	0.02161449
8.061	0.02164033
8.062	0.02164444
8.063	0.02163482
8.064	0.02164486
8.065	0.02161671
8.066	0.02160467
8.067	0.02159589
8.068	0.02161658
8.069	0.02163611
8.070	0.02164628
8.071	0.02165619
8.072	0.02165597
8.073	0.02167925
8.074	0.02167856
8.075	0.02168699
8.076	0.02167023
8.077	0.02164664
8.078	0.02161732
8.079	0.02162433
8.080	0.02162216
8.081	0.02163400
8.082	0.02163119
8.083	0.02163681
8.084	0.02162757
8.085	0.02162162
8.086	0.02163186
8.087	0.02164953
8.088	0.02164157
8.089	0.02163729
8.090	0.02164559
8.091	0.02163761
8.092	0.02164110
8.093	0.02162570
8.094	0.02161225
8.095	0.02161533
8.096	0.02161558
8.097	0.02162395
8.098	0.02161943
8.099	0.02160934
8.100	0.02159981
8.101	0.02162601
8.102	0.02163025
8.103	0.02161599
8.104	0.02160360
8.105	0.02157909
8.106	0.02159993
8.107	0.02158680
8.108	0.02159200
8.109	0.02159822
8.110	0.02161327
8.111	0.02161298
8.112	0.02160370
8.113	0.02159883
8.114	0.02158855
8.115	0.02157934
8.116	0.02159990
8.117	0.02159215
8.118	0.02161630
8.119	0.02162113
8.120	0.02165346
8.121	0.02167212
8.122	0.02166473
8.123	0.02165519
8.124	0.02168005
8.125	0.02171924
8.126	0.02169768
8.127	0.02169037
8.128	0.02167690
8.129	0.02166698
8.130	0.02164449
8.131	0.02164620
8.132	0.02167677
8.133	0.02167443
8.134	0.02166856
8.135	0.02168679
8.136	0.02169309
8.137	0.02167562
8.138	0.02167871
8.139	0.02169994
8.140	0.02171000
8.141	0.02168360
8.142	0.02168490
8.143	0.02170030
8.144	0.02170960
8.145	0.02169792
8.146	0.02170011
8.147	0.02170687
8.148	0.02170605
8.149	0.02170120
8.150	0.02169377
8.151	0.02169285
8.152	0.02169131
8.153	0.02170277
8.154	0.02170464
8.155	0.02169584
8.156	0.02169078
8.157	0.02167882
8.158	0.02166277
8.159	0.02165215
8.160	0.02164635
8.161	0.02162883
8.162	0.02162488
8.163	0.02164467
8.164	0.02165959
8.165	0.02165077
8.166	0.02163889
8.167	0.02162975
8.168	0.02161718
8.169	0.02161116
8.170	0.02162145
8.171	0.02163323
8.172	0.02164955
8.173	0.02165865
8.174	0.02165193
8.175	0.02166960
8.176	0.02167612
8.177	0.02168243
8.178	0.02168506
8.179	0.02169150
8.180	0.02168047
8.181	0.02167575
8.182	0.02167458
8.183	0.02166045
8.184	0.02166110
8.185	0.02166481
8.186	0.02165287
8.187	0.02166758
8.188	0.02166708
8.189	0.02163292
8.190	0.02164650
8.191	0.02163774
8.192	0.02164056
8.193	0.02164860
8.194	0.02163584
8.195	0.02162951
8.196	0.02163637
8.197	0.02163556
8.198	0.02164502
8.199	0.02164629
8.200	0.02163292
8.201	0.02163851
8.202	0.02161697
8.203	0.02161746
8.204	0.02160634
8.205	0.02161966
8.206	0.02163547
8.207	0.02162765
8.208	0.02160786
8.209	0.02162220
8.210	0.02163551
8.211	0.02165964
8.212	0.02166152
8.213	0.02164803
8.214	0.02165194
8.215	0.02166518
8.216	0.02167110
8.217	0.02168298
8.218	0.02167008
8.219	0.02166625
8.220	0.02165280
8.221	0.02165954
8.222	0.02165273
8.223	0.02163675
8.224	0.02162831
8.225	0.02161852
8.226	0.02159669
8.227	0.02158432
8.228	0.02160995
8.229	0.02162006
8.230	0.02162074
8.231	0.02161559
8.232	0.02164064
8.233	0.02164210
8.234	0.02162641
8.235	0.02161470
8.236	0.02159581
8.237	0.02159160
8.238	0.02158342
8.239	0.02159508
8.240	0.02159241
8.241	0.02159743
8.242	0.02157569
8.243	0.02159345
8.244	0.02157951
8.245	0.02158196
8.246	0.02157879
8.247	0.02158312
8.248	0.02158062
8.249	0.02160099
8.250	0.02158740
8.251	0.02158433
8.252	0.02158023
8.253	0.02156922
8.254	0.02159215
8.255	0.02158643
8.256	0.02158166
8.257	0.02157022
8.258	0.02157700
8.259	0.02159934
8.260	0.02162393
8.261	0.02161720
8.262	0.02161465
8.263	0.02158342
8.264	0.02159297
8.265	0.02161058
8.266	0.02161776
8.267	0.02160411
8.268	0.02158354
8.269	0.02156272
8.270	0.02156166
8.271	0.02154419
8.272	0.02152771
8.273	0.02152486
8.274	0.02152892
8.275	0.02154465
8.276	0.02155493
8.277	0.02155360
8.278	0.02154747
8.279	0.02155992
8.280	0.02154677
8.281	0.02154804
8.282	0.02155773
8.283	0.02154513
8.284	0.02153808
8.285	0.02153780
8.286	0.02152324
8.287	0.02152448
8.288	0.02150245
8.289	0.02148969
8.290	0.02148473
8.291	0.02147222
8.292	0.02148556
8.293	0.02150533
8.294	0.02151676
8.295	0.02151305
8.296	0.02153762
8.297	0.02152137
8.298	0.02152349
8.299	0.02152144
8.300	0.02149825
8.301	0.02150802
8.302	0.02150944
8.303	0.02151320
8.304	0.02149984
8.305	0.02150517
8.306	0.02148530
8.307	0.02149412
8.308	0.02148832
8.309	0.02147321
8.310	0.02147741
8.311	0.02147257
8.312	0.02148162
8.313	0.02150461
8.314	0.02153139
8.315	0.02153002
8.316	0.02153351
8.317	0.02152006
8.318	0.02152661
8.319	0.02152828
8.320	0.02154791
8.321	0.02157599
8.322	0.02160021
8.323	0.02159526
8.324	0.02161821
8.325	0.02164226
8.326	0.02164849
8.327	0.02165789
8.328	0.02165848
8.329	0.02167391
8.330	0.02168634
8.331	0.02167982
8.332	0.02168261
8.333	0.02166019
8.334	0.02164460
8.335	0.02163790
8.336	0.02163387
8.337	0.02165484
8.338	0.02165794
8.339	0.02167053
8.340	0.02167531
8.341	0.02169857
8.342	0.02168634
8.343	0.02169621
8.344	0.02169111
8.345	0.02168850
8.346	0.02168890
8.347	0.02166591
8.348	0.02166654
8.349	0.02165541
8.350	0.02167180
8.351	0.02166550
8.352	0.02167834
8.353	0.02168136
8.354	0.02169636
8.355	0.02168202
8.356	0.02168638
8.357	0.02169154
8.358	0.02168802
8.359	0.02169348
8.360	0.02169613
8.361	0.02169188
8.362	0.02168877
8.363	0.02167823
8.364	0.02170001
8.365	0.02168406
8.366	0.02169086
8.367	0.02170153
8.368	0.02172679
8.369	0.02173780
8.370	0.02173830
8.371	0.02173199
8.372	0.02174110
8.373	0.02173270
8.374	0.02171726
8.375	0.02171789
8.376	0.02172468
8.377	0.02172401
8.378	0.02170014
8.379	0.02170275
8.380	0.02169159
8.381	0.02169448
8.382	0.02167686
8.383	0.02169797
8.384	0.02168448
8.385	0.02168290
8.386	0.02168594
8.387	0.02166222
8.388	0.02168741
8.389	0.02170180
8.390	0.02168897
8.391	0.02169973
8.392	0.02169536
8.393	0.02169786
8.394	0.02172215
8.395	0.02172063
8.396	0.02173770
8.397	0.02173135
8.398	0.02174108
8.399	0.02173011
8.400	0.02172617
8.401	0.02172300
8.402	0.02169688
8.403	0.02167636
8.404	0.02164909
8.405	0.02166778
8.406	0.02164682
8.407	0.02162025
8.408	0.02159204
8.409	0.02159980
8.410	0.02157555
8.411	0.02158791
8.412	0.02159054
8.413	0.02158766
8.414	0.02159480
8.415	0.02159856
8.416	0.02158899
8.417	0.02160656
8.418	0.02160627
8.419	0.02161536
8.420	0.02162946
8.421	0.02163727
8.422	0.02164141
8.423	0.02165608
8.424	0.02167531
8.425	0.02166989
8.426	0.02166153
8.427	0.02166021
8.428	0.02167488
8.429	0.02167181
8.430	0.02166617
8.431	0.02165971
8.432	0.02164893
8.433	0.02167099
8.434	0.02169067
8.435	0.02169664
8.436	0.02168603
8.437	0.02168017
8.438	0.02169213
8.439	0.02169223
8.440	0.02168335
8.441	0.02170907
8.442	0.02167751
8.443	0.02166168
8.444	0.02166160
8.445	0.02165147
8.446	0.02167003
8.447	0.02165419
8.448	0.02167049
8.449	0.02168351
8.450	0.02169658
8.451	0.02168720
8.452	0.02170162
8.453	0.02168346
8.454	0.02169212
8.455	0.02171457
8.456	0.02171014
8.457	0.02173505
8.458	0.02172607
8.459	0.02170536
8.460	0.02170280
8.461	0.02170386
8.462	0.02167177
8.463	0.02168116
8.464	0.02167658
8.465	0.02169606
8.466	0.02169480
8.467	0.02166572
8.468	0.02166808
8.469	0.02165720
8.470	0.02165426
8.471	0.02166081
8.472	0.02166259
8.473	0.02165476
8.474	0.02165234
8.475	0.02166912
8.476	0.02165186
8.477	0.02166821
8.478	0.02165701
8.479	0.02166765
8.480	0.02166840
8.481	0.02164578
8.482	0.02165006
8.483	0.02165202
8.484	0.02168270
8.485	0.02168035
8.486	0.02168630
8.487	0.02167487
8.488	0.02167025
8.489	0.02165495
8.490	0.02167070
8.491	0.02166257
8.492	0.02164133
8.493	0.02164171
8.494	0.02164766
8.495	0.02164962
8.496	0.02167240
8.497	0.02167427
8.498	0.02169671
8.499	0.02168884
8.500	0.02168424
8.501	0.02167531
8.502	0.02169025
8.503	0.02171028
8.504	0.02171262
8.505	0.02169846
8.506	0.02170122
8.507	0.02167657
8.508	0.02170347
8.509	0.02172447
8.510	0.02172359
8.511	0.02172298
8.512	0.02173286
8.513	0.02172458
8.514	0.02173640
8.515	0.02173715
8.516	0.02172763
8.517	0.02174579
8.518	0.02175585
8.519	0.02176672
8.520	0.02178020
8.521	0.02176451
8.522	0.02176513
8.523	0.02175842
8.524	0.02175001
8.525	0.02175842
8.526	0.02178382
8.527	0.02177879
8.528	0.02179018
8.529	0.02180905
8.530	0.02179853
8.531	0.02179356
8.532	0.02180702
8.533	0.02182227
8.534	0.02181581
8.535	0.02184394
8.536	0.02183324
8.537	0.02183511
8.538	0.02183751
8.539	0.02182514
8.540	0.02182209
8.541	0.02182558
8.542	0.02182300
8.543	0.02183284
8.544	0.02184503
8.545	0.02183337
8.546	0.02181428
8.547	0.02181965
8.548	0.02181443
8.549	0.02181781
8.550	0.02181673
8.551	0.02181454
8.552	0.02179517
8.553	0.02179541
8.554	0.02180071
8.555	0.02178614
8.556	0.02179234
8.557	0.02178299
8.558	0.02177472
8.559	0.02179704
8.560	0.02178235
8.561	0.02179830
8.562	0.02179821
8.563	0.02181501
8.564	0.02181541
8.565	0.02181215
8.566	0.02179936
8.567	0.02179862
8.568	0.02181108
8.569	0.02180092
8.570	0.02178725
8.571	0.02181996
8.572	0.02182615
8.573	0.02184474
8.574	0.02185421
8.575	0.02188113
8.576	0.02186332
8.577	0.02184367
8.578	0.02183600
8.579	0.02182752
8.580	0.02182648
8.581	0.02182022
8.582	0.02182005
8.583	0.02181587
8.584	0.02181845
8.585	0.02183936
8.586	0.02184916
8.587	0.02186911
8.588	0.02186217
8.589	0.02187729
8.590	0.02186211
8.591	0.02187321
8.592	0.02188115
8.593	0.02188268
8.594	0.02190103
8.595	0.02192596
8.596	0.02195379
8.597	0.02193539
8.598	0.02195791
8.599	0.02195373
8.600	0.02197244
8.601	0.02198493
8.602	0.02198467
8.603	0.02199469
8.604	0.02199337
8.605	0.02196933
8.606	0.02196466
8.607	0.02196027
8.608	0.02197089
8.609	0.02198853
8.610	0.02197996
8.611	0.02201110
8.612	0.02200991
8.613	0.02202157
8.614	0.02203331
8.615	0.02200753
8.616	0.02201200
8.617	0.02201635
8.618	0.02203251
8.619	0.02202954
8.620	0.02202257
8.621	0.02202849
8.622	0.02202449
8.623	0.02202571
8.624	0.02203229
8.625	0.02203411
8.626	0.02202411
8.627	0.02201743
8.628	0.02202354
8.629	0.02202115
8.630	0.02199447
8.631	0.02196936
8.632	0.02196307
8.633	0.02197237
8.634	0.02197467
8.635	0.02196738
8.636	0.02198916
8.637	0.02200601
8.638	0.02201214
8.639	0.02200274
8.640	0.02200860
8.641	0.02200469
8.642	0.02199791
8.643	0.02201947
8.644	0.02200401
8.645	0.02201967
8.646	0.02201685
8.647	0.02200399
8.648	0.02199167
8.649	0.02199198
8.650	0.02200332
8.651	0.02201014
8.652	0.02200276
8.653	0.02199642
8.654	0.02200587
8.655	0.02200906
8.656	0.02203238
8.657	0.02199998
8.658	0.02199838
8.659	0.02201263
8.660	0.02200310
8.661	0.02200916
8.662	0.02204191
8.663	0.02204295
8.664	0.02205494
8.665	0.02206938
8.666	0.02205225
8.667	0.02204904
8.668	0.02206260
8.669	0.02207627
8.670	0.02206357
8.671	0.02209073
8.672	0.02209528
8.673	0.02206575
8.674	0.02205600
8.675	0.02206444
8.676	0.02206959
8.677	0.02205553
8.678	0.02203901
8.679	0.02203555
8.680	0.02202199
8.681	0.02199794
8.682	0.02199163
8.683	0.02199533
8.684	0.02202613
8.685	0.02203647
8.686	0.02204209
8.687	0.02201247
8.688	0.02202567
8.689	0.02203734
8.690	0.02204407
8.691	0.02203221
8.692	0.02202500
8.693	0.02201259
8.694	0.02203520
8.695	0.02200711
8.696	0.02197613
8.697	0.02196029
8.698	0.02197034
8.699	0.02196748
8.700	0.02197652
8.701	0.02196620
8.702	0.02198396
8.703	0.02199665
8.704	0.02201615
8.705	0.02201663
8.706	0.02202123
8.707	0.02200465
8.708	0.02200273
8.709	0.02201354
8.710	0.02201497
8.711	0.02200217
8.712	0.02201172
8.713	0.02201350
8.714	0.02201227
8.715	0.02200505
8.716	0.02202078
8.717	0.02203428
8.718	0.02204209
8.719	0.02204265
8.720	0.02204913
8.721	0.02205131
8.722	0.02205029
8.723	0.02204617
8.724	0.02203952
8.725	0.02204633
8.726	0.02204942
8.727	0.02205758
8.728	0.02204317
8.729	0.02203139
8.730	0.02204751
8.731	0.02204130
8.732	0.02204627
8.733	0.02203122
8.734	0.02201954
8.735	0.02202506
8.736	0.02203151
8.737	0.02202363
8.738	0.02203886
8.739	0.02204149
8.740	0.02204856
8.741	0.02203002
8.742	0.02206210
8.743	0.02204171
8.744	0.02205296
8.745	0.02205557
8.746	0.02204878
8.747	0.02204553
8.748	0.02205224
8.749	0.02204396
8.750	0.02205484
8.751	0.02206979
8.752	0.02206574
8.753	0.02206397
8.754	0.02207240
8.755	0.02204644
8.756	0.02204108
8.757	0.02202041
8.758	0.02200353
8.759	0.02201521
8.760	0.02201392
8.761	0.02201095
8.762	0.02200691
8.763	0.02197574
8.764	0.02197382
8.765	0.02198916
8.766	0.02197058
8.767	0.02196806
8.768	0.02197006
8.769	0.02197909
8.770	0.02198722
8.771	0.02198581
8.772	0.02197730
8.773	0.02197646
8.774	0.02195243
8.775	0.02194941
8.776	0.02196174
8.777	0.02194280
8.778	0.02192855
8.779	0.02191630
8.780	0.02193829
8.781	0.02194587
8.782	0.02194922
8.783	0.02193547
8.784	0.02191660
8.785	0.02190027
8.786	0.02189786
8.787	0.02190713
8.788	0.02190657
8.789	0.02189646
8.790	0.02190371
8.791	0.02189633
8.792	0.02189667
8.793	0.02188871
8.794	0.02187000
8.795	0.02185991
8.796	0.02186485
8.797	0.02187814
8.798	0.02187136
8.799	0.02185683
8.800	0.02183767
8.801	0.02184829
8.802	0.02185835
8.803	0.02186039
8.804	0.02186089
8.805	0.02186394
8.806	0.02186139
8.807	0.02185757
8.808	0.02186908
8.809	0.02185560
8.810	0.02187054
8.811	0.02187117
8.812	0.02188735
8.813	0.02190983
8.814	0.02189376
8.815	0.02188122
8.816	0.02191055
8.817	0.02191531
8.818	0.02189636
8.819	0.02189469
8.820	0.02190136
8.821	0.02189225
8.822	0.02190824
8.823	0.02189415
8.824	0.02191105
8.825	0.02192338
8.826	0.02191969
8.827	0.02194416
8.828	0.02193164
8.829	0.02195224
8.830	0.02195601
8.831	0.02193446
8.832	0.02193274
8.833	0.02196458
8.834	0.02199816
8.835	0.02199434
8.836	0.02200442
8.837	0.02202828
8.838	0.02203534
8.839	0.02202693
8.840	0.02204992
8.841	0.02207168
8.842	0.02208387
8.843	0.02209135
8.844	0.02208515
8.845	0.02206714
8.846	0.02207500
8.847	0.02208671
8.848	0.02206651
8.849	0.02207729
8.850	0.02207260
8.851	0.02208295
8.852	0.02206955
8.853	0.02206056
8.854	0.02204387
8.855	0.02206489
8.856	0.02207087
8.857	0.02205716
8.858	0.02208173
8.859	0.02207792
8.860	0.02204937
8.861	0.02205879
8.862	0.02203763
8.863	0.02202268
8.864	0.02203109
8.865	0.02203916
8.866	0.02202665
8.867	0.02201853
8.868	0.02199187
8.869	0.02201130
8.870	0.02199132
8.871	0.02196110
8.872	0.02195808
8.873	0.02197433
8.874	0.02199013
8.875	0.02202409
8.876	0.02199967
8.877	0.02197931
8.878	0.02197022
8.879	0.02195935
8.880	0.02196410
8.881	0.02196627
8.882	0.02195102
8.883	0.02193697
8.884	0.02193521
8.885	0.02192741
8.886	0.02191805
8.887	0.02193189
8.888	0.02194014
8.889	0.02193022
8.890	0.02190553
8.891	0.02190815
8.892	0.02192551
8.893	0.02191246
8.894	0.02193402
8.895	0.02194401
8.896	0.02196174
8.897	0.02197604
8.898	0.02194106
8.899	0.02193257
8.900	0.02193893
8.901	0.02195274
8.902	0.02195704
8.903	0.02196146
8.904	0.02198020
8.905	0.02198432
8.906	0.02199159
8.907	0.02201649
8.908	0.02204164
8.909	0.02203456
8.910	0.02203335
8.911	0.02203129
8.912	0.02204326
8.913	0.02203373
8.914	0.02201746
8.915	0.02203198
8.916	0.02202521
8.917	0.02201308
8.918	0.02202238
8.919	0.02204960
8.920	0.02205440
8.921	0.02204453
8.922	0.02203965
8.923	0.02204225
8.924	0.02203275
8.925	0.02202250
8.926	0.02201004
8.927	0.02200729
8.928	0.02200554
8.929	0.02199978
8.930	0.02200630
8.931	0.02200206
8.932	0.02200725
8.933	0.02199629
8.934	0.02196991
8.935	0.02198365
8.936	0.02200027
8.937	0.02200068
8.938	0.02202043
8.939	0.02201911
8.940	0.02202619
8.941	0.02202696
8.942	0.02201287
8.943	0.02200828
8.944	0.02200078
8.945	0.02198300
8.946	0.02199241
8.947	0.02197803
8.948	0.02199501
8.949	0.02200109
8.950	0.02199703
8.951	0.02199317
8.952	0.02199205
8.953	0.02202156
8.954	0.02202269
8.955	0.02203383
8.956	0.02202604
8.957	0.02202467
8.958	0.02200515
8.959	0.02199731
8.960	0.02198908
8.961	0.02200250
8.962	0.02202361
8.963	0.02201476
8.964	0.02202998
8.965	0.02203105
8.966	0.02200600
8.967	0.02197609
8.968	0.02198313
8.969	0.02197769
8.970	0.02195145
8.971	0.02196133
8.972	0.02197395
8.973	0.02196587
8.974	0.02197468
8.975	0.02197735
8.976	0.02197246
8.977	0.02198082
8.978	0.02198795
8.979	0.02197629
8.980	0.02197703
8.981	0.02198560
8.982	0.02198380
8.983	0.02200030
8.984	0.02198866
8.985	0.02198001
8.986	0.02198017
8.987	0.02196589
8.988	0.02195487
8.989	0.02194362
8.990	0.02196298
8.991	0.02195364
8.992	0.02196707
8.993	0.02196690
8.994	0.02195393
8.995	0.02191835
8.996	0.02191053
8.997	0.02191419
8.998	0.02189771
8.999	0.02190460
9.000	0.02192891
9.001	0.02194795
9.002	0.02195622
9.003	0.02196315
9.004	0.02194057
9.005	0.02194323
9.006	0.02197257
9.007	0.02197436
9.008	0.02199477
9.009	0.02196939
9.010	0.02198410
9.011	0.02197251
9.012	0.02197429
9.013	0.02194906
9.014	0.02194390
9.015	0.02197051
9.016	0.02197905
9.017	0.02195908
9.018	0.02196554
9.019	0.02196078
9.020	0.02197359
9.021	0.02199236
9.022	0.02199891
9.023	0.02198532
9.024	0.02198363
9.025	0.02199472
9.026	0.02198649
9.027	0.02198672
9.028	0.02198498
9.029	0.02201112
9.030	0.02202058
9.031	0.02202634
9.032	0.02201154
9.033	0.02200483
9.034	0.02202089
9.035	0.02202767
9.036	0.02204790
9.037	0.02205295
9.038	0.02204868
9.039	0.02201777
9.040	0.02202920
9.041	0.02204156
9.042	0.02206016
9.043	0.02206111
9.044	0.02203813
9.045	0.02204311
9.046	0.02203809
9.047	0.02205163
9.048	0.02205413
9.049	0.02206999
9.050	0.02206260
9.051	0.02203415
9.052	0.02204026
9.053	0.02204480
9.054	0.02203669
9.055	0.02204246
9.056	0.02204049
9.057	0.02203152
9.058	0.02200251
9.059	0.02201623
9.060	0.02199278
9.061	0.02198714
9.062	0.02198558
9.063	0.02199362
9.064	0.02199113
9.065	0.02196021
9.066	0.02198217
9.067	0.02197673
9.068	0.02198999
9.069	0.02199514
9.070	0.02199798
9.071	0.02199291
9.072	0.02198851
9.073	0.02200128
9.074	0.02200883
9.075	0.02202096
9.076	0.02200423
9.077	0.02201412
9.078	0.02199001
9.079	0.02199946
9.080	0.02198549
9.081	0.02198534
9.082	0.02197631
9.083	0.02195541
9.084	0.02191860
9.085	0.02192554
9.086	0.02192873
9.087	0.02193592
9.088	0.02195101
9.089	0.02194790
9.090	0.02194525
9.091	0.02195295
9.092	0.02194901
9.093	0.02199513
9.094	0.02197546
9.095	0.02198152
9.096	0.02195651
9.097	0.02196206
9.098	0.02195779
9.099	0.02197265
9.100	0.02196698
9.101	0.02196693
9.102	0.02194309
9.103	0.02195123
9.104	0.02195357
9.105	0.02195524
9.106	0.02195630
9.107	0.02197412
9.108	0.02195728
9.109	0.02194885
9.110	0.02195569
9.111	0.02194076
9.112	0.02193170
9.113	0.02190635
9.114	0.02191553
9.115	0.02192728
9.116	0.02192470
9.117	0.02189840
9.118	0.02189820
9.119	0.02190868
9.120	0.02193267
9.121	0.02193355
9.122	0.02192302
9.123	0.02192454
9.124	0.02193376
9.125	0.02192618
9.126	0.02191407
9.127	0.02192272
9.128	0.02195037
9.129	0.02195383
9.130	0.02195375
9.131	0.02196519
9.132	0.02196511
9.133	0.02195864
9.134	0.02195735
9.135	0.02194959
9.136	0.02195968
9.137	0.02196954
9.138	0.02195996
9.139	0.02195906
9.140	0.02197552
9.141	0.02196806
9.142	0.02198407
9.143	0.02197130
9.144	0.02196451
9.145	0.02197232
9.146	0.02197300
9.147	0.02198000
9.148	0.02198308
9.149	0.02196418
9.150	0.02196662
9.151	0.02195282
9.152	0.02194633
9.153	0.02194751
9.154	0.02194100
9.155	0.02193941
9.156	0.02195808
9.157	0.02197112
9.158	0.02194339
9.159	0.02197164
9.160	0.02196503
9.161	0.02195417
9.162	0.02196375
9.163	0.02198443
9.164	0.02197686
9.165	0.02196537
9.166	0.02194849
9.167	0.02192990
9.168	0.02192690
9.169	0.02192046
9.170	0.02191798
9.171	0.02190304
9.172	0.02192560
9.173	0.02193978
9.174	0.02191704
9.175	0.02190692
9.176	0.02189025
9.177	0.02191973
9.178	0.02193745
9.179	0.02196027
9.180	0.02196126
9.181	0.02194773
9.182	0.02192171
9.183	0.02193096
9.184	0.02191539
9.185	0.02190729
9.186	0.02189441
9.187	0.02189273
9.188	0.02189644
9.189	0.02189639
9.190	0.02190743
9.191	0.02192718
9.192	0.02192781
9.193	0.02192802
9.194	0.02192306
9.195	0.02190336
9.196	0.02193969
9.197	0.02193921
9.198	0.02191777
9.199	0.02189601
9.200	0.02189110
9.201	0.02190468
9.202	0.02189642
9.203	0.02191626
9.204	0.02192200
9.205	0.02190577
9.206	0.02188768
9.207	0.02188759
9.208	0.02189291
9.209	0.02189219
9.210	0.02188002
9.211	0.02187856
9.212	0.02186265
9.213	0.02184991
9.214	0.02184738
9.215	0.02182861
9.216	0.02184491
9.217	0.02184703
9.218	0.02185450
9.219	0.02188706
9.220	0.02188173
9.221	0.02187503
9.222	0.02187420
9.223	0.02187271
9.224	0.02185843
9.225	0.02186203
9.226	0.02185972
9.227	0.02185526
9.228	0.02185875
9.229	0.02183704
9.230	0.02181592
9.231	0.02180715
9.232	0.02178606
9.233	0.02178385
9.234	0.02178045
9.235	0.02176360
9.236	0.02178943
9.237	0.02179768
9.238	0.02179944
9.239	0.02180113
9.240	0.02178826
9.241	0.02178141
9.242	0.02178928
9.243	0.02181712
9.244	0.02178848
9.245	0.02179408
9.246	0.02179245
9.247	0.02179818
9.248	0.02180353
9.249	0.02180729
9.250	0.02180830
9.251	0.02179990
9.252	0.02181468
9.253	0.02179994
9.254	0.02180035
9.255	0.02180465
9.256	0.02179979
9.257	0.02177603
9.258	0.02175996
9.259	0.02173821
9.260	0.02173704
9.261	0.02175174
9.262	0.02175571
9.263	0.02173919
9.264	0.02173805
9.265	0.02173710
9.266	0.02171978
9.267	0.02171828
9.268	0.02173923
9.269	0.02174916
9.270	0.02176969
9.271	0.02176660
9.272	0.02178503
9.273	0.02181337
9.274	0.02180510
9.275	0.02182333
9.276	0.02181066
9.277	0.02179187
9.278	0.02180151
9.279	0.02181143
9.280	0.02180532
9.281	0.02181954
9.282	0.02182666
9.283	0.02179210
9.284	0.02181287
9.285	0.02180883
9.286	0.02179252
9.287	0.02178427
9.288	0.02180122
9.289	0.02179517
9.290	0.02178717
9.291	0.02180049
9.292	0.02180409
9.293	0.02180904
9.294	0.02182106
9.295	0.02182785
9.296	0.02182337
9.297	0.02180145
9.298	0.02180732
9.299	0.02181009
9.300	0.02181121
9.301	0.02182259
9.302	0.02183791
9.303	0.02182208
9.304	0.02181574
9.305	0.02181719
9.306	0.02181116
9.307	0.02180760
9.308	0.02181200
9.309	0.02184042
9.310	0.02184199
9.311	0.02183884
9.312	0.02182374
9.313	0.02180783
9.314	0.02182906
9.315	0.02182003
9.316	0.02181800
9.317	0.02180159
9.318	0.02178098
9.319	0.02178887
9.320	0.02178679
9.321	0.02178872
9.322	0.02178776
9.323	0.02177270
9.324	0.02177459
9.325	0.02175318
9.326	0.02175191
9.327	0.02174074
9.328	0.02174691
9.329	0.02173334
9.330	0.02174868
9.331	0.02175881
9.332	0.02176548
9.333	0.02174443
9.334	0.02176498
9.335	0.02178283
9.336	0.02179676
9.337	0.02177578
9.338	0.02177677
9.339	0.02177033
9.340	0.02176663
9.341	0.02178056
9.342	0.02178656
9.343	0.02180238
9.344	0.02178828
9.345	0.02177917
9.346	0.02175705
9.347	0.02174813
9.348	0.02173682
9.349	0.02173843
9.350	0.02173026
9.351	0.02174167
9.352	0.02175205
9.353	0.02172164
9.354	0.02170002
9.355	0.02171012
9.356	0.02171358
9.357	0.02171109
9.358	0.02170715
9.359	0.02170556
9.360	0.02170794
9.361	0.02168995
9.362	0.02170542
9.363	0.02170606
9.364	0.02171087
9.365	0.02170016
9.366	0.02170602
9.367	0.02171148
9.368	0.02170134
9.369	0.02168605
9.370	0.02169273
9.371	0.02167373
9.372	0.02167116
9.373	0.02169690
9.374	0.02165554
9.375	0.02163680
9.376	0.02162681
9.377	0.02160740
9.378	0.02160588
9.379	0.02162104
9.380	0.02162375
9.381	0.02161960
9.382	0.02159651
9.383	0.02158137
9.384	0.02157726
9.385	0.02157147
9.386	0.02155973
9.387	0.02153558
9.388	0.02152388
9.389	0.02155943
9.390	0.02157318
9.391	0.02155873
9.392	0.02157282
9.393	0.02156948
9.394	0.02159889
9.395	0.02161610
9.396	0.02163395
9.397	0.02166122
9.398	0.02164637
9.399	0.02162565
9.400	0.02165362
9.401	0.02165981
9.402	0.02164828
9.403	0.02166272
9.404	0.02167777
9.405	0.02169590
9.406	0.02169889
9.407	0.02171849
9.408	0.02171367
9.409	0.02171325
9.410	0.02172052
9.411	0.02169620
9.412	0.02169144
9.413	0.02168933
9.414	0.02169084
9.415	0.02168123
9.416	0.02169935
9.417	0.02169542
9.418	0.02168957
9.419	0.02165705
9.420	0.02165722
9.421	0.02167493
9.422	0.02169861
9.423	0.02168557
9.424	0.02169238
9.425	0.02169339
9.426	0.02170629
9.427	0.02167577
9.428	0.02168320
9.429	0.02169382
9.430	0.02171491
9.431	0.02170932
9.432	0.02170109
9.433	0.02172591
9.434	0.02173067
9.435	0.02170939
9.436	0.02172036
9.437	0.02173405
9.438	0.02173247
9.439	0.02173089
9.440	0.02173602
9.441	0.02174086
9.442	0.02174816
9.443	0.02176371
9.444	0.02178361
9.445	0.02180457
9.446	0.02180409
9.447	0.02178110
9.448	0.02177092
9.449	0.02177128
9.450	0.02176083
9.451	0.02173681
9.452	0.02173452
9.453	0.02171512
9.454	0.02170844
9.455	0.02170141
9.456	0.02169337
9.457	0.02169103
9.458	0.02168534
9.459	0.02170106
9.460	0.02169853
9.461	0.02170292
9.462	0.02170993
9.463	0.02169400
9.464	0.02168928
9.465	0.02170351
9.466	0.02168965
9.467	0.02167094
9.468	0.02166748
9.469	0.02166615
9.470	0.02167701
9.471	0.02167671
9.472	0.02167419
9.473	0.02168791
9.474	0.02168830
9.475	0.02166300
9.476	0.02166231
9.477	0.02166390
9.478	0.02167618
9.479	0.02168045
9.480	0.02171006
9.481	0.02171697
9.482	0.02172535
9.483	0.02171038
9.484	0.02171230
9.485	0.02172023
9.486	0.02171393
9.487	0.02172472
9.488	0.02173620
9.489	0.02175295
9.490	0.02175607
9.491	0.02175606
9.492	0.02175265
9.493	0.02175169
9.494	0.02177306
9.495	0.02176355
9.496	0.02175067
9.497	0.02174969
9.498	0.02173425
9.499	0.02174717
9.500	0.02176014
9.501	0.02175503
9.502	0.02175428
9.503	0.02174165
9.504	0.02173014
9.505	0.02173210
9.506	0.02174245
9.507	0.02175089
9.508	0.02175409
9.509	0.02175887
9.510	0.02174913
9.511	0.02176085
9.512	0.02173759
9.513	0.02172005
9.514	0.02171327
9.515	0.02172468
9.516	0.02171309
9.517	0.02171636
9.518	0.02169148
9.519	0.02170086
9.520	0.02170590
9.521	0.02171015
9.522	0.02169501
9.523	0.02170671
9.524	0.02170224
9.525	0.02169398
9.526	0.02168460
9.527	0.02170148
9.528	0.02168517
9.529	0.02172661
9.530	0.02173124
9.531	0.02171099
9.532	0.02170124
9.533	0.02170338
9.534	0.02172266
9.535	0.02173664
9.536	0.02172521
9.537	0.02171693
9.538	0.02171828
9.539	0.02172686
9.540	0.02173495
9.541	0.02173155
9.542	0.02172551
9.543	0.02173262
9.544	0.02173845
9.545	0.02173663
9.546	0.02174186
9.547	0.02174046
9.548	0.02173563
9.549	0.02174850
9.550	0.02176627
9.551	0.02176593
9.552	0.02175552
9.553	0.02177109
9.554	0.02176958
9.555	0.02176103
9.556	0.02174256
9.557	0.02174300
9.558	0.02174193
9.559	0.02174229
9.560	0.02175909
9.561	0.02176622
9.562	0.02175551
9.563	0.02176468
9.564	0.02179731
9.565	0.02177301
9.566	0.02177657
9.567	0.02178297
9.568	0.02177561
9.569	0.02175272
9.570	0.02174244
9.571	0.02174062
9.572	0.02175043
9.573	0.02177390
9.574	0.02176413
9.575	0.02178206
9.576	0.02177064
9.577	0.02177447
9.578	0.02178806
9.579	0.02178436
9.580	0.02177873
9.581	0.02180501
9.582	0.02181581
9.583	0.02181824
9.584	0.02183182
9.585	0.02183947
9.586	0.02183432
9.587	0.02182197
9.588	0.02183067
9.589	0.02183743
9.590	0.02184284
9.591	0.02186519
9.592	0.02186580
9.593	0.02187730
9.594	0.02186533
9.595	0.02188377
9.596	0.02188175
9.597	0.02188780
9.598	0.02189774
9.599	0.02188500
9.600	0.02188328
9.601	0.02189348
9.602	0.02191049
9.603	0.02191790
9.604	0.02192160
9.605	0.02190727
9.606	0.02188324
9.607	0.02186163
9.608	0.02187476
9.609	0.02187629
9.610	0.02186206
9.611	0.02186585
9.612	0.02185606
9.613	0.02185826
9.614	0.02186627
9.615	0.02185149
9.616	0.02186992
9.617	0.02187782
9.618	0.02188154
9.619	0.02188543
9.620	0.02187719
9.621	0.02185138
9.622	0.02185830
9.623	0.02187849
9.624	0.02188637
9.625	0.02187448
9.626	0.02188737
9.627	0.02188807
9.628	0.02189417
9.629	0.02188539
9.630	0.02187738
9.631	0.02188467
9.632	0.02189010
9.633	0.02187707
9.634	0.02188601
9.635	0.02190144
9.636	0.02189955
9.637	0.02189684
9.638	0.02189651
9.639	0.02191300
9.640	0.02190160
9.641	0.02191638
9.642	0.02190743
9.643	0.02192585
9.644	0.02192962
9.645	0.02192823
9.646	0.02191873
9.647	0.02190567
9.648	0.02191568
9.649	0.02191157
9.650	0.02192851
9.651	0.02193868
9.652	0.02193257
9.653	0.02195164
9.654	0.02195826
9.655	0.02198847
9.656	0.02198156
9.657	0.02198621
9.658	0.02197449
9.659	0.02196767
9.660	0.02196571
9.661	0.02195861
9.662	0.02196649
9.663	0.02196292
9.664	0.02199075
9.665	0.02198503
9.666	0.02197600
9.667	0.02197894
9.668	0.02200030
9.669	0.02201365
9.670	0.02200909
9.671	0.02200812
9.672	0.02200995
9.673	0.02198096
9.674	0.02199343
9.675	0.02198870
9.676	0.02200083
9.677	0.02200769
9.678	0.02201832
9.679	0.02201158
9.680	0.02200635
9.681	0.02198460
9.682	0.02200851
9.683	0.02201005
9.684	0.02200533
9.685	0.02199930
9.686	0.02197523
9.687	0.02196106
9.688	0.02194940
9.689	0.02193180
9.690	0.02190718
9.691	0.02189477
9.692	0.02191495
9.693	0.02191511
9.694	0.02190745
9.695	0.02189861
9.696	0.02188667
9.697	0.02193856
9.698	0.02195977
9.699	0.02197023
9.700	0.02195468
9.701	0.02195926
9.702	0.02195407
9.703	0.02193597
9.704	0.02194945
9.705	0.02195015
9.706	0.02192725
9.707	0.02193009
9.708	0.02192636
9.709	0.02193361
9.710	0.02194962
9.711	0.02193800
9.712	0.02194301
9.713	0.02195776
9.714	0.02196231
9.715	0.02194374
9.716	0.02192247
9.717	0.02192691
9.718	0.02193564
9.719	0.02191997
9.720	0.02192134
9.721	0.02193611
9.722	0.02192307
9.723	0.02193016
9.724	0.02194127
9.725	0.02195314
9.726	0.02191364
9.727	0.02191233
9.728	0.02192469
9.729	0.02194401
9.730	0.02195194
9.731	0.02194591
9.732	0.02196831
9.733	0.02199229
9.734	0.02198847
9.735	0.02197996
9.736	0.02198259
9.737	0.02197705
9.738	0.02196629
9.739	0.02197928
9.740	0.02198967
9.741	0.02199382
9.742	0.02198007
9.743	0.02198072
9.744	0.02199150
9.745	0.02201147
9.746	0.02201151
9.747	0.02198187
9.748	0.02199205
9.749	0.02199185
9.750	0.02197534
9.751	0.02197372
9.752	0.02199765
9.753	0.02196644
9.754	0.02195882
9.755	0.02197709
9.756	0.02197387
9.757	0.02197379
9.758	0.02195302
9.759	0.02193476
9.760	0.02194198
9.761	0.02193248
9.762	0.02193950
9.763	0.02192782
9.764	0.02193746
9.765	0.02194932
9.766	0.02193880
9.767	0.02194123
9.768	0.02196334
9.769	0.02196265
9.770	0.02196831
9.771	0.02195804
9.772	0.02194995
9.773	0.02197489
9.774	0.02196686
9.775	0.02198465
9.776	0.02199262
9.777	0.02199258
9.778	0.02196868
9.779	0.02194244
9.780	0.02191941
9.781	0.02191989
9.782	0.02192572
9.783	0.02193476
9.784	0.02192169
9.785	0.02192871
9.786	0.02196283
9.787	0.02198337
9.788	0.02200432
9.789	0.02199050
9.790	0.02198312
9.791	0.02198986
9.792	0.02199069
9.793	0.02198059
9.794	0.02197965
9.795	0.02199695
9.796	0.02200489
9.797	0.02201894
9.798	0.02200029
9.799	0.02199679
9.800	0.02196623
9.801	0.02196672
9.802	0.02198160
9.803	0.02198414
9.804	0.02198503
9.805	0.02201861
9.806	0.02202829
9.807	0.02201647
9.808	0.02200966
9.809	0.02202676
9.810	0.02201561
9.811	0.02203209
9.812	0.02201288
9.813	0.02200607
9.814	0.02204162
9.815	0.02203110
9.816	0.02202221
9.817	0.02200829
9.818	0.02201567
9.819	0.02202281
9.820	0.02202107
9.821	0.02201226
9.822	0.02202506
9.823	0.02202379
9.824	0.02203666
9.825	0.02203382
9.826	0.02202754
9.827	0.02200471
9.828	0.02202562
9.829	0.02202654
9.830	0.02202834
9.831	0.02201534
9.832	0.02200731
9.833	0.02202321
9.834	0.02202478
9.835	0.02202018
9.836	0.02201783
9.837	0.02201689
9.838	0.02200670
9.839	0.02200652
9.840	0.02200052
9.841	0.02200926
9.842	0.02202480
9.843	0.02202684
9.844	0.02200446
9.845	0.02199873
9.846	0.02200903
9.847	0.02199984
9.848	0.02199587
9.849	0.02199389
9.850	0.02196066
9.851	0.02195380
9.852	0.02196330
9.853	0.02196873
9.854	0.02198037
9.855	0.02198828
9.856	0.02198673
9.857	0.02198544
9.858	0.02197280
9.859	0.02197640
9.860	0.02198519
9.861	0.02199139
9.862	0.02198941
9.863	0.02203240
9.864	0.02203760
9.865	0.02203744
9.866	0.02200423
9.867	0.02200793
9.868	0.02201108
9.869	0.02198091
9.870	0.02197397
9.871	0.02197242
9.872	0.02197219
9.873	0.02195562
9.874	0.02196920
9.875	0.02195236
9.876	0.02197968
9.877	0.02196423
9.878	0.02194442
9.879	0.02194604
9.880	0.02194721
9.881	0.02193471
9.882	0.02193882
9.883	0.02195250
9.884	0.02191339
9.885	0.02190207
9.886	0.02189837
9.887	0.02191614
9.888	0.02192778
9.889	0.02192195
9.890	0.02192255
9.891	0.02192173
9.892	0.02190607
9.893	0.02191313
9.894	0.02191484
9.895	0.02191168
9.896	0.02192292
9.897	0.02194656
9.898	0.02196256
9.899	0.02197562
9.900	0.02197471
9.901	0.02197303
9.902	0.02196267
9.903	0.02197920
9.904	0.02197015
9.905	0.02198962
9.906	0.02196446
9.907	0.02197498
9.908	0.02196569
9.909	0.02195175
9.910	0.02195796
9.911	0.02194585
9.912	0.02192833
9.913	0.02191856
9.914	0.02189961
9.915	0.02190343
9.916	0.02190489
9.917	0.02189852
9.918	0.02191549
9.919	0.02191667
9.920	0.02188947
9.921	0.02189679
9.922	0.02191498
9.923	0.02188573
9.924	0.02189457
9.925	0.02190597
9.926	0.02188126
9.927	0.02188982
9.928	0.02188485
9.929	0.02190276
9.930	0.02189482
9.931	0.02191935
9.932	0.02191562
9.933	0.02194913
9.934	0.02194869
9.935	0.02195244
9.936	0.02194596
9.937	0.02193323
9.938	0.02191862
9.939	0.02191680
9.940	0.02191717
9.941	0.02191986
9.942	0.02192759
9.943	0.02191354
9.944	0.02188901
9.945	0.02192200
9.946	0.02193652
9.947	0.02193328
9.948	0.02193342
9.949	0.02194780
9.950	0.02195144
9.951	0.02197067
9.952	0.02198584
9.953	0.02198093
9.954	0.02197263
9.955	0.02196233
9.956	0.02195406
9.957	0.02195345
9.958	0.02195342
9.959	0.02192859
9.960	0.02192041
9.961	0.02191573
9.962	0.02191855
9.963	0.02190496
9.964	0.02191499
9.965	0.02193221
9.966	0.02194061
9.967	0.02193423
9.968	0.02192546
9.969	0.02192205
9.970	0.02191209
9.971	0.02195232
9.972	0.02194357
9.973	0.02194916
9.974	0.02195261
9.975	0.02194765
9.976	0.02193977
9.977	0.02193227
9.978	0.02195600
9.979	0.02193829
9.980	0.02193227
9.981	0.02194058
9.982	0.02194171
9.983	0.02191904
9.984	0.02188415
9.985	0.02187440
9.986	0.02186830
9.987	0.02186782
9.988	0.02185456
9.989	0.02185641
9.990	0.02183902
9.991	0.02184592
9.992	0.02185624
9.993	0.02184575
9.994	0.02186964
9.995	0.02185083
9.996	0.02183473
9.997	0.02182937
9.998	0.02182162
9.999	0.02182263
