# NTRAJ	500
0.000	1.00000000
0.001	1.00000000
0.002	1.00000000
0.003	1.00000000
0.004	1.00000000
0.005	1.00000000
0.006	1.00000000
0.007	1.00000000
0.008	1.00000000
0.009	1.00000000
0.010	1.00000000
0.011	1.00000000
0.012	1.00000000
0.013	1.00000000
0.014	1.00000000
0.015	1.00000000
0.016	1.00000000
0.017	1.00000000
0.018	1.00000000
0.019	1.00000000
0.020	1.00000000
0.021	1.00000000
0.022	1.00000000
0.023	1.00000000
0.024	1.00000000
0.025	1.00000000
0.026	1.00000000
0.027	1.00000000
0.028	1.00000000
0.029	1.00000000
0.030	0.99999999
0.031	0.99999999
0.032	0.99999999
0.033	0.99999999
0.034	0.99999999
0.035	0.99999999
0.036	0.99999999
0.037	0.99999998
0.038	0.99999998
0.039	0.99999998
0.040	0.99999998
0.041	0.99999997
0.042	0.99999997
0.043	0.99999997
0.044	0.99999996
0.045	0.99999996
0.046	0.99999995
0.047	0.99999995
0.048	0.99999994
0.049	0.99999994
0.050	0.99999993
0.051	0.99999992
0.052	0.99999991
0.053	0.99999990
0.054	0.99999990
0.055	0.99999989
0.056	0.99999988
0.057	0.99999986
0.058	0.99999985
0.059	0.99999984
0.060	0.99999982
0.061	0.99999981
0.062	0.99999979
0.063	0.99999978
0.064	0.99999976
0.065	0.99999974
0.066	0.99999972
0.067	0.99999970
0.068	0.99999967
0.069	0.99999965
0.070	0.99999962
0.071	0.99999960
0.072	0.99999957
0.073	0.99999954
0.074	0.99999951
0.075	0.99999947
0.076	0.99999944
0.077	0.99999940
0.078	0.99999936
0.079	0.99999932
0.080	0.99999928
0.081	0.99999923
0.082	0.99999918
0.083	0.99999913
0.084	0.99999908
0.085	0.99999902
0.086	0.99999897
0.087	0.99999891
0.088	0.99999884
0.089	0.99999878
0.090	0.99999871
0.091	0.99999864
0.092	0.99999856
0.093	0.99999848
0.094	0.99999840
0.095	0.99999832
0.096	0.99999823
0.097	0.99999814
0.098	0.99999804
0.099	0.99999794
0.100	0.99999784
0.101	0.99999773
0.102	0.99999762
0.103	0.99999750
0.104	0.99999738
0.105	0.99999725
0.106	0.99999712
0.107	0.99999699
0.108	0.99999685
0.109	0.99999670
0.110	0.99999655
0.111	0.99999640
0.112	0.99999624
0.113	0.99999607
0.114	0.99999590
0.115	0.99999572
0.116	0.99999553
0.117	0.99999534
0.118	0.99999514
0.119	0.99999494
0.120	0.99999473
0.121	0.99999451
0.122	0.99999429
0.123	0.99999406
0.124	0.99999382
0.125	0.99999357
0.126	0.99999332
0.127	0.99999306
0.128	0.99999279
0.129	0.99999252
0.130	0.99999223
0.131	0.99999193
0.132	0.99999163
0.133	0.99999132
0.134	0.99999100
0.135	0.99999067
0.136	0.99999033
0.137	0.99998998
0.138	0.99998962
0.139	0.99998924
0.140	0.99998886
0.141	0.99998847
0.142	0.99998807
0.143	0.99998767
0.144	0.99998725
0.145	0.99998681
0.146	0.99998637
0.147	0.99998591
0.148	0.99998544
0.149	0.99998494
0.150	0.99998445
0.151	0.99998394
0.152	0.99998341
0.153	0.99998288
0.154	0.99998234
0.155	0.99998178
0.156	0.99998120
0.157	0.99998061
0.158	0.99998001
0.159	0.99997937
0.160	0.99997875
0.161	0.99997809
0.162	0.99997742
0.163	0.99997675
0.164	0.99997605
0.165	0.99997535
0.166	0.99997464
0.167	0.99997389
0.168	0.99997311
0.169	0.99997235
0.170	0.99997155
0.171	0.99997076
0.172	0.99996993
0.173	0.99996908
0.174	0.99996819
0.175	0.99996730
0.176	0.99996639
0.177	0.99996547
0.178	0.99996452
0.179	0.99996355
0.180	0.99996253
0.181	0.99996153
0.182	0.99996053
0.183	0.99995945
0.184	0.99995839
0.185	0.99995730
0.186	0.99995621
0.187	0.99995504
0.188	0.99995385
0.189	0.99995267
0.190	0.99995145
0.191	0.99995024
0.192	0.99994896
0.193	0.99994766
0.194	0.99994632
0.195	0.99994492
0.196	0.99994356
0.197	0.99994220
0.198	0.99994078
0.199	0.99993933
0.200	0.99993790
0.201	0.99993636
0.202	0.99993481
0.203	0.99993322
0.204	0.99993166
0.205	0.99993005
0.206	0.99992838
0.207	0.99992674
0.208	0.99992502
0.209	0.99992337
0.210	0.99992164
0.211	0.99991988
0.212	0.99991799
0.213	0.99991616
0.214	0.99991431
0.215	0.99991238
0.216	0.99991038
0.217	0.99990839
0.218	0.99990636
0.219	0.99990427
0.220	0.99990231
0.221	0.99990027
0.222	0.99989808
0.223	0.99989598
0.224	0.99989372
0.225	0.99989143
0.226	0.99988919
0.227	0.99988694
0.228	0.99988453
0.229	0.99988200
0.230	0.99987957
0.231	0.99987708
0.232	0.99987442
0.233	0.99987187
0.234	0.99986921
0.235	0.99986654
0.236	0.99986388
0.237	0.99986116
0.238	0.99985838
0.239	0.99985563
0.240	0.99985257
0.241	0.99984967
0.242	0.99984681
0.243	0.99984370
0.244	0.99984060
0.245	0.99983736
0.246	0.99983413
0.247	0.99983088
0.248	0.99982761
0.249	0.99982420
0.250	0.99982073
0.251	0.99981745
0.252	0.99981394
0.253	0.99981050
0.254	0.99980698
0.255	0.99980359
0.256	0.99980004
0.257	0.99979643
0.258	0.99979291
0.259	0.99978928
0.260	0.99978550
0.261	0.99978170
0.262	0.99977759
0.263	0.99977343
0.264	0.99976938
0.265	0.99976525
0.266	0.99976134
0.267	0.99975711
0.268	0.99975298
0.269	0.99974885
0.270	0.99974453
0.271	0.99974036
0.272	0.99973593
0.273	0.99973162
0.274	0.99972698
0.275	0.99972219
0.276	0.99971783
0.277	0.99971308
0.278	0.99970849
0.279	0.99970352
0.280	0.99969844
0.281	0.99969319
0.282	0.99968798
0.283	0.99968276
0.284	0.99967763
0.285	0.99967264
0.286	0.99966709
0.287	0.99966159
0.288	0.99965666
0.289	0.99965118
0.290	0.99964539
0.291	0.99963945
0.292	0.99963365
0.293	0.99962749
0.294	0.99962175
0.295	0.99961621
0.296	0.99961051
0.297	0.99960446
0.298	0.99959841
0.299	0.99959264
0.300	0.99958553
0.301	0.99957919
0.302	0.99957265
0.303	0.99956626
0.304	0.99956006
0.305	0.99955307
0.306	0.99954591
0.307	0.99953888
0.308	0.99953213
0.309	0.99952528
0.310	0.99951828
0.311	0.99951086
0.312	0.99950362
0.313	0.99949632
0.314	0.99948848
0.315	0.99948111
0.316	0.99947339
0.317	0.99946608
0.318	0.99945781
0.319	0.99944995
0.320	0.99944176
0.321	0.99943287
0.322	0.99942437
0.323	0.99941614
0.324	0.99940761
0.325	0.99939913
0.326	0.99939115
0.327	0.99938298
0.328	0.99937370
0.329	0.99936439
0.330	0.99935653
0.331	0.99934712
0.332	0.99933752
0.333	0.99932886
0.334	0.99932025
0.335	0.99931125
0.336	0.99930188
0.337	0.99929186
0.338	0.99928184
0.339	0.99927201
0.340	0.99926156
0.341	0.99925174
0.342	0.99924205
0.343	0.99923187
0.344	0.99922195
0.345	0.99921092
0.346	0.99920062
0.347	0.99918938
0.348	0.99917817
0.349	0.99916599
0.350	0.99915581
0.351	0.99914426
0.352	0.99913485
0.353	0.99912238
0.354	0.99911155
0.355	0.99910084
0.356	0.99908947
0.357	0.99907689
0.358	0.99906510
0.359	0.99905214
0.360	0.99903952
0.361	0.99902776
0.362	0.99901622
0.363	0.99900453
0.364	0.99899281
0.365	0.99897910
0.366	0.99896645
0.367	0.99895474
0.368	0.99894270
0.369	0.99893125
0.370	0.99891734
0.371	0.99890281
0.372	0.99888918
0.373	0.99887568
0.374	0.99886159
0.375	0.99884758
0.376	0.99883436
0.377	0.99882056
0.378	0.99880701
0.379	0.99879318
0.380	0.99877902
0.381	0.99876189
0.382	0.99874822
0.383	0.99873423
0.384	0.99872095
0.385	0.99870634
0.386	0.99868983
0.387	0.99867425
0.388	0.99865931
0.389	0.99864334
0.390	0.99862808
0.391	0.99861299
0.392	0.99859585
0.393	0.99858129
0.394	0.99856503
0.395	0.99855063
0.396	0.99853426
0.397	0.99851841
0.398	0.99850230
0.399	0.99848697
0.400	0.99846867
0.401	0.99845367
0.402	0.99843905
0.403	0.99842274
0.404	0.99840415
0.405	0.99838378
0.406	0.99836460
0.407	0.99834519
0.408	0.99832659
0.409	0.99830515
0.410	0.99828676
0.411	0.99827093
0.412	0.99825215
0.413	0.99823071
0.414	0.99821025
0.415	0.99818793
0.416	0.99817024
0.417	0.99814892
0.418	0.99812808
0.419	0.99810953
0.420	0.99809018
0.421	0.99807033
0.422	0.99804921
0.423	0.99802791
0.424	0.99800693
0.425	0.99798806
0.426	0.99796592
0.427	0.99794537
0.428	0.99792321
0.429	0.99790164
0.430	0.99788253
0.431	0.99786304
0.432	0.99784392
0.433	0.99782164
0.434	0.99779808
0.435	0.99777800
0.436	0.99775504
0.437	0.99772821
0.438	0.99770432
0.439	0.99767659
0.440	0.99765216
0.441	0.99763012
0.442	0.99760723
0.443	0.99758366
0.444	0.99756155
0.445	0.99753968
0.446	0.99751775
0.447	0.99749418
0.448	0.99746813
0.449	0.99744134
0.450	0.99741683
0.451	0.99738594
0.452	0.99735841
0.453	0.99733042
0.454	0.99730267
0.455	0.99727655
0.456	0.99724872
0.457	0.99722798
0.458	0.99719915
0.459	0.99716673
0.460	0.99714148
0.461	0.99711010
0.462	0.99708201
0.463	0.99705564
0.464	0.99703070
0.465	0.99700496
0.466	0.99697042
0.467	0.99693780
0.468	0.99690800
0.469	0.99687956
0.470	0.99685306
0.471	0.99682877
0.472	0.99680201
0.473	0.99677807
0.474	0.99674551
0.475	0.99671740
0.476	0.99668740
0.477	0.99665755
0.478	0.99662180
0.479	0.99659290
0.480	0.99655572
0.481	0.99652343
0.482	0.99648763
0.483	0.99645584
0.484	0.99642162
0.485	0.99638697
0.486	0.99635258
0.487	0.99632304
0.488	0.99629360
0.489	0.99626544
0.490	0.99622989
0.491	0.99619220
0.492	0.99615622
0.493	0.99612211
0.494	0.99608218
0.495	0.99604797
0.496	0.99600982
0.497	0.99597656
0.498	0.99594796
0.499	0.99591014
0.500	0.99588085
0.501	0.99584073
0.502	0.99579282
0.503	0.99575139
0.504	0.99572128
0.505	0.99568857
0.506	0.99565355
0.507	0.99561071
0.508	0.99557380
0.509	0.99554613
0.510	0.99550680
0.511	0.99546857
0.512	0.99542914
0.513	0.99538256
0.514	0.99534917
0.515	0.99531834
0.516	0.99528505
0.517	0.99523935
0.518	0.99520224
0.519	0.99515567
0.520	0.99511835
0.521	0.99507235
0.522	0.99502582
0.523	0.99498470
0.524	0.99493636
0.525	0.99489277
0.526	0.99484881
0.527	0.99481180
0.528	0.99478133
0.529	0.99473713
0.530	0.99469275
0.531	0.99465209
0.532	0.99461494
0.533	0.99456638
0.534	0.99453047
0.535	0.99449133
0.536	0.99444591
0.537	0.99440531
0.538	0.99435963
0.539	0.99431463
0.540	0.99427441
0.541	0.99423540
0.542	0.99418035
0.543	0.99413550
0.544	0.99408882
0.545	0.99404635
0.546	0.99399442
0.547	0.99394800
0.548	0.99390568
0.549	0.99385213
0.550	0.99380256
0.551	0.99375781
0.552	0.99370373
0.553	0.99365579
0.554	0.99360324
0.555	0.99355255
0.556	0.99350236
0.557	0.99344818
0.558	0.99338415
0.559	0.99333079
0.560	0.99327235
0.561	0.99321280
0.562	0.99315279
0.563	0.99310077
0.564	0.99306130
0.565	0.99299928
0.566	0.99294342
0.567	0.99289639
0.568	0.99285161
0.569	0.99281348
0.570	0.99274968
0.571	0.99270363
0.572	0.99265808
0.573	0.99261146
0.574	0.99255006
0.575	0.99250135
0.576	0.99243273
0.577	0.99237960
0.578	0.99232277
0.579	0.99225326
0.580	0.99218871
0.581	0.99213066
0.582	0.99206582
0.583	0.99199964
0.584	0.99194111
0.585	0.99189228
0.586	0.99181857
0.587	0.99176292
0.588	0.99168986
0.589	0.99164523
0.590	0.99159359
0.591	0.99153660
0.592	0.99146700
0.593	0.99138793
0.594	0.99133063
0.595	0.99125801
0.596	0.99119473
0.597	0.99114274
0.598	0.99106190
0.599	0.99099831
0.600	0.99092006
0.601	0.99084528
0.602	0.99077552
0.603	0.99070632
0.604	0.99062609
0.605	0.99057054
0.606	0.99049723
0.607	0.99042070
0.608	0.99035160
0.609	0.99027292
0.610	0.99022186
0.611	0.99015356
0.612	0.99007436
0.613	0.98998805
0.614	0.98993758
0.615	0.98984929
0.616	0.98978277
0.617	0.98972050
0.618	0.98967063
0.619	0.98960399
0.620	0.98951028
0.621	0.98945053
0.622	0.98938551
0.623	0.98931869
0.624	0.98924223
0.625	0.98919614
0.626	0.98911495
0.627	0.98902796
0.628	0.98894887
0.629	0.98887393
0.630	0.98880922
0.631	0.98873518
0.632	0.98867299
0.633	0.98862642
0.634	0.98855300
0.635	0.98848036
0.636	0.98838551
0.637	0.98828912
0.638	0.98816685
0.639	0.98809790
0.640	0.98803151
0.641	0.98797084
0.642	0.98787961
0.643	0.98777729
0.644	0.98770768
0.645	0.98763056
0.646	0.98756077
0.647	0.98748399
0.648	0.98741017
0.649	0.98733669
0.650	0.98726613
0.651	0.98717853
0.652	0.98710901
0.653	0.98700954
0.654	0.98693770
0.655	0.98685431
0.656	0.98678012
0.657	0.98668263
0.658	0.98657755
0.659	0.98648215
0.660	0.98639448
0.661	0.98630151
0.662	0.98621784
0.663	0.98614896
0.664	0.98603294
0.665	0.98594408
0.666	0.98586196
0.667	0.98578089
0.668	0.98570773
0.669	0.98563722
0.670	0.98555368
0.671	0.98545149
0.672	0.98534236
0.673	0.98525441
0.674	0.98515756
0.675	0.98506049
0.676	0.98495456
0.677	0.98485609
0.678	0.98477640
0.679	0.98468451
0.680	0.98457903
0.681	0.98451187
0.682	0.98446013
0.683	0.98435697
0.684	0.98424486
0.685	0.98413325
0.686	0.98404706
0.687	0.98395868
0.688	0.98386056
0.689	0.98378975
0.690	0.98368877
0.691	0.98362342
0.692	0.98354803
0.693	0.98343544
0.694	0.98330741
0.695	0.98319246
0.696	0.98308602
0.697	0.98300184
0.698	0.98287012
0.699	0.98279848
0.700	0.98270616
0.701	0.98258116
0.702	0.98247478
0.703	0.98238293
0.704	0.98225928
0.705	0.98215787
0.706	0.98210795
0.707	0.98201795
0.708	0.98191481
0.709	0.98182703
0.710	0.98171051
0.711	0.98159864
0.712	0.98151240
0.713	0.98140203
0.714	0.98130083
0.715	0.98116420
0.716	0.98104253
0.717	0.98095199
0.718	0.98081208
0.719	0.98072499
0.720	0.98061524
0.721	0.98052572
0.722	0.98039646
0.723	0.98028084
0.724	0.98017662
0.725	0.98004332
0.726	0.97995446
0.727	0.97979658
0.728	0.97967126
0.729	0.97956749
0.730	0.97944597
0.731	0.97933690
0.732	0.97921798
0.733	0.97914071
0.734	0.97898206
0.735	0.97886285
0.736	0.97875642
0.737	0.97866945
0.738	0.97856852
0.739	0.97844002
0.740	0.97833187
0.741	0.97820287
0.742	0.97813360
0.743	0.97803972
0.744	0.97796553
0.745	0.97792057
0.746	0.97782988
0.747	0.97775733
0.748	0.97765378
0.749	0.97757413
0.750	0.97745094
0.751	0.97734419
0.752	0.97720360
0.753	0.97703741
0.754	0.97692003
0.755	0.97682241
0.756	0.97672985
0.757	0.97662327
0.758	0.97650440
0.759	0.97636122
0.760	0.97620240
0.761	0.97605571
0.762	0.97594308
0.763	0.97580543
0.764	0.97561671
0.765	0.97551177
0.766	0.97543777
0.767	0.97534850
0.768	0.97525730
0.769	0.97514019
0.770	0.97501823
0.771	0.97492637
0.772	0.97481485
0.773	0.97468485
0.774	0.97458918
0.775	0.97443514
0.776	0.97432462
0.777	0.97419109
0.778	0.97407362
0.779	0.97395141
0.780	0.97382906
0.781	0.97366652
0.782	0.97354713
0.783	0.97347776
0.784	0.97333736
0.785	0.97323025
0.786	0.97307871
0.787	0.97294074
0.788	0.97273672
0.789	0.97257107
0.790	0.97243327
0.791	0.97229774
0.792	0.97214399
0.793	0.97200207
0.794	0.97187659
0.795	0.97175155
0.796	0.97163391
0.797	0.97151941
0.798	0.97130920
0.799	0.97108245
0.800	0.97095017
0.801	0.97076409
0.802	0.97063312
0.803	0.97042501
0.804	0.97025664
0.805	0.97009852
0.806	0.96987063
0.807	0.96973859
0.808	0.96959738
0.809	0.96947380
0.810	0.96937279
0.811	0.96924984
0.812	0.96908326
0.813	0.96902931
0.814	0.96887920
0.815	0.96878225
0.816	0.96854474
0.817	0.96837815
0.818	0.96827508
0.819	0.96809202
0.820	0.96792673
0.821	0.96782631
0.822	0.96775897
0.823	0.96762485
0.824	0.96752935
0.825	0.96743509
0.826	0.96724468
0.827	0.96712588
0.828	0.96695571
0.829	0.96683876
0.830	0.96666144
0.831	0.96647149
0.832	0.96637887
0.833	0.96621128
0.834	0.96604200
0.835	0.96581794
0.836	0.96562943
0.837	0.96546014
0.838	0.96532165
0.839	0.96513161
0.840	0.96496030
0.841	0.96490459
0.842	0.96467463
0.843	0.96448115
0.844	0.96431377
0.845	0.96414609
0.846	0.96394727
0.847	0.96375919
0.848	0.96362354
0.849	0.96348314
0.850	0.96331906
0.851	0.96322068
0.852	0.96308278
0.853	0.96299777
0.854	0.96280963
0.855	0.96257084
0.856	0.96242861
0.857	0.96223023
0.858	0.96209321
0.859	0.96187920
0.860	0.96176376
0.861	0.96163623
0.862	0.96149226
0.863	0.96124087
0.864	0.96108534
0.865	0.96093644
0.866	0.96080102
0.867	0.96060293
0.868	0.96048376
0.869	0.96020423
0.870	0.96002929
0.871	0.95978642
0.872	0.95968715
0.873	0.95962590
0.874	0.95943708
0.875	0.95934072
0.876	0.95910939
0.877	0.95893653
0.878	0.95869613
0.879	0.95846870
0.880	0.95831100
0.881	0.95803451
0.882	0.95790456
0.883	0.95766791
0.884	0.95750976
0.885	0.95725364
0.886	0.95707962
0.887	0.95686743
0.888	0.95667242
0.889	0.95655155
0.890	0.95641937
0.891	0.95623008
0.892	0.95595551
0.893	0.95577857
0.894	0.95562678
0.895	0.95558668
0.896	0.95536109
0.897	0.95521131
0.898	0.95487577
0.899	0.95473204
0.900	0.95462696
0.901	0.95440609
0.902	0.95427397
0.903	0.95403765
0.904	0.95381528
0.905	0.95372917
0.906	0.95339280
0.907	0.95317809
0.908	0.95306160
0.909	0.95288352
0.910	0.95263924
0.911	0.95240915
0.912	0.95221853
0.913	0.95201573
0.914	0.95176444
0.915	0.95165196
0.916	0.95144821
0.917	0.95133044
0.918	0.95115804
0.919	0.95107840
0.920	0.95086002
0.921	0.95067612
0.922	0.95048424
0.923	0.95034520
0.924	0.95013770
0.925	0.94996570
0.926	0.94965576
0.927	0.94948733
0.928	0.94922306
0.929	0.94892116
0.930	0.94876321
0.931	0.94849710
0.932	0.94828741
0.933	0.94818477
0.934	0.94805563
0.935	0.94793755
0.936	0.94774938
0.937	0.94759438
0.938	0.94748180
0.939	0.94738505
0.940	0.94707151
0.941	0.94681695
0.942	0.94649048
0.943	0.94619095
0.944	0.94607935
0.945	0.94586219
0.946	0.94578677
0.947	0.94565265
0.948	0.94548051
0.949	0.94517392
0.950	0.94496529
0.951	0.94479865
0.952	0.94457889
0.953	0.94434737
0.954	0.94405513
0.955	0.94385409
0.956	0.94360434
0.957	0.94356966
0.958	0.94343218
0.959	0.94326135
0.960	0.94313215
0.961	0.94289010
0.962	0.94286248
0.963	0.94257693
0.964	0.94247492
0.965	0.94239478
0.966	0.94222547
0.967	0.94222569
0.968	0.94199346
0.969	0.94162913
0.970	0.94150718
0.971	0.94132079
0.972	0.94126957
0.973	0.94111674
0.974	0.94098993
0.975	0.94076716
0.976	0.94048496
0.977	0.94015872
0.978	0.94000787
0.979	0.93981130
0.980	0.93947586
0.981	0.93910923
0.982	0.93890868
0.983	0.93864438
0.984	0.93836516
0.985	0.93827935
0.986	0.93813569
0.987	0.93787183
0.988	0.93760630
0.989	0.93723731
0.990	0.93700258
0.991	0.93667828
0.992	0.93653479
0.993	0.93642917
0.994	0.93610743
0.995	0.93580497
0.996	0.93547166
0.997	0.93532080
0.998	0.93514886
0.999	0.93485725
1.000	0.93458803
1.001	0.93425039
1.002	0.93404170
1.003	0.93379421
1.004	0.93375646
1.005	0.93369831
1.006	0.93359594
1.007	0.93344163
1.008	0.93316388
1.009	0.93283600
1.010	0.93256744
1.011	0.93233568
1.012	0.93210010
1.013	0.93195094
1.014	0.93155201
1.015	0.93137856
1.016	0.93128989
1.017	0.93102765
1.018	0.93071749
1.019	0.93061113
1.020	0.93047258
1.021	0.93040582
1.022	0.93015297
1.023	0.92998807
1.024	0.92971236
1.025	0.92935075
1.026	0.92904172
1.027	0.92894767
1.028	0.92860082
1.029	0.92833430
1.030	0.92806854
1.031	0.92779568
1.032	0.92752969
1.033	0.92722271
1.034	0.92701307
1.035	0.92671011
1.036	0.92639796
1.037	0.92626043
1.038	0.92594211
1.039	0.92557645
1.040	0.92519436
1.041	0.92494333
1.042	0.92467681
1.043	0.92426607
1.044	0.92396720
1.045	0.92368643
1.046	0.92338399
1.047	0.92318378
1.048	0.92293345
1.049	0.92270081
1.050	0.92236126
1.051	0.92211346
1.052	0.92177156
1.053	0.92152241
1.054	0.92127541
1.055	0.92095937
1.056	0.92067822
1.057	0.92032055
1.058	0.92009897
1.059	0.91997182
1.060	0.91979275
1.061	0.91949235
1.062	0.91934141
1.063	0.91919161
1.064	0.91898708
1.065	0.91881383
1.066	0.91839987
1.067	0.91819548
1.068	0.91780178
1.069	0.91756109
1.070	0.91734997
1.071	0.91691070
1.072	0.91646906
1.073	0.91625983
1.074	0.91604977
1.075	0.91604164
1.076	0.91588910
1.077	0.91555171
1.078	0.91520898
1.079	0.91502528
1.080	0.91467635
1.081	0.91460074
1.082	0.91431224
1.083	0.91420524
1.084	0.91390512
1.085	0.91368933
1.086	0.91328400
1.087	0.91313013
1.088	0.91279024
1.089	0.91257183
1.090	0.91217283
1.091	0.91186648
1.092	0.91156474
1.093	0.91129274
1.094	0.91079836
1.095	0.91053305
1.096	0.91038621
1.097	0.91030563
1.098	0.90979697
1.099	0.90956885
1.100	0.90925097
1.101	0.90889940
1.102	0.90867985
1.103	0.90827757
1.104	0.90798336
1.105	0.90787731
1.106	0.90764816
1.107	0.90753671
1.108	0.90732457
1.109	0.90714676
1.110	0.90685146
1.111	0.90664025
1.112	0.90630461
1.113	0.90615276
1.114	0.90589893
1.115	0.90567718
1.116	0.90520634
1.117	0.90519286
1.118	0.90493849
1.119	0.90466677
1.120	0.90437695
1.121	0.90416868
1.122	0.90393531
1.123	0.90381424
1.124	0.90353843
1.125	0.90316725
1.126	0.90300049
1.127	0.90296920
1.128	0.90280262
1.129	0.90241149
1.130	0.90210062
1.131	0.90195932
1.132	0.90190809
1.133	0.90166360
1.134	0.90153498
1.135	0.90122021
1.136	0.90104453
1.137	0.90089024
1.138	0.90059681
1.139	0.90047023
1.140	0.90038574
1.141	0.90008786
1.142	0.89998298
1.143	0.89959417
1.144	0.89924223
1.145	0.89913896
1.146	0.89879922
1.147	0.89853628
1.148	0.89834427
1.149	0.89793136
1.150	0.89773657
1.151	0.89749102
1.152	0.89729846
1.153	0.89683040
1.154	0.89680166
1.155	0.89653485
1.156	0.89605246
1.157	0.89578254
1.158	0.89555956
1.159	0.89541299
1.160	0.89522822
1.161	0.89505021
1.162	0.89477996
1.163	0.89461299
1.164	0.89453447
1.165	0.89430080
1.166	0.89402379
1.167	0.89359974
1.168	0.89349420
1.169	0.89327051
1.170	0.89307969
1.171	0.89270192
1.172	0.89239996
1.173	0.89207548
1.174	0.89158776
1.175	0.89135632
1.176	0.89085523
1.177	0.89061385
1.178	0.89021910
1.179	0.88997013
1.180	0.88954710
1.181	0.88920318
1.182	0.88905307
1.183	0.88872838
1.184	0.88840083
1.185	0.88833940
1.186	0.88802118
1.187	0.88783130
1.188	0.88761524
1.189	0.88731062
1.190	0.88701361
1.191	0.88688674
1.192	0.88666891
1.193	0.88637542
1.194	0.88608460
1.195	0.88568260
1.196	0.88538218
1.197	0.88491336
1.198	0.88441858
1.199	0.88406313
1.200	0.88370934
1.201	0.88341377
1.202	0.88330215
1.203	0.88281017
1.204	0.88236801
1.205	0.88200079
1.206	0.88149353
1.207	0.88114888
1.208	0.88067251
1.209	0.88024684
1.210	0.88007478
1.211	0.87970444
1.212	0.87953583
1.213	0.87929087
1.214	0.87861284
1.215	0.87811555
1.216	0.87795576
1.217	0.87751224
1.218	0.87740577
1.219	0.87708617
1.220	0.87668395
1.221	0.87612920
1.222	0.87575141
1.223	0.87534570
1.224	0.87515191
1.225	0.87478718
1.226	0.87449622
1.227	0.87427245
1.228	0.87381881
1.229	0.87364790
1.230	0.87327950
1.231	0.87318794
1.232	0.87294755
1.233	0.87289808
1.234	0.87247249
1.235	0.87222507
1.236	0.87192057
1.237	0.87156405
1.238	0.87130298
1.239	0.87092263
1.240	0.87059342
1.241	0.87019535
1.242	0.86993844
1.243	0.86946572
1.244	0.86901655
1.245	0.86861706
1.246	0.86856244
1.247	0.86842374
1.248	0.86789651
1.249	0.86771531
1.250	0.86753654
1.251	0.86714203
1.252	0.86687969
1.253	0.86645632
1.254	0.86621276
1.255	0.86567365
1.256	0.86514579
1.257	0.86484472
1.258	0.86427533
1.259	0.86407075
1.260	0.86371900
1.261	0.86311439
1.262	0.86299011
1.263	0.86249634
1.264	0.86202388
1.265	0.86185785
1.266	0.86138442
1.267	0.86127768
1.268	0.86089299
1.269	0.86089103
1.270	0.86064765
1.271	0.86046106
1.272	0.86027527
1.273	0.85980709
1.274	0.85967262
1.275	0.85927497
1.276	0.85894396
1.277	0.85869848
1.278	0.85837213
1.279	0.85805938
1.280	0.85795068
1.281	0.85769835
1.282	0.85735643
1.283	0.85709714
1.284	0.85680774
1.285	0.85641050
1.286	0.85613914
1.287	0.85586880
1.288	0.85519951
1.289	0.85480203
1.290	0.85435772
1.291	0.85370830
1.292	0.85342836
1.293	0.85310443
1.294	0.85274668
1.295	0.85261112
1.296	0.85267248
1.297	0.85247408
1.298	0.85237761
1.299	0.85218809
1.300	0.85234173
1.301	0.85203955
1.302	0.85184353
1.303	0.85143320
1.304	0.85140469
1.305	0.85123360
1.306	0.85092705
1.307	0.85070264
1.308	0.85026473
1.309	0.84971139
1.310	0.84930662
1.311	0.84900110
1.312	0.84878959
1.313	0.84878891
1.314	0.84833933
1.315	0.84820339
1.316	0.84779288
1.317	0.84747852
1.318	0.84710712
1.319	0.84690493
1.320	0.84677619
1.321	0.84665258
1.322	0.84612890
1.323	0.84560258
1.324	0.84516494
1.325	0.84503581
1.326	0.84474377
1.327	0.84444717
1.328	0.84409565
1.329	0.84388732
1.330	0.84362089
1.331	0.84329860
1.332	0.84292430
1.333	0.84282716
1.334	0.84247965
1.335	0.84207967
1.336	0.84171246
1.337	0.84135351
1.338	0.84093783
1.339	0.84083755
1.340	0.84030384
1.341	0.83978342
1.342	0.83942247
1.343	0.83897950
1.344	0.83854958
1.345	0.83787777
1.346	0.83747986
1.347	0.83691877
1.348	0.83666248
1.349	0.83639315
1.350	0.83600987
1.351	0.83546010
1.352	0.83521721
1.353	0.83455815
1.354	0.83437095
1.355	0.83401103
1.356	0.83361375
1.357	0.83318528
1.358	0.83310438
1.359	0.83291302
1.360	0.83266396
1.361	0.83224302
1.362	0.83178457
1.363	0.83140568
1.364	0.83080398
1.365	0.83047780
1.366	0.83039300
1.367	0.83012739
1.368	0.82982729
1.369	0.82937386
1.370	0.82912371
1.371	0.82872932
1.372	0.82836556
1.373	0.82792411
1.374	0.82775294
1.375	0.82754531
1.376	0.82734014
1.377	0.82716870
1.378	0.82675860
1.379	0.82644490
1.380	0.82593091
1.381	0.82586853
1.382	0.82550252
1.383	0.82536549
1.384	0.82493514
1.385	0.82449935
1.386	0.82437126
1.387	0.82406776
1.388	0.82363664
1.389	0.82338204
1.390	0.82323491
1.391	0.82245362
1.392	0.82206668
1.393	0.82219851
1.394	0.82157537
1.395	0.82101725
1.396	0.82052753
1.397	0.82004826
1.398	0.81965639
1.399	0.81932779
1.400	0.81868665
1.401	0.81843941
1.402	0.81816129
1.403	0.81782760
1.404	0.81759115
1.405	0.81723406
1.406	0.81645079
1.407	0.81584430
1.408	0.81554853
1.409	0.81523346
1.410	0.81506602
1.411	0.81466564
1.412	0.81452400
1.413	0.81399768
1.414	0.81363238
1.415	0.81351034
1.416	0.81357808
1.417	0.81335773
1.418	0.81309040
1.419	0.81287540
1.420	0.81236414
1.421	0.81172060
1.422	0.81134597
1.423	0.81102942
1.424	0.81075616
1.425	0.81039504
1.426	0.81003197
1.427	0.80948345
1.428	0.80935058
1.429	0.80908276
1.430	0.80845043
1.431	0.80834236
1.432	0.80798273
1.433	0.80742282
1.434	0.80668431
1.435	0.80633788
1.436	0.80591757
1.437	0.80539822
1.438	0.80500913
1.439	0.80468486
1.440	0.80431199
1.441	0.80394790
1.442	0.80359317
1.443	0.80309006
1.444	0.80267627
1.445	0.80226185
1.446	0.80208160
1.447	0.80201756
1.448	0.80181742
1.449	0.80160467
1.450	0.80137845
1.451	0.80156333
1.452	0.80114863
1.453	0.80095115
1.454	0.80074321
1.455	0.80055965
1.456	0.80044777
1.457	0.80000871
1.458	0.79932598
1.459	0.79895123
1.460	0.79865865
1.461	0.79876493
1.462	0.79839313
1.463	0.79784909
1.464	0.79753159
1.465	0.79737881
1.466	0.79716316
1.467	0.79685588
1.468	0.79662488
1.469	0.79659200
1.470	0.79595681
1.471	0.79551890
1.472	0.79545452
1.473	0.79495523
1.474	0.79460793
1.475	0.79390105
1.476	0.79365371
1.477	0.79294587
1.478	0.79242832
1.479	0.79180542
1.480	0.79149229
1.481	0.79116518
1.482	0.79114431
1.483	0.79046227
1.484	0.79003995
1.485	0.78958381
1.486	0.78945286
1.487	0.78882590
1.488	0.78831647
1.489	0.78816052
1.490	0.78802867
1.491	0.78822494
1.492	0.78746710
1.493	0.78694759
1.494	0.78653574
1.495	0.78622854
1.496	0.78602681
1.497	0.78545430
1.498	0.78518220
1.499	0.78484746
1.500	0.78420043
1.501	0.78377167
1.502	0.78357321
1.503	0.78289061
1.504	0.78275297
1.505	0.78262231
1.506	0.78250806
1.507	0.78237103
1.508	0.78229450
1.509	0.78184980
1.510	0.78133385
1.511	0.78076766
1.512	0.78019314
1.513	0.78009348
1.514	0.78010128
1.515	0.77974153
1.516	0.77946713
1.517	0.77943442
1.518	0.77934769
1.519	0.77935193
1.520	0.77904042
1.521	0.77861219
1.522	0.77833501
1.523	0.77816500
1.524	0.77797945
1.525	0.77764415
1.526	0.77735587
1.527	0.77697212
1.528	0.77668893
1.529	0.77606702
1.530	0.77563019
1.531	0.77527631
1.532	0.77511480
1.533	0.77516092
1.534	0.77525931
1.535	0.77468416
1.536	0.77447508
1.537	0.77414217
1.538	0.77364154
1.539	0.77345257
1.540	0.77317911
1.541	0.77260822
1.542	0.77236227
1.543	0.77218892
1.544	0.77170123
1.545	0.77136447
1.546	0.77077430
1.547	0.77044356
1.548	0.76990916
1.549	0.76947684
1.550	0.76898539
1.551	0.76853652
1.552	0.76803546
1.553	0.76749316
1.554	0.76730614
1.555	0.76709525
1.556	0.76647848
1.557	0.76618076
1.558	0.76601456
1.559	0.76508593
1.560	0.76447260
1.561	0.76447146
1.562	0.76439974
1.563	0.76393079
1.564	0.76393929
1.565	0.76420984
1.566	0.76427367
1.567	0.76418172
1.568	0.76409180
1.569	0.76370194
1.570	0.76271566
1.571	0.76198437
1.572	0.76167727
1.573	0.76102622
1.574	0.76053645
1.575	0.76000950
1.576	0.75968923
1.577	0.75936302
1.578	0.75920724
1.579	0.75919058
1.580	0.75870550
1.581	0.75812938
1.582	0.75824246
1.583	0.75773251
1.584	0.75730928
1.585	0.75679525
1.586	0.75677575
1.587	0.75626342
1.588	0.75607526
1.589	0.75582231
1.590	0.75542418
1.591	0.75520630
1.592	0.75530166
1.593	0.75469447
1.594	0.75416766
1.595	0.75392489
1.596	0.75386845
1.597	0.75346468
1.598	0.75294844
1.599	0.75199235
1.600	0.75175515
1.601	0.75164607
1.602	0.75140553
1.603	0.75059115
1.604	0.75028823
1.605	0.75046777
1.606	0.75027079
1.607	0.74992061
1.608	0.74991292
1.609	0.74984471
1.610	0.74931755
1.611	0.74903183
1.612	0.74853077
1.613	0.74825456
1.614	0.74807549
1.615	0.74762877
1.616	0.74713876
1.617	0.74703590
1.618	0.74656114
1.619	0.74600935
1.620	0.74557821
1.621	0.74561267
1.622	0.74500671
1.623	0.74456855
1.624	0.74421788
1.625	0.74381219
1.626	0.74332175
1.627	0.74297745
1.628	0.74238094
1.629	0.74240794
1.630	0.74185227
1.631	0.74174636
1.632	0.74118618
1.633	0.74082018
1.634	0.73972329
1.635	0.73982031
1.636	0.73948938
1.637	0.73928680
1.638	0.73854102
1.639	0.73795117
1.640	0.73792839
1.641	0.73784291
1.642	0.73763335
1.643	0.73748807
1.644	0.73713672
1.645	0.73653175
1.646	0.73581689
1.647	0.73550951
1.648	0.73501925
1.649	0.73468040
1.650	0.73424415
1.651	0.73446434
1.652	0.73353773
1.653	0.73324811
1.654	0.73307852
1.655	0.73308364
1.656	0.73297953
1.657	0.73285752
1.658	0.73254611
1.659	0.73245689
1.660	0.73215462
1.661	0.73189488
1.662	0.73109053
1.663	0.73046985
1.664	0.73033714
1.665	0.73058352
1.666	0.73041121
1.667	0.72966246
1.668	0.72913590
1.669	0.72896361
1.670	0.72861073
1.671	0.72787182
1.672	0.72787201
1.673	0.72724253
1.674	0.72715849
1.675	0.72720857
1.676	0.72670831
1.677	0.72641721
1.678	0.72597085
1.679	0.72567255
1.680	0.72572538
1.681	0.72567971
1.682	0.72515466
1.683	0.72431849
1.684	0.72446768
1.685	0.72409502
1.686	0.72405273
1.687	0.72412372
1.688	0.72373640
1.689	0.72333909
1.690	0.72266172
1.691	0.72236543
1.692	0.72240024
1.693	0.72252846
1.694	0.72164474
1.695	0.72147537
1.696	0.72109623
1.697	0.72119952
1.698	0.72066871
1.699	0.72036766
1.700	0.72037663
1.701	0.72006817
1.702	0.71942073
1.703	0.71896749
1.704	0.71800531
1.705	0.71779916
1.706	0.71758835
1.707	0.71704940
1.708	0.71703463
1.709	0.71703250
1.710	0.71659483
1.711	0.71625497
1.712	0.71619947
1.713	0.71566715
1.714	0.71571961
1.715	0.71547519
1.716	0.71528476
1.717	0.71508473
1.718	0.71428486
1.719	0.71348203
1.720	0.71319654
1.721	0.71293256
1.722	0.71246898
1.723	0.71244946
1.724	0.71203202
1.725	0.71154426
1.726	0.71165409
1.727	0.71194025
1.728	0.71180502
1.729	0.71158621
1.730	0.71195722
1.731	0.71185263
1.732	0.71180427
1.733	0.71147896
1.734	0.71106392
1.735	0.71117205
1.736	0.71060099
1.737	0.71054647
1.738	0.71026131
1.739	0.71025573
1.740	0.70936913
1.741	0.70912826
1.742	0.70918338
1.743	0.70880666
1.744	0.70858185
1.745	0.70776737
1.746	0.70734608
1.747	0.70749143
1.748	0.70729579
1.749	0.70738054
1.750	0.70722555
1.751	0.70703912
1.752	0.70600852
1.753	0.70612504
1.754	0.70566159
1.755	0.70548815
1.756	0.70567145
1.757	0.70535378
1.758	0.70504193
1.759	0.70453273
1.760	0.70411799
1.761	0.70363893
1.762	0.70322827
1.763	0.70273829
1.764	0.70223490
1.765	0.70253122
1.766	0.70196625
1.767	0.70169544
1.768	0.70152920
1.769	0.70108702
1.770	0.70126428
1.771	0.70090354
1.772	0.70108696
1.773	0.70136101
1.774	0.70069989
1.775	0.70047187
1.776	0.69977281
1.777	0.69959002
1.778	0.69927203
1.779	0.69904379
1.780	0.69865866
1.781	0.69885610
1.782	0.69841084
1.783	0.69781291
1.784	0.69752333
1.785	0.69775451
1.786	0.69758853
1.787	0.69802356
1.788	0.69750617
1.789	0.69747937
1.790	0.69668805
1.791	0.69663690
1.792	0.69655751
1.793	0.69626739
1.794	0.69610473
1.795	0.69542854
1.796	0.69515655
1.797	0.69485431
1.798	0.69446957
1.799	0.69404900
1.800	0.69377898
1.801	0.69367776
1.802	0.69303624
1.803	0.69312374
1.804	0.69273758
1.805	0.69254767
1.806	0.69243478
1.807	0.69177084
1.808	0.69160524
1.809	0.69100887
1.810	0.69067848
1.811	0.69030819
1.812	0.69022324
1.813	0.69011738
1.814	0.68989569
1.815	0.68945835
1.816	0.68958898
1.817	0.68886663
1.818	0.68874932
1.819	0.68825062
1.820	0.68754402
1.821	0.68701112
1.822	0.68638463
1.823	0.68655756
1.824	0.68656235
1.825	0.68574976
1.826	0.68557810
1.827	0.68540181
1.828	0.68471263
1.829	0.68431552
1.830	0.68403245
1.831	0.68307035
1.832	0.68308782
1.833	0.68243891
1.834	0.68237222
1.835	0.68226568
1.836	0.68221330
1.837	0.68190618
1.838	0.68156240
1.839	0.68136077
1.840	0.68099374
1.841	0.68070755
1.842	0.68013275
1.843	0.67953658
1.844	0.67899382
1.845	0.67897736
1.846	0.67878522
1.847	0.67867601
1.848	0.67895589
1.849	0.67888387
1.850	0.67872507
1.851	0.67823879
1.852	0.67807035
1.853	0.67733557
1.854	0.67692087
1.855	0.67684928
1.856	0.67679363
1.857	0.67652590
1.858	0.67593894
1.859	0.67563932
1.860	0.67552470
1.861	0.67549981
1.862	0.67547293
1.863	0.67526483
1.864	0.67497586
1.865	0.67485753
1.866	0.67469102
1.867	0.67466709
1.868	0.67406342
1.869	0.67347485
1.870	0.67318243
1.871	0.67319842
1.872	0.67342172
1.873	0.67267897
1.874	0.67201219
1.875	0.67187298
1.876	0.67212962
1.877	0.67195137
1.878	0.67183020
1.879	0.67193972
1.880	0.67245784
1.881	0.67209873
1.882	0.67169994
1.883	0.67124499
1.884	0.67147337
1.885	0.67098309
1.886	0.67098783
1.887	0.67045148
1.888	0.67013494
1.889	0.66967680
1.890	0.66954555
1.891	0.66854101
1.892	0.66829741
1.893	0.66779974
1.894	0.66738324
1.895	0.66736954
1.896	0.66677511
1.897	0.66692102
1.898	0.66648784
1.899	0.66591007
1.900	0.66537423
1.901	0.66543003
1.902	0.66532684
1.903	0.66526483
1.904	0.66522996
1.905	0.66521739
1.906	0.66481808
1.907	0.66491089
1.908	0.66506546
1.909	0.66459518
1.910	0.66423575
1.911	0.66467934
1.912	0.66449498
1.913	0.66448533
1.914	0.66446513
1.915	0.66419663
1.916	0.66428625
1.917	0.66465411
1.918	0.66424875
1.919	0.66379273
1.920	0.66383357
1.921	0.66312089
1.922	0.66337301
1.923	0.66338860
1.924	0.66335931
1.925	0.66291938
1.926	0.66270354
1.927	0.66281143
1.928	0.66293632
1.929	0.66248552
1.930	0.66264498
1.931	0.66207862
1.932	0.66157479
1.933	0.66099500
1.934	0.66060302
1.935	0.66045363
1.936	0.66057046
1.937	0.66035562
1.938	0.65983592
1.939	0.65964811
1.940	0.65936124
1.941	0.65899785
1.942	0.65842437
1.943	0.65836782
1.944	0.65838567
1.945	0.65870656
1.946	0.65846854
1.947	0.65847445
1.948	0.65778350
1.949	0.65756879
1.950	0.65696904
1.951	0.65665776
1.952	0.65641999
1.953	0.65614351
1.954	0.65566169
1.955	0.65560972
1.956	0.65516024
1.957	0.65490421
1.958	0.65440830
1.959	0.65426398
1.960	0.65397360
1.961	0.65344516
1.962	0.65351569
1.963	0.65351174
1.964	0.65308148
1.965	0.65289681
1.966	0.65272389
1.967	0.65294667
1.968	0.65246924
1.969	0.65253201
1.970	0.65243230
1.971	0.65235730
1.972	0.65238883
1.973	0.65222666
1.974	0.65190442
1.975	0.65163566
1.976	0.65164377
1.977	0.65171890
1.978	0.65204341
1.979	0.65215480
1.980	0.65173522
1.981	0.65169227
1.982	0.65132994
1.983	0.65120447
1.984	0.65051650
1.985	0.65082016
1.986	0.65051689
1.987	0.64955877
1.988	0.64864985
1.989	0.64815762
1.990	0.64783758
1.991	0.64722636
1.992	0.64686732
1.993	0.64669636
1.994	0.64660239
1.995	0.64626860
1.996	0.64634964
1.997	0.64636051
1.998	0.64626694
1.999	0.64663265
2.000	0.64623381
2.001	0.64589168
2.002	0.64613778
2.003	0.64613070
2.004	0.64577917
2.005	0.64596685
2.006	0.64528416
2.007	0.64535597
2.008	0.64548741
2.009	0.64561425
2.010	0.64549812
2.011	0.64531048
2.012	0.64514567
2.013	0.64473036
2.014	0.64424895
2.015	0.64456401
2.016	0.64453610
2.017	0.64418421
2.018	0.64315863
2.019	0.64254457
2.020	0.64295725
2.021	0.64246459
2.022	0.64299294
2.023	0.64254713
2.024	0.64210057
2.025	0.64194807
2.026	0.64194237
2.027	0.64185717
2.028	0.64168761
2.029	0.64149083
2.030	0.64173696
2.031	0.64120305
2.032	0.64127791
2.033	0.64124228
2.034	0.64118982
2.035	0.64122686
2.036	0.64077352
2.037	0.64053152
2.038	0.64011576
2.039	0.63959342
2.040	0.63980290
2.041	0.64006152
2.042	0.64040232
2.043	0.64014977
2.044	0.63991827
2.045	0.63939556
2.046	0.63906795
2.047	0.63916922
2.048	0.63885043
2.049	0.63863743
2.050	0.63884511
2.051	0.63882319
2.052	0.63865570
2.053	0.63846164
2.054	0.63832622
2.055	0.63830188
2.056	0.63829199
2.057	0.63751931
2.058	0.63721199
2.059	0.63746325
2.060	0.63716740
2.061	0.63724896
2.062	0.63685898
2.063	0.63697857
2.064	0.63714523
2.065	0.63654824
2.066	0.63643715
2.067	0.63611340
2.068	0.63610072
2.069	0.63604270
2.070	0.63587865
2.071	0.63530336
2.072	0.63583287
2.073	0.63578780
2.074	0.63607694
2.075	0.63592262
2.076	0.63589712
2.077	0.63555614
2.078	0.63556072
2.079	0.63576778
2.080	0.63577056
2.081	0.63601571
2.082	0.63599304
2.083	0.63603918
2.084	0.63620540
2.085	0.63596464
2.086	0.63568965
2.087	0.63516320
2.088	0.63488736
2.089	0.63488195
2.090	0.63536739
2.091	0.63516976
2.092	0.63454871
2.093	0.63470316
2.094	0.63425854
2.095	0.63410655
2.096	0.63369149
2.097	0.63388384
2.098	0.63340947
2.099	0.63324015
2.100	0.63332419
2.101	0.63327258
2.102	0.63253835
2.103	0.63237114
2.104	0.63214848
2.105	0.63153298
2.106	0.63127824
2.107	0.63176003
2.108	0.63106569
2.109	0.63085733
2.110	0.63075563
2.111	0.63041621
2.112	0.63002019
2.113	0.63001597
2.114	0.63036014
2.115	0.62988969
2.116	0.62984801
2.117	0.62983735
2.118	0.62954258
2.119	0.62908317
2.120	0.62905503
2.121	0.62892714
2.122	0.62837855
2.123	0.62800496
2.124	0.62750962
2.125	0.62735555
2.126	0.62689501
2.127	0.62649239
2.128	0.62615541
2.129	0.62618542
2.130	0.62615956
2.131	0.62585360
2.132	0.62641550
2.133	0.62629931
2.134	0.62623302
2.135	0.62638929
2.136	0.62598343
2.137	0.62574398
2.138	0.62563247
2.139	0.62501423
2.140	0.62411029
2.141	0.62395049
2.142	0.62339147
2.143	0.62376678
2.144	0.62376179
2.145	0.62376169
2.146	0.62353951
2.147	0.62350708
2.148	0.62292118
2.149	0.62260086
2.150	0.62244325
2.151	0.62240946
2.152	0.62238928
2.153	0.62182580
2.154	0.62128327
2.155	0.62149156
2.156	0.62171745
2.157	0.62138115
2.158	0.62115949
2.159	0.62079468
2.160	0.62071496
2.161	0.62005587
2.162	0.61942223
2.163	0.61901510
2.164	0.62000466
2.165	0.61938855
2.166	0.61979543
2.167	0.61984011
2.168	0.62024740
2.169	0.61992151
2.170	0.61998668
2.171	0.61969703
2.172	0.61937126
2.173	0.61865119
2.174	0.61826284
2.175	0.61799243
2.176	0.61815139
2.177	0.61826207
2.178	0.61825428
2.179	0.61826886
2.180	0.61810525
2.181	0.61771855
2.182	0.61767115
2.183	0.61762257
2.184	0.61748452
2.185	0.61750815
2.186	0.61793167
2.187	0.61784048
2.188	0.61783069
2.189	0.61819393
2.190	0.61800019
2.191	0.61850917
2.192	0.61805318
2.193	0.61815414
2.194	0.61771672
2.195	0.61739190
2.196	0.61673651
2.197	0.61602244
2.198	0.61622172
2.199	0.61596359
2.200	0.61538877
2.201	0.61473470
2.202	0.61491001
2.203	0.61501124
2.204	0.61509899
2.205	0.61468330
2.206	0.61413708
2.207	0.61432177
2.208	0.61469789
2.209	0.61439749
2.210	0.61471389
2.211	0.61514386
2.212	0.61490608
2.213	0.61477362
2.214	0.61477543
2.215	0.61499617
2.216	0.61477285
2.217	0.61471469
2.218	0.61480032
2.219	0.61475911
2.220	0.61406770
2.221	0.61394977
2.222	0.61396367
2.223	0.61364350
2.224	0.61346227
2.225	0.61349721
2.226	0.61292467
2.227	0.61318001
2.228	0.61366149
2.229	0.61385991
2.230	0.61355619
2.231	0.61365817
2.232	0.61375790
2.233	0.61295965
2.234	0.61279080
2.235	0.61270507
2.236	0.61240763
2.237	0.61228673
2.238	0.61219110
2.239	0.61183881
2.240	0.61163564
2.241	0.61199882
2.242	0.61198490
2.243	0.61180630
2.244	0.61151461
2.245	0.61179135
2.246	0.61150522
2.247	0.61188693
2.248	0.61192824
2.249	0.61158348
2.250	0.61132941
2.251	0.61111137
2.252	0.61082261
2.253	0.61000525
2.254	0.61017905
2.255	0.61019772
2.256	0.61047772
2.257	0.61035565
2.258	0.60993013
2.259	0.61003255
2.260	0.61010052
2.261	0.60979473
2.262	0.60941696
2.263	0.60958054
2.264	0.60984057
2.265	0.60992997
2.266	0.61015378
2.267	0.61035459
2.268	0.60995349
2.269	0.61069361
2.270	0.61037358
2.271	0.61037401
2.272	0.60994110
2.273	0.61020886
2.274	0.61001822
2.275	0.60986525
2.276	0.61003748
2.277	0.60993733
2.278	0.61008127
2.279	0.60978492
2.280	0.60994549
2.281	0.60982092
2.282	0.60978124
2.283	0.61029846
2.284	0.61097819
2.285	0.61080068
2.286	0.61060618
2.287	0.61096954
2.288	0.61163205
2.289	0.61103198
2.290	0.61147561
2.291	0.61135614
2.292	0.61105698
2.293	0.61077279
2.294	0.61053378
2.295	0.61015046
2.296	0.61031408
2.297	0.60990074
2.298	0.60967545
2.299	0.60976381
2.300	0.60994143
2.301	0.61007900
2.302	0.60990092
2.303	0.60992725
2.304	0.60990730
2.305	0.60982231
2.306	0.60969936
2.307	0.60910997
2.308	0.60954985
2.309	0.60941700
2.310	0.60932002
2.311	0.60938856
2.312	0.60939776
2.313	0.60883835
2.314	0.60862281
2.315	0.60882203
2.316	0.60889207
2.317	0.60915724
2.318	0.60908549
2.319	0.60959870
2.320	0.60946327
2.321	0.60965376
2.322	0.60999355
2.323	0.60970724
2.324	0.60969132
2.325	0.60986845
2.326	0.60980854
2.327	0.60974719
2.328	0.61012610
2.329	0.60998018
2.330	0.61017697
2.331	0.61000286
2.332	0.61009301
2.333	0.61041914
2.334	0.61023519
2.335	0.60976000
2.336	0.60895869
2.337	0.60920558
2.338	0.60908686
2.339	0.60937793
2.340	0.60921862
2.341	0.60920325
2.342	0.60910867
2.343	0.60951046
2.344	0.60870787
2.345	0.60880177
2.346	0.60899032
2.347	0.60925584
2.348	0.60960779
2.349	0.60974730
2.350	0.60969409
2.351	0.60999497
2.352	0.61092469
2.353	0.61113439
2.354	0.61144079
2.355	0.61140947
2.356	0.61155356
2.357	0.61117249
2.358	0.61061097
2.359	0.61070429
2.360	0.61047360
2.361	0.61102727
2.362	0.61106259
2.363	0.61152042
2.364	0.61176781
2.365	0.61154614
2.366	0.61113811
2.367	0.61105289
2.368	0.61163117
2.369	0.61146054
2.370	0.61100092
2.371	0.61069524
2.372	0.61139073
2.373	0.61111030
2.374	0.61136835
2.375	0.61122443
2.376	0.61163761
2.377	0.61236752
2.378	0.61249359
2.379	0.61216153
2.380	0.61274125
2.381	0.61315917
2.382	0.61369132
2.383	0.61389920
2.384	0.61368548
2.385	0.61357602
2.386	0.61369129
2.387	0.61367954
2.388	0.61333921
2.389	0.61297015
2.390	0.61292901
2.391	0.61280595
2.392	0.61270293
2.393	0.61306918
2.394	0.61343570
2.395	0.61342147
2.396	0.61353371
2.397	0.61365671
2.398	0.61363241
2.399	0.61288049
2.400	0.61241331
2.401	0.61273402
2.402	0.61241815
2.403	0.61249269
2.404	0.61248704
2.405	0.61290319
2.406	0.61386307
2.407	0.61354802
2.408	0.61304969
2.409	0.61344646
2.410	0.61295005
2.411	0.61264801
2.412	0.61272798
2.413	0.61256755
2.414	0.61232511
2.415	0.61261133
2.416	0.61226174
2.417	0.61219739
2.418	0.61272347
2.419	0.61292752
2.420	0.61263902
2.421	0.61265908
2.422	0.61284747
2.423	0.61325018
2.424	0.61319307
2.425	0.61303249
2.426	0.61286800
2.427	0.61269137
2.428	0.61274951
2.429	0.61339916
2.430	0.61389189
2.431	0.61334144
2.432	0.61268566
2.433	0.61241285
2.434	0.61197794
2.435	0.61239411
2.436	0.61264213
2.437	0.61210155
2.438	0.61232029
2.439	0.61255920
2.440	0.61305971
2.441	0.61272819
2.442	0.61273109
2.443	0.61298418
2.444	0.61288351
2.445	0.61290066
2.446	0.61291829
2.447	0.61392755
2.448	0.61366566
2.449	0.61372861
2.450	0.61443950
2.451	0.61515366
2.452	0.61514330
2.453	0.61517531
2.454	0.61527859
2.455	0.61551358
2.456	0.61560455
2.457	0.61585791
2.458	0.61626827
2.459	0.61613324
2.460	0.61636686
2.461	0.61592996
2.462	0.61603508
2.463	0.61557137
2.464	0.61574471
2.465	0.61568933
2.466	0.61571870
2.467	0.61611723
2.468	0.61596835
2.469	0.61622815
2.470	0.61619668
2.471	0.61557352
2.472	0.61547553
2.473	0.61564631
2.474	0.61581321
2.475	0.61577648
2.476	0.61599908
2.477	0.61605962
2.478	0.61637047
2.479	0.61629243
2.480	0.61629704
2.481	0.61581311
2.482	0.61566544
2.483	0.61642242
2.484	0.61635323
2.485	0.61660711
2.486	0.61653682
2.487	0.61651924
2.488	0.61637978
2.489	0.61633108
2.490	0.61653097
2.491	0.61667677
2.492	0.61677058
2.493	0.61688120
2.494	0.61705259
2.495	0.61674082
2.496	0.61740259
2.497	0.61731961
2.498	0.61715591
2.499	0.61744454
2.500	0.61782036
2.501	0.61808859
2.502	0.61862726
2.503	0.61905845
2.504	0.61873375
2.505	0.61934752
2.506	0.61932887
2.507	0.61892761
2.508	0.61910251
2.509	0.61880059
2.510	0.61888205
2.511	0.61914578
2.512	0.61896092
2.513	0.61929427
2.514	0.61899309
2.515	0.61861110
2.516	0.61870664
2.517	0.61881312
2.518	0.61908144
2.519	0.61905926
2.520	0.61870562
2.521	0.61914212
2.522	0.61884544
2.523	0.61883022
2.524	0.61909026
2.525	0.61969259
2.526	0.61990099
2.527	0.62025545
2.528	0.62009405
2.529	0.61980240
2.530	0.62006045
2.531	0.62038506
2.532	0.62052047
2.533	0.62029255
2.534	0.62063119
2.535	0.62086770
2.536	0.62113885
2.537	0.62054597
2.538	0.62064726
2.539	0.62034725
2.540	0.62074342
2.541	0.62083465
2.542	0.62188920
2.543	0.62220780
2.544	0.62198027
2.545	0.62258459
2.546	0.62297724
2.547	0.62280927
2.548	0.62182721
2.549	0.62156959
2.550	0.62186452
2.551	0.62207547
2.552	0.62161327
2.553	0.62134825
2.554	0.62134817
2.555	0.62051699
2.556	0.62094381
2.557	0.62121034
2.558	0.62103290
2.559	0.62050464
2.560	0.62009390
2.561	0.62095313
2.562	0.62133934
2.563	0.62151747
2.564	0.62208158
2.565	0.62261608
2.566	0.62291436
2.567	0.62369414
2.568	0.62377761
2.569	0.62329723
2.570	0.62299818
2.571	0.62299312
2.572	0.62384892
2.573	0.62411938
2.574	0.62439206
2.575	0.62440649
2.576	0.62473564
2.577	0.62447742
2.578	0.62424929
2.579	0.62446404
2.580	0.62512619
2.581	0.62490478
2.582	0.62518749
2.583	0.62539525
2.584	0.62537277
2.585	0.62513116
2.586	0.62537898
2.587	0.62522714
2.588	0.62540345
2.589	0.62540603
2.590	0.62544020
2.591	0.62554873
2.592	0.62561111
2.593	0.62550810
2.594	0.62577321
2.595	0.62576593
2.596	0.62587298
2.597	0.62646723
2.598	0.62666519
2.599	0.62643891
2.600	0.62680927
2.601	0.62736410
2.602	0.62739330
2.603	0.62741729
2.604	0.62663701
2.605	0.62660980
2.606	0.62659209
2.607	0.62667462
2.608	0.62685280
2.609	0.62645660
2.610	0.62643302
2.611	0.62645210
2.612	0.62573032
2.613	0.62565676
2.614	0.62583317
2.615	0.62607958
2.616	0.62596147
2.617	0.62586357
2.618	0.62592505
2.619	0.62612784
2.620	0.62612601
2.621	0.62608199
2.622	0.62623574
2.623	0.62615072
2.624	0.62633415
2.625	0.62661394
2.626	0.62663431
2.627	0.62642583
2.628	0.62630530
2.629	0.62640199
2.630	0.62597348
2.631	0.62629834
2.632	0.62590313
2.633	0.62548969
2.634	0.62588015
2.635	0.62566558
2.636	0.62582098
2.637	0.62612586
2.638	0.62601060
2.639	0.62652338
2.640	0.62638878
2.641	0.62639440
2.642	0.62663214
2.643	0.62659437
2.644	0.62704408
2.645	0.62721718
2.646	0.62726497
2.647	0.62735396
2.648	0.62684631
2.649	0.62596430
2.650	0.62616746
2.651	0.62636625
2.652	0.62680086
2.653	0.62656315
2.654	0.62696300
2.655	0.62716941
2.656	0.62670541
2.657	0.62645336
2.658	0.62649232
2.659	0.62606901
2.660	0.62601087
2.661	0.62675372
2.662	0.62699771
2.663	0.62645418
2.664	0.62655571
2.665	0.62700292
2.666	0.62705597
2.667	0.62726227
2.668	0.62722209
2.669	0.62746506
2.670	0.62762638
2.671	0.62820368
2.672	0.62760288
2.673	0.62760530
2.674	0.62766587
2.675	0.62781421
2.676	0.62805146
2.677	0.62835399
2.678	0.62853251
2.679	0.62817355
2.680	0.62871751
2.681	0.62819495
2.682	0.62853770
2.683	0.62869588
2.684	0.62925210
2.685	0.62947406
2.686	0.62939460
2.687	0.62942665
2.688	0.62901615
2.689	0.62889442
2.690	0.62875475
2.691	0.62943712
2.692	0.62913273
2.693	0.62919399
2.694	0.62977007
2.695	0.63013568
2.696	0.62943382
2.697	0.62941358
2.698	0.62981010
2.699	0.63000278
2.700	0.63061229
2.701	0.63057581
2.702	0.63055874
2.703	0.63075933
2.704	0.63093328
2.705	0.63079533
2.706	0.63091235
2.707	0.63117610
2.708	0.63112619
2.709	0.63168748
2.710	0.63187985
2.711	0.63165123
2.712	0.63151366
2.713	0.63137237
2.714	0.63094216
2.715	0.63105305
2.716	0.63123644
2.717	0.63102436
2.718	0.63118431
2.719	0.63082222
2.720	0.63047607
2.721	0.63092607
2.722	0.63055291
2.723	0.63008306
2.724	0.62985109
2.725	0.62947844
2.726	0.62943918
2.727	0.62950107
2.728	0.62917153
2.729	0.62886264
2.730	0.62920011
2.731	0.62868917
2.732	0.62871957
2.733	0.62831026
2.734	0.62837198
2.735	0.62802573
2.736	0.62726049
2.737	0.62745926
2.738	0.62785605
2.739	0.62809416
2.740	0.62848693
2.741	0.62898900
2.742	0.62860004
2.743	0.62863586
2.744	0.62914060
2.745	0.62904136
2.746	0.62939481
2.747	0.62968776
2.748	0.62982433
2.749	0.63002328
2.750	0.62967210
2.751	0.62963135
2.752	0.62949170
2.753	0.62987516
2.754	0.62977433
2.755	0.63031778
2.756	0.63048474
2.757	0.63038840
2.758	0.63044469
2.759	0.63085000
2.760	0.63015461
2.761	0.63069544
2.762	0.63051400
2.763	0.63023600
2.764	0.63019104
2.765	0.63048163
2.766	0.63048908
2.767	0.63093059
2.768	0.63138320
2.769	0.63163958
2.770	0.63180736
2.771	0.63212392
2.772	0.63244249
2.773	0.63289261
2.774	0.63276725
2.775	0.63291438
2.776	0.63275971
2.777	0.63322916
2.778	0.63286631
2.779	0.63304810
2.780	0.63256557
2.781	0.63300722
2.782	0.63306298
2.783	0.63326161
2.784	0.63405075
2.785	0.63421441
2.786	0.63443138
2.787	0.63443957
2.788	0.63420357
2.789	0.63359073
2.790	0.63373349
2.791	0.63402305
2.792	0.63364425
2.793	0.63367106
2.794	0.63389084
2.795	0.63399869
2.796	0.63411963
2.797	0.63424371
2.798	0.63426576
2.799	0.63446178
2.800	0.63479383
2.801	0.63436808
2.802	0.63474931
2.803	0.63426547
2.804	0.63410395
2.805	0.63464154
2.806	0.63456792
2.807	0.63425274
2.808	0.63446357
2.809	0.63442056
2.810	0.63507416
2.811	0.63527874
2.812	0.63581421
2.813	0.63610614
2.814	0.63633394
2.815	0.63628217
2.816	0.63627190
2.817	0.63680382
2.818	0.63705638
2.819	0.63752682
2.820	0.63775393
2.821	0.63769839
2.822	0.63804593
2.823	0.63834743
2.824	0.63784610
2.825	0.63791190
2.826	0.63812790
2.827	0.63786152
2.828	0.63813189
2.829	0.63775269
2.830	0.63780578
2.831	0.63775233
2.832	0.63788365
2.833	0.63763732
2.834	0.63760764
2.835	0.63838534
2.836	0.63829634
2.837	0.63822195
2.838	0.63823341
2.839	0.63838503
2.840	0.63798051
2.841	0.63826636
2.842	0.63784224
2.843	0.63748432
2.844	0.63762998
2.845	0.63711588
2.846	0.63690017
2.847	0.63779644
2.848	0.63753289
2.849	0.63762553
2.850	0.63797927
2.851	0.63782230
2.852	0.63767477
2.853	0.63697144
2.854	0.63746087
2.855	0.63753191
2.856	0.63745299
2.857	0.63762981
2.858	0.63763521
2.859	0.63748082
2.860	0.63731120
2.861	0.63734857
2.862	0.63742665
2.863	0.63790867
2.864	0.63822911
2.865	0.63861987
2.866	0.63892329
2.867	0.63936634
2.868	0.63988964
2.869	0.63947175
2.870	0.63943644
2.871	0.63908947
2.872	0.63963043
2.873	0.63984423
2.874	0.64002495
2.875	0.63956734
2.876	0.63944651
2.877	0.63918299
2.878	0.63864771
2.879	0.63867746
2.880	0.63856821
2.881	0.63826744
2.882	0.63839869
2.883	0.63929362
2.884	0.63918339
2.885	0.63899053
2.886	0.63951588
2.887	0.63948968
2.888	0.63937146
2.889	0.63903590
2.890	0.63900277
2.891	0.63928783
2.892	0.63961479
2.893	0.63986063
2.894	0.63931752
2.895	0.63958456
2.896	0.64018516
2.897	0.64046309
2.898	0.64039010
2.899	0.63999945
2.900	0.64013161
2.901	0.64065602
2.902	0.64040115
2.903	0.64036858
2.904	0.64030966
2.905	0.64077994
2.906	0.64071534
2.907	0.64039160
2.908	0.64077363
2.909	0.64087063
2.910	0.64053600
2.911	0.64101953
2.912	0.64155704
2.913	0.64232840
2.914	0.64226186
2.915	0.64237980
2.916	0.64261831
2.917	0.64252414
2.918	0.64275065
2.919	0.64273488
2.920	0.64304266
2.921	0.64303248
2.922	0.64260479
2.923	0.64237746
2.924	0.64269910
2.925	0.64228486
2.926	0.64214170
2.927	0.64256269
2.928	0.64321114
2.929	0.64348703
2.930	0.64278890
2.931	0.64333173
2.932	0.64346522
2.933	0.64367116
2.934	0.64356458
2.935	0.64326124
2.936	0.64378126
2.937	0.64345779
2.938	0.64398107
2.939	0.64402241
2.940	0.64415162
2.941	0.64432998
2.942	0.64467200
2.943	0.64476320
2.944	0.64508115
2.945	0.64514993
2.946	0.64473188
2.947	0.64487666
2.948	0.64495275
2.949	0.64556151
2.950	0.64578732
2.951	0.64620267
2.952	0.64679195
2.953	0.64635225
2.954	0.64607984
2.955	0.64604849
2.956	0.64647431
2.957	0.64673296
2.958	0.64621180
2.959	0.64586232
2.960	0.64594534
2.961	0.64606050
2.962	0.64592707
2.963	0.64510202
2.964	0.64524297
2.965	0.64560915
2.966	0.64567235
2.967	0.64568071
2.968	0.64511171
2.969	0.64444830
2.970	0.64409340
2.971	0.64409074
2.972	0.64359901
2.973	0.64319245
2.974	0.64289968
2.975	0.64289655
2.976	0.64302643
2.977	0.64324234
2.978	0.64298063
2.979	0.64266092
2.980	0.64250902
2.981	0.64247226
2.982	0.64292157
2.983	0.64259490
2.984	0.64285607
2.985	0.64269664
2.986	0.64274334
2.987	0.64222188
2.988	0.64204519
2.989	0.64207784
2.990	0.64169000
2.991	0.64161597
2.992	0.64151319
2.993	0.64123912
2.994	0.64167265
2.995	0.64137021
2.996	0.64164563
2.997	0.64149249
2.998	0.64150707
2.999	0.64186799
3.000	0.64205924
3.001	0.64185477
3.002	0.64132482
3.003	0.64204174
3.004	0.64177895
3.005	0.64170281
3.006	0.64196649
3.007	0.64185113
3.008	0.64214972
3.009	0.64239880
3.010	0.64221573
3.011	0.64290137
3.012	0.64277020
3.013	0.64279283
3.014	0.64256892
3.015	0.64283087
3.016	0.64290443
3.017	0.64343447
3.018	0.64330590
3.019	0.64336033
3.020	0.64360138
3.021	0.64337672
3.022	0.64328712
3.023	0.64351470
3.024	0.64337058
3.025	0.64386786
3.026	0.64402431
3.027	0.64331125
3.028	0.64310910
3.029	0.64318528
3.030	0.64355427
3.031	0.64353251
3.032	0.64385537
3.033	0.64386239
3.034	0.64412331
3.035	0.64413487
3.036	0.64469361
3.037	0.64465205
3.038	0.64462509
3.039	0.64521596
3.040	0.64556843
3.041	0.64550112
3.042	0.64526636
3.043	0.64498460
3.044	0.64498796
3.045	0.64498839
3.046	0.64576376
3.047	0.64635361
3.048	0.64619903
3.049	0.64656381
3.050	0.64665776
3.051	0.64661601
3.052	0.64684286
3.053	0.64714276
3.054	0.64701285
3.055	0.64719697
3.056	0.64700761
3.057	0.64667319
3.058	0.64702965
3.059	0.64709932
3.060	0.64682948
3.061	0.64599186
3.062	0.64563403
3.063	0.64538240
3.064	0.64538637
3.065	0.64577668
3.066	0.64565419
3.067	0.64555975
3.068	0.64530041
3.069	0.64575960
3.070	0.64528379
3.071	0.64540262
3.072	0.64561510
3.073	0.64551283
3.074	0.64657970
3.075	0.64686703
3.076	0.64725550
3.077	0.64704404
3.078	0.64707681
3.079	0.64703022
3.080	0.64686588
3.081	0.64679008
3.082	0.64692376
3.083	0.64701209
3.084	0.64706297
3.085	0.64706562
3.086	0.64743909
3.087	0.64754771
3.088	0.64737247
3.089	0.64659976
3.090	0.64674578
3.091	0.64614984
3.092	0.64578518
3.093	0.64626923
3.094	0.64674880
3.095	0.64763699
3.096	0.64781082
3.097	0.64787755
3.098	0.64795239
3.099	0.64749877
3.100	0.64760361
3.101	0.64830260
3.102	0.64815500
3.103	0.64819584
3.104	0.64814315
3.105	0.64832908
3.106	0.64805536
3.107	0.64775456
3.108	0.64823621
3.109	0.64830256
3.110	0.64875015
3.111	0.64905908
3.112	0.64902798
3.113	0.64893318
3.114	0.64911491
3.115	0.64973525
3.116	0.64958805
3.117	0.64955501
3.118	0.64900599
3.119	0.64879801
3.120	0.64912031
3.121	0.64900559
3.122	0.64936614
3.123	0.64930877
3.124	0.64959491
3.125	0.65007813
3.126	0.65027905
3.127	0.65036308
3.128	0.65052632
3.129	0.65117037
3.130	0.65164637
3.131	0.65147538
3.132	0.65139543
3.133	0.65142603
3.134	0.65121651
3.135	0.65150863
3.136	0.65141126
3.137	0.65178212
3.138	0.65142630
3.139	0.65160855
3.140	0.65191624
3.141	0.65152019
3.142	0.65152691
3.143	0.65192226
3.144	0.65182223
3.145	0.65215944
3.146	0.65235883
3.147	0.65234400
3.148	0.65212788
3.149	0.65213290
3.150	0.65240237
3.151	0.65262502
3.152	0.65303256
3.153	0.65285632
3.154	0.65309880
3.155	0.65296629
3.156	0.65306675
3.157	0.65288301
3.158	0.65315190
3.159	0.65351967
3.160	0.65312619
3.161	0.65306202
3.162	0.65344417
3.163	0.65308543
3.164	0.65323962
3.165	0.65297864
3.166	0.65300061
3.167	0.65303314
3.168	0.65377296
3.169	0.65346115
3.170	0.65324883
3.171	0.65309972
3.172	0.65287566
3.173	0.65280134
3.174	0.65276375
3.175	0.65261056
3.176	0.65188128
3.177	0.65225772
3.178	0.65245347
3.179	0.65214367
3.180	0.65233419
3.181	0.65271790
3.182	0.65310476
3.183	0.65323553
3.184	0.65340305
3.185	0.65262426
3.186	0.65260935
3.187	0.65252595
3.188	0.65262946
3.189	0.65277955
3.190	0.65286692
3.191	0.65259865
3.192	0.65172721
3.193	0.65182531
3.194	0.65175730
3.195	0.65162657
3.196	0.65159876
3.197	0.65156607
3.198	0.65121151
3.199	0.65051673
3.200	0.64987365
3.201	0.64983735
3.202	0.65007118
3.203	0.65005876
3.204	0.65050362
3.205	0.65050474
3.206	0.65022715
3.207	0.65105436
3.208	0.65103377
3.209	0.65070165
3.210	0.65068064
3.211	0.65071627
3.212	0.65117245
3.213	0.65188042
3.214	0.65245845
3.215	0.65236972
3.216	0.65211933
3.217	0.65232731
3.218	0.65214655
3.219	0.65185272
3.220	0.65238993
3.221	0.65211271
3.222	0.65228516
3.223	0.65267178
3.224	0.65337866
3.225	0.65428630
3.226	0.65444319
3.227	0.65466615
3.228	0.65490610
3.229	0.65436080
3.230	0.65453968
3.231	0.65439330
3.232	0.65422023
3.233	0.65410890
3.234	0.65461485
3.235	0.65474420
3.236	0.65537014
3.237	0.65573809
3.238	0.65588724
3.239	0.65600873
3.240	0.65630934
3.241	0.65667595
3.242	0.65637489
3.243	0.65654274
3.244	0.65670100
3.245	0.65685945
3.246	0.65707658
3.247	0.65719167
3.248	0.65773105
3.249	0.65837343
3.250	0.65826189
3.251	0.65849904
3.252	0.65868749
3.253	0.65898189
3.254	0.65909312
3.255	0.65985869
3.256	0.65980965
3.257	0.65968267
3.258	0.65959430
3.259	0.65969746
3.260	0.65978008
3.261	0.65981477
3.262	0.65997742
3.263	0.66003123
3.264	0.66044847
3.265	0.66052796
3.266	0.66081519
3.267	0.66137451
3.268	0.66150901
3.269	0.66170636
3.270	0.66199553
3.271	0.66190623
3.272	0.66204013
3.273	0.66202850
3.274	0.66211887
3.275	0.66195531
3.276	0.66187534
3.277	0.66196529
3.278	0.66223947
3.279	0.66268170
3.280	0.66327606
3.281	0.66339819
3.282	0.66306066
3.283	0.66249728
3.284	0.66291871
3.285	0.66282712
3.286	0.66302361
3.287	0.66292856
3.288	0.66263883
3.289	0.66333256
3.290	0.66331789
3.291	0.66346522
3.292	0.66329031
3.293	0.66326162
3.294	0.66342424
3.295	0.66386657
3.296	0.66422972
3.297	0.66417928
3.298	0.66431149
3.299	0.66435856
3.300	0.66414307
3.301	0.66469096
3.302	0.66462032
3.303	0.66443593
3.304	0.66467532
3.305	0.66453188
3.306	0.66470673
3.307	0.66460123
3.308	0.66504242
3.309	0.66513066
3.310	0.66534916
3.311	0.66573446
3.312	0.66646607
3.313	0.66650516
3.314	0.66619216
3.315	0.66652941
3.316	0.66675607
3.317	0.66693445
3.318	0.66716636
3.319	0.66736223
3.320	0.66728721
3.321	0.66705977
3.322	0.66688331
3.323	0.66685375
3.324	0.66644011
3.325	0.66668781
3.326	0.66730137
3.327	0.66754634
3.328	0.66752439
3.329	0.66790621
3.330	0.66810329
3.331	0.66778569
3.332	0.66779302
3.333	0.66757245
3.334	0.66762335
3.335	0.66788033
3.336	0.66833739
3.337	0.66812200
3.338	0.66838366
3.339	0.66854758
3.340	0.66898484
3.341	0.66879432
3.342	0.66897611
3.343	0.66902043
3.344	0.66895020
3.345	0.66917916
3.346	0.66900588
3.347	0.66875078
3.348	0.66837414
3.349	0.66832445
3.350	0.66782500
3.351	0.66772986
3.352	0.66792549
3.353	0.66758020
3.354	0.66751582
3.355	0.66755068
3.356	0.66768453
3.357	0.66714643
3.358	0.66704817
3.359	0.66702569
3.360	0.66712619
3.361	0.66763655
3.362	0.66782784
3.363	0.66862983
3.364	0.66882965
3.365	0.66939195
3.366	0.66976430
3.367	0.67010954
3.368	0.67006837
3.369	0.66992399
3.370	0.66967077
3.371	0.67035576
3.372	0.67095722
3.373	0.67144675
3.374	0.67173064
3.375	0.67179104
3.376	0.67196391
3.377	0.67148111
3.378	0.67176403
3.379	0.67137264
3.380	0.67150922
3.381	0.67179861
3.382	0.67240654
3.383	0.67213452
3.384	0.67217449
3.385	0.67268032
3.386	0.67255104
3.387	0.67269811
3.388	0.67289473
3.389	0.67270510
3.390	0.67310771
3.391	0.67313071
3.392	0.67294959
3.393	0.67295556
3.394	0.67353178
3.395	0.67338517
3.396	0.67331876
3.397	0.67384650
3.398	0.67365472
3.399	0.67338490
3.400	0.67360374
3.401	0.67367612
3.402	0.67287289
3.403	0.67312355
3.404	0.67284936
3.405	0.67275240
3.406	0.67299081
3.407	0.67239944
3.408	0.67239652
3.409	0.67247804
3.410	0.67219685
3.411	0.67202166
3.412	0.67225061
3.413	0.67206998
3.414	0.67213328
3.415	0.67228466
3.416	0.67244834
3.417	0.67327795
3.418	0.67371011
3.419	0.67357686
3.420	0.67361193
3.421	0.67353343
3.422	0.67371102
3.423	0.67392596
3.424	0.67423603
3.425	0.67474252
3.426	0.67470130
3.427	0.67483056
3.428	0.67439941
3.429	0.67423066
3.430	0.67397327
3.431	0.67458752
3.432	0.67459391
3.433	0.67488918
3.434	0.67488059
3.435	0.67440467
3.436	0.67501183
3.437	0.67529824
3.438	0.67546171
3.439	0.67530343
3.440	0.67586014
3.441	0.67611818
3.442	0.67681930
3.443	0.67719848
3.444	0.67742821
3.445	0.67737783
3.446	0.67723862
3.447	0.67755793
3.448	0.67761425
3.449	0.67708468
3.450	0.67731545
3.451	0.67730420
3.452	0.67702709
3.453	0.67724738
3.454	0.67738733
3.455	0.67784273
3.456	0.67749793
3.457	0.67791075
3.458	0.67790127
3.459	0.67797417
3.460	0.67739550
3.461	0.67763613
3.462	0.67737208
3.463	0.67765091
3.464	0.67732489
3.465	0.67749789
3.466	0.67759785
3.467	0.67773519
3.468	0.67778843
3.469	0.67758193
3.470	0.67794835
3.471	0.67747952
3.472	0.67782197
3.473	0.67789505
3.474	0.67789601
3.475	0.67822743
3.476	0.67857150
3.477	0.67809086
3.478	0.67778522
3.479	0.67769496
3.480	0.67781274
3.481	0.67795264
3.482	0.67828623
3.483	0.67873906
3.484	0.67842271
3.485	0.67846530
3.486	0.67811087
3.487	0.67835997
3.488	0.67876670
3.489	0.67803582
3.490	0.67824908
3.491	0.67840721
3.492	0.67841059
3.493	0.67892285
3.494	0.67935043
3.495	0.67980644
3.496	0.68010607
3.497	0.68028545
3.498	0.68053473
3.499	0.68116849
3.500	0.68138770
3.501	0.68160353
3.502	0.68142508
3.503	0.68135388
3.504	0.68121040
3.505	0.68219277
3.506	0.68225608
3.507	0.68212698
3.508	0.68214123
3.509	0.68265460
3.510	0.68265420
3.511	0.68284327
3.512	0.68316918
3.513	0.68345384
3.514	0.68378678
3.515	0.68378779
3.516	0.68346948
3.517	0.68351097
3.518	0.68370116
3.519	0.68393077
3.520	0.68386471
3.521	0.68405831
3.522	0.68445163
3.523	0.68510536
3.524	0.68431673
3.525	0.68447824
3.526	0.68430577
3.527	0.68411741
3.528	0.68405349
3.529	0.68459923
3.530	0.68456814
3.531	0.68456761
3.532	0.68460142
3.533	0.68516488
3.534	0.68515698
3.535	0.68523888
3.536	0.68633887
3.537	0.68615640
3.538	0.68621800
3.539	0.68658459
3.540	0.68667723
3.541	0.68616717
3.542	0.68621943
3.543	0.68654362
3.544	0.68620548
3.545	0.68669732
3.546	0.68624538
3.547	0.68631544
3.548	0.68634668
3.549	0.68617374
3.550	0.68580181
3.551	0.68555463
3.552	0.68594898
3.553	0.68575146
3.554	0.68504855
3.555	0.68531652
3.556	0.68552483
3.557	0.68507578
3.558	0.68483257
3.559	0.68465791
3.560	0.68466065
3.561	0.68493636
3.562	0.68525930
3.563	0.68474781
3.564	0.68512580
3.565	0.68544776
3.566	0.68599461
3.567	0.68582896
3.568	0.68578230
3.569	0.68615121
3.570	0.68652056
3.571	0.68646943
3.572	0.68577411
3.573	0.68584281
3.574	0.68602549
3.575	0.68599570
3.576	0.68570797
3.577	0.68617044
3.578	0.68605744
3.579	0.68566051
3.580	0.68568895
3.581	0.68497670
3.582	0.68488750
3.583	0.68440148
3.584	0.68451869
3.585	0.68394878
3.586	0.68439056
3.587	0.68460166
3.588	0.68517190
3.589	0.68533628
3.590	0.68562231
3.591	0.68556396
3.592	0.68468676
3.593	0.68505839
3.594	0.68476728
3.595	0.68472825
3.596	0.68469108
3.597	0.68447188
3.598	0.68423162
3.599	0.68417189
3.600	0.68438447
3.601	0.68441619
3.602	0.68391858
3.603	0.68324129
3.604	0.68294444
3.605	0.68359582
3.606	0.68289283
3.607	0.68254688
3.608	0.68277562
3.609	0.68300038
3.610	0.68304663
3.611	0.68301838
3.612	0.68299431
3.613	0.68328120
3.614	0.68376695
3.615	0.68345853
3.616	0.68287567
3.617	0.68265194
3.618	0.68277375
3.619	0.68272364
3.620	0.68253133
3.621	0.68236648
3.622	0.68200786
3.623	0.68205124
3.624	0.68253577
3.625	0.68282622
3.626	0.68335506
3.627	0.68333395
3.628	0.68308683
3.629	0.68307486
3.630	0.68313261
3.631	0.68372757
3.632	0.68371674
3.633	0.68386887
3.634	0.68384411
3.635	0.68358358
3.636	0.68333889
3.637	0.68352914
3.638	0.68379831
3.639	0.68416741
3.640	0.68433047
3.641	0.68476271
3.642	0.68529444
3.643	0.68521602
3.644	0.68514204
3.645	0.68511121
3.646	0.68483075
3.647	0.68482368
3.648	0.68464702
3.649	0.68413111
3.650	0.68426919
3.651	0.68451809
3.652	0.68466413
3.653	0.68490825
3.654	0.68479473
3.655	0.68507206
3.656	0.68518671
3.657	0.68501720
3.658	0.68535812
3.659	0.68562500
3.660	0.68552695
3.661	0.68505879
3.662	0.68513654
3.663	0.68538988
3.664	0.68482781
3.665	0.68460654
3.666	0.68461186
3.667	0.68492957
3.668	0.68517528
3.669	0.68460982
3.670	0.68432947
3.671	0.68416495
3.672	0.68407197
3.673	0.68342636
3.674	0.68334668
3.675	0.68345882
3.676	0.68355373
3.677	0.68287079
3.678	0.68252409
3.679	0.68302434
3.680	0.68299262
3.681	0.68327666
3.682	0.68263970
3.683	0.68233274
3.684	0.68235798
3.685	0.68252437
3.686	0.68270040
3.687	0.68286607
3.688	0.68264577
3.689	0.68287066
3.690	0.68281362
3.691	0.68322651
3.692	0.68334813
3.693	0.68330274
3.694	0.68356652
3.695	0.68337153
3.696	0.68324896
3.697	0.68324202
3.698	0.68371155
3.699	0.68351984
3.700	0.68347858
3.701	0.68322077
3.702	0.68298977
3.703	0.68298764
3.704	0.68288845
3.705	0.68258825
3.706	0.68190231
3.707	0.68173470
3.708	0.68195515
3.709	0.68200438
3.710	0.68180423
3.711	0.68162634
3.712	0.68191568
3.713	0.68218568
3.714	0.68211604
3.715	0.68247205
3.716	0.68320375
3.717	0.68371611
3.718	0.68337530
3.719	0.68282512
3.720	0.68267875
3.721	0.68247523
3.722	0.68265648
3.723	0.68268584
3.724	0.68266578
3.725	0.68250528
3.726	0.68223723
3.727	0.68185359
3.728	0.68200253
3.729	0.68207551
3.730	0.68235832
3.731	0.68241887
3.732	0.68238008
3.733	0.68259492
3.734	0.68278278
3.735	0.68351403
3.736	0.68367022
3.737	0.68387012
3.738	0.68404009
3.739	0.68394601
3.740	0.68451120
3.741	0.68471421
3.742	0.68445147
3.743	0.68415287
3.744	0.68404252
3.745	0.68433992
3.746	0.68434243
3.747	0.68454191
3.748	0.68455082
3.749	0.68446383
3.750	0.68435267
3.751	0.68462944
3.752	0.68454458
3.753	0.68469005
3.754	0.68451050
3.755	0.68455773
3.756	0.68445637
3.757	0.68455629
3.758	0.68482995
3.759	0.68460145
3.760	0.68466897
3.761	0.68451984
3.762	0.68436582
3.763	0.68476495
3.764	0.68473505
3.765	0.68490849
3.766	0.68512221
3.767	0.68476238
3.768	0.68424299
3.769	0.68485780
3.770	0.68510529
3.771	0.68521793
3.772	0.68517838
3.773	0.68488193
3.774	0.68478137
3.775	0.68508631
3.776	0.68540999
3.777	0.68579254
3.778	0.68617935
3.779	0.68579470
3.780	0.68546140
3.781	0.68519558
3.782	0.68524562
3.783	0.68532406
3.784	0.68583224
3.785	0.68611144
3.786	0.68587485
3.787	0.68591805
3.788	0.68559482
3.789	0.68579788
3.790	0.68566851
3.791	0.68602597
3.792	0.68698156
3.793	0.68724962
3.794	0.68718900
3.795	0.68740395
3.796	0.68723388
3.797	0.68679812
3.798	0.68673820
3.799	0.68731573
3.800	0.68709810
3.801	0.68726410
3.802	0.68703056
3.803	0.68696269
3.804	0.68670923
3.805	0.68608016
3.806	0.68636216
3.807	0.68650036
3.808	0.68717422
3.809	0.68712161
3.810	0.68747906
3.811	0.68743220
3.812	0.68745534
3.813	0.68723157
3.814	0.68674374
3.815	0.68622339
3.816	0.68693589
3.817	0.68651447
3.818	0.68639756
3.819	0.68604371
3.820	0.68607490
3.821	0.68611698
3.822	0.68604148
3.823	0.68551828
3.824	0.68491876
3.825	0.68501758
3.826	0.68510237
3.827	0.68552563
3.828	0.68529987
3.829	0.68544627
3.830	0.68607694
3.831	0.68585875
3.832	0.68583061
3.833	0.68536449
3.834	0.68557408
3.835	0.68565962
3.836	0.68517682
3.837	0.68589373
3.838	0.68615864
3.839	0.68622743
3.840	0.68558167
3.841	0.68556448
3.842	0.68546392
3.843	0.68554744
3.844	0.68545013
3.845	0.68567599
3.846	0.68564978
3.847	0.68568121
3.848	0.68595829
3.849	0.68508933
3.850	0.68510711
3.851	0.68492448
3.852	0.68466549
3.853	0.68425097
3.854	0.68432682
3.855	0.68458888
3.856	0.68445813
3.857	0.68476690
3.858	0.68425913
3.859	0.68406542
3.860	0.68436945
3.861	0.68424001
3.862	0.68416504
3.863	0.68412601
3.864	0.68377999
3.865	0.68403006
3.866	0.68408054
3.867	0.68378046
3.868	0.68430444
3.869	0.68414800
3.870	0.68397587
3.871	0.68437046
3.872	0.68426074
3.873	0.68396729
3.874	0.68450051
3.875	0.68466720
3.876	0.68437452
3.877	0.68385404
3.878	0.68367498
3.879	0.68413814
3.880	0.68379956
3.881	0.68412674
3.882	0.68426979
3.883	0.68398187
3.884	0.68372864
3.885	0.68356166
3.886	0.68378903
3.887	0.68403119
3.888	0.68458031
3.889	0.68472386
3.890	0.68418099
3.891	0.68439475
3.892	0.68473904
3.893	0.68481031
3.894	0.68462715
3.895	0.68506323
3.896	0.68543259
3.897	0.68526302
3.898	0.68471681
3.899	0.68455336
3.900	0.68453366
3.901	0.68492234
3.902	0.68465228
3.903	0.68440272
3.904	0.68442032
3.905	0.68462260
3.906	0.68500185
3.907	0.68476973
3.908	0.68479555
3.909	0.68424656
3.910	0.68403420
3.911	0.68423197
3.912	0.68434537
3.913	0.68400698
3.914	0.68381626
3.915	0.68362090
3.916	0.68345778
3.917	0.68338089
3.918	0.68300888
3.919	0.68341127
3.920	0.68396941
3.921	0.68395225
3.922	0.68429006
3.923	0.68387573
3.924	0.68390728
3.925	0.68385780
3.926	0.68407213
3.927	0.68436032
3.928	0.68447523
3.929	0.68433176
3.930	0.68463952
3.931	0.68434092
3.932	0.68416804
3.933	0.68391185
3.934	0.68352423
3.935	0.68387473
3.936	0.68368777
3.937	0.68339710
3.938	0.68334450
3.939	0.68386578
3.940	0.68423622
3.941	0.68435464
3.942	0.68496983
3.943	0.68508988
3.944	0.68514279
3.945	0.68520752
3.946	0.68555648
3.947	0.68520585
3.948	0.68518177
3.949	0.68551045
3.950	0.68576506
3.951	0.68612750
3.952	0.68656809
3.953	0.68653144
3.954	0.68668334
3.955	0.68628813
3.956	0.68623721
3.957	0.68623282
3.958	0.68650999
3.959	0.68710686
3.960	0.68712985
3.961	0.68725126
3.962	0.68700713
3.963	0.68724902
3.964	0.68749138
3.965	0.68778429
3.966	0.68806414
3.967	0.68795880
3.968	0.68784229
3.969	0.68797456
3.970	0.68832711
3.971	0.68913223
3.972	0.68931248
3.973	0.68889905
3.974	0.68864185
3.975	0.68817686
3.976	0.68803462
3.977	0.68813184
3.978	0.68809453
3.979	0.68822584
3.980	0.68802228
3.981	0.68777182
3.982	0.68822394
3.983	0.68810968
3.984	0.68842227
3.985	0.68833365
3.986	0.68831748
3.987	0.68797804
3.988	0.68767650
3.989	0.68782015
3.990	0.68736403
3.991	0.68745463
3.992	0.68800612
3.993	0.68739597
3.994	0.68719125
3.995	0.68674914
3.996	0.68686128
3.997	0.68683058
3.998	0.68692690
3.999	0.68637149
4.000	0.68649020
4.001	0.68658799
4.002	0.68683801
4.003	0.68707381
4.004	0.68756725
4.005	0.68763007
4.006	0.68780248
4.007	0.68779052
4.008	0.68831560
4.009	0.68858845
4.010	0.68841169
4.011	0.68883595
4.012	0.68885304
4.013	0.68902588
4.014	0.68879731
4.015	0.68857855
4.016	0.68848221
4.017	0.68885170
4.018	0.68933249
4.019	0.68885086
4.020	0.68913665
4.021	0.68949198
4.022	0.68966380
4.023	0.68978485
4.024	0.68971859
4.025	0.68998051
4.026	0.68996707
4.027	0.69029690
4.028	0.69007157
4.029	0.69012298
4.030	0.69020119
4.031	0.69010256
4.032	0.69005355
4.033	0.68989446
4.034	0.68971175
4.035	0.68972663
4.036	0.68948842
4.037	0.68922972
4.038	0.68897797
4.039	0.68878158
4.040	0.68819370
4.041	0.68782172
4.042	0.68753207
4.043	0.68747442
4.044	0.68739218
4.045	0.68680877
4.046	0.68665678
4.047	0.68643013
4.048	0.68677030
4.049	0.68677210
4.050	0.68709581
4.051	0.68693643
4.052	0.68670326
4.053	0.68692857
4.054	0.68701683
4.055	0.68728474
4.056	0.68747829
4.057	0.68720578
4.058	0.68769756
4.059	0.68749272
4.060	0.68792020
4.061	0.68759366
4.062	0.68757893
4.063	0.68754923
4.064	0.68779079
4.065	0.68786163
4.066	0.68769890
4.067	0.68792637
4.068	0.68825475
4.069	0.68790320
4.070	0.68752442
4.071	0.68759471
4.072	0.68758840
4.073	0.68744156
4.074	0.68727938
4.075	0.68731706
4.076	0.68725453
4.077	0.68699692
4.078	0.68743593
4.079	0.68712000
4.080	0.68703196
4.081	0.68640377
4.082	0.68658876
4.083	0.68667286
4.084	0.68661866
4.085	0.68666548
4.086	0.68690892
4.087	0.68686530
4.088	0.68731608
4.089	0.68708690
4.090	0.68701449
4.091	0.68693084
4.092	0.68646771
4.093	0.68637994
4.094	0.68607466
4.095	0.68627898
4.096	0.68648736
4.097	0.68689684
4.098	0.68687224
4.099	0.68703334
4.100	0.68706888
4.101	0.68700679
4.102	0.68693014
4.103	0.68682584
4.104	0.68694510
4.105	0.68608272
4.106	0.68657722
4.107	0.68637662
4.108	0.68639090
4.109	0.68651453
4.110	0.68612715
4.111	0.68639942
4.112	0.68679017
4.113	0.68629121
4.114	0.68562416
4.115	0.68543389
4.116	0.68564524
4.117	0.68573923
4.118	0.68558292
4.119	0.68475211
4.120	0.68510799
4.121	0.68480129
4.122	0.68489034
4.123	0.68472679
4.124	0.68494916
4.125	0.68441686
4.126	0.68477704
4.127	0.68495650
4.128	0.68483843
4.129	0.68540829
4.130	0.68528122
4.131	0.68536646
4.132	0.68557559
4.133	0.68567628
4.134	0.68534502
4.135	0.68490122
4.136	0.68492108
4.137	0.68532297
4.138	0.68533662
4.139	0.68522801
4.140	0.68490152
4.141	0.68503693
4.142	0.68490934
4.143	0.68466025
4.144	0.68527544
4.145	0.68508599
4.146	0.68462686
4.147	0.68448203
4.148	0.68453546
4.149	0.68449201
4.150	0.68464733
4.151	0.68463507
4.152	0.68423324
4.153	0.68405872
4.154	0.68401267
4.155	0.68426617
4.156	0.68488551
4.157	0.68487714
4.158	0.68465305
4.159	0.68431208
4.160	0.68426501
4.161	0.68450472
4.162	0.68417539
4.163	0.68443251
4.164	0.68384478
4.165	0.68377505
4.166	0.68376029
4.167	0.68368974
4.168	0.68332781
4.169	0.68345045
4.170	0.68321307
4.171	0.68309341
4.172	0.68347167
4.173	0.68294635
4.174	0.68269212
4.175	0.68259122
4.176	0.68212423
4.177	0.68184116
4.178	0.68206359
4.179	0.68240415
4.180	0.68225225
4.181	0.68205534
4.182	0.68150470
4.183	0.68080764
4.184	0.68103702
4.185	0.68061665
4.186	0.68012074
4.187	0.68082060
4.188	0.68095152
4.189	0.68087569
4.190	0.68076805
4.191	0.68057817
4.192	0.68018374
4.193	0.68037386
4.194	0.68049692
4.195	0.68021310
4.196	0.68044722
4.197	0.67986802
4.198	0.67967914
4.199	0.67974801
4.200	0.67971128
4.201	0.67969395
4.202	0.67901752
4.203	0.67867075
4.204	0.67898024
4.205	0.67837208
4.206	0.67888724
4.207	0.67891609
4.208	0.67872414
4.209	0.67869173
4.210	0.67865206
4.211	0.67834662
4.212	0.67807269
4.213	0.67833983
4.214	0.67830778
4.215	0.67786123
4.216	0.67775791
4.217	0.67719743
4.218	0.67764045
4.219	0.67741968
4.220	0.67721170
4.221	0.67711753
4.222	0.67746826
4.223	0.67733985
4.224	0.67693222
4.225	0.67701996
4.226	0.67713464
4.227	0.67686706
4.228	0.67680303
4.229	0.67674147
4.230	0.67626407
4.231	0.67615673
4.232	0.67614087
4.233	0.67534080
4.234	0.67556178
4.235	0.67617424
4.236	0.67588393
4.237	0.67528223
4.238	0.67491067
4.239	0.67475256
4.240	0.67469491
4.241	0.67486602
4.242	0.67469227
4.243	0.67412395
4.244	0.67369584
4.245	0.67326088
4.246	0.67356044
4.247	0.67383014
4.248	0.67400802
4.249	0.67433519
4.250	0.67409847
4.251	0.67407278
4.252	0.67440081
4.253	0.67423561
4.254	0.67395440
4.255	0.67421514
4.256	0.67436285
4.257	0.67430037
4.258	0.67446832
4.259	0.67427366
4.260	0.67448540
4.261	0.67490694
4.262	0.67458141
4.263	0.67455911
4.264	0.67429942
4.265	0.67424586
4.266	0.67374764
4.267	0.67359070
4.268	0.67428237
4.269	0.67419569
4.270	0.67463959
4.271	0.67478661
4.272	0.67428830
4.273	0.67434820
4.274	0.67389738
4.275	0.67345973
4.276	0.67305570
4.277	0.67258964
4.278	0.67209049
4.279	0.67173903
4.280	0.67198009
4.281	0.67199283
4.282	0.67231517
4.283	0.67226491
4.284	0.67213692
4.285	0.67192290
4.286	0.67189635
4.287	0.67208792
4.288	0.67178315
4.289	0.67205525
4.290	0.67250603
4.291	0.67310152
4.292	0.67289689
4.293	0.67285905
4.294	0.67252719
4.295	0.67151126
4.296	0.67184689
4.297	0.67195564
4.298	0.67143471
4.299	0.67233973
4.300	0.67240409
4.301	0.67230770
4.302	0.67225737
4.303	0.67247574
4.304	0.67277100
4.305	0.67252794
4.306	0.67209109
4.307	0.67122615
4.308	0.67100391
4.309	0.67117975
4.310	0.67116795
4.311	0.67089390
4.312	0.67078117
4.313	0.67055050
4.314	0.67022666
4.315	0.67013259
4.316	0.67058908
4.317	0.67023342
4.318	0.67007641
4.319	0.66999606
4.320	0.66998127
4.321	0.66966890
4.322	0.66959963
4.323	0.67015010
4.324	0.66986855
4.325	0.66964887
4.326	0.66910257
4.327	0.66867952
4.328	0.66854115
4.329	0.66855741
4.330	0.66852378
4.331	0.66865848
4.332	0.66923908
4.333	0.66893332
4.334	0.66894267
4.335	0.66907874
4.336	0.66911823
4.337	0.66934914
4.338	0.66986534
4.339	0.66944122
4.340	0.66976641
4.341	0.66951761
4.342	0.66981001
4.343	0.66950895
4.344	0.66951043
4.345	0.66939940
4.346	0.66914433
4.347	0.66916659
4.348	0.66922346
4.349	0.66867420
4.350	0.66892709
4.351	0.66953936
4.352	0.66952403
4.353	0.66943949
4.354	0.66901381
4.355	0.66903777
4.356	0.66925107
4.357	0.66926883
4.358	0.66921023
4.359	0.66898812
4.360	0.66899391
4.361	0.66894487
4.362	0.66901367
4.363	0.66877221
4.364	0.66939094
4.365	0.66898753
4.366	0.66890380
4.367	0.66881327
4.368	0.66875762
4.369	0.66888880
4.370	0.66904469
4.371	0.66859916
4.372	0.66849037
4.373	0.66846499
4.374	0.66811526
4.375	0.66856540
4.376	0.66756362
4.377	0.66699155
4.378	0.66712706
4.379	0.66726304
4.380	0.66744400
4.381	0.66751949
4.382	0.66744872
4.383	0.66742298
4.384	0.66724326
4.385	0.66752381
4.386	0.66779889
4.387	0.66800333
4.388	0.66733267
4.389	0.66758790
4.390	0.66722814
4.391	0.66687760
4.392	0.66653436
4.393	0.66686120
4.394	0.66646622
4.395	0.66620644
4.396	0.66606634
4.397	0.66587346
4.398	0.66595578
4.399	0.66533890
4.400	0.66496536
4.401	0.66489586
4.402	0.66505748
4.403	0.66531853
4.404	0.66544144
4.405	0.66571949
4.406	0.66610944
4.407	0.66584835
4.408	0.66595639
4.409	0.66565774
4.410	0.66549571
4.411	0.66550967
4.412	0.66542789
4.413	0.66557141
4.414	0.66543776
4.415	0.66529839
4.416	0.66576934
4.417	0.66593442
4.418	0.66615204
4.419	0.66627762
4.420	0.66643100
4.421	0.66644740
4.422	0.66646679
4.423	0.66541189
4.424	0.66540316
4.425	0.66553594
4.426	0.66509799
4.427	0.66495085
4.428	0.66497362
4.429	0.66475855
4.430	0.66471796
4.431	0.66441462
4.432	0.66475810
4.433	0.66486379
4.434	0.66445445
4.435	0.66396499
4.436	0.66349749
4.437	0.66375608
4.438	0.66396304
4.439	0.66377050
4.440	0.66408352
4.441	0.66338385
4.442	0.66270326
4.443	0.66277087
4.444	0.66278987
4.445	0.66316257
4.446	0.66341828
4.447	0.66305071
4.448	0.66360727
4.449	0.66358812
4.450	0.66334664
4.451	0.66334230
4.452	0.66338825
4.453	0.66403613
4.454	0.66413640
4.455	0.66395431
4.456	0.66380505
4.457	0.66351079
4.458	0.66327535
4.459	0.66349703
4.460	0.66366973
4.461	0.66372862
4.462	0.66406246
4.463	0.66389034
4.464	0.66391974
4.465	0.66374342
4.466	0.66398962
4.467	0.66383070
4.468	0.66345701
4.469	0.66272751
4.470	0.66250352
4.471	0.66228939
4.472	0.66198417
4.473	0.66153235
4.474	0.66192714
4.475	0.66164621
4.476	0.66164646
4.477	0.66156890
4.478	0.66168658
4.479	0.66161972
4.480	0.66180672
4.481	0.66178409
4.482	0.66187590
4.483	0.66153219
4.484	0.66219467
4.485	0.66221471
4.486	0.66243957
4.487	0.66252898
4.488	0.66224320
4.489	0.66257359
4.490	0.66226813
4.491	0.66156899
4.492	0.66151022
4.493	0.66135219
4.494	0.66159314
4.495	0.66220065
4.496	0.66191711
4.497	0.66239569
4.498	0.66245697
4.499	0.66215959
4.500	0.66301326
4.501	0.66340383
4.502	0.66305196
4.503	0.66295949
4.504	0.66301295
4.505	0.66259244
4.506	0.66250632
4.507	0.66303065
4.508	0.66296439
4.509	0.66319252
4.510	0.66328212
4.511	0.66384400
4.512	0.66383528
4.513	0.66389907
4.514	0.66364443
4.515	0.66306513
4.516	0.66333466
4.517	0.66341906
4.518	0.66342654
4.519	0.66358060
4.520	0.66352424
4.521	0.66347109
4.522	0.66316775
4.523	0.66281440
4.524	0.66320858
4.525	0.66402936
4.526	0.66440747
4.527	0.66442134
4.528	0.66462599
4.529	0.66464881
4.530	0.66448754
4.531	0.66460714
4.532	0.66464244
4.533	0.66423623
4.534	0.66429700
4.535	0.66468397
4.536	0.66485520
4.537	0.66483444
4.538	0.66496969
4.539	0.66519766
4.540	0.66517552
4.541	0.66496381
4.542	0.66515631
4.543	0.66508033
4.544	0.66501768
4.545	0.66479600
4.546	0.66489905
4.547	0.66562291
4.548	0.66519893
4.549	0.66508534
4.550	0.66494446
4.551	0.66455448
4.552	0.66442198
4.553	0.66442808
4.554	0.66467743
4.555	0.66517437
4.556	0.66463346
4.557	0.66407786
4.558	0.66356166
4.559	0.66318268
4.560	0.66340237
4.561	0.66391925
4.562	0.66375473
4.563	0.66391753
4.564	0.66356266
4.565	0.66353975
4.566	0.66408607
4.567	0.66440608
4.568	0.66464689
4.569	0.66438549
4.570	0.66475088
4.571	0.66463907
4.572	0.66504304
4.573	0.66458042
4.574	0.66410950
4.575	0.66431183
4.576	0.66403169
4.577	0.66357839
4.578	0.66338307
4.579	0.66360460
4.580	0.66320149
4.581	0.66329066
4.582	0.66342271
4.583	0.66333345
4.584	0.66387753
4.585	0.66403276
4.586	0.66403086
4.587	0.66372610
4.588	0.66391670
4.589	0.66393131
4.590	0.66444969
4.591	0.66489627
4.592	0.66531916
4.593	0.66490170
4.594	0.66453040
4.595	0.66472462
4.596	0.66447638
4.597	0.66418467
4.598	0.66420672
4.599	0.66392007
4.600	0.66346207
4.601	0.66378346
4.602	0.66386240
4.603	0.66383037
4.604	0.66421221
4.605	0.66405550
4.606	0.66378443
4.607	0.66396688
4.608	0.66338679
4.609	0.66312912
4.610	0.66337805
4.611	0.66355186
4.612	0.66391339
4.613	0.66428908
4.614	0.66394270
4.615	0.66400842
4.616	0.66415951
4.617	0.66460036
4.618	0.66452367
4.619	0.66482891
4.620	0.66520829
4.621	0.66527369
4.622	0.66517742
4.623	0.66527425
4.624	0.66549547
4.625	0.66502553
4.626	0.66465180
4.627	0.66450412
4.628	0.66473191
4.629	0.66435253
4.630	0.66466485
4.631	0.66446747
4.632	0.66412715
4.633	0.66367920
4.634	0.66341225
4.635	0.66285046
4.636	0.66245846
4.637	0.66247888
4.638	0.66207895
4.639	0.66196889
4.640	0.66161144
4.641	0.66162530
4.642	0.66209570
4.643	0.66192096
4.644	0.66201960
4.645	0.66195456
4.646	0.66206136
4.647	0.66186148
4.648	0.66173206
4.649	0.66163406
4.650	0.66174141
4.651	0.66200226
4.652	0.66146621
4.653	0.66142589
4.654	0.66141829
4.655	0.66140804
4.656	0.66083350
4.657	0.66070186
4.658	0.66050596
4.659	0.66022901
4.660	0.65989166
4.661	0.66011221
4.662	0.65969795
4.663	0.65984816
4.664	0.65954598
4.665	0.65950773
4.666	0.65937187
4.667	0.65950174
4.668	0.65947740
4.669	0.65945411
4.670	0.65950227
4.671	0.65940849
4.672	0.65935578
4.673	0.65935785
4.674	0.65865137
4.675	0.65856484
4.676	0.65847551
4.677	0.65814898
4.678	0.65796829
4.679	0.65812194
4.680	0.65796557
4.681	0.65812589
4.682	0.65740014
4.683	0.65712388
4.684	0.65738603
4.685	0.65706169
4.686	0.65712925
4.687	0.65636975
4.688	0.65559236
4.689	0.65561789
4.690	0.65529922
4.691	0.65491436
4.692	0.65520615
4.693	0.65492964
4.694	0.65483728
4.695	0.65465613
4.696	0.65461954
4.697	0.65472191
4.698	0.65449625
4.699	0.65457961
4.700	0.65481553
4.701	0.65485968
4.702	0.65510176
4.703	0.65490382
4.704	0.65481040
4.705	0.65471483
4.706	0.65485144
4.707	0.65492557
4.708	0.65531352
4.709	0.65582910
4.710	0.65569346
4.711	0.65559762
4.712	0.65519147
4.713	0.65542294
4.714	0.65550821
4.715	0.65523689
4.716	0.65517608
4.717	0.65568060
4.718	0.65567183
4.719	0.65588851
4.720	0.65592736
4.721	0.65531389
4.722	0.65534769
4.723	0.65529653
4.724	0.65562372
4.725	0.65564295
4.726	0.65492629
4.727	0.65539744
4.728	0.65512650
4.729	0.65501201
4.730	0.65489424
4.731	0.65515025
4.732	0.65536262
4.733	0.65518456
4.734	0.65506716
4.735	0.65495776
4.736	0.65448609
4.737	0.65446474
4.738	0.65443898
4.739	0.65475418
4.740	0.65449809
4.741	0.65467540
4.742	0.65425838
4.743	0.65430274
4.744	0.65404456
4.745	0.65404923
4.746	0.65419342
4.747	0.65442358
4.748	0.65436647
4.749	0.65468526
4.750	0.65496473
4.751	0.65459947
4.752	0.65471466
4.753	0.65391156
4.754	0.65372141
4.755	0.65309735
4.756	0.65343516
4.757	0.65346427
4.758	0.65354403
4.759	0.65376258
4.760	0.65355195
4.761	0.65359875
4.762	0.65371814
4.763	0.65349388
4.764	0.65332688
4.765	0.65350044
4.766	0.65372981
4.767	0.65343488
4.768	0.65299057
4.769	0.65279217
4.770	0.65228952
4.771	0.65246929
4.772	0.65200248
4.773	0.65236764
4.774	0.65193363
4.775	0.65236189
4.776	0.65251161
4.777	0.65243402
4.778	0.65262131
4.779	0.65299892
4.780	0.65328506
4.781	0.65319091
4.782	0.65339096
4.783	0.65327992
4.784	0.65315126
4.785	0.65335379
4.786	0.65291306
4.787	0.65210121
4.788	0.65172418
4.789	0.65158135
4.790	0.65169359
4.791	0.65190189
4.792	0.65161343
4.793	0.65159756
4.794	0.65133672
4.795	0.65139603
4.796	0.65145501
4.797	0.65160828
4.798	0.65149352
4.799	0.65173993
4.800	0.65143152
4.801	0.65147652
4.802	0.65156891
4.803	0.65146689
4.804	0.65100247
4.805	0.65059489
4.806	0.65046693
4.807	0.65004510
4.808	0.65015607
4.809	0.64999951
4.810	0.64963715
4.811	0.64980446
4.812	0.65012608
4.813	0.65058779
4.814	0.65052621
4.815	0.65005605
4.816	0.65015453
4.817	0.65003403
4.818	0.64945648
4.819	0.64966810
4.820	0.64923569
4.821	0.64949109
4.822	0.64977695
4.823	0.64912381
4.824	0.64966095
4.825	0.64926396
4.826	0.64919538
4.827	0.64884059
4.828	0.64892245
4.829	0.64857745
4.830	0.64873881
4.831	0.64857302
4.832	0.64859478
4.833	0.64870734
4.834	0.64833270
4.835	0.64787994
4.836	0.64768968
4.837	0.64803068
4.838	0.64783570
4.839	0.64815165
4.840	0.64820631
4.841	0.64824021
4.842	0.64807913
4.843	0.64804165
4.844	0.64843944
4.845	0.64866101
4.846	0.64848175
4.847	0.64853613
4.848	0.64814203
4.849	0.64830353
4.850	0.64804557
4.851	0.64788416
4.852	0.64797600
4.853	0.64790673
4.854	0.64826445
4.855	0.64827967
4.856	0.64888304
4.857	0.64895779
4.858	0.64932239
4.859	0.64906616
4.860	0.64849318
4.861	0.64898920
4.862	0.64909666
4.863	0.64991733
4.864	0.65004143
4.865	0.64941771
4.866	0.64931485
4.867	0.64931617
4.868	0.64932617
4.869	0.64956271
4.870	0.64966913
4.871	0.64962796
4.872	0.64927376
4.873	0.64958489
4.874	0.64987803
4.875	0.65007177
4.876	0.64979432
4.877	0.64988200
4.878	0.65015821
4.879	0.65053882
4.880	0.65062639
4.881	0.65023441
4.882	0.64988230
4.883	0.64975778
4.884	0.64988276
4.885	0.64937944
4.886	0.64961924
4.887	0.64968357
4.888	0.64953813
4.889	0.65018021
4.890	0.65026473
4.891	0.65032893
4.892	0.65045367
4.893	0.65026104
4.894	0.65040554
4.895	0.65013654
4.896	0.65053263
4.897	0.65114754
4.898	0.65138192
4.899	0.65146625
4.900	0.65209933
4.901	0.65251486
4.902	0.65263790
4.903	0.65277677
4.904	0.65253818
4.905	0.65217129
4.906	0.65240604
4.907	0.65238052
4.908	0.65242066
4.909	0.65222099
4.910	0.65201714
4.911	0.65224939
4.912	0.65185650
4.913	0.65155887
4.914	0.65169086
4.915	0.65162043
4.916	0.65156754
4.917	0.65144424
4.918	0.65188425
4.919	0.65186263
4.920	0.65199400
4.921	0.65219028
4.922	0.65264367
4.923	0.65248573
4.924	0.65229248
4.925	0.65179741
4.926	0.65152172
4.927	0.65144767
4.928	0.65148904
4.929	0.65116206
4.930	0.65121144
4.931	0.65122965
4.932	0.65096883
4.933	0.65079544
4.934	0.65095605
4.935	0.65065554
4.936	0.65073650
4.937	0.65107809
4.938	0.65008351
4.939	0.64996265
4.940	0.65021897
4.941	0.64972279
4.942	0.65014027
4.943	0.65011256
4.944	0.65016921
4.945	0.65029339
4.946	0.65002514
4.947	0.64999480
4.948	0.64952374
4.949	0.64954129
4.950	0.64998132
4.951	0.64971769
4.952	0.64927725
4.953	0.64898843
4.954	0.64843217
4.955	0.64833029
4.956	0.64908561
4.957	0.64873459
4.958	0.64873001
4.959	0.64903039
4.960	0.64930700
4.961	0.64943233
4.962	0.64962875
4.963	0.65000657
4.964	0.65031206
4.965	0.65027794
4.966	0.65030755
4.967	0.64957845
4.968	0.64949767
4.969	0.64918007
4.970	0.64915950
4.971	0.64944991
4.972	0.64906886
4.973	0.64912586
4.974	0.64870646
4.975	0.64853447
4.976	0.64840568
4.977	0.64882526
4.978	0.64865577
4.979	0.64894622
4.980	0.64928180
4.981	0.64931513
4.982	0.64967937
4.983	0.64973625
4.984	0.64979052
4.985	0.64981940
4.986	0.64974331
4.987	0.64952148
4.988	0.64956022
4.989	0.64976841
4.990	0.64997563
4.991	0.64957257
4.992	0.64963303
4.993	0.64967545
4.994	0.64985754
4.995	0.64964155
4.996	0.64944292
4.997	0.64956787
4.998	0.65004982
4.999	0.64993216
5.000	0.64973278
5.001	0.64976748
5.002	0.65017346
5.003	0.65030444
5.004	0.65015695
5.005	0.64992662
5.006	0.65008947
5.007	0.64954292
5.008	0.65008459
5.009	0.65111862
5.010	0.65166998
5.011	0.65206430
5.012	0.65271430
5.013	0.65275635
5.014	0.65243260
5.015	0.65207949
5.016	0.65186321
5.017	0.65217428
5.018	0.65169268
5.019	0.65170651
5.020	0.65195611
5.021	0.65178468
5.022	0.65210770
5.023	0.65174887
5.024	0.65179358
5.025	0.65153270
5.026	0.65175417
5.027	0.65157955
5.028	0.65176284
5.029	0.65145714
5.030	0.65122978
5.031	0.65085281
5.032	0.65070763
5.033	0.65054052
5.034	0.65021735
5.035	0.65091908
5.036	0.65064105
5.037	0.65048636
5.038	0.65131430
5.039	0.65140154
5.040	0.65184942
5.041	0.65163511
5.042	0.65201719
5.043	0.65216997
5.044	0.65238920
5.045	0.65288685
5.046	0.65297368
5.047	0.65342714
5.048	0.65326801
5.049	0.65347372
5.050	0.65331862
5.051	0.65332098
5.052	0.65331624
5.053	0.65337748
5.054	0.65400590
5.055	0.65431836
5.056	0.65410786
5.057	0.65413808
5.058	0.65442780
5.059	0.65458908
5.060	0.65413757
5.061	0.65419361
5.062	0.65429526
5.063	0.65452536
5.064	0.65462049
5.065	0.65455125
5.066	0.65423566
5.067	0.65428853
5.068	0.65408838
5.069	0.65392638
5.070	0.65409206
5.071	0.65400006
5.072	0.65401464
5.073	0.65391341
5.074	0.65440020
5.075	0.65406189
5.076	0.65423087
5.077	0.65449457
5.078	0.65481770
5.079	0.65530667
5.080	0.65541482
5.081	0.65554350
5.082	0.65510458
5.083	0.65531641
5.084	0.65555548
5.085	0.65574668
5.086	0.65607067
5.087	0.65622135
5.088	0.65592064
5.089	0.65559825
5.090	0.65511067
5.091	0.65493156
5.092	0.65510067
5.093	0.65475123
5.094	0.65439767
5.095	0.65490399
5.096	0.65498415
5.097	0.65494377
5.098	0.65528718
5.099	0.65500209
5.100	0.65470366
5.101	0.65457009
5.102	0.65460170
5.103	0.65460990
5.104	0.65513636
5.105	0.65566668
5.106	0.65503683
5.107	0.65509963
5.108	0.65538326
5.109	0.65560020
5.110	0.65527894
5.111	0.65492484
5.112	0.65480075
5.113	0.65519746
5.114	0.65465659
5.115	0.65431380
5.116	0.65456092
5.117	0.65409409
5.118	0.65376631
5.119	0.65390412
5.120	0.65382036
5.121	0.65404951
5.122	0.65404927
5.123	0.65387734
5.124	0.65372908
5.125	0.65368437
5.126	0.65346282
5.127	0.65347847
5.128	0.65342130
5.129	0.65292059
5.130	0.65268342
5.131	0.65345179
5.132	0.65350163
5.133	0.65303934
5.134	0.65242529
5.135	0.65241325
5.136	0.65235887
5.137	0.65245675
5.138	0.65292607
5.139	0.65305678
5.140	0.65374473
5.141	0.65350522
5.142	0.65325871
5.143	0.65308760
5.144	0.65346744
5.145	0.65363412
5.146	0.65324371
5.147	0.65248941
5.148	0.65301574
5.149	0.65287402
5.150	0.65241123
5.151	0.65231746
5.152	0.65259017
5.153	0.65285486
5.154	0.65309525
5.155	0.65346868
5.156	0.65329791
5.157	0.65327038
5.158	0.65331015
5.159	0.65294366
5.160	0.65313059
5.161	0.65297760
5.162	0.65264201
5.163	0.65289128
5.164	0.65268083
5.165	0.65303088
5.166	0.65274197
5.167	0.65265757
5.168	0.65232103
5.169	0.65237635
5.170	0.65267327
5.171	0.65331189
5.172	0.65316044
5.173	0.65299955
5.174	0.65344737
5.175	0.65321552
5.176	0.65351296
5.177	0.65303697
5.178	0.65247007
5.179	0.65235709
5.180	0.65247750
5.181	0.65261458
5.182	0.65310152
5.183	0.65284921
5.184	0.65306460
5.185	0.65287646
5.186	0.65342021
5.187	0.65326231
5.188	0.65374745
5.189	0.65356439
5.190	0.65341949
5.191	0.65335443
5.192	0.65391790
5.193	0.65377637
5.194	0.65383795
5.195	0.65410418
5.196	0.65401155
5.197	0.65458929
5.198	0.65472393
5.199	0.65531940
5.200	0.65498640
5.201	0.65495886
5.202	0.65450212
5.203	0.65374622
5.204	0.65358436
5.205	0.65407216
5.206	0.65488234
5.207	0.65392123
5.208	0.65348545
5.209	0.65348054
5.210	0.65348019
5.211	0.65349192
5.212	0.65344625
5.213	0.65315369
5.214	0.65361136
5.215	0.65315236
5.216	0.65364470
5.217	0.65388894
5.218	0.65371827
5.219	0.65399507
5.220	0.65398108
5.221	0.65434349
5.222	0.65364400
5.223	0.65353508
5.224	0.65293810
5.225	0.65314328
5.226	0.65304156
5.227	0.65313864
5.228	0.65325993
5.229	0.65338470
5.230	0.65308338
5.231	0.65278957
5.232	0.65258729
5.233	0.65262689
5.234	0.65236556
5.235	0.65282593
5.236	0.65290511
5.237	0.65311441
5.238	0.65266389
5.239	0.65285262
5.240	0.65253522
5.241	0.65290388
5.242	0.65265851
5.243	0.65289437
5.244	0.65318156
5.245	0.65331956
5.246	0.65372427
5.247	0.65351901
5.248	0.65328786
5.249	0.65296363
5.250	0.65301723
5.251	0.65248937
5.252	0.65259628
5.253	0.65263905
5.254	0.65278013
5.255	0.65290622
5.256	0.65259164
5.257	0.65311625
5.258	0.65314762
5.259	0.65297461
5.260	0.65296773
5.261	0.65296641
5.262	0.65295521
5.263	0.65300908
5.264	0.65254679
5.265	0.65245242
5.266	0.65262777
5.267	0.65245387
5.268	0.65244831
5.269	0.65255095
5.270	0.65301517
5.271	0.65308697
5.272	0.65274658
5.273	0.65298028
5.274	0.65320969
5.275	0.65335490
5.276	0.65328236
5.277	0.65336761
5.278	0.65365479
5.279	0.65365613
5.280	0.65319364
5.281	0.65325866
5.282	0.65333297
5.283	0.65379797
5.284	0.65371603
5.285	0.65328019
5.286	0.65346067
5.287	0.65329686
5.288	0.65373877
5.289	0.65329032
5.290	0.65367786
5.291	0.65381248
5.292	0.65373623
5.293	0.65399112
5.294	0.65446157
5.295	0.65489173
5.296	0.65456419
5.297	0.65427240
5.298	0.65445102
5.299	0.65410909
5.300	0.65416549
5.301	0.65393728
5.302	0.65350786
5.303	0.65347903
5.304	0.65362301
5.305	0.65329614
5.306	0.65303907
5.307	0.65247832
5.308	0.65210783
5.309	0.65155303
5.310	0.65195905
5.311	0.65215745
5.312	0.65197685
5.313	0.65183182
5.314	0.65163980
5.315	0.65146195
5.316	0.65205835
5.317	0.65237376
5.318	0.65239920
5.319	0.65231377
5.320	0.65234400
5.321	0.65229912
5.322	0.65262873
5.323	0.65312785
5.324	0.65264281
5.325	0.65233686
5.326	0.65185775
5.327	0.65113763
5.328	0.65140704
5.329	0.65083479
5.330	0.65086392
5.331	0.65112042
5.332	0.65089847
5.333	0.65094700
5.334	0.65062733
5.335	0.65031341
5.336	0.65016903
5.337	0.65115716
5.338	0.65120195
5.339	0.65168071
5.340	0.65176756
5.341	0.65180735
5.342	0.65166150
5.343	0.65211568
5.344	0.65181709
5.345	0.65185645
5.346	0.65195539
5.347	0.65235645
5.348	0.65206641
5.349	0.65207079
5.350	0.65206127
5.351	0.65267539
5.352	0.65286552
5.353	0.65291694
5.354	0.65264120
5.355	0.65257436
5.356	0.65199426
5.357	0.65218620
5.358	0.65208509
5.359	0.65231703
5.360	0.65248979
5.361	0.65215935
5.362	0.65209702
5.363	0.65209821
5.364	0.65199798
5.365	0.65238062
5.366	0.65224886
5.367	0.65229251
5.368	0.65248050
5.369	0.65227816
5.370	0.65249069
5.371	0.65279385
5.372	0.65268647
5.373	0.65272840
5.374	0.65252075
5.375	0.65258818
5.376	0.65317049
5.377	0.65309137
5.378	0.65323169
5.379	0.65322915
5.380	0.65363215
5.381	0.65369316
5.382	0.65379982
5.383	0.65397560
5.384	0.65380369
5.385	0.65418689
5.386	0.65395559
5.387	0.65393346
5.388	0.65432758
5.389	0.65405856
5.390	0.65400141
5.391	0.65367506
5.392	0.65468103
5.393	0.65492138
5.394	0.65499410
5.395	0.65448448
5.396	0.65467227
5.397	0.65498114
5.398	0.65505996
5.399	0.65469395
5.400	0.65468213
5.401	0.65415177
5.402	0.65407485
5.403	0.65475241
5.404	0.65464598
5.405	0.65482642
5.406	0.65432892
5.407	0.65469087
5.408	0.65490240
5.409	0.65575996
5.410	0.65533153
5.411	0.65581920
5.412	0.65602009
5.413	0.65621755
5.414	0.65615299
5.415	0.65615609
5.416	0.65575008
5.417	0.65570884
5.418	0.65570874
5.419	0.65643272
5.420	0.65651970
5.421	0.65650619
5.422	0.65620561
5.423	0.65610560
5.424	0.65585290
5.425	0.65596372
5.426	0.65642755
5.427	0.65590908
5.428	0.65579686
5.429	0.65594430
5.430	0.65700173
5.431	0.65649353
5.432	0.65655778
5.433	0.65660911
5.434	0.65702799
5.435	0.65687311
5.436	0.65734830
5.437	0.65757847
5.438	0.65731853
5.439	0.65712556
5.440	0.65698531
5.441	0.65749880
5.442	0.65728000
5.443	0.65674585
5.444	0.65675009
5.445	0.65677225
5.446	0.65722572
5.447	0.65748017
5.448	0.65768674
5.449	0.65799912
5.450	0.65826975
5.451	0.65824629
5.452	0.65832180
5.453	0.65787280
5.454	0.65747185
5.455	0.65775950
5.456	0.65741220
5.457	0.65667161
5.458	0.65619218
5.459	0.65605354
5.460	0.65609939
5.461	0.65638684
5.462	0.65634856
5.463	0.65648289
5.464	0.65668178
5.465	0.65651336
5.466	0.65638883
5.467	0.65583558
5.468	0.65605320
5.469	0.65606013
5.470	0.65621638
5.471	0.65561239
5.472	0.65624616
5.473	0.65642708
5.474	0.65651233
5.475	0.65662622
5.476	0.65689242
5.477	0.65717099
5.478	0.65769914
5.479	0.65727633
5.480	0.65716176
5.481	0.65730001
5.482	0.65724892
5.483	0.65684084
5.484	0.65696133
5.485	0.65662778
5.486	0.65642819
5.487	0.65661542
5.488	0.65672562
5.489	0.65670497
5.490	0.65719745
5.491	0.65691395
5.492	0.65690072
5.493	0.65659332
5.494	0.65643595
5.495	0.65625075
5.496	0.65610929
5.497	0.65562297
5.498	0.65515215
5.499	0.65469975
5.500	0.65483404
5.501	0.65491605
5.502	0.65477717
5.503	0.65522060
5.504	0.65548900
5.505	0.65580572
5.506	0.65565141
5.507	0.65529165
5.508	0.65472430
5.509	0.65489773
5.510	0.65543008
5.511	0.65527681
5.512	0.65558260
5.513	0.65575715
5.514	0.65531711
5.515	0.65529650
5.516	0.65552007
5.517	0.65499189
5.518	0.65501157
5.519	0.65483911
5.520	0.65494046
5.521	0.65487448
5.522	0.65436252
5.523	0.65429210
5.524	0.65411641
5.525	0.65438056
5.526	0.65456230
5.527	0.65401942
5.528	0.65355643
5.529	0.65313355
5.530	0.65331974
5.531	0.65298484
5.532	0.65261736
5.533	0.65280610
5.534	0.65266938
5.535	0.65242366
5.536	0.65255937
5.537	0.65310022
5.538	0.65300607
5.539	0.65374519
5.540	0.65390114
5.541	0.65403979
5.542	0.65396175
5.543	0.65387650
5.544	0.65381372
5.545	0.65321267
5.546	0.65326014
5.547	0.65323385
5.548	0.65380132
5.549	0.65381948
5.550	0.65390183
5.551	0.65367616
5.552	0.65354164
5.553	0.65252394
5.554	0.65261414
5.555	0.65187132
5.556	0.65214369
5.557	0.65233094
5.558	0.65210387
5.559	0.65283610
5.560	0.65327587
5.561	0.65312987
5.562	0.65316323
5.563	0.65361882
5.564	0.65338994
5.565	0.65232578
5.566	0.65196353
5.567	0.65219238
5.568	0.65199262
5.569	0.65233891
5.570	0.65201183
5.571	0.65181075
5.572	0.65160818
5.573	0.65155913
5.574	0.65189520
5.575	0.65178940
5.576	0.65188373
5.577	0.65155337
5.578	0.65227636
5.579	0.65210191
5.580	0.65207522
5.581	0.65227575
5.582	0.65230808
5.583	0.65240992
5.584	0.65230399
5.585	0.65197207
5.586	0.65174843
5.587	0.65152731
5.588	0.65146284
5.589	0.65145815
5.590	0.65162566
5.591	0.65155467
5.592	0.65126545
5.593	0.65056972
5.594	0.65025609
5.595	0.65047004
5.596	0.65043573
5.597	0.65022136
5.598	0.65001283
5.599	0.64985716
5.600	0.65025691
5.601	0.65070527
5.602	0.65090009
5.603	0.65048575
5.604	0.65124733
5.605	0.65148462
5.606	0.65158144
5.607	0.65186235
5.608	0.65178767
5.609	0.65153294
5.610	0.65137686
5.611	0.65173646
5.612	0.65161030
5.613	0.65142482
5.614	0.65114992
5.615	0.65094458
5.616	0.65041016
5.617	0.65039176
5.618	0.65035837
5.619	0.64974782
5.620	0.64948331
5.621	0.64908545
5.622	0.64859178
5.623	0.64881925
5.624	0.64861868
5.625	0.64899578
5.626	0.64928775
5.627	0.64883521
5.628	0.64906609
5.629	0.64889593
5.630	0.64884349
5.631	0.64842613
5.632	0.64830667
5.633	0.64809542
5.634	0.64845594
5.635	0.64792115
5.636	0.64754500
5.637	0.64721652
5.638	0.64682110
5.639	0.64705720
5.640	0.64603353
5.641	0.64589561
5.642	0.64627617
5.643	0.64628264
5.644	0.64573115
5.645	0.64602858
5.646	0.64629959
5.647	0.64677970
5.648	0.64709938
5.649	0.64694092
5.650	0.64674999
5.651	0.64698788
5.652	0.64655023
5.653	0.64684346
5.654	0.64690761
5.655	0.64678227
5.656	0.64652738
5.657	0.64668159
5.658	0.64671860
5.659	0.64743625
5.660	0.64773063
5.661	0.64746092
5.662	0.64777384
5.663	0.64753270
5.664	0.64718105
5.665	0.64670265
5.666	0.64618409
5.667	0.64629397
5.668	0.64573454
5.669	0.64567162
5.670	0.64565259
5.671	0.64572615
5.672	0.64618972
5.673	0.64566768
5.674	0.64560355
5.675	0.64550851
5.676	0.64573052
5.677	0.64598663
5.678	0.64624115
5.679	0.64633022
5.680	0.64572957
5.681	0.64545326
5.682	0.64512488
5.683	0.64556174
5.684	0.64602380
5.685	0.64567164
5.686	0.64576688
5.687	0.64577077
5.688	0.64586773
5.689	0.64536561
5.690	0.64570191
5.691	0.64556971
5.692	0.64575829
5.693	0.64560918
5.694	0.64552106
5.695	0.64545965
5.696	0.64625075
5.697	0.64621808
5.698	0.64615452
5.699	0.64604159
5.700	0.64569895
5.701	0.64554059
5.702	0.64588170
5.703	0.64556797
5.704	0.64573387
5.705	0.64540109
5.706	0.64579968
5.707	0.64606299
5.708	0.64608616
5.709	0.64657485
5.710	0.64748878
5.711	0.64760506
5.712	0.64809735
5.713	0.64851407
5.714	0.64818484
5.715	0.64767471
5.716	0.64742798
5.717	0.64712412
5.718	0.64714935
5.719	0.64652557
5.720	0.64674693
5.721	0.64677328
5.722	0.64686878
5.723	0.64683850
5.724	0.64683346
5.725	0.64695810
5.726	0.64659369
5.727	0.64605308
5.728	0.64615596
5.729	0.64660848
5.730	0.64665004
5.731	0.64690731
5.732	0.64663712
5.733	0.64734646
5.734	0.64782590
5.735	0.64828104
5.736	0.64871271
5.737	0.64862270
5.738	0.64859108
5.739	0.64880312
5.740	0.64888769
5.741	0.64890585
5.742	0.64903993
5.743	0.64868379
5.744	0.64857106
5.745	0.64841219
5.746	0.64863279
5.747	0.64873140
5.748	0.64837188
5.749	0.64818676
5.750	0.64818908
5.751	0.64783806
5.752	0.64781995
5.753	0.64762245
5.754	0.64724659
5.755	0.64689599
5.756	0.64727424
5.757	0.64770373
5.758	0.64833264
5.759	0.64810352
5.760	0.64841483
5.761	0.64812620
5.762	0.64858741
5.763	0.64896782
5.764	0.64908942
5.765	0.64903929
5.766	0.64886316
5.767	0.64850017
5.768	0.64832990
5.769	0.64774505
5.770	0.64804824
5.771	0.64823645
5.772	0.64804405
5.773	0.64750850
5.774	0.64756707
5.775	0.64766854
5.776	0.64805576
5.777	0.64778863
5.778	0.64732892
5.779	0.64771847
5.780	0.64727381
5.781	0.64693739
5.782	0.64689980
5.783	0.64700664
5.784	0.64699939
5.785	0.64701077
5.786	0.64698634
5.787	0.64707898
5.788	0.64720719
5.789	0.64718697
5.790	0.64771389
5.791	0.64734254
5.792	0.64701960
5.793	0.64689397
5.794	0.64678875
5.795	0.64695227
5.796	0.64700409
5.797	0.64689376
5.798	0.64697664
5.799	0.64743233
5.800	0.64750027
5.801	0.64735277
5.802	0.64741893
5.803	0.64755124
5.804	0.64734123
5.805	0.64738754
5.806	0.64723594
5.807	0.64712868
5.808	0.64734240
5.809	0.64760038
5.810	0.64739253
5.811	0.64740767
5.812	0.64733366
5.813	0.64730690
5.814	0.64702389
5.815	0.64734856
5.816	0.64712904
5.817	0.64691150
5.818	0.64730137
5.819	0.64744479
5.820	0.64732667
5.821	0.64701009
5.822	0.64656347
5.823	0.64665932
5.824	0.64676119
5.825	0.64681092
5.826	0.64627210
5.827	0.64582683
5.828	0.64549382
5.829	0.64571445
5.830	0.64628996
5.831	0.64678055
5.832	0.64674205
5.833	0.64714343
5.834	0.64722898
5.835	0.64775824
5.836	0.64818363
5.837	0.64852196
5.838	0.64860177
5.839	0.64852596
5.840	0.64911887
5.841	0.64923457
5.842	0.64892471
5.843	0.64889982
5.844	0.64899353
5.845	0.64908265
5.846	0.64896187
5.847	0.64901016
5.848	0.64879132
5.849	0.64908160
5.850	0.64888148
5.851	0.64911910
5.852	0.64957937
5.853	0.65003569
5.854	0.65053062
5.855	0.65048908
5.856	0.65088542
5.857	0.65165099
5.858	0.65208076
5.859	0.65237721
5.860	0.65271049
5.861	0.65281271
5.862	0.65274121
5.863	0.65267743
5.864	0.65293243
5.865	0.65320271
5.866	0.65350070
5.867	0.65336101
5.868	0.65310267
5.869	0.65327240
5.870	0.65303907
5.871	0.65294654
5.872	0.65290865
5.873	0.65250432
5.874	0.65236918
5.875	0.65253925
5.876	0.65255076
5.877	0.65262008
5.878	0.65295059
5.879	0.65285692
5.880	0.65296638
5.881	0.65293812
5.882	0.65242473
5.883	0.65228577
5.884	0.65237469
5.885	0.65300343
5.886	0.65285197
5.887	0.65306513
5.888	0.65327621
5.889	0.65366902
5.890	0.65337100
5.891	0.65334485
5.892	0.65364551
5.893	0.65351781
5.894	0.65328576
5.895	0.65350904
5.896	0.65324386
5.897	0.65318332
5.898	0.65301739
5.899	0.65284656
5.900	0.65281218
5.901	0.65268394
5.902	0.65230750
5.903	0.65208768
5.904	0.65211025
5.905	0.65227561
5.906	0.65212994
5.907	0.65225577
5.908	0.65214108
5.909	0.65211955
5.910	0.65184871
5.911	0.65121923
5.912	0.65127361
5.913	0.65211068
5.914	0.65236902
5.915	0.65208000
5.916	0.65223296
5.917	0.65206758
5.918	0.65199052
5.919	0.65181545
5.920	0.65188845
5.921	0.65240600
5.922	0.65226394
5.923	0.65168404
5.924	0.65203936
5.925	0.65204413
5.926	0.65254122
5.927	0.65248319
5.928	0.65261006
5.929	0.65293716
5.930	0.65305284
5.931	0.65375269
5.932	0.65364537
5.933	0.65309159
5.934	0.65315596
5.935	0.65252431
5.936	0.65291177
5.937	0.65266895
5.938	0.65213541
5.939	0.65288257
5.940	0.65319248
5.941	0.65293014
5.942	0.65285984
5.943	0.65249577
5.944	0.65283990
5.945	0.65308129
5.946	0.65333701
5.947	0.65382574
5.948	0.65349133
5.949	0.65337599
5.950	0.65333796
5.951	0.65327323
5.952	0.65359511
5.953	0.65312238
5.954	0.65257031
5.955	0.65288266
5.956	0.65287051
5.957	0.65253610
5.958	0.65261400
5.959	0.65226163
5.960	0.65235922
5.961	0.65275819
5.962	0.65300225
5.963	0.65348087
5.964	0.65353122
5.965	0.65376553
5.966	0.65340229
5.967	0.65297356
5.968	0.65304053
5.969	0.65271975
5.970	0.65213115
5.971	0.65185180
5.972	0.65193198
5.973	0.65171858
5.974	0.65148990
5.975	0.65150029
5.976	0.65132051
5.977	0.65132536
5.978	0.65137554
5.979	0.65129230
5.980	0.65093491
5.981	0.65104589
5.982	0.65023305
5.983	0.65018708
5.984	0.65028860
5.985	0.64996032
5.986	0.64996330
5.987	0.65037386
5.988	0.65041849
5.989	0.65011135
5.990	0.64981453
5.991	0.65012791
5.992	0.65039639
5.993	0.65064322
5.994	0.65002473
5.995	0.65039722
5.996	0.65062811
5.997	0.65067461
5.998	0.65075601
5.999	0.65048455
6.000	0.65037447
6.001	0.65035636
6.002	0.65022587
6.003	0.64990589
6.004	0.64967439
6.005	0.64922557
6.006	0.64924011
6.007	0.64984546
6.008	0.64961619
6.009	0.64935845
6.010	0.64944713
6.011	0.64932105
6.012	0.64915086
6.013	0.64873093
6.014	0.64851164
6.015	0.64829210
6.016	0.64835949
6.017	0.64811675
6.018	0.64753023
6.019	0.64739281
6.020	0.64725471
6.021	0.64740259
6.022	0.64736021
6.023	0.64719372
6.024	0.64642611
6.025	0.64604572
6.026	0.64647683
6.027	0.64672160
6.028	0.64632393
6.029	0.64668226
6.030	0.64681260
6.031	0.64685387
6.032	0.64689551
6.033	0.64687543
6.034	0.64666642
6.035	0.64626817
6.036	0.64605805
6.037	0.64576614
6.038	0.64575776
6.039	0.64552594
6.040	0.64489856
6.041	0.64478618
6.042	0.64478792
6.043	0.64516171
6.044	0.64473204
6.045	0.64459145
6.046	0.64437905
6.047	0.64452299
6.048	0.64492308
6.049	0.64548341
6.050	0.64585010
6.051	0.64583518
6.052	0.64628402
6.053	0.64596456
6.054	0.64599971
6.055	0.64551561
6.056	0.64566232
6.057	0.64572325
6.058	0.64529755
6.059	0.64547491
6.060	0.64595394
6.061	0.64633168
6.062	0.64652299
6.063	0.64686663
6.064	0.64683975
6.065	0.64717984
6.066	0.64690596
6.067	0.64784600
6.068	0.64809026
6.069	0.64840088
6.070	0.64884792
6.071	0.64975242
6.072	0.64913922
6.073	0.64920657
6.074	0.64902098
6.075	0.64900206
6.076	0.64882528
6.077	0.64893194
6.078	0.64896057
6.079	0.64918457
6.080	0.64875586
6.081	0.64932624
6.082	0.64947101
6.083	0.64922646
6.084	0.64865388
6.085	0.64876755
6.086	0.64876622
6.087	0.64909684
6.088	0.64926786
6.089	0.64899920
6.090	0.64882693
6.091	0.64853743
6.092	0.64867692
6.093	0.64844321
6.094	0.64837325
6.095	0.64851165
6.096	0.64876356
6.097	0.64793890
6.098	0.64770865
6.099	0.64769009
6.100	0.64806108
6.101	0.64798067
6.102	0.64726608
6.103	0.64760353
6.104	0.64680787
6.105	0.64709817
6.106	0.64711842
6.107	0.64715052
6.108	0.64723400
6.109	0.64756860
6.110	0.64822630
6.111	0.64803050
6.112	0.64818732
6.113	0.64823927
6.114	0.64834268
6.115	0.64829755
6.116	0.64861849
6.117	0.64864503
6.118	0.64889545
6.119	0.64921448
6.120	0.64900732
6.121	0.64920392
6.122	0.64941278
6.123	0.64986798
6.124	0.64971207
6.125	0.64909872
6.126	0.64855993
6.127	0.64854497
6.128	0.64887590
6.129	0.64954487
6.130	0.64972984
6.131	0.64954874
6.132	0.64914821
6.133	0.64898555
6.134	0.64907757
6.135	0.64931887
6.136	0.64949764
6.137	0.64935007
6.138	0.64922941
6.139	0.64930179
6.140	0.64984672
6.141	0.64983356
6.142	0.65006086
6.143	0.65005546
6.144	0.65013660
6.145	0.64965358
6.146	0.64989814
6.147	0.64982957
6.148	0.64952565
6.149	0.64953792
6.150	0.64988653
6.151	0.64945820
6.152	0.64955004
6.153	0.64929267
6.154	0.64974274
6.155	0.64988396
6.156	0.64987168
6.157	0.65036884
6.158	0.65015781
6.159	0.65034348
6.160	0.64986358
6.161	0.64972377
6.162	0.64978794
6.163	0.64986356
6.164	0.64997487
6.165	0.65026908
6.166	0.65048533
6.167	0.65060435
6.168	0.65024597
6.169	0.65014722
6.170	0.64956517
6.171	0.64982623
6.172	0.64949071
6.173	0.64956554
6.174	0.64985035
6.175	0.64985006
6.176	0.65032934
6.177	0.65072035
6.178	0.65038459
6.179	0.65010720
6.180	0.65040880
6.181	0.64996754
6.182	0.64941561
6.183	0.64905291
6.184	0.64927264
6.185	0.64865629
6.186	0.64883626
6.187	0.64859611
6.188	0.64921546
6.189	0.64946392
6.190	0.64921793
6.191	0.64926039
6.192	0.64954983
6.193	0.64968779
6.194	0.65019487
6.195	0.64986764
6.196	0.65044170
6.197	0.65086732
6.198	0.65097860
6.199	0.65078163
6.200	0.65125909
6.201	0.65087210
6.202	0.65094104
6.203	0.65049675
6.204	0.65005447
6.205	0.65016082
6.206	0.65072764
6.207	0.65083652
6.208	0.65060676
6.209	0.65077330
6.210	0.65068907
6.211	0.65096915
6.212	0.65058965
6.213	0.65071170
6.214	0.65146533
6.215	0.65170013
6.216	0.65175606
6.217	0.65182569
6.218	0.65185392
6.219	0.65190539
6.220	0.65197322
6.221	0.65240002
6.222	0.65237918
6.223	0.65269300
6.224	0.65296106
6.225	0.65255259
6.226	0.65263299
6.227	0.65304813
6.228	0.65271633
6.229	0.65353777
6.230	0.65415117
6.231	0.65422765
6.232	0.65473757
6.233	0.65470585
6.234	0.65491664
6.235	0.65527862
6.236	0.65448309
6.237	0.65449038
6.238	0.65457095
6.239	0.65451103
6.240	0.65457397
6.241	0.65427229
6.242	0.65430298
6.243	0.65341956
6.244	0.65344933
6.245	0.65378888
6.246	0.65311653
6.247	0.65339921
6.248	0.65335185
6.249	0.65379211
6.250	0.65343622
6.251	0.65331206
6.252	0.65344571
6.253	0.65355761
6.254	0.65344969
6.255	0.65405419
6.256	0.65421341
6.257	0.65431295
6.258	0.65427903
6.259	0.65419527
6.260	0.65449022
6.261	0.65458556
6.262	0.65440313
6.263	0.65481089
6.264	0.65502170
6.265	0.65500095
6.266	0.65475676
6.267	0.65560415
6.268	0.65540153
6.269	0.65575925
6.270	0.65609571
6.271	0.65663619
6.272	0.65616872
6.273	0.65606257
6.274	0.65634077
6.275	0.65584927
6.276	0.65577399
6.277	0.65559980
6.278	0.65547964
6.279	0.65532187
6.280	0.65474836
6.281	0.65447447
6.282	0.65458489
6.283	0.65398842
6.284	0.65384753
6.285	0.65379711
6.286	0.65406111
6.287	0.65474197
6.288	0.65473775
6.289	0.65485446
6.290	0.65469346
6.291	0.65477382
6.292	0.65496058
6.293	0.65499381
6.294	0.65490876
6.295	0.65463811
6.296	0.65444744
6.297	0.65434209
6.298	0.65473218
6.299	0.65492135
6.300	0.65447768
6.301	0.65489736
6.302	0.65411094
6.303	0.65434748
6.304	0.65479885
6.305	0.65472845
6.306	0.65440174
6.307	0.65442218
6.308	0.65447694
6.309	0.65512605
6.310	0.65511051
6.311	0.65536871
6.312	0.65515223
6.313	0.65492903
6.314	0.65469979
6.315	0.65481076
6.316	0.65482458
6.317	0.65511371
6.318	0.65522217
6.319	0.65525361
6.320	0.65486748
6.321	0.65441842
6.322	0.65453881
6.323	0.65456018
6.324	0.65454025
6.325	0.65438079
6.326	0.65442095
6.327	0.65453654
6.328	0.65430735
6.329	0.65435093
6.330	0.65363067
6.331	0.65349162
6.332	0.65378374
6.333	0.65447469
6.334	0.65397234
6.335	0.65363876
6.336	0.65302648
6.337	0.65318412
6.338	0.65362445
6.339	0.65403018
6.340	0.65403922
6.341	0.65402792
6.342	0.65403852
6.343	0.65411733
6.344	0.65406318
6.345	0.65427356
6.346	0.65363702
6.347	0.65403660
6.348	0.65377669
6.349	0.65379504
6.350	0.65392335
6.351	0.65382332
6.352	0.65349721
6.353	0.65302304
6.354	0.65281157
6.355	0.65262372
6.356	0.65245331
6.357	0.65292873
6.358	0.65290311
6.359	0.65310187
6.360	0.65386011
6.361	0.65419451
6.362	0.65436866
6.363	0.65446461
6.364	0.65421552
6.365	0.65438612
6.366	0.65453554
6.367	0.65475235
6.368	0.65464392
6.369	0.65501317
6.370	0.65488611
6.371	0.65463336
6.372	0.65418603
6.373	0.65423284
6.374	0.65488254
6.375	0.65482425
6.376	0.65513750
6.377	0.65493809
6.378	0.65421276
6.379	0.65398066
6.380	0.65378213
6.381	0.65352546
6.382	0.65342143
6.383	0.65377958
6.384	0.65415205
6.385	0.65451795
6.386	0.65443877
6.387	0.65484938
6.388	0.65452381
6.389	0.65431861
6.390	0.65416422
6.391	0.65408192
6.392	0.65389073
6.393	0.65392478
6.394	0.65437193
6.395	0.65439342
6.396	0.65405858
6.397	0.65411760
6.398	0.65449370
6.399	0.65494493
6.400	0.65475622
6.401	0.65467257
6.402	0.65436282
6.403	0.65405779
6.404	0.65436920
6.405	0.65401383
6.406	0.65422141
6.407	0.65410036
6.408	0.65393880
6.409	0.65362248
6.410	0.65335344
6.411	0.65288801
6.412	0.65295445
6.413	0.65285394
6.414	0.65260490
6.415	0.65209305
6.416	0.65279148
6.417	0.65363361
6.418	0.65362089
6.419	0.65404093
6.420	0.65403578
6.421	0.65381131
6.422	0.65408800
6.423	0.65434767
6.424	0.65429073
6.425	0.65401993
6.426	0.65418363
6.427	0.65445743
6.428	0.65421228
6.429	0.65449519
6.430	0.65462267
6.431	0.65466722
6.432	0.65517697
6.433	0.65472160
6.434	0.65506039
6.435	0.65550129
6.436	0.65554521
6.437	0.65573233
6.438	0.65596964
6.439	0.65617878
6.440	0.65559387
6.441	0.65577551
6.442	0.65611416
6.443	0.65682267
6.444	0.65724137
6.445	0.65730204
6.446	0.65709338
6.447	0.65647082
6.448	0.65642305
6.449	0.65662168
6.450	0.65683714
6.451	0.65686387
6.452	0.65647663
6.453	0.65675792
6.454	0.65685855
6.455	0.65632475
6.456	0.65678131
6.457	0.65708669
6.458	0.65673321
6.459	0.65679083
6.460	0.65710465
6.461	0.65717524
6.462	0.65667441
6.463	0.65653541
6.464	0.65729627
6.465	0.65776410
6.466	0.65774129
6.467	0.65827025
6.468	0.65862611
6.469	0.65867249
6.470	0.65801568
6.471	0.65862533
6.472	0.65882831
6.473	0.65868826
6.474	0.65849146
6.475	0.65842908
6.476	0.65778557
6.477	0.65814450
6.478	0.65836406
6.479	0.65839758
6.480	0.65855440
6.481	0.65831940
6.482	0.65812073
6.483	0.65779961
6.484	0.65764507
6.485	0.65771134
6.486	0.65729943
6.487	0.65747555
6.488	0.65776478
6.489	0.65767947
6.490	0.65767708
6.491	0.65781480
6.492	0.65811186
6.493	0.65800291
6.494	0.65819427
6.495	0.65782751
6.496	0.65819421
6.497	0.65779887
6.498	0.65744143
6.499	0.65704456
6.500	0.65737920
6.501	0.65762608
6.502	0.65770763
6.503	0.65740898
6.504	0.65730638
6.505	0.65719783
6.506	0.65682123
6.507	0.65643207
6.508	0.65698755
6.509	0.65691075
6.510	0.65663512
6.511	0.65593465
6.512	0.65652818
6.513	0.65633617
6.514	0.65636992
6.515	0.65612247
6.516	0.65620372
6.517	0.65608227
6.518	0.65603037
6.519	0.65598971
6.520	0.65610500
6.521	0.65613694
6.522	0.65593302
6.523	0.65605294
6.524	0.65588044
6.525	0.65625671
6.526	0.65597183
6.527	0.65611487
6.528	0.65644286
6.529	0.65629015
6.530	0.65596948
6.531	0.65621137
6.532	0.65663440
6.533	0.65697302
6.534	0.65717896
6.535	0.65726418
6.536	0.65712008
6.537	0.65690771
6.538	0.65694662
6.539	0.65696981
6.540	0.65744365
6.541	0.65779809
6.542	0.65757812
6.543	0.65745083
6.544	0.65736020
6.545	0.65792370
6.546	0.65808598
6.547	0.65758661
6.548	0.65697365
6.549	0.65684360
6.550	0.65687778
6.551	0.65697953
6.552	0.65773928
6.553	0.65790907
6.554	0.65835811
6.555	0.65812496
6.556	0.65835428
6.557	0.65864683
6.558	0.65829640
6.559	0.65898289
6.560	0.65949503
6.561	0.65948624
6.562	0.65948636
6.563	0.65952690
6.564	0.65890117
6.565	0.65859347
6.566	0.65875849
6.567	0.65833042
6.568	0.65841921
6.569	0.65858647
6.570	0.65844344
6.571	0.65863189
6.572	0.65873933
6.573	0.65884087
6.574	0.65855154
6.575	0.65934191
6.576	0.65942239
6.577	0.66019829
6.578	0.66045849
6.579	0.66034552
6.580	0.66026117
6.581	0.66015771
6.582	0.66002245
6.583	0.65997334
6.584	0.66028519
6.585	0.65952272
6.586	0.65949641
6.587	0.65962787
6.588	0.65919839
6.589	0.65934427
6.590	0.65861504
6.591	0.65817003
6.592	0.65786162
6.593	0.65754111
6.594	0.65733155
6.595	0.65748757
6.596	0.65732402
6.597	0.65743369
6.598	0.65733736
6.599	0.65774328
6.600	0.65743037
6.601	0.65732923
6.602	0.65789502
6.603	0.65809135
6.604	0.65806737
6.605	0.65774605
6.606	0.65787997
6.607	0.65779845
6.608	0.65770476
6.609	0.65739999
6.610	0.65747971
6.611	0.65740057
6.612	0.65741268
6.613	0.65710431
6.614	0.65689209
6.615	0.65692370
6.616	0.65681013
6.617	0.65735379
6.618	0.65699163
6.619	0.65730808
6.620	0.65750790
6.621	0.65729592
6.622	0.65719892
6.623	0.65723799
6.624	0.65691977
6.625	0.65636640
6.626	0.65626215
6.627	0.65626955
6.628	0.65617246
6.629	0.65632218
6.630	0.65665233
6.631	0.65651344
6.632	0.65665883
6.633	0.65635143
6.634	0.65654690
6.635	0.65701849
6.636	0.65702441
6.637	0.65746100
6.638	0.65762345
6.639	0.65761931
6.640	0.65779536
6.641	0.65780542
6.642	0.65802346
6.643	0.65819161
6.644	0.65811060
6.645	0.65828374
6.646	0.65769149
6.647	0.65779106
6.648	0.65735819
6.649	0.65723866
6.650	0.65738012
6.651	0.65711231
6.652	0.65699623
6.653	0.65750827
6.654	0.65769516
6.655	0.65773188
6.656	0.65806919
6.657	0.65830107
6.658	0.65822846
6.659	0.65785804
6.660	0.65789766
6.661	0.65834042
6.662	0.65806060
6.663	0.65766404
6.664	0.65851222
6.665	0.65859256
6.666	0.65857915
6.667	0.65842011
6.668	0.65792500
6.669	0.65791170
6.670	0.65807998
6.671	0.65816638
6.672	0.65814696
6.673	0.65875098
6.674	0.65930344
6.675	0.65938949
6.676	0.65963744
6.677	0.65995514
6.678	0.66014509
6.679	0.65971784
6.680	0.65965115
6.681	0.65965896
6.682	0.66038832
6.683	0.66100213
6.684	0.66062890
6.685	0.66018454
6.686	0.65938990
6.687	0.65918994
6.688	0.65918230
6.689	0.65920276
6.690	0.65899062
6.691	0.65852871
6.692	0.65831180
6.693	0.65861976
6.694	0.65869902
6.695	0.65906907
6.696	0.65928453
6.697	0.65917148
6.698	0.65973276
6.699	0.65959409
6.700	0.65969720
6.701	0.65927201
6.702	0.65991237
6.703	0.66008694
6.704	0.66075218
6.705	0.66088858
6.706	0.66103411
6.707	0.66023569
6.708	0.66048158
6.709	0.66038312
6.710	0.66024241
6.711	0.66057927
6.712	0.66061633
6.713	0.66038642
6.714	0.66044389
6.715	0.66074332
6.716	0.66103091
6.717	0.66119006
6.718	0.66153717
6.719	0.66156043
6.720	0.66178149
6.721	0.66235136
6.722	0.66244212
6.723	0.66210556
6.724	0.66186713
6.725	0.66159749
6.726	0.66148410
6.727	0.66191893
6.728	0.66169560
6.729	0.66152125
6.730	0.66125121
6.731	0.66159159
6.732	0.66175628
6.733	0.66183212
6.734	0.66199917
6.735	0.66202619
6.736	0.66243229
6.737	0.66243949
6.738	0.66194591
6.739	0.66238039
6.740	0.66207257
6.741	0.66165433
6.742	0.66185244
6.743	0.66149652
6.744	0.66144410
6.745	0.66160580
6.746	0.66157969
6.747	0.66153613
6.748	0.66150231
6.749	0.66162318
6.750	0.66243619
6.751	0.66179403
6.752	0.66200136
6.753	0.66149619
6.754	0.66114015
6.755	0.66088018
6.756	0.66117362
6.757	0.66097194
6.758	0.66086568
6.759	0.66096643
6.760	0.66124008
6.761	0.66117393
6.762	0.66129583
6.763	0.66124385
6.764	0.66098473
6.765	0.66038790
6.766	0.66028943
6.767	0.66056029
6.768	0.66088617
6.769	0.66037190
6.770	0.66056774
6.771	0.66025038
6.772	0.66023475
6.773	0.66036337
6.774	0.66030663
6.775	0.66035332
6.776	0.65954660
6.777	0.65957720
6.778	0.65992540
6.779	0.65979794
6.780	0.65954978
6.781	0.65983516
6.782	0.66014112
6.783	0.65996360
6.784	0.65957726
6.785	0.65949232
6.786	0.65914446
6.787	0.65898922
6.788	0.65905720
6.789	0.65898003
6.790	0.65895620
6.791	0.65879036
6.792	0.65840076
6.793	0.65841771
6.794	0.65847950
6.795	0.65843666
6.796	0.65808944
6.797	0.65774990
6.798	0.65789158
6.799	0.65799197
6.800	0.65784446
6.801	0.65773989
6.802	0.65790506
6.803	0.65782261
6.804	0.65771300
6.805	0.65724020
6.806	0.65721804
6.807	0.65703290
6.808	0.65737637
6.809	0.65812401
6.810	0.65818505
6.811	0.65757359
6.812	0.65729809
6.813	0.65733943
6.814	0.65726699
6.815	0.65735858
6.816	0.65708507
6.817	0.65627810
6.818	0.65647532
6.819	0.65685610
6.820	0.65652876
6.821	0.65631110
6.822	0.65687333
6.823	0.65673019
6.824	0.65675973
6.825	0.65704734
6.826	0.65673205
6.827	0.65667297
6.828	0.65626213
6.829	0.65627160
6.830	0.65575671
6.831	0.65544385
6.832	0.65591957
6.833	0.65596321
6.834	0.65668128
6.835	0.65677645
6.836	0.65710343
6.837	0.65743133
6.838	0.65726817
6.839	0.65748624
6.840	0.65828074
6.841	0.65842318
6.842	0.65839985
6.843	0.65883696
6.844	0.65873416
6.845	0.65899176
6.846	0.65873260
6.847	0.65889528
6.848	0.65933234
6.849	0.65906877
6.850	0.65878860
6.851	0.65828671
6.852	0.65846966
6.853	0.65847876
6.854	0.65905889
6.855	0.65901152
6.856	0.65866667
6.857	0.65856169
6.858	0.65919084
6.859	0.65958440
6.860	0.65969623
6.861	0.65926106
6.862	0.65921692
6.863	0.65843396
6.864	0.65821563
6.865	0.65850005
6.866	0.65871256
6.867	0.65866504
6.868	0.65852577
6.869	0.65863374
6.870	0.65833613
6.871	0.65904273
6.872	0.65883902
6.873	0.65917592
6.874	0.65912706
6.875	0.65953563
6.876	0.65954132
6.877	0.65939936
6.878	0.65960710
6.879	0.65967817
6.880	0.66020938
6.881	0.66071196
6.882	0.66033659
6.883	0.66054315
6.884	0.66048607
6.885	0.66014934
6.886	0.66045202
6.887	0.66041398
6.888	0.66036324
6.889	0.66029534
6.890	0.66011999
6.891	0.65996841
6.892	0.65974466
6.893	0.65975860
6.894	0.65930441
6.895	0.65943346
6.896	0.65947141
6.897	0.65924125
6.898	0.65936631
6.899	0.65904816
6.900	0.65957985
6.901	0.66012858
6.902	0.66033141
6.903	0.65952717
6.904	0.65928630
6.905	0.65937212
6.906	0.65956109
6.907	0.65930845
6.908	0.66005719
6.909	0.66019963
6.910	0.66006578
6.911	0.65966860
6.912	0.65913923
6.913	0.65977514
6.914	0.66030781
6.915	0.66028086
6.916	0.66086894
6.917	0.66012778
6.918	0.66004737
6.919	0.65950110
6.920	0.65900881
6.921	0.65965401
6.922	0.65966123
6.923	0.65994681
6.924	0.65973401
6.925	0.65962167
6.926	0.65999339
6.927	0.66005051
6.928	0.66048119
6.929	0.66084416
6.930	0.66145654
6.931	0.66156516
6.932	0.66207164
6.933	0.66152492
6.934	0.66150773
6.935	0.66137941
6.936	0.66065356
6.937	0.66081065
6.938	0.66069343
6.939	0.66133551
6.940	0.66155615
6.941	0.66113878
6.942	0.66103230
6.943	0.66173985
6.944	0.66144414
6.945	0.66127347
6.946	0.66127861
6.947	0.66093628
6.948	0.66121436
6.949	0.66065931
6.950	0.66036815
6.951	0.65985134
6.952	0.65998824
6.953	0.65965144
6.954	0.66019341
6.955	0.66000903
6.956	0.66023996
6.957	0.66003135
6.958	0.66004197
6.959	0.66026678
6.960	0.65968165
6.961	0.65985380
6.962	0.66045744
6.963	0.65953683
6.964	0.65909119
6.965	0.65893015
6.966	0.65908070
6.967	0.65882730
6.968	0.65826903
6.969	0.65826381
6.970	0.65815592
6.971	0.65853754
6.972	0.65869785
6.973	0.65893704
6.974	0.65830274
6.975	0.65804786
6.976	0.65821308
6.977	0.65822767
6.978	0.65805275
6.979	0.65790101
6.980	0.65834663
6.981	0.65796929
6.982	0.65843142
6.983	0.65879989
6.984	0.65886236
6.985	0.65914688
6.986	0.65874092
6.987	0.65866781
6.988	0.65904452
6.989	0.65934578
6.990	0.65893309
6.991	0.65849562
6.992	0.65868952
6.993	0.65891179
6.994	0.65908712
6.995	0.65945228
6.996	0.65914537
6.997	0.65916044
6.998	0.65913903
6.999	0.65907245
7.000	0.65886715
7.001	0.65907978
7.002	0.65894188
7.003	0.65901235
7.004	0.65907317
7.005	0.65905675
7.006	0.65936961
7.007	0.65905933
7.008	0.65895042
7.009	0.65887238
7.010	0.65850035
7.011	0.65865028
7.012	0.65883542
7.013	0.65943783
7.014	0.65950862
7.015	0.65974168
7.016	0.65972743
7.017	0.65970647
7.018	0.65973273
7.019	0.65949969
7.020	0.65979139
7.021	0.65961321
7.022	0.65965621
7.023	0.66028765
7.024	0.66052850
7.025	0.66034325
7.026	0.66010673
7.027	0.65980322
7.028	0.65998933
7.029	0.66060166
7.030	0.65993084
7.031	0.66015544
7.032	0.66024055
7.033	0.66030329
7.034	0.66044511
7.035	0.66106387
7.036	0.66141767
7.037	0.66153369
7.038	0.66166169
7.039	0.66192939
7.040	0.66197718
7.041	0.66161861
7.042	0.66240257
7.043	0.66199033
7.044	0.66190053
7.045	0.66158508
7.046	0.66178248
7.047	0.66199055
7.048	0.66232246
7.049	0.66229506
7.050	0.66186462
7.051	0.66248949
7.052	0.66271871
7.053	0.66242057
7.054	0.66212991
7.055	0.66223967
7.056	0.66186816
7.057	0.66194025
7.058	0.66256464
7.059	0.66226516
7.060	0.66198797
7.061	0.66197275
7.062	0.66199248
7.063	0.66173300
7.064	0.66211592
7.065	0.66243426
7.066	0.66231842
7.067	0.66222724
7.068	0.66213576
7.069	0.66200062
7.070	0.66166709
7.071	0.66201487
7.072	0.66216911
7.073	0.66216854
7.074	0.66229670
7.075	0.66252722
7.076	0.66264258
7.077	0.66284091
7.078	0.66284839
7.079	0.66283778
7.080	0.66329166
7.081	0.66351336
7.082	0.66368854
7.083	0.66370215
7.084	0.66394563
7.085	0.66385422
7.086	0.66388415
7.087	0.66469404
7.088	0.66537668
7.089	0.66535471
7.090	0.66548675
7.091	0.66538714
7.092	0.66511173
7.093	0.66531493
7.094	0.66538683
7.095	0.66540654
7.096	0.66516746
7.097	0.66524739
7.098	0.66526532
7.099	0.66528649
7.100	0.66484563
7.101	0.66549826
7.102	0.66495771
7.103	0.66489967
7.104	0.66471576
7.105	0.66472989
7.106	0.66478089
7.107	0.66508053
7.108	0.66532588
7.109	0.66480096
7.110	0.66454109
7.111	0.66511516
7.112	0.66495670
7.113	0.66467307
7.114	0.66467787
7.115	0.66438456
7.116	0.66402827
7.117	0.66409793
7.118	0.66414939
7.119	0.66402971
7.120	0.66420400
7.121	0.66463455
7.122	0.66470794
7.123	0.66576145
7.124	0.66516176
7.125	0.66580037
7.126	0.66545936
7.127	0.66574967
7.128	0.66541199
7.129	0.66522141
7.130	0.66530689
7.131	0.66527655
7.132	0.66599228
7.133	0.66586376
7.134	0.66546445
7.135	0.66525939
7.136	0.66580887
7.137	0.66560321
7.138	0.66544068
7.139	0.66571921
7.140	0.66576806
7.141	0.66556285
7.142	0.66490196
7.143	0.66538520
7.144	0.66499801
7.145	0.66465924
7.146	0.66409810
7.147	0.66391372
7.148	0.66415230
7.149	0.66368318
7.150	0.66402732
7.151	0.66398999
7.152	0.66430351
7.153	0.66453710
7.154	0.66466691
7.155	0.66469457
7.156	0.66412209
7.157	0.66441132
7.158	0.66449941
7.159	0.66455358
7.160	0.66499843
7.161	0.66488821
7.162	0.66437670
7.163	0.66466208
7.164	0.66508060
7.165	0.66484566
7.166	0.66489109
7.167	0.66500964
7.168	0.66514099
7.169	0.66483646
7.170	0.66489519
7.171	0.66454736
7.172	0.66459806
7.173	0.66477848
7.174	0.66529171
7.175	0.66511764
7.176	0.66524184
7.177	0.66476563
7.178	0.66479757
7.179	0.66518380
7.180	0.66458389
7.181	0.66483234
7.182	0.66470210
7.183	0.66418998
7.184	0.66415266
7.185	0.66420755
7.186	0.66413584
7.187	0.66370317
7.188	0.66355102
7.189	0.66385280
7.190	0.66364268
7.191	0.66328549
7.192	0.66381268
7.193	0.66386228
7.194	0.66392951
7.195	0.66392874
7.196	0.66366830
7.197	0.66314821
7.198	0.66326824
7.199	0.66348776
7.200	0.66318266
7.201	0.66336499
7.202	0.66379011
7.203	0.66406160
7.204	0.66441468
7.205	0.66369351
7.206	0.66390806
7.207	0.66428347
7.208	0.66498373
7.209	0.66506226
7.210	0.66538967
7.211	0.66526723
7.212	0.66523842
7.213	0.66486652
7.214	0.66490995
7.215	0.66464387
7.216	0.66419050
7.217	0.66439114
7.218	0.66422433
7.219	0.66425524
7.220	0.66496786
7.221	0.66543321
7.222	0.66538304
7.223	0.66524616
7.224	0.66570040
7.225	0.66575570
7.226	0.66532300
7.227	0.66547611
7.228	0.66539874
7.229	0.66569453
7.230	0.66583556
7.231	0.66578794
7.232	0.66625420
7.233	0.66583232
7.234	0.66620663
7.235	0.66601182
7.236	0.66676276
7.237	0.66688921
7.238	0.66659435
7.239	0.66636001
7.240	0.66650290
7.241	0.66604490
7.242	0.66569332
7.243	0.66592081
7.244	0.66604247
7.245	0.66597891
7.246	0.66610390
7.247	0.66605410
7.248	0.66583166
7.249	0.66563604
7.250	0.66575021
7.251	0.66575226
7.252	0.66542730
7.253	0.66548885
7.254	0.66546561
7.255	0.66592304
7.256	0.66576141
7.257	0.66538791
7.258	0.66511264
7.259	0.66444553
7.260	0.66458642
7.261	0.66507236
7.262	0.66533058
7.263	0.66578393
7.264	0.66606005
7.265	0.66653525
7.266	0.66674661
7.267	0.66715996
7.268	0.66676791
7.269	0.66700379
7.270	0.66709816
7.271	0.66678028
7.272	0.66724331
7.273	0.66757819
7.274	0.66787982
7.275	0.66764413
7.276	0.66734730
7.277	0.66745969
7.278	0.66778720
7.279	0.66760765
7.280	0.66773912
7.281	0.66736498
7.282	0.66796139
7.283	0.66808544
7.284	0.66797982
7.285	0.66780247
7.286	0.66836170
7.287	0.66798654
7.288	0.66846956
7.289	0.66896654
7.290	0.66848815
7.291	0.66824348
7.292	0.66859657
7.293	0.66849901
7.294	0.66845958
7.295	0.66827964
7.296	0.66847873
7.297	0.66849839
7.298	0.66885733
7.299	0.66926390
7.300	0.66930046
7.301	0.66935113
7.302	0.66987184
7.303	0.66973486
7.304	0.66942148
7.305	0.66903135
7.306	0.66880278
7.307	0.66839227
7.308	0.66861040
7.309	0.66835091
7.310	0.66862524
7.311	0.66865212
7.312	0.66835211
7.313	0.66819119
7.314	0.66870037
7.315	0.66831678
7.316	0.66827823
7.317	0.66813902
7.318	0.66756845
7.319	0.66776703
7.320	0.66809110
7.321	0.66828417
7.322	0.66820719
7.323	0.66786372
7.324	0.66731009
7.325	0.66689411
7.326	0.66638205
7.327	0.66677988
7.328	0.66655653
7.329	0.66650629
7.330	0.66627208
7.331	0.66651210
7.332	0.66634568
7.333	0.66654431
7.334	0.66668373
7.335	0.66667217
7.336	0.66699258
7.337	0.66611158
7.338	0.66640585
7.339	0.66587971
7.340	0.66638727
7.341	0.66663085
7.342	0.66685834
7.343	0.66643922
7.344	0.66637772
7.345	0.66595543
7.346	0.66599283
7.347	0.66625513
7.348	0.66603890
7.349	0.66597927
7.350	0.66550047
7.351	0.66580490
7.352	0.66553245
7.353	0.66498825
7.354	0.66534873
7.355	0.66519895
7.356	0.66471313
7.357	0.66406531
7.358	0.66427443
7.359	0.66414314
7.360	0.66429740
7.361	0.66442638
7.362	0.66421092
7.363	0.66374661
7.364	0.66325455
7.365	0.66319471
7.366	0.66377392
7.367	0.66421858
7.368	0.66464762
7.369	0.66478637
7.370	0.66460413
7.371	0.66455605
7.372	0.66426014
7.373	0.66425467
7.374	0.66394293
7.375	0.66410332
7.376	0.66426495
7.377	0.66393081
7.378	0.66405644
7.379	0.66374918
7.380	0.66375637
7.381	0.66396355
7.382	0.66433552
7.383	0.66419376
7.384	0.66425796
7.385	0.66388773
7.386	0.66408272
7.387	0.66370612
7.388	0.66365169
7.389	0.66358053
7.390	0.66374082
7.391	0.66403615
7.392	0.66446761
7.393	0.66418939
7.394	0.66471272
7.395	0.66453103
7.396	0.66425512
7.397	0.66410455
7.398	0.66461010
7.399	0.66441479
7.400	0.66412104
7.401	0.66388193
7.402	0.66310719
7.403	0.66295872
7.404	0.66363598
7.405	0.66360494
7.406	0.66338341
7.407	0.66353875
7.408	0.66353430
7.409	0.66338288
7.410	0.66368678
7.411	0.66372432
7.412	0.66394844
7.413	0.66393462
7.414	0.66388379
7.415	0.66357774
7.416	0.66290783
7.417	0.66262504
7.418	0.66290285
7.419	0.66342229
7.420	0.66368407
7.421	0.66317356
7.422	0.66354683
7.423	0.66375509
7.424	0.66303392
7.425	0.66229844
7.426	0.66224895
7.427	0.66185910
7.428	0.66187611
7.429	0.66212314
7.430	0.66238065
7.431	0.66186931
7.432	0.66148317
7.433	0.66170951
7.434	0.66203748
7.435	0.66168313
7.436	0.66175681
7.437	0.66194299
7.438	0.66204156
7.439	0.66211402
7.440	0.66201450
7.441	0.66187798
7.442	0.66132066
7.443	0.66171341
7.444	0.66176833
7.445	0.66149409
7.446	0.66221723
7.447	0.66231590
7.448	0.66186006
7.449	0.66213143
7.450	0.66230723
7.451	0.66176219
7.452	0.66146740
7.453	0.66125329
7.454	0.66101720
7.455	0.66113874
7.456	0.66145602
7.457	0.66072790
7.458	0.66044015
7.459	0.66019781
7.460	0.65970845
7.461	0.65957199
7.462	0.65956483
7.463	0.66000502
7.464	0.65991255
7.465	0.66007253
7.466	0.65951794
7.467	0.65953688
7.468	0.65923258
7.469	0.65854024
7.470	0.65860855
7.471	0.65860530
7.472	0.65860491
7.473	0.65861270
7.474	0.65846912
7.475	0.65852197
7.476	0.65858717
7.477	0.65928171
7.478	0.65918578
7.479	0.65867961
7.480	0.65878688
7.481	0.65874503
7.482	0.65888435
7.483	0.65843880
7.484	0.65822111
7.485	0.65781595
7.486	0.65751110
7.487	0.65713163
7.488	0.65658585
7.489	0.65660515
7.490	0.65653342
7.491	0.65623499
7.492	0.65647313
7.493	0.65648610
7.494	0.65592118
7.495	0.65565654
7.496	0.65520153
7.497	0.65480828
7.498	0.65495080
7.499	0.65548383
7.500	0.65536502
7.501	0.65519013
7.502	0.65537919
7.503	0.65515067
7.504	0.65519932
7.505	0.65627410
7.506	0.65655338
7.507	0.65600923
7.508	0.65585111
7.509	0.65562061
7.510	0.65604996
7.511	0.65606586
7.512	0.65551831
7.513	0.65503665
7.514	0.65534542
7.515	0.65564628
7.516	0.65584820
7.517	0.65663327
7.518	0.65675818
7.519	0.65677544
7.520	0.65627032
7.521	0.65622558
7.522	0.65642975
7.523	0.65660343
7.524	0.65663061
7.525	0.65679699
7.526	0.65696040
7.527	0.65733262
7.528	0.65796230
7.529	0.65780832
7.530	0.65839197
7.531	0.65884776
7.532	0.65752442
7.533	0.65816535
7.534	0.65819150
7.535	0.65869951
7.536	0.65856844
7.537	0.65872114
7.538	0.65871625
7.539	0.65935430
7.540	0.65977975
7.541	0.65941258
7.542	0.65936435
7.543	0.65958529
7.544	0.65956164
7.545	0.66009764
7.546	0.65996003
7.547	0.66000561
7.548	0.66004158
7.549	0.66025732
7.550	0.66003240
7.551	0.65956188
7.552	0.65992160
7.553	0.65939363
7.554	0.65906634
7.555	0.65896853
7.556	0.65878130
7.557	0.65893235
7.558	0.65903522
7.559	0.65872264
7.560	0.65877482
7.561	0.65910127
7.562	0.65916908
7.563	0.65920859
7.564	0.65922911
7.565	0.65921950
7.566	0.65932988
7.567	0.65955836
7.568	0.65956169
7.569	0.65970799
7.570	0.66020873
7.571	0.65995807
7.572	0.65915220
7.573	0.65973967
7.574	0.65921852
7.575	0.65979772
7.576	0.65954643
7.577	0.65975851
7.578	0.65929063
7.579	0.65843374
7.580	0.65849962
7.581	0.65856255
7.582	0.65806221
7.583	0.65792610
7.584	0.65832641
7.585	0.65817796
7.586	0.65829606
7.587	0.65800199
7.588	0.65788048
7.589	0.65746599
7.590	0.65715586
7.591	0.65684434
7.592	0.65684368
7.593	0.65652662
7.594	0.65651566
7.595	0.65707342
7.596	0.65730778
7.597	0.65769940
7.598	0.65789212
7.599	0.65753421
7.600	0.65774641
7.601	0.65769226
7.602	0.65759548
7.603	0.65799108
7.604	0.65713012
7.605	0.65712504
7.606	0.65761904
7.607	0.65747124
7.608	0.65756434
7.609	0.65709157
7.610	0.65697096
7.611	0.65686365
7.612	0.65694693
7.613	0.65705942
7.614	0.65697352
7.615	0.65728023
7.616	0.65705889
7.617	0.65730207
7.618	0.65699435
7.619	0.65720116
7.620	0.65739279
7.621	0.65716342
7.622	0.65738805
7.623	0.65756049
7.624	0.65710193
7.625	0.65646952
7.626	0.65684089
7.627	0.65653310
7.628	0.65687864
7.629	0.65646188
7.630	0.65629017
7.631	0.65602915
7.632	0.65667313
7.633	0.65628026
7.634	0.65653137
7.635	0.65656085
7.636	0.65603728
7.637	0.65659762
7.638	0.65624060
7.639	0.65626430
7.640	0.65661011
7.641	0.65625190
7.642	0.65564973
7.643	0.65577611
7.644	0.65547902
7.645	0.65537075
7.646	0.65518872
7.647	0.65547828
7.648	0.65498714
7.649	0.65474270
7.650	0.65459634
7.651	0.65417402
7.652	0.65450741
7.653	0.65449580
7.654	0.65453360
7.655	0.65483923
7.656	0.65542594
7.657	0.65569430
7.658	0.65586603
7.659	0.65559700
7.660	0.65515324
7.661	0.65459820
7.662	0.65426062
7.663	0.65339713
7.664	0.65344934
7.665	0.65357151
7.666	0.65381622
7.667	0.65362161
7.668	0.65383580
7.669	0.65321216
7.670	0.65280880
7.671	0.65262140
7.672	0.65247059
7.673	0.65276284
7.674	0.65270377
7.675	0.65264043
7.676	0.65298964
7.677	0.65292226
7.678	0.65257280
7.679	0.65277491
7.680	0.65247696
7.681	0.65296098
7.682	0.65274357
7.683	0.65251445
7.684	0.65177571
7.685	0.65168494
7.686	0.65092682
7.687	0.65119952
7.688	0.65182415
7.689	0.65174841
7.690	0.65171565
7.691	0.65176664
7.692	0.65210182
7.693	0.65241168
7.694	0.65275397
7.695	0.65258706
7.696	0.65239947
7.697	0.65273203
7.698	0.65219426
7.699	0.65232601
7.700	0.65135332
7.701	0.65232650
7.702	0.65174181
7.703	0.65194462
7.704	0.65149151
7.705	0.65091424
7.706	0.65093173
7.707	0.65011265
7.708	0.64986295
7.709	0.65016900
7.710	0.65031371
7.711	0.65057451
7.712	0.65051618
7.713	0.65106960
7.714	0.65150470
7.715	0.65171670
7.716	0.65097283
7.717	0.65109906
7.718	0.65095807
7.719	0.65094193
7.720	0.65028267
7.721	0.65025769
7.722	0.65007777
7.723	0.65024634
7.724	0.65017751
7.725	0.64994030
7.726	0.64980884
7.727	0.64886710
7.728	0.64949462
7.729	0.64955295
7.730	0.64979373
7.731	0.64976956
7.732	0.65009012
7.733	0.64976357
7.734	0.64983473
7.735	0.64969719
7.736	0.64985076
7.737	0.64983766
7.738	0.65019201
7.739	0.64978245
7.740	0.64985314
7.741	0.64974209
7.742	0.64997160
7.743	0.64945967
7.744	0.64948782
7.745	0.64943345
7.746	0.64982333
7.747	0.64961929
7.748	0.64947232
7.749	0.64930549
7.750	0.64905493
7.751	0.64873345
7.752	0.64878694
7.753	0.64842828
7.754	0.64787264
7.755	0.64784654
7.756	0.64806308
7.757	0.64790089
7.758	0.64773460
7.759	0.64780908
7.760	0.64781039
7.761	0.64809063
7.762	0.64783264
7.763	0.64823582
7.764	0.64849256
7.765	0.64785139
7.766	0.64746435
7.767	0.64729975
7.768	0.64755649
7.769	0.64734144
7.770	0.64733684
7.771	0.64739533
7.772	0.64713550
7.773	0.64672280
7.774	0.64684278
7.775	0.64659214
7.776	0.64653539
7.777	0.64622488
7.778	0.64579644
7.779	0.64575003
7.780	0.64556885
7.781	0.64532867
7.782	0.64558239
7.783	0.64522552
7.784	0.64523147
7.785	0.64499553
7.786	0.64516441
7.787	0.64523817
7.788	0.64518193
7.789	0.64458254
7.790	0.64437644
7.791	0.64415233
7.792	0.64431606
7.793	0.64437972
7.794	0.64448080
7.795	0.64469538
7.796	0.64438480
7.797	0.64459275
7.798	0.64455303
7.799	0.64452256
7.800	0.64480536
7.801	0.64494411
7.802	0.64461586
7.803	0.64396468
7.804	0.64398685
7.805	0.64383326
7.806	0.64427105
7.807	0.64449484
7.808	0.64428791
7.809	0.64438038
7.810	0.64461674
7.811	0.64485874
7.812	0.64519375
7.813	0.64493445
7.814	0.64499728
7.815	0.64477941
7.816	0.64464597
7.817	0.64453255
7.818	0.64472590
7.819	0.64530091
7.820	0.64543851
7.821	0.64510763
7.822	0.64563017
7.823	0.64557610
7.824	0.64591267
7.825	0.64623421
7.826	0.64637821
7.827	0.64661744
7.828	0.64701414
7.829	0.64655657
7.830	0.64675275
7.831	0.64668181
7.832	0.64696728
7.833	0.64658610
7.834	0.64658047
7.835	0.64636100
7.836	0.64595291
7.837	0.64645854
7.838	0.64639687
7.839	0.64576292
7.840	0.64573361
7.841	0.64594433
7.842	0.64585535
7.843	0.64615946
7.844	0.64624324
7.845	0.64671724
7.846	0.64699960
7.847	0.64644449
7.848	0.64664877
7.849	0.64687686
7.850	0.64669902
7.851	0.64706206
7.852	0.64701130
7.853	0.64744063
7.854	0.64757243
7.855	0.64766864
7.856	0.64742107
7.857	0.64717541
7.858	0.64692359
7.859	0.64669506
7.860	0.64619140
7.861	0.64584834
7.862	0.64631532
7.863	0.64546136
7.864	0.64569324
7.865	0.64593704
7.866	0.64664384
7.867	0.64618055
7.868	0.64632436
7.869	0.64618385
7.870	0.64666516
7.871	0.64643696
7.872	0.64673311
7.873	0.64655194
7.874	0.64595474
7.875	0.64552154
7.876	0.64522042
7.877	0.64559264
7.878	0.64538865
7.879	0.64563269
7.880	0.64514472
7.881	0.64593686
7.882	0.64635932
7.883	0.64636644
7.884	0.64604740
7.885	0.64631667
7.886	0.64719502
7.887	0.64772424
7.888	0.64847930
7.889	0.64839921
7.890	0.64812039
7.891	0.64779199
7.892	0.64879720
7.893	0.64925362
7.894	0.64963272
7.895	0.64969806
7.896	0.64938173
7.897	0.64972240
7.898	0.64967274
7.899	0.64986084
7.900	0.64950495
7.901	0.64979633
7.902	0.64984518
7.903	0.64959953
7.904	0.64997564
7.905	0.65035748
7.906	0.65013879
7.907	0.65046257
7.908	0.65097431
7.909	0.65102106
7.910	0.65099173
7.911	0.65122482
7.912	0.65132493
7.913	0.65206239
7.914	0.65176706
7.915	0.65146114
7.916	0.65105927
7.917	0.65093395
7.918	0.65063242
7.919	0.65043327
7.920	0.65013450
7.921	0.65010687
7.922	0.65010028
7.923	0.65046836
7.924	0.65066021
7.925	0.65028777
7.926	0.65047284
7.927	0.65020050
7.928	0.65011390
7.929	0.64999479
7.930	0.64943877
7.931	0.64931682
7.932	0.64977509
7.933	0.65006963
7.934	0.65016964
7.935	0.65010920
7.936	0.65012758
7.937	0.65053777
7.938	0.65075886
7.939	0.65128484
7.940	0.65083117
7.941	0.65066176
7.942	0.65076740
7.943	0.65017294
7.944	0.65019227
7.945	0.64995029
7.946	0.65027508
7.947	0.65078798
7.948	0.65041899
7.949	0.64966137
7.950	0.64961052
7.951	0.64989401
7.952	0.64966840
7.953	0.64954840
7.954	0.64958080
7.955	0.65004384
7.956	0.64911876
7.957	0.64919318
7.958	0.64915772
7.959	0.64953920
7.960	0.64969102
7.961	0.64888510
7.962	0.64897256
7.963	0.64873085
7.964	0.64896734
7.965	0.64808811
7.966	0.64832604
7.967	0.64844846
7.968	0.64808571
7.969	0.64826313
7.970	0.64835455
7.971	0.64805829
7.972	0.64859478
7.973	0.64860049
7.974	0.64921086
7.975	0.64915521
7.976	0.64845389
7.977	0.64819930
7.978	0.64861651
7.979	0.64831510
7.980	0.64755728
7.981	0.64658199
7.982	0.64613301
7.983	0.64618973
7.984	0.64605706
7.985	0.64646752
7.986	0.64655016
7.987	0.64735067
7.988	0.64684644
7.989	0.64631723
7.990	0.64677927
7.991	0.64728256
7.992	0.64782979
7.993	0.64793540
7.994	0.64815946
7.995	0.64840311
7.996	0.64934138
7.997	0.64911437
7.998	0.64864429
7.999	0.64856486
8.000	0.64899256
8.001	0.64882188
8.002	0.64845440
8.003	0.64816330
8.004	0.64817535
8.005	0.64850238
8.006	0.64823338
8.007	0.64830244
8.008	0.64904036
8.009	0.64898017
8.010	0.64875573
8.011	0.64887467
8.012	0.64851311
8.013	0.64827639
8.014	0.64813830
8.015	0.64870075
8.016	0.64897502
8.017	0.64961715
8.018	0.64996666
8.019	0.65014751
8.020	0.65067919
8.021	0.65055074
8.022	0.64939845
8.023	0.64969225
8.024	0.64943989
8.025	0.64972313
8.026	0.64965480
8.027	0.64998125
8.028	0.64944724
8.029	0.64902990
8.030	0.64938468
8.031	0.64921255
8.032	0.64846254
8.033	0.64894960
8.034	0.64884067
8.035	0.64918865
8.036	0.64917495
8.037	0.64903036
8.038	0.64922240
8.039	0.64971035
8.040	0.64935242
8.041	0.64897294
8.042	0.64896049
8.043	0.64845645
8.044	0.64864433
8.045	0.64840582
8.046	0.64831508
8.047	0.64827777
8.048	0.64883723
8.049	0.64874975
8.050	0.64870488
8.051	0.64908722
8.052	0.64884841
8.053	0.64877418
8.054	0.64923674
8.055	0.64935079
8.056	0.64923315
8.057	0.64993871
8.058	0.65003349
8.059	0.65005735
8.060	0.65024681
8.061	0.65062843
8.062	0.65082371
8.063	0.65068094
8.064	0.65082174
8.065	0.65048320
8.066	0.65018636
8.067	0.65098837
8.068	0.65116733
8.069	0.65111956
8.070	0.65154155
8.071	0.65143777
8.072	0.65096837
8.073	0.65120483
8.074	0.65057827
8.075	0.65026183
8.076	0.64991905
8.077	0.64986894
8.078	0.65002054
8.079	0.64976632
8.080	0.64916207
8.081	0.64885443
8.082	0.64902975
8.083	0.64870924
8.084	0.64883000
8.085	0.64897126
8.086	0.64917972
8.087	0.64952322
8.088	0.64947596
8.089	0.64960507
8.090	0.64919347
8.091	0.64958383
8.092	0.64993826
8.093	0.64998575
8.094	0.64997813
8.095	0.64972098
8.096	0.64938042
8.097	0.64983352
8.098	0.64952434
8.099	0.64900590
8.100	0.64872313
8.101	0.64833681
8.102	0.64892313
8.103	0.64943146
8.104	0.64909714
8.105	0.64867056
8.106	0.64813095
8.107	0.64789452
8.108	0.64818143
8.109	0.64844748
8.110	0.64864615
8.111	0.64866004
8.112	0.64850572
8.113	0.64854336
8.114	0.64891330
8.115	0.64895426
8.116	0.64881890
8.117	0.64876189
8.118	0.64848167
8.119	0.64810238
8.120	0.64836642
8.121	0.64901672
8.122	0.64996648
8.123	0.64937006
8.124	0.64918386
8.125	0.64873405
8.126	0.64916382
8.127	0.64928564
8.128	0.64887826
8.129	0.64898085
8.130	0.64910657
8.131	0.64938104
8.132	0.64861710
8.133	0.64887452
8.134	0.64929615
8.135	0.64944364
8.136	0.64988177
8.137	0.64947508
8.138	0.64959493
8.139	0.64998786
8.140	0.65013675
8.141	0.65024812
8.142	0.65005546
8.143	0.65017889
8.144	0.65037625
8.145	0.65052872
8.146	0.65028717
8.147	0.65119130
8.148	0.65042157
8.149	0.65093170
8.150	0.65059681
8.151	0.65065463
8.152	0.65058932
8.153	0.65066586
8.154	0.65081331
8.155	0.65092667
8.156	0.65112602
8.157	0.65174319
8.158	0.65238438
8.159	0.65243737
8.160	0.65246274
8.161	0.65274763
8.162	0.65272471
8.163	0.65284531
8.164	0.65319624
8.165	0.65354697
8.166	0.65341789
8.167	0.65305825
8.168	0.65307078
8.169	0.65313395
8.170	0.65334577
8.171	0.65301661
8.172	0.65361483
8.173	0.65385148
8.174	0.65366006
8.175	0.65383304
8.176	0.65363921
8.177	0.65384715
8.178	0.65442783
8.179	0.65501243
8.180	0.65484427
8.181	0.65458190
8.182	0.65470298
8.183	0.65465555
8.184	0.65478646
8.185	0.65502294
8.186	0.65499788
8.187	0.65524575
8.188	0.65518676
8.189	0.65517214
8.190	0.65479840
8.191	0.65464064
8.192	0.65446963
8.193	0.65440528
8.194	0.65454221
8.195	0.65497348
8.196	0.65509489
8.197	0.65541234
8.198	0.65519749
8.199	0.65537491
8.200	0.65460327
8.201	0.65448233
8.202	0.65469804
8.203	0.65447287
8.204	0.65437979
8.205	0.65412614
8.206	0.65376237
8.207	0.65372097
8.208	0.65350317
8.209	0.65356350
8.210	0.65390389
8.211	0.65458320
8.212	0.65446516
8.213	0.65367175
8.214	0.65344541
8.215	0.65348617
8.216	0.65387396
8.217	0.65423787
8.218	0.65344721
8.219	0.65355219
8.220	0.65290704
8.221	0.65292914
8.222	0.65262831
8.223	0.65273068
8.224	0.65276274
8.225	0.65355294
8.226	0.65326554
8.227	0.65324868
8.228	0.65326206
8.229	0.65262253
8.230	0.65267918
8.231	0.65320426
8.232	0.65396231
8.233	0.65369444
8.234	0.65408773
8.235	0.65429830
8.236	0.65394646
8.237	0.65366417
8.238	0.65387695
8.239	0.65407572
8.240	0.65465433
8.241	0.65466529
8.242	0.65446056
8.243	0.65454728
8.244	0.65434024
8.245	0.65426113
8.246	0.65367595
8.247	0.65355286
8.248	0.65271908
8.249	0.65194124
8.250	0.65264998
8.251	0.65292759
8.252	0.65243691
8.253	0.65353540
8.254	0.65300059
8.255	0.65327308
8.256	0.65333896
8.257	0.65354396
8.258	0.65365440
8.259	0.65342337
8.260	0.65350115
8.261	0.65345329
8.262	0.65361463
8.263	0.65364375
8.264	0.65365349
8.265	0.65358959
8.266	0.65319094
8.267	0.65337083
8.268	0.65360261
8.269	0.65345319
8.270	0.65290729
8.271	0.65321942
8.272	0.65311975
8.273	0.65293814
8.274	0.65314396
8.275	0.65289861
8.276	0.65254970
8.277	0.65266093
8.278	0.65273033
8.279	0.65282671
8.280	0.65238166
8.281	0.65236595
8.282	0.65269689
8.283	0.65252156
8.284	0.65234023
8.285	0.65235795
8.286	0.65199134
8.287	0.65270408
8.288	0.65291219
8.289	0.65344197
8.290	0.65379041
8.291	0.65347842
8.292	0.65310704
8.293	0.65220237
8.294	0.65262351
8.295	0.65274905
8.296	0.65295014
8.297	0.65293680
8.298	0.65258287
8.299	0.65261690
8.300	0.65241044
8.301	0.65237735
8.302	0.65222753
8.303	0.65159019
8.304	0.65174418
8.305	0.65150704
8.306	0.65163496
8.307	0.65173226
8.308	0.65175737
8.309	0.65118697
8.310	0.65112130
8.311	0.65084467
8.312	0.65048037
8.313	0.65052626
8.314	0.65063801
8.315	0.65053836
8.316	0.65038716
8.317	0.65069933
8.318	0.65048468
8.319	0.65041318
8.320	0.65031104
8.321	0.65006466
8.322	0.65034907
8.323	0.65057689
8.324	0.65064413
8.325	0.65076132
8.326	0.65054616
8.327	0.65107847
8.328	0.65059047
8.329	0.65072743
8.330	0.65066236
8.331	0.65023535
8.332	0.64975478
8.333	0.65050794
8.334	0.65125142
8.335	0.65133580
8.336	0.65122843
8.337	0.65103450
8.338	0.65125512
8.339	0.65124585
8.340	0.65061346
8.341	0.65119588
8.342	0.65165193
8.343	0.65150187
8.344	0.65165000
8.345	0.65219603
8.346	0.65262426
8.347	0.65300476
8.348	0.65298903
8.349	0.65304436
8.350	0.65296139
8.351	0.65243648
8.352	0.65274545
8.353	0.65334561
8.354	0.65380255
8.355	0.65343671
8.356	0.65380197
8.357	0.65377893
8.358	0.65337479
8.359	0.65333259
8.360	0.65354504
8.361	0.65370354
8.362	0.65427080
8.363	0.65395740
8.364	0.65410327
8.365	0.65428286
8.366	0.65462878
8.367	0.65448569
8.368	0.65474092
8.369	0.65460187
8.370	0.65414767
8.371	0.65450014
8.372	0.65454867
8.373	0.65467566
8.374	0.65417545
8.375	0.65426211
8.376	0.65432739
8.377	0.65383986
8.378	0.65382926
8.379	0.65444003
8.380	0.65399220
8.381	0.65403263
8.382	0.65435636
8.383	0.65423556
8.384	0.65403266
8.385	0.65396849
8.386	0.65417266
8.387	0.65403170
8.388	0.65422212
8.389	0.65423386
8.390	0.65374541
8.391	0.65427582
8.392	0.65397584
8.393	0.65413545
8.394	0.65405606
8.395	0.65367786
8.396	0.65365690
8.397	0.65401958
8.398	0.65354105
8.399	0.65350499
8.400	0.65278976
8.401	0.65348294
8.402	0.65302752
8.403	0.65330058
8.404	0.65325050
8.405	0.65315905
8.406	0.65341237
8.407	0.65329157
8.408	0.65273990
8.409	0.65257144
8.410	0.65196638
8.411	0.65178050
8.412	0.65124720
8.413	0.65116260
8.414	0.65052600
8.415	0.65035971
8.416	0.65029934
8.417	0.65019922
8.418	0.65019342
8.419	0.65061745
8.420	0.65062850
8.421	0.65061937
8.422	0.65090836
8.423	0.65124676
8.424	0.65052981
8.425	0.65078157
8.426	0.65064387
8.427	0.65072861
8.428	0.65055823
8.429	0.65015454
8.430	0.65008690
8.431	0.64998006
8.432	0.64939113
8.433	0.64991625
8.434	0.64947445
8.435	0.64965205
8.436	0.64944753
8.437	0.64975407
8.438	0.65034398
8.439	0.65049985
8.440	0.65020083
8.441	0.65000961
8.442	0.65012508
8.443	0.65031545
8.444	0.65053794
8.445	0.65040378
8.446	0.65023848
8.447	0.65066538
8.448	0.65117037
8.449	0.65139005
8.450	0.65180104
8.451	0.65202916
8.452	0.65272047
8.453	0.65276296
8.454	0.65269267
8.455	0.65284702
8.456	0.65270899
8.457	0.65244513
8.458	0.65203927
8.459	0.65242873
8.460	0.65314953
8.461	0.65300181
8.462	0.65323057
8.463	0.65367140
8.464	0.65398284
8.465	0.65404930
8.466	0.65384799
8.467	0.65390877
8.468	0.65391390
8.469	0.65353761
8.470	0.65360795
8.471	0.65397825
8.472	0.65429748
8.473	0.65393499
8.474	0.65352341
8.475	0.65322961
8.476	0.65367871
8.477	0.65367246
8.478	0.65404159
8.479	0.65383386
8.480	0.65394029
8.481	0.65461798
8.482	0.65416441
8.483	0.65465005
8.484	0.65462009
8.485	0.65496322
8.486	0.65527692
8.487	0.65507627
8.488	0.65557532
8.489	0.65528369
8.490	0.65554633
8.491	0.65562609
8.492	0.65599284
8.493	0.65573345
8.494	0.65556400
8.495	0.65582212
8.496	0.65576605
8.497	0.65592460
8.498	0.65630806
8.499	0.65683920
8.500	0.65645424
8.501	0.65662982
8.502	0.65643741
8.503	0.65691482
8.504	0.65756114
8.505	0.65685213
8.506	0.65632878
8.507	0.65658746
8.508	0.65648262
8.509	0.65673940
8.510	0.65672865
8.511	0.65636008
8.512	0.65614669
8.513	0.65629506
8.514	0.65638719
8.515	0.65613940
8.516	0.65608316
8.517	0.65590875
8.518	0.65547485
8.519	0.65533689
8.520	0.65519796
8.521	0.65587480
8.522	0.65586403
8.523	0.65646316
8.524	0.65657318
8.525	0.65661632
8.526	0.65633646
8.527	0.65638458
8.528	0.65620184
8.529	0.65584723
8.530	0.65583101
8.531	0.65510810
8.532	0.65506020
8.533	0.65474634
8.534	0.65500389
8.535	0.65436922
8.536	0.65405450
8.537	0.65409749
8.538	0.65409857
8.539	0.65374487
8.540	0.65419542
8.541	0.65424528
8.542	0.65398255
8.543	0.65393136
8.544	0.65392589
8.545	0.65405257
8.546	0.65337928
8.547	0.65343584
8.548	0.65342155
8.549	0.65319199
8.550	0.65334660
8.551	0.65348615
8.552	0.65330279
8.553	0.65338833
8.554	0.65330520
8.555	0.65339879
8.556	0.65343717
8.557	0.65321232
8.558	0.65284253
8.559	0.65246524
8.560	0.65231507
8.561	0.65211567
8.562	0.65179715
8.563	0.65214350
8.564	0.65233519
8.565	0.65231107
8.566	0.65264447
8.567	0.65205125
8.568	0.65157856
8.569	0.65151262
8.570	0.65164963
8.571	0.65154334
8.572	0.65220976
8.573	0.65203844
8.574	0.65277367
8.575	0.65293932
8.576	0.65285652
8.577	0.65249958
8.578	0.65195500
8.579	0.65182357
8.580	0.65193210
8.581	0.65207761
8.582	0.65213987
8.583	0.65253193
8.584	0.65301938
8.585	0.65274001
8.586	0.65283765
8.587	0.65323701
8.588	0.65318658
8.589	0.65334341
8.590	0.65318672
8.591	0.65360245
8.592	0.65346694
8.593	0.65405520
8.594	0.65351097
8.595	0.65297816
8.596	0.65284277
8.597	0.65298022
8.598	0.65290573
8.599	0.65358734
8.600	0.65346409
8.601	0.65327726
8.602	0.65321171
8.603	0.65239957
8.604	0.65307247
8.605	0.65365388
8.606	0.65369649
8.607	0.65416255
8.608	0.65460749
8.609	0.65469782
8.610	0.65478439
8.611	0.65534173
8.612	0.65570791
8.613	0.65546884
8.614	0.65536480
8.615	0.65515905
8.616	0.65547723
8.617	0.65592838
8.618	0.65615662
8.619	0.65631981
8.620	0.65571543
8.621	0.65565843
8.622	0.65517282
8.623	0.65521843
8.624	0.65472546
8.625	0.65462931
8.626	0.65506247
8.627	0.65532860
8.628	0.65548182
8.629	0.65537274
8.630	0.65531775
8.631	0.65577595
8.632	0.65557070
8.633	0.65505255
8.634	0.65520901
8.635	0.65476401
8.636	0.65441142
8.637	0.65452459
8.638	0.65452418
8.639	0.65546909
8.640	0.65563079
8.641	0.65554038
8.642	0.65538449
8.643	0.65495929
8.644	0.65475079
8.645	0.65483915
8.646	0.65465189
8.647	0.65482238
8.648	0.65460038
8.649	0.65456614
8.650	0.65461685
8.651	0.65400612
8.652	0.65358435
8.653	0.65348155
8.654	0.65338277
8.655	0.65344929
8.656	0.65334012
8.657	0.65388082
8.658	0.65410210
8.659	0.65372898
8.660	0.65357735
8.661	0.65356225
8.662	0.65384176
8.663	0.65302900
8.664	0.65268870
8.665	0.65231747
8.666	0.65263059
8.667	0.65238649
8.668	0.65211807
8.669	0.65149116
8.670	0.65167494
8.671	0.65165591
8.672	0.65173465
8.673	0.65183317
8.674	0.65142424
8.675	0.65161511
8.676	0.65151971
8.677	0.65159169
8.678	0.65248427
8.679	0.65210673
8.680	0.65205556
8.681	0.65274906
8.682	0.65261607
8.683	0.65275519
8.684	0.65295986
8.685	0.65321573
8.686	0.65254562
8.687	0.65303735
8.688	0.65284708
8.689	0.65294229
8.690	0.65196541
8.691	0.65195901
8.692	0.65203974
8.693	0.65268337
8.694	0.65283120
8.695	0.65306283
8.696	0.65288356
8.697	0.65322220
8.698	0.65259435
8.699	0.65248257
8.700	0.65310145
8.701	0.65356934
8.702	0.65365950
8.703	0.65326416
8.704	0.65325471
8.705	0.65325043
8.706	0.65296969
8.707	0.65297860
8.708	0.65303154
8.709	0.65271180
8.710	0.65315032
8.711	0.65302347
8.712	0.65342235
8.713	0.65338028
8.714	0.65332368
8.715	0.65367879
8.716	0.65347962
8.717	0.65340948
8.718	0.65322945
8.719	0.65306775
8.720	0.65312600
8.721	0.65309803
8.722	0.65370038
8.723	0.65393800
8.724	0.65389122
8.725	0.65443679
8.726	0.65407493
8.727	0.65384746
8.728	0.65363175
8.729	0.65355625
8.730	0.65305929
8.731	0.65310604
8.732	0.65316284
8.733	0.65342744
8.734	0.65325652
8.735	0.65385578
8.736	0.65385775
8.737	0.65405080
8.738	0.65400309
8.739	0.65342624
8.740	0.65323922
8.741	0.65300200
8.742	0.65299110
8.743	0.65325836
8.744	0.65322124
8.745	0.65385906
8.746	0.65448126
8.747	0.65464421
8.748	0.65445525
8.749	0.65440670
8.750	0.65491942
8.751	0.65464182
8.752	0.65537981
8.753	0.65555692
8.754	0.65567058
8.755	0.65606002
8.756	0.65600608
8.757	0.65637318
8.758	0.65694509
8.759	0.65700472
8.760	0.65683168
8.761	0.65659300
8.762	0.65694345
8.763	0.65717039
8.764	0.65771696
8.765	0.65798483
8.766	0.65774832
8.767	0.65784470
8.768	0.65805747
8.769	0.65799396
8.770	0.65831172
8.771	0.65837817
8.772	0.65850701
8.773	0.65875671
8.774	0.65833016
8.775	0.65792722
8.776	0.65771896
8.777	0.65762642
8.778	0.65778147
8.779	0.65768495
8.780	0.65782709
8.781	0.65760682
8.782	0.65756536
8.783	0.65763027
8.784	0.65749047
8.785	0.65769160
8.786	0.65764239
8.787	0.65771678
8.788	0.65752194
8.789	0.65695077
8.790	0.65663315
8.791	0.65679482
8.792	0.65707897
8.793	0.65658575
8.794	0.65646611
8.795	0.65694129
8.796	0.65683668
8.797	0.65718575
8.798	0.65700038
8.799	0.65659745
8.800	0.65694579
8.801	0.65701528
8.802	0.65695427
8.803	0.65718133
8.804	0.65791936
8.805	0.65783235
8.806	0.65801964
8.807	0.65786596
8.808	0.65809858
8.809	0.65809103
8.810	0.65825190
8.811	0.65809475
8.812	0.65800822
8.813	0.65780526
8.814	0.65776794
8.815	0.65773967
8.816	0.65804538
8.817	0.65794707
8.818	0.65828550
8.819	0.65835079
8.820	0.65847006
8.821	0.65824012
8.822	0.65804524
8.823	0.65800735
8.824	0.65794506
8.825	0.65769300
8.826	0.65786419
8.827	0.65847138
8.828	0.65899539
8.829	0.65889228
8.830	0.65880816
8.831	0.65893804
8.832	0.65908055
8.833	0.65851143
8.834	0.65816991
8.835	0.65817396
8.836	0.65837339
8.837	0.65879268
8.838	0.65892920
8.839	0.65939234
8.840	0.65926272
8.841	0.65967049
8.842	0.65995467
8.843	0.65965251
8.844	0.65988157
8.845	0.65996328
8.846	0.66040524
8.847	0.66034805
8.848	0.66062847
8.849	0.66119521
8.850	0.66141320
8.851	0.66115281
8.852	0.66198346
8.853	0.66198364
8.854	0.66210726
8.855	0.66166868
8.856	0.66139454
8.857	0.66224028
8.858	0.66198514
8.859	0.66161925
8.860	0.66242221
8.861	0.66228876
8.862	0.66311402
8.863	0.66312320
8.864	0.66302436
8.865	0.66326329
8.866	0.66312192
8.867	0.66275919
8.868	0.66302616
8.869	0.66316411
8.870	0.66257069
8.871	0.66265785
8.872	0.66299512
8.873	0.66281754
8.874	0.66276938
8.875	0.66281414
8.876	0.66279849
8.877	0.66329470
8.878	0.66290161
8.879	0.66289738
8.880	0.66301057
8.881	0.66306237
8.882	0.66436542
8.883	0.66532549
8.884	0.66547345
8.885	0.66540173
8.886	0.66522763
8.887	0.66526923
8.888	0.66487738
8.889	0.66520493
8.890	0.66531987
8.891	0.66531115
8.892	0.66537752
8.893	0.66520275
8.894	0.66460934
8.895	0.66458377
8.896	0.66469240
8.897	0.66470118
8.898	0.66459000
8.899	0.66424309
8.900	0.66460241
8.901	0.66464264
8.902	0.66453969
8.903	0.66374849
8.904	0.66391698
8.905	0.66349150
8.906	0.66362412
8.907	0.66309867
8.908	0.66274419
8.909	0.66269456
8.910	0.66301659
8.911	0.66317272
8.912	0.66323537
8.913	0.66355464
8.914	0.66302918
8.915	0.66309688
8.916	0.66316626
8.917	0.66351998
8.918	0.66310207
8.919	0.66338928
8.920	0.66330101
8.921	0.66295203
8.922	0.66330411
8.923	0.66326874
8.924	0.66257661
8.925	0.66248295
8.926	0.66295786
8.927	0.66259991
8.928	0.66244072
8.929	0.66235649
8.930	0.66203888
8.931	0.66146356
8.932	0.66150517
8.933	0.66191074
8.934	0.66173958
8.935	0.66206129
8.936	0.66245508
8.937	0.66220634
8.938	0.66215316
8.939	0.66263319
8.940	0.66210703
8.941	0.66282661
8.942	0.66297176
8.943	0.66280931
8.944	0.66210350
8.945	0.66221556
8.946	0.66167452
8.947	0.66184060
8.948	0.66182515
8.949	0.66162672
8.950	0.66209029
8.951	0.66212091
8.952	0.66214818
8.953	0.66199109
8.954	0.66158629
8.955	0.66113166
8.956	0.66088593
8.957	0.66078095
8.958	0.66104673
8.959	0.66153211
8.960	0.66145979
8.961	0.66155997
8.962	0.66168382
8.963	0.66206976
8.964	0.66220708
8.965	0.66289616
8.966	0.66332026
8.967	0.66355989
8.968	0.66308960
8.969	0.66313124
8.970	0.66346653
8.971	0.66384228
8.972	0.66330281
8.973	0.66326281
8.974	0.66321219
8.975	0.66330650
8.976	0.66293916
8.977	0.66298557
8.978	0.66273105
8.979	0.66276027
8.980	0.66235558
8.981	0.66208022
8.982	0.66211774
8.983	0.66174051
8.984	0.66170151
8.985	0.66209825
8.986	0.66213934
8.987	0.66245567
8.988	0.66324239
8.989	0.66300433
8.990	0.66271321
8.991	0.66239330
8.992	0.66263870
8.993	0.66287612
8.994	0.66269062
8.995	0.66270948
8.996	0.66288268
8.997	0.66238744
8.998	0.66269185
8.999	0.66277373
9.000	0.66305926
9.001	0.66291317
9.002	0.66303115
9.003	0.66308441
9.004	0.66296301
9.005	0.66292141
9.006	0.66285248
9.007	0.66216456
9.008	0.66230827
9.009	0.66300782
9.010	0.66330916
9.011	0.66328754
9.012	0.66328109
9.013	0.66329474
9.014	0.66311707
9.015	0.66313034
9.016	0.66259672
9.017	0.66246113
9.018	0.66262720
9.019	0.66314308
9.020	0.66253493
9.021	0.66164423
9.022	0.66191503
9.023	0.66199242
9.024	0.66129577
9.025	0.66147036
9.026	0.66201991
9.027	0.66224956
9.028	0.66172385
9.029	0.66123878
9.030	0.66222255
9.031	0.66174401
9.032	0.66158234
9.033	0.66136643
9.034	0.66177148
9.035	0.66180958
9.036	0.66166052
9.037	0.66178867
9.038	0.66214764
9.039	0.66204507
9.040	0.66259141
9.041	0.66278417
9.042	0.66245044
9.043	0.66274847
9.044	0.66236342
9.045	0.66193730
9.046	0.66214791
9.047	0.66219256
9.048	0.66172414
9.049	0.66184121
9.050	0.66132081
9.051	0.66184718
9.052	0.66233555
9.053	0.66261673
9.054	0.66292050
9.055	0.66297311
9.056	0.66329687
9.057	0.66339302
9.058	0.66328225
9.059	0.66322637
9.060	0.66282780
9.061	0.66284027
9.062	0.66286341
9.063	0.66293804
9.064	0.66287005
9.065	0.66267237
9.066	0.66293231
9.067	0.66300370
9.068	0.66327168
9.069	0.66350347
9.070	0.66369812
9.071	0.66393452
9.072	0.66418628
9.073	0.66358245
9.074	0.66341003
9.075	0.66354019
9.076	0.66289384
9.077	0.66285955
9.078	0.66286928
9.079	0.66287575
9.080	0.66285805
9.081	0.66319224
9.082	0.66275715
9.083	0.66299288
9.084	0.66237807
9.085	0.66273364
9.086	0.66247825
9.087	0.66253513
9.088	0.66274826
9.089	0.66292002
9.090	0.66349041
9.091	0.66343019
9.092	0.66370067
9.093	0.66400337
9.094	0.66410474
9.095	0.66470296
9.096	0.66464881
9.097	0.66434472
9.098	0.66476025
9.099	0.66476870
9.100	0.66457617
9.101	0.66456833
9.102	0.66479907
9.103	0.66498506
9.104	0.66524891
9.105	0.66553893
9.106	0.66570000
9.107	0.66570498
9.108	0.66572535
9.109	0.66556754
9.110	0.66533935
9.111	0.66549433
9.112	0.66540320
9.113	0.66551910
9.114	0.66574559
9.115	0.66588333
9.116	0.66578935
9.117	0.66620506
9.118	0.66612779
9.119	0.66612422
9.120	0.66603605
9.121	0.66610030
9.122	0.66657181
9.123	0.66669187
9.124	0.66616632
9.125	0.66675970
9.126	0.66675728
9.127	0.66641733
9.128	0.66680161
9.129	0.66683036
9.130	0.66675778
9.131	0.66738515
9.132	0.66791750
9.133	0.66778549
9.134	0.66775255
9.135	0.66783792
9.136	0.66762636
9.137	0.66783049
9.138	0.66759633
9.139	0.66795784
9.140	0.66842245
9.141	0.66803083
9.142	0.66786995
9.143	0.66760353
9.144	0.66720280
9.145	0.66675401
9.146	0.66688082
9.147	0.66688062
9.148	0.66676410
9.149	0.66729526
9.150	0.66742098
9.151	0.66693212
9.152	0.66692791
9.153	0.66681937
9.154	0.66625453
9.155	0.66694597
9.156	0.66681233
9.157	0.66595723
9.158	0.66632590
9.159	0.66649442
9.160	0.66641591
9.161	0.66620893
9.162	0.66589796
9.163	0.66566445
9.164	0.66462306
9.165	0.66476434
9.166	0.66515494
9.167	0.66555457
9.168	0.66558199
9.169	0.66572524
9.170	0.66554146
9.171	0.66607000
9.172	0.66600954
9.173	0.66599634
9.174	0.66584226
9.175	0.66651455
9.176	0.66650400
9.177	0.66665551
9.178	0.66681344
9.179	0.66689579
9.180	0.66674918
9.181	0.66660651
9.182	0.66648948
9.183	0.66599534
9.184	0.66620336
9.185	0.66648639
9.186	0.66646416
9.187	0.66646519
9.188	0.66652561
9.189	0.66607074
9.190	0.66627623
9.191	0.66623557
9.192	0.66622209
9.193	0.66647384
9.194	0.66621811
9.195	0.66594747
9.196	0.66534586
9.197	0.66561590
9.198	0.66519708
9.199	0.66468779
9.200	0.66512316
9.201	0.66582973
9.202	0.66552952
9.203	0.66507318
9.204	0.66541747
9.205	0.66521325
9.206	0.66515635
9.207	0.66528035
9.208	0.66524809
9.209	0.66560190
9.210	0.66534011
9.211	0.66509352
9.212	0.66519827
9.213	0.66513140
9.214	0.66474139
9.215	0.66461811
9.216	0.66468114
9.217	0.66427314
9.218	0.66420179
9.219	0.66418875
9.220	0.66352938
9.221	0.66331886
9.222	0.66380545
9.223	0.66426551
9.224	0.66406309
9.225	0.66391213
9.226	0.66367997
9.227	0.66324870
9.228	0.66303442
9.229	0.66321108
9.230	0.66353375
9.231	0.66356828
9.232	0.66357556
9.233	0.66316746
9.234	0.66340777
9.235	0.66396831
9.236	0.66403521
9.237	0.66395968
9.238	0.66380749
9.239	0.66338695
9.240	0.66348026
9.241	0.66396403
9.242	0.66399617
9.243	0.66469643
9.244	0.66465874
9.245	0.66453647
9.246	0.66469500
9.247	0.66477699
9.248	0.66455175
9.249	0.66387373
9.250	0.66369788
9.251	0.66379117
9.252	0.66317109
9.253	0.66300725
9.254	0.66330972
9.255	0.66339901
9.256	0.66376455
9.257	0.66468980
9.258	0.66429958
9.259	0.66376469
9.260	0.66391954
9.261	0.66368967
9.262	0.66366371
9.263	0.66337572
9.264	0.66357298
9.265	0.66354066
9.266	0.66360478
9.267	0.66378656
9.268	0.66392634
9.269	0.66380482
9.270	0.66341840
9.271	0.66357055
9.272	0.66331194
9.273	0.66343900
9.274	0.66361874
9.275	0.66365134
9.276	0.66367226
9.277	0.66398608
9.278	0.66444993
9.279	0.66491012
9.280	0.66507939
9.281	0.66501694
9.282	0.66488194
9.283	0.66489250
9.284	0.66490733
9.285	0.66498222
9.286	0.66441234
9.287	0.66411246
9.288	0.66425005
9.289	0.66375098
9.290	0.66370966
9.291	0.66394034
9.292	0.66402675
9.293	0.66403476
9.294	0.66405381
9.295	0.66405494
9.296	0.66391216
9.297	0.66379984
9.298	0.66380558
9.299	0.66377429
9.300	0.66404960
9.301	0.66408289
9.302	0.66369527
9.303	0.66391988
9.304	0.66431517
9.305	0.66415609
9.306	0.66383790
9.307	0.66345121
9.308	0.66313994
9.309	0.66366588
9.310	0.66299876
9.311	0.66298715
9.312	0.66283968
9.313	0.66198397
9.314	0.66215013
9.315	0.66248254
9.316	0.66235239
9.317	0.66271248
9.318	0.66242244
9.319	0.66274097
9.320	0.66271487
9.321	0.66295333
9.322	0.66283448
9.323	0.66316025
9.324	0.66247686
9.325	0.66203248
9.326	0.66258827
9.327	0.66256257
9.328	0.66199580
9.329	0.66176191
9.330	0.66189758
9.331	0.66119050
9.332	0.66156663
9.333	0.66182905
9.334	0.66220711
9.335	0.66240364
9.336	0.66233362
9.337	0.66293661
9.338	0.66318607
9.339	0.66296070
9.340	0.66300445
9.341	0.66282060
9.342	0.66274607
9.343	0.66259319
9.344	0.66241077
9.345	0.66149072
9.346	0.66123340
9.347	0.66160461
9.348	0.66182682
9.349	0.66231722
9.350	0.66193021
9.351	0.66161882
9.352	0.66161342
9.353	0.66147536
9.354	0.66171760
9.355	0.66212001
9.356	0.66151926
9.357	0.66147507
9.358	0.66146015
9.359	0.66144711
9.360	0.66125791
9.361	0.66057938
9.362	0.66042859
9.363	0.66029342
9.364	0.65977915
9.365	0.65957154
9.366	0.66013702
9.367	0.65963768
9.368	0.65944856
9.369	0.65940944
9.370	0.65942957
9.371	0.65937916
9.372	0.65953505
9.373	0.65990055
9.374	0.66032460
9.375	0.66046479
9.376	0.65975390
9.377	0.65951140
9.378	0.65928508
9.379	0.65915859
9.380	0.65934355
9.381	0.65921776
9.382	0.65955468
9.383	0.65935436
9.384	0.65884122
9.385	0.65882595
9.386	0.65895821
9.387	0.65907456
9.388	0.65858587
9.389	0.65829493
9.390	0.65863870
9.391	0.65856418
9.392	0.65852312
9.393	0.65833543
9.394	0.65837548
9.395	0.65835618
9.396	0.65817804
9.397	0.65808093
9.398	0.65773330
9.399	0.65752518
9.400	0.65717624
9.401	0.65744474
9.402	0.65750439
9.403	0.65774160
9.404	0.65706315
9.405	0.65717146
9.406	0.65724425
9.407	0.65719968
9.408	0.65772081
9.409	0.65716478
9.410	0.65674153
9.411	0.65708234
9.412	0.65725938
9.413	0.65732251
9.414	0.65707205
9.415	0.65701312
9.416	0.65747355
9.417	0.65759293
9.418	0.65689453
9.419	0.65635083
9.420	0.65632384
9.421	0.65601434
9.422	0.65597360
9.423	0.65605636
9.424	0.65572910
9.425	0.65551353
9.426	0.65541495
9.427	0.65543608
9.428	0.65481773
9.429	0.65452054
9.430	0.65466872
9.431	0.65467486
9.432	0.65501948
9.433	0.65453164
9.434	0.65467186
9.435	0.65500728
9.436	0.65525540
9.437	0.65470812
9.438	0.65509243
9.439	0.65452605
9.440	0.65499484
9.441	0.65492451
9.442	0.65444389
9.443	0.65391149
9.444	0.65369183
9.445	0.65376655
9.446	0.65364487
9.447	0.65349665
9.448	0.65386544
9.449	0.65377080
9.450	0.65363954
9.451	0.65330316
9.452	0.65311454
9.453	0.65294182
9.454	0.65309611
9.455	0.65335491
9.456	0.65386578
9.457	0.65381602
9.458	0.65350218
9.459	0.65333799
9.460	0.65316371
9.461	0.65353707
9.462	0.65393933
9.463	0.65442897
9.464	0.65435866
9.465	0.65407478
9.466	0.65436556
9.467	0.65414596
9.468	0.65404196
9.469	0.65439785
9.470	0.65462416
9.471	0.65410036
9.472	0.65442802
9.473	0.65448322
9.474	0.65410344
9.475	0.65420787
9.476	0.65388650
9.477	0.65395268
9.478	0.65422195
9.479	0.65422436
9.480	0.65451639
9.481	0.65504598
9.482	0.65494481
9.483	0.65502304
9.484	0.65532293
9.485	0.65560900
9.486	0.65547718
9.487	0.65563026
9.488	0.65603929
9.489	0.65562951
9.490	0.65530848
9.491	0.65506554
9.492	0.65515213
9.493	0.65510324
9.494	0.65480525
9.495	0.65499040
9.496	0.65502201
9.497	0.65508869
9.498	0.65492607
9.499	0.65478136
9.500	0.65498108
9.501	0.65508052
9.502	0.65459644
9.503	0.65489370
9.504	0.65473021
9.505	0.65503835
9.506	0.65510247
9.507	0.65446651
9.508	0.65452252
9.509	0.65388096
9.510	0.65321211
9.511	0.65293084
9.512	0.65264699
9.513	0.65232299
9.514	0.65255313
9.515	0.65220188
9.516	0.65152379
9.517	0.65131640
9.518	0.65112382
9.519	0.65095186
9.520	0.65098752
9.521	0.65119391
9.522	0.65090213
9.523	0.65023058
9.524	0.65007065
9.525	0.65047968
9.526	0.65028568
9.527	0.65094557
9.528	0.65083897
9.529	0.65065334
9.530	0.65101542
9.531	0.65119581
9.532	0.65133242
9.533	0.65197292
9.534	0.65164834
9.535	0.65162196
9.536	0.65127833
9.537	0.65136078
9.538	0.65122387
9.539	0.65091970
9.540	0.65104355
9.541	0.65083912
9.542	0.64985077
9.543	0.64994467
9.544	0.64983769
9.545	0.64987145
9.546	0.64991554
9.547	0.65007948
9.548	0.65001373
9.549	0.64962562
9.550	0.64964294
9.551	0.64913727
9.552	0.64932510
9.553	0.64873828
9.554	0.64901482
9.555	0.64927730
9.556	0.64942169
9.557	0.64943740
9.558	0.64928987
9.559	0.64956680
9.560	0.65003481
9.561	0.64922748
9.562	0.64893280
9.563	0.64923137
9.564	0.64940786
9.565	0.64898372
9.566	0.64869129
9.567	0.64908518
9.568	0.64882913
9.569	0.64883066
9.570	0.64904423
9.571	0.64882749
9.572	0.64866270
9.573	0.64827084
9.574	0.64780339
9.575	0.64753763
9.576	0.64729565
9.577	0.64737357
9.578	0.64750636
9.579	0.64728844
9.580	0.64694675
9.581	0.64676248
9.582	0.64607660
9.583	0.64592844
9.584	0.64615617
9.585	0.64603693
9.586	0.64588391
9.587	0.64583425
9.588	0.64624591
9.589	0.64604989
9.590	0.64611070
9.591	0.64604944
9.592	0.64608355
9.593	0.64573762
9.594	0.64568749
9.595	0.64576943
9.596	0.64552084
9.597	0.64570436
9.598	0.64597416
9.599	0.64563709
9.600	0.64611710
9.601	0.64629542
9.602	0.64615054
9.603	0.64577690
9.604	0.64580855
9.605	0.64486965
9.606	0.64495435
9.607	0.64508366
9.608	0.64483776
9.609	0.64510071
9.610	0.64536857
9.611	0.64503309
9.612	0.64511343
9.613	0.64472840
9.614	0.64432348
9.615	0.64441735
9.616	0.64467371
9.617	0.64467937
9.618	0.64430235
9.619	0.64397493
9.620	0.64374924
9.621	0.64390465
9.622	0.64395035
9.623	0.64384284
9.624	0.64383138
9.625	0.64392106
9.626	0.64353508
9.627	0.64302702
9.628	0.64310906
9.629	0.64301084
9.630	0.64293706
9.631	0.64321244
9.632	0.64294601
9.633	0.64352513
9.634	0.64320220
9.635	0.64307441
9.636	0.64281010
9.637	0.64292607
9.638	0.64310175
9.639	0.64288307
9.640	0.64337415
9.641	0.64322735
9.642	0.64370452
9.643	0.64367451
9.644	0.64328140
9.645	0.64345770
9.646	0.64349812
9.647	0.64321541
9.648	0.64320919
9.649	0.64315840
9.650	0.64243113
9.651	0.64262372
9.652	0.64353791
9.653	0.64334667
9.654	0.64326380
9.655	0.64350539
9.656	0.64305625
9.657	0.64261910
9.658	0.64290930
9.659	0.64272880
9.660	0.64293844
9.661	0.64283462
9.662	0.64311121
9.663	0.64343177
9.664	0.64299752
9.665	0.64344625
9.666	0.64367954
9.667	0.64459669
9.668	0.64419746
9.669	0.64410511
9.670	0.64372214
9.671	0.64336534
9.672	0.64303018
9.673	0.64309075
9.674	0.64327289
9.675	0.64376511
9.676	0.64344818
9.677	0.64328109
9.678	0.64376538
9.679	0.64389526
9.680	0.64380698
9.681	0.64356233
9.682	0.64300348
9.683	0.64278943
9.684	0.64274784
9.685	0.64296983
9.686	0.64233717
9.687	0.64259434
9.688	0.64294951
9.689	0.64230973
9.690	0.64269349
9.691	0.64258479
9.692	0.64216841
9.693	0.64235101
9.694	0.64216251
9.695	0.64212209
9.696	0.64184067
9.697	0.64215632
9.698	0.64210611
9.699	0.64248931
9.700	0.64172148
9.701	0.64138122
9.702	0.64150940
9.703	0.64170132
9.704	0.64208466
9.705	0.64160132
9.706	0.64155497
9.707	0.64211299
9.708	0.64216575
9.709	0.64237907
9.710	0.64244384
9.711	0.64258964
9.712	0.64298422
9.713	0.64341339
9.714	0.64347943
9.715	0.64398922
9.716	0.64382610
9.717	0.64343366
9.718	0.64402562
9.719	0.64474010
9.720	0.64521198
9.721	0.64537381
9.722	0.64547043
9.723	0.64571660
9.724	0.64547090
9.725	0.64536576
9.726	0.64507534
9.727	0.64508163
9.728	0.64527639
9.729	0.64514044
9.730	0.64490398
9.731	0.64507380
9.732	0.64460587
9.733	0.64438751
9.734	0.64457665
9.735	0.64478438
9.736	0.64461365
9.737	0.64493597
9.738	0.64511046
9.739	0.64510130
9.740	0.64495512
9.741	0.64452846
9.742	0.64464279
9.743	0.64418140
9.744	0.64411844
9.745	0.64428451
9.746	0.64433245
9.747	0.64399794
9.748	0.64316574
9.749	0.64288067
9.750	0.64320027
9.751	0.64334164
9.752	0.64381469
9.753	0.64348370
9.754	0.64399188
9.755	0.64380410
9.756	0.64375238
9.757	0.64321495
9.758	0.64299794
9.759	0.64290458
9.760	0.64275056
9.761	0.64315769
9.762	0.64388312
9.763	0.64469849
9.764	0.64519466
9.765	0.64553517
9.766	0.64528385
9.767	0.64576939
9.768	0.64576176
9.769	0.64510265
9.770	0.64508258
9.771	0.64494718
9.772	0.64438731
9.773	0.64448916
9.774	0.64483775
9.775	0.64442347
9.776	0.64402776
9.777	0.64429340
9.778	0.64339095
9.779	0.64351809
9.780	0.64354313
9.781	0.64370982
9.782	0.64359667
9.783	0.64347166
9.784	0.64416317
9.785	0.64383800
9.786	0.64452494
9.787	0.64415883
9.788	0.64431490
9.789	0.64424567
9.790	0.64423779
9.791	0.64460669
9.792	0.64449173
9.793	0.64483175
9.794	0.64491637
9.795	0.64549315
9.796	0.64605901
9.797	0.64563201
9.798	0.64524104
9.799	0.64525144
9.800	0.64545078
9.801	0.64570182
9.802	0.64610705
9.803	0.64590281
9.804	0.64655468
9.805	0.64662282
9.806	0.64668154
9.807	0.64687419
9.808	0.64700785
9.809	0.64694540
9.810	0.64726872
9.811	0.64695674
9.812	0.64719333
9.813	0.64710244
9.814	0.64753712
9.815	0.64746996
9.816	0.64714220
9.817	0.64679165
9.818	0.64709944
9.819	0.64750242
9.820	0.64707580
9.821	0.64682291
9.822	0.64661886
9.823	0.64651146
9.824	0.64643808
9.825	0.64608591
9.826	0.64527299
9.827	0.64567671
9.828	0.64555810
9.829	0.64472509
9.830	0.64494349
9.831	0.64566533
9.832	0.64562890
9.833	0.64645108
9.834	0.64656651
9.835	0.64681854
9.836	0.64665882
9.837	0.64632815
9.838	0.64669993
9.839	0.64677750
9.840	0.64657861
9.841	0.64575022
9.842	0.64625312
9.843	0.64655223
9.844	0.64609353
9.845	0.64626967
9.846	0.64696720
9.847	0.64729601
9.848	0.64746004
9.849	0.64738064
9.850	0.64710818
9.851	0.64687773
9.852	0.64708621
9.853	0.64738857
9.854	0.64742345
9.855	0.64773237
9.856	0.64727382
9.857	0.64741996
9.858	0.64774530
9.859	0.64803393
9.860	0.64791570
9.861	0.64777381
9.862	0.64812227
9.863	0.64763711
9.864	0.64731849
9.865	0.64754548
9.866	0.64726715
9.867	0.64774020
9.868	0.64741083
9.869	0.64704970
9.870	0.64751342
9.871	0.64733223
9.872	0.64702450
9.873	0.64696557
9.874	0.64729885
9.875	0.64772508
9.876	0.64802182
9.877	0.64808040
9.878	0.64750779
9.879	0.64733789
9.880	0.64770935
9.881	0.64735987
9.882	0.64756139
9.883	0.64708656
9.884	0.64662321
9.885	0.64606968
9.886	0.64580394
9.887	0.64597700
9.888	0.64675217
9.889	0.64625482
9.890	0.64630550
9.891	0.64609006
9.892	0.64585659
9.893	0.64562554
9.894	0.64531079
9.895	0.64547838
9.896	0.64541646
9.897	0.64488004
9.898	0.64485352
9.899	0.64501902
9.900	0.64515110
9.901	0.64566970
9.902	0.64525039
9.903	0.64577330
9.904	0.64582240
9.905	0.64558651
9.906	0.64495961
9.907	0.64433100
9.908	0.64431249
9.909	0.64406486
9.910	0.64426361
9.911	0.64425615
9.912	0.64410632
9.913	0.64394010
9.914	0.64418288
9.915	0.64418017
9.916	0.64413432
9.917	0.64408646
9.918	0.64432827
9.919	0.64405256
9.920	0.64427001
9.921	0.64412321
9.922	0.64380367
9.923	0.64401161
9.924	0.64383183
9.925	0.64345105
9.926	0.64342317
9.927	0.64358377
9.928	0.64326725
9.929	0.64274596
9.930	0.64305832
9.931	0.64308578
9.932	0.64369362
9.933	0.64394211
9.934	0.64371965
9.935	0.64331678
9.936	0.64330448
9.937	0.64378274
9.938	0.64365651
9.939	0.64329401
9.940	0.64306367
9.941	0.64282200
9.942	0.64271639
9.943	0.64297575
9.944	0.64255150
9.945	0.64231189
9.946	0.64237760
9.947	0.64243581
9.948	0.64277957
9.949	0.64315805
9.950	0.64367517
9.951	0.64362953
9.952	0.64354815
9.953	0.64291424
9.954	0.64207269
9.955	0.64243633
9.956	0.64216976
9.957	0.64216022
9.958	0.64265275
9.959	0.64212448
9.960	0.64255547
9.961	0.64294669
9.962	0.64287970
9.963	0.64250598
9.964	0.64259163
9.965	0.64250276
9.966	0.64286339
9.967	0.64272257
9.968	0.64273478
9.969	0.64264963
9.970	0.64289037
9.971	0.64257867
9.972	0.64306050
9.973	0.64328875
9.974	0.64365423
9.975	0.64349885
9.976	0.64327632
9.977	0.64359565
9.978	0.64338718
9.979	0.64342533
9.980	0.64372183
9.981	0.64388859
9.982	0.64417279
9.983	0.64426442
9.984	0.64430658
9.985	0.64467523
9.986	0.64535627
9.987	0.64557432
9.988	0.64546573
9.989	0.64586085
9.990	0.64570331
9.991	0.64573723
9.992	0.64665369
9.993	0.64679563
9.994	0.64730082
9.995	0.64746517
9.996	0.64717506
9.997	0.64704281
9.998	0.64747026
9.999	0.64738371
