# NTRAJ	500
0.000	1.00000000
0.001	1.00000000
0.002	1.00000000
0.003	1.00000000
0.004	1.00000000
0.005	1.00000000
0.006	1.00000000
0.007	1.00000000
0.008	1.00000000
0.009	1.00000000
0.010	1.00000000
0.011	1.00000000
0.012	1.00000000
0.013	1.00000000
0.014	1.00000000
0.015	1.00000000
0.016	1.00000000
0.017	1.00000000
0.018	1.00000000
0.019	1.00000000
0.020	1.00000000
0.021	1.00000000
0.022	1.00000000
0.023	1.00000000
0.024	1.00000000
0.025	1.00000000
0.026	1.00000000
0.027	1.00000000
0.028	1.00000000
0.029	1.00000000
0.030	0.99999999
0.031	0.99999999
0.032	0.99999999
0.033	0.99999999
0.034	0.99999999
0.035	0.99999999
0.036	0.99999999
0.037	0.99999998
0.038	0.99999998
0.039	0.99999998
0.040	0.99999998
0.041	0.99999997
0.042	0.99999997
0.043	0.99999997
0.044	0.99999996
0.045	0.99999996
0.046	0.99999995
0.047	0.99999995
0.048	0.99999994
0.049	0.99999994
0.050	0.99999993
0.051	0.99999992
0.052	0.99999991
0.053	0.99999990
0.054	0.99999990
0.055	0.99999989
0.056	0.99999988
0.057	0.99999986
0.058	0.99999985
0.059	0.99999984
0.060	0.99999982
0.061	0.99999981
0.062	0.99999979
0.063	0.99999978
0.064	0.99999976
0.065	0.99999974
0.066	0.99999972
0.067	0.99999970
0.068	0.99999967
0.069	0.99999965
0.070	0.99999962
0.071	0.99999960
0.072	0.99999957
0.073	0.99999954
0.074	0.99999951
0.075	0.99999947
0.076	0.99999944
0.077	0.99999940
0.078	0.99999936
0.079	0.99999932
0.080	0.99999928
0.081	0.99999923
0.082	0.99999918
0.083	0.99999913
0.084	0.99999908
0.085	0.99999902
0.086	0.99999897
0.087	0.99999891
0.088	0.99999884
0.089	0.99999878
0.090	0.99999871
0.091	0.99999864
0.092	0.99999856
0.093	0.99999848
0.094	0.99999840
0.095	0.99999832
0.096	0.99999823
0.097	0.99999813
0.098	0.99999804
0.099	0.99999794
0.100	0.99999784
0.101	0.99999773
0.102	0.99999762
0.103	0.99999750
0.104	0.99999738
0.105	0.99999725
0.106	0.99999712
0.107	0.99999699
0.108	0.99999685
0.109	0.99999670
0.110	0.99999655
0.111	0.99999640
0.112	0.99999623
0.113	0.99999607
0.114	0.99999590
0.115	0.99999572
0.116	0.99999553
0.117	0.99999534
0.118	0.99999514
0.119	0.99999494
0.120	0.99999473
0.121	0.99999451
0.122	0.99999429
0.123	0.99999406
0.124	0.99999382
0.125	0.99999357
0.126	0.99999332
0.127	0.99999306
0.128	0.99999279
0.129	0.99999251
0.130	0.99999222
0.131	0.99999193
0.132	0.99999162
0.133	0.99999131
0.134	0.99999099
0.135	0.99999066
0.136	0.99999032
0.137	0.99998997
0.138	0.99998961
0.139	0.99998924
0.140	0.99998886
0.141	0.99998847
0.142	0.99998807
0.143	0.99998766
0.144	0.99998723
0.145	0.99998680
0.146	0.99998635
0.147	0.99998589
0.148	0.99998542
0.149	0.99998494
0.150	0.99998445
0.151	0.99998394
0.152	0.99998342
0.153	0.99998289
0.154	0.99998234
0.155	0.99998178
0.156	0.99998121
0.157	0.99998062
0.158	0.99998002
0.159	0.99997940
0.160	0.99997877
0.161	0.99997812
0.162	0.99997746
0.163	0.99997678
0.164	0.99997609
0.165	0.99997538
0.166	0.99997465
0.167	0.99997391
0.168	0.99997315
0.169	0.99997237
0.170	0.99997158
0.171	0.99997076
0.172	0.99996993
0.173	0.99996909
0.174	0.99996822
0.175	0.99996733
0.176	0.99996643
0.177	0.99996550
0.178	0.99996456
0.179	0.99996359
0.180	0.99996261
0.181	0.99996160
0.182	0.99996057
0.183	0.99995952
0.184	0.99995845
0.185	0.99995736
0.186	0.99995625
0.187	0.99995511
0.188	0.99995395
0.189	0.99995277
0.190	0.99995156
0.191	0.99995033
0.192	0.99994908
0.193	0.99994780
0.194	0.99994650
0.195	0.99994517
0.196	0.99994382
0.197	0.99994243
0.198	0.99994103
0.199	0.99993959
0.200	0.99993813
0.201	0.99993664
0.202	0.99993513
0.203	0.99993359
0.204	0.99993201
0.205	0.99993041
0.206	0.99992878
0.207	0.99992712
0.208	0.99992543
0.209	0.99992371
0.210	0.99992196
0.211	0.99992018
0.212	0.99991837
0.213	0.99991652
0.214	0.99991465
0.215	0.99991274
0.216	0.99991080
0.217	0.99990882
0.218	0.99990681
0.219	0.99990477
0.220	0.99990269
0.221	0.99990058
0.222	0.99989843
0.223	0.99989625
0.224	0.99989403
0.225	0.99989177
0.226	0.99988948
0.227	0.99988715
0.228	0.99988478
0.229	0.99988237
0.230	0.99987992
0.231	0.99987743
0.232	0.99987491
0.233	0.99987235
0.234	0.99986974
0.235	0.99986709
0.236	0.99986440
0.237	0.99986168
0.238	0.99985891
0.239	0.99985610
0.240	0.99985324
0.241	0.99985033
0.242	0.99984739
0.243	0.99984440
0.244	0.99984136
0.245	0.99983829
0.246	0.99983516
0.247	0.99983199
0.248	0.99982876
0.249	0.99982548
0.250	0.99982217
0.251	0.99981881
0.252	0.99981538
0.253	0.99981192
0.254	0.99980841
0.255	0.99980485
0.256	0.99980125
0.257	0.99979759
0.258	0.99979386
0.259	0.99979011
0.260	0.99978628
0.261	0.99978240
0.262	0.99977845
0.263	0.99977446
0.264	0.99977042
0.265	0.99976633
0.266	0.99976217
0.267	0.99975797
0.268	0.99975370
0.269	0.99974937
0.270	0.99974498
0.271	0.99974054
0.272	0.99973605
0.273	0.99973149
0.274	0.99972688
0.275	0.99972221
0.276	0.99971747
0.277	0.99971266
0.278	0.99970780
0.279	0.99970289
0.280	0.99969791
0.281	0.99969287
0.282	0.99968776
0.283	0.99968256
0.284	0.99967732
0.285	0.99967199
0.286	0.99966662
0.287	0.99966119
0.288	0.99965568
0.289	0.99965008
0.290	0.99964444
0.291	0.99963873
0.292	0.99963294
0.293	0.99962707
0.294	0.99962113
0.295	0.99961513
0.296	0.99960907
0.297	0.99960290
0.298	0.99959670
0.299	0.99959040
0.300	0.99958405
0.301	0.99957761
0.302	0.99957112
0.303	0.99956452
0.304	0.99955781
0.305	0.99955105
0.306	0.99954422
0.307	0.99953731
0.308	0.99953030
0.309	0.99952324
0.310	0.99951609
0.311	0.99950888
0.312	0.99950157
0.313	0.99949417
0.314	0.99948669
0.315	0.99947908
0.316	0.99947144
0.317	0.99946369
0.318	0.99945583
0.319	0.99944793
0.320	0.99943991
0.321	0.99943183
0.322	0.99942365
0.323	0.99941535
0.324	0.99940702
0.325	0.99939856
0.326	0.99939004
0.327	0.99938145
0.328	0.99937278
0.329	0.99936395
0.330	0.99935505
0.331	0.99934605
0.332	0.99933698
0.333	0.99932781
0.334	0.99931852
0.335	0.99930912
0.336	0.99929955
0.337	0.99929002
0.338	0.99928034
0.339	0.99927059
0.340	0.99926071
0.341	0.99925075
0.342	0.99924076
0.343	0.99923053
0.344	0.99922022
0.345	0.99920986
0.346	0.99919941
0.347	0.99918888
0.348	0.99917819
0.349	0.99916735
0.350	0.99915646
0.351	0.99914536
0.352	0.99913423
0.353	0.99912301
0.354	0.99911164
0.355	0.99910012
0.356	0.99908854
0.357	0.99907690
0.358	0.99906502
0.359	0.99905308
0.360	0.99904104
0.361	0.99902894
0.362	0.99901674
0.363	0.99900434
0.364	0.99899183
0.365	0.99897913
0.366	0.99896649
0.367	0.99895363
0.368	0.99894067
0.369	0.99892748
0.370	0.99891436
0.371	0.99890107
0.372	0.99888775
0.373	0.99887408
0.374	0.99886022
0.375	0.99884635
0.376	0.99883249
0.377	0.99881831
0.378	0.99880414
0.379	0.99878984
0.380	0.99877535
0.381	0.99876084
0.382	0.99874615
0.383	0.99873125
0.384	0.99871620
0.385	0.99870122
0.386	0.99868601
0.387	0.99867061
0.388	0.99865504
0.389	0.99863932
0.390	0.99862347
0.391	0.99860762
0.392	0.99859164
0.393	0.99857555
0.394	0.99855923
0.395	0.99854277
0.396	0.99852604
0.397	0.99850922
0.398	0.99849228
0.399	0.99847537
0.400	0.99845811
0.401	0.99844084
0.402	0.99842316
0.403	0.99840542
0.404	0.99838775
0.405	0.99836984
0.406	0.99835181
0.407	0.99833351
0.408	0.99831524
0.409	0.99829698
0.410	0.99827827
0.411	0.99825950
0.412	0.99824048
0.413	0.99822170
0.414	0.99820241
0.415	0.99818302
0.416	0.99816347
0.417	0.99814382
0.418	0.99812390
0.419	0.99810366
0.420	0.99808346
0.421	0.99806305
0.422	0.99804272
0.423	0.99802195
0.424	0.99800129
0.425	0.99798046
0.426	0.99795917
0.427	0.99793765
0.428	0.99791595
0.429	0.99789409
0.430	0.99787258
0.431	0.99785030
0.432	0.99782816
0.433	0.99780573
0.434	0.99778344
0.435	0.99776088
0.436	0.99773784
0.437	0.99771467
0.438	0.99769120
0.439	0.99766787
0.440	0.99764455
0.441	0.99762080
0.442	0.99759673
0.443	0.99757311
0.444	0.99754879
0.445	0.99752462
0.446	0.99749987
0.447	0.99747471
0.448	0.99744994
0.449	0.99742453
0.450	0.99739942
0.451	0.99737423
0.452	0.99734841
0.453	0.99732229
0.454	0.99729570
0.455	0.99726904
0.456	0.99724244
0.457	0.99721614
0.458	0.99718930
0.459	0.99716232
0.460	0.99713540
0.461	0.99710837
0.462	0.99708070
0.463	0.99705303
0.464	0.99702554
0.465	0.99699753
0.466	0.99696952
0.467	0.99694158
0.468	0.99691261
0.469	0.99688388
0.470	0.99685455
0.471	0.99682534
0.472	0.99679633
0.473	0.99676689
0.474	0.99673722
0.475	0.99670751
0.476	0.99667745
0.477	0.99664724
0.478	0.99661716
0.479	0.99658645
0.480	0.99655549
0.481	0.99652350
0.482	0.99649168
0.483	0.99646025
0.484	0.99642868
0.485	0.99639653
0.486	0.99636453
0.487	0.99633210
0.488	0.99629915
0.489	0.99626586
0.490	0.99623316
0.491	0.99619890
0.492	0.99616602
0.493	0.99613252
0.494	0.99609814
0.495	0.99606400
0.496	0.99602898
0.497	0.99599499
0.498	0.99596087
0.499	0.99592648
0.500	0.99589076
0.501	0.99585608
0.502	0.99582076
0.503	0.99578589
0.504	0.99575008
0.505	0.99571381
0.506	0.99567750
0.507	0.99564151
0.508	0.99560423
0.509	0.99556649
0.510	0.99552860
0.511	0.99549134
0.512	0.99545287
0.513	0.99541408
0.514	0.99537503
0.515	0.99533607
0.516	0.99529719
0.517	0.99525792
0.518	0.99521763
0.519	0.99517808
0.520	0.99513944
0.521	0.99510040
0.522	0.99506000
0.523	0.99502046
0.524	0.99497864
0.525	0.99493758
0.526	0.99489501
0.527	0.99485348
0.528	0.99480984
0.529	0.99476708
0.530	0.99472389
0.531	0.99468152
0.532	0.99463795
0.533	0.99459465
0.534	0.99455160
0.535	0.99450868
0.536	0.99446456
0.537	0.99442189
0.538	0.99437801
0.539	0.99433504
0.540	0.99428950
0.541	0.99424508
0.542	0.99419947
0.543	0.99415458
0.544	0.99410885
0.545	0.99406275
0.546	0.99401744
0.547	0.99397108
0.548	0.99392517
0.549	0.99387920
0.550	0.99383262
0.551	0.99378638
0.552	0.99373642
0.553	0.99368717
0.554	0.99363906
0.555	0.99358911
0.556	0.99354008
0.557	0.99349243
0.558	0.99344330
0.559	0.99339310
0.560	0.99334236
0.561	0.99329260
0.562	0.99324144
0.563	0.99319402
0.564	0.99314259
0.565	0.99309133
0.566	0.99303849
0.567	0.99298767
0.568	0.99293655
0.569	0.99288588
0.570	0.99283265
0.571	0.99277988
0.572	0.99272611
0.573	0.99267444
0.574	0.99262179
0.575	0.99256765
0.576	0.99251408
0.577	0.99245913
0.578	0.99240269
0.579	0.99234921
0.580	0.99229462
0.581	0.99223914
0.582	0.99218367
0.583	0.99212832
0.584	0.99206919
0.585	0.99201489
0.586	0.99195769
0.587	0.99190027
0.588	0.99184230
0.589	0.99178758
0.590	0.99172891
0.591	0.99167214
0.592	0.99161398
0.593	0.99155407
0.594	0.99149657
0.595	0.99143786
0.596	0.99137876
0.597	0.99131808
0.598	0.99125957
0.599	0.99119771
0.600	0.99113935
0.601	0.99107828
0.602	0.99101580
0.603	0.99095764
0.604	0.99089600
0.605	0.99083465
0.606	0.99076876
0.607	0.99070930
0.608	0.99064627
0.609	0.99058204
0.610	0.99051827
0.611	0.99045680
0.612	0.99039004
0.613	0.99032584
0.614	0.99026032
0.615	0.99019823
0.616	0.99012928
0.617	0.99006049
0.618	0.98999406
0.619	0.98992584
0.620	0.98985740
0.621	0.98979099
0.622	0.98972005
0.623	0.98965336
0.624	0.98958747
0.625	0.98951887
0.626	0.98945087
0.627	0.98938392
0.628	0.98931164
0.629	0.98924046
0.630	0.98917241
0.631	0.98910121
0.632	0.98902436
0.633	0.98895382
0.634	0.98887937
0.635	0.98880780
0.636	0.98873770
0.637	0.98866400
0.638	0.98859240
0.639	0.98852102
0.640	0.98845274
0.641	0.98838320
0.642	0.98831013
0.643	0.98823259
0.644	0.98815885
0.645	0.98808383
0.646	0.98800568
0.647	0.98793255
0.648	0.98785442
0.649	0.98778233
0.650	0.98770629
0.651	0.98763710
0.652	0.98755885
0.653	0.98747552
0.654	0.98739907
0.655	0.98732762
0.656	0.98725049
0.657	0.98717192
0.658	0.98708894
0.659	0.98700606
0.660	0.98692685
0.661	0.98684718
0.662	0.98676563
0.663	0.98668812
0.664	0.98660265
0.665	0.98651923
0.666	0.98644153
0.667	0.98636293
0.668	0.98628095
0.669	0.98619648
0.670	0.98611683
0.671	0.98603113
0.672	0.98594975
0.673	0.98586566
0.674	0.98577564
0.675	0.98569268
0.676	0.98560260
0.677	0.98551626
0.678	0.98543346
0.679	0.98534932
0.680	0.98525791
0.681	0.98517494
0.682	0.98509136
0.683	0.98500138
0.684	0.98491283
0.685	0.98482597
0.686	0.98473740
0.687	0.98465209
0.688	0.98455873
0.689	0.98446824
0.690	0.98438003
0.691	0.98428802
0.692	0.98418954
0.693	0.98409336
0.694	0.98400090
0.695	0.98390824
0.696	0.98382230
0.697	0.98372910
0.698	0.98363135
0.699	0.98353745
0.700	0.98344100
0.701	0.98334710
0.702	0.98325652
0.703	0.98315794
0.704	0.98305472
0.705	0.98296119
0.706	0.98287051
0.707	0.98276890
0.708	0.98267424
0.709	0.98258528
0.710	0.98249703
0.711	0.98240054
0.712	0.98230121
0.713	0.98220979
0.714	0.98210723
0.715	0.98199917
0.716	0.98190140
0.717	0.98180169
0.718	0.98171102
0.719	0.98160671
0.720	0.98150933
0.721	0.98139980
0.722	0.98128982
0.723	0.98118212
0.724	0.98107609
0.725	0.98096617
0.726	0.98085990
0.727	0.98075896
0.728	0.98066082
0.729	0.98055976
0.730	0.98045339
0.731	0.98034812
0.732	0.98023814
0.733	0.98012208
0.734	0.98001275
0.735	0.97990835
0.736	0.97980645
0.737	0.97969260
0.738	0.97959191
0.739	0.97948327
0.740	0.97937412
0.741	0.97927217
0.742	0.97916222
0.743	0.97904983
0.744	0.97893977
0.745	0.97883641
0.746	0.97872460
0.747	0.97860746
0.748	0.97849588
0.749	0.97839045
0.750	0.97827696
0.751	0.97816597
0.752	0.97805081
0.753	0.97793640
0.754	0.97781878
0.755	0.97771270
0.756	0.97760120
0.757	0.97748646
0.758	0.97737687
0.759	0.97726024
0.760	0.97714085
0.761	0.97702047
0.762	0.97690373
0.763	0.97679349
0.764	0.97667994
0.765	0.97657012
0.766	0.97644970
0.767	0.97632389
0.768	0.97620213
0.769	0.97608107
0.770	0.97596581
0.771	0.97586227
0.772	0.97574731
0.773	0.97562821
0.774	0.97549821
0.775	0.97537020
0.776	0.97524083
0.777	0.97511555
0.778	0.97498237
0.779	0.97485668
0.780	0.97472789
0.781	0.97461381
0.782	0.97450600
0.783	0.97437811
0.784	0.97425296
0.785	0.97412899
0.786	0.97400826
0.787	0.97388441
0.788	0.97375797
0.789	0.97363773
0.790	0.97350111
0.791	0.97336909
0.792	0.97323283
0.793	0.97310465
0.794	0.97298698
0.795	0.97285526
0.796	0.97272202
0.797	0.97258608
0.798	0.97245579
0.799	0.97231664
0.800	0.97218860
0.801	0.97206271
0.802	0.97194205
0.803	0.97180711
0.804	0.97166798
0.805	0.97153837
0.806	0.97141911
0.807	0.97130427
0.808	0.97116737
0.809	0.97103365
0.810	0.97088601
0.811	0.97074507
0.812	0.97061675
0.813	0.97046432
0.814	0.97032072
0.815	0.97020226
0.816	0.97006352
0.817	0.96992781
0.818	0.96978924
0.819	0.96966549
0.820	0.96951768
0.821	0.96938322
0.822	0.96923395
0.823	0.96909669
0.824	0.96895862
0.825	0.96879478
0.826	0.96865521
0.827	0.96851341
0.828	0.96837664
0.829	0.96824250
0.830	0.96812497
0.831	0.96799128
0.832	0.96785194
0.833	0.96770721
0.834	0.96754633
0.835	0.96739858
0.836	0.96725361
0.837	0.96711012
0.838	0.96697274
0.839	0.96683480
0.840	0.96668542
0.841	0.96656803
0.842	0.96641693
0.843	0.96627431
0.844	0.96612799
0.845	0.96598764
0.846	0.96584806
0.847	0.96570851
0.848	0.96555468
0.849	0.96540649
0.850	0.96528367
0.851	0.96514159
0.852	0.96498090
0.853	0.96484909
0.854	0.96470327
0.855	0.96452642
0.856	0.96437468
0.857	0.96423295
0.858	0.96409402
0.859	0.96395068
0.860	0.96378906
0.861	0.96365226
0.862	0.96348400
0.863	0.96330940
0.864	0.96316609
0.865	0.96300236
0.866	0.96285749
0.867	0.96271024
0.868	0.96256722
0.869	0.96239981
0.870	0.96225135
0.871	0.96211017
0.872	0.96196599
0.873	0.96181083
0.874	0.96163871
0.875	0.96148902
0.876	0.96134182
0.877	0.96118532
0.878	0.96102479
0.879	0.96086702
0.880	0.96069948
0.881	0.96055754
0.882	0.96038900
0.883	0.96020053
0.884	0.96004555
0.885	0.95989889
0.886	0.95973614
0.887	0.95956641
0.888	0.95940640
0.889	0.95923472
0.890	0.95908223
0.891	0.95893812
0.892	0.95875342
0.893	0.95858263
0.894	0.95840979
0.895	0.95822721
0.896	0.95803812
0.897	0.95788099
0.898	0.95767372
0.899	0.95752399
0.900	0.95736049
0.901	0.95718406
0.902	0.95702637
0.903	0.95688415
0.904	0.95671062
0.905	0.95655379
0.906	0.95636963
0.907	0.95619694
0.908	0.95601990
0.909	0.95582646
0.910	0.95561994
0.911	0.95545837
0.912	0.95526678
0.913	0.95508735
0.914	0.95492300
0.915	0.95471565
0.916	0.95454991
0.917	0.95436667
0.918	0.95418441
0.919	0.95400966
0.920	0.95383156
0.921	0.95366287
0.922	0.95348424
0.923	0.95330701
0.924	0.95313703
0.925	0.95296593
0.926	0.95279877
0.927	0.95263043
0.928	0.95244499
0.929	0.95230623
0.930	0.95213911
0.931	0.95196623
0.932	0.95180052
0.933	0.95163687
0.934	0.95143808
0.935	0.95124679
0.936	0.95104552
0.937	0.95083599
0.938	0.95064244
0.939	0.95042693
0.940	0.95024547
0.941	0.95006982
0.942	0.94987610
0.943	0.94967869
0.944	0.94950070
0.945	0.94935113
0.946	0.94921241
0.947	0.94901233
0.948	0.94886200
0.949	0.94867495
0.950	0.94847505
0.951	0.94827927
0.952	0.94808411
0.953	0.94789827
0.954	0.94774523
0.955	0.94752644
0.956	0.94736396
0.957	0.94716628
0.958	0.94699133
0.959	0.94678315
0.960	0.94658301
0.961	0.94638807
0.962	0.94624400
0.963	0.94607198
0.964	0.94587155
0.965	0.94563804
0.966	0.94546406
0.967	0.94526045
0.968	0.94505931
0.969	0.94485707
0.970	0.94467944
0.971	0.94449338
0.972	0.94431368
0.973	0.94410045
0.974	0.94388064
0.975	0.94366357
0.976	0.94345901
0.977	0.94325168
0.978	0.94304588
0.979	0.94287487
0.980	0.94263994
0.981	0.94247345
0.982	0.94224228
0.983	0.94202651
0.984	0.94182730
0.985	0.94164683
0.986	0.94146712
0.987	0.94123260
0.988	0.94109237
0.989	0.94087687
0.990	0.94069792
0.991	0.94050234
0.992	0.94032829
0.993	0.94014140
0.994	0.93991586
0.995	0.93970344
0.996	0.93948875
0.997	0.93927515
0.998	0.93911245
0.999	0.93893681
1.000	0.93877771
1.001	0.93860753
1.002	0.93837007
1.003	0.93814376
1.004	0.93795172
1.005	0.93778971
1.006	0.93760551
1.007	0.93740406
1.008	0.93715443
1.009	0.93694196
1.010	0.93677728
1.011	0.93655668
1.012	0.93635088
1.013	0.93611237
1.014	0.93598290
1.015	0.93578057
1.016	0.93556763
1.017	0.93540145
1.018	0.93520414
1.019	0.93496980
1.020	0.93483446
1.021	0.93463424
1.022	0.93442822
1.023	0.93418781
1.024	0.93397492
1.025	0.93379801
1.026	0.93356536
1.027	0.93335078
1.028	0.93317626
1.029	0.93300016
1.030	0.93274288
1.031	0.93254853
1.032	0.93234301
1.033	0.93212920
1.034	0.93187147
1.035	0.93160752
1.036	0.93139299
1.037	0.93118316
1.038	0.93096526
1.039	0.93078982
1.040	0.93066702
1.041	0.93047152
1.042	0.93023178
1.043	0.93002124
1.044	0.92973222
1.045	0.92952797
1.046	0.92927514
1.047	0.92905726
1.048	0.92880048
1.049	0.92858370
1.050	0.92836490
1.051	0.92812688
1.052	0.92783972
1.053	0.92762300
1.054	0.92740132
1.055	0.92713934
1.056	0.92695444
1.057	0.92671118
1.058	0.92647230
1.059	0.92623778
1.060	0.92599343
1.061	0.92584101
1.062	0.92556485
1.063	0.92534606
1.064	0.92515948
1.065	0.92488138
1.066	0.92464553
1.067	0.92439197
1.068	0.92417006
1.069	0.92392741
1.070	0.92373213
1.071	0.92347133
1.072	0.92328031
1.073	0.92309402
1.074	0.92286627
1.075	0.92264844
1.076	0.92241122
1.077	0.92217891
1.078	0.92196931
1.079	0.92166684
1.080	0.92146765
1.081	0.92130474
1.082	0.92110642
1.083	0.92086214
1.084	0.92054688
1.085	0.92036037
1.086	0.92008741
1.087	0.91991098
1.088	0.91963510
1.089	0.91938554
1.090	0.91914001
1.091	0.91889648
1.092	0.91871239
1.093	0.91845408
1.094	0.91820800
1.095	0.91797258
1.096	0.91778290
1.097	0.91752486
1.098	0.91722601
1.099	0.91694994
1.100	0.91667969
1.101	0.91646340
1.102	0.91627952
1.103	0.91600354
1.104	0.91573221
1.105	0.91543540
1.106	0.91521449
1.107	0.91491651
1.108	0.91468289
1.109	0.91440255
1.110	0.91415329
1.111	0.91394255
1.112	0.91368469
1.113	0.91349073
1.114	0.91323877
1.115	0.91300524
1.116	0.91273745
1.117	0.91241593
1.118	0.91213529
1.119	0.91182004
1.120	0.91157372
1.121	0.91141917
1.122	0.91128140
1.123	0.91109856
1.124	0.91083862
1.125	0.91058862
1.126	0.91035334
1.127	0.91009789
1.128	0.90979603
1.129	0.90956529
1.130	0.90934199
1.131	0.90912835
1.132	0.90888044
1.133	0.90865423
1.134	0.90835106
1.135	0.90821121
1.136	0.90790274
1.137	0.90767917
1.138	0.90740374
1.139	0.90721353
1.140	0.90692740
1.141	0.90662964
1.142	0.90636373
1.143	0.90618598
1.144	0.90595152
1.145	0.90569257
1.146	0.90544142
1.147	0.90517249
1.148	0.90495374
1.149	0.90471854
1.150	0.90442952
1.151	0.90419062
1.152	0.90391052
1.153	0.90368834
1.154	0.90343931
1.155	0.90320637
1.156	0.90300358
1.157	0.90280100
1.158	0.90252615
1.159	0.90217652
1.160	0.90179944
1.161	0.90157727
1.162	0.90132164
1.163	0.90102100
1.164	0.90068977
1.165	0.90039789
1.166	0.90016590
1.167	0.89996171
1.168	0.89977190
1.169	0.89960228
1.170	0.89929068
1.171	0.89898421
1.172	0.89877639
1.173	0.89860540
1.174	0.89830440
1.175	0.89808542
1.176	0.89781403
1.177	0.89759508
1.178	0.89731403
1.179	0.89712317
1.180	0.89681602
1.181	0.89650610
1.182	0.89636262
1.183	0.89617704
1.184	0.89589593
1.185	0.89561966
1.186	0.89534488
1.187	0.89510566
1.188	0.89497541
1.189	0.89469914
1.190	0.89439929
1.191	0.89412536
1.192	0.89391686
1.193	0.89365425
1.194	0.89335070
1.195	0.89299001
1.196	0.89284440
1.197	0.89249552
1.198	0.89214310
1.199	0.89190316
1.200	0.89161294
1.201	0.89132464
1.202	0.89109417
1.203	0.89088830
1.204	0.89059506
1.205	0.89035673
1.206	0.89009135
1.207	0.88979536
1.208	0.88948690
1.209	0.88922175
1.210	0.88890124
1.211	0.88852262
1.212	0.88828803
1.213	0.88806949
1.214	0.88782447
1.215	0.88758809
1.216	0.88735542
1.217	0.88708253
1.218	0.88690023
1.219	0.88664543
1.220	0.88632110
1.221	0.88599883
1.222	0.88559267
1.223	0.88522265
1.224	0.88497840
1.225	0.88473652
1.226	0.88443110
1.227	0.88415016
1.228	0.88387479
1.229	0.88357277
1.230	0.88327374
1.231	0.88304280
1.232	0.88268222
1.233	0.88250784
1.234	0.88223029
1.235	0.88197201
1.236	0.88162294
1.237	0.88137834
1.238	0.88115297
1.239	0.88094339
1.240	0.88062408
1.241	0.88041137
1.242	0.88009196
1.243	0.87982996
1.244	0.87954023
1.245	0.87914572
1.246	0.87874346
1.247	0.87852492
1.248	0.87815238
1.249	0.87780526
1.250	0.87729277
1.251	0.87713294
1.252	0.87673952
1.253	0.87641831
1.254	0.87627124
1.255	0.87601887
1.256	0.87578197
1.257	0.87555015
1.258	0.87524290
1.259	0.87501286
1.260	0.87462483
1.261	0.87435154
1.262	0.87408115
1.263	0.87388254
1.264	0.87354228
1.265	0.87332752
1.266	0.87306121
1.267	0.87281504
1.268	0.87260782
1.269	0.87227484
1.270	0.87205483
1.271	0.87181579
1.272	0.87143017
1.273	0.87124104
1.274	0.87092047
1.275	0.87070858
1.276	0.87045875
1.277	0.87003468
1.278	0.86979834
1.279	0.86937730
1.280	0.86901499
1.281	0.86880786
1.282	0.86856571
1.283	0.86831077
1.284	0.86796648
1.285	0.86760498
1.286	0.86734892
1.287	0.86697236
1.288	0.86657853
1.289	0.86626255
1.290	0.86590863
1.291	0.86554737
1.292	0.86526074
1.293	0.86503527
1.294	0.86472567
1.295	0.86442221
1.296	0.86415627
1.297	0.86384650
1.298	0.86351304
1.299	0.86322740
1.300	0.86301549
1.301	0.86267106
1.302	0.86231141
1.303	0.86201883
1.304	0.86166113
1.305	0.86140141
1.306	0.86106267
1.307	0.86079922
1.308	0.86046751
1.309	0.86031726
1.310	0.86004494
1.311	0.85968850
1.312	0.85961364
1.313	0.85924896
1.314	0.85901501
1.315	0.85861534
1.316	0.85836690
1.317	0.85821168
1.318	0.85793128
1.319	0.85768865
1.320	0.85741439
1.321	0.85709363
1.322	0.85664409
1.323	0.85627433
1.324	0.85587551
1.325	0.85567624
1.326	0.85547634
1.327	0.85522423
1.328	0.85502437
1.329	0.85471370
1.330	0.85452878
1.331	0.85442310
1.332	0.85415311
1.333	0.85386661
1.334	0.85354362
1.335	0.85325891
1.336	0.85303834
1.337	0.85265838
1.338	0.85247558
1.339	0.85219853
1.340	0.85178091
1.341	0.85161127
1.342	0.85139032
1.343	0.85121277
1.344	0.85094825
1.345	0.85060758
1.346	0.85038471
1.347	0.85015856
1.348	0.84969114
1.349	0.84941954
1.350	0.84914696
1.351	0.84889483
1.352	0.84855635
1.353	0.84836106
1.354	0.84815706
1.355	0.84780978
1.356	0.84753002
1.357	0.84716156
1.358	0.84701462
1.359	0.84664772
1.360	0.84647526
1.361	0.84632386
1.362	0.84605229
1.363	0.84567507
1.364	0.84529277
1.365	0.84486234
1.366	0.84454064
1.367	0.84411782
1.368	0.84389133
1.369	0.84358644
1.370	0.84337254
1.371	0.84317700
1.372	0.84297651
1.373	0.84247260
1.374	0.84213148
1.375	0.84175511
1.376	0.84153024
1.377	0.84107987
1.378	0.84076842
1.379	0.84049504
1.380	0.84012611
1.381	0.83978597
1.382	0.83947754
1.383	0.83916154
1.384	0.83891378
1.385	0.83860576
1.386	0.83815344
1.387	0.83788359
1.388	0.83747501
1.389	0.83714240
1.390	0.83680260
1.391	0.83651412
1.392	0.83625290
1.393	0.83585754
1.394	0.83543476
1.395	0.83507929
1.396	0.83487070
1.397	0.83463754
1.398	0.83438672
1.399	0.83432669
1.400	0.83398921
1.401	0.83355700
1.402	0.83324192
1.403	0.83314415
1.404	0.83249006
1.405	0.83219488
1.406	0.83196333
1.407	0.83160594
1.408	0.83126140
1.409	0.83105871
1.410	0.83066080
1.411	0.83020972
1.412	0.82987848
1.413	0.82964220
1.414	0.82941426
1.415	0.82894108
1.416	0.82877318
1.417	0.82859043
1.418	0.82839005
1.419	0.82808477
1.420	0.82767994
1.421	0.82731383
1.422	0.82712731
1.423	0.82691910
1.424	0.82676282
1.425	0.82636377
1.426	0.82616780
1.427	0.82587229
1.428	0.82539692
1.429	0.82516987
1.430	0.82497293
1.431	0.82464790
1.432	0.82431092
1.433	0.82397237
1.434	0.82378650
1.435	0.82333900
1.436	0.82299252
1.437	0.82250324
1.438	0.82216511
1.439	0.82198347
1.440	0.82153571
1.441	0.82120169
1.442	0.82072930
1.443	0.82049892
1.444	0.82039127
1.445	0.81995352
1.446	0.81955227
1.447	0.81924382
1.448	0.81878349
1.449	0.81849918
1.450	0.81833106
1.451	0.81779696
1.452	0.81756120
1.453	0.81732382
1.454	0.81708624
1.455	0.81683890
1.456	0.81651794
1.457	0.81630886
1.458	0.81620242
1.459	0.81586046
1.460	0.81565927
1.461	0.81526735
1.462	0.81490074
1.463	0.81459552
1.464	0.81437024
1.465	0.81405326
1.466	0.81381954
1.467	0.81341419
1.468	0.81323520
1.469	0.81284053
1.470	0.81260862
1.471	0.81226887
1.472	0.81204271
1.473	0.81165027
1.474	0.81134410
1.475	0.81094807
1.476	0.81055715
1.477	0.81029511
1.478	0.81003216
1.479	0.80967356
1.480	0.80924307
1.481	0.80885334
1.482	0.80847807
1.483	0.80829696
1.484	0.80796383
1.485	0.80761891
1.486	0.80731501
1.487	0.80725885
1.488	0.80681385
1.489	0.80639182
1.490	0.80591619
1.491	0.80561371
1.492	0.80538911
1.493	0.80497729
1.494	0.80454213
1.495	0.80414822
1.496	0.80404423
1.497	0.80371714
1.498	0.80339685
1.499	0.80325125
1.500	0.80275871
1.501	0.80261511
1.502	0.80238699
1.503	0.80206800
1.504	0.80150640
1.505	0.80124181
1.506	0.80072479
1.507	0.80025373
1.508	0.79979201
1.509	0.79946555
1.510	0.79931608
1.511	0.79895406
1.512	0.79856816
1.513	0.79812117
1.514	0.79771754
1.515	0.79744911
1.516	0.79703352
1.517	0.79667709
1.518	0.79647037
1.519	0.79596321
1.520	0.79558619
1.521	0.79528283
1.522	0.79528562
1.523	0.79496033
1.524	0.79456000
1.525	0.79420876
1.526	0.79389621
1.527	0.79354962
1.528	0.79324266
1.529	0.79275143
1.530	0.79251429
1.531	0.79220695
1.532	0.79202125
1.533	0.79164799
1.534	0.79170253
1.535	0.79113814
1.536	0.79061164
1.537	0.79043364
1.538	0.79012433
1.539	0.78975757
1.540	0.78931400
1.541	0.78894782
1.542	0.78878435
1.543	0.78861677
1.544	0.78830765
1.545	0.78802561
1.546	0.78771995
1.547	0.78730832
1.548	0.78675701
1.549	0.78638503
1.550	0.78615170
1.551	0.78612184
1.552	0.78605215
1.553	0.78603932
1.554	0.78566112
1.555	0.78542272
1.556	0.78509890
1.557	0.78439169
1.558	0.78389389
1.559	0.78346622
1.560	0.78316583
1.561	0.78292466
1.562	0.78237997
1.563	0.78209129
1.564	0.78155042
1.565	0.78128901
1.566	0.78103815
1.567	0.78073303
1.568	0.78046123
1.569	0.78017313
1.570	0.78005106
1.571	0.77972277
1.572	0.77936931
1.573	0.77921550
1.574	0.77902568
1.575	0.77884361
1.576	0.77867906
1.577	0.77850287
1.578	0.77835960
1.579	0.77836588
1.580	0.77802652
1.581	0.77761312
1.582	0.77706566
1.583	0.77690927
1.584	0.77667670
1.585	0.77667695
1.586	0.77651518
1.587	0.77641591
1.588	0.77625423
1.589	0.77598100
1.590	0.77603547
1.591	0.77585754
1.592	0.77567271
1.593	0.77539759
1.594	0.77512775
1.595	0.77463910
1.596	0.77413031
1.597	0.77374327
1.598	0.77381532
1.599	0.77357128
1.600	0.77328013
1.601	0.77312492
1.602	0.77297270
1.603	0.77267175
1.604	0.77219289
1.605	0.77219575
1.606	0.77187211
1.607	0.77127230
1.608	0.77124914
1.609	0.77091350
1.610	0.77053944
1.611	0.77003654
1.612	0.76964033
1.613	0.76927962
1.614	0.76903018
1.615	0.76866428
1.616	0.76861769
1.617	0.76806742
1.618	0.76752073
1.619	0.76744144
1.620	0.76723767
1.621	0.76704271
1.622	0.76632901
1.623	0.76583675
1.624	0.76545742
1.625	0.76526372
1.626	0.76491938
1.627	0.76483889
1.628	0.76466624
1.629	0.76411872
1.630	0.76389967
1.631	0.76348691
1.632	0.76327339
1.633	0.76291220
1.634	0.76247238
1.635	0.76191972
1.636	0.76144751
1.637	0.76117918
1.638	0.76082941
1.639	0.76079360
1.640	0.76023102
1.641	0.75983630
1.642	0.75947938
1.643	0.75922453
1.644	0.75881143
1.645	0.75839561
1.646	0.75802518
1.647	0.75773223
1.648	0.75752194
1.649	0.75706454
1.650	0.75676453
1.651	0.75667875
1.652	0.75609332
1.653	0.75581419
1.654	0.75562677
1.655	0.75553592
1.656	0.75538448
1.657	0.75511441
1.658	0.75510064
1.659	0.75492580
1.660	0.75478117
1.661	0.75483268
1.662	0.75430324
1.663	0.75407139
1.664	0.75337678
1.665	0.75266914
1.666	0.75211908
1.667	0.75200670
1.668	0.75171230
1.669	0.75122717
1.670	0.75096257
1.671	0.75032677
1.672	0.75041365
1.673	0.75009066
1.674	0.74996637
1.675	0.75032222
1.676	0.74988257
1.677	0.74951428
1.678	0.74924898
1.679	0.74908824
1.680	0.74839244
1.681	0.74794453
1.682	0.74759271
1.683	0.74708497
1.684	0.74658427
1.685	0.74623543
1.686	0.74568748
1.687	0.74560314
1.688	0.74516796
1.689	0.74517668
1.690	0.74481687
1.691	0.74485989
1.692	0.74444538
1.693	0.74363016
1.694	0.74349636
1.695	0.74337867
1.696	0.74315531
1.697	0.74303341
1.698	0.74274385
1.699	0.74251636
1.700	0.74170074
1.701	0.74135436
1.702	0.74121175
1.703	0.74083859
1.704	0.74031341
1.705	0.74022516
1.706	0.74000982
1.707	0.73977745
1.708	0.73949401
1.709	0.73896097
1.710	0.73865907
1.711	0.73859788
1.712	0.73822033
1.713	0.73777264
1.714	0.73785060
1.715	0.73781563
1.716	0.73750639
1.717	0.73688917
1.718	0.73644406
1.719	0.73609118
1.720	0.73601067
1.721	0.73601819
1.722	0.73565897
1.723	0.73565858
1.724	0.73566359
1.725	0.73519216
1.726	0.73483328
1.727	0.73491167
1.728	0.73455972
1.729	0.73460072
1.730	0.73405123
1.731	0.73352425
1.732	0.73326943
1.733	0.73298304
1.734	0.73287132
1.735	0.73245465
1.736	0.73186222
1.737	0.73157833
1.738	0.73113509
1.739	0.73074731
1.740	0.73078497
1.741	0.73055379
1.742	0.73020159
1.743	0.73013424
1.744	0.72982734
1.745	0.72960682
1.746	0.72904560
1.747	0.72846290
1.748	0.72855006
1.749	0.72829504
1.750	0.72818533
1.751	0.72819552
1.752	0.72805359
1.753	0.72769594
1.754	0.72724284
1.755	0.72673209
1.756	0.72632785
1.757	0.72624699
1.758	0.72646862
1.759	0.72631205
1.760	0.72567284
1.761	0.72535070
1.762	0.72547984
1.763	0.72508487
1.764	0.72443246
1.765	0.72447151
1.766	0.72434827
1.767	0.72428659
1.768	0.72411430
1.769	0.72391526
1.770	0.72361368
1.771	0.72330566
1.772	0.72293424
1.773	0.72270400
1.774	0.72232771
1.775	0.72211614
1.776	0.72167044
1.777	0.72170571
1.778	0.72157474
1.779	0.72126625
1.780	0.72087635
1.781	0.72034414
1.782	0.72020082
1.783	0.71986949
1.784	0.71944445
1.785	0.71910745
1.786	0.71913128
1.787	0.71898271
1.788	0.71871450
1.789	0.71856804
1.790	0.71870534
1.791	0.71875736
1.792	0.71859721
1.793	0.71784429
1.794	0.71767860
1.795	0.71743153
1.796	0.71726269
1.797	0.71735291
1.798	0.71685748
1.799	0.71710167
1.800	0.71700780
1.801	0.71640599
1.802	0.71598922
1.803	0.71612256
1.804	0.71587274
1.805	0.71572877
1.806	0.71529429
1.807	0.71447434
1.808	0.71356442
1.809	0.71306708
1.810	0.71308777
1.811	0.71289638
1.812	0.71260280
1.813	0.71234693
1.814	0.71251387
1.815	0.71229989
1.816	0.71246897
1.817	0.71210989
1.818	0.71200715
1.819	0.71197178
1.820	0.71131430
1.821	0.71117242
1.822	0.71071019
1.823	0.71016493
1.824	0.70958090
1.825	0.70904531
1.826	0.70874441
1.827	0.70836353
1.828	0.70804999
1.829	0.70750921
1.830	0.70714816
1.831	0.70701970
1.832	0.70677290
1.833	0.70626588
1.834	0.70639992
1.835	0.70644467
1.836	0.70590582
1.837	0.70581093
1.838	0.70554985
1.839	0.70490864
1.840	0.70458921
1.841	0.70430488
1.842	0.70391611
1.843	0.70394543
1.844	0.70356076
1.845	0.70359536
1.846	0.70343327
1.847	0.70322389
1.848	0.70323059
1.849	0.70310893
1.850	0.70244734
1.851	0.70182034
1.852	0.70168423
1.853	0.70143723
1.854	0.70060636
1.855	0.70008478
1.856	0.69966403
1.857	0.69998390
1.858	0.69967837
1.859	0.69955417
1.860	0.69920943
1.861	0.69876548
1.862	0.69872333
1.863	0.69840139
1.864	0.69791872
1.865	0.69752371
1.866	0.69682891
1.867	0.69685709
1.868	0.69676339
1.869	0.69633994
1.870	0.69615695
1.871	0.69600114
1.872	0.69585362
1.873	0.69581555
1.874	0.69570255
1.875	0.69524235
1.876	0.69498768
1.877	0.69515144
1.878	0.69502723
1.879	0.69449078
1.880	0.69456709
1.881	0.69410184
1.882	0.69378310
1.883	0.69334760
1.884	0.69298661
1.885	0.69239737
1.886	0.69212645
1.887	0.69208433
1.888	0.69180268
1.889	0.69194455
1.890	0.69204909
1.891	0.69161652
1.892	0.69134016
1.893	0.69132385
1.894	0.69105720
1.895	0.69079113
1.896	0.69074657
1.897	0.69054042
1.898	0.69003632
1.899	0.68972492
1.900	0.68913653
1.901	0.68875580
1.902	0.68816012
1.903	0.68798308
1.904	0.68781643
1.905	0.68713756
1.906	0.68675340
1.907	0.68681036
1.908	0.68656189
1.909	0.68597174
1.910	0.68558147
1.911	0.68559488
1.912	0.68563454
1.913	0.68516057
1.914	0.68470797
1.915	0.68472927
1.916	0.68504723
1.917	0.68518964
1.918	0.68527406
1.919	0.68558023
1.920	0.68552644
1.921	0.68521814
1.922	0.68463944
1.923	0.68417513
1.924	0.68350781
1.925	0.68310791
1.926	0.68260372
1.927	0.68261332
1.928	0.68295829
1.929	0.68272324
1.930	0.68262485
1.931	0.68227679
1.932	0.68189684
1.933	0.68162718
1.934	0.68162617
1.935	0.68180168
1.936	0.68161440
1.937	0.68164067
1.938	0.68106837
1.939	0.68086939
1.940	0.68048295
1.941	0.68031443
1.942	0.67977346
1.943	0.67966012
1.944	0.67936262
1.945	0.67961717
1.946	0.68005556
1.947	0.67968989
1.948	0.67987616
1.949	0.67986433
1.950	0.67965333
1.951	0.67969126
1.952	0.67899111
1.953	0.67899395
1.954	0.67853933
1.955	0.67896864
1.956	0.67891858
1.957	0.67866745
1.958	0.67792216
1.959	0.67712706
1.960	0.67745569
1.961	0.67740284
1.962	0.67703278
1.963	0.67645215
1.964	0.67677584
1.965	0.67678537
1.966	0.67712605
1.967	0.67672593
1.968	0.67689404
1.969	0.67622152
1.970	0.67612736
1.971	0.67590971
1.972	0.67572530
1.973	0.67587114
1.974	0.67573161
1.975	0.67530026
1.976	0.67499632
1.977	0.67426742
1.978	0.67391721
1.979	0.67419980
1.980	0.67378810
1.981	0.67369363
1.982	0.67354076
1.983	0.67316810
1.984	0.67298515
1.985	0.67275168
1.986	0.67284481
1.987	0.67233969
1.988	0.67214628
1.989	0.67243151
1.990	0.67257476
1.991	0.67217399
1.992	0.67197973
1.993	0.67194960
1.994	0.67153443
1.995	0.67172313
1.996	0.67134994
1.997	0.67123044
1.998	0.67099221
1.999	0.67096634
2.000	0.67113561
2.001	0.67109173
2.002	0.67167154
2.003	0.67151425
2.004	0.67086666
2.005	0.67050242
2.006	0.67011937
2.007	0.66967699
2.008	0.66928927
2.009	0.66885360
2.010	0.66797880
2.011	0.66775447
2.012	0.66702826
2.013	0.66646844
2.014	0.66605439
2.015	0.66607015
2.016	0.66594823
2.017	0.66570508
2.018	0.66505432
2.019	0.66479508
2.020	0.66415461
2.021	0.66434733
2.022	0.66429622
2.023	0.66417682
2.024	0.66332382
2.025	0.66328291
2.026	0.66309208
2.027	0.66331440
2.028	0.66356651
2.029	0.66322825
2.030	0.66345046
2.031	0.66312794
2.032	0.66274706
2.033	0.66261268
2.034	0.66271045
2.035	0.66249938
2.036	0.66226855
2.037	0.66191355
2.038	0.66145408
2.039	0.66110911
2.040	0.66069385
2.041	0.65964571
2.042	0.65922725
2.043	0.65965329
2.044	0.66005055
2.045	0.65976211
2.046	0.65946369
2.047	0.65868047
2.048	0.65795302
2.049	0.65769982
2.050	0.65786866
2.051	0.65733886
2.052	0.65679720
2.053	0.65620033
2.054	0.65564747
2.055	0.65589407
2.056	0.65597367
2.057	0.65611247
2.058	0.65618650
2.059	0.65631426
2.060	0.65617239
2.061	0.65638403
2.062	0.65642592
2.063	0.65564572
2.064	0.65519744
2.065	0.65492462
2.066	0.65373968
2.067	0.65378695
2.068	0.65367439
2.069	0.65373731
2.070	0.65349058
2.071	0.65339020
2.072	0.65333809
2.073	0.65309806
2.074	0.65313925
2.075	0.65354362
2.076	0.65385748
2.077	0.65347531
2.078	0.65360933
2.079	0.65299946
2.080	0.65280865
2.081	0.65281900
2.082	0.65280849
2.083	0.65311097
2.084	0.65338830
2.085	0.65334671
2.086	0.65300814
2.087	0.65278222
2.088	0.65221934
2.089	0.65200328
2.090	0.65205267
2.091	0.65180223
2.092	0.65174378
2.093	0.65165723
2.094	0.65132635
2.095	0.65109677
2.096	0.65040701
2.097	0.64963315
2.098	0.64920100
2.099	0.64913093
2.100	0.64965723
2.101	0.64956688
2.102	0.64972778
2.103	0.64937630
2.104	0.64949104
2.105	0.64927300
2.106	0.64914785
2.107	0.64886549
2.108	0.64885340
2.109	0.64835286
2.110	0.64784908
2.111	0.64810305
2.112	0.64798236
2.113	0.64847243
2.114	0.64806898
2.115	0.64782016
2.116	0.64837558
2.117	0.64803561
2.118	0.64742845
2.119	0.64715156
2.120	0.64767192
2.121	0.64778105
2.122	0.64805901
2.123	0.64729324
2.124	0.64741594
2.125	0.64745795
2.126	0.64713924
2.127	0.64737895
2.128	0.64740648
2.129	0.64695248
2.130	0.64712946
2.131	0.64686604
2.132	0.64693301
2.133	0.64653812
2.134	0.64676565
2.135	0.64609001
2.136	0.64589954
2.137	0.64553244
2.138	0.64512931
2.139	0.64466629
2.140	0.64407280
2.141	0.64388938
2.142	0.64385159
2.143	0.64398069
2.144	0.64429384
2.145	0.64423837
2.146	0.64439419
2.147	0.64417573
2.148	0.64373114
2.149	0.64383269
2.150	0.64413832
2.151	0.64372768
2.152	0.64373868
2.153	0.64346745
2.154	0.64367597
2.155	0.64339928
2.156	0.64314937
2.157	0.64289179
2.158	0.64288325
2.159	0.64275133
2.160	0.64274766
2.161	0.64303851
2.162	0.64253428
2.163	0.64292106
2.164	0.64247046
2.165	0.64224358
2.166	0.64197267
2.167	0.64211387
2.168	0.64249855
2.169	0.64178158
2.170	0.64178929
2.171	0.64128986
2.172	0.64123822
2.173	0.64164600
2.174	0.64116494
2.175	0.64152787
2.176	0.64093233
2.177	0.64069984
2.178	0.64003561
2.179	0.63977887
2.180	0.64014905
2.181	0.64006466
2.182	0.64018624
2.183	0.63960056
2.184	0.64014528
2.185	0.64033284
2.186	0.64046321
2.187	0.64053165
2.188	0.64045368
2.189	0.63999475
2.190	0.64006643
2.191	0.63960257
2.192	0.64002668
2.193	0.64045374
2.194	0.64106646
2.195	0.64115528
2.196	0.64092684
2.197	0.64066258
2.198	0.64059977
2.199	0.64032357
2.200	0.64019985
2.201	0.64000305
2.202	0.63940276
2.203	0.63980716
2.204	0.63973553
2.205	0.63915240
2.206	0.63953352
2.207	0.63936580
2.208	0.63849321
2.209	0.63770908
2.210	0.63719736
2.211	0.63700465
2.212	0.63719250
2.213	0.63723352
2.214	0.63700681
2.215	0.63649216
2.216	0.63632153
2.217	0.63588056
2.218	0.63624155
2.219	0.63613463
2.220	0.63578286
2.221	0.63583932
2.222	0.63602013
2.223	0.63548153
2.224	0.63588274
2.225	0.63613751
2.226	0.63641144
2.227	0.63589316
2.228	0.63515090
2.229	0.63521824
2.230	0.63521104
2.231	0.63510242
2.232	0.63569629
2.233	0.63582772
2.234	0.63594949
2.235	0.63592810
2.236	0.63583109
2.237	0.63568642
2.238	0.63588631
2.239	0.63576417
2.240	0.63560749
2.241	0.63615231
2.242	0.63601987
2.243	0.63669257
2.244	0.63661730
2.245	0.63606707
2.246	0.63591403
2.247	0.63668708
2.248	0.63590041
2.249	0.63582838
2.250	0.63622057
2.251	0.63606483
2.252	0.63606457
2.253	0.63525867
2.254	0.63522631
2.255	0.63436401
2.256	0.63452703
2.257	0.63493987
2.258	0.63446167
2.259	0.63411900
2.260	0.63480770
2.261	0.63540332
2.262	0.63516608
2.263	0.63544138
2.264	0.63519454
2.265	0.63518124
2.266	0.63536980
2.267	0.63527481
2.268	0.63482449
2.269	0.63505585
2.270	0.63518720
2.271	0.63505372
2.272	0.63553525
2.273	0.63543752
2.274	0.63572315
2.275	0.63566530
2.276	0.63585462
2.277	0.63622293
2.278	0.63592557
2.279	0.63585055
2.280	0.63569891
2.281	0.63565521
2.282	0.63536919
2.283	0.63574635
2.284	0.63561911
2.285	0.63578329
2.286	0.63572593
2.287	0.63501898
2.288	0.63500802
2.289	0.63465727
2.290	0.63422306
2.291	0.63390883
2.292	0.63378075
2.293	0.63400733
2.294	0.63401409
2.295	0.63381486
2.296	0.63348083
2.297	0.63324901
2.298	0.63254304
2.299	0.63221647
2.300	0.63203566
2.301	0.63148750
2.302	0.63103555
2.303	0.63036298
2.304	0.63064892
2.305	0.63066599
2.306	0.62987051
2.307	0.62983059
2.308	0.62979304
2.309	0.62938618
2.310	0.62947451
2.311	0.62975529
2.312	0.62916336
2.313	0.62840812
2.314	0.62810562
2.315	0.62826805
2.316	0.62816110
2.317	0.62840726
2.318	0.62720581
2.319	0.62687514
2.320	0.62713961
2.321	0.62761837
2.322	0.62731007
2.323	0.62658236
2.324	0.62699299
2.325	0.62687149
2.326	0.62648042
2.327	0.62613147
2.328	0.62599072
2.329	0.62547426
2.330	0.62512924
2.331	0.62475939
2.332	0.62448416
2.333	0.62391666
2.334	0.62377783
2.335	0.62381306
2.336	0.62362781
2.337	0.62404356
2.338	0.62440837
2.339	0.62442032
2.340	0.62412868
2.341	0.62390958
2.342	0.62341804
2.343	0.62347928
2.344	0.62302187
2.345	0.62361596
2.346	0.62279514
2.347	0.62231116
2.348	0.62239758
2.349	0.62253951
2.350	0.62280888
2.351	0.62290410
2.352	0.62233272
2.353	0.62271278
2.354	0.62185606
2.355	0.62096281
2.356	0.62044579
2.357	0.62020069
2.358	0.62046845
2.359	0.62077599
2.360	0.62091356
2.361	0.62124975
2.362	0.62156599
2.363	0.62130924
2.364	0.62140710
2.365	0.62128257
2.366	0.62088737
2.367	0.62125842
2.368	0.62108148
2.369	0.62169850
2.370	0.62149696
2.371	0.62173779
2.372	0.62107088
2.373	0.62142622
2.374	0.62099088
2.375	0.62141504
2.376	0.62168944
2.377	0.62120597
2.378	0.62077721
2.379	0.62100148
2.380	0.62032401
2.381	0.62005627
2.382	0.62077816
2.383	0.62049586
2.384	0.61993010
2.385	0.62117059
2.386	0.62150003
2.387	0.62199740
2.388	0.62166469
2.389	0.62068045
2.390	0.62115772
2.391	0.62149378
2.392	0.62193327
2.393	0.62188649
2.394	0.62174954
2.395	0.62223913
2.396	0.62219823
2.397	0.62180778
2.398	0.62141460
2.399	0.62163340
2.400	0.62181079
2.401	0.62192028
2.402	0.62151685
2.403	0.62134177
2.404	0.62142219
2.405	0.62128044
2.406	0.62151051
2.407	0.62156236
2.408	0.62185295
2.409	0.62183636
2.410	0.62170725
2.411	0.62158941
2.412	0.62124855
2.413	0.62165403
2.414	0.62142521
2.415	0.62159249
2.416	0.62138468
2.417	0.62063844
2.418	0.62083144
2.419	0.62090735
2.420	0.62112329
2.421	0.62082437
2.422	0.62067572
2.423	0.62038425
2.424	0.62014265
2.425	0.62009448
2.426	0.62062674
2.427	0.62037376
2.428	0.61988322
2.429	0.61996317
2.430	0.62063389
2.431	0.62081338
2.432	0.61997619
2.433	0.61913577
2.434	0.61919817
2.435	0.61961099
2.436	0.61997117
2.437	0.61977496
2.438	0.62001304
2.439	0.61994324
2.440	0.62003447
2.441	0.61981211
2.442	0.61930743
2.443	0.61944750
2.444	0.62067183
2.445	0.62056849
2.446	0.62097400
2.447	0.62122518
2.448	0.62063398
2.449	0.62056998
2.450	0.62078774
2.451	0.62075813
2.452	0.62105507
2.453	0.62201254
2.454	0.62275785
2.455	0.62271064
2.456	0.62290553
2.457	0.62280654
2.458	0.62337954
2.459	0.62287994
2.460	0.62277939
2.461	0.62271631
2.462	0.62208096
2.463	0.62147361
2.464	0.62181768
2.465	0.62165295
2.466	0.62167125
2.467	0.62191492
2.468	0.62203851
2.469	0.62161636
2.470	0.62207761
2.471	0.62258111
2.472	0.62237418
2.473	0.62243998
2.474	0.62273000
2.475	0.62272702
2.476	0.62358465
2.477	0.62353741
2.478	0.62339255
2.479	0.62392132
2.480	0.62371058
2.481	0.62412867
2.482	0.62407057
2.483	0.62443399
2.484	0.62409471
2.485	0.62459086
2.486	0.62493323
2.487	0.62425420
2.488	0.62398362
2.489	0.62473415
2.490	0.62477187
2.491	0.62405922
2.492	0.62326419
2.493	0.62312449
2.494	0.62290057
2.495	0.62264533
2.496	0.62205006
2.497	0.62124166
2.498	0.62117662
2.499	0.62166287
2.500	0.62172274
2.501	0.62208707
2.502	0.62243504
2.503	0.62197278
2.504	0.62126902
2.505	0.62094833
2.506	0.62021899
2.507	0.61997711
2.508	0.61970151
2.509	0.61967316
2.510	0.62047403
2.511	0.61990254
2.512	0.62030261
2.513	0.62028847
2.514	0.61977722
2.515	0.61976933
2.516	0.61930177
2.517	0.61949576
2.518	0.61912270
2.519	0.61878978
2.520	0.61859565
2.521	0.61821273
2.522	0.61825768
2.523	0.61880188
2.524	0.61818701
2.525	0.61822769
2.526	0.61866952
2.527	0.61877485
2.528	0.61828843
2.529	0.61757190
2.530	0.61696128
2.531	0.61716358
2.532	0.61709161
2.533	0.61723895
2.534	0.61701236
2.535	0.61621012
2.536	0.61675609
2.537	0.61629518
2.538	0.61595775
2.539	0.61602055
2.540	0.61653514
2.541	0.61696071
2.542	0.61700202
2.543	0.61678757
2.544	0.61657850
2.545	0.61599682
2.546	0.61497526
2.547	0.61475099
2.548	0.61455406
2.549	0.61439032
2.550	0.61421191
2.551	0.61539582
2.552	0.61507564
2.553	0.61543379
2.554	0.61594838
2.555	0.61637878
2.556	0.61644748
2.557	0.61596264
2.558	0.61541451
2.559	0.61502909
2.560	0.61485083
2.561	0.61503747
2.562	0.61534204
2.563	0.61523317
2.564	0.61598742
2.565	0.61620095
2.566	0.61640904
2.567	0.61658880
2.568	0.61681258
2.569	0.61648634
2.570	0.61672856
2.571	0.61675103
2.572	0.61599875
2.573	0.61601867
2.574	0.61568605
2.575	0.61516112
2.576	0.61590395
2.577	0.61538904
2.578	0.61515046
2.579	0.61508997
2.580	0.61417067
2.581	0.61428346
2.582	0.61421406
2.583	0.61416049
2.584	0.61426321
2.585	0.61470705
2.586	0.61449463
2.587	0.61466529
2.588	0.61539459
2.589	0.61616094
2.590	0.61628330
2.591	0.61638174
2.592	0.61592599
2.593	0.61553997
2.594	0.61538114
2.595	0.61545871
2.596	0.61564517
2.597	0.61532488
2.598	0.61551062
2.599	0.61557914
2.600	0.61519545
2.601	0.61508660
2.602	0.61482656
2.603	0.61492173
2.604	0.61491972
2.605	0.61484271
2.606	0.61450093
2.607	0.61477035
2.608	0.61464252
2.609	0.61446413
2.610	0.61481313
2.611	0.61444786
2.612	0.61387761
2.613	0.61317035
2.614	0.61273442
2.615	0.61322528
2.616	0.61300663
2.617	0.61293094
2.618	0.61374813
2.619	0.61369393
2.620	0.61260597
2.621	0.61293137
2.622	0.61321499
2.623	0.61287357
2.624	0.61304281
2.625	0.61318915
2.626	0.61347137
2.627	0.61357450
2.628	0.61371123
2.629	0.61453994
2.630	0.61471158
2.631	0.61485860
2.632	0.61422622
2.633	0.61454998
2.634	0.61469101
2.635	0.61396880
2.636	0.61401722
2.637	0.61474058
2.638	0.61483389
2.639	0.61574939
2.640	0.61538192
2.641	0.61520093
2.642	0.61544488
2.643	0.61556262
2.644	0.61613640
2.645	0.61587249
2.646	0.61615346
2.647	0.61622446
2.648	0.61557429
2.649	0.61585566
2.650	0.61602770
2.651	0.61567808
2.652	0.61572974
2.653	0.61531609
2.654	0.61591922
2.655	0.61589787
2.656	0.61667368
2.657	0.61690362
2.658	0.61712056
2.659	0.61754058
2.660	0.61779698
2.661	0.61734432
2.662	0.61709162
2.663	0.61738868
2.664	0.61660472
2.665	0.61679986
2.666	0.61620278
2.667	0.61594249
2.668	0.61603121
2.669	0.61577671
2.670	0.61621743
2.671	0.61677870
2.672	0.61760091
2.673	0.61765736
2.674	0.61697321
2.675	0.61683426
2.676	0.61658063
2.677	0.61726296
2.678	0.61740363
2.679	0.61777737
2.680	0.61761774
2.681	0.61762908
2.682	0.61765917
2.683	0.61720172
2.684	0.61721379
2.685	0.61659316
2.686	0.61687851
2.687	0.61716715
2.688	0.61771169
2.689	0.61745478
2.690	0.61778764
2.691	0.61773288
2.692	0.61768878
2.693	0.61777101
2.694	0.61749417
2.695	0.61746503
2.696	0.61728141
2.697	0.61704944
2.698	0.61688295
2.699	0.61748855
2.700	0.61770095
2.701	0.61768454
2.702	0.61746919
2.703	0.61794264
2.704	0.61732168
2.705	0.61817467
2.706	0.61782833
2.707	0.61812084
2.708	0.61826533
2.709	0.61697663
2.710	0.61672905
2.711	0.61633304
2.712	0.61558697
2.713	0.61554567
2.714	0.61527575
2.715	0.61507958
2.716	0.61542231
2.717	0.61590572
2.718	0.61612411
2.719	0.61664966
2.720	0.61627445
2.721	0.61704112
2.722	0.61715182
2.723	0.61693289
2.724	0.61714747
2.725	0.61753861
2.726	0.61787619
2.727	0.61846939
2.728	0.61884988
2.729	0.61894942
2.730	0.61926519
2.731	0.61972803
2.732	0.62036122
2.733	0.62012425
2.734	0.61972905
2.735	0.61967729
2.736	0.61935452
2.737	0.61928686
2.738	0.61961546
2.739	0.61981416
2.740	0.61969905
2.741	0.62019810
2.742	0.62003717
2.743	0.62071605
2.744	0.62067173
2.745	0.62124333
2.746	0.62114526
2.747	0.62121136
2.748	0.62141539
2.749	0.62126802
2.750	0.62083750
2.751	0.62126409
2.752	0.62136223
2.753	0.62076681
2.754	0.62111618
2.755	0.62128189
2.756	0.62161221
2.757	0.62230282
2.758	0.62276669
2.759	0.62246483
2.760	0.62249813
2.761	0.62205063
2.762	0.62167222
2.763	0.62215126
2.764	0.62210360
2.765	0.62258860
2.766	0.62284330
2.767	0.62305565
2.768	0.62317185
2.769	0.62362202
2.770	0.62384847
2.771	0.62455245
2.772	0.62496712
2.773	0.62471990
2.774	0.62489322
2.775	0.62472039
2.776	0.62523578
2.777	0.62620990
2.778	0.62596330
2.779	0.62611134
2.780	0.62587441
2.781	0.62612379
2.782	0.62572731
2.783	0.62588163
2.784	0.62674955
2.785	0.62712932
2.786	0.62741726
2.787	0.62779852
2.788	0.62760405
2.789	0.62775839
2.790	0.62800777
2.791	0.62819655
2.792	0.62845160
2.793	0.62914515
2.794	0.62963199
2.795	0.62952845
2.796	0.62907305
2.797	0.62920553
2.798	0.62890855
2.799	0.62871067
2.800	0.62802332
2.801	0.62717738
2.802	0.62669764
2.803	0.62697104
2.804	0.62719099
2.805	0.62685648
2.806	0.62704390
2.807	0.62663202
2.808	0.62729300
2.809	0.62704444
2.810	0.62756625
2.811	0.62763270
2.812	0.62807661
2.813	0.62809003
2.814	0.62777731
2.815	0.62775409
2.816	0.62807980
2.817	0.62769549
2.818	0.62772012
2.819	0.62808355
2.820	0.62836065
2.821	0.62814644
2.822	0.62824479
2.823	0.62863692
2.824	0.62877773
2.825	0.62882232
2.826	0.62822763
2.827	0.62856354
2.828	0.62892443
2.829	0.62890160
2.830	0.62878361
2.831	0.62836143
2.832	0.62826277
2.833	0.62813424
2.834	0.62767230
2.835	0.62755074
2.836	0.62765384
2.837	0.62743925
2.838	0.62740950
2.839	0.62725141
2.840	0.62809605
2.841	0.62785698
2.842	0.62800637
2.843	0.62831416
2.844	0.62833755
2.845	0.62830807
2.846	0.62911492
2.847	0.62901907
2.848	0.62859440
2.849	0.62841962
2.850	0.62901450
2.851	0.62890296
2.852	0.62961686
2.853	0.62966947
2.854	0.62994209
2.855	0.62911527
2.856	0.62958191
2.857	0.62887706
2.858	0.62934482
2.859	0.62990674
2.860	0.63027050
2.861	0.63008714
2.862	0.63012340
2.863	0.62997180
2.864	0.62985449
2.865	0.63015521
2.866	0.63054472
2.867	0.63007806
2.868	0.63016390
2.869	0.63013133
2.870	0.62991187
2.871	0.62984817
2.872	0.62976739
2.873	0.62942875
2.874	0.62946141
2.875	0.62899945
2.876	0.62909771
2.877	0.62888715
2.878	0.62897199
2.879	0.62938446
2.880	0.63011085
2.881	0.63014987
2.882	0.63017970
2.883	0.62994745
2.884	0.62952202
2.885	0.62927873
2.886	0.62941778
2.887	0.62905462
2.888	0.62850805
2.889	0.62869045
2.890	0.62831950
2.891	0.62883020
2.892	0.62898224
2.893	0.62929728
2.894	0.62916166
2.895	0.62945140
2.896	0.62951445
2.897	0.62994342
2.898	0.63012436
2.899	0.63082936
2.900	0.63003352
2.901	0.62970600
2.902	0.62985574
2.903	0.63029307
2.904	0.63008537
2.905	0.62987475
2.906	0.63003818
2.907	0.63063565
2.908	0.63045267
2.909	0.63000202
2.910	0.63013932
2.911	0.62993301
2.912	0.63041941
2.913	0.62953013
2.914	0.62967875
2.915	0.63033954
2.916	0.63012039
2.917	0.63042598
2.918	0.63124098
2.919	0.63148600
2.920	0.63151539
2.921	0.63120245
2.922	0.63152200
2.923	0.63116701
2.924	0.63132799
2.925	0.63125492
2.926	0.63188285
2.927	0.63246947
2.928	0.63239177
2.929	0.63267964
2.930	0.63275325
2.931	0.63235298
2.932	0.63251029
2.933	0.63311142
2.934	0.63355950
2.935	0.63382258
2.936	0.63390463
2.937	0.63353884
2.938	0.63396843
2.939	0.63443660
2.940	0.63469220
2.941	0.63412316
2.942	0.63403587
2.943	0.63422991
2.944	0.63413008
2.945	0.63417768
2.946	0.63446748
2.947	0.63416033
2.948	0.63412797
2.949	0.63429241
2.950	0.63433083
2.951	0.63480945
2.952	0.63434080
2.953	0.63445330
2.954	0.63502532
2.955	0.63513238
2.956	0.63489923
2.957	0.63544064
2.958	0.63517666
2.959	0.63538969
2.960	0.63514951
2.961	0.63562359
2.962	0.63540787
2.963	0.63509132
2.964	0.63581229
2.965	0.63524761
2.966	0.63558586
2.967	0.63627535
2.968	0.63623066
2.969	0.63643003
2.970	0.63667559
2.971	0.63747659
2.972	0.63718301
2.973	0.63734962
2.974	0.63713707
2.975	0.63735541
2.976	0.63772906
2.977	0.63815601
2.978	0.63821657
2.979	0.63836096
2.980	0.63813916
2.981	0.63819440
2.982	0.63845893
2.983	0.63822002
2.984	0.63833057
2.985	0.63875744
2.986	0.63925996
2.987	0.63948860
2.988	0.64007356
2.989	0.63996854
2.990	0.64007397
2.991	0.63970431
2.992	0.63965363
2.993	0.63920700
2.994	0.63945294
2.995	0.63994174
2.996	0.63983627
2.997	0.64011538
2.998	0.64046896
2.999	0.64092645
3.000	0.64062362
3.001	0.64075716
3.002	0.64054379
3.003	0.64034001
3.004	0.64041322
3.005	0.64002215
3.006	0.64064501
3.007	0.64038498
3.008	0.64036860
3.009	0.64043886
3.010	0.64011304
3.011	0.64037031
3.012	0.64015898
3.013	0.64012274
3.014	0.64019274
3.015	0.64071646
3.016	0.64073565
3.017	0.64124506
3.018	0.64155569
3.019	0.64120006
3.020	0.64131465
3.021	0.64135137
3.022	0.64176825
3.023	0.64169542
3.024	0.64149388
3.025	0.64233420
3.026	0.64232908
3.027	0.64214415
3.028	0.64203863
3.029	0.64186632
3.030	0.64181620
3.031	0.64231874
3.032	0.64270188
3.033	0.64334093
3.034	0.64321218
3.035	0.64355865
3.036	0.64423867
3.037	0.64397269
3.038	0.64401483
3.039	0.64359165
3.040	0.64367457
3.041	0.64400742
3.042	0.64426680
3.043	0.64419021
3.044	0.64413715
3.045	0.64437514
3.046	0.64415786
3.047	0.64471086
3.048	0.64462998
3.049	0.64511998
3.050	0.64513861
3.051	0.64478580
3.052	0.64507011
3.053	0.64562115
3.054	0.64597776
3.055	0.64647033
3.056	0.64621356
3.057	0.64705703
3.058	0.64751532
3.059	0.64730921
3.060	0.64752298
3.061	0.64808552
3.062	0.64827334
3.063	0.64797957
3.064	0.64837038
3.065	0.64851486
3.066	0.64819967
3.067	0.64810483
3.068	0.64797962
3.069	0.64804010
3.070	0.64799868
3.071	0.64768534
3.072	0.64805883
3.073	0.64770969
3.074	0.64749508
3.075	0.64719314
3.076	0.64746836
3.077	0.64742781
3.078	0.64734330
3.079	0.64748468
3.080	0.64809978
3.081	0.64807945
3.082	0.64806418
3.083	0.64781755
3.084	0.64791301
3.085	0.64810208
3.086	0.64779031
3.087	0.64773918
3.088	0.64783658
3.089	0.64785175
3.090	0.64794356
3.091	0.64854922
3.092	0.64878113
3.093	0.64929042
3.094	0.64951814
3.095	0.64969971
3.096	0.65004440
3.097	0.65039187
3.098	0.65050363
3.099	0.65073575
3.100	0.65089707
3.101	0.65085108
3.102	0.65094007
3.103	0.65079841
3.104	0.65104878
3.105	0.65120426
3.106	0.65159598
3.107	0.65136288
3.108	0.65116142
3.109	0.65101000
3.110	0.65147997
3.111	0.65135457
3.112	0.65174264
3.113	0.65162963
3.114	0.65190012
3.115	0.65171178
3.116	0.65168429
3.117	0.65199067
3.118	0.65230425
3.119	0.65257879
3.120	0.65300327
3.121	0.65319086
3.122	0.65357161
3.123	0.65389877
3.124	0.65392808
3.125	0.65389545
3.126	0.65330623
3.127	0.65376623
3.128	0.65324525
3.129	0.65256821
3.130	0.65241063
3.131	0.65247630
3.132	0.65281365
3.133	0.65357183
3.134	0.65309008
3.135	0.65282899
3.136	0.65282161
3.137	0.65285035
3.138	0.65257855
3.139	0.65304825
3.140	0.65288716
3.141	0.65305466
3.142	0.65267874
3.143	0.65333724
3.144	0.65330280
3.145	0.65318332
3.146	0.65300531
3.147	0.65332505
3.148	0.65306274
3.149	0.65346320
3.150	0.65374984
3.151	0.65379336
3.152	0.65403579
3.153	0.65406265
3.154	0.65367768
3.155	0.65390442
3.156	0.65429869
3.157	0.65453638
3.158	0.65438600
3.159	0.65435239
3.160	0.65492739
3.161	0.65463324
3.162	0.65460507
3.163	0.65474174
3.164	0.65453423
3.165	0.65419221
3.166	0.65394289
3.167	0.65410288
3.168	0.65427021
3.169	0.65374992
3.170	0.65395779
3.171	0.65358697
3.172	0.65391535
3.173	0.65442486
3.174	0.65459678
3.175	0.65529794
3.176	0.65473098
3.177	0.65441046
3.178	0.65475000
3.179	0.65447626
3.180	0.65442319
3.181	0.65454589
3.182	0.65468846
3.183	0.65502381
3.184	0.65500841
3.185	0.65447795
3.186	0.65509939
3.187	0.65477062
3.188	0.65479561
3.189	0.65461977
3.190	0.65498661
3.191	0.65487029
3.192	0.65488823
3.193	0.65522928
3.194	0.65493637
3.195	0.65511930
3.196	0.65511948
3.197	0.65507412
3.198	0.65541514
3.199	0.65541550
3.200	0.65541680
3.201	0.65566137
3.202	0.65521657
3.203	0.65559575
3.204	0.65525191
3.205	0.65540602
3.206	0.65491711
3.207	0.65480238
3.208	0.65547031
3.209	0.65581554
3.210	0.65601653
3.211	0.65574983
3.212	0.65627091
3.213	0.65690221
3.214	0.65730252
3.215	0.65739426
3.216	0.65775408
3.217	0.65759093
3.218	0.65734844
3.219	0.65735412
3.220	0.65779545
3.221	0.65788014
3.222	0.65803969
3.223	0.65827743
3.224	0.65885809
3.225	0.65900855
3.226	0.65897195
3.227	0.65886261
3.228	0.65903614
3.229	0.65952754
3.230	0.65950222
3.231	0.65896152
3.232	0.65879577
3.233	0.65865815
3.234	0.65877832
3.235	0.65909855
3.236	0.65919498
3.237	0.65883042
3.238	0.65868100
3.239	0.65858343
3.240	0.65820712
3.241	0.65849702
3.242	0.65845786
3.243	0.65853402
3.244	0.65901010
3.245	0.65889645
3.246	0.65849718
3.247	0.65859031
3.248	0.65928835
3.249	0.65978700
3.250	0.65960531
3.251	0.65990688
3.252	0.66006331
3.253	0.66057490
3.254	0.66034573
3.255	0.66061473
3.256	0.66050386
3.257	0.66097900
3.258	0.66087885
3.259	0.66085291
3.260	0.66035308
3.261	0.66007374
3.262	0.66017813
3.263	0.66094696
3.264	0.66151974
3.265	0.66192579
3.266	0.66235407
3.267	0.66260205
3.268	0.66275500
3.269	0.66318671
3.270	0.66315668
3.271	0.66355278
3.272	0.66366832
3.273	0.66379687
3.274	0.66326275
3.275	0.66350699
3.276	0.66356580
3.277	0.66397776
3.278	0.66390642
3.279	0.66378506
3.280	0.66414412
3.281	0.66384408
3.282	0.66351476
3.283	0.66362953
3.284	0.66397078
3.285	0.66404621
3.286	0.66450269
3.287	0.66485107
3.288	0.66471637
3.289	0.66454405
3.290	0.66447331
3.291	0.66492611
3.292	0.66508251
3.293	0.66475340
3.294	0.66527616
3.295	0.66473882
3.296	0.66464718
3.297	0.66472819
3.298	0.66497916
3.299	0.66536902
3.300	0.66543457
3.301	0.66531680
3.302	0.66564560
3.303	0.66554691
3.304	0.66530199
3.305	0.66584157
3.306	0.66621396
3.307	0.66620021
3.308	0.66632462
3.309	0.66643111
3.310	0.66630405
3.311	0.66602258
3.312	0.66616431
3.313	0.66630819
3.314	0.66644009
3.315	0.66671638
3.316	0.66685263
3.317	0.66685047
3.318	0.66710415
3.319	0.66738672
3.320	0.66721783
3.321	0.66779089
3.322	0.66807363
3.323	0.66820894
3.324	0.66819680
3.325	0.66876557
3.326	0.66841617
3.327	0.66812945
3.328	0.66791648
3.329	0.66802192
3.330	0.66799055
3.331	0.66799597
3.332	0.66783549
3.333	0.66807201
3.334	0.66796804
3.335	0.66799416
3.336	0.66804784
3.337	0.66777416
3.338	0.66762252
3.339	0.66758613
3.340	0.66801568
3.341	0.66833224
3.342	0.66814871
3.343	0.66847566
3.344	0.66841618
3.345	0.66840739
3.346	0.66875956
3.347	0.66910520
3.348	0.66860509
3.349	0.66898921
3.350	0.66897073
3.351	0.66918028
3.352	0.66948825
3.353	0.66952093
3.354	0.66969853
3.355	0.66976326
3.356	0.66990576
3.357	0.66997159
3.358	0.67008185
3.359	0.67041104
3.360	0.67049036
3.361	0.67089985
3.362	0.67078363
3.363	0.67138111
3.364	0.67209532
3.365	0.67229910
3.366	0.67273967
3.367	0.67281142
3.368	0.67285130
3.369	0.67305164
3.370	0.67311389
3.371	0.67337166
3.372	0.67315819
3.373	0.67276365
3.374	0.67254891
3.375	0.67241431
3.376	0.67253362
3.377	0.67297194
3.378	0.67295655
3.379	0.67278012
3.380	0.67296579
3.381	0.67232541
3.382	0.67252168
3.383	0.67246715
3.384	0.67300010
3.385	0.67282562
3.386	0.67270175
3.387	0.67252275
3.388	0.67250720
3.389	0.67260983
3.390	0.67216337
3.391	0.67176571
3.392	0.67236027
3.393	0.67261304
3.394	0.67247002
3.395	0.67260231
3.396	0.67259107
3.397	0.67253270
3.398	0.67241770
3.399	0.67287404
3.400	0.67253863
3.401	0.67241890
3.402	0.67259837
3.403	0.67248240
3.404	0.67279957
3.405	0.67255100
3.406	0.67262538
3.407	0.67260971
3.408	0.67288791
3.409	0.67262353
3.410	0.67207292
3.411	0.67208944
3.412	0.67156966
3.413	0.67179520
3.414	0.67216229
3.415	0.67198765
3.416	0.67199422
3.417	0.67211023
3.418	0.67192442
3.419	0.67191345
3.420	0.67211900
3.421	0.67196389
3.422	0.67220807
3.423	0.67261650
3.424	0.67211533
3.425	0.67264650
3.426	0.67239813
3.427	0.67249618
3.428	0.67285628
3.429	0.67269263
3.430	0.67245813
3.431	0.67222950
3.432	0.67190960
3.433	0.67172590
3.434	0.67192404
3.435	0.67172722
3.436	0.67160336
3.437	0.67118879
3.438	0.67099840
3.439	0.67117868
3.440	0.67137515
3.441	0.67157308
3.442	0.67135812
3.443	0.67154762
3.444	0.67190826
3.445	0.67188900
3.446	0.67196057
3.447	0.67212741
3.448	0.67205121
3.449	0.67204165
3.450	0.67197315
3.451	0.67261882
3.452	0.67331677
3.453	0.67373390
3.454	0.67390148
3.455	0.67445878
3.456	0.67486089
3.457	0.67473383
3.458	0.67523773
3.459	0.67561588
3.460	0.67575768
3.461	0.67624972
3.462	0.67637227
3.463	0.67634708
3.464	0.67630315
3.465	0.67697435
3.466	0.67699591
3.467	0.67716850
3.468	0.67726078
3.469	0.67699435
3.470	0.67662251
3.471	0.67657830
3.472	0.67698228
3.473	0.67726118
3.474	0.67673009
3.475	0.67639364
3.476	0.67593922
3.477	0.67633408
3.478	0.67658126
3.479	0.67687805
3.480	0.67666570
3.481	0.67645018
3.482	0.67615735
3.483	0.67645261
3.484	0.67623922
3.485	0.67641163
3.486	0.67687981
3.487	0.67662502
3.488	0.67702427
3.489	0.67692847
3.490	0.67658446
3.491	0.67674035
3.492	0.67657920
3.493	0.67660155
3.494	0.67641228
3.495	0.67633727
3.496	0.67643290
3.497	0.67631805
3.498	0.67625784
3.499	0.67602780
3.500	0.67636498
3.501	0.67649195
3.502	0.67653036
3.503	0.67661068
3.504	0.67691229
3.505	0.67671949
3.506	0.67700464
3.507	0.67708065
3.508	0.67697308
3.509	0.67713702
3.510	0.67737127
3.511	0.67763505
3.512	0.67769790
3.513	0.67783507
3.514	0.67809146
3.515	0.67811356
3.516	0.67796171
3.517	0.67794645
3.518	0.67773961
3.519	0.67804045
3.520	0.67799908
3.521	0.67849465
3.522	0.67799874
3.523	0.67789137
3.524	0.67811076
3.525	0.67837082
3.526	0.67839392
3.527	0.67827217
3.528	0.67798839
3.529	0.67818502
3.530	0.67803846
3.531	0.67819806
3.532	0.67812861
3.533	0.67798557
3.534	0.67800001
3.535	0.67776125
3.536	0.67719229
3.537	0.67677785
3.538	0.67690494
3.539	0.67725550
3.540	0.67728362
3.541	0.67745588
3.542	0.67798463
3.543	0.67790025
3.544	0.67799560
3.545	0.67840873
3.546	0.67819658
3.547	0.67790305
3.548	0.67803829
3.549	0.67845960
3.550	0.67859898
3.551	0.67865996
3.552	0.67819959
3.553	0.67829662
3.554	0.67818924
3.555	0.67862634
3.556	0.67835851
3.557	0.67838069
3.558	0.67790374
3.559	0.67792671
3.560	0.67803199
3.561	0.67752369
3.562	0.67723164
3.563	0.67704408
3.564	0.67722323
3.565	0.67713297
3.566	0.67755105
3.567	0.67739258
3.568	0.67746306
3.569	0.67711315
3.570	0.67760295
3.571	0.67742088
3.572	0.67752235
3.573	0.67741676
3.574	0.67713095
3.575	0.67722339
3.576	0.67735307
3.577	0.67683322
3.578	0.67686029
3.579	0.67694714
3.580	0.67671272
3.581	0.67677349
3.582	0.67663887
3.583	0.67713883
3.584	0.67720925
3.585	0.67766860
3.586	0.67772452
3.587	0.67780638
3.588	0.67813413
3.589	0.67767898
3.590	0.67763573
3.591	0.67738461
3.592	0.67728917
3.593	0.67783407
3.594	0.67825947
3.595	0.67856645
3.596	0.67894016
3.597	0.67911825
3.598	0.67860542
3.599	0.67869465
3.600	0.67879271
3.601	0.67886261
3.602	0.67887108
3.603	0.67855166
3.604	0.67865934
3.605	0.67877846
3.606	0.67916839
3.607	0.67896091
3.608	0.67849337
3.609	0.67868267
3.610	0.67866722
3.611	0.67886139
3.612	0.67894281
3.613	0.67855117
3.614	0.67898002
3.615	0.67888618
3.616	0.67914130
3.617	0.67924084
3.618	0.67986589
3.619	0.67970949
3.620	0.67950480
3.621	0.68001393
3.622	0.67983877
3.623	0.67977558
3.624	0.67963445
3.625	0.67980435
3.626	0.67994696
3.627	0.68021316
3.628	0.68031743
3.629	0.68037653
3.630	0.68057487
3.631	0.68099882
3.632	0.68107399
3.633	0.68185568
3.634	0.68148267
3.635	0.68160384
3.636	0.68157120
3.637	0.68181239
3.638	0.68142711
3.639	0.68144394
3.640	0.68120372
3.641	0.68104138
3.642	0.68116318
3.643	0.68140307
3.644	0.68132303
3.645	0.68121227
3.646	0.68134700
3.647	0.68108544
3.648	0.68081195
3.649	0.68090083
3.650	0.68087099
3.651	0.68082809
3.652	0.68086471
3.653	0.68072497
3.654	0.68086561
3.655	0.68086973
3.656	0.68048515
3.657	0.68038690
3.658	0.68047089
3.659	0.68062631
3.660	0.68025070
3.661	0.68049416
3.662	0.68052734
3.663	0.68051970
3.664	0.68057886
3.665	0.68060815
3.666	0.68032266
3.667	0.68121728
3.668	0.68123682
3.669	0.68134570
3.670	0.68186813
3.671	0.68178443
3.672	0.68163949
3.673	0.68163131
3.674	0.68189007
3.675	0.68185881
3.676	0.68166282
3.677	0.68159301
3.678	0.68128161
3.679	0.68131869
3.680	0.68130029
3.681	0.68090123
3.682	0.68111502
3.683	0.68123828
3.684	0.68130500
3.685	0.68113128
3.686	0.68114742
3.687	0.68104503
3.688	0.68114071
3.689	0.68145493
3.690	0.68130243
3.691	0.68091232
3.692	0.68119644
3.693	0.68114980
3.694	0.68134703
3.695	0.68160339
3.696	0.68158025
3.697	0.68169014
3.698	0.68173407
3.699	0.68174707
3.700	0.68210967
3.701	0.68246766
3.702	0.68289849
3.703	0.68318266
3.704	0.68362490
3.705	0.68398757
3.706	0.68370135
3.707	0.68327051
3.708	0.68292955
3.709	0.68299481
3.710	0.68275760
3.711	0.68286252
3.712	0.68259349
3.713	0.68290929
3.714	0.68314807
3.715	0.68319992
3.716	0.68314057
3.717	0.68374673
3.718	0.68377501
3.719	0.68357266
3.720	0.68356872
3.721	0.68388733
3.722	0.68417331
3.723	0.68415832
3.724	0.68433038
3.725	0.68362036
3.726	0.68367576
3.727	0.68380180
3.728	0.68364241
3.729	0.68356077
3.730	0.68291328
3.731	0.68269760
3.732	0.68304720
3.733	0.68325095
3.734	0.68367880
3.735	0.68367164
3.736	0.68413379
3.737	0.68425500
3.738	0.68438218
3.739	0.68434095
3.740	0.68409594
3.741	0.68413812
3.742	0.68438348
3.743	0.68410550
3.744	0.68374231
3.745	0.68379663
3.746	0.68374229
3.747	0.68373689
3.748	0.68376166
3.749	0.68362608
3.750	0.68373297
3.751	0.68356671
3.752	0.68339383
3.753	0.68312775
3.754	0.68357004
3.755	0.68346783
3.756	0.68339330
3.757	0.68344638
3.758	0.68329374
3.759	0.68347738
3.760	0.68370708
3.761	0.68388160
3.762	0.68395930
3.763	0.68387217
3.764	0.68324359
3.765	0.68355639
3.766	0.68346993
3.767	0.68313034
3.768	0.68289234
3.769	0.68336991
3.770	0.68359958
3.771	0.68387398
3.772	0.68414697
3.773	0.68366247
3.774	0.68375701
3.775	0.68407828
3.776	0.68417973
3.777	0.68455740
3.778	0.68498099
3.779	0.68501120
3.780	0.68495498
3.781	0.68474252
3.782	0.68432626
3.783	0.68374086
3.784	0.68391967
3.785	0.68394685
3.786	0.68366805
3.787	0.68363087
3.788	0.68377842
3.789	0.68358287
3.790	0.68301303
3.791	0.68341128
3.792	0.68383578
3.793	0.68405204
3.794	0.68418173
3.795	0.68395176
3.796	0.68390781
3.797	0.68421549
3.798	0.68421233
3.799	0.68451864
3.800	0.68483396
3.801	0.68450639
3.802	0.68471912
3.803	0.68512723
3.804	0.68527744
3.805	0.68539093
3.806	0.68521660
3.807	0.68524443
3.808	0.68474309
3.809	0.68450667
3.810	0.68432468
3.811	0.68379681
3.812	0.68336715
3.813	0.68380368
3.814	0.68397634
3.815	0.68420530
3.816	0.68401327
3.817	0.68385722
3.818	0.68422592
3.819	0.68448927
3.820	0.68494813
3.821	0.68515455
3.822	0.68556804
3.823	0.68582651
3.824	0.68556314
3.825	0.68533544
3.826	0.68517094
3.827	0.68521339
3.828	0.68543141
3.829	0.68534068
3.830	0.68512292
3.831	0.68532274
3.832	0.68533113
3.833	0.68524832
3.834	0.68488578
3.835	0.68526620
3.836	0.68521059
3.837	0.68520069
3.838	0.68568095
3.839	0.68599512
3.840	0.68615691
3.841	0.68627302
3.842	0.68630670
3.843	0.68648284
3.844	0.68636981
3.845	0.68627755
3.846	0.68676829
3.847	0.68639990
3.848	0.68613094
3.849	0.68603756
3.850	0.68623671
3.851	0.68618199
3.852	0.68628841
3.853	0.68644193
3.854	0.68620674
3.855	0.68619773
3.856	0.68619227
3.857	0.68662113
3.858	0.68642493
3.859	0.68639733
3.860	0.68709177
3.861	0.68732025
3.862	0.68756487
3.863	0.68811368
3.864	0.68853044
3.865	0.68808803
3.866	0.68789706
3.867	0.68759443
3.868	0.68759821
3.869	0.68774429
3.870	0.68781875
3.871	0.68757430
3.872	0.68728340
3.873	0.68706784
3.874	0.68675233
3.875	0.68651705
3.876	0.68663896
3.877	0.68661972
3.878	0.68683442
3.879	0.68697176
3.880	0.68685987
3.881	0.68642696
3.882	0.68677537
3.883	0.68692590
3.884	0.68666564
3.885	0.68649087
3.886	0.68686699
3.887	0.68641403
3.888	0.68664484
3.889	0.68651469
3.890	0.68650911
3.891	0.68651598
3.892	0.68662042
3.893	0.68646842
3.894	0.68651526
3.895	0.68632181
3.896	0.68662276
3.897	0.68681640
3.898	0.68642352
3.899	0.68655663
3.900	0.68689428
3.901	0.68704685
3.902	0.68685731
3.903	0.68716254
3.904	0.68726140
3.905	0.68719843
3.906	0.68740132
3.907	0.68755591
3.908	0.68790607
3.909	0.68789448
3.910	0.68793616
3.911	0.68768964
3.912	0.68811619
3.913	0.68803522
3.914	0.68837116
3.915	0.68853376
3.916	0.68898364
3.917	0.68898312
3.918	0.68913216
3.919	0.68920060
3.920	0.68942983
3.921	0.68894240
3.922	0.68823410
3.923	0.68810641
3.924	0.68836466
3.925	0.68840499
3.926	0.68908415
3.927	0.68876023
3.928	0.68914077
3.929	0.68904996
3.930	0.68905502
3.931	0.68833228
3.932	0.68857663
3.933	0.68882347
3.934	0.68925214
3.935	0.68948839
3.936	0.68971102
3.937	0.68974315
3.938	0.68935619
3.939	0.68939597
3.940	0.68919098
3.941	0.68937647
3.942	0.68967063
3.943	0.68989933
3.944	0.68985454
3.945	0.69002667
3.946	0.69016389
3.947	0.69007183
3.948	0.69005532
3.949	0.69031333
3.950	0.69023187
3.951	0.69000384
3.952	0.68967195
3.953	0.68940942
3.954	0.68928803
3.955	0.68936597
3.956	0.68931357
3.957	0.68917451
3.958	0.68904930
3.959	0.68919801
3.960	0.68919261
3.961	0.68929618
3.962	0.68936794
3.963	0.68946810
3.964	0.68971654
3.965	0.68976220
3.966	0.68945049
3.967	0.68953688
3.968	0.68941054
3.969	0.68930245
3.970	0.68962191
3.971	0.68931314
3.972	0.68887770
3.973	0.68888168
3.974	0.68896837
3.975	0.68928748
3.976	0.68885426
3.977	0.68879328
3.978	0.68890506
3.979	0.68936884
3.980	0.68928097
3.981	0.68923169
3.982	0.68899800
3.983	0.68875017
3.984	0.68907683
3.985	0.68946516
3.986	0.68919038
3.987	0.68920578
3.988	0.68860919
3.989	0.68826097
3.990	0.68806997
3.991	0.68787727
3.992	0.68785021
3.993	0.68778212
3.994	0.68771268
3.995	0.68787003
3.996	0.68840761
3.997	0.68769268
3.998	0.68813086
3.999	0.68791601
4.000	0.68771334
4.001	0.68811733
4.002	0.68819337
4.003	0.68776395
4.004	0.68756333
4.005	0.68744937
4.006	0.68737559
4.007	0.68721832
4.008	0.68722849
4.009	0.68732208
4.010	0.68721395
4.011	0.68695705
4.012	0.68726613
4.013	0.68713137
4.014	0.68680789
4.015	0.68684671
4.016	0.68670962
4.017	0.68639415
4.018	0.68625480
4.019	0.68675023
4.020	0.68673212
4.021	0.68688210
4.022	0.68704588
4.023	0.68696494
4.024	0.68712121
4.025	0.68673905
4.026	0.68651488
4.027	0.68612001
4.028	0.68618728
4.029	0.68592996
4.030	0.68597875
4.031	0.68559685
4.032	0.68559685
4.033	0.68547060
4.034	0.68567033
4.035	0.68528663
4.036	0.68546129
4.037	0.68554985
4.038	0.68549377
4.039	0.68548489
4.040	0.68551323
4.041	0.68573814
4.042	0.68601063
4.043	0.68595830
4.044	0.68598275
4.045	0.68603640
4.046	0.68588853
4.047	0.68577465
4.048	0.68513273
4.049	0.68504665
4.050	0.68462218
4.051	0.68446665
4.052	0.68461498
4.053	0.68475490
4.054	0.68418383
4.055	0.68419219
4.056	0.68408342
4.057	0.68409330
4.058	0.68406933
4.059	0.68375546
4.060	0.68384029
4.061	0.68379074
4.062	0.68374412
4.063	0.68341129
4.064	0.68356936
4.065	0.68375309
4.066	0.68381039
4.067	0.68374046
4.068	0.68365357
4.069	0.68348693
4.070	0.68389874
4.071	0.68373033
4.072	0.68382626
4.073	0.68373549
4.074	0.68374109
4.075	0.68399957
4.076	0.68409519
4.077	0.68390889
4.078	0.68390608
4.079	0.68369728
4.080	0.68374243
4.081	0.68348081
4.082	0.68347398
4.083	0.68341990
4.084	0.68346744
4.085	0.68347771
4.086	0.68341707
4.087	0.68346770
4.088	0.68362689
4.089	0.68411901
4.090	0.68385705
4.091	0.68353882
4.092	0.68319147
4.093	0.68282829
4.094	0.68303770
4.095	0.68358853
4.096	0.68349448
4.097	0.68382086
4.098	0.68386423
4.099	0.68358550
4.100	0.68383890
4.101	0.68402994
4.102	0.68370545
4.103	0.68356966
4.104	0.68331000
4.105	0.68282825
4.106	0.68297758
4.107	0.68243021
4.108	0.68210249
4.109	0.68240753
4.110	0.68207159
4.111	0.68213944
4.112	0.68226910
4.113	0.68234151
4.114	0.68198034
4.115	0.68213089
4.116	0.68260719
4.117	0.68246655
4.118	0.68235175
4.119	0.68259790
4.120	0.68225255
4.121	0.68201843
4.122	0.68165261
4.123	0.68169559
4.124	0.68175079
4.125	0.68205016
4.126	0.68245235
4.127	0.68273681
4.128	0.68249113
4.129	0.68237636
4.130	0.68243389
4.131	0.68255103
4.132	0.68243456
4.133	0.68267712
4.134	0.68261749
4.135	0.68218131
4.136	0.68197864
4.137	0.68183346
4.138	0.68174619
4.139	0.68160975
4.140	0.68148354
4.141	0.68190040
4.142	0.68195255
4.143	0.68171145
4.144	0.68168514
4.145	0.68138105
4.146	0.68124896
4.147	0.68147630
4.148	0.68136531
4.149	0.68102259
4.150	0.68115361
4.151	0.68118602
4.152	0.68129331
4.153	0.68089466
4.154	0.68087434
4.155	0.68085308
4.156	0.68096734
4.157	0.68117682
4.158	0.68140759
4.159	0.68166391
4.160	0.68164927
4.161	0.68178384
4.162	0.68200934
4.163	0.68201380
4.164	0.68178770
4.165	0.68168073
4.166	0.68127775
4.167	0.68179908
4.168	0.68175771
4.169	0.68209643
4.170	0.68172706
4.171	0.68148789
4.172	0.68139601
4.173	0.68103066
4.174	0.68117182
4.175	0.68103094
4.176	0.68114576
4.177	0.68095869
4.178	0.68123378
4.179	0.68159159
4.180	0.68115505
4.181	0.68125472
4.182	0.68149301
4.183	0.68181701
4.184	0.68203484
4.185	0.68203645
4.186	0.68164174
4.187	0.68146058
4.188	0.68108312
4.189	0.68081156
4.190	0.68029367
4.191	0.68019891
4.192	0.68037926
4.193	0.68060607
4.194	0.68075814
4.195	0.68037852
4.196	0.68037434
4.197	0.68028332
4.198	0.67988835
4.199	0.68004089
4.200	0.67990332
4.201	0.67949607
4.202	0.67954279
4.203	0.67917420
4.204	0.67960150
4.205	0.67924959
4.206	0.67936610
4.207	0.67890284
4.208	0.67913485
4.209	0.67938031
4.210	0.67957856
4.211	0.67971528
4.212	0.67958778
4.213	0.67981192
4.214	0.67966128
4.215	0.67936523
4.216	0.67958585
4.217	0.67949096
4.218	0.67938209
4.219	0.67919210
4.220	0.67917508
4.221	0.67945493
4.222	0.67939416
4.223	0.67975792
4.224	0.67989601
4.225	0.67969440
4.226	0.67954404
4.227	0.67982023
4.228	0.67997085
4.229	0.67978484
4.230	0.67982758
4.231	0.67969243
4.232	0.67953006
4.233	0.67957263
4.234	0.67931129
4.235	0.67943371
4.236	0.67953714
4.237	0.67942958
4.238	0.67907793
4.239	0.67952567
4.240	0.67941405
4.241	0.67938076
4.242	0.67914611
4.243	0.67923669
4.244	0.67909821
4.245	0.67911778
4.246	0.67966159
4.247	0.67964678
4.248	0.67925239
4.249	0.67938530
4.250	0.67952691
4.251	0.67967862
4.252	0.67963732
4.253	0.67954355
4.254	0.67929684
4.255	0.67904993
4.256	0.67904500
4.257	0.67918069
4.258	0.67953869
4.259	0.67930568
4.260	0.67947502
4.261	0.67959706
4.262	0.67950604
4.263	0.67925138
4.264	0.67910626
4.265	0.67946994
4.266	0.67930472
4.267	0.67906651
4.268	0.67922362
4.269	0.67944994
4.270	0.67902428
4.271	0.67846175
4.272	0.67905515
4.273	0.67924381
4.274	0.67898827
4.275	0.67940726
4.276	0.67932448
4.277	0.67950919
4.278	0.67947972
4.279	0.67951292
4.280	0.67917594
4.281	0.67902867
4.282	0.67905857
4.283	0.67888144
4.284	0.67861339
4.285	0.67841398
4.286	0.67844631
4.287	0.67873078
4.288	0.67868172
4.289	0.67905168
4.290	0.67891022
4.291	0.67868798
4.292	0.67846711
4.293	0.67844483
4.294	0.67839908
4.295	0.67806274
4.296	0.67807333
4.297	0.67753560
4.298	0.67749976
4.299	0.67758021
4.300	0.67749484
4.301	0.67758722
4.302	0.67782743
4.303	0.67835236
4.304	0.67841491
4.305	0.67849823
4.306	0.67786319
4.307	0.67782882
4.308	0.67799878
4.309	0.67769641
4.310	0.67735322
4.311	0.67768808
4.312	0.67784286
4.313	0.67772793
4.314	0.67738967
4.315	0.67754263
4.316	0.67756804
4.317	0.67775396
4.318	0.67789191
4.319	0.67797323
4.320	0.67844455
4.321	0.67866731
4.322	0.67818810
4.323	0.67849135
4.324	0.67879260
4.325	0.67870915
4.326	0.67880314
4.327	0.67847993
4.328	0.67802756
4.329	0.67827450
4.330	0.67836386
4.331	0.67875173
4.332	0.67849793
4.333	0.67808968
4.334	0.67847541
4.335	0.67838058
4.336	0.67887580
4.337	0.67853684
4.338	0.67824356
4.339	0.67830135
4.340	0.67823614
4.341	0.67820938
4.342	0.67794123
4.343	0.67825466
4.344	0.67848203
4.345	0.67875643
4.346	0.67845772
4.347	0.67798461
4.348	0.67773776
4.349	0.67822496
4.350	0.67833841
4.351	0.67813576
4.352	0.67798896
4.353	0.67793595
4.354	0.67794311
4.355	0.67776794
4.356	0.67755043
4.357	0.67791204
4.358	0.67787840
4.359	0.67782103
4.360	0.67767384
4.361	0.67798393
4.362	0.67716938
4.363	0.67673005
4.364	0.67639350
4.365	0.67642349
4.366	0.67587764
4.367	0.67571510
4.368	0.67545107
4.369	0.67591552
4.370	0.67557713
4.371	0.67582603
4.372	0.67546337
4.373	0.67535710
4.374	0.67541890
4.375	0.67560096
4.376	0.67539887
4.377	0.67531020
4.378	0.67555426
4.379	0.67566115
4.380	0.67570413
4.381	0.67553764
4.382	0.67535213
4.383	0.67537036
4.384	0.67512807
4.385	0.67540549
4.386	0.67542014
4.387	0.67538222
4.388	0.67488814
4.389	0.67491872
4.390	0.67480666
4.391	0.67429505
4.392	0.67470279
4.393	0.67415539
4.394	0.67408305
4.395	0.67378667
4.396	0.67405441
4.397	0.67338102
4.398	0.67299016
4.399	0.67294206
4.400	0.67237085
4.401	0.67225923
4.402	0.67232003
4.403	0.67262995
4.404	0.67279452
4.405	0.67229113
4.406	0.67234768
4.407	0.67197082
4.408	0.67218297
4.409	0.67233705
4.410	0.67271241
4.411	0.67201954
4.412	0.67148221
4.413	0.67150605
4.414	0.67126684
4.415	0.67120123
4.416	0.67133772
4.417	0.67147238
4.418	0.67191820
4.419	0.67212694
4.420	0.67190841
4.421	0.67129750
4.422	0.67101351
4.423	0.67049982
4.424	0.67079077
4.425	0.67102039
4.426	0.67140551
4.427	0.67150726
4.428	0.67174002
4.429	0.67179740
4.430	0.67134988
4.431	0.67110325
4.432	0.67068423
4.433	0.67085598
4.434	0.67104180
4.435	0.67085084
4.436	0.67099312
4.437	0.67116431
4.438	0.67056160
4.439	0.67023448
4.440	0.67021881
4.441	0.67061027
4.442	0.67026017
4.443	0.66953852
4.444	0.66952663
4.445	0.67031874
4.446	0.66999382
4.447	0.66980785
4.448	0.66971766
4.449	0.66936267
4.450	0.66928779
4.451	0.66951926
4.452	0.66926804
4.453	0.66914460
4.454	0.66822319
4.455	0.66830405
4.456	0.66805238
4.457	0.66817020
4.458	0.66791175
4.459	0.66764177
4.460	0.66735502
4.461	0.66712004
4.462	0.66689027
4.463	0.66700997
4.464	0.66761898
4.465	0.66775447
4.466	0.66784967
4.467	0.66809888
4.468	0.66830862
4.469	0.66827039
4.470	0.66842043
4.471	0.66800417
4.472	0.66875206
4.473	0.66905498
4.474	0.66887128
4.475	0.66939436
4.476	0.66930165
4.477	0.66938697
4.478	0.66988300
4.479	0.67028052
4.480	0.67064528
4.481	0.67060855
4.482	0.67010515
4.483	0.67039023
4.484	0.67023269
4.485	0.67089366
4.486	0.67116145
4.487	0.67063591
4.488	0.67052325
4.489	0.67037267
4.490	0.67022992
4.491	0.67008317
4.492	0.67014794
4.493	0.67030838
4.494	0.67021039
4.495	0.66990723
4.496	0.66978442
4.497	0.66957344
4.498	0.66964219
4.499	0.66964584
4.500	0.66971497
4.501	0.66977941
4.502	0.66950900
4.503	0.66985558
4.504	0.66968953
4.505	0.67004888
4.506	0.67050027
4.507	0.67031702
4.508	0.67008748
4.509	0.67000659
4.510	0.67031415
4.511	0.67004192
4.512	0.67015771
4.513	0.67012633
4.514	0.67020832
4.515	0.67037241
4.516	0.67008411
4.517	0.67076905
4.518	0.67056192
4.519	0.67040175
4.520	0.67069445
4.521	0.67135812
4.522	0.67167119
4.523	0.67194360
4.524	0.67170446
4.525	0.67143396
4.526	0.67128626
4.527	0.67096080
4.528	0.67093433
4.529	0.67106657
4.530	0.67095904
4.531	0.67075245
4.532	0.67132700
4.533	0.67104361
4.534	0.67122501
4.535	0.67084738
4.536	0.67108186
4.537	0.67117186
4.538	0.67097700
4.539	0.67085200
4.540	0.67046259
4.541	0.67037698
4.542	0.67006480
4.543	0.66979127
4.544	0.66935639
4.545	0.66887057
4.546	0.66933134
4.547	0.67024438
4.548	0.67059781
4.549	0.67061439
4.550	0.67092479
4.551	0.67044068
4.552	0.66993233
4.553	0.66961658
4.554	0.66958501
4.555	0.66904389
4.556	0.66886543
4.557	0.66864132
4.558	0.66942552
4.559	0.66988468
4.560	0.66995114
4.561	0.67038126
4.562	0.66966413
4.563	0.66952493
4.564	0.66950675
4.565	0.66970711
4.566	0.66945722
4.567	0.66996154
4.568	0.66992496
4.569	0.67015495
4.570	0.67002570
4.571	0.67018987
4.572	0.67015918
4.573	0.66965140
4.574	0.66996453
4.575	0.66995163
4.576	0.66986309
4.577	0.66963468
4.578	0.66969492
4.579	0.66963838
4.580	0.66938479
4.581	0.66923330
4.582	0.66889303
4.583	0.66924574
4.584	0.66945554
4.585	0.66946774
4.586	0.66926396
4.587	0.66916139
4.588	0.66918890
4.589	0.66966056
4.590	0.66939180
4.591	0.66948272
4.592	0.66970142
4.593	0.66953884
4.594	0.66948292
4.595	0.66914503
4.596	0.66954175
4.597	0.66961752
4.598	0.66916361
4.599	0.66925775
4.600	0.66940592
4.601	0.66964222
4.602	0.66929359
4.603	0.66922587
4.604	0.66917468
4.605	0.66899896
4.606	0.66910816
4.607	0.66871729
4.608	0.66894523
4.609	0.66928919
4.610	0.66944192
4.611	0.66883482
4.612	0.66901758
4.613	0.66870632
4.614	0.66902448
4.615	0.66886632
4.616	0.66857782
4.617	0.66866034
4.618	0.66864211
4.619	0.66851856
4.620	0.66863110
4.621	0.66887529
4.622	0.66868676
4.623	0.66839512
4.624	0.66794524
4.625	0.66772385
4.626	0.66759752
4.627	0.66740012
4.628	0.66695894
4.629	0.66730754
4.630	0.66764460
4.631	0.66731306
4.632	0.66760098
4.633	0.66745447
4.634	0.66727251
4.635	0.66701859
4.636	0.66735201
4.637	0.66697249
4.638	0.66666198
4.639	0.66637008
4.640	0.66602686
4.641	0.66577706
4.642	0.66645172
4.643	0.66655045
4.644	0.66713944
4.645	0.66696340
4.646	0.66693124
4.647	0.66689434
4.648	0.66652982
4.649	0.66665247
4.650	0.66628475
4.651	0.66583244
4.652	0.66614769
4.653	0.66596856
4.654	0.66598753
4.655	0.66556830
4.656	0.66517339
4.657	0.66559163
4.658	0.66564842
4.659	0.66584018
4.660	0.66587735
4.661	0.66567475
4.662	0.66525256
4.663	0.66533494
4.664	0.66561543
4.665	0.66544302
4.666	0.66546985
4.667	0.66566486
4.668	0.66546594
4.669	0.66586083
4.670	0.66618659
4.671	0.66577931
4.672	0.66571435
4.673	0.66567488
4.674	0.66560190
4.675	0.66562323
4.676	0.66554145
4.677	0.66556040
4.678	0.66540697
4.679	0.66527140
4.680	0.66535314
4.681	0.66550226
4.682	0.66544513
4.683	0.66485106
4.684	0.66498674
4.685	0.66532518
4.686	0.66527194
4.687	0.66516196
4.688	0.66464328
4.689	0.66486249
4.690	0.66472127
4.691	0.66480148
4.692	0.66489307
4.693	0.66466918
4.694	0.66420557
4.695	0.66387683
4.696	0.66343820
4.697	0.66334395
4.698	0.66362086
4.699	0.66385112
4.700	0.66323480
4.701	0.66298259
4.702	0.66260575
4.703	0.66227614
4.704	0.66253885
4.705	0.66294069
4.706	0.66280567
4.707	0.66294869
4.708	0.66306635
4.709	0.66317766
4.710	0.66304573
4.711	0.66306235
4.712	0.66278943
4.713	0.66236277
4.714	0.66233282
4.715	0.66214558
4.716	0.66181080
4.717	0.66169696
4.718	0.66154322
4.719	0.66128745
4.720	0.66105092
4.721	0.66100156
4.722	0.66055675
4.723	0.66076740
4.724	0.66100327
4.725	0.66080581
4.726	0.66095040
4.727	0.66075920
4.728	0.66089737
4.729	0.66158917
4.730	0.66143201
4.731	0.66130049
4.732	0.66159717
4.733	0.66117917
4.734	0.66076962
4.735	0.66059517
4.736	0.66066651
4.737	0.66086923
4.738	0.66067280
4.739	0.66039170
4.740	0.66017467
4.741	0.66031401
4.742	0.66055633
4.743	0.66020806
4.744	0.65993395
4.745	0.65993899
4.746	0.66011612
4.747	0.65967967
4.748	0.65923442
4.749	0.65931609
4.750	0.65855594
4.751	0.65851141
4.752	0.65902863
4.753	0.65853837
4.754	0.65832947
4.755	0.65853865
4.756	0.65821467
4.757	0.65779323
4.758	0.65781295
4.759	0.65801703
4.760	0.65808916
4.761	0.65807797
4.762	0.65770808
4.763	0.65742751
4.764	0.65735881
4.765	0.65743150
4.766	0.65732478
4.767	0.65756523
4.768	0.65718136
4.769	0.65703152
4.770	0.65726965
4.771	0.65735762
4.772	0.65764810
4.773	0.65772230
4.774	0.65769494
4.775	0.65785870
4.776	0.65767781
4.777	0.65740059
4.778	0.65807267
4.779	0.65829407
4.780	0.65833962
4.781	0.65839753
4.782	0.65906797
4.783	0.65925345
4.784	0.65947776
4.785	0.65970080
4.786	0.65995906
4.787	0.65999224
4.788	0.66027226
4.789	0.66001250
4.790	0.66006262
4.791	0.66001893
4.792	0.66005089
4.793	0.66004965
4.794	0.66010815
4.795	0.66053286
4.796	0.66076868
4.797	0.66080935
4.798	0.66055674
4.799	0.66014063
4.800	0.66052299
4.801	0.66063522
4.802	0.66051122
4.803	0.66050650
4.804	0.66005093
4.805	0.65963728
4.806	0.65940234
4.807	0.65960616
4.808	0.65936458
4.809	0.65928991
4.810	0.65940710
4.811	0.65909539
4.812	0.65938994
4.813	0.65946218
4.814	0.65991769
4.815	0.66011211
4.816	0.65997639
4.817	0.66005168
4.818	0.65980217
4.819	0.65990393
4.820	0.66021500
4.821	0.66014568
4.822	0.65997922
4.823	0.65973265
4.824	0.65977157
4.825	0.65960551
4.826	0.65953737
4.827	0.65987295
4.828	0.65935718
4.829	0.65957827
4.830	0.65926575
4.831	0.65920440
4.832	0.65911553
4.833	0.65940241
4.834	0.65926029
4.835	0.65931616
4.836	0.65884921
4.837	0.65862251
4.838	0.65835627
4.839	0.65821600
4.840	0.65821846
4.841	0.65796285
4.842	0.65780248
4.843	0.65770459
4.844	0.65774322
4.845	0.65795456
4.846	0.65859689
4.847	0.65864747
4.848	0.65852306
4.849	0.65833122
4.850	0.65834238
4.851	0.65867222
4.852	0.65867033
4.853	0.65873284
4.854	0.65848593
4.855	0.65835988
4.856	0.65803163
4.857	0.65837331
4.858	0.65799155
4.859	0.65777534
4.860	0.65749291
4.861	0.65721940
4.862	0.65731700
4.863	0.65743231
4.864	0.65760438
4.865	0.65782103
4.866	0.65798177
4.867	0.65790939
4.868	0.65826098
4.869	0.65900689
4.870	0.65875827
4.871	0.65887749
4.872	0.65903843
4.873	0.65857087
4.874	0.65863866
4.875	0.65870778
4.876	0.65855651
4.877	0.65824537
4.878	0.65828153
4.879	0.65820685
4.880	0.65816392
4.881	0.65858581
4.882	0.65855397
4.883	0.65872569
4.884	0.65871271
4.885	0.65883614
4.886	0.65918538
4.887	0.65905865
4.888	0.65938576
4.889	0.65937947
4.890	0.66011756
4.891	0.65963033
4.892	0.65941374
4.893	0.65987529
4.894	0.65963200
4.895	0.65948648
4.896	0.66014423
4.897	0.66023207
4.898	0.65999613
4.899	0.66020053
4.900	0.66093226
4.901	0.66068049
4.902	0.66044125
4.903	0.66014566
4.904	0.66050234
4.905	0.66049220
4.906	0.66055755
4.907	0.66044172
4.908	0.66018601
4.909	0.66031468
4.910	0.66000937
4.911	0.66007024
4.912	0.66021362
4.913	0.66028357
4.914	0.65992016
4.915	0.66012739
4.916	0.66030397
4.917	0.66030834
4.918	0.66035685
4.919	0.66038416
4.920	0.66126985
4.921	0.66151831
4.922	0.66224981
4.923	0.66175176
4.924	0.66165881
4.925	0.66166812
4.926	0.66162543
4.927	0.66108426
4.928	0.66042945
4.929	0.66060902
4.930	0.66027098
4.931	0.66061523
4.932	0.66022769
4.933	0.66043934
4.934	0.66061495
4.935	0.66107309
4.936	0.66087021
4.937	0.66126151
4.938	0.66125518
4.939	0.66167211
4.940	0.66148453
4.941	0.66137066
4.942	0.66192315
4.943	0.66190305
4.944	0.66136204
4.945	0.66206794
4.946	0.66179669
4.947	0.66222427
4.948	0.66242234
4.949	0.66262436
4.950	0.66248591
4.951	0.66257081
4.952	0.66254654
4.953	0.66283237
4.954	0.66302428
4.955	0.66290996
4.956	0.66297480
4.957	0.66289025
4.958	0.66310417
4.959	0.66325430
4.960	0.66324225
4.961	0.66271250
4.962	0.66273844
4.963	0.66277145
4.964	0.66275244
4.965	0.66320663
4.966	0.66281961
4.967	0.66268085
4.968	0.66277989
4.969	0.66271692
4.970	0.66256772
4.971	0.66327968
4.972	0.66334036
4.973	0.66284896
4.974	0.66285918
4.975	0.66246891
4.976	0.66256121
4.977	0.66229658
4.978	0.66197078
4.979	0.66209750
4.980	0.66221898
4.981	0.66196855
4.982	0.66199086
4.983	0.66167612
4.984	0.66180943
4.985	0.66158347
4.986	0.66144059
4.987	0.66165204
4.988	0.66176370
4.989	0.66136458
4.990	0.66162127
4.991	0.66156799
4.992	0.66159499
4.993	0.66153859
4.994	0.66145130
4.995	0.66153884
4.996	0.66199261
4.997	0.66186719
4.998	0.66190772
4.999	0.66184294
5.000	0.66188013
5.001	0.66182688
5.002	0.66171421
5.003	0.66169257
5.004	0.66190590
5.005	0.66200455
5.006	0.66187738
5.007	0.66197721
5.008	0.66233109
5.009	0.66234855
5.010	0.66234890
5.011	0.66259023
5.012	0.66235104
5.013	0.66240952
5.014	0.66248647
5.015	0.66224485
5.016	0.66200785
5.017	0.66176581
5.018	0.66132643
5.019	0.66090866
5.020	0.66049898
5.021	0.66050532
5.022	0.66041439
5.023	0.66048668
5.024	0.66107513
5.025	0.66084522
5.026	0.66054210
5.027	0.66045555
5.028	0.66032159
5.029	0.66062270
5.030	0.66125129
5.031	0.66172402
5.032	0.66142744
5.033	0.66105704
5.034	0.66029531
5.035	0.66020507
5.036	0.66030659
5.037	0.66040409
5.038	0.66000106
5.039	0.66020649
5.040	0.66031488
5.041	0.66022761
5.042	0.66051117
5.043	0.66009839
5.044	0.66027455
5.045	0.65999235
5.046	0.66029138
5.047	0.66053823
5.048	0.66041919
5.049	0.66046691
5.050	0.66017437
5.051	0.65998862
5.052	0.66028395
5.053	0.65930196
5.054	0.65969657
5.055	0.65968196
5.056	0.65957600
5.057	0.65982136
5.058	0.66016268
5.059	0.65938591
5.060	0.65895944
5.061	0.65891345
5.062	0.65860056
5.063	0.65841719
5.064	0.65894340
5.065	0.65852492
5.066	0.65889369
5.067	0.65910897
5.068	0.65887615
5.069	0.65920084
5.070	0.65963554
5.071	0.66002904
5.072	0.66035167
5.073	0.66033054
5.074	0.66029161
5.075	0.66030701
5.076	0.66053628
5.077	0.66065549
5.078	0.66039376
5.079	0.66004996
5.080	0.66034052
5.081	0.66013159
5.082	0.66046834
5.083	0.66046307
5.084	0.66040080
5.085	0.66029206
5.086	0.66048667
5.087	0.66022923
5.088	0.65995866
5.089	0.65993708
5.090	0.65987795
5.091	0.66029655
5.092	0.66024436
5.093	0.66027449
5.094	0.65971225
5.095	0.66009213
5.096	0.66002632
5.097	0.65963843
5.098	0.65914188
5.099	0.65914073
5.100	0.65913505
5.101	0.65943682
5.102	0.65845607
5.103	0.65827590
5.104	0.65789813
5.105	0.65804252
5.106	0.65819002
5.107	0.65806995
5.108	0.65819240
5.109	0.65781013
5.110	0.65804129
5.111	0.65782415
5.112	0.65786221
5.113	0.65772875
5.114	0.65767574
5.115	0.65792275
5.116	0.65769900
5.117	0.65774827
5.118	0.65812714
5.119	0.65782812
5.120	0.65753578
5.121	0.65765193
5.122	0.65741863
5.123	0.65748818
5.124	0.65739529
5.125	0.65722937
5.126	0.65754448
5.127	0.65776141
5.128	0.65803176
5.129	0.65844589
5.130	0.65841370
5.131	0.65814857
5.132	0.65801872
5.133	0.65758491
5.134	0.65724409
5.135	0.65720398
5.136	0.65756886
5.137	0.65743507
5.138	0.65745769
5.139	0.65709494
5.140	0.65709630
5.141	0.65688190
5.142	0.65692204
5.143	0.65688698
5.144	0.65702398
5.145	0.65717804
5.146	0.65755586
5.147	0.65709037
5.148	0.65668229
5.149	0.65691139
5.150	0.65683190
5.151	0.65649378
5.152	0.65608393
5.153	0.65616967
5.154	0.65564063
5.155	0.65517523
5.156	0.65532857
5.157	0.65493594
5.158	0.65486360
5.159	0.65493771
5.160	0.65489180
5.161	0.65434214
5.162	0.65439829
5.163	0.65369306
5.164	0.65413321
5.165	0.65392218
5.166	0.65403549
5.167	0.65399245
5.168	0.65434226
5.169	0.65444783
5.170	0.65419333
5.171	0.65397215
5.172	0.65375913
5.173	0.65330293
5.174	0.65319469
5.175	0.65286433
5.176	0.65317982
5.177	0.65298210
5.178	0.65305224
5.179	0.65247788
5.180	0.65263304
5.181	0.65216842
5.182	0.65309321
5.183	0.65276626
5.184	0.65292466
5.185	0.65316055
5.186	0.65321550
5.187	0.65383554
5.188	0.65346234
5.189	0.65358350
5.190	0.65421212
5.191	0.65465819
5.192	0.65468824
5.193	0.65447044
5.194	0.65432099
5.195	0.65519196
5.196	0.65538750
5.197	0.65525200
5.198	0.65501790
5.199	0.65534616
5.200	0.65542278
5.201	0.65525239
5.202	0.65502614
5.203	0.65483157
5.204	0.65457704
5.205	0.65470717
5.206	0.65482230
5.207	0.65486113
5.208	0.65444954
5.209	0.65483148
5.210	0.65449765
5.211	0.65501701
5.212	0.65565479
5.213	0.65584385
5.214	0.65650761
5.215	0.65669131
5.216	0.65591609
5.217	0.65601702
5.218	0.65637961
5.219	0.65638281
5.220	0.65644250
5.221	0.65633906
5.222	0.65655064
5.223	0.65626285
5.224	0.65630363
5.225	0.65639678
5.226	0.65635677
5.227	0.65630868
5.228	0.65623572
5.229	0.65641821
5.230	0.65668170
5.231	0.65732534
5.232	0.65780453
5.233	0.65774232
5.234	0.65780848
5.235	0.65804788
5.236	0.65791659
5.237	0.65785628
5.238	0.65788294
5.239	0.65791069
5.240	0.65756596
5.241	0.65822605
5.242	0.65847928
5.243	0.65853242
5.244	0.65858340
5.245	0.65859171
5.246	0.65879390
5.247	0.65882957
5.248	0.65869934
5.249	0.65852983
5.250	0.65850117
5.251	0.65810833
5.252	0.65802332
5.253	0.65801510
5.254	0.65747672
5.255	0.65745307
5.256	0.65705261
5.257	0.65675940
5.258	0.65687788
5.259	0.65680053
5.260	0.65672481
5.261	0.65653145
5.262	0.65643915
5.263	0.65620376
5.264	0.65624049
5.265	0.65642778
5.266	0.65594731
5.267	0.65644590
5.268	0.65725734
5.269	0.65713735
5.270	0.65682411
5.271	0.65672790
5.272	0.65644893
5.273	0.65667833
5.274	0.65613292
5.275	0.65607662
5.276	0.65621969
5.277	0.65602128
5.278	0.65620811
5.279	0.65652155
5.280	0.65637549
5.281	0.65656946
5.282	0.65636874
5.283	0.65639023
5.284	0.65654073
5.285	0.65650339
5.286	0.65723494
5.287	0.65681424
5.288	0.65704047
5.289	0.65704317
5.290	0.65651840
5.291	0.65614694
5.292	0.65634422
5.293	0.65645461
5.294	0.65664752
5.295	0.65648475
5.296	0.65634532
5.297	0.65627175
5.298	0.65615131
5.299	0.65629468
5.300	0.65579235
5.301	0.65557434
5.302	0.65567194
5.303	0.65555761
5.304	0.65595762
5.305	0.65553569
5.306	0.65562505
5.307	0.65578422
5.308	0.65566072
5.309	0.65598460
5.310	0.65617458
5.311	0.65603021
5.312	0.65586574
5.313	0.65606859
5.314	0.65652422
5.315	0.65657229
5.316	0.65650929
5.317	0.65708914
5.318	0.65723906
5.319	0.65683656
5.320	0.65644254
5.321	0.65624373
5.322	0.65586595
5.323	0.65596591
5.324	0.65582999
5.325	0.65633305
5.326	0.65580673
5.327	0.65628885
5.328	0.65582701
5.329	0.65561511
5.330	0.65592832
5.331	0.65626969
5.332	0.65637240
5.333	0.65628752
5.334	0.65628857
5.335	0.65618061
5.336	0.65563861
5.337	0.65543861
5.338	0.65561589
5.339	0.65561514
5.340	0.65565652
5.341	0.65584447
5.342	0.65594253
5.343	0.65566477
5.344	0.65577806
5.345	0.65570772
5.346	0.65594794
5.347	0.65582186
5.348	0.65591500
5.349	0.65604109
5.350	0.65626471
5.351	0.65636892
5.352	0.65638406
5.353	0.65680543
5.354	0.65667399
5.355	0.65693882
5.356	0.65680060
5.357	0.65666145
5.358	0.65605427
5.359	0.65637516
5.360	0.65623738
5.361	0.65673125
5.362	0.65690292
5.363	0.65668109
5.364	0.65672189
5.365	0.65676606
5.366	0.65656548
5.367	0.65680892
5.368	0.65715759
5.369	0.65689422
5.370	0.65688141
5.371	0.65714893
5.372	0.65698631
5.373	0.65758120
5.374	0.65726132
5.375	0.65676965
5.376	0.65644276
5.377	0.65681309
5.378	0.65696410
5.379	0.65748201
5.380	0.65732066
5.381	0.65687549
5.382	0.65660631
5.383	0.65670622
5.384	0.65702235
5.385	0.65674146
5.386	0.65699742
5.387	0.65712217
5.388	0.65723108
5.389	0.65726231
5.390	0.65724499
5.391	0.65767345
5.392	0.65779093
5.393	0.65792610
5.394	0.65760110
5.395	0.65791544
5.396	0.65790188
5.397	0.65762853
5.398	0.65773171
5.399	0.65770745
5.400	0.65765649
5.401	0.65774045
5.402	0.65769668
5.403	0.65769313
5.404	0.65741315
5.405	0.65748846
5.406	0.65768253
5.407	0.65784482
5.408	0.65772896
5.409	0.65773386
5.410	0.65773890
5.411	0.65768330
5.412	0.65796466
5.413	0.65815147
5.414	0.65800414
5.415	0.65777173
5.416	0.65770471
5.417	0.65757383
5.418	0.65789815
5.419	0.65787571
5.420	0.65825108
5.421	0.65841583
5.422	0.65850482
5.423	0.65884936
5.424	0.65893121
5.425	0.65947627
5.426	0.65945383
5.427	0.65901825
5.428	0.65903801
5.429	0.65883779
5.430	0.65907381
5.431	0.65949602
5.432	0.65956905
5.433	0.65965368
5.434	0.65953969
5.435	0.65939557
5.436	0.65952329
5.437	0.65941162
5.438	0.65916602
5.439	0.65918389
5.440	0.65920419
5.441	0.65936033
5.442	0.65933935
5.443	0.65858784
5.444	0.65810210
5.445	0.65814340
5.446	0.65823542
5.447	0.65891268
5.448	0.65888880
5.449	0.65852244
5.450	0.65890457
5.451	0.65877588
5.452	0.65867350
5.453	0.65926769
5.454	0.65885949
5.455	0.65863525
5.456	0.65905384
5.457	0.65890864
5.458	0.65820312
5.459	0.65788488
5.460	0.65797429
5.461	0.65735109
5.462	0.65746247
5.463	0.65782366
5.464	0.65772719
5.465	0.65742317
5.466	0.65718104
5.467	0.65656866
5.468	0.65653575
5.469	0.65657941
5.470	0.65595223
5.471	0.65600245
5.472	0.65617381
5.473	0.65626996
5.474	0.65682231
5.475	0.65693965
5.476	0.65749607
5.477	0.65769981
5.478	0.65810699
5.479	0.65812158
5.480	0.65777521
5.481	0.65702298
5.482	0.65705875
5.483	0.65699008
5.484	0.65687358
5.485	0.65724423
5.486	0.65739886
5.487	0.65732943
5.488	0.65740448
5.489	0.65747723
5.490	0.65747215
5.491	0.65768020
5.492	0.65760432
5.493	0.65811305
5.494	0.65816013
5.495	0.65814716
5.496	0.65800087
5.497	0.65799532
5.498	0.65786236
5.499	0.65822803
5.500	0.65851351
5.501	0.65887109
5.502	0.65856267
5.503	0.65866755
5.504	0.65887010
5.505	0.65920393
5.506	0.65909568
5.507	0.65922848
5.508	0.65966847
5.509	0.65973917
5.510	0.65986957
5.511	0.65966466
5.512	0.65995668
5.513	0.65974807
5.514	0.65963616
5.515	0.65998154
5.516	0.65987207
5.517	0.65997576
5.518	0.65925255
5.519	0.65956298
5.520	0.65995181
5.521	0.65941478
5.522	0.65885574
5.523	0.65944474
5.524	0.65948587
5.525	0.65932074
5.526	0.65886977
5.527	0.65887811
5.528	0.65904813
5.529	0.65930511
5.530	0.65886997
5.531	0.65860287
5.532	0.65843072
5.533	0.65855940
5.534	0.65896920
5.535	0.65884422
5.536	0.65910972
5.537	0.65823180
5.538	0.65821297
5.539	0.65854471
5.540	0.65854375
5.541	0.65854712
5.542	0.65843454
5.543	0.65840787
5.544	0.65864918
5.545	0.65857782
5.546	0.65892016
5.547	0.65897300
5.548	0.65941664
5.549	0.65962736
5.550	0.65938648
5.551	0.65983216
5.552	0.65920119
5.553	0.65891848
5.554	0.65902285
5.555	0.65914840
5.556	0.65969288
5.557	0.65965755
5.558	0.65954800
5.559	0.65913647
5.560	0.65906525
5.561	0.65914435
5.562	0.65935362
5.563	0.65852636
5.564	0.65855566
5.565	0.65771279
5.566	0.65780480
5.567	0.65760412
5.568	0.65807610
5.569	0.65823701
5.570	0.65796668
5.571	0.65817717
5.572	0.65793129
5.573	0.65847372
5.574	0.65863890
5.575	0.65823381
5.576	0.65836985
5.577	0.65785264
5.578	0.65821929
5.579	0.65863435
5.580	0.65911327
5.581	0.65897842
5.582	0.65879968
5.583	0.65887107
5.584	0.65851022
5.585	0.65847929
5.586	0.65851781
5.587	0.65865893
5.588	0.65862850
5.589	0.65880602
5.590	0.65863320
5.591	0.65825532
5.592	0.65831164
5.593	0.65855752
5.594	0.65858486
5.595	0.65912803
5.596	0.65896953
5.597	0.65931757
5.598	0.65946697
5.599	0.65886765
5.600	0.65890251
5.601	0.65887503
5.602	0.65910361
5.603	0.65903224
5.604	0.65918277
5.605	0.65931601
5.606	0.65950824
5.607	0.65910244
5.608	0.65922891
5.609	0.65940143
5.610	0.65903334
5.611	0.65829977
5.612	0.65827984
5.613	0.65846492
5.614	0.65825008
5.615	0.65864679
5.616	0.65855040
5.617	0.65827404
5.618	0.65812647
5.619	0.65832154
5.620	0.65839018
5.621	0.65852243
5.622	0.65881802
5.623	0.65899019
5.624	0.65946231
5.625	0.65918567
5.626	0.65907302
5.627	0.65922073
5.628	0.65950803
5.629	0.65895538
5.630	0.65890848
5.631	0.65850335
5.632	0.65820232
5.633	0.65806408
5.634	0.65815430
5.635	0.65788708
5.636	0.65820904
5.637	0.65848689
5.638	0.65813392
5.639	0.65833824
5.640	0.65815255
5.641	0.65808341
5.642	0.65792110
5.643	0.65812092
5.644	0.65779017
5.645	0.65790581
5.646	0.65750062
5.647	0.65740989
5.648	0.65726891
5.649	0.65719707
5.650	0.65713859
5.651	0.65718276
5.652	0.65702901
5.653	0.65715330
5.654	0.65754787
5.655	0.65786951
5.656	0.65755885
5.657	0.65726662
5.658	0.65742628
5.659	0.65751636
5.660	0.65796144
5.661	0.65793338
5.662	0.65820920
5.663	0.65823003
5.664	0.65762461
5.665	0.65816515
5.666	0.65864417
5.667	0.65857791
5.668	0.65878707
5.669	0.65865207
5.670	0.65896026
5.671	0.65868345
5.672	0.65826093
5.673	0.65833275
5.674	0.65818803
5.675	0.65837882
5.676	0.65822352
5.677	0.65783224
5.678	0.65813252
5.679	0.65801487
5.680	0.65841755
5.681	0.65826825
5.682	0.65821285
5.683	0.65834826
5.684	0.65787852
5.685	0.65818519
5.686	0.65871947
5.687	0.65877454
5.688	0.65894284
5.689	0.65877324
5.690	0.65856734
5.691	0.65829286
5.692	0.65842106
5.693	0.65901565
5.694	0.65921504
5.695	0.65953073
5.696	0.65967204
5.697	0.65964196
5.698	0.65947787
5.699	0.65921247
5.700	0.65950881
5.701	0.65995946
5.702	0.66019162
5.703	0.66038653
5.704	0.66001764
5.705	0.66057480
5.706	0.65988078
5.707	0.65970019
5.708	0.66026238
5.709	0.66074570
5.710	0.66079004
5.711	0.66092443
5.712	0.66101067
5.713	0.66074840
5.714	0.66078914
5.715	0.66056065
5.716	0.66032615
5.717	0.66052938
5.718	0.66106251
5.719	0.66108194
5.720	0.66132252
5.721	0.66139313
5.722	0.66149243
5.723	0.66162289
5.724	0.66138864
5.725	0.66174909
5.726	0.66170937
5.727	0.66228809
5.728	0.66276616
5.729	0.66265537
5.730	0.66282509
5.731	0.66264129
5.732	0.66242466
5.733	0.66214003
5.734	0.66213388
5.735	0.66232464
5.736	0.66290120
5.737	0.66241315
5.738	0.66192257
5.739	0.66223360
5.740	0.66230548
5.741	0.66262612
5.742	0.66246080
5.743	0.66281745
5.744	0.66255219
5.745	0.66249610
5.746	0.66294445
5.747	0.66257520
5.748	0.66215978
5.749	0.66230117
5.750	0.66250496
5.751	0.66227501
5.752	0.66201808
5.753	0.66229677
5.754	0.66222452
5.755	0.66297544
5.756	0.66225494
5.757	0.66234360
5.758	0.66230217
5.759	0.66285220
5.760	0.66245868
5.761	0.66265820
5.762	0.66279062
5.763	0.66274452
5.764	0.66247658
5.765	0.66286963
5.766	0.66265086
5.767	0.66286977
5.768	0.66309145
5.769	0.66336488
5.770	0.66298475
5.771	0.66337761
5.772	0.66390688
5.773	0.66413722
5.774	0.66406857
5.775	0.66407033
5.776	0.66428756
5.777	0.66430724
5.778	0.66458984
5.779	0.66458037
5.780	0.66497331
5.781	0.66491202
5.782	0.66476448
5.783	0.66423470
5.784	0.66409770
5.785	0.66405987
5.786	0.66413471
5.787	0.66416622
5.788	0.66376989
5.789	0.66393502
5.790	0.66409273
5.791	0.66340195
5.792	0.66360468
5.793	0.66342416
5.794	0.66379741
5.795	0.66364611
5.796	0.66369068
5.797	0.66338383
5.798	0.66340570
5.799	0.66332838
5.800	0.66363210
5.801	0.66380098
5.802	0.66391932
5.803	0.66358571
5.804	0.66390884
5.805	0.66423903
5.806	0.66431528
5.807	0.66440542
5.808	0.66422606
5.809	0.66405590
5.810	0.66446443
5.811	0.66438572
5.812	0.66469655
5.813	0.66489417
5.814	0.66510754
5.815	0.66467453
5.816	0.66427203
5.817	0.66466583
5.818	0.66469154
5.819	0.66514787
5.820	0.66502103
5.821	0.66512855
5.822	0.66487503
5.823	0.66488339
5.824	0.66512999
5.825	0.66501123
5.826	0.66517314
5.827	0.66549952
5.828	0.66483849
5.829	0.66517548
5.830	0.66487382
5.831	0.66440741
5.832	0.66401523
5.833	0.66449334
5.834	0.66470462
5.835	0.66501360
5.836	0.66471509
5.837	0.66528092
5.838	0.66473475
5.839	0.66491615
5.840	0.66444451
5.841	0.66483366
5.842	0.66455872
5.843	0.66419781
5.844	0.66383031
5.845	0.66367105
5.846	0.66374827
5.847	0.66373326
5.848	0.66397830
5.849	0.66397089
5.850	0.66419909
5.851	0.66444396
5.852	0.66446059
5.853	0.66475308
5.854	0.66495240
5.855	0.66447296
5.856	0.66432128
5.857	0.66413377
5.858	0.66406541
5.859	0.66461461
5.860	0.66483497
5.861	0.66385131
5.862	0.66346566
5.863	0.66365041
5.864	0.66393391
5.865	0.66368124
5.866	0.66415456
5.867	0.66401492
5.868	0.66389017
5.869	0.66383580
5.870	0.66409125
5.871	0.66421631
5.872	0.66499517
5.873	0.66488322
5.874	0.66461909
5.875	0.66459363
5.876	0.66446797
5.877	0.66454306
5.878	0.66498739
5.879	0.66514394
5.880	0.66534600
5.881	0.66569633
5.882	0.66559275
5.883	0.66517513
5.884	0.66519243
5.885	0.66513248
5.886	0.66552245
5.887	0.66556330
5.888	0.66503656
5.889	0.66474418
5.890	0.66524750
5.891	0.66539586
5.892	0.66528660
5.893	0.66544085
5.894	0.66581082
5.895	0.66553934
5.896	0.66563110
5.897	0.66550354
5.898	0.66561943
5.899	0.66546887
5.900	0.66531455
5.901	0.66534663
5.902	0.66540896
5.903	0.66552891
5.904	0.66586320
5.905	0.66651105
5.906	0.66665924
5.907	0.66665768
5.908	0.66651098
5.909	0.66644560
5.910	0.66606367
5.911	0.66603722
5.912	0.66626777
5.913	0.66641824
5.914	0.66638670
5.915	0.66657448
5.916	0.66696800
5.917	0.66682873
5.918	0.66685571
5.919	0.66660824
5.920	0.66639900
5.921	0.66583245
5.922	0.66594378
5.923	0.66574618
5.924	0.66617520
5.925	0.66619470
5.926	0.66644614
5.927	0.66641572
5.928	0.66673971
5.929	0.66704702
5.930	0.66633333
5.931	0.66617520
5.932	0.66670357
5.933	0.66639560
5.934	0.66670688
5.935	0.66695385
5.936	0.66656429
5.937	0.66653987
5.938	0.66640134
5.939	0.66629443
5.940	0.66652125
5.941	0.66670472
5.942	0.66687551
5.943	0.66659377
5.944	0.66634179
5.945	0.66619845
5.946	0.66615735
5.947	0.66582136
5.948	0.66579987
5.949	0.66584382
5.950	0.66603949
5.951	0.66548440
5.952	0.66548244
5.953	0.66542021
5.954	0.66497408
5.955	0.66451094
5.956	0.66451994
5.957	0.66448156
5.958	0.66465396
5.959	0.66459681
5.960	0.66462812
5.961	0.66524381
5.962	0.66555401
5.963	0.66563266
5.964	0.66541151
5.965	0.66495281
5.966	0.66518178
5.967	0.66532148
5.968	0.66577173
5.969	0.66536957
5.970	0.66513617
5.971	0.66464752
5.972	0.66456773
5.973	0.66435334
5.974	0.66445861
5.975	0.66392860
5.976	0.66407665
5.977	0.66381102
5.978	0.66407854
5.979	0.66410976
5.980	0.66393898
5.981	0.66416396
5.982	0.66479434
5.983	0.66451657
5.984	0.66512339
5.985	0.66530651
5.986	0.66541679
5.987	0.66527327
5.988	0.66514690
5.989	0.66525301
5.990	0.66543851
5.991	0.66561472
5.992	0.66568386
5.993	0.66572825
5.994	0.66601861
5.995	0.66540654
5.996	0.66483711
5.997	0.66498213
5.998	0.66536844
5.999	0.66532492
6.000	0.66540855
6.001	0.66552081
6.002	0.66558140
6.003	0.66580588
6.004	0.66616352
6.005	0.66656970
6.006	0.66653327
6.007	0.66641215
6.008	0.66655553
6.009	0.66642958
6.010	0.66640744
6.011	0.66643410
6.012	0.66678901
6.013	0.66652435
6.014	0.66642716
6.015	0.66662152
6.016	0.66673220
6.017	0.66641954
6.018	0.66615791
6.019	0.66626096
6.020	0.66655608
6.021	0.66650274
6.022	0.66674016
6.023	0.66717971
6.024	0.66704544
6.025	0.66772638
6.026	0.66785515
6.027	0.66811036
6.028	0.66752826
6.029	0.66719956
6.030	0.66733241
6.031	0.66794058
6.032	0.66781256
6.033	0.66842818
6.034	0.66858308
6.035	0.66865579
6.036	0.66841221
6.037	0.66861446
6.038	0.66862404
6.039	0.66808979
6.040	0.66805491
6.041	0.66786390
6.042	0.66770820
6.043	0.66810924
6.044	0.66766866
6.045	0.66749490
6.046	0.66760013
6.047	0.66764966
6.048	0.66724390
6.049	0.66649019
6.050	0.66657922
6.051	0.66630281
6.052	0.66612247
6.053	0.66624817
6.054	0.66658505
6.055	0.66705887
6.056	0.66670443
6.057	0.66694709
6.058	0.66700628
6.059	0.66690341
6.060	0.66661727
6.061	0.66681741
6.062	0.66648914
6.063	0.66651703
6.064	0.66666261
6.065	0.66618861
6.066	0.66630568
6.067	0.66657610
6.068	0.66658625
6.069	0.66615718
6.070	0.66598406
6.071	0.66566004
6.072	0.66565968
6.073	0.66552427
6.074	0.66584333
6.075	0.66535507
6.076	0.66528793
6.077	0.66530548
6.078	0.66560299
6.079	0.66586831
6.080	0.66578697
6.081	0.66566188
6.082	0.66582529
6.083	0.66601728
6.084	0.66621789
6.085	0.66594463
6.086	0.66563399
6.087	0.66542568
6.088	0.66516477
6.089	0.66511827
6.090	0.66463366
6.091	0.66511743
6.092	0.66495178
6.093	0.66449213
6.094	0.66462410
6.095	0.66500904
6.096	0.66501069
6.097	0.66464681
6.098	0.66466618
6.099	0.66474790
6.100	0.66475624
6.101	0.66517454
6.102	0.66533842
6.103	0.66558483
6.104	0.66548462
6.105	0.66552746
6.106	0.66561369
6.107	0.66531456
6.108	0.66512580
6.109	0.66448954
6.110	0.66423841
6.111	0.66384463
6.112	0.66375436
6.113	0.66383174
6.114	0.66385251
6.115	0.66334005
6.116	0.66296464
6.117	0.66277201
6.118	0.66263427
6.119	0.66273420
6.120	0.66275060
6.121	0.66277294
6.122	0.66312974
6.123	0.66282618
6.124	0.66275535
6.125	0.66281479
6.126	0.66279819
6.127	0.66279896
6.128	0.66297499
6.129	0.66279939
6.130	0.66275860
6.131	0.66241923
6.132	0.66217681
6.133	0.66264373
6.134	0.66247887
6.135	0.66244999
6.136	0.66262546
6.137	0.66265463
6.138	0.66262685
6.139	0.66216505
6.140	0.66211338
6.141	0.66170616
6.142	0.66202374
6.143	0.66188411
6.144	0.66176130
6.145	0.66154176
6.146	0.66149357
6.147	0.66104524
6.148	0.66071180
6.149	0.66064019
6.150	0.66092695
6.151	0.66116916
6.152	0.66091757
6.153	0.66055211
6.154	0.66021008
6.155	0.66036347
6.156	0.65984102
6.157	0.65986048
6.158	0.65938931
6.159	0.65937094
6.160	0.65923533
6.161	0.65935278
6.162	0.65958419
6.163	0.65965267
6.164	0.65951394
6.165	0.65939859
6.166	0.65941767
6.167	0.65908417
6.168	0.65905731
6.169	0.65939176
6.170	0.65973985
6.171	0.65960993
6.172	0.65981025
6.173	0.66024685
6.174	0.66064671
6.175	0.66084538
6.176	0.66098253
6.177	0.66127384
6.178	0.66135995
6.179	0.66165957
6.180	0.66199426
6.181	0.66261988
6.182	0.66250814
6.183	0.66225049
6.184	0.66238098
6.185	0.66238656
6.186	0.66278772
6.187	0.66249696
6.188	0.66246607
6.189	0.66287008
6.190	0.66222025
6.191	0.66230233
6.192	0.66235093
6.193	0.66220043
6.194	0.66226645
6.195	0.66281945
6.196	0.66290796
6.197	0.66341988
6.198	0.66367589
6.199	0.66409930
6.200	0.66473310
6.201	0.66496004
6.202	0.66499745
6.203	0.66440416
6.204	0.66443654
6.205	0.66479215
6.206	0.66474074
6.207	0.66481298
6.208	0.66474330
6.209	0.66449146
6.210	0.66392718
6.211	0.66428139
6.212	0.66453823
6.213	0.66493789
6.214	0.66503963
6.215	0.66503906
6.216	0.66529096
6.217	0.66508744
6.218	0.66460710
6.219	0.66483486
6.220	0.66506718
6.221	0.66518678
6.222	0.66522968
6.223	0.66597754
6.224	0.66592184
6.225	0.66593571
6.226	0.66599135
6.227	0.66580584
6.228	0.66617257
6.229	0.66623721
6.230	0.66593966
6.231	0.66597742
6.232	0.66598098
6.233	0.66570912
6.234	0.66548068
6.235	0.66578205
6.236	0.66595467
6.237	0.66552655
6.238	0.66523267
6.239	0.66491599
6.240	0.66545018
6.241	0.66508866
6.242	0.66500922
6.243	0.66516992
6.244	0.66458211
6.245	0.66495265
6.246	0.66523849
6.247	0.66535452
6.248	0.66536662
6.249	0.66518608
6.250	0.66542024
6.251	0.66554751
6.252	0.66597460
6.253	0.66546842
6.254	0.66580569
6.255	0.66549985
6.256	0.66559619
6.257	0.66584104
6.258	0.66572772
6.259	0.66569150
6.260	0.66558103
6.261	0.66516882
6.262	0.66495130
6.263	0.66547036
6.264	0.66516615
6.265	0.66448930
6.266	0.66421671
6.267	0.66391829
6.268	0.66430620
6.269	0.66380699
6.270	0.66394547
6.271	0.66430029
6.272	0.66406161
6.273	0.66422459
6.274	0.66449431
6.275	0.66394190
6.276	0.66397840
6.277	0.66424913
6.278	0.66431544
6.279	0.66473710
6.280	0.66476793
6.281	0.66481687
6.282	0.66500384
6.283	0.66531607
6.284	0.66500552
6.285	0.66488824
6.286	0.66474897
6.287	0.66544100
6.288	0.66606075
6.289	0.66618428
6.290	0.66622047
6.291	0.66552958
6.292	0.66511588
6.293	0.66434611
6.294	0.66406605
6.295	0.66453656
6.296	0.66464584
6.297	0.66478134
6.298	0.66479456
6.299	0.66467736
6.300	0.66529451
6.301	0.66510989
6.302	0.66516064
6.303	0.66443325
6.304	0.66455415
6.305	0.66487091
6.306	0.66441248
6.307	0.66418313
6.308	0.66412110
6.309	0.66405329
6.310	0.66393313
6.311	0.66410953
6.312	0.66417138
6.313	0.66471650
6.314	0.66450552
6.315	0.66438477
6.316	0.66445099
6.317	0.66479753
6.318	0.66471617
6.319	0.66466942
6.320	0.66513829
6.321	0.66545905
6.322	0.66551524
6.323	0.66542235
6.324	0.66536961
6.325	0.66538271
6.326	0.66529311
6.327	0.66472649
6.328	0.66495288
6.329	0.66421289
6.330	0.66376163
6.331	0.66377881
6.332	0.66302082
6.333	0.66278609
6.334	0.66286550
6.335	0.66280887
6.336	0.66274782
6.337	0.66260175
6.338	0.66287862
6.339	0.66342642
6.340	0.66318209
6.341	0.66308422
6.342	0.66309912
6.343	0.66298238
6.344	0.66301924
6.345	0.66293180
6.346	0.66294647
6.347	0.66260235
6.348	0.66261067
6.349	0.66319687
6.350	0.66360560
6.351	0.66422410
6.352	0.66439002
6.353	0.66417101
6.354	0.66414441
6.355	0.66442224
6.356	0.66471291
6.357	0.66442551
6.358	0.66401965
6.359	0.66409748
6.360	0.66397043
6.361	0.66318769
6.362	0.66302653
6.363	0.66302436
6.364	0.66288521
6.365	0.66265446
6.366	0.66237004
6.367	0.66216882
6.368	0.66192119
6.369	0.66202845
6.370	0.66209036
6.371	0.66234233
6.372	0.66237906
6.373	0.66248865
6.374	0.66237149
6.375	0.66245621
6.376	0.66231756
6.377	0.66234970
6.378	0.66210076
6.379	0.66204430
6.380	0.66181428
6.381	0.66205830
6.382	0.66223212
6.383	0.66209944
6.384	0.66202493
6.385	0.66173556
6.386	0.66160675
6.387	0.66183558
6.388	0.66165072
6.389	0.66181896
6.390	0.66191860
6.391	0.66208961
6.392	0.66235340
6.393	0.66145366
6.394	0.66163537
6.395	0.66109754
6.396	0.66098434
6.397	0.66124481
6.398	0.66097123
6.399	0.66132682
6.400	0.66171277
6.401	0.66185763
6.402	0.66136352
6.403	0.66130721
6.404	0.66164923
6.405	0.66175566
6.406	0.66179287
6.407	0.66173378
6.408	0.66217252
6.409	0.66243764
6.410	0.66277439
6.411	0.66325966
6.412	0.66342462
6.413	0.66300891
6.414	0.66351289
6.415	0.66341783
6.416	0.66346287
6.417	0.66361885
6.418	0.66367795
6.419	0.66368900
6.420	0.66272875
6.421	0.66225180
6.422	0.66197124
6.423	0.66229011
6.424	0.66250416
6.425	0.66183173
6.426	0.66179139
6.427	0.66167009
6.428	0.66152966
6.429	0.66168645
6.430	0.66132856
6.431	0.66128976
6.432	0.66110308
6.433	0.66172274
6.434	0.66179462
6.435	0.66220379
6.436	0.66221277
6.437	0.66172878
6.438	0.66157424
6.439	0.66148594
6.440	0.66142421
6.441	0.66123192
6.442	0.66122885
6.443	0.66070132
6.444	0.66038754
6.445	0.66074222
6.446	0.66074053
6.447	0.66125190
6.448	0.66163825
6.449	0.66156353
6.450	0.66178409
6.451	0.66181420
6.452	0.66187955
6.453	0.66219261
6.454	0.66205093
6.455	0.66175891
6.456	0.66196107
6.457	0.66216093
6.458	0.66231154
6.459	0.66257398
6.460	0.66289742
6.461	0.66300084
6.462	0.66287962
6.463	0.66248569
6.464	0.66261325
6.465	0.66229621
6.466	0.66161992
6.467	0.66184647
6.468	0.66195249
6.469	0.66253843
6.470	0.66281728
6.471	0.66270166
6.472	0.66263841
6.473	0.66252869
6.474	0.66246049
6.475	0.66218969
6.476	0.66213559
6.477	0.66205738
6.478	0.66197450
6.479	0.66156026
6.480	0.66126010
6.481	0.66139385
6.482	0.66133541
6.483	0.66116444
6.484	0.66084813
6.485	0.66104341
6.486	0.66137044
6.487	0.66154724
6.488	0.66167200
6.489	0.66190427
6.490	0.66153550
6.491	0.66156705
6.492	0.66178019
6.493	0.66168900
6.494	0.66172652
6.495	0.66167755
6.496	0.66153829
6.497	0.66159756
6.498	0.66109805
6.499	0.66096646
6.500	0.66116965
6.501	0.66110868
6.502	0.66119369
6.503	0.66125530
6.504	0.66094375
6.505	0.66077124
6.506	0.66016220
6.507	0.66071555
6.508	0.66030975
6.509	0.66049489
6.510	0.66016946
6.511	0.66026821
6.512	0.66022910
6.513	0.66035171
6.514	0.65977118
6.515	0.66018052
6.516	0.66117218
6.517	0.66128988
6.518	0.66070810
6.519	0.66075287
6.520	0.66115719
6.521	0.66115339
6.522	0.66136350
6.523	0.66216201
6.524	0.66205863
6.525	0.66217553
6.526	0.66178344
6.527	0.66198529
6.528	0.66180985
6.529	0.66202985
6.530	0.66216928
6.531	0.66241403
6.532	0.66250609
6.533	0.66243017
6.534	0.66241678
6.535	0.66240281
6.536	0.66224971
6.537	0.66226068
6.538	0.66209720
6.539	0.66252097
6.540	0.66275232
6.541	0.66265279
6.542	0.66282900
6.543	0.66266752
6.544	0.66249638
6.545	0.66236967
6.546	0.66243911
6.547	0.66222354
6.548	0.66221804
6.549	0.66214248
6.550	0.66195186
6.551	0.66212484
6.552	0.66227497
6.553	0.66211326
6.554	0.66218785
6.555	0.66251319
6.556	0.66204617
6.557	0.66181872
6.558	0.66212660
6.559	0.66224601
6.560	0.66195757
6.561	0.66178148
6.562	0.66160719
6.563	0.66229739
6.564	0.66217666
6.565	0.66186878
6.566	0.66207444
6.567	0.66198831
6.568	0.66209503
6.569	0.66259478
6.570	0.66315720
6.571	0.66324661
6.572	0.66344323
6.573	0.66385633
6.574	0.66390908
6.575	0.66387895
6.576	0.66425237
6.577	0.66493932
6.578	0.66504631
6.579	0.66537959
6.580	0.66573262
6.581	0.66558482
6.582	0.66527852
6.583	0.66484426
6.584	0.66438718
6.585	0.66435583
6.586	0.66391951
6.587	0.66363037
6.588	0.66387721
6.589	0.66386355
6.590	0.66357745
6.591	0.66391126
6.592	0.66415375
6.593	0.66390031
6.594	0.66359159
6.595	0.66349834
6.596	0.66295785
6.597	0.66315623
6.598	0.66294352
6.599	0.66310261
6.600	0.66306814
6.601	0.66306291
6.602	0.66309441
6.603	0.66319579
6.604	0.66306988
6.605	0.66272477
6.606	0.66275861
6.607	0.66264900
6.608	0.66235963
6.609	0.66260180
6.610	0.66272675
6.611	0.66284078
6.612	0.66327978
6.613	0.66347195
6.614	0.66365696
6.615	0.66392815
6.616	0.66374455
6.617	0.66401421
6.618	0.66392687
6.619	0.66327528
6.620	0.66308436
6.621	0.66254025
6.622	0.66297783
6.623	0.66249207
6.624	0.66285729
6.625	0.66286259
6.626	0.66252197
6.627	0.66237249
6.628	0.66227486
6.629	0.66240618
6.630	0.66262951
6.631	0.66242381
6.632	0.66200706
6.633	0.66172052
6.634	0.66223821
6.635	0.66255319
6.636	0.66268515
6.637	0.66243705
6.638	0.66266871
6.639	0.66271925
6.640	0.66269163
6.641	0.66292186
6.642	0.66334196
6.643	0.66308112
6.644	0.66295233
6.645	0.66322455
6.646	0.66306127
6.647	0.66299478
6.648	0.66325005
6.649	0.66307882
6.650	0.66268385
6.651	0.66251502
6.652	0.66293817
6.653	0.66321822
6.654	0.66344422
6.655	0.66343146
6.656	0.66333258
6.657	0.66330451
6.658	0.66354322
6.659	0.66303621
6.660	0.66292845
6.661	0.66290681
6.662	0.66264251
6.663	0.66250787
6.664	0.66268322
6.665	0.66276450
6.666	0.66304062
6.667	0.66270785
6.668	0.66273734
6.669	0.66305614
6.670	0.66259538
6.671	0.66266254
6.672	0.66253037
6.673	0.66272434
6.674	0.66292117
6.675	0.66301286
6.676	0.66299907
6.677	0.66287338
6.678	0.66284222
6.679	0.66271963
6.680	0.66295452
6.681	0.66372344
6.682	0.66361950
6.683	0.66353061
6.684	0.66340867
6.685	0.66314489
6.686	0.66290370
6.687	0.66288649
6.688	0.66273875
6.689	0.66259708
6.690	0.66244671
6.691	0.66266177
6.692	0.66262548
6.693	0.66271863
6.694	0.66231880
6.695	0.66293711
6.696	0.66316924
6.697	0.66304085
6.698	0.66290966
6.699	0.66255112
6.700	0.66272972
6.701	0.66298050
6.702	0.66293208
6.703	0.66322821
6.704	0.66322534
6.705	0.66349850
6.706	0.66355233
6.707	0.66364714
6.708	0.66409856
6.709	0.66351142
6.710	0.66359265
6.711	0.66360076
6.712	0.66323902
6.713	0.66338823
6.714	0.66390375
6.715	0.66402355
6.716	0.66394198
6.717	0.66367893
6.718	0.66347581
6.719	0.66328178
6.720	0.66362120
6.721	0.66323334
6.722	0.66299295
6.723	0.66327410
6.724	0.66313411
6.725	0.66283011
6.726	0.66275365
6.727	0.66282899
6.728	0.66268435
6.729	0.66271659
6.730	0.66222710
6.731	0.66199676
6.732	0.66166215
6.733	0.66095966
6.734	0.66057351
6.735	0.66065288
6.736	0.66073865
6.737	0.66070949
6.738	0.66090962
6.739	0.66069517
6.740	0.66086797
6.741	0.66107725
6.742	0.66083669
6.743	0.66083060
6.744	0.66085348
6.745	0.66081591
6.746	0.66080807
6.747	0.66029219
6.748	0.66069155
6.749	0.66094742
6.750	0.66076507
6.751	0.66067229
6.752	0.66083788
6.753	0.66057326
6.754	0.66062359
6.755	0.66012580
6.756	0.66022287
6.757	0.66061771
6.758	0.66021694
6.759	0.66040774
6.760	0.66047500
6.761	0.66043795
6.762	0.66039156
6.763	0.66072446
6.764	0.66104627
6.765	0.66141364
6.766	0.66120236
6.767	0.66061635
6.768	0.66064093
6.769	0.66145158
6.770	0.66115548
6.771	0.66150188
6.772	0.66184366
6.773	0.66182350
6.774	0.66148121
6.775	0.66141454
6.776	0.66086552
6.777	0.66085140
6.778	0.66106032
6.779	0.66119060
6.780	0.66134704
6.781	0.66130406
6.782	0.66084871
6.783	0.66111949
6.784	0.66128866
6.785	0.66129227
6.786	0.66062562
6.787	0.66071714
6.788	0.66047694
6.789	0.66003619
6.790	0.65942362
6.791	0.65937527
6.792	0.65953865
6.793	0.65928522
6.794	0.65919872
6.795	0.65922869
6.796	0.65965303
6.797	0.65989258
6.798	0.66019149
6.799	0.66020824
6.800	0.66048969
6.801	0.66043147
6.802	0.66030149
6.803	0.66045395
6.804	0.66057761
6.805	0.66071083
6.806	0.66054429
6.807	0.66095841
6.808	0.66108679
6.809	0.66100896
6.810	0.66118922
6.811	0.66124785
6.812	0.66090954
6.813	0.66104974
6.814	0.66074876
6.815	0.66061463
6.816	0.66078304
6.817	0.66045408
6.818	0.66024599
6.819	0.66058651
6.820	0.66070762
6.821	0.66079292
6.822	0.66000426
6.823	0.65946592
6.824	0.65930400
6.825	0.65945519
6.826	0.65910342
6.827	0.65891037
6.828	0.65897666
6.829	0.65871485
6.830	0.65843211
6.831	0.65876546
6.832	0.65922377
6.833	0.65962536
6.834	0.65972415
6.835	0.65998712
6.836	0.65964416
6.837	0.65930601
6.838	0.65944944
6.839	0.65926745
6.840	0.65944192
6.841	0.65931463
6.842	0.65867245
6.843	0.65913830
6.844	0.65965265
6.845	0.65984821
6.846	0.65975859
6.847	0.65981630
6.848	0.65920315
6.849	0.65938735
6.850	0.65928691
6.851	0.65877110
6.852	0.65907950
6.853	0.65904982
6.854	0.65912097
6.855	0.65902018
6.856	0.65917075
6.857	0.65943777
6.858	0.65987879
6.859	0.65974134
6.860	0.65988601
6.861	0.65944653
6.862	0.65934637
6.863	0.65970536
6.864	0.65997082
6.865	0.66015389
6.866	0.65964888
6.867	0.65985218
6.868	0.65967844
6.869	0.65945775
6.870	0.65959172
6.871	0.65926624
6.872	0.65890660
6.873	0.65922948
6.874	0.65978180
6.875	0.66033339
6.876	0.66046120
6.877	0.66045473
6.878	0.66095351
6.879	0.66074954
6.880	0.66069794
6.881	0.66100786
6.882	0.66074438
6.883	0.66116634
6.884	0.66139329
6.885	0.66125269
6.886	0.66122923
6.887	0.66129666
6.888	0.66130781
6.889	0.66134864
6.890	0.66140138
6.891	0.66175246
6.892	0.66211757
6.893	0.66156130
6.894	0.66183499
6.895	0.66244465
6.896	0.66172047
6.897	0.66148742
6.898	0.66126544
6.899	0.66172821
6.900	0.66201673
6.901	0.66222551
6.902	0.66169727
6.903	0.66148163
6.904	0.66164834
6.905	0.66160348
6.906	0.66130492
6.907	0.66126653
6.908	0.66142946
6.909	0.66094339
6.910	0.66065782
6.911	0.66058235
6.912	0.66027904
6.913	0.66015772
6.914	0.66064389
6.915	0.66048357
6.916	0.66073680
6.917	0.66040860
6.918	0.65985409
6.919	0.65967798
6.920	0.65972448
6.921	0.66001822
6.922	0.65982327
6.923	0.65965025
6.924	0.65963316
6.925	0.65979667
6.926	0.65980607
6.927	0.66024923
6.928	0.66027346
6.929	0.66006313
6.930	0.65997589
6.931	0.65995325
6.932	0.66005334
6.933	0.66034513
6.934	0.66023495
6.935	0.66002975
6.936	0.66003244
6.937	0.65948330
6.938	0.65959080
6.939	0.65936756
6.940	0.65922911
6.941	0.65913258
6.942	0.65921627
6.943	0.65933359
6.944	0.65946112
6.945	0.66002777
6.946	0.66002021
6.947	0.65977751
6.948	0.66005412
6.949	0.66007559
6.950	0.66057109
6.951	0.66052578
6.952	0.66040186
6.953	0.66023574
6.954	0.66032192
6.955	0.66078220
6.956	0.66128462
6.957	0.66096987
6.958	0.66077394
6.959	0.66090291
6.960	0.66074786
6.961	0.66090222
6.962	0.66088824
6.963	0.66099071
6.964	0.66081085
6.965	0.66062078
6.966	0.66036087
6.967	0.66022531
6.968	0.65963806
6.969	0.66025895
6.970	0.66011404
6.971	0.66021270
6.972	0.65987930
6.973	0.65995844
6.974	0.66034015
6.975	0.66043580
6.976	0.66029344
6.977	0.66023179
6.978	0.66035178
6.979	0.65986636
6.980	0.65969348
6.981	0.65924886
6.982	0.65952614
6.983	0.65922184
6.984	0.65913596
6.985	0.65910086
6.986	0.65917457
6.987	0.65937314
6.988	0.65904941
6.989	0.65905097
6.990	0.65955017
6.991	0.65978386
6.992	0.65945619
6.993	0.65982701
6.994	0.65979274
6.995	0.65995903
6.996	0.66032648
6.997	0.66044302
6.998	0.66058362
6.999	0.66061818
7.000	0.66050462
7.001	0.66053573
7.002	0.66042353
7.003	0.66025274
7.004	0.65984949
7.005	0.66015456
7.006	0.65995964
7.007	0.66021564
7.008	0.66029779
7.009	0.66005904
7.010	0.65955252
7.011	0.65977815
7.012	0.66017026
7.013	0.66012827
7.014	0.66000542
7.015	0.66021529
7.016	0.65968492
7.017	0.65921306
7.018	0.65907772
7.019	0.65920071
7.020	0.65900698
7.021	0.65876425
7.022	0.65865068
7.023	0.65894723
7.024	0.65877726
7.025	0.65910723
7.026	0.65912999
7.027	0.65928796
7.028	0.65950125
7.029	0.65953532
7.030	0.65920431
7.031	0.65949726
7.032	0.65936383
7.033	0.65882122
7.034	0.65875895
7.035	0.65937033
7.036	0.65923119
7.037	0.65914433
7.038	0.65937293
7.039	0.65954251
7.040	0.65995116
7.041	0.65954023
7.042	0.65977775
7.043	0.65958018
7.044	0.65962696
7.045	0.65942592
7.046	0.65929176
7.047	0.65995539
7.048	0.66031746
7.049	0.65949565
7.050	0.65975658
7.051	0.65970261
7.052	0.66014362
7.053	0.65986133
7.054	0.66011252
7.055	0.66022719
7.056	0.66053078
7.057	0.66043058
7.058	0.66011799
7.059	0.65998494
7.060	0.66007111
7.061	0.65973719
7.062	0.65977425
7.063	0.66015050
7.064	0.66017461
7.065	0.66001480
7.066	0.65997830
7.067	0.65937850
7.068	0.65927066
7.069	0.65893787
7.070	0.65846475
7.071	0.65837126
7.072	0.65787613
7.073	0.65770881
7.074	0.65761938
7.075	0.65735729
7.076	0.65757224
7.077	0.65785278
7.078	0.65776707
7.079	0.65730785
7.080	0.65734440
7.081	0.65686755
7.082	0.65687108
7.083	0.65686754
7.084	0.65746819
7.085	0.65732625
7.086	0.65733283
7.087	0.65716658
7.088	0.65693987
7.089	0.65650991
7.090	0.65663920
7.091	0.65659974
7.092	0.65642524
7.093	0.65630094
7.094	0.65664178
7.095	0.65661621
7.096	0.65645829
7.097	0.65587759
7.098	0.65571962
7.099	0.65567542
7.100	0.65618450
7.101	0.65631553
7.102	0.65641847
7.103	0.65622637
7.104	0.65634841
7.105	0.65590651
7.106	0.65585943
7.107	0.65587405
7.108	0.65560083
7.109	0.65592446
7.110	0.65569811
7.111	0.65556501
7.112	0.65513859
7.113	0.65473802
7.114	0.65470066
7.115	0.65470246
7.116	0.65488446
7.117	0.65551638
7.118	0.65523987
7.119	0.65515318
7.120	0.65495872
7.121	0.65513092
7.122	0.65503478
7.123	0.65467783
7.124	0.65469899
7.125	0.65504814
7.126	0.65450752
7.127	0.65445488
7.128	0.65440665
7.129	0.65398094
7.130	0.65372042
7.131	0.65330461
7.132	0.65335431
7.133	0.65339392
7.134	0.65363887
7.135	0.65353738
7.136	0.65349529
7.137	0.65330925
7.138	0.65265918
7.139	0.65268104
7.140	0.65295576
7.141	0.65252676
7.142	0.65239447
7.143	0.65263986
7.144	0.65270330
7.145	0.65237196
7.146	0.65201721
7.147	0.65200171
7.148	0.65210835
7.149	0.65208306
7.150	0.65217659
7.151	0.65206155
7.152	0.65211105
7.153	0.65181032
7.154	0.65173404
7.155	0.65184452
7.156	0.65211000
7.157	0.65213134
7.158	0.65219235
7.159	0.65206940
7.160	0.65152537
7.161	0.65190330
7.162	0.65166066
7.163	0.65236231
7.164	0.65238161
7.165	0.65254838
7.166	0.65264116
7.167	0.65254286
7.168	0.65274453
7.169	0.65269997
7.170	0.65329118
7.171	0.65300721
7.172	0.65307267
7.173	0.65302957
7.174	0.65313811
7.175	0.65353673
7.176	0.65323945
7.177	0.65303855
7.178	0.65318445
7.179	0.65327059
7.180	0.65279710
7.181	0.65280745
7.182	0.65283386
7.183	0.65328838
7.184	0.65350763
7.185	0.65365766
7.186	0.65376911
7.187	0.65373852
7.188	0.65393984
7.189	0.65400373
7.190	0.65413251
7.191	0.65406966
7.192	0.65382057
7.193	0.65402571
7.194	0.65387228
7.195	0.65393650
7.196	0.65421881
7.197	0.65450351
7.198	0.65423191
7.199	0.65394327
7.200	0.65397856
7.201	0.65414025
7.202	0.65454539
7.203	0.65397641
7.204	0.65420528
7.205	0.65452387
7.206	0.65466636
7.207	0.65486237
7.208	0.65505813
7.209	0.65479487
7.210	0.65445993
7.211	0.65436460
7.212	0.65418155
7.213	0.65398291
7.214	0.65412965
7.215	0.65410275
7.216	0.65397081
7.217	0.65350459
7.218	0.65336849
7.219	0.65330772
7.220	0.65320631
7.221	0.65357463
7.222	0.65382935
7.223	0.65377900
7.224	0.65385421
7.225	0.65336839
7.226	0.65314165
7.227	0.65294910
7.228	0.65269238
7.229	0.65285287
7.230	0.65291560
7.231	0.65231631
7.232	0.65193767
7.233	0.65259460
7.234	0.65301171
7.235	0.65308592
7.236	0.65355759
7.237	0.65351971
7.238	0.65350831
7.239	0.65316620
7.240	0.65348567
7.241	0.65370739
7.242	0.65387476
7.243	0.65415107
7.244	0.65354836
7.245	0.65350808
7.246	0.65407861
7.247	0.65384176
7.248	0.65388945
7.249	0.65398973
7.250	0.65379823
7.251	0.65434088
7.252	0.65409986
7.253	0.65382341
7.254	0.65357603
7.255	0.65365031
7.256	0.65374132
7.257	0.65403294
7.258	0.65318976
7.259	0.65362513
7.260	0.65426779
7.261	0.65507790
7.262	0.65506374
7.263	0.65501733
7.264	0.65522209
7.265	0.65553550
7.266	0.65542391
7.267	0.65541619
7.268	0.65541048
7.269	0.65527267
7.270	0.65503378
7.271	0.65456956
7.272	0.65455940
7.273	0.65477326
7.274	0.65476387
7.275	0.65486411
7.276	0.65476398
7.277	0.65448165
7.278	0.65465870
7.279	0.65502337
7.280	0.65486079
7.281	0.65477810
7.282	0.65417592
7.283	0.65393470
7.284	0.65426343
7.285	0.65440187
7.286	0.65453396
7.287	0.65428934
7.288	0.65401403
7.289	0.65379618
7.290	0.65391525
7.291	0.65424400
7.292	0.65385349
7.293	0.65390958
7.294	0.65401085
7.295	0.65407806
7.296	0.65462472
7.297	0.65454889
7.298	0.65430043
7.299	0.65377405
7.300	0.65365869
7.301	0.65341225
7.302	0.65386699
7.303	0.65441150
7.304	0.65460328
7.305	0.65467927
7.306	0.65444884
7.307	0.65442732
7.308	0.65460201
7.309	0.65467191
7.310	0.65407835
7.311	0.65416623
7.312	0.65434940
7.313	0.65422757
7.314	0.65376879
7.315	0.65348043
7.316	0.65283236
7.317	0.65299491
7.318	0.65308712
7.319	0.65350246
7.320	0.65345534
7.321	0.65288779
7.322	0.65255632
7.323	0.65242340
7.324	0.65274088
7.325	0.65250729
7.326	0.65243199
7.327	0.65232825
7.328	0.65218998
7.329	0.65222705
7.330	0.65172103
7.331	0.65133295
7.332	0.65108309
7.333	0.65145513
7.334	0.65189383
7.335	0.65170595
7.336	0.65217914
7.337	0.65226556
7.338	0.65207322
7.339	0.65205070
7.340	0.65229877
7.341	0.65201810
7.342	0.65124702
7.343	0.65065160
7.344	0.65036482
7.345	0.65075374
7.346	0.65085843
7.347	0.65067082
7.348	0.65116208
7.349	0.65112775
7.350	0.65090128
7.351	0.65059075
7.352	0.64995037
7.353	0.64987894
7.354	0.65064005
7.355	0.65105089
7.356	0.65101181
7.357	0.65117911
7.358	0.65108446
7.359	0.65099605
7.360	0.65099551
7.361	0.65110799
7.362	0.65118809
7.363	0.65130605
7.364	0.65121226
7.365	0.65140877
7.366	0.65163158
7.367	0.65186967
7.368	0.65191687
7.369	0.65118741
7.370	0.65155437
7.371	0.65099403
7.372	0.65057013
7.373	0.65038462
7.374	0.65033865
7.375	0.65027336
7.376	0.64997905
7.377	0.64980671
7.378	0.64998273
7.379	0.64977272
7.380	0.64950405
7.381	0.64931441
7.382	0.64916806
7.383	0.64922664
7.384	0.64931672
7.385	0.64913672
7.386	0.64927871
7.387	0.64896532
7.388	0.64871364
7.389	0.64884428
7.390	0.64850180
7.391	0.64895516
7.392	0.64941720
7.393	0.64933008
7.394	0.64926208
7.395	0.64914052
7.396	0.64946008
7.397	0.64923486
7.398	0.64937259
7.399	0.64904297
7.400	0.64899101
7.401	0.64868073
7.402	0.64906083
7.403	0.64913645
7.404	0.64862336
7.405	0.64837490
7.406	0.64775098
7.407	0.64741161
7.408	0.64773684
7.409	0.64767039
7.410	0.64767515
7.411	0.64758719
7.412	0.64750050
7.413	0.64775686
7.414	0.64801939
7.415	0.64813843
7.416	0.64783322
7.417	0.64773958
7.418	0.64777734
7.419	0.64751253
7.420	0.64742497
7.421	0.64755172
7.422	0.64725684
7.423	0.64729013
7.424	0.64752402
7.425	0.64772228
7.426	0.64718016
7.427	0.64713717
7.428	0.64742993
7.429	0.64782325
7.430	0.64808861
7.431	0.64768907
7.432	0.64730791
7.433	0.64743790
7.434	0.64711483
7.435	0.64709041
7.436	0.64730851
7.437	0.64714512
7.438	0.64683688
7.439	0.64680393
7.440	0.64662611
7.441	0.64672320
7.442	0.64657291
7.443	0.64642010
7.444	0.64648456
7.445	0.64675520
7.446	0.64682818
7.447	0.64680771
7.448	0.64664845
7.449	0.64683358
7.450	0.64669572
7.451	0.64654506
7.452	0.64638545
7.453	0.64628598
7.454	0.64597716
7.455	0.64621873
7.456	0.64662047
7.457	0.64710351
7.458	0.64719825
7.459	0.64680523
7.460	0.64680281
7.461	0.64714288
7.462	0.64786887
7.463	0.64792384
7.464	0.64789536
7.465	0.64755095
7.466	0.64761327
7.467	0.64709676
7.468	0.64710655
7.469	0.64701952
7.470	0.64669429
7.471	0.64679475
7.472	0.64672932
7.473	0.64640505
7.474	0.64587309
7.475	0.64584857
7.476	0.64556076
7.477	0.64504838
7.478	0.64547695
7.479	0.64558132
7.480	0.64517018
7.481	0.64468652
7.482	0.64436911
7.483	0.64438864
7.484	0.64369249
7.485	0.64321816
7.486	0.64341865
7.487	0.64319158
7.488	0.64322248
7.489	0.64363381
7.490	0.64285661
7.491	0.64277846
7.492	0.64319210
7.493	0.64311870
7.494	0.64321165
7.495	0.64306198
7.496	0.64310974
7.497	0.64283310
7.498	0.64227007
7.499	0.64255223
7.500	0.64229925
7.501	0.64215673
7.502	0.64233894
7.503	0.64257538
7.504	0.64292518
7.505	0.64238408
7.506	0.64270897
7.507	0.64276299
7.508	0.64267721
7.509	0.64242495
7.510	0.64248350
7.511	0.64244199
7.512	0.64240636
7.513	0.64246106
7.514	0.64245666
7.515	0.64253978
7.516	0.64228952
7.517	0.64262058
7.518	0.64271919
7.519	0.64313257
7.520	0.64291959
7.521	0.64337022
7.522	0.64384344
7.523	0.64432456
7.524	0.64419756
7.525	0.64435836
7.526	0.64425035
7.527	0.64436174
7.528	0.64427599
7.529	0.64435518
7.530	0.64470587
7.531	0.64492367
7.532	0.64476675
7.533	0.64509725
7.534	0.64485753
7.535	0.64509768
7.536	0.64542181
7.537	0.64604475
7.538	0.64576817
7.539	0.64571236
7.540	0.64561590
7.541	0.64543477
7.542	0.64538250
7.543	0.64550961
7.544	0.64520805
7.545	0.64495891
7.546	0.64478676
7.547	0.64485016
7.548	0.64531833
7.549	0.64563692
7.550	0.64534758
7.551	0.64539842
7.552	0.64563109
7.553	0.64555005
7.554	0.64589102
7.555	0.64622599
7.556	0.64593970
7.557	0.64562665
7.558	0.64586372
7.559	0.64594476
7.560	0.64589426
7.561	0.64618181
7.562	0.64616190
7.563	0.64639623
7.564	0.64632444
7.565	0.64657949
7.566	0.64659716
7.567	0.64691125
7.568	0.64707937
7.569	0.64770388
7.570	0.64745573
7.571	0.64701766
7.572	0.64729911
7.573	0.64694371
7.574	0.64661430
7.575	0.64658977
7.576	0.64610019
7.577	0.64646292
7.578	0.64704400
7.579	0.64761245
7.580	0.64745552
7.581	0.64721303
7.582	0.64659783
7.583	0.64695929
7.584	0.64779061
7.585	0.64807109
7.586	0.64829122
7.587	0.64872219
7.588	0.64859190
7.589	0.64872149
7.590	0.64879546
7.591	0.64936914
7.592	0.64931650
7.593	0.64953010
7.594	0.64960493
7.595	0.65012129
7.596	0.65023953
7.597	0.65002169
7.598	0.65002936
7.599	0.64966907
7.600	0.65003007
7.601	0.65016394
7.602	0.65027929
7.603	0.65002485
7.604	0.64993616
7.605	0.65002263
7.606	0.64955641
7.607	0.64962279
7.608	0.65032512
7.609	0.65019174
7.610	0.65026793
7.611	0.65051430
7.612	0.65068090
7.613	0.65081640
7.614	0.65112223
7.615	0.65131585
7.616	0.65150623
7.617	0.65158172
7.618	0.65150077
7.619	0.65138844
7.620	0.65113676
7.621	0.65126792
7.622	0.65157390
7.623	0.65193708
7.624	0.65225930
7.625	0.65168676
7.626	0.65198500
7.627	0.65232462
7.628	0.65201620
7.629	0.65208008
7.630	0.65209017
7.631	0.65202127
7.632	0.65180824
7.633	0.65210653
7.634	0.65236549
7.635	0.65245313
7.636	0.65255849
7.637	0.65309739
7.638	0.65300680
7.639	0.65263792
7.640	0.65241151
7.641	0.65221206
7.642	0.65214671
7.643	0.65194099
7.644	0.65232329
7.645	0.65239915
7.646	0.65242129
7.647	0.65228272
7.648	0.65191733
7.649	0.65189892
7.650	0.65164872
7.651	0.65205418
7.652	0.65183481
7.653	0.65222021
7.654	0.65242515
7.655	0.65228046
7.656	0.65242115
7.657	0.65280426
7.658	0.65303129
7.659	0.65289212
7.660	0.65256132
7.661	0.65190507
7.662	0.65199923
7.663	0.65230056
7.664	0.65199311
7.665	0.65190882
7.666	0.65139652
7.667	0.65191247
7.668	0.65233628
7.669	0.65272794
7.670	0.65244204
7.671	0.65277571
7.672	0.65296801
7.673	0.65258089
7.674	0.65323503
7.675	0.65322041
7.676	0.65384606
7.677	0.65393075
7.678	0.65319117
7.679	0.65331283
7.680	0.65382719
7.681	0.65382475
7.682	0.65364013
7.683	0.65398256
7.684	0.65430237
7.685	0.65388603
7.686	0.65440933
7.687	0.65413371
7.688	0.65457708
7.689	0.65488802
7.690	0.65491779
7.691	0.65494880
7.692	0.65481263
7.693	0.65523702
7.694	0.65527732
7.695	0.65489414
7.696	0.65487257
7.697	0.65510961
7.698	0.65499449
7.699	0.65571017
7.700	0.65560778
7.701	0.65633644
7.702	0.65653629
7.703	0.65674718
7.704	0.65691006
7.705	0.65666851
7.706	0.65648989
7.707	0.65604954
7.708	0.65637429
7.709	0.65622423
7.710	0.65699040
7.711	0.65712798
7.712	0.65697334
7.713	0.65723307
7.714	0.65723878
7.715	0.65731463
7.716	0.65715610
7.717	0.65744846
7.718	0.65737548
7.719	0.65740723
7.720	0.65739092
7.721	0.65809697
7.722	0.65830809
7.723	0.65819067
7.724	0.65850447
7.725	0.65865541
7.726	0.65833474
7.727	0.65808307
7.728	0.65802832
7.729	0.65800787
7.730	0.65841137
7.731	0.65791714
7.732	0.65869919
7.733	0.65854590
7.734	0.65820213
7.735	0.65777666
7.736	0.65765324
7.737	0.65769893
7.738	0.65788837
7.739	0.65766039
7.740	0.65809112
7.741	0.65819419
7.742	0.65867100
7.743	0.65854693
7.744	0.65869169
7.745	0.65888993
7.746	0.65876615
7.747	0.65903439
7.748	0.65867193
7.749	0.65904185
7.750	0.65926405
7.751	0.65940542
7.752	0.65929216
7.753	0.65899147
7.754	0.65918136
7.755	0.65959429
7.756	0.65997888
7.757	0.66013925
7.758	0.66046946
7.759	0.66027753
7.760	0.66018628
7.761	0.66002539
7.762	0.66011060
7.763	0.66018726
7.764	0.66036844
7.765	0.66044610
7.766	0.66016190
7.767	0.66056519
7.768	0.66037126
7.769	0.66038203
7.770	0.66062091
7.771	0.66054939
7.772	0.66013475
7.773	0.65995585
7.774	0.65926541
7.775	0.65934293
7.776	0.65964220
7.777	0.65890911
7.778	0.65912743
7.779	0.65859410
7.780	0.65841648
7.781	0.65893785
7.782	0.65924878
7.783	0.65950530
7.784	0.65976859
7.785	0.65959249
7.786	0.65926502
7.787	0.65861440
7.788	0.65793672
7.789	0.65795413
7.790	0.65756930
7.791	0.65752574
7.792	0.65775373
7.793	0.65747596
7.794	0.65730888
7.795	0.65648178
7.796	0.65650661
7.797	0.65633218
7.798	0.65631890
7.799	0.65638712
7.800	0.65652347
7.801	0.65627947
7.802	0.65604293
7.803	0.65685865
7.804	0.65659726
7.805	0.65658906
7.806	0.65677011
7.807	0.65619848
7.808	0.65648795
7.809	0.65603551
7.810	0.65620304
7.811	0.65598840
7.812	0.65586414
7.813	0.65592238
7.814	0.65554747
7.815	0.65566382
7.816	0.65563293
7.817	0.65525879
7.818	0.65524757
7.819	0.65539283
7.820	0.65554115
7.821	0.65517194
7.822	0.65508857
7.823	0.65537815
7.824	0.65529264
7.825	0.65482840
7.826	0.65483947
7.827	0.65506421
7.828	0.65516066
7.829	0.65550511
7.830	0.65606226
7.831	0.65593498
7.832	0.65561180
7.833	0.65525074
7.834	0.65560574
7.835	0.65593404
7.836	0.65593077
7.837	0.65575052
7.838	0.65572389
7.839	0.65571370
7.840	0.65526633
7.841	0.65557986
7.842	0.65504378
7.843	0.65521670
7.844	0.65514131
7.845	0.65509054
7.846	0.65494165
7.847	0.65537603
7.848	0.65558216
7.849	0.65550590
7.850	0.65509700
7.851	0.65502165
7.852	0.65503434
7.853	0.65435947
7.854	0.65418040
7.855	0.65441597
7.856	0.65420715
7.857	0.65415769
7.858	0.65395227
7.859	0.65407152
7.860	0.65395726
7.861	0.65451475
7.862	0.65446792
7.863	0.65446107
7.864	0.65435494
7.865	0.65438035
7.866	0.65398581
7.867	0.65383644
7.868	0.65384841
7.869	0.65390580
7.870	0.65403912
7.871	0.65411359
7.872	0.65390362
7.873	0.65388204
7.874	0.65368892
7.875	0.65360753
7.876	0.65375575
7.877	0.65362645
7.878	0.65365732
7.879	0.65347799
7.880	0.65378541
7.881	0.65380998
7.882	0.65385229
7.883	0.65401123
7.884	0.65387190
7.885	0.65396410
7.886	0.65417919
7.887	0.65423786
7.888	0.65445423
7.889	0.65455701
7.890	0.65474005
7.891	0.65462735
7.892	0.65501402
7.893	0.65468046
7.894	0.65427423
7.895	0.65414949
7.896	0.65399668
7.897	0.65382059
7.898	0.65369720
7.899	0.65337884
7.900	0.65350243
7.901	0.65384312
7.902	0.65415313
7.903	0.65408676
7.904	0.65404610
7.905	0.65395719
7.906	0.65365934
7.907	0.65374671
7.908	0.65410562
7.909	0.65424051
7.910	0.65462734
7.911	0.65443487
7.912	0.65474494
7.913	0.65464420
7.914	0.65463558
7.915	0.65520982
7.916	0.65558671
7.917	0.65558556
7.918	0.65577505
7.919	0.65601744
7.920	0.65600569
7.921	0.65579620
7.922	0.65630846
7.923	0.65618081
7.924	0.65601004
7.925	0.65589344
7.926	0.65564204
7.927	0.65544661
7.928	0.65590824
7.929	0.65637259
7.930	0.65638604
7.931	0.65647495
7.932	0.65605883
7.933	0.65642382
7.934	0.65650019
7.935	0.65660714
7.936	0.65711930
7.937	0.65759427
7.938	0.65755664
7.939	0.65772953
7.940	0.65785814
7.941	0.65807245
7.942	0.65842707
7.943	0.65856888
7.944	0.65849846
7.945	0.65867197
7.946	0.65825558
7.947	0.65781883
7.948	0.65730470
7.949	0.65726885
7.950	0.65711105
7.951	0.65684575
7.952	0.65714306
7.953	0.65722812
7.954	0.65771695
7.955	0.65705726
7.956	0.65712679
7.957	0.65719737
7.958	0.65708075
7.959	0.65728317
7.960	0.65678327
7.961	0.65673545
7.962	0.65730960
7.963	0.65817006
7.964	0.65823355
7.965	0.65843084
7.966	0.65845400
7.967	0.65797502
7.968	0.65777836
7.969	0.65744929
7.970	0.65754951
7.971	0.65797385
7.972	0.65768666
7.973	0.65805389
7.974	0.65830278
7.975	0.65814819
7.976	0.65825418
7.977	0.65837545
7.978	0.65850798
7.979	0.65836162
7.980	0.65816615
7.981	0.65836476
7.982	0.65754920
7.983	0.65816572
7.984	0.65751017
7.985	0.65741401
7.986	0.65691975
7.987	0.65672730
7.988	0.65691522
7.989	0.65725541
7.990	0.65713524
7.991	0.65737500
7.992	0.65705545
7.993	0.65700985
7.994	0.65725442
7.995	0.65757440
7.996	0.65738323
7.997	0.65711443
7.998	0.65675975
7.999	0.65695592
8.000	0.65702024
8.001	0.65731171
8.002	0.65734952
8.003	0.65737534
8.004	0.65714283
8.005	0.65701213
8.006	0.65718544
8.007	0.65725713
8.008	0.65711571
8.009	0.65749782
8.010	0.65726244
8.011	0.65680730
8.012	0.65735244
8.013	0.65725167
8.014	0.65729517
8.015	0.65717738
8.016	0.65738118
8.017	0.65757808
8.018	0.65745950
8.019	0.65735950
8.020	0.65765943
8.021	0.65774071
8.022	0.65749620
8.023	0.65756525
8.024	0.65776323
8.025	0.65764020
8.026	0.65780289
8.027	0.65877204
8.028	0.65928735
8.029	0.65955132
8.030	0.65981409
8.031	0.65946154
8.032	0.65941016
8.033	0.65891219
8.034	0.65910103
8.035	0.65972641
8.036	0.65987380
8.037	0.65976881
8.038	0.65994660
8.039	0.66004951
8.040	0.66034695
8.041	0.65999763
8.042	0.65971749
8.043	0.65993138
8.044	0.65961640
8.045	0.65963713
8.046	0.65969863
8.047	0.65932972
8.048	0.65908416
8.049	0.65954687
8.050	0.65996866
8.051	0.66001688
8.052	0.66009996
8.053	0.65991383
8.054	0.66013614
8.055	0.66050422
8.056	0.66061467
8.057	0.66081053
8.058	0.66035033
8.059	0.66087384
8.060	0.66064781
8.061	0.66072522
8.062	0.66097615
8.063	0.66040483
8.064	0.66070567
8.065	0.66033517
8.066	0.66056368
8.067	0.66004527
8.068	0.65963833
8.069	0.65956308
8.070	0.65960056
8.071	0.65915282
8.072	0.65921821
8.073	0.65915159
8.074	0.65951584
8.075	0.65904562
8.076	0.65891323
8.077	0.65889701
8.078	0.65955523
8.079	0.65898257
8.080	0.65881580
8.081	0.65843731
8.082	0.65824867
8.083	0.65909384
8.084	0.65919272
8.085	0.65903302
8.086	0.65933214
8.087	0.65945354
8.088	0.65946429
8.089	0.65933888
8.090	0.65949549
8.091	0.65926607
8.092	0.65946765
8.093	0.65931595
8.094	0.65911178
8.095	0.65944158
8.096	0.65919180
8.097	0.65908228
8.098	0.65870108
8.099	0.65856935
8.100	0.65853835
8.101	0.65831998
8.102	0.65849975
8.103	0.65835004
8.104	0.65860837
8.105	0.65871533
8.106	0.65857555
8.107	0.65903603
8.108	0.65879946
8.109	0.65883352
8.110	0.65893162
8.111	0.65895696
8.112	0.65891766
8.113	0.65891037
8.114	0.65950223
8.115	0.65950750
8.116	0.65995879
8.117	0.66001536
8.118	0.66013218
8.119	0.65939604
8.120	0.65945889
8.121	0.65926455
8.122	0.65894293
8.123	0.65922427
8.124	0.65921398
8.125	0.65904963
8.126	0.65925476
8.127	0.65939274
8.128	0.65997495
8.129	0.66015363
8.130	0.66004904
8.131	0.65961036
8.132	0.65974908
8.133	0.65978954
8.134	0.65996347
8.135	0.66021208
8.136	0.66012304
8.137	0.66017110
8.138	0.66053568
8.139	0.66040146
8.140	0.66054623
8.141	0.66095481
8.142	0.66055259
8.143	0.66140097
8.144	0.66191672
8.145	0.66171859
8.146	0.66211924
8.147	0.66214345
8.148	0.66265838
8.149	0.66291176
8.150	0.66318465
8.151	0.66318434
8.152	0.66359583
8.153	0.66405542
8.154	0.66433701
8.155	0.66445336
8.156	0.66474743
8.157	0.66442073
8.158	0.66463552
8.159	0.66488589
8.160	0.66480642
8.161	0.66424676
8.162	0.66424395
8.163	0.66463743
8.164	0.66438936
8.165	0.66369746
8.166	0.66341807
8.167	0.66339901
8.168	0.66350877
8.169	0.66293416
8.170	0.66319305
8.171	0.66304604
8.172	0.66266988
8.173	0.66283003
8.174	0.66263853
8.175	0.66264297
8.176	0.66304159
8.177	0.66344816
8.178	0.66358007
8.179	0.66400197
8.180	0.66463888
8.181	0.66456007
8.182	0.66475535
8.183	0.66426976
8.184	0.66458109
8.185	0.66452045
8.186	0.66436743
8.187	0.66442657
8.188	0.66486797
8.189	0.66476795
8.190	0.66508912
8.191	0.66510717
8.192	0.66505387
8.193	0.66554326
8.194	0.66571604
8.195	0.66548539
8.196	0.66572371
8.197	0.66579537
8.198	0.66587838
8.199	0.66555457
8.200	0.66612609
8.201	0.66598262
8.202	0.66561596
8.203	0.66623374
8.204	0.66620771
8.205	0.66623737
8.206	0.66655714
8.207	0.66645934
8.208	0.66703802
8.209	0.66756440
8.210	0.66797046
8.211	0.66790674
8.212	0.66790858
8.213	0.66801305
8.214	0.66831634
8.215	0.66824728
8.216	0.66840115
8.217	0.66860113
8.218	0.66857771
8.219	0.66854870
8.220	0.66864920
8.221	0.66874386
8.222	0.66872679
8.223	0.66843510
8.224	0.66853823
8.225	0.66899088
8.226	0.66903707
8.227	0.66879800
8.228	0.66856110
8.229	0.66826197
8.230	0.66870376
8.231	0.66887282
8.232	0.66837256
8.233	0.66818894
8.234	0.66816195
8.235	0.66843413
8.236	0.66809000
8.237	0.66773963
8.238	0.66761611
8.239	0.66767765
8.240	0.66727670
8.241	0.66696953
8.242	0.66710772
8.243	0.66745796
8.244	0.66729821
8.245	0.66688435
8.246	0.66691830
8.247	0.66704953
8.248	0.66708249
8.249	0.66720848
8.250	0.66698548
8.251	0.66743414
8.252	0.66710268
8.253	0.66726287
8.254	0.66738682
8.255	0.66782568
8.256	0.66787039
8.257	0.66811589
8.258	0.66895412
8.259	0.66947914
8.260	0.66949284
8.261	0.67007402
8.262	0.67017454
8.263	0.67056145
8.264	0.67025412
8.265	0.66991539
8.266	0.66962203
8.267	0.66964962
8.268	0.66909588
8.269	0.66860447
8.270	0.66851702
8.271	0.66873971
8.272	0.66865932
8.273	0.66903785
8.274	0.66922814
8.275	0.66968739
8.276	0.66963107
8.277	0.66979170
8.278	0.67016028
8.279	0.67034642
8.280	0.67026792
8.281	0.67095052
8.282	0.67099566
8.283	0.67153067
8.284	0.67142287
8.285	0.67139647
8.286	0.67145216
8.287	0.67179573
8.288	0.67144502
8.289	0.67155637
8.290	0.67110405
8.291	0.67172938
8.292	0.67192052
8.293	0.67137682
8.294	0.67126165
8.295	0.67095513
8.296	0.67100587
8.297	0.67121954
8.298	0.67114768
8.299	0.67157777
8.300	0.67198988
8.301	0.67240042
8.302	0.67219552
8.303	0.67244282
8.304	0.67254633
8.305	0.67231321
8.306	0.67241338
8.307	0.67234677
8.308	0.67219372
8.309	0.67223751
8.310	0.67241469
8.311	0.67218877
8.312	0.67221317
8.313	0.67201835
8.314	0.67214624
8.315	0.67242406
8.316	0.67254540
8.317	0.67277134
8.318	0.67244913
8.319	0.67266978
8.320	0.67196796
8.321	0.67163810
8.322	0.67143594
8.323	0.67100736
8.324	0.67078250
8.325	0.67074163
8.326	0.67068051
8.327	0.67076399
8.328	0.67088841
8.329	0.67049714
8.330	0.67053933
8.331	0.67011942
8.332	0.67079469
8.333	0.67133944
8.334	0.67114126
8.335	0.67123315
8.336	0.67085549
8.337	0.67088773
8.338	0.67148205
8.339	0.67159417
8.340	0.67139552
8.341	0.67135966
8.342	0.67175698
8.343	0.67144846
8.344	0.67109167
8.345	0.67119465
8.346	0.67123654
8.347	0.67079494
8.348	0.67125008
8.349	0.67114536
8.350	0.67134971
8.351	0.67128375
8.352	0.67172882
8.353	0.67141824
8.354	0.67119020
8.355	0.67135788
8.356	0.67123847
8.357	0.67114105
8.358	0.67132555
8.359	0.67114045
8.360	0.67106222
8.361	0.67112294
8.362	0.67125530
8.363	0.67146718
8.364	0.67134039
8.365	0.67148891
8.366	0.67128865
8.367	0.67096322
8.368	0.67137101
8.369	0.67134397
8.370	0.67137658
8.371	0.67131325
8.372	0.67113667
8.373	0.67102100
8.374	0.67106559
8.375	0.67099493
8.376	0.67104150
8.377	0.67091262
8.378	0.67100078
8.379	0.67123020
8.380	0.67143787
8.381	0.67107327
8.382	0.67139061
8.383	0.67127783
8.384	0.67149783
8.385	0.67135590
8.386	0.67085122
8.387	0.67134822
8.388	0.67085427
8.389	0.67076107
8.390	0.67125359
8.391	0.67088461
8.392	0.67064317
8.393	0.67116960
8.394	0.67018551
8.395	0.67050706
8.396	0.67037919
8.397	0.67062715
8.398	0.67046904
8.399	0.67022493
8.400	0.67032622
8.401	0.67024359
8.402	0.67000685
8.403	0.66983375
8.404	0.66982983
8.405	0.66924237
8.406	0.66980054
8.407	0.66982851
8.408	0.66979704
8.409	0.67005553
8.410	0.67017815
8.411	0.67061043
8.412	0.67089783
8.413	0.67068324
8.414	0.67053594
8.415	0.67065432
8.416	0.67041108
8.417	0.67054770
8.418	0.67087040
8.419	0.67117373
8.420	0.67134646
8.421	0.67144487
8.422	0.67193505
8.423	0.67150185
8.424	0.67165006
8.425	0.67154416
8.426	0.67169758
8.427	0.67217033
8.428	0.67238054
8.429	0.67305438
8.430	0.67363264
8.431	0.67360997
8.432	0.67390466
8.433	0.67381146
8.434	0.67358901
8.435	0.67393289
8.436	0.67383553
8.437	0.67393205
8.438	0.67359079
8.439	0.67333932
8.440	0.67280264
8.441	0.67277539
8.442	0.67310063
8.443	0.67306107
8.444	0.67286052
8.445	0.67307489
8.446	0.67343288
8.447	0.67352375
8.448	0.67374444
8.449	0.67409398
8.450	0.67345074
8.451	0.67336302
8.452	0.67359962
8.453	0.67378282
8.454	0.67367743
8.455	0.67363570
8.456	0.67378903
8.457	0.67363007
8.458	0.67362317
8.459	0.67375630
8.460	0.67385934
8.461	0.67410522
8.462	0.67415469
8.463	0.67400253
8.464	0.67449066
8.465	0.67406895
8.466	0.67397439
8.467	0.67415455
8.468	0.67437317
8.469	0.67448106
8.470	0.67488000
8.471	0.67489592
8.472	0.67482676
8.473	0.67456106
8.474	0.67407461
8.475	0.67369018
8.476	0.67396184
8.477	0.67396260
8.478	0.67401182
8.479	0.67365913
8.480	0.67414952
8.481	0.67385965
8.482	0.67458034
8.483	0.67437114
8.484	0.67432302
8.485	0.67418357
8.486	0.67464167
8.487	0.67458086
8.488	0.67439101
8.489	0.67393835
8.490	0.67405609
8.491	0.67381685
8.492	0.67381002
8.493	0.67364180
8.494	0.67285545
8.495	0.67308053
8.496	0.67305071
8.497	0.67321800
8.498	0.67343865
8.499	0.67332803
8.500	0.67344247
8.501	0.67338669
8.502	0.67344433
8.503	0.67338945
8.504	0.67336252
8.505	0.67338572
8.506	0.67388647
8.507	0.67398608
8.508	0.67397449
8.509	0.67390976
8.510	0.67396271
8.511	0.67370693
8.512	0.67338637
8.513	0.67360994
8.514	0.67377472
8.515	0.67389044
8.516	0.67412857
8.517	0.67375979
8.518	0.67413283
8.519	0.67439113
8.520	0.67449116
8.521	0.67461589
8.522	0.67463314
8.523	0.67512102
8.524	0.67495088
8.525	0.67496344
8.526	0.67454849
8.527	0.67493827
8.528	0.67496291
8.529	0.67506941
8.530	0.67499184
8.531	0.67452321
8.532	0.67421080
8.533	0.67489509
8.534	0.67472006
8.535	0.67479730
8.536	0.67503270
8.537	0.67454276
8.538	0.67415313
8.539	0.67427142
8.540	0.67448189
8.541	0.67532656
8.542	0.67590129
8.543	0.67613789
8.544	0.67587734
8.545	0.67564067
8.546	0.67573561
8.547	0.67541348
8.548	0.67521853
8.549	0.67502511
8.550	0.67473985
8.551	0.67438556
8.552	0.67432987
8.553	0.67451905
8.554	0.67467173
8.555	0.67458300
8.556	0.67538164
8.557	0.67510734
8.558	0.67494885
8.559	0.67487681
8.560	0.67457747
8.561	0.67517291
8.562	0.67483484
8.563	0.67501949
8.564	0.67468160
8.565	0.67450324
8.566	0.67467736
8.567	0.67502440
8.568	0.67478224
8.569	0.67446509
8.570	0.67436406
8.571	0.67414918
8.572	0.67413281
8.573	0.67415933
8.574	0.67432370
8.575	0.67437384
8.576	0.67435835
8.577	0.67465442
8.578	0.67444049
8.579	0.67445544
8.580	0.67410022
8.581	0.67431822
8.582	0.67454602
8.583	0.67457344
8.584	0.67374867
8.585	0.67359937
8.586	0.67433226
8.587	0.67452621
8.588	0.67429742
8.589	0.67445207
8.590	0.67454011
8.591	0.67437498
8.592	0.67418597
8.593	0.67431801
8.594	0.67445648
8.595	0.67438935
8.596	0.67507409
8.597	0.67472583
8.598	0.67426669
8.599	0.67401121
8.600	0.67383621
8.601	0.67339673
8.602	0.67349946
8.603	0.67389829
8.604	0.67332403
8.605	0.67327794
8.606	0.67317095
8.607	0.67278542
8.608	0.67281220
8.609	0.67247171
8.610	0.67251685
8.611	0.67280337
8.612	0.67292497
8.613	0.67294395
8.614	0.67262128
8.615	0.67253789
8.616	0.67221516
8.617	0.67224506
8.618	0.67258979
8.619	0.67291208
8.620	0.67318032
8.621	0.67322606
8.622	0.67306958
8.623	0.67328841
8.624	0.67320142
8.625	0.67322845
8.626	0.67335453
8.627	0.67344402
8.628	0.67339840
8.629	0.67360956
8.630	0.67360196
8.631	0.67326423
8.632	0.67281673
8.633	0.67233234
8.634	0.67264862
8.635	0.67266860
8.636	0.67239943
8.637	0.67245998
8.638	0.67207382
8.639	0.67181737
8.640	0.67221332
8.641	0.67188474
8.642	0.67214671
8.643	0.67217538
8.644	0.67198465
8.645	0.67230781
8.646	0.67246299
8.647	0.67192802
8.648	0.67171375
8.649	0.67136703
8.650	0.67087900
8.651	0.67140066
8.652	0.67117294
8.653	0.67121827
8.654	0.67095639
8.655	0.67049338
8.656	0.67031355
8.657	0.66967133
8.658	0.66978182
8.659	0.66988121
8.660	0.66943763
8.661	0.66977488
8.662	0.66960185
8.663	0.66896990
8.664	0.66885561
8.665	0.66876461
8.666	0.66881423
8.667	0.66872008
8.668	0.66871533
8.669	0.66845761
8.670	0.66849342
8.671	0.66874958
8.672	0.66901004
8.673	0.66869656
8.674	0.66823610
8.675	0.66848081
8.676	0.66837963
8.677	0.66838058
8.678	0.66862202
8.679	0.66932098
8.680	0.66951973
8.681	0.66964345
8.682	0.67027771
8.683	0.67052346
8.684	0.67080989
8.685	0.67076058
8.686	0.67141954
8.687	0.67141606
8.688	0.67150322
8.689	0.67130113
8.690	0.67118483
8.691	0.67148223
8.692	0.67138574
8.693	0.67145674
8.694	0.67094589
8.695	0.67086684
8.696	0.67053334
8.697	0.67063724
8.698	0.67101484
8.699	0.67089054
8.700	0.67114364
8.701	0.67056093
8.702	0.67016812
8.703	0.67013481
8.704	0.66997559
8.705	0.66984189
8.706	0.67011842
8.707	0.66964997
8.708	0.66974685
8.709	0.66980694
8.710	0.66964852
8.711	0.66969620
8.712	0.66954032
8.713	0.66946501
8.714	0.66923371
8.715	0.66963077
8.716	0.66945508
8.717	0.67042865
8.718	0.67052023
8.719	0.67031129
8.720	0.67060157
8.721	0.67050125
8.722	0.67024470
8.723	0.67042439
8.724	0.67064472
8.725	0.67074819
8.726	0.67081076
8.727	0.67100592
8.728	0.67047627
8.729	0.66994177
8.730	0.66991662
8.731	0.67031346
8.732	0.67061602
8.733	0.67104215
8.734	0.67087203
8.735	0.67110471
8.736	0.67146911
8.737	0.67091125
8.738	0.67031241
8.739	0.67063758
8.740	0.67019541
8.741	0.67050348
8.742	0.67034786
8.743	0.67021090
8.744	0.66988253
8.745	0.66920894
8.746	0.66856688
8.747	0.66925457
8.748	0.66897731
8.749	0.66844058
8.750	0.66837668
8.751	0.66833417
8.752	0.66827118
8.753	0.66777443
8.754	0.66775727
8.755	0.66750945
8.756	0.66771651
8.757	0.66759464
8.758	0.66712020
8.759	0.66759160
8.760	0.66755434
8.761	0.66804772
8.762	0.66789723
8.763	0.66753840
8.764	0.66708224
8.765	0.66707495
8.766	0.66736813
8.767	0.66759954
8.768	0.66758327
8.769	0.66803899
8.770	0.66824040
8.771	0.66844296
8.772	0.66868231
8.773	0.66869535
8.774	0.66848321
8.775	0.66811042
8.776	0.66800935
8.777	0.66806206
8.778	0.66783361
8.779	0.66814119
8.780	0.66784721
8.781	0.66840271
8.782	0.66778267
8.783	0.66777685
8.784	0.66817117
8.785	0.66789583
8.786	0.66776905
8.787	0.66744650
8.788	0.66736055
8.789	0.66737728
8.790	0.66740401
8.791	0.66750536
8.792	0.66702363
8.793	0.66686293
8.794	0.66707444
8.795	0.66771619
8.796	0.66791525
8.797	0.66825879
8.798	0.66834351
8.799	0.66874638
8.800	0.66903253
8.801	0.66863513
8.802	0.66836633
8.803	0.66831150
8.804	0.66879859
8.805	0.66898259
8.806	0.66818234
8.807	0.66761856
8.808	0.66764520
8.809	0.66792782
8.810	0.66785304
8.811	0.66755592
8.812	0.66735388
8.813	0.66750770
8.814	0.66733625
8.815	0.66779362
8.816	0.66755047
8.817	0.66779189
8.818	0.66798812
8.819	0.66815736
8.820	0.66788121
8.821	0.66756334
8.822	0.66761516
8.823	0.66778076
8.824	0.66703936
8.825	0.66750385
8.826	0.66740525
8.827	0.66788286
8.828	0.66810282
8.829	0.66827813
8.830	0.66864139
8.831	0.66815001
8.832	0.66833768
8.833	0.66879696
8.834	0.66909679
8.835	0.66890122
8.836	0.66889777
8.837	0.66904907
8.838	0.66892372
8.839	0.66886644
8.840	0.66938326
8.841	0.66957279
8.842	0.66961322
8.843	0.66987465
8.844	0.67024277
8.845	0.67039360
8.846	0.67018113
8.847	0.67051962
8.848	0.67028358
8.849	0.67061035
8.850	0.67037187
8.851	0.67013968
8.852	0.66963235
8.853	0.66987964
8.854	0.66999812
8.855	0.67021206
8.856	0.67038232
8.857	0.67056442
8.858	0.67060956
8.859	0.67038749
8.860	0.67027473
8.861	0.67045197
8.862	0.67057702
8.863	0.67118677
8.864	0.67165734
8.865	0.67182805
8.866	0.67102117
8.867	0.67076670
8.868	0.67077141
8.869	0.67070907
8.870	0.67055328
8.871	0.67046122
8.872	0.67012771
8.873	0.67030825
8.874	0.66962039
8.875	0.66957736
8.876	0.66997367
8.877	0.67003199
8.878	0.67018342
8.879	0.67048145
8.880	0.67041219
8.881	0.66975723
8.882	0.66959431
8.883	0.66923228
8.884	0.66976630
8.885	0.66969160
8.886	0.66968148
8.887	0.67024272
8.888	0.67000291
8.889	0.67047013
8.890	0.67044462
8.891	0.67033133
8.892	0.67017683
8.893	0.67009511
8.894	0.67043725
8.895	0.67049431
8.896	0.67010829
8.897	0.67043439
8.898	0.67017766
8.899	0.67033560
8.900	0.67048758
8.901	0.67017589
8.902	0.66985306
8.903	0.66982869
8.904	0.66955658
8.905	0.66961861
8.906	0.66962113
8.907	0.66937376
8.908	0.66922234
8.909	0.66855334
8.910	0.66828375
8.911	0.66816218
8.912	0.66783313
8.913	0.66757933
8.914	0.66753189
8.915	0.66756605
8.916	0.66799082
8.917	0.66783515
8.918	0.66821633
8.919	0.66850957
8.920	0.66815752
8.921	0.66845241
8.922	0.66809102
8.923	0.66796388
8.924	0.66818504
8.925	0.66797866
8.926	0.66789055
8.927	0.66767432
8.928	0.66775718
8.929	0.66761704
8.930	0.66775064
8.931	0.66793894
8.932	0.66787343
8.933	0.66787288
8.934	0.66731476
8.935	0.66741869
8.936	0.66756293
8.937	0.66788743
8.938	0.66820295
8.939	0.66836565
8.940	0.66807090
8.941	0.66776591
8.942	0.66835003
8.943	0.66823814
8.944	0.66787498
8.945	0.66775253
8.946	0.66817803
8.947	0.66848494
8.948	0.66819981
8.949	0.66791494
8.950	0.66797149
8.951	0.66819570
8.952	0.66830662
8.953	0.66828937
8.954	0.66833008
8.955	0.66860173
8.956	0.66818652
8.957	0.66782415
8.958	0.66731764
8.959	0.66736439
8.960	0.66726862
8.961	0.66756282
8.962	0.66741814
8.963	0.66770367
8.964	0.66723364
8.965	0.66742974
8.966	0.66763801
8.967	0.66791890
8.968	0.66768187
8.969	0.66728472
8.970	0.66722834
8.971	0.66681331
8.972	0.66649466
8.973	0.66639268
8.974	0.66647458
8.975	0.66686760
8.976	0.66681247
8.977	0.66664047
8.978	0.66648365
8.979	0.66652685
8.980	0.66671109
8.981	0.66700967
8.982	0.66690824
8.983	0.66698164
8.984	0.66715035
8.985	0.66661972
8.986	0.66706243
8.987	0.66718087
8.988	0.66746413
8.989	0.66734712
8.990	0.66691684
8.991	0.66695051
8.992	0.66702889
8.993	0.66713802
8.994	0.66720028
8.995	0.66694375
8.996	0.66657404
8.997	0.66673769
8.998	0.66709769
8.999	0.66685777
9.000	0.66654833
9.001	0.66631927
9.002	0.66607830
9.003	0.66625804
9.004	0.66654098
9.005	0.66642039
9.006	0.66630746
9.007	0.66664551
9.008	0.66650309
9.009	0.66643636
9.010	0.66674135
9.011	0.66634995
9.012	0.66632155
9.013	0.66652847
9.014	0.66626824
9.015	0.66604973
9.016	0.66587612
9.017	0.66587799
9.018	0.66605786
9.019	0.66641473
9.020	0.66673033
9.021	0.66681943
9.022	0.66641173
9.023	0.66682978
9.024	0.66671023
9.025	0.66673848
9.026	0.66668626
9.027	0.66663325
9.028	0.66677381
9.029	0.66677405
9.030	0.66639226
9.031	0.66635533
9.032	0.66623929
9.033	0.66602459
9.034	0.66595638
9.035	0.66582129
9.036	0.66585579
9.037	0.66599319
9.038	0.66514363
9.039	0.66477576
9.040	0.66475940
9.041	0.66445729
9.042	0.66447554
9.043	0.66440102
9.044	0.66410824
9.045	0.66391378
9.046	0.66378242
9.047	0.66333023
9.048	0.66341320
9.049	0.66319423
9.050	0.66349838
9.051	0.66343988
9.052	0.66327588
9.053	0.66347477
9.054	0.66339456
9.055	0.66333467
9.056	0.66381364
9.057	0.66354375
9.058	0.66354305
9.059	0.66312307
9.060	0.66313168
9.061	0.66292723
9.062	0.66323546
9.063	0.66341040
9.064	0.66312016
9.065	0.66319352
9.066	0.66309126
9.067	0.66313471
9.068	0.66323147
9.069	0.66300256
9.070	0.66351773
9.071	0.66338439
9.072	0.66340961
9.073	0.66325821
9.074	0.66345096
9.075	0.66344216
9.076	0.66332026
9.077	0.66316233
9.078	0.66290102
9.079	0.66323336
9.080	0.66333996
9.081	0.66343553
9.082	0.66338690
9.083	0.66353564
9.084	0.66354764
9.085	0.66370740
9.086	0.66348901
9.087	0.66329951
9.088	0.66293899
9.089	0.66331608
9.090	0.66323881
9.091	0.66345265
9.092	0.66310218
9.093	0.66303240
9.094	0.66281184
9.095	0.66277542
9.096	0.66295287
9.097	0.66306545
9.098	0.66307058
9.099	0.66291564
9.100	0.66327695
9.101	0.66304358
9.102	0.66257619
9.103	0.66286287
9.104	0.66292146
9.105	0.66250654
9.106	0.66230113
9.107	0.66266831
9.108	0.66240594
9.109	0.66211138
9.110	0.66208799
9.111	0.66217243
9.112	0.66233516
9.113	0.66255283
9.114	0.66272622
9.115	0.66224361
9.116	0.66233124
9.117	0.66228582
9.118	0.66220206
9.119	0.66210870
9.120	0.66217062
9.121	0.66205638
9.122	0.66150295
9.123	0.66120460
9.124	0.66126606
9.125	0.66121997
9.126	0.66144630
9.127	0.66121824
9.128	0.66110684
9.129	0.66084496
9.130	0.66078422
9.131	0.66037419
9.132	0.66004396
9.133	0.66005924
9.134	0.66020048
9.135	0.66020080
9.136	0.66047141
9.137	0.66049402
9.138	0.66059332
9.139	0.66083392
9.140	0.66088743
9.141	0.66097234
9.142	0.66067545
9.143	0.66048870
9.144	0.66032573
9.145	0.66006373
9.146	0.66026667
9.147	0.66014168
9.148	0.66050124
9.149	0.66038812
9.150	0.66045904
9.151	0.66050626
9.152	0.66087241
9.153	0.66107899
9.154	0.66063356
9.155	0.66037944
9.156	0.65966911
9.157	0.65992569
9.158	0.65997133
9.159	0.65988881
9.160	0.65972847
9.161	0.65962333
9.162	0.65938975
9.163	0.65970932
9.164	0.65938406
9.165	0.65913814
9.166	0.65937144
9.167	0.65908148
9.168	0.65873733
9.169	0.65883516
9.170	0.65886726
9.171	0.65876173
9.172	0.65915975
9.173	0.65923729
9.174	0.65979031
9.175	0.65995408
9.176	0.66001049
9.177	0.66026765
9.178	0.66008882
9.179	0.66028436
9.180	0.66033946
9.181	0.66006002
9.182	0.65988382
9.183	0.65980603
9.184	0.65982594
9.185	0.66068861
9.186	0.66122989
9.187	0.66092824
9.188	0.66034265
9.189	0.66010653
9.190	0.65958606
9.191	0.65946900
9.192	0.65970282
9.193	0.65940581
9.194	0.65975486
9.195	0.65987755
9.196	0.65971483
9.197	0.66009127
9.198	0.66013713
9.199	0.65966969
9.200	0.65934116
9.201	0.65885138
9.202	0.65913549
9.203	0.65957443
9.204	0.65942485
9.205	0.65981051
9.206	0.65975038
9.207	0.66030891
9.208	0.66038452
9.209	0.66027833
9.210	0.66013184
9.211	0.66054843
9.212	0.66043826
9.213	0.66069553
9.214	0.66077557
9.215	0.66076762
9.216	0.66092220
9.217	0.66111579
9.218	0.66109988
9.219	0.66100258
9.220	0.66104220
9.221	0.66089533
9.222	0.66070717
9.223	0.66081849
9.224	0.66093173
9.225	0.66068773
9.226	0.66111905
9.227	0.66068826
9.228	0.66079301
9.229	0.66104097
9.230	0.66094535
9.231	0.66095249
9.232	0.66050306
9.233	0.66071592
9.234	0.66105970
9.235	0.66111190
9.236	0.66116502
9.237	0.66125060
9.238	0.66104112
9.239	0.66137161
9.240	0.66117331
9.241	0.66125398
9.242	0.66137938
9.243	0.66123254
9.244	0.66150093
9.245	0.66139433
9.246	0.66171797
9.247	0.66220363
9.248	0.66202604
9.249	0.66234236
9.250	0.66199897
9.251	0.66242117
9.252	0.66277882
9.253	0.66278172
9.254	0.66309016
9.255	0.66252409
9.256	0.66260161
9.257	0.66246625
9.258	0.66306994
9.259	0.66347627
9.260	0.66347862
9.261	0.66350436
9.262	0.66315729
9.263	0.66323914
9.264	0.66322905
9.265	0.66329530
9.266	0.66310269
9.267	0.66329050
9.268	0.66287736
9.269	0.66305656
9.270	0.66294593
9.271	0.66324912
9.272	0.66343365
9.273	0.66308702
9.274	0.66299310
9.275	0.66302553
9.276	0.66339349
9.277	0.66323970
9.278	0.66353989
9.279	0.66382815
9.280	0.66393606
9.281	0.66385207
9.282	0.66358368
9.283	0.66344454
9.284	0.66378960
9.285	0.66396068
9.286	0.66431460
9.287	0.66463250
9.288	0.66444882
9.289	0.66468171
9.290	0.66483161
9.291	0.66501535
9.292	0.66497582
9.293	0.66533458
9.294	0.66487879
9.295	0.66396679
9.296	0.66391474
9.297	0.66415493
9.298	0.66463319
9.299	0.66454606
9.300	0.66500443
9.301	0.66501508
9.302	0.66492383
9.303	0.66513390
9.304	0.66545070
9.305	0.66547553
9.306	0.66529599
9.307	0.66539477
9.308	0.66567899
9.309	0.66576899
9.310	0.66589281
9.311	0.66622250
9.312	0.66635998
9.313	0.66660966
9.314	0.66665356
9.315	0.66681372
9.316	0.66701238
9.317	0.66725746
9.318	0.66704350
9.319	0.66725508
9.320	0.66737242
9.321	0.66707561
9.322	0.66757567
9.323	0.66691394
9.324	0.66694350
9.325	0.66706446
9.326	0.66687845
9.327	0.66662702
9.328	0.66631259
9.329	0.66647341
9.330	0.66619814
9.331	0.66605180
9.332	0.66627445
9.333	0.66666914
9.334	0.66679881
9.335	0.66664672
9.336	0.66638332
9.337	0.66695596
9.338	0.66690667
9.339	0.66703631
9.340	0.66676800
9.341	0.66697246
9.342	0.66688210
9.343	0.66676814
9.344	0.66658229
9.345	0.66620350
9.346	0.66625386
9.347	0.66636211
9.348	0.66674573
9.349	0.66670741
9.350	0.66685991
9.351	0.66690382
9.352	0.66673195
9.353	0.66616747
9.354	0.66650849
9.355	0.66622535
9.356	0.66623656
9.357	0.66623680
9.358	0.66600574
9.359	0.66624972
9.360	0.66658169
9.361	0.66659377
9.362	0.66688697
9.363	0.66655112
9.364	0.66627957
9.365	0.66581294
9.366	0.66612282
9.367	0.66637834
9.368	0.66605187
9.369	0.66614658
9.370	0.66591711
9.371	0.66610380
9.372	0.66605281
9.373	0.66656816
9.374	0.66641890
9.375	0.66635947
9.376	0.66622239
9.377	0.66678393
9.378	0.66673230
9.379	0.66658169
9.380	0.66662498
9.381	0.66672661
9.382	0.66662067
9.383	0.66653172
9.384	0.66625933
9.385	0.66664786
9.386	0.66667059
9.387	0.66700247
9.388	0.66704827
9.389	0.66738737
9.390	0.66689698
9.391	0.66676318
9.392	0.66613714
9.393	0.66617121
9.394	0.66617794
9.395	0.66624367
9.396	0.66666871
9.397	0.66695608
9.398	0.66710703
9.399	0.66708160
9.400	0.66719465
9.401	0.66726668
9.402	0.66724901
9.403	0.66702060
9.404	0.66654905
9.405	0.66682247
9.406	0.66646245
9.407	0.66635751
9.408	0.66675563
9.409	0.66641705
9.410	0.66659887
9.411	0.66662872
9.412	0.66623931
9.413	0.66583186
9.414	0.66580804
9.415	0.66572905
9.416	0.66576198
9.417	0.66556633
9.418	0.66529058
9.419	0.66497008
9.420	0.66563189
9.421	0.66563419
9.422	0.66564174
9.423	0.66545533
9.424	0.66556408
9.425	0.66537451
9.426	0.66577398
9.427	0.66598995
9.428	0.66593381
9.429	0.66625917
9.430	0.66620341
9.431	0.66619560
9.432	0.66614330
9.433	0.66630961
9.434	0.66619810
9.435	0.66591261
9.436	0.66570523
9.437	0.66626545
9.438	0.66579358
9.439	0.66609032
9.440	0.66591730
9.441	0.66567033
9.442	0.66592392
9.443	0.66598566
9.444	0.66587708
9.445	0.66620773
9.446	0.66660647
9.447	0.66697810
9.448	0.66697723
9.449	0.66651440
9.450	0.66681605
9.451	0.66636641
9.452	0.66679609
9.453	0.66706365
9.454	0.66697788
9.455	0.66708464
9.456	0.66673120
9.457	0.66703031
9.458	0.66691362
9.459	0.66664423
9.460	0.66659762
9.461	0.66646693
9.462	0.66637020
9.463	0.66691467
9.464	0.66712866
9.465	0.66675542
9.466	0.66740324
9.467	0.66766750
9.468	0.66748885
9.469	0.66798953
9.470	0.66822710
9.471	0.66833148
9.472	0.66827184
9.473	0.66822377
9.474	0.66755610
9.475	0.66730036
9.476	0.66753662
9.477	0.66726200
9.478	0.66748297
9.479	0.66765283
9.480	0.66800867
9.481	0.66818822
9.482	0.66866973
9.483	0.66868491
9.484	0.66891437
9.485	0.66871772
9.486	0.66875608
9.487	0.66860538
9.488	0.66887787
9.489	0.66930698
9.490	0.66928542
9.491	0.66915120
9.492	0.66931446
9.493	0.66923405
9.494	0.66920852
9.495	0.66934236
9.496	0.66896982
9.497	0.66936617
9.498	0.66974615
9.499	0.66935778
9.500	0.66981687
9.501	0.66919768
9.502	0.66914428
9.503	0.66878664
9.504	0.66857644
9.505	0.66827262
9.506	0.66887361
9.507	0.66907180
9.508	0.66898338
9.509	0.66884555
9.510	0.66906672
9.511	0.66916772
9.512	0.66905381
9.513	0.66977402
9.514	0.66990783
9.515	0.66991939
9.516	0.67014278
9.517	0.66978239
9.518	0.66929491
9.519	0.66922446
9.520	0.66916149
9.521	0.66877525
9.522	0.66877971
9.523	0.66901703
9.524	0.66889309
9.525	0.66905143
9.526	0.66913389
9.527	0.66907429
9.528	0.66882240
9.529	0.66840663
9.530	0.66835635
9.531	0.66840649
9.532	0.66841673
9.533	0.66868477
9.534	0.66864924
9.535	0.66861150
9.536	0.66835629
9.537	0.66870952
9.538	0.66826390
9.539	0.66848541
9.540	0.66839101
9.541	0.66800777
9.542	0.66764288
9.543	0.66771416
9.544	0.66740859
9.545	0.66722113
9.546	0.66741514
9.547	0.66732783
9.548	0.66707231
9.549	0.66706333
9.550	0.66753823
9.551	0.66760913
9.552	0.66758016
9.553	0.66794104
9.554	0.66802405
9.555	0.66827227
9.556	0.66836705
9.557	0.66832992
9.558	0.66851676
9.559	0.66839663
9.560	0.66861081
9.561	0.66884084
9.562	0.66866011
9.563	0.66851641
9.564	0.66847886
9.565	0.66795930
9.566	0.66767607
9.567	0.66793048
9.568	0.66775234
9.569	0.66801626
9.570	0.66771770
9.571	0.66819946
9.572	0.66865079
9.573	0.66900976
9.574	0.66904719
9.575	0.66892053
9.576	0.66884011
9.577	0.66832942
9.578	0.66825009
9.579	0.66796332
9.580	0.66767882
9.581	0.66810133
9.582	0.66858374
9.583	0.66867032
9.584	0.66888468
9.585	0.66860611
9.586	0.66836698
9.587	0.66848340
9.588	0.66801178
9.589	0.66744247
9.590	0.66771505
9.591	0.66742278
9.592	0.66711258
9.593	0.66718280
9.594	0.66697540
9.595	0.66682727
9.596	0.66658912
9.597	0.66643658
9.598	0.66618845
9.599	0.66613889
9.600	0.66628707
9.601	0.66633686
9.602	0.66633507
9.603	0.66623065
9.604	0.66611865
9.605	0.66647420
9.606	0.66663484
9.607	0.66686256
9.608	0.66669046
9.609	0.66646415
9.610	0.66668943
9.611	0.66606641
9.612	0.66624702
9.613	0.66645753
9.614	0.66711444
9.615	0.66664017
9.616	0.66654431
9.617	0.66670329
9.618	0.66643046
9.619	0.66626091
9.620	0.66612158
9.621	0.66617777
9.622	0.66608812
9.623	0.66609497
9.624	0.66625525
9.625	0.66648523
9.626	0.66667873
9.627	0.66725664
9.628	0.66708795
9.629	0.66731818
9.630	0.66731865
9.631	0.66768880
9.632	0.66747288
9.633	0.66770294
9.634	0.66756365
9.635	0.66766820
9.636	0.66819467
9.637	0.66828158
9.638	0.66868735
9.639	0.66858840
9.640	0.66816574
9.641	0.66842202
9.642	0.66865449
9.643	0.66892110
9.644	0.66874751
9.645	0.66851512
9.646	0.66818593
9.647	0.66859875
9.648	0.66906082
9.649	0.66896908
9.650	0.66892451
9.651	0.66905588
9.652	0.66896290
9.653	0.66891738
9.654	0.66897600
9.655	0.66891497
9.656	0.66920584
9.657	0.66900909
9.658	0.66864252
9.659	0.66899104
9.660	0.66904829
9.661	0.66873235
9.662	0.66900694
9.663	0.66895834
9.664	0.66885993
9.665	0.66883867
9.666	0.66870295
9.667	0.66858858
9.668	0.66875077
9.669	0.66889731
9.670	0.66903306
9.671	0.66846702
9.672	0.66821724
9.673	0.66814733
9.674	0.66818974
9.675	0.66825120
9.676	0.66776996
9.677	0.66764078
9.678	0.66747939
9.679	0.66769026
9.680	0.66762427
9.681	0.66778251
9.682	0.66765801
9.683	0.66810074
9.684	0.66776350
9.685	0.66797253
9.686	0.66801725
9.687	0.66803843
9.688	0.66822655
9.689	0.66858416
9.690	0.66848416
9.691	0.66870200
9.692	0.66843124
9.693	0.66891619
9.694	0.66929076
9.695	0.66887684
9.696	0.66932605
9.697	0.66862060
9.698	0.66850324
9.699	0.66856916
9.700	0.66866253
9.701	0.66900016
9.702	0.66865843
9.703	0.66873295
9.704	0.66865060
9.705	0.66880334
9.706	0.66870979
9.707	0.66889287
9.708	0.66892937
9.709	0.66901308
9.710	0.66888449
9.711	0.66867702
9.712	0.66878005
9.713	0.66843334
9.714	0.66831403
9.715	0.66812146
9.716	0.66787196
9.717	0.66759177
9.718	0.66739336
9.719	0.66778263
9.720	0.66744526
9.721	0.66723980
9.722	0.66684358
9.723	0.66702051
9.724	0.66701540
9.725	0.66677686
9.726	0.66651133
9.727	0.66639490
9.728	0.66597276
9.729	0.66611216
9.730	0.66636316
9.731	0.66603972
9.732	0.66605249
9.733	0.66573891
9.734	0.66552876
9.735	0.66577636
9.736	0.66579350
9.737	0.66581999
9.738	0.66633796
9.739	0.66689713
9.740	0.66732777
9.741	0.66701362
9.742	0.66685194
9.743	0.66645485
9.744	0.66614905
9.745	0.66568660
9.746	0.66578548
9.747	0.66568709
9.748	0.66616669
9.749	0.66625811
9.750	0.66603737
9.751	0.66624589
9.752	0.66676875
9.753	0.66675317
9.754	0.66678221
9.755	0.66684909
9.756	0.66598874
9.757	0.66578215
9.758	0.66555060
9.759	0.66500552
9.760	0.66485118
9.761	0.66444437
9.762	0.66386824
9.763	0.66412794
9.764	0.66441569
9.765	0.66447421
9.766	0.66476621
9.767	0.66476598
9.768	0.66449394
9.769	0.66401655
9.770	0.66442631
9.771	0.66411781
9.772	0.66401507
9.773	0.66411659
9.774	0.66451810
9.775	0.66498363
9.776	0.66503879
9.777	0.66502526
9.778	0.66531676
9.779	0.66524522
9.780	0.66497730
9.781	0.66462261
9.782	0.66447226
9.783	0.66473440
9.784	0.66491455
9.785	0.66496913
9.786	0.66433154
9.787	0.66472928
9.788	0.66477152
9.789	0.66489237
9.790	0.66507255
9.791	0.66538673
9.792	0.66576077
9.793	0.66572495
9.794	0.66501406
9.795	0.66518819
9.796	0.66504868
9.797	0.66515822
9.798	0.66579480
9.799	0.66607402
9.800	0.66607195
9.801	0.66609990
9.802	0.66650440
9.803	0.66678099
9.804	0.66627714
9.805	0.66575083
9.806	0.66563957
9.807	0.66572695
9.808	0.66527561
9.809	0.66518624
9.810	0.66495515
9.811	0.66483118
9.812	0.66464977
9.813	0.66483063
9.814	0.66499609
9.815	0.66529635
9.816	0.66501454
9.817	0.66486745
9.818	0.66503146
9.819	0.66499220
9.820	0.66513540
9.821	0.66501318
9.822	0.66491688
9.823	0.66540900
9.824	0.66533547
9.825	0.66545053
9.826	0.66529089
9.827	0.66519907
9.828	0.66515968
9.829	0.66508867
9.830	0.66472042
9.831	0.66430402
9.832	0.66371362
9.833	0.66327629
9.834	0.66367195
9.835	0.66380614
9.836	0.66350693
9.837	0.66340168
9.838	0.66304058
9.839	0.66331554
9.840	0.66314307
9.841	0.66333475
9.842	0.66331046
9.843	0.66338953
9.844	0.66341625
9.845	0.66334991
9.846	0.66327953
9.847	0.66299150
9.848	0.66281497
9.849	0.66273950
9.850	0.66308262
9.851	0.66355279
9.852	0.66383235
9.853	0.66381568
9.854	0.66353800
9.855	0.66301109
9.856	0.66283373
9.857	0.66265217
9.858	0.66259679
9.859	0.66250523
9.860	0.66242446
9.861	0.66277368
9.862	0.66253253
9.863	0.66279507
9.864	0.66277757
9.865	0.66251722
9.866	0.66272603
9.867	0.66231049
9.868	0.66238090
9.869	0.66222494
9.870	0.66218626
9.871	0.66201639
9.872	0.66222642
9.873	0.66182605
9.874	0.66181533
9.875	0.66166869
9.876	0.66142971
9.877	0.66200178
9.878	0.66188575
9.879	0.66205249
9.880	0.66189499
9.881	0.66185417
9.882	0.66225744
9.883	0.66244247
9.884	0.66209101
9.885	0.66187009
9.886	0.66207708
9.887	0.66224356
9.888	0.66202988
9.889	0.66198258
9.890	0.66193288
9.891	0.66146707
9.892	0.66155409
9.893	0.66174518
9.894	0.66135908
9.895	0.66143993
9.896	0.66151543
9.897	0.66145242
9.898	0.66154461
9.899	0.66156308
9.900	0.66193854
9.901	0.66237865
9.902	0.66273450
9.903	0.66273054
9.904	0.66300103
9.905	0.66315201
9.906	0.66273599
9.907	0.66272080
9.908	0.66251843
9.909	0.66211293
9.910	0.66215097
9.911	0.66245065
9.912	0.66265716
9.913	0.66254348
9.914	0.66291644
9.915	0.66287151
9.916	0.66345949
9.917	0.66317342
9.918	0.66353177
9.919	0.66314069
9.920	0.66296931
9.921	0.66333152
9.922	0.66364208
9.923	0.66412219
9.924	0.66512155
9.925	0.66547892
9.926	0.66594480
9.927	0.66590958
9.928	0.66591591
9.929	0.66622763
9.930	0.66653254
9.931	0.66648276
9.932	0.66643836
9.933	0.66660533
9.934	0.66729670
9.935	0.66735871
9.936	0.66755811
9.937	0.66729074
9.938	0.66736984
9.939	0.66744262
9.940	0.66689224
9.941	0.66687357
9.942	0.66680867
9.943	0.66626735
9.944	0.66624131
9.945	0.66637868
9.946	0.66621148
9.947	0.66626446
9.948	0.66607585
9.949	0.66617510
9.950	0.66627839
9.951	0.66616564
9.952	0.66646724
9.953	0.66578645
9.954	0.66549141
9.955	0.66577158
9.956	0.66580632
9.957	0.66621926
9.958	0.66651475
9.959	0.66675376
9.960	0.66681489
9.961	0.66675124
9.962	0.66658720
9.963	0.66661097
9.964	0.66673027
9.965	0.66647980
9.966	0.66725368
9.967	0.66658039
9.968	0.66625778
9.969	0.66654856
9.970	0.66712040
9.971	0.66737025
9.972	0.66728733
9.973	0.66743127
9.974	0.66792234
9.975	0.66816771
9.976	0.66777697
9.977	0.66740471
9.978	0.66721825
9.979	0.66677301
9.980	0.66651481
9.981	0.66690828
9.982	0.66728114
9.983	0.66762727
9.984	0.66741125
9.985	0.66751035
9.986	0.66746826
9.987	0.66719556
9.988	0.66636568
9.989	0.66583812
9.990	0.66603750
9.991	0.66595108
9.992	0.66604461
9.993	0.66590086
9.994	0.66568492
9.995	0.66560650
9.996	0.66570025
9.997	0.66590844
9.998	0.66587100
9.999	0.66599358
