# NTRAJ	50000
0.15737979
0.44323869
0.27437078
0.35708568
0.36857527
0.43564221
0.46460891
0.41631932
0.46163712
0.35208262
0.51732296
0.46946705
0.32167366
0.31102566
0.47965758
0.34587398
0.39161629
0.43521114
0.28334914
0.45657871
0.34483998
0.17490831
0.38551179
0.41509598
0.49082302
0.29174201
0.02558268
0.38475604
0.30874963
0.35651071
0.22205113
0.46330378
0.36670133
0.51416779
0.41054471
0.46854630
0.50863580
0.38764145
0.54404718
0.30469010
0.38875973
0.37877175
0.47381824
0.35202945
0.50732817
0.25046311
0.41154524
0.37892597
0.44712200
0.46206708
0.40663186
0.46446729
0.41321916
0.39844165
0.32794426
0.32618930
0.47879108
0.11319456
0.45522649
0.27170129
0.42802611
0.22866000
0.31879121
0.31539776
0.39952584
0.12085416
0.44396455
0.37399701
0.43902675
0.15911498
0.34928271
0.48703737
0.03534568
0.42969331
0.40038963
0.46409123
0.42827186
0.33525683
0.49292515
0.38801937
0.04931200
0.53281926
0.39196020
0.43844889
0.47413543
0.26898371
0.40806612
0.46304530
0.28269901
0.47654747
0.44309632
0.42310082
0.44373314
0.51520987
0.42651854
0.24905805
0.49594164
0.31627179
0.31336886
0.37350041
0.40592514
0.42485508
0.39889993
0.29998624
0.49392038
0.00779215
0.19011411
0.19515405
0.37051960
0.48494306
0.47593714
0.04948963
0.41129773
0.47642707
0.13416057
0.47588652
0.45312967
0.43649131
0.07503523
0.30351858
0.36510742
0.49099175
0.35141011
0.52499465
0.45422427
0.25151233
0.49791848
0.26970441
0.43065435
0.37939552
0.39780383
0.16369908
0.21113332
0.47300824
0.40733806
0.49341965
0.29100425
0.43797872
0.52352889
0.43759018
0.40205530
0.32483483
0.39741261
0.46344754
0.39284838
0.48948854
0.20637151
0.47157449
0.26721438
0.21272300
0.31865185
0.40840734
0.36302317
0.42158498
0.34132439
0.56092109
0.13884867
0.09730714
0.48287081
0.30908864
0.35406959
0.25088046
0.49135101
0.43688161
0.38154178
0.42652759
0.19101900
0.27778470
0.34902580
0.34525171
0.05528791
0.43839335
0.45614045
0.23020337
0.33413717
0.51602307
0.13581739
0.34715162
0.43093882
0.28312336
0.39823330
0.39433427
0.36482764
0.11271215
0.14090993
0.46204188
0.34536113
0.26358565
0.52162184
0.31823844
0.38208376
0.29028806
0.40013884
0.53510531
0.46207647
0.44863536
0.16540621
0.45691768
0.42795183
0.45315824
0.23494063
0.49417096
0.28423144
0.26406618
0.32430333
0.48935373
0.41443444
0.47662163
0.30191802
0.22759045
0.45931852
0.28309208
0.42355894
0.43722879
0.35345805
0.44843823
0.38429733
0.30371850
0.20139469
0.36201872
0.42029718
0.38525222
0.46804384
0.27878320
0.37571634
0.46668031
0.43571857
0.34905272
0.44168660
0.42280462
0.34090854
0.42195053
0.48543093
0.29778574
0.49055911
0.16539386
0.06607473
0.24194847
0.22784448
0.26476243
0.30637788
0.33551404
0.24768811
0.47712885
0.18973503
0.09428299
0.39807526
0.11504549
0.43188984
0.33074413
0.14574435
0.42356271
0.57722079
0.46543930
0.45947335
0.33185945
0.47075266
0.42940417
0.47460008
0.40126236
0.39543806
0.38036079
0.31086538
0.44477296
0.43526735
0.36105799
0.41776985
0.39444041
0.33561513
0.41448780
0.37287258
0.50146444
0.29444353
0.47224399
0.38316078
0.50829036
0.21896840
0.46856373
0.45891167
0.31984306
0.29811507
0.36669678
0.37013683
0.40296171
0.20889140
0.33649867
0.46150291
0.26967158
0.43509458
0.38577533
0.48360141
0.39753862
0.45060855
0.56928512
0.41517163
0.35445351
0.25042660
0.36629540
0.45191893
0.29803200
0.43789797
0.51280274
0.52040504
0.39505351
0.49824249
0.17257012
0.44255047
0.09878750
0.49093150
0.20460119
0.41145404
0.39874068
0.35022717
0.28500182
0.43591309
0.39934790
0.24819785
0.42953779
0.44311056
0.37129261
0.41297376
0.27581174
0.39588883
0.48031082
0.45391520
0.40574386
0.32461703
0.23124750
0.27049121
0.46519914
0.14034398
0.39605229
0.46394665
0.38067880
0.30697158
0.43267369
0.43233756
0.46772027
0.39960160
0.35258106
0.41457444
0.46290170
0.31496679
0.43794974
0.47360139
0.48960409
0.43704085
0.52918199
0.44762082
0.45224060
0.34114975
0.47555592
0.27144009
0.42254302
0.39394865
0.37975845
0.41912232
0.41083320
0.45282588
0.21491935
0.40210638
0.44306175
0.49890925
0.40258144
0.46864144
0.43201821
0.44461070
0.45715326
0.31349404
0.39376760
0.42748974
0.38178783
0.48271522
0.47342686
0.43826224
0.23789191
0.42976927
0.46957409
0.20855912
0.26971428
0.45626693
0.29083924
0.40565377
0.41608429
0.53002818
0.53847799
0.39152019
0.45815296
0.33814104
0.38536535
0.35429606
0.41655440
0.41648614
0.47316219
0.11576188
0.44179051
0.45165086
0.41021208
0.44010016
0.40571166
0.38907416
0.29837109
0.39229974
0.49074625
0.44087921
0.49660265
0.33924563
0.43699457
0.31722157
0.34599152
0.52888351
0.16574145
0.44527493
0.30754733
0.44542321
0.43042936
0.47269516
0.47283805
0.45766313
0.44881126
0.42245241
0.32216527
0.42942217
0.27113858
0.38651244
0.40589704
0.37893415
0.48170705
0.45008022
0.37102100
0.35554346
0.48072032
0.47318655
0.51225578
0.50455020
0.49102762
0.36771721
0.33357204
0.30285505
0.46418796
0.43234739
0.34151465
0.46211102
0.25299906
0.20195382
0.50066624
0.46398456
0.17384061
0.42664000
0.46694350
0.09665291
0.42372388
0.43132024
0.06196051
0.24654442
0.13662752
0.45845055
0.36016005
0.37057161
0.42396073
0.35262391
0.37474542
0.37547457
0.37216784
0.32459239
0.47066624
0.38354410
0.42806597
0.30542807
0.46055344
0.13487025
0.51603820
0.45355886
0.49580058
0.47653889
0.43802392
0.15341826
0.46788355
0.40758853
0.44816831
0.38543089
0.45743180
0.44946306
0.19386599
0.41723792
0.42600756
0.30275726
0.41517983
0.37216436
0.49345472
0.41635867
0.45141218
0.26342052
0.40066805
0.44885988
0.24606390
0.49985261
0.32883857
0.24190185
0.06424160
0.43134480
0.08965372
0.46121164
0.36576130
0.20331277
0.38252421
0.45926905
0.47605377
0.48851703
0.38108660
0.38977566
0.37823141
0.43119300
0.18078674
0.41681725
0.32723438
0.39009285
0.49669749
0.49277123
0.14326827
0.36522704
0.30527118
0.42618842
0.45800596
0.09985954
0.40702478
0.20430757
0.35480588
0.44908412
0.36056930
0.34300863
0.44054870
0.35119662
0.17244824
0.31289843
0.39486546
0.31504377
0.38918973
0.37674154
0.20730499
0.40109698
0.43730885
0.44643310
0.38714968
0.41625232
0.45301624
0.16922026
0.44569136
0.37332240
0.48512418
0.42005636
0.38249474
0.43006901
0.40402927
0.43519406
0.37139936
0.41421364
0.27703325
0.31917356
0.45832040
0.45083479
0.38448250
0.41323545
0.36137296
0.40660317
0.34822776
0.43450142
0.45410886
0.36423292
0.50173367
0.17948367
0.34172000
0.50013660
0.32682158
0.41332295
0.46416931
0.37063513
0.20870126
0.49014746
0.43288461
0.36887653
0.45322829
0.40429057
0.44549223
0.39756100
0.47560244
0.37282483
0.22696520
0.34305511
0.41966790
0.51337808
0.39582135
0.50127231
0.56095832
0.36705175
0.51687199
0.03306004
0.43237679
0.46422460
0.43524319
0.45876302
0.22024688
0.47096416
0.40739610
0.38124773
0.52891123
0.21719221
0.29958679
0.40354249
0.41958468
0.04076548
0.42198073
0.45897783
0.52501145
0.18527583
0.40209462
0.42307164
0.50004174
0.28623062
0.40182232
0.40605100
0.31399884
0.30370630
0.49347874
0.42740612
0.40924817
0.48296916
0.41094737
0.44877894
0.41033675
0.49402569
0.38696027
0.52166785
0.43442702
0.05758375
0.30449647
0.36434210
0.48062929
0.31987334
0.11489156
0.35387396
0.30020066
0.41020835
0.42211676
0.31839471
0.25398624
0.41445529
0.45771845
0.47037232
0.36079455
0.44470914
0.23255632
0.37811813
0.51719424
0.18554067
0.44812883
0.45014216
0.35646778
0.18640102
0.34172667
0.51545361
0.35872426
0.29953765
0.49980726
0.51977439
0.19731085
0.33902193
0.21965299
0.23928688
0.39289822
0.32293716
0.26145581
0.24044668
0.21637725
0.32819007
0.42319483
0.46245042
0.34464185
0.33425457
0.40471759
0.41917044
0.19716051
0.34998954
0.32457911
0.13261868
0.46666954
0.12083735
0.20473232
0.13894103
0.16337412
0.52633786
0.25534114
0.37334448
0.38207971
0.44241117
0.45880078
0.39023826
0.35413857
0.43792789
0.12016629
0.43603459
0.13256951
0.10503994
0.07269870
0.30110158
0.25852629
0.19286834
0.30258417
0.32652354
0.17999669
0.44177567
0.41228805
0.30151798
0.34056622
0.46473661
0.45150394
0.40644228
0.41352739
0.39881932
0.37953931
0.43241745
0.45244698
0.41146492
0.39437550
0.39005902
0.05605703
0.43098116
0.23124409
0.49393075
0.45668206
0.29481241
0.36609283
0.19794174
0.47534849
0.35540547
0.38913998
0.32333978
0.50093901
0.43569986
0.37043570
0.39688727
0.51642179
0.22199624
0.44627699
0.00530309
0.38231220
0.42895790
0.32580730
0.24504010
0.39537801
0.46838345
0.39592584
0.43562104
0.52561329
0.30461836
0.41991202
0.28178006
0.30619070
0.45425962
0.48201967
0.47900745
0.30564214
0.40932143
0.42435444
0.40921527
0.28742834
0.42566094
0.07642669
0.29191621
0.43465283
0.35229991
0.44334802
0.33359976
0.45803757
0.20588834
0.48899252
0.38927235
0.43430342
0.33043446
0.30466034
0.44330298
0.35121245
0.54296480
0.37416344
0.21144522
0.39625033
0.41204855
0.32294367
0.39363716
0.43764316
0.15377075
0.46434932
0.11789381
0.43352614
0.47195075
0.41822837
0.34133084
0.46517394
0.48748868
0.42170465
0.27378745
0.41264773
0.44262761
0.37458183
0.17881541
0.18005912
0.08852108
0.38784914
0.46429843
0.36546662
0.16677646
0.40567865
0.43008064
0.41950587
0.36782270
0.46450524
0.39283130
0.49823956
0.44976315
0.47355838
0.31715524
0.49987331
0.44268920
0.48216990
0.40722974
0.25092500
0.03793726
0.33125701
0.44261199
0.30868005
0.41867715
0.09197443
0.49361668
0.47113914
0.40686077
0.29261173
0.49723257
0.44193562
0.48976494
0.41918659
0.38197526
0.17073791
0.42974058
0.47684839
0.50679787
0.43742366
0.36861219
0.27434943
0.44343492
0.32649896
0.38693044
0.54928052
0.44921041
0.43638408
0.22333438
0.45821597
0.08453000
0.45597015
0.27468330
0.36526657
0.11640213
0.25976942
0.43992532
0.47826996
0.45719155
0.22572649
0.44947025
0.47226901
0.41708920
0.41537316
0.39881115
0.50024635
0.41623178
0.28048931
0.44547266
0.39291890
0.44667276
0.50462259
0.49282512
0.53325738
0.16537888
0.47101268
0.34535790
0.30927652
0.36448166
0.38259930
0.34354637
0.45046476
0.48981280
0.43569085
0.43169429
0.24264872
0.42035725
0.12562749
0.50955262
0.34979581
0.29741293
0.37955206
0.31995255
0.31710886
0.47963222
0.44868634
0.47029742
0.42465834
0.14098360
0.54400705
0.11443405
0.42618506
0.45666221
0.35590906
0.36204153
0.46563869
0.19888031
0.34372370
0.11421763
0.27347564
0.20584144
0.42732765
0.54900671
0.30458473
0.43271749
0.47451330
0.23927097
0.25932486
0.38660793
0.45525153
0.51044161
0.40069982
0.34764556
0.48026674
0.07290235
0.48940021
0.41611113
0.45835833
0.14479567
0.31602714
0.48875469
0.31651486
0.41005398
0.28279886
0.45704612
0.30248991
0.45671936
0.25381200
0.39878741
0.41269358
0.44831574
0.41788303
0.14462215
0.50674693
0.36750075
0.18973735
0.23670047
0.42309488
0.18890643
0.16448816
0.28199860
0.46178532
0.31556829
0.43643388
0.43664086
0.37068436
0.45650766
0.48478775
0.30655189
0.30040943
0.10275446
0.38569540
0.12141165
0.32997375
0.08946195
0.21789470
0.05482082
0.51477326
0.28366831
0.08396008
0.39958068
0.39997216
0.32917251
0.35971823
0.50764506
0.35699302
0.38971841
0.39473668
0.47124591
0.51515740
0.32802225
0.39714983
0.18579558
0.52091695
0.20258363
0.39646713
0.46875845
0.24348843
0.47638451
0.52526462
0.33250762
0.46339250
0.18713509
0.47062725
0.52823498
0.26000933
0.44342593
0.33421487
0.50224876
0.43846705
0.34782502
0.45851706
0.38428618
0.42147095
0.41691255
0.42368117
0.48374334
0.32848662
0.53798956
0.40419885
0.43429937
0.35045823
0.42161038
0.25147974
0.29070540
0.02507880
0.43554670
0.55120004
0.43995126
0.39645802
0.44763280
0.50064049
0.27300440
0.42818969
0.32522960
0.12890317
0.43027909
0.16281077
0.41659361
0.18670122
0.46539823
0.17285705
0.43269652
0.39516057
0.24509491
0.33111399
0.46462114
0.09152478
0.37225671
0.44898126
0.41621879
0.30434799
0.13958952
0.49881161
0.42705685
0.40330379
0.46538771
0.47728390
0.41608461
0.39219396
0.46147641
0.45637075
0.40558225
0.15537005
0.40101312
0.42337015
0.17859308
0.30810526
0.40761343
0.51043432
0.44316873
0.40351559
0.50763432
0.31075723
0.42155447
0.19379897
0.16077871
0.40716567
0.34416487
0.43618003
0.50660883
0.45942136
0.47387279
0.14792944
0.38732775
0.41555614
0.36943139
0.47732687
0.46913402
0.10444566
0.29214273
0.38670954
0.42481277
0.41816537
0.46331961
0.49950959
0.42396293
0.27930394
0.48809830
0.04708361
0.43871218
0.42394615
0.48380307
0.35201710
0.39397317
0.46426135
0.35071345
0.37618233
0.32170165
0.55610099
0.40739312
0.42100465
0.15207775
0.25239896
0.35952000
0.32135947
0.37551908
0.29769869
0.31316004
0.45447075
0.17487542
0.18498405
0.33946363
0.43522704
0.32841346
0.40945367
0.46006089
0.29868029
0.34519515
0.44643677
0.48700969
0.40775227
0.50564969
0.42019662
0.32558767
0.43588568
0.51065455
0.39986260
0.33510527
0.45226355
0.37212901
0.19965790
0.44018685
0.39310707
0.47860680
0.37447372
0.22997408
0.32888570
0.09138188
0.44932565
0.36294583
0.43433557
0.45833408
0.50930381
0.41000063
0.43547507
0.42839736
0.47933564
0.26254645
0.49011355
0.35598447
0.50697836
0.45682646
0.36773397
0.46230778
0.40693380
0.21862017
0.26238270
0.43150437
0.06963271
0.45689621
0.40639432
0.36818174
0.21087952
0.44884953
0.37362635
0.40340081
0.45118850
0.53926215
0.44765589
0.22422127
0.45533347
0.38480242
0.41313147
0.41958148
0.41993560
0.45239619
0.28007587
0.50770724
0.49067797
0.37019588
0.47204699
0.35303529
0.43449631
0.42598835
0.43195150
0.32825422
0.47860568
0.39305586
0.30327490
0.25508565
0.45576328
0.35072388
0.41037311
0.41837575
0.27468367
0.37229090
0.50591631
0.46627818
0.53543502
0.35218953
0.34425927
0.47030631
0.45218714
0.38956483
0.47655785
0.35218824
0.21442864
0.38743648
0.19478663
0.39767140
0.32103543
0.37365599
0.44229328
0.41824478
0.42700999
0.47745948
0.38286234
0.40024203
0.44810308
0.50376019
0.44638517
0.24775859
0.16510713
0.04573601
0.30267728
0.37250502
0.26518788
0.52034750
0.22210141
0.48680117
0.46725180
0.04065995
0.03377704
0.45177328
0.26604081
0.25897756
0.21817602
0.50727361
0.48748860
0.49169602
0.20894505
0.34494822
0.45145608
0.43950173
0.45526858
0.47147326
0.38582819
0.40841915
0.40298839
0.46355965
0.31507388
0.03388013
0.25150957
0.42704149
0.32423980
0.37479714
0.44181247
0.36942259
0.27495006
0.28996363
0.45543184
0.16818096
0.48297327
0.19339175
0.13511230
0.34857863
0.47491739
0.38186608
0.28952084
0.39299793
0.27316328
0.48384537
0.44127074
0.48151007
0.43082246
0.44172692
0.17184302
0.26663352
0.49800550
0.29430058
0.36781465
0.34004238
0.24429294
0.39967360
0.42343362
0.55766239
0.32410787
0.25557718
0.19073365
0.47222565
0.38882310
0.48408645
0.20675244
0.46694581
0.44574556
0.41114350
0.39026363
0.46295171
0.33440046
0.37130740
0.14304124
0.34554767
0.42984452
0.44510395
0.44875172
0.38059962
0.18816732
0.25861568
0.39863114
0.46058550
0.52061484
0.47411365
0.08113359
0.29398291
0.33649721
0.37682117
0.20343991
0.47920273
0.25961894
0.43629752
0.35226524
0.24575366
0.35114158
0.44777732
0.32138126
0.35602108
0.22191618
0.11559669
0.43177562
0.06841446
0.36433333
0.34705467
0.48954204
0.16360444
0.44082204
0.39404000
0.43275418
0.44075307
0.37600638
0.33560798
0.30205596
0.32707795
0.44157797
0.32493623
0.14345652
0.41843674
0.41480963
0.42240717
0.36511124
0.42965451
0.34142272
0.36815449
0.19545726
0.37740595
0.41704922
0.22667055
0.38714893
0.10621878
0.39770606
0.24567467
0.12705583
0.40169971
0.40174275
0.43374215
0.31606020
0.44292344
0.40312843
0.20324280
0.48224473
0.41609837
0.35433492
0.48746115
0.28104648
0.34731837
0.56177529
0.39584983
0.49681653
0.36665038
0.43009786
0.43446119
0.42320528
0.52904851
0.44035142
0.33193493
0.32948250
0.36720150
0.48997656
0.32107864
0.34546186
0.43317695
0.37435814
0.39402557
0.49309501
0.02975205
0.51998516
0.38521284
0.46592041
0.22691340
0.30288481
0.35950928
0.31786674
0.52484214
0.51293681
0.42093026
0.38476318
0.10420563
0.29468710
0.25523829
0.42471091
0.49261824
0.36636187
0.30387137
0.11460543
0.35000079
0.46959766
0.33572378
0.28708776
0.47075092
0.35749693
0.49554698
0.45294826
0.28702903
0.41324634
0.19907298
0.40985369
0.40097529
0.41514027
0.41941858
0.33704827
0.41384357
0.44356085
0.22702731
0.30152016
0.13232385
0.15053168
0.14844574
0.35267070
0.47428749
0.50002104
0.37350603
0.36078676
0.35927805
0.41242687
0.45672558
0.33375465
0.03795458
0.42037338
0.46998270
0.50025864
0.42900535
0.19545352
0.25909574
0.50048187
0.52414908
0.25397798
0.17919754
0.52981571
0.36065763
0.42593383
0.40767810
0.39761492
0.43657508
0.12260656
0.40264426
0.43290604
0.45903633
0.11425124
0.31035682
0.48360109
0.38400585
0.42743148
0.42201801
0.42818903
0.26799954
0.41145898
0.50795227
0.43059026
0.34886524
0.31441079
0.39502810
0.25794909
0.48178472
0.09915683
0.43620072
0.29423223
0.36703462
0.48335528
0.40648780
0.35365007
0.26034844
0.42839532
0.11887206
0.49715713
0.44455614
0.44795064
0.35929115
0.34195522
0.29629896
0.53115138
0.43521811
0.40983645
0.29556572
0.34984607
0.36988260
0.35986166
0.44606810
0.30632442
0.35034049
0.18906789
0.24264211
0.39192367
0.02103899
0.37077584
0.40833001
0.44953326
0.19701587
0.51797578
0.29410453
0.13563480
0.29789080
0.36777141
0.39711602
0.46844802
0.22410104
0.36992784
0.26139299
0.47216268
0.42776631
0.36829715
0.38099569
0.22303468
0.21433924
0.30030380
0.42116106
0.37496876
0.27823661
0.34913868
0.52308291
0.36687339
0.45493328
0.50979649
0.35976169
0.16446463
0.37316129
0.44287379
0.24440929
0.35884745
0.47032513
0.29325142
0.40023829
0.30197192
0.41440711
0.45674033
0.39070685
0.50681500
0.06195207
0.44274902
0.49845271
0.36374488
0.29158673
0.48242675
0.27655865
0.47134064
0.43828819
0.49447421
0.33133860
0.49657318
0.31466253
0.22211814
0.26954677
0.44150837
0.45312554
0.26507264
0.31907997
0.32073432
0.13702205
0.34856200
0.47341472
0.49835398
0.24182260
0.47944116
0.23794439
0.31433452
0.37181471
0.16536068
0.38229348
0.36287424
0.42268032
0.17428627
0.43985228
0.07615569
0.15060598
0.47537602
0.43271404
0.46273136
0.39819182
0.47418343
0.17369715
0.26428576
0.25691978
0.15370084
0.19011857
0.33233906
0.37775874
0.37399536
0.45494120
0.15617742
0.27553137
0.48539655
0.45504919
0.38955503
0.16004151
0.48372298
0.46657642
0.20731774
0.36118994
0.38312453
0.37620065
0.45798008
0.35292476
0.44086037
0.30998578
0.39447038
0.42154288
0.37225312
0.35274885
0.48263682
0.46060573
0.42646457
0.15767266
0.30993656
0.34201971
0.33837383
0.27341963
0.31816401
0.31387873
0.13140814
0.40623179
0.49901847
0.09535201
0.46015135
0.50370834
0.42277237
0.12810907
0.36751202
0.51814440
0.22405299
0.31476907
0.34417747
0.16666564
0.23968441
0.38521454
0.39949532
0.43869042
0.17060894
0.19883724
0.26861973
0.41383577
0.39190315
0.45866550
0.42135124
0.22472833
0.42626747
0.23098547
0.21900240
0.50391300
0.37865557
0.50767738
0.46858174
0.49780279
0.27573757
0.33491085
0.39665871
0.05421781
0.30059190
0.33852585
0.45135475
0.34706177
0.45045649
0.45848550
0.42784788
0.48863262
0.19168024
0.32948074
0.35664036
0.37529910
0.26240519
0.39984004
0.48479061
0.35021442
0.07473257
0.25359347
0.45996871
0.40268371
0.41268298
0.41654291
0.43319620
0.11012410
0.39040094
0.47095791
0.49344065
0.38494971
0.32731256
0.49250540
0.41980000
0.48354916
0.38263886
0.46955329
0.22162253
0.48258283
0.39404548
0.41056822
0.41913815
0.47022029
0.43561688
0.40566983
0.42825956
0.15388973
0.23420796
0.41643608
0.32651046
0.46525152
0.06606064
0.46146944
0.10316553
0.19855713
0.47429641
0.26646690
0.35766301
0.38512091
0.44337696
0.08205530
0.32040460
0.49689812
0.29570287
0.41162353
0.38941379
0.27847863
0.39721629
0.33264901
0.50784551
0.31202249
0.46756061
0.52037138
0.44839706
0.43763271
0.47191002
0.49034087
0.38628969
0.10859962
0.44667247
0.30553085
0.43738908
0.36096961
0.13847190
0.42957763
0.14531634
0.43782160
0.34068839
0.42689094
0.49644449
0.34489994
0.35995151
0.21821128
0.16255332
0.32461640
0.35282898
0.38935687
0.21358968
0.45224161
0.35657507
0.49384975
0.46551318
0.23810137
0.35455897
0.47521075
0.16090306
0.31432973
0.44753264
0.30766663
0.24702800
0.36575081
0.48899610
0.35242666
0.02707121
0.46775384
0.50451854
0.30608305
0.36784894
0.45394898
0.42500303
0.42886064
0.43174374
0.36413685
0.35913300
0.51344984
0.42260998
0.19070399
0.41572279
0.28506646
0.36684223
0.08418121
0.25815906
0.41099273
0.54278410
0.17881031
0.46653230
0.39629670
0.28363012
0.51978330
0.40808721
0.38228603
0.36187075
0.48438511
0.38887805
0.48749388
0.37331175
0.24647473
0.40062258
0.14458145
0.41332536
0.41876085
0.42698729
0.43574983
0.28422203
0.53487225
0.36811387
0.42595912
0.48445380
0.25976411
0.17677011
0.33286787
0.25345920
0.47584321
0.49671397
0.45860748
0.44306795
0.33568812
0.41813816
0.41032639
0.29690606
0.34783534
0.26526347
0.48670194
0.48335621
0.28395303
0.43776537
0.50010584
0.50151097
0.43633988
0.50261209
0.49754377
0.49326860
0.36752667
0.25768914
0.35732002
0.51052036
0.47657752
0.37257011
0.44597674
0.36778309
0.43854087
0.48193064
0.37085709
0.26796402
0.30844360
0.17398811
0.46598419
0.31379713
0.35001323
0.43562261
0.17265215
0.47987620
0.15455410
0.46860108
0.36072246
0.16530924
0.30132158
0.31839128
0.49464592
0.30958998
0.41859243
0.33697178
0.45488887
0.48224981
0.41975248
0.22032065
0.48956747
0.44828278
0.23205745
0.38047705
0.35470386
0.33978200
0.44749586
0.38812532
0.42573336
0.20739777
0.40968094
0.35959900
0.43495743
0.39976575
0.36308740
0.43425059
0.39549698
0.30810742
0.35971395
0.35101619
0.44121191
0.16280019
0.26792483
0.42745597
0.43054784
0.24451698
0.46751247
0.27641409
0.48318763
0.43215094
0.45442362
0.20577715
0.38191411
0.15304866
0.25397487
0.29751852
0.09922161
0.43786724
0.37583270
0.39284878
0.46893302
0.31589907
0.37443869
0.42880089
0.49282232
0.08393672
0.34738240
0.44095588
0.17277142
0.33680043
0.42870463
0.35114620
0.49847812
0.12637462
0.42989077
0.44240293
0.39929259
0.36846031
0.42704294
0.14429684
0.27979823
0.48009223
0.27939389
0.38621626
0.30663066
0.33012750
0.32673781
0.34253744
0.26640116
0.25863801
0.32899987
0.20631274
0.39390467
0.34002045
0.25867639
0.30322973
0.23695128
0.35096133
0.42842619
0.31895649
0.20231272
0.47440349
0.39313200
0.43774570
0.38340088
0.38545537
0.43416739
0.36161089
0.10934176
0.41549504
0.38611418
0.23989216
0.45803821
0.07837259
0.32592011
0.48994316
0.33396724
0.36688149
0.28197365
0.37245349
0.41485780
0.26361501
0.41470174
0.09085924
0.21366428
0.18256391
0.19346688
0.46034973
0.43851581
0.39324188
0.13059352
0.41826880
0.24028034
0.28654557
0.28274502
0.31433362
0.42899617
0.52081682
0.41295522
0.35364182
0.39968304
0.46184763
0.52602006
0.39866419
0.46333885
0.39590644
0.42791379
0.51448932
0.37599114
0.46788833
0.42599518
0.48128434
0.40249240
0.43789989
0.53781656
0.40254888
0.47231814
0.46707481
0.33623828
0.45546849
0.49851250
0.06474056
0.41695361
0.34541988
0.45862150
0.37135894
0.49821049
0.34796147
0.36919434
0.29319398
0.38388942
0.46068643
0.39904695
0.08481309
0.19151865
0.45408362
0.43772138
0.41077795
0.46960173
0.45166309
0.43579021
0.29013949
0.02011777
0.41200820
0.38895390
0.26704279
0.39776021
0.42258606
0.23207016
0.43990179
0.14349251
0.36259937
0.36901273
0.30730135
0.48012227
0.48958316
0.30795263
0.36648862
0.40163671
0.37212445
0.17213496
0.29061909
0.19797818
0.49649535
0.45887276
0.35778585
0.47709152
0.38986585
0.00412904
0.15404256
0.36602578
0.37202880
0.29692296
0.43903250
0.44399890
0.20351369
0.46612621
0.03723023
0.46004935
0.29740111
0.43771607
0.40049960
0.41205771
0.41774482
0.31206144
0.31421572
0.17157707
0.34061756
0.20658877
0.40787363
0.41188712
0.05228596
0.47213542
0.43347294
0.45906623
0.31585198
0.15591230
0.33298768
0.38487357
0.44593156
0.22691322
0.05559723
0.50553008
0.30201784
0.43398304
0.48208994
0.23876568
0.38232417
0.42140372
0.52009344
0.26729856
0.42664383
0.43795399
0.48129656
0.34346885
0.36806764
0.21556577
0.07488635
0.49701942
0.36799104
0.19871558
0.49361535
0.27197864
0.45193371
0.44017070
0.48681836
0.37402803
0.37742109
0.47211470
0.30838388
0.34018578
0.40083942
0.37362721
0.22632335
0.44383470
0.44649566
0.51645732
0.14612783
0.40254624
0.49705970
0.47050582
0.16488923
0.41136286
0.35502167
0.43600521
0.30419414
0.33307641
0.33100213
0.45186648
0.43285088
0.44616578
0.34775763
0.17437175
0.45622140
0.50258540
0.28853851
0.25248530
0.36996654
0.36806088
0.46045601
0.46078563
0.38889047
0.32788976
0.45268076
0.42194883
0.40688021
0.38840073
0.34079909
0.39839744
0.46417170
0.46768340
0.32701349
0.21132263
0.36014825
0.47322469
0.42757479
0.49785300
0.46813351
0.09387615
0.28125410
0.38742868
0.15386672
0.36517652
0.45330928
0.45264164
0.31893287
0.28290787
0.43001741
0.43594009
0.45190967
0.37972091
0.32802386
0.32609531
0.27721307
0.15301019
0.19661860
0.41061071
0.26215731
0.42111500
0.44146125
0.46079814
0.41520516
0.39403191
0.28655952
0.41875301
0.46295318
0.43272317
0.36926906
0.43874999
0.19158247
0.44832490
0.19666731
0.42250374
0.48728413
0.36222076
0.49705279
0.19486083
0.42228224
0.33591877
0.48553652
0.49620461
0.41064160
0.38791213
0.16485262
0.29219676
0.48424711
0.41327383
0.27506441
0.50618851
0.51296030
0.44124815
0.49834549
0.14744788
0.33864911
0.55723030
0.50781629
0.15189396
0.42959221
0.33798542
0.37193642
0.47128070
0.46381981
0.22838145
0.41069428
0.39283112
0.26913235
0.47254839
0.50124633
0.20086670
0.10114125
0.37226138
0.37372629
0.10441174
0.38392749
0.37480259
0.06459288
0.46210380
0.40418672
0.39119414
0.48794047
0.48379869
0.26682466
0.43592111
0.43181511
0.33661507
0.43158450
0.44695067
0.41800865
0.37658455
0.05895751
0.38396074
0.11116822
0.39485245
0.48619422
0.41542905
0.36678907
0.41706854
0.17897895
0.41116243
0.43044571
0.47561371
0.44551519
0.37291344
0.37436423
0.18617752
0.41705904
0.39042916
0.42677717
0.30837292
0.44445769
0.47259287
0.29565430
0.53905227
0.35879317
0.45578003
0.38310868
0.39207272
0.40142692
0.47251099
0.44017253
0.36249752
0.37630283
0.34066521
0.20927955
0.33430910
0.45243948
0.46059703
0.35178849
0.39016940
0.46538689
0.24725189
0.20795599
0.23913780
0.39895537
0.48857664
0.40111245
0.44432743
0.42271060
0.40752697
0.45027390
0.35839575
0.37971450
0.34795737
0.50248342
0.38172408
0.15638200
0.46879216
0.46385477
0.50908912
0.41116637
0.42971046
0.43570507
0.46111257
0.41015283
0.35984567
0.44601492
0.46895477
0.44488984
0.28998639
0.47701344
0.29154377
0.41541587
0.40820079
0.38485779
0.42765265
0.41002656
0.40465537
0.27474028
0.44225656
0.04846596
0.37314623
0.31728113
0.41020232
0.24123004
0.37615110
0.49753821
0.37286465
0.30886991
0.50557629
0.37493977
0.45842485
0.29221823
0.32827161
0.25708137
0.48282609
0.44039696
0.39802754
0.47945185
0.40978513
0.46770754
0.32747585
0.40882562
0.14647708
0.10592065
0.43569866
0.38839683
0.42141114
0.45812640
0.41935374
0.39711698
0.44003696
0.38861743
0.37426506
0.36035898
0.44996666
0.09584732
0.36275286
0.45301892
0.29910108
0.39117354
0.33051391
0.27173870
0.42835201
0.47654480
0.46246949
0.38964204
0.44457090
0.40796837
0.32504032
0.39191825
0.46072223
0.49559995
0.06264451
0.04816646
0.24616198
0.45981737
0.39307264
0.33950338
0.43082625
0.49272787
0.40445685
0.47658653
0.44134734
0.46657615
0.40781541
0.36155940
0.40611662
0.33648868
0.40292345
0.45831034
0.43249626
0.41494404
0.50601823
0.49530287
0.47425988
0.45026360
0.48393628
0.45635365
0.39645093
0.44155007
0.39456317
0.41618910
0.31789050
0.33239086
0.11084559
0.45216707
0.42468810
0.34726697
0.48090784
0.38583842
0.41414428
0.21266448
0.32614909
0.33899809
0.35952537
0.22605266
0.25996555
0.45447001
0.34923269
0.38836927
0.21373052
0.31528326
0.31009822
0.51284969
0.22917120
0.18800992
0.29262078
0.05782197
0.43220078
0.42600337
0.43784359
0.43255063
0.48457002
0.39150751
0.40274216
0.47832434
0.37766091
0.48447966
0.32312060
0.43131935
0.38532993
0.11678041
0.31189543
0.31790384
0.42188486
0.49881551
0.32857399
0.47263304
0.08993878
0.31601450
0.15768783
0.08965855
0.34562376
0.42645142
0.48970559
0.52710589
0.42308671
0.03792427
0.19139006
0.25884118
0.44466839
0.10004829
0.24340690
0.12243736
0.43895081
0.23651501
0.48483876
0.29188562
0.49624451
0.18946743
0.45214339
0.39552692
0.22982354
0.32715535
0.50096005
0.15756029
0.29477283
0.54821405
0.36546782
0.37447157
0.14046953
0.52482928
0.15914672
0.10158008
0.46962023
0.14369694
0.35983583
0.40615588
0.32185924
0.28678597
0.09468251
0.35631642
0.29355647
0.43241440
0.41814172
0.38822022
0.52777566
0.44846835
0.43533730
0.25942081
0.18195432
0.45862570
0.36322536
0.32539795
0.26749166
0.45139294
0.41682538
0.46746113
0.38117211
0.50155950
0.23957718
0.43900962
0.12859324
0.44175495
0.27173778
0.49824119
0.30091978
0.50335813
0.38597626
0.29686108
0.41717051
0.36901474
0.53082007
0.32046165
0.38880553
0.46116357
0.25890405
0.45548180
0.52349211
0.50529991
0.37814839
0.48835359
0.14914528
0.41964031
0.38413821
0.42937285
0.28247537
0.42222238
0.48699792
0.32242455
0.18154368
0.34312232
0.46352517
0.47244276
0.50656183
0.38098070
0.47652511
0.43214093
0.34344573
0.42500865
0.46471058
0.45872439
0.34636335
0.46432215
0.45746936
0.41856835
0.41614682
0.51938282
0.44769344
0.43934653
0.35671414
0.39338957
0.18402012
0.32439791
0.32152575
0.34045869
0.16933875
0.49253156
0.41330169
0.45420328
0.45868734
0.21570319
0.17070544
0.38348139
0.46058344
0.45923404
0.21870762
0.45040996
0.43025971
0.28695185
0.46454579
0.41493280
0.24548970
0.47075983
0.31017361
0.43418314
0.48747864
0.13850792
0.26297622
0.45250007
0.48135622
0.31375722
0.36361171
0.41137805
0.43187405
0.15460077
0.38595471
0.41998051
0.26031960
0.47397539
0.33997679
0.48424219
0.18935754
0.51302775
0.36471975
0.34266694
0.41246695
0.37165430
0.40426775
0.47228889
0.39510477
0.44238606
0.19619320
0.24659340
0.43486511
0.11584561
0.11229667
0.40614410
0.40756793
0.20737325
0.45849836
0.39718886
0.11998226
0.21645010
0.33712536
0.52037068
0.30103793
0.52694333
0.40067973
0.42720194
0.26962289
0.44512084
0.37701237
0.43556767
0.28195792
0.50596668
0.34605073
0.34666779
0.40508015
0.37241417
0.30246298
0.29556827
0.40617446
0.42446023
0.14018841
0.44801501
0.34866284
0.28275290
0.46025393
0.40609768
0.43827690
0.39330203
0.23596852
0.18546791
0.35657202
0.23270412
0.47454804
0.46401811
0.05240026
0.36658974
0.44841963
0.35519428
0.49562825
0.34637530
0.18055793
0.23314992
0.49195469
0.34995263
0.34494521
0.40876035
0.48618804
0.31827448
0.19943506
0.39868133
0.35094298
0.18433739
0.41427454
0.37762092
0.42492269
0.43919356
0.43089777
0.38383118
0.40819151
0.30258379
0.31661911
0.44352133
0.34883412
0.34891921
0.37961979
0.12096986
0.38135285
0.43078338
0.22517800
0.21041691
0.42823796
0.39072285
0.47380270
0.17775690
0.23345368
0.48143211
0.46832932
0.04643638
0.22772788
0.36343253
0.28379822
0.32839376
0.44056984
0.50787291
0.48984569
0.47354305
0.40408445
0.40749749
0.41110369
0.35409768
0.44149509
0.48560532
0.41470691
0.32014176
0.37772419
0.29947063
0.41061573
0.36890881
0.08390051
0.31996710
0.27627399
0.21569631
0.48488111
0.36916826
0.46366512
0.43885723
0.01186203
0.35836106
0.13024429
0.44997122
0.41786890
0.20874520
0.33982073
0.45902043
0.35925589
0.46519842
0.48552753
0.44039162
0.31969048
0.45023037
0.45482449
0.29477998
0.36752483
0.43285148
0.34009533
0.35425524
0.43615089
0.43349793
0.32394615
0.37678589
0.35658922
0.13736030
0.26577745
0.42909528
0.30142464
0.38364909
0.16993075
0.44225511
0.41142075
0.31797378
0.41947655
0.33223987
0.49588011
0.41906726
0.32464950
0.34464525
0.14126059
0.14823000
0.40364781
0.20052748
0.40273127
0.42838270
0.49488509
0.36176787
0.46250570
0.40768429
0.36702499
0.46851245
0.50508089
0.47289089
0.47083006
0.36413948
0.42230144
0.53205683
0.11954489
0.44197143
0.48523095
0.23656285
0.24948634
0.50573961
0.37243716
0.42031356
0.40701125
0.36891722
0.42132412
0.32920482
0.31778877
0.29017513
0.48271752
0.40679748
0.41557326
0.37492159
0.45803770
0.34899788
0.52474585
0.37750508
0.15288743
0.31866455
0.42317092
0.48122606
0.45228425
0.50990951
0.38809193
0.26435199
0.44845671
0.31590416
0.40590040
0.44851702
0.42138932
0.43180682
0.46106129
0.42024260
0.42179982
0.45601959
0.31528775
0.16028386
0.36330710
0.33171837
0.37200661
0.36654205
0.16640166
0.13957467
0.49552902
0.06101703
0.37908078
0.31904428
0.45432135
0.37360023
0.33099189
0.28123136
0.28698366
0.44136243
0.52504956
0.27008640
0.38819240
0.41321315
0.32903538
0.41959742
0.41962160
0.46330601
0.26322771
0.15042838
0.08866704
0.40754910
0.27890784
0.38662679
0.37366899
0.32264340
0.33483737
0.09333914
0.34624669
0.15829544
0.34479259
0.44911091
0.16798772
0.33926345
0.17242262
0.36931405
0.40830926
0.49082053
0.42982785
0.50081788
0.43225802
0.39758298
0.43646909
0.36611036
0.50009190
0.37817735
0.38454956
0.46417845
0.52829099
0.18383121
0.39499826
0.43046258
0.43553529
0.39004641
0.48081695
0.45706467
0.41184398
0.46847447
0.46313334
0.39776631
0.35125102
0.30715772
0.30827349
0.32518362
0.45124663
0.44042627
0.46089689
0.43077057
0.43605681
0.28637772
0.32523570
0.27751043
0.32599896
0.35276121
0.42086664
0.30517420
0.41388439
0.48759443
0.38796828
0.13378708
0.39507800
0.40673171
0.33008624
0.28813483
0.34282114
0.49228093
0.49930866
0.35009842
0.45581723
0.44076070
0.45620270
0.25414862
0.43634742
0.32312812
0.11027009
0.41518883
0.43858714
0.41836562
0.21043664
0.46875135
0.28761650
0.44283713
0.41512479
0.33513383
0.37045203
0.44106306
0.34338440
0.44872641
0.14339369
0.28133970
0.44157354
0.38292526
0.36162172
0.21094544
0.35921793
0.28810877
0.36493806
0.42149535
0.40983348
0.33826861
0.48361446
0.44210874
0.40350271
0.45726644
0.45327965
0.04371739
0.50778497
0.44490337
0.39457584
0.04509245
0.33360652
0.18250299
0.50447393
0.30557967
0.46876682
0.51896485
0.46604922
0.29977687
0.43330769
0.40047038
0.27317668
0.43686883
0.32539314
0.43358299
0.32317333
0.26402805
0.29425639
0.28404936
0.47726539
0.28373554
0.32454669
0.23112784
0.36147131
0.34677120
0.45311827
0.38296661
0.43739852
0.41584917
0.42529119
0.40126855
0.39445230
0.47952616
0.48117661
0.33185137
0.45070103
0.24498868
0.44618472
0.48326674
0.28835135
0.39306288
0.53287103
0.37177110
0.40423636
0.40377428
0.45177482
0.42607175
0.44032121
0.41548177
0.22863205
0.33596034
0.48929046
0.32344127
0.42984208
0.32306923
0.32760732
0.01429266
0.44101219
0.33764515
0.33211635
0.44595614
0.46564823
0.36426201
0.44231796
0.44749427
0.25094968
0.19365161
0.38033592
0.39791984
0.32299827
0.37085090
0.36101682
0.07922729
0.38583666
0.50961670
0.38064532
0.33680285
0.45822668
0.42316377
0.33605438
0.43788328
0.30143916
0.06072116
0.30616525
0.37822468
0.47922569
0.51388075
0.09117803
0.44410013
0.02609922
0.48756826
0.45356477
0.28396003
0.44559215
0.47597511
0.43666557
0.37870670
0.43927698
0.50668108
0.51288339
0.54619022
0.49480771
0.07137579
0.41206101
0.30021005
0.43954199
0.27656607
0.28168598
0.49328654
0.39016419
0.20577363
0.42804322
0.28781226
0.40753868
0.40692030
0.38367340
0.39686920
0.43647595
0.51474718
0.42209914
0.39956459
0.45552562
0.26758368
0.32711086
0.30131426
0.39468402
0.53902831
0.45669105
0.51477063
0.51021741
0.16514577
0.43010639
0.46802701
0.47235549
0.34474109
0.43349814
0.45471609
0.16305381
0.29827307
0.20133669
0.27820570
0.40731629
0.36684928
0.36549819
0.35480400
0.46275347
0.43913290
0.37177475
0.07399750
0.41876759
0.28671545
0.43402359
0.35959169
0.23460043
0.50778529
0.43569522
0.52127469
0.32046259
0.30134002
0.41253147
0.55407997
0.30695209
0.29982554
0.41854980
0.43258952
0.48091608
0.47497970
0.29031968
0.42294553
0.28777466
0.19497926
0.13992195
0.36729817
0.26297349
0.38450167
0.32530443
0.33861233
0.34197551
0.30359512
0.48695174
0.36188655
0.42899217
0.35350502
0.43864513
0.36830666
0.45829126
0.32206917
0.20249196
0.37941879
0.27756772
0.31678941
0.22578724
0.46039814
0.47095130
0.46172906
0.37612442
0.41438865
0.40167271
0.53580728
0.45027847
0.29130314
0.38313840
0.47480249
0.51958966
0.41971024
0.45094699
0.35873435
0.49029854
0.43793121
0.12151327
0.10968691
0.45851389
0.45593550
0.40862398
0.49694779
0.41138548
0.44112390
0.19719688
0.47671294
0.25171089
0.25067646
0.43272072
0.31556683
0.25998702
0.30938123
0.45635086
0.37557581
0.36882223
0.38529088
0.45466135
0.37743897
0.41315269
0.43727574
0.44075862
0.48497652
0.42893847
0.21419568
0.28942720
0.41671391
0.43662411
0.44438664
0.44825137
0.12216690
0.16320035
0.41414518
0.42744810
0.27776769
0.43938424
0.40033007
0.39809689
0.27258433
0.54697256
0.54756032
0.18030680
0.49170583
0.39732336
0.37838983
0.13867161
0.44264749
0.48587575
0.40565722
0.39005203
0.46234775
0.43230987
0.22430079
0.26610833
0.34057690
0.41902930
0.10256723
0.29123973
0.45109699
0.49764322
0.38936077
0.36919571
0.14104313
0.33711406
0.37617801
0.39304887
0.16817718
0.39407090
0.38241829
0.43201279
0.41684771
0.48635050
0.40236254
0.46214757
0.43203091
0.45293083
0.39712422
0.44370213
0.46036270
0.30436296
0.34479064
0.41919665
0.45240388
0.39425866
0.41376421
0.41965212
0.36444096
0.31126207
0.39581615
0.46613731
0.36745686
0.44023157
0.43852739
0.29217519
0.26536998
0.31034702
0.28686545
0.47125127
0.41502078
0.49059438
0.42465662
0.30371149
0.41423564
0.41380260
0.40506227
0.57119368
0.34677930
0.41184627
0.51376163
0.20669617
0.34710828
0.48138831
0.36293297
0.35688965
0.05903618
0.42789657
0.45482539
0.43410567
0.38623783
0.13309129
0.35873899
0.40240115
0.50970274
0.43726978
0.38632765
0.29660806
0.34665711
0.20473242
0.48838224
0.37054226
0.45216522
0.40125795
0.43570255
0.27407338
0.45467005
0.16725045
0.44002006
0.49207925
0.43120693
0.12367796
0.47203282
0.50550116
0.52440051
0.47415162
0.47154798
0.30003267
0.41799216
0.22515813
0.31649818
0.47864435
0.27088872
0.24611651
0.41554810
0.45031105
0.34320054
0.33303886
0.20336154
0.40663992
0.40417021
0.05731140
0.39280032
0.12454659
0.25630402
0.32446733
0.39232506
0.34273316
0.39208956
0.38597306
0.46403124
0.25237940
0.21984862
0.25002335
0.49885873
0.41859851
0.28676000
0.44044136
0.43124134
0.24270654
0.40266786
0.15816791
0.52572325
0.56139587
0.45210498
0.43075964
0.33236285
0.22914875
0.50614710
0.46177343
0.35885586
0.39077934
0.47885905
0.38393139
0.28670159
0.46132870
0.41075131
0.38949692
0.40629288
0.48989669
0.28338740
0.24451565
0.47684435
0.30584319
0.27076301
0.45431033
0.48632469
0.34317860
0.43618916
0.33121387
0.26773763
0.44319923
0.19386449
0.37200932
0.48514898
0.53319070
0.47465980
0.22567478
0.37930642
0.41737210
0.38804351
0.08410034
0.37710085
0.45379383
0.11902324
0.47111370
0.40987968
0.32455941
0.49789523
0.40628162
0.10899421
0.25703658
0.35443397
0.38741233
0.45852088
0.51218598
0.03858026
0.44836817
0.03379347
0.16981996
0.46896138
0.17135469
0.38285679
0.29417637
0.44419732
0.31459161
0.25869779
0.40426111
0.47056312
0.50187088
0.24218573
0.23999782
0.21507279
0.33927995
0.38470205
0.38909259
0.20156464
0.43878579
0.48373508
0.42490108
0.36081179
0.35310710
0.51354981
0.40545147
0.30226668
0.19958793
0.46205061
0.34723486
0.46114483
0.03770153
0.32912246
0.24030316
0.50874084
0.39021958
0.39788221
0.26741032
0.40849862
0.40006001
0.36564305
0.13734150
0.28892306
0.38600588
0.32517826
0.42448295
0.21639702
0.38854606
0.27497688
0.36114131
0.12879180
0.43289082
0.02590947
0.50647921
0.41559814
0.34798610
0.47831800
0.23224611
0.38329942
0.34611801
0.46848058
0.28744360
0.41041400
0.26000569
0.30727921
0.51956932
0.33091097
0.33437536
0.24065216
0.48060241
0.49998509
0.33344261
0.46767893
0.44216916
0.11030136
0.47088927
0.45621994
0.36048297
0.28738655
0.41882493
0.34293524
0.15339709
0.08189641
0.35586674
0.43942672
0.32556929
0.49814015
0.39717840
0.45144592
0.33862082
0.46007375
0.45026368
0.51605821
0.35458297
0.42617128
0.32505766
0.52518842
0.48965837
0.28706604
0.35582399
0.36126644
0.37543093
0.39249337
0.31781289
0.34597768
0.42035565
0.25032090
0.50495847
0.48347119
0.47015295
0.48438432
0.51399456
0.48066071
0.49042335
0.46047101
0.34018393
0.25110097
0.41767815
0.41515792
0.41138102
0.45325533
0.31272658
0.25504536
0.37311753
0.43689044
0.40833621
0.33392110
0.20696113
0.18563109
0.39134648
0.39564837
0.37185368
0.36593996
0.44680359
0.35928729
0.49765130
0.42527957
0.43392278
0.49341434
0.53018538
0.42517342
0.24810118
0.41504046
0.27063909
0.46292507
0.24981830
0.24539645
0.21614195
0.09998257
0.47518447
0.29967391
0.37983137
0.30132333
0.41660966
0.45610458
0.38293384
0.46247476
0.36325257
0.31561549
0.37928685
0.18970959
0.41334831
0.47884124
0.38386546
0.12367447
0.19770595
0.35291508
0.41318218
0.35878368
0.44688212
0.41423770
0.34765189
0.49692825
0.31269525
0.43071591
0.39305357
0.31410941
0.45743989
0.20227920
0.23576270
0.31671358
0.46080043
0.41822997
0.41711185
0.32838204
0.46143862
0.40258132
0.34915065
0.19057086
0.30138197
0.45170941
0.22311137
0.40162727
0.24865533
0.39198505
0.27411185
0.48806963
0.28021098
0.37508415
0.42289731
0.45918734
0.47009723
0.09296772
0.15975248
0.46892505
0.42162060
0.33968510
0.42314281
0.49051102
0.47784217
0.44915845
0.36008257
0.41158078
0.26353964
0.32781686
0.33277214
0.37902738
0.39091782
0.45076199
0.36875849
0.27615333
0.53623069
0.41285752
0.31288687
0.21567999
0.47468639
0.45623890
0.31768866
0.52746648
0.22254511
0.36577674
0.24512956
0.26483261
0.45021494
0.41309893
0.28615372
0.39319189
0.25352726
0.45547411
0.51441170
0.44415029
0.45552530
0.44486532
0.39422686
0.25608178
0.13790919
0.39939119
0.31573943
0.45553070
0.35675055
0.54706245
0.42016694
0.45275203
0.51573450
0.47505844
0.46302484
0.44222917
0.36439707
0.34922990
0.36833697
0.08698340
0.51063535
0.41085814
0.39141779
0.43434619
0.51301310
0.40909708
0.46556613
0.38769731
0.11734074
0.29991336
0.43334633
0.37800003
0.36137207
0.37001292
0.15519250
0.36359588
0.39362205
0.41425508
0.35327362
0.28400020
0.29232006
0.26095149
0.40779473
0.26883880
0.04655948
0.36592937
0.43059680
0.46656740
0.44382575
0.24434500
0.32594884
0.39836491
0.45236135
0.04388942
0.43062417
0.37489413
0.37319709
0.38879730
0.34754183
0.49782751
0.45342699
0.28753268
0.49171381
0.32978994
0.35981175
0.43256362
0.51561756
0.52369086
0.31336259
0.42799567
0.32905481
0.33103019
0.35816921
0.43450663
0.36063961
0.46541196
0.40980191
0.46634372
0.46679575
0.38540243
0.36546296
0.27120583
0.26755401
0.34532083
0.47161803
0.35978927
0.37611841
0.39437258
0.44101622
0.40503601
0.39709524
0.48356350
0.35592821
0.38075890
0.28171165
0.18057848
0.35590905
0.45120160
0.46327514
0.26308639
0.36287573
0.49494797
0.48312248
0.33527561
0.05749972
0.44187483
0.45955142
0.42427723
0.33916225
0.45885519
0.50915735
0.44661706
0.35525783
0.30320638
0.16535756
0.41552712
0.46980799
0.35432049
0.47975282
0.21226662
0.43461173
0.34267076
0.51734294
0.13169222
0.38715395
0.24157476
0.33698385
0.34237436
0.05217139
0.47650404
0.37951029
0.42734650
0.15873945
0.14962860
0.36537682
0.51387885
0.05442453
0.48492513
0.44124621
0.42011583
0.45788827
0.45987831
0.44205584
0.48972668
0.36820201
0.38926126
0.41372876
0.10851720
0.47858193
0.45318643
0.38932117
0.49762169
0.23190265
0.47217818
0.50537993
0.26383838
0.20337591
0.43606421
0.52296388
0.42786314
0.15425423
0.25479025
0.35538861
0.42786566
0.34696464
0.42918702
0.31071009
0.27184654
0.16861434
0.46164188
0.13266533
0.39437215
0.42367752
0.48708771
0.27786650
0.38123266
0.36837528
0.28495101
0.38093246
0.43929516
0.39465227
0.38150249
0.47449634
0.49945455
0.45830836
0.42124951
0.18005504
0.49449672
0.38008182
0.34934197
0.37653531
0.38734623
0.41090494
0.40972661
0.33540298
0.42845644
0.43952543
0.40576237
0.44368960
0.51571665
0.36179205
0.12317811
0.35769240
0.43192487
0.28087181
0.02999743
0.30864733
0.30726625
0.28248898
0.08721545
0.28440340
0.35629218
0.47221731
0.25380466
0.41839057
0.41917192
0.46036395
0.34900482
0.42180463
0.47231676
0.35398579
0.39590044
0.49801851
0.17677098
0.41471465
0.41903879
0.20081674
0.25889514
0.44162697
0.47952881
0.45950318
0.07666324
0.26645475
0.38261994
0.35964762
0.44790430
0.30352549
0.41282088
0.42817542
0.36592119
0.43560848
0.33726152
0.42080988
0.29515457
0.45560231
0.37214842
0.16957405
0.21939251
0.40040448
0.47674079
0.47511411
0.43342195
0.13546456
0.46201765
0.36698197
0.09718563
0.22893094
0.40366858
0.44920738
0.15592297
0.46259387
0.49992617
0.49691173
0.36224352
0.35947050
0.51034027
0.39355937
0.39116055
0.48202251
0.39467252
0.42398562
0.36562180
0.28630362
0.42774893
0.41008267
0.48366279
0.24454512
0.47910563
0.38899544
0.41615155
0.51309324
0.30593964
0.45136972
0.31690238
0.29205345
0.29722222
0.40030535
0.44865242
0.41397323
0.45678772
0.40968488
0.41424394
0.37856389
0.31345790
0.51851548
0.48102123
0.14968869
0.46204093
0.41875866
0.41643296
0.12700074
0.18300717
0.43574437
0.22299510
0.32852556
0.19119535
0.31046329
0.26504032
0.27937224
0.45436189
0.34155816
0.45928410
0.45406979
0.41467909
0.30637428
0.38273305
0.41370185
0.19135619
0.43034349
0.39373038
0.05601436
0.46327452
0.17316118
0.39179014
0.54064682
0.35168560
0.34111576
0.41543082
0.32341057
0.48354897
0.40582948
0.33373382
0.40709356
0.32538691
0.38632703
0.41307089
0.35503322
0.30796009
0.40886373
0.46043085
0.39110427
0.48443514
0.43633173
0.44684874
0.45512636
0.35585746
0.42736166
0.18459338
0.36513826
0.42232690
0.36988426
0.46231460
0.02370690
0.28958048
0.40622369
0.40554230
0.39628847
0.36781325
0.31377199
0.06230314
0.44626078
0.46117172
0.36485263
0.34414641
0.27308518
0.39452371
0.46696505
0.43593626
0.43222314
0.43919490
0.40157769
0.28214357
0.35023557
0.50054461
0.49165597
0.12850475
0.45191386
0.43312652
0.47175106
0.38822888
0.43595058
0.30217525
0.37179730
0.27225767
0.39911355
0.43688691
0.43789895
0.34881933
0.40887727
0.32490077
0.42325064
0.14270568
0.43844411
0.09431578
0.35555501
0.50766814
0.38471960
0.40494121
0.39917371
0.42459313
0.41643793
0.10937289
0.42028781
0.25999437
0.17279991
0.39277890
0.41340372
0.30146207
0.13682762
0.30434675
0.20649208
0.19343585
0.32938597
0.35470430
0.14195078
0.39417387
0.45513313
0.50672323
0.45200133
0.45169249
0.43566453
0.41729647
0.39810773
0.40851432
0.52597464
0.41281256
0.40337664
0.43151249
0.22954212
0.45630543
0.37716317
0.39618621
0.46688429
0.31103490
0.40264007
0.26776069
0.47541817
0.50098338
0.32114625
0.44216872
0.22145342
0.35071723
0.19524132
0.47396923
0.48794394
0.39290245
0.47465214
0.43740291
0.34517121
0.01833837
0.46267711
0.27933291
0.30912004
0.34087941
0.36476202
0.45322918
0.31254026
0.19300965
0.40357028
0.33093216
0.27306184
0.16630972
0.43283526
0.45003116
0.43412553
0.29182501
0.14416900
0.36584519
0.47836485
0.38048153
0.47199046
0.13892786
0.24829511
0.02338214
0.44588213
0.48020560
0.37163075
0.13485993
0.39697281
0.35103151
0.38452898
0.28915821
0.40350040
0.38854344
0.49770329
0.13609137
0.35421826
0.30815875
0.28997817
0.41763098
0.47271893
0.26225125
0.17450942
0.49423458
0.45645085
0.42446987
0.47955489
0.32570038
0.45298144
0.47938882
0.39355311
0.47157728
0.41325528
0.28761640
0.56559750
0.32630851
0.45442729
0.50744576
0.48212457
0.32754140
0.42939457
0.30460303
0.40601482
0.36243374
0.18862596
0.29177484
0.35746037
0.30013873
0.38452997
0.22776298
0.43174294
0.47760854
0.51605341
0.07628476
0.34831607
0.35142412
0.40477066
0.41860703
0.21801531
0.45080892
0.35307609
0.41792284
0.18536775
0.38014313
0.43704331
0.44449846
0.41041094
0.33831065
0.34371987
0.42641766
0.37484128
0.39408491
0.28012130
0.45048173
0.30139475
0.31153715
0.45476890
0.41073191
0.37833790
0.45097978
0.35472445
0.02788836
0.39271363
0.29891101
0.50919040
0.29698614
0.53115433
0.48499111
0.37912504
0.45967277
0.48465416
0.42998119
0.32097901
0.31269812
0.33162024
0.39461037
0.50278314
0.23352099
0.30483865
0.27110726
0.35143036
0.31223058
0.38223503
0.44453973
0.39618680
0.31769575
0.51125088
0.42027890
0.40305101
0.30380069
0.39129275
0.50016381
0.44849833
0.10128023
0.24701703
0.40814732
0.14077014
0.44507585
0.22882551
0.03164677
0.27418307
0.33552026
0.42386966
0.24447715
0.43582999
0.45880237
0.44694197
0.47658661
0.52836544
0.20401939
0.40118826
0.35558008
0.37834790
0.07966267
0.24125940
0.14546610
0.25139499
0.41669844
0.23127094
0.45923364
0.37725028
0.37746210
0.10167396
0.21295691
0.48263408
0.50261954
0.48782563
0.48393803
0.40700254
0.48428766
0.46445204
0.43718403
0.41518018
0.32812913
0.13831408
0.41188453
0.46228509
0.44956486
0.31270379
0.45548674
0.42996609
0.40693765
0.35404807
0.23813286
0.27147433
0.46302835
0.42338166
0.26811350
0.51202138
0.38158234
0.31841375
0.36912694
0.45418883
0.45884171
0.11709243
0.42535574
0.32590782
0.42202866
0.47159965
0.40816157
0.40863599
0.36252879
0.38046315
0.28886303
0.25892459
0.15559868
0.46001967
0.47627775
0.26218991
0.22306648
0.22882186
0.39603691
0.20306777
0.42892388
0.21921651
0.40224152
0.14710900
0.13854337
0.32645307
0.29192975
0.40341629
0.22789555
0.09239417
0.45183608
0.33022202
0.36338738
0.35645111
0.40584683
0.13064630
0.23939694
0.18780861
0.49260898
0.05860714
0.09008777
0.38563179
0.35985618
0.50004842
0.46715949
0.38778545
0.40769997
0.47687297
0.34598429
0.25279605
0.39054201
0.22155081
0.37958875
0.33428985
0.28769136
0.23315951
0.32839432
0.13773370
0.37624376
0.47691918
0.44150338
0.35387438
0.36785411
0.32232614
0.33377367
0.44814829
0.32247890
0.38324188
0.38890152
0.35888827
0.32107412
0.40698169
0.08401742
0.31978866
0.33580102
0.28323167
0.43812615
0.19013487
0.08677672
0.41573857
0.30654067
0.45450513
0.31409084
0.06411575
0.36694952
0.42107652
0.14653107
0.35128738
0.48050791
0.44217595
0.36367089
0.47585433
0.36950969
0.37351664
0.44973534
0.31508133
0.09443372
0.48552670
0.46982520
0.50831220
0.41829645
0.33534388
0.35989334
0.09415974
0.40483670
0.46501557
0.34005285
0.23703599
0.37461806
0.42538174
0.35365974
0.30254742
0.37832277
0.40777480
0.34945336
0.36099734
0.47950419
0.33532346
0.25968525
0.43604429
0.35898827
0.44424818
0.53486633
0.40805217
0.18648456
0.42086781
0.44643290
0.43908079
0.40354870
0.35232048
0.35248390
0.15594929
0.40548759
0.39017614
0.09637496
0.47167521
0.46328586
0.44349881
0.34015889
0.25174508
0.35279559
0.36458231
0.45069428
0.46097011
0.27269982
0.37262634
0.52714622
0.45367590
0.37580675
0.44463738
0.12049808
0.36484266
0.42263966
0.43353060
0.43132413
0.52531790
0.42710236
0.37876407
0.47646138
0.38860950
0.42726662
0.35442326
0.24621454
0.47042630
0.08602859
0.18288225
0.30199263
0.38539164
0.46151434
0.41882535
0.47209172
0.38848395
0.30044827
0.45984186
0.37603513
0.43636399
0.47951995
0.49814509
0.37026313
0.42381001
0.18047436
0.34421115
0.43224124
0.21103429
0.38187620
0.30239960
0.34743479
0.46007817
0.56247073
0.52649203
0.29961471
0.41112086
0.25848479
0.44894329
0.19017188
0.41996076
0.46132977
0.34521093
0.05309186
0.33029381
0.23987139
0.35242128
0.48689676
0.37826637
0.26359868
0.44647622
0.42338635
0.47689915
0.39296522
0.23986751
0.46335428
0.38484806
0.12607249
0.45027039
0.47721029
0.39620116
0.13406020
0.33578071
0.20860991
0.14512699
0.41134051
0.48321282
0.36015654
0.50366305
0.39685996
0.19100026
0.41760011
0.39873623
0.43999948
0.33486190
0.30426518
0.20995004
0.42675239
0.33472594
0.35071692
0.33108808
0.18217152
0.44012134
0.35377540
0.39876157
0.35861121
0.45811030
0.30813338
0.44299852
0.35805441
0.34606079
0.41082270
0.32513079
0.45377242
0.30631601
0.32840298
0.43749734
0.38716664
0.38651671
0.36701251
0.25090764
0.12796238
0.46189707
0.43609145
0.24816218
0.12097791
0.41083941
0.27826698
0.29074565
0.38522022
0.49260748
0.20028985
0.34479518
0.27377583
0.48249652
0.45891366
0.46814518
0.43291089
0.38544007
0.45226258
0.19219255
0.27054684
0.47718702
0.29995860
0.20322796
0.39983887
0.26678856
0.39692568
0.39011274
0.44802346
0.32307849
0.05659589
0.44118850
0.45082334
0.52329252
0.34483866
0.16457881
0.08632401
0.47327709
0.32108582
0.47662732
0.50902942
0.15891494
0.31655941
0.18939084
0.34504817
0.47355894
0.26816941
0.44657853
0.08645498
0.46882831
0.43287509
0.31232535
0.39590578
0.42307774
0.23007618
0.33985866
0.46369008
0.49582890
0.44825580
0.49791505
0.36284728
0.42098017
0.34353341
0.02901485
0.31643836
0.32300836
0.41942142
0.48943521
0.42909899
0.51479204
0.35430567
0.36335345
0.49953900
0.48049473
0.19634199
0.48597591
0.33244257
0.30828282
0.51312052
0.40621947
0.50340086
0.14774800
0.37233120
0.19899998
0.33887195
0.45808830
0.42034738
0.29033117
0.45895726
0.47282490
0.11751879
0.08968262
0.49283621
0.41552062
0.35317027
0.40070528
0.42906407
0.39812689
0.48531383
0.32202969
0.33382087
0.37772967
0.39789781
0.49129381
0.38360989
0.44850097
0.14177715
0.43880472
0.31675217
0.40936687
0.35662370
0.37221506
0.41071771
0.07399722
0.38986403
0.32256630
0.19775520
0.46619432
0.21074203
0.44386841
0.47047497
0.51340762
0.50363052
0.50091813
0.42824734
0.37248303
0.49957837
0.33951542
0.36911749
0.05421758
0.38714945
0.39671471
0.37490201
0.48863601
0.44253740
0.36504778
0.50050213
0.49854848
0.23292551
0.27380662
0.44179303
0.29766456
0.38870206
0.31849802
0.21874809
0.37626427
0.39940648
0.13997327
0.32871713
0.31082058
0.31998233
0.52697770
0.43784613
0.39891667
0.53192683
0.48887258
0.26681858
0.53903055
0.52995222
0.42093486
0.46474805
0.40914518
0.05371509
0.42664453
0.26447725
0.44887779
0.43918076
0.36744394
0.11683222
0.26133603
0.22721554
0.37296941
0.36507146
0.40858319
0.45576295
0.41533002
0.39514419
0.36819591
0.39970751
0.35648331
0.47415441
0.40733283
0.25203353
0.38482541
0.26527436
0.29933151
0.44699375
0.46458829
0.48096389
0.19007413
0.34850247
0.42497665
0.47824172
0.40822401
0.49382552
0.38541450
0.19724016
0.31754124
0.00845283
0.39748351
0.51023093
0.38001491
0.43950385
0.42127752
0.43050412
0.05611445
0.40588908
0.49243598
0.08818599
0.41781023
0.39667503
0.27527359
0.38363299
0.40969399
0.09988037
0.37940557
0.47576422
0.51252081
0.47071320
0.53297540
0.09110842
0.43635886
0.32111458
0.16184696
0.37724672
0.38614453
0.44704264
0.02282796
0.34830916
0.38790210
0.33603186
0.38088293
0.14545780
0.35316387
0.35580920
0.38605618
0.11278433
0.33412566
0.52249572
0.47405110
0.38368275
0.33058094
0.04043156
0.33444907
0.30441556
0.26516058
0.13227296
0.44184767
0.36169089
0.39310471
0.44575691
0.43914737
0.39833390
0.41469776
0.17639333
0.37285012
0.33039744
0.49022897
0.46499141
0.46558109
0.35641428
0.20078623
0.31710358
0.44173468
0.29161216
0.36533411
0.42831230
0.25767762
0.37586511
0.21988713
0.43477950
0.29342523
0.12093120
0.36687647
0.26255878
0.38369432
0.39666742
0.06031822
0.34235628
0.48317725
0.04011811
0.40603144
0.41755644
0.46894465
0.42642557
0.22545176
0.53639431
0.45628426
0.49337038
0.24609031
0.33390999
0.36278970
0.14770201
0.47377904
0.45366534
0.39243162
0.18024417
0.42148596
0.34552656
0.47134503
0.39092619
0.27808210
0.39829219
0.47081770
0.44388353
0.20700309
0.38073511
0.46912998
0.21200349
0.40897880
0.26374228
0.37605490
0.27246189
0.17657130
0.32598973
0.43153313
0.49595749
0.15374957
0.27408395
0.33800218
0.29281916
0.42749831
0.46977352
0.36751539
0.45139046
0.28752834
0.44249174
0.45272083
0.38455897
0.35439354
0.36230834
0.39819684
0.37877752
0.52824163
0.49176703
0.03329591
0.32185095
0.28958382
0.33044036
0.54740558
0.41065179
0.41154516
0.47908274
0.39827994
0.41040577
0.35176133
0.31745183
0.27486880
0.32928375
0.46639358
0.45503530
0.30799401
0.43736478
0.19788262
0.23079920
0.45600259
0.24752948
0.28967908
0.42568265
0.45704188
0.34181871
0.26900473
0.35903657
0.47632012
0.38055505
0.43484710
0.43060106
0.39928222
0.20857447
0.36878869
0.37400870
0.44358546
0.32918476
0.37478940
0.30653473
0.42423836
0.43909789
0.50505460
0.35557776
0.43231820
0.21260484
0.44866319
0.45103174
0.47079198
0.49511554
0.30612874
0.45125673
0.03146395
0.46720078
0.48507909
0.33937810
0.36255563
0.47000370
0.39522110
0.31355766
0.44162105
0.41155523
0.44843539
0.44815905
0.52785554
0.28784891
0.37405129
0.34449513
0.23772859
0.48474292
0.43247500
0.40985618
0.37373290
0.23975405
0.38270200
0.44335938
0.35073679
0.30075602
0.30823587
0.17646383
0.44203834
0.41231425
0.42957308
0.27834309
0.36163609
0.30876227
0.32335362
0.23598194
0.08085173
0.46041156
0.42649491
0.29873663
0.47060441
0.26165591
0.36111555
0.32527170
0.45024883
0.36978158
0.34003656
0.30258575
0.30324800
0.49883767
0.39739548
0.46959110
0.41988764
0.35367603
0.18542317
0.41128092
0.48854775
0.43854009
0.42589668
0.47578462
0.46901921
0.32555482
0.30293005
0.34358425
0.43016230
0.48859062
0.37703452
0.24028654
0.30817216
0.10621606
0.40958601
0.41235872
0.36596029
0.47752654
0.51120355
0.41133414
0.33096721
0.38116427
0.48352045
0.20748260
0.45500205
0.41608207
0.01373697
0.03716982
0.41680652
0.37021484
0.32579930
0.36588646
0.29935702
0.24553233
0.32198640
0.35789437
0.25512463
0.51609738
0.20650300
0.39832407
0.24910642
0.39868915
0.28692062
0.44262235
0.52066029
0.46309734
0.48106512
0.24853418
0.47971417
0.46193448
0.45594043
0.05157501
0.40811831
0.46132991
0.27803088
0.44565499
0.29346426
0.36672115
0.41554295
0.31590625
0.34481840
0.49888207
0.35120795
0.38917560
0.49809924
0.52062000
0.36781367
0.30590568
0.22583559
0.30942902
0.43074337
0.45619600
0.35577965
0.34204182
0.43138565
0.38081584
0.47996720
0.34037306
0.42260915
0.39236233
0.37256172
0.41726441
0.19843320
0.02640283
0.43533662
0.48470981
0.40248347
0.21569789
0.33424024
0.30860795
0.29966877
0.36555741
0.00432683
0.49547767
0.26884295
0.31698955
0.35922514
0.33276933
0.40990257
0.38177666
0.41195621
0.28993671
0.38688144
0.43441714
0.47623157
0.42783826
0.32118785
0.32898934
0.20211432
0.43191333
0.38523035
0.45232708
0.29722908
0.31120978
0.17885709
0.40289697
0.31612238
0.27519892
0.28403584
0.37613688
0.26282840
0.51465174
0.38535137
0.45769881
0.30980406
0.39111228
0.42416184
0.39061936
0.47406416
0.46683921
0.45187203
0.45943095
0.46554381
0.47136262
0.45322193
0.24412287
0.42677097
0.48040064
0.22208358
0.51531687
0.48651674
0.53943943
0.40573610
0.49421709
0.44219781
0.18052800
0.36406177
0.34751762
0.38413100
0.46716662
0.32048972
0.29222520
0.45843203
0.41864437
0.36821893
0.26324912
0.39775203
0.46410808
0.42520962
0.29866303
0.51041774
0.49807719
0.32193735
0.35203246
0.34882008
0.45063498
0.36848200
0.41429102
0.09071252
0.38228602
0.28891932
0.25504485
0.48943251
0.47907278
0.41705321
0.41878292
0.12552114
0.44365924
0.17746295
0.41049365
0.20838221
0.30911145
0.49366032
0.42915797
0.29735022
0.20473149
0.36543739
0.44888714
0.31805248
0.22152934
0.43963210
0.36774483
0.10617428
0.34554495
0.47944152
0.37557565
0.46450339
0.36169453
0.26231207
0.49649405
0.38566471
0.41869921
0.50816351
0.41024708
0.41707793
0.35012573
0.39101989
0.45743502
0.47127507
0.51592804
0.36982461
0.38124484
0.44940020
0.33683120
0.33025757
0.30746710
0.33264744
0.34191838
0.22016811
0.04748630
0.36011215
0.44125280
0.12212654
0.36481591
0.47232672
0.42479526
0.24238461
0.20102094
0.31505769
0.32493927
0.48139610
0.20996336
0.35055265
0.26065900
0.36520681
0.18216588
0.37278847
0.36850128
0.53400519
0.48771949
0.38547634
0.02318775
0.29125258
0.07617007
0.49154800
0.41205982
0.41310039
0.50313753
0.39524393
0.42573793
0.36846934
0.13550695
0.43877719
0.27469054
0.46924777
0.23058071
0.39011832
0.45779046
0.47050340
0.33334731
0.47850873
0.29603054
0.36428511
0.22574232
0.27598742
0.47265747
0.42095987
0.39418697
0.21861238
0.42187137
0.46568487
0.46294242
0.32233156
0.53517899
0.26415566
0.35745771
0.32168929
0.40703700
0.31062376
0.41837019
0.21731882
0.40517762
0.33283691
0.44945695
0.44288915
0.49800209
0.22256468
0.43721625
0.44372465
0.43694135
0.23916507
0.31272046
0.19073033
0.29758367
0.37280844
0.16212389
0.39251803
0.39494543
0.25217311
0.04691930
0.43847498
0.31671422
0.53106086
0.34762117
0.45616372
0.53151512
0.48447064
0.51964073
0.47863843
0.29864098
0.44642122
0.49056326
0.47680592
0.11572441
0.39440695
0.45297683
0.24126583
0.41529525
0.04137385
0.32241857
0.27930759
0.42040417
0.52246833
0.20859406
0.50482407
0.48808567
0.39385846
0.32250062
0.53071921
0.33615299
0.28251984
0.45429680
0.36551203
0.50902664
0.00895081
0.40825022
0.33869077
0.51668701
0.41476970
0.47314074
0.46859458
0.30102580
0.42588138
0.37596047
0.49616644
0.29503427
0.29489878
0.42408601
0.23746273
0.32431061
0.43238269
0.38039901
0.34536439
0.39193169
0.10494680
0.52130369
0.29597028
0.31228417
0.05004890
0.43173126
0.44354858
0.40983925
0.42115338
0.02774196
0.33228414
0.22051802
0.34892216
0.44346191
0.27963487
0.18577680
0.43398710
0.29489461
0.29070486
0.49376888
0.44450299
0.47353997
0.30337829
0.44546141
0.34150297
0.43121587
0.38692418
0.53402695
0.55305197
0.44424502
0.43868144
0.43427400
0.45249908
0.51350262
0.33579370
0.46717412
0.43138060
0.43582806
0.37660908
0.42481748
0.41829011
0.40798477
0.38935724
0.35796506
0.23297434
0.45827702
0.48432109
0.29818663
0.22717878
0.45093923
0.29477860
0.20347821
0.40481319
0.27334881
0.40476085
0.44584524
0.38411677
0.49264903
0.22669005
0.46788381
0.28675168
0.39660644
0.37433209
0.23340624
0.42498783
0.41094065
0.45089253
0.49182458
0.25014487
0.31281142
0.41162996
0.33712760
0.26322807
0.48176724
0.38695610
0.36899178
0.29192472
0.45530036
0.45318964
0.23180360
0.38905811
0.44883061
0.39943412
0.03131879
0.38452965
0.40521979
0.37013288
0.50199568
0.17640046
0.45058696
0.28000756
0.36025400
0.34360526
0.46386692
0.44198318
0.08284635
0.35489211
0.32673339
0.34105490
0.45506827
0.40515522
0.41250006
0.32210922
0.36966320
0.44718591
0.48582968
0.32042352
0.30719858
0.48089945
0.41183613
0.41254016
0.39807823
0.40276895
0.41678751
0.44693899
0.15260950
0.46541184
0.34662184
0.42290442
0.43551134
0.47073783
0.46228446
0.21642775
0.45931803
0.42652432
0.36298098
0.45866560
0.23033862
0.49645810
0.32732575
0.43298549
0.28200350
0.45872465
0.45839114
0.38794327
0.15901438
0.00608025
0.46137963
0.44093728
0.34251593
0.18434554
0.20361089
0.40127852
0.45561879
0.30229497
0.48879653
0.36733315
0.36810481
0.25979696
0.36072676
0.35791346
0.44638541
0.49610965
0.41606511
0.42644626
0.45080314
0.30738087
0.36470322
0.16212381
0.53559786
0.42223427
0.34187341
0.43130033
0.50225635
0.32859716
0.44631559
0.44390287
0.15643472
0.45943287
0.39375404
0.47018044
0.33131537
0.38859253
0.23587898
0.28359722
0.35040823
0.46930646
0.28945607
0.21927128
0.40010413
0.26759096
0.47703345
0.22175109
0.08896752
0.24077063
0.32951865
0.31096273
0.26364536
0.36292609
0.33531405
0.06116575
0.47299684
0.45265760
0.06886096
0.12224413
0.38791696
0.27604787
0.47234197
0.44374901
0.40219312
0.46892535
0.35783469
0.31544532
0.46927647
0.36174052
0.53238130
0.49429860
0.48886003
0.25060259
0.24467832
0.31977931
0.46285063
0.35634977
0.41194755
0.43533919
0.35052513
0.37353786
0.42859887
0.44469430
0.46471073
0.36480088
0.41136369
0.48741146
0.24554621
0.47556589
0.28614824
0.34778344
0.40822300
0.43270085
0.45166236
0.38500635
0.49420620
0.44205637
0.15194445
0.33059282
0.50205094
0.47309096
0.51149718
0.14585851
0.33992007
0.39767769
0.23089261
0.40948623
0.00934273
0.53330741
0.00237784
0.30689405
0.41455348
0.34761564
0.38904428
0.38446526
0.37611778
0.29496151
0.22884854
0.30377305
0.29655078
0.40404737
0.09948565
0.48782019
0.32651815
0.35042805
0.27373527
0.46454220
0.33042075
0.46377572
0.33890584
0.29851140
0.34849273
0.42142064
0.01733611
0.33182546
0.21152678
0.24365706
0.33255795
0.53325209
0.13211631
0.00524712
0.23394396
0.47964841
0.44871221
0.28602579
0.36225137
0.41811859
0.24539870
0.46154518
0.35785736
0.27603048
0.20475676
0.35711399
0.30691902
0.45191078
0.45019614
0.25917714
0.40738189
0.34700565
0.36253530
0.43846359
0.39519090
0.41772293
0.38225840
0.18933028
0.40324574
0.38718098
0.26804471
0.43221402
0.46767316
0.47215958
0.19012488
0.38361761
0.42059051
0.34392114
0.43933189
0.34462778
0.32850926
0.09066156
0.14961891
0.42895647
0.21953376
0.46133109
0.41894541
0.37043165
0.11133521
0.51433450
0.45219624
0.43088914
0.29516758
0.46091549
0.15986710
0.38363121
0.35915016
0.47330581
0.22947506
0.07483557
0.36771328
0.43577917
0.27419392
0.27597728
0.08542605
0.32776821
0.43013152
0.46274936
0.28273244
0.38984588
0.46096642
0.15562978
0.33454899
0.39477667
0.34844538
0.52462594
0.41411537
0.45537093
0.22719351
0.47276965
0.45081048
0.47344802
0.35588874
0.41660917
0.53049401
0.39382824
0.44230578
0.47094555
0.43454093
0.40425257
0.38171312
0.33377128
0.44715128
0.34545422
0.41448662
0.44019162
0.39865938
0.52037745
0.27926625
0.29424466
0.41992280
0.44744114
0.49667846
0.29070586
0.34313813
0.28568759
0.36915374
0.35828555
0.42858572
0.37418960
0.30272350
0.48750733
0.35492978
0.50353383
0.24300498
0.53458002
0.23574890
0.33032092
0.14456929
0.32714940
0.42307095
0.50420354
0.30715064
0.37986885
0.50601730
0.50101694
0.31935923
0.48848529
0.34851875
0.44922995
0.32386577
0.30548606
0.10219466
0.34311847
0.15352934
0.26823114
0.25598919
0.44726437
0.42089583
0.36555098
0.29713908
0.41565104
0.35291160
0.22280228
0.32620631
0.16049806
0.35106998
0.47491262
0.43721494
0.38506334
0.32723231
0.36726838
0.16464317
0.33026527
0.41707908
0.26630691
0.36559136
0.30009279
0.33781439
0.42135474
0.51283643
0.38094440
0.41111713
0.30184598
0.40539505
0.34715359
0.26269458
0.21157122
0.22663428
0.42388682
0.39308833
0.30541884
0.38918251
0.10454881
0.19678905
0.49459438
0.18429499
0.50337608
0.45960080
0.48760687
0.40536967
0.41959754
0.45204804
0.24658517
0.33458595
0.38299680
0.44908185
0.39305754
0.36570433
0.22023361
0.05659583
0.49227477
0.32566203
0.11364268
0.47788094
0.53003859
0.10069500
0.23981158
0.37918791
0.40636686
0.48748693
0.31183083
0.28314745
0.45236382
0.41898890
0.37555878
0.32527774
0.19003733
0.33735427
0.39815901
0.22173120
0.36732758
0.41446346
0.27703788
0.46892347
0.52277227
0.46372174
0.46897644
0.01845614
0.48237869
0.39658147
0.30158799
0.43972738
0.43995520
0.43841238
0.45946354
0.42492738
0.27214083
0.44053594
0.47549585
0.34668976
0.30645664
0.41905047
0.39374514
0.48699005
0.35300296
0.36962633
0.45086564
0.34238669
0.32596539
0.49918084
0.37402548
0.40949560
0.28455569
0.32449278
0.40006690
0.46061188
0.09888043
0.45047077
0.34584307
0.40330474
0.41553705
0.43357505
0.24615960
0.45612970
0.47294769
0.43520878
0.16114781
0.47222726
0.19563707
0.37384640
0.39477366
0.52235509
0.38307240
0.18775420
0.41008256
0.37236732
0.44137553
0.36291833
0.39924975
0.37721251
0.47518716
0.36210238
0.20107635
0.34813254
0.21495019
0.48249392
0.47558475
0.44253819
0.21262987
0.38318017
0.18792015
0.21536628
0.51589236
0.50384121
0.41857942
0.10192928
0.11145992
0.25164685
0.15054458
0.31555519
0.12688084
0.40264251
0.40067153
0.29716719
0.45346615
0.39741721
0.50440431
0.23221941
0.26441940
0.50751483
0.21540002
0.29134115
0.44109572
0.43799936
0.39272446
0.48237417
0.35901984
0.35622655
0.24509011
0.34875302
0.48325676
0.40531464
0.41380601
0.40823108
0.18533714
0.30102414
0.53179043
0.34421769
0.42153719
0.37318295
0.39778234
0.20044297
0.33979677
0.41426161
0.41387159
0.24023420
0.47670605
0.43182003
0.44493812
0.43919263
0.48207483
0.48589632
0.46512509
0.07437954
0.38355101
0.22683143
0.41498169
0.47207725
0.42026299
0.32553302
0.30694064
0.50927951
0.30003829
0.46935738
0.30231833
0.39452009
0.50360953
0.42339128
0.11276549
0.21222132
0.15408921
0.44111723
0.39436772
0.20003926
0.36819548
0.42347021
0.52769558
0.36966798
0.04447449
0.47688803
0.29748526
0.52436469
0.46300875
0.37745181
0.48974834
0.39175125
0.32813608
0.35678711
0.41159934
0.41798843
0.22307854
0.33967457
0.45557538
0.39049606
0.18096783
0.39372078
0.39127208
0.34674948
0.16895334
0.27056836
0.52201636
0.46548366
0.16104398
0.38662158
0.40617397
0.28897888
0.21911831
0.45297654
0.41896016
0.41016203
0.40497913
0.33563371
0.31979825
0.35564479
0.15930018
0.44505830
0.18758851
0.39504633
0.36591418
0.36221615
0.44791367
0.53618046
0.50937813
0.44486096
0.49501676
0.41687642
0.50424801
0.48090316
0.47575978
0.25640883
0.45211899
0.51518938
0.36289221
0.41711363
0.29769904
0.04746235
0.19561614
0.47442398
0.45930995
0.43575224
0.48040752
0.45398474
0.22861090
0.28315663
0.30258274
0.50037521
0.41698537
0.44773071
0.30131683
0.44482542
0.46827563
0.33515920
0.35374977
0.43586194
0.12559131
0.27149799
0.45523287
0.37437767
0.14829134
0.42172359
0.27785994
0.37057482
0.51077656
0.39785965
0.40449519
0.39226800
0.25220742
0.02845157
0.48543519
0.39981525
0.44468205
0.11973115
0.26436415
0.07357949
0.54260028
0.35589239
0.25761628
0.20155450
0.37038398
0.50269740
0.35317579
0.41396193
0.39947011
0.47290058
0.51723568
0.32806752
0.46833807
0.46876216
0.37342558
0.31195963
0.38580389
0.46001058
0.45455374
0.25988439
0.47999295
0.46519537
0.35057245
0.47825559
0.22001905
0.36491783
0.38463045
0.26429931
0.28267220
0.42278878
0.30813379
0.38897020
0.42958802
0.51944267
0.39619051
0.07036418
0.35304010
0.34546362
0.37792488
0.51680897
0.39195868
0.43108076
0.38061810
0.42190415
0.30669597
0.46962324
0.48628594
0.49544170
0.34923892
0.36194093
0.26842414
0.43808175
0.30406129
0.44249148
0.49994093
0.44774438
0.34146201
0.43634690
0.32498325
0.43377506
0.39411181
0.35606774
0.13169494
0.20711746
0.47959749
0.47339722
0.38583996
0.35146967
0.53158641
0.15624490
0.47534564
0.40583882
0.44638365
0.45090343
0.56591344
0.54684193
0.40629339
0.35567911
0.39573065
0.48669590
0.43251909
0.42476759
0.33287327
0.48979875
0.44748933
0.23818826
0.29330984
0.36057584
0.45461284
0.19632469
0.43508931
0.42449993
0.41068357
0.42127132
0.39072401
0.45930210
0.45206374
0.43791291
0.45864257
0.30066094
0.48998687
0.28509950
0.42715160
0.10066579
0.24196487
0.42692703
0.32705482
0.26965854
0.49291402
0.31773154
0.19295792
0.11419514
0.51384259
0.44951066
0.38034812
0.18078432
0.10501506
0.44369535
0.47566300
0.14564397
0.32717295
0.29050020
0.46675505
0.24014389
0.48537210
0.13780193
0.40947077
0.11662097
0.42571287
0.43811942
0.36932723
0.32538317
0.44763356
0.38006267
0.39566499
0.12825480
0.38318152
0.32781566
0.22907969
0.42600888
0.44514502
0.32160234
0.18228595
0.21997956
0.28687084
0.44667979
0.44568520
0.33314429
0.45389516
0.45350183
0.14945624
0.44982839
0.18067732
0.44686845
0.28391565
0.39530925
0.39178296
0.40057120
0.35232816
0.38793923
0.41743701
0.35966948
0.35297688
0.37861405
0.45488208
0.51668753
0.41426342
0.36571687
0.41729294
0.49253162
0.40396452
0.42779771
0.49144637
0.45826884
0.40329485
0.12717712
0.14771355
0.15085236
0.40069896
0.43413652
0.48316791
0.49768268
0.28540385
0.40271725
0.46229893
0.36504061
0.51814384
0.45794175
0.36303659
0.28804698
0.35812205
0.13591560
0.37784488
0.46636785
0.27168085
0.38375184
0.33618079
0.34360203
0.23541353
0.16957761
0.39907996
0.07511681
0.05105545
0.44290761
0.08379746
0.45975320
0.43829097
0.32732878
0.38048585
0.36503788
0.35501252
0.38811297
0.37400535
0.20870830
0.44240206
0.16178745
0.39367615
0.47949253
0.43426909
0.16719511
0.32297165
0.34501925
0.42183611
0.41233751
0.29644326
0.28193346
0.38480338
0.42297232
0.25083338
0.25364943
0.16557008
0.35483202
0.33129957
0.48675585
0.47795526
0.34896697
0.39044565
0.45576226
0.24771546
0.41259659
0.31120754
0.49537185
0.44370497
0.39859948
0.42460180
0.17258058
0.40782420
0.14503667
0.29546619
0.42532657
0.45923987
0.48106433
0.41796529
0.34568135
0.47006695
0.24762153
0.45467806
0.48863728
0.45873979
0.28246217
0.34356931
0.42065466
0.47024694
0.10186573
0.52461395
0.41737854
0.39272460
0.38013832
0.36426668
0.44712772
0.43045472
0.47633376
0.30174832
0.32987384
0.40724345
0.39084980
0.47509265
0.42083162
0.44797703
0.31146965
0.19827680
0.35363107
0.35380424
0.44571066
0.33767441
0.40499028
0.22906895
0.43403468
0.32853333
0.41649543
0.49385417
0.37581060
0.36284924
0.25005252
0.33704773
0.43850401
0.36660639
0.03311582
0.42121987
0.41460685
0.52282997
0.51426437
0.28676714
0.50867755
0.46569482
0.34743259
0.31332559
0.31129322
0.47990181
0.48560011
0.43506944
0.51008516
0.37993040
0.36705273
0.01175161
0.42540988
0.48397772
0.39655887
0.09465607
0.35874580
0.29319118
0.33043594
0.33181401
0.45110511
0.41500358
0.32478140
0.40085896
0.42609848
0.36413664
0.48065271
0.43142796
0.26256513
0.15725819
0.43933406
0.50586325
0.08793970
0.37008082
0.30782503
0.11886860
0.13212632
0.17767839
0.43944380
0.42008168
0.43676096
0.31152816
0.29590803
0.28382767
0.44822437
0.31950308
0.49404299
0.21891347
0.50889478
0.46676984
0.23452717
0.46587786
0.38651977
0.38704470
0.45747960
0.41099802
0.48688819
0.48020736
0.43528462
0.42334089
0.45999791
0.49358023
0.37677734
0.41001397
0.21218182
0.47348265
0.35421444
0.44138787
0.16805457
0.16878121
0.52029236
0.30238858
0.38429593
0.40968768
0.39537102
0.05337853
0.43447240
0.38810798
0.40311947
0.41688721
0.43700584
0.50183707
0.50904615
0.39526235
0.10863123
0.31704687
0.40739878
0.51539044
0.25069395
0.11010502
0.50317355
0.26942103
0.43964961
0.29810348
0.47087784
0.46178921
0.38229321
0.32487390
0.38883881
0.39194569
0.51948927
0.42885681
0.41754003
0.46525141
0.26637751
0.45596426
0.34502285
0.13322666
0.25691267
0.35259306
0.38795190
0.24439212
0.44027496
0.38009526
0.38582341
0.26625071
0.34441920
0.24789092
0.32713369
0.31181749
0.09379619
0.34461016
0.36409861
0.43626354
0.43995650
0.45131805
0.29854283
0.48248846
0.47481446
0.46439348
0.47815072
0.45813826
0.04244384
0.50767837
0.23694801
0.42927648
0.41924374
0.53319813
0.37175121
0.37932914
0.43813929
0.45037346
0.10016955
0.50820333
0.47033994
0.30636933
0.52556787
0.28146716
0.44534846
0.41905014
0.48125525
0.05828514
0.44537067
0.40792142
0.18711688
0.10362444
0.38711959
0.41173225
0.44429194
0.42925896
0.33924032
0.04471305
0.32777446
0.46935873
0.42470903
0.31995630
0.40362682
0.33635190
0.42237387
0.42274162
0.49360477
0.48277088
0.42546298
0.23937923
0.38147099
0.49840186
0.41542330
0.42572439
0.43558735
0.37293966
0.28828978
0.41431240
0.17341575
0.40752051
0.49233556
0.27312267
0.36259726
0.29669884
0.16767898
0.43835437
0.34702579
0.36111168
0.47002236
0.44231304
0.39109440
0.34840382
0.20276571
0.49840176
0.21968970
0.38724104
0.32531269
0.45725520
0.18566849
0.36914508
0.45613933
0.48878258
0.37918853
0.44016175
0.43644662
0.32440616
0.44735197
0.22907459
0.16823892
0.44237862
0.44750477
0.38097864
0.45410170
0.23682923
0.19017308
0.36639447
0.27672717
0.37602770
0.39400946
0.36128779
0.08534407
0.38192664
0.37256124
0.37412489
0.14291268
0.39139712
0.45268729
0.41071899
0.44799831
0.37401584
0.12333644
0.44972318
0.50395700
0.05487691
0.40672139
0.47139985
0.26099703
0.38261341
0.29319350
0.47220359
0.27127299
0.48893902
0.34605420
0.40755952
0.32896906
0.43765470
0.48608247
0.39357963
0.39149596
0.43261260
0.41928335
0.32838793
0.37706813
0.22880425
0.22813595
0.35678296
0.12715652
0.46107075
0.08998410
0.51038705
0.43545427
0.38623881
0.39547176
0.31701620
0.49302893
0.41262253
0.43927173
0.44324358
0.50556526
0.05552789
0.45719049
0.33674636
0.39579013
0.45803419
0.42978361
0.39785224
0.43285805
0.46234912
0.25566730
0.28648061
0.25631243
0.34183008
0.47081690
0.36364826
0.29542943
0.36830334
0.39218211
0.37196438
0.26865498
0.39380242
0.12690056
0.46414495
0.43476935
0.32985521
0.40580559
0.40791135
0.43223664
0.47522287
0.14825315
0.18159964
0.37422647
0.47414326
0.35059344
0.43848541
0.31097460
0.44765713
0.21416916
0.02075080
0.50413282
0.16974624
0.51585445
0.33165758
0.43616698
0.46557524
0.22423380
0.42329822
0.31980156
0.35720940
0.41649265
0.50635025
0.25375532
0.36872213
0.07665430
0.43623372
0.42260509
0.42487442
0.47823427
0.42319126
0.20399555
0.37796401
0.45523940
0.47719816
0.09222996
0.42371692
0.44054267
0.30033155
0.27579957
0.24448900
0.38660449
0.24909139
0.06064624
0.41335669
0.44312910
0.42883968
0.25901554
0.28985136
0.34306305
0.49891050
0.42527971
0.44094813
0.05437860
0.16308810
0.40617391
0.43042609
0.40083266
0.46467087
0.40456837
0.43048392
0.51582547
0.46217062
0.15731098
0.36686124
0.42967880
0.28950263
0.09554888
0.35834158
0.50251481
0.51308234
0.47425105
0.16482602
0.31969417
0.13754974
0.34379704
0.44495568
0.30534703
0.40476064
0.43320912
0.46553081
0.39063227
0.02644452
0.36867226
0.29059020
0.36945277
0.44959425
0.40712260
0.36766417
0.43507174
0.42711173
0.52890773
0.41076920
0.27178098
0.28751208
0.34095892
0.40865104
0.34228021
0.42769707
0.32843868
0.40518859
0.10630804
0.47054427
0.45125201
0.42834951
0.33166274
0.44192681
0.38630340
0.43404306
0.52821812
0.12873422
0.50226395
0.26538589
0.36590097
0.32886812
0.47253400
0.38293907
0.46788118
0.37917400
0.32986762
0.36921004
0.15443709
0.31164415
0.38008733
0.39132767
0.39615484
0.41676076
0.45572372
0.50428282
0.34963206
0.48270673
0.33479743
0.49511698
0.31696209
0.29013568
0.49214714
0.09170977
0.34268223
0.26905358
0.39690693
0.29481509
0.47609089
0.08204185
0.33606400
0.39454333
0.40204597
0.34438634
0.25740633
0.45152013
0.38405286
0.25183153
0.51378207
0.41541397
0.37817650
0.39369402
0.40924802
0.51466001
0.52764116
0.41209235
0.47217506
0.26472632
0.07524837
0.36998211
0.49190453
0.32619651
0.37036848
0.45462901
0.38098310
0.13477893
0.15417223
0.40058957
0.41450733
0.41693363
0.37392436
0.45439499
0.36133862
0.39269353
0.33550943
0.47631418
0.41954663
0.45312178
0.49395020
0.19406738
0.44469136
0.43238356
0.37779877
0.51012089
0.44633767
0.32459311
0.48996256
0.25922806
0.35786735
0.12790457
0.42360845
0.17589969
0.49608521
0.35163763
0.38194136
0.37754296
0.03867097
0.49006348
0.35953871
0.44571016
0.48338438
0.39040366
0.43918772
0.48629324
0.34835509
0.36301194
0.30583563
0.13438420
0.34923544
0.35147501
0.49061589
0.07626178
0.48123665
0.23441741
0.37761300
0.36036008
0.46725517
0.52331899
0.42097970
0.12202936
0.43472299
0.38557664
0.37139590
0.35264785
0.44406154
0.39525429
0.41556253
0.38992522
0.08529143
0.37033325
0.45816401
0.53378726
0.42782910
0.41877164
0.11349953
0.51828826
0.46796198
0.40407091
0.25939431
0.38047796
0.44235094
0.17552942
0.42686948
0.51878010
0.10107482
0.01281623
0.39838972
0.35527039
0.44452298
0.48895197
0.40733090
0.43729167
0.51283634
0.41934520
0.29868607
0.43285206
0.41048976
0.03984798
0.06803005
0.48214986
0.40507587
0.42767826
0.20372256
0.44930457
0.28152485
0.31352295
0.35618520
0.36339136
0.37930620
0.37293951
0.31153742
0.45820809
0.14828002
0.43575790
0.25000188
0.45028795
0.34248098
0.53509831
0.45609141
0.35804853
0.47893485
0.52167963
0.47349604
0.50956732
0.46890840
0.19659611
0.37234645
0.33306199
0.39814542
0.36873542
0.25677370
0.40428399
0.42411601
0.30978734
0.24151123
0.29057831
0.14796282
0.24875791
0.19252976
0.08330492
0.48355874
0.40504055
0.32067555
0.38357716
0.37122871
0.26861373
0.45252496
0.41838793
0.29360524
0.53387527
0.43167975
0.49203745
0.13460512
0.49459239
0.33609259
0.23442409
0.42295430
0.11102006
0.33687634
0.21987931
0.51151366
0.34075414
0.42399891
0.31602078
0.50292257
0.11093804
0.16938425
0.18391490
0.19315573
0.23931220
0.15786664
0.44178578
0.48555654
0.35175937
0.42121382
0.46249607
0.29225434
0.42495604
0.45697709
0.45929184
0.45133179
0.30813216
0.37968314
0.40461672
0.36814737
0.25779318
0.34927629
0.35299274
0.37554559
0.53206598
0.33097520
0.45662930
0.49004489
0.41426481
0.42636646
0.41877416
0.42486860
0.38334257
0.55189597
0.13571932
0.08372419
0.43473769
0.44044849
0.47338132
0.46392329
0.27036560
0.30802038
0.34069520
0.35487932
0.42075586
0.42633879
0.30446263
0.34484451
0.33337247
0.19768878
0.44180357
0.36659217
0.24868214
0.43612120
0.28261754
0.19662275
0.34883329
0.40704262
0.37432948
0.46447655
0.39381638
0.06314698
0.40108110
0.43074716
0.42506602
0.30115489
0.47319475
0.49534019
0.39075506
0.48138781
0.43855524
0.33681321
0.46058077
0.52969026
0.39566844
0.47218412
0.45747079
0.46499297
0.38913668
0.44647570
0.42617362
0.30995673
0.37734566
0.38762588
0.47800862
0.39270506
0.44873491
0.43561861
0.39412601
0.44502263
0.44972096
0.34722221
0.42708315
0.27970052
0.11933706
0.32458795
0.26663421
0.48949221
0.31997641
0.41952744
0.34606287
0.22923865
0.27301618
0.30478663
0.30930879
0.40155770
0.40045105
0.34244449
0.41160660
0.39308430
0.18045315
0.36094883
0.12494750
0.38282498
0.53440948
0.38042454
0.40952721
0.17437633
0.36842168
0.38287451
0.32163120
0.15379552
0.44588326
0.15720170
0.42230980
0.47322109
0.39581927
0.50083205
0.35921002
0.46222326
0.29687674
0.41779392
0.45420581
0.41432207
0.48782678
0.36727764
0.14383315
0.16507810
0.19031848
0.32580942
0.49392205
0.42777977
0.46472390
0.32719792
0.41362715
0.17111622
0.27392707
0.26804273
0.23745136
0.42286706
0.46032545
0.17482597
0.20837347
0.38793438
0.33146398
0.17167644
0.42788133
0.19034532
0.42533317
0.37903513
0.48458694
0.34428647
0.43697990
0.32529958
0.15815422
0.22562408
0.35376852
0.13970516
0.36463367
0.29355776
0.33704916
0.52144194
0.41658948
0.43104621
0.25248240
0.27876605
0.39055550
0.48123727
0.45223794
0.43618389
0.39133176
0.48990514
0.44152172
0.26370768
0.44998095
0.45770073
0.35436023
0.33964836
0.37640873
0.37842867
0.50281833
0.43715279
0.32710238
0.36480972
0.43316562
0.44171635
0.44110028
0.21660437
0.50058214
0.14714160
0.49149199
0.52713187
0.09612274
0.46167601
0.44680182
0.30574691
0.48876625
0.41307405
0.42652457
0.41424887
0.19230680
0.41396697
0.30270793
0.45440473
0.40371193
0.37951548
0.49150253
0.34727287
0.39938277
0.24964710
0.51728613
0.30552463
0.48234026
0.36210430
0.32375955
0.50779111
0.43635735
0.35276494
0.35043223
0.40251303
0.42096117
0.44930585
0.45210414
0.40007376
0.51172718
0.42374696
0.52817392
0.42047988
0.03509815
0.44822203
0.48268941
0.41733931
0.37612641
0.47831688
0.28689709
0.47956346
0.43800492
0.28434366
0.21854863
0.17623892
0.35386584
0.22193693
0.33133159
0.28353290
0.40950637
0.51530263
0.34292512
0.28984328
0.39674347
0.46997311
0.41310458
0.36338939
0.14511983
0.42565524
0.30950866
0.42906959
0.42681625
0.47952102
0.43000884
0.42306587
0.26922265
0.42335835
0.38765743
0.47384578
0.39192433
0.41830819
0.21217066
0.35166150
0.39731480
0.08485560
0.43845083
0.35915643
0.26538381
0.34013036
0.18101293
0.39745724
0.50104235
0.43013156
0.41793303
0.52251909
0.45908222
0.46017103
0.45967806
0.35444279
0.46479795
0.49539912
0.23931911
0.47443086
0.46214128
0.47997083
0.42251455
0.47365154
0.28912346
0.32254654
0.38938277
0.42114945
0.37937018
0.20015932
0.45448674
0.44769008
0.25021926
0.23650391
0.31077779
0.29666831
0.27146049
0.28797035
0.40818930
0.44852682
0.46514302
0.32132639
0.38798661
0.25915402
0.32199697
0.46553609
0.21353440
0.44959309
0.25235295
0.38850280
0.27438468
0.35421882
0.43312622
0.34341938
0.44157985
0.39050720
0.23332564
0.36220543
0.15298559
0.42556079
0.38138428
0.39488806
0.43854664
0.42447089
0.44167128
0.26648354
0.38917048
0.34260837
0.32035957
0.34127640
0.45522636
0.37097767
0.44522624
0.47286534
0.41113351
0.21384175
0.26597757
0.35427748
0.39050682
0.35262356
0.45386436
0.33329341
0.46004016
0.30299037
0.40368461
0.38532962
0.40026578
0.37304211
0.41524814
0.41780932
0.33176789
0.16968055
0.25281362
0.40707351
0.39393079
0.32732532
0.41735297
0.40035868
0.42554448
0.42656620
0.46356267
0.40427758
0.27647866
0.36840462
0.47159066
0.29346592
0.42588018
0.36809891
0.12219996
0.28621481
0.36633514
0.22028038
0.18621346
0.44170167
0.44949149
0.40994030
0.41475314
0.39561459
0.38650769
0.27797381
0.32176193
0.30821083
0.39278287
0.46310507
0.33515341
0.47173430
0.38190748
0.50400441
0.16730989
0.29997410
0.39786956
0.30046117
0.38406227
0.46363098
0.31721390
0.15194196
0.40651849
0.20282889
0.44962621
0.00294222
0.43770869
0.43058219
0.38977442
0.18313441
0.52113244
0.24565952
0.02242321
0.19173725
0.49128673
0.41281738
0.10767462
0.44664267
0.44042432
0.41378189
0.46726574
0.41367390
0.41701756
0.42854427
0.24979096
0.34480659
0.35498383
0.42583634
0.39764664
0.36836211
0.47205615
0.29985139
0.20304023
0.47844446
0.37285944
0.32632275
0.39792509
0.28456275
0.43889150
0.26376034
0.26686452
0.48490939
0.23540034
0.48858283
0.11480002
0.42946605
0.41206624
0.38464181
0.46141005
0.46398057
0.49650638
0.45291512
0.45367210
0.47059470
0.32436406
0.21659996
0.40409481
0.51003989
0.46912702
0.38943172
0.41750016
0.38841408
0.42712914
0.39833648
0.25880340
0.31629736
0.30894366
0.47810150
0.41976754
0.32606215
0.34927730
0.34824107
0.42005171
0.22430150
0.37700958
0.48810317
0.24533357
0.44890312
0.51602195
0.37508093
0.32522408
0.11067346
0.12677567
0.42319372
0.48381137
0.38674610
0.31275759
0.20373876
0.43967725
0.52189801
0.38390635
0.37877833
0.41407990
0.35452670
0.52812772
0.24588295
0.37763602
0.52961254
0.42278285
0.41223160
0.44241243
0.22217092
0.40483157
0.41633095
0.46954055
0.36227288
0.17896591
0.47957304
0.32711759
0.00692839
0.36568884
0.35588356
0.54701497
0.40170053
0.45219195
0.39693959
0.36229493
0.45883607
0.40107966
0.41594880
0.35346117
0.42410636
0.46170270
0.32866819
0.39868302
0.35264541
0.45953381
0.09558329
0.35692851
0.47068333
0.51271516
0.40831707
0.39445134
0.35266236
0.35776001
0.11035799
0.40948812
0.19051788
0.48757446
0.06179067
0.27197056
0.13674529
0.18577053
0.52626910
0.45317976
0.22480580
0.40370549
0.23044918
0.39634319
0.39222583
0.42770622
0.23638038
0.44261393
0.20357772
0.43988117
0.39825050
0.32056302
0.23059113
0.23789289
0.44617905
0.40829425
0.23179807
0.21380799
0.33615953
0.44474227
0.43386612
0.34633656
0.37944000
0.25648585
0.30684575
0.31840592
0.47555338
0.41193971
0.40742898
0.41503041
0.48338708
0.47781496
0.33691224
0.39770918
0.28411217
0.47222004
0.43801301
0.51443901
0.42553770
0.41771076
0.41460593
0.39114516
0.13241060
0.22134581
0.30818348
0.40228973
0.42914781
0.47534662
0.45462439
0.33420439
0.11742456
0.43597782
0.30687482
0.41047596
0.34731541
0.48143094
0.37896229
0.22451289
0.13952590
0.23005893
0.34899031
0.38804638
0.32785393
0.46405113
0.48221361
0.56265317
0.34231196
0.09348356
0.41097131
0.35698706
0.40968401
0.47621157
0.19327758
0.22452746
0.27345812
0.31548930
0.37473030
0.36150371
0.50773839
0.41292406
0.28160379
0.45426490
0.49011254
0.16108375
0.20446472
0.48652084
0.45053368
0.14851293
0.11064103
0.42595560
0.41761158
0.43737716
0.42704223
0.42906189
0.29124601
0.42086881
0.23866509
0.37848139
0.46069765
0.45260553
0.22980022
0.34716704
0.46587658
0.31881979
0.37772286
0.48913188
0.43484552
0.39155982
0.48717992
0.46668034
0.40203774
0.40198911
0.30807660
0.42402966
0.39117850
0.18581057
0.13899331
0.42658116
0.12912833
0.12829638
0.28399864
0.42748304
0.43740006
0.44568406
0.21704320
0.41911734
0.40378329
0.35141301
0.38817681
0.24608641
0.48943572
0.18867276
0.54577619
0.19560060
0.23213659
0.35383381
0.31607100
0.27242462
0.45240644
0.22122098
0.49218615
0.48734511
0.37106383
0.42765583
0.46656809
0.38361751
0.35579010
0.39555654
0.41051432
0.39566549
0.40152094
0.49536193
0.42155187
0.39862889
0.51410283
0.36411392
0.41046241
0.03963814
0.30524215
0.44308180
0.34240700
0.23772416
0.30124630
0.45672247
0.46755183
0.09530376
0.42883236
0.29505747
0.38962403
0.43122062
0.34304247
0.51435903
0.36102996
0.33177264
0.32829214
0.12816449
0.36671187
0.44442652
0.12488464
0.32722087
0.18907988
0.50131540
0.41857064
0.28159804
0.31630751
0.49236448
0.43987412
0.44826924
0.44867492
0.43924013
0.38181752
0.39494029
0.39631457
0.34254195
0.51391246
0.45733585
0.11967531
0.46745750
0.19595053
0.41172240
0.20142661
0.43951165
0.41847789
0.35494717
0.48088946
0.37867282
0.20840109
0.36323812
0.15241612
0.26470654
0.31864046
0.19831117
0.39739781
0.22767963
0.50304648
0.47056897
0.09241881
0.42408259
0.30363752
0.31418363
0.45692728
0.41033339
0.43276571
0.39195002
0.53450049
0.42858969
0.37575399
0.41532328
0.36489870
0.40705417
0.34953925
0.36734124
0.36381827
0.36649678
0.47246445
0.33314532
0.17751027
0.43063234
0.49132600
0.50671758
0.00176089
0.45447562
0.43890993
0.43351228
0.35731938
0.38630246
0.43950627
0.44088042
0.51284314
0.33157038
0.17626531
0.51479225
0.37332510
0.25593193
0.36344900
0.36252575
0.16611486
0.39556781
0.14532511
0.41589742
0.38615679
0.48317708
0.31290004
0.47110267
0.41171640
0.40748799
0.27312381
0.09873595
0.48784944
0.41331894
0.41329159
0.05862511
0.36577777
0.19322768
0.34503912
0.15240355
0.47153500
0.41683810
0.35161436
0.34734820
0.49785520
0.27441348
0.28346057
0.24232855
0.44094633
0.35805561
0.37994659
0.22569412
0.40475672
0.15836289
0.28027878
0.30506606
0.32458805
0.43985663
0.29653464
0.46040399
0.37645808
0.48655996
0.48668063
0.33159299
0.27458148
0.49692200
0.13391974
0.41969675
0.37850911
0.42229622
0.39730627
0.43815850
0.39680390
0.43464696
0.48000845
0.42086679
0.51259061
0.25216048
0.12154852
0.28793920
0.27111357
0.41774673
0.47565623
0.36955458
0.38137096
0.15531871
0.42767371
0.46939269
0.46734569
0.35708149
0.26427258
0.31673058
0.25478897
0.42108801
0.44035058
0.19866482
0.40941730
0.48659434
0.35448624
0.32641484
0.39277299
0.46206283
0.45195484
0.28462875
0.32506874
0.37817350
0.39800872
0.35085941
0.03112817
0.26087197
0.53292663
0.41588707
0.37375250
0.23192871
0.40096705
0.43507626
0.47195372
0.25100898
0.17623685
0.40677197
0.51220357
0.13894220
0.28574653
0.19446559
0.43833080
0.36387596
0.33071358
0.40361062
0.38981289
0.31255454
0.34536427
0.50731976
0.25199001
0.34747790
0.23153347
0.44695560
0.30307750
0.47742735
0.40265855
0.34819467
0.28364342
0.50725970
0.21745540
0.47207688
0.46681308
0.28116428
0.22173719
0.32323875
0.41949002
0.48224141
0.54954465
0.34150589
0.18263153
0.40901375
0.15673311
0.46226856
0.53267258
0.50394349
0.41054691
0.41322952
0.45067041
0.41765201
0.38680880
0.39612498
0.41708629
0.42402478
0.40968290
0.42351754
0.43965622
0.28167619
0.48280944
0.45078066
0.50325796
0.37758004
0.31390258
0.34501576
0.34121534
0.21280703
0.38618273
0.46116628
0.41188149
0.12999098
0.41603599
0.46451240
0.46207811
0.26644335
0.45440502
0.28308995
0.43107787
0.41047930
0.46618844
0.06294974
0.41646721
0.28610937
0.30845276
0.24797307
0.43345870
0.13314886
0.19534713
0.25763387
0.44146380
0.40024234
0.48346452
0.40724931
0.35052101
0.42625923
0.15694967
0.38492219
0.42258171
0.19555898
0.08832203
0.13375457
0.49567731
0.57809953
0.43537403
0.54086950
0.46180844
0.46224881
0.45006623
0.46767319
0.44861250
0.48715616
0.47849901
0.38940587
0.32725818
0.32313133
0.32744739
0.41941016
0.16655780
0.38805286
0.46425986
0.38001122
0.45972514
0.25764963
0.34134622
0.42960901
0.26949253
0.40327762
0.38870024
0.48358883
0.32045259
0.39449462
0.54776956
0.35644651
0.40464837
0.46378215
0.42872293
0.03065363
0.34020519
0.39593448
0.23790140
0.22954658
0.19908931
0.41431616
0.47806284
0.38114921
0.06183399
0.36344528
0.42817637
0.33706716
0.02519676
0.39467380
0.35055746
0.49072616
0.33251299
0.20502565
0.38961109
0.25916676
0.47297342
0.46413478
0.31172398
0.42743699
0.18780074
0.45538457
0.26885055
0.29453749
0.25929690
0.47960087
0.34073383
0.23132526
0.22286349
0.41959929
0.51629678
0.44371647
0.35749056
0.37319908
0.21529790
0.45957639
0.37267021
0.50365063
0.37080199
0.35467209
0.48966588
0.24203768
0.35025053
0.39340647
0.42428380
0.30621091
0.49207984
0.38227344
0.47403215
0.40837104
0.48894524
0.42648162
0.32194030
0.39686904
0.26183647
0.12057681
0.48535744
0.45986844
0.37888502
0.43285048
0.31539189
0.32842697
0.44933839
0.52152436
0.46482801
0.31791618
0.24028696
0.49371989
0.43710411
0.30748273
0.50348661
0.41910882
0.45466898
0.46962238
0.22661703
0.47765814
0.24946100
0.25350981
0.30412346
0.42808037
0.45790637
0.44746174
0.37912368
0.43409111
0.29192104
0.43301546
0.35253388
0.25397161
0.39126959
0.46872145
0.40679400
0.44551870
0.14170499
0.50961271
0.17007385
0.39665140
0.45851364
0.29572281
0.46655797
0.53651256
0.18662918
0.38016107
0.43672508
0.33585740
0.36559757
0.41328083
0.13509107
0.47972234
0.48088779
0.39980988
0.33109575
0.39959408
0.27163124
0.37802674
0.43421133
0.42937191
0.12491471
0.26044425
0.11192804
0.30335455
0.07709990
0.37187593
0.26884516
0.44988997
0.49422168
0.17713474
0.18083603
0.19711909
0.57362999
0.18652873
0.46088452
0.42997362
0.26614350
0.14913101
0.42331903
0.42000638
0.34594899
0.44917154
0.48607344
0.29735224
0.46110327
0.35867841
0.45208589
0.44023969
0.29101028
0.27733357
0.45649959
0.42586852
0.17108611
0.38369556
0.27668874
0.43047414
0.27451433
0.48270751
0.45370298
0.40591077
0.51525448
0.40800099
0.34642516
0.13750766
0.47579105
0.28151733
0.44246559
0.30919789
0.49355302
0.39421672
0.43083295
0.48831608
0.47941991
0.39981666
0.43316158
0.14356074
0.41249305
0.46983533
0.19082161
0.34712228
0.44261880
0.44677416
0.26232816
0.10535068
0.38057747
0.29755633
0.45102659
0.49093595
0.20908016
0.37868428
0.17343591
0.44488546
0.39105060
0.36381553
0.42510033
0.37593925
0.25513273
0.42870352
0.43867588
0.29746994
0.43857984
0.38049012
0.54222141
0.34747264
0.34252823
0.13186907
0.44787695
0.40793218
0.12388153
0.48502317
0.41510835
0.35475168
0.45459528
0.30698302
0.44626047
0.36163112
0.36374825
0.38871937
0.44043393
0.47843643
0.24901562
0.45171497
0.40230946
0.35379496
0.08998190
0.48934320
0.37939176
0.45123350
0.49627117
0.47742750
0.16924082
0.30223620
0.42838721
0.36154362
0.40989770
0.40132603
0.38666402
0.45677766
0.47612853
0.50105136
0.41360293
0.29835446
0.43686967
0.45950474
0.52539967
0.19886946
0.06831526
0.31724461
0.36263661
0.38887879
0.48141197
0.43124786
0.26525875
0.35268125
0.37924550
0.48333638
0.40834778
0.54367437
0.26865950
0.51614152
0.43149358
0.38843670
0.41138693
0.31565755
0.21634482
0.44935185
0.40305447
0.45830520
0.19332940
0.49442594
0.42839721
0.02149104
0.37447473
0.35536785
0.29068661
0.49724815
0.24141200
0.12353954
0.39625795
0.33033724
0.12943193
0.40995215
0.38089290
0.46465484
0.25108017
0.43244884
0.42965092
0.39744678
0.20930129
0.39702565
0.39817352
0.42662771
0.38779199
0.32371358
0.25728591
0.35028797
0.29074531
0.35472518
0.38122977
0.45365997
0.31103440
0.27271692
0.35691182
0.34022482
0.49592485
0.22925861
0.40910252
0.47770816
0.44267052
0.39063649
0.43093765
0.42842814
0.37082488
0.33523614
0.30549182
0.47699270
0.31105416
0.48714644
0.25673245
0.46221673
0.48605720
0.49931955
0.01161771
0.20589192
0.28124247
0.44387877
0.35891197
0.40861120
0.38531433
0.38214200
0.45909643
0.30424395
0.39635883
0.51058428
0.32415535
0.35638851
0.20210215
0.38060059
0.41545685
0.43221343
0.40710794
0.45710399
0.38256595
0.25006699
0.44965306
0.39163184
0.08317554
0.46036424
0.43610835
0.42524897
0.41209484
0.34009236
0.01844120
0.33070496
0.47622355
0.43657342
0.41700585
0.48792836
0.36824984
0.32009322
0.47553001
0.12329261
0.42884872
0.27016206
0.44222292
0.19186058
0.18780321
0.41180189
0.44557234
0.46041435
0.41826844
0.46102619
0.39236302
0.26572831
0.36311892
0.42632271
0.40449024
0.37950509
0.17375471
0.40996463
0.04285965
0.40088653
0.32466279
0.12515070
0.19624300
0.43571561
0.43999287
0.42024248
0.25191878
0.22327401
0.34861156
0.43626421
0.51621114
0.18394044
0.08698999
0.47303047
0.28211453
0.48352170
0.44921476
0.35330758
0.45839854
0.47917289
0.35759246
0.37264646
0.43052226
0.51933509
0.45557476
0.50952130
0.38917777
0.35050178
0.42897864
0.22095078
0.37218940
0.27328229
0.35892759
0.14524588
0.43026062
0.33535227
0.43312349
0.39071729
0.33102213
0.45613648
0.38917561
0.17111544
0.39560539
0.36949442
0.40477081
0.44998999
0.45089076
0.44235971
0.12656789
0.26788366
0.12571547
0.35391363
0.43672536
0.11800112
0.31931085
0.43731885
0.47218054
0.23321847
0.47583408
0.25080627
0.18568564
0.35231578
0.36525631
0.32609685
0.48110777
0.42798044
0.39720535
0.29989753
0.13559986
0.47144699
0.32617333
0.36898378
0.43876869
0.39316429
0.46225475
0.47169522
0.54258900
0.41232602
0.44738274
0.34198020
0.48846078
0.27518807
0.43156114
0.38775130
0.08369682
0.17986363
0.46078462
0.46956936
0.30344356
0.31127237
0.48672161
0.43830808
0.44201660
0.32699181
0.24452696
0.44574934
0.35643782
0.34668958
0.33911747
0.43486282
0.33026195
0.42100171
0.24401618
0.29257882
0.44505104
0.45212306
0.44141450
0.36849074
0.47039156
0.29386776
0.51082026
0.47789251
0.47691396
0.39392436
0.28583385
0.02243992
0.42664432
0.45702131
0.35431573
0.35625420
0.44855031
0.42410609
0.49719078
0.38859109
0.39799914
0.24341619
0.15444965
0.23648348
0.22959695
0.40843167
0.47970817
0.32684840
0.12173004
0.37532383
0.09260367
0.40066982
0.09205286
0.48668598
0.40426653
0.54313922
0.48920634
0.44311324
0.21791522
0.32287820
0.35821881
0.38392421
0.46545087
0.10001692
0.44775314
0.48157243
0.28400963
0.35191362
0.42724550
0.39464635
0.44773576
0.34320642
0.26350989
0.35230774
0.38114906
0.47158591
0.27005315
0.28822648
0.44402724
0.33353380
0.48964674
0.51074702
0.38636086
0.40281553
0.17217714
0.21438351
0.43778178
0.29545891
0.37186191
0.48185733
0.26938398
0.43966250
0.35161068
0.30044844
0.47610405
0.45269839
0.39380287
0.45168581
0.29189711
0.23488939
0.23861693
0.06275547
0.29713992
0.41405981
0.46744392
0.37364715
0.33809340
0.33657285
0.49020116
0.33530587
0.29270118
0.29458016
0.34273713
0.42591235
0.45412623
0.29510872
0.38000637
0.29660915
0.29688194
0.37689214
0.44953496
0.06609854
0.27818319
0.40505430
0.22261512
0.49053477
0.48367473
0.32936553
0.39926377
0.50477681
0.39462848
0.28607034
0.21661135
0.38601943
0.41803584
0.40557947
0.43601802
0.40478781
0.45724542
0.51764867
0.43636103
0.06726813
0.53820769
0.35947212
0.47290832
0.23077010
0.42305454
0.41915352
0.47355328
0.53162116
0.48894662
0.30145728
0.22459786
0.39193440
0.46351886
0.30336319
0.35247616
0.31949189
0.36579038
0.36917160
0.37350000
0.14421552
0.17141145
0.34725358
0.25647196
0.48456490
0.46996554
0.46116020
0.44183770
0.22425734
0.41919568
0.43030788
0.43061096
0.44670907
0.49366038
0.09425920
0.41501720
0.45340263
0.49813075
0.42594592
0.33821393
0.37166666
0.26180901
0.37144743
0.13829828
0.43737262
0.49163330
0.10965200
0.39366683
0.39937732
0.51917320
0.41550099
0.28984081
0.49262985
0.23907330
0.26750151
0.46485682
0.34283522
0.38267182
0.38322254
0.39929110
0.45241867
0.47084854
0.53782530
0.40323981
0.29654125
0.36485599
0.40662190
0.47316052
0.27401588
0.40608982
0.42530597
0.44692732
0.46379856
0.30612444
0.33723165
0.47064156
0.26955385
0.00050867
0.35037331
0.36413645
0.28661077
0.21409491
0.44119267
0.40489405
0.41428520
0.42184485
0.29280558
0.31683307
0.30230232
0.39034119
0.16730022
0.35913150
0.43634380
0.24494499
0.49648580
0.41865853
0.41718141
0.23124763
0.37320490
0.39364123
0.42574441
0.46856661
0.28335490
0.34602629
0.38774152
0.32066746
0.33802366
0.35792339
0.24117444
0.05223581
0.38277657
0.28558400
0.43236639
0.46627302
0.22046869
0.40518106
0.26329548
0.38990071
0.25346988
0.40186610
0.44185385
0.22457923
0.42028217
0.07061611
0.21002775
0.48956298
0.33584979
0.44948569
0.40778723
0.36222237
0.37788505
0.16193622
0.40024252
0.41761283
0.36549986
0.51180715
0.42890059
0.45212894
0.44139689
0.10365472
0.26367165
0.38407365
0.36469961
0.39714187
0.36540042
0.37010519
0.47728384
0.42469292
0.20495583
0.27740497
0.14691845
0.36008105
0.46875074
0.47338733
0.27160474
0.35527226
0.47298697
0.26614838
0.39209314
0.37382298
0.53144722
0.33268350
0.33362722
0.41365256
0.32994432
0.39551452
0.47649525
0.36426054
0.39197743
0.34114068
0.19109982
0.13637172
0.38629305
0.47143729
0.32427518
0.40978448
0.44761269
0.40434581
0.50382734
0.42101570
0.46371102
0.43323710
0.32738234
0.25163299
0.22616395
0.40091547
0.43427329
0.49050655
0.33926524
0.42043124
0.48052608
0.48597362
0.48965367
0.43441823
0.29318941
0.39332045
0.34894310
0.10912744
0.48046782
0.23848907
0.46992260
0.50255821
0.38031961
0.47206921
0.45107558
0.40020694
0.40924095
0.52769412
0.11169108
0.29032328
0.50405354
0.45571328
0.45273469
0.36732741
0.26678643
0.38067204
0.45142336
0.40773380
0.40958175
0.35897408
0.40117245
0.50304300
0.13758168
0.33547403
0.41639353
0.46542924
0.49560712
0.34141782
0.34147476
0.09597692
0.35312700
0.26615379
0.52469180
0.35840732
0.06090649
0.44659641
0.01888619
0.43720311
0.41665138
0.40232208
0.40866327
0.34983382
0.43461373
0.43321962
0.41434278
0.38506868
0.21685904
0.15997037
0.43694149
0.46957753
0.40754482
0.36764862
0.40684480
0.14313365
0.29842176
0.49023808
0.43983477
0.32118143
0.46518408
0.35385438
0.07380129
0.48424863
0.22343863
0.34017388
0.39112252
0.33852092
0.23799726
0.40186184
0.47025609
0.48180369
0.08509995
0.50933749
0.41116911
0.32314223
0.42746177
0.17259266
0.43306193
0.13312134
0.31455033
0.17192145
0.37681934
0.35729898
0.22440672
0.45913099
0.45260602
0.37667162
0.47947372
0.19075981
0.47996209
0.33261699
0.32985678
0.17735636
0.45499179
0.42697382
0.36211336
0.39905504
0.27651065
0.39253703
0.44523823
0.41187873
0.38308374
0.32491428
0.35305539
0.40498762
0.28367898
0.44121182
0.39207521
0.31183409
0.47175155
0.42788464
0.34350147
0.33302176
0.42160106
0.45378077
0.19905016
0.40805673
0.41364744
0.12435965
0.50385673
0.37519304
0.15405424
0.43790854
0.43125332
0.42312520
0.41717455
0.42657770
0.46275642
0.19014038
0.26711732
0.45955014
0.14577383
0.50976218
0.38315144
0.28839387
0.47617853
0.32598644
0.46536485
0.43383521
0.23233978
0.45743143
0.27229583
0.47112947
0.45040631
0.24544541
0.36240029
0.49355392
0.38965325
0.18915695
0.10396720
0.42458146
0.36181428
0.27902719
0.45487820
0.45013283
0.20160206
0.25121085
0.38190342
0.50431833
0.24228568
0.37882493
0.41977444
0.48344271
0.41507144
0.32390782
0.42805138
0.21982717
0.31803512
0.41141927
0.42559478
0.42178882
0.49351403
0.17664368
0.34409980
0.41518885
0.35263428
0.46129177
0.36107813
0.44167672
0.50968599
0.27109330
0.43278367
0.41923436
0.49764033
0.26592334
0.23456187
0.33047126
0.21232617
0.23159728
0.49927463
0.42350647
0.43814099
0.41990193
0.37001768
0.28571508
0.16080644
0.37418297
0.43116993
0.44292709
0.34363149
0.30587535
0.40402934
0.46272899
0.32528080
0.08902223
0.32990424
0.42171450
0.43847816
0.24398477
0.45045891
0.38309772
0.28122308
0.43582147
0.24404972
0.42876397
0.44250928
0.47817605
0.19486352
0.36254197
0.46566668
0.43037233
0.23816460
0.09280840
0.32108983
0.39175136
0.40234030
0.49576874
0.43809185
0.36129151
0.40447168
0.11895142
0.42867875
0.32961148
0.41211544
0.47625631
0.44045339
0.20922272
0.34269244
0.42574245
0.22264471
0.03515453
0.19708537
0.30403617
0.31396210
0.23186541
0.47807981
0.47149733
0.20922687
0.42781391
0.44006124
0.17105299
0.40355891
0.36667057
0.51236561
0.23970193
0.17805798
0.49402500
0.28132490
0.47865928
0.41689730
0.35436753
0.41569355
0.27255951
0.21078474
0.52370950
0.42823929
0.40439559
0.45375818
0.48215834
0.16808280
0.52155605
0.50585072
0.43238952
0.32385335
0.33253662
0.16276157
0.05968054
0.37343799
0.39302950
0.44205740
0.38221374
0.47844643
0.23367854
0.41609312
0.31239360
0.21984963
0.19846274
0.21844185
0.36044478
0.46136022
0.26977511
0.37495295
0.43688119
0.31135883
0.45199577
0.36564032
0.23600491
0.27168348
0.50489142
0.27871585
0.47474638
0.48218285
0.39872890
0.11077878
0.47547951
0.48989316
0.33250726
0.47637711
0.46037048
0.45844958
0.26405724
0.39332293
0.48452526
0.35295890
0.43202424
0.43313858
0.25448576
0.14678233
0.34591589
0.44382969
0.39998436
0.43136582
0.43018453
0.41294802
0.25235785
0.49707437
0.48683120
0.51045433
0.55917084
0.38344275
0.43147292
0.34199879
0.11253479
0.18258667
0.48312404
0.40920351
0.34333360
0.29200173
0.49322009
0.40118133
0.37368819
0.28040142
0.26560682
0.48447662
0.41051147
0.31369013
0.31308676
0.27003064
0.40121979
0.45996185
0.36401491
0.36858773
0.47796954
0.21921279
0.39261057
0.30095217
0.41756759
0.43037662
0.40831565
0.09445981
0.35390510
0.47309707
0.43062233
0.42103884
0.36593355
0.13600343
0.35893844
0.48291340
0.30723580
0.39585989
0.36112383
0.38343264
0.36286465
0.42768691
0.39363795
0.48581039
0.51602539
0.40545833
0.46164487
0.50098994
0.43288402
0.13334731
0.24851806
0.43919852
0.44554816
0.16061117
0.40962376
0.35666448
0.04651333
0.44492087
0.50332647
0.49225904
0.17149908
0.45589673
0.51771831
0.40557232
0.46025641
0.25619483
0.29544690
0.48331649
0.37988128
0.45901882
0.37703333
0.12661103
0.37089049
0.47970997
0.42123818
0.34169517
0.41519495
0.37590357
0.43379856
0.47363690
0.41705366
0.31295627
0.39803781
0.25320889
0.45155232
0.13916030
0.48787203
0.31889861
0.18293630
0.38495756
0.41286011
0.38389339
0.43842989
0.32889953
0.22326696
0.35988413
0.32396781
0.39822837
0.47950555
0.42114554
0.53782663
0.46635934
0.24390842
0.45255867
0.16945686
0.18311178
0.40319998
0.28269664
0.23571329
0.39351347
0.42297662
0.16632994
0.43148456
0.49154305
0.34329112
0.11862119
0.40557739
0.43415269
0.44875899
0.27699532
0.40656880
0.26494414
0.36287950
0.40378463
0.26676524
0.39628120
0.50698310
0.37735006
0.48106863
0.54271061
0.43773333
0.28025235
0.18225508
0.34353106
0.39004476
0.34361852
0.44654153
0.50129764
0.34268882
0.45970005
0.19280954
0.40209726
0.12687661
0.36678988
0.37211293
0.46680595
0.46506050
0.45278679
0.46373593
0.45604792
0.43106080
0.32122715
0.44452399
0.38272507
0.46021657
0.03800507
0.35684264
0.44017321
0.35857622
0.21572626
0.38470813
0.17853861
0.48905811
0.18281106
0.36264745
0.24159345
0.44611555
0.22983642
0.39786275
0.41184838
0.28704511
0.46494763
0.44692983
0.31670010
0.10386984
0.50539142
0.20885897
0.23946201
0.34999295
0.36103227
0.30135554
0.28156374
0.27959932
0.41947825
0.19731941
0.48820878
0.46502880
0.19813120
0.38013781
0.41050970
0.30466400
0.42824852
0.43424305
0.54415731
0.46886839
0.34384078
0.19014509
0.01498440
0.46720058
0.28411165
0.49590641
0.38804317
0.34510060
0.47340264
0.50311405
0.46552039
0.45419664
0.45470139
0.13254195
0.39670470
0.39911777
0.52462107
0.46066681
0.44805334
0.38719460
0.49458773
0.12949279
0.44585500
0.33536381
0.40034864
0.44620011
0.40278225
0.21375778
0.39384573
0.24383454
0.32065494
0.36327982
0.45942562
0.10802196
0.36699859
0.36539098
0.14620432
0.37553853
0.43693429
0.36920548
0.33977845
0.40106921
0.43307321
0.42535206
0.39747471
0.19164728
0.47766544
0.40270941
0.44027654
0.26135707
0.13507285
0.41857630
0.42207408
0.45319698
0.46908311
0.46545512
0.19799160
0.38195963
0.40328144
0.39411872
0.39057194
0.26451138
0.42253076
0.47695339
0.22968397
0.35718209
0.31658127
0.48144357
0.36526322
0.33562891
0.41867555
0.38915046
0.33869433
0.35559683
0.27900040
0.43369476
0.44297713
0.54095542
0.40074677
0.43539855
0.24411048
0.43110459
0.34423433
0.41312831
0.45821607
0.40893091
0.13367707
0.25795300
0.40676145
0.19264001
0.21621834
0.38874950
0.25891439
0.44878635
0.45136654
0.36370883
0.28637073
0.27021546
0.44942113
0.46710552
0.14480626
0.35376281
0.31798399
0.28296790
0.27218892
0.38454182
0.21421324
0.42342722
0.40250760
0.08011829
0.42106963
0.42884361
0.21572315
0.44461404
0.40510646
0.26860182
0.44050608
0.43236728
0.33985604
0.44880692
0.36853654
0.18467365
0.37765534
0.42282939
0.35623871
0.48515476
0.38875937
0.14112673
0.39107379
0.28470573
0.28623315
0.34520156
0.11443154
0.48179764
0.37467685
0.37562375
0.38217676
0.44625022
0.24065518
0.38066128
0.36931186
0.14773344
0.32918829
0.02236208
0.38764167
0.08892855
0.44927343
0.27721980
0.43723349
0.40910978
0.33804503
0.02613114
0.36084061
0.41309057
0.50343132
0.44378226
0.48644345
0.46833051
0.26372914
0.37275933
0.51675821
0.41063858
0.44653815
0.41966146
0.44558895
0.44360373
0.49858294
0.48346673
0.46057858
0.49807799
0.53050577
0.48177301
0.44965534
0.00748500
0.41075238
0.26595929
0.31609798
0.14754231
0.23239969
0.45839944
0.41279905
0.42102984
0.40267023
0.48302268
0.42417977
0.43131967
0.51133622
0.17067601
0.42067768
0.41951291
0.40332053
0.35718973
0.32868646
0.33243753
0.32211210
0.31750432
0.30113313
0.43424377
0.43540100
0.37475175
0.37690163
0.21445523
0.37795973
0.41466557
0.20171012
0.16818585
0.49973050
0.12245626
0.03556450
0.40724566
0.44824743
0.39369079
0.39347178
0.38131146
0.47350332
0.39361211
0.35710056
0.18258848
0.21065205
0.12162819
0.28001642
0.36674063
0.40381388
0.38001280
0.30957754
0.44658412
0.32068778
0.41428284
0.24838431
0.47812738
0.05371018
0.30890279
0.39946283
0.43356656
0.37854056
0.33741599
0.42409817
0.49860403
0.42678881
0.50350637
0.43982742
0.36479959
0.32877333
0.37449830
0.41852996
0.40062147
0.41328800
0.32424225
0.41281735
0.12472626
0.41748841
0.35009549
0.45852276
0.27432027
0.38990098
0.48092502
0.25147101
0.45076011
0.24165407
0.17548218
0.31316665
0.41813000
0.26979699
0.41260858
0.40122428
0.43254318
0.45989069
0.46106553
0.27928428
0.44143462
0.43593438
0.16221489
0.44417804
0.49193508
0.26301376
0.38791713
0.29891854
0.41863663
0.41625614
0.38668844
0.38794574
0.46032799
0.50594300
0.43674998
0.26799284
0.44065103
0.22672376
0.40416789
0.51396259
0.45715848
0.43204732
0.43472546
0.44068940
0.42385152
0.36263618
0.37073468
0.28719357
0.37769635
0.45262111
0.30287665
0.45517100
0.47286855
0.38774376
0.48000061
0.43388716
0.37547094
0.06088417
0.43766125
0.37341158
0.11311572
0.12619068
0.39102666
0.34341364
0.40908158
0.38624339
0.41712320
0.29698676
0.42637691
0.42086268
0.36562382
0.28649045
0.36440703
0.44883004
0.42395028
0.09298531
0.42532035
0.47678383
0.41255813
0.49415724
0.19692673
0.30958437
0.41435605
0.18452196
0.19089930
0.44955051
0.44008725
0.45530467
0.48133690
0.28889619
0.28694948
0.12591124
0.51701971
0.43044999
0.39303690
0.33172947
0.30684304
0.20649821
0.39535284
0.06140485
0.22306323
0.36027450
0.27116847
0.39113653
0.23961607
0.28670120
0.20487594
0.38916446
0.10005380
0.42326852
0.42282455
0.27105761
0.37081591
0.01466855
0.36353854
0.21768919
0.40593608
0.33214593
0.45389840
0.41632297
0.33819297
0.35735129
0.35677408
0.39457915
0.44646441
0.17358126
0.22658929
0.40503036
0.46136268
0.36744592
0.25142330
0.27855733
0.48530804
0.45242227
0.33703216
0.38593410
0.40594463
0.31895378
0.38327792
0.39296327
0.36436716
0.04820738
0.30505949
0.25695015
0.05913066
0.36674960
0.44793518
0.07378070
0.43511600
0.47557644
0.12164257
0.49019959
0.37465479
0.34200982
0.43297105
0.49113835
0.34877363
0.45375886
0.27478576
0.48215528
0.24242554
0.26337984
0.49462031
0.40553709
0.42783408
0.46630061
0.46080823
0.41622589
0.40455075
0.39962641
0.47767509
0.32302866
0.40456043
0.46337244
0.38617231
0.38844433
0.35425789
0.34072802
0.41449136
0.08967804
0.31725307
0.40410390
0.45764680
0.51956586
0.18024142
0.26811113
0.02228621
0.43687858
0.42369643
0.45399723
0.45489488
0.44091691
0.39204199
0.30438773
0.40239994
0.33733166
0.50411336
0.30522269
0.32621805
0.38276661
0.39532377
0.13982131
0.28520049
0.44146959
0.39152741
0.40592631
0.37052313
0.37334551
0.49612336
0.47759880
0.31819922
0.35218034
0.43060023
0.31486340
0.39484667
0.36614580
0.41577601
0.43490082
0.42734018
0.47443131
0.43137499
0.38435766
0.31850073
0.40741102
0.42457224
0.50701249
0.41807338
0.48352704
0.42308392
0.42159757
0.28268346
0.40473201
0.44195986
0.48383195
0.26568710
0.33885000
0.39199362
0.34827500
0.24169743
0.46031107
0.19784860
0.12737328
0.26478415
0.31574459
0.37685963
0.49535192
0.50225269
0.29008870
0.51494042
0.22202372
0.32032435
0.38173467
0.42158776
0.35564963
0.12055345
0.35014607
0.42305813
0.17754832
0.44258306
0.40638853
0.46734677
0.41214600
0.53255491
0.42309024
0.26122973
0.41828649
0.18617448
0.47277921
0.26459673
0.25782782
0.35715949
0.30825891
0.49986805
0.42336034
0.29715242
0.47887679
0.08219645
0.45588459
0.45419133
0.46553711
0.13071378
0.30733082
0.31072430
0.10363463
0.40766002
0.37603515
0.45407018
0.50983235
0.44691335
0.43318616
0.50041247
0.41309974
0.45083969
0.32203068
0.42806308
0.44576001
0.40218086
0.50220072
0.33565214
0.35842239
0.26776498
0.42834818
0.39498348
0.35816927
0.30750694
0.33068097
0.29966880
0.30662146
0.43281127
0.10357534
0.27285400
0.34655762
0.35753950
0.18119877
0.44422048
0.34643519
0.16801151
0.32314109
0.15563666
0.28819537
0.42842021
0.37851417
0.16543983
0.31015639
0.17865281
0.38411635
0.10305078
0.20596973
0.50560458
0.30739460
0.34845426
0.22229426
0.36404664
0.39432011
0.47983988
0.29859408
0.39208294
0.46177936
0.46018991
0.53015840
0.39749252
0.29269505
0.44741258
0.19606892
0.46367625
0.23338722
0.40601490
0.36991274
0.28130965
0.47372288
0.39476719
0.27268210
0.45246723
0.44311008
0.26655635
0.29567817
0.12904927
0.44151450
0.37269932
0.16046029
0.46223843
0.42791487
0.33238828
0.38428814
0.19274658
0.49484041
0.08660775
0.35710003
0.48535788
0.29647281
0.41718513
0.22134444
0.10128294
0.23899960
0.22680602
0.47006057
0.43600587
0.36552330
0.42474087
0.42615753
0.43263563
0.10533517
0.32638335
0.48029326
0.34739069
0.34862861
0.09220650
0.37830157
0.40395504
0.47141756
0.42990596
0.45444813
0.34432271
0.53245107
0.29314642
0.42161318
0.46853718
0.49622371
0.38005974
0.44222325
0.46025058
0.42150747
0.44147066
0.32351022
0.45945697
0.40872984
0.33953839
0.41626396
0.44741681
0.33685246
0.39456315
0.40001036
0.33256448
0.49479412
0.22005873
0.37883159
0.13083214
0.19612557
0.40244928
0.46966519
0.43666520
0.27049052
0.42044271
0.47516415
0.40293935
0.26670528
0.00445518
0.48974225
0.18486249
0.43549973
0.34608013
0.48876195
0.32806846
0.39550526
0.13696844
0.07943421
0.42517572
0.46445361
0.29515718
0.39964104
0.40759937
0.10407468
0.39354883
0.43730496
0.32002822
0.41904447
0.56914123
0.46922652
0.52607951
0.43301045
0.46761279
0.44059815
0.30335181
0.38680786
0.31779373
0.40876656
0.16758096
0.32553185
0.34295548
0.00766068
0.47267183
0.40325858
0.40067107
0.15175922
0.34820335
0.46443928
0.38530395
0.43677698
0.40129174
0.39829435
0.02417505
0.31749524
0.43904792
0.44255098
0.51021265
0.42255684
0.40317617
0.48062546
0.47968192
0.42548023
0.40751563
0.52479879
0.44640692
0.45544465
0.44859819
0.43879453
0.46597254
0.31033427
0.32127014
0.49372283
0.47521338
0.44033805
0.04334231
0.29619195
0.47053952
0.41356606
0.44186013
0.24591873
0.41078751
0.31500595
0.22071416
0.22957096
0.45972792
0.45538456
0.41072469
0.27740744
0.46533793
0.26754736
0.42581189
0.29363483
0.42381112
0.33987640
0.49862102
0.44541458
0.08344225
0.39592582
0.38779435
0.45412033
0.19829107
0.43188537
0.44136583
0.49831125
0.46506374
0.37676578
0.38686064
0.44548893
0.50429091
0.47193674
0.42158154
0.27742255
0.24200428
0.21840563
0.46877707
0.39648214
0.45676763
0.33454290
0.44645650
0.30990544
0.31030737
0.40413856
0.21490498
0.44046823
0.45484354
0.40882992
0.47141512
0.43709069
0.44631554
0.19471841
0.50241872
0.42015702
0.32947990
0.33744925
0.50060507
0.44895383
0.36531728
0.16977389
0.41524465
0.31546807
0.44051582
0.38924391
0.45976820
0.41954354
0.12022979
0.26453721
0.41761702
0.40799157
0.39097233
0.41123772
0.36438927
0.35212818
0.44365505
0.46670333
0.48173321
0.47204700
0.22502873
0.46527655
0.41017447
0.30602689
0.40704001
0.44560565
0.43961735
0.39770573
0.42366966
0.49308332
0.27507566
0.33076491
0.51137847
0.36428015
0.20930463
0.08479100
0.37557491
0.19516613
0.41140789
0.34333947
0.39966013
0.44239862
0.36966973
0.52224939
0.37831660
0.39726491
0.43089732
0.33042193
0.29286420
0.36927696
0.42923393
0.35295779
0.45698648
0.45857600
0.44387908
0.40636797
0.31496609
0.36808146
0.11010573
0.46641476
0.20735619
0.38528799
0.48018108
0.35045430
0.42990548
0.36334278
0.23777005
0.42915935
0.33626499
0.39196633
0.43286567
0.48349613
0.53869324
0.47868340
0.31520553
0.49347935
0.48791379
0.38511774
0.38399658
0.50176510
0.41565460
0.41818772
0.49894375
0.05647053
0.42829145
0.39918581
0.49665297
0.37693308
0.33411322
0.39348497
0.46317394
0.43183478
0.13524762
0.45068272
0.43671486
0.49152011
0.24831489
0.38098739
0.42571087
0.29820197
0.38031001
0.50366244
0.36357212
0.53429002
0.13505848
0.39505426
0.27536119
0.37392791
0.46527174
0.27451232
0.43450693
0.48056250
0.38386498
0.36448073
0.43312962
0.47256063
0.43756220
0.40763418
0.21785393
0.43793245
0.36187868
0.44008223
0.35983887
0.09798267
0.44878066
0.37616148
0.31713904
0.41602937
0.36352825
0.40639757
0.34268456
0.42595008
0.19949038
0.51614842
0.45429357
0.34163091
0.41507366
0.34921478
0.33908756
0.33379453
0.48182405
0.49641768
0.56538639
0.36361845
0.43865840
0.39115804
0.35157559
0.39006471
0.36293255
0.18681833
0.41966518
0.49942252
0.02808192
0.16571927
0.34763974
0.35645721
0.03271234
0.19034577
0.33784382
0.49665728
0.35024073
0.45116916
0.41241929
0.08280832
0.35479971
0.07855090
0.51001466
0.42952440
0.47506467
0.58927768
0.37962434
0.20409671
0.20458802
0.48723004
0.42816547
0.32415157
0.14508529
0.50881979
0.45094330
0.31687045
0.44548098
0.40486143
0.40041631
0.39525172
0.42310930
0.43997650
0.19497091
0.38208581
0.43753402
0.50380960
0.16402288
0.34759196
0.45961820
0.44362666
0.39855390
0.35906856
0.40537581
0.47873810
0.41374492
0.42987465
0.02124221
0.48682944
0.43027282
0.29030766
0.22404990
0.43821142
0.13751908
0.43711179
0.47293470
0.52515369
0.38268001
0.32534773
0.28667076
0.44288040
0.44382181
0.09067699
0.35069138
0.43753046
0.47025963
0.42222471
0.31050958
0.39461957
0.24632942
0.48157857
0.38186232
0.46711376
0.27845411
0.43110796
0.27757112
0.37285280
0.48938457
0.31289745
0.53502871
0.07076374
0.00531203
0.37451693
0.32730046
0.18743643
0.46875035
0.40003784
0.38099401
0.43901575
0.31416521
0.23579485
0.47019004
0.37474879
0.47196490
0.39124341
0.39269115
0.26466206
0.31824097
0.42282373
0.36924978
0.38947721
0.32670036
0.36535485
0.41161612
0.50717651
0.30975743
0.20578102
0.43827094
0.41565651
0.35152482
0.37932465
0.20626969
0.33267478
0.46283937
0.42026029
0.41231011
0.40155296
0.26299353
0.38418847
0.49800999
0.45485649
0.44443979
0.48204853
0.20468667
0.48127779
0.39684981
0.40768140
0.36681106
0.25087699
0.26673544
0.47354961
0.41510364
0.30913788
0.41304716
0.46501817
0.40640895
0.40141231
0.37956646
0.39289636
0.25694138
0.43223840
0.31371819
0.49266224
0.44333570
0.48466334
0.22082498
0.44347654
0.34609237
0.37327541
0.43267066
0.25731779
0.37777077
0.46575334
0.19147225
0.43435299
0.45294723
0.09172345
0.36976626
0.22253286
0.20654858
0.33494500
0.27168835
0.44703362
0.28204229
0.52109025
0.24466396
0.32124974
0.41299781
0.36900005
0.43019445
0.32793867
0.40755564
0.39850920
0.36782995
0.49646990
0.48495076
0.28897087
0.50812329
0.46853451
0.47152744
0.29432585
0.47062671
0.33263057
0.39230047
0.39115908
0.27130971
0.44553826
0.37410076
0.17312456
0.45844295
0.40814184
0.48260113
0.29860429
0.43789123
0.27267421
0.38429499
0.35965825
0.35851677
0.32150936
0.27262709
0.33002177
0.44848312
0.29708849
0.21350457
0.29650660
0.29312789
0.27001018
0.52432110
0.18315636
0.26686625
0.34908796
0.41953115
0.42981964
0.25475452
0.38774946
0.45099664
0.21826459
0.15751836
0.50012551
0.34159947
0.40911493
0.46858887
0.39890430
0.46816597
0.39871421
0.27494188
0.40071806
0.01143248
0.45735325
0.38006577
0.31623916
0.37046625
0.47780675
0.21696877
0.50439118
0.38334482
0.35273818
0.33434107
0.28541168
0.46046333
0.39859131
0.25160054
0.45149203
0.39334204
0.40179954
0.11764254
0.14571022
0.34386145
0.45734123
0.34778885
0.22180125
0.24755002
0.40546841
0.35860645
0.13026166
0.43178136
0.36555097
0.42999115
0.34597837
0.34778814
0.38669101
0.35642744
0.28912000
0.48503982
0.41548155
0.44413947
0.43011021
0.39926411
0.43117540
0.33070616
0.35121715
0.43446317
0.50897109
0.02600310
0.42044186
0.50076728
0.56299903
0.35347327
0.45112288
0.45926406
0.36714822
0.23181108
0.44666225
0.50444930
0.41069993
0.48578175
0.45378201
0.23386273
0.39448861
0.37435662
0.44046204
0.17938278
0.47157087
0.34004905
0.31197127
0.44084436
0.34766887
0.31614564
0.39640150
0.40397516
0.39878662
0.43438566
0.14829474
0.42606518
0.44319870
0.36757004
0.38710675
0.42920912
0.35946403
0.37669504
0.48917196
0.41600917
0.36576668
0.51122304
0.40504966
0.50366312
0.41185485
0.48309049
0.35211651
0.24400018
0.48196938
0.28797557
0.34390083
0.45960595
0.28514121
0.47536207
0.17837163
0.43154325
0.30733595
0.47692409
0.45807077
0.43241455
0.27142211
0.26270961
0.50861388
0.36744959
0.39620721
0.43817868
0.47207786
0.39633996
0.47784895
0.18005928
0.09256831
0.54179889
0.39427951
0.32576576
0.44626031
0.51776010
0.48557622
0.47540265
0.44433292
0.47702823
0.27982877
0.43049047
0.44030392
0.32480539
0.35359442
0.50271721
0.43693340
0.27559110
0.17523224
0.31937626
0.31468526
0.28927235
0.45412104
0.44570500
0.52654657
0.44014877
0.31324061
0.47610596
0.48682916
0.42454057
0.18591791
0.13630724
0.43178230
0.25150384
0.40012763
0.36156688
0.32948512
0.53586528
0.15101217
0.15243780
0.45822444
0.43656809
0.20590450
0.39610436
0.42018857
0.35474884
0.35326629
0.10061474
0.47406693
0.03163102
0.46791476
0.19663945
0.17066077
0.36935979
0.46681322
0.33416555
0.26653133
0.37389164
0.30521514
0.31325386
0.14962541
0.44504412
0.43839065
0.27267884
0.36753566
0.23680151
0.38795153
0.46042360
0.07022503
0.24061400
0.42880542
0.50423925
0.16147672
0.36926602
0.42399510
0.39659572
0.36909205
0.41184395
0.14831591
0.35146872
0.42618109
0.17386068
0.32980611
0.30519088
0.20402885
0.46091835
0.42470530
0.36780943
0.47477820
0.43620965
0.40247418
0.51089087
0.30950736
0.38455857
0.47344885
0.22530105
0.49058846
0.26181844
0.33831165
0.38545289
0.51939375
0.37033371
0.30068734
0.16415566
0.42317769
0.11960159
0.45983701
0.47062488
0.37464533
0.28223547
0.48302218
0.48543048
0.38446204
0.36077747
0.41502366
0.29079837
0.39779333
0.33396552
0.41638206
0.04118222
0.07688256
0.36657644
0.42258848
0.47300007
0.39151195
0.42300159
0.43501959
0.41401126
0.29413638
0.41393796
0.47451186
0.40672823
0.47239805
0.46973946
0.13829515
0.44007779
0.47790816
0.39975562
0.30620496
0.31303965
0.50398267
0.40422852
0.35184158
0.38905259
0.34654501
0.27772006
0.20514291
0.48342405
0.34948202
0.32442683
0.51552599
0.48531982
0.47558960
0.32868928
0.34537699
0.33763195
0.34515415
0.40368959
0.06591796
0.37690324
0.18255848
0.51280069
0.30389843
0.19426389
0.36811556
0.42866248
0.21364147
0.18256230
0.31055853
0.48194119
0.42004347
0.46099068
0.49788508
0.42172315
0.09060735
0.39903569
0.47600554
0.45672583
0.40996653
0.39878766
0.12490061
0.54587318
0.50885927
0.42161936
0.41985108
0.35723662
0.14941940
0.33273932
0.47608137
0.49269662
0.12765841
0.36356480
0.29460511
0.42468056
0.23246526
0.47291061
0.48606562
0.25135552
0.19624738
0.42923219
0.36209083
0.35716656
0.09152231
0.12304959
0.48276725
0.51445007
0.31711419
0.24277939
0.50055352
0.34316179
0.33169357
0.44039835
0.35214619
0.51858949
0.39621232
0.42245678
0.30494758
0.31924416
0.49642688
0.42057819
0.45659766
0.27287737
0.43417776
0.49427766
0.17404055
0.38958041
0.42034198
0.21448441
0.37466806
0.24043155
0.18820362
0.37024211
0.34925695
0.12037198
0.25005990
0.28560362
0.36903087
0.46660975
0.42013977
0.46204621
0.47154735
0.11069543
0.40340280
0.14405626
0.43013749
0.45667847
0.14135918
0.24936839
0.37650999
0.30433779
0.38485538
0.23963097
0.45784406
0.41784425
0.28083074
0.32405709
0.23335577
0.38977530
0.21869999
0.00766203
0.46429798
0.36721536
0.39905121
0.30057616
0.46110703
0.41956042
0.49072162
0.44988238
0.09508719
0.37827460
0.36332927
0.32731082
0.40360313
0.25863583
0.49075107
0.47967542
0.42548703
0.39968063
0.49112059
0.38718918
0.39714560
0.39384226
0.14198786
0.21492169
0.36161140
0.49728867
0.39458169
0.45010625
0.06405723
0.41238128
0.47151059
0.43877233
0.05695294
0.50306914
0.38866346
0.40387898
0.48138389
0.32288855
0.42489527
0.48636076
0.34129873
0.43441990
0.16884678
0.46630890
0.40994682
0.39531227
0.43224836
0.45069035
0.34449007
0.41779713
0.29751581
0.33513617
0.00398826
0.25034465
0.46396638
0.17217916
0.44670811
0.33431178
0.44250682
0.53393512
0.37998679
0.49230658
0.08705326
0.11437813
0.27148475
0.33670262
0.28384818
0.31707970
0.17663645
0.16697813
0.39813740
0.48498921
0.46055883
0.42149850
0.30491521
0.48740968
0.49845831
0.33668800
0.40285274
0.20503657
0.36877159
0.27552543
0.40375334
0.40142612
0.30228638
0.34657308
0.04828858
0.29964215
0.39596170
0.48235371
0.42515916
0.42557736
0.42442358
0.42400834
0.14737090
0.39005440
0.25539051
0.31897816
0.19098519
0.43022613
0.39905552
0.44914486
0.41862999
0.37109238
0.21346167
0.33776850
0.32885743
0.26603763
0.45074511
0.00838785
0.42662816
0.45323073
0.49268718
0.46959229
0.43762928
0.24193344
0.49336417
0.33277685
0.39158189
0.27045454
0.26518545
0.43187343
0.30460242
0.31051838
0.32621090
0.50667301
0.45828279
0.10875434
0.32493851
0.36139384
0.05454900
0.43398827
0.34903927
0.42344163
0.44136158
0.30918934
0.47909263
0.32861588
0.11729786
0.41142263
0.38355141
0.08242396
0.44426670
0.38152090
0.17680752
0.40550663
0.46857347
0.25815466
0.40234038
0.47241846
0.26726220
0.27506679
0.27209326
0.30921789
0.50587760
0.37332205
0.18386034
0.43445411
0.07238178
0.39149181
0.09919638
0.30093052
0.40070817
0.45949645
0.18516173
0.27414157
0.12998616
0.23192733
0.43095188
0.50307054
0.40684557
0.40407620
0.05337269
0.38522099
0.45385021
0.46712315
0.46642115
0.42114826
0.42824983
0.17466757
0.40362290
0.24350600
0.49515624
0.41934693
0.41894592
0.40114357
0.44874555
0.24911008
0.23851209
0.29415035
0.35948123
0.39197168
0.25125483
0.31772092
0.45256186
0.30024607
0.34072352
0.38369290
0.37801356
0.07561643
0.20430757
0.35340285
0.49877592
0.52325376
0.30218873
0.05594734
0.29363860
0.19936793
0.21543485
0.47294452
0.37191072
0.36558891
0.36873048
0.50516166
0.32564083
0.29899035
0.30855829
0.09652379
0.29440314
0.17258678
0.45071005
0.47423352
0.44132332
0.28067496
0.40569784
0.44645836
0.31905273
0.44238710
0.50023396
0.44995882
0.41651458
0.43781791
0.48776537
0.35858475
0.45584841
0.28147063
0.19288283
0.41947917
0.39166820
0.36233626
0.40248786
0.26085322
0.51221417
0.40413067
0.20455367
0.50134258
0.39003319
0.01678942
0.34039463
0.50506764
0.46070209
0.21805241
0.48951509
0.47842354
0.35362084
0.46157591
0.08268911
0.49584662
0.46977019
0.47511672
0.35305359
0.26335211
0.37724313
0.38638510
0.41647750
0.23379828
0.32360117
0.48904057
0.40861171
0.44903675
0.39471293
0.36732493
0.46757679
0.44757219
0.41335989
0.39098579
0.54502254
0.44870041
0.36592772
0.31753843
0.41426056
0.29618778
0.30931236
0.23084708
0.45219348
0.40962409
0.42652679
0.41983841
0.09106968
0.36972473
0.43480722
0.36293894
0.38099554
0.45109019
0.41727111
0.40267788
0.49782318
0.19823429
0.50723206
0.42205312
0.03550994
0.38459500
0.43853518
0.13750186
0.43640723
0.33182454
0.17581738
0.16740547
0.46932799
0.47002036
0.33414266
0.35003429
0.33569073
0.01675727
0.44375901
0.51354127
0.29740707
0.33063996
0.39538867
0.36959766
0.33027378
0.39882150
0.09633577
0.40568951
0.23358209
0.39881699
0.30348078
0.47132859
0.25338230
0.21337434
0.33316672
0.40126372
0.43843398
0.40800298
0.30064455
0.38188591
0.33523026
0.46808450
0.43276375
0.44608878
0.48286613
0.38909066
0.33796612
0.29672736
0.28088030
0.35943725
0.51300044
0.08582541
0.43904196
0.09324665
0.45557860
0.38877202
0.46143504
0.42432858
0.44655799
0.27097158
0.46709213
0.39840385
0.52537171
0.47744319
0.18250311
0.48438094
0.33978627
0.43302200
0.43390807
0.37807204
0.48410895
0.38282552
0.49113578
0.46724517
0.39722172
0.50554038
0.21235650
0.29833344
0.27351136
0.38248774
0.24654020
0.26365590
0.45773458
0.45794613
0.35381966
0.42001993
0.39724503
0.39448658
0.46242099
0.47455259
0.16293734
0.48583796
0.20267775
0.25037943
0.40157774
0.40610547
0.47546269
0.00446422
0.43501565
0.24326683
0.15219829
0.21029809
0.44108837
0.33673667
0.41021391
0.39723512
0.39884127
0.28478750
0.06556875
0.39991126
0.44892713
0.27391077
0.19219896
0.48900484
0.50888154
0.33744135
0.31666989
0.58087912
0.26518032
0.48241128
0.46821503
0.22347410
0.39377314
0.30653484
0.16052363
0.40421183
0.42676617
0.34380086
0.46790606
0.30323169
0.45248587
0.48558973
0.41987677
0.33865835
0.36734834
0.37486179
0.44135776
0.44090967
0.45313753
0.42413623
0.29137804
0.41833826
0.29605176
0.29853373
0.43321848
0.43061896
0.24413244
0.27145339
0.41585288
0.43738165
0.35327357
0.46131285
0.33606124
0.41019853
0.35202662
0.27039411
0.31692739
0.44700177
0.21175213
0.46246344
0.48602328
0.27098847
0.09079391
0.32169002
0.45077541
0.23969226
0.48486709
0.39810715
0.34488364
0.41095418
0.28603318
0.34078800
0.34386091
0.39892835
0.15848500
0.41753343
0.43981852
0.36806708
0.36422968
0.35190799
0.15247921
0.11681410
0.35747358
0.35464034
0.42532537
0.44249888
0.49989693
0.52251996
0.30120684
0.37074799
0.37400357
0.41538850
0.22287668
0.26357615
0.48811046
0.15232079
0.32900431
0.42460194
0.08983221
0.28452280
0.39020136
0.43643782
0.08610656
0.45449287
0.40990301
0.38982799
0.40690421
0.22398201
0.45879385
0.37043805
0.23471310
0.02033993
0.45261980
0.32505852
0.37706320
0.45407084
0.47140161
0.33989218
0.33731313
0.34106675
0.15732552
0.39133594
0.46011567
0.39900894
0.08279550
0.41223122
0.40049321
0.40836778
0.52847769
0.42454303
0.28578963
0.46159170
0.20297864
0.45009894
0.36882205
0.35586034
0.42017938
0.42530751
0.43488402
0.41797654
0.20198324
0.11887571
0.41867943
0.31036225
0.37024427
0.35499668
0.40977378
0.33325054
0.44658631
0.44059756
0.47520054
0.46654031
0.31570061
0.32510774
0.24740715
0.30872793
0.36828797
0.49341424
0.11474854
0.46229106
0.49379284
0.38064193
0.30343702
0.21439872
0.42137038
0.33737153
0.03661231
0.41513588
0.28297436
0.22463264
0.19113449
0.18974043
0.47262851
0.18994904
0.24349979
0.38175445
0.54790750
0.47217266
0.29156640
0.47893556
0.40499310
0.40863923
0.29006553
0.40543690
0.20832987
0.27040871
0.40890507
0.27225424
0.27963396
0.32383243
0.38921249
0.50334410
0.42324924
0.43424606
0.43370780
0.36530471
0.44001986
0.51118768
0.36444486
0.47575182
0.47279364
0.23719574
0.50809060
0.31309193
0.22063764
0.42224025
0.14042657
0.14665800
0.41260474
0.19520805
0.39875860
0.46536862
0.46668881
0.33658346
0.14840359
0.30985392
0.40565412
0.43917189
0.16923921
0.46398350
0.44816155
0.03341653
0.26289817
0.41272814
0.13343698
0.44141191
0.47594536
0.48614718
0.26563930
0.39020831
0.35357705
0.07358105
0.32844521
0.53407772
0.18500999
0.34925920
0.58020820
0.41885236
0.29013519
0.37752140
0.50135299
0.51551902
0.44288328
0.43401936
0.29816080
0.34591227
0.41419402
0.22978429
0.23440740
0.00766254
0.42080702
0.03006881
0.34377250
0.33756859
0.32381734
0.46544846
0.13211068
0.34237195
0.49704787
0.38011318
0.10832492
0.38393580
0.44739181
0.16614803
0.22429056
0.38894113
0.12524539
0.22925437
0.33582791
0.42262912
0.22660043
0.42666438
0.44222248
0.44669047
0.31735594
0.44720897
0.48472476
0.46951323
0.44958763
0.47402413
0.47461446
0.16567869
0.38635780
0.25527565
0.41612186
0.51126844
0.23346307
0.48346986
0.44441286
0.45092228
0.24237873
0.37072194
0.35573568
0.40444829
0.46384950
0.13319513
0.35775903
0.29798581
0.39749706
0.45867039
0.44394955
0.19870386
0.10810032
0.30749805
0.36003036
0.14688581
0.40265258
0.17807942
0.41101185
0.12627663
0.36192739
0.44055649
0.48914608
0.35977299
0.24293912
0.50984145
0.12557224
0.37722284
0.44241589
0.28796496
0.22232432
0.35362909
0.05897023
0.35090080
0.37104040
0.44170415
0.25540059
0.36404450
0.43734857
0.36453453
0.40571085
0.36466753
0.27035361
0.40245516
0.43315621
0.23832497
0.48195553
0.28349908
0.30829902
0.39649367
0.08698137
0.33765614
0.49918881
0.31387534
0.52509882
0.41415671
0.19346839
0.30882969
0.48138702
0.36240680
0.18698908
0.48517686
0.38991137
0.36634515
0.27339939
0.41137330
0.41174061
0.42187460
0.29101088
0.08469227
0.42147315
0.25356482
0.43975522
0.28595596
0.41504543
0.43126124
0.39712068
0.29620700
0.36666720
0.16657662
0.43243564
0.43436551
0.41645124
0.41687546
0.53514845
0.36930295
0.00375648
0.43918888
0.25025147
0.19169004
0.36658501
0.31977008
0.48683029
0.39783013
0.23812431
0.43726225
0.44334461
0.40405953
0.03779176
0.44558808
0.32161073
0.38554143
0.42088344
0.44922321
0.26074737
0.39546693
0.40510445
0.29292998
0.45395761
0.43444915
0.26195495
0.36523890
0.42738454
0.37241367
0.47009745
0.39552915
0.45205926
0.18297377
0.39498551
0.43284539
0.28696621
0.33701114
0.29594442
0.37052022
0.48988535
0.06339071
0.07457944
0.35483380
0.44322030
0.36293764
0.41179952
0.41861892
0.40401335
0.28808558
0.39573524
0.43292778
0.30443809
0.52708456
0.33680346
0.39295322
0.45399736
0.28040122
0.36494262
0.43753267
0.44052552
0.17382836
0.44336321
0.26248360
0.43810012
0.37675793
0.31203857
0.48114271
0.13777041
0.41894315
0.48364144
0.37420414
0.36270907
0.38825924
0.40662773
0.45593484
0.44349420
0.45714061
0.17332109
0.41239639
0.46362184
0.42500003
0.47965898
0.33378957
0.48400694
0.31934373
0.09762940
0.38677153
0.44968826
0.39591088
0.32093804
0.09285591
0.37150962
0.36075278
0.22958959
0.42023315
0.50789837
0.40081516
0.41872698
0.43808623
0.38549239
0.28877482
0.26172778
0.33049567
0.35970723
0.35180251
0.34124895
0.46916511
0.34686350
0.35667874
0.42367107
0.46540203
0.41633431
0.10254022
0.42253732
0.38833914
0.34684667
0.32869228
0.43467972
0.36903514
0.23080618
0.46578698
0.45740223
0.35127277
0.39944289
0.48009208
0.15455889
0.32707006
0.51477435
0.49551066
0.32582529
0.22182823
0.21891625
0.29366139
0.06508432
0.40479547
0.47226546
0.39563796
0.23819985
0.44557752
0.14765549
0.26877058
0.16285067
0.48675190
0.45134179
0.01368880
0.46708250
0.25746861
0.15536782
0.19681426
0.37632463
0.20224460
0.35019069
0.43175782
0.45540494
0.46188362
0.47291501
0.31184049
0.42287108
0.25245831
0.42230019
0.36852442
0.39186773
0.43683176
0.18530031
0.13987411
0.13677119
0.28309267
0.35676667
0.38460229
0.10731070
0.41012578
0.37574920
0.41348621
0.39972418
0.19839930
0.49615849
0.43183137
0.25259974
0.40368112
0.29740049
0.45778278
0.38735571
0.25827629
0.07562443
0.06259124
0.44690515
0.26023146
0.40843619
0.38606767
0.30242698
0.02696363
0.39780272
0.41174112
0.46891242
0.39854462
0.48191895
0.44863990
0.32891115
0.24303688
0.47320424
0.39779548
0.48365831
0.31465449
0.38693912
0.43202620
0.34042854
0.44364743
0.40543921
0.41457630
0.47773481
0.42267558
0.29772847
0.43543372
0.49078690
0.14106699
0.48463442
0.50105909
0.45295250
0.23090747
0.02072532
0.36676199
0.49298701
0.35185071
0.29797069
0.21808291
0.10088410
0.35780253
0.34440459
0.42243051
0.50472524
0.38264750
0.18322190
0.18755799
0.34473260
0.26322524
0.35470078
0.27918830
0.46034417
0.49152353
0.24406830
0.22146898
0.20284880
0.52640856
0.40253693
0.46831282
0.51526473
0.36756808
0.28484737
0.38360074
0.47334117
0.43873489
0.14334960
0.35958711
0.30648382
0.49818313
0.48102913
0.45035860
0.29039254
0.46563772
0.43296843
0.45959075
0.41560787
0.45641945
0.27865095
0.44066399
0.46220207
0.39254512
0.30948484
0.36728088
0.45758380
0.31793399
0.36430022
0.36729746
0.10720825
0.42450155
0.44058225
0.43807569
0.44771028
0.21240662
0.24722814
0.35985927
0.42353737
0.43594234
0.48554978
0.23048720
0.41069255
0.38254576
0.29347841
0.19959443
0.42168089
0.48094245
0.07802252
0.37941495
0.56785574
0.44285271
0.30823449
0.41106050
0.45323837
0.47978210
0.24769953
0.40137751
0.43989808
0.20458550
0.15876485
0.49738175
0.32456724
0.31525961
0.05709738
0.25559948
0.38142342
0.45745638
0.37228760
0.41915674
0.17751845
0.25113612
0.15178538
0.34191303
0.44383277
0.38626959
0.39839017
0.40585228
0.28275253
0.46173072
0.21217314
0.41019479
0.47206083
0.42352610
0.14401277
0.45279679
0.45251909
0.18022906
0.38521517
0.29555454
0.36118963
0.45588721
0.42061641
0.16781817
0.42398205
0.48881075
0.18008002
0.19838260
0.38648075
0.46178798
0.44270223
0.45934966
0.25018652
0.31255867
0.36446792
0.18809362
0.38875606
0.42475727
0.50049279
0.27100091
0.38063998
0.19097992
0.36668351
0.41311792
0.17552004
0.19114237
0.41899100
0.49681480
0.04682666
0.24792572
0.36686673
0.37774509
0.39384482
0.36464932
0.48773866
0.46514635
0.40473676
0.26501152
0.43991002
0.07766023
0.44122259
0.32240501
0.46897676
0.29562835
0.36213529
0.44470532
0.37666389
0.45397273
0.27745756
0.45212363
0.38114481
0.44554461
0.37219116
0.08552364
0.37921249
0.40567028
0.31587955
0.24347262
0.39594608
0.45713505
0.28334770
0.38577935
0.30979543
0.46588988
0.45061604
0.41207339
0.39061940
0.46987997
0.39104215
0.40086662
0.33454241
0.39989609
0.48203803
0.24790328
0.31640184
0.47871047
0.49610193
0.35262596
0.36936294
0.26211092
0.24535942
0.31971338
0.37992017
0.22104607
0.44502038
0.14839966
0.43004108
0.38326064
0.11670952
0.26997261
0.16116090
0.46189835
0.40886717
0.39691317
0.41973627
0.47297137
0.25621256
0.34118097
0.45739657
0.51750317
0.17623070
0.43822359
0.47539338
0.45007438
0.41338504
0.37977544
0.45855444
0.16386666
0.27464857
0.50388977
0.38117417
0.38823791
0.50080555
0.40321728
0.20921634
0.46056620
0.31585941
0.13569388
0.39602956
0.23836786
0.42707205
0.40990546
0.34328677
0.13546997
0.14936687
0.36845278
0.37011775
0.52627017
0.29339325
0.34958960
0.29820393
0.50048872
0.30560827
0.45332602
0.48480129
0.33304105
0.29449026
0.43147726
0.27569757
0.40843858
0.23042466
0.36861866
0.24318322
0.51078193
0.29206335
0.13970644
0.40586926
0.22964079
0.45492907
0.44664737
0.47242705
0.43450506
0.34775875
0.42778845
0.52443209
0.38451027
0.34077587
0.28623627
0.41228051
0.46534107
0.51211328
0.33985052
0.35806434
0.52379656
0.47710856
0.37597092
0.36014081
0.38932631
0.15991854
0.39255606
0.45951190
0.40755089
0.42358001
0.45411938
0.47588783
0.38811397
0.46094313
0.05652289
0.44565012
0.41463074
0.26180462
0.39132256
0.05700334
0.40794357
0.11285139
0.40723829
0.25348834
0.35106290
0.47358479
0.41755294
0.39905412
0.48513896
0.41167405
0.33755368
0.47138923
0.43821132
0.48782195
0.38080346
0.29624625
0.26392930
0.37750684
0.08676040
0.35396717
0.44372459
0.31528001
0.27863658
0.11124937
0.47502082
0.26547703
0.50001467
0.46233826
0.37984647
0.42181238
0.11288718
0.40467470
0.33928644
0.46012908
0.48029154
0.32985503
0.46394104
0.42976112
0.34043417
0.34920062
0.46169512
0.42319440
0.31850506
0.47154113
0.41203572
0.42267037
0.46794406
0.31550674
0.56651482
0.32610762
0.15218725
0.31909569
0.41620897
0.48335372
0.37869065
0.29305405
0.51270033
0.36347733
0.47852745
0.39994944
0.30740826
0.26592878
0.31513191
0.33350853
0.41064786
0.36678103
0.09089108
0.30821569
0.40825729
0.48139680
0.36779135
0.32217107
0.42548220
0.10466464
0.29666274
0.36484502
0.40464363
0.47881461
0.36136450
0.14767536
0.42979434
0.10277857
0.46326243
0.48039597
0.42728652
0.39642680
0.40422217
0.54503696
0.46365753
0.41050228
0.30696920
0.21144230
0.40644568
0.10842244
0.06980281
0.39639246
0.30974234
0.42956861
0.22542260
0.00114832
0.40374000
0.43106593
0.10523979
0.32910150
0.41245775
0.23345845
0.43570210
0.39625021
0.14814229
0.41296371
0.48577135
0.48869413
0.10592703
0.51497594
0.44032581
0.44242121
0.11505674
0.37370681
0.40435277
0.26056733
0.42415616
0.31698484
0.41640093
0.45743101
0.22729009
0.35635854
0.47421348
0.40984842
0.41625240
0.45783350
0.54422595
0.33461731
0.34512960
0.47815953
0.12923722
0.36030808
0.33051159
0.41219958
0.08758438
0.45092501
0.41867805
0.38687939
0.41746779
0.33094279
0.37428389
0.25317471
0.49425237
0.47345985
0.19437270
0.45346567
0.45581321
0.37280038
0.22240209
0.41215600
0.40083381
0.41187462
0.35260080
0.51225606
0.34800285
0.04852739
0.24604327
0.46742978
0.42933588
0.15311340
0.37595954
0.25781392
0.41499854
0.18043150
0.43696147
0.33596977
0.46949737
0.27170103
0.51858264
0.38358177
0.32286132
0.37653964
0.44298962
0.34657175
0.31380217
0.43321577
0.39376193
0.52704723
0.29400691
0.29164620
0.55224277
0.13987175
0.49998414
0.49207046
0.39995176
0.46575469
0.24976840
0.44303865
0.42547495
0.44209454
0.38587778
0.41364652
0.38710244
0.05759116
0.42742605
0.45524403
0.43507461
0.28313355
0.42427577
0.43964351
0.38689380
0.24182101
0.23907591
0.24851008
0.29946493
0.22361543
0.21706887
0.32037563
0.43873042
0.54214540
0.47064442
0.36256428
0.50522334
0.41153393
0.38291591
0.23789991
0.45235627
0.44469599
0.41545839
0.45496239
0.27207757
0.32338299
0.44664516
0.47950440
0.38027638
0.38818014
0.22913336
0.20737934
0.28013655
0.32398417
0.44719275
0.47093184
0.36270149
0.37958760
0.25541158
0.47832561
0.36848952
0.44467463
0.37450661
0.33491835
0.46438224
0.27345187
0.45689550
0.30995391
0.48565888
0.23720792
0.37457990
0.53633607
0.44495994
0.34911734
0.28284832
0.46671069
0.44533619
0.21456113
0.30610185
0.39922545
0.45746225
0.44867717
0.39654687
0.36204222
0.41021489
0.38947001
0.33618850
0.31433504
0.35064371
0.30301801
0.50913556
0.48227031
0.36588851
0.38695038
0.40376516
0.45328774
0.01453142
0.35716978
0.44964664
0.47604784
0.13248280
0.45904030
0.43488017
0.43977883
0.42257524
0.45412014
0.40525010
0.44570496
0.05728245
0.38302514
0.40182495
0.44364807
0.47132223
0.37242850
0.43884474
0.39228059
0.43024721
0.27010838
0.41428902
0.17442688
0.36287708
0.49294761
0.45528233
0.30920721
0.33000438
0.32693323
0.41107677
0.30632302
0.07643081
0.40773874
0.45061256
0.21819794
0.13647792
0.43985985
0.38759508
0.44767886
0.41594943
0.12851948
0.48574577
0.45247968
0.16755861
0.47192147
0.31395161
0.42601064
0.22527229
0.47186268
0.38067668
0.44370030
0.43739688
0.49798598
0.44379390
0.44538158
0.33244103
0.34374695
0.34723284
0.41237025
0.37273778
0.15598523
0.11340431
0.26460847
0.46178858
0.51862006
0.42467337
0.41026677
0.27057810
0.44552723
0.14377485
0.50533958
0.16064671
0.48017902
0.33143509
0.34534704
0.43756391
0.03737394
0.38822855
0.38378935
0.23687608
0.39445807
0.44878370
0.47158898
0.48297290
0.25553148
0.43772611
0.32025112
0.18673004
0.39499326
0.26596253
0.13292250
0.14725315
0.27581011
0.52445766
0.07946763
0.44317343
0.41363288
0.46129612
0.49067052
0.40484730
0.30134752
0.27475937
0.31005794
0.45899456
0.21219435
0.44957466
0.39059554
0.44615135
0.05754773
0.47244318
0.44393497
0.32984406
0.18013640
0.40639408
0.44539235
0.50022543
0.24700440
0.30348689
0.42479195
0.34202414
0.35221236
0.26229724
0.45802052
0.22527062
0.01183309
0.34960562
0.25995397
0.42506559
0.25168158
0.25005109
0.35557719
0.43256396
0.39997299
0.19763160
0.42342612
0.22635672
0.27098147
0.20894341
0.43611005
0.46031114
0.45398125
0.46658949
0.48618796
0.40707203
0.27161063
0.34629769
0.41209078
0.21487049
0.46692345
0.18632815
0.35665295
0.33633738
0.19815686
0.22048700
0.41459185
0.30169893
0.44899894
0.43471456
0.39937481
0.45427976
0.33459183
0.39107654
0.43984921
0.46322557
0.43655727
0.45723744
0.34458803
0.05046944
0.45583977
0.33631996
0.46506718
0.42210477
0.34068327
0.48767512
0.42742168
0.43646006
0.09961571
0.46262476
0.47115094
0.39344062
0.38358897
0.42367675
0.42765919
0.44051309
0.43743420
0.02957128
0.43359658
0.17449685
0.43542147
0.44573175
0.43515435
0.11301419
0.40853690
0.48579277
0.24070099
0.45825593
0.30646211
0.40698587
0.44653163
0.28648970
0.43470807
0.37762075
0.37685772
0.35611273
0.36019751
0.41658801
0.20877096
0.46659577
0.08794087
0.29683420
0.33490316
0.23378888
0.51302148
0.36650244
0.38780789
0.37251199
0.47572475
0.09820608
0.44873203
0.37134272
0.33180504
0.24893140
0.39160250
0.49175221
0.35169114
0.44315816
0.33674226
0.44118935
0.44589091
0.34457881
0.33517923
0.35309596
0.40253930
0.48632488
0.46295951
0.47264444
0.42409496
0.25790057
0.32167743
0.27827155
0.31775393
0.38592241
0.35275646
0.43261200
0.27835710
0.09953202
0.43016147
0.42686933
0.42948633
0.39583535
0.34433501
0.40730911
0.24694151
0.29544532
0.41706476
0.40643033
0.47619481
0.33892727
0.30734057
0.47770177
0.42912908
0.49532747
0.41975753
0.26420326
0.32789653
0.38314335
0.21504261
0.39397497
0.05904210
0.35099772
0.40504154
0.54733888
0.37741685
0.31743869
0.41858600
0.27368420
0.29390426
0.35490268
0.46146021
0.40497619
0.37069939
0.47737403
0.10055179
0.39042822
0.51221774
0.44032838
0.35553017
0.13702334
0.29929954
0.47388843
0.12433172
0.39045320
0.47605275
0.46129522
0.28572023
0.33696729
0.14227238
0.21342466
0.32563289
0.45912760
0.35361975
0.43770981
0.34853559
0.42880143
0.49873904
0.37397667
0.35415971
0.50387145
0.10345832
0.40905386
0.46181494
0.47668729
0.41086432
0.37471060
0.39353631
0.37569679
0.41551562
0.42083064
0.45265591
0.20624188
0.37289154
0.29226351
0.49900570
0.55968952
0.49035781
0.41197943
0.44342236
0.27752084
0.44553937
0.50039784
0.22709715
0.27157778
0.32811958
0.44684637
0.36436500
0.54166538
0.35521488
0.50950029
0.45934051
0.45345133
0.40850546
0.42195505
0.33253285
0.40364726
0.44557064
0.41499061
0.42620334
0.48798383
0.19670898
0.09528871
0.46206461
0.39951862
0.40989194
0.44014901
0.50431544
0.39001830
0.33539913
0.41907145
0.42528501
0.51330531
0.24803488
0.47893799
0.07953127
0.42270920
0.49327697
0.42344211
0.39585694
0.16502373
0.24505677
0.37659288
0.49287097
0.41519017
0.28046886
0.32485688
0.12947816
0.28550438
0.41557281
0.38645657
0.42785306
0.44975736
0.47590569
0.41946397
0.45738320
0.56664872
0.11432680
0.37962981
0.14223451
0.43663799
0.33697888
0.04680274
0.11451931
0.16311929
0.20930143
0.36457744
0.28187861
0.45983664
0.15199654
0.33852524
0.42350481
0.41235434
0.03771587
0.44264208
0.52700014
0.43135910
0.40223834
0.26427263
0.40592728
0.34891044
0.48199800
0.47855812
0.39812502
0.43009868
0.44258275
0.47590518
0.26532812
0.31977294
0.26891620
0.24171117
0.37595177
0.37608244
0.37430535
0.37234085
0.41400676
0.11360926
0.36532354
0.36648674
0.39739267
0.13371803
0.44849740
0.48796886
0.27839928
0.04215750
0.40640866
0.35558566
0.50658483
0.22023504
0.10535463
0.47897277
0.13275307
0.36565609
0.21932044
0.50102739
0.49124589
0.48218292
0.33100998
0.41766450
0.46148929
0.45442683
0.23216393
0.38861715
0.26820653
0.41934770
0.09657131
0.38813716
0.56478228
0.43355720
0.44693886
0.29357454
0.49957798
0.37544666
0.45652338
0.45319146
0.44417772
0.49011232
0.28889537
0.46589110
0.28697779
0.34039291
0.52745658
0.33209298
0.31575856
0.40969739
0.21106724
0.42582796
0.44326478
0.39387557
0.17847253
0.37563253
0.46265736
0.41942178
0.24198323
0.39037293
0.38723558
0.06467139
0.48867157
0.34290071
0.27345091
0.48846107
0.29523406
0.35342653
0.18106201
0.44317770
0.26535646
0.43895324
0.41385559
0.39511991
0.42122007
0.39611909
0.50814703
0.46711343
0.35266081
0.46380715
0.41230103
0.43699066
0.34016385
0.33564154
0.32945868
0.33031573
0.33650292
0.18096661
0.34486074
0.16880612
0.42504859
0.47446508
0.48078948
0.51850930
0.50886282
0.33695211
0.30538516
0.34756258
0.41908326
0.05728201
0.44483200
0.50975366
0.45116150
0.03453252
0.20143783
0.38771704
0.20418359
0.38810476
0.38071153
0.48432162
0.49170081
0.29672234
0.32488414
0.48318234
0.38604098
0.41075344
0.48523966
0.43941749
0.43443978
0.34356545
0.46600054
0.45257858
0.13836858
0.43731326
0.22952843
0.41078904
0.45034913
0.44059500
0.05138548
0.36313946
0.37922169
0.21732994
0.27172423
0.29896988
0.43188541
0.50283304
0.39372582
0.19970466
0.32928260
0.41290536
0.13824731
0.29368427
0.43081023
0.44222755
0.32045875
0.20211094
0.40772171
0.40542083
0.12510532
0.42826036
0.28816053
0.40981131
0.22342454
0.44971687
0.46406381
0.44656428
0.47236292
0.20122344
0.45226009
0.21950104
0.40735549
0.42146097
0.43028443
0.42263968
0.32940298
0.38160129
0.25481891
0.20637125
0.46739562
0.39489910
0.26070855
0.41259112
0.37106851
0.36863431
0.16638128
0.19244585
0.49294892
0.24871919
0.43928737
0.24328737
0.43106093
0.48792156
0.29973452
0.42008145
0.47100768
0.46596794
0.43583895
0.38710934
0.44969609
0.57265730
0.33425854
0.43158664
0.24986958
0.43691987
0.38743877
0.35040467
0.36618602
0.12894904
0.34907976
0.37011696
0.16219173
0.40808328
0.41527144
0.49653532
0.23442251
0.42465367
0.49934643
0.26279390
0.04609817
0.49635044
0.44195494
0.36214973
0.44589072
0.45746092
0.42417172
0.47782891
0.28696357
0.31819660
0.30363850
0.19882548
0.20314640
0.44545896
0.39684602
0.26666058
0.38194659
0.36011841
0.44677328
0.49673422
0.37708805
0.44388606
0.52358467
0.39925207
0.27953475
0.37915197
0.37191293
0.28713658
0.25961927
0.35171982
0.23946779
0.34395295
0.35994366
0.10839580
0.10516922
0.43957121
0.47526483
0.42074467
0.05508849
0.13007730
0.26420969
0.32648344
0.40621946
0.31629712
0.05880754
0.46904758
0.37081395
0.19940854
0.43698975
0.48402902
0.35745714
0.47755350
0.31612932
0.46605489
0.52551990
0.45658208
0.46758230
0.32511429
0.44902868
0.18840214
0.54453511
0.51576242
0.31435110
0.42608405
0.33759282
0.47066581
0.27599091
0.34189195
0.46626700
0.45214948
0.15668605
0.47862700
0.37635887
0.46459566
0.38971591
0.19877316
0.42045550
0.35244589
0.47858705
0.43497954
0.46750143
0.43100253
0.39966787
0.34214939
0.39207261
0.38895849
0.46695647
0.46612013
0.20003962
0.38793663
0.36729622
0.37171168
0.46075047
0.40282192
0.32748115
0.22875438
0.14989371
0.46419188
0.39885518
0.44998278
0.37837661
0.48819334
0.20284482
0.33848386
0.46865974
0.48539313
0.35300044
0.41805539
0.10119240
0.17101963
0.26709093
0.35023096
0.35047647
0.48758458
0.41197631
0.43260751
0.42008075
0.44273373
0.47785704
0.38657183
0.53523087
0.40606116
0.32589066
0.35360340
0.34600246
0.31823023
0.46799497
0.37764961
0.45966854
0.38123667
0.41878467
0.46483664
0.44378690
0.12025440
0.36016012
0.33713514
0.39403686
0.46536847
0.50687968
0.45972749
0.39207377
0.14935586
0.34014323
0.45111640
0.50402172
0.46148282
0.49093972
0.18211006
0.48846327
0.46248229
0.48433330
0.47287635
0.39568802
0.44978174
0.20043891
0.36688571
0.43414151
0.16169990
0.44173299
0.31446987
0.46312077
0.51795281
0.33927324
0.43089573
0.23086054
0.31258542
0.33378042
0.31618059
0.40108105
0.21391188
0.46451499
0.45865663
0.29000401
0.35704300
0.28946794
0.44597649
0.47062220
0.30170734
0.49865813
0.15924128
0.29992997
0.05279135
0.43945473
0.17214607
0.21779568
0.39638895
0.16396776
0.35901570
0.47031268
0.36845428
0.35611231
0.33558032
0.26560751
0.38022449
0.27286870
0.34357199
0.23688245
0.45766093
0.26410189
0.47200389
0.42019872
0.41675299
0.44772255
0.38981811
0.51025693
0.42175099
0.43166324
0.37533517
0.19183659
0.46195078
0.42077350
0.25377994
0.36448926
0.32262128
0.23223082
0.44974490
0.48026801
0.38913600
0.42532103
0.21099877
0.37876129
0.48666758
0.21343319
0.40818116
0.37336158
0.49712734
0.08806921
0.43298210
0.42471393
0.37304976
0.40854652
0.37726512
0.45118537
0.42336518
0.24268985
0.39681111
0.43361632
0.45481807
0.43865508
0.41575823
0.30108760
0.26486190
0.51525780
0.24281169
0.51091088
0.15474387
0.35995547
0.33992349
0.32561371
0.45850147
0.13448674
0.44947983
0.39566979
0.31147986
0.20070593
0.42197526
0.22771636
0.42821386
0.47909474
0.50767101
0.36809784
0.29046713
0.35370901
0.35086979
0.40858970
0.44005288
0.23720279
0.38798383
0.39384403
0.48767392
0.32842383
0.32436949
0.36174623
0.48570063
0.23605653
0.38416667
0.15481457
0.46717656
0.40645111
0.38575514
0.43228432
0.38240911
0.26076214
0.09289844
0.47270369
0.34866885
0.42415677
0.19468545
0.41627494
0.19468679
0.44243286
0.22125372
0.23854889
0.40085969
0.38327405
0.45147587
0.27108884
0.26509747
0.41415047
0.34203173
0.48037327
0.26886442
0.47682385
0.34241625
0.49194706
0.25835146
0.47729153
0.41100099
0.50822933
0.06203489
0.44454183
0.50893068
0.33585997
0.48219082
0.44950941
0.30875620
0.39759247
0.34242219
0.42067212
0.19096870
0.42641892
0.26433838
0.45563147
0.28249193
0.44275751
0.33499750
0.35101785
0.41642316
0.23721863
0.37815668
0.40568895
0.42551506
0.33460537
0.46502547
0.47321886
0.42503450
0.36304094
0.28718925
0.47570451
0.10591873
0.17944790
0.42859033
0.48456433
0.41980307
0.12056503
0.16127299
0.49133603
0.31001022
0.15709466
0.45756343
0.29348445
0.26147172
0.48596700
0.12334612
0.31541995
0.49062708
0.31983011
0.45846877
0.16648971
0.20910736
0.40152911
0.44437605
0.41554222
0.32779391
0.27313235
0.21671032
0.46706051
0.36221123
0.43617190
0.30559464
0.27520473
0.40916708
0.31136148
0.41750718
0.46824042
0.24588541
0.38905132
0.39293774
0.29015712
0.38042541
0.53671147
0.52536755
0.21335420
0.11788441
0.43476577
0.48280658
0.12823603
0.40975839
0.37812695
0.51909865
0.36149798
0.26363580
0.39196526
0.46908003
0.19382587
0.50759295
0.40552663
0.11144067
0.34387047
0.41872446
0.40369433
0.47257027
0.28418755
0.49963009
0.01205013
0.35568643
0.42018281
0.03166641
0.54823561
0.41268408
0.53620978
0.43284316
0.42337983
0.44087600
0.24540130
0.29874138
0.25160480
0.16529492
0.45614135
0.23204526
0.40318593
0.38480190
0.05871314
0.43763919
0.43379716
0.46104900
0.46630460
0.27944871
0.26768537
0.42478266
0.36731112
0.24262830
0.42146223
0.38821561
0.49716297
0.45296224
0.41548778
0.51180406
0.43146164
0.36797176
0.47804185
0.51072198
0.49675161
0.35021801
0.44471487
0.41568678
0.41227156
0.42571943
0.36909705
0.40886644
0.47597735
0.11625285
0.52484318
0.48865316
0.06757078
0.40853672
0.47557492
0.16043108
0.41629826
0.37017658
0.26505244
0.31298673
0.12996364
0.40083766
0.40159595
0.43588704
0.18726997
0.36451630
0.47976489
0.39570465
0.08738562
0.45066404
0.16550051
0.44705381
0.42632580
0.34696314
0.46903970
0.49686906
0.29702712
0.31340861
0.35511330
0.52281850
0.25943376
0.51332692
0.48659741
0.47517327
0.35097677
0.22004409
0.36278911
0.25463435
0.38033584
0.42040608
0.28908800
0.31041495
0.42463599
0.31394336
0.30370477
0.44765760
0.14548710
0.28324414
0.36084612
0.51787683
0.21021770
0.32658114
0.48016121
0.39043023
0.43816779
0.39545361
0.34324135
0.49964717
0.40374256
0.40862478
0.45038898
0.20755369
0.41150730
0.12530101
0.23001847
0.50599337
0.33171172
0.46757312
0.23973359
0.36302710
0.42509105
0.47437686
0.44617201
0.35314357
0.51000886
0.27199577
0.45626348
0.31684163
0.20668310
0.46442654
0.45057451
0.40293955
0.40207691
0.08540273
0.48467058
0.40587701
0.49652515
0.35285833
0.32088429
0.29585661
0.39943975
0.40555226
0.27348046
0.34552875
0.34190687
0.46490607
0.33049041
0.13887321
0.33420473
0.26800979
0.45335937
0.21690451
0.41345356
0.50002487
0.39920852
0.31098583
0.43113520
0.32230109
0.37942215
0.39355331
0.48096663
0.25157675
0.47614851
0.30669991
0.48311347
0.45332360
0.41058929
0.31239353
0.23792777
0.29781514
0.18002587
0.30600635
0.39580990
0.35909835
0.38865623
0.44391790
0.49514787
0.38251438
0.45231251
0.43838570
0.46362789
0.37845956
0.41798691
0.45454939
0.33662915
0.49725733
0.46603101
0.24721943
0.30380521
0.41480197
0.39207973
0.45477771
0.09003698
0.27816440
0.31604637
0.38215009
0.46182424
0.43729816
0.36146944
0.44042597
0.52142464
0.45819438
0.20300040
0.40890999
0.37966974
0.43098351
0.15484144
0.32312395
0.42498077
0.44778051
0.48050156
0.18741399
0.43806698
0.43063739
0.45721821
0.45956999
0.26404294
0.39168941
0.22433209
0.37264959
0.48620314
0.45898460
0.45215982
0.27297949
0.32776564
0.41357829
0.16159194
0.48902355
0.44543482
0.20270645
0.13806455
0.45346197
0.49892138
0.31601346
0.37850270
0.14130216
0.40326073
0.49594151
0.36756025
0.23734076
0.39972293
0.24948717
0.48718894
0.52906060
0.46947011
0.39578045
0.45182751
0.37505419
0.31675722
0.36827770
0.28719475
0.28456929
0.36104884
0.14828585
0.50193547
0.32545343
0.48577277
0.35816849
0.48635634
0.39303789
0.43627923
0.49459173
0.43122451
0.25341256
0.33361456
0.42391485
0.42573217
0.32098892
0.19243749
0.44294763
0.45998125
0.22438865
0.36224460
0.41399968
0.41095054
0.34209334
0.53643488
0.28399362
0.40914890
0.46202821
0.27507808
0.43058157
0.41130799
0.27819646
0.40219214
0.25835701
0.28429129
0.47269945
0.33941999
0.37092309
0.47019051
0.28970103
0.11071608
0.39975496
0.49168969
0.38733612
0.48771577
0.10048812
0.39753222
0.43409257
0.46334109
0.24228701
0.41020949
0.20010363
0.36660234
0.33290427
0.26960010
0.46840692
0.35238973
0.35056272
0.43536853
0.35181865
0.25750428
0.45885746
0.51075675
0.10464905
0.20646105
0.14509932
0.08663833
0.46925936
0.48672078
0.43085061
0.28570192
0.28538258
0.26576686
0.17557204
0.38541191
0.28332328
0.36743063
0.39705916
0.44456218
0.52513721
0.14121718
0.28726579
0.33348148
0.24378097
0.46946702
0.44171400
0.40288922
0.45344751
0.44546138
0.18259721
0.45533674
0.50232467
0.44833507
0.42541601
0.25998815
0.21000336
0.39177212
0.24026124
0.34507799
0.36675414
0.40723247
0.11447988
0.28751679
0.38681178
0.24853183
0.36259958
0.39570766
0.45535128
0.33082741
0.43383384
0.39579441
0.08852562
0.37443878
0.31027114
0.43085218
0.31282308
0.26273202
0.50973029
0.32080280
0.41069110
0.38094806
0.35281311
0.39957551
0.43107785
0.15481795
0.47752207
0.37403444
0.48901795
0.44730294
0.26186368
0.44581123
0.25481895
0.49238265
0.43224844
0.36085613
0.46802755
0.26582603
0.02211185
0.50416918
0.42923071
0.29315194
0.33764943
0.14806399
0.39258918
0.39786826
0.36843311
0.31785163
0.23407116
0.43857248
0.43946638
0.49920690
0.51834736
0.33320223
0.37129799
0.48853267
0.32084606
0.43407061
0.48324194
0.04206522
0.36548541
0.40916623
0.45097682
0.50206833
0.37473281
0.42264166
0.52079068
0.45663061
0.40998546
0.19959557
0.32274949
0.41977160
0.40927276
0.39714229
0.51882521
0.24583222
0.42519727
0.32534330
0.52547698
0.51258951
0.30318008
0.45315114
0.34565116
0.02865683
0.38683112
0.41167453
0.40331506
0.44226685
0.37315747
0.31148285
0.36806593
0.42668052
0.13205300
0.41310902
0.49261628
0.02105224
0.36628934
0.37393621
0.43065318
0.35402551
0.34229383
0.43395744
0.41251563
0.36367019
0.47109467
0.31393033
0.43160461
0.47008843
0.27397710
0.40470632
0.26723000
0.33977244
0.43017429
0.37093386
0.43700836
0.48024016
0.45085457
0.36878837
0.46502515
0.19924452
0.29618348
0.34935636
0.42086014
0.44768033
0.33123863
0.42918324
0.42223402
0.32412167
0.39090246
0.35465647
0.43507432
0.48131471
0.24733160
0.27217114
0.41917291
0.38436918
0.36041051
0.46575993
0.45982574
0.32522104
0.40707084
0.41172440
0.46211004
0.36428587
0.24009500
0.40042439
0.41459264
0.44558701
0.41960979
0.40470730
0.46659369
0.37631032
0.08872679
0.34666095
0.24659877
0.49133112
0.34568486
0.26799438
0.21367799
0.46902975
0.26616690
0.23004894
0.34328031
0.48718863
0.33154399
0.34708192
0.50796831
0.40019947
0.28415421
0.27022124
0.38611606
0.48711959
0.41229332
0.57259992
0.37550358
0.44382481
0.42784686
0.15821874
0.48648473
0.45446600
0.51011023
0.44225271
0.21209517
0.30917811
0.13225305
0.42132151
0.30350526
0.46832480
0.37381914
0.28711758
0.46640355
0.26003676
0.48862398
0.33111526
0.41608510
0.33419094
0.40823990
0.42530379
0.41954180
0.23183410
0.47838960
0.42318028
0.22813711
0.46348323
0.29559804
0.26153450
0.47064506
0.25666449
0.35704746
0.42327129
0.46464672
0.37883364
0.30265814
0.35932414
0.40191058
0.54851222
0.25642440
0.49321950
0.33941403
0.41539222
0.39868938
0.36408476
0.34119244
0.42100632
0.15773146
0.50120241
0.44852448
0.18201367
0.44019449
0.21107403
0.23664944
0.44063991
0.47583587
0.42232647
0.46433140
0.39588722
0.26365765
0.54736494
0.44841291
0.44291844
0.33571683
0.09990317
0.29634408
0.49401034
0.47525650
0.51723905
0.47170996
0.32062236
0.15328693
0.37957641
0.28636382
0.36899794
0.40912620
0.19320809
0.48149838
0.41867927
0.40761607
0.45027739
0.45717152
0.52187208
0.34557443
0.47020768
0.39653710
0.27388704
0.41918244
0.46321771
0.50124836
0.42747782
0.44665057
0.35904055
0.50632992
0.46933556
0.22143215
0.51470977
0.36932926
0.43946470
0.46725044
0.44045335
0.48214682
0.35402987
0.32302169
0.28353550
0.35913438
0.13354728
0.53835141
0.38046392
0.39807132
0.36203596
0.36172957
0.34724569
0.45708405
0.44901214
0.39384882
0.26064648
0.53737168
0.43560575
0.33328679
0.33422789
0.23788660
0.45960828
0.35907823
0.35795752
0.00368811
0.37146716
0.23032019
0.47519650
0.10888819
0.14991520
0.49691985
0.47090811
0.43165531
0.44184916
0.41940977
0.41699596
0.40468451
0.41552498
0.39854967
0.42086560
0.39468771
0.20781013
0.39643994
0.43054417
0.36356341
0.47514342
0.52794813
0.44501211
0.50806133
0.20638311
0.40988472
0.44608654
0.22767047
0.40945044
0.12458286
0.49832246
0.45889642
0.41403588
0.53926740
0.28404101
0.37488950
0.41357763
0.35738760
0.46284626
0.47180406
0.41600672
0.34077769
0.37324847
0.21651855
0.37657124
0.09471199
0.44907971
0.48976429
0.37050745
0.31803773
0.42937811
0.38019902
0.09764618
0.43443533
0.16886728
0.29408503
0.43402383
0.39454058
0.43496098
0.34252424
0.23501755
0.27314092
0.45421713
0.28331823
0.35279319
0.46011453
0.37784181
0.35254154
0.18941394
0.37213998
0.46884105
0.16746838
0.54317306
0.22671636
0.31446243
0.27973579
0.38100654
0.43436888
0.44297873
0.35833823
0.38145513
0.46206169
0.40848745
0.45310292
0.37226973
0.45868902
0.48291719
0.44801842
0.41531673
0.43036899
0.34713802
0.04598808
0.41136902
0.44631153
0.30890662
0.38094755
0.33072322
0.43778143
0.42802116
0.29278534
0.43867042
0.44438140
0.30504048
0.28368642
0.38407830
0.42921306
0.48714452
0.46733426
0.39086592
0.38318081
0.52104744
0.48155691
0.44768451
0.42587914
0.42691902
0.48819085
0.38562818
0.45686636
0.43920849
0.45093743
0.46085511
0.13999745
0.06152666
0.10357253
0.41460359
0.47630467
0.35705032
0.45677453
0.46001616
0.12507712
0.30148986
0.40093480
0.42447567
0.37131557
0.27300530
0.50561322
0.46600655
0.34959829
0.47364943
0.45289714
0.37014784
0.35715318
0.12291453
0.03260070
0.50209107
0.35823140
0.47493883
0.40271485
0.46693952
0.33411816
0.31438495
0.20483120
0.48829808
0.41686276
0.33490756
0.45737336
0.41961279
0.49036457
0.37440613
0.34919072
0.22010029
0.48579740
0.15892428
0.24993665
0.55194872
0.13415783
0.10092333
0.22253176
0.48477425
0.40670829
0.37764934
0.29201071
0.38551404
0.40772596
0.49262916
0.38381773
0.40104601
0.28035319
0.48149035
0.04478913
0.45087824
0.48109446
0.33674358
0.47394262
0.43186200
0.43806187
0.46896956
0.23129147
0.35832765
0.35417785
0.40931034
0.21635508
0.48489997
0.45439530
0.33446850
0.45808606
0.28705454
0.43322071
0.13196491
0.37515843
0.46565181
0.04715194
0.33049351
0.45172124
0.33766829
0.39767896
0.39269522
0.41427456
0.18816378
0.37197171
0.22347506
0.41029569
0.29610121
0.51343483
0.45229420
0.40972271
0.49431432
0.22616200
0.30476963
0.46900966
0.43111711
0.48958871
0.38909608
0.35322388
0.50560262
0.40907464
0.54804719
0.36270053
0.49683465
0.39780549
0.47560833
0.35092927
0.41058660
0.18467636
0.33038571
0.29620459
0.45757274
0.41718427
0.35924701
0.20092206
0.40461130
0.53380869
0.35879240
0.32465624
0.36888662
0.12080136
0.39009423
0.45216822
0.45385756
0.44142624
0.15676467
0.37507054
0.32926174
0.23087871
0.43235960
0.38261872
0.13436880
0.38967477
0.40329403
0.47192194
0.27017782
0.45438910
0.28302660
0.38891379
0.26197420
0.39086052
0.43565356
0.50511858
0.39092728
0.47884794
0.51093932
0.50296501
0.30893028
0.44498747
0.13375575
0.39410905
0.45236868
0.35164782
0.46643289
0.46136522
0.42275946
0.32509618
0.48252216
0.49125764
0.38933345
0.44163087
0.52400217
0.21770456
0.18659782
0.21843761
0.41278891
0.47837298
0.11819323
0.40886829
0.29265667
0.37083802
0.12531927
0.43104472
0.42921397
0.00918386
0.24318110
0.46804047
0.47150680
0.45242777
0.25872137
0.45243388
0.24947626
0.47596445
0.35293730
0.43231664
0.42849283
0.38673365
0.34206705
0.45438363
0.45992113
0.35240634
0.47623606
0.34590519
0.54281926
0.47717100
0.47556033
0.34195988
0.46499606
0.47633809
0.45188201
0.43764896
0.34603339
0.48770751
0.39578260
0.52744748
0.49271720
0.16373393
0.22428563
0.18369412
0.37605049
0.43420031
0.31494313
0.52118019
0.36483025
0.41415734
0.47319546
0.34286468
0.17205565
0.47849099
0.33345706
0.41576145
0.40610931
0.39932337
0.36209663
0.06108218
0.04754709
0.30477754
0.37724325
0.21190412
0.40416906
0.40515559
0.07027395
0.21909622
0.42510532
0.37409018
0.32570772
0.20198918
0.41112290
0.20458883
0.33737186
0.38740689
0.43028446
0.37892461
0.45035226
0.36686740
0.45539799
0.40549172
0.47626374
0.14033569
0.48955288
0.41819945
0.31437893
0.42648462
0.32544339
0.13422218
0.06988777
0.25510067
0.44469528
0.50370796
0.47352829
0.11836456
0.32095094
0.44656533
0.44709764
0.04631218
0.44198853
0.39925771
0.35495443
0.37029761
0.33700776
0.19328604
0.29906012
0.49506454
0.44189263
0.41524966
0.16508536
0.45735786
0.33241146
0.46663218
0.35094738
0.45628955
0.36872995
0.30747908
0.43081933
0.44555415
0.29733496
0.49202081
0.27399330
0.19420920
0.26388723
0.33767465
0.38003121
0.43436672
0.32932386
0.34284463
0.42702646
0.11673519
0.17215262
0.45477720
0.16957598
0.35199540
0.41269348
0.35840162
0.24509504
0.32279328
0.08171170
0.46321932
0.41758532
0.25619375
0.35786371
0.45660193
0.27164823
0.36615178
0.46243684
0.38212240
0.41724396
0.37458451
0.42559238
0.20888788
0.39497686
0.51627357
0.23316926
0.34677731
0.45242536
0.42120097
0.45484821
0.26162079
0.45450458
0.36584628
0.41147242
0.05731108
0.51156738
0.46870759
0.50183832
0.47051244
0.42238838
0.36541394
0.34613832
0.44000429
0.43351140
0.53973525
0.34695973
0.47921825
0.24882543
0.35235029
0.35928166
0.47628416
0.28861011
0.43306378
0.43171781
0.48058598
0.33264325
0.17351363
0.28895654
0.45855465
0.35597648
0.31291881
0.41311047
0.36956691
0.07372070
0.38316580
0.52170210
0.21845831
0.34091033
0.40794728
0.15975620
0.35924975
0.13681999
0.35430208
0.46066747
0.36065054
0.42848032
0.32352660
0.33603813
0.36985320
0.47249637
0.34096915
0.40502232
0.43038416
0.28277493
0.35838314
0.45151369
0.02819920
0.30528780
0.29180405
0.41464902
0.37435390
0.19927147
0.43037345
0.37764468
0.44218453
0.18784908
0.27261436
0.17346175
0.25618981
0.49631075
0.25310586
0.49132228
0.38771505
0.46067634
0.32526186
0.22886621
0.45777464
0.31592099
0.27558644
0.26408600
0.34229159
0.27117447
0.34060641
0.43941529
0.39293919
0.43894652
0.20931804
0.28841224
0.45743388
0.37437421
0.42606818
0.42140559
0.12320825
0.13966662
0.45158566
0.27435553
0.10651265
0.22481134
0.39380027
0.11263589
0.51098538
0.03266309
0.36841708
0.39720927
0.45265933
0.44933261
0.54110014
0.43758799
0.37100460
0.35919472
0.38530989
0.11992503
0.33850338
0.40309263
0.43631623
0.46213661
0.38060210
0.40806751
0.38771547
0.42818215
0.48195640
0.38220043
0.34360680
0.44662099
0.45279646
0.46140974
0.39453154
0.30244094
0.39413216
0.36353522
0.34505944
0.44773468
0.43163204
0.44910073
0.09303969
0.42310274
0.44129565
0.14057349
0.31509628
0.40913360
0.50714148
0.38641090
0.42100299
0.49039523
0.27772542
0.33449630
0.06896256
0.47060909
0.47979621
0.03581494
0.19956171
0.35240536
0.36476999
0.50843306
0.20809400
0.39825777
0.33282850
0.44469535
0.46575649
0.31680141
0.51586876
0.48140771
0.36463118
0.27183701
0.33381597
0.46010323
0.21249945
0.53867657
0.47743517
0.36644029
0.32725489
0.41679804
0.47302084
0.34835231
0.05353464
0.27813930
0.43457938
0.45470363
0.26242008
0.42168445
0.44940424
0.39502759
0.40733621
0.52538000
0.47100470
0.32874299
0.26537910
0.44561607
0.48467356
0.46461977
0.28711090
0.38497306
0.36770891
0.29479727
0.13697725
0.46032494
0.48560615
0.31846321
0.45143134
0.42942811
0.30512566
0.45297840
0.33186287
0.11312399
0.40021060
0.40766824
0.44244571
0.46348647
0.39041747
0.46073436
0.36339903
0.47402654
0.29431327
0.26296500
0.35843547
0.36326376
0.40237007
0.40742314
0.06541180
0.39319661
0.35902734
0.49341613
0.41589937
0.42783074
0.50385198
0.24838212
0.43950014
0.50293775
0.31115481
0.50341648
0.49347108
0.30450558
0.10173879
0.48296115
0.44143820
0.46694363
0.40408064
0.22959532
0.39187613
0.21797358
0.44760412
0.16485097
0.15754337
0.39578391
0.30559531
0.37306325
0.45274987
0.35374270
0.46630841
0.31682541
0.47393165
0.30334928
0.30602546
0.37784985
0.39273646
0.51026069
0.47854538
0.02813290
0.50129229
0.39732962
0.40276862
0.35263268
0.37651750
0.36408857
0.41416302
0.27095554
0.34980164
0.20609175
0.43487343
0.46685185
0.38016461
0.25122233
0.44262181
0.25892066
0.41675257
0.33772700
0.04084080
0.42264319
0.36013019
0.34295121
0.43750380
0.13612622
0.15744078
0.06033701
0.37396899
0.44998215
0.25034088
0.30433858
0.41020180
0.38253944
0.43409528
0.45083505
0.41230020
0.46070878
0.49086516
0.36512158
0.54158852
0.33730702
0.21638722
0.30619096
0.42931349
0.42155655
0.34049571
0.37541414
0.28905640
0.28092073
0.40160510
0.38516325
0.50623589
0.41768242
0.36113925
0.45719807
0.36868776
0.26188721
0.46614025
0.36748935
0.45595718
0.16720691
0.43382052
0.33572932
0.45295393
0.32063978
0.43742058
0.49860153
0.13432086
0.33621856
0.20092558
0.40240866
0.39573822
0.50755683
0.47782378
0.48716938
0.47144608
0.42341227
0.40311557
0.29248857
0.43331331
0.48258761
0.42200432
0.15030460
0.39814251
0.49918780
0.32233594
0.45227235
0.44064656
0.25376084
0.34105560
0.35976418
0.40447300
0.45184752
0.39818134
0.46025410
0.23026841
0.40317082
0.40799379
0.35844741
0.46999263
0.47818573
0.28522567
0.22754792
0.32720047
0.45822775
0.45188776
0.40326145
0.39335572
0.32560603
0.43693717
0.37053759
0.35887166
0.10234035
0.48527593
0.43145483
0.53235087
0.44165123
0.42990053
0.44966019
0.34943052
0.43755985
0.48933063
0.47596476
0.35052962
0.44863687
0.41425769
0.35207154
0.35773540
0.44134908
0.40033257
0.30418538
0.49224402
0.35215850
0.48792638
0.43550926
0.24466230
0.39725331
0.42278489
0.53069127
0.16212103
0.31837935
0.16615875
0.35275770
0.43611083
0.20274392
0.26503081
0.43065030
0.24808479
0.48971738
0.42931558
0.46625383
0.44693279
0.48318048
0.26405575
0.41318395
0.35630321
0.43971312
0.21019278
0.26858986
0.42413067
0.39924207
0.49832103
0.29654889
0.19364185
0.48027912
0.46540769
0.38948069
0.24773474
0.31279371
0.38008568
0.28324184
0.35647212
0.41250537
0.40734447
0.23645420
0.33443519
0.53638699
0.40303819
0.28247504
0.51532818
0.39400212
0.38968279
0.46981798
0.40895425
0.37448922
0.23783147
0.17910317
0.13915432
0.20073485
0.41921523
0.43356327
0.30882393
0.46583880
0.47081020
0.46146315
0.48563980
0.29493834
0.52012149
0.43401140
0.32784245
0.36095051
0.41131445
0.44072185
0.53106116
0.15690530
0.48827349
0.45607254
0.13171087
0.18097014
0.43349774
0.19824711
0.41337339
0.41523167
0.34233554
0.04027489
0.46841839
0.33137801
0.10045248
0.45790458
0.38029116
0.46976801
0.44144857
0.45387194
0.36096976
0.35028290
0.44999552
0.37789916
0.42060389
0.35239784
0.47967929
0.17575370
0.46064954
0.09082416
0.43464859
0.41015847
0.36090828
0.19496444
0.17111594
0.32404255
0.48027534
0.40770452
0.27029689
0.41421959
0.35111408
0.21690219
0.43970073
0.41987691
0.34374551
0.27580820
0.41103655
0.41012206
0.17048416
0.27367341
0.49690809
0.48015179
0.37597499
0.42202321
0.49115022
0.38987614
0.26844095
0.40344004
0.40579376
0.50459488
0.35478095
0.36855039
0.40313978
0.15405947
0.33111571
0.26021245
0.49909032
0.44927124
0.36782794
0.45610164
0.45076872
0.27379358
0.47588275
0.42813494
0.22609935
0.40924177
0.45713097
0.42492559
0.22755119
0.48845954
0.50164070
0.38885287
0.38998995
0.36938287
0.28308120
0.44626179
0.44696165
0.45854802
0.43923123
0.25547091
0.48883505
0.43365870
0.43970956
0.38542351
0.32088719
0.37875647
0.31804583
0.58469086
0.42831287
0.32315619
0.15173674
0.45226574
0.44375655
0.41977191
0.06143362
0.46016687
0.41591826
0.23522952
0.38658175
0.36968336
0.32261401
0.25138710
0.47768445
0.40950669
0.31728497
0.42141182
0.36982500
0.27961344
0.46941567
0.13533946
0.07780041
0.42461528
0.45527429
0.42156067
0.42701760
0.28669538
0.57485808
0.44290451
0.45303628
0.49201688
0.38302792
0.35678978
0.15608226
0.49727061
0.17460869
0.38503984
0.40479841
0.37381795
0.40493982
0.26957381
0.28107098
0.44326357
0.30762477
0.19189179
0.38281570
0.43640876
0.10096504
0.44455970
0.49210306
0.34622181
0.50155805
0.37651204
0.45143929
0.41463450
0.19227604
0.35946784
0.44122393
0.46885988
0.47858949
0.42805510
0.39965839
0.45977510
0.28257831
0.37322442
0.36874927
0.40843853
0.52528896
0.17328391
0.32243457
0.49218445
0.30377363
0.39629104
0.41803710
0.21002088
0.44483988
0.29745988
0.43875594
0.33637938
0.50522432
0.12643856
0.08743465
0.42609083
0.15811921
0.45555982
0.42339632
0.42951548
0.37236756
0.36458580
0.48521654
0.45744373
0.40416232
0.18141171
0.44719639
0.14993968
0.34359016
0.46191496
0.35430522
0.01798521
0.48718862
0.48263209
0.10110332
0.28785819
0.41925925
0.41239921
0.41302021
0.37786219
0.32998127
0.26765894
0.42626746
0.24312823
0.55313622
0.46362475
0.35030524
0.39920469
0.48351150
0.42800478
0.06099368
0.33899667
0.37344593
0.43494091
0.43745209
0.42817084
0.52111909
0.46222224
0.42999051
0.40322189
0.26578058
0.41654581
0.51242900
0.45833639
0.43165356
0.43699279
0.24198299
0.34697884
0.38525936
0.45363261
0.38846327
0.29560862
0.42286623
0.36872715
0.37700658
0.22688517
0.26795858
0.13640164
0.30884558
0.32516205
0.36874686
0.35410228
0.27183995
0.48621256
0.45741114
0.05184652
0.38585158
0.53063224
0.17383658
0.47298100
0.47546839
0.45733700
0.49410485
0.43503345
0.41385002
0.32346223
0.14732231
0.38730794
0.30667282
0.31266996
0.36774407
0.37223491
0.35543607
0.43062648
0.48640132
0.41397067
0.32525225
0.39168119
0.45009503
0.37441737
0.43972288
0.49288019
0.33876745
0.25641459
0.16563967
0.39230719
0.47370926
0.22891988
0.38182975
0.09644875
0.45941358
0.44120784
0.48379766
0.42129214
0.38382140
0.37724363
0.32979511
0.47707643
0.40135964
0.38417992
0.38648501
0.46042944
0.45995484
0.48289849
0.50028113
0.13442202
0.40873114
0.42496807
0.31755464
0.34029768
0.26037483
0.45642006
0.43855014
0.41418038
0.50721096
0.48082040
0.33929257
0.10954130
0.41266844
0.39437266
0.36595871
0.38845219
0.49583414
0.29033111
0.33537008
0.36090683
0.27807317
0.18911950
0.35628568
0.36085196
0.43333424
0.39152262
0.52944079
0.30555386
0.29813093
0.47692276
0.52280021
0.45366555
0.45092423
0.44083639
0.41372688
0.32681838
0.35046686
0.33593093
0.46543594
0.36051265
0.36004459
0.40389687
0.46010492
0.30206372
0.39085837
0.53368779
0.40051446
0.38202241
0.43797778
0.42777381
0.47327442
0.40124604
0.41021159
0.32596006
0.14752547
0.39522449
0.37370152
0.32528417
0.47759295
0.46335419
0.24353452
0.30244205
0.48892911
0.32300414
0.37859101
0.26100958
0.29909886
0.52175140
0.32513011
0.39934610
0.45589574
0.37984674
0.44515082
0.30324292
0.38019832
0.52302914
0.40950734
0.28811970
0.17023907
0.20649302
0.13210328
0.39443732
0.25836093
0.27327944
0.36248534
0.41723891
0.37722377
0.10819775
0.38921900
0.06144593
0.39000527
0.28140944
0.36251915
0.47449524
0.45098031
0.29424650
0.21315556
0.29730216
0.47233090
0.41671252
0.32393134
0.42953871
0.24731165
0.21996171
0.33201472
0.44908483
0.22775295
0.16969570
0.39597156
0.40028559
0.48584936
0.39811784
0.44425109
0.31816366
0.35056384
0.36698337
0.38523122
0.39194283
0.43570664
0.48956874
0.42045367
0.34347312
0.40437659
0.44334185
0.35508256
0.42565981
0.25401588
0.09431061
0.18832852
0.23637011
0.20064830
0.13469203
0.49660730
0.46741004
0.29554875
0.25478349
0.46962288
0.37655150
0.48744237
0.41838574
0.21338531
0.43478750
0.13861375
0.44518343
0.23581038
0.44441868
0.48438690
0.40407408
0.47491131
0.42031029
0.31152636
0.36232033
0.36696754
0.20405247
0.43050249
0.42443971
0.45849448
0.47003451
0.50608642
0.33129580
0.43311156
0.25571637
0.16442156
0.39020631
0.17840584
0.36177297
0.32249246
0.49063594
0.45963845
0.50038495
0.46434067
0.24954484
0.31817711
0.30051207
0.46693036
0.34935017
0.40733983
0.48468534
0.41749304
0.37002997
0.44890906
0.39179743
0.34917470
0.31900209
0.21958999
0.47053037
0.20271532
0.04658601
0.28361215
0.44243176
0.21879897
0.03940996
0.51033823
0.31198273
0.37066491
0.27921370
0.15486393
0.35742301
0.44910497
0.38785646
0.16490892
0.12170124
0.31138238
0.13052350
0.42845424
0.33003991
0.41370091
0.33873626
0.44585085
0.50146888
0.48260886
0.42277221
0.35133711
0.36180068
0.46767703
0.36859405
0.48101639
0.27034855
0.39331710
0.37451999
0.49448631
0.27561276
0.32926183
0.31727206
0.51527019
0.24887541
0.33064097
0.32546321
0.47902079
0.37969924
0.39383664
0.27646729
0.40275783
0.45851882
0.49503890
0.38768659
0.18367019
0.35856673
0.48498543
0.13806514
0.47151400
0.44020874
0.43604574
0.41724005
0.09318143
0.45070114
0.44172542
0.27305667
0.41713411
0.26664276
0.45297276
0.35604365
0.48838774
0.06264126
0.38051547
0.50353222
0.45624539
0.37310437
0.42469321
0.16618480
0.48947433
0.44857890
0.36439422
0.35623305
0.44037871
0.38666625
0.50381281
0.34016314
0.33550540
0.40077913
0.43430769
0.46943335
0.24481333
0.13777791
0.32419528
0.50414140
0.31814611
0.08200657
0.35525708
0.42403728
0.45957390
0.46151935
0.14677345
0.21260574
0.45546614
0.42496046
0.42615989
0.53783733
0.31167713
0.41519318
0.47559802
0.35197391
0.29495968
0.40823518
0.31463359
0.40568148
0.47720801
0.44318115
0.37755239
0.50302532
0.38319223
0.25962185
0.42847102
0.29719709
0.33245571
0.28482804
0.14549102
0.40420579
0.45032643
0.44075167
0.32856460
0.16759279
0.30338428
0.39899518
0.44943432
0.52179628
0.38979522
0.26795795
0.11942970
0.38556002
0.19891531
0.38581005
0.37658107
0.43756450
0.46708231
0.41247597
0.09863427
0.37803926
0.25232242
0.34690077
0.25039156
0.44390793
0.43509859
0.10782200
0.49827483
0.35469845
0.43407073
0.17562402
0.45849915
0.40411262
0.37405529
0.16311246
0.36926677
0.36900900
0.36998897
0.41871819
0.39700916
0.41311032
0.45918148
0.43433158
0.36207818
0.51721810
0.40212743
0.37633403
0.27756132
0.41129230
0.41778409
0.48796656
0.28231500
0.38050709
0.47927194
0.48522915
0.43258854
0.45557912
0.31165422
0.28240890
0.32716149
0.42342949
0.39773204
0.35696242
0.38304232
0.41648087
0.12791042
0.34140978
0.15261190
0.37309161
0.33831129
0.37230343
0.25547059
0.27809054
0.37628768
0.42371660
0.30709759
0.33465364
0.44131875
0.34301544
0.39875118
0.40290305
0.44405929
0.06787314
0.51469280
0.44204612
0.25386516
0.37197525
0.37566001
0.44112195
0.26957632
0.45333648
0.23443398
0.27167187
0.14190874
0.50596178
0.25121083
0.20753205
0.47117344
0.27282048
0.46434920
0.34778038
0.47590103
0.34407469
0.35324710
0.33496553
0.46560772
0.36714207
0.42585337
0.45449476
0.39336267
0.26299281
0.07181015
0.12796335
0.27675175
0.45570854
0.53018649
0.24713349
0.28932704
0.51059197
0.37069123
0.42437589
0.35894237
0.46454708
0.22374801
0.36837511
0.40857220
0.33455751
0.30252016
0.36067732
0.46111972
0.41274283
0.41791624
0.29609811
0.31488532
0.41518606
0.29364319
0.49608511
0.24302729
0.46200604
0.37847609
0.51451116
0.38451139
0.28079688
0.40105005
0.37357598
0.38523384
0.44615036
0.45845290
0.20778625
0.34074097
0.45805343
0.48649470
0.47409163
0.48454576
0.39263020
0.43229872
0.28970421
0.26301862
0.16015713
0.36487532
0.39948636
0.33189026
0.38986491
0.31824247
0.47601795
0.32549974
0.45434736
0.38827417
0.48512827
0.42108808
0.51222678
0.42772590
0.31764683
0.09824164
0.44619075
0.28925277
0.56171101
0.43446559
0.11662933
0.45127116
0.37623862
0.36752839
0.43933941
0.39806633
0.48101495
0.39698064
0.52096407
0.25002725
0.30553647
0.25772722
0.35754400
0.39878809
0.39537361
0.40031680
0.24358607
0.27353742
0.49078588
0.36190201
0.46964768
0.31430394
0.34328117
0.46469293
0.45890226
0.42623361
0.36888279
0.37057392
0.46587329
0.20285496
0.47362776
0.47904869
0.39607309
0.44972260
0.25969649
0.50100945
0.46049241
0.29844927
0.20069392
0.17359356
0.33606746
0.39727843
0.35507638
0.29608370
0.23695352
0.37838981
0.47153721
0.48597712
0.35803357
0.42185145
0.39546218
0.45066492
0.36043685
0.44100447
0.39806998
0.16460722
0.10516446
0.31703230
0.48956322
0.41366627
0.37310865
0.33973996
0.33635841
0.39019845
0.35141599
0.39195203
0.42235756
0.44772792
0.27726079
0.27917447
0.44280430
0.15670476
0.26691953
0.46812266
0.30125100
0.27831204
0.20984779
0.38753403
0.27209570
0.41931372
0.21748308
0.44165526
0.34977272
0.43115380
0.44340335
0.19027461
0.41464987
0.25807324
0.41532077
0.22057387
0.31606753
0.47578099
0.41955733
0.49093592
0.40478564
0.42449321
0.44679294
0.46848585
0.38920300
0.05648495
0.17792069
0.29203266
0.48485787
0.36948385
0.41203212
0.32319778
0.44513413
0.48282483
0.35187093
0.38742636
0.38677366
0.36836651
0.36607242
0.28845464
0.46189447
0.39633319
0.44821222
0.38371825
0.39588894
0.12737228
0.38804927
0.50996273
0.41342242
0.46629888
0.15553927
0.32792580
0.37360633
0.46646226
0.17226827
0.43551154
0.37753985
0.34761905
0.42255049
0.41169935
0.34360850
0.23103407
0.26989254
0.42725108
0.37513357
0.33602253
0.41139507
0.36812330
0.47003775
0.37477379
0.30823498
0.44063360
0.40477981
0.30700362
0.48539172
0.38775066
0.14571098
0.39572217
0.24636084
0.34368704
0.33977941
0.34736572
0.27310408
0.39628856
0.35615137
0.52778387
0.39693531
0.46413348
0.49460045
0.37525091
0.21412157
0.45536229
0.29312072
0.43034940
0.44480915
0.43216930
0.43440267
0.29533154
0.44620828
0.31561344
0.31609697
0.28037589
0.43512263
0.39205820
0.47907186
0.27407159
0.32123651
0.42681381
0.41138332
0.47224275
0.27268750
0.39439615
0.39555761
0.32480289
0.13605621
0.18287591
0.08605197
0.44114932
0.11204105
0.13454938
0.42389437
0.42868142
0.50605461
0.45397762
0.40412668
0.45710467
0.44236974
0.30947146
0.44711275
0.31174763
0.39333670
0.37100058
0.41115288
0.29155344
0.34664333
0.48676774
0.46414744
0.27848129
0.40683437
0.24670205
0.38365862
0.45459873
0.41818323
0.40247530
0.49055300
0.42966138
0.42593935
0.44956342
0.46779437
0.45875813
0.34286577
0.38654774
0.33336821
0.39144074
0.45531399
0.36679306
0.39888614
0.29207402
0.45400360
0.45355854
0.52102744
0.24912555
0.29757142
0.29524994
0.37599511
0.47202397
0.39896534
0.41235540
0.28381040
0.45412743
0.49999747
0.09845851
0.35710787
0.41848184
0.44905968
0.47056301
0.24568220
0.28388901
0.09392769
0.45937184
0.46331869
0.39403835
0.26799625
0.35552969
0.10410346
0.49187996
0.40946775
0.30530145
0.48715558
0.26926858
0.55153473
0.31810933
0.45301251
0.39274737
0.23673498
0.34007008
0.41145700
0.35397916
0.41284617
0.38202551
0.28820833
0.45010589
0.34099427
0.35628614
0.23352712
0.46081441
0.49873962
0.34329251
0.35121050
0.48824584
0.42817243
0.45488522
0.45781045
0.39919606
0.23991446
0.29649793
0.39707249
0.43540221
0.20275157
0.54217284
0.34451400
0.43564611
0.31338605
0.46509590
0.37750737
0.34209185
0.36544859
0.48119463
0.42178243
0.43528973
0.28818235
0.39003050
0.22802986
0.37424867
0.38964593
0.44410552
0.22586038
0.32372454
0.31539084
0.25899079
0.48033537
0.43141863
0.48268009
0.43874385
0.44573935
0.45371605
0.46488638
0.41700537
0.13464435
0.41567039
0.40591765
0.26980585
0.26174421
0.44411196
0.40734201
0.33015425
0.30147790
0.40236896
0.29400413
0.24366463
0.08224687
0.27796403
0.36968248
0.41818244
0.32827552
0.47835640
0.39224954
0.49667109
0.42401784
0.27506331
0.40501518
0.38055897
0.42397236
0.41021863
0.36459960
0.53250260
0.16728487
0.43461480
0.37707912
0.47367069
0.40334991
0.38843960
0.41422671
0.22381493
0.44140835
0.44992697
0.21558389
0.48023686
0.41443881
0.50261230
0.41022247
0.20368767
0.31468585
0.41390500
0.45200288
0.29023764
0.39140894
0.41806280
0.36067809
0.38036603
0.31805853
0.38131271
0.43976856
0.45628992
0.38332231
0.51306975
0.45894107
0.47104102
0.43612084
0.35188213
0.32934179
0.44949154
0.48355507
0.49315823
0.15601626
0.43473770
0.15286501
0.50818316
0.46071763
0.24380278
0.38979555
0.35916972
0.41201402
0.42308024
0.35210720
0.46236011
0.06315196
0.18067028
0.41099823
0.03846349
0.37521463
0.08638769
0.41654422
0.49875991
0.45207124
0.22569750
0.28958004
0.25623047
0.48688668
0.42689841
0.35949147
0.37065145
0.47356118
0.42742572
0.24657271
0.51802222
0.36532262
0.51632947
0.43749934
0.45997465
0.29506492
0.39293278
0.38657766
0.18681739
0.01845644
0.31717315
0.44177774
0.36019653
0.48964567
0.42996071
0.33954947
0.44353386
0.47411268
0.41606748
0.37700758
0.20343383
0.39419071
0.38540983
0.33848840
0.45087604
0.40864990
0.27142534
0.43449830
0.39974927
0.22518813
0.03532743
0.47569070
0.11984712
0.19555946
0.48957903
0.37442788
0.31949519
0.43311622
0.30954010
0.43728710
0.48573890
0.46016733
0.45834210
0.44084935
0.41926825
0.30388159
0.40826146
0.27822744
0.10468932
0.38464537
0.42081757
0.41404600
0.13943162
0.43723827
0.49501520
0.34491823
0.27557311
0.52669935
0.19488605
0.15987261
0.42330951
0.21641607
0.39795150
0.48298986
0.51838047
0.25266479
0.13812906
0.53003430
0.24621587
0.07543190
0.50830004
0.36636093
0.39904880
0.43504438
0.48280828
0.35992926
0.48508829
0.37299776
0.37410373
0.47471323
0.52827957
0.41541584
0.39449324
0.43303400
0.32835766
0.43979793
0.34192303
0.22438714
0.45759241
0.34372508
0.23922088
0.39462263
0.32101342
0.41632806
0.37513966
0.48037859
0.50883997
0.21957788
0.39986762
0.12076201
0.44049951
0.36790458
0.36655212
0.38629802
0.49131147
0.48696683
0.22343469
0.49240368
0.22098860
0.32941252
0.37153174
0.15202940
0.46562199
0.45930117
0.27922675
0.46835386
0.41676905
0.38960469
0.46776175
0.39795372
0.45790445
0.41783919
0.15853497
0.49367994
0.36106047
0.43957541
0.32312653
0.48275371
0.34732974
0.33304635
0.28518228
0.46538036
0.48613494
0.48487721
0.33609707
0.46207529
0.05466153
0.43817743
0.47096848
0.27500666
0.16969139
0.30771671
0.40847795
0.39482450
0.41485647
0.33391015
0.28029885
0.40782871
0.41572372
0.47703579
0.27439117
0.34014856
0.38586459
0.31941848
0.12450832
0.38758323
0.26587658
0.32770872
0.41594312
0.11690545
0.24561849
0.39526429
0.48092429
0.44841876
0.37745522
0.30804481
0.35526759
0.45573643
0.25972992
0.50380822
0.36538092
0.24255973
0.37086461
0.44309309
0.45904373
0.43946674
0.47230194
0.30777650
0.18192115
0.46950033
0.41169005
0.46371998
0.14506498
0.44218275
0.38047352
0.41900597
0.39862980
0.08675145
0.42687407
0.45689831
0.47602255
0.37234044
0.24207045
0.24613327
0.34209573
0.50148927
0.45041472
0.40667651
0.45808905
0.43009544
0.41331858
0.41253965
0.44691261
0.46140098
0.32514723
0.55316606
0.40482629
0.34250125
0.50319232
0.45012388
0.36549681
0.49585894
0.46293527
0.43301028
0.38543957
0.42320037
0.35547862
0.43711814
0.44217163
0.51290080
0.51010619
0.37417113
0.49355315
0.39448359
0.39100449
0.44883961
0.41045217
0.28385363
0.46875883
0.45712711
0.32831299
0.40922417
0.44746817
0.38053147
0.34596923
0.35377890
0.38411257
0.16237007
0.47879454
0.45463729
0.37464571
0.38456751
0.20672633
0.13699033
0.31344623
0.33873968
0.31663333
0.19238785
0.19419376
0.06364267
0.35725217
0.08638288
0.51530113
0.34427465
0.45607412
0.38940553
0.23266142
0.29942878
0.43591148
0.37213602
0.48709659
0.48566542
0.29179286
0.30756222
0.32206968
0.28448689
0.33096280
0.41395645
0.53984919
0.38617632
0.41588139
0.32032229
0.46488903
0.29362396
0.35050874
0.45895556
0.43941964
0.41027473
0.22788479
0.35800963
0.45700198
0.39281554
0.34050664
0.28371179
0.44209463
0.37257860
0.37257041
0.21285143
0.33324210
0.47819854
0.34616959
0.25538029
0.34980236
0.38735101
0.22296108
0.43458417
0.47688896
0.44500813
0.41798461
0.34601714
0.35731134
0.42558979
0.39834207
0.23112127
0.45130439
0.24587690
0.45042277
0.36511320
0.40588357
0.34360998
0.09063682
0.44384353
0.42202214
0.19935775
0.09983153
0.51373851
0.40062473
0.47584029
0.40343826
0.17636078
0.41516723
0.49737157
0.31419401
0.44285596
0.40378366
0.48660384
0.47184233
0.27458071
0.42364692
0.51861746
0.14927667
0.27580541
0.34726632
0.42592719
0.11409667
0.26484866
0.38654337
0.52362033
0.19119551
0.28968876
0.45675133
0.31385146
0.51438358
0.34643559
0.17358071
0.55469011
0.37489906
0.51555501
0.33687839
0.10115818
0.42983005
0.36458595
0.23984646
0.34133562
0.15706974
0.39458194
0.17490090
0.32612259
0.44764038
0.31665106
0.18577490
0.21834186
0.37536488
0.34362914
0.24524586
0.02967678
0.34307837
0.32079914
0.39012976
0.36184562
0.35722260
0.38422987
0.56778241
0.26760656
0.41797732
0.19083401
0.29270231
0.40607551
0.16900412
0.45207700
0.06881009
0.40650910
0.35858656
0.48492258
0.20239020
0.41861149
0.39055784
0.33242214
0.31717973
0.56322501
0.20117770
0.03779937
0.33493610
0.39027646
0.24206926
0.49150799
0.42764428
0.26698650
0.50922441
0.37371301
0.47819990
0.48306668
0.30296939
0.37784008
0.16725818
0.33789848
0.49550979
0.17601722
0.45955714
0.33339852
0.44174955
0.46205572
0.39077684
0.44112381
0.39357771
0.26604420
0.52342200
0.45433390
0.42488479
0.43576970
0.43270625
0.35548065
0.34911633
0.37969621
0.50593666
0.51066430
0.36915020
0.43464920
0.40407855
0.41348417
0.45805930
0.16148897
0.34694863
0.07226132
0.45176830
0.38493276
0.47313366
0.48440318
0.47274279
0.50137303
0.07511185
0.50476320
0.26278981
0.34053963
0.50952798
0.25357472
0.31914436
0.31368430
0.48897700
0.47802699
0.33540664
0.42700946
0.51755308
0.35856849
0.33767148
0.48907439
0.21567035
0.47553198
0.46675384
0.13026228
0.47810110
0.17075556
0.46631299
0.12318642
0.39811278
0.51396119
0.42173245
0.50822432
0.41041367
0.44575300
0.44019318
0.32678523
0.39915345
0.46859501
0.43481023
0.44368793
0.32786313
0.43843128
0.45817846
0.45332268
0.49362795
0.34916491
0.08124430
0.43532031
0.40772283
0.14437621
0.24286604
0.45672585
0.43240454
0.35111781
0.35655117
0.43939631
0.35399794
0.43986528
0.30934291
0.41737560
0.53612358
0.41438005
0.38077770
0.45730634
0.48585378
0.30349394
0.25806791
0.49354202
0.41524480
0.37627302
0.41211547
0.49938495
0.30243625
0.45179103
0.40957566
0.46175370
0.40993254
0.10058087
0.38923243
0.39389898
0.48772701
0.38948874
0.42100686
0.35765681
0.43882089
0.19056637
0.35524405
0.06137637
0.05691218
0.25728729
0.50918622
0.34322345
0.06945322
0.46661020
0.49143466
0.48012715
0.10999030
0.44542403
0.31332167
0.14267661
0.43910039
0.34920006
0.43203664
0.23310120
0.35880366
0.41387415
0.39314645
0.50193208
0.40252255
0.40961320
0.45589141
0.32867640
0.27037520
0.37731971
0.20147087
0.12076976
0.28336999
0.46121787
0.52878994
0.46170286
0.44508464
0.26250792
0.10490394
0.17160623
0.40180286
0.28766167
0.38122442
0.39327090
0.16638365
0.25782516
0.10130926
0.32762969
0.48752612
0.45313342
0.23671400
0.41152404
0.36026287
0.19740502
0.30093177
0.37267798
0.53912983
0.47593329
0.09182164
0.44223779
0.37306024
0.38108566
0.23508687
0.17494904
0.47724879
0.44970436
0.29347312
0.41492753
0.08866796
0.43385878
0.38473472
0.50616624
0.38070655
0.37682657
0.45432593
0.46922112
0.31551567
0.46092239
0.43919212
0.50202059
0.49692769
0.08336834
0.49435229
0.48043302
0.24196509
0.26996242
0.46642131
0.45647841
0.45505730
0.52667935
0.37514695
0.27380285
0.10757174
0.05933531
0.37034486
0.35608575
0.40999792
0.48442236
0.22594123
0.46021431
0.43997933
0.34994574
0.39579582
0.30441895
0.42697154
0.32516512
0.27535649
0.09200961
0.25089185
0.20295237
0.44057607
0.16856542
0.45537415
0.37195647
0.47100052
0.15867364
0.35566032
0.22434274
0.27581830
0.53213481
0.37573399
0.25793914
0.39097868
0.23463121
0.32367790
0.48916642
0.20150883
0.43767213
0.14953109
0.47660295
0.42899881
0.10635798
0.48984207
0.45351091
0.41850033
0.47887456
0.38645594
0.48516022
0.41547625
0.43348867
0.11362426
0.41639124
0.39183422
0.46004261
0.35476508
0.23608366
0.37320430
0.37169627
0.48859547
0.48911607
0.44882509
0.37883871
0.38786700
0.45591375
0.02180617
0.41580472
0.40091780
0.43890451
0.40662135
0.43980517
0.30850114
0.43881489
0.38258445
0.31695270
0.42870628
0.23094053
0.34474645
0.49166410
0.34049187
0.23764614
0.35675192
0.46512575
0.46188089
0.42160413
0.17272744
0.46765774
0.39794690
0.45486988
0.13471269
0.13445815
0.38762322
0.31414957
0.43767457
0.32729912
0.36955030
0.39118411
0.29382278
0.50115227
0.47261646
0.41021267
0.11982981
0.21544207
0.11442672
0.48834556
0.38244027
0.44454372
0.46482529
0.29609150
0.03068548
0.40744639
0.51243949
0.49886779
0.49271444
0.38466327
0.43426352
0.35804016
0.43245098
0.18269086
0.52437512
0.48906287
0.43026022
0.06690955
0.45774543
0.44109161
0.29193694
0.36576193
0.49214158
0.43624776
0.42243000
0.42006927
0.44580394
0.21777682
0.34496925
0.23904455
0.22557157
0.45510351
0.33446215
0.27915072
0.38102983
0.23721577
0.50442762
0.46686078
0.48176300
0.29645789
0.37303675
0.47280001
0.46624599
0.18117963
0.39254205
0.28845289
0.43996895
0.45475085
0.41566647
0.49247126
0.45889674
0.35480507
0.41776245
0.33831754
0.48717732
0.33614702
0.43220395
0.22584450
0.46863903
0.46564028
0.11290244
0.19739229
0.48241107
0.34167122
0.43220946
0.43890118
0.29169867
0.39575113
0.33017289
0.48149925
0.17111061
0.36578210
0.46137871
0.36997701
0.28771266
0.37301810
0.46444046
0.22202065
0.47992698
0.30873173
0.36523545
0.40794622
0.32489739
0.29207275
0.40023988
0.25736991
0.12856590
0.39626893
0.40906706
0.33819189
0.53489343
0.48175154
0.42274621
0.39344477
0.43943371
0.33707964
0.41876516
0.26553955
0.46454109
0.18965362
0.39394296
0.24216811
0.21022106
0.47643266
0.34273637
0.38647457
0.21154885
0.34532044
0.19860992
0.30739903
0.43955818
0.46507158
0.42374635
0.37803232
0.12463796
0.41639599
0.33589881
0.48116463
0.27600998
0.31148891
0.41116483
0.35505984
0.21518456
0.45813260
0.31432971
0.10553466
0.38340157
0.34825241
0.06218632
0.36604367
0.30838478
0.16340594
0.06741599
0.47482857
0.27152668
0.15009214
0.25465875
0.37964206
0.37744963
0.38386724
0.35461513
0.33565502
0.47054273
0.44262002
0.42560124
0.34750787
0.42745190
0.48502350
0.35321791
0.09021364
0.37795663
0.35951182
0.40416027
0.44898458
0.53613010
0.32490800
0.36419802
0.33629931
0.42673031
0.41498907
0.37765557
0.40483186
0.44896721
0.18061872
0.42840671
0.31935793
0.47295902
0.39717207
0.45203684
0.52381268
0.18405023
0.43954726
0.39749915
0.32518863
0.27082901
0.12147488
0.00847735
0.38895339
0.45802128
0.25651266
0.42158916
0.44465209
0.45949360
0.42410982
0.29982089
0.30332939
0.34720657
0.28055521
0.20819546
0.26509829
0.37158272
0.46341499
0.47108821
0.14517990
0.46628999
0.43983618
0.37507937
0.41403434
0.31210913
0.35340037
0.22889535
0.40342983
0.36698909
0.44005118
0.45256402
0.34956283
0.29876121
0.46064981
0.46423982
0.26463453
0.28185040
0.46842906
0.37420027
0.43975068
0.24248335
0.18664842
0.17205315
0.19178514
0.23740610
0.22030718
0.48308600
0.40071137
0.36306004
0.34896181
0.45397141
0.47600149
0.34984976
0.30009057
0.26868834
0.40302207
0.47529604
0.36831494
0.45469694
0.49832057
0.29096100
0.40868639
0.35540817
0.24895660
0.38709643
0.31412694
0.51067128
0.38730185
0.44514843
0.21712637
0.39339143
0.45419111
0.47779105
0.39060531
0.35788078
0.41273979
0.36983158
0.30216793
0.34530206
0.36155860
0.19729118
0.40806615
0.46444548
0.43345674
0.39502934
0.39897671
0.15694066
0.21179353
0.46299165
0.28522404
0.37641925
0.37677796
0.19005014
0.39813995
0.43056165
0.44343632
0.25124219
0.21710359
0.41692828
0.38346844
0.18605197
0.48911726
0.29681595
0.47063514
0.40685240
0.32800546
0.29986843
0.45605320
0.26594685
0.29701897
0.37981356
0.04674043
0.13468394
0.47302797
0.30723066
0.49319685
0.20506831
0.51483605
0.17151926
0.47933611
0.27577050
0.35793395
0.09810217
0.41541032
0.36099787
0.13842255
0.25546850
0.46826810
0.25607648
0.37007539
0.30111281
0.36292221
0.29909000
0.41482950
0.38992336
0.41155007
0.45729304
0.36352285
0.26118686
0.42140425
0.33648521
0.21038492
0.11871310
0.45945073
0.44854392
0.45298750
0.45037719
0.37652872
0.34661263
0.39841281
0.47108047
0.36314849
0.32502225
0.43261302
0.47629700
0.26703950
0.44452258
0.31400142
0.41938220
0.39952034
0.42845083
0.27746137
0.26581691
0.46359857
0.41764838
0.47678478
0.11494887
0.24444688
0.41563366
0.47830524
0.46646031
0.21742403
0.38115178
0.49401276
0.21882221
0.35410150
0.47047100
0.44933847
0.29593263
0.10748811
0.08643941
0.31863355
0.45918955
0.30529450
0.40650917
0.42966545
0.19626468
0.38248687
0.15278679
0.39963795
0.47273277
0.46050519
0.50667549
0.48853829
0.46482881
0.28747880
0.05118489
0.39415257
0.45040549
0.38652516
0.04772689
0.21998313
0.35502028
0.40883920
0.36338860
0.22892330
0.29929531
0.44687424
0.49328581
0.19727361
0.23304913
0.43123335
0.50832385
0.40672090
0.42484420
0.40441148
0.26420185
0.36532069
0.46933351
0.30620175
0.41420074
0.44070214
0.45228729
0.29919804
0.07919350
0.44075273
0.47066831
0.35564216
0.22178373
0.27475310
0.40552366
0.43477785
0.44753484
0.28362724
0.25368065
0.35458431
0.39378279
0.51001693
0.26223393
0.49064481
0.46998116
0.43547404
0.10196992
0.39439276
0.31110441
0.43054083
0.44394273
0.46224352
0.42956660
0.41969217
0.33311025
0.39470941
0.38318374
0.15881123
0.08414023
0.39428973
0.44713924
0.20574412
0.37216224
0.48229730
0.27675961
0.44464973
0.46786641
0.36300777
0.32411327
0.47285864
0.30567589
0.22563250
0.21033864
0.25714391
0.48752375
0.40539560
0.12189733
0.35764406
0.30513727
0.22465673
0.28861462
0.27709000
0.41880700
0.44068830
0.48066046
0.36077895
0.46671797
0.41870028
0.40125124
0.47646912
0.14043088
0.31744215
0.03163873
0.46718336
0.36465401
0.26285174
0.38298173
0.42890009
0.36311652
0.35753573
0.50556880
0.45776397
0.49045517
0.32732977
0.37302957
0.17744592
0.41680787
0.20728175
0.44243001
0.47126833
0.27600012
0.15353705
0.43395248
0.50390622
0.45617756
0.35723215
0.41914834
0.28763256
0.41239605
0.15524896
0.28026668
0.43456172
0.35525606
0.38376579
0.46672301
0.43993109
0.22099155
0.42563865
0.40701817
0.42695380
0.48355572
0.45182150
0.45970822
0.23737368
0.46245263
0.43182072
0.45564583
0.16653922
0.50689419
0.12825474
0.39636458
0.17507070
0.30011336
0.09681987
0.27407034
0.06341009
0.09037113
0.40626885
0.26497334
0.42735606
0.46803409
0.44958679
0.44792809
0.45664835
0.30753055
0.22122840
0.21889572
0.45667065
0.41958864
0.46037452
0.18520603
0.42741269
0.31783799
0.25581100
0.38750931
0.46076410
0.35591880
0.28994105
0.03541134
0.40130318
0.39145981
0.30040067
0.44211991
0.42155609
0.46209303
0.25953004
0.32012084
0.33799170
0.39958541
0.51862736
0.53580137
0.21706981
0.33406831
0.24453835
0.22837951
0.46778671
0.38299799
0.39290411
0.42663105
0.43269462
0.41436297
0.33772332
0.46231114
0.41125059
0.32710803
0.16191102
0.31688431
0.22505265
0.35458453
0.34987273
0.11782223
0.38532698
0.41092131
0.41099055
0.40972645
0.33547770
0.43749615
0.19039063
0.43393828
0.19670725
0.42579703
0.40758919
0.47701490
0.44878868
0.36117370
0.35898740
0.40528131
0.42933830
0.35902895
0.09869938
0.47274539
0.34086930
0.41372791
0.35092969
0.01855546
0.33332686
0.31153344
0.32087972
0.31279193
0.35743247
0.41719270
0.29593658
0.40687039
0.48333369
0.36869071
0.42919963
0.35555467
0.39447371
0.37923773
0.50403721
0.37491848
0.07212774
0.32004352
0.41895575
0.46230684
0.50365552
0.25975490
0.15689807
0.12149937
0.39953436
0.23974998
0.17042784
0.31949846
0.30610974
0.49133712
0.50421548
0.52309616
0.46293127
0.35194811
0.43099390
0.44703425
0.28365520
0.51092755
0.11750622
0.34749899
0.46453644
0.42734919
0.37707567
0.33940345
0.29086452
0.47469464
0.43039227
0.48937081
0.08488773
0.37910051
0.45787321
0.38065571
0.42571443
0.27291706
0.22827318
0.28120849
0.14228246
0.29846075
0.41058813
0.36598860
0.14871584
0.34395758
0.35944431
0.41382575
0.39898560
0.40443542
0.46936822
0.45752481
0.30431332
0.34345845
0.50870218
0.27851987
0.40488595
0.29358329
0.31919586
0.33055209
0.52876117
0.39851289
0.42430960
0.49858734
0.47282960
0.42262158
0.20198012
0.30673497
0.37703701
0.47018933
0.36382197
0.36559189
0.20415254
0.24766440
0.28953566
0.22252129
0.08861681
0.50722011
0.42707315
0.43378369
0.42301867
0.35382599
0.52546466
0.49925019
0.44944049
0.39143209
0.42905336
0.30931685
0.43326223
0.39547760
0.13111103
0.51246177
0.42202391
0.42148871
0.41827219
0.40622792
0.28022457
0.44278828
0.45375597
0.17488502
0.48563993
0.34578951
0.32723139
0.11597133
0.30718335
0.38557733
0.25401658
0.47240786
0.35264814
0.45880395
0.32955299
0.38360002
0.38046215
0.10195271
0.49586777
0.53017192
0.50532504
0.42862930
0.49502235
0.49456253
0.47177401
0.45235170
0.45887486
0.45377618
0.41676598
0.51763367
0.36427930
0.44480191
0.26723971
0.52201534
0.38549574
0.09702739
0.41514927
0.30722318
0.51281372
0.46659574
0.16108790
0.16372233
0.39344191
0.34750860
0.45779107
0.40650988
0.18259733
0.45640746
0.47640611
0.32558561
0.36061846
0.45872363
0.53074970
0.38251279
0.44768407
0.22908726
0.42464262
0.29561415
0.25841933
0.49545465
0.30698856
0.40121936
0.46891967
0.41871969
0.46012138
0.42607132
0.48098383
0.25576931
0.45231756
0.36943075
0.41213316
0.34787946
0.35470662
0.43806695
0.35210360
0.48065530
0.43902939
0.41050526
0.31946236
0.46662753
0.33325662
0.13437554
0.08263514
0.50173974
0.39639819
0.34672712
0.48380631
0.46005560
0.30991156
0.36244227
0.40340480
0.41856696
0.36418285
0.26154732
0.24206652
0.53115376
0.44423855
0.32880212
0.49547660
0.38591932
0.28966974
0.46306294
0.49001405
0.49743801
0.23022815
0.09928886
0.41970459
0.35837121
0.24398291
0.42199396
0.28337505
0.49003089
0.29945656
0.36582905
0.42032193
0.09861324
0.23518928
0.46867147
0.50682293
0.16462671
0.28279941
0.33293303
0.25681439
0.11699358
0.27294700
0.43436598
0.02597509
0.42214997
0.21337717
0.13001531
0.44735711
0.26315596
0.41468658
0.50880274
0.34060399
0.48072025
0.49642967
0.38819466
0.47638821
0.41994097
0.43229245
0.49038082
0.44490751
0.39141683
0.16639571
0.40802525
0.23903000
0.36504220
0.33976750
0.15536316
0.46116443
0.43795189
0.40717214
0.44604549
0.30961894
0.38305314
0.48133102
0.49219585
0.48668029
0.08914731
0.44617685
0.44728323
0.44258334
0.40195529
0.48018303
0.52209631
0.44390689
0.49733698
0.35371369
0.43218777
0.35428794
0.42638104
0.42002408
0.42057466
0.41755023
0.39689395
0.31963790
0.42208192
0.36185430
0.49629665
0.41441079
0.34771492
0.17217291
0.34319795
0.37296104
0.09183421
0.30487907
0.43253763
0.38864561
0.43754736
0.41529476
0.38190387
0.44097775
0.38528658
0.42869311
0.39000398
0.46564521
0.39090254
0.41325163
0.55110203
0.11892246
0.34394386
0.17235398
0.17339361
0.40761981
0.44644612
0.27990028
0.13551009
0.43174489
0.35735071
0.39204059
0.32662718
0.40829879
0.39652742
0.20858702
0.34733647
0.34492014
0.48515085
0.23563839
0.48421382
0.03444374
0.36712894
0.46516476
0.45142895
0.32629314
0.33296303
0.40963698
0.32224673
0.43249670
0.33512023
0.42830357
0.13150916
0.49014304
0.12950768
0.29268366
0.32643578
0.45037552
0.15774839
0.42701726
0.40407941
0.39977837
0.42434474
0.33760799
0.36638888
0.28378991
0.43399679
0.56738486
0.31159016
0.50825718
0.49414961
0.09078557
0.52217234
0.47736100
0.30361837
0.43387252
0.25755788
0.34056234
0.24259540
0.37043550
0.14311803
0.13666972
0.37968773
0.42025595
0.19172510
0.37468733
0.40666190
0.48764238
0.23493398
0.24641786
0.29289824
0.42772604
0.13568111
0.43814304
0.36083854
0.31408534
0.25400996
0.37407824
0.34690587
0.35995667
0.31222265
0.35654380
0.40228343
0.27550019
0.47223532
0.48962375
0.33595980
0.45413958
0.48400820
0.36444778
0.37304167
0.48966312
0.42495289
0.40371161
0.27046189
0.26964631
0.40932780
0.38183418
0.41097432
0.27662115
0.24248159
0.37985450
0.45039204
0.40424573
0.37693571
0.44238965
0.23145019
0.29821322
0.37141987
0.45043944
0.25253373
0.19231244
0.46576811
0.33215261
0.22758894
0.41380409
0.22605706
0.16074909
0.35253874
0.44490434
0.12384251
0.48260678
0.02233891
0.38178843
0.45043357
0.33786672
0.23318926
0.30361376
0.36148311
0.49411346
0.25592386
0.10559488
0.45881722
0.22634077
0.28298306
0.46319108
0.15358757
0.43023084
0.47807864
0.31599687
0.39958051
0.44244517
0.39416434
0.41986342
0.54064338
0.31863554
0.47457533
0.34079552
0.34629792
0.31024241
0.28891429
0.01018877
0.38363561
0.44317108
0.32842183
0.43109643
0.26455234
0.19152628
0.41948748
0.38849901
0.42857258
0.37488851
0.46521067
0.40984808
0.35307167
0.49121366
0.30106082
0.40936407
0.36624819
0.30009218
0.43780005
0.31458410
0.30530858
0.33562761
0.34230091
0.26699913
0.33205923
0.41458473
0.44431942
0.46855349
0.26921007
0.36904149
0.42505799
0.52171790
0.45753247
0.46802721
0.44681953
0.43410244
0.23946692
0.07651281
0.47361058
0.32317123
0.30911318
0.49600361
0.43243429
0.22965227
0.38394403
0.49095666
0.08849115
0.43560215
0.49434499
0.29135336
0.42146546
0.08656311
0.45343043
0.51453225
0.43068124
0.24804781
0.37189546
0.48993886
0.44700520
0.21333947
0.38395286
0.41135600
0.22678222
0.18773893
0.19611938
0.25521681
0.34521487
0.47841566
0.35191708
0.43764271
0.17406232
0.49910314
0.02545487
0.29609956
0.52972052
0.22476511
0.54474559
0.38294637
0.39496921
0.56346920
0.45990844
0.31266182
0.45867478
0.45150493
0.44971375
0.17040971
0.38861652
0.42761064
0.27199805
0.15073783
0.11006724
0.35962239
0.33986674
0.32366812
0.41035070
0.39203629
0.44436439
0.28955926
0.45271219
0.43570771
0.41652915
0.41437504
0.47489196
0.47131160
0.34243432
0.15827438
0.25720024
0.47757312
0.16656387
0.09114299
0.17660586
0.22853598
0.21134438
0.40664265
0.34369927
0.52494174
0.40455897
0.40122756
0.42466329
0.45348024
0.46219852
0.41338100
0.38070014
0.42611742
0.37866796
0.33872714
0.35874121
0.49248814
0.27451554
0.37375991
0.33853495
0.24498485
0.45737264
0.17583398
0.46057255
0.38584795
0.34990456
0.45414725
0.49187081
0.00421007
0.40348452
0.44044355
0.48289361
0.22202088
0.43295253
0.06814024
0.28408463
0.31772450
0.37275927
0.42939291
0.35789438
0.45053161
0.30143108
0.39424298
0.47726577
0.41855267
0.11944456
0.23258309
0.50206190
0.53309881
0.52482002
0.38801771
0.37055963
0.41871689
0.39716339
0.28142148
0.11406385
0.27132554
0.42338280
0.36182181
0.33621338
0.36442824
0.48543939
0.34039368
0.47486809
0.12259702
0.30150822
0.03288209
0.46374616
0.19989052
0.45525240
0.33409537
0.21107097
0.43527134
0.26772785
0.42695965
0.30003995
0.36861665
0.46699418
0.28659328
0.31153146
0.42825642
0.39618602
0.49294652
0.28392947
0.50277740
0.47360615
0.43613705
0.45726181
0.49089269
0.48090009
0.43608654
0.16852338
0.31406678
0.39750167
0.30929299
0.35817991
0.45150558
0.39308380
0.20253651
0.00617951
0.10303477
0.40353179
0.46981381
0.50668399
0.40289986
0.22831712
0.19444068
0.43734520
0.35126430
0.31170036
0.49262309
0.49215475
0.21754625
0.44056305
0.15921211
0.36671612
0.45133584
0.43028225
0.42232069
0.12225555
0.46397445
0.38561719
0.36844462
0.52749887
0.45013701
0.45503876
0.38461312
0.33538412
0.26907678
0.43252811
0.30924948
0.17908559
0.32375447
0.37066119
0.34527133
0.44209837
0.16911913
0.38884071
0.44194521
0.16473648
0.44048901
0.35185175
0.39994680
0.43203214
0.41597307
0.41914386
0.32882910
0.48501279
0.43670298
0.29878379
0.43323513
0.23863229
0.40203106
0.48024901
0.33728892
0.38105266
0.40391515
0.39642471
0.28298341
0.10444167
0.27021102
0.14365683
0.41184768
0.36762805
0.34577190
0.45332444
0.37554769
0.48466682
0.39948853
0.14964027
0.46526710
0.43922487
0.46332243
0.18149177
0.42314055
0.26409805
0.20995976
0.03367514
0.44999952
0.48402944
0.48440395
0.40945494
0.47153140
0.42733455
0.45218690
0.45258163
0.37897192
0.21470938
0.28080902
0.49760946
0.40737095
0.51640055
0.48110743
0.51694937
0.02921059
0.35962586
0.41587122
0.47012198
0.43106421
0.46633290
0.44926713
0.42142793
0.42571736
0.38987510
0.27321829
0.28021928
0.34284813
0.40345554
0.37769095
0.49377378
0.35866431
0.42242593
0.43914658
0.44348248
0.30827142
0.37777805
0.28847148
0.39171434
0.38895539
0.32926200
0.43649008
0.34732146
0.44987037
0.43698123
0.39744050
0.35993069
0.45948615
0.31174366
0.36242844
0.47007159
0.32687626
0.46829345
0.13293116
0.24334566
0.13229681
0.41688366
0.43036617
0.41955089
0.41319017
0.15936680
0.44014800
0.43596119
0.42095785
0.45217017
0.43789912
0.45613957
0.26938544
0.48379933
0.28013653
0.45590975
0.27495727
0.36273291
0.43329054
0.04827288
0.34369685
0.47776113
0.46800272
0.38292673
0.00321163
0.20517286
0.33890087
0.18515615
0.14320312
0.50295979
0.41675280
0.27260378
0.43820371
0.05009197
0.05341401
0.45421775
0.42173619
0.30584634
0.09238218
0.25803842
0.38208862
0.23098990
0.39062436
0.49809413
0.22744255
0.43361398
0.49571468
0.28448663
0.41439294
0.34351621
0.43761689
0.48465321
0.49416154
0.47629028
0.07088098
0.39257690
0.47506288
0.41163918
0.35551733
0.22160749
0.20279795
0.41536119
0.45884467
0.30255436
0.44770175
0.44845182
0.34883031
0.39622701
0.13790484
0.46586973
0.43114085
0.37024462
0.40112040
0.36543141
0.46795780
0.17093615
0.43379863
0.34399004
0.43993464
0.48618525
0.35776514
0.50479348
0.42250204
0.31044955
0.45834428
0.43477828
0.35941960
0.25444323
0.43557167
0.39953587
0.46766532
0.17955068
0.45806334
0.48913437
0.33066254
0.41432503
0.08415349
0.45241462
0.47172814
0.24474746
0.38545703
0.52701358
0.11711200
0.30519057
0.48121935
0.47555664
0.35083764
0.46414087
0.32551863
0.25451074
0.48129046
0.42440109
0.04989086
0.28460363
0.37494477
0.45096391
0.33464754
0.38950598
0.48008194
0.37747294
0.40102161
0.26262851
0.40186984
0.14104984
0.50363425
0.15171452
0.39441217
0.34685546
0.43517797
0.35729319
0.42442032
0.39400091
0.28123168
0.48939715
0.41412962
0.27258457
0.37770304
0.38514418
0.47295663
0.43224520
0.41870260
0.16500236
0.40452416
0.35138104
0.48014693
0.36965154
0.11865274
0.42850482
0.40662630
0.31896463
0.31359302
0.51784057
0.52127333
0.19484744
0.43155356
0.40464413
0.41018783
0.35746694
0.49774466
0.26361869
0.38070308
0.43883916
0.41338610
0.49099694
0.36773744
0.29213210
0.30520047
0.33065165
0.36922300
0.39345358
0.43560332
0.44418316
0.50388927
0.44344991
0.33907537
0.22637642
0.17575696
0.43198348
0.42149048
0.46328339
0.43675166
0.45742747
0.42912999
0.24172473
0.25267896
0.44865953
0.38098979
0.42340350
0.50898961
0.41834115
0.38292956
0.14999214
0.46771448
0.30433914
0.52013019
0.34355080
0.49818885
0.45075137
0.42248120
0.57561233
0.37456519
0.29698301
0.26539430
0.39787066
0.38138677
0.45441340
0.23773258
0.39310709
0.24301891
0.35773217
0.28305854
0.44717997
0.46383457
0.41946684
0.29028407
0.44818859
0.42103884
0.43875767
0.36839977
0.33206902
0.34568118
0.41361622
0.25357330
0.42945582
0.47718565
0.42366237
0.44861234
0.44446578
0.46139706
0.44752745
0.40546958
0.43234150
0.40523430
0.36354230
0.40139207
0.51324598
0.06901701
0.47968550
0.41935824
0.41043296
0.42687194
0.15993227
0.48711635
0.22991661
0.44220168
0.10860349
0.28140550
0.40599843
0.13320566
0.19196724
0.47678802
0.46739891
0.39826008
0.32190585
0.53121967
0.22755782
0.24242779
0.30317233
0.20451955
0.47474491
0.49739509
0.12003972
0.27076727
0.35888410
0.34648868
0.40297672
0.19968781
0.49913164
0.34508477
0.45631166
0.49010814
0.20288695
0.50558052
0.39041475
0.10025306
0.26233497
0.42104704
0.44587778
0.47589321
0.40655572
0.38622794
0.45872584
0.42319042
0.41176639
0.28140973
0.33676473
0.37994252
0.40648599
0.44038249
0.43856192
0.45537595
0.44914654
0.44297337
0.49832243
0.40787259
0.51895556
0.19285309
0.44880318
0.43126293
0.37022519
0.49604207
0.29637890
0.39475039
0.21211745
0.43477243
0.29338848
0.42900970
0.38811663
0.46085147
0.43646669
0.37490527
0.46694399
0.41448236
0.35706927
0.41567955
0.26291379
0.42959559
0.49889688
0.48726000
0.46700672
0.46868660
0.27377089
0.48985222
0.48840736
0.51162491
0.44525808
0.36457871
0.49966797
0.51038501
0.39411671
0.44525002
0.49361480
0.33909661
0.11743763
0.38735882
0.44000981
0.33880202
0.38841584
0.49562006
0.33408482
0.43417718
0.45425713
0.30779338
0.38622541
0.32833069
0.46061196
0.33760048
0.31308031
0.35676705
0.47394098
0.38500193
0.42538996
0.45906568
0.45608024
0.27919786
0.33052590
0.38819024
0.41419825
0.44191304
0.43058056
0.31139468
0.50119643
0.15109112
0.15272779
0.53891126
0.35905707
0.38343820
0.42792651
0.34086210
0.10530877
0.37029115
0.27059857
0.32667514
0.47599313
0.38961079
0.32129623
0.44909150
0.41276073
0.48584515
0.35491550
0.41900282
0.29383714
0.46634303
0.29605580
0.15404934
0.29164423
0.36786832
0.34634950
0.34429866
0.48570030
0.44601962
0.46429955
0.45462680
0.46894157
0.35136279
0.06186000
0.33467454
0.43463024
0.47209830
0.26719995
0.48768487
0.37786736
0.42882735
0.30363485
0.49282605
0.37680543
0.38176284
0.42998774
0.41280187
0.42111886
0.35949662
0.38039980
0.39967245
0.48467918
0.29680752
0.45439282
0.35546837
0.28233629
0.35945548
0.01834699
0.37667476
0.47845806
0.37299715
0.19124799
0.34367360
0.44419796
0.26805057
0.39328911
0.44026950
0.47874390
0.39947733
0.31195945
0.43376162
0.48195907
0.21122719
0.45993571
0.16888354
0.43751712
0.48362692
0.46998569
0.47867632
0.38226860
0.27819684
0.50028287
0.45175725
0.56673149
0.47976558
0.18579067
0.33711662
0.19341442
0.44652654
0.41785360
0.38798529
0.41501263
0.45934837
0.55092193
0.36731627
0.36243702
0.39567262
0.38682640
0.06096180
0.31620145
0.13791114
0.47567247
0.27485788
0.41176758
0.44736845
0.40475135
0.43504710
0.26048848
0.41151965
0.31519840
0.30785512
0.32675611
0.42319373
0.29069707
0.14084567
0.47099822
0.34412222
0.49076976
0.56743016
0.45227034
0.47706031
0.36116280
0.45221302
0.13799467
0.17103959
0.45918933
0.40114702
0.27432979
0.34185833
0.45213784
0.36541114
0.41119647
0.47137632
0.43659419
0.16693096
0.22487631
0.42776563
0.42211813
0.39886490
0.38662679
0.52474408
0.36409405
0.36406917
0.44092092
0.45581965
0.44256318
0.32264583
0.38445470
0.27053856
0.38569777
0.35754863
0.46337259
0.27312552
0.41323210
0.40755116
0.35300679
0.46966199
0.50757978
0.47773090
0.08127374
0.43955443
0.33076605
0.41977493
0.45996835
0.45963687
0.51694725
0.46318178
0.40224844
0.53337135
0.37933805
0.22200326
0.39083431
0.48721978
0.28290558
0.33200483
0.33586203
0.23601262
0.19332888
0.26506606
0.44885890
0.21864001
0.31791779
0.36490767
0.41692605
0.38992650
0.28701337
0.34687014
0.51229860
0.48319709
0.15821276
0.27341546
0.26696978
0.49112554
0.35792156
0.40067708
0.35375234
0.20961853
0.41601871
0.44036003
0.38819349
0.37516254
0.50181076
0.39062028
0.39235106
0.01474911
0.37754677
0.48468190
0.40079647
0.45693253
0.48861863
0.41331487
0.13458640
0.23632570
0.46342963
0.03090134
0.36874144
0.39309156
0.42510581
0.40120582
0.42546349
0.43240533
0.36881298
0.48247867
0.24378865
0.42108160
0.11702817
0.42875876
0.40892858
0.35204893
0.44834669
0.24914713
0.38998832
0.47224179
0.51006124
0.21049802
0.44112225
0.11151669
0.45830351
0.44118797
0.26038375
0.31041998
0.39344505
0.36131895
0.30338167
0.44843136
0.10451015
0.15424543
0.50962751
0.43982465
0.37267807
0.50861510
0.35182014
0.15261360
0.28463790
0.42366220
0.37184755
0.46334268
0.34615654
0.37059236
0.39521776
0.43621537
0.27809238
0.40243443
0.47430934
0.15080903
0.34716220
0.18982298
0.20505081
0.28628366
0.45600698
0.27430945
0.40233535
0.37758392
0.42751778
0.44615315
0.47234201
0.46368811
0.13519163
0.39603628
0.46069097
0.51916527
0.46682487
0.40575881
0.38515888
0.21382797
0.29664475
0.43058339
0.50412797
0.42724152
0.42192246
0.12080022
0.51904434
0.45650292
0.16698545
0.47123308
0.17947185
0.32843232
0.36603349
0.34073826
0.37940628
0.48645077
0.41771794
0.38844436
0.28603976
0.45907122
0.48199164
0.29872159
0.50981761
0.26778671
0.38393504
0.42858996
0.43169575
0.47445935
0.14897145
0.43329193
0.17986369
0.45189664
0.28065095
0.03137722
0.04486278
0.46848436
0.43630304
0.43048790
0.42886066
0.29929600
0.42361699
0.40318875
0.41317876
0.08846675
0.39287512
0.38868887
0.25695232
0.14558105
0.47842480
0.15345496
0.33156676
0.50389512
0.47499067
0.31883945
0.51588128
0.25270476
0.14441545
0.42615990
0.37666694
0.30516869
0.39016263
0.38136795
0.24393029
0.45955883
0.13805775
0.44918813
0.26709886
0.43335056
0.44542415
0.34443290
0.22055366
0.34109249
0.46406087
0.44140368
0.40140352
0.45815577
0.18056704
0.45914214
0.40322142
0.46786353
0.26274450
0.46540956
0.46805783
0.42699661
0.07924566
0.47790570
0.46517530
0.20770232
0.43612546
0.42461512
0.21506075
0.45510660
0.30761874
0.21399763
0.42173771
0.31911245
0.34633505
0.48132023
0.44287240
0.28372670
0.42537631
0.41459240
0.08575239
0.07900619
0.43130898
0.41833973
0.46280034
0.39742841
0.42576422
0.31809696
0.44881381
0.42389958
0.40279649
0.42438263
0.30429699
0.46681705
0.24185112
0.49758851
0.22564233
0.28012296
0.40999065
0.47079107
0.27651710
0.24618427
0.46727034
0.37222790
0.38820986
0.23026287
0.34140730
0.41046524
0.31156352
0.41098533
0.50345444
0.40417101
0.36692197
0.36604677
0.40529072
0.43374369
0.33594044
0.36094547
0.36419465
0.18713011
0.45357554
0.47726036
0.01525184
0.46553660
0.42128962
0.29129001
0.50081033
0.35349344
0.20232018
0.41440676
0.44841686
0.39053162
0.40429371
0.37422038
0.33134073
0.45812681
0.14520693
0.50485670
0.01384578
0.35988696
0.51682104
0.42611110
0.35860077
0.33873265
0.47355833
0.44448502
0.48842453
0.43127576
0.15895585
0.48536966
0.42944854
0.13818392
0.24483592
0.38778114
0.49398875
0.38453686
0.30422967
0.44271265
0.45635835
0.33997587
0.29217033
0.41071823
0.42559683
0.46798501
0.53152411
0.27610532
0.30433388
0.27779115
0.10205881
0.38834661
0.38649211
0.42525615
0.41081186
0.40827165
0.46161861
0.40401255
0.35855791
0.33422315
0.30140938
0.45737131
0.50508869
0.24968121
0.04243104
0.09626944
0.48691299
0.26828885
0.47224062
0.55521737
0.31619147
0.37755729
0.25073458
0.43898154
0.26801385
0.12747281
0.46649580
0.47089998
0.40441702
0.27962906
0.21325502
0.36276499
0.46633234
0.30474570
0.43385547
0.07040623
0.43387566
0.20493205
0.25729353
0.42662280
0.42372757
0.17059327
0.43492899
0.03320744
0.41599488
0.45244455
0.13025926
0.43825649
0.49618529
0.42873418
0.45951518
0.34561347
0.40954649
0.38593245
0.40666331
0.42539369
0.40575926
0.20960259
0.24658412
0.49813977
0.39653495
0.47409787
0.46882194
0.11994352
0.42594403
0.36482934
0.21890480
0.44041484
0.29514953
0.41524313
0.40544091
0.30592723
0.31931072
0.40188567
0.19532792
0.10248483
0.50136241
0.27864946
0.31702694
0.45499750
0.43092667
0.44741141
0.08590153
0.39572711
0.46430688
0.37087179
0.46991245
0.36805307
0.32063599
0.36587306
0.43346724
0.37329105
0.43110751
0.17661843
0.39087226
0.25932867
0.46309504
0.49770159
0.45948168
0.26187798
0.43789471
0.35481060
0.48249412
0.16500604
0.29787128
0.29558760
0.13362651
0.44359800
0.10242233
0.42252279
0.40156566
0.28698192
0.33739032
0.32321733
0.41918773
0.32649917
0.14989124
0.37187498
0.26028526
0.41124449
0.42867905
0.43196134
0.46027714
0.44422237
0.45028504
0.27320791
0.19748060
0.36691636
0.51278276
0.44389584
0.26045869
0.15920293
0.40676930
0.37757349
0.35249074
0.48178859
0.51182227
0.42090856
0.22713704
0.29540809
0.44907108
0.52198403
0.44232635
0.31941318
0.39835588
0.50144415
0.33973336
0.35495903
0.43880759
0.28409842
0.44566878
0.44831662
0.54900465
0.35514214
0.48533247
0.31761350
0.31781884
0.36673149
0.35175098
0.46073499
0.38931406
0.48989912
0.18410346
0.44141774
0.22266682
0.37503935
0.26433234
0.24519885
0.51311995
0.35767451
0.32653065
0.36541971
0.42609312
0.27240812
0.41974720
0.37383843
0.47338294
0.43404522
0.32861950
0.35198206
0.34207303
0.21436013
0.43799058
0.45488523
0.40561353
0.38618340
0.09316911
0.37816192
0.37254007
0.45132984
0.35530237
0.23643389
0.36382408
0.41032728
0.39101282
0.41382292
0.51524625
0.31325530
0.34730510
0.44883773
0.37212572
0.47064544
0.19226788
0.15329384
0.36763370
0.43958895
0.48213707
0.05869833
0.41523620
0.45963728
0.42475727
0.32325336
0.37327813
0.40833368
0.13365386
0.36149054
0.43225805
0.40906108
0.41988098
0.46104928
0.38563071
0.46560845
0.41912885
0.28315176
0.37210745
0.48501429
0.39739051
0.37629217
0.43455848
0.41497940
0.39886543
0.41261685
0.16260680
0.47722434
0.35805418
0.39450466
0.51312855
0.45368301
0.35022813
0.43731466
0.35100969
0.47642469
0.34945358
0.38920967
0.25020997
0.22245304
0.25052179
0.38666730
0.40054524
0.45535145
0.30773482
0.37291962
0.31403578
0.46948014
0.23147165
0.14386198
0.42570282
0.26756679
0.46886503
0.25399809
0.32319893
0.25983359
0.33313080
0.44431124
0.45649360
0.42867155
0.46676212
0.32714366
0.26361628
0.48129577
0.42052205
0.43671775
0.35606806
0.44681310
0.49795202
0.50046633
0.46659561
0.49201159
0.49079989
0.42912754
0.47866043
0.22936202
0.27280790
0.44893410
0.39652392
0.13637600
0.43526485
0.41609134
0.42370662
0.33709295
0.47339188
0.46757279
0.45911231
0.42926719
0.37938089
0.35416056
0.50324137
0.37432450
0.33879268
0.23704665
0.36542245
0.42098634
0.40200800
0.34364365
0.31826369
0.45350033
0.45996415
0.44136038
0.42688886
0.33212078
0.36724705
0.41964922
0.48346511
0.35948350
0.29221872
0.21189600
0.43311197
0.45363911
0.49323175
0.14400036
0.36427212
0.52721342
0.35977386
0.41407654
0.12465742
0.36776961
0.46717867
0.48025610
0.38750170
0.38880810
0.41072359
0.47394412
0.14239502
0.43568641
0.48437351
0.41006184
0.44160376
0.28333657
0.39005518
0.45139447
0.31299609
0.21604727
0.43314578
0.49033375
0.43821834
0.40281443
0.35658237
0.46590164
0.18062027
0.47209966
0.43727502
0.32912350
0.42705669
0.30382310
0.42971328
0.16203473
0.43706079
0.45908575
0.23040684
0.32776493
0.18175507
0.47861143
0.40628669
0.36031208
0.26148850
0.46352254
0.14593767
0.10157227
0.36842197
0.32532355
0.46727466
0.42852207
0.37084448
0.29011709
0.50673103
0.43336757
0.53602886
0.37610198
0.49108276
0.38791924
0.32764939
0.35065517
0.32183992
0.29708753
0.15961400
0.51613621
0.25448114
0.16747011
0.21231459
0.47141704
0.28294273
0.41801529
0.39351231
0.19270873
0.34308098
0.46479058
0.39001862
0.45617646
0.47905917
0.47457923
0.43963075
0.20030888
0.29586796
0.36955332
0.37389069
0.31074221
0.37501623
0.47875948
0.31320736
0.35358713
0.36307687
0.44538032
0.50677438
0.30206076
0.25827580
0.25244391
0.43933987
0.34729255
0.34112861
0.29746315
0.38508692
0.08061642
0.49103302
0.02092364
0.35906052
0.40330810
0.21938750
0.40897097
0.43764136
0.34927942
0.43492320
0.41572023
0.53231984
0.27013373
0.43227808
0.14274870
0.47803520
0.55061090
0.36931045
0.39868978
0.40125694
0.32602256
0.43577957
0.51134481
0.41854399
0.44549007
0.46248015
0.20757977
0.53102718
0.49188581
0.21073568
0.41762451
0.33704749
0.40173000
0.44766607
0.39661479
0.38557072
0.24402554
0.27651834
0.41927311
0.44762156
0.36604919
0.44285927
0.03941814
0.44689815
0.39651963
0.40188670
0.30554901
0.44185546
0.42866035
0.31900750
0.37326361
0.44496962
0.35528781
0.47184827
0.46792231
0.44056719
0.41172315
0.22896798
0.48544540
0.08767531
0.29809627
0.42513930
0.34977247
0.45901790
0.54063194
0.39708382
0.40791043
0.35426131
0.26550790
0.41925424
0.49623071
0.48747528
0.49717490
0.45740053
0.24957815
0.43488931
0.33304989
0.43686080
0.37492691
0.52280522
0.33822822
0.33780146
0.23194870
0.21382663
0.24037188
0.02499491
0.43689583
0.37062082
0.43503262
0.39791770
0.53351216
0.47826043
0.46149820
0.39077124
0.20532610
0.38383787
0.10535625
0.33806196
0.44193390
0.46834011
0.46395107
0.35805645
0.34907871
0.51837366
0.40855593
0.33384305
0.46534853
0.38485532
0.47813260
0.39372574
0.24247842
0.41866011
0.45537965
0.49870465
0.29089938
0.25079300
0.16796050
0.38340804
0.22674123
0.42231545
0.44970225
0.27712026
0.45236186
0.12235663
0.37923849
0.45831667
0.39777017
0.39577992
0.22636934
0.29788242
0.43379829
0.31428435
0.40769913
0.15069682
0.16607299
0.28995894
0.42655007
0.21655923
0.48952115
0.44061081
0.21043870
0.38689697
0.35382502
0.48698622
0.37481098
0.23987705
0.38518424
0.45481337
0.43033181
0.39581883
0.25877217
0.49338606
0.28187877
0.09735513
0.34718935
0.43341514
0.07510697
0.45643228
0.44494488
0.45610338
0.35659107
0.44132355
0.47361268
0.05639603
0.09004994
0.28348030
0.45196772
0.08112663
0.25722970
0.41927440
0.37922945
0.41388525
0.48238925
0.27349831
0.37038165
0.46146911
0.38782726
0.40972465
0.50083101
0.46642956
0.30698514
0.32228761
0.32572818
0.41860555
0.38728443
0.35621283
0.43875059
0.58109938
0.41995882
0.45954349
0.34865077
0.34543772
0.43306455
0.47622426
0.41799451
0.35705240
0.45127817
0.30905095
0.49558641
0.52327412
0.13663240
0.40974572
0.45122655
0.50234316
0.34569223
0.43479593
0.43997130
0.22828760
0.40176740
0.41432093
0.30505159
0.36885965
0.43335681
0.30705497
0.45007962
0.43576866
0.13916854
0.41736695
0.43532851
0.38817226
0.48181544
0.14797690
0.40674846
0.30594301
0.43944125
0.37094331
0.27947295
0.26843899
0.51642743
0.42755570
0.45660169
0.14057208
0.28375302
0.33956960
0.47757698
0.18804410
0.45122797
0.43316814
0.41953160
0.06435148
0.54435299
0.07594520
0.47053456
0.28182677
0.44862090
0.22088436
0.50485893
0.39471610
0.43803201
0.48063205
0.30272417
0.39504065
0.43272680
0.36790185
0.40638258
0.28731405
0.14475018
0.04784452
0.47334702
0.33514436
0.48462091
0.39855361
0.38171018
0.38752039
0.31153874
0.40160049
0.42687081
0.40451164
0.38795407
0.23328867
0.43022154
0.39409576
0.22751424
0.47571652
0.48111204
0.40158942
0.10066907
0.43724882
0.38342335
0.38721277
0.41528412
0.47266432
0.43611147
0.34263448
0.47608147
0.43165899
0.36399219
0.41035848
0.43580933
0.11848816
0.50646337
0.28364621
0.42629086
0.14621221
0.04898746
0.41023865
0.30881460
0.51267661
0.37410281
0.34738381
0.30549617
0.35660774
0.45093153
0.36431789
0.40377362
0.45125837
0.37727980
0.48624024
0.43158918
0.44027455
0.49384215
0.25742824
0.32413132
0.28206937
0.46911154
0.37466324
0.49512306
0.47093028
0.05984307
0.14748167
0.42466324
0.51584525
0.28623141
0.27431784
0.46697861
0.34253623
0.44213182
0.42394359
0.54197069
0.30202095
0.30639496
0.45269061
0.44240743
0.42784512
0.34702557
0.38857203
0.43771880
0.39715108
0.37838202
0.47738752
0.47239584
0.24444284
0.39476176
0.26186086
0.48803981
0.41188798
0.39994344
0.31383726
0.40887586
0.33711350
0.46993194
0.35223199
0.48274970
0.45967213
0.19500860
0.26442651
0.48600169
0.43873688
0.45416759
0.28443759
0.17375050
0.41298318
0.23396456
0.41650906
0.44066921
0.49462349
0.45083219
0.29062774
0.20830686
0.32138831
0.24620921
0.32702361
0.35587407
0.45280435
0.37544982
0.40323446
0.40137897
0.16238936
0.37129373
0.33818323
0.20107056
0.44323725
0.26116942
0.18236364
0.34959244
0.35165234
0.39602737
0.38770201
0.36207670
0.43169717
0.23834083
0.26770325
0.28987840
0.45901496
0.05921590
0.34773820
0.12729612
0.40706770
0.36265911
0.46280054
0.32625063
0.23695163
0.42812421
0.25456299
0.26394775
0.38426847
0.34904412
0.10847253
0.49855214
0.42141360
0.40595688
0.28171119
0.52274045
0.42642762
0.53993054
0.45949761
0.34452684
0.32975552
0.23498101
0.47761319
0.33734995
0.34937607
0.39696790
0.34257398
0.33611413
0.44960691
0.37477765
0.30137997
0.38595914
0.40866621
0.39780513
0.30012526
0.41162181
0.39359398
0.43514897
0.43577588
0.49566715
0.28950129
0.18670629
0.22598614
0.28395718
0.45659216
0.51349257
0.32685121
0.34767281
0.43460064
0.39071427
0.23606241
0.36998813
0.40895189
0.45176289
0.18633149
0.40792455
0.41386775
0.35280890
0.13240951
0.43013908
0.52982503
0.41511636
0.14231795
0.20783069
0.47070580
0.26005124
0.33146341
0.32033565
0.43251312
0.42933823
0.46777387
0.25111508
0.42528832
0.35953928
0.17578879
0.40347063
0.42539216
0.42043487
0.43072104
0.26397219
0.47051740
0.24674672
0.39619827
0.44326537
0.48153722
0.22782917
0.44241892
0.41132960
0.41567572
0.40670586
0.15771339
0.31896750
0.31580402
0.38365196
0.54517568
0.44031579
0.04424339
0.08591560
0.12014426
0.31512461
0.43296765
0.42516982
0.45184844
0.41531843
0.36960203
0.05762261
0.31563605
0.53577526
0.37799161
0.51297853
0.24004238
0.36941008
0.03074379
0.35065918
0.40255056
0.48443664
0.33945215
0.36808688
0.47331293
0.21778355
0.38592804
0.33416172
0.38303364
0.42260463
0.37663104
0.36207620
0.40388927
0.24252827
0.46951869
0.12026427
0.31124407
0.26062821
0.37764503
0.48405113
0.44815536
0.31415564
0.44223229
0.43580237
0.33073170
0.31064355
0.39259006
0.51075891
0.47669715
0.48476578
0.42153418
0.25620593
0.43045005
0.23957314
0.47418427
0.37131934
0.46397857
0.45017772
0.47596503
0.47132467
0.42564049
0.49248831
0.48019355
0.36701638
0.16245771
0.42037562
0.41829889
0.33569617
0.17200603
0.21400056
0.19935270
0.40546095
0.28057345
0.35834895
0.40256764
0.41519277
0.23832771
0.46352749
0.51528397
0.28889478
0.37862804
0.37403736
0.19153968
0.17588531
0.35298188
0.23560901
0.26526331
0.37864522
0.43221869
0.29675579
0.47817029
0.52604360
0.34582964
0.15330686
0.45155181
0.43473756
0.39677176
0.49217403
0.32542118
0.41012020
0.15989924
0.46165847
0.11691277
0.45179530
0.40034248
0.45369781
0.21379409
0.11575704
0.19757970
0.17152073
0.40249212
0.47083641
0.24423355
0.50110876
0.49888917
0.43574487
0.29834584
0.45171200
0.38063946
0.52021877
0.37525229
0.09421048
0.49055365
0.37480544
0.35358166
0.44320856
0.02160142
0.47483631
0.21992280
0.45466785
0.45415602
0.34939304
0.23745602
0.47232159
0.47606222
0.57253065
0.44725329
0.47376062
0.39530513
0.34956329
0.44201815
0.46094461
0.25013005
0.41500325
0.25876150
0.21250401
0.36661512
0.33855408
0.48278688
0.37815348
0.51480938
0.42921013
0.42530207
0.46011213
0.49028440
0.38790857
0.40356602
0.43070711
0.29904891
0.48943168
0.23950172
0.34122549
0.20716209
0.34909480
0.19011886
0.49974955
0.33450997
0.43358756
0.36249781
0.27691460
0.34185932
0.30699240
0.27963466
0.45343009
0.16210007
0.42311153
0.34913211
0.36228134
0.32576297
0.36143423
0.43548330
0.29838397
0.32488470
0.48998358
0.40420339
0.41208408
0.40219707
0.49133614
0.24682088
0.47997784
0.26247374
0.33805715
0.42805203
0.26156624
0.39217455
0.19815223
0.10193058
0.07922871
0.44954890
0.43789721
0.42174246
0.25123347
0.42068000
0.44914515
0.28297937
0.52481348
0.46493034
0.23085990
0.38822645
0.42541377
0.52761070
0.38831212
0.34922367
0.29342020
0.48895716
0.44026264
0.38809899
0.44407995
0.39826952
0.43992897
0.26782362
0.47248749
0.49109382
0.36009565
0.33402316
0.08083783
0.52887079
0.47372921
0.39444455
0.39646991
0.30342837
0.36536242
0.41664949
0.29353575
0.53810483
0.27699722
0.33341986
0.43095333
0.45482169
0.49677606
0.15866417
0.18566170
0.44403432
0.42603836
0.35312962
0.35998996
0.47659671
0.21230305
0.27858889
0.13172675
0.33007541
0.39886290
0.45625380
0.50853993
0.44781231
0.16101942
0.27562985
0.37946720
0.28320224
0.56183856
0.28363316
0.37091021
0.38355975
0.29895808
0.40226471
0.39879159
0.29362329
0.47109313
0.37886434
0.37493761
0.33389582
0.19990738
0.48779857
0.48443339
0.44172166
0.25641409
0.19940338
0.35612055
0.12948699
0.42195020
0.39321662
0.47276448
0.47394873
0.45278456
0.42969452
0.40543893
0.24210741
0.29261795
0.38060124
0.47658133
0.44119222
0.32280683
0.44001381
0.47371150
0.12984135
0.29239285
0.50458531
0.38681253
0.39551069
0.17818933
0.09251836
0.44196907
0.48549430
0.40128918
0.31254832
0.36191504
0.35934524
0.34575089
0.34118259
0.49278111
0.43338439
0.47861532
0.34114532
0.42841957
0.49220303
0.34311350
0.29025018
0.44340441
0.36770496
0.39666538
0.29191585
0.34722926
0.40969958
0.40841014
0.53406150
0.11707887
0.45413403
0.40389758
0.38556871
0.43880434
0.43314567
0.27883436
0.47098726
0.46591737
0.48555920
0.40573541
0.43180389
0.21603558
0.48351515
0.47684354
0.38774264
0.34359109
0.38016495
0.40302603
0.48460423
0.42402268
0.45409999
0.45687222
0.41602270
0.45888429
0.33587939
0.39018901
0.32372590
0.41598789
0.29483769
0.47608370
0.31577085
0.34588052
0.37148285
0.35554682
0.15950021
0.40739415
0.21949605
0.45801700
0.30862495
0.32177728
0.47427538
0.40086397
0.13404100
0.04727011
0.36050768
0.26868542
0.45496486
0.24826665
0.38557120
0.38335983
0.42329782
0.37921296
0.35624591
0.44717266
0.28318165
0.33688728
0.43290732
0.07624860
0.24066986
0.21886896
0.40414849
0.41587041
0.44857088
0.36347506
0.42212961
0.47565366
0.39046215
0.50883037
0.44146541
0.38759010
0.14103519
0.36549594
0.39489274
0.29703000
0.43755116
0.29411710
0.43786658
0.26412715
0.49898378
0.29470874
0.35106211
0.36655112
0.32084651
0.55492834
0.21509751
0.34066361
0.39609738
0.38843310
0.44129735
0.37152541
0.28990330
0.49358797
0.38231741
0.49409038
0.47729152
0.32793555
0.43589176
0.47541693
0.37776882
0.40960125
0.46190006
0.32212062
0.25391950
0.41188564
0.26545855
0.46184355
0.38263489
0.38821797
0.24964701
0.22698133
0.44014604
0.41080526
0.49443151
0.09983275
0.09583033
0.31925646
0.41082235
0.50269566
0.31142929
0.41667880
0.42958133
0.19918243
0.30733600
0.42568512
0.27370292
0.19880242
0.36225836
0.49284688
0.40393611
0.46595647
0.45227180
0.43853516
0.40676034
0.39619923
0.45219657
0.45469192
0.46774742
0.25665683
0.27488862
0.51757172
0.45262378
0.44097591
0.26031274
0.16864079
0.10893169
0.42125298
0.32418039
0.43281926
0.46852716
0.41046529
0.46893581
0.42295715
0.46962841
0.44108624
0.36754764
0.29217544
0.25986521
0.24199910
0.48226020
0.43583272
0.42804089
0.38329431
0.30124771
0.43091121
0.43397686
0.46185775
0.39501108
0.34903127
0.39757557
0.36495558
0.47370333
0.44250178
0.23261322
0.48022446
0.33578958
0.35563794
0.45554184
0.42834332
0.38505248
0.43106141
0.37062004
0.36244015
0.46363964
0.24721525
0.46439061
0.18163779
0.36060175
0.48084952
0.49738615
0.35819137
0.32832159
0.31249328
0.30742209
0.19555488
0.45931779
0.30761186
0.44949128
0.44168569
0.37075885
0.38383294
0.14790596
0.49654465
0.41044534
0.43868256
0.41970863
0.40194290
0.43035882
0.30651853
0.34881845
0.50087855
0.39279503
0.44490994
0.48147916
0.44040776
0.47258120
0.40991081
0.53209514
0.40863734
0.53568758
0.48110464
0.10440522
0.47254665
0.46336343
0.40402526
0.50876022
0.45009738
0.26598220
0.49823456
0.31156112
0.49081998
0.46251730
0.46828253
0.41880074
0.49306517
0.13289135
0.33330540
0.39879498
0.36586081
0.38440714
0.13574857
0.39869379
0.35405824
0.38205390
0.34098876
0.24205289
0.34244454
0.38954612
0.23840135
0.31435310
0.45497800
0.38765403
0.44163335
0.43651300
0.45590972
0.52109609
0.40542034
0.32211365
0.17172574
0.42569844
0.48170143
0.44378529
0.39489575
0.43073044
0.32678135
0.44225838
0.30007161
0.26545678
0.34599661
0.52025698
0.08603173
0.40141408
0.48230297
0.40162612
0.45836463
0.43938842
0.04582689
0.46967943
0.13622641
0.27437367
0.40018089
0.49498020
0.37093583
0.34114067
0.46141191
0.32452934
0.41078607
0.47428031
0.40919133
0.36626262
0.50030022
0.38107476
0.44304483
0.36640977
0.40499801
0.41231445
0.37928463
0.50087523
0.41884967
0.42947738
0.42182876
0.34871764
0.23213061
0.35022796
0.44462305
0.35068792
0.33777504
0.49723792
0.38822987
0.20247043
0.16102492
0.34609489
0.26753567
0.34876421
0.46492304
0.39967935
0.34754809
0.40076982
0.39281037
0.34005119
0.34977192
0.31987232
0.46725338
0.23823937
0.35838708
0.29371908
0.40082633
0.39385033
0.40137032
0.48465924
0.12964247
0.46014191
0.35463662
0.28969854
0.32629516
0.50968747
0.38122970
0.41013006
0.28101429
0.23914353
0.39381698
0.22418149
0.36165363
0.40964750
0.03733605
0.47971391
0.38804103
0.38592656
0.49179096
0.43886342
0.31582360
0.41784460
0.37831307
0.38834692
0.42419588
0.40935866
0.45340859
0.16466894
0.36656987
0.14366909
0.43620359
0.43059028
0.54430013
0.47179223
0.25002508
0.48167359
0.08042336
0.34435481
0.49108943
0.42050627
0.27861091
0.27884751
0.48835776
0.27289294
0.44297998
0.51228799
0.42908972
0.43586840
0.38918488
0.33253599
0.32317618
0.47075817
0.47069773
0.46624838
0.44672529
0.43641343
0.38470645
0.07156581
0.44225965
0.49199219
0.44696495
0.41495072
0.36372026
0.38313916
0.37732096
0.37975345
0.34810126
0.37967916
0.36433979
0.45876708
0.44807090
0.42507629
0.48976714
0.29383171
0.38381958
0.48839632
0.28706982
0.45785930
0.47583162
0.44638740
0.47232007
0.33340856
0.09136442
0.41266137
0.14716604
0.14004887
0.45203999
0.36073434
0.05027849
0.42279358
0.38364950
0.14892886
0.26288716
0.22060119
0.38867409
0.19219366
0.41696610
0.45767492
0.37770285
0.29674777
0.33007570
0.37788886
0.43098797
0.19275721
0.42064744
0.45596431
0.10521944
0.49614248
0.31133949
0.47501391
0.50707702
0.42619946
0.07415085
0.38390466
0.39782019
0.49912500
0.51270268
0.03601319
0.39371922
0.36669865
0.50618277
0.39959331
0.37607391
0.49071784
0.26172667
0.41308797
0.38720403
0.51778481
0.29699187
0.19328428
0.45201351
0.04892163
0.48417648
0.25728169
0.37008118
0.33696963
0.37459417
0.29419475
0.49868301
0.37086794
0.35855468
0.42482215
0.28364223
0.38945088
0.30206108
0.39033097
0.49292930
0.40162766
0.42218340
0.24395335
0.16630936
0.26523029
0.40780988
0.47929129
0.41628111
0.51394329
0.50095034
0.48679562
0.17776165
0.32739217
0.26983499
0.36076813
0.41485038
0.24329921
0.34172685
0.42565617
0.36136261
0.48994257
0.45580932
0.29589639
0.32822830
0.47773844
0.28516476
0.45275254
0.39524546
0.24994182
0.27563137
0.07163778
0.25680835
0.21810432
0.43309872
0.44116640
0.25364485
0.44241624
0.48281089
0.41703783
0.05041458
0.42536742
0.28155860
0.48897867
0.16962391
0.39867124
0.40847315
0.44487528
0.46320199
0.44341740
0.31794580
0.47080495
0.31167729
0.44484364
0.12195407
0.41192777
0.38235372
0.43685713
0.33962134
0.28637918
0.19126089
0.39725831
0.39562035
0.46131862
0.48749200
0.43903533
0.23702526
0.29508236
0.45838554
0.35223079
0.11463425
0.39788210
0.14179654
0.43021368
0.36209345
0.47577700
0.26956768
0.48270871
0.41604220
0.11950061
0.29939950
0.42890603
0.51066873
0.04356687
0.45697803
0.45049004
0.02403343
0.37466620
0.37555685
0.00712692
0.31339230
0.41391337
0.14991035
0.40403338
0.15277673
0.48518309
0.48671433
0.44526493
0.51946098
0.38319834
0.48230331
0.32712273
0.52750861
0.21496404
0.27976161
0.39213399
0.24864764
0.36474206
0.08745266
0.25707843
0.29002206
0.48244412
0.17216988
0.33769635
0.42778241
0.48724591
0.50798166
0.40575032
0.35414976
0.42295167
0.37943841
0.46417413
0.36806271
0.46339327
0.48249537
0.12689675
0.41159756
0.41750147
0.44990692
0.15406663
0.34221017
0.41828079
0.16515509
0.47042779
0.44354104
0.45058520
0.42928670
0.02985932
0.49254170
0.32583577
0.48444714
0.26515081
0.17503589
0.38240414
0.44096372
0.40246244
0.19199875
0.26006813
0.10631176
0.11319533
0.48018481
0.48579387
0.42593336
0.34559971
0.14153292
0.32923262
0.39174911
0.47627064
0.34681096
0.36991207
0.11600644
0.46468671
0.45459860
0.51772371
0.43084913
0.19599279
0.39689730
0.28593823
0.20954213
0.41275162
0.45686588
0.38593487
0.41580597
0.36023127
0.35180913
0.33494770
0.41770951
0.44684694
0.45944604
0.51353933
0.34983862
0.50124276
0.07625395
0.44825043
0.39839442
0.34706190
0.42356919
0.46431032
0.27122403
0.41553636
0.23803883
0.46726257
0.50261202
0.31915068
0.36116186
0.42503692
0.47518314
0.47110096
0.29211331
0.30344767
0.40894321
0.08001829
0.42783146
0.29586717
0.32921380
0.46569576
0.18315286
0.12579352
0.30230672
0.41447825
0.45941401
0.16700700
0.35449422
0.37146563
0.43713801
0.43918642
0.47928952
0.23975439
0.52299496
0.39705256
0.46573692
0.35160132
0.29452254
0.29619277
0.46097791
0.38078662
0.46983385
0.46628577
0.35275683
0.38384381
0.25955538
0.36288737
0.17034243
0.42547530
0.41555773
0.45987713
0.35946996
0.22482884
0.30334383
0.38796969
0.42659411
0.39011532
0.45508468
0.42795077
0.07050338
0.29538797
0.30217084
0.29263100
0.35418724
0.31998164
0.27566371
0.49833895
0.18864508
0.40263768
0.37702938
0.24724902
0.01038627
0.24965917
0.44522803
0.24745965
0.36074822
0.39452855
0.45005729
0.12536906
0.44526060
0.25618666
0.39635926
0.34898094
0.40137924
0.41539687
0.46255446
0.47585325
0.41646211
0.29351034
0.49845750
0.41737377
0.29190364
0.49135750
0.48735621
0.40519956
0.11803063
0.32629171
0.39886467
0.20561264
0.19307846
0.26255293
0.54584708
0.16270164
0.37300648
0.37605720
0.46367263
0.35048980
0.08900500
0.46304539
0.29479688
0.47411902
0.42100808
0.35800368
0.42279748
0.54028399
0.28295035
0.45107328
0.36347831
0.44080836
0.36564799
0.45078059
0.31004983
0.35524513
0.48399581
0.34311572
0.29996480
0.37564146
0.15952398
0.43736067
0.49729580
0.28976291
0.44102208
0.16856825
0.37914085
0.40926017
0.37753992
0.45744784
0.44708573
0.36463209
0.49789713
0.42940539
0.24546756
0.46202704
0.38623273
0.46899522
0.38359199
0.45021034
0.29793185
0.27027694
0.05999370
0.33405889
0.39301460
0.13864462
0.35135299
0.31873960
0.34304440
0.32490272
0.43510643
0.29481009
0.44983116
0.45882875
0.35244629
0.33888978
0.16238874
0.47716252
0.39107169
0.38236121
0.45078503
0.40425427
0.50447572
0.27954571
0.25390112
0.21713586
0.33563413
0.40117249
0.25671449
0.33399494
0.41615462
0.36419198
0.35407885
0.30017025
0.31480604
0.41042457
0.40392290
0.31634234
0.33912269
0.45111719
0.42544554
0.27917907
0.40190324
0.40620234
0.36119926
0.42448107
0.48105277
0.41409188
0.16556965
0.36531490
0.38664562
0.49893607
0.47067567
0.39661239
0.41035557
0.47339193
0.30972982
0.44116367
0.50333553
0.17609206
0.45905095
0.15766943
0.39669790
0.34681761
0.45385357
0.38853943
0.45421786
0.29373854
0.39230797
0.44778541
0.34317911
0.38329530
0.41651468
0.19760593
0.31763557
0.42321296
0.36818324
0.40164626
0.50980331
0.11530718
0.36907075
0.38341625
0.48886386
0.50804199
0.49137124
0.49258275
0.37606379
0.33404779
0.41005367
0.38780133
0.28148879
0.29476227
0.46800487
0.41375383
0.35306116
0.49065188
0.39731467
0.37267011
0.52613167
0.40809550
0.19688918
0.47899544
0.33682354
0.28605531
0.46202104
0.46784116
0.44716648
0.20494841
0.48206340
0.43328452
0.30043280
0.44580507
0.23121680
0.36249980
0.38260404
0.24461099
0.29682622
0.52080800
0.44068171
0.47301903
0.33173824
0.47728708
0.18663929
0.43462691
0.44410039
0.23938753
0.31373086
0.12379955
0.40168079
0.48896722
0.48606762
0.38660456
0.49403811
0.26636142
0.54452698
0.38904619
0.38496677
0.27340595
0.44151836
0.11931020
0.15302855
0.40020271
0.26330770
0.46345264
0.24622980
0.19844394
0.46156300
0.48384377
0.08303073
0.29245990
0.23684434
0.37589370
0.10774123
0.37483618
0.38971968
0.36075925
0.40564965
0.37196256
0.50536508
0.42111111
0.35872364
0.51132158
0.44981289
0.25379613
0.17146482
0.03367850
0.32069106
0.29716082
0.34614268
0.30458361
0.40711963
0.45699248
0.37508596
0.39305590
0.41532962
0.41611756
0.40614072
0.39933582
0.32600305
0.34653112
0.49677518
0.26877807
0.51683746
0.39540359
0.44898325
0.23653740
0.50214573
0.45880427
0.37001964
0.22727255
0.45161214
0.24545123
0.38630911
0.38593664
0.40332656
0.31480004
0.52421348
0.28808044
0.47890811
0.45355248
0.40031777
0.47114912
0.29730176
0.43590152
0.52311463
0.39611594
0.40467768
0.48308631
0.49023257
0.45882417
0.30488403
0.48109012
0.42239209
0.41419382
0.26446468
0.44274995
0.43549267
0.38034534
0.52657338
0.38080385
0.22853520
0.50695414
0.47876306
0.43289376
0.43912972
0.35519257
0.35359595
0.46577993
0.43942084
0.24111249
0.43158482
0.42469874
0.39614287
0.44111622
0.22810293
0.45159323
0.32334419
0.53467650
0.41836044
0.35441103
0.24097420
0.45291182
0.42871367
0.30968948
0.35261310
0.47104367
0.35838821
0.06704068
0.48239670
0.12725320
0.18823685
0.41205506
0.24851115
0.36645558
0.38873679
0.37097853
0.31942100
0.33750117
0.27782286
0.31762231
0.47372282
0.19994821
0.43556494
0.34840103
0.38703958
0.39810837
0.40963420
0.37567430
0.38555065
0.39369188
0.47842474
0.43877998
0.34900704
0.49189927
0.44141223
0.38366388
0.19555687
0.47590830
0.48269667
0.47721426
0.47439809
0.39671347
0.31403586
0.44756046
0.15107180
0.43841927
0.42912449
0.44367115
0.26052824
0.40616312
0.40882738
0.23164076
0.49198769
0.34726853
0.38898983
0.51102946
0.14191360
0.46440991
0.44410836
0.42816670
0.06990157
0.40956731
0.49081302
0.17896007
0.34247560
0.19094165
0.23381518
0.43106767
0.46479110
0.03790870
0.48624847
0.26826092
0.41861373
0.38029136
0.37302202
0.53914273
0.44322543
0.44853361
0.37730144
0.35471737
0.46447480
0.44420602
0.35910968
0.25872612
0.34607319
0.46322921
0.41230832
0.47044487
0.47403592
0.36294839
0.32146526
0.30143483
0.44125123
0.43089741
0.47084114
0.37443824
0.42012034
0.45223605
0.32990104
0.31551372
0.30457107
0.38968937
0.43636728
0.16835047
0.42405872
0.51251325
0.06183755
0.47708140
0.39720556
0.33676920
0.34784948
0.33464820
0.38714910
0.35843856
0.34081958
0.39045007
0.43798532
0.32144885
0.49804230
0.32081740
0.35938346
0.37821000
0.19732721
0.11376208
0.48684919
0.41669031
0.37197979
0.28168466
0.32407514
0.39330481
0.06183318
0.44265401
0.36512645
0.32499771
0.18587346
0.39396800
0.43950739
0.27358155
0.40621984
0.51864424
0.49880018
0.41131880
0.18188631
0.34969693
0.42934460
0.34581469
0.28769523
0.30380000
0.35317722
0.46988002
0.47706209
0.20384598
0.49628232
0.40250332
0.40694859
0.46261914
0.32641564
0.19097064
0.39487999
0.39976890
0.47593313
0.43680739
0.47662237
0.10881975
0.34533231
0.12393191
0.42527683
0.30546182
0.04811948
0.31540847
0.43427202
0.06223511
0.43694639
0.25065377
0.47994690
0.49399172
0.30431074
0.27889061
0.04478215
0.35982115
0.39736790
0.31436926
0.38190046
0.27424960
0.23517897
0.42512037
0.41015835
0.40570723
0.39849724
0.37371310
0.44581210
0.45413852
0.49416686
0.35029989
0.41877537
0.40374280
0.48184059
0.46538391
0.28800178
0.35468912
0.52874183
0.18079449
0.35238472
0.45494160
0.42570448
0.21289334
0.36804373
0.27047787
0.39881237
0.35424709
0.05734405
0.44369868
0.41483902
0.26251399
0.07223217
0.43400123
0.16792647
0.40314209
0.35214001
0.30747813
0.44742140
0.15568000
0.48211361
0.11148933
0.33869601
0.44712823
0.43192281
0.20879713
0.20869324
0.39195899
0.44380221
0.51915162
0.54782588
0.18356056
0.20657782
0.43970407
0.45836717
0.41041010
0.36748286
0.23186466
0.42813009
0.44433766
0.44199492
0.45137669
0.32541440
0.40211020
0.41558811
0.43170631
0.41668132
0.50153209
0.29130978
0.34504705
0.32142583
0.45606980
0.45972898
0.52093507
0.28887238
0.40089128
0.39601211
0.29822360
0.47223883
0.32460265
0.04617148
0.38028995
0.55382151
0.31881401
0.49558858
0.37703127
0.43857105
0.30514981
0.42986050
0.40265669
0.41030992
0.41934312
0.44791266
0.41409050
0.46850755
0.32307017
0.15208965
0.41034581
0.47544089
0.29350461
0.39672758
0.36228918
0.17325020
0.46678091
0.36651583
0.54260186
0.05641185
0.26579442
0.46167847
0.40194578
0.49005217
0.50015410
0.48664321
0.40735854
0.20327421
0.30673117
0.46886029
0.39224047
0.41257245
0.19808697
0.43170770
0.44715638
0.46817062
0.32735384
0.37352620
0.28444867
0.48123353
0.50137128
0.41239936
0.42624956
0.31318480
0.45182024
0.08394459
0.02763356
0.52120525
0.43843328
0.30541776
0.43525185
0.30527515
0.37153725
0.45374130
0.43847074
0.44209105
0.22342714
0.48069417
0.41558719
0.45615052
0.42469633
0.17283718
0.43570694
0.25132952
0.36718025
0.34272983
0.38696314
0.15251769
0.32141050
0.42683391
0.12805352
0.33033197
0.27828382
0.42443877
0.47601521
0.48754362
0.25207111
0.40502843
0.12560031
0.36771562
0.23025938
0.48451944
0.19311967
0.30130545
0.27912043
0.47788254
0.32382413
0.32800467
0.32686375
0.42356721
0.31976168
0.25012625
0.43466395
0.46298587
0.27283400
0.33477917
0.29260504
0.45094236
0.49991254
0.15960979
0.32044513
0.26534284
0.34859297
0.49806017
0.43032180
0.33906388
0.39733228
0.47543884
0.47251888
0.41195353
0.43562908
0.38039004
0.42821332
0.42134130
0.42059907
0.09884654
0.40944236
0.45380918
0.34280051
0.40117286
0.31488003
0.43360218
0.16552324
0.29800088
0.43725209
0.33530564
0.43737559
0.43224368
0.43046999
0.40129690
0.47086390
0.21331666
0.45694500
0.36680564
0.45701383
0.43030349
0.45922015
0.42555005
0.33853578
0.10992034
0.36585499
0.43581750
0.18052524
0.11768851
0.46190148
0.32031413
0.19250060
0.39355984
0.31321689
0.37452492
0.44163818
0.25459882
0.44527688
0.44646463
0.43491265
0.37729225
0.32057680
0.41229121
0.12520366
0.50612424
0.44121908
0.50253950
0.36896191
0.45619057
0.37029728
0.48344443
0.41837740
0.41728242
0.41252892
0.39643569
0.34198975
0.49198112
0.12386690
0.15886849
0.46195736
0.41757049
0.34273174
0.38619581
0.41351040
0.38319491
0.42529785
0.45876090
0.51002713
0.42452247
0.44705583
0.36392879
0.40171314
0.41260974
0.46753011
0.47399620
0.38724290
0.41924149
0.43853630
0.35338252
0.43301494
0.16006749
0.32464607
0.34211126
0.03362028
0.25935894
0.28041109
0.28248310
0.38026671
0.43848642
0.41858793
0.37720603
0.49904182
0.37366501
0.47429253
0.35018004
0.50879762
0.40107114
0.31608360
0.43941662
0.37379989
0.46376020
0.39567327
0.51267735
0.18322309
0.08007395
0.26486992
0.47888377
0.44812175
0.41505293
0.28550363
0.03528144
0.32346154
0.48034936
0.44780992
0.23032390
0.44136622
0.34343782
0.51502533
0.37731726
0.17905256
0.42489923
0.45564573
0.33686449
0.16468565
0.28759741
0.37827724
0.44986199
0.43476953
0.33136641
0.45322265
0.20178096
0.24202239
0.25184264
0.45969579
0.42937178
0.17946367
0.35608156
0.26313192
0.41457566
0.40018826
0.49500198
0.05302032
0.26193129
0.45955599
0.42279277
0.12147818
0.13343669
0.34921730
0.41496927
0.15109290
0.45219363
0.37453882
0.33658565
0.24058539
0.39078057
0.17608852
0.43114089
0.50948769
0.40586345
0.47672543
0.55225255
0.28078799
0.56049269
0.28404287
0.30498301
0.33437193
0.48256804
0.45605340
0.48224160
0.37385497
0.47161959
0.47244758
0.41396961
0.47826696
0.20525277
0.44712844
0.43478869
0.50255249
0.31877485
0.26602458
0.47236747
0.42952835
0.24876444
0.13043258
0.49653675
0.08930635
0.45550331
0.05658194
0.42693592
0.48887059
0.42304854
0.32353277
0.43856885
0.20407162
0.28708122
0.43685433
0.47747446
0.25009256
0.34283655
0.38057447
0.36918877
0.44107535
0.34169380
0.32421449
0.22225583
0.36539114
0.43426467
0.53412986
0.40963873
0.44827010
0.49442044
0.45448015
0.47560277
0.38782442
0.32540400
0.47281637
0.36952555
0.14533615
0.37315621
0.08501361
0.51160076
0.39925430
0.45542744
0.43976678
0.38423715
0.36474839
0.31333381
0.48762253
0.46126747
0.07694774
0.45248372
0.47258541
0.38947287
0.40508261
0.44588249
0.45207924
0.43382259
0.32356870
0.37651382
0.38964685
0.39388350
0.42251473
0.33799593
0.15593789
0.46329350
0.43651805
0.09388031
0.44034432
0.47186849
0.23925857
0.26025599
0.49840755
0.47296082
0.32673900
0.38180449
0.12614735
0.37429911
0.43916618
0.31578591
0.49424884
0.45342389
0.50412716
0.23493052
0.37512328
0.38646452
0.49909725
0.00845965
0.37052170
0.41823207
0.46639535
0.27729480
0.38946300
0.21995471
0.33302158
0.38036011
0.05305843
0.35284719
0.40958752
0.47038804
0.42017428
0.19811300
0.30936870
0.52319407
0.37208701
0.41388130
0.39677356
0.45337865
0.43421263
0.16238385
0.37330325
0.32741666
0.43297062
0.13664602
0.02232505
0.05377296
0.49564083
0.35909677
0.44887865
0.47213467
0.37737594
0.38063102
0.45972618
0.44121232
0.40458634
0.36736621
0.42806727
0.31094004
0.43249387
0.35862733
0.30134772
0.42702386
0.23510175
0.43465634
0.36298677
0.42710206
0.50920560
0.37117232
0.10055627
0.38817743
0.47816882
0.22943619
0.17711169
0.42186334
0.21257553
0.42448099
0.36957908
0.36567370
0.34316353
0.51477455
0.41345471
0.39555010
0.45050275
0.38935901
0.46217435
0.47914608
0.33399102
0.37778859
0.45393413
0.41670535
0.48246260
0.06055551
0.43096662
0.42492052
0.40989300
0.36476035
0.34422072
0.26431907
0.38172414
0.27873704
0.13231418
0.30031259
0.40648569
0.49040458
0.29475799
0.53642945
0.39488059
0.35758274
0.44086490
0.30118737
0.48386308
0.47804439
0.42835977
0.46419919
0.22891563
0.32234755
0.35047619
0.45395719
0.47858339
0.49200145
0.14076675
0.08777113
0.42330626
0.30302309
0.39648375
0.36247892
0.28506071
0.49682724
0.14458706
0.35991322
0.25356032
0.40365361
0.26083910
0.41024322
0.38492708
0.30019597
0.09674610
0.34276021
0.36066958
0.48692002
0.38248104
0.45494429
0.25618716
0.43585403
0.40659882
0.40033377
0.42705013
0.41906704
0.33153992
0.46852060
0.43999798
0.43944855
0.25707180
0.39694783
0.25906434
0.31720060
0.00397672
0.46713485
0.46104369
0.40386890
0.40516971
0.21891288
0.31270347
0.48060093
0.31026035
0.45095473
0.29195030
0.49142755
0.38158875
0.24194803
0.36693664
0.44882800
0.47467998
0.29941351
0.44951900
0.49019022
0.20549399
0.16540847
0.16347228
0.40504774
0.46843210
0.44041773
0.39334555
0.40100290
0.40923990
0.47430109
0.45617501
0.23188122
0.41573389
0.36791728
0.12814370
0.41943992
0.45133512
0.41173917
0.40891898
0.44919526
0.48818289
0.40267188
0.37343473
0.22811481
0.41870081
0.43357998
0.43650601
0.29810194
0.42859951
0.36076691
0.25068742
0.18126566
0.37222867
0.19979446
0.45230844
0.41059888
0.39707076
0.47918046
0.48001871
0.52206794
0.50730669
0.37356342
0.41917629
0.41901008
0.47853806
0.56121402
0.46752241
0.11410545
0.25968732
0.51240406
0.22603591
0.35986960
0.29788580
0.39647188
0.39357838
0.37805450
0.26191634
0.42651961
0.28830552
0.47806983
0.20208858
0.23331490
0.45230168
0.38454218
0.51821348
0.25368730
0.43845268
0.46282570
0.33258721
0.50799420
0.33839287
0.32395497
0.40957282
0.43956433
0.48306938
0.45627348
0.44076559
0.11741414
0.07938507
0.40441027
0.40620459
0.29142617
0.37228034
0.39976695
0.42304702
0.34371408
0.36590770
0.11355951
0.28556612
0.37469188
0.44857577
0.24003101
0.39352697
0.08595810
0.27003886
0.49818627
0.28207255
0.24597584
0.10044849
0.40280868
0.38350131
0.23848774
0.36806487
0.43029690
0.14847819
0.13501129
0.27630718
0.42261484
0.37630500
0.42654406
0.49496501
0.33891529
0.44711578
0.36671441
0.38964942
0.19678118
0.42311364
0.52251566
0.39281794
0.43909453
0.44565745
0.40868141
0.07664233
0.39541550
0.09921240
0.46200126
0.36380099
0.41691588
0.44896198
0.47447923
0.45440514
0.50600124
0.32341764
0.44190847
0.25065988
0.16428365
0.40560993
0.41548203
0.25998540
0.40299290
0.42460846
0.39868782
0.40976425
0.39012248
0.42184739
0.41896515
0.26773845
0.42131663
0.37058288
0.37943741
0.30102237
0.34992475
0.45302204
0.40536328
0.43068484
0.39753131
0.44728017
0.35846133
0.39776055
0.49585802
0.43955983
0.41421707
0.05821568
0.36826976
0.45965306
0.55494956
0.12385752
0.44298438
0.33311280
0.45843093
0.48622158
0.53772638
0.36998849
0.43563667
0.13717289
0.22676718
0.42936351
0.19047836
0.30981138
0.33728232
0.47851930
0.52564656
0.50276316
0.43446776
0.39060111
0.39435883
0.16977760
0.31352955
0.33365850
0.33402265
0.32375276
0.33543076
0.13639326
0.33826575
0.21415435
0.24143017
0.07631981
0.43851627
0.20539268
0.49715032
0.11466812
0.24892306
0.39213458
0.47193823
0.40683600
0.29334385
0.48706582
0.41483429
0.33724368
0.47656584
0.39176307
0.43886670
0.42978159
0.38572112
0.45805386
0.49394014
0.39445003
0.15052663
0.40795602
0.51569144
0.48888361
0.42403500
0.50234188
0.06270210
0.48061038
0.42247998
0.40718547
0.31829848
0.42517213
0.54765436
0.44258013
0.23205600
0.22878646
0.18636376
0.29935508
0.29688934
0.36129592
0.46619145
0.10508958
0.45746515
0.34636169
0.35799570
0.47081024
0.12285350
0.22146918
0.30766248
0.50495455
0.21808990
0.46980309
0.47929805
0.30023957
0.20651291
0.44915040
0.41122532
0.11558150
0.49810767
0.42202078
0.19196181
0.47738631
0.27618806
0.32634076
0.22931392
0.41941314
0.50654356
0.46193726
0.13790444
0.20118398
0.22735368
0.18380777
0.25162772
0.37937517
0.14965406
0.38817881
0.36472999
0.48455305
0.36555528
0.37687357
0.42109875
0.31971476
0.34278021
0.45186054
0.15491585
0.32275847
0.44674043
0.43826195
0.20126359
0.46001928
0.27221917
0.01742308
0.45029878
0.56057031
0.22028016
0.29313877
0.41033637
0.44150208
0.32005708
0.27441805
0.54597826
0.40340681
0.38598668
0.32984130
0.38980827
0.20458310
0.31366880
0.42037096
0.43551353
0.45698727
0.42692698
0.35911693
0.46000576
0.39384221
0.30652115
0.46680513
0.29227082
0.46494258
0.41083275
0.14148525
0.31736594
0.41183810
0.39833641
0.35681644
0.40317414
0.23688777
0.24398317
0.41589667
0.45135965
0.27963565
0.45702522
0.16067534
0.25035455
0.47726705
0.44824676
0.45981979
0.41555923
0.43058760
0.53640222
0.33720311
0.42611900
0.47510007
0.50215336
0.48242615
0.41993544
0.15578790
0.45961502
0.22864142
0.18330325
0.44546280
0.33474492
0.32284098
0.23150504
0.41095475
0.44807813
0.40781442
0.43460946
0.36420337
0.44564757
0.29843343
0.48759120
0.06328984
0.42863813
0.38747710
0.18253465
0.41878769
0.38590940
0.36772118
0.22783068
0.31597791
0.34322148
0.38746732
0.29047030
0.39516508
0.29173936
0.46895300
0.37903330
0.28464216
0.26064955
0.44009668
0.41829592
0.46560106
0.41918737
0.32948236
0.17971956
0.46514356
0.27610807
0.27573595
0.41518509
0.24966473
0.40624681
0.41643206
0.45363256
0.33720530
0.17557533
0.28782126
0.51069260
0.36165589
0.50920845
0.48166999
0.43465672
0.27490592
0.33066861
0.45803486
0.45863917
0.23357605
0.39710238
0.38585151
0.30047161
0.39449898
0.35663684
0.36932945
0.41246434
0.44593315
0.32751350
0.13956006
0.32234860
0.51404978
0.17779008
0.29073436
0.31947647
0.32853789
0.46011530
0.48690482
0.22192114
0.32995595
0.42680345
0.31558063
0.39834327
0.49159231
0.50158961
0.36148342
0.42309768
0.34923256
0.30620787
0.39763805
0.40213452
0.30514957
0.30570550
0.26044999
0.42865391
0.11633143
0.15576502
0.44126488
0.44428611
0.42469999
0.42150595
0.26616323
0.25633980
0.47404409
0.44451653
0.14161336
0.21206604
0.38250814
0.44834904
0.30638691
0.49418889
0.46278564
0.39495392
0.39300668
0.43187980
0.48126447
0.36632805
0.35368541
0.40852852
0.34102588
0.14380132
0.34406922
0.10162545
0.45027626
0.25855776
0.37000684
0.40809373
0.31971290
0.38138557
0.47776275
0.41121388
0.30822740
0.32812106
0.48815980
0.47312376
0.47101164
0.52342486
0.51304597
0.50925333
0.13755970
0.26614419
0.49922170
0.42479249
0.33804000
0.35938998
0.35320698
0.32770408
0.06541601
0.35575952
0.34058238
0.46707576
0.39897703
0.35761115
0.09215705
0.53009879
0.40159921
0.52067125
0.45427669
0.43470006
0.38384759
0.36277759
0.41164961
0.16914485
0.39313112
0.22544112
0.29845567
0.20994113
0.40907943
0.43970405
0.41639843
0.18883336
0.50526796
0.45658843
0.27816056
0.18187705
0.48379164
0.42443757
0.32721044
0.30370305
0.35860410
0.51371401
0.43900436
0.36349911
0.44294096
0.39827608
0.09789078
0.49505194
0.29132283
0.53105726
0.43658044
0.48556742
0.14185528
0.46971080
0.17790175
0.19953181
0.22321908
0.41195265
0.47835417
0.48151571
0.38076010
0.34820992
0.36109306
0.29560327
0.24502419
0.42545570
0.40715979
0.47427089
0.28038523
0.28311875
0.11998252
0.43976884
0.41182967
0.45094952
0.39662882
0.28284212
0.39340251
0.46862998
0.37931401
0.23406061
0.37474343
0.37583412
0.51588664
0.29879387
0.50252260
0.49721696
0.49270105
0.42897301
0.47698056
0.47316273
0.45813952
0.52629265
0.50843637
0.47325225
0.21907299
0.46455433
0.48706387
0.44839246
0.50460548
0.16952567
0.14051647
0.39969679
0.47864882
0.49992803
0.23739556
0.31725507
0.36648197
0.12965249
0.43388580
0.43084577
0.28978644
0.34351658
0.40495455
0.36634256
0.51389220
0.19325675
0.46580742
0.41199491
0.44073235
0.16306918
0.35488767
0.26238231
0.49870895
0.37447149
0.40619110
0.38711243
0.52124368
0.31264500
0.39469311
0.34263021
0.42748448
0.35789020
0.34989232
0.41233597
0.26589400
0.25570323
0.43809772
0.32288150
0.51296799
0.53124696
0.30174789
0.41585471
0.48186524
0.46647217
0.43805649
0.22750730
0.02580795
0.24275845
0.49237047
0.24515614
0.37056406
0.39462435
0.37901445
0.23273151
0.05258483
0.20725612
0.39692798
0.40717718
0.31300252
0.41492817
0.19043479
0.18288493
0.53182657
0.28031503
0.32621381
0.41320091
0.44250708
0.17329938
0.39978996
0.41856533
0.24698393
0.41563533
0.35861291
0.46844060
0.43030231
0.36891715
0.39483578
0.15766184
0.47621627
0.36501987
0.41017179
0.37384735
0.52229652
0.37210502
0.41790854
0.30977265
0.41493618
0.41236929
0.37721665
0.48208920
0.14175606
0.28218677
0.34695639
0.47605274
0.42500260
0.27150958
0.32093049
0.39935687
0.43962131
0.37923744
0.43127699
0.47026508
0.40382048
0.07235913
0.17526716
0.43500028
0.30179377
0.39035252
0.46605596
0.32551432
0.45427234
0.48102835
0.46000571
0.23508343
0.39515999
0.42370463
0.48934539
0.18356029
0.14201278
0.39306665
0.39268245
0.47661290
0.38975111
0.42966717
0.41087431
0.37532325
0.40546616
0.23653268
0.28779929
0.49658685
0.23829632
0.41115731
0.18176062
0.35587289
0.24066272
0.54792101
0.40218525
0.46738306
0.49348186
0.47759919
0.32653191
0.45078945
0.32558566
0.30358338
0.44203730
0.24199526
0.52728086
0.41010788
0.39595398
0.12343136
0.51058594
0.35085924
0.26655265
0.51865577
0.43081527
0.46178979
0.43203063
0.42966726
0.42453556
0.48278608
0.01176590
0.46769545
0.31790474
0.16745953
0.33865729
0.42833986
0.25097720
0.43967897
0.44276364
0.38268110
0.45883124
0.16429297
0.27030297
0.32234813
0.09977781
0.44448379
0.33776550
0.39255673
0.32772897
0.36855618
0.38062583
0.40903380
0.44124673
0.36715134
0.42483846
0.38800394
0.22500300
0.49732041
0.37098171
0.46193325
0.30001055
0.42949750
0.45724952
0.14243496
0.47330190
0.45357299
0.18255654
0.46925708
0.42198733
0.44846051
0.28749609
0.37841925
0.25067810
0.45777674
0.47861518
0.28199536
0.40233290
0.43806666
0.43314848
0.34252338
0.22293700
0.50353925
0.53855635
0.29947969
0.42577996
0.47134623
0.00372748
0.35214871
0.16011080
0.08795324
0.37987049
0.43999092
0.37567356
0.05290336
0.47542490
0.52386191
0.34763872
0.38281336
0.40140177
0.44882453
0.45651706
0.45459518
0.14793633
0.14019087
0.38121879
0.36818109
0.40363350
0.34216189
0.35008776
0.46667625
0.43510615
0.43906885
0.43468132
0.36691505
0.22359788
0.39488375
0.24520092
0.31331904
0.26322248
0.32557878
0.22584678
0.28455112
0.38439012
0.34232555
0.29390135
0.31923826
0.40303344
0.52422668
0.47861036
0.42099316
0.40092529
0.24974866
0.11954077
0.44367868
0.38679221
0.39233509
0.43352838
0.03134874
0.09290151
0.37780166
0.47936899
0.39372401
0.28987516
0.45929672
0.43209731
0.44413250
0.36971031
0.32122977
0.49097445
0.39929668
0.36285372
0.43568284
0.25609832
0.22404655
0.34771725
0.44816713
0.35173189
0.36427446
0.44576780
0.18672023
0.34249275
0.42633017
0.45395712
0.24217935
0.40091835
0.38952412
0.43501971
0.26376445
0.15536004
0.34437828
0.34964131
0.42368169
0.45073376
0.41411640
0.37335202
0.48044456
0.39400944
0.43911794
0.30321302
0.49920818
0.32701828
0.39597304
0.30864079
0.27550603
0.42838693
0.46108056
0.43497245
0.39501313
0.32515963
0.36166014
0.17817105
0.27242561
0.47709787
0.41797007
0.35819277
0.41166427
0.41424848
0.24643309
0.25159583
0.38568060
0.50741620
0.40042299
0.43955523
0.13055882
0.41625289
0.25677017
0.13640809
0.46736060
0.28610673
0.27289265
0.39696041
0.33938852
0.44040826
0.45826316
0.48757785
0.39979597
0.47553923
0.33307858
0.28953914
0.15067218
0.31298347
0.52748093
0.40938932
0.22275062
0.51511457
0.45927020
0.38114242
0.44360249
0.42997832
0.37681910
0.46045353
0.35744968
0.33628676
0.39572801
0.41835922
0.46142933
0.32077854
0.20351310
0.33732071
0.35275045
0.31769176
0.41603936
0.34452915
0.42499145
0.27526354
0.35349011
0.28870716
0.40540503
0.33600296
0.16977460
0.51899354
0.29624293
0.45755793
0.36720461
0.47511655
0.42157527
0.45327395
0.29693939
0.45428815
0.40769800
0.36013404
0.39042296
0.48307831
0.50207514
0.46668356
0.29070091
0.15034927
0.18832598
0.44233239
0.35973819
0.35439387
0.42545491
0.44043451
0.38842562
0.37514838
0.45167284
0.41421677
0.36541030
0.49847066
0.35409880
0.49279330
0.37601817
0.40094243
0.37637503
0.30925084
0.45422122
0.44654202
0.36968919
0.26032493
0.46394070
0.12870033
0.39121363
0.48821372
0.44258469
0.46635457
0.31568473
0.44609491
0.38082280
0.46596586
0.45602576
0.32961753
0.44945420
0.51343703
0.38472276
0.45159885
0.45695054
0.18306918
0.47674802
0.31850963
0.40734731
0.48385389
0.23253832
0.46311765
0.37616226
0.32255823
0.35315718
0.45852673
0.22319378
0.46340379
0.25416496
0.23130466
0.47265120
0.35916797
0.20988480
0.28653190
0.36192976
0.16762768
0.38396728
0.36482003
0.36303926
0.47284990
0.12638686
0.39547236
0.38294260
0.41513201
0.45499411
0.40102012
0.41499448
0.40538708
0.09982969
0.28987928
0.28672579
0.36087988
0.46524441
0.43918241
0.36533101
0.14135201
0.48192221
0.50599427
0.48536166
0.39975393
0.15816999
0.42497660
0.52287524
0.44143223
0.44293944
0.35426496
0.28657332
0.41736374
0.48502687
0.46533935
0.42868943
0.27267337
0.30528318
0.16526747
0.48296773
0.28474268
0.38367441
0.38510774
0.44208683
0.44656502
0.29411841
0.02867557
0.47624647
0.50599741
0.45053689
0.37542620
0.21121368
0.31077465
0.41540702
0.46964197
0.36521051
0.03418082
0.37670871
0.34921365
0.44813471
0.32496801
0.02558325
0.46925178
0.43101662
0.37718849
0.49987021
0.38899824
0.50272417
0.45216633
0.43073339
0.33097190
0.35983657
0.45844510
0.36822050
0.46239226
0.34117716
0.30351060
0.47602917
0.42163740
0.40577457
0.45708770
0.37894248
0.28191781
0.38126092
0.45789770
0.10432866
0.46926546
0.47485837
0.47819837
0.31407332
0.45167048
0.43339095
0.30175083
0.42010274
0.39070158
0.33366676
0.19784507
0.46410464
0.43461321
0.05384250
0.50327229
0.46862761
0.44223339
0.38675053
0.14867586
0.45853721
0.36759660
0.54687563
0.40555691
0.15191822
0.40103313
0.46939810
0.28152271
0.49634284
0.37173818
0.27357281
0.24721191
0.39139300
0.28377869
0.46094472
0.18939601
0.33963871
0.40687607
0.34039247
0.43314977
0.44376364
0.37034055
0.12605329
0.26713301
0.35589993
0.42042394
0.30342247
0.28893455
0.46777656
0.43620224
0.46575104
0.41254758
0.45361570
0.45549925
0.45803013
0.38108628
0.46242958
0.34436848
0.13705040
0.45274154
0.43441606
0.41657227
0.44016796
0.47142953
0.20486109
0.38035044
0.34691109
0.42390723
0.29875676
0.35234549
0.17304542
0.32533857
0.42701160
0.45937487
0.46639991
0.45454961
0.31182488
0.31344795
0.40240931
0.43892552
0.53532910
0.44415979
0.31915641
0.37635975
0.46359113
0.14440482
0.45798804
0.52635154
0.28263062
0.29405697
0.27379517
0.38365771
0.42133623
0.33658306
0.45281683
0.35422788
0.45843016
0.45823202
0.52663685
0.10899244
0.29289970
0.39487891
0.46573151
0.51851077
0.48694548
0.48396171
0.20150398
0.49497873
0.45699018
0.54948808
0.48177077
0.23893215
0.42794990
0.37002645
0.42296692
0.46306394
0.44198878
0.36501606
0.44952738
0.46587495
0.41888273
0.48863075
0.35671071
0.42103702
0.48652666
0.45901652
0.49506802
0.37121421
0.34877576
0.06772725
0.43159410
0.48166524
0.44577945
0.36235198
0.50951400
0.46599650
0.10696546
0.44043789
0.41073060
0.24435874
0.48396564
0.37032018
0.49922657
0.32379039
0.41021794
0.45025189
0.38399761
0.27862487
0.42128580
0.15461484
0.16675030
0.44714980
0.32547210
0.45914560
0.38017225
0.18234534
0.44456738
0.51434578
0.42317704
0.12734931
0.44865862
0.32993484
0.41373990
0.46114961
0.44169331
0.27490001
0.45470195
0.17207047
0.36760187
0.48095496
0.44299271
0.40447796
0.30171988
0.07942168
0.36092483
0.14444419
0.39441281
0.15231927
0.15146102
0.49298237
0.18187098
0.47645587
0.40829338
0.46287270
0.32136628
0.34399044
0.36151057
0.47914817
0.29239782
0.38114037
0.40226739
0.43762156
0.43754992
0.46585492
0.20911720
0.46840629
0.49791292
0.42374402
0.31261883
0.35039981
0.16110595
0.37197118
0.11106064
0.44377011
0.31838287
0.34339398
0.19595086
0.32388894
0.38784231
0.43473079
0.18779390
0.45961565
0.40486925
0.53391967
0.16935926
0.34737608
0.21471562
0.30734547
0.39457913
0.25883709
0.42084055
0.38668015
0.43502405
0.19995670
0.42577932
0.45217484
0.28500836
0.42800643
0.13916026
0.11461825
0.49441999
0.47507358
0.33853135
0.17640256
0.30410735
0.48618162
0.37318852
0.51147905
0.15045513
0.27528718
0.45523059
0.45288841
0.31577411
0.43260946
0.36968244
0.39780113
0.14791937
0.32624608
0.26979458
0.39679634
0.27976851
0.11736010
0.39826393
0.46016498
0.51417355
0.35495670
0.47197682
0.46813198
0.15998103
0.46157830
0.47966234
0.40402577
0.33962589
0.34567800
0.39463745
0.37001019
0.38663259
0.36598558
0.05999511
0.49142286
0.41038979
0.38572832
0.43050771
0.12896581
0.41379989
0.20500934
0.49323503
0.42979747
0.37409355
0.39498332
0.49048710
0.36395778
0.47392142
0.40033501
0.43551807
0.31120105
0.33053906
0.27264938
0.42238283
0.33376144
0.41116707
0.42541691
0.34460373
0.44149548
0.38945086
0.30497777
0.38991220
0.34384753
0.47894356
0.01272609
0.20518830
0.32126670
0.39627735
0.08644117
0.15882000
0.29604827
0.02482381
0.45972066
0.39702012
0.44067179
0.23632345
0.47197251
0.32985364
0.42298275
0.39906819
0.38617526
0.38633537
0.44421223
0.38992438
0.43427787
0.48734282
0.37908999
0.34276324
0.44655751
0.35398966
0.40581149
0.42914290
0.30386707
0.45459629
0.20825534
0.39101068
0.46855038
0.43018975
0.40707094
0.37736133
0.32721840
0.40367601
0.41185610
0.38826646
0.41547884
0.46593696
0.43351877
0.39907097
0.49524184
0.34435950
0.36811094
0.50662463
0.03687994
0.44448809
0.18402876
0.31601123
0.32260866
0.43929468
0.48011780
0.44657413
0.44062401
0.31008169
0.41038056
0.32905522
0.15005441
0.47783374
0.47312059
0.47795510
0.36627053
0.30891154
0.43426094
0.16004403
0.38922833
0.43792970
0.43129855
0.32599956
0.35794089
0.26491917
0.33579259
0.12480831
0.44274742
0.47244215
0.35327266
0.41028673
0.51400364
0.38679306
0.25773815
0.48025610
0.24902240
0.42618409
0.45995626
0.47660017
0.46264970
0.46116286
0.36310213
0.43372800
0.44541054
0.43822735
0.46495130
0.45771593
0.42404934
0.44245144
0.45182389
0.33114366
0.49638357
0.38616960
0.49400985
0.47368557
0.46886462
0.19587259
0.46583296
0.43368859
0.46983804
0.49860564
0.43128099
0.23062684
0.44925282
0.43288244
0.43695500
0.45389736
0.46520749
0.32411516
0.36304501
0.43752758
0.27773331
0.39823112
0.04367568
0.42622636
0.44679476
0.40082172
0.24516668
0.43735765
0.41397223
0.23710614
0.53780277
0.36509673
0.23656982
0.38378966
0.36102169
0.31605282
0.38677033
0.24221027
0.39105612
0.24742989
0.32631444
0.40253214
0.35487502
0.28981116
0.22818547
0.10171117
0.37585161
0.57624265
0.28945358
0.23786220
0.43818525
0.42252904
0.43532041
0.31343075
0.43918718
0.36782145
0.44637070
0.44780846
0.47940626
0.36438831
0.13440283
0.41895732
0.26140974
0.17024707
0.31667349
0.27488258
0.44489154
0.40037146
0.53664632
0.36138478
0.51856765
0.08492318
0.43635333
0.28699155
0.28121455
0.41393291
0.52283201
0.09253453
0.41702397
0.48982634
0.45425594
0.27585474
0.13617960
0.44352361
0.08558115
0.30652548
0.46189502
0.39125686
0.49097555
0.45021702
0.09689709
0.22714182
0.41839706
0.42309155
0.06113367
0.43618754
0.34865921
0.37222953
0.24459739
0.39208937
0.48889103
0.35888360
0.37642223
0.44281958
0.44291632
0.47049425
0.35919683
0.24141241
0.24536736
0.43088048
0.38104673
0.43620895
0.05775009
0.22175531
0.04954910
0.29993166
0.46761707
0.14211915
0.42316145
0.23391414
0.36147452
0.38280062
0.31604965
0.36531895
0.31071596
0.51464061
0.34506634
0.42704856
0.35750008
0.43590275
0.24489143
0.40208414
0.40615189
0.45670187
0.27102335
0.42772744
0.27404005
0.40500259
0.42641923
0.30584575
0.41436198
0.42244498
0.13153580
0.38939677
0.35345727
0.20826665
0.05284360
0.35753511
0.38558258
0.47634938
0.43793059
0.24870584
0.27199631
0.31014335
0.47237614
0.47818870
0.53280071
0.46368854
0.43719539
0.28859123
0.36036963
0.46324626
0.52082910
0.52373570
0.40814492
0.32869599
0.46743871
0.36715846
0.33123285
0.36813694
0.38958633
0.37420236
0.21938581
0.15945016
0.21129236
0.17359675
0.39945990
0.52806834
0.38817672
0.06791461
0.20577663
0.36128591
0.38280125
0.05834416
0.33720894
0.42067205
0.35568752
0.42816401
0.50824399
0.34655659
0.50360859
0.38242893
0.34401645
0.28635258
0.32303983
0.40354284
0.24932663
0.37129843
0.24932132
0.31764436
0.43080569
0.45978397
0.34543997
0.35895349
0.42039538
0.35451515
0.39375221
0.40051895
0.31420813
0.17967344
0.46082431
0.34241606
0.47843789
0.22400392
0.40594237
0.39041580
0.27766233
0.17139738
0.45215789
0.26507778
0.32574765
0.34733049
0.33838672
0.44652341
0.29914806
0.33991189
0.28393865
0.14646216
0.43420281
0.07338239
0.46068458
0.36308106
0.42801683
0.39150641
0.46581869
0.48017128
0.36322243
0.51601625
0.25436643
0.41093110
0.45329516
0.26186009
0.36146416
0.45446929
0.32209034
0.49549725
0.29455721
0.23708458
0.49140635
0.45156906
0.37933351
0.49948378
0.31047941
0.14326644
0.45425485
0.36281727
0.46032668
0.47783424
0.23374143
0.26224506
0.02202986
0.38790425
0.41256989
0.46454795
0.48970088
0.33631563
0.12868736
0.13584090
0.46894856
0.51337860
0.38181303
0.41339688
0.26967410
0.45036817
0.24391444
0.47018294
0.35797401
0.26848958
0.53072910
0.43078852
0.37005232
0.49059426
0.30268244
0.40433258
0.43711587
0.50533394
0.37513037
0.18975444
0.43820918
0.39315112
0.20589784
0.39477206
0.29463909
0.41318281
0.48662493
0.04930253
0.25281446
0.39662075
0.12662011
0.47440857
0.44281551
0.31227388
0.26607159
0.36851972
0.40809195
0.18111395
0.47077802
0.40084371
0.42032978
0.02852959
0.32659898
0.42723930
0.25465957
0.28027888
0.38025271
0.30708000
0.29912984
0.46376568
0.24324956
0.05939143
0.15245702
0.38509276
0.39256862
0.52455808
0.32438340
0.44536095
0.20468605
0.46561703
0.35191299
0.47891932
0.34000825
0.35643174
0.48142050
0.52344822
0.28087487
0.27651855
0.37234722
0.46206981
0.42370274
0.25672100
0.45286773
0.26799724
0.46748909
0.50854787
0.27668845
0.38263917
0.36911379
0.05535542
0.53516632
0.48113661
0.39900018
0.21351503
0.21356798
0.41953997
0.35136433
0.15192259
0.39002885
0.36634651
0.43317020
0.50489280
0.50418736
0.35884040
0.21565541
0.44024188
0.29222671
0.24762911
0.33317744
0.54172416
0.39243237
0.26912716
0.29551416
0.45108623
0.15918105
0.46283257
0.45649603
0.17504749
0.39728572
0.42910166
0.43266262
0.52075384
0.34927234
0.13236142
0.21208790
0.40034571
0.21284317
0.46528831
0.43242099
0.43075647
0.45671383
0.19897562
0.35789398
0.35627497
0.25487050
0.47964185
0.42473560
0.06447460
0.39098455
0.48048830
0.36542062
0.41874430
0.18421049
0.36556962
0.32000698
0.35483813
0.30201783
0.45439012
0.29746147
0.39213247
0.43825552
0.46874744
0.17092114
0.32680031
0.37908164
0.50594318
0.33234466
0.21636539
0.39669677
0.44482100
0.39432988
0.17819707
0.31027866
0.41749853
0.32270120
0.45755820
0.22355446
0.40089206
0.46201318
0.23526166
0.07390431
0.44920902
0.26824123
0.35131231
0.48845524
0.41386110
0.29130643
0.19465079
0.41686462
0.42790939
0.28270339
0.48145444
0.46690827
0.34050883
0.19793762
0.45884805
0.39472676
0.26198275
0.46695875
0.34184415
0.41049433
0.37296987
0.45097714
0.44049911
0.30883453
0.27606721
0.39100932
0.51856485
0.30498060
0.33810955
0.49308303
0.51202463
0.47685189
0.47155242
0.43025694
0.37827883
0.43849112
0.34797106
0.47386428
0.24146557
0.35558394
0.48612804
0.25975061
0.40340335
0.06878379
0.29445361
0.48044561
0.35905624
0.17931083
0.40655869
0.36765217
0.39604690
0.40822905
0.22346440
0.27873654
0.50966491
0.35758701
0.45790445
0.44142303
0.40220358
0.52267333
0.46993284
0.45302681
0.14784554
0.41646568
0.33844216
0.44009720
0.17037967
0.23486854
0.42600569
0.39389365
0.48739418
0.36801504
0.40510166
0.12112351
0.39745453
0.38858549
0.40586129
0.45518772
0.23684249
0.37637883
0.44765037
0.44141772
0.48376711
0.40437983
0.43000290
0.48005209
0.46382564
0.30796806
0.45463627
0.05543478
0.15267693
0.48387242
0.38121999
0.44854632
0.35261804
0.40623606
0.43878630
0.49204767
0.53903107
0.41216138
0.45490753
0.34680932
0.24626625
0.46439828
0.44814450
0.38096564
0.22914205
0.43223373
0.44607616
0.39821089
0.41113132
0.02836866
0.41701459
0.49921303
0.28671397
0.45040302
0.34844695
0.22043146
0.43840140
0.39522348
0.43193154
0.36289197
0.45307034
0.38185208
0.41408811
0.33145731
0.16726404
0.06387198
0.48122348
0.26968238
0.49118975
0.49633992
0.27041216
0.07705891
0.50152631
0.43830336
0.50487167
0.44386303
0.18842782
0.51788543
0.33295038
0.15851610
0.42038494
0.48606079
0.34555695
0.16370916
0.31931256
0.29943816
0.44103239
0.43524425
0.17538876
0.21060371
0.39859996
0.18772258
0.19293672
0.25491411
0.41072495
0.46016386
0.47644322
0.13683432
0.35483004
0.36761405
0.19109180
0.41697856
0.20522256
0.31363016
0.44682922
0.44416541
0.31199802
0.04737922
0.34994903
0.46315412
0.44601036
0.35067297
0.42405462
0.37040424
0.20646689
0.32192591
0.38795118
0.20744845
0.24316020
0.17049552
0.05449673
0.05529042
0.37497681
0.43352488
0.36067213
0.38855292
0.45008514
0.21250877
0.30131727
0.44485116
0.43530013
0.46828224
0.42636665
0.29584059
0.48009641
0.41492109
0.45000462
0.44921589
0.46942767
0.37853713
0.43400998
0.39931100
0.39695618
0.48220514
0.30140331
0.08562340
0.28833720
0.30289664
0.25998695
0.29520319
0.44087312
0.43082564
0.37908662
0.21476719
0.17007549
0.49401868
0.52184209
0.49881220
0.09525520
0.10481382
0.30425987
0.30070517
0.40212469
0.14209524
0.46420433
0.45231576
0.51105442
0.40915837
0.39326349
0.40859127
0.43033043
0.42082221
0.41363286
0.23108587
0.30131405
0.35516134
0.37244056
0.41109988
0.11024740
0.32500744
0.34332469
0.37978468
0.33336009
0.38002829
0.44670158
0.42077012
0.37345341
0.40659036
0.09270896
0.24070079
0.49932902
0.42122443
0.36821599
0.37669504
0.42561846
0.02735822
0.45289500
0.40207785
0.48540963
0.27040395
0.34162496
0.37798267
0.45852258
0.25981737
0.43626011
0.40064124
0.41928549
0.20301633
0.47486023
0.36228548
0.23892369
0.44447457
0.41638805
0.38570793
0.36934790
0.23237992
0.02664883
0.50695411
0.38180152
0.30831824
0.38156410
0.05272121
0.50843546
0.34687608
0.24162607
0.48037000
0.30631086
0.08612752
0.43356341
0.46478036
0.31464891
0.45150456
0.35916423
0.20437134
0.42852613
0.45671436
0.37851227
0.49210737
0.37748974
0.44005680
0.46527109
0.36979169
0.29407522
0.02589675
0.39357732
0.34925238
0.07071836
0.31859326
0.43258098
0.27255804
0.03378144
0.38051101
0.45242467
0.37673627
0.44985504
0.37118477
0.48100355
0.06992970
0.42683322
0.41755239
0.33178726
0.35239978
0.26216183
0.38144533
0.35647368
0.39839415
0.13464479
0.45978898
0.16275371
0.34767117
0.48296038
0.26930138
0.47041415
0.47335247
0.45688696
0.49859732
0.38869983
0.39201152
0.43231423
0.57115098
0.41297144
0.30336498
0.14882594
0.45974420
0.32078927
0.47118309
0.35556838
0.39590800
0.53257661
0.22594990
0.40832681
0.50557459
0.25333941
0.40503963
0.44916282
0.40761624
0.39456163
0.50998414
0.32731404
0.37600555
0.47493014
0.30665283
0.32137202
0.36212333
0.22804320
0.41164993
0.32576922
0.46861895
0.50551496
0.35591380
0.12931714
0.46570916
0.47550856
0.43510894
0.33746200
0.16923521
0.45707978
0.26755490
0.42043913
0.47731811
0.47546709
0.47256969
0.31502849
0.34761348
0.45467852
0.46399464
0.47476299
0.41960533
0.43930304
0.48289713
0.47456349
0.36166468
0.43859577
0.41192862
0.41293644
0.25884486
0.41293329
0.49081037
0.43226207
0.41472537
0.34800040
0.43785793
0.48447139
0.36431148
0.29779508
0.46748218
0.41441263
0.43512936
0.39198231
0.39055244
0.31565531
0.40257535
0.16775055
0.20484177
0.33270601
0.27504258
0.33698831
0.38345088
0.12772837
0.43185609
0.32790305
0.48146670
0.44514495
0.39403352
0.44315483
0.44083622
0.30272494
0.41623911
0.43370064
0.38593219
0.39814281
0.23423283
0.40618874
0.49417858
0.23480735
0.43828464
0.45054229
0.17009414
0.41971772
0.40031454
0.44652505
0.50151017
0.31485897
0.44379953
0.01866239
0.34729821
0.48796134
0.48150876
0.36858203
0.36777278
0.37725525
0.43528306
0.43081770
0.45707638
0.44407531
0.23552889
0.38315248
0.41035421
0.34520966
0.49905971
0.38010573
0.52369680
0.37856274
0.36579603
0.36593598
0.46211183
0.47786252
0.48751768
0.33554761
0.33611184
0.42400258
0.23472629
0.41476901
0.26818915
0.41473866
0.17230490
0.40842541
0.40272077
0.47498173
0.13442852
0.42234170
0.36646720
0.16847536
0.42625435
0.27643639
0.29773321
0.33043939
0.13357674
0.41452727
0.25375317
0.45429363
0.37292738
0.38350980
0.16385325
0.26993491
0.48351286
0.27746497
0.32898716
0.21735383
0.39895202
0.40840048
0.44589928
0.16868562
0.27742084
0.42798713
0.38785205
0.47989351
0.47172438
0.36261152
0.13330412
0.43274909
0.24209574
0.35620651
0.38478353
0.41929338
0.20714763
0.42372715
0.32958283
0.35540756
0.45324022
0.35032324
0.50627488
0.42446145
0.46658361
0.13358084
0.46401574
0.44491702
0.45561212
0.54448928
0.37311063
0.51730409
0.43842061
0.20188251
0.47599959
0.36169222
0.13602717
0.45512544
0.45327117
0.44459099
0.37048779
0.42845343
0.41880277
0.32104329
0.42487000
0.03678500
0.29825174
0.42829255
0.40979107
0.39184686
0.02184953
0.29696481
0.02620955
0.42899559
0.47942083
0.40391986
0.42855343
0.41935861
0.32945577
0.38500700
0.45020334
0.35895141
0.18713226
0.32806315
0.32448322
0.29933401
0.32025358
0.37909707
0.24241671
0.29562024
0.45649111
0.22818596
0.31566196
0.33512690
0.52564147
0.45499659
0.48106186
0.41015456
0.35669894
0.41477616
0.40665028
0.25015143
0.39426954
0.51615405
0.07868128
0.46195380
0.11761015
0.50212258
0.43195509
0.30853051
0.45565529
0.32375969
0.40023470
0.36216818
0.47749223
0.40319015
0.49835273
0.36386258
0.43573810
0.35658855
0.33641717
0.39492993
0.07669437
0.48767538
0.15937795
0.24104002
0.42741175
0.43937375
0.17756689
0.33269452
0.04645291
0.39427103
0.40102251
0.40322063
0.24934739
0.29853597
0.34449618
0.19136309
0.38106904
0.28662869
0.35121659
0.32935928
0.28230565
0.38734421
0.45990889
0.39776512
0.06550534
0.38680251
0.39769180
0.39717984
0.34298517
0.32206429
0.22313580
0.26606003
0.38151134
0.38278877
0.34938398
0.24955032
0.33205701
0.41240337
0.38628507
0.44638141
0.37238627
0.47350858
0.45763309
0.40923152
0.19594814
0.46261617
0.34136848
0.41816948
0.42470795
0.25167713
0.31213499
0.43888064
0.41366517
0.43696692
0.45976015
0.47373351
0.42410067
0.45886635
0.40147790
0.36059563
0.51765749
0.40437590
0.36552695
0.39455743
0.27891580
0.47550109
0.45065133
0.37306723
0.59750816
0.11210331
0.44693679
0.34796161
0.33171779
0.44266373
0.42675986
0.23129250
0.10927535
0.43487379
0.32541061
0.40231641
0.31546499
0.43373659
0.39992010
0.43427080
0.50603652
0.23379268
0.15889722
0.39134797
0.49139656
0.43344272
0.50500568
0.36537106
0.45453994
0.36350945
0.24908600
0.45003422
0.23167261
0.45706762
0.41166583
0.34561949
0.46333167
0.45063030
0.30112443
0.35540241
0.41009117
0.52696092
0.27713001
0.11118825
0.40811133
0.45959093
0.36451446
0.45055632
0.13690820
0.38708034
0.07365309
0.26022307
0.39553281
0.41777902
0.23075517
0.48402412
0.36761647
0.44792562
0.32113451
0.49763146
0.31815188
0.31092178
0.48897103
0.27144816
0.42132989
0.26616356
0.35092525
0.22084331
0.31292953
0.46119428
0.46105322
0.11029402
0.40360482
0.31358443
0.24626881
0.50482315
0.46790857
0.46728243
0.41693867
0.23752932
0.30045985
0.51130736
0.40000741
0.32970455
0.19922171
0.45548537
0.45934402
0.49249713
0.36921549
0.43442544
0.43660190
0.37432059
0.52188335
0.41257701
0.50868360
0.36442827
0.45533775
0.40922693
0.26805552
0.48884587
0.47218850
0.33446164
0.17972840
0.43657011
0.30258417
0.49044779
0.38584356
0.45021080
0.43812262
0.48403523
0.43438461
0.43958534
0.40536444
0.47154944
0.23976436
0.19255822
0.44000596
0.48292945
0.21517316
0.42759659
0.48908269
0.15396054
0.35438594
0.26791412
0.49112415
0.30860183
0.45141060
0.40810545
0.24726545
0.42157352
0.44914633
0.22280501
0.45428422
0.25205240
0.44804409
0.45215135
0.34901300
0.32088989
0.26929607
0.22882992
0.37219661
0.37718349
0.25038999
0.47439812
0.48923147
0.29037048
0.38345723
0.48105282
0.32583732
0.44764970
0.36965349
0.37371242
0.22612285
0.39109916
0.35889994
0.36154160
0.46691666
0.34042383
0.38605470
0.51188311
0.49968927
0.41433375
0.35345791
0.39046148
0.38142629
0.45300239
0.30171790
0.35911715
0.29369025
0.31134473
0.46066305
0.35527361
0.43418843
0.48492496
0.18067766
0.44299683
0.27878007
0.37415468
0.38442266
0.44891866
0.30875449
0.40143342
0.46436022
0.46068435
0.26360679
0.40595152
0.39494940
0.15346078
0.36509929
0.26999705
0.39536205
0.38544829
0.32954290
0.20324636
0.28498363
0.37735066
0.50184372
0.48113759
0.50326233
0.28479778
0.36965748
0.42514489
0.46403265
0.42951327
0.35757767
0.37930347
0.53394835
0.48171284
0.45411711
0.40309725
0.32291331
0.30990759
0.19540015
0.43955203
0.45330194
0.44220229
0.44715888
0.48663923
0.41399826
0.39710321
0.11736386
0.23668922
0.26930201
0.32767726
0.17870738
0.39570875
0.44827096
0.27504580
0.50078907
0.37027224
0.42533714
0.37917699
0.49814957
0.40033938
0.46858812
0.42208907
0.50976177
0.35928225
0.41439643
0.39406011
0.45648266
0.47635416
0.43125080
0.49110964
0.43513025
0.40028204
0.50962702
0.31151157
0.46460105
0.26157244
0.30445053
0.44504953
0.40367039
0.36468346
0.42138363
0.53297219
0.44715211
0.50949753
0.16160859
0.40129003
0.45992820
0.04579248
0.43922789
0.53084864
0.40593990
0.33937447
0.28034511
0.54523955
0.42533623
0.43764669
0.49857032
0.44040742
0.06938469
0.26923689
0.45692548
0.34079844
0.39625151
0.43665982
0.22569109
0.41144765
0.42765528
0.12074352
0.33401613
0.39880106
0.43106275
0.49637923
0.39300455
0.05697695
0.37657342
0.47706236
0.33404146
0.51016366
0.22718946
0.23169501
0.42528505
0.47030099
0.34136189
0.50637232
0.43391152
0.31714882
0.38741751
0.43798135
0.27803270
0.50254145
0.31280204
0.45767404
0.43327049
0.43495966
0.37998273
0.25916052
0.41630836
0.22977230
0.43504490
0.23256131
0.44088297
0.47883934
0.39963678
0.37816943
0.30856163
0.44478233
0.39596724
0.26661014
0.48597131
0.41944158
0.48039765
0.46823706
0.40803014
0.16681194
0.09604835
0.25206684
0.32651725
0.33110465
0.36978777
0.42467970
0.42809832
0.50265504
0.30789928
0.47160291
0.46414641
0.39041906
0.33419360
0.45498624
0.40046873
0.47480383
0.23471325
0.55033468
0.51012996
0.50088506
0.48055211
0.24577328
0.32079678
0.28247993
0.45466212
0.42758346
0.40837261
0.43409640
0.32045451
0.40548513
0.28073252
0.51704409
0.37179068
0.44883582
0.49164674
0.05367111
0.44915017
0.42631123
0.42685014
0.28015393
0.49463661
0.23474668
0.34774946
0.42607557
0.32427085
0.50178194
0.34452769
0.44566559
0.46701693
0.39534024
0.27713109
0.38186479
0.20186095
0.32682774
0.13094536
0.24311818
0.43864756
0.33362601
0.42348937
0.45531771
0.39845688
0.11476438
0.53237852
0.48340549
0.39584922
0.17647583
0.34013464
0.36704721
0.41915795
0.44463957
0.22932454
0.29954767
0.36592412
0.21752189
0.50642720
0.50505567
0.19401059
0.12160427
0.36286161
0.44764204
0.17538520
0.25208359
0.36965982
0.40959917
0.41824304
0.43318510
0.48307155
0.35081240
0.47769192
0.16365067
0.25892619
0.25578727
0.26490177
0.44278535
0.17441499
0.42896769
0.46123954
0.45167733
0.29579616
0.35293000
0.32899791
0.33681700
0.34822703
0.31871807
0.39947905
0.36792096
0.44920907
0.46425621
0.19008208
0.39800211
0.46090029
0.30500655
0.06326896
0.27398810
0.49430446
0.52667660
0.41333896
0.42131213
0.32469611
0.13354608
0.21009508
0.35366007
0.03303340
0.18428631
0.51648869
0.27201336
0.39378148
0.44202687
0.50420900
0.31821826
0.26937965
0.32592517
0.41581488
0.15735311
0.31857491
0.12183129
0.51051781
0.12186378
0.26321606
0.43243296
0.47146404
0.49040675
0.46411346
0.34069595
0.29391912
0.41651550
0.35105524
0.18380868
0.39985144
0.18118923
0.17901741
0.44583876
0.50228906
0.24156499
0.05544661
0.56235774
0.29912965
0.49974024
0.28083620
0.42522968
0.43005081
0.34028743
0.28886075
0.14842862
0.33868400
0.36700452
0.30419748
0.10425584
0.17909549
0.55743201
0.42784172
0.37812606
0.47129325
0.47104796
0.50280673
0.42874981
0.19759386
0.29775573
0.34618545
0.39109543
0.42178429
0.25429990
0.37715796
0.33787864
0.45968601
0.38659131
0.42256384
0.28131314
0.37223637
0.45413978
0.49992705
0.17593041
0.42555395
0.39704012
0.48866986
0.13877510
0.37512392
0.42603115
0.21324952
0.41913059
0.45586401
0.41161780
0.41806899
0.33502217
0.37298116
0.36918281
0.43614167
0.04003731
0.32231796
0.34956989
0.33712331
0.43723062
0.47859630
0.46160907
0.45810375
0.07287346
0.48383438
0.40298017
0.47900341
0.48825860
0.46404657
0.46627114
0.27042865
0.44868111
0.44179875
0.39987509
0.51671211
0.42411890
0.42862860
0.47045322
0.28495193
0.38240475
0.37565524
0.12329498
0.28624551
0.27797649
0.39397046
0.48761341
0.39723131
0.43074700
0.49673836
0.44991825
0.37915591
0.34813874
0.26998298
0.21504978
0.41655735
0.48286748
0.36168674
0.37210165
0.52570503
0.18672273
0.40453793
0.39312184
0.36350593
0.49666915
0.44760339
0.49945450
0.16468974
0.46267958
0.50260706
0.48442815
0.30555956
0.43158891
0.27525664
0.39075341
0.29394989
0.40985041
0.16000982
0.38429920
0.17385695
0.33753756
0.43052568
0.46066260
0.41968828
0.45855915
0.41308201
0.13862885
0.40472518
0.42111784
0.42787409
0.45012230
0.36325646
0.46851543
0.37515504
0.47753254
0.43552823
0.46833280
0.31152342
0.36626303
0.34493177
0.22638850
0.33312980
0.49444472
0.41933392
0.26056163
0.22211372
0.43970486
0.34275989
0.43753555
0.52433773
0.32773315
0.36405350
0.44217708
0.12333153
0.40491486
0.29818523
0.21230541
0.39366931
0.45827468
0.54908199
0.39102158
0.41849676
0.33171104
0.50449587
0.13356225
0.40401518
0.37242672
0.43823949
0.23115226
0.38838078
0.43599160
0.28793500
0.21608200
0.37648723
0.20381700
0.25638757
0.50447527
0.41093537
0.35857083
0.32486356
0.38554792
0.44512112
0.42673189
0.46733456
0.41259588
0.26236863
0.14642565
0.50782116
0.47637741
0.39042104
0.47756741
0.43564818
0.40588649
0.32724753
0.15833377
0.42604247
0.28607161
0.24584459
0.41840863
0.45711100
0.45271614
0.36167304
0.42517598
0.38650181
0.10804510
0.40208759
0.41302270
0.46009901
0.24139623
0.45226624
0.41681705
0.38170156
0.48354251
0.05513523
0.25019980
0.39849384
0.46392860
0.50915288
0.42721094
0.14480661
0.21262499
0.43529885
0.30761383
0.42656183
0.37390740
0.14984326
0.33602799
0.25334810
0.35084805
0.29960314
0.27057636
0.45524670
0.39553312
0.45094559
0.44992635
0.37045414
0.40095398
0.38993070
0.18221622
0.41805818
0.40906006
0.42361784
0.24595049
0.40149409
0.42567794
0.34550281
0.27344646
0.13749937
0.38001462
0.16738906
0.33736242
0.10536528
0.28030973
0.21453708
0.41033678
0.50614864
0.33493928
0.47905346
0.41858942
0.52636457
0.03455026
0.40373534
0.25121513
0.40421241
0.37205138
0.24986525
0.39464651
0.49502344
0.31398016
0.17154039
0.36814701
0.38561369
0.36481657
0.09191642
0.35844839
0.42464783
0.41267750
0.46333927
0.26995242
0.42929227
0.46978301
0.33316906
0.48883272
0.45272628
0.39935763
0.53466382
0.39265571
0.15669907
0.25513159
0.43200918
0.12315842
0.32648042
0.07674460
0.29160227
0.44432646
0.40376288
0.47912888
0.50131857
0.43225663
0.51391722
0.41782589
0.47898485
0.29874634
0.10844525
0.37973939
0.16837549
0.50703412
0.44566776
0.52929660
0.44419507
0.42453704
0.17585207
0.28350430
0.17973262
0.37453126
0.35117470
0.41172054
0.35135505
0.42179961
0.37372445
0.31163812
0.27821069
0.46000192
0.41127955
0.25580151
0.47364743
0.17159576
0.43001577
0.46283423
0.23220209
0.45055632
0.43208295
0.18801210
0.28787554
0.27456705
0.33432554
0.12847043
0.43245163
0.06959033
0.38603779
0.42470533
0.41843818
0.45927660
0.39719816
0.10000031
0.32565699
0.27437705
0.39248538
0.34541871
0.42856347
0.25994109
0.49837791
0.40661415
0.26021755
0.28482604
0.38055616
0.43847227
0.21213319
0.46706590
0.44280295
0.43751582
0.25962520
0.46637334
0.48985557
0.43451003
0.25522683
0.40367100
0.24651667
0.29706561
0.37728345
0.44473243
0.44511572
0.40891552
0.24263291
0.21932982
0.32177553
0.25049472
0.40466715
0.09026478
0.17255708
0.36541921
0.40607063
0.41100296
0.43313675
0.32898639
0.32855678
0.43879115
0.48418444
0.46176924
0.40406094
0.48321236
0.16736408
0.30162825
0.48317537
0.23432015
0.31588911
0.38423115
0.39516466
0.33603675
0.12284634
0.26122076
0.35987302
0.47932591
0.28853099
0.43612135
0.38393729
0.40725627
0.43593425
0.24585943
0.28533470
0.40744066
0.56052860
0.49529151
0.38724856
0.44523139
0.42126119
0.45275626
0.35106690
0.16951117
0.51829803
0.49899574
0.21081231
0.40264263
0.44130385
0.22154234
0.44372892
0.33738426
0.26542690
0.14631868
0.44647217
0.45695285
0.25592641
0.49111033
0.43160293
0.45452774
0.42754476
0.47251392
0.46563888
0.04918122
0.37707398
0.18634553
0.47235458
0.30418242
0.16407958
0.40334083
0.49145756
0.27859188
0.14887009
0.43394998
0.30287978
0.49972208
0.44405163
0.44170739
0.31559611
0.46819487
0.41794817
0.04682244
0.28479650
0.47267252
0.28805075
0.42508045
0.30413766
0.29831472
0.11259459
0.38787799
0.32698105
0.35262059
0.38508664
0.42525271
0.22235532
0.40128255
0.25955903
0.25741724
0.46064028
0.41297654
0.43333962
0.39000383
0.21481131
0.50321470
0.35942862
0.35607230
0.45694894
0.44547672
0.43793906
0.35389909
0.48569559
0.46791393
0.35196921
0.39035094
0.46933104
0.45278418
0.43677257
0.44233752
0.42409120
0.37969134
0.48399941
0.22982915
0.44151121
0.43357180
0.47249453
0.44965768
0.45875962
0.33523811
0.01494992
0.28343811
0.42383011
0.41768392
0.32712040
0.37100631
0.42431917
0.20921086
0.21896349
0.45750037
0.42033460
0.33780093
0.44453183
0.03095355
0.38161102
0.41741426
0.42917400
0.38135746
0.29072289
0.09670137
0.45134291
0.17379742
0.20896663
0.22086678
0.36567667
0.09572315
0.50695442
0.48921806
0.46736888
0.43463622
0.42855186
0.14096856
0.36159792
0.50436864
0.36901780
0.14637105
0.33779817
0.26445554
0.11792534
0.41662674
0.38200735
0.27157056
0.29942018
0.45078866
0.45261401
0.35685070
0.42216244
0.47866730
0.38660231
0.42523178
0.44277363
0.22083527
0.31076872
0.48134575
0.22700751
0.46051115
0.19430323
0.40364880
0.13425373
0.40924328
0.42965951
0.39776283
0.54024388
0.22131414
0.48349761
0.41737181
0.39869427
0.42072718
0.50608150
0.13065809
0.34931551
0.27146440
0.29867733
0.37688175
0.34730523
0.25562473
0.41847802
0.35923665
0.25589931
0.36031959
0.38892193
0.43013535
0.43294567
0.23678472
0.45183410
0.45494534
0.40942653
0.31148359
0.06997932
0.30967391
0.40515410
0.22569166
0.30951155
0.24893475
0.51214095
0.43451585
0.45178947
0.46466570
0.07735043
0.12736949
0.46659086
0.40745420
0.40752055
0.40191153
0.35423224
0.43235733
0.47433145
0.04422896
0.32927100
0.20672949
0.35314389
0.37612954
0.41596225
0.44995168
0.45412747
0.35206716
0.48835535
0.42724364
0.45311385
0.24336462
0.34887944
0.51662480
0.43806272
0.33097642
0.34932719
0.02345196
0.35007167
0.43396558
0.25587712
0.38035693
0.44610073
0.25820881
0.02486616
0.23662885
0.39348102
0.37954766
0.42452667
0.33066561
0.44069012
0.44923395
0.20423108
0.40927451
0.42778080
0.33217507
0.35379973
0.28571109
0.19820795
0.48870238
0.16000668
0.17724143
0.37611430
0.39104535
0.26367405
0.19605940
0.43323607
0.40392201
0.09023276
0.34559597
0.37300209
0.17708932
0.41344599
0.05929485
0.44015498
0.33334865
0.43448242
0.40376361
0.14481939
0.17012474
0.37752835
0.32155916
0.41151669
0.30191242
0.49340780
0.23524982
0.17245717
0.38110476
0.50057487
0.49466701
0.29994106
0.22672565
0.24860807
0.46047595
0.39777369
0.41202167
0.35573156
0.45872179
0.45868022
0.48231775
0.26474800
0.27355940
0.56179004
0.40250736
0.48929401
0.46907915
0.19780928
0.33956673
0.37645821
0.33470693
0.10133957
0.34406283
0.46391926
0.42602110
0.28165179
0.28219737
0.46610392
0.37335357
0.06707796
0.29164066
0.42040231
0.48412767
0.28810165
0.39222064
0.31817963
0.21337225
0.34670971
0.23333430
0.47754461
0.37056555
0.12094097
0.42236760
0.41492632
0.20069964
0.32674952
0.26074328
0.19404269
0.50859192
0.46547121
0.44820267
0.32282730
0.38638567
0.24128262
0.50680357
0.43928379
0.46948448
0.05571598
0.43254821
0.13071092
0.33116077
0.53166553
0.24195038
0.26920596
0.50518847
0.14770630
0.50618652
0.39457016
0.43763227
0.45831737
0.34764007
0.18799521
0.43558851
0.36481241
0.50124509
0.47271675
0.42133116
0.23026765
0.24829576
0.24837702
0.18398985
0.37823971
0.29707225
0.38908885
0.26990215
0.17984597
0.15642143
0.45993239
0.40357250
0.46303444
0.43149698
0.45309621
0.48623457
0.48506956
0.32816340
0.41981061
0.47311995
0.50069410
0.33302729
0.42847161
0.18114970
0.29672651
0.34132103
0.47623081
0.30709444
0.32923558
0.25522777
0.43099147
0.46242050
0.26482653
0.38238969
0.27513243
0.06234247
0.30231235
0.48865276
0.41377298
0.35661491
0.37795471
0.39730139
0.26690141
0.45858743
0.27208599
0.39417457
0.19895487
0.47568423
0.37483730
0.47017395
0.28727428
0.37185153
0.17469002
0.33609608
0.48333196
0.50407788
0.47002252
0.39785844
0.32538481
0.37812857
0.43528200
0.35189375
0.39461342
0.47751331
0.44814575
0.46237629
0.08705575
0.40493652
0.27170368
0.38353018
0.45959114
0.30015938
0.26763272
0.41838202
0.43247889
0.47654327
0.23521451
0.16739119
0.48558488
0.44269285
0.36584400
0.40501350
0.45760087
0.49185365
0.44217567
0.46987214
0.48374643
0.40760836
0.39259089
0.46293897
0.45098931
0.41781885
0.42030643
0.42583018
0.45129041
0.29786840
0.36271916
0.39613240
0.34884567
0.16634037
0.40549827
0.12847280
0.35940359
0.42683536
0.34359394
0.50186809
0.50184965
0.47781764
0.31752870
0.16014369
0.38150485
0.30942498
0.10696336
0.43482818
0.23039879
0.45286424
0.41441274
0.42134378
0.22900074
0.39693280
0.34743785
0.51164240
0.32253875
0.44368821
0.40476665
0.33273234
0.48178622
0.41854716
0.25722422
0.33008051
0.34175871
0.28653326
0.46579010
0.41217097
0.07755242
0.48312363
0.34869426
0.10372331
0.33922891
0.34982599
0.42498907
0.25004031
0.32820739
0.48792151
0.44695841
0.46169147
0.58065500
0.41393464
0.19630062
0.53597496
0.20369026
0.35941840
0.37431302
0.29456848
0.20540382
0.31947379
0.25019001
0.42810711
0.19456054
0.28848567
0.45148071
0.16668940
0.48307307
0.30850187
0.30990940
0.31636383
0.44081416
0.38458365
0.33554873
0.34677794
0.47593696
0.35927499
0.38040065
0.39959737
0.17595550
0.22085052
0.14667604
0.40647441
0.34758178
0.29532104
0.21681178
0.43745533
0.43194828
0.46164535
0.47163245
0.46700762
0.28625628
0.07987255
0.37249685
0.14176566
0.25172201
0.39472829
0.50873189
0.44983136
0.39337357
0.24602789
0.03133411
0.15365950
0.02370135
0.46895733
0.41700799
0.36819517
0.32320827
0.34050184
0.36201843
0.32098631
0.40851100
0.44949259
0.41427558
0.24612577
0.19044248
0.37267506
0.33753113
0.35495062
0.13446777
0.35317851
0.24446239
0.45160135
0.43008402
0.45517964
0.39671367
0.30558330
0.40726813
0.39148137
0.40795227
0.40596744
0.47724641
0.48143338
0.37694988
0.04801368
0.37632543
0.46126247
0.18324611
0.36436875
0.09631440
0.44521186
0.39414337
0.40617336
0.31322044
0.39511745
0.44840138
0.29447917
0.50086066
0.42164808
0.23649936
0.15981027
0.40513058
0.37178532
0.33370841
0.28427682
0.28872923
0.42769852
0.40862379
0.41707857
0.45375276
0.19283615
0.24060935
0.39435994
0.30250932
0.39210142
0.32910575
0.51343824
0.45745036
0.09915910
0.32506845
0.26852014
0.15177944
0.44349514
0.34915481
0.41046537
0.39237360
0.11649058
0.45602967
0.30160350
0.34189158
0.27148595
0.20428573
0.33973834
0.51083875
0.55436354
0.24839998
0.36594585
0.28901823
0.34908451
0.50247253
0.41562534
0.43557556
0.47001763
0.45383926
0.46596366
0.46875513
0.29110106
0.45601444
0.18117608
0.48160831
0.28920269
0.50402967
0.48462776
0.50295387
0.47434269
0.47556889
0.41900301
0.49167253
0.39974061
0.43164685
0.47241846
0.49071518
0.44132459
0.44600375
0.30834098
0.28574637
0.36134805
0.37378951
0.39528218
0.45601097
0.28044954
0.38976710
0.42016748
0.30501558
0.08439272
0.53023051
0.30008341
0.35714058
0.46759230
0.16080120
0.47596684
0.30753126
0.26661145
0.38526272
0.32292875
0.46879262
0.41819843
0.52292947
0.44472976
0.40650890
0.46150616
0.23013775
0.09416773
0.35852738
0.42146004
0.34653349
0.05393148
0.42093218
0.13180321
0.12139715
0.50516204
0.39785804
0.17190688
0.41728987
0.41157168
0.40020241
0.36779382
0.19019469
0.47748024
0.36826749
0.48326650
0.36305702
0.38552201
0.42855447
0.20441560
0.44934356
0.48595791
0.40015748
0.04695179
0.47258867
0.26773088
0.49257447
0.45215161
0.40633711
0.46456306
0.47677141
0.41641997
0.33595733
0.40028049
0.19378365
0.35122521
0.47422945
0.48240738
0.37417997
0.42652912
0.33884610
0.39299748
0.43748616
0.10900557
0.43280507
0.45129024
0.51129766
0.43114661
0.47882978
0.31394191
0.56474574
0.33052868
0.33276183
0.41058765
0.22921563
0.38265753
0.50468413
0.38125171
0.38851803
0.12500906
0.40611443
0.36473369
0.44699264
0.39497729
0.48617342
0.45246928
0.42207233
0.38017589
0.12391129
0.41712298
0.32353113
0.16722167
0.41466612
0.35204564
0.50386419
0.33419896
0.12576801
0.44361568
0.43717261
0.34793028
0.29255834
0.42610293
0.44480854
0.40548188
0.24318587
0.43798066
0.18623637
0.42203283
0.21306588
0.46491375
0.24263484
0.48346267
0.47321478
0.36862784
0.37876115
0.43144933
0.39483279
0.22724491
0.38259751
0.18204273
0.39698012
0.36664609
0.41879402
0.40556655
0.39973962
0.41000766
0.35789492
0.37037510
0.53372610
0.41343792
0.36894557
0.22505825
0.42524586
0.19717276
0.32092910
0.34849989
0.27983147
0.44888868
0.38473276
0.47611695
0.43634917
0.27237482
0.11094578
0.44926025
0.21861649
0.42912229
0.53636712
0.26157253
0.33325500
0.46201351
0.41978238
0.45914540
0.37703267
0.44898263
0.34473363
0.44844559
0.40355804
0.46004784
0.27392425
0.26942077
0.30553750
0.44887057
0.44377563
0.51510686
0.40988957
0.49769490
0.40250878
0.50779160
0.42434294
0.41462015
0.26234049
0.33374584
0.20861024
0.48689622
0.42425809
0.25220667
0.40180869
0.36784742
0.31659333
0.40185972
0.47335400
0.49165715
0.29032212
0.27051945
0.41747918
0.33428113
0.19050231
0.42013522
0.42779285
0.45121528
0.11835625
0.30942305
0.33976505
0.34746370
0.10524759
0.44240163
0.01537082
0.42955159
0.45136711
0.39962210
0.29665921
0.11294012
0.42956353
0.14278045
0.33565772
0.49756608
0.39911322
0.39914643
0.17895703
0.45829202
0.36203468
0.40149242
0.42407572
0.43934299
0.41616555
0.33414049
0.37923433
0.34924724
0.31748995
0.43941153
0.31285738
0.45176327
0.08474687
0.36876451
0.40991978
0.09536610
0.39535163
0.42869534
0.51072804
0.31768975
0.40836294
0.42133656
0.36469801
0.36240555
0.48456597
0.41618632
0.15612042
0.49434266
0.37630524
0.31976519
0.42022911
0.43468387
0.11083346
0.45616797
0.25552167
0.19106853
0.43308270
0.44568942
0.49633316
0.45634577
0.34515059
0.43259723
0.43922306
0.41753422
0.46272851
0.50341005
0.17058640
0.49151292
0.48511353
0.51774449
0.01806299
0.39480144
0.37924165
0.33227061
0.46327051
0.39630353
0.37349130
0.21582931
0.15866085
0.13679249
0.42740148
0.21452129
0.37985253
0.38571684
0.48275466
0.44850616
0.52128217
0.12530931
0.26018592
0.39111175
0.29690762
0.52881816
0.41518402
0.38717604
0.48528061
0.37122593
0.20696236
0.51393505
0.39771355
0.44328808
0.42975333
0.41623946
0.47239182
0.51444407
0.47204840
0.48801150
0.33716018
0.28324989
0.31573638
0.20835550
0.51086201
0.46846214
0.37015538
0.37950286
0.47603254
0.20376007
0.31841941
0.39013314
0.42211550
0.48476887
0.42145689
0.34933509
0.33211386
0.46649743
0.48996355
0.39218506
0.15187475
0.31720544
0.37888980
0.42464044
0.44813940
0.38205688
0.33991498
0.15126218
0.45110254
0.37128037
0.33085384
0.45585063
0.42016238
0.44345493
0.19745666
0.37146563
0.27697430
0.27503628
0.48082420
0.43834081
0.31842084
0.37022788
0.44486795
0.40569644
0.42645106
0.43749049
0.43827900
0.47620561
0.21512397
0.51150042
0.32522032
0.37657550
0.42894732
0.39444385
0.45373494
0.44952359
0.27028024
0.35139155
0.40349617
0.41122292
0.27287601
0.30205008
0.38400966
0.43425604
0.30780234
0.33716343
0.38477530
0.16386291
0.43147097
0.45123716
0.27373985
0.13381048
0.39038649
0.32072218
0.35268410
0.18963391
0.45861993
0.38127186
0.42183963
0.42516499
0.38297230
0.52798579
0.08393356
0.43866116
0.41022565
0.38301318
0.47953196
0.29557509
0.39868814
0.39053251
0.53763184
0.17385515
0.39313976
0.45429357
0.48180155
0.50550994
0.44175415
0.32890847
0.39730214
0.08280245
0.26903666
0.25803841
0.32652365
0.37463181
0.48143288
0.01982666
0.37899343
0.45351793
0.41289481
0.31755554
0.47647880
0.18581445
0.44140058
0.15398298
0.35551312
0.47489927
0.38453953
0.46836859
0.42653145
0.34553507
0.45595543
0.39548978
0.14219870
0.25981033
0.39748490
0.44240268
0.37557415
0.45343471
0.33941270
0.40323032
0.32585659
0.42819153
0.36112343
0.45871019
0.34322204
0.40520072
0.46387494
0.39022533
0.47440424
0.41685326
0.42278984
0.49624308
0.32312718
0.38230404
0.45407411
0.29646989
0.28559345
0.37242454
0.44200298
0.41257763
0.34251124
0.16441777
0.43774603
0.19621969
0.50395365
0.33533645
0.36898320
0.44739411
0.40729142
0.23685831
0.05511406
0.46949204
0.41028318
0.53494396
0.43275662
0.14622441
0.21158285
0.12939030
0.28938016
0.30424837
0.44404684
0.36295664
0.55127651
0.45433898
0.46469862
0.44909885
0.47360546
0.31295010
0.46125777
0.34295832
0.25662679
0.46527239
0.49799346
0.45971634
0.23114476
0.51757949
0.37818354
0.46436376
0.38321112
0.40827918
0.40859395
0.46214867
0.26295594
0.40292180
0.39558888
0.34004985
0.36796444
0.47963489
0.32773433
0.41558776
0.36511502
0.45495432
0.45373477
0.43306457
0.42199076
0.36692466
0.44620512
0.23704114
0.17907381
0.47918114
0.48590498
0.40806550
0.39809718
0.44652601
0.36745936
0.50486960
0.23291997
0.43893559
0.35336763
0.44806181
0.40215692
0.26767051
0.31773352
0.29986185
0.34415540
0.24136021
0.29131464
0.14813090
0.46391000
0.43274483
0.36497787
0.07383169
0.36510591
0.49442910
0.40484979
0.50056405
0.43042934
0.41167132
0.47270419
0.29627204
0.38926483
0.41321807
0.43113835
0.45481938
0.40751427
0.29251550
0.17834357
0.28881237
0.40754762
0.39897185
0.46327628
0.21628486
0.40496857
0.36316933
0.24715888
0.48620168
0.23111284
0.27216746
0.35550434
0.36144575
0.28453851
0.28218793
0.46413312
0.41874041
0.32091836
0.37301153
0.44717954
0.38516152
0.41771598
0.51636773
0.28995078
0.14236246
0.27671453
0.47964342
0.14342404
0.34634505
0.14018756
0.44690998
0.21823221
0.13866102
0.42413716
0.25412791
0.11690545
0.28684309
0.27292993
0.36887760
0.32450185
0.30138800
0.44502885
0.34169035
0.37633842
0.52174130
0.47006901
0.36713661
0.47961806
0.29906938
0.12783181
0.38427407
0.37688406
0.45836584
0.43090343
0.16360843
0.37867238
0.01916856
0.37741947
0.14532560
0.42586998
0.38759725
0.37818676
0.12787419
0.30167868
0.47106159
0.19755931
0.54405538
0.25648985
0.47691102
0.42126421
0.48228368
0.04883809
0.32406463
0.47215185
0.37849392
0.43458393
0.37492756
0.41888395
0.27734232
0.43896130
0.33533721
0.28777810
0.40149183
0.11050993
0.49650764
0.41492256
0.34088859
0.49198118
0.17972335
0.07526701
0.34078852
0.46814352
0.36345840
0.09362365
0.26264262
0.17263064
0.35495856
0.31464721
0.36313245
0.35872596
0.12640102
0.48125779
0.43109138
0.39990502
0.51592326
0.38882422
0.40142001
0.38747407
0.40359989
0.37914705
0.45926154
0.46928846
0.46953961
0.45411719
0.22098934
0.56262486
0.41302500
0.32408160
0.27424476
0.36904018
0.50129646
0.06799110
0.25744882
0.40033075
0.25363039
0.34852009
0.48129996
0.28606910
0.34098708
0.22054782
0.34344178
0.36845261
0.28046292
0.49060861
0.45855910
0.38336530
0.42180573
0.00199455
0.10543868
0.44620861
0.36397328
0.41123469
0.40418818
0.48726868
0.36952374
0.34721295
0.29207851
0.12902538
0.48326132
0.51366894
0.35256634
0.40693389
0.12634620
0.50173543
0.41177901
0.13277479
0.36165656
0.35342511
0.43960332
0.47090959
0.31289927
0.36785609
0.46845000
0.41690401
0.22698461
0.02471642
0.51530161
0.42253571
0.11243352
0.38059542
0.39552744
0.48106946
0.44161923
0.45947335
0.09646334
0.10499428
0.41353603
0.27237699
0.51915486
0.33805252
0.42048480
0.30428646
0.41855220
0.39801045
0.39361504
0.41374555
0.51280337
0.31583422
0.32109834
0.42131730
0.44419317
0.40036684
0.21488730
0.12968752
0.46183939
0.47175515
0.10133418
0.35758475
0.45060385
0.40775821
0.42325689
0.38385435
0.56399820
0.48553696
0.21822494
0.28104117
0.14994954
0.31152151
0.20528253
0.33803136
0.44373296
0.44080638
0.50264258
0.42142898
0.24799973
0.39257068
0.08862325
0.41890824
0.18043447
0.39431974
0.31734828
0.51835980
0.28350263
0.56342032
0.42469330
0.37124933
0.44384414
0.42300102
0.43779788
0.25963655
0.37333135
0.50395940
0.39861889
0.46585921
0.42293678
0.50497055
0.27902272
0.48153304
0.33484888
0.26833563
0.43014308
0.25649120
0.46394902
0.34070385
0.16375721
0.33958210
0.33682465
0.43611346
0.21720315
0.37932634
0.39959649
0.52497965
0.49197429
0.13443695
0.48042642
0.28667991
0.39787120
0.33614361
0.48020663
0.44424162
0.31455029
0.41157072
0.50422807
0.13734790
0.28659800
0.18921659
0.21254442
0.07371395
0.36536317
0.41897206
0.08697677
0.48564519
0.43430916
0.44444646
0.38144961
0.46013865
0.50708192
0.34285277
0.24822431
0.30467556
0.26088562
0.39718517
0.44818173
0.44220667
0.38026624
0.34527860
0.34521758
0.43076420
0.37566864
0.46750409
0.34436356
0.48670954
0.43466815
0.43853103
0.17131584
0.45909315
0.39596229
0.43700087
0.25960562
0.47446672
0.47951172
0.38485714
0.41783880
0.45507677
0.40351809
0.27679750
0.44060976
0.42734526
0.46039717
0.47410377
0.19359594
0.17763337
0.47946662
0.24085214
0.07315186
0.27667392
0.41813699
0.45058379
0.36956975
0.54438820
0.37368910
0.41556116
0.39168605
0.39821136
0.38398033
0.05288001
0.35327636
0.38708257
0.20725861
0.29470125
0.43342382
0.32497059
0.25186925
0.37144435
0.45828189
0.26336601
0.28179265
0.35236435
0.46431625
0.47838219
0.39030330
0.09719534
0.47130227
0.37312071
0.08923303
0.28345888
0.49792762
0.60412473
0.22969829
0.44859053
0.46130974
0.37080374
0.29372538
0.44613011
0.06925377
0.38084646
0.40028597
0.44972614
0.50846544
0.54219935
0.33335841
0.47497759
0.39528024
0.26617354
0.52051812
0.28714621
0.39610912
0.51605273
0.46657095
0.45065986
0.07358339
0.49899096
0.28129072
0.46044967
0.36671849
0.43880115
0.07522240
0.24622337
0.26690249
0.36459017
0.35905781
0.50997069
0.20383280
0.39529102
0.40155910
0.31060727
0.23946814
0.41291904
0.14844877
0.15744162
0.40578398
0.43422291
0.46429552
0.44224259
0.28060593
0.42318963
0.39290328
0.17385651
0.37844427
0.20033464
0.43962115
0.40520232
0.16197028
0.38181525
0.48241485
0.33349205
0.28713896
0.29903234
0.25750019
0.43746538
0.41674848
0.47259403
0.42510429
0.40269790
0.45459780
0.01221246
0.36535987
0.35445083
0.40629871
0.24928048
0.45890248
0.32144707
0.56545700
0.18990004
0.43838526
0.49776966
0.21817813
0.46871502
0.24078361
0.29055497
0.38049473
0.31830187
0.52825193
0.43579009
0.49886487
0.46575100
0.33244276
0.41756537
0.21393951
0.16462645
0.42109284
0.35143076
0.40394678
0.04673795
0.42084609
0.51014317
0.27713971
0.44715934
0.45699405
0.43513202
0.28226746
0.48257902
0.37717679
0.37143090
0.42681170
0.17888172
0.50671014
0.45378769
0.24607570
0.40051897
0.41803786
0.46749181
0.37535621
0.47537346
0.31704816
0.43641758
0.43401085
0.33896877
0.33600123
0.33038616
0.41604946
0.22579798
0.39540927
0.17461555
0.46245154
0.50131091
0.38829303
0.31750748
0.30203663
0.44371962
0.36607984
0.24287140
0.45011398
0.44141913
0.42917276
0.01283623
0.41825440
0.39969025
0.33455614
0.22989773
0.49327201
0.04547735
0.52554792
0.41639045
0.48197443
0.50528109
0.32071566
0.41359915
0.43147851
0.21662204
0.07850610
0.30453533
0.35840982
0.04444420
0.18163806
0.30309619
0.40916651
0.17085297
0.44619459
0.43083325
0.41896426
0.29838884
0.39212929
0.50212467
0.45121607
0.31089677
0.45571584
0.26302651
0.49399625
0.35583414
0.44461718
0.43735738
0.46741919
0.43475185
0.47046044
0.43310464
0.43463711
0.46250363
0.40693908
0.43336584
0.44624121
0.37579828
0.41874170
0.44242270
0.41797343
0.47076190
0.32470380
0.40379348
0.33674690
0.19527423
0.51717850
0.50092762
0.40174368
0.04896301
0.11245421
0.32179989
0.47987331
0.32929516
0.33337501
0.50380227
0.22055837
0.44915811
0.30673140
0.24832882
0.37893468
0.44192311
0.53060244
0.37451592
0.43102652
0.50251458
0.36012263
0.49235285
0.42296531
0.51389162
0.13022695
0.40671092
0.28661934
0.03477534
0.45857983
0.38473057
0.45302153
0.42015637
0.35535162
0.23113854
0.47709611
0.33618960
0.31838059
0.27672627
0.33957361
0.09183117
0.33522324
0.33960966
0.38756907
0.51287704
0.52037288
0.39810371
0.22423834
0.50018297
0.44980931
0.22282226
0.25069226
0.13728886
0.39413011
0.46844817
0.20530055
0.38151157
0.41338565
0.30307562
0.31591048
0.33780850
0.35562632
0.43722047
0.38543581
0.36737755
0.12112866
0.29904518
0.39988737
0.34512850
0.30574622
0.21390697
0.45467502
0.45441708
0.18161236
0.33844450
0.43891254
0.33785115
0.51065666
0.44639319
0.32814605
0.42105782
0.42306802
0.44487144
0.34204407
0.28262545
0.53264573
0.39969493
0.31945629
0.30284279
0.34143886
0.08269087
0.42112617
0.20769979
0.51777198
0.14261100
0.39565066
0.38703676
0.40049327
0.17955518
0.45254050
0.47890772
0.19405246
0.39967758
0.41484375
0.37336337
0.45975167
0.27986577
0.53852274
0.51645332
0.36926523
0.49618553
0.41413637
0.35094135
0.13690105
0.33646133
0.33982031
0.24955182
0.35014019
0.27840453
0.05805001
0.52063902
0.36920426
0.45335045
0.40205932
0.07737344
0.36929580
0.45595236
0.35829622
0.25346619
0.37921829
0.20408981
0.17010875
0.49455089
0.48607371
0.21411317
0.40147333
0.27259907
0.43415896
0.47821095
0.45224161
0.24203734
0.43175466
0.33821568
0.01819659
0.27935870
0.36673214
0.28588240
0.41285763
0.40978021
0.35757112
0.38070476
0.45994509
0.37857366
0.38458002
0.48051921
0.44379798
0.33924571
0.38366359
0.41820940
0.48408309
0.44268287
0.36965865
0.15371210
0.41246800
0.31629924
0.43037857
0.43190120
0.51320939
0.36169612
0.42729495
0.27233301
0.34885712
0.21712748
0.39955363
0.24755290
0.29906571
0.46716654
0.44015597
0.35023849
0.28257095
0.20530172
0.10444676
0.46061973
0.44596392
0.45954990
0.26084282
0.26113122
0.41529630
0.33720593
0.31207870
0.47177057
0.37277273
0.38424540
0.48706612
0.37969701
0.29682315
0.41141352
0.46095458
0.23444554
0.47266233
0.34901913
0.36457402
0.21554377
0.45449939
0.26526546
0.37648380
0.14869147
0.42714784
0.48441408
0.49169712
0.31755976
0.49073892
0.46939985
0.42269400
0.46434067
0.18370775
0.36552675
0.48046000
0.46808398
0.35325301
0.50018762
0.41865398
0.29797523
0.41001007
0.40899098
0.42253764
0.34698041
0.13105775
0.35678587
0.49780679
0.43992059
0.48058554
0.45898141
0.26761726
0.38166432
0.40440454
0.32796669
0.45715592
0.46719389
0.19921642
0.36798887
0.43919992
0.23079185
0.53086985
0.23673607
0.36535614
0.27793700
0.40752287
0.20338220
0.12745884
0.39721285
0.55715665
0.45758694
0.26878056
0.44216963
0.12550795
0.52521376
0.42085134
0.39047842
0.42223378
0.42629111
0.23369589
0.38557085
0.19015682
0.32569835
0.30568935
0.18540161
0.41257786
0.12080315
0.45808045
0.42477749
0.30835712
0.32375525
0.38342376
0.49151179
0.49706203
0.39199101
0.51324095
0.20586549
0.41180259
0.53691181
0.38415625
0.50195532
0.02043233
0.46425056
0.25500567
0.39867933
0.47341842
0.46142081
0.53952428
0.37453769
0.27526609
0.48688595
0.25173718
0.13017091
0.41318215
0.19353665
0.47365030
0.36749001
0.18816234
0.38676089
0.17078760
0.36658661
0.44993048
0.25311953
0.27492258
0.50674361
0.47696337
0.20841579
0.33003930
0.39982875
0.45697404
0.34745385
0.45263576
0.49046221
0.37106405
0.45786002
0.40375455
0.52840115
0.39549485
0.36791710
0.46538583
0.30002835
0.41525697
0.47832776
0.44255491
0.36688291
0.35827817
0.20784924
0.43544995
0.50747700
0.29265215
0.28353548
0.20585033
0.29957137
0.36859414
0.37189498
0.44525883
0.47556009
0.35520052
0.44356548
0.40735202
0.39499909
0.40237161
0.40056497
0.29436404
0.36752244
0.43311495
0.03075953
0.43347137
0.42754729
0.37386320
0.48926774
0.42684813
0.47246363
0.47298142
0.17144425
0.30815968
0.50477177
0.32312001
0.35720706
0.38318833
0.20516090
0.34694885
0.48744723
0.50052556
0.13504583
0.36615147
0.44367053
0.46758936
0.36610750
0.44864079
0.38402330
0.36870263
0.39293261
0.33124710
0.46967883
0.36306637
0.52304569
0.00182364
0.42403829
0.24519300
0.40291434
0.28425282
0.38615166
0.28020613
0.35304151
0.17073429
0.41808696
0.44093472
0.28605559
0.09454715
0.42576441
0.43619799
0.43902904
0.33574236
0.43705341
0.28910624
0.42597752
0.45786524
0.21048518
0.21774557
0.40326902
0.14593270
0.40043443
0.29546459
0.49731660
0.16486273
0.00223515
0.32902077
0.33537137
0.50294703
0.42782133
0.45922215
0.10534072
0.31414815
0.34496871
0.41235776
0.48520254
0.50152151
0.29879235
0.45245822
0.42679074
0.47335053
0.36061140
0.43283033
0.46839754
0.50687380
0.38255192
0.41420938
0.42795979
0.05474217
0.49062733
0.46449306
0.04005188
0.14222026
0.48270148
0.47657644
0.36733170
0.40956634
0.47172236
0.37936934
0.42430032
0.39862414
0.42645440
0.36978094
0.38620679
0.32294606
0.48075994
0.47453932
0.46441339
0.28650593
0.47304480
0.45841145
0.07993182
0.39812307
0.45257838
0.43621801
0.18441167
0.46713190
0.47202632
0.43463197
0.50162532
0.26250754
0.42458702
0.30431141
0.47373317
0.44852802
0.41977160
0.32135808
0.05532107
0.41470854
0.11330694
0.43064574
0.52674815
0.49431244
0.36800139
0.21432219
0.34797051
0.33510926
0.18777957
0.39295614
0.20213035
0.41587017
0.28488981
0.42535696
0.48019030
0.47635072
0.13968042
0.44960280
0.22852272
0.22992334
0.45648256
0.47710584
0.50458625
0.46431494
0.48241887
0.46406714
0.40953986
0.36763161
0.42923840
0.39192431
0.42700408
0.35988437
0.42275984
0.34205604
0.24220557
0.39144909
0.48905143
0.36840427
0.31150686
0.37019564
0.41298051
0.47242031
0.30345457
0.43804768
0.39672947
0.42070008
0.46388888
0.44998070
0.50633110
0.33785427
0.33044696
0.48901505
0.46800979
0.35350583
0.12514834
0.30278035
0.27258662
0.22091910
0.37054582
0.36834747
0.45173191
0.42430317
0.51964063
0.34641443
0.13336895
0.46467967
0.39759085
0.47580545
0.10405594
0.38347118
0.33387789
0.38478758
0.15807633
0.26421752
0.45291114
0.49453662
0.32700663
0.37962532
0.49947097
0.35991080
0.34042449
0.44029984
0.44225964
0.40685559
0.34145525
0.31846832
0.44075053
0.45101468
0.28435659
0.20731388
0.44961943
0.24358106
0.42788305
0.44062163
0.48756806
0.18562742
0.52569352
0.23876086
0.51215260
0.37764994
0.08672375
0.43397759
0.41374132
0.39681602
0.06849669
0.41318064
0.36817493
0.48890425
0.51023336
0.25260905
0.33053678
0.35999044
0.35042153
0.44011617
0.11916192
0.14913150
0.39387360
0.23097708
0.22919559
0.40579579
0.46263770
0.17411555
0.38768269
0.35874741
0.42403567
0.47867049
0.50148824
0.27318671
0.30669663
0.32370895
0.17729709
0.43825231
0.22952388
0.45453713
0.44475168
0.18460246
0.28530563
0.40514428
0.38673388
0.38233127
0.45110082
0.45467241
0.42407210
0.18665625
0.35096909
0.40082780
0.40593955
0.18195589
0.44356436
0.45019436
0.17926378
0.50160886
0.31814010
0.46282970
0.48614403
0.48360647
0.17063893
0.37462102
0.39560846
0.44722133
0.41412719
0.30647809
0.39842607
0.32136639
0.12349996
0.37577849
0.22851578
0.47631570
0.49314474
0.17307638
0.35871638
0.33042810
0.25871520
0.48037927
0.47815950
0.08996679
0.45530127
0.26235114
0.41445965
0.30438582
0.48756093
0.40594157
0.36481029
0.48051815
0.43460355
0.24654833
0.51684154
0.41129745
0.45938951
0.35248874
0.42894608
0.40247431
0.12467949
0.47875381
0.16073082
0.33462907
0.44884603
0.46179511
0.43543265
0.25395759
0.32605893
0.45143782
0.47022937
0.33600502
0.46087079
0.39497998
0.39356307
0.32289235
0.29809895
0.41031237
0.29616197
0.23002365
0.41865261
0.06730735
0.15171422
0.44928188
0.44958902
0.38271259
0.36148118
0.32135697
0.22582004
0.45236695
0.40556407
0.34070093
0.11942093
0.07059886
0.45190879
0.43563025
0.33534250
0.46529447
0.42381277
0.09079952
0.50607786
0.43844266
0.23728273
0.42024188
0.24500776
0.32056404
0.21256974
0.44845673
0.49941406
0.44911467
0.30843268
0.39111085
0.16047356
0.36701242
0.45330945
0.42070948
0.34403674
0.49693452
0.50492818
0.33019307
0.35965093
0.05972322
0.41188771
0.31454509
0.39068107
0.40540136
0.44247805
0.12655296
0.43515250
0.48853210
0.10944828
0.34643353
0.33389918
0.20572729
0.42543110
0.47511716
0.29798156
0.47282410
0.11994267
0.22651090
0.43599965
0.43009418
0.49340507
0.43519795
0.42342499
0.34769368
0.42349051
0.33783100
0.11492846
0.47603877
0.42874420
0.35129340
0.36909640
0.39324989
0.32278220
0.52319106
0.43430465
0.42722808
0.41488026
0.24084503
0.36268063
0.47063077
0.45838078
0.43850909
0.19865857
0.14555736
0.33905232
0.33829438
0.10257358
0.41316958
0.39658259
0.47038313
0.43824816
0.46083884
0.43948550
0.33907713
0.13374333
0.44843794
0.44882415
0.46449240
0.38451987
0.42310170
0.45403285
0.38005782
0.44471977
0.43590909
0.40782653
0.43705250
0.56476786
0.40939501
0.38956415
0.04272913
0.35974251
0.35837254
0.11380960
0.26812635
0.46719310
0.47315924
0.32952932
0.49110204
0.42763413
0.35991363
0.48311502
0.42776308
0.47367383
0.32593820
0.42277435
0.46810559
0.38870538
0.40584237
0.53025623
0.34680000
0.35410640
0.32777002
0.50946559
0.46453181
0.44485892
0.48348335
0.37245624
0.45773504
0.43395012
0.36717544
0.36943496
0.38812957
0.28642836
0.44439672
0.33769742
0.33887414
0.45367391
0.50091587
0.35368339
0.41539467
0.12985339
0.27077169
0.13887859
0.30120512
0.35627992
0.45371580
0.44701008
0.42671739
0.25119813
0.46044381
0.04824338
0.45540579
0.41184381
0.48018637
0.34431923
0.33081399
0.43116604
0.18269944
0.25151108
0.39365330
0.20837302
0.31174157
0.41114853
0.37733863
0.37434671
0.37771197
0.44299900
0.22995924
0.41377567
0.39554580
0.43161040
0.46855825
0.14527180
0.54304650
0.45497424
0.45957452
0.43584847
0.34307946
0.32704862
0.03567547
0.27171777
0.32356668
0.27216550
0.33285298
0.47269420
0.25294590
0.27362951
0.45352029
0.40451548
0.22482259
0.24594045
0.18289860
0.47732488
0.38536183
0.24490421
0.30612418
0.24402439
0.44062166
0.14097955
0.49593052
0.07952739
0.50907794
0.31536804
0.39027243
0.46197007
0.43255337
0.51521467
0.42138159
0.40652990
0.09529381
0.47611397
0.38510081
0.34050229
0.49130783
0.19411665
0.29376062
0.00276843
0.33634597
0.39342417
0.47754273
0.47037361
0.46771896
0.27369126
0.34491274
0.29153622
0.21847725
0.41056642
0.50124215
0.26967582
0.51171457
0.34765409
0.48820692
0.32566220
0.46197913
0.32680139
0.41231854
0.27245767
0.48657978
0.32240858
0.41685273
0.50256231
0.25919968
0.45464641
0.34494918
0.51492246
0.40365113
0.26941533
0.43527445
0.23045044
0.43335188
0.39539523
0.37748529
0.44057343
0.22935952
0.46808570
0.52013672
0.23287433
0.41865138
0.45207606
0.30257726
0.22969588
0.26299501
0.44429910
0.40257009
0.37041142
0.45916560
0.39251354
0.17070365
0.31336789
0.35139526
0.37162548
0.48763484
0.44814887
0.36789842
0.52049528
0.51137366
0.43345528
0.54319350
0.43064518
0.27683944
0.28755022
0.42914388
0.36300562
0.45950143
0.38273090
0.45276538
0.45585506
0.42139886
0.51235156
0.35730937
0.18530279
0.43095554
0.44264961
0.34814037
0.18575502
0.25111196
0.42094942
0.14000760
0.41689747
0.10985411
0.44965451
0.43403424
0.36907672
0.48234921
0.37809727
0.38174453
0.46496350
0.46565534
0.51073448
0.46799313
0.24774077
0.41804722
0.46196363
0.38012322
0.30536906
0.42340374
0.40910524
0.20750595
0.42335109
0.29928473
0.01516208
0.46140322
0.50995027
0.35200039
0.43869794
0.06451161
0.30835443
0.27058523
0.38425150
0.17913944
0.11497847
0.10747715
0.35658354
0.08499076
0.51074874
0.49016928
0.37551985
0.30397257
0.42991643
0.24251073
0.51003013
0.34734777
0.44665734
0.23299346
0.15371869
0.46475102
0.38356842
0.42536835
0.45336747
0.38421573
0.39756707
0.28724503
0.43167015
0.46251095
0.40270679
0.36794728
0.42278681
0.41890895
0.12270804
0.35834541
0.40637804
0.46753299
0.31571647
0.20008492
0.41781914
0.38452138
0.43388934
0.44994008
0.42828770
0.43813741
0.35863456
0.29765864
0.44883681
0.43325225
0.48067975
0.46582047
0.51987110
0.46257434
0.44080345
0.49618764
0.47204391
0.22501665
0.25203816
0.35594818
0.39040398
0.47303770
0.36590860
0.34040303
0.43170337
0.29078650
0.38909779
0.33777587
0.36882843
0.39187057
0.39987848
0.51099632
0.49142296
0.44216345
0.34888457
0.45606593
0.38382582
0.41722319
0.40398934
0.45996503
0.09790709
0.05793404
0.39130789
0.31419139
0.36233366
0.39241321
0.53639435
0.42458917
0.42834133
0.36494963
0.22245749
0.44787666
0.30238645
0.48720086
0.15338110
0.42756726
0.39112327
0.39266869
0.11094064
0.28930805
0.42764592
0.41839414
0.45102858
0.38432488
0.44432645
0.37120379
0.50067702
0.41241066
0.37387746
0.38090362
0.46248275
0.38037966
0.36921423
0.43096693
0.07895180
0.37434069
0.32368830
0.23676841
0.33594435
0.51752595
0.41859137
0.49305221
0.23845328
0.23527367
0.16365724
0.38980797
0.42284443
0.38116003
0.52466676
0.27258053
0.37088892
0.24138120
0.42668576
0.35506867
0.39444444
0.47157523
0.27638447
0.46347936
0.40142339
0.33725796
0.27077095
0.40034305
0.21910396
0.29884093
0.15548088
0.34727167
0.30128893
0.31905529
0.18232016
0.44387704
0.22557456
0.31147884
0.22772346
0.39560163
0.32919216
0.51416872
0.45672999
0.36742344
0.45614630
0.46433012
0.30367576
0.36627752
0.26244283
0.42754880
0.19904076
0.45668007
0.42628876
0.21895558
0.49528407
0.47030287
0.38958165
0.44917181
0.15729454
0.42029344
0.46023043
0.31735729
0.36120690
0.04506472
0.05367844
0.40617058
0.43526567
0.46108026
0.22191181
0.42456195
0.19124910
0.49145994
0.58220640
0.32918835
0.41155460
0.39986615
0.32880534
0.47809534
0.42139660
0.26356780
0.43846171
0.32126651
0.11291344
0.51976946
0.42010123
0.39793404
0.19747271
0.40301501
0.17258566
0.41024082
0.44133745
0.01441497
0.46660038
0.42263657
0.44308320
0.39381390
0.14308124
0.25651017
0.34669136
0.39791576
0.41750614
0.22186024
0.27679413
0.13179062
0.23978653
0.42116569
0.32606310
0.34860111
0.52882497
0.49914132
0.54113215
0.47864975
0.38279660
0.29658779
0.19761033
0.42714482
0.36452092
0.32832497
0.48416788
0.42684297
0.43609661
0.40712234
0.36637235
0.40780697
0.46921452
0.41536494
0.13713213
0.51831610
0.33212966
0.42934539
0.28342866
0.40950630
0.37663400
0.22250706
0.51722845
0.08097370
0.46337842
0.20156106
0.35870305
0.43988121
0.40161633
0.35505328
0.48868530
0.42872628
0.49466918
0.50479109
0.52616234
0.00246978
0.46040719
0.35951110
0.29960663
0.44223909
0.48622155
0.44148807
0.50150861
0.49608045
0.22628965
0.07590665
0.36346404
0.43700258
0.05012660
0.35211409
0.34060545
0.38517887
0.47063738
0.28389580
0.36222995
0.45955973
0.47185959
0.32278329
0.02741881
0.44319677
0.38104000
0.44680727
0.35864262
0.29904140
0.35665491
0.35169858
0.44481338
0.43880152
0.20559090
0.31245482
0.47484916
0.50627999
0.44260224
0.34735756
0.15299350
0.23398100
0.45220222
0.45771500
0.12329418
0.27746643
0.38087162
0.32692249
0.46056517
0.16969158
0.43976632
0.43417523
0.31005492
0.42213885
0.22348926
0.35775236
0.01002955
0.33262163
0.36590633
0.55558128
0.33313493
0.36258729
0.44299775
0.29216554
0.48779866
0.15882643
0.44541717
0.47274181
0.10170713
0.51826763
0.42944662
0.31396406
0.43543245
0.43390179
0.31039324
0.39795240
0.27537191
0.42640282
0.19722849
0.04075090
0.50384239
0.52244404
0.34420281
0.36511978
0.50807158
0.29457857
0.26168955
0.46217706
0.43883988
0.23677794
0.30382470
0.36472068
0.18682495
0.41656905
0.31122795
0.47956675
0.36170329
0.29987071
0.45029853
0.49801497
0.28582223
0.32611900
0.37956331
0.50640895
0.49246600
0.45834899
0.41655499
0.21639682
0.35866770
0.18784399
0.28683734
0.29698298
0.06755016
0.42581703
0.49106009
0.29522841
0.43753172
0.11199899
0.38459171
0.40422206
0.38890859
0.37990583
0.39924937
0.38810651
0.51785788
0.38927375
0.49055257
0.49139823
0.32601266
0.37183269
0.35471963
0.43352382
0.55369698
0.41842526
0.47072824
0.36196923
0.36555987
0.47521965
0.28389142
0.46983857
0.45327519
0.52959077
0.33934453
0.40883955
0.50825164
0.41377438
0.21111266
0.45383655
0.29574091
0.19459557
0.40697570
0.42267402
0.43721625
0.48807085
0.27098782
0.52410222
0.42154710
0.07990362
0.47060282
0.39600413
0.43393571
0.44952426
0.37301780
0.44186598
0.38427056
0.46137734
0.41948926
0.35552593
0.37377757
0.27878013
0.26424656
0.39935939
0.43258640
0.20387824
0.35248742
0.47254587
0.36560170
0.15156596
0.27063632
0.30590253
0.42521374
0.49158224
0.35590418
0.40207164
0.50082647
0.25528177
0.23805866
0.36094750
0.42113489
0.33540094
0.41995506
0.25451135
0.22206103
0.43833508
0.42505775
0.41663813
0.43406161
0.41451653
0.48233218
0.47117176
0.38299061
0.44316190
0.28462738
0.41836605
0.49113596
0.23574270
0.44180835
0.49161161
0.34568465
0.36259760
0.28666670
0.39861388
0.09758264
0.42875709
0.31635355
0.28836279
0.31614196
0.21267235
0.26487180
0.55455324
0.31746954
0.32237661
0.45565827
0.39740581
0.30483534
0.37196045
0.45025775
0.45144361
0.06609714
0.36987109
0.46066572
0.18717719
0.45624469
0.29730710
0.33479551
0.40215443
0.38260598
0.17845459
0.42620038
0.24505416
0.41656221
0.45582568
0.52545119
0.48687124
0.21955808
0.37869523
0.43377559
0.44738801
0.47514087
0.40716226
0.13531786
0.39886378
0.35519970
0.46964549
0.43104670
0.30787014
0.48051610
0.45210315
0.36912276
0.17667840
0.40773334
0.38915591
0.39959857
0.40841592
0.47927569
0.48827593
0.19202328
0.17948322
0.25883967
0.43551832
0.44718311
0.47847523
0.46788405
0.21874341
0.38253767
0.30673140
0.41452707
0.44256420
0.37110869
0.37080106
0.17119975
0.31793200
0.38514110
0.32847772
0.35121878
0.42178479
0.48622673
0.39640288
0.39941840
0.51358409
0.30404466
0.50281825
0.38105103
0.51598446
0.40258571
0.44189314
0.47797553
0.19396718
0.46006060
0.45656586
0.32080117
0.41267327
0.39178325
0.22282277
0.42207981
0.31085476
0.40984383
0.42079834
0.27918020
0.47329068
0.45661161
0.41822295
0.45613558
0.46059967
0.50272277
0.37973308
0.49289394
0.47228602
0.44892321
0.51426339
0.45708183
0.42083777
0.26163277
0.38265243
0.13089729
0.32774174
0.42762173
0.41627500
0.21970382
0.50178405
0.53987226
0.32875812
0.40710913
0.41928924
0.41911698
0.50615988
0.25909090
0.47652466
0.42823231
0.48022597
0.39795905
0.25934408
0.12842749
0.44542853
0.53138106
0.47505254
0.40084994
0.18779832
0.15419527
0.44757022
0.49869014
0.32353327
0.46489835
0.38753221
0.45897796
0.38273691
0.47032639
0.54350885
0.15331593
0.17893710
0.49616626
0.47042056
0.42594935
0.21523192
0.18738735
0.48248612
0.20542275
0.50792494
0.39464924
0.21286054
0.40844690
0.43401792
0.46158768
0.39991853
0.47596153
0.47914517
0.42302367
0.45329685
0.39968113
0.39820919
0.41406268
0.05634296
0.51192423
0.49290041
0.25707345
0.32849675
0.38669187
0.26228679
0.45729742
0.31072147
0.39600156
0.38394227
0.43589843
0.42881790
0.39838553
0.50585079
0.46981996
0.37270834
0.25377132
0.49120467
0.50602639
0.45423649
0.53811632
0.47078098
0.35322206
0.33840322
0.16189347
0.47524972
0.44009729
0.25420270
0.40491129
0.38281631
0.36883693
0.37164649
0.20874693
0.28537114
0.05863121
0.26036916
0.33536383
0.31111852
0.45623802
0.10090942
0.39682474
0.43082106
0.43383875
0.40830135
0.38953653
0.06301424
0.46202243
0.47732317
0.34943848
0.47075624
0.36992965
0.47888419
0.10223754
0.45217888
0.03754696
0.36505983
0.46127994
0.29719436
0.38629571
0.45842353
0.50681961
0.51021930
0.29069146
0.41971343
0.44179577
0.27697068
0.48887145
0.09782452
0.47495090
0.36539764
0.47045064
0.17616987
0.26528053
0.30507810
0.38693821
0.22061980
0.11872308
0.37972381
0.45443194
0.10591702
0.38387558
0.44828382
0.17103981
0.47490442
0.37257897
0.28882323
0.09778245
0.43990294
0.44500700
0.48936332
0.38597120
0.38700231
0.33086904
0.33135634
0.24600037
0.29557231
0.44318025
0.15855556
0.45734142
0.22435097
0.52832391
0.40272828
0.07750789
0.17659998
0.47962243
0.32798709
0.50143121
0.44742314
0.44605113
0.50191542
0.44620194
0.45300199
0.05625011
0.44704527
0.25451314
0.38169594
0.31090059
0.18741525
0.41398384
0.44797552
0.48380662
0.43831929
0.47385425
0.26296009
0.41110113
0.14146547
0.34711249
0.43382286
0.38168630
0.34735681
0.44524868
0.25153638
0.35618689
0.28331520
0.42545530
0.45537726
0.37948894
0.16959878
0.35138002
0.47224379
0.41582612
0.44122783
0.41083887
0.45241464
0.44499055
0.29422947
0.43745433
0.41498203
0.48964094
0.42097526
0.33202106
0.43509545
0.44057571
0.50629552
0.30578458
0.49399871
0.53238802
0.34122898
0.24692819
0.06116429
0.40329484
0.16658328
0.34262843
0.43846313
0.52352239
0.44180601
0.44051519
0.38407702
0.24181923
0.45164647
0.32712138
0.35432813
0.08839767
0.36920527
0.53705403
0.43055430
0.15401764
0.37087728
0.28118068
0.46742664
0.43842753
0.40346640
0.36608565
0.38637529
0.24379001
0.37139003
0.45289878
0.26012496
0.44685070
0.46298933
0.29437693
0.50920426
0.42361742
0.49877164
0.52479306
0.17598179
0.17477154
0.49366745
0.36284635
0.50676196
0.42915403
0.38129931
0.28909777
0.17342014
0.40917735
0.49100532
0.19331037
0.03968925
0.10284963
0.50510452
0.43096176
0.30168722
0.33095170
0.48118029
0.48950576
0.45618599
0.49431387
0.42762704
0.38647795
0.40611541
0.47111895
0.49022493
0.42609787
0.43784815
0.40227076
0.24812230
0.11878096
0.46859983
0.47898496
0.36691221
0.45025090
0.48445540
0.27392780
0.42045280
0.42180220
0.45385655
0.34595813
0.49806108
0.51485308
0.48357319
0.42100634
0.42257743
0.30953677
0.48104922
0.46241418
0.41792630
0.39303373
0.18717335
0.42224565
0.41832628
0.37684224
0.44198918
0.18858364
0.50894501
0.39945059
0.40180558
0.34374477
0.29469052
0.40123152
0.24629674
0.29206782
0.40283885
0.39281640
0.41366506
0.21851734
0.36541199
0.46468723
0.37835097
0.45983567
0.31190483
0.27224229
0.50366216
0.47430502
0.40713635
0.44852248
0.23213643
0.53811136
0.38313817
0.36937790
0.04123509
0.54410179
0.39227567
0.41378826
0.40604204
0.50013954
0.24415043
0.31236156
0.47790180
0.42309409
0.18495955
0.25569231
0.43635197
0.39105666
0.20096029
0.41484447
0.42524945
0.11164587
0.39281749
0.06941416
0.39899188
0.36053524
0.53818833
0.27353742
0.44962186
0.38212727
0.29452155
0.44264549
0.46595343
0.30725684
0.47428780
0.53305872
0.29647101
0.40079077
0.45675890
0.43230173
0.30061074
0.46843968
0.43235303
0.30009832
0.11666941
0.47649442
0.36875431
0.24456985
0.39348792
0.44960228
0.48516907
0.45853336
0.19512564
0.46511597
0.41048777
0.40661586
0.27063986
0.30914758
0.36447401
0.50397554
0.04555155
0.43477963
0.18500585
0.51402757
0.44311780
0.46776932
0.43514633
0.40662258
0.22595980
0.34839471
0.42774180
0.42929003
0.44360952
0.32621779
0.50549414
0.45385038
0.39774267
0.41791562
0.28883424
0.47587687
0.27482852
0.23877899
0.48407242
0.41165735
0.42198452
0.43846893
0.31406046
0.15233022
0.40249714
0.46602029
0.28574298
0.51700168
0.50329692
0.39930762
0.39499859
0.45289820
0.40582662
0.44482563
0.34608549
0.43638446
0.41213057
0.39599831
0.25523814
0.49029123
0.43554339
0.31102083
0.07495325
0.06165234
0.31586899
0.40852409
0.14944696
0.46499359
0.42811448
0.50821498
0.11572630
0.43975478
0.15732337
0.36074432
0.29895513
0.29497043
0.32172507
0.23952385
0.44656900
0.50795065
0.37602648
0.32713660
0.31195494
0.26418447
0.38397499
0.50426056
0.45239477
0.38633424
0.41529903
0.38927266
0.47905635
0.39541759
0.38075190
0.18322930
0.44667754
0.47265714
0.34700283
0.43656139
0.44025900
0.44164718
0.39887237
0.32166491
0.49697951
0.36326824
0.46090625
0.41782727
0.33996075
0.28099322
0.28734380
0.46258984
0.29814932
0.25931930
0.06961978
0.29727229
0.38316358
0.38211003
0.42757494
0.38676081
0.02990997
0.30804223
0.44182628
0.34721329
0.41810248
0.45117402
0.43572450
0.43608213
0.42257673
0.44534264
0.30095181
0.43001743
0.43473990
0.43102686
0.19377630
0.40524879
0.49457840
0.40195335
0.20381179
0.09242639
0.37295019
0.48188494
0.46167282
0.45305249
0.24079398
0.39375468
0.49276900
0.45376926
0.37491065
0.06675571
0.34173222
0.48190284
0.21089605
0.38529193
0.26824882
0.43775731
0.43094059
0.36916771
0.20521174
0.47257622
0.44800990
0.16300473
0.13950361
0.36484014
0.46431609
0.49879787
0.34778649
0.33490947
0.53693778
0.37008221
0.36013539
0.39562323
0.16192399
0.20946809
0.50809492
0.36015954
0.19093065
0.39537773
0.48592623
0.45190460
0.21620263
0.28853578
0.38904468
0.11508778
0.38640207
0.39161494
0.37017411
0.29379837
0.47918016
0.31439876
0.13372309
0.24921137
0.41426145
0.24409975
0.48744764
0.26378872
0.19378851
0.26242615
0.06283985
0.32489552
0.44989905
0.48224222
0.40545345
0.44362279
0.07274389
0.42323282
0.36711327
0.27776312
0.40088542
0.39045475
0.42326345
0.41302813
0.35051772
0.41935260
0.37822487
0.45870795
0.38940953
0.37347150
0.15496208
0.42705599
0.29796648
0.07855777
0.28711904
0.29130158
0.51917468
0.34497342
0.44984792
0.33299218
0.46383636
0.23174062
0.44654426
0.32437419
0.26617880
0.39345001
0.43238724
0.24793537
0.33814477
0.40455979
0.48782911
0.50718971
0.32996185
0.37653288
0.32397416
0.46268670
0.45940457
0.21733148
0.45472302
0.42698480
0.50568083
0.15524013
0.36079722
0.10810038
0.25107497
0.36349715
0.45097103
0.40354112
0.41961442
0.24452424
0.44855567
0.18602212
0.36214730
0.39156574
0.15806180
0.30105809
0.40704480
0.47484481
0.40658432
0.31667763
0.26238324
0.39458400
0.42646001
0.40517392
0.17434257
0.40900887
0.52159023
0.36322398
0.36704085
0.49898940
0.38984447
0.37241421
0.37941593
0.35652952
0.37264727
0.50047283
0.41800829
0.36240661
0.36089271
0.41875391
0.26451200
0.41487763
0.11921931
0.41668435
0.38679621
0.37271788
0.44656605
0.35314230
0.08119003
0.45775759
0.26406908
0.45036624
0.32093357
0.16691762
0.39909318
0.44076169
0.20663334
0.43447384
0.42158333
0.49595437
0.23561212
0.38236406
0.47163941
0.52695139
0.32581860
0.36320031
0.35061363
0.02210085
0.10526988
0.30015541
0.27667103
0.35067887
0.27715255
0.04484104
0.27757106
0.39964613
0.25640493
0.38275461
0.48830573
0.32014909
0.30235637
0.45500296
0.23960484
0.42546741
0.19544850
0.21341044
0.16354275
0.15856406
0.41545660
0.04676899
0.35219210
0.27135390
0.20911036
0.49784361
0.48653567
0.20126087
0.44213928
0.15767522
0.28640914
0.29909510
0.49192080
0.50195025
0.46548578
0.27063166
0.15945463
0.28614868
0.30022258
0.50520241
0.46279941
0.44594966
0.39220689
0.45260289
0.42893480
0.31887192
0.20410704
0.15910260
0.15716516
0.42590140
0.44964955
0.28080493
0.46939889
0.40776559
0.32986361
0.44638305
0.23865682
0.51465431
0.30942560
0.44910514
0.33014935
0.43619006
0.33701192
0.45437694
0.37181241
0.13573641
0.25856352
0.45939127
0.43922778
0.52120133
0.39671394
0.45511778
0.19930450
0.49028350
0.44376264
0.21187779
0.48544406
0.18406719
0.50396994
0.32829094
0.12363676
0.38036895
0.21479972
0.27402906
0.41235394
0.28929256
0.45845616
0.37688325
0.41461503
0.29213018
0.47184893
0.45383145
0.45447731
0.42833429
0.50963887
0.45184070
0.51215152
0.40414842
0.33393120
0.44087388
0.26180377
0.15156587
0.24579712
0.42979634
0.39601191
0.41741591
0.33339697
0.49956422
0.50249963
0.36346807
0.43225348
0.42201893
0.45770007
0.07562460
0.40467201
0.46698744
0.45533475
0.44795014
0.46375124
0.55261096
0.39716960
0.49265941
0.43595364
0.36597215
0.35524850
0.39685121
0.47238559
0.47700672
0.44463343
0.47057432
0.42319681
0.43435500
0.26748911
0.45415041
0.50227274
0.11432748
0.50891875
0.42735517
0.29642803
0.44258006
0.45162622
0.47695938
0.15734714
0.35678865
0.37361113
0.42325737
0.51808631
0.47157335
0.36424323
0.45412363
0.45012252
0.44981213
0.48323871
0.31161584
0.43272834
0.22189776
0.13677433
0.20829707
0.48683532
0.23792619
0.42498131
0.39650028
0.25090695
0.28250640
0.42505836
0.34439180
0.32715318
0.47912840
0.19305716
0.35608243
0.33365735
0.22142580
0.38381861
0.36145352
0.44594908
0.30550450
0.45787690
0.49270488
0.45396101
0.39388164
0.41158677
0.45266422
0.33815896
0.32585076
0.35682116
0.46265722
0.42746832
0.53199703
0.40566595
0.33220572
0.33072274
0.40553268
0.42858920
0.28084499
0.26431375
0.41413492
0.45390208
0.38996462
0.23676009
0.48923369
0.47538562
0.37351117
0.46881254
0.42661187
0.14461296
0.35108621
0.40618046
0.36570921
0.20647799
0.44377162
0.35716634
0.49191706
0.45546880
0.45875758
0.28709759
0.42939191
0.11487566
0.32880183
0.38202170
0.08726645
0.41946891
0.40995636
0.44477859
0.46191969
0.17263565
0.40765317
0.39773564
0.53247144
0.52997745
0.43177942
0.39199516
0.37975152
0.23337341
0.42593325
0.49153522
0.49186644
0.34281589
0.17793966
0.44931470
0.41587271
0.39220525
0.16700588
0.41019930
0.48136083
0.41082247
0.45154384
0.22757995
0.37056505
0.47773360
0.44499068
0.35045763
0.35780076
0.32513647
0.38711183
0.44680847
0.11499111
0.43669096
0.47763728
0.45925556
0.29753055
0.44235978
0.36519125
0.36350653
0.17169118
0.39405256
0.36286208
0.33699357
0.47935530
0.37625733
0.08895658
0.48778676
0.50956540
0.46866622
0.28338889
0.48488771
0.29958973
0.45451506
0.50615995
0.48682463
0.47760724
0.54317048
0.38319115
0.50573587
0.48984208
0.38732010
0.43323403
0.34508832
0.47084460
0.48329017
0.30428078
0.43401714
0.51352787
0.48473021
0.49737627
0.44915810
0.42337313
0.33604684
0.44802653
0.29151235
0.37138363
0.43531368
0.35901838
0.39619326
0.47570992
0.19296712
0.46573508
0.48470547
0.39088570
0.43246055
0.48332135
0.35845454
0.30951982
0.46629529
0.43617106
0.43722217
0.37083137
0.39946268
0.40204956
0.38161101
0.45515763
0.44785837
0.44579235
0.28452545
0.33073019
0.15619096
0.28942318
0.46603643
0.47174128
0.28421535
0.32764429
0.40157693
0.14188554
0.27376857
0.46666693
0.11447575
0.37019010
0.43721808
0.48544355
0.41332742
0.41547868
0.39678135
0.42554428
0.33634738
0.24310009
0.31732281
0.40009821
0.28825263
0.33138667
0.47584876
0.47713224
0.41114215
0.45432974
0.38422796
0.15159068
0.41662420
0.41360553
0.29257308
0.51339308
0.32662273
0.42334200
0.45159092
0.43968853
0.34672605
0.19531270
0.25195124
0.24094374
0.39542334
0.45534275
0.39128261
0.23517069
0.44482796
0.43411428
0.46803789
0.47539542
0.43619022
0.45071083
0.46656221
0.11948907
0.27643959
0.45499091
0.28331880
0.32549844
0.30151388
0.36638988
0.31520171
0.33011587
0.42198755
0.37340499
0.41529087
0.41044146
0.34304022
0.57699191
0.34812507
0.42648537
0.48415210
0.29475398
0.38364877
0.17392076
0.40231956
0.45096062
0.13686604
0.26244752
0.40834111
0.47966602
0.34579867
0.35260812
0.31205802
0.41811624
0.43572816
0.43083778
0.18471343
0.42252520
0.36368683
0.27138536
0.01490054
0.37758473
0.20656119
0.26572518
0.39835337
0.37328006
0.18105433
0.16328951
0.42345257
0.32721254
0.39864848
0.31616021
0.12226094
0.25193416
0.43534456
0.40043354
0.23831887
0.30433679
0.49453814
0.32686806
0.39881014
0.15096838
0.47465977
0.52305356
0.33506943
0.39518888
0.27135376
0.40681292
0.39384309
0.25573589
0.42706854
0.51118125
0.53223301
0.37217266
0.49152510
0.32116912
0.35835449
0.17130376
0.35999099
0.38822679
0.39681211
0.43906582
0.29575012
0.25875501
0.40118517
0.26004697
0.37956103
0.54133568
0.13644868
0.42947800
0.44116276
0.03728654
0.41930077
0.19950395
0.34031729
0.43235404
0.44497100
0.33173624
0.46012854
0.36785111
0.05890645
0.56917000
0.28515033
0.39616548
0.05401412
0.46713225
0.21304809
0.31921782
0.44204468
0.27321743
0.24019824
0.40674987
0.36677834
0.42475195
0.52160256
0.26988788
0.27899797
0.47156791
0.51927362
0.46217535
0.39450910
0.46223267
0.12049898
0.42005968
0.47708996
0.41446401
0.42907013
0.25375009
0.46710632
0.48753014
0.46879041
0.29494524
0.16067284
0.37402501
0.41334597
0.39010294
0.44200986
0.29337780
0.25231333
0.15020589
0.50328514
0.38048767
0.47546552
0.14280451
0.40525751
0.40933624
0.21214759
0.44747638
0.40603291
0.32706755
0.29388060
0.44106795
0.08067774
0.40394877
0.39064063
0.53182007
0.33237088
0.45046904
0.09555279
0.35667960
0.40824434
0.40832964
0.45668125
0.44057728
0.06167531
0.43726946
0.45443617
0.32822910
0.15162077
0.44990056
0.15472517
0.39205798
0.53167505
0.43106297
0.33049204
0.49940236
0.44389370
0.41632555
0.32315303
0.50035340
0.22796641
0.42206380
0.44464099
0.42122031
0.19282500
0.43215153
0.20398022
0.30507064
0.32493140
0.29819665
0.41206089
0.38596013
0.38526461
0.50987452
0.40368816
0.47019781
0.38035876
0.39222117
0.50744234
0.45489228
0.45231592
0.37061608
0.30264512
0.40217878
0.40808071
0.45439334
0.22015710
0.26776489
0.42590435
0.27598363
0.49267563
0.04622958
0.14716874
0.45251662
0.45707666
0.33750166
0.31488129
0.21578243
0.44304301
0.39233336
0.13910621
0.35477760
0.36737447
0.33642118
0.21549825
0.49326168
0.46379834
0.45761933
0.39283390
0.48621642
0.02624484
0.29654274
0.39607416
0.41969011
0.44199709
0.44402675
0.30038914
0.43060458
0.39767136
0.45131116
0.25469277
0.42321128
0.46878302
0.26110914
0.45845235
0.35407193
0.21867432
0.43933095
0.37434080
0.46364595
0.22297693
0.13251325
0.51659086
0.46958881
0.49656167
0.13075260
0.09117188
0.51307087
0.37666346
0.28884961
0.41422017
0.54976587
0.25094210
0.04535443
0.40612036
0.45048580
0.41867223
0.52055493
0.21402157
0.38770398
0.32180724
0.43733975
0.45501136
0.33924347
0.22830481
0.21258880
0.35789997
0.26077630
0.39891709
0.26386641
0.47363275
0.36826817
0.39362103
0.41532232
0.43981021
0.31655730
0.15683069
0.39291672
0.25084042
0.43258002
0.25617131
0.18480747
0.34433451
0.12476002
0.34197401
0.48495523
0.40030126
0.33888796
0.39985644
0.41491084
0.44363180
0.45452451
0.43667385
0.42719136
0.28636181
0.24559775
0.29433319
0.38727973
0.41668269
0.49355804
0.45738180
0.37773032
0.33157364
0.34494905
0.42154679
0.43800195
0.36318318
0.39520746
0.44992269
0.41293205
0.46718098
0.26138525
0.45368241
0.47526308
0.44662980
0.45809941
0.39797315
0.40468688
0.40260456
0.37782903
0.31996184
0.32330457
0.13407887
0.38357536
0.46626949
0.54445311
0.27656239
0.37618407
0.45149449
0.34184488
0.45152464
0.49260157
0.48976694
0.47593221
0.43834211
0.24589045
0.47174941
0.43639338
0.38689256
0.35294539
0.41260526
0.41015320
0.52416122
0.36798643
0.24238300
0.44163281
0.43068925
0.41059215
0.42951547
0.28345778
0.19521311
0.32200135
0.35289071
0.33144099
0.32134717
0.41025258
0.47423364
0.43030937
0.41313711
0.28174219
0.47543524
0.48223186
0.40483678
0.42862096
0.48769938
0.47653752
0.33400273
0.42674241
0.43688722
0.43346999
0.45013238
0.23679485
0.46562767
0.25695505
0.14684223
0.37922486
0.19104029
0.34659282
0.13414167
0.34621495
0.38712297
0.03877877
0.43294400
0.14347481
0.47725643
0.44608036
0.34643611
0.35228817
0.38497454
0.48725743
0.32143625
0.31689309
0.39312620
0.42668188
0.35693858
0.19888469
0.35171809
0.46245855
0.32738224
0.15161013
0.23367164
0.16714843
0.50175171
0.44499449
0.20366760
0.36381002
0.37086689
0.36329873
0.49056428
0.41797852
0.19539122
0.46517692
0.46944182
0.42919366
0.46383265
0.36340752
0.33819001
0.45432291
0.31415996
0.36754785
0.25889002
0.16123645
0.47388414
0.37721516
0.38345097
0.35503889
0.41990685
0.47907581
0.50388881
0.42206568
0.43014745
0.27959610
0.46954259
0.45360323
0.26591035
0.37284188
0.46647616
0.45758584
0.47492098
0.40056806
0.45104000
0.25410726
0.26259019
0.29448902
0.26124962
0.14665382
0.38567094
0.48121717
0.34648928
0.35890861
0.41064817
0.29979216
0.40980642
0.23633484
0.40602296
0.17762646
0.46726440
0.44180618
0.05591568
0.39682139
0.43174568
0.21653140
0.51038525
0.46159932
0.42095289
0.37344550
0.19075507
0.25393973
0.41383474
0.19614864
0.39682399
0.46625324
0.20581426
0.06845007
0.47696563
0.27713414
0.30483948
0.33145822
0.47842623
0.46760955
0.43933234
0.10335999
0.29381650
0.22588768
0.33226847
0.21863670
0.53333318
0.53468834
0.39577436
0.44044308
0.36648512
0.42667255
0.38691157
0.38804492
0.41002633
0.41369844
0.16208960
0.09427708
0.43557690
0.34378739
0.38170409
0.26841070
0.49365633
0.47725525
0.13484879
0.48237419
0.42777058
0.47209215
0.28445932
0.34161589
0.20751885
0.19977079
0.36068922
0.40911585
0.40716600
0.32440754
0.40179899
0.40387070
0.31330826
0.47114428
0.46388925
0.17657815
0.43362238
0.48544050
0.21936677
0.46738528
0.29671354
0.47913832
0.43883372
0.42134703
0.45815814
0.39370730
0.36879574
0.44061132
0.31089144
0.24844489
0.42783905
0.49927298
0.45570223
0.36485209
0.21104478
0.33459928
0.40155138
0.36317643
0.36356751
0.29188536
0.47508639
0.41371284
0.34760405
0.32327305
0.36754809
0.36066102
0.24300537
0.37928547
0.31880871
0.43082109
0.20852887
0.44528917
0.22382159
0.44703084
0.43034214
0.43483613
0.42356731
0.28319849
0.54079200
0.15583510
0.40510863
0.39672922
0.40291915
0.38869842
0.43219265
0.44020570
0.46780311
0.35975343
0.36464294
0.48348054
0.31772833
0.40160975
0.42766025
0.19964376
0.54862514
0.44091408
0.35464261
0.42395656
0.09789097
0.42730732
0.46612073
0.48053698
0.45352795
0.47546506
0.21145249
0.50341124
0.36534001
0.35416378
0.29305021
0.13345674
0.37136305
0.28882863
0.48261855
0.29773433
0.39645399
0.42462551
0.26893949
0.40783238
0.30973981
0.45486594
0.44107671
0.45179395
0.36518487
0.45940371
0.35880541
0.39542851
0.44893802
0.41544186
0.51507276
0.41621430
0.37990629
0.47146259
0.51952167
0.23248218
0.19919654
0.55952460
0.50671504
0.32300184
0.40369089
0.47384142
0.38936812
0.39375714
0.13137292
0.20877177
0.43471225
0.07893815
0.29398938
0.15134252
0.36574782
0.49391371
0.06754164
0.47165381
0.42003069
0.26891770
0.34755570
0.43096303
0.17336763
0.38642249
0.25756710
0.28254308
0.47276417
0.40994705
0.50347291
0.39576171
0.30807341
0.46175251
0.19610586
0.15440138
0.37239912
0.44484791
0.22252808
0.05912191
0.47204678
0.42016727
0.36387827
0.20119695
0.50160005
0.43537379
0.43551331
0.44640952
0.18373183
0.45739054
0.49917476
0.13290744
0.40831152
0.41333406
0.36415634
0.43501841
0.04556740
0.34871373
0.08727995
0.45321249
0.42374052
0.30593336
0.46557068
0.43302535
0.43476419
0.52253456
0.21830241
0.13778176
0.41342959
0.29220124
0.23912663
0.23148775
0.49444569
0.35412743
0.44272012
0.32821330
0.41840793
0.45063612
0.30153859
0.29815061
0.39598474
0.40662021
0.31942287
0.44984365
0.19983354
0.20951872
0.16867097
0.45734715
0.45485740
0.32822564
0.49723793
0.12119701
0.45450330
0.38232209
0.45171867
0.42368559
0.34964967
0.33020968
0.33872939
0.23658590
0.11234386
0.50245126
0.45711683
0.24023180
0.30745831
0.56210894
0.28959055
0.42264168
0.29923413
0.27446761
0.46098274
0.45466611
0.38918106
0.44232662
0.42257036
0.25485089
0.42178281
0.43124818
0.48607633
0.26810222
0.21409256
0.38277393
0.33614834
0.31733176
0.30631172
0.42757330
0.21458294
0.37893895
0.43042219
0.40615535
0.46527684
0.36215402
0.47441067
0.40451691
0.45785409
0.41255932
0.45973403
0.28503547
0.41517068
0.44814955
0.46967299
0.38737272
0.15040865
0.47468976
0.51617153
0.45707901
0.51693453
0.38281681
0.38866533
0.24772755
0.39211871
0.06540447
0.38612683
0.41537973
0.45235586
0.30851158
0.47325514
0.47251362
0.01065405
0.20794825
0.46579731
0.40242074
0.36071840
0.35118600
0.32301685
0.32087954
0.35244152
0.41849314
0.47300971
0.43460331
0.42701805
0.25123257
0.47771090
0.48294260
0.44511401
0.46704967
0.40499244
0.34522290
0.42774606
0.40871383
0.42251957
0.38394999
0.33338307
0.36912912
0.28898085
0.47511373
0.38098395
0.36815855
0.19938779
0.20886759
0.12964202
0.24614511
0.36192878
0.00096192
0.44187397
0.17601502
0.36317305
0.49234235
0.42743215
0.26704304
0.39844901
0.26167939
0.38130578
0.45639210
0.27040978
0.16959875
0.40095178
0.14245267
0.30430243
0.45184615
0.40499935
0.37205892
0.35213654
0.45228089
0.32919777
0.41586813
0.44172283
0.47107395
0.47403034
0.45384390
0.45350092
0.37615384
0.42182938
0.50112541
0.23953961
0.51207237
0.48125536
0.35946276
0.33730196
0.33936637
0.47415996
0.46511399
0.45939798
0.18397720
0.42626239
0.29231044
0.43324779
0.36791280
0.37555380
0.29517596
0.46713428
0.39833058
0.21567267
0.36085642
0.07320972
0.48238649
0.11483125
0.33982670
0.30768027
0.17950316
0.42443205
0.50146262
0.38907804
0.46534871
0.33673446
0.47888571
0.48952024
0.33197067
0.37040368
0.25695478
0.40818401
0.35709628
0.45486270
0.35724031
0.50675915
0.50380434
0.33518239
0.44664206
0.27341603
0.45045902
0.35921876
0.54582671
0.36012164
0.35574726
0.29781229
0.49890035
0.32015153
0.24495626
0.19719461
0.47971128
0.42362966
0.46318950
0.11902985
0.35918041
0.44886291
0.51968699
0.08054265
0.42140978
0.37382728
0.47780879
0.36070267
0.49007892
0.34261098
0.34286703
0.28426714
0.16793146
0.25838919
0.08881422
0.07656468
0.44484802
0.19706488
0.41199477
0.45936092
0.50811867
0.43110096
0.50706759
0.45726200
0.33106611
0.29952080
0.42454528
0.23783085
0.41410378
0.20596544
0.35934212
0.37935760
0.48289134
0.45163314
0.21678368
0.38703303
0.40392407
0.34973015
0.43626153
0.37020769
0.30145743
0.38261965
0.34457817
0.48211136
0.45638196
0.42791344
0.13325999
0.52133846
0.29805986
0.37725030
0.23001779
0.40969495
0.38577973
0.39368852
0.44580860
0.28554325
0.28266712
0.08486131
0.43348488
0.37843005
0.29439479
0.44513739
0.37176848
0.36463735
0.43141945
0.45193913
0.14955250
0.24701967
0.39378133
0.44468392
0.43944235
0.50139402
0.48836193
0.08299741
0.43592187
0.50819214
0.50917557
0.46091364
0.34497318
0.36279922
0.34568547
0.37222813
0.50299205
0.45510741
0.34891986
0.02388008
0.08518886
0.41684167
0.32630507
0.34740616
0.42854292
0.23028019
0.46794611
0.44596342
0.32922458
0.27655198
0.24367225
0.34331960
0.37104143
0.06694444
0.47673214
0.13889362
0.04308394
0.43611224
0.42049074
0.31461306
0.48360934
0.45021277
0.21811644
0.39548982
0.46268526
0.19413945
0.31139854
0.49772591
0.39722704
0.35247364
0.34443799
0.39747459
0.29897429
0.46071596
0.37452477
0.40276412
0.36608529
0.37963318
0.17366454
0.46397950
0.47844211
0.08624702
0.42343259
0.28322350
0.24381356
0.18971038
0.49749336
0.35153500
0.44378578
0.46269511
0.28823708
0.34432580
0.48221982
0.29696552
0.50592931
0.38609700
0.45877963
0.38962769
0.38059430
0.30105384
0.41630659
0.46520718
0.26490727
0.42084301
0.48888874
0.30570831
0.35814510
0.44280855
0.13375142
0.37654957
0.41769727
0.38797456
0.47946547
0.31788317
0.39074621
0.43337707
0.14154000
0.53127989
0.08232863
0.37885037
0.42897379
0.19497073
0.30899609
0.31763028
0.22595318
0.48791410
0.26380188
0.29274040
0.15441366
0.44040703
0.42771787
0.11265446
0.57941551
0.38090576
0.45298858
0.23585097
0.42223346
0.42222735
0.43393621
0.49340010
0.21450138
0.09386409
0.42209594
0.12898727
0.46756847
0.16418195
0.46286504
0.45735253
0.40109429
0.48898862
0.48961608
0.39698898
0.39440104
0.48849122
0.39867202
0.44099759
0.50273030
0.33698503
0.34329937
0.37345142
0.22719307
0.33429570
0.28466289
0.49343789
0.36594249
0.51137642
0.20269715
0.40178621
0.42317242
0.48068273
0.41521343
0.41601539
0.07365199
0.25844335
0.35614631
0.21771769
0.42295143
0.45713498
0.42711209
0.43292852
0.47362392
0.45382119
0.23478956
0.34543208
0.38487538
0.13179969
0.34630528
0.38739972
0.42574073
0.46692764
0.32960314
0.37147876
0.10263146
0.43665532
0.46688207
0.27496348
0.55146895
0.27557458
0.47937931
0.17029975
0.44609983
0.33425423
0.41029253
0.10453980
0.08647392
0.58197702
0.42656694
0.43243683
0.32249744
0.43445933
0.52815409
0.16837376
0.31894774
0.37812361
0.43493837
0.06983732
0.28983754
0.45265447
0.18798887
0.44172368
0.30477279
0.29871640
0.29119121
0.33064643
0.32851692
0.49467040
0.31226612
0.31849003
0.27964697
0.33414412
0.25477246
0.24987182
0.43987150
0.38871674
0.17798725
0.22063419
0.40100375
0.23892536
0.20612682
0.25027713
0.44417048
0.22430334
0.48012459
0.46779651
0.37427742
0.06833388
0.41071968
0.42342827
0.47133902
0.36519912
0.22320269
0.27665027
0.24875162
0.37266491
0.41529613
0.28564367
0.26226626
0.57206517
0.56802227
0.38631801
0.50160640
0.44672442
0.42060161
0.37317613
0.25350583
0.44650246
0.41335260
0.47661477
0.14478612
0.42102749
0.37278159
0.33055455
0.37690446
0.41839805
0.07300059
0.33895756
0.42058306
0.39609658
0.35701730
0.43483028
0.40481630
0.11947969
0.25811600
0.42223008
0.45484998
0.30619744
0.44362181
0.41529033
0.37838979
0.41268691
0.31496301
0.41632211
0.12564774
0.37705389
0.16162493
0.32903148
0.41789142
0.00184703
0.42957002
0.37682195
0.33323095
0.33121677
0.51083355
0.48736536
0.41013637
0.07897216
0.46466823
0.38568616
0.42297674
0.36658057
0.38666022
0.36266503
0.28662253
0.24672080
0.36203435
0.19602622
0.40599379
0.13294693
0.36064210
0.25764526
0.35829588
0.34092106
0.36160758
0.35867351
0.41723953
0.42074907
0.31848018
0.40800264
0.47643833
0.39285331
0.39852820
0.42123420
0.40376243
0.48548750
0.35146874
0.14502086
0.34470141
0.34338041
0.28249130
0.31096407
0.33864902
0.14746068
0.38753330
0.44846454
0.28124643
0.43382395
0.34744105
0.49490104
0.06641244
0.42244497
0.21089602
0.39212337
0.48083052
0.44011107
0.38012357
0.43576502
0.36971897
0.49227114
0.32725537
0.34306610
0.40391977
0.26568259
0.37512990
0.20912057
0.33105905
0.51157216
0.48389553
0.47350388
0.09679889
0.31869226
0.31047642
0.42008420
0.29398602
0.33726473
0.47100640
0.41611293
0.05694006
0.49477046
0.44429469
0.39675314
0.17434623
0.18831807
0.43619775
0.41348247
0.29408745
0.40873670
0.31912262
0.44432920
0.47506413
0.40643351
0.46241089
0.16688172
0.03705628
0.50034065
0.46501314
0.34787217
0.19104833
0.46918402
0.25157132
0.48825731
0.45408648
0.46067332
0.34919980
0.21617495
0.48670570
0.38279502
0.20779968
0.44304998
0.28560158
0.32223387
0.47535183
0.39070889
0.45416903
0.08795344
0.17462957
0.38085278
0.48277778
0.39455979
0.42906127
0.41689313
0.28539229
0.43117351
0.20202875
0.25144983
0.47392262
0.45063738
0.46911084
0.43423754
0.41420223
0.34872569
0.35892585
0.38878557
0.36263932
0.26080165
0.44102409
0.44562515
0.50253579
0.20213635
0.41584650
0.41125935
0.38710734
0.51093546
0.09936491
0.43661630
0.31940321
0.35982068
0.07510692
0.48047655
0.43872515
0.44347073
0.49683637
0.22928596
0.26424484
0.14733428
0.42582949
0.32701097
0.30498208
0.20911919
0.38313897
0.36569052
0.42679436
0.28261551
0.40103991
0.44935678
0.48913070
0.33697780
0.49519668
0.48659310
0.16688630
0.41159736
0.47517881
0.48643396
0.45403789
0.26459686
0.35717804
0.34535481
0.46966341
0.46687188
0.11280503
0.27861150
0.46418474
0.37355018
0.42800204
0.24671769
0.29854628
0.26293337
0.44147792
0.42141400
0.39167796
0.30475905
0.16586306
0.33890281
0.46426545
0.43287747
0.44597509
0.49815686
0.37605029
0.25192020
0.43929962
0.53509618
0.17154581
0.35575568
0.27387132
0.37870981
0.41747985
0.38544243
0.29358985
0.39353521
0.35282780
0.12540358
0.45004440
0.43421636
0.48278270
0.51685804
0.41507538
0.27709257
0.45384081
0.32248800
0.30136499
0.24769823
0.35641588
0.35867409
0.47241835
0.18690165
0.50205689
0.52734458
0.32487772
0.36164039
0.41040518
0.49382977
0.35416746
0.19123891
0.17301791
0.46372385
0.38814927
0.34089665
0.36237501
0.43100008
0.38083984
0.44199691
0.47012510
0.47254344
0.38523024
0.43320555
0.47637403
0.43799233
0.21307751
0.41917101
0.42791487
0.04758735
0.44719476
0.09529670
0.47737992
0.45896770
0.43102629
0.12377731
0.31243513
0.40329097
0.20794522
0.39433240
0.30231217
0.46977637
0.44871573
0.50315446
0.38540272
0.26732178
0.36262196
0.45035842
0.13018432
0.06369403
0.36262190
0.53184525
0.45758330
0.56229562
0.36094289
0.47468221
0.33513383
0.36225421
0.26019593
0.47224898
0.29100043
0.00400964
0.37092571
0.50787547
0.46409410
0.40039124
0.31143358
0.46513180
0.03514635
0.26514871
0.46246141
0.34145370
0.20621027
0.25898584
0.33256263
0.32107034
0.34501869
0.48829071
0.45211635
0.45103683
0.19831178
0.38898006
0.45547773
0.42662891
0.34125475
0.33731093
0.46494647
0.47632369
0.42640741
0.33329596
0.43684056
0.46317088
0.18427223
0.59954237
0.43679952
0.41243248
0.15142708
0.51742510
0.45783083
0.39573599
0.37160744
0.48633173
0.00375806
0.34889114
0.40208151
0.54603787
0.31498496
0.33381775
0.39337476
0.40285920
0.49414899
0.33558930
0.30730542
0.41932784
0.36901129
0.27034211
0.39618832
0.32727612
0.36451063
0.34992139
0.42778331
0.58493662
0.51222158
0.40407865
0.36290200
0.18877683
0.37123898
0.37849261
0.17653937
0.02160887
0.42279277
0.39122105
0.20158272
0.38928151
0.07087709
0.39933897
0.37687641
0.38496749
0.25861629
0.37648536
0.37871307
0.20868774
0.12926905
0.44987420
0.48761156
0.15283596
0.47726035
0.28140240
0.43195086
0.40091585
0.34990017
0.30191493
0.39623818
0.27772118
0.41592991
0.43906585
0.45868070
0.29061677
0.21290322
0.39239070
0.22642839
0.26817131
0.21679665
0.35184426
0.23369576
0.37108425
0.45090842
0.43357964
0.46633750
0.18943889
0.41695972
0.31363696
0.38369451
0.24923790
0.38799784
0.45529923
0.17583451
0.46148729
0.08755408
0.11784262
0.34932138
0.39600599
0.44254541
0.44690550
0.46392439
0.40847067
0.44131862
0.26099912
0.37280398
0.48174821
0.45636999
0.38876765
0.39296211
0.44409118
0.50534916
0.41459277
0.34857238
0.40438147
0.46055705
0.50058330
0.16649285
0.33165474
0.43075413
0.17843109
0.49459654
0.41558050
0.26119279
0.33574374
0.40990680
0.20807341
0.32390519
0.44819365
0.53042036
0.30907960
0.45689862
0.49227152
0.24267030
0.39334578
0.45839079
0.45417351
0.38069859
0.24675547
0.38413724
0.41841015
0.39324907
0.41195456
0.10053988
0.42322011
0.34979928
0.49266889
0.17754053
0.34466087
0.42042893
0.26746990
0.47361623
0.14102190
0.44494391
0.47244803
0.45562236
0.49452416
0.40896061
0.08336560
0.24542380
0.43913109
0.32381436
0.45313657
0.46432930
0.44226814
0.35260580
0.13246855
0.43246017
0.47670530
0.17751531
0.12849001
0.19663745
0.38791148
0.49001080
0.36050573
0.31754429
0.44993440
0.28989656
0.44358766
0.44328163
0.43019938
0.36532654
0.43944635
0.29142089
0.30638827
0.48775302
0.40189875
0.42937283
0.39609086
0.34792536
0.18928601
0.50395234
0.33270527
0.37897470
0.36622998
0.34541907
0.46896718
0.38365709
0.50107875
0.47640636
0.20092346
0.27989126
0.31420558
0.30844974
0.11452202
0.20596734
0.41526916
0.32278765
0.35749213
0.45141599
0.35309455
0.39826857
0.24753330
0.29837617
0.31610778
0.36646359
0.36483863
0.36761974
0.45114979
0.40223507
0.46315277
0.33593576
0.18287308
0.35549752
0.39577580
0.48288690
0.53560074
0.25124235
0.38550924
0.25393486
0.24067636
0.06608506
0.43734949
0.31257190
0.19783606
0.19330429
0.49443723
0.35696310
0.32961934
0.16784803
0.38573618
0.37789116
0.18857147
0.10549334
0.51663809
0.20902312
0.45776658
0.28225941
0.40062796
0.43580272
0.39227657
0.41892121
0.46400838
0.43723355
0.44867890
0.49301164
0.30602441
0.52016022
0.42230103
0.39172644
0.42531037
0.23954114
0.38922989
0.42770927
0.24540908
0.44711188
0.09687291
0.36228409
0.33965571
0.40199803
0.43769851
0.42923930
0.36613488
0.41738341
0.17024421
0.22412662
0.37797958
0.42030632
0.40659056
0.36308365
0.30659177
0.34877845
0.34635263
0.41854276
0.47933265
0.41270997
0.55074442
0.43755307
0.49864874
0.44141005
0.45427252
0.37305099
0.33508587
0.30901610
0.36554439
0.46173193
0.29215637
0.35095719
0.33110917
0.37689722
0.16183034
0.36700742
0.56125104
0.45212497
0.36227850
0.50513139
0.08536440
0.43023673
0.30944308
0.47772817
0.25615920
0.42723195
0.43672344
0.26700551
0.31152678
0.21609051
0.36432626
0.36088421
0.31843997
0.46318122
0.16362970
0.48188437
0.46326616
0.23660984
0.46890852
0.36699018
0.43247513
0.39742815
0.30529912
0.26748881
0.32204966
0.29711470
0.39183208
0.34030766
0.40639514
0.35477842
0.31754584
0.42281170
0.48771193
0.43301549
0.47207473
0.19064785
0.29250864
0.47695366
0.15330067
0.45454793
0.42984467
0.46081017
0.38638411
0.37510910
0.21156819
0.47990130
0.41540720
0.42503447
0.04548206
0.49114295
0.47999446
0.46133945
0.25953527
0.44236721
0.46267300
0.37823096
0.41102950
0.28870107
0.21742515
0.34553688
0.42209797
0.32158393
0.42276850
0.44764323
0.41054466
0.23145042
0.41658899
0.40945324
0.50741827
0.34841044
0.34536940
0.44863738
0.43303834
0.41810058
0.47385663
0.15393471
0.45052961
0.30203319
0.48770333
0.34059493
0.41953262
0.35873526
0.28852572
0.49830486
0.51944163
0.38717562
0.44804387
0.25273649
0.28957244
0.42318707
0.45692925
0.14313689
0.26782163
0.31747466
0.17164176
0.33489066
0.45401995
0.44857490
0.21343292
0.30028254
0.47905578
0.40169588
0.37597765
0.33912996
0.22183044
0.23197790
0.47031569
0.33606912
0.39840457
0.54192549
0.35629775
0.30023953
0.41093390
0.42111109
0.23621711
0.43284574
0.41834089
0.18092261
0.31202471
0.44686811
0.43181860
0.45793824
0.45234470
0.27659940
0.44226428
0.32063514
0.44499223
0.08158097
0.36550330
0.42312020
0.49912907
0.29801400
0.41554693
0.40923680
0.26849872
0.44778784
0.48703371
0.06469285
0.43141987
0.48971594
0.22903627
0.49026856
0.28555906
0.42267560
0.45119971
0.45319346
0.09319570
0.39781913
0.36784561
0.42194351
0.36416044
0.40118076
0.29380021
0.08066714
0.41154202
0.40107524
0.40312323
0.30260832
0.05458946
0.41030212
0.36404532
0.25589742
0.13970507
0.19701411
0.48480156
0.39138361
0.39932749
0.42698016
0.43447174
0.41210462
0.48595925
0.51026300
0.42993614
0.32034472
0.43346852
0.38370886
0.42202068
0.41391160
0.37090840
0.32196614
0.40501198
0.30349565
0.33404437
0.43696816
0.28065746
0.43081572
0.17718671
0.39327032
0.44768471
0.45758569
0.29938752
0.20791658
0.47901614
0.43826062
0.12053250
0.25400515
0.48552950
0.35650916
0.17709148
0.35974061
0.22091701
0.39503515
0.43905254
0.49264522
0.11755379
0.13154467
0.42522100
0.35146076
0.50606159
0.39748070
0.13035032
0.07304392
0.44345049
0.24592947
0.42309456
0.37260296
0.36662594
0.31660622
0.27139492
0.45972664
0.45602290
0.34548064
0.43631070
0.48278104
0.31908246
0.38816361
0.36136746
0.41635641
0.35979004
0.36360218
0.32990621
0.50240463
0.49583280
0.29577379
0.38844785
0.22919916
0.39847893
0.44491044
0.32679589
0.22893077
0.20259495
0.35915183
0.23567353
0.44622079
0.36932591
0.44681896
0.35291673
0.09898375
0.50459436
0.44009261
0.41381510
0.45842335
0.44837576
0.38591106
0.38240927
0.41259960
0.35947183
0.21371947
0.50364355
0.13842399
0.24863900
0.22119767
0.40766181
0.25947758
0.37810585
0.31060586
0.31328515
0.37942118
0.43802202
0.33388900
0.38312333
0.46324061
0.46779507
0.44480643
0.53786443
0.56512329
0.47700172
0.01638898
0.36424393
0.43199662
0.44751246
0.29649234
0.32413410
0.28866846
0.30343935
0.23480119
0.39293592
0.45084922
0.37608304
0.49946214
0.50038797
0.45705150
0.48584738
0.38254194
0.45541645
0.34636626
0.47740654
0.45613757
0.37981392
0.38828680
0.40433062
0.25787069
0.44197281
0.47164396
0.26106071
0.09776591
0.45441965
0.40190778
0.11557008
0.36915821
0.26087390
0.34595979
0.42582277
0.36232801
0.47489856
0.45076914
0.45130424
0.50173268
0.38726027
0.31425458
0.09202451
0.49720528
0.20732072
0.37892055
0.30185516
0.37739859
0.43502054
0.40075718
0.37943573
0.43443268
0.37354546
0.28515821
0.39019200
0.24212969
0.41720591
0.44821988
0.24485621
0.38684296
0.55084139
0.45487829
0.38824014
0.39392922
0.14505376
0.42717476
0.43069550
0.33922460
0.28794676
0.49297141
0.38648240
0.53279655
0.29775856
0.37883557
0.28628101
0.38483184
0.40306314
0.51148664
0.38869694
0.22781451
0.42347509
0.20030917
0.10447842
0.44307465
0.45804510
0.30279276
0.35519424
0.48613588
0.14018862
0.17314724
0.14152963
0.31872555
0.41435260
0.44083624
0.42953186
0.45014915
0.42947839
0.51697815
0.37191607
0.44117997
0.44030768
0.36505205
0.46055714
0.40415100
0.49137500
0.37715482
0.16343369
0.08622720
0.37850898
0.38350803
0.44927873
0.29127190
0.38535321
0.49257382
0.22922290
0.46827299
0.30072485
0.41068014
0.47348779
0.25860174
0.41558803
0.33694373
0.55723506
0.47627478
0.20872329
0.03166761
0.48082438
0.36176508
0.02876515
0.47926172
0.43659200
0.48105185
0.41964974
0.42258176
0.36916409
0.44154519
0.38279013
0.44018244
0.46473816
0.39652973
0.35921590
0.35787597
0.48021009
0.38537477
0.19387700
0.36436218
0.29090448
0.37913070
0.50363273
0.34245017
0.32508164
0.40998237
0.17453869
0.29572503
0.40711402
0.20549869
0.20715413
0.41509652
0.32747312
0.47371448
0.38072542
0.42135963
0.43064997
0.44987059
0.48260266
0.42546219
0.20739108
0.48669769
0.31961778
0.35717993
0.38234181
0.22288251
0.25445301
0.38339592
0.28967930
0.24484114
0.42931662
0.48628254
0.41153538
0.40523857
0.33619193
0.24684398
0.40783607
0.40340859
0.41465295
0.42781704
0.32988854
0.40393814
0.32442972
0.39248566
0.29963025
0.12117941
0.40670670
0.37402132
0.44835974
0.18789802
0.18195729
0.41176948
0.14280164
0.39237647
0.27140518
0.47029063
0.28111385
0.45343988
0.42009783
0.48607450
0.13285739
0.16383881
0.41519391
0.25364125
0.41459119
0.40998677
0.40187889
0.47446077
0.05192424
0.46110545
0.51655500
0.44566530
0.44702006
0.31236006
0.44210155
0.37693800
0.23602490
0.44052820
0.40233728
0.35143198
0.43203612
0.29479913
0.46698049
0.37228949
0.35222824
0.22772681
0.43179576
0.44009670
0.24734381
0.38071663
0.47107991
0.44630821
0.31819206
0.21751496
0.48386573
0.38116543
0.45687671
0.10198868
0.48861110
0.32455317
0.38753042
0.35842178
0.23681690
0.42301109
0.43698788
0.36353571
0.52581380
0.28660797
0.43891581
0.36814370
0.49331770
0.45121441
0.28796873
0.22577567
0.42557867
0.15631001
0.42068619
0.39663400
0.34155475
0.42696657
0.28468513
0.45283642
0.45872670
0.30041874
0.11064490
0.44392096
0.36828686
0.36288392
0.50909422
0.38839576
0.45764718
0.50042933
0.39817583
0.09701434
0.11914845
0.42999113
0.28131772
0.31105594
0.46942596
0.40176768
0.46088477
0.34148093
0.39898687
0.44731232
0.49545873
0.42845775
0.51968787
0.43527135
0.38497705
0.38294195
0.46905658
0.15740505
0.02766160
0.18373484
0.21792355
0.38823471
0.44589707
0.52437924
0.50272924
0.43680260
0.36604165
0.45503528
0.41302661
0.33243821
0.38315989
0.16857646
0.47438002
0.45233354
0.20326514
0.29137349
0.17835151
0.46331153
0.47640616
0.39987695
0.47631098
0.40749898
0.29239645
0.30879685
0.42213057
0.39273243
0.44398445
0.44918482
0.24031863
0.10004539
0.26922278
0.19368505
0.29456782
0.38697052
0.34436317
0.46974268
0.32553678
0.45395222
0.28400940
0.31678921
0.48033888
0.44927019
0.21651753
0.31284208
0.36697770
0.42986480
0.48168627
0.14733688
0.42615235
0.13595292
0.20192902
0.26518211
0.43275370
0.42869151
0.39663095
0.40422248
0.20195259
0.40591761
0.25825252
0.45394176
0.51155549
0.42286437
0.44080583
0.46478669
0.39808934
0.45727975
0.41771280
0.50596272
0.40471068
0.40984736
0.40412380
0.50575392
0.53020295
0.00107915
0.44339042
0.39422391
0.28907897
0.46456812
0.29352899
0.18556059
0.43229054
0.45948171
0.49755616
0.02187511
0.47121662
0.46163893
0.40363934
0.16292463
0.36655064
0.42800508
0.41085083
0.53033837
0.27136608
0.16298074
0.46831413
0.35225966
0.37988103
0.40881235
0.42537925
0.23363772
0.48276454
0.43557959
0.16838839
0.39184521
0.42174883
0.20447146
0.47120913
0.38632306
0.48782605
0.40460001
0.33933345
0.38164013
0.44857687
0.20736905
0.17443683
0.43615050
0.39447160
0.26305377
0.42350974
0.26861927
0.01246068
0.15229679
0.41816784
0.22996825
0.29449785
0.49500997
0.29195098
0.38688523
0.21717954
0.20609263
0.40125312
0.42442263
0.41493874
0.35055850
0.13493584
0.48903305
0.36965707
0.15342279
0.32177747
0.41121672
0.48156446
0.29650028
0.40513339
0.40636173
0.33073344
0.43474755
0.44412818
0.34482538
0.39584191
0.17975851
0.36319289
0.43937406
0.43731418
0.21037103
0.42009514
0.48916602
0.21526604
0.38966755
0.30671944
0.21820135
0.43569654
0.35935449
0.30751625
0.36835806
0.16431869
0.39468905
0.48537670
0.12946327
0.46901718
0.34544475
0.37699179
0.33050279
0.32120015
0.37304145
0.42988589
0.44754374
0.42135237
0.36898101
0.47937126
0.34482952
0.34444228
0.27698066
0.52090574
0.41184161
0.43298856
0.40637020
0.45962690
0.42344275
0.34496149
0.34700324
0.31161417
0.45414874
0.33796529
0.29426263
0.23765692
0.37279478
0.21842455
0.37306965
0.19772309
0.39089255
0.32171543
0.29118129
0.37986396
0.39720883
0.32887207
0.43377109
0.27647238
0.24402955
0.42081283
0.11613313
0.40160769
0.39568456
0.33243302
0.24152540
0.33876419
0.36554362
0.47954206
0.44135241
0.48417753
0.48286531
0.48405787
0.42940552
0.10023612
0.19457967
0.43226608
0.40761563
0.27211124
0.37015471
0.33618482
0.35781896
0.46757543
0.42639524
0.53158602
0.33259370
0.44206802
0.46145505
0.41618912
0.34865873
0.43661861
0.51095582
0.41370314
0.42637617
0.24329163
0.27350672
0.39539194
0.24014443
0.38297953
0.46564492
0.42328011
0.40997587
0.36387120
0.46431037
0.41820888
0.21669451
0.50136373
0.36926513
0.41508267
0.27371198
0.48923594
0.28239189
0.15908156
0.48059925
0.22503406
0.05552568
0.42220610
0.37638798
0.38336716
0.42238600
0.43242466
0.23719816
0.32980662
0.40909068
0.45044402
0.48671287
0.47056359
0.49200195
0.41287957
0.35337278
0.37802478
0.30612819
0.36497484
0.38986455
0.15304441
0.31463314
0.50236627
0.23955142
0.44221165
0.27343130
0.37323174
0.43758290
0.32996725
0.04864377
0.53310039
0.45734863
0.09031473
0.30696141
0.32166147
0.14286972
0.38374604
0.02339574
0.46641766
0.40699661
0.28410778
0.49333722
0.48528187
0.45480871
0.04131429
0.42690048
0.37846676
0.40096760
0.50829516
0.39944931
0.36640379
0.32181188
0.41250487
0.40365844
0.55841178
0.39693056
0.40223604
0.44113206
0.23705465
0.43582901
0.28551829
0.38072133
0.24555072
0.17733782
0.43474842
0.31942250
0.36442993
0.42761791
0.40570004
0.42535108
0.45917511
0.17984081
0.22483145
0.44817327
0.42461245
0.31095871
0.32571365
0.30829791
0.02311634
0.37880284
0.43256135
0.38096569
0.46067221
0.47258562
0.35984306
0.44878777
0.47417417
0.36987762
0.44187993
0.54540517
0.53581475
0.30558269
0.48948585
0.17461546
0.37733053
0.38299078
0.46708690
0.41551712
0.39708293
0.19685335
0.41701431
0.33035472
0.21405843
0.21166402
0.37540531
0.50660619
0.45606908
0.34935062
0.40165276
0.13781448
0.31371887
0.21115770
0.29895689
0.45278259
0.39891602
0.16171485
0.25963307
0.18284233
0.47070868
0.45792789
0.51072524
0.02627322
0.37746928
0.38875518
0.39829196
0.27246334
0.43099665
0.36938458
0.40003575
0.16191407
0.34252721
0.35411429
0.15625936
0.35633493
0.32634693
0.35166441
0.37943136
0.42174435
0.10428002
0.15112849
0.35038783
0.50102836
0.50081210
0.20089488
0.51882764
0.29901173
0.29004833
0.33502007
0.39783799
0.47301230
0.43874106
0.39009489
0.35215040
0.40152665
0.46610946
0.40547645
0.46831857
0.22169856
0.14758571
0.29296724
0.15628117
0.12872944
0.40455317
0.46916027
0.16042602
0.35453558
0.22012115
0.08831741
0.28870146
0.34462258
0.39522033
0.37180255
0.21773170
0.45649045
0.35692734
0.43395334
0.26575092
0.13159636
0.26298093
0.30579588
0.40134116
0.34103571
0.35393596
0.43645757
0.29898388
0.36453379
0.38442988
0.45144743
0.30722860
0.34273720
0.12303811
0.30406212
0.34741185
0.41842818
0.28245057
0.39238365
0.41180417
0.47526960
0.50486895
0.33179461
0.28530126
0.15397439
0.41952836
0.46498072
0.41524143
0.37304902
0.45689270
0.07562898
0.38707877
0.36946280
0.29882285
0.38726386
0.20381489
0.45157252
0.11792924
0.25542026
0.15554388
0.30087039
0.42877087
0.37461979
0.31054714
0.42574489
0.44677644
0.47835662
0.07816201
0.47225600
0.28979371
0.46897456
0.38787906
0.45302037
0.42999535
0.36037445
0.45176727
0.34130989
0.31825364
0.26290286
0.40340079
0.26458605
0.42524547
0.49366643
0.02560204
0.28206160
0.36651250
0.44395972
0.45164391
0.22394844
0.12904004
0.43982233
0.45049279
0.10901800
0.24697032
0.42053819
0.40394477
0.41873035
0.51080338
0.31743468
0.39412917
0.44079376
0.40583843
0.23318459
0.49555973
0.25391477
0.45742085
0.45673912
0.37523802
0.45734410
0.48217311
0.37930626
0.41013294
0.42090959
0.15304255
0.08353638
0.17933849
0.39817954
0.37636937
0.20518762
0.32177581
0.39047640
0.40732195
0.41287545
0.41375792
0.44356582
0.38405533
0.52031462
0.39884922
0.36520794
0.23538300
0.45824033
0.33252097
0.41192838
0.50583579
0.43110180
0.33993230
0.46418717
0.46019307
0.42264560
0.10966945
0.11916529
0.39514752
0.49967836
0.41056198
0.37930946
0.45364468
0.52327566
0.34220628
0.23817853
0.38450680
0.34043663
0.45587855
0.43646314
0.38259188
0.38020796
0.41312551
0.06036623
0.41262201
0.47638348
0.42375589
0.46971908
0.27138577
0.23984211
0.45229615
0.27381417
0.32075916
0.21892655
0.04196471
0.28264648
0.36211356
0.43410061
0.42969684
0.48742261
0.50517869
0.29935544
0.46535666
0.41601171
0.45677961
0.28127013
0.24197327
0.46323570
0.17773826
0.36708509
0.49754135
0.39950725
0.42176723
0.19271624
0.38458916
0.32611874
0.51727185
0.23819920
0.45974383
0.27071176
0.19131260
0.43733092
0.46841672
0.24343177
0.48413855
0.33774738
0.40637471
0.46020034
0.42762934
0.48204409
0.27329411
0.41163434
0.20690022
0.51053488
0.40047125
0.34856334
0.17265748
0.31534291
0.34596781
0.30862044
0.33111831
0.35726257
0.48030433
0.52645086
0.29952790
0.44788665
0.36095924
0.46377643
0.47319172
0.34067117
0.38617449
0.25205181
0.46163885
0.25123660
0.45522672
0.45244110
0.41837088
0.51972372
0.46286986
0.21833745
0.40605586
0.46284595
0.42593507
0.41303720
0.28595709
0.47231067
0.46054991
0.39690846
0.31425528
0.46906976
0.20589692
0.45855248
0.39573026
0.30357730
0.33426698
0.43152665
0.39898601
0.27108407
0.44021603
0.40210894
0.38946790
0.39004202
0.19840883
0.41631832
0.49286261
0.35480583
0.25808594
0.50519352
0.25840434
0.45141358
0.14907090
0.49653513
0.36656313
0.40009734
0.39301102
0.21073149
0.24521002
0.28959082
0.54179775
0.41340305
0.41594041
0.13570394
0.36484673
0.42216946
0.40022888
0.48616385
0.41277249
0.37010899
0.27120593
0.15199877
0.47115748
0.34480813
0.35531700
0.08066821
0.04510086
0.35410746
0.44389535
0.38590623
0.44108047
0.44581357
0.19094360
0.33491099
0.28901670
0.41157863
0.38166734
0.43867203
0.26976599
0.23077798
0.34974867
0.42160418
0.43492725
0.29441942
0.10283809
0.48437307
0.51090983
0.53885454
0.30715810
0.51123377
0.39581286
0.43947965
0.21999375
0.44022693
0.38577270
0.41455967
0.24260796
0.40362417
0.45165022
0.39545163
0.49655575
0.44943732
0.43055257
0.26143505
0.29110597
0.40505255
0.51429668
0.47037127
0.31526260
0.42170363
0.00677069
0.36797222
0.47652978
0.42960593
0.07813789
0.16319665
0.45683379
0.25856251
0.15286924
0.41507769
0.51752958
0.24531811
0.33747036
0.42418256
0.45918914
0.30436843
0.47173639
0.42719452
0.30526284
0.25513098
0.24198522
0.43994632
0.19270606
0.47842671
0.42177157
0.35988060
0.26149078
0.41569080
0.54277726
0.39125546
0.13222172
0.47216765
0.38684078
0.25911195
0.48271378
0.44216306
0.47206097
0.42976765
0.39970211
0.44120302
0.38443717
0.27855591
0.09903520
0.47838556
0.42651162
0.22945271
0.35244433
0.45460382
0.45422430
0.44652488
0.29957886
0.16625670
0.26858717
0.46045089
0.42532619
0.00637726
0.55308651
0.40774981
0.40400793
0.50670173
0.45829014
0.37164123
0.41345435
0.41134202
0.37920754
0.42624353
0.35350215
0.51534517
0.45975472
0.47165964
0.40410130
0.35730275
0.44575870
0.43821510
0.44629325
0.35938201
0.23879067
0.41159971
0.37280221
0.31229230
0.38477709
0.49729425
0.04686314
0.29706934
0.29248298
0.49075408
0.40362798
0.45533318
0.16246196
0.32974735
0.34510949
0.34689983
0.00438724
0.43600206
0.43004427
0.18676120
0.42857774
0.44748780
0.33926451
0.44470818
0.36794789
0.16158737
0.45751242
0.53691050
0.44133440
0.47057739
0.41106465
0.38903940
0.28475382
0.30951032
0.16199579
0.39458955
0.45024411
0.11029737
0.34132597
0.34081466
0.38329265
0.10898904
0.36560618
0.40704247
0.09563367
0.17019349
0.12877515
0.36883050
0.37608792
0.35980961
0.39905087
0.48198000
0.22992719
0.32294933
0.36801284
0.45363760
0.43210697
0.46227618
0.27494331
0.37763817
0.24213499
0.33332407
0.14947538
0.38194742
0.41906702
0.24574164
0.40417388
0.45628673
0.48132959
0.41616184
0.50195652
0.48578842
0.36005145
0.22080080
0.49220919
0.44879801
0.44277539
0.48796178
0.42404535
0.41475932
0.31057723
0.42215707
0.44005621
0.27319359
0.42388035
0.33506195
0.19035245
0.22848873
0.43610023
0.53639448
0.27050496
0.38405235
0.36101462
0.52306650
0.26699120
0.34253139
0.39421782
0.46613732
0.25992571
0.40426723
0.33886596
0.46771290
0.49512680
0.18000035
0.34523147
0.36331207
0.23423713
0.48668553
0.38393502
0.47400126
0.32384362
0.50388942
0.17495031
0.42522858
0.38350036
0.33376047
0.20030277
0.42497305
0.47328384
0.38381708
0.37795140
0.22973292
0.40764093
0.44284476
0.29073426
0.39508629
0.43960366
0.43083209
0.34804763
0.42252567
0.28666456
0.42829301
0.25833400
0.29713396
0.16223615
0.26704151
0.45350368
0.43138944
0.35529429
0.45126361
0.51456923
0.32705320
0.37225419
0.48275531
0.28493684
0.42003211
0.45594483
0.45093608
0.44938618
0.07810586
0.40059376
0.42667933
0.40729340
0.37427567
0.35227419
0.08561460
0.31144200
0.47675758
0.48962518
0.45165791
0.15238373
0.44917941
0.45803466
0.48181076
0.43744169
0.22619962
0.38672006
0.40175048
0.22791683
0.47992747
0.42682749
0.25764544
0.26384236
0.50258221
0.28459978
0.31075621
0.20723049
0.48236618
0.13102590
0.37107101
0.26343280
0.10567291
0.35909229
0.45546398
0.33921729
0.20117242
0.40848565
0.42962023
0.46185736
0.42212802
0.32281859
0.37458998
0.46237606
0.39980682
0.53267550
0.26955954
0.39005565
0.40613862
0.40284655
0.22840268
0.40396286
0.07889288
0.52718622
0.49392341
0.42324549
0.34924263
0.11197237
0.39146177
0.36788643
0.43617919
0.49824566
0.09532043
0.48218191
0.27150500
0.38658156
0.47038552
0.25407025
0.24477345
0.42182789
0.11652090
0.32122611
0.50687880
0.51611614
0.32707456
0.41206282
0.48036508
0.18972181
0.26285660
0.21473183
0.06558680
0.29591437
0.44378785
0.43018982
0.22969085
0.47069909
0.43160887
0.41513115
0.52945586
0.31273063
0.20788027
0.40561333
0.09116518
0.53580318
0.42639917
0.34551185
0.03548677
0.36494831
0.37305670
0.38684656
0.19807491
0.39182610
0.35926059
0.40408924
0.39568113
0.29677625
0.33245093
0.42834145
0.46778104
0.41163962
0.49140899
0.22749244
0.44206747
0.41068430
0.16955343
0.46670739
0.36549591
0.20015424
0.40205684
0.42924575
0.14213281
0.37613540
0.43278794
0.43972751
0.42851225
0.14151034
0.54872390
0.44644269
0.45899155
0.30264337
0.37548437
0.24941373
0.50382877
0.29878848
0.43984761
0.19712811
0.11429776
0.45839257
0.38125330
0.37566908
0.42892988
0.43353969
0.41475089
0.44815593
0.55709945
0.31822299
0.41763068
0.12805662
0.42060682
0.31366677
0.23259745
0.33145170
0.32229988
0.30749900
0.20876551
0.19104669
0.35964763
0.44326665
0.36839894
0.42935812
0.49039694
0.38523246
0.27393119
0.27512095
0.48374706
0.46429037
0.43672457
0.40642911
0.49962012
0.33693392
0.34953608
0.24633274
0.27202852
0.45938841
0.37689636
0.40418701
0.46754470
0.12142973
0.50158546
0.39234331
0.26006378
0.20581816
0.41142135
0.37431706
0.11998983
0.36597165
0.33396117
0.19811734
0.30900170
0.45067578
0.13940839
0.47740161
0.31463847
0.30168578
0.43797222
0.44260725
0.11962465
0.42696712
0.32914638
0.48520172
0.25287424
0.46952717
0.34232127
0.47498570
0.45742940
0.46093949
0.45923042
0.10657455
0.08303575
0.46293817
0.32691037
0.45958572
0.40120592
0.25993917
0.39564302
0.28293733
0.46729200
0.49467119
0.46617964
0.40632127
0.48221038
0.53069081
0.44890333
0.39288658
0.17559340
0.40952606
0.38472755
0.34821303
0.50692761
0.45799901
0.47720430
0.49046920
0.29567080
0.24255456
0.28811812
0.43152899
0.49557142
0.26475428
0.49044950
0.42644628
0.21089083
0.42069433
0.09766488
0.47509957
0.48232899
0.43284185
0.25096589
0.42138287
0.09378363
0.41379215
0.49644188
0.46213588
0.37993445
0.40711135
0.35104276
0.50348010
0.43960542
0.18016539
0.31813909
0.16557275
0.32962543
0.38078439
0.44407340
0.48031110
0.46934012
0.19313180
0.46534782
0.43828594
0.21664663
0.17013398
0.53118508
0.40132661
0.51012489
0.29837310
0.53236719
0.34988454
0.39985491
0.41673885
0.35389017
0.43721433
0.22244161
0.36090641
0.53517405
0.30751490
0.08696357
0.40420948
0.46368964
0.47524490
0.40029695
0.31703933
0.21721291
0.42797140
0.42283545
0.27239313
0.34707363
0.12277545
0.47310841
0.51374100
0.46964970
0.20241750
0.33062325
0.27953752
0.42675428
0.07352887
0.05470998
0.41413067
0.23198428
0.51341189
0.24194981
0.10477242
0.43028281
0.26702180
0.44925403
0.21877969
0.48586025
0.44038223
0.41274184
0.37611931
0.43235804
0.30076370
0.38852532
0.48275700
0.43053349
0.42750986
0.47274429
0.22464228
0.33757208
0.30125285
0.40849074
0.38392122
0.13482272
0.47668965
0.41809404
0.20878074
0.42105142
0.16058376
0.39206801
0.08991765
0.36475836
0.28752020
0.43520154
0.36808381
0.48007334
0.52890742
0.18457657
0.31438319
0.37443328
0.45018633
0.42078739
0.41571363
0.36330831
0.25283973
0.34907679
0.41962413
0.46514378
0.26321201
0.14068814
0.37301474
0.49218015
0.40146351
0.26678081
0.01067205
0.40099003
0.36654746
0.52278777
0.25633713
0.36337687
0.34539474
0.41817876
0.37873009
0.40260085
0.39724600
0.39582525
0.38608987
0.45125394
0.37271719
0.48433430
0.29559466
0.40713860
0.45417839
0.45001544
0.20641179
0.31048816
0.38576790
0.45188809
0.21458613
0.38665662
0.45382539
0.34161136
0.36293233
0.23142851
0.35107784
0.38521463
0.39737598
0.49862692
0.42629014
0.49543600
0.38350683
0.45161777
0.39430795
0.12650381
0.46027099
0.43538494
0.41027302
0.32330864
0.50914033
0.27722226
0.33256522
0.53041587
0.25585166
0.37259425
0.45358546
0.30326524
0.33901930
0.50374241
0.42111348
0.45618352
0.53186261
0.37624990
0.39272679
0.37428680
0.53213958
0.50284248
0.16396142
0.31374372
0.42651428
0.28941210
0.47820679
0.11976165
0.14007441
0.37870339
0.36055605
0.45027901
0.41908690
0.48215090
0.35314193
0.40229494
0.39930225
0.38985315
0.25049521
0.34918014
0.42117184
0.20984582
0.34542857
0.28884785
0.34718355
0.37804513
0.47608332
0.41036681
0.39697245
0.43686624
0.40479439
0.37566479
0.40436016
0.42397201
0.23418327
0.50414993
0.37040650
0.51264933
0.40072218
0.09342654
0.25848024
0.39704583
0.47956517
0.45018619
0.37153235
0.35028663
0.49877487
0.37622693
0.45195644
0.06588471
0.43145480
0.33460682
0.20391147
0.36179813
0.17830582
0.11870622
0.43681545
0.48598919
0.39073017
0.44033133
0.50632121
0.48695172
0.27928475
0.22069809
0.30804239
0.47076615
0.14314256
0.06322845
0.31761995
0.42076878
0.40861566
0.37875541
0.44034100
0.50703271
0.06180895
0.36224598
0.34934507
0.44907143
0.21002009
0.26649093
0.31595454
0.42494824
0.42350315
0.35914228
0.44353263
0.16199604
0.19390638
0.43683473
0.06227987
0.42752252
0.38793365
0.35205444
0.23857137
0.36784159
0.34878047
0.27385999
0.40178695
0.24805713
0.48729578
0.33448663
0.06118871
0.39849714
0.17704896
0.31725379
0.42971734
0.42746026
0.44418748
0.46246894
0.52451482
0.27481376
0.41139589
0.31856845
0.46659004
0.41803817
0.43143423
0.30738561
0.48061829
0.37619925
0.39337055
0.38872843
0.18051879
0.37555948
0.21360980
0.45455624
0.41121378
0.31919537
0.38434566
0.42690288
0.35596964
0.19719776
0.39029769
0.47249372
0.35754179
0.15554062
0.45321147
0.28900193
0.41035635
0.38178928
0.49475738
0.34034092
0.41719318
0.03555084
0.23744091
0.41532649
0.33259627
0.45321785
0.30252559
0.43053777
0.45462360
0.30192878
0.48733535
0.40224598
0.39510552
0.40001075
0.40439989
0.42659837
0.22752122
0.23223560
0.45213348
0.41299819
0.24571671
0.41944900
0.39848715
0.56605688
0.46043103
0.15233109
0.22962642
0.13669605
0.41260037
0.35095674
0.29650175
0.34257372
0.44296257
0.41213300
0.51139116
0.41119414
0.49017838
0.44551843
0.13506693
0.27273568
0.48671279
0.48225552
0.46654455
0.32606430
0.44549050
0.40405563
0.33787462
0.42478931
0.28658353
0.41303366
0.24212383
0.55404785
0.45438905
0.39364201
0.35301071
0.36929776
0.40573800
0.43282657
0.15967118
0.43180651
0.46928586
0.10064324
0.32178734
0.39058938
0.20582480
0.39350826
0.46150685
0.38096384
0.35124672
0.45062413
0.30203733
0.38457878
0.30529717
0.26189299
0.39720050
0.05743273
0.41998576
0.35756964
0.14792790
0.47900668
0.18860067
0.07433928
0.36316919
0.39394945
0.50552985
0.31960174
0.38910839
0.52776459
0.41432194
0.48248934
0.02123925
0.48735510
0.43111025
0.19743128
0.43062093
0.45500376
0.40228310
0.49272469
0.43429598
0.21807141
0.40945779
0.36766837
0.45441531
0.34302320
0.15781035
0.09873146
0.37771793
0.51180486
0.38814502
0.40114337
0.16985569
0.38221548
0.47620283
0.18953924
0.49474867
0.33713935
0.43453731
0.19921261
0.40662515
0.24275485
0.29272703
0.25012570
0.48545062
0.46428591
0.48927472
0.25251371
0.36921149
0.25794147
0.40754480
0.49461189
0.43149802
0.36425866
0.25067792
0.52234220
0.05860737
0.32039660
0.47103521
0.45666719
0.40612808
0.50125663
0.02268719
0.30656346
0.30360898
0.24484898
0.37700974
0.43284300
0.48476539
0.40763983
0.43549780
0.42136209
0.13080900
0.11714597
0.43344269
0.24629742
0.41085391
0.40085330
0.04499115
0.43227034
0.15358913
0.24893005
0.47129145
0.33879374
0.34349863
0.08590386
0.08774975
0.34941031
0.45839410
0.34237645
0.41258287
0.37942567
0.31280998
0.52315314
0.43649366
0.35198650
0.48364535
0.48520325
0.36716956
0.35349716
0.41332003
0.44286781
0.52475069
0.30902932
0.16468357
0.17079694
0.33170922
0.11912707
0.44229436
0.27025181
0.53265807
0.31232422
0.20091463
0.31573679
0.32434831
0.41870689
0.41187902
0.49549417
0.33823341
0.47174302
0.26818772
0.41206487
0.42413406
0.22587863
0.45575671
0.33780105
0.42975690
0.42025612
0.45141631
0.42289931
0.30607351
0.17642826
0.38764605
0.28693805
0.14576137
0.45110612
0.43656243
0.22055859
0.31011116
0.41043870
0.48092030
0.43966719
0.42938355
0.28624753
0.43820009
0.40072821
0.35783959
0.38844164
0.36639510
0.48255390
0.46099122
0.46720873
0.34408048
0.38421548
0.31504162
0.51530923
0.55135782
0.27630109
0.40676256
0.46574904
0.45236619
0.38795612
0.28854842
0.45253137
0.37700157
0.40167767
0.47143668
0.50326610
0.41798973
0.21295643
0.53614053
0.43009531
0.45957897
0.42571006
0.47125417
0.38256565
0.07579590
0.33157293
0.40188609
0.45256854
0.23295668
0.43028413
0.48727747
0.25203452
0.34694062
0.39304986
0.45448269
0.32534650
0.37957423
0.46412894
0.25212254
0.42302265
0.47926881
0.40202866
0.31993267
0.45537066
0.40996501
0.42245810
0.31468311
0.43161145
0.42789689
0.45320248
0.41978325
0.29755959
0.38419065
0.32991437
0.53276944
0.49098165
0.13616530
0.45700710
0.37704199
0.48025023
0.25000945
0.36073045
0.29520339
0.18619265
0.32448910
0.45458731
0.36452838
0.41973240
0.06749908
0.45137282
0.44836194
0.07377357
0.27900003
0.27781611
0.36245777
0.18931630
0.48268124
0.02009968
0.32636162
0.39534611
0.45055935
0.34607526
0.33821790
0.37893321
0.19835130
0.35725936
0.36342676
0.30971627
0.48069772
0.27486060
0.37583978
0.26804083
0.48071693
0.31820581
0.45037918
0.17550829
0.16870354
0.37034986
0.41431507
0.37179367
0.37595788
0.14635317
0.36648519
0.13209023
0.22811628
0.41772259
0.43892950
0.21185209
0.05763547
0.35709968
0.42123153
0.46824211
0.41165359
0.46799894
0.47971407
0.42152959
0.23060651
0.44439101
0.41308885
0.44897725
0.47235027
0.30506429
0.36228629
0.28203951
0.36826458
0.14586878
0.22383760
0.44441045
0.43097141
0.42864434
0.40176582
0.27380613
0.31227253
0.40949787
0.41982476
0.46162573
0.47722004
0.22699514
0.42997787
0.27613468
0.39673727
0.37647561
0.46507066
0.44806377
0.47107231
0.43165511
0.28545617
0.36706058
0.20325846
0.36941146
0.33904865
0.26217746
0.07732445
0.25728939
0.37928443
0.38366132
0.41304983
0.36567707
0.44770165
0.43841493
0.41432869
0.43011590
0.26524431
0.49280233
0.46541132
0.32735706
0.40895195
0.43244208
0.44502377
0.06102724
0.33243330
0.44067159
0.45315090
0.33883853
0.48741347
0.55065888
0.45409175
0.47392471
0.41956958
0.49522821
0.36757863
0.43660587
0.23584242
0.49620562
0.45340622
0.44273608
0.36571767
0.47509490
0.40689587
0.26028658
0.38105254
0.30112735
0.27159636
0.11965283
0.18845201
0.29869962
0.46611530
0.41643134
0.40049452
0.31591845
0.38050289
0.42497582
0.17833357
0.45170255
0.29329390
0.15828273
0.47308968
0.30011772
0.36350942
0.48664548
0.54561080
0.13359347
0.10248024
0.30732546
0.20526957
0.22614117
0.26468903
0.36220798
0.40020482
0.33014736
0.37711205
0.42755619
0.47478812
0.49347605
0.45619739
0.46975037
0.37548691
0.53304022
0.39103027
0.17447390
0.10233610
0.40288726
0.39996791
0.44440201
0.38632131
0.31160376
0.46814556
0.24105536
0.26287418
0.37110172
0.43411275
0.47201580
0.35853231
0.23973044
0.25521830
0.32306654
0.44636527
0.46973891
0.42393289
0.27940356
0.38643996
0.37444488
0.50113286
0.31779426
0.35703461
0.45939652
0.46005810
0.09652524
0.11753233
0.49612420
0.45294193
0.16446020
0.31776090
0.47194077
0.33000676
0.51744957
0.38273381
0.45554040
0.50421694
0.38781716
0.08090733
0.32143625
0.42491874
0.39863271
0.18632779
0.37850953
0.40182257
0.42768933
0.25570120
0.44628690
0.31576675
0.43596675
0.25295826
0.42227900
0.44977399
0.39053258
0.07843273
0.50448524
0.22765147
0.46094433
0.39389985
0.22800422
0.46218888
0.34032619
0.42110482
0.12228726
0.46760143
0.13918819
0.42424470
0.46951755
0.49705176
0.29060148
0.57720045
0.23266612
0.36646667
0.41811843
0.26057693
0.30340511
0.38984753
0.33086226
0.45260578
0.31588220
0.46653664
0.47579082
0.13017609
0.31778649
0.44654619
0.41979964
0.44220809
0.42241073
0.47398054
0.43030807
0.24102500
0.44020421
0.44987326
0.51501541
0.22048896
0.24018507
0.33232020
0.40409282
0.13160537
0.47160566
0.46815746
0.38963336
0.38873130
0.45893662
0.28053179
0.47319838
0.31588269
0.15824901
0.39221995
0.53827435
0.44391077
0.17919200
0.38797882
0.27095054
0.36057534
0.41069948
0.35847825
0.17658646
0.44772660
0.37826889
0.32820300
0.32876526
0.43689502
0.36142599
0.27039676
0.37066238
0.45931629
0.20293359
0.48559611
0.17071285
0.35214146
0.14217890
0.36104858
0.42290962
0.37235321
0.28903962
0.36336970
0.33649428
0.33624253
0.50252998
0.34553901
0.44290846
0.30812032
0.06505355
0.47651685
0.38169980
0.45843019
0.37847130
0.36593647
0.36050287
0.36556940
0.45835872
0.13307244
0.24140748
0.32616522
0.31641013
0.44282732
0.41973997
0.31909610
0.09736105
0.47970737
0.28914482
0.45112597
0.36270988
0.39653757
0.39094331
0.37359434
0.35663200
0.10749430
0.23665272
0.45607680
0.34871655
0.44695431
0.47743505
0.41364390
0.40437617
0.37096332
0.10458224
0.49561712
0.40472808
0.46201425
0.49908943
0.43043082
0.47415148
0.37424748
0.28620554
0.45836201
0.31010385
0.23109567
0.39843152
0.34116725
0.47996646
0.26496288
0.39702358
0.32054879
0.29170875
0.38004742
0.36747343
0.04362164
0.11836241
0.42462073
0.33576666
0.34941283
0.33748163
0.41917397
0.47912858
0.40400582
0.34843471
0.44826930
0.47718219
0.41497817
0.25175894
0.42815517
0.37414228
0.37644844
0.25411553
0.42544118
0.45478799
0.36995786
0.41290692
0.48061176
0.29604888
0.30507136
0.39314841
0.42708918
0.46040380
0.17645977
0.42691460
0.47126943
0.21947324
0.08845887
0.24920983
0.26586445
0.26038046
0.41645967
0.45804269
0.39224085
0.21818882
0.31201588
0.39791559
0.27163069
0.42340018
0.44903254
0.43557209
0.37144886
0.32058176
0.44587022
0.50236001
0.47583412
0.21867285
0.39886512
0.10853945
0.35439701
0.46761205
0.43126234
0.31909098
0.24971358
0.35628354
0.48690685
0.35930669
0.42651433
0.25724176
0.32457780
0.27735936
0.40047267
0.39881967
0.39030144
0.28797550
0.46723598
0.18091758
0.32041520
0.29803463
0.39936901
0.48562991
0.27994780
0.35943385
0.48103881
0.48020062
0.44447952
0.10764243
0.26569884
0.41569069
0.38832991
0.43480845
0.09965858
0.35559026
0.40109888
0.30199329
0.46118423
0.13120206
0.51912255
0.26173044
0.38100635
0.49421932
0.34962446
0.48511860
0.47899381
0.30470639
0.37459895
0.44791944
0.24364857
0.07427990
0.44188543
0.38588076
0.35704982
0.37201580
0.23678461
0.46397170
0.44864795
0.38022831
0.08083190
0.34545346
0.36970756
0.36851459
0.45481709
0.47212349
0.37201602
0.31766053
0.33562316
0.31662939
0.45316689
0.48151422
0.12353693
0.40709180
0.37896781
0.56791283
0.39878375
0.42407086
0.18767624
0.31617430
0.15126793
0.47413708
0.18756966
0.37293726
0.29142402
0.39826894
0.33223137
0.45747317
0.41373064
0.49813719
0.50579717
0.19997730
0.38386063
0.46473940
0.36927077
0.37825233
0.31099502
0.42918779
0.44670542
0.47959175
0.46223986
0.17178548
0.30071897
0.43576432
0.47457376
0.17511217
0.48065312
0.15096328
0.50877158
0.17357908
0.44860591
0.54861174
0.36549230
0.33072603
0.20988678
0.50580358
0.44700078
0.48342072
0.30700859
0.41876837
0.35682162
0.48874459
0.04605140
0.42206593
0.43541101
0.33019096
0.46883506
0.37443928
0.44690298
0.35868434
0.38275499
0.33166100
0.48542736
0.42392664
0.43955755
0.45379001
0.47051908
0.51000108
0.26656314
0.43884505
0.50287969
0.46023256
0.40504562
0.53280208
0.29967052
0.45608293
0.45673592
0.46268120
0.40324382
0.46847409
0.32987307
0.41917738
0.39171184
0.28316536
0.29632503
0.42845438
0.45306321
0.38758917
0.47433949
0.43205372
0.48765047
0.29347591
0.41397211
0.44578147
0.33940897
0.38595611
0.41371004
0.38660650
0.17725255
0.14879612
0.18336348
0.49313824
0.34436074
0.37844367
0.00916008
0.49995221
0.46997404
0.16122301
0.18524091
0.42821779
0.05359615
0.42543661
0.19495664
0.27788564
0.38053695
0.36028226
0.47841979
0.37951133
0.09749498
0.46406258
0.47611156
0.45107087
0.32760492
0.19273772
0.48660397
0.14088048
0.43713255
0.47643549
0.46477613
0.09561857
0.47169076
0.37634288
0.14173794
0.25706707
0.35948276
0.42270863
0.41248909
0.18464824
0.37766511
0.34068239
0.55333237
0.40453193
0.31463041
0.41512858
0.30276913
0.26565264
0.46998949
0.45018457
0.46476316
0.55448506
0.38788356
0.46410969
0.47742218
0.45318233
0.17147782
0.48058787
0.35961152
0.31504032
0.35175814
0.17867459
0.32070568
0.44215188
0.43939073
0.35863148
0.35584211
0.10116472
0.40948436
0.36318463
0.37356950
0.48644833
0.37902369
0.27927954
0.42677853
0.42402454
0.45931514
0.46493532
0.35338781
0.36835637
0.39892280
0.42633107
0.37701297
0.05418306
0.32502941
0.29079044
0.43637104
0.39186995
0.13474307
0.08767274
0.04871418
0.37864042
0.39888873
0.32421959
0.49862126
0.32415065
0.38236223
0.38848169
0.37571160
0.14611960
0.34231479
0.22630615
0.45485404
0.51281263
0.00811596
0.41375439
0.41158582
0.34291434
0.33416768
0.37134956
0.52711223
0.44699504
0.50627636
0.14941571
0.11708754
0.34978580
0.07967396
0.39194297
0.37294182
0.43614331
0.14299687
0.09906819
0.43193568
0.42092820
0.14546022
0.51669490
0.40580937
0.48430244
0.40963055
0.22376649
0.45168210
0.35035041
0.35074947
0.25274278
0.44053933
0.43479656
0.40529853
0.28229070
0.22948481
0.17798682
0.48784403
0.18491589
0.26930677
0.36551994
0.41417915
0.42697645
0.27725023
0.43591142
0.48043934
0.47162101
0.24592840
0.38300636
0.42798946
0.46791927
0.38043308
0.31695841
0.46700564
0.19090472
0.47169698
0.20085019
0.07162598
0.45509788
0.43004439
0.42555733
0.18234888
0.42430269
0.12392874
0.47278261
0.43213374
0.36838865
0.36473443
0.25646448
0.37000027
0.20084727
0.42617189
0.34305909
0.19836105
0.46419812
0.41282732
0.50299246
0.46003061
0.40607197
0.50639625
0.49942851
0.40463982
0.38981152
0.10445961
0.45476903
0.12258052
0.47495848
0.43252769
0.26348692
0.13900585
0.41168258
0.05357207
0.51855051
0.46175865
0.43589328
0.42009159
0.32029280
0.14586842
0.30291354
0.38152247
0.40680108
0.40079645
0.35278852
0.36235995
0.48896501
0.44280845
0.17146712
0.32456653
0.24940978
0.53943532
0.47994075
0.47568880
0.08372148
0.54923452
0.39975136
0.39678379
0.48112850
0.24934044
0.34116438
0.43232909
0.48865027
0.24545610
0.40244243
0.18112618
0.43335028
0.40049960
0.41282127
0.33251362
0.27757390
0.45472447
0.39857075
0.40051995
0.40208320
0.42454309
0.38595482
0.30959377
0.49319186
0.35434705
0.12870127
0.40148281
0.25720079
0.42518173
0.19642129
0.35235879
0.47346305
0.41597094
0.46901367
0.42954988
0.21353164
0.09532655
0.40516170
0.28886892
0.48758153
0.30495741
0.36469332
0.14114989
0.46008964
0.33706727
0.46693541
0.41575125
0.43961603
0.43580347
0.44189201
0.23399475
0.29890197
0.18409613
0.36491162
0.23816990
0.39036733
0.12698046
0.53801772
0.26558324
0.03399786
0.36371593
0.05253103
0.44223383
0.34809621
0.47473102
0.27660095
0.44683255
0.35323977
0.41749807
0.42965840
0.38646070
0.47696277
0.43419118
0.11662157
0.46189622
0.10645303
0.43771046
0.45701158
0.43343551
0.05348172
0.12113780
0.26524841
0.30675902
0.38986408
0.33092558
0.42912213
0.50542831
0.39012995
0.49170220
0.43968244
0.34102934
0.28807677
0.18060794
0.31112280
0.35547745
0.39558027
0.37122968
0.49762186
0.41918831
0.22860078
0.39527383
0.42063910
0.24393206
0.45667792
0.37370208
0.32007982
0.44336380
0.51650859
0.39945307
0.36247925
0.41656037
0.34994272
0.42061539
0.28352398
0.51696020
0.49473179
0.26616978
0.41139221
0.45514566
0.26035524
0.31120367
0.31618470
0.51006819
0.22443212
0.22393887
0.45169963
0.34313839
0.40446525
0.42547511
0.49535274
0.44503877
0.26027503
0.29911209
0.45914076
0.40773740
0.46385621
0.33823507
0.47208267
0.51114457
0.28125429
0.52393225
0.43743982
0.39777780
0.32258364
0.36672563
0.29990750
0.34413241
0.51540242
0.49946410
0.25099129
0.33138966
0.26690895
0.42228657
0.46938324
0.39060210
0.36617248
0.37613269
0.18481967
0.01430533
0.45445610
0.28436345
0.28444877
0.45707055
0.44355653
0.16634540
0.21118353
0.32741625
0.41237562
0.14695672
0.29731077
0.10868992
0.47430643
0.12672204
0.49450275
0.44401879
0.45771766
0.30579327
0.43165959
0.32598060
0.49416124
0.35574830
0.44175848
0.31045234
0.37464667
0.32618310
0.38343944
0.52386135
0.33491516
0.39528611
0.45764825
0.52590663
0.37534763
0.43193831
0.40482911
0.14697757
0.45688967
0.34916317
0.28847873
0.33402869
0.43450276
0.28701477
0.11829814
0.25425188
0.09211737
0.38176146
0.14470897
0.42397190
0.31619970
0.31286177
0.45004226
0.36190792
0.42976955
0.13593794
0.42208844
0.49244369
0.42023108
0.27656333
0.37231236
0.32713203
0.33929831
0.23153821
0.08983806
0.35655900
0.36218605
0.41339419
0.40610684
0.43835764
0.46019918
0.44869926
0.13849783
0.43581668
0.30491460
0.42659245
0.26402355
0.31760230
0.40634759
0.35676541
0.40684287
0.24040998
0.37187322
0.35657598
0.40012464
0.34596291
0.41424641
0.43012959
0.48048514
0.46456927
0.44781320
0.15449172
0.40577794
0.40453829
0.47550589
0.45367232
0.24861052
0.32935545
0.30429070
0.38071663
0.01316924
0.42701530
0.32153343
0.28078483
0.31332378
0.45946314
0.22130438
0.31516204
0.26301148
0.16585232
0.47962602
0.20888509
0.17476652
0.36988389
0.41379595
0.19149401
0.16392089
0.40378689
0.29558910
0.23689868
0.39620798
0.48947659
0.33371060
0.43734298
0.27223515
0.34644496
0.39710015
0.46176971
0.42685525
0.29256290
0.25606000
0.39552155
0.39987364
0.12115671
0.41813396
0.48597671
0.37280485
0.38320938
0.12993807
0.14424602
0.20049808
0.48126993
0.48699206
0.45060921
0.40865441
0.32776914
0.29087925
0.42341681
0.28606145
0.41614977
0.42533680
0.40425038
0.23633910
0.34866413
0.44179317
0.37055234
0.47419551
0.41488406
0.37282148
0.42282956
0.37052669
0.37012183
0.39514290
0.39597473
0.48425799
0.34932597
0.36534444
0.33294981
0.12304772
0.31675327
0.24595302
0.33480677
0.43260819
0.48068396
0.46378043
0.38050416
0.41376973
0.40364411
0.47049753
0.37124790
0.05885482
0.47589461
0.34579157
0.38081156
0.08411836
0.47774794
0.46664045
0.43865910
0.39142807
0.39748707
0.45842437
0.48824354
0.52174161
0.47520417
0.32582582
0.12294676
0.36901194
0.40068880
0.36568445
0.39306288
0.41096103
0.39774125
0.32281719
0.40562682
0.38669337
0.36643605
0.00332537
0.37442369
0.45642419
0.43084000
0.48952039
0.37843152
0.45883149
0.37970993
0.43874815
0.15788634
0.41119269
0.46029776
0.38513146
0.26881474
0.24142885
0.49621157
0.48276700
0.40911214
0.30543290
0.38482876
0.34257156
0.47413565
0.47038681
0.49909078
0.06681193
0.33219691
0.49462443
0.42437913
0.37800504
0.34277068
0.33218376
0.27963209
0.45337289
0.39660897
0.32563325
0.44962741
0.18069444
0.41157905
0.35984941
0.42373158
0.08708329
0.37270423
0.48327664
0.20283634
0.37291517
0.51096901
0.48984449
0.11857866
0.24905781
0.21049745
0.47922052
0.41953669
0.47878155
0.38279613
0.44059865
0.40544262
0.46699477
0.20765012
0.43913819
0.19369993
0.49247908
0.48826732
0.38452917
0.43646244
0.44411911
0.42750851
0.05993483
0.46077860
0.25016468
0.43632957
0.39029092
0.35661246
0.35442314
0.24824786
0.36859790
0.46252379
0.41766881
0.09738467
0.36006971
0.47833166
0.41552242
0.47310280
0.39256907
0.02939754
0.42825589
0.48769568
0.42199657
0.23120853
0.38651877
0.17963591
0.24911063
0.33496065
0.30480011
0.44240394
0.24311726
0.21664666
0.35501070
0.21127787
0.15536780
0.20254749
0.48010062
0.37390996
0.16993676
0.28380722
0.43623716
0.42251543
0.33912367
0.49136554
0.32801663
0.35077412
0.36439530
0.37989545
0.44230565
0.34345503
0.47903680
0.42490507
0.42526852
0.05033911
0.32555338
0.26502464
0.36533956
0.27723347
0.38700242
0.40769555
0.20261950
0.40747953
0.54170092
0.52600016
0.46437964
0.39335980
0.33984631
0.46257762
0.08325968
0.39929186
0.44093720
0.38691793
0.35128679
0.49062110
0.42661998
0.53310364
0.40535726
0.42014638
0.37154212
0.40907391
0.37116430
0.35914200
0.46585217
0.51546594
0.45063595
0.41085338
0.18319368
0.53684910
0.40523722
0.40297140
0.28351403
0.19549392
0.38377872
0.34120972
0.35093553
0.21377089
0.44218981
0.31482470
0.43666867
0.36282744
0.36635601
0.18900891
0.26363987
0.29712636
0.41934120
0.28268339
0.42948048
0.49469506
0.37263193
0.37100866
0.34399759
0.48446656
0.14324082
0.37942718
0.15588129
0.47854399
0.41726272
0.40742564
0.08781039
0.33313875
0.39601908
0.46902254
0.38235758
0.50635578
0.39775668
0.17666196
0.31297543
0.41548712
0.22150293
0.51679544
0.47589357
0.32615172
0.15193990
0.38047087
0.38727655
0.20447317
0.22682015
0.09146710
0.38118349
0.30025823
0.43028353
0.52147836
0.37070892
0.45188232
0.41521432
0.25483916
0.44266213
0.50009484
0.44560347
0.40447243
0.09091005
0.35557748
0.49120354
0.19221193
0.41616029
0.42511347
0.34669832
0.34834768
0.29864580
0.47613564
0.41433561
0.44841600
0.09933938
0.41425436
0.41461294
0.45619666
0.14036650
0.37822774
0.47281739
0.51522621
0.47342558
0.38184791
0.45660664
0.16880819
0.44417118
0.21363303
0.46587956
0.42732006
0.40453786
0.47366870
0.45825871
0.28752873
0.35758324
0.44091685
0.20583557
0.14171036
0.17845924
0.36840586
0.37986145
0.16119017
0.39622736
0.20417792
0.38253123
0.44801841
0.38216912
0.34883815
0.17521604
0.40518394
0.27647326
0.30968184
0.40312800
0.31877090
0.18843728
0.34106456
0.36746569
0.20561315
0.39622890
0.37572223
0.47686093
0.47713041
0.44624362
0.41411057
0.42640074
0.43702989
0.48962815
0.53754854
0.35612739
0.13427081
0.38252388
0.50373731
0.47947250
0.38246892
0.36548761
0.40205902
0.14083281
0.45095459
0.48780438
0.39827312
0.23775701
0.15804884
0.39218172
0.14036571
0.24515325
0.39533700
0.40728555
0.26772952
0.46122915
0.40556633
0.48967302
0.40111808
0.34163377
0.47605855
0.44337341
0.25124818
0.23910921
0.37708154
0.34720330
0.36806969
0.54126787
0.48000873
0.38993227
0.31113174
0.52722276
0.25349301
0.16830939
0.35095005
0.47810447
0.45326984
0.21686161
0.19871077
0.23420633
0.13206973
0.28942201
0.36780142
0.44498900
0.27056725
0.24242351
0.48192355
0.35306254
0.40316645
0.37176554
0.33151043
0.23629702
0.46127032
0.34598417
0.18801694
0.46625984
0.42825911
0.42913792
0.47687667
0.46874530
0.39031931
0.29469153
0.33066848
0.45777372
0.46176441
0.48581815
0.43945437
0.35874667
0.28708265
0.49258711
0.50105528
0.47119431
0.44306040
0.47394600
0.43924672
0.52617326
0.39250042
0.48818651
0.21082555
0.37433825
0.28479044
0.11064895
0.33259443
0.44359555
0.39075722
0.30822995
0.30587088
0.38413993
0.43752008
0.47145015
0.54198670
0.44178152
0.40227171
0.45919849
0.34650861
0.27747693
0.23111714
0.45559890
0.27692360
0.40819232
0.32918581
0.07797694
0.41033214
0.30958415
0.41704798
0.24493803
0.44547377
0.27777767
0.38657601
0.10736877
0.33848818
0.42041120
0.42402899
0.38114467
0.27242468
0.51883697
0.44274658
0.28516724
0.46946719
0.48737983
0.13027377
0.43389674
0.10645173
0.43204874
0.47939801
0.39950944
0.46760141
0.39430210
0.32949361
0.45657135
0.16001677
0.46376509
0.42313373
0.44888101
0.41705646
0.09044968
0.21030954
0.15851000
0.33510894
0.46818784
0.48642968
0.44271145
0.03712153
0.37899182
0.25378115
0.30851209
0.43783858
0.51922766
0.22637097
0.43241095
0.35370648
0.38272183
0.38157022
0.34418379
0.45082042
0.27385456
0.42098970
0.32748600
0.41731954
0.02604571
0.34539833
0.25087942
0.34292331
0.44255155
0.20566933
0.35442667
0.25413001
0.30316317
0.46948647
0.36472308
0.37440990
0.47906349
0.43994673
0.52340950
0.34706726
0.43481897
0.45100230
0.35550153
0.46477505
0.41582948
0.31285724
0.31343367
0.39105797
0.33166067
0.48388775
0.45158851
0.37567843
0.32580948
0.41032869
0.50136925
0.38897117
0.32669358
0.33869648
0.42315460
0.21029217
0.40767240
0.22066787
0.44710882
0.33896383
0.38892349
0.42316865
0.35921559
0.37192543
0.40434216
0.23899865
0.44409522
0.10218434
0.19084886
0.44822378
0.28547001
0.38850667
0.25628279
0.37698255
0.47800230
0.13711182
0.46780812
0.53266068
0.24594735
0.38237653
0.42198224
0.25165713
0.44690368
0.43543683
0.39538118
0.37089976
0.23851776
0.32679559
0.42909100
0.36615457
0.44523380
0.44299879
0.48048878
0.22493653
0.14590145
0.40645566
0.08648851
0.30392122
0.23184958
0.35784431
0.28810407
0.45221448
0.40891196
0.22277537
0.51475269
0.29530391
0.28654091
0.49257057
0.35946677
0.35337600
0.22075186
0.43785678
0.43247898
0.24500913
0.29556000
0.36554059
0.51316566
0.35638146
0.48776818
0.40630411
0.29656991
0.44741362
0.39051562
0.27192624
0.17877944
0.52487576
0.25515462
0.43564691
0.46515676
0.26398512
0.49140428
0.48346360
0.37055205
0.36564084
0.20296865
0.46905829
0.40217562
0.34251894
0.30773359
0.45872520
0.47476289
0.44174979
0.43765263
0.40429961
0.43121859
0.43556116
0.35761827
0.45918659
0.40001034
0.38804408
0.48298072
0.47269118
0.34098252
0.00065845
0.40450606
0.36977929
0.36408074
0.45467399
0.41865834
0.28296036
0.14831027
0.32960039
0.33498561
0.28487973
0.30226076
0.36401150
0.36250255
0.45415571
0.43331706
0.29090741
0.33622451
0.41702215
0.42623902
0.18451873
0.43168253
0.21328959
0.20519801
0.34246120
0.28997254
0.17002668
0.46505592
0.40447342
0.50414625
0.40355047
0.13259763
0.42999482
0.35668574
0.37418003
0.46830762
0.05368342
0.39284156
0.44436758
0.17146742
0.18828026
0.23860909
0.46650612
0.38855652
0.55597709
0.23089424
0.37163219
0.16841637
0.42535162
0.49301873
0.40798730
0.41099783
0.46868102
0.40782053
0.27172851
0.23110320
0.27446806
0.40044265
0.46096800
0.14106393
0.46215618
0.16340080
0.43586151
0.41859107
0.21139482
0.18308951
0.28159281
0.50286606
0.44833065
0.14788674
0.25895280
0.40332052
0.46079669
0.45691876
0.45419436
0.48610397
0.46378451
0.32409965
0.48110072
0.37844625
0.33579048
0.15561870
0.37453450
0.47850868
0.35757860
0.47208365
0.44474808
0.37799371
0.27826259
0.18570018
0.41478622
0.36081812
0.43982675
0.26839970
0.38031988
0.39505072
0.34726724
0.24029892
0.32796238
0.47371015
0.53317858
0.48065210
0.47726904
0.40912743
0.39971700
0.24102215
0.48763149
0.31457521
0.40862698
0.36472668
0.41975467
0.41705784
0.22365593
0.48576593
0.41380239
0.28473011
0.25076066
0.27878411
0.27516374
0.39621068
0.28121659
0.43789992
0.25916782
0.48044716
0.46743866
0.36403470
0.17141080
0.38121260
0.42606695
0.42637016
0.41897109
0.47455778
0.31769605
0.39394879
0.39561719
0.33704179
0.06311363
0.37572628
0.21478196
0.47209869
0.30650906
0.17949859
0.39961247
0.38140891
0.44917636
0.00146883
0.47346217
0.40843726
0.40869648
0.38542973
0.28994058
0.43424188
0.26352404
0.03493236
0.45221293
0.45721668
0.31440686
0.38676785
0.43498101
0.45936387
0.09076874
0.39804682
0.25443607
0.36165873
0.50429785
0.43890548
0.37378512
0.48226842
0.19223594
0.42796173
0.33475213
0.48858133
0.46867186
0.43264706
0.40007325
0.51942759
0.12856974
0.38234889
0.52767734
0.16763730
0.29371946
0.43394576
0.44198770
0.46054094
0.35855920
0.20433033
0.44276073
0.41314199
0.34560787
0.44518390
0.47605037
0.31750270
0.28250388
0.28816325
0.46691616
0.27890624
0.15229112
0.29758049
0.15209448
0.44107295
0.47085208
0.17057895
0.37892637
0.11442575
0.37693375
0.42630219
0.43593191
0.25423676
0.24199863
0.31159527
0.46722216
0.22628937
0.41383876
0.22309691
0.42733106
0.46628129
0.41974407
0.40859068
0.46122199
0.39311655
0.41992159
0.29717673
0.33661328
0.45444595
0.38393059
0.16676967
0.37433162
0.33879967
0.39328155
0.43377428
0.46923932
0.38071323
0.45468563
0.38364041
0.34489748
0.42603371
0.34645858
0.15531784
0.41170869
0.29433596
0.41255075
0.18990043
0.47921728
0.18801284
0.40280620
0.45711118
0.34747427
0.42158415
0.43440359
0.44849268
0.39213092
0.43764792
0.48689922
0.51248920
0.31369549
0.16611297
0.48052745
0.33462440
0.19808780
0.37626415
0.31239592
0.37452778
0.41661866
0.41168809
0.41456373
0.25805677
0.41555449
0.42635299
0.25373281
0.50988633
0.27727723
0.46406245
0.45365012
0.45777932
0.41757206
0.39669419
0.40446133
0.45344034
0.48704472
0.40006716
0.49095533
0.35757749
0.29075563
0.47698475
0.43164458
0.41305907
0.15412840
0.27381111
0.38732507
0.44959777
0.42569485
0.42683705
0.46000886
0.32901567
0.47050373
0.47172256
0.34264425
0.32176459
0.48362393
0.39550583
0.43661737
0.38619553
0.43721582
0.44696916
0.30151197
0.27190005
0.30460194
0.13373845
0.36859731
0.07741576
0.42917690
0.23189037
0.48936841
0.38037595
0.26874287
0.46591580
0.55415485
0.24236795
0.32044749
0.35831857
0.38623963
0.43475853
0.21470069
0.45621699
0.30391206
0.31957408
0.25834347
0.35976306
0.28786922
0.39037209
0.48546852
0.29747542
0.48748214
0.37943551
0.37758824
0.48097130
0.28600028
0.20724586
0.29493538
0.18042132
0.49348697
0.38843457
0.20894775
0.48408335
0.47413970
0.15529851
0.30491602
0.35426289
0.31395200
0.11878919
0.44267144
0.25208229
0.40960624
0.34904033
0.45013161
0.31494033
0.43799729
0.36832239
0.38154566
0.28591537
0.39168155
0.41100352
0.39583377
0.39346697
0.45371605
0.22171669
0.41720818
0.01526515
0.43795346
0.13489911
0.39666932
0.42872556
0.20949726
0.36120739
0.46321376
0.44556346
0.40689078
0.18061683
0.52138810
0.43461155
0.47810429
0.32922256
0.47052906
0.30183225
0.35680878
0.45840733
0.49557956
0.43571934
0.17991679
0.29182956
0.49598902
0.30809735
0.23925665
0.17226895
0.18600782
0.10195206
0.45108245
0.43796882
0.39931799
0.41123009
0.34273039
0.41344667
0.50581551
0.48701544
0.39801785
0.40874685
0.26264787
0.46193043
0.19664428
0.48494590
0.42313341
0.40264899
0.48981796
0.32988829
0.45469853
0.29490186
0.49964431
0.29683541
0.45635006
0.42648788
0.46556391
0.04833670
0.42774249
0.40086940
0.37643476
0.42620104
0.03827547
0.36131337
0.39899425
0.40714303
0.29582732
0.32170725
0.39271410
0.38268213
0.46466278
0.50188659
0.42843321
0.32565978
0.19837225
0.22278709
0.32206915
0.42658103
0.30626450
0.49028168
0.25461125
0.48371878
0.33254395
0.41061095
0.43387140
0.43950426
0.37296577
0.50285877
0.40224791
0.13281392
0.09073078
0.47456457
0.33766699
0.43469015
0.11002875
0.40770701
0.28731101
0.46573281
0.35426086
0.49480022
0.35643802
0.38062410
0.46649661
0.40872369
0.37106689
0.47456266
0.46616998
0.44821846
0.38967961
0.34988986
0.36657804
0.12124494
0.49051178
0.47797332
0.40554478
0.27447690
0.41319047
0.41001428
0.39558343
0.32287502
0.16745686
0.44531079
0.44255596
0.01664708
0.37949671
0.51671589
0.50595522
0.26688161
0.15940878
0.38971151
0.50183480
0.20424820
0.45132456
0.43310996
0.24890918
0.48791877
0.43605933
0.13885847
0.48929527
0.46278193
0.33729659
0.36567222
0.24350460
0.49095055
0.39339878
0.31199964
0.17564031
0.46954730
0.26582402
0.43472725
0.14464026
0.31506968
0.49863347
0.52751847
0.18728955
0.43499937
0.35993322
0.38307774
0.34882046
0.38791343
0.36267668
0.15065945
0.32745323
0.38348200
0.49533580
0.39967941
0.43483348
0.38185767
0.26968374
0.50758115
0.32720256
0.47401823
0.34749567
0.41625548
0.41476114
0.30583693
0.40117458
0.36812904
0.27396148
0.16200347
0.13984588
0.42714144
0.20953728
0.35750343
0.30579277
0.32900370
0.47262378
0.37887304
0.44110015
0.03704570
0.48180274
0.45675028
0.33781558
0.39271874
0.18657837
0.31329949
0.52696262
0.28792175
0.42775030
0.42720245
0.14273139
0.50509657
0.35398183
0.21226878
0.42022169
0.15247630
0.23847571
0.44297614
0.50821623
0.40963521
0.32679033
0.43361125
0.47089928
0.21491743
0.45919368
0.38842987
0.50656525
0.41996919
0.19846722
0.45065278
0.46421854
0.17876134
0.36743323
0.41555851
0.47262616
0.35356561
0.45005402
0.23784429
0.39483537
0.12534450
0.47107608
0.31595392
0.45331459
0.27754089
0.47735832
0.42701578
0.47618470
0.02058658
0.25917639
0.22110925
0.34647347
0.47075599
0.46498158
0.45233698
0.41385180
0.46049482
0.40201583
0.43474395
0.48846476
0.27701456
0.23357659
0.34851934
0.33333733
0.42672538
0.28136814
0.48874598
0.43647397
0.09635036
0.45047843
0.29630185
0.46883866
0.36218166
0.44486498
0.49894685
0.45538273
0.58362804
0.36236787
0.30355530
0.40741426
0.45210552
0.06631551
0.39072653
0.33710677
0.38311074
0.49327483
0.46606977
0.39630343
0.15782404
0.51640512
0.13533815
0.46559874
0.11379416
0.45571756
0.44451275
0.51993554
0.47780335
0.46471913
0.51298199
0.51985409
0.46803346
0.35339816
0.52095723
0.48906296
0.45638220
0.16534151
0.45096627
0.43850123
0.24680663
0.34927189
0.47102321
0.41994711
0.48000847
0.40855815
0.44313392
0.41696787
0.41927749
0.42144283
0.44609902
0.33689308
0.42968354
0.47152366
0.33282157
0.29525637
0.26032501
0.42598735
0.34279619
0.36228765
0.45460277
0.32904587
0.41131249
0.37419617
0.31483585
0.44230891
0.43417880
0.33833340
0.35410024
0.31053279
0.28028883
0.52457084
0.07508316
0.44511669
0.05714702
0.41075143
0.40984977
0.38607227
0.47549793
0.21167652
0.47683720
0.36205542
0.50314953
0.39369340
0.40691639
0.28265020
0.27112301
0.19000632
0.38518019
0.16225735
0.40708886
0.23069903
0.43860404
0.25869649
0.50222284
0.40720165
0.48449444
0.26740486
0.30589379
0.48542294
0.03086957
0.33393840
0.39948528
0.50701563
0.34784503
0.36802384
0.47597915
0.41741834
0.39694892
0.39607047
0.44322247
0.37398755
0.43909159
0.19493970
0.52329921
0.03124465
0.30609368
0.45158224
0.13777286
0.50997691
0.06881484
0.23002416
0.39077304
0.19927863
0.51307682
0.47609774
0.47150573
0.41254975
0.45963425
0.40449155
0.39042435
0.41785716
0.48734786
0.28781188
0.00024005
0.25329443
0.36822740
0.42660897
0.36981664
0.34992701
0.36627041
0.30948163
0.40269989
0.31226702
0.42069561
0.26545515
0.30528472
0.36431007
0.27950914
0.35724359
0.46027828
0.44315356
0.43519571
0.29024824
0.56776090
0.26077453
0.47531402
0.13888055
0.44743552
0.46024122
0.33805358
0.25921199
0.39118228
0.05218930
0.27876005
0.31063777
0.45518300
0.36543093
0.31384735
0.42773890
0.42692962
0.27949350
0.48937962
0.23887604
0.42231020
0.26719678
0.45431492
0.37074116
0.32272304
0.48956685
0.36921458
0.42330329
0.27456311
0.31728148
0.39584263
0.54033378
0.41020511
0.08761762
0.47350437
0.52029156
0.48243810
0.41537992
0.12941700
0.19341521
0.42268141
0.44218213
0.43403750
0.29582333
0.45267509
0.38396887
0.42810157
0.22257492
0.35079909
0.43993653
0.12985160
0.40088657
0.43413058
0.36421003
0.14529379
0.50346267
0.43196043
0.42445948
0.32919052
0.40137447
0.34785343
0.38712413
0.48243616
0.49013345
0.48437552
0.40227217
0.40685362
0.42871752
0.31536950
0.50201477
0.12954859
0.40906743
0.38755294
0.31894608
0.37497697
0.33500192
0.44590419
0.19726709
0.33253640
0.19791245
0.16854395
0.23170371
0.51411357
0.42003600
0.14525781
0.35705646
0.49593531
0.39079032
0.46393358
0.44614820
0.19286584
0.40378439
0.34616244
0.36322991
0.40777385
0.11188605
0.26721529
0.46209173
0.31761086
0.40591937
0.15808920
0.38986306
0.03300818
0.06682095
0.47702343
0.42830059
0.45337460
0.27551988
0.12202355
0.48519609
0.16454529
0.42370733
0.12830959
0.33336485
0.46070190
0.37002306
0.21921947
0.36361227
0.51444379
0.37951621
0.41135994
0.42308388
0.35512787
0.35851331
0.24515684
0.39282501
0.45388489
0.45270396
0.18427879
0.44641040
0.33534900
0.43512080
0.47938064
0.28944153
0.56527353
0.37194468
0.33414792
0.42091915
0.43658400
0.39545045
0.45940548
0.36136261
0.29134776
0.24384382
0.32895553
0.51763779
0.47956222
0.50114507
0.23872872
0.26517265
0.39105822
0.36680684
0.49644964
0.43618176
0.48306960
0.45013582
0.45966794
0.14534743
0.32452936
0.15084376
0.41679839
0.29201899
0.49612889
0.32008731
0.51949286
0.50726331
0.31133448
0.41041745
0.43061338
0.35023815
0.38561565
0.47171080
0.33762823
0.37592549
0.25647774
0.21259576
0.48964609
0.16661291
0.41209802
0.42093037
0.46285175
0.42985362
0.30737064
0.41574506
0.51478767
0.44527330
0.14388218
0.34265955
0.35089467
0.44235933
0.32813822
0.52507915
0.16009824
0.38557538
0.42522717
0.46559894
0.42170017
0.33824117
0.49422737
0.26244912
0.36233399
0.47281413
0.29683970
0.40188748
0.30096946
0.36119905
0.42004804
0.35326639
0.22294843
0.36228897
0.43534740
0.42717266
0.41841008
0.18918236
0.43259474
0.24409657
0.37924812
0.34300503
0.35498694
0.47516787
0.14714852
0.42706441
0.15168898
0.46410822
0.43445075
0.47989085
0.51434439
0.44558412
0.30616187
0.45728032
0.37658520
0.48622058
0.31335430
0.38509059
0.51196448
0.14327779
0.15045708
0.50612810
0.37292881
0.45704717
0.47463376
0.49969384
0.37552715
0.49831243
0.46179901
0.46974851
0.50949215
0.27324924
0.42982726
0.48725508
0.12847895
0.33476196
0.43922913
0.39667453
0.35461457
0.33696099
0.42908915
0.39261704
0.15004221
0.41525843
0.41408956
0.43897657
0.39238121
0.38050682
0.43408813
0.43021265
0.37593217
0.40547204
0.31109775
0.24337460
0.40121301
0.40848122
0.49116975
0.51401554
0.43912166
0.41400338
0.34904760
0.40610080
0.47054396
0.45751482
0.32333832
0.46643884
0.28535215
0.11994890
0.19681142
0.19251441
0.25386883
0.44006420
0.42269201
0.50804936
0.45542518
0.48610687
0.37931901
0.41667808
0.23869066
0.34608749
0.43770643
0.17488747
0.49022903
0.40392195
0.30591585
0.43499182
0.40106665
0.50323668
0.42004871
0.45374483
0.30091075
0.39609599
0.51832445
0.41484663
0.34450037
0.27007691
0.27762172
0.35007576
0.30501861
0.45630326
0.40121340
0.44984922
0.45018993
0.37473006
0.38373318
0.27202172
0.30715000
0.46862878
0.04546006
0.45506396
0.45297521
0.45893571
0.33386598
0.36913668
0.16434931
0.31884746
0.44598345
0.52506340
0.41365008
0.49604180
0.46512826
0.23974119
0.48476851
0.44536967
0.37104986
0.40469590
0.46655533
0.25775172
0.44696272
0.32796469
0.25443395
0.36631710
0.30684711
0.46564724
0.44343300
0.36933165
0.39228268
0.45367756
0.10626990
0.33131530
0.32126333
0.48072947
0.17152334
0.40908339
0.33364706
0.41618395
0.45230694
0.49737585
0.46566007
0.48042533
0.34806417
0.40345839
0.45772924
0.35332203
0.34873142
0.39067322
0.03990715
0.46554234
0.16433830
0.54746638
0.25655173
0.46629116
0.45462854
0.29493701
0.32818033
0.51325619
0.45172473
0.29192997
0.38891101
0.27723180
0.30071632
0.42129197
0.47430929
0.11756866
0.37475372
0.01340050
0.30979914
0.42656673
0.46635356
0.39828830
0.31384134
0.47971761
0.39792699
0.09419402
0.44706428
0.46077352
0.30749269
0.46743950
0.53135882
0.46984792
0.46665202
0.33663696
0.42023761
0.31631002
0.28735252
0.41053536
0.36899235
0.18990077
0.26945037
0.46782957
0.47967311
0.29567879
0.20583441
0.16450172
0.45524928
0.39908533
0.32149528
0.41802750
0.46313195
0.44567071
0.19531879
0.36871022
0.12321164
0.24736539
0.43213152
0.42392316
0.34736386
0.34949017
0.37439183
0.10656024
0.44059745
0.37263121
0.31643332
0.38733176
0.51008431
0.23325030
0.30407873
0.20217224
0.14036375
0.45836525
0.38356724
0.46474500
0.39971348
0.36574508
0.48347168
0.30166281
0.35064433
0.35749440
0.38320548
0.44027842
0.29208625
0.17423014
0.21839628
0.36475053
0.49422769
0.28313637
0.41031209
0.51577630
0.49786721
0.46340741
0.19591722
0.42378612
0.14340303
0.38348740
0.37977283
0.39137596
0.07814396
0.42609432
0.37306123
0.18994343
0.39733357
0.29462561
0.44220960
0.34777248
0.24329073
0.46527826
0.45688016
0.35651414
0.46780116
0.29915697
0.37130972
0.33222746
0.41699409
0.42321552
0.42391863
0.36197332
0.47614190
0.33755891
0.36506025
0.29942199
0.28806900
0.41024350
0.08808118
0.44011803
0.45424707
0.32362772
0.47033015
0.43500225
0.36063372
0.33392164
0.37423232
0.12580204
0.47920850
0.13547696
0.52614990
0.43469485
0.43621119
0.39241357
0.35679898
0.17273821
0.30983975
0.45308017
0.39268530
0.44916276
0.42618412
0.45598304
0.50109395
0.43386720
0.44368731
0.24145240
0.32860099
0.07324859
0.20530009
0.19375954
0.47649131
0.33813874
0.38004917
0.35475730
0.40051968
0.46993936
0.45412719
0.45814642
0.10687520
0.43726088
0.48684410
0.33203724
0.46079479
0.45923796
0.29125765
0.49667963
0.28986141
0.45127710
0.44709242
0.42800724
0.35799909
0.46908382
0.42064571
0.31043236
0.41469727
0.15339731
0.44439496
0.49472718
0.31498395
0.38976542
0.18101524
0.19299155
0.46568282
0.45522790
0.26254281
0.19110809
0.38670407
0.50338828
0.25783836
0.40947672
0.45787252
0.43918961
0.44973536
0.38699151
0.37258205
0.38099828
0.41304491
0.44025952
0.21809771
0.46009296
0.31875177
0.34194841
0.44790594
0.47513622
0.01418858
0.41690847
0.52254740
0.33587113
0.47492871
0.35281917
0.39111430
0.41461575
0.40867240
0.41553753
0.48839866
0.07895423
0.39632117
0.41663495
0.35846455
0.44290736
0.25888132
0.43838770
0.49803305
0.48208660
0.17245443
0.47726728
0.50225876
0.50521738
0.35778957
0.29247215
0.41150630
0.43581456
0.44260359
0.40187965
0.14011333
0.46847761
0.42011436
0.25322385
0.22508861
0.46290996
0.48252314
0.38501787
0.30576629
0.43929980
0.26741022
0.21970612
0.31586471
0.45698876
0.44729218
0.40441567
0.44403854
0.36990043
0.44711521
0.47381795
0.36170631
0.34812664
0.39061239
0.07466444
0.40392875
0.47939109
0.44045497
0.47839618
0.38901497
0.28737894
0.46307266
0.49718667
0.41376588
0.31908134
0.42267388
0.38583757
0.49489491
0.35606878
0.25384060
0.23018822
0.39671275
0.46844905
0.43610388
0.42322231
0.38210010
0.32550201
0.22497454
0.41452794
0.44877134
0.44197365
0.43373018
0.34509529
0.40977395
0.46696950
0.42258794
0.20301682
0.41266866
0.33858218
0.34827096
0.39509724
0.29021021
0.31182448
0.50300188
0.18065863
0.31978909
0.47341357
0.37074883
0.49154029
0.29392785
0.44328233
0.48956974
0.40820630
0.46629455
0.48454615
0.43203539
0.33411462
0.37537777
0.37001206
0.33925383
0.19613468
0.39851095
0.47908419
0.43595498
0.39332659
0.28582102
0.36771601
0.43388154
0.40087462
0.39015051
0.38008749
0.34514808
0.44337952
0.39006443
0.32773492
0.41975576
0.30029199
0.34720388
0.27061655
0.35158997
0.31743809
0.42976390
0.28527478
0.32125732
0.43231747
0.45696466
0.44052260
0.47551945
0.43233807
0.36285205
0.25078346
0.42572834
0.31470648
0.36620016
0.44864358
0.15265500
0.09761697
0.40437071
0.41394218
0.09672698
0.38794490
0.55119252
0.41542896
0.47461746
0.47922798
0.41736359
0.40319601
0.44016115
0.41050734
0.31272708
0.23155620
0.37136515
0.47614223
0.23340434
0.30709458
0.45954348
0.36547411
0.38639986
0.47528800
0.30599869
0.30885407
0.24349718
0.49269259
0.49959520
0.28687311
0.47408730
0.44140425
0.41842250
0.42925152
0.48437217
0.33084441
0.48646352
0.30994488
0.49111052
0.29944221
0.47761421
0.26034756
0.43894455
0.24237664
0.40912218
0.35988370
0.42142754
0.36291686
0.40536824
0.37991772
0.23170796
0.43862642
0.39718054
0.41299596
0.43004329
0.31200307
0.24556714
0.25635890
0.45387856
0.44090294
0.38998512
0.51770082
0.39328750
0.36759591
0.51504054
0.28358414
0.33381005
0.22696767
0.39995345
0.39888412
0.49506954
0.32592231
0.41349860
0.16509852
0.36977447
0.47115325
0.15780513
0.41067189
0.28408090
0.44591647
0.22996729
0.35317109
0.41845022
0.42781315
0.45183178
0.21970564
0.36477339
0.41432561
0.29844562
0.09350703
0.44731196
0.21034617
0.47698413
0.27312682
0.42246352
0.29706477
0.27095119
0.12943604
0.39389317
0.08283926
0.31770550
0.45852630
0.36989970
0.44348096
0.42507993
0.20720647
0.42044839
0.16206069
0.44265121
0.20745908
0.49078617
0.13866750
0.23274701
0.47360754
0.34353622
0.16210410
0.42459570
0.35745836
0.21830060
0.44667161
0.37140113
0.45834486
0.37585129
0.35555318
0.48528140
0.36785661
0.41350825
0.32773709
0.34275885
0.12907065
0.10428435
0.37271717
0.16000076
0.35540888
0.28565538
0.35105558
0.44564170
0.49204909
0.32792012
0.46496705
0.44830951
0.40041472
0.13286273
0.40282742
0.42864238
0.33561758
0.39318848
0.40813066
0.25811687
0.24661120
0.39801924
0.35614464
0.25003841
0.33739274
0.44831043
0.52229989
0.41263027
0.40578904
0.34984607
0.48245635
0.28548689
0.49024889
0.39618361
0.41496123
0.35435775
0.07514247
0.33503548
0.39189310
0.45193713
0.36422886
0.40544903
0.38452593
0.36066775
0.22705302
0.46379287
0.36598313
0.36081152
0.26206743
0.18820531
0.44985919
0.42532186
0.38752968
0.43342590
0.33969720
0.36204323
0.45319907
0.37118778
0.18199076
0.46359146
0.40696306
0.30877902
0.40841699
0.35934648
0.32437145
0.36679234
0.15452171
0.23750537
0.53507632
0.53354972
0.34430620
0.38536386
0.27848271
0.37937497
0.43232888
0.20725896
0.26200103
0.45858243
0.41984396
0.10351336
0.49695442
0.44440809
0.23609872
0.04876356
0.32057615
0.48334288
0.39812499
0.35966339
0.14597624
0.22583980
0.18977699
0.46064359
0.44099326
0.51992165
0.35673669
0.46163214
0.26121794
0.10719655
0.31680454
0.38415327
0.07283515
0.16926326
0.45415599
0.27232982
0.08552351
0.41773207
0.44160288
0.49684249
0.23498266
0.43122594
0.17278944
0.15969417
0.38184875
0.40362055
0.40759762
0.32631250
0.40679125
0.43646606
0.40135626
0.49370863
0.39420607
0.25419404
0.28232306
0.33790446
0.07772385
0.48732928
0.50293402
0.47821263
0.51734131
0.37976652
0.34896744
0.41856437
0.26554509
0.47275675
0.47628324
0.30076658
0.35519003
0.10915093
0.43477384
0.26671991
0.36743866
0.49783232
0.52429299
0.44387550
0.15906193
0.45780890
0.41439212
0.33420486
0.45154274
0.09580172
0.28043949
0.31294130
0.34561356
0.46369349
0.01411338
0.27435729
0.42838570
0.27120120
0.37567089
0.45630700
0.34190755
0.28144242
0.44475883
0.31019562
0.52270313
0.43739993
0.44622110
0.42154887
0.41482715
0.25899496
0.28181862
0.44914237
0.34656748
0.47930587
0.14438895
0.02205054
0.40924476
0.45973854
0.17441880
0.46917249
0.43153765
0.40755424
0.39803784
0.35877930
0.49173332
0.41697783
0.37270924
0.32955917
0.44867539
0.39123858
0.49411746
0.33139480
0.42657838
0.40775764
0.16761902
0.08196759
0.38707455
0.38676228
0.01498388
0.38843757
0.47013188
0.15506315
0.17171201
0.46464514
0.16714703
0.08578824
0.43193358
0.10571180
0.29246390
0.46351077
0.30462416
0.38137409
0.13786567
0.38417534
0.38797785
0.40391565
0.31360593
0.25488313
0.19580059
0.38136571
0.29079360
0.33529038
0.39738360
0.39973521
0.33257898
0.38818482
0.43482708
0.39320079
0.22780781
0.40151043
0.35265779
0.28968811
0.46184163
0.41735307
0.26714164
0.20551569
0.34525876
0.43901373
0.51569116
0.30229047
0.31499564
0.44133754
0.30778366
0.37003461
0.38527894
0.20769391
0.00055146
0.25384805
0.35651101
0.44230514
0.35260915
0.38001586
0.37207991
0.37528818
0.49748803
0.41612890
0.32676592
0.38719200
0.29697932
0.41300308
0.38896919
0.18300264
0.30858822
0.48779895
0.36724614
0.30248484
0.38325155
0.27897856
0.47433936
0.46612435
0.40687520
0.41947079
0.39816550
0.35045073
0.50575523
0.39887917
0.00747341
0.33145618
0.09619442
0.23214084
0.50042421
0.31427149
0.39858618
0.16871548
0.29302504
0.52912441
0.30259147
0.17568405
0.46073030
0.03702624
0.37784898
0.48544918
0.47297020
0.15892447
0.12262987
0.12840902
0.46244274
0.44837360
0.40704134
0.50779156
0.30817173
0.16126450
0.43870348
0.36517260
0.41309064
0.39792962
0.41294338
0.17076338
0.39113018
0.45053724
0.31433917
0.20996395
0.49551100
0.35810930
0.41923120
0.35951359
0.31974607
0.40012486
0.37593623
0.01189900
0.48897373
0.42646252
0.16584878
0.34249744
0.15927048
0.28404349
0.04519672
0.25045086
0.43706753
0.25466295
0.49889365
0.48313567
0.44783507
0.48338381
0.39451291
0.47331243
0.33249431
0.39713949
0.47820674
0.50240353
0.36495594
0.49268444
0.36582508
0.48454814
0.39357782
0.48171548
0.39985258
0.30559209
0.41959889
0.30165753
0.44566813
0.31861089
0.21714326
0.38396742
0.36714204
0.37707121
0.17441249
0.37118644
0.39531871
0.35353221
0.33601611
0.38705386
0.48712462
0.43614589
0.33982207
0.40223665
0.48961088
0.47427309
0.46880532
0.39278743
0.06731916
0.20117208
0.46944233
0.32492848
0.31031644
0.49225634
0.28458922
0.32786918
0.22964181
0.45942517
0.45203076
0.47507987
0.35753265
0.23910066
0.41411622
0.06846824
0.38696347
0.33793300
0.45458745
0.35953607
0.19929282
0.46495580
0.45769418
0.32715416
0.47312943
0.32581368
0.38524969
0.20309510
0.35445869
0.06959486
0.32296273
0.42421343
0.38703567
0.50043579
0.31913533
0.49497688
0.47038311
0.40053061
0.30509768
0.47204341
0.42140315
0.37194990
0.50557817
0.08937012
0.29933043
0.46461181
0.36678911
0.41632255
0.39957376
0.47105849
0.34932509
0.10287046
0.43705395
0.46220852
0.40714395
0.33378542
0.42078425
0.38252142
0.29604168
0.40667816
0.28914603
0.40501503
0.47983613
0.13568935
0.32071543
0.46143537
0.21354243
0.30388806
0.45186362
0.39686009
0.42261030
0.37049001
0.44565206
0.33687517
0.27616535
0.30775775
0.32243838
0.31905073
0.24237533
0.36151704
0.36630761
0.38018755
0.53013714
0.42617326
0.48717353
0.25403345
0.42833943
0.40830509
0.29086269
0.41714894
0.47902840
0.45099765
0.49267998
0.20098230
0.33220288
0.35306884
0.33401445
0.45216558
0.45634834
0.30595355
0.34708994
0.10035225
0.19980867
0.46069848
0.33028669
0.48100565
0.38027909
0.44093747
0.31016234
0.38664214
0.39502322
0.00590703
0.35896763
0.38198423
0.50549369
0.32801797
0.27247013
0.40269149
0.40009608
0.13983646
0.33220022
0.33904859
0.35617503
0.44513368
0.39499491
0.45112206
0.49276614
0.40502613
0.45455011
0.32435759
0.44758894
0.40507329
0.35047430
0.27488832
0.39814645
0.48880734
0.07174205
0.33836837
0.44525465
0.28152888
0.42906093
0.27496741
0.42328423
0.26840225
0.50404887
0.38234120
0.31972859
0.15194873
0.48625878
0.41401883
0.05512842
0.17749766
0.24472127
0.49948233
0.44994213
0.43613583
0.40587002
0.31119683
0.50571828
0.35069621
0.40736061
0.37385485
0.24305900
0.14549599
0.29116609
0.41445595
0.51609640
0.45199488
0.41581070
0.30127392
0.12975903
0.28758983
0.38181716
0.52617159
0.43382238
0.46808998
0.36153052
0.44346708
0.36992605
0.18882431
0.44990440
0.27393449
0.37204901
0.37378835
0.15544768
0.38654769
0.39713901
0.27302935
0.36291025
0.53762238
0.44242323
0.45437412
0.35117929
0.25402105
0.33703635
0.17773503
0.25934370
0.43306752
0.07349685
0.52282637
0.06613062
0.28258859
0.42381356
0.47086015
0.34289995
0.25692866
0.48959806
0.33462047
0.40395108
0.32133245
0.39855758
0.44741257
0.34074255
0.56318261
0.38810418
0.41869954
0.13278595
0.21247322
0.34120735
0.16535358
0.39114283
0.45030193
0.27144209
0.23784576
0.47908332
0.38850952
0.31132069
0.36361332
0.46495427
0.20380547
0.47426698
0.05378668
0.50957481
0.42462635
0.30764888
0.39835432
0.46046854
0.33634429
0.35275441
0.29879876
0.16516936
0.36469843
0.43075922
0.40091719
0.44060678
0.40909039
0.35276636
0.50468704
0.24833912
0.38595706
0.21243483
0.44838059
0.31081932
0.40025566
0.37793510
0.33106101
0.35059881
0.47482230
0.48361648
0.33527144
0.42515731
0.28639170
0.45818075
0.38684378
0.20653476
0.49940400
0.44798481
0.41880953
0.45213646
0.42303423
0.52929693
0.43843567
0.39563346
0.50750092
0.36273069
0.44145392
0.45138808
0.47937234
0.33831751
0.42887233
0.52188225
0.35258503
0.38011584
0.38781377
0.50251124
0.36454356
0.22472296
0.41876138
0.40350425
0.29222983
0.34210912
0.30762395
0.08018189
0.48783733
0.29816438
0.21835694
0.26426722
0.45487935
0.47212744
0.42613025
0.43021184
0.37053120
0.51217771
0.22742158
0.44014231
0.36642029
0.29196573
0.49123977
0.28006283
0.37375849
0.14424437
0.41429366
0.43844264
0.18683684
0.52771084
0.40228353
0.41427509
0.34371068
0.42358021
0.15717400
0.33226194
0.36362451
0.48474008
0.25755982
0.36650394
0.24282957
0.41488977
0.46922394
0.45720019
0.48480909
0.37150151
0.33723123
0.46796055
0.25571181
0.36738255
0.38935257
0.43029661
0.34280324
0.35707171
0.40723809
0.39735467
0.30674358
0.37124670
0.40493622
0.52105411
0.46212600
0.12106051
0.44760334
0.53455811
0.41301027
0.29531360
0.43166225
0.48814460
0.53398481
0.37000368
0.41570420
0.44264891
0.38163252
0.28849303
0.32927238
0.39324249
0.42897519
0.50647597
0.45348747
0.40498328
0.47886501
0.39906628
0.40402539
0.18505175
0.50223042
0.45980053
0.47204259
0.16256283
0.28722425
0.35831794
0.19268512
0.42059285
0.39843705
0.48895485
0.20765601
0.23373367
0.21290606
0.39030857
0.32833201
0.45388126
0.41338046
0.45465819
0.43739078
0.43332608
0.45855949
0.11617975
0.38198495
0.39838410
0.21331422
0.44438457
0.37014381
0.35142274
0.33157078
0.36655916
0.48930908
0.30528823
0.34934543
0.18083694
0.34102415
0.28589605
0.40943903
0.43028209
0.50860850
0.13404522
0.36412610
0.33184381
0.33336757
0.17885474
0.08471743
0.17973777
0.51473641
0.38755162
0.28456546
0.40806127
0.36242148
0.45616479
0.39662839
0.18453509
0.48492893
0.43630124
0.40923010
0.14958054
0.50961526
0.48948629
0.46582267
0.51184805
0.51169561
0.06106159
0.48981989
0.39929859
0.16427762
0.48616385
0.39119546
0.44271438
0.32934258
0.32793007
0.35612027
0.41353446
0.17967251
0.40697560
0.08729950
0.13899172
0.45462879
0.24705241
0.44260836
0.13534170
0.24527708
0.27856073
0.46051246
0.23320179
0.31313611
0.43366736
0.34886453
0.06431614
0.33214293
0.33139991
0.26759494
0.45314235
0.43107158
0.52977826
0.46990455
0.35280707
0.33411209
0.40863399
0.28955435
0.40427287
0.43384828
0.41456617
0.31815451
0.45478080
0.37605367
0.29008043
0.42851750
0.29380463
0.19202403
0.36720679
0.41928606
0.17584574
0.48312301
0.37017240
0.43410705
0.42735692
0.52797669
0.38634981
0.38387981
0.42669825
0.40647594
0.47302825
0.21926672
0.20094678
0.41627024
0.41485074
0.35567544
0.25712149
0.41745321
0.44477010
0.38761435
0.25860316
0.37468436
0.39191027
0.38728388
0.24877842
0.39923111
0.13160824
0.11733477
0.38758858
0.31426039
0.41563833
0.31696668
0.45092758
0.44399067
0.39834039
0.43610026
0.18656081
0.09492799
0.16195993
0.42768757
0.48358982
0.40980853
0.45868455
0.43703520
0.48097999
0.48006245
0.29024207
0.03511109
0.50797152
0.42983685
0.35996823
0.47061007
0.09430251
0.44282789
0.41340204
0.32954189
0.35586453
0.40011991
0.44231141
0.25248956
0.43749997
0.38591335
0.14460791
0.44755501
0.41836052
0.43748625
0.13703863
0.32828412
0.34130478
0.47292205
0.35992136
0.39300015
0.47184110
0.50551928
0.48077364
0.15956426
0.38906471
0.48869924
0.42071606
0.36905150
0.50737386
0.32640738
0.34060085
0.49888229
0.30557738
0.37370246
0.57645256
0.14633660
0.35440103
0.26967412
0.27429108
0.20676888
0.45575671
0.43838054
0.29416885
0.40005651
0.51816571
0.43939327
0.36356447
0.18958854
0.19025629
0.52347207
0.45620184
0.29964107
0.46780979
0.34222422
0.00634625
0.40207867
0.24461127
0.20300340
0.44003576
0.39562028
0.19744966
0.38343097
0.35907698
0.43065086
0.51809432
0.30778831
0.46283712
0.15954808
0.49533208
0.42927398
0.14042742
0.33479704
0.36244346
0.32697757
0.38955310
0.37631732
0.40715698
0.49085192
0.53650910
0.21342261
0.50062382
0.51550069
0.32519353
0.27967554
0.17869489
0.52761134
0.31882982
0.45595228
0.38550752
0.24150391
0.46156037
0.40508194
0.07358845
0.19025919
0.42465142
0.43278288
0.39596915
0.41110343
0.34665864
0.44574470
0.46187099
0.39023248
0.12419336
0.46334765
0.43347763
0.16553304
0.29914041
0.28242026
0.43070881
0.37780247
0.22327210
0.51914980
0.44700457
0.32147593
0.32893710
0.19673597
0.24159405
0.35771643
0.44882768
0.34914083
0.12487352
0.20636759
0.50756023
0.46058777
0.44407304
0.37294411
0.35524991
0.22960926
0.31977038
0.49549669
0.44790599
0.36255531
0.41535481
0.47401322
0.31409781
0.47418419
0.26484680
0.19979712
0.33854249
0.47653152
0.46036637
0.45730508
0.40391496
0.46750555
0.45971368
0.27484800
0.33863308
0.35368002
0.48401530
0.40277852
0.31321329
0.44909241
0.34741438
0.26058620
0.04861872
0.41579148
0.45439059
0.41074220
0.43429993
0.19724309
0.28070105
0.44926819
0.28766904
0.48321688
0.40140713
0.19434645
0.24527373
0.29019059
0.26435650
0.46536907
0.32320148
0.25419653
0.40055672
0.46240970
0.43706490
0.21603881
0.31833002
0.36757077
0.19293911
0.37974248
0.47214566
0.37766443
0.19657467
0.49988220
0.34952866
0.39425604
0.46388811
0.38502722
0.24932536
0.47236283
0.51169848
0.55981873
0.15939584
0.35871333
0.47243295
0.28924815
0.28137779
0.15685849
0.38039752
0.30829664
0.41686159
0.38404928
0.40192513
0.38593681
0.46721914
0.37098098
0.29153223
0.49075572
0.49695808
0.26135117
0.41556746
0.33504027
0.46485603
0.25447261
0.49249610
0.29974501
0.04751379
0.36709159
0.40128059
0.40013998
0.45692812
0.43096443
0.34645843
0.45246385
0.36499903
0.49906670
0.36921622
0.35993469
0.35830730
0.43730420
0.48451044
0.33442920
0.49601226
0.47597359
0.48038203
0.24969124
0.48198679
0.34391513
0.40966966
0.21572681
0.38374470
0.08036839
0.47023518
0.30468426
0.36651260
0.31983094
0.30461119
0.44449194
0.46216858
0.46257101
0.21049566
0.44771060
0.49316547
0.37123104
0.41419824
0.44241106
0.44957859
0.43313918
0.34852373
0.47830327
0.43060281
0.25983834
0.42770992
0.40277100
0.02743851
0.41041439
0.42502932
0.27604974
0.29840698
0.35853912
0.40571526
0.42141315
0.37881874
0.01367226
0.42324572
0.42453531
0.42276356
0.52473797
0.50487478
0.44975228
0.31877105
0.47788196
0.44621007
0.33629088
0.46689646
0.34337821
0.46173505
0.34058750
0.40828522
0.43171751
0.40252792
0.34190158
0.33537424
0.31997034
0.29746491
0.18526844
0.34021518
0.50436282
0.29113433
0.37576506
0.44514632
0.32750724
0.47762967
0.24613951
0.44103335
0.48892786
0.35807788
0.34879048
0.45481266
0.22507834
0.49285327
0.29810782
0.22563023
0.33310244
0.54955005
0.29903497
0.51133225
0.48593030
0.04978248
0.03835384
0.42147688
0.43598069
0.39355958
0.17651449
0.27781743
0.45143757
0.44903886
0.39570064
0.38567883
0.36687140
0.29305026
0.31118549
0.50539617
0.15183198
0.37411719
0.33413256
0.38172218
0.40179631
0.26780944
0.41656676
0.53045160
0.34637440
0.34601969
0.47679595
0.35313313
0.45356862
0.32238252
0.11525395
0.35918189
0.26633793
0.44920619
0.49878044
0.47398268
0.46661261
0.14249507
0.42912873
0.37037640
0.40829984
0.11591542
0.32659909
0.41056803
0.40134745
0.49625010
0.43508470
0.31132173
0.47781189
0.32887566
0.37262948
0.16104503
0.28429474
0.41969844
0.37204723
0.33785370
0.32332375
0.42807428
0.36994594
0.40140868
0.38070467
0.48087167
0.36179232
0.46232600
0.46575720
0.16875477
0.54354650
0.42409256
0.09825198
0.51827364
0.28490868
0.33626291
0.50456926
0.35203483
0.19820526
0.48632080
0.20177516
0.32909945
0.37713084
0.35622961
0.36833009
0.35344407
0.37185955
0.33015846
0.47570121
0.44360949
0.45300773
0.38143458
0.36840613
0.31761076
0.37692084
0.45241717
0.33752628
0.41724923
0.48731381
0.44388928
0.39562296
0.35934777
0.50439813
0.10388209
0.02120190
0.41359617
0.39768383
0.27001507
0.40247491
0.42638890
0.38454723
0.47568255
0.05662408
0.48184806
0.20376368
0.32138612
0.41799959
0.49571561
0.44358191
0.40535681
0.37485991
0.45945259
0.25639360
0.42043894
0.35883063
0.44713865
0.50019204
0.40967667
0.37990036
0.38452818
0.11706122
0.15491776
0.15429983
0.41283624
0.42867639
0.50053970
0.47611147
0.25078553
0.33181747
0.39858963
0.52570668
0.13891389
0.03507068
0.37339544
0.37180063
0.23166189
0.26716739
0.46320828
0.40898641
0.39641740
0.34584077
0.39366602
0.46615029
0.42613387
0.41949433
0.44503798
0.14595196
0.34046503
0.41919734
0.48327459
0.30529590
0.13614928
0.18953711
0.32952482
0.43314658
0.46674645
0.37758436
0.46174842
0.31369411
0.13521622
0.54327982
0.41602048
0.10140352
0.48751308
0.29999290
0.44958387
0.41131662
0.52282736
0.18599491
0.31273851
0.18874724
0.27949455
0.30409269
0.37195144
0.48372734
0.47391837
0.29914369
0.45738275
0.08059492
0.02850703
0.48019805
0.38828765
0.40315540
0.42078041
0.22706352
0.11538480
0.26967021
0.41015041
0.33909716
0.41572036
0.44377934
0.38262755
0.29703418
0.15431158
0.45847243
0.37613403
0.45488323
0.48875357
0.47717268
0.40875373
0.35967437
0.39340834
0.46393540
0.42542793
0.17454661
0.52114855
0.43255923
0.49351399
0.05750084
0.34980756
0.36433965
0.20751223
0.45066521
0.31334161
0.43991643
0.35994436
0.31921663
0.43840900
0.39401651
0.16054958
0.44106462
0.42128871
0.42701071
0.36850227
0.43520117
0.09257261
0.39301565
0.43787591
0.45120904
0.33434811
0.35646062
0.43156007
0.48312533
0.27002642
0.46948663
0.29014788
0.30706710
0.08229760
0.54264122
0.05682265
0.46296491
0.34933999
0.14562195
0.53921721
0.39204655
0.39569335
0.43474733
0.48327633
0.28720300
0.43560636
0.25317951
0.25902208
0.38927303
0.18915255
0.45258135
0.48561816
0.42139418
0.49034920
0.42614779
0.09670093
0.36223599
0.47318439
0.10942696
0.19271145
0.39398827
0.43562880
0.35175463
0.51785439
0.48978232
0.43113579
0.45194682
0.42586043
0.29555862
0.42202240
0.36589621
0.36800135
0.41517568
0.37485180
0.41491497
0.41609461
0.29348757
0.21502687
0.33448905
0.43681224
0.22549956
0.35619971
0.47430180
0.33656994
0.35672888
0.41203889
0.34213094
0.43307937
0.36893448
0.48921071
0.37702410
0.25432197
0.34911442
0.42415074
0.27626059
0.43027084
0.05580870
0.38921655
0.08451673
0.14764293
0.23770950
0.32875357
0.32465517
0.36258351
0.43678103
0.37621265
0.37740387
0.34469479
0.35753768
0.03577753
0.39685171
0.29583311
0.47159347
0.39713544
0.40990547
0.35715567
0.41465808
0.37678289
0.25491855
0.38875618
0.42064629
0.43101730
0.44237781
0.40757498
0.40145644
0.45866343
0.47533011
0.28043810
0.40909667
0.22375940
0.34047049
0.41608561
0.18511740
0.37053340
0.28110905
0.41890743
0.44086673
0.43218004
0.45447249
0.46644358
0.43347465
0.45313795
0.51164046
0.44393770
0.42015598
0.30624932
0.47083719
0.32786223
0.25673684
0.33788363
0.11579102
0.49238312
0.38693268
0.45249329
0.42169848
0.45753619
0.38542955
0.38036296
0.47354734
0.40077476
0.49270695
0.30073284
0.52082646
0.51278521
0.45581943
0.26769481
0.44063591
0.38695657
0.14058917
0.44829298
0.42479798
0.34760734
0.43379368
0.41417182
0.46387998
0.23574600
0.47801563
0.26601817
0.22470014
0.39891435
0.39133948
0.36322667
0.45676216
0.27105033
0.33994666
0.41943378
0.39532805
0.46840106
0.47571829
0.25485118
0.45514618
0.41569205
0.31074913
0.42511206
0.29629180
0.11286985
0.02047059
0.33300439
0.45675688
0.28588955
0.47807940
0.50326269
0.37412499
0.36907471
0.35732144
0.50643774
0.43597135
0.45586173
0.41144699
0.37771295
0.36890283
0.47306057
0.16269064
0.27134297
0.43243490
0.36366950
0.08853847
0.49526042
0.24578855
0.55638871
0.41934243
0.42085893
0.39361856
0.34705900
0.45062948
0.27796979
0.15112905
0.38810715
0.45485982
0.38870926
0.41283223
0.47163167
0.44734861
0.48918937
0.30053261
0.08899580
0.41250714
0.33086104
0.42528737
0.38620484
0.46945418
0.43973867
0.43009929
0.42751772
0.28159692
0.04783669
0.35490413
0.43920514
0.45692724
0.45826213
0.33778871
0.47250768
0.34510091
0.38380595
0.44910149
0.46333483
0.38494282
0.35896797
0.44014228
0.18592887
0.48912802
0.38499028
0.47015382
0.20991738
0.41565290
0.37538017
0.42886509
0.02923969
0.35485686
0.48162670
0.42347263
0.22584081
0.49951488
0.39322958
0.47908334
0.34912861
0.41317730
0.36607767
0.42544109
0.44172835
0.29243881
0.43391086
0.41907351
0.30975581
0.38609614
0.48980476
0.12795953
0.32880285
0.37441883
0.44837964
0.24314433
0.43107894
0.40935216
0.47705986
0.31564712
0.46025014
0.44823993
0.37856406
0.32171896
0.24242311
0.41952969
0.41259714
0.48164905
0.46710140
0.30977419
0.27770386
0.32370816
0.41076794
0.43133845
0.35232358
0.48913095
0.26080062
0.38372485
0.38159677
0.46572611
0.41055081
0.42427738
0.47227625
0.41118806
0.46112246
0.48581179
0.41042717
0.53210367
0.44014210
0.42689286
0.51411243
0.31255423
0.32514504
0.49735662
0.44265431
0.30545069
0.42570357
0.33951399
0.40595259
0.27731777
0.27789788
0.45992190
0.46332469
0.41934809
0.47460168
0.48396402
0.35464071
0.27318230
0.53908371
0.46751358
0.07168857
0.18040993
0.29338878
0.35596774
0.10696153
0.21992965
0.51329455
0.44809619
0.41864229
0.29125410
0.28565472
0.53616567
0.50651920
0.48948946
0.39066991
0.35220339
0.28465436
0.45742209
0.31013186
0.34524268
0.40429825
0.07397406
0.38158890
0.48879319
0.40726435
0.34805699
0.41873352
0.41850771
0.38853721
0.51941091
0.43170810
0.37344296
0.35826812
0.45760272
0.45804124
0.44391312
0.51284336
0.53146766
0.18339799
0.36188296
0.24794268
0.23469704
0.39503795
0.43368154
0.28532533
0.34053233
0.44639730
0.49707555
0.42697868
0.23235778
0.49558805
0.41276461
0.48588301
0.39096483
0.11684117
0.48292990
0.36133452
0.49586448
0.25235478
0.47025877
0.50503383
0.51819168
0.31667536
0.40958750
0.51645183
0.43845545
0.29213954
0.43804080
0.44258904
0.37911234
0.39316203
0.29582855
0.44778893
0.36376110
0.05850647
0.24536856
0.26336501
0.31369539
0.42747202
0.37935207
0.43505354
0.36752267
0.44778715
0.24815883
0.51761714
0.17940694
0.05981061
0.42583338
0.17798594
0.28908872
0.43132788
0.34708888
0.36218639
0.14917454
0.13440224
0.38411007
0.46357133
0.20165008
0.09324041
0.37072411
0.20752104
0.49406170
0.41271828
0.46641749
0.29146073
0.49121691
0.43984910
0.17076013
0.44147982
0.52140068
0.44539483
0.51387071
0.47874560
0.42330750
0.38861797
0.47036234
0.26798292
0.37305264
0.51005484
0.50026148
0.47949577
0.45066480
0.41068581
0.33757727
0.29070502
0.46737855
0.46854784
0.15298762
0.43112488
0.42127927
0.42929619
0.43702328
0.45943810
0.49164941
0.43362832
0.24453158
0.40023269
0.29347906
0.33828984
0.44876345
0.33707318
0.48605648
0.46060936
0.41452267
0.41366546
0.38921238
0.17521058
0.36531168
0.37020420
0.37978524
0.45307204
0.36427707
0.13347208
0.49739003
0.49656495
0.41366540
0.42148553
0.25183718
0.29553135
0.44405285
0.40508539
0.01379668
0.35598586
0.38448486
0.30710324
0.43200077
0.29464239
0.41499875
0.47203428
0.25804007
0.34287045
0.35229633
0.33300106
0.21178728
0.08663426
0.45635237
0.45997650
0.09891237
0.41876447
0.16198853
0.16528475
0.45073860
0.33621424
0.25504923
0.41125258
0.37749004
0.40412685
0.46460680
0.45828091
0.34708436
0.33640487
0.46954074
0.22246515
0.32804284
0.21563456
0.41989653
0.03800031
0.36875166
0.47451166
0.45796406
0.08512408
0.52418002
0.48644254
0.31921222
0.30536555
0.38860830
0.33119556
0.21207701
0.33903633
0.49444815
0.47521457
0.38191161
0.46554115
0.46400867
0.38516047
0.43924248
0.43140840
0.39983016
0.42676107
0.40651409
0.36838059
0.27406058
0.35973145
0.41631222
0.14728171
0.42484096
0.41530379
0.17927811
0.41951691
0.41390646
0.38746550
0.44775420
0.19661031
0.33795298
0.35679851
0.16030623
0.54817635
0.35224853
0.47965952
0.23939110
0.27016060
0.34284448
0.43506342
0.09861523
0.44943073
0.29104349
0.37970332
0.29890233
0.34010766
0.30350533
0.19373428
0.40703144
0.22074268
0.38915536
0.32944089
0.28344356
0.38548579
0.33294064
0.40346822
0.39020981
0.46764284
0.21118084
0.42312299
0.44353098
0.38030850
0.43060294
0.48797228
0.26237173
0.06202913
0.30924535
0.47099664
0.42687118
0.20418983
0.38245713
0.32681888
0.47838194
0.34591334
0.39958444
0.45307065
0.42140690
0.37650616
0.20873282
0.24322768
0.47747854
0.43136028
0.38172997
0.32926626
0.44944502
0.39520211
0.17344608
0.32915113
0.36210741
0.14270305
0.37437936
0.41109428
0.40937967
0.56700702
0.35266837
0.46011222
0.34969460
0.30794887
0.37180879
0.44363476
0.47982910
0.09860613
0.47613060
0.51542620
0.48293335
0.40894663
0.32987292
0.35647930
0.41968893
0.16659405
0.53722714
0.40672058
0.36956375
0.27692050
0.38254103
0.41941913
0.31267328
0.44896642
0.39597538
0.39115443
0.29758683
0.39309351
0.14026437
0.25613953
0.13553089
0.45992529
0.44228255
0.29270728
0.47070551
0.05519964
0.34221566
0.51803302
0.39319862
0.40471679
0.36147836
0.23516740
0.51252145
0.18525827
0.47350241
0.13339487
0.38149051
0.39738797
0.44041373
0.42006081
0.47580790
0.25519956
0.27986293
0.46441385
0.49257977
0.50278052
0.09905325
0.45345214
0.43036812
0.45853071
0.39134781
0.40460956
0.51009312
0.46766487
0.41815937
0.43953949
0.48129192
0.50098636
0.52310662
0.37226478
0.34264402
0.41223877
0.19372195
0.47944640
0.16803522
0.39534219
0.23473674
0.18585174
0.39926027
0.40735976
0.27657397
0.39845981
0.45106393
0.09743227
0.46948848
0.47900305
0.44728270
0.46733627
0.42567942
0.16083223
0.33630390
0.34110754
0.25650153
0.44045026
0.32121555
0.47459431
0.39696454
0.48101412
0.30547142
0.40532176
0.50176749
0.40623813
0.47042383
0.46840690
0.46029639
0.47509695
0.44614209
0.37196152
0.51784248
0.21082292
0.30490451
0.29446852
0.40799402
0.30402913
0.21126648
0.45212402
0.48141024
0.36920131
0.33596190
0.26385621
0.36513577
0.39082162
0.34290014
0.49007414
0.39844490
0.08897862
0.42806413
0.50060102
0.22270556
0.32240077
0.19732416
0.42943621
0.26561433
0.09244878
0.20904423
0.43051205
0.47432501
0.42267537
0.47646281
0.53156508
0.46232419
0.37047417
0.23979516
0.30412006
0.37925083
0.42801154
0.19081710
0.33974468
0.45775560
0.35996617
0.53335661
0.20691861
0.23486535
0.42228297
0.42932775
0.33442045
0.45616389
0.17316712
0.53112716
0.41944530
0.22550541
0.32355723
0.39086172
0.32165492
0.44857489
0.43605162
0.47166582
0.38351322
0.11891306
0.33399415
0.28192091
0.43416334
0.40775192
0.42737160
0.47188810
0.20382235
0.48864486
0.28154298
0.29461064
0.36026734
0.30891482
0.45396387
0.45682807
0.15155161
0.31612618
0.36492584
0.41076923
0.36886694
0.27322957
0.30756046
0.48760799
0.26557425
0.46948437
0.36557105
0.31923428
0.32869300
0.33866942
0.39881059
0.43173866
0.10348309
0.37973691
0.14791738
0.42426748
0.34647123
0.18948722
0.45431164
0.39664827
0.15772771
0.33879821
0.23905036
0.37264734
0.48854403
0.36853872
0.50056968
0.47088814
0.45753724
0.04928736
0.46744670
0.08630285
0.46498671
0.24388346
0.37977480
0.32592570
0.27853422
0.35131565
0.48148423
0.37415908
0.38948737
0.42905758
0.25983013
0.29970488
0.42839445
0.43762006
0.46984617
0.12609989
0.44939487
0.43484432
0.39988892
0.29684321
0.44321857
0.48495323
0.46021213
0.32621213
0.37503518
0.37767217
0.18764964
0.48025937
0.45595191
0.43159630
0.06394774
0.34580240
0.30181273
0.33980212
0.25872794
0.38775999
0.47679584
0.44230625
0.35637262
0.41655214
0.26994691
0.45363437
0.35296194
0.00306513
0.32600890
0.42871986
0.46072111
0.14945064
0.49431348
0.45020684
0.45075535
0.43112137
0.41950024
0.47322815
0.24620225
0.31132401
0.17192636
0.45269547
0.36100216
0.46595058
0.48489928
0.42398032
0.42990763
0.22634800
0.51362968
0.41119794
0.20412163
0.39362568
0.32832229
0.48090396
0.40366017
0.46023131
0.15624357
0.37577815
0.32962770
0.42333842
0.31637390
0.26358827
0.24287364
0.48936664
0.38120024
0.22570383
0.48429435
0.27425296
0.45799791
0.35788223
0.42883213
0.28721308
0.20798643
0.45905281
0.41741616
0.44851359
0.34615199
0.50069162
0.41618200
0.40534309
0.41341827
0.38066873
0.39383096
0.30012474
0.50800079
0.36655771
0.34326624
0.46862249
0.30344590
0.35429295
0.51068060
0.25200615
0.26345534
0.46513385
0.15390992
0.37923202
0.37141490
0.16205538
0.47774992
0.14008561
0.40670197
0.21335568
0.38355193
0.44346896
0.50366235
0.42699180
0.38751167
0.32129278
0.24989215
0.48379143
0.33663269
0.26230376
0.32420594
0.44740258
0.31048814
0.36161157
0.45936123
0.28792006
0.40441667
0.38516536
0.43123995
0.31705648
0.35832651
0.38414455
0.44740630
0.43623236
0.40031644
0.38119978
0.35628555
0.44719350
0.43666069
0.41707488
0.27973822
0.46024444
0.36996539
0.46234443
0.08297127
0.48220044
0.26840590
0.38453904
0.46349627
0.29715189
0.30244700
0.42912216
0.51831241
0.45651502
0.39232895
0.46059177
0.45093884
0.35266516
0.44851390
0.46242879
0.41610544
0.42417847
0.52813016
0.32877294
0.45600424
0.43343135
0.44952832
0.32818513
0.42896882
0.50201754
0.11834326
0.46827855
0.44413752
0.42072672
0.43967300
0.05842390
0.34563351
0.47336566
0.42120095
0.39085372
0.35878662
0.40482812
0.11705747
0.34375973
0.50937608
0.41244501
0.37765129
0.49070849
0.32502964
0.26445281
0.42777504
0.48403246
0.42618000
0.27184619
0.46441666
0.34292521
0.48057430
0.45109031
0.35248086
0.35714514
0.34070988
0.39904681
0.30863448
0.33561312
0.15951828
0.41833900
0.43737026
0.41187641
0.41467224
0.48301897
0.30931820
0.45070056
0.40664721
0.09536089
0.33344650
0.39592697
0.39331723
0.25529560
0.44789053
0.39375092
0.39391233
0.35328080
0.34774473
0.35987582
0.15548670
0.06331735
0.39656610
0.07261137
0.32635604
0.40636053
0.33498840
0.35681045
0.20234579
0.38725498
0.40156821
0.41662776
0.25788062
0.46159730
0.24487714
0.37404492
0.47875434
0.37322534
0.46628491
0.29302664
0.20573417
0.47719060
0.46673735
0.52643564
0.09692719
0.46558149
0.25734509
0.05199766
0.29567180
0.13260457
0.39855848
0.00870225
0.31209421
0.49296398
0.10601146
0.44409037
0.27022652
0.40479804
0.35794760
0.37492662
0.28182085
0.21055659
0.20086545
0.30737719
0.06993011
0.42823719
0.46003795
0.07365826
0.10851457
0.46878160
0.38187549
0.40043914
0.19255034
0.42686579
0.01731550
0.37338947
0.48930802
0.42319433
0.37889704
0.14134412
0.17785405
0.33970641
0.35601793
0.35574674
0.49323857
0.44239182
0.34178341
0.42018848
0.09870095
0.38447283
0.37660470
0.38584187
0.29641161
0.33268708
0.31344444
0.51372612
0.38512790
0.42178257
0.45033719
0.44032568
0.14354612
0.12547154
0.27671142
0.42113080
0.35090515
0.37787453
0.39744882
0.44907639
0.44590245
0.32393536
0.06252228
0.48447882
0.27620108
0.24475974
0.37287956
0.38149757
0.44804514
0.42508661
0.51401256
0.47976453
0.21885096
0.41227266
0.33257449
0.19804215
0.42507772
0.29005773
0.21287416
0.40963412
0.42733286
0.36635849
0.47053184
0.36918324
0.10443216
0.49831726
0.41976320
0.14446501
0.33995651
0.37984410
0.23795043
0.13102171
0.46090004
0.42755985
0.48100882
0.40491992
0.19016299
0.42499693
0.47559459
0.47062332
0.53746976
0.36495947
0.31726700
0.28580201
0.34992638
0.16343221
0.45636687
0.38321258
0.46311347
0.36916472
0.43177086
0.46818627
0.30830930
0.42115505
0.34319381
0.20979535
0.51459381
0.44273914
0.24439024
0.35140725
0.36645867
0.38077163
0.38238611
0.43942815
0.38837138
0.08213913
0.28650782
0.41258494
0.31898523
0.30147559
0.30175094
0.41657924
0.24990724
0.46204588
0.49188123
0.49260452
0.37355717
0.46601887
0.36371980
0.42361635
0.45424630
0.50023986
0.40006814
0.43359824
0.37751887
0.50839984
0.47773854
0.18844297
0.43490894
0.47725326
0.39272538
0.45100092
0.50824244
0.39503577
0.25888133
0.20505914
0.16883297
0.41954527
0.09122501
0.40063372
0.49893050
0.29228894
0.48173361
0.36488288
0.36786560
0.37877070
0.43710048
0.34153267
0.14228343
0.47535102
0.11690873
0.38796814
0.42216097
0.41383490
0.46623543
0.22690684
0.25655705
0.45706444
0.40907635
0.07119498
0.41521241
0.41064271
0.09361092
0.47882603
0.35105961
0.35427271
0.29612381
0.41296957
0.36394608
0.43332065
0.41690007
0.37069738
0.46658473
0.33246121
0.46860197
0.37400766
0.47460203
0.37749645
0.43391365
0.21901425
0.42220376
0.05852786
0.22859538
0.45194239
0.30280711
0.43036703
0.31856694
0.48939543
0.42991367
0.42441144
0.38236217
0.28291666
0.38515335
0.42914800
0.40757134
0.34928463
0.42323684
0.35508068
0.32699435
0.41187015
0.12761444
0.15263652
0.35482674
0.37419501
0.51798188
0.43848016
0.43300544
0.31874513
0.47106296
0.05278855
0.40205520
0.21303997
0.47846426
0.50399117
0.40246592
0.42589087
0.44796818
0.46312116
0.10256618
0.41169573
0.38954182
0.47066435
0.34751493
0.35703589
0.14356166
0.39901104
0.52588823
0.41033111
0.35566568
0.35062850
0.24176174
0.44383582
0.29066025
0.28026373
0.46658622
0.21994478
0.29415932
0.45162453
0.43324057
0.49044225
0.08674950
0.41191790
0.40469161
0.42956387
0.18157206
0.37372430
0.27077887
0.42268428
0.23703801
0.40919836
0.09238933
0.32821158
0.19462100
0.44344132
0.34445816
0.35937550
0.48672551
0.45077029
0.29052375
0.45067219
0.35483227
0.20771245
0.24067745
0.33911117
0.49248794
0.23345802
0.41853509
0.06626419
0.24658306
0.31028037
0.53023701
0.40588256
0.35940332
0.49055192
0.50430713
0.37673717
0.40039419
0.22142909
0.09685705
0.42962637
0.45162036
0.22661517
0.05578452
0.30691435
0.23996519
0.27219111
0.54283518
0.40834836
0.28681182
0.45040823
0.40797908
0.30707105
0.44554127
0.46048810
0.52473788
0.33053850
0.40697051
0.46541440
0.47506080
0.31191153
0.47766448
0.27306573
0.48650198
0.40292954
0.42637725
0.34740061
0.52461507
0.33130073
0.47012379
0.37125323
0.30180777
0.05761765
0.50909437
0.41961226
0.39648269
0.32881081
0.43934709
0.11257388
0.44677323
0.47652311
0.39505339
0.37968186
0.32862395
0.37225082
0.24453477
0.12881036
0.30244180
0.28100924
0.34995780
0.22062404
0.48943822
0.41589047
0.29717959
0.28955719
0.53531751
0.25083256
0.31162313
0.17951592
0.46991505
0.20363640
0.51765682
0.23504451
0.24955569
0.39384109
0.40311391
0.28401449
0.44302805
0.01091898
0.35261380
0.40754901
0.47549391
0.50426739
0.36594548
0.46625244
0.34484627
0.09612500
0.32233966
0.41488823
0.32547886
0.48105093
0.48595760
0.38175696
0.20058810
0.41350759
0.41620609
0.50506119
0.39820885
0.26258072
0.35499580
0.48982222
0.31330737
0.37791376
0.08324431
0.37819916
0.43386359
0.47221440
0.45070311
0.46336035
0.35065002
0.47622577
0.44259486
0.44859074
0.16675722
0.46436437
0.37720052
0.04500572
0.32213574
0.43474993
0.45102416
0.44432042
0.05942763
0.44420245
0.34921724
0.14200266
0.45768659
0.37221566
0.09397668
0.38974101
0.42678639
0.37485352
0.26456140
0.37465079
0.44961686
0.17004096
0.42161193
0.31188122
0.50768772
0.44369850
0.35028740
0.18084711
0.32308034
0.25656856
0.51976287
0.39364062
0.30661591
0.37401814
0.44578014
0.44231011
0.39025596
0.44737073
0.45723460
0.45528923
0.29814185
0.32251610
0.36016603
0.41645022
0.31369377
0.43427427
0.40132793
0.42441712
0.39990429
0.36893666
0.32106467
0.03246258
0.36567750
0.08757010
0.43750763
0.37583109
0.37727952
0.15481699
0.26562082
0.37617117
0.43310377
0.38371671
0.36593276
0.35379986
0.42544996
0.43292112
0.23533634
0.06824183
0.29689225
0.22749627
0.22873954
0.00933967
0.19544865
0.19881333
0.48284170
0.25953010
0.32991881
0.30990156
0.23603520
0.23036701
0.38278740
0.46108154
0.35073038
0.27592676
0.13951365
0.20551577
0.43586389
0.44395993
0.41820239
0.53132834
0.26068588
0.25529425
0.25145393
0.49905074
0.34991372
0.42397317
0.44335115
0.43858000
0.18114751
0.46063945
0.14001685
0.55271404
0.41675365
0.36826572
0.22403562
0.41077457
0.29915809
0.44206623
0.12420793
0.43491264
0.39430326
0.33002650
0.35254135
0.45737646
0.41241914
0.34646184
0.45933797
0.31951765
0.48035043
0.35126930
0.42250282
0.47317676
0.52966922
0.18413772
0.05474567
0.32842323
0.03950517
0.16341303
0.40789280
0.46464155
0.38121812
0.52942708
0.25613862
0.46342009
0.46878259
0.34487178
0.43068408
0.41494138
0.39064928
0.39157599
0.31473471
0.36728868
0.12891747
0.35850914
0.46612266
0.23114397
0.21020361
0.37187906
0.36746409
0.40460741
0.52761809
0.35886589
0.25473182
0.22568223
0.28508924
0.33491323
0.15787398
0.27908338
0.39517136
0.08076882
0.51628030
0.13073134
0.33427236
0.37371917
0.10173044
0.42738788
0.37396997
0.43487323
0.49401393
0.49648446
0.08613921
0.41839224
0.36624795
0.48651055
0.36917182
0.45483812
0.31238280
0.47510942
0.38383703
0.44395661
0.51400965
0.47300489
0.35030712
0.05471990
0.44162051
0.41154861
0.38751683
0.44161892
0.45104532
0.17109305
0.47086985
0.42366028
0.35791444
0.34101962
0.45697165
0.34272526
0.43765479
0.20260434
0.46774750
0.26527903
0.38228473
0.47193967
0.46064490
0.45935066
0.21119605
0.27865426
0.12919075
0.14186921
0.24119545
0.28050331
0.26846986
0.37305578
0.25333595
0.23725397
0.47275853
0.37013460
0.37662923
0.39423773
0.34523481
0.41297582
0.15087552
0.49144766
0.39943949
0.35228065
0.41204488
0.11956996
0.40607330
0.34759210
0.15252811
0.33726899
0.03889728
0.39411122
0.40111922
0.37435757
0.26114320
0.39306023
0.51372768
0.38559235
0.42939392
0.16992944
0.44121554
0.40717149
0.40220182
0.13813683
0.43776519
0.48623635
0.42715439
0.40931773
0.17889203
0.37297689
0.45742219
0.36789098
0.27737086
0.26021772
0.29530549
0.38293017
0.48237167
0.45897506
0.35399082
0.04110250
0.46372265
0.06310537
0.48086083
0.38270745
0.14804132
0.43653997
0.36995074
0.37286793
0.44373832
0.43648133
0.31837427
0.42859312
0.35369960
0.21885628
0.36728416
0.37075136
0.19464938
0.44631696
0.35582741
0.19076722
0.38394344
0.39666117
0.32966120
0.37207005
0.21657999
0.48185499
0.42410839
0.41386844
0.45015068
0.25400610
0.42871269
0.30709271
0.40634172
0.50292165
0.33435075
0.13835420
0.43911500
0.45652889
0.49438875
0.35959455
0.46488635
0.48159322
0.37114452
0.23725961
0.42027083
0.32449858
0.44003977
0.36250360
0.49193636
0.30108341
0.46990939
0.44008583
0.48018811
0.45259130
0.35310404
0.10150053
0.07505220
0.41695907
0.31076078
0.44833273
0.40030794
0.48648719
0.39108949
0.20822668
0.28196740
0.32058839
0.44675529
0.41355320
0.44587691
0.41738440
0.38975495
0.30695640
0.41243528
0.47074354
0.40781729
0.07525957
0.37284576
0.47975432
0.13895822
0.41024180
0.44630381
0.19763466
0.36278331
0.45558851
0.23958366
0.30566880
0.48238965
0.37832502
0.51419272
0.28943953
0.10232028
0.41332594
0.24447136
0.19402043
0.40277144
0.27631024
0.32661249
0.44114127
0.03383453
0.29142585
0.47501029
0.39693616
0.44267741
0.49206260
0.07904340
0.23521483
0.49582886
0.35789392
0.42769915
0.40565656
0.06319299
0.32170136
0.47261174
0.50275559
0.45460796
0.37693254
0.25092378
0.36326108
0.35857477
0.20008554
0.32297978
0.51369437
0.43250344
0.31870589
0.44666574
0.22136400
0.52305583
0.36250024
0.27066313
0.29274036
0.40787217
0.33383579
0.43128390
0.42623179
0.50415922
0.39558067
0.24891116
0.36444515
0.29452413
0.55125270
0.40906409
0.24650585
0.25672164
0.45323841
0.42901634
0.39793628
0.42340905
0.35627703
0.17605408
0.46536930
0.51849707
0.36104450
0.40857692
0.44937166
0.26308906
0.30432386
0.42698658
0.44227108
0.26522695
0.49436512
0.28499923
0.30888465
0.39988532
0.06598941
0.13981321
0.51711547
0.38843416
0.39327326
0.26692986
0.29534033
0.38061938
0.40870152
0.47704017
0.45196504
0.45296328
0.37567235
0.49537373
0.32399970
0.27231094
0.27471011
0.37328715
0.45704850
0.36406451
0.07497259
0.02703673
0.40715597
0.29421910
0.47923738
0.37579384
0.29563622
0.41051318
0.38756563
0.08827301
0.20658669
0.46001191
0.46944552
0.44158535
0.52744389
0.35988534
0.38295233
0.41519885
0.45292374
0.41325403
0.41291504
0.38939234
0.43235135
0.51470958
0.35448122
0.48174679
0.50619201
0.43822771
0.37522521
0.39202295
0.18725178
0.47410739
0.15302325
0.43644163
0.44139578
0.14181881
0.08059558
0.42486224
0.43814662
0.43222859
0.38525659
0.32985335
0.20310599
0.44300558
0.41244543
0.49445519
0.46849247
0.44958791
0.44236385
0.25932986
0.25457088
0.52042984
0.47630479
0.50424584
0.28976462
0.43824697
0.36871330
0.39171850
0.40853853
0.46986054
0.32819218
0.41168708
0.36580464
0.24989094
0.49209789
0.40266321
0.46619275
0.37314434
0.31785961
0.21484601
0.46584702
0.41048579
0.48098895
0.40781259
0.42608367
0.41814781
0.33351634
0.39136050
0.50447899
0.28532964
0.40882990
0.40111169
0.35720560
0.45216832
0.33764940
0.47184433
0.41492627
0.48752195
0.34947345
0.39385423
0.49308262
0.43824128
0.48756191
0.44546439
0.30990130
0.34158255
0.43892176
0.49909170
0.32469502
0.51119710
0.00602439
0.50173865
0.25360908
0.49510375
0.47811343
0.36014759
0.44125323
0.38631915
0.46015874
0.45162218
0.36998820
0.49733460
0.42439464
0.36522353
0.48872570
0.40424053
0.35245837
0.25705784
0.40224877
0.12995356
0.48862509
0.48711374
0.38023262
0.35691739
0.23403048
0.46066786
0.49662844
0.42772604
0.10049459
0.21238315
0.27136746
0.15243651
0.41773128
0.28553487
0.39720413
0.33681611
0.44554271
0.50957373
0.17826371
0.47590883
0.40946480
0.41222728
0.51200997
0.39430872
0.32729670
0.39488309
0.49863297
0.46325651
0.26595520
0.14779214
0.44525523
0.39419246
0.47721825
0.44270478
0.39087950
0.44583450
0.34429748
0.37742450
0.49690624
0.17465787
0.44636436
0.30848625
0.44250503
0.12065759
0.48955279
0.44281150
0.48606981
0.20845860
0.39599828
0.41487549
0.46375218
0.43809849
0.45370653
0.31360052
0.38536683
0.50731065
0.47519830
0.38750980
0.25091859
0.34317785
0.46939576
0.26605920
0.36981701
0.32724306
0.25603284
0.44545340
0.50818191
0.22625024
0.47094034
0.42657120
0.29949915
0.12364096
0.30594136
0.41399480
0.51997366
0.46837893
0.46639024
0.38639056
0.39565083
0.46967142
0.32569826
0.37921472
0.44044480
0.39873567
0.43016346
0.33763425
0.34259039
0.39536055
0.41624965
0.49986213
0.45170522
0.21613983
0.25680900
0.16093509
0.42765439
0.31066166
0.38659311
0.21973104
0.20536642
0.37559598
0.49411142
0.41765008
0.46810576
0.42827934
0.39126256
0.11880268
0.40596855
0.35523202
0.28454856
0.23823337
0.44587528
0.35265633
0.47695100
0.31232571
0.47358392
0.28702262
0.42495175
0.36941809
0.19907720
0.34289325
0.31801895
0.37877068
0.44006299
0.29472434
0.37336711
0.29351796
0.38989624
0.31719125
0.36521346
0.45499263
0.41027154
0.45248611
0.24406090
0.45974174
0.40458579
0.43174471
0.30843631
0.44635439
0.23192451
0.37786739
0.43445113
0.46393146
0.49060803
0.42418767
0.43942264
0.39561440
0.33972906
0.24704483
0.09430319
0.44722756
0.42952409
0.44671111
0.34102522
0.42311068
0.31452883
0.29539113
0.23668801
0.31895838
0.33691652
0.51217506
0.44915254
0.50219772
0.17846396
0.37907710
0.45963372
0.12143753
0.19533963
0.41237331
0.41008331
0.50018699
0.36309679
0.39496774
0.43865785
0.45205807
0.15025651
0.42188817
0.50212345
0.24660049
0.41629613
0.13895700
0.35687460
0.22657632
0.43817525
0.34474685
0.21940025
0.30548705
0.40895371
0.42333635
0.44469582
0.30844297
0.39907227
0.31459923
0.40608086
0.32376680
0.48788971
0.42049358
0.43532401
0.51070060
0.46595814
0.23336724
0.47018768
0.26138908
0.46326578
0.49390373
0.34407490
0.16252097
0.33211213
0.20100657
0.47416126
0.22000113
0.42333673
0.39129126
0.45611073
0.42949430
0.48243459
0.45738107
0.18692053
0.36631124
0.27308960
0.37855320
0.40121211
0.41514452
0.36840234
0.24924289
0.39159261
0.36890615
0.29568284
0.49831193
0.11998227
0.17625976
0.46167610
0.35306725
0.39520844
0.32390179
0.43800315
0.34506173
0.13007313
0.43093374
0.46426921
0.22527433
0.46141769
0.27610269
0.19366654
0.41590180
0.11401781
0.11663357
0.41003779
0.37645055
0.05528241
0.40615664
0.26246838
0.42962363
0.37305364
0.27972538
0.16650146
0.32853641
0.43897585
0.35727306
0.44002001
0.32464069
0.27647639
0.22481674
0.46033457
0.39487318
0.44668316
0.46549867
0.39630027
0.42526948
0.48564872
0.36875786
0.54691800
0.38460956
0.53117241
0.40310884
0.44772719
0.31090373
0.39443416
0.14163171
0.38285445
0.40479228
0.47007437
0.29803905
0.40222005
0.41680485
0.15612109
0.44327313
0.10632046
0.43163636
0.45802150
0.38976579
0.38725597
0.49449960
0.10530523
0.27557687
0.38792073
0.47828750
0.40183587
0.01486565
0.44885469
0.12889617
0.46893844
0.40644966
0.30429683
0.02404200
0.47414892
0.46986840
0.20350829
0.07919960
0.29646165
0.49927541
0.42592774
0.25282580
0.39630507
0.42163074
0.47690426
0.44461769
0.14943661
0.27062506
0.41752337
0.30307711
0.50441951
0.37401486
0.41124724
0.45524194
0.45175923
0.13783463
0.53275238
0.46694386
0.43872431
0.45641200
0.23683863
0.41923420
0.47500041
0.46081472
0.32752650
0.41397713
0.27267480
0.23328742
0.45228671
0.44079176
0.24226535
0.46173830
0.42805908
0.37253628
0.20708737
0.23016231
0.34245489
0.23095566
0.33036976
0.53109943
0.15008785
0.13437893
0.38487543
0.25888085
0.26602692
0.16085592
0.50028153
0.38307318
0.19388805
0.12084665
0.39075920
0.40573118
0.15648816
0.31568215
0.38377743
0.02822600
0.51608729
0.51075983
0.39318761
0.53959206
0.45218149
0.44876574
0.52056382
0.29539071
0.23491219
0.40306471
0.42137100
0.25244482
0.29955193
0.42859152
0.40916824
0.38285407
0.35162056
0.33739917
0.41472073
0.51380188
0.28713659
0.28195454
0.48459021
0.33445847
0.28320349
0.45860805
0.46119548
0.31116469
0.27900662
0.19517617
0.47188355
0.31277558
0.10759980
0.25267442
0.33751685
0.19428148
0.41493258
0.43151868
0.37422085
0.40304713
0.41344625
0.27931595
0.49320272
0.45918510
0.41909235
0.29920571
0.00098938
0.47986031
0.49851510
0.50934966
0.45137709
0.23381726
0.27438286
0.35824029
0.16854692
0.45208419
0.32104394
0.44129925
0.39622062
0.11621554
0.32193147
0.25265671
0.32589978
0.37214585
0.41733149
0.36445388
0.39282181
0.46262030
0.49728595
0.31767431
0.29207216
0.47443268
0.37544708
0.33864320
0.22469266
0.44905731
0.43634320
0.47908752
0.39188170
0.41856781
0.27401534
0.27941818
0.47489482
0.45214033
0.43115872
0.40445349
0.38223225
0.47926135
0.37551408
0.48694996
0.19199531
0.49928880
0.36094811
0.20926413
0.51176835
0.29535209
0.40899080
0.39405207
0.42953407
0.43096203
0.17871679
0.45794829
0.27147415
0.26742178
0.35416360
0.36392873
0.22942632
0.42513001
0.33646508
0.44496100
0.47042770
0.16154697
0.38370838
0.36350728
0.41860112
0.29901702
0.09699276
0.36288671
0.43682827
0.42099207
0.39746567
0.47535343
0.33327179
0.47181662
0.41794386
0.30401638
0.48475707
0.49124761
0.26900034
0.43150806
0.30181489
0.37925137
0.23559078
0.33738343
0.27578859
0.47968472
0.44482784
0.57736221
0.37830949
0.32856428
0.37634072
0.31673903
0.39180887
0.43540708
0.44140246
0.29078527
0.20385438
0.30572548
0.41168681
0.43766514
0.50417150
0.42762535
0.23099880
0.44320293
0.43979334
0.34982605
0.33180177
0.42918122
0.29034423
0.46654527
0.45309042
0.17424162
0.42230052
0.41094739
0.30190245
0.43446002
0.39608100
0.29677728
0.49001888
0.44707840
0.22534111
0.10208815
0.43301179
0.47673116
0.33884869
0.48409986
0.52474722
0.47491451
0.34114066
0.45608495
0.18224955
0.35523161
0.31660239
0.23171370
0.50535815
0.27630999
0.42335011
0.36407290
0.33669062
0.25919957
0.25673300
0.39049483
0.43454686
0.20158891
0.37072635
0.16161336
0.21495814
0.42523969
0.45375676
0.36096710
0.04608712
0.29793492
0.20310453
0.02927869
0.48106411
0.39953523
0.48920911
0.39603399
0.48094905
0.51961074
0.46617847
0.40485624
0.40915055
0.19674019
0.29203445
0.46837990
0.18582816
0.16003281
0.46354692
0.10058263
0.36667326
0.27548662
0.27722021
0.31911504
0.10745675
0.49447944
0.33337918
0.35253219
0.43699219
0.43063212
0.25968064
0.35540491
0.34713098
0.48189939
0.28885251
0.41778884
0.31719408
0.38488311
0.42117437
0.43373498
0.21908904
0.05772840
0.44118897
0.16233380
0.35155630
0.15496533
0.46913805
0.29883568
0.29980054
0.17897560
0.41454590
0.42513059
0.15973349
0.34710786
0.22978940
0.31052017
0.45407013
0.10253433
0.28800948
0.03371729
0.06503790
0.45184865
0.42202296
0.26354789
0.49858824
0.30893276
0.48124324
0.44155074
0.38967196
0.27084976
0.46930417
0.20325194
0.34105861
0.19844113
0.44715065
0.25642701
0.46622485
0.33498224
0.30412464
0.38195065
0.40665332
0.44285253
0.46945263
0.45224261
0.34189276
0.51176465
0.44442618
0.21169714
0.47497987
0.31729950
0.37157069
0.42047815
0.34412725
0.40874570
0.45981982
0.25087244
0.43424907
0.40905265
0.39221300
0.45282167
0.20226378
0.43789304
0.41680803
0.45942659
0.29364746
0.41308598
0.21081178
0.32357192
0.45974289
0.41042406
0.48590650
0.44606357
0.19692150
0.35082236
0.28818872
0.42041960
0.34578192
0.31208647
0.38358747
0.17792540
0.34291582
0.40553897
0.46897109
0.40191168
0.34319106
0.33315963
0.37257803
0.35963355
0.21960550
0.40797861
0.41329204
0.40701476
0.31527362
0.46227326
0.26207475
0.30630560
0.40358585
0.48391236
0.41479018
0.44310991
0.20759646
0.41106975
0.48740659
0.41837262
0.24063234
0.36709410
0.49081390
0.57876111
0.26064699
0.18374883
0.43169932
0.10663131
0.49594028
0.41197864
0.45061195
0.46818611
0.39974863
0.39756527
0.41384352
0.48204708
0.38477799
0.21228201
0.18801964
0.47783672
0.47451403
0.38032129
0.46851147
0.46193929
0.36791701
0.42733307
0.48096160
0.48034746
0.32385985
0.35196061
0.39908311
0.36003596
0.49641941
0.45691806
0.33073808
0.24545547
0.43653362
0.39478775
0.32186120
0.29213432
0.32551451
0.27503711
0.43444820
0.44219012
0.16475820
0.43359828
0.10631634
0.34551927
0.50565420
0.42297976
0.35373173
0.44559946
0.49791790
0.50246209
0.42768602
0.34376014
0.43007715
0.36840067
0.43374624
0.32145740
0.51107493
0.41293570
0.36320827
0.31958653
0.42996252
0.39877601
0.49019729
0.16461521
0.34331117
0.52955211
0.37168638
0.38552945
0.29456240
0.48012943
0.27850690
0.49341402
0.40324992
0.31450101
0.47516482
0.31154787
0.40523954
0.40523015
0.38111047
0.10557133
0.42486820
0.43141495
0.37496186
0.43597465
0.39072763
0.39646996
0.39863649
0.43171598
0.43428767
0.46626355
0.32068936
0.43008044
0.24991063
0.34099103
0.20182805
0.39431041
0.46022915
0.41448666
0.43390572
0.38304945
0.14444250
0.32145757
0.49533670
0.34852175
0.37694371
0.40122118
0.42392594
0.40184289
0.43025170
0.37951381
0.23941140
0.30293698
0.37778016
0.45369785
0.47277413
0.34015105
0.35042119
0.46736732
0.36928891
0.39044105
0.46890507
0.32080842
0.34005434
0.34411334
0.21526828
0.32493993
0.33835627
0.35512838
0.31535917
0.21469570
0.19158237
0.47722900
0.46581755
0.35036403
0.41779266
0.43915192
0.41890929
0.34393237
0.42894105
0.31921483
0.29373861
0.23865646
0.42923610
0.39517033
0.43587040
0.49603875
0.32661970
0.38705759
0.54678239
0.28954709
0.15104933
0.45219492
0.42162548
0.04544451
0.28846473
0.36603959
0.40226362
0.45988362
0.37789665
0.36021893
0.38229925
0.45297658
0.43742419
0.26859073
0.40535755
0.25490054
0.21806598
0.36383828
0.35517174
0.32376173
0.31353766
0.46905854
0.47914191
0.42523566
0.33599147
0.47905649
0.36561320
0.41147531
0.33831049
0.44087800
0.31958333
0.15130829
0.49737769
0.21271814
0.32054361
0.20133921
0.40315884
0.43603606
0.40886599
0.39011085
0.21529900
0.39288550
0.50103881
0.42130961
0.28604646
0.41998596
0.26244493
0.46471665
0.50367683
0.22791908
0.34193722
0.30921223
0.40840047
0.44992281
0.46140006
0.34177949
0.44423769
0.46965545
0.46845408
0.41009573
0.42186275
0.50441226
0.51746044
0.28723234
0.20324258
0.47963558
0.09695833
0.43147880
0.46336753
0.39513895
0.24866714
0.25880891
0.31480482
0.45161076
0.43105359
0.36416282
0.43060967
0.43342455
0.51838607
0.29166883
0.35939662
0.51854156
0.46536204
0.39869964
0.34893561
0.12451029
0.40934789
0.42193478
0.52507362
0.26310248
0.44929232
0.25890115
0.10681708
0.44857007
0.47127538
0.43524914
0.38404433
0.30512086
0.43773439
0.34625424
0.41488365
0.25579511
0.20501277
0.37878240
0.28451530
0.37864839
0.24056340
0.35728801
0.45056214
0.34885666
0.27243168
0.31298382
0.48905823
0.45778643
0.23820987
0.43859282
0.48425593
0.43324291
0.46151841
0.41808069
0.48881605
0.35508106
0.50755463
0.46215609
0.41903036
0.21355244
0.37628104
0.39708858
0.37837870
0.08798534
0.44376131
0.46981663
0.20175942
0.32156757
0.44098548
0.39110149
0.43814293
0.29669017
0.02697838
0.43353200
0.35034236
0.30548330
0.39375983
0.31878313
0.40780469
0.50596393
0.34864818
0.35369297
0.44924514
0.30617571
0.44206805
0.15238525
0.35814858
0.41585482
0.02510872
0.51478488
0.29619321
0.37446024
0.39314416
0.46341420
0.35289894
0.47516918
0.17725772
0.47956780
0.27456557
0.30113886
0.19750868
0.43679809
0.41200485
0.56073783
0.41499343
0.41984309
0.34098165
0.14157155
0.21997712
0.43430320
0.25909955
0.25307456
0.38580697
0.48073921
0.03235245
0.13569588
0.51270073
0.45730320
0.33144405
0.50269164
0.25834626
0.43302543
0.49530116
0.48860163
0.49398350
0.24190777
0.48661150
0.47499201
0.16733952
0.52187561
0.36864307
0.42863260
0.16685572
0.38054631
0.44630432
0.34575257
0.48904815
0.08425895
0.46710036
0.47806694
0.20376105
0.30872939
0.44868032
0.50331264
0.49115903
0.28731508
0.41047357
0.42717934
0.38270473
0.27580818
0.16623888
0.26135681
0.32530595
0.40105005
0.30105740
0.49161183
0.44486700
0.31427229
0.24099673
0.36533085
0.35685547
0.36229017
0.51105135
0.19898611
0.40108418
0.51893167
0.47076215
0.46860933
0.39853874
0.29258892
0.36724819
0.30715263
0.15861249
0.36069386
0.50270346
0.12149137
0.44648594
0.46821108
0.37386691
0.53141065
0.45056019
0.47673246
0.38984969
0.48217727
0.39246619
0.26194502
0.49740426
0.32199784
0.45547495
0.48438689
0.41136002
0.25759376
0.35526132
0.41427921
0.50812836
0.41451512
0.44698615
0.31916077
0.36585436
0.46986960
0.29109900
0.45296593
0.46648169
0.37173168
0.41516812
0.46693777
0.16996230
0.49698247
0.30720798
0.20137321
0.42994492
0.40264397
0.22387931
0.30378939
0.40327058
0.49517081
0.20706047
0.45247609
0.46876972
0.46465596
0.37831908
0.44505104
0.36524943
0.36287849
0.50268175
0.15723342
0.21660255
0.17056643
0.31022932
0.45110022
0.42295345
0.34550951
0.41907228
0.49387507
0.44762037
0.45075618
0.37130026
0.46875752
0.25100820
0.32560328
0.42727078
0.10067730
0.32330511
0.41704586
0.43882174
0.36493790
0.48428614
0.25411468
0.14688587
0.38545902
0.42045784
0.39166540
0.22203561
0.47603827
0.15304591
0.37787383
0.37411348
0.38515885
0.37699835
0.39337902
0.34535809
0.22131500
0.48918631
0.47969230
0.46682387
0.46439011
0.36315473
0.31793007
0.38643333
0.46274136
0.52439944
0.45326736
0.41558524
0.34297751
0.36927560
0.45614837
0.42297167
0.45336419
0.41096664
0.24542144
0.42519928
0.43460693
0.36687932
0.23823485
0.31969880
0.46292802
0.46222549
0.48685719
0.46078054
0.46390861
0.50088475
0.37548489
0.35135143
0.31787166
0.06575750
0.49713289
0.49117310
0.30692482
0.36551709
0.37315816
0.41577171
0.20958263
0.45257776
0.37324225
0.35591320
0.43225508
0.43834013
0.48409823
0.15951968
0.35754802
0.45958527
0.30887145
0.44075085
0.29877878
0.46036560
0.50776305
0.39098320
0.10017681
0.31946219
0.38580767
0.52416978
0.26055861
0.46284937
0.09985764
0.53565921
0.44618901
0.30849676
0.25867997
0.38772780
0.23256395
0.39092128
0.32817365
0.50372011
0.40150719
0.30749218
0.46052812
0.41280874
0.34610597
0.44433210
0.35535049
0.40797344
0.41462141
0.46431238
0.46063928
0.31853785
0.27755115
0.55758113
0.37353747
0.40525620
0.43769267
0.42668385
0.18962737
0.27709500
0.38408340
0.44309975
0.48860540
0.12194892
0.50874632
0.52598054
0.31256921
0.49998028
0.47755390
0.25001410
0.37727261
0.45324207
0.12461044
0.25431275
0.50366073
0.22469996
0.40145144
0.27607105
0.19095188
0.11743654
0.42527956
0.47459262
0.42241491
0.11982561
0.39566118
0.48433388
0.18214532
0.44128194
0.31975974
0.35975772
0.41498192
0.17387683
0.40839878
0.33631240
0.44436266
0.16545692
0.38624604
0.47073305
0.36758014
0.47186816
0.41065906
0.42542416
0.50175433
0.14936462
0.14284012
0.39825153
0.43677273
0.20068936
0.20712166
0.19447582
0.26679341
0.34174989
0.23647611
0.39482829
0.46060954
0.49069593
0.32204309
0.19140857
0.45365203
0.44759470
0.31381446
0.39352222
0.43712653
0.43593059
0.39534906
0.36706836
0.38629387
0.40059787
0.43186156
0.48771769
0.42517894
0.37310579
0.06806179
0.33601980
0.32855438
0.43938522
0.30483498
0.39695227
0.29431562
0.40188261
0.36071361
0.44047719
0.32025923
0.46116510
0.24221593
0.38054403
0.34528446
0.46846358
0.51217169
0.31409564
0.37536811
0.26733989
0.17661931
0.23897549
0.52591529
0.44790397
0.38659569
0.37253355
0.42081276
0.39855848
0.36770909
0.39090136
0.10612923
0.40072102
0.17257520
0.52048271
0.48205536
0.48297098
0.46871801
0.28082703
0.32342707
0.28735678
0.44715632
0.23480263
0.42628027
0.52012774
0.27412270
0.40484898
0.37230285
0.38484843
0.41776645
0.39816529
0.42894458
0.38999937
0.28347487
0.25777095
0.44169757
0.31237321
0.42374639
0.34574776
0.29820404
0.52252109
0.48876992
0.46964537
0.31246131
0.12271837
0.44161441
0.47893778
0.43411825
0.17675811
0.44241118
0.42657886
0.35092248
0.27961255
0.43469601
0.47887511
0.35269471
0.52637355
0.22584351
0.02627329
0.42938122
0.45566825
0.38628287
0.30896995
0.38955644
0.53099300
0.42259977
0.12295671
0.55165981
0.43012310
0.49385273
0.36162683
0.38834857
0.20542325
0.22384722
0.24656264
0.46903472
0.41292502
0.42286871
0.46500825
0.44060085
0.34751256
0.43814920
0.14082756
0.37316511
0.40263772
0.44892345
0.25342882
0.37206381
0.27250087
0.20881780
0.33962420
0.44057187
0.35896726
0.47545339
0.39939497
0.28286981
0.27763966
0.26940278
0.35955377
0.51816332
0.47876537
0.41879153
0.44114503
0.26249884
0.33156333
0.38857158
0.38251062
0.43778136
0.39900627
0.37085722
0.39161456
0.45356874
0.46813819
0.42615282
0.33555958
0.19741654
0.53934794
0.47598164
0.33660678
0.44697672
0.46242396
0.07739052
0.49476387
0.33812218
0.41584592
0.27249426
0.45701108
0.19968479
0.28104938
0.01341259
0.33559127
0.47914686
0.51877547
0.36418246
0.37601841
0.48141912
0.50060310
0.42160937
0.39792323
0.33263233
0.24786822
0.44728693
0.13354044
0.43905358
0.45320558
0.44195387
0.22227077
0.19659767
0.50772228
0.07712763
0.43384254
0.35646876
0.25216222
0.40364860
0.22947781
0.26203317
0.34166316
0.30588798
0.49284215
0.46039069
0.47293040
0.45261288
0.43593251
0.32352284
0.38674518
0.23735011
0.35737615
0.48366216
0.43731849
0.35677275
0.34372261
0.20750218
0.41892952
0.04193293
0.44477197
0.43825882
0.37122132
0.24891776
0.39380815
0.23773562
0.39386685
0.21286468
0.12453661
0.37184158
0.46274683
0.14977382
0.35476921
0.49033768
0.24939701
0.13909765
0.20213172
0.39663023
0.45693152
0.46047884
0.27153734
0.32841222
0.15217636
0.06812422
0.43616195
0.15696297
0.28988894
0.12594462
0.30742561
0.46419184
0.21080475
0.49428904
0.31130697
0.38130311
0.43528741
0.31160748
0.34150130
0.47508092
0.32604294
0.48889857
0.41557638
0.44291557
0.18623472
0.44374882
0.07667281
0.37504260
0.21794647
0.32158250
0.37521998
0.34460550
0.43987744
0.43661963
0.52952834
0.40731578
0.19471268
0.39640267
0.24197943
0.23857257
0.42273581
0.41810719
0.38465267
0.43684550
0.36086404
0.47095061
0.41043431
0.44073071
0.37470345
0.23503980
0.44410617
0.34502344
0.44876524
0.52593590
0.48175981
0.43204263
0.49235929
0.41781759
0.46704452
0.49075631
0.22051166
0.36834697
0.47278862
0.47889821
0.32532793
0.49582043
0.49809282
0.21336108
0.50346990
0.45028890
0.46256530
0.52649827
0.42934453
0.10336019
0.49600512
0.43694093
0.47372771
0.41952541
0.07697920
0.45278804
0.45692520
0.28362153
0.32546791
0.44421475
0.42282314
0.20315330
0.34707296
0.46332970
0.01752349
0.48769847
0.48964890
0.52049354
0.27351892
0.44478372
0.39575156
0.37627142
0.47540991
0.46901674
0.45191312
0.34620784
0.31590885
0.43703511
0.43881868
0.48886379
0.29693273
0.39927977
0.18950476
0.23650312
0.25440180
0.34335856
0.48689831
0.32290797
0.43834813
0.37328652
0.39184267
0.49231117
0.42069250
0.04943705
0.36460722
0.41317612
0.41847817
0.40034976
0.36927656
0.34654786
0.16670576
0.26754653
0.41037908
0.35974342
0.44744257
0.21138589
0.31050347
0.16265893
0.39477697
0.44450307
0.47269155
0.38706447
0.43335714
0.26900367
0.41193344
0.07056056
0.42270534
0.43673834
0.36271987
0.42043619
0.39383260
0.30772462
0.27525366
0.33455948
0.36311465
0.17666087
0.46367766
0.20809288
0.47686446
0.39438749
0.48646204
0.41612740
0.41079439
0.37513477
0.50128670
0.46450157
0.39306212
0.41868058
0.44066199
0.40929157
0.40707996
0.48194027
0.40288519
0.45858867
0.12222633
0.42042843
0.42562612
0.21646356
0.33558871
0.49075693
0.18927217
0.27890740
0.36618157
0.43830416
0.49637110
0.41874753
0.40115500
0.47061334
0.50304846
0.46730825
0.45032746
0.46785771
0.45691918
0.34993609
0.46689021
0.53620097
0.23655808
0.31140663
0.40118625
0.06609951
0.21979461
0.49577616
0.35278451
0.32683274
0.37543426
0.38322359
0.20452211
0.39810020
0.34958165
0.44521473
0.43593835
0.48964268
0.37282758
0.39313063
0.44125492
0.33428445
0.35286723
0.54802759
0.49549974
0.45503667
0.52284588
0.22404779
0.42599981
0.36110471
0.30251143
0.38450891
0.49252635
0.32561504
0.40306847
0.36098241
0.44782114
0.43081594
0.48220791
0.45982380
0.42937393
0.38318517
0.48061621
0.46741805
0.23331044
0.48299962
0.10945367
0.43977826
0.52791620
0.30422724
0.14109721
0.30546081
0.36917921
0.42727292
0.39455794
0.22687223
0.35257952
0.44604170
0.27161625
0.07438622
0.42181624
0.42679992
0.42259511
0.37684861
0.33954673
0.42064353
0.43367554
0.43506821
0.45510885
0.43523366
0.31285013
0.40300675
0.43301461
0.46255842
0.31800344
0.48599943
0.14594002
0.40756602
0.27366618
0.50152193
0.31708943
0.40922170
0.46193636
0.04894751
0.39801577
0.38634108
0.12420986
0.35389097
0.47989960
0.11859356
0.38633668
0.40556785
0.39699364
0.12267198
0.21127378
0.24420840
0.37184303
0.40860205
0.43189900
0.35983940
0.33474472
0.53414207
0.48095449
0.04717210
0.38959273
0.51473268
0.38160411
0.35839990
0.41674802
0.38310009
0.19430379
0.29096337
0.45290327
0.45283049
0.49433219
0.32895729
0.27056654
0.39576206
0.39140471
0.28278736
0.23011079
0.40909884
0.41524685
0.33040633
0.46937229
0.31258807
0.34783852
0.49154423
0.42915365
0.46072599
0.41345316
0.48834245
0.51262851
0.33439783
0.12250639
0.32906296
0.53252312
0.44942961
0.55948568
0.47731165
0.43517912
0.12283148
0.38288312
0.38088317
0.48932866
0.41248153
0.26796286
0.08762093
0.39252956
0.48638404
0.48154757
0.44657696
0.32094487
0.40138007
0.42614448
0.46111429
0.42292983
0.32166744
0.25656321
0.41229280
0.31624187
0.54745779
0.48398671
0.49883637
0.22866044
0.17911261
0.25105553
0.36753787
0.41193716
0.30243821
0.39188831
0.24776591
0.29732956
0.33958458
0.46308206
0.39246918
0.48297173
0.28651262
0.20749159
0.50126396
0.14134648
0.41143403
0.42650119
0.35060895
0.19801334
0.46408753
0.46673871
0.48014383
0.45910285
0.33026054
0.35555596
0.27439043
0.48552172
0.37706210
0.36722644
0.18709717
0.12752382
0.06037521
0.18917039
0.39207129
0.46834015
0.35062382
0.12117771
0.34333394
0.38083769
0.47526456
0.34058829
0.25483215
0.38463242
0.41976887
0.35872288
0.32248790
0.22942948
0.17267829
0.49904739
0.34577170
0.41757728
0.31369777
0.37749923
0.17672671
0.39946508
0.27554415
0.30824721
0.40951781
0.46066375
0.07305741
0.36474753
0.49982914
0.31448177
0.18395415
0.34006689
0.20494060
0.45827698
0.53156777
0.47615249
0.31114605
0.37246218
0.05373440
0.39981944
0.27932797
0.38464090
0.40753241
0.36051434
0.24729167
0.33956572
0.42283229
0.39852792
0.20453775
0.39503071
0.41265131
0.37283203
0.40741490
0.16958218
0.40402194
0.42778519
0.45755465
0.21073527
0.50724472
0.39219084
0.43276800
0.25570513
0.24392681
0.43649991
0.13338644
0.25877460
0.36259125
0.38888118
0.38454122
0.39453650
0.30486356
0.46705962
0.25018181
0.15034295
0.35108923
0.33707286
0.49526910
0.40894235
0.30141423
0.38436895
0.29626203
0.24445647
0.46067363
0.14160984
0.39846286
0.40962707
0.44223325
0.39734442
0.29480203
0.45365310
0.26900218
0.20511732
0.37179655
0.30327515
0.42838151
0.42282737
0.40498497
0.18641769
0.36896208
0.45412764
0.34358813
0.36543881
0.37504443
0.21160970
0.46322578
0.17690792
0.53551058
0.33317677
0.48535594
0.24362690
0.34860316
0.16961411
0.40234463
0.46875950
0.28113031
0.48125696
0.13938937
0.45336276
0.31781309
0.27840048
0.34070925
0.32141651
0.25127800
0.47717712
0.11845114
0.30720376
0.29779272
0.41110747
0.25107528
0.42678626
0.37849769
0.47357478
0.40164560
0.46564070
0.38806139
0.17155921
0.41336337
0.28617678
0.46818969
0.10370485
0.32368247
0.17091408
0.47344645
0.53283314
0.36827311
0.38595060
0.23256232
0.43536803
0.50449283
0.37818905
0.30592277
0.39803479
0.35310304
0.47479814
0.04728735
0.47074654
0.19534683
0.39632200
0.28368682
0.01104106
0.33032816
0.36743935
0.43225937
0.39120959
0.46211169
0.38784824
0.42768470
0.40377938
0.16692403
0.48318116
0.35706979
0.22375764
0.49346997
0.32849713
0.21090410
0.39005981
0.39072498
0.30921718
0.26156221
0.40126816
0.21190746
0.49923500
0.39705762
0.45420474
0.40669139
0.17975611
0.47378979
0.39517143
0.27293186
0.49259112
0.44578489
0.38600999
0.37938592
0.34977715
0.46981673
0.44364770
0.27545582
0.43819163
0.44313410
0.46473308
0.52824477
0.08713969
0.19084853
0.31803056
0.40632849
0.29729815
0.45500605
0.35123224
0.09615782
0.16325909
0.43094541
0.43109673
0.38148733
0.31441916
0.39900818
0.43492445
0.43691391
0.09066115
0.40242848
0.26518007
0.45122695
0.42625684
0.48310906
0.47331202
0.24613585
0.48794998
0.42415623
0.40098508
0.43809164
0.33510841
0.46596644
0.20076223
0.39607023
0.13518897
0.24107314
0.45572401
0.36810092
0.26505681
0.42697918
0.38965409
0.29322623
0.35144895
0.14611387
0.50732205
0.48936646
0.00403044
0.37210051
0.39816636
0.29463913
0.31699665
0.48934465
0.45889539
0.44018828
0.45110202
0.43833271
0.18084493
0.32701279
0.37812462
0.48131918
0.45852567
0.15727510
0.31388733
0.42003087
0.36661757
0.52271853
0.19767725
0.51985800
0.49431742
0.41358733
0.31266737
0.40009262
0.27676598
0.43499001
0.40689727
0.29349098
0.50284689
0.22606588
0.06625971
0.44214509
0.47424784
0.35757335
0.26993445
0.22290008
0.35525993
0.46145906
0.23220511
0.40259285
0.31629743
0.45527770
0.21726765
0.35744944
0.33440947
0.46877693
0.24609293
0.44350350
0.44971103
0.33372041
0.54050365
0.24306160
0.48126878
0.39576105
0.42984051
0.36738003
0.14125363
0.23974394
0.38811934
0.43659782
0.21054393
0.00167667
0.32451288
0.30651295
0.25910419
0.47835725
0.30365643
0.24654200
0.49518442
0.50693920
0.42229506
0.24957101
0.37203276
0.36313495
0.40804899
0.43226144
0.46543801
0.44209984
0.31760708
0.47188653
0.46807780
0.34937109
0.23834967
0.43572985
0.43123319
0.39826508
0.41297215
0.45791968
0.38468785
0.45574116
0.28796003
0.37810758
0.44287744
0.45987645
0.23980952
0.40274608
0.10376756
0.28891930
0.41230786
0.49264589
0.52915703
0.40135783
0.39839084
0.47016498
0.34074187
0.34996729
0.46425951
0.46953852
0.42023108
0.32553061
0.34014470
0.22285559
0.25392303
0.47440218
0.40776211
0.27724429
0.49517590
0.39356857
0.18713917
0.52160344
0.42016595
0.49457348
0.08565820
0.45554167
0.46133249
0.13955179
0.40559691
0.16513119
0.49155458
0.48297821
0.43222089
0.38893635
0.31996854
0.56452316
0.32868447
0.49574975
0.32086168
0.39467735
0.43522439
0.23448234
0.43838657
0.40780483
0.51709555
0.46376438
0.41506498
0.20645327
0.39808991
0.22107561
0.22161253
0.30109274
0.20616976
0.50350868
0.36240714
0.45054127
0.47354802
0.31738918
0.33349339
0.28002784
0.23165917
0.31751787
0.28515639
0.44971492
0.48848204
0.45961148
0.21403937
0.50876214
0.13786539
0.14299356
0.32224821
0.42390144
0.32450717
0.22174623
0.31606135
0.34722999
0.40188481
0.41926441
0.45597542
0.33614097
0.20565368
0.34111018
0.49037800
0.36443579
0.42358336
0.20775675
0.35722235
0.41680256
0.40566679
0.25372265
0.47579747
0.41053366
0.37896486
0.37971196
0.43648811
0.49253704
0.18084479
0.12680906
0.45320614
0.38362844
0.26489714
0.45905551
0.35495224
0.38504230
0.52412166
0.43030744
0.40758864
0.45074267
0.39820823
0.44138630
0.33350692
0.32050977
0.46792634
0.38979454
0.35503233
0.33769616
0.48596994
0.42098246
0.24571604
0.24377707
0.47054132
0.50801070
0.37096095
0.40196200
0.48569666
0.37914343
0.44725293
0.46880463
0.21398286
0.34195505
0.46298676
0.45844993
0.55594139
0.28283230
0.47365551
0.37532690
0.50692775
0.44235953
0.41647017
0.32484692
0.16684723
0.03984345
0.16471700
0.47690432
0.24286747
0.48626189
0.20551237
0.33425987
0.25794130
0.37230879
0.43967389
0.30075096
0.30411934
0.16209589
0.13443735
0.45764585
0.37503782
0.18365159
0.41697491
0.31009307
0.52017316
0.43275705
0.42070399
0.21155056
0.50660955
0.47416425
0.44635376
0.28105548
0.32859234
0.42878198
0.33095075
0.20475714
0.06676958
0.44367177
0.44061584
0.10708687
0.40232581
0.49464628
0.40979486
0.29258125
0.50156720
0.44500472
0.48079715
0.41509742
0.34667629
0.50877090
0.37363216
0.40444518
0.35082381
0.19487829
0.44635058
0.56073575
0.43039392
0.07355080
0.30050113
0.35569793
0.02328921
0.40223908
0.33755149
0.53956822
0.45801304
0.50345230
0.22928618
0.29463655
0.45734520
0.43066085
0.30549185
0.46777274
0.39054330
0.42117141
0.38053196
0.07352676
0.43300120
0.50528568
0.38066299
0.37301124
0.48710016
0.47587668
0.46457741
0.45902026
0.36995686
0.47907792
0.27809551
0.40549605
0.14113321
0.17090443
0.54439040
0.33922632
0.03122142
0.43035615
0.38256674
0.39852961
0.15829066
0.45692296
0.38617305
0.40234678
0.39842771
0.41474978
0.33706327
0.28375247
0.25473286
0.29589163
0.35511604
0.20101076
0.30039171
0.46252998
0.50010773
0.34802658
0.21545197
0.40641667
0.27953631
0.51320200
0.44808330
0.37433011
0.39414434
0.39418031
0.45157572
0.21754718
0.48499282
0.21005626
0.29857635
0.43894300
0.45222044
0.28024932
0.27585930
0.16030613
0.29736286
0.38528714
0.47354301
0.44277053
0.39013336
0.19528193
0.37358470
0.41484100
0.33038440
0.34147674
0.37316404
0.38644396
0.24326049
0.32749891
0.37728912
0.41713430
0.27397645
0.46017162
0.44380992
0.34976853
0.38245175
0.15434152
0.47083719
0.48426065
0.18657465
0.19378440
0.37204937
0.23135462
0.34877356
0.34900202
0.46245162
0.44013560
0.30830728
0.43884514
0.39707508
0.39727874
0.51034238
0.44388567
0.48911745
0.37168153
0.35449374
0.47204213
0.45879284
0.37592570
0.48062315
0.10443170
0.39717424
0.33870312
0.42021368
0.51808469
0.38552430
0.45654888
0.41352191
0.42212357
0.45034506
0.06011220
0.16118672
0.39445008
0.43976691
0.01456401
0.50571340
0.20511760
0.47541897
0.41171228
0.47422918
0.34724787
0.38885159
0.27535675
0.49264453
0.38064905
0.43665767
0.38746386
0.42616360
0.46396886
0.31759924
0.17683624
0.42153366
0.21587408
0.18533553
0.39503210
0.36375542
0.39010665
0.44088308
0.38433083
0.45575474
0.38883443
0.55408405
0.36853494
0.42841558
0.32105067
0.41187350
0.43556173
0.24222993
0.46973313
0.05704732
0.12006797
0.48070589
0.42635987
0.45400490
0.42627860
0.37805970
0.50096364
0.36349736
0.52627089
0.41991611
0.37930127
0.10093076
0.37612871
0.43831701
0.39585124
0.29210629
0.38707481
0.46254203
0.10638793
0.40462112
0.41781280
0.44529052
0.16160582
0.28230242
0.42188824
0.27046912
0.41363322
0.33867071
0.08015220
0.35178724
0.47407044
0.32082789
0.36129787
0.21325311
0.48964312
0.48361086
0.29189276
0.45611137
0.05046054
0.43037266
0.30755238
0.46671057
0.04716910
0.45926415
0.43086046
0.39954557
0.14197067
0.42665921
0.39903288
0.32164048
0.42182040
0.37290614
0.46329422
0.41492631
0.40158811
0.47210951
0.51754345
0.22552340
0.15893803
0.44097698
0.42401607
0.25000955
0.50634806
0.31414110
0.44928070
0.44944820
0.42351075
0.43064519
0.40330344
0.32852386
0.44610374
0.39581532
0.43732642
0.03965203
0.46234352
0.50364552
0.47536278
0.50591684
0.35963766
0.40980805
0.42358244
0.44082118
0.46019187
0.37153717
0.34459520
0.44912085
0.41987790
0.35005104
0.38253788
0.44658336
0.38557875
0.34240243
0.46730159
0.46210206
0.28565195
0.16297121
0.45511425
0.22130805
0.40869710
0.27532565
0.44824987
0.27189603
0.51980713
0.33991801
0.39884428
0.40423762
0.05226456
0.47285885
0.36436528
0.43580163
0.29370422
0.37272929
0.34807065
0.30142289
0.37082423
0.23066471
0.45785398
0.49822954
0.48053459
0.35734083
0.50845179
0.13544810
0.21733235
0.31459471
0.34333496
0.40173080
0.31275390
0.08595406
0.24566645
0.38496616
0.25309099
0.38888817
0.46158639
0.34949547
0.45219213
0.10247568
0.49961489
0.36770687
0.33827308
0.39487589
0.44290274
0.34567727
0.48639539
0.43204788
0.28150855
0.06827279
0.43076509
0.37437241
0.44121997
0.45348939
0.31383885
0.48208102
0.29096344
0.37957170
0.02677624
0.39996757
0.51103374
0.31595836
0.27433083
0.28675021
0.41025308
0.18535065
0.40327168
0.44378485
0.46228181
0.14839246
0.36280795
0.45425537
0.38235589
0.23983400
0.49172474
0.05139085
0.48399673
0.34635600
0.18290776
0.23583100
0.35764086
0.38565934
0.40405364
0.48010982
0.34111264
0.44802904
0.35118231
0.24663065
0.37668988
0.26989895
0.43406100
0.40375719
0.50627601
0.53093842
0.08847833
0.45017814
0.23928712
0.34668440
0.49489949
0.44203679
0.49059235
0.40493536
0.45388494
0.30855795
0.52381577
0.36486749
0.34384348
0.43103821
0.38939708
0.42498193
0.42035825
0.30599351
0.40227757
0.16405441
0.30880854
0.46253017
0.39414497
0.45902725
0.47374721
0.46150210
0.33863242
0.42873043
0.40889332
0.44489631
0.30062406
0.29620268
0.28697955
0.37907311
0.43746029
0.48240521
0.42109621
0.31861533
0.22836523
0.47337088
0.51011848
0.41879004
0.39162922
0.45080991
0.33111758
0.52660609
0.25830887
0.32090730
0.49428947
0.03253713
0.40628126
0.34380589
0.37392471
0.47115061
0.22001283
0.35262554
0.20702443
0.47126799
0.24773617
0.42584846
0.27761032
0.38858488
0.50223955
0.41256099
0.46989679
0.15635478
0.44595555
0.40209772
0.25658138
0.49689950
0.40131452
0.39775556
0.46212385
0.44742255
0.09258794
0.44278325
0.42156737
0.27075194
0.33356719
0.33066616
0.39386318
0.35667404
0.28134916
0.48852058
0.49476185
0.39038115
0.39287491
0.17841050
0.23796132
0.49692701
0.36525911
0.20389316
0.41781341
0.47121128
0.48518404
0.41499749
0.30834355
0.10482745
0.41626154
0.34027172
0.48000661
0.44094137
0.35208348
0.45504722
0.20958543
0.46873369
0.24280652
0.19121393
0.40886892
0.33831329
0.42626929
0.22363844
0.37668558
0.42751008
0.53128685
0.37796056
0.49272123
0.51106152
0.30117049
0.43928147
0.11675590
0.26436483
0.29449187
0.41593255
0.31424889
0.47037583
0.43617616
0.47388073
0.23652129
0.53065298
0.37526028
0.02659781
0.08932249
0.43711385
0.21318970
0.31463136
0.33420071
0.36601367
0.43660001
0.13760517
0.11679800
0.42370310
0.47501945
0.31480271
0.46292431
0.47078689
0.14175142
0.49427237
0.17102319
0.37106861
0.47756429
0.43470242
0.43924530
0.23098658
0.42449674
0.46165265
0.43852138
0.09846287
0.40374770
0.22631336
0.27091478
0.31886528
0.44865091
0.28163310
0.36806603
0.34906536
0.33470982
0.41417682
0.42574769
0.37627302
0.19656433
0.40809179
0.48746600
0.37277720
0.11930721
0.54708002
0.52032509
0.50942540
0.47287078
0.32647339
0.38962614
0.43029736
0.39778856
0.36416014
0.46284954
0.37659701
0.50404543
0.41953385
0.31247743
0.12651296
0.44614296
0.30344004
0.35450569
0.44823866
0.43256352
0.40366945
0.48453258
0.36496176
0.27637201
0.07543565
0.20194890
0.41014012
0.38139418
0.43005367
0.45888835
0.18191093
0.48395448
0.43520641
0.48261984
0.29161322
0.19820741
0.50254698
0.27519163
0.44057885
0.51398569
0.44238951
0.50422479
0.45074131
0.43303656
0.43917270
0.34255656
0.44020012
0.31259473
0.19506367
0.23448551
0.37200248
0.22620977
0.43897434
0.18693527
0.34929298
0.02382345
0.25681467
0.49740132
0.21666252
0.35987605
0.39961281
0.42374175
0.26730799
0.14322903
0.48475984
0.40655847
0.48216047
0.32567403
0.31980928
0.47263181
0.41039724
0.47715543
0.45169425
0.43776143
0.32158892
0.32927971
0.37832761
0.27945616
0.45919045
0.43960975
0.32525751
0.40802162
0.41560092
0.47473373
0.46561000
0.46613301
0.53166552
0.28507750
0.30554577
0.44795235
0.41601469
0.23960894
0.20216173
0.37082851
0.40429820
0.31279726
0.38088070
0.46602961
0.29981811
0.52497420
0.31703378
0.48453260
0.33296767
0.44173073
0.53944519
0.50567129
0.38070363
0.48486466
0.50501034
0.39215600
0.35222010
0.44198248
0.46252393
0.23568494
0.38832338
0.16307673
0.55007111
0.48997569
0.43549709
0.37904690
0.22911002
0.49596039
0.31233995
0.44992437
0.47302969
0.42763724
0.19730856
0.07311579
0.39225307
0.39447655
0.24008482
0.23122512
0.44868284
0.45024254
0.43227545
0.12867278
0.45703421
0.47268077
0.33187613
0.20720168
0.47252096
0.45193920
0.12812512
0.44810430
0.44564938
0.25474838
0.36709096
0.28099632
0.42117238
0.44412934
0.06641233
0.50773040
0.48314610
0.39206952
0.11867205
0.41494283
0.35205872
0.39318023
0.19334385
0.38556133
0.42076275
0.28726516
0.46628516
0.51118673
0.12495657
0.29401701
0.45258959
0.45739660
0.40868374
0.42072035
0.42683778
0.39592093
0.22848189
0.21780618
0.14747579
0.06086685
0.24170086
0.34470727
0.35780887
0.25471129
0.45327234
0.31681049
0.47389747
0.24585875
0.47750259
0.43829556
0.51641952
0.35458636
0.46630199
0.41103473
0.32411858
0.42098426
0.13753785
0.28770193
0.34285533
0.29635974
0.48134143
0.46686534
0.44620181
0.23299189
0.29733627
0.37482977
0.43194557
0.47852220
0.48561261
0.30712642
0.19126668
0.18928861
0.16884150
0.09848971
0.46120252
0.34458598
0.32728793
0.41604686
0.40017184
0.52954058
0.42064677
0.50481628
0.53892975
0.37042182
0.45969535
0.34872533
0.07362774
0.38803743
0.46699652
0.37893875
0.42497204
0.10028892
0.49426611
0.43769136
0.54220723
0.42467220
0.47622362
0.49331779
0.41868222
0.14049485
0.10992879
0.43298581
0.44095739
0.17862099
0.31623959
0.39913429
0.44908260
0.36174263
0.32921585
0.49830815
0.15205636
0.22878601
0.50540416
0.34160125
0.53366080
0.37061855
0.45639329
0.03291078
0.38074149
0.29993539
0.48700134
0.50212954
0.46476463
0.37615595
0.18233820
0.05715755
0.19700911
0.42727161
0.43498241
0.09482196
0.28065854
0.51881367
0.29990773
0.27977783
0.34300068
0.19422153
0.05478465
0.39303142
0.11331875
0.39584917
0.39089496
0.44459814
0.41544419
0.41270982
0.42790952
0.04995950
0.39239542
0.34820842
0.34536237
0.45422852
0.30819336
0.11026949
0.45821851
0.39598697
0.32698842
0.27062593
0.42930570
0.29326466
0.29774238
0.35915486
0.44484495
0.16976969
0.45468179
0.45884942
0.52672140
0.48981631
0.46557891
0.46233929
0.41638571
0.56785556
0.36736867
0.37308584
0.35126592
0.28014472
0.31818580
0.37901081
0.33251313
0.34967341
0.34924816
0.44319279
0.19293502
0.40141071
0.42868387
0.39622735
0.09051518
0.11363317
0.23921848
0.22132135
0.23566885
0.21726120
0.43905143
0.34942903
0.39434832
0.37350018
0.42358111
0.18509596
0.44478245
0.40003507
0.13354465
0.05354307
0.22045819
0.48717378
0.33848683
0.45393948
0.46260134
0.14159650
0.26515628
0.25788931
0.44125017
0.29612616
0.50198126
0.34818294
0.38806774
0.45867089
0.38512460
0.11704247
0.15586038
0.40841041
0.30815501
0.36584696
0.46318830
0.51435640
0.36161132
0.47195950
0.46670262
0.41088270
0.42162359
0.52006458
0.40000361
0.26084818
0.40550528
0.42393108
0.22679962
0.35545823
0.39433511
0.41848266
0.48114273
0.04805944
0.37083656
0.47129054
0.48368792
0.20752342
0.21066965
0.51745284
0.38607754
0.31580249
0.44140800
0.50794492
0.28344025
0.39125135
0.22843089
0.37938881
0.23935118
0.38471676
0.40872944
0.15557108
0.42360875
0.42676029
0.27280226
0.36918076
0.18988237
0.43101194
0.40653382
0.37009030
0.42198486
0.50510234
0.41547424
0.37700227
0.43112475
0.41274761
0.38218693
0.40990123
0.15816490
0.39105092
0.35387544
0.22703894
0.12524520
0.41943272
0.41227040
0.29485656
0.35322351
0.32478506
0.48320979
0.49477450
0.42821864
0.40659681
0.46406583
0.30990852
0.39118891
0.46958546
0.17403344
0.43646476
0.38402733
0.48459939
0.07944283
0.53301897
0.32997923
0.29579478
0.27850595
0.12816749
0.50236891
0.32329878
0.03347654
0.35902402
0.42316021
0.41554281
0.42188871
0.40143795
0.52340577
0.41629809
0.25042883
0.43515814
0.42589486
0.16606276
0.31134034
0.36330188
0.41506798
0.41311919
0.47780600
0.47552691
0.45546372
0.41233334
0.45999586
0.30677195
0.09193041
0.45272447
0.41435877
0.47204970
0.46130908
0.47039062
0.35504185
0.44693666
0.49600660
0.47049587
0.30923680
0.14709769
0.20684807
0.43397876
0.15320309
0.09895626
0.31019641
0.40817061
0.35802563
0.26989023
0.41493153
0.43463177
0.33412309
0.55832616
0.36134342
0.42958796
0.29345671
0.33112811
0.14839691
0.48809061
0.49543094
0.47440718
0.27401500
0.19857315
0.44979267
0.47376825
0.44571670
0.28704947
0.40498172
0.52595427
0.47256276
0.29797107
0.41151242
0.45357222
0.46663793
0.48548327
0.33657382
0.41368771
0.16798418
0.49625491
0.11982981
0.43737193
0.44767499
0.41881200
0.30603866
0.25286400
0.29582588
0.14841368
0.42593363
0.31271244
0.43560263
0.41730170
0.22106345
0.27787025
0.27987327
0.53555477
0.46082789
0.38265768
0.14628323
0.50459951
0.46151704
0.43180576
0.14560015
0.40453106
0.23503745
0.39012725
0.31521527
0.35559404
0.38614611
0.44835968
0.41193133
0.43170268
0.22628699
0.39263537
0.39505671
0.50465687
0.41587586
0.20028338
0.52885737
0.33045060
0.45244634
0.49978932
0.00967563
0.49666180
0.44761375
0.50860600
0.32418900
0.48645143
0.37824919
0.48188244
0.44486762
0.26929104
0.27360501
0.42149054
0.51698064
0.18774714
0.26159535
0.48318843
0.49179550
0.40006174
0.48496637
0.18880635
0.49025489
0.35222828
0.23574921
0.33402167
0.42130610
0.45324528
0.40302085
0.41769981
0.52456293
0.40041907
0.37469736
0.38816868
0.45538173
0.51168441
0.42006659
0.26428646
0.48982017
0.20010802
0.25744414
0.16820692
0.40251394
0.37216350
0.39644539
0.24611075
0.49318923
0.37712937
0.46412193
0.39475691
0.33470176
0.46357828
0.41698300
0.21804429
0.36420109
0.11682515
0.54786180
0.38214318
0.36244145
0.40380016
0.41738079
0.29004814
0.47705079
0.49744034
0.25902598
0.33780620
0.44032356
0.42215166
0.36109441
0.45307861
0.43174357
0.37870061
0.35780871
0.42975794
0.24438309
0.19015439
0.32848110
0.48768120
0.36946852
0.32392179
0.36819908
0.25857355
0.30108382
0.33935588
0.48111576
0.17207312
0.27013837
0.31788115
0.34152989
0.39944536
0.50180807
0.48166344
0.37989518
0.39487625
0.31354840
0.05192818
0.36402998
0.29430197
0.39528530
0.53079764
0.36037031
0.15210886
0.35314351
0.48927037
0.18950114
0.43311329
0.45088754
0.06993606
0.36033103
0.24893004
0.31008962
0.42068906
0.39524839
0.45994222
0.49758815
0.52316269
0.44517864
0.43170708
0.37861731
0.46221805
0.12332423
0.51016326
0.04653020
0.35745601
0.27680115
0.33820640
0.45606283
0.43949008
0.41658991
0.13200696
0.41758863
0.09469512
0.50056297
0.50062496
0.43629083
0.28601025
0.35131279
0.35531619
0.43360542
0.39927909
0.19189845
0.40514025
0.23842316
0.36576362
0.36307630
0.13714523
0.35305153
0.48100669
0.41796854
0.38816487
0.35565153
0.30473348
0.34813742
0.44466628
0.43793301
0.42242680
0.28731425
0.35913593
0.26263403
0.44134346
0.43808879
0.50637057
0.49981923
0.50958571
0.45690529
0.41379018
0.33564257
0.31184699
0.44336387
0.32256144
0.29716528
0.35454432
0.44902286
0.31894252
0.30713914
0.32787826
0.38260665
0.41632724
0.41133943
0.49164610
0.42449948
0.45051912
0.49883907
0.45982769
0.48177021
0.21642997
0.24690254
0.34689876
0.47390018
0.37788092
0.48073534
0.47620079
0.35923513
0.47320525
0.34806958
0.34370676
0.14981531
0.37930080
0.44143096
0.43377376
0.38540549
0.44804986
0.27880886
0.44580802
0.37761613
0.38750536
0.35207663
0.35634954
0.40810635
0.48652756
0.44427185
0.39135339
0.42172919
0.42930102
0.44918844
0.28766425
0.35469245
0.33372649
0.40376739
0.41019308
0.24307714
0.31921123
0.28707541
0.43496553
0.51759061
0.36700393
0.18894135
0.36992322
0.14199473
0.48316922
0.42450697
0.32823655
0.30783709
0.39518245
0.30047889
0.47959344
0.36753595
0.43611336
0.25893822
0.40041779
0.43680543
0.08174370
0.31280340
0.27131987
0.36774157
0.50060626
0.47425342
0.48952646
0.35877642
0.28060625
0.45041555
0.36185396
0.34754409
0.42021973
0.30795021
0.39317266
0.44048153
0.30112834
0.44585122
0.16394819
0.40675833
0.29276669
0.24932671
0.37648250
0.36880942
0.50714932
0.18200716
0.39790980
0.46178892
0.48880050
0.49285586
0.35498799
0.46120996
0.41361012
0.39202209
0.28791831
0.31164765
0.40324182
0.42316013
0.45428220
0.22650245
0.41171764
0.29098168
0.00913354
0.44266697
0.24669515
0.37326094
0.41836557
0.31729746
0.40480734
0.49169076
0.29610107
0.32429080
0.33728597
0.32850391
0.43355175
0.28484983
0.24185254
0.45054452
0.20503935
0.40709411
0.47192051
0.45522339
0.41509410
0.37288399
0.46136104
0.48274590
0.49252448
0.41169493
0.32525777
0.24297864
0.49317738
0.05213232
0.40150446
0.21058338
0.38964771
0.39652056
0.43520322
0.39048525
0.32107768
0.40404100
0.13908688
0.26754100
0.36209121
0.40562853
0.35258857
0.34948954
0.42772613
0.34183984
0.26622310
0.20383176
0.41248016
0.43153365
0.02249054
0.37723343
0.48537428
0.42099693
0.37348161
0.52283975
0.31113326
0.50540493
0.42490371
0.24855855
0.44798544
0.16723708
0.44175263
0.29243518
0.36826288
0.25875399
0.44857632
0.32673077
0.35979651
0.34831180
0.25202104
0.39969245
0.45925432
0.41686457
0.42587308
0.48649316
0.38434739
0.35483704
0.42918499
0.41696714
0.05964201
0.41893688
0.35483090
0.20158726
0.08646363
0.45346669
0.42692356
0.50346096
0.50664612
0.42852330
0.40380165
0.41263289
0.48834786
0.34179236
0.28828155
0.39497584
0.48442698
0.50155917
0.45769118
0.42760321
0.36929767
0.47152142
0.30314534
0.45700775
0.46335793
0.18548945
0.40905904
0.33986437
0.11387103
0.42155539
0.30894882
0.38597842
0.41247786
0.03264186
0.42147219
0.24461322
0.42338449
0.44857962
0.37368533
0.28497947
0.37931668
0.41035295
0.22825096
0.44710557
0.48714139
0.46858873
0.26977807
0.26632659
0.37987154
0.45682680
0.27105878
0.44040311
0.29724704
0.51628065
0.23151891
0.41069766
0.19136918
0.36777248
0.35763613
0.39302528
0.37929315
0.44095949
0.35686938
0.09608885
0.35617870
0.32065549
0.16027084
0.48147005
0.36224129
0.31100840
0.36195956
0.41101246
0.27187829
0.45624504
0.31697142
0.32918239
0.31133511
0.43172841
0.43001335
0.27500927
0.48956084
0.38048842
0.42720840
0.42243650
0.45182258
0.50634550
0.39182121
0.28343476
0.34149457
0.41922936
0.30703707
0.32099396
0.39613714
0.31885007
0.40110413
0.49702807
0.46689501
0.44505999
0.35079997
0.32758953
0.43641478
0.40240331
0.28314839
0.40266372
0.40807267
0.25865776
0.36903751
0.41370572
0.44276572
0.35062771
0.15700614
0.44593110
0.36028801
0.06506655
0.32591713
0.43027563
0.39113163
0.46156158
0.05599018
0.33084672
0.35163336
0.36909166
0.00954630
0.34719503
0.07410772
0.27869979
0.42085065
0.21685579
0.07821141
0.46646631
0.38089894
0.31731180
0.34703659
0.28593459
0.32481184
0.09708296
0.52883632
0.29711034
0.35193953
0.47176622
0.14553497
0.48468592
0.41554972
0.25228034
0.48847818
0.37179306
0.48494273
0.37279004
0.43207332
0.32314626
0.42491635
0.42921644
0.29893395
0.04726077
0.36102538
0.29597227
0.02772497
0.46924286
0.44354208
0.44398964
0.49386403
0.27839030
0.47224926
0.37413410
0.41217853
0.43013748
0.42230140
0.33442370
0.45268377
0.30663644
0.51006588
0.48470724
0.27795655
0.42741440
0.52961072
0.38940695
0.42750927
0.36696131
0.15408180
0.02687142
0.45263374
0.51420635
0.44513506
0.47974885
0.46701668
0.23814763
0.33439263
0.23057040
0.44740453
0.40181878
0.17644325
0.45548137
0.46195025
0.46490355
0.49227885
0.40694799
0.29734853
0.27762435
0.09966192
0.31434353
0.13974982
0.40976669
0.44037044
0.45699988
0.46195388
0.22665714
0.49070656
0.39844326
0.46404350
0.09611104
0.35586339
0.16718669
0.23085025
0.46990155
0.47443904
0.45537974
0.41319638
0.30953278
0.24830105
0.48118656
0.50222207
0.41146596
0.08009092
0.21131315
0.50119720
0.44801602
0.30057562
0.12918521
0.00075179
0.46024212
0.48546762
0.21535165
0.35927598
0.35720565
0.25775811
0.36569062
0.34495167
0.21206971
0.28607320
0.41986056
0.08875930
0.45025005
0.45424201
0.36871885
0.41960500
0.47899034
0.39944950
0.48564962
0.35671034
0.40410959
0.33927389
0.43340371
0.31620030
0.18701494
0.36218501
0.32075601
0.44011452
0.50543403
0.41722041
0.07972423
0.40324325
0.29653148
0.30354263
0.44479266
0.18338899
0.45283531
0.48290779
0.51431724
0.48723503
0.41967324
0.33434915
0.48081043
0.27007798
0.39860203
0.45182967
0.00511773
0.34012654
0.35270872
0.44007101
0.36064049
0.39316096
0.47797265
0.48478338
0.07728897
0.39891288
0.41386377
0.36272201
0.44087438
0.09748816
0.34973842
0.31153988
0.43305143
0.41880971
0.46107242
0.45449048
0.34409559
0.23783924
0.46779378
0.36723427
0.39565774
0.11200128
0.40526295
0.41020921
0.44764234
0.45725347
0.46917963
0.36455643
0.35288449
0.32018204
0.42707715
0.40504066
0.36552017
0.33309001
0.46018883
0.11706378
0.42513199
0.43550714
0.15108477
0.38790061
0.30260479
0.38510181
0.38289645
0.40224636
0.43698327
0.52289322
0.22925973
0.37325649
0.45751121
0.42829724
0.42383294
0.24297451
0.50652937
0.46068633
0.37602502
0.41128852
0.05106598
0.45158862
0.37149684
0.36259064
0.39288294
0.39504160
0.48011980
0.12372933
0.38575081
0.42751251
0.40592038
0.48924868
0.51110289
0.40978695
0.15737296
0.48263705
0.43229441
0.41776081
0.29161885
0.46407855
0.13431942
0.04559269
0.22568065
0.48160836
0.40498562
0.11137676
0.41662398
0.09500655
0.40971718
0.49968122
0.39622686
0.37570776
0.20817277
0.42154650
0.24493169
0.40696253
0.19174325
0.29954630
0.29379538
0.37087669
0.03473726
0.46773197
0.40376648
0.40438431
0.38589085
0.02032135
0.02590706
0.24003117
0.27181232
0.36384686
0.32611079
0.44599499
0.50020961
0.35088919
0.36454463
0.37866605
0.14913963
0.42617363
0.47838007
0.29503509
0.03373371
0.45878826
0.42390331
0.34628721
0.36991181
0.13667974
0.39283993
0.31216594
0.39260399
0.36481063
0.46955125
0.31465544
0.39517910
0.02040709
0.46467893
0.28724881
0.20062498
0.39420761
0.35927390
0.46518096
0.48807447
0.13696150
0.43624995
0.37065977
0.19894439
0.37752173
0.45863969
0.23402930
0.48004610
0.14271740
0.33638570
0.31522461
0.46768033
0.46947260
0.15890944
0.27620275
0.47746281
0.45909155
0.16870396
0.48555610
0.38733952
0.50579558
0.34711169
0.47379846
0.41298542
0.30960358
0.48558702
0.09881595
0.50633210
0.24610729
0.32971697
0.48436059
0.48318826
0.13085192
0.26679805
0.49794792
0.36911124
0.30061038
0.23894128
0.42966909
0.37186877
0.39817329
0.27709104
0.49392502
0.18729578
0.42274744
0.16817629
0.31674954
0.43990541
0.48191367
0.45549305
0.32387896
0.39292430
0.41208257
0.46744246
0.46000708
0.42766374
0.20179108
0.39871243
0.12298102
0.36696394
0.37735066
0.43118794
0.21730694
0.39933940
0.49411254
0.42346954
0.50417290
0.50278547
0.47390350
0.23420745
0.36000422
0.47281825
0.14426298
0.49451611
0.45694180
0.49188652
0.17192888
0.34968812
0.43102943
0.42232759
0.40367636
0.45934219
0.08149159
0.50385406
0.44976235
0.41569312
0.39528537
0.37192891
0.39017656
0.45893753
0.44719911
0.16265064
0.16653222
0.52356183
0.34812967
0.40702550
0.49546058
0.35820418
0.47799442
0.27834122
0.39201258
0.33207910
0.06754144
0.31903894
0.40221471
0.40893672
0.40299769
0.19566573
0.27381128
0.44224183
0.34297525
0.46705022
0.43730908
0.31283476
0.40356047
0.20370282
0.05902218
0.26405671
0.47057984
0.28244250
0.37949722
0.34444436
0.43052902
0.51488059
0.39522840
0.41892822
0.22110305
0.30996689
0.31470596
0.45768345
0.43495456
0.35037171
0.16554709
0.42014278
0.12956282
0.41595293
0.32287453
0.37204109
0.51610786
0.37778345
0.53646475
0.41006452
0.20910731
0.42524925
0.41450317
0.14917394
0.37215801
0.54356464
0.35108892
0.10231279
0.43900166
0.08875423
0.11932660
0.50972701
0.42049584
0.42541366
0.16202200
0.41773671
0.12061383
0.47826590
0.48486148
0.34648498
0.21695813
0.43363961
0.35823536
0.51695908
0.05053583
0.46720126
0.23591414
0.38759229
0.33352117
0.48337925
0.33136159
0.45868745
0.17134362
0.23807278
0.38926750
0.38476170
0.38975773
0.48431109
0.42058404
0.43784366
0.45572942
0.52336001
0.43313184
0.46326839
0.42868654
0.08819896
0.30273336
0.20475768
0.44200014
0.43126131
0.33887315
0.39956273
0.28404353
0.01475529
0.28465514
0.49912513
0.41613172
0.49737749
0.49767838
0.38049311
0.33401898
0.37094016
0.49219577
0.52756875
0.41691458
0.20661401
0.11533269
0.42382963
0.38498563
0.15617927
0.17222123
0.45255964
0.36288509
0.50792775
0.26706510
0.00144797
0.47789644
0.50557165
0.45253782
0.38000577
0.40904135
0.45976494
0.33679896
0.48070172
0.10448094
0.33838647
0.16475386
0.43144046
0.32985761
0.51575497
0.33802756
0.41862906
0.46002752
0.44600764
0.51297396
0.01654614
0.42167345
0.31308080
0.36906751
0.23271153
0.46949103
0.48790065
0.35906012
0.38424328
0.46905861
0.32232626
0.05217559
0.44987282
0.34475109
0.39950259
0.40946438
0.36840137
0.49120913
0.37701966
0.48236682
0.37820413
0.41476004
0.34912567
0.07418965
0.28767363
0.41024736
0.45477219
0.10927229
0.44172579
0.46746793
0.30672219
0.48813862
0.32976784
0.24817788
0.28169202
0.46790010
0.32446677
0.27619578
0.08705097
0.30322650
0.30208251
0.52599265
0.51866358
0.46604377
0.45138433
0.48438975
0.19312668
0.44630128
0.44450478
0.43359624
0.49720539
0.35170488
0.14641115
0.47883735
0.37904947
0.40481346
0.32663425
0.47704669
0.01860860
0.43138944
0.46977828
0.34922391
0.47286342
0.43330923
0.37869968
0.21439482
0.39112610
0.46998768
0.40805137
0.38176604
0.44037923
0.29556940
0.47424848
0.28640496
0.49039680
0.34121911
0.08819298
0.44071225
0.10121610
0.34220292
0.44635238
0.50617251
0.49491618
0.12933419
0.39716963
0.49969394
0.43199620
0.40061119
0.21487608
0.36533939
0.30147234
0.45222472
0.48611715
0.43076516
0.43883453
0.49975577
0.47341109
0.15701200
0.49694285
0.47625802
0.36213248
0.45370845
0.36207324
0.42342239
0.50225003
0.49594945
0.31712314
0.39549542
0.07849091
0.37907848
0.36732887
0.06459932
0.46200292
0.35561251
0.41796104
0.46191832
0.39085508
0.21982251
0.48791961
0.37525070
0.45845566
0.48442704
0.39600221
0.47088301
0.49410725
0.36112607
0.39625782
0.34936634
0.47586235
0.16827589
0.29461836
0.31025352
0.32111482
0.45697276
0.27707137
0.45759403
0.48404321
0.54627562
0.34877605
0.40919403
0.23606305
0.38133812
0.44656557
0.41618100
0.19254481
0.41151994
0.20714694
0.27305289
0.49356014
0.37137978
0.09236528
0.40186640
0.40940563
0.50731878
0.38296449
0.35737171
0.37241639
0.25331287
0.44882854
0.46994470
0.49199335
0.42616887
0.38652324
0.20303130
0.48556312
0.53816238
0.38321306
0.40241440
0.22255600
0.26869659
0.19000897
0.49675217
0.44213512
0.47882126
0.40437048
0.20566184
0.47981190
0.31462580
0.51957453
0.37216839
0.48397281
0.43928838
0.34782347
0.41686659
0.25370709
0.35290143
0.18324949
0.54682671
0.14094583
0.36304541
0.07247569
0.45735257
0.13869832
0.39328534
0.24237453
0.45626786
0.14469447
0.31265721
0.39338757
0.21940111
0.48052879
0.42659080
0.52006368
0.29878519
0.35367992
0.54217227
0.53773823
0.42381405
0.31751662
0.48404940
0.11208011
0.40152014
0.41550190
0.37966090
0.34903696
0.34008905
0.15885855
0.50260694
0.49283757
0.44229225
0.38146079
0.25256607
0.29161555
0.30179876
0.45214830
0.12582889
0.47275146
0.39657152
0.27934236
0.36769089
0.34785104
0.44870821
0.12750779
0.38389355
0.37815713
0.46220318
0.34019938
0.42237682
0.40964622
0.34698066
0.41799927
0.37627137
0.10181120
0.45300755
0.26560748
0.21888735
0.44136235
0.41556286
0.38652391
0.43561731
0.37026640
0.42003874
0.45806074
0.27025604
0.41915352
0.32437491
0.43392434
0.45765050
0.45658756
0.00160962
0.37304908
0.10540599
0.46712576
0.07020086
0.45866161
0.20377159
0.44906039
0.47381890
0.38627660
0.42976193
0.24985099
0.42414327
0.48885553
0.23188148
0.41165399
0.44371055
0.45348062
0.45628741
0.40380064
0.38323825
0.37956519
0.37965281
0.24476208
0.42774141
0.41405372
0.42532230
0.45413820
0.31063719
0.40570759
0.23577945
0.50577573
0.44767316
0.44647080
0.39798072
0.33279026
0.47109281
0.24591909
0.47798863
0.45236937
0.42243974
0.40824457
0.22031958
0.43003765
0.22505393
0.36215014
0.49271099
0.20741630
0.17469065
0.31741086
0.41341993
0.43202933
0.44941383
0.32371468
0.43883520
0.45359683
0.43414767
0.37432886
0.47591192
0.51712175
0.46555390
0.41647095
0.31602786
0.31059897
0.35778268
0.25537120
0.51076299
0.52614900
0.39394146
0.24097464
0.42031420
0.29099864
0.17441088
0.34168532
0.41693343
0.47413434
0.43565262
0.52728177
0.35137927
0.21646294
0.29268406
0.42917123
0.16858349
0.15843513
0.28491848
0.46564774
0.46157698
0.36063981
0.35160610
0.48534094
0.33328012
0.43239609
0.35169488
0.44448102
0.22667305
0.43309560
0.33392577
0.42890991
0.50376156
0.31069623
0.36748716
0.31994748
0.40243140
0.29140246
0.37119052
0.32138250
0.33074637
0.44972831
0.33858702
0.34384040
0.45478165
0.31820343
0.43014530
0.40521957
0.13893266
0.29723303
0.17838146
0.28049377
0.01794110
0.42963135
0.31110400
0.10936333
0.47735262
0.45499298
0.46419878
0.19514242
0.37933398
0.39668539
0.47505993
0.41267485
0.50853200
0.37219553
0.39600297
0.44190222
0.46772725
0.37899935
0.37888625
0.41024212
0.51862438
0.37749721
0.31354904
0.48843875
0.42103116
0.41137935
0.27040581
0.25515439
0.30401749
0.40958830
0.49539466
0.17180031
0.54084201
0.35639209
0.33765359
0.42518693
0.49919742
0.40732011
0.34119616
0.21618970
0.38823458
0.11655161
0.48367669
0.28760940
0.44222563
0.26847362
0.16478493
0.40228682
0.36319060
0.30119993
0.46230912
0.24026110
0.43581865
0.44084598
0.46384797
0.19355200
0.30868119
0.32973419
0.35157161
0.44362356
0.35606562
0.30222904
0.39095358
0.35232315
0.47213312
0.43155179
0.44067082
0.44090392
0.36261826
0.27213204
0.34542036
0.44100491
0.40924885
0.45331869
0.45537149
0.22241466
0.14511252
0.44465543
0.18530849
0.28972711
0.47288131
0.29537724
0.41087448
0.52147890
0.40995690
0.46947013
0.48183535
0.51634336
0.41517998
0.49267304
0.29868604
0.37642616
0.22045775
0.46295612
0.49113685
0.43140832
0.43919929
0.39039933
0.23264479
0.41516472
0.11006290
0.46121279
0.43978343
0.44814401
0.42068304
0.41405694
0.40351378
0.30545358
0.26009561
0.50676850
0.27121698
0.26465171
0.47032899
0.42112732
0.42266131
0.38094963
0.52150555
0.44361689
0.48926229
0.32563220
0.44566698
0.35985893
0.32931056
0.35421200
0.38070154
0.49640714
0.48656097
0.50630778
0.25088513
0.45076566
0.48374351
0.36240333
0.33188918
0.35486242
0.50613229
0.29552376
0.36389395
0.24705753
0.41083525
0.40532263
0.25856068
0.26596351
0.41572035
0.09597945
0.43003124
0.39082312
0.39270383
0.49818763
0.40580517
0.47016351
0.46099863
0.32972785
0.36259891
0.44362259
0.46107699
0.41934191
0.12326915
0.48492618
0.26561033
0.36776553
0.03446737
0.47784152
0.36648464
0.43278990
0.47530888
0.40503596
0.52570415
0.31738144
0.49052970
0.50287732
0.35515928
0.36321093
0.34037193
0.42425489
0.46424973
0.24186847
0.39696920
0.31867831
0.17728294
0.29523833
0.34560080
0.34059531
0.42932801
0.48166551
0.32111809
0.42612944
0.46521810
0.31221922
0.13596069
0.31906365
0.22094563
0.29109533
0.42413765
0.42207664
0.16845440
0.27366508
0.44673931
0.45591412
0.50343713
0.14076386
0.32534216
0.13935616
0.37943164
0.43583272
0.52786553
0.41822429
0.50101422
0.35948505
0.19564120
0.47519065
0.42002783
0.41582949
0.46059102
0.42037268
0.40009328
0.32912596
0.22969092
0.44377455
0.43230296
0.48448731
0.42641418
0.37574760
0.42104594
0.19478552
0.30528364
0.44775865
0.42996439
0.19357079
0.33163537
0.37260164
0.38120271
0.21436533
0.19539458
0.38093817
0.46483632
0.52112610
0.40518301
0.19711171
0.40225436
0.46331777
0.13158113
0.39022202
0.47373458
0.42214271
0.38577805
0.51558047
0.49960379
0.42532337
0.25214239
0.37829898
0.27325287
0.51038386
0.36194733
0.48416165
0.36256026
0.41440518
0.47263066
0.40330279
0.45693165
0.40861427
0.42857879
0.52100908
0.17563463
0.46944715
0.45735695
0.51307365
0.11523921
0.28212626
0.48106564
0.24032230
0.44700498
0.44366657
0.46516514
0.42331616
0.39632347
0.49203860
0.45153827
0.29719509
0.39130282
0.52908534
0.34435760
0.49479323
0.43519870
0.33667370
0.40297013
0.18151155
0.23134847
0.47578731
0.37018991
0.51444412
0.30805644
0.41313009
0.38291198
0.30450652
0.28334693
0.40573732
0.48680260
0.42742827
0.46117945
0.35302515
0.23061173
0.39025431
0.47967349
0.44334058
0.44588569
0.41593146
0.29922972
0.46101895
0.45499801
0.42154217
0.26644948
0.50898771
0.44957518
0.32592496
0.20025721
0.31311059
0.25763872
0.37291059
0.20230103
0.45728911
0.40996837
0.30655441
0.45142254
0.38037814
0.29919030
0.32960380
0.20881547
0.39753557
0.50513463
0.43265242
0.43357019
0.48564527
0.46472988
0.27219960
0.36062130
0.40167375
0.30205820
0.42420368
0.38669617
0.33136425
0.50069009
0.13262619
0.33198417
0.48568652
0.46678957
0.50745235
0.25003021
0.14522749
0.25508342
0.40247303
0.48968085
0.02906871
0.52772808
0.38258274
0.33537737
0.12903892
0.36419375
0.37927803
0.32300783
0.40289572
0.35952376
0.45748272
0.39856580
0.39802575
0.00081195
0.20768259
0.31972432
0.26193617
0.51244601
0.29299220
0.43611232
0.38737608
0.43912120
0.39148315
0.33412746
0.34580867
0.51520256
0.51285608
0.43682418
0.40032643
0.37043903
0.30115120
0.47896003
0.08975559
0.43811813
0.51165955
0.38631971
0.22956261
0.33664490
0.10637074
0.48218655
0.29794191
0.42693115
0.16413346
0.35785488
0.25485293
0.32968251
0.36978889
0.33705473
0.41002054
0.45515363
0.35631152
0.22745567
0.49884819
0.50265400
0.25269507
0.45995551
0.37915827
0.14893584
0.36107992
0.32984290
0.32668465
0.29431951
0.45372238
0.50751345
0.37968476
0.03752594
0.32781722
0.46911643
0.25467870
0.37995023
0.40345742
0.25074469
0.50004361
0.38898084
0.48988511
0.40426981
0.50882209
0.35143011
0.13331806
0.51596556
0.38436827
0.37470742
0.36941268
0.52268319
0.05190268
0.49043977
0.38901439
0.47047692
0.43812552
0.38196061
0.36585750
0.13497975
0.43615715
0.47178407
0.22526725
0.44641071
0.39803668
0.45164729
0.43738048
0.37909430
0.05704771
0.47946823
0.35874844
0.18691344
0.31605443
0.43663696
0.34537082
0.36016598
0.44719522
0.44739339
0.09514394
0.31264959
0.40689443
0.45348609
0.22843991
0.44217031
0.21376390
0.42877436
0.44739192
0.36905406
0.40435248
0.27142307
0.40211049
0.38850364
0.34887329
0.36581739
0.15515815
0.47546432
0.42932569
0.30190344
0.44565435
0.40364277
0.34522070
0.45460479
0.29239666
0.47581238
0.35005867
0.29480681
0.27490067
0.31850510
0.34316582
0.27346585
0.45840143
0.12567070
0.25622724
0.34418982
0.43669632
0.32009710
0.34730511
0.42791600
0.39375676
0.31033691
0.20930916
0.48438363
0.38813217
0.24607575
0.41617199
0.27566952
0.50332700
0.54650374
0.36167419
0.19380669
0.37458218
0.48880009
0.50400808
0.18313326
0.32206078
0.27493148
0.50157433
0.46749130
0.22218511
0.43446779
0.21466453
0.37217173
0.05850512
0.46483144
0.33320055
0.49041531
0.50449655
0.15274498
0.26415862
0.43762796
0.16146118
0.51163695
0.02288680
0.02183122
0.49798202
0.45147573
0.42739430
0.17309462
0.42723299
0.26466803
0.32242066
0.46683380
0.15958969
0.37275464
0.46187019
0.03406414
0.31690788
0.35696748
0.35748159
0.27099443
0.27309372
0.36432368
0.37920052
0.34163158
0.15385292
0.26088792
0.43497897
0.44385950
0.34000757
0.48313655
0.40358617
0.49052108
0.16381159
0.43851144
0.39457414
0.36799216
0.35083530
0.31272239
0.18608794
0.14881514
0.44443664
0.23001618
0.22834853
0.51041368
0.45260193
0.50975437
0.50874478
0.16885059
0.45988264
0.39860330
0.49369970
0.43616679
0.36636593
0.33439131
0.48638063
0.44011247
0.23324075
0.39867924
0.30220016
0.42025032
0.44193108
0.29559969
0.27804694
0.32599518
0.37156391
0.48941644
0.36239447
0.44264511
0.50550138
0.43074536
0.48001723
0.43967565
0.09432063
0.23703823
0.21749663
0.40637192
0.40537670
0.38063375
0.41707409
0.47132976
0.41751876
0.51725701
0.37695959
0.15904584
0.27795642
0.40809171
0.43197835
0.43319076
0.49470847
0.29730359
0.51013265
0.32516790
0.14739765
0.25833970
0.43423858
0.39926842
0.20184678
0.32239499
0.41805183
0.42369963
0.32849617
0.44889801
0.38531338
0.30253848
0.40154675
0.40507971
0.36246205
0.35990565
0.45931229
0.36109312
0.50652656
0.30046039
0.43195554
0.24355446
0.39669987
0.32764827
0.41911923
0.29636464
0.41755104
0.44433204
0.21599422
0.33632298
0.43352005
0.26188527
0.42578611
0.48308524
0.55041966
0.47204902
0.34527782
0.41125592
0.39336707
0.49900344
0.45493286
0.44206541
0.53093086
0.37423681
0.43767154
0.40583190
0.46795511
0.40401882
0.03536477
0.43925408
0.42678149
0.51592696
0.37125848
0.36641289
0.41326001
0.46084691
0.42007977
0.43025643
0.40036425
0.40192826
0.30647104
0.27806228
0.51606009
0.40597718
0.37004117
0.38277773
0.43842979
0.44346742
0.36431459
0.06877066
0.46131320
0.38422243
0.29800982
0.49902523
0.49151431
0.17977680
0.35057257
0.40234391
0.09623413
0.26960537
0.40377486
0.29814116
0.33334817
0.46263310
0.44860283
0.55834327
0.07208023
0.44517709
0.44360292
0.40382532
0.42892810
0.03667646
0.41880010
0.42425689
0.40934116
0.42664571
0.41406151
0.40708984
0.43522250
0.29702866
0.49193450
0.47354190
0.49023851
0.18266761
0.41725488
0.45926476
0.27961769
0.39264115
0.26807759
0.41179154
0.21912343
0.43117978
0.47105962
0.36869259
0.39148717
0.47205497
0.45831046
0.41519601
0.51297821
0.22448856
0.15552962
0.17044295
0.16558506
0.43051575
0.43392674
0.44062504
0.37116042
0.48112321
0.24376643
0.43100193
0.37443487
0.45410932
0.38644662
0.20701613
0.28918889
0.41592983
0.50313048
0.39127345
0.31168881
0.42638499
0.41236871
0.32815236
0.38267483
0.48620154
0.39079247
0.51847704
0.44185331
0.04661870
0.37431267
0.36441385
0.24579546
0.42306543
0.46617485
0.49748140
0.41542798
0.43460605
0.40510052
0.11437830
0.48850169
0.48933948
0.14384178
0.35940366
0.50318393
0.30985049
0.46260635
0.48255566
0.18248674
0.31205158
0.41907632
0.21739102
0.50476177
0.36985267
0.42685581
0.31375904
0.39462038
0.39660439
0.02478929
0.28249276
0.06294609
0.49561227
0.19205386
0.39244834
0.49079043
0.42802042
0.43389460
0.30710156
0.19373446
0.01129369
0.33716445
0.50871657
0.27014896
0.45837777
0.42375389
0.21957979
0.43798570
0.36920595
0.29225461
0.43570221
0.48717443
0.46918143
0.41357704
0.33720501
0.24771551
0.16087080
0.28404984
0.19691979
0.43394951
0.47111895
0.41697710
0.42858889
0.48908128
0.47004896
0.25627710
0.44780656
0.42730529
0.17971851
0.38000984
0.34393815
0.50033738
0.28408523
0.29265936
0.40871195
0.46592544
0.38954387
0.34498724
0.40731379
0.22549141
0.22172233
0.41987768
0.46332929
0.46804896
0.34877093
0.28806533
0.42000708
0.35735005
0.41804885
0.50086205
0.10680346
0.07885473
0.39048668
0.40641295
0.46979034
0.47999715
0.38250510
0.44485928
0.49835587
0.29931638
0.40230846
0.38307526
0.44735282
0.35052214
0.44839396
0.40595832
0.48353746
0.40829738
0.45391548
0.45074652
0.41551078
0.48701603
0.39972416
0.42769928
0.37909544
0.01727644
0.40924537
0.36672390
0.39012063
0.45504690
0.44710654
0.41764828
0.27053749
0.42684065
0.26271528
0.38558173
0.31212294
0.38561941
0.34924012
0.41621881
0.20525858
0.15930282
0.42836953
0.33513318
0.39900224
0.40570052
0.40449538
0.46787451
0.15742641
0.02928254
0.29184094
0.24801509
0.21399404
0.15518685
0.40056715
0.38897879
0.39339516
0.30798298
0.32285816
0.45208786
0.46658806
0.42585198
0.46082289
0.42027886
0.25941727
0.48888725
0.19207069
0.49143539
0.30356595
0.47431082
0.50827068
0.50282779
0.39252493
0.48612338
0.38622105
0.41174081
0.32211699
0.27556002
0.22207597
0.30990741
0.19700649
0.30611478
0.31485446
0.33535403
0.39034325
0.45417425
0.28824556
0.40921739
0.35300910
0.35137173
0.49501080
0.45442417
0.46740878
0.31365071
0.18368291
0.34563351
0.43633006
0.42549566
0.46466126
0.38983814
0.46646314
0.45330352
0.46773102
0.45304533
0.44318366
0.39738543
0.46206892
0.42637419
0.15065053
0.51126070
0.55446662
0.49456506
0.43748373
0.42360718
0.14096159
0.32575047
0.22008238
0.46508234
0.40509589
0.44811564
0.47708632
0.42467533
0.44832134
0.44637719
0.45651075
0.13628851
0.42136239
0.07166696
0.23602289
0.16847656
0.23502265
0.44196508
0.43047464
0.17692487
0.35720571
0.27387007
0.13812877
0.39563423
0.37005853
0.46495057
0.31998277
0.43768320
0.35366798
0.22585187
0.50978222
0.44201603
0.39037824
0.26597946
0.31561543
0.44731394
0.46751839
0.45037176
0.31125452
0.44026668
0.44759126
0.37520368
0.38642104
0.22482379
0.29971956
0.22150886
0.14338135
0.35791137
0.09504619
0.22835460
0.45061072
0.37791208
0.44455467
0.13869901
0.29059490
0.45306596
0.20475114
0.48122969
0.26570862
0.38376853
0.35063193
0.40805817
0.47907907
0.37887773
0.09180247
0.34392175
0.45905268
0.34176239
0.12167842
0.38825342
0.38998700
0.37321608
0.25026800
0.29688467
0.35693932
0.40373040
0.42584563
0.42501012
0.36236093
0.43677239
0.47756111
0.39913082
0.12557175
0.39984941
0.47855023
0.27720779
0.48441785
0.46044560
0.44719467
0.30718077
0.39465909
0.50966079
0.47277291
0.27272535
0.27982368
0.46363316
0.30903399
0.36043807
0.48232949
0.38024499
0.42125527
0.42425735
0.41668498
0.23950434
0.52627030
0.15223054
0.30426035
0.38404521
0.41185842
0.36276976
0.18602568
0.36421129
0.33433352
0.17114717
0.46040975
0.45272346
0.44958858
0.46183695
0.35138453
0.26426809
0.42371278
0.46515133
0.41980316
0.32225744
0.14694190
0.35976661
0.43810304
0.45539163
0.41967483
0.40544321
0.44436004
0.27161660
0.48472478
0.43273116
0.42059695
0.41576081
0.34441193
0.29054637
0.24527385
0.39825053
0.50265502
0.30668013
0.40630570
0.14315178
0.29224396
0.37275112
0.35152332
0.27202479
0.42239561
0.34560000
0.11194818
0.23737576
0.45232231
0.40215525
0.37193397
0.10466300
0.46538411
0.30541167
0.43309256
0.37593813
0.39947604
0.38839449
0.23436718
0.08229098
0.43404213
0.26605042
0.26103187
0.24358338
0.07947612
0.06066377
0.45703379
0.28335460
0.39743709
0.40302715
0.04907203
0.30886149
0.43873305
0.04103602
0.39150558
0.46885147
0.31006999
0.32153270
0.37884090
0.37474259
0.43391956
0.40525163
0.15702641
0.41434807
0.51306352
0.13494401
0.36016985
0.41499400
0.49023455
0.21966066
0.52296587
0.31551375
0.49059454
0.36034966
0.27056552
0.30572885
0.33371191
0.36150750
0.43133190
0.10526754
0.38654984
0.35736393
0.39276025
0.42951702
0.39138686
0.35482123
0.36269321
0.40815984
0.54810704
0.18552686
0.24178802
0.45037346
0.38622296
0.39736997
0.20611636
0.48067246
0.29440537
0.22363796
0.45449908
0.41592594
0.47862911
0.38836979
0.31010734
0.44469969
0.38302195
0.37956257
0.42499500
0.32805267
0.18671666
0.37199192
0.44160398
0.33623310
0.38733554
0.39927172
0.42485522
0.22621991
0.39769747
0.44924155
0.45605698
0.21435805
0.33253364
0.36348980
0.20435574
0.39263591
0.11061178
0.12827982
0.48776818
0.47909781
0.17174354
0.46827120
0.47231583
0.50562312
0.13935397
0.49053647
0.20181630
0.07343673
0.32115926
0.40779029
0.41591173
0.46654772
0.45734260
0.37548754
0.39433555
0.42322271
0.29453468
0.25724126
0.44189909
0.47655563
0.07316523
0.32306573
0.21226853
0.43684378
0.34462304
0.31127222
0.39033218
0.39452506
0.31346987
0.28812612
0.38301726
0.46475120
0.32763631
0.37888673
0.27277048
0.43759062
0.16225110
0.38070749
0.33031278
0.23453640
0.28714015
0.40313298
0.26902530
0.46890916
0.32611955
0.46608588
0.44953635
0.24564988
0.42701795
0.34392041
0.33220240
0.38690429
0.27464947
0.24478978
0.50158771
0.32769176
0.37585515
0.34016778
0.32684288
0.45736545
0.41004573
0.33570153
0.28933903
0.36183329
0.42698282
0.46546988
0.04050267
0.35491103
0.30119712
0.44473697
0.39628297
0.46056412
0.39764542
0.26005605
0.47208895
0.47239318
0.48409005
0.47998874
0.46627155
0.44369142
0.47951782
0.37248554
0.44740253
0.19597239
0.41202140
0.44592368
0.41958779
0.48485753
0.33134586
0.42919299
0.28319862
0.46846494
0.39515998
0.47828414
0.41411015
0.35436716
0.11679752
0.44193247
0.38926619
0.35819689
0.47612482
0.51611139
0.32510714
0.46728345
0.46966476
0.43616810
0.34310618
0.46674793
0.33312807
0.41475692
0.40593092
0.39079890
0.29263104
0.43660115
0.20681625
0.05443064
0.46309612
0.28917433
0.38691920
0.11497049
0.34525558
0.34688724
0.07948595
0.46477101
0.43227012
0.49935274
0.32682558
0.41006310
0.22130803
0.24277096
0.39261512
0.43826367
0.28680813
0.32743510
0.39427435
0.48207322
0.50714199
0.45683996
0.48596092
0.49885178
0.44673808
0.39378769
0.06993282
0.41019095
0.46498662
0.43969912
0.49144212
0.30906285
0.38281185
0.48466678
0.17599791
0.30326566
0.46496144
0.38444972
0.45625335
0.45812028
0.50008609
0.38249204
0.42213712
0.41234062
0.33692336
0.38332601
0.33196307
0.22978683
0.32527296
0.38929247
0.38436745
0.46738361
0.47501511
0.43422897
0.18058128
0.18390186
0.46377335
0.29726911
0.43213060
0.29999012
0.09289086
0.40734009
0.37299444
0.29245786
0.42400285
0.43213566
0.40788118
0.46539296
0.46460268
0.36190926
0.15012094
0.45364205
0.23461992
0.34014160
0.47884849
0.47109769
0.36353088
0.53078129
0.53639126
0.33124298
0.05683476
0.40649763
0.47852248
0.35406621
0.44479568
0.45107454
0.44671668
0.35300011
0.17225641
0.45877839
0.27373634
0.52674337
0.44216137
0.49435543
0.44227443
0.42717970
0.40921934
0.33648900
0.54452056
0.39945922
0.36432869
0.50598473
0.35954984
0.41675084
0.38362898
0.49304667
0.42217567
0.19321993
0.29997949
0.40936274
0.50137802
0.31380357
0.51142016
0.25458250
0.30026038
0.25881212
0.20147835
0.37670727
0.44631161
0.26479231
0.28273828
0.50736538
0.27843005
0.50350313
0.43286383
0.35124128
0.28604407
0.45732521
0.18562980
0.44435871
0.40772553
0.20658461
0.39651589
0.41594381
0.28576099
0.36950468
0.46029860
0.38831977
0.38992478
0.41184368
0.43576596
0.30741560
0.45078881
0.10163372
0.37549318
0.36718342
0.46363273
0.45359711
0.50478034
0.30755881
0.18355249
0.38708991
0.28772619
0.34379242
0.40438589
0.47259808
0.54203052
0.39397132
0.40451153
0.43847568
0.34290653
0.48042269
0.42257037
0.36959395
0.38534479
0.53598749
0.42516361
0.45759229
0.36552679
0.34560098
0.29882395
0.15226300
0.35019613
0.47487445
0.45186676
0.18956188
0.35632715
0.42994585
0.51990538
0.32019384
0.43139429
0.49794960
0.43611315
0.43621698
0.44049343
0.50957118
0.06610399
0.46012745
0.25819986
0.42528595
0.10751341
0.44617028
0.45862790
0.36615319
0.42900338
0.13437686
0.16064763
0.40886137
0.48160603
0.35349533
0.39641025
0.33476070
0.47238230
0.43446102
0.46021359
0.43211629
0.47639718
0.30010730
0.37326943
0.31856435
0.27792255
0.18676304
0.43585730
0.30441640
0.07948920
0.28051492
0.44170423
0.34506538
0.33354547
0.40172949
0.39663888
0.44941421
0.41102447
0.40513008
0.26909464
0.08460361
0.43077429
0.24486900
0.27224067
0.43439518
0.33584569
0.14784243
0.48110269
0.44633520
0.42570005
0.45577283
0.36585538
0.26538608
0.42797090
0.33597794
0.45769030
0.27267073
0.39353933
0.15232093
0.14970514
0.41270437
0.49220028
0.47200821
0.45296279
0.42273092
0.42723379
0.16805110
0.36692999
0.30268329
0.40909780
0.38063477
0.27290361
0.32048470
0.31759599
0.44751472
0.28488283
0.09508143
0.49490243
0.42570532
0.45076237
0.29986417
0.36526616
0.21543178
0.22586291
0.50569074
0.35423243
0.45813600
0.43372077
0.30515865
0.43819461
0.44144481
0.40404228
0.44168605
0.42213972
0.38701859
0.28160604
0.48250846
0.20991934
0.34308072
0.29806465
0.46928546
0.25223998
0.40207222
0.49943093
0.35804977
0.29129318
0.26420582
0.48793359
0.44692659
0.52210888
0.16980120
0.39252649
0.36591750
0.34453282
0.41164078
0.33689747
0.39631273
0.26820484
0.22113377
0.33144796
0.45832452
0.46005666
0.40606707
0.40635076
0.36462433
0.45849607
0.35646649
0.41504467
0.41686013
0.46470865
0.19096158
0.41566219
0.46581677
0.43043702
0.39219217
0.45286090
0.33031054
0.44041465
0.33687307
0.18317624
0.41823498
0.41273885
0.49808906
0.32026470
0.42398750
0.33835631
0.22215375
0.44389817
0.29656696
0.36392489
0.12044724
0.45469220
0.25191870
0.33246609
0.43688660
0.20486181
0.40528711
0.31627981
0.40050502
0.38878190
0.43498566
0.23606928
0.42022041
0.36936083
0.30286507
0.16174683
0.41777878
0.40132238
0.42661771
0.48850685
0.32266957
0.17107218
0.29925268
0.21900359
0.36822271
0.13716665
0.42985816
0.30867506
0.52746947
0.24585784
0.50759437
0.49950505
0.44777500
0.34264345
0.34378067
0.41605410
0.38774252
0.49980313
0.42316054
0.46934842
0.51683098
0.45836975
0.48121483
0.27686439
0.38599165
0.16923595
0.44516675
0.46454632
0.46176084
0.38064314
0.46806469
0.27761948
0.14567375
0.27690320
0.44660878
0.48720263
0.16080130
0.28992794
0.46969491
0.45854535
0.44782652
0.25516250
0.40424287
0.14771926
0.46483989
0.46775991
0.37514998
0.40068485
0.39660254
0.51090369
0.19605141
0.43103782
0.42787202
0.40285724
0.34786901
0.30662567
0.32355170
0.29115837
0.46176612
0.33265989
0.10229701
0.36157685
0.12661249
0.51683159
0.46510519
0.49908389
0.09937193
0.29140815
0.30423511
0.42564016
0.43993255
0.34362905
0.25109537
0.36351599
0.35360375
0.47572996
0.30768750
0.27203214
0.49071530
0.42496723
0.05229258
0.29049999
0.41319271
0.25861983
0.33622239
0.38139913
0.18323703
0.45694997
0.04167937
0.28672993
0.50953658
0.23967605
0.19046611
0.24502546
0.20034657
0.37722154
0.38473032
0.52299461
0.26088800
0.31871081
0.13646764
0.40505629
0.47043886
0.39392121
0.49439604
0.42869024
0.47084477
0.44994531
0.44454681
0.43094594
0.39540830
0.39571298
0.33576125
0.45307819
0.27032079
0.47682016
0.38593108
0.39542844
0.47556805
0.10425529
0.42771246
0.29791140
0.21837559
0.37517828
0.24866241
0.26310407
0.23737783
0.40230347
0.32603898
0.24117325
0.44320642
0.40777574
0.45148895
0.46680987
0.43809029
0.19515923
0.31838378
0.22435884
0.43861757
0.31414267
0.37461000
0.18733450
0.21443436
0.24991850
0.45415544
0.29847463
0.02703803
0.24361539
0.23364756
0.41538408
0.44707103
0.47665484
0.39558630
0.19578837
0.26055617
0.44958856
0.43342186
0.39739320
0.42086715
0.49077090
0.02478477
0.40096108
0.45523607
0.42481336
0.25176685
0.42725467
0.46148897
0.50587184
0.34082987
0.34063635
0.42659580
0.43831558
0.45189024
0.30035872
0.52333285
0.41957269
0.12069617
0.09935385
0.34733093
0.48709108
0.21957835
0.31517296
0.41034794
0.41915835
0.44219173
0.39853846
0.26168470
0.39752655
0.38679901
0.47316351
0.47977004
0.48363917
0.36594876
0.49815009
0.46257914
0.43489431
0.43166272
0.13825655
0.39747373
0.35417876
0.35611643
0.33197022
0.43387724
0.39758880
0.43927561
0.42467863
0.37899604
0.26502978
0.41526202
0.50508209
0.38338697
0.35761631
0.42555932
0.44125687
0.13450640
0.07434980
0.46181083
0.46090227
0.32898680
0.50679791
0.47729551
0.31913228
0.44217532
0.38286670
0.42076135
0.15238626
0.42166179
0.35283301
0.28121149
0.12884436
0.37286109
0.41025209
0.40384060
0.38305533
0.40195495
0.36243461
0.46765067
0.36635631
0.51299101
0.24505492
0.30847582
0.30111328
0.43670923
0.13836144
0.47965500
0.42494788
0.37521036
0.51450781
0.36639607
0.34948623
0.30517398
0.41356369
0.22301690
0.51807635
0.47629710
0.26916669
0.29642890
0.47791876
0.30570226
0.39568776
0.41649417
0.41165857
0.20969599
0.35286603
0.40426259
0.41434065
0.42625564
0.47670909
0.13379691
0.39368743
0.45438815
0.44830759
0.27466119
0.46514994
0.49323447
0.42134364
0.45783321
0.37867980
0.46319268
0.45906835
0.44787620
0.39022845
0.26984540
0.44123516
0.21092421
0.48698342
0.32890712
0.29735365
0.42792353
0.36167568
0.39159725
0.44684180
0.46512757
0.45620218
0.39328879
0.28828469
0.42565972
0.40846418
0.35555689
0.02816162
0.36301654
0.31393159
0.42494195
0.25638163
0.04393879
0.22062930
0.06704176
0.17289622
0.45618279
0.14954147
0.43967622
0.49185339
0.53459077
0.44106370
0.51025188
0.32663072
0.35332379
0.37304329
0.33124724
0.43513792
0.40098477
0.14670439
0.43594422
0.56327266
0.35121325
0.44567169
0.38841496
0.49310645
0.47285390
0.44497871
0.34372888
0.42997352
0.46896000
0.24636717
0.32689460
0.46356363
0.27589380
0.53294392
0.43655026
0.44643269
0.43495898
0.15569769
0.25126398
0.26267193
0.29746901
0.40621071
0.19719409
0.46600241
0.32447449
0.44649577
0.23679457
0.35261992
0.46102885
0.53844143
0.23007822
0.43642022
0.34833441
0.32553789
0.11076301
0.13887570
0.10137119
0.30985063
0.49044470
0.41449587
0.53953774
0.01288047
0.45824307
0.36878409
0.21765831
0.45400719
0.41551266
0.56939409
0.49971551
0.57208565
0.01617579
0.34311281
0.44721387
0.08180735
0.33778958
0.11192257
0.50528144
0.39986398
0.29249545
0.42336837
0.51003655
0.50917532
0.38175260
0.48528037
0.47572393
0.40003228
0.39956341
0.47581989
0.15655844
0.49532066
0.48185441
0.45485507
0.33358052
0.45486853
0.40300116
0.31735794
0.32364364
0.33818983
0.24009038
0.30109481
0.39535002
0.48221936
0.29956518
0.15461798
0.18333094
0.37038010
0.09267254
0.36103361
0.35051086
0.36276025
0.43654052
0.39056071
0.42882750
0.27688311
0.11701109
0.38156337
0.38171655
0.25507656
0.31212683
0.35370112
0.31975909
0.46924253
0.40451698
0.43201593
0.26674863
0.03395235
0.46506444
0.41856386
0.50001467
0.40745699
0.43202258
0.31552562
0.14572026
0.46011815
0.31979898
0.25624782
0.38305364
0.14495137
0.47552315
0.40485420
0.43735707
0.41154929
0.32772273
0.35837397
0.37638365
0.51889983
0.36475749
0.40496015
0.40880740
0.41981075
0.47695806
0.44096474
0.44570666
0.38843068
0.46445119
0.46118193
0.34723651
0.32319733
0.19574823
0.47764815
0.45360720
0.20259269
0.41033194
0.38221681
0.48444724
0.06318508
0.51723792
0.44783019
0.37682768
0.40304764
0.52752544
0.41652030
0.43243641
0.23188006
0.43133327
0.45296017
0.33538567
0.36063520
0.33646658
0.37170096
0.33749742
0.35664957
0.44875942
0.24392049
0.27105222
0.39791932
0.42916481
0.48027657
0.43209979
0.45620472
0.44024876
0.49890475
0.36283048
0.45172564
0.44772399
0.36546227
0.42463919
0.35312499
0.45653207
0.48742773
0.43009969
0.28926473
0.38585175
0.15357894
0.19964972
0.17482068
0.31878161
0.14332567
0.45039972
0.20887062
0.21886099
0.39783403
0.47583762
0.50948019
0.41854420
0.50516464
0.48967586
0.32406176
0.22931811
0.45369007
0.35590962
0.35522529
0.38241993
0.09404177
0.53440503
0.13700856
0.25579978
0.33774274
0.25862759
0.27226049
0.10901582
0.31895896
0.42155963
0.45616389
0.46782475
0.25682399
0.43475158
0.39939267
0.42353021
0.17718119
0.06280842
0.35802643
0.39936893
0.44313868
0.35925505
0.03594545
0.49166815
0.40274074
0.35543243
0.49995200
0.46431565
0.36442920
0.44990412
0.33540304
0.47480330
0.37957817
0.28216631
0.18553641
0.50835203
0.46477627
0.49712167
0.40778223
0.41368815
0.41059349
0.22973739
0.27378671
0.40740733
0.42562952
0.36086695
0.48627128
0.49981012
0.47989237
0.44105124
0.43867626
0.20992750
0.42610452
0.40227703
0.24073187
0.22469440
0.50173196
0.18043472
0.38095729
0.25154280
0.43492721
0.09198202
0.31418108
0.25510671
0.52579836
0.49577247
0.48036841
0.36796155
0.41986674
0.37676178
0.47190577
0.35437224
0.34712028
0.46603162
0.46832683
0.36027590
0.46358488
0.47028602
0.40490564
0.43419423
0.49181018
0.31372386
0.25123072
0.50424533
0.46822949
0.30453850
0.45696501
0.50294712
0.07992675
0.39974839
0.15897013
0.43062295
0.26428466
0.35988679
0.48268892
0.44617310
0.32142011
0.32213567
0.40250682
0.53158066
0.37840987
0.43579408
0.38702104
0.17402712
0.34329508
0.48190337
0.08227106
0.47523806
0.51166540
0.29594472
0.38188655
0.41841503
0.20465673
0.46918400
0.40402871
0.35673776
0.51228115
0.43042569
0.45594879
0.47450826
0.48641936
0.42348130
0.42942188
0.38240376
0.38589869
0.45684470
0.44850700
0.48079857
0.41269732
0.30714409
0.16305649
0.45478929
0.37170438
0.45456789
0.50229002
0.37858053
0.40638707
0.34690121
0.33608578
0.31169223
0.46788171
0.12936334
0.41118487
0.42814784
0.22963010
0.26603944
0.22565164
0.43334844
0.33529112
0.16315501
0.22293061
0.42868819
0.32159186
0.48429580
0.39555902
0.40660318
0.42542496
0.48324431
0.38609826
0.49610374
0.26431383
0.33360245
0.02238647
0.36747771
0.46566449
0.45218939
0.21171283
0.29438006
0.21781715
0.07005873
0.41377644
0.48649104
0.34247147
0.45627431
0.41815043
0.25869474
0.39330007
0.50506901
0.40087827
0.52398230
0.41485103
0.19798497
0.49888630
0.27120574
0.44945782
0.27020268
0.53598097
0.38456816
0.03976307
0.45519253
0.29427879
0.45739385
0.15225727
0.29345797
0.28661504
0.51719247
0.28913469
0.42179082
0.52241886
0.49002224
0.49059205
0.39595793
0.41690103
0.51864061
0.42965738
0.41803916
0.42067989
0.42903890
0.39532487
0.14262919
0.51875049
0.26920096
0.35973975
0.49697380
0.47047268
0.46819627
0.23759531
0.38340475
0.13621673
0.38244604
0.39305382
0.40241386
0.41883105
0.45597946
0.27837242
0.26884166
0.40814349
0.38569830
0.21413912
0.10310077
0.40194947
0.37723346
0.39607473
0.43315602
0.04673325
0.42491303
0.22361247
0.28378817
0.45760138
0.09979339
0.49421423
0.26406236
0.04812922
0.40678532
0.43410645
0.46005009
0.39765981
0.20651058
0.38038058
0.33197473
0.47762763
0.34490224
0.37033900
0.50206081
0.39433893
0.27672781
0.38929895
0.42865624
0.22572463
0.36427912
0.47301888
0.42597955
0.44363822
0.32676668
0.33605850
0.35534241
0.27477709
0.26776560
0.36165280
0.45066766
0.20317262
0.22501160
0.34010857
0.19391682
0.30756832
0.13224523
0.28541185
0.51744269
0.42751477
0.38846461
0.40422060
0.29252830
0.25009342
0.17085190
0.39344350
0.30969527
0.12541852
0.46528604
0.30004210
0.07465406
0.16418291
0.32829630
0.34529771
0.43954802
0.30920641
0.37552443
0.48443822
0.34845458
0.45389765
0.40946340
0.14049747
0.47986703
0.32503197
0.46974584
0.41748156
0.47832432
0.43663116
0.44643251
0.41281434
0.46227222
0.34730278
0.45944369
0.12812543
0.36689145
0.19235088
0.20081383
0.34713120
0.51136222
0.04775328
0.47157892
0.33207517
0.19587693
0.39096890
0.21243631
0.29028890
0.30779166
0.34968115
0.36979163
0.24790246
0.48364094
0.53765460
0.42874170
0.45202253
0.49169042
0.43949433
0.42273066
0.43259361
0.37290286
0.28548760
0.41489408
0.32981786
0.52582243
0.45701110
0.32257242
0.26111340
0.42358013
0.25928504
0.35861745
0.21401033
0.43791739
0.43831329
0.37020367
0.48977098
0.37340676
0.43521490
0.53981498
0.22967851
0.48484152
0.34694493
0.52321371
0.31645206
0.45615008
0.23685214
0.47266948
0.39756990
0.24682463
0.46325238
0.29305901
0.48517997
0.40785693
0.13548715
0.17475366
0.46214074
0.44086857
0.49547957
0.27995332
0.37255587
0.41821442
0.49739438
0.46845058
0.46604975
0.49722292
0.41227726
0.53381319
0.07201867
0.36283781
0.33336596
0.35812211
0.32723038
0.40178023
0.40421956
0.27672985
0.41871609
0.27097811
0.29143411
0.20316924
0.20662827
0.43336668
0.47729847
0.36599214
0.47579013
0.50568411
0.49037697
0.31454048
0.50685997
0.25285766
0.40342261
0.36252884
0.49066365
0.45072151
0.37606804
0.41606237
0.51146371
0.50020812
0.39490241
0.45656824
0.33447496
0.39833075
0.47260353
0.43787212
0.37821398
0.52554400
0.53802860
0.41127810
0.27615748
0.33386516
0.31641873
0.40518717
0.42975619
0.49835203
0.44046893
0.50240611
0.13956631
0.44312924
0.47889897
0.35339510
0.44412861
0.37325408
0.19290737
0.24885650
0.42159945
0.34142440
0.33073314
0.05482877
0.28368624
0.35398808
0.34544913
0.30619261
0.27666192
0.44320522
0.23442903
0.41860155
0.32001168
0.36351382
0.34061279
0.44693344
0.47808384
0.46530566
0.35104639
0.46841552
0.33856806
0.41641269
0.39654940
0.25226904
0.47304092
0.21843894
0.37509681
0.16380102
0.19806735
0.44025469
0.46762493
0.06379541
0.17751856
0.37210496
0.46613656
0.17744290
0.39436706
0.15630293
0.40280930
0.23552471
0.22303345
0.50699612
0.46137885
0.39077309
0.39274226
0.47944062
0.37509053
0.53282184
0.36471726
0.34082477
0.44689310
0.38460894
0.43663122
0.45623476
0.49108345
0.47494289
0.42429950
0.26237134
0.16958155
0.47414468
0.31576987
0.21570088
0.40365745
0.47572546
0.14523546
0.42988795
0.28652114
0.40865668
0.30455832
0.11019030
0.45328174
0.45035997
0.47423296
0.49716362
0.31255132
0.37249330
0.37559459
0.01548063
0.35137361
0.33307209
0.22497028
0.53998492
0.48859768
0.33722060
0.28335253
0.15772883
0.39345913
0.15233142
0.43733752
0.47548584
0.33169405
0.42457245
0.33102731
0.27685610
0.30988853
0.17067858
0.38540314
0.41818171
0.31315400
0.19036786
0.18512574
0.47101166
0.44714237
0.48633955
0.38133210
0.45253284
0.22719052
0.46798075
0.38762402
0.39870618
0.29869978
0.31146966
0.51460213
0.44072781
0.41347509
0.33800786
0.39115756
0.41859454
0.30308069
0.43965844
0.24026792
0.26630488
0.48832296
0.45693850
0.48961884
0.27193494
0.40176900
0.39420284
0.53004948
0.38596530
0.22409702
0.20994020
0.08377987
0.50308367
0.38206243
0.43601203
0.40066424
0.43110798
0.50333347
0.47964558
0.45156924
0.18862147
0.38297693
0.50994208
0.56301809
0.42630117
0.40399765
0.26375630
0.45213427
0.26053000
0.39923146
0.46481931
0.28872124
0.41200278
0.45091569
0.42537392
0.09994725
0.53596501
0.32014023
0.48580090
0.44699182
0.32049871
0.22678608
0.44055318
0.35283363
0.02019689
0.15031327
0.43211417
0.36273059
0.39685174
0.17667295
0.25794242
0.43399462
0.36819021
0.42305281
0.44260564
0.26226577
0.39610541
0.07072893
0.13008850
0.18665108
0.44270387
0.27081636
0.46469510
0.37632915
0.38521080
0.46575883
0.37351555
0.38837025
0.46680586
0.49884758
0.48396430
0.41493902
0.41651873
0.46828372
0.44000110
0.41847271
0.37992664
0.43302828
0.31215317
0.48341342
0.46081289
0.29228215
0.34762325
0.46964149
0.44887924
0.50699433
0.53693426
0.41692530
0.06162180
0.04812111
0.34966434
0.30752322
0.41768992
0.39077478
0.44192212
0.14381520
0.45562139
0.00976602
0.42839262
0.44979058
0.50467880
0.45472787
0.15185804
0.47237492
0.34905728
0.26597491
0.37925732
0.34337828
0.40519141
0.36827591
0.38687597
0.39517580
0.48908890
0.36255285
0.47246070
0.40451019
0.43494201
0.05354823
0.46314507
0.10265296
0.32900165
0.33321962
0.47117712
0.26471870
0.43518396
0.43787943
0.46671792
0.37901653
0.35337993
0.33184476
0.43056270
0.14218044
0.28808053
0.46533558
0.31070997
0.24612323
0.33798251
0.47690944
0.42580085
0.46860604
0.27893793
0.33815783
0.52941658
0.29716774
0.47842007
0.17321260
0.31784013
0.26131539
0.45746122
0.38967551
0.37861589
0.35405085
0.41530001
0.36642710
0.40187067
0.40582748
0.25607768
0.44972363
0.33469485
0.43202108
0.41231381
0.12143064
0.42091548
0.43355264
0.44043911
0.43388887
0.31272078
0.30248461
0.35942570
0.40377503
0.47231180
0.17541201
0.45309962
0.40298491
0.47335036
0.30115118
0.48639316
0.33257442
0.16748083
0.46579830
0.46915034
0.46594408
0.16774846
0.46216857
0.06577403
0.26424936
0.27121369
0.36047324
0.35139583
0.34417570
0.32684917
0.44413782
0.21740863
0.42151737
0.41253782
0.44806355
0.44843158
0.16152287
0.41383941
0.35728307
0.14825353
0.28654375
0.44442223
0.32383377
0.38357156
0.45088234
0.40329048
0.47869499
0.49834260
0.13754824
0.48561943
0.31530549
0.46087248
0.39197251
0.28172110
0.46596140
0.47554023
0.39022657
0.38464252
0.45233761
0.17807953
0.48015957
0.45487539
0.38941477
0.43778300
0.37240643
0.41185804
0.35876267
0.21130675
0.43653786
0.41636788
0.41360354
0.33908040
0.25051366
0.47300483
0.31638989
0.40897476
0.41248066
0.22462073
0.53103424
0.44951442
0.35533986
0.48650250
0.52816277
0.25261460
0.18634654
0.45618464
0.51460552
0.43645390
0.22137371
0.42309655
0.23057517
0.40594558
0.44579880
0.50799710
0.50724010
0.33111354
0.45581427
0.32213169
0.40894717
0.32188730
0.44416077
0.40644159
0.36511983
0.48158833
0.48542486
0.05301947
0.22067375
0.34863229
0.45925364
0.44866691
0.37773738
0.23521789
0.40894947
0.43795095
0.51792681
0.38632253
0.40510584
0.03174475
0.49487128
0.23203445
0.46775350
0.50860363
0.45361089
0.32093640
0.44853143
0.12787370
0.42561713
0.34981456
0.48264436
0.29137938
0.41798109
0.36294974
0.25546970
0.42736379
0.07283406
0.37075759
0.49663703
0.42570369
0.41077506
0.45361709
0.41916314
0.43072784
0.38170794
0.30728889
0.14914691
0.24477809
0.53949874
0.29955580
0.44478475
0.45206861
0.47861715
0.46080459
0.33975585
0.49759396
0.35579946
0.41739966
0.32571543
0.50837307
0.18400300
0.50192560
0.34066099
0.40162700
0.12965663
0.29090066
0.10566188
0.27072567
0.40709636
0.44959232
0.40269859
0.18885102
0.51700749
0.39895854
0.25184648
0.51453119
0.20492030
0.34052333
0.34414282
0.17571032
0.35395265
0.43827381
0.46604399
0.25768199
0.43677204
0.15649566
0.22444542
0.30091432
0.53809251
0.32408691
0.46732341
0.45657435
0.36360836
0.28645779
0.45617025
0.46609014
0.39615870
0.04092382
0.33966838
0.40060404
0.46386845
0.44813816
0.53712338
0.43147311
0.42510950
0.40370937
0.23002292
0.44284440
0.43708936
0.12082363
0.32882961
0.34946822
0.39344477
0.40591038
0.38877379
0.43651986
0.01181096
0.32771891
0.46151929
0.04120007
0.47761875
0.34246153
0.21558613
0.36028392
0.47149275
0.22536010
0.26997250
0.36225701
0.29413921
0.27314349
0.25529371
0.41930815
0.33078331
0.45345123
0.18525566
0.40921419
0.42768889
0.41494046
0.41943279
0.47314126
0.49027229
0.40439846
0.32434297
0.51123402
0.44991447
0.37173818
0.39066168
0.38844971
0.45298056
0.29613477
0.40954471
0.39060516
0.24740689
0.28839627
0.31850455
0.43268175
0.40073109
0.24528793
0.47644635
0.35505341
0.42598769
0.43443615
0.22412047
0.34466362
0.48512766
0.27199442
0.16040228
0.46484768
0.33877972
0.53631258
0.27746181
0.32650409
0.10174581
0.33654601
0.34576958
0.42827377
0.14425813
0.36203655
0.49746496
0.35366977
0.35948753
0.47402364
0.04388661
0.44918143
0.40406763
0.43702623
0.48418097
0.43706051
0.29101148
0.48636483
0.27119793
0.38882397
0.41224179
0.33249487
0.35597879
0.36284908
0.18072450
0.38210260
0.19126789
0.48079413
0.41899333
0.27114072
0.50431721
0.47144205
0.37804961
0.20504272
0.46320268
0.42729808
0.29862046
0.09208281
0.51770399
0.25260569
0.43413742
0.41586939
0.49630399
0.36989503
0.34148908
0.34651611
0.36179075
0.36535726
0.23852871
0.42501678
0.37725125
0.14192011
0.13905978
0.29729951
0.43927389
0.01363276
0.42700067
0.45082432
0.38378716
0.14878850
0.43124900
0.38636593
0.46874615
0.21112913
0.39506059
0.39176830
0.19167710
0.44850954
0.42063676
0.45440782
0.36579773
0.39981323
0.36537767
0.43751864
0.37037221
0.18419083
0.45050830
0.47350605
0.45923829
0.15724178
0.28453586
0.35308035
0.47764904
0.36208655
0.28238493
0.32985905
0.40799825
0.38834121
0.44191527
0.34522059
0.48346461
0.48071410
0.06435960
0.47546844
0.45371591
0.22988534
0.41782081
0.44252820
0.50884067
0.37612786
0.27484709
0.43120975
0.26692150
0.50723729
0.01612417
0.45833037
0.48542165
0.39460438
0.31439313
0.48042883
0.21165879
0.45677028
0.35895197
0.29869535
0.30629640
0.39386244
0.46687898
0.36574122
0.39209920
0.46491457
0.30040793
0.35960877
0.10327904
0.01481355
0.37272818
0.48454295
0.44929444
0.39246912
0.55009456
0.18528719
0.43894284
0.32453933
0.38171431
0.40547963
0.33598245
0.36404051
0.49932355
0.50752199
0.38930334
0.51603714
0.48601940
0.47821608
0.47319389
0.44602380
0.25775246
0.34638365
0.34910918
0.27354790
0.39528937
0.45128482
0.51145996
0.43056399
0.37620799
0.33501003
0.35910085
0.45318345
0.15167818
0.46076400
0.18283086
0.11582902
0.31899754
0.32651682
0.45925590
0.51407492
0.36626529
0.29112990
0.43163149
0.35547866
0.38234130
0.34316864
0.45004946
0.44836810
0.46681279
0.46565154
0.49747461
0.16164108
0.19951531
0.30235527
0.44034811
0.37944411
0.34440019
0.41505141
0.17686154
0.42684944
0.49755393
0.24690991
0.48602056
0.11679866
0.34657688
0.42502372
0.44050923
0.44121439
0.40898672
0.30531637
0.48683080
0.33371632
0.48717555
0.41505327
0.46929167
0.19868285
0.28676553
0.38217918
0.47654930
0.46513757
0.44628222
0.39447765
0.47393021
0.43046527
0.29152499
0.29535293
0.26060124
0.17878872
0.19811152
0.40526784
0.38235610
0.36541608
0.46192159
0.30920609
0.40722773
0.18750929
0.32108854
0.44552688
0.41633116
0.46265803
0.44481978
0.37593204
0.14964427
0.07884160
0.40353338
0.27279466
0.49202042
0.43051380
0.34726479
0.48034799
0.29670531
0.39581110
0.41266548
0.33351163
0.25902330
0.50206575
0.37734763
0.35486951
0.53195550
0.42440122
0.47251402
0.31203978
0.19975209
0.29717090
0.40890533
0.33289424
0.37724484
0.38290621
0.44252153
0.46870105
0.48218177
0.09777642
0.28180734
0.37289484
0.44138006
0.36126333
0.48263593
0.42734123
0.25751334
0.44231496
0.42534626
0.34415728
0.25325087
0.42920439
0.39996569
0.27069581
0.42077378
0.42711644
0.39441655
0.35567688
0.51992853
0.12702311
0.51374807
0.33817405
0.31653933
0.44924954
0.36680228
0.52641343
0.37761794
0.18914177
0.44833622
0.34061071
0.43044426
0.45705513
0.32106996
0.08511098
0.51793540
0.48154300
0.35593131
0.46720109
0.39452635
0.09935126
0.43167793
0.41495707
0.40456913
0.02417145
0.12254167
0.41645960
0.35543833
0.40171408
0.30433523
0.35289955
0.32053001
0.53459099
0.37634975
0.37478415
0.45116252
0.40409232
0.49598801
0.44193795
0.10124347
0.06418983
0.54389204
0.47930536
0.07419337
0.35178839
0.38950749
0.36709647
0.44809092
0.15020633
