# NTRAJ	500
0.000	0.00000000
0.001	0.00000000
0.002	0.00000000
0.003	0.00000000
0.004	-0.00000000
0.005	0.00000000
0.006	0.00000000
0.007	0.00000000
0.008	-0.00000000
0.009	-0.00000000
0.010	-0.00000000
0.011	-0.00000000
0.012	0.00000000
0.013	0.00000000
0.014	0.00000000
0.015	-0.00000000
0.016	0.00000000
0.017	0.00000000
0.018	0.00000000
0.019	0.00000000
0.020	0.00000000
0.021	0.00000000
0.022	0.00000000
0.023	-0.00000000
0.024	0.00000000
0.025	0.00000000
0.026	-0.00000000
0.027	-0.00000000
0.028	-0.00000000
0.029	-0.00000000
0.030	-0.00000000
0.031	0.00000000
0.032	0.00000000
0.033	-0.00000000
0.034	0.00000000
0.035	-0.00000000
0.036	-0.00000000
0.037	0.00000000
0.038	-0.00000000
0.039	0.00000000
0.040	-0.00000000
0.041	-0.00000000
0.042	-0.00000000
0.043	0.00000000
0.044	0.00000000
0.045	0.00000000
0.046	0.00000000
0.047	0.00000000
0.048	0.00000000
0.049	0.00000000
0.050	-0.00000000
0.051	-0.00000000
0.052	0.00000000
0.053	0.00000000
0.054	0.00000000
0.055	0.00000000
0.056	-0.00000000
0.057	0.00000000
0.058	-0.00000000
0.059	0.00000000
0.060	0.00000000
0.061	0.00000000
0.062	-0.00000000
0.063	0.00000000
0.064	0.00000000
0.065	0.00000000
0.066	-0.00000000
0.067	-0.00000000
0.068	-0.00000000
0.069	0.00000000
0.070	-0.00000000
0.071	0.00000000
0.072	-0.00000000
0.073	-0.00000000
0.074	0.00000000
0.075	0.00000000
0.076	0.00000000
0.077	0.00000000
0.078	-0.00000000
0.079	-0.00000000
0.080	-0.00000000
0.081	0.00000000
0.082	0.00000000
0.083	-0.00000000
0.084	-0.00000000
0.085	0.00000000
0.086	-0.00000000
0.087	0.00000000
0.088	0.00000000
0.089	0.00000000
0.090	0.00000000
0.091	0.00000000
0.092	0.00000000
0.093	0.00000000
0.094	-0.00000000
0.095	0.00000000
0.096	-0.00000000
0.097	0.00000000
0.098	-0.00000000
0.099	-0.00000000
0.100	-0.00000000
0.101	0.00000000
0.102	-0.00000000
0.103	0.00000000
0.104	0.00000000
0.105	0.00000000
0.106	0.00000000
0.107	0.00000000
0.108	-0.00000000
0.109	-0.00000000
0.110	-0.00000000
0.111	0.00000000
0.112	0.00000000
0.113	0.00000000
0.114	0.00000000
0.115	-0.00000000
0.116	0.00000000
0.117	-0.00000000
0.118	-0.00000000
0.119	-0.00000000
0.120	-0.00000000
0.121	-0.00000000
0.122	-0.00000000
0.123	0.00000000
0.124	0.00000000
0.125	0.00000000
0.126	-0.00000000
0.127	-0.00000000
0.128	-0.00000000
0.129	-0.00000000
0.130	0.00000000
0.131	0.00000000
0.132	0.00000000
0.133	0.00000000
0.134	0.00000000
0.135	-0.00000000
0.136	0.00000000
0.137	0.00000000
0.138	-0.00000000
0.139	-0.00000000
0.140	0.00000000
0.141	-0.00000000
0.142	-0.00000000
0.143	-0.00000000
0.144	0.00000000
0.145	-0.00000000
0.146	0.00000000
0.147	-0.00000000
0.148	-0.00000000
0.149	-0.00000000
0.150	0.00000000
0.151	-0.00000000
0.152	0.00000000
0.153	0.00000000
0.154	-0.00000000
0.155	0.00000000
0.156	-0.00000000
0.157	-0.00000000
0.158	-0.00000000
0.159	0.00000000
0.160	0.00000000
0.161	-0.00000000
0.162	0.00000000
0.163	0.00000000
0.164	-0.00000000
0.165	-0.00000000
0.166	0.00000000
0.167	0.00000000
0.168	0.00000000
0.169	-0.00000000
0.170	0.00000000
0.171	-0.00000000
0.172	-0.00000000
0.173	-0.00000000
0.174	0.00000000
0.175	0.00000000
0.176	-0.00000000
0.177	-0.00000000
0.178	0.00000000
0.179	0.00000000
0.180	0.00000000
0.181	-0.00000000
0.182	-0.00000000
0.183	-0.00000000
0.184	0.00000000
0.185	0.00000000
0.186	0.00000000
0.187	0.00000000
0.188	0.00000000
0.189	0.00000000
0.190	0.00000000
0.191	-0.00000000
0.192	-0.00000000
0.193	-0.00000000
0.194	0.00000000
0.195	-0.00000000
0.196	-0.00000000
0.197	-0.00000000
0.198	0.00000000
0.199	-0.00000000
0.200	-0.00000000
0.201	0.00000000
0.202	-0.00000000
0.203	0.00000000
0.204	0.00000000
0.205	0.00000000
0.206	0.00000000
0.207	-0.00000000
0.208	-0.00000000
0.209	0.00000000
0.210	-0.00000000
0.211	-0.00000000
0.212	0.00000000
0.213	0.00000000
0.214	0.00000000
0.215	-0.00000000
0.216	0.00000000
0.217	-0.00000000
0.218	0.00000000
0.219	0.00000000
0.220	-0.00000000
0.221	-0.00000000
0.222	0.00000000
0.223	0.00000000
0.224	0.00000000
0.225	-0.00000000
0.226	-0.00000000
0.227	-0.00000000
0.228	0.00000000
0.229	-0.00000000
0.230	0.00000000
0.231	0.00000000
0.232	-0.00000000
0.233	0.00000000
0.234	0.00000000
0.235	-0.00000000
0.236	0.00000000
0.237	0.00000000
0.238	0.00000000
0.239	0.00000000
0.240	0.00000000
0.241	0.00000000
0.242	0.00000000
0.243	0.00000000
0.244	-0.00000000
0.245	0.00000000
0.246	-0.00000000
0.247	0.00000000
0.248	-0.00000000
0.249	-0.00000000
0.250	0.00000000
0.251	-0.00000000
0.252	-0.00000000
0.253	-0.00000000
0.254	-0.00000000
0.255	0.00000000
0.256	-0.00000000
0.257	0.00000000
0.258	0.00000000
0.259	-0.00000000
0.260	-0.00000000
0.261	0.00000000
0.262	0.00000000
0.263	-0.00000000
0.264	-0.00000000
0.265	-0.00000000
0.266	0.00000000
0.267	0.00000000
0.268	-0.00000000
0.269	0.00000000
0.270	-0.00000000
0.271	0.00000000
0.272	-0.00000000
0.273	-0.00000000
0.274	0.00000000
0.275	-0.00000000
0.276	-0.00000000
0.277	0.00000000
0.278	0.00000000
0.279	-0.00000000
0.280	0.00000000
0.281	0.00000000
0.282	0.00000000
0.283	0.00000000
0.284	0.00000000
0.285	0.00000000
0.286	-0.00000000
0.287	0.00000000
0.288	-0.00000000
0.289	0.00000000
0.290	0.00000000
0.291	-0.00000000
0.292	-0.00000000
0.293	-0.00000000
0.294	0.00000000
0.295	0.00000000
0.296	0.00000000
0.297	0.00000000
0.298	0.00000000
0.299	0.00000000
0.300	0.00000000
0.301	-0.00000000
0.302	0.00000000
0.303	0.00000000
0.304	0.00000000
0.305	0.00000000
0.306	-0.00000000
0.307	-0.00000000
0.308	-0.00000000
0.309	0.00000000
0.310	-0.00000000
0.311	-0.00000000
0.312	-0.00000000
0.313	-0.00000000
0.314	-0.00000000
0.315	0.00000000
0.316	-0.00000000
0.317	-0.00000000
0.318	0.00000000
0.319	0.00000000
0.320	0.00000000
0.321	0.00000000
0.322	0.00000000
0.323	-0.00000000
0.324	-0.00000000
0.325	-0.00000000
0.326	-0.00000000
0.327	-0.00000000
0.328	0.00000000
0.329	-0.00000000
0.330	0.00000000
0.331	-0.00000000
0.332	-0.00000000
0.333	0.00000000
0.334	-0.00000000
0.335	0.00000000
0.336	-0.00000000
0.337	0.00000000
0.338	0.00000000
0.339	0.00000000
0.340	0.00000000
0.341	0.00000000
0.342	0.00000000
0.343	0.00000000
0.344	0.00000000
0.345	0.00000000
0.346	0.00000000
0.347	0.00000000
0.348	0.00000000
0.349	0.00000000
0.350	0.00000000
0.351	0.00000000
0.352	0.00000000
0.353	0.00000000
0.354	0.00000000
0.355	0.00000000
0.356	0.00000000
0.357	0.00000000
0.358	0.00000000
0.359	0.00000000
0.360	0.00000000
0.361	0.00000000
0.362	0.00000000
0.363	0.00000000
0.364	0.00000000
0.365	0.00000000
0.366	0.00000000
0.367	0.00000000
0.368	0.00000000
0.369	0.00000000
0.370	0.00000000
0.371	0.00000000
0.372	0.00000000
0.373	0.00000000
0.374	0.00000000
0.375	0.00000000
0.376	0.00000000
0.377	0.00000000
0.378	0.00000000
0.379	0.00000000
0.380	0.00000000
0.381	0.00000000
0.382	0.00000000
0.383	0.00000000
0.384	0.00000000
0.385	0.00000000
0.386	0.00000000
0.387	0.00000000
0.388	0.00000000
0.389	0.00000000
0.390	0.00000000
0.391	0.00000000
0.392	0.00000000
0.393	0.00000000
0.394	0.00000000
0.395	0.00000000
0.396	0.00000000
0.397	0.00000000
0.398	0.00000000
0.399	0.00000000
0.400	0.00000000
0.401	0.00000000
0.402	0.00000000
0.403	0.00000000
0.404	0.00000000
0.405	0.00000000
0.406	0.00000000
0.407	0.00000000
0.408	0.00000000
0.409	0.00000000
0.410	0.00000000
0.411	0.00000000
0.412	0.00000000
0.413	0.00000000
0.414	0.00000000
0.415	0.00000000
0.416	0.00000000
0.417	0.00000000
0.418	0.00000000
0.419	0.00000000
0.420	0.00000000
0.421	0.00000000
0.422	0.00000000
0.423	0.00000000
0.424	0.00000000
0.425	0.00000000
0.426	0.00000000
0.427	0.00000000
0.428	0.00000000
0.429	0.00000000
0.430	0.00000000
0.431	0.00000000
0.432	0.00000000
0.433	0.00000000
0.434	0.00000000
0.435	0.00000000
0.436	0.00000000
0.437	0.00000000
0.438	0.00000000
0.439	0.00000000
0.440	0.00000000
0.441	0.00000000
0.442	0.00000000
0.443	0.00000000
0.444	0.00000000
0.445	0.00000000
0.446	0.00000000
0.447	0.00000000
0.448	0.00000000
0.449	0.00000000
0.450	0.00000000
0.451	0.00000000
0.452	0.00000000
0.453	0.00000000
0.454	0.00000000
0.455	0.00000000
0.456	0.00000000
0.457	0.00000000
0.458	0.00000000
0.459	0.00000000
0.460	0.00000000
0.461	0.00000000
0.462	0.00000000
0.463	0.00000000
0.464	0.00000000
0.465	0.00000000
0.466	0.00000000
0.467	0.00000000
0.468	0.00000000
0.469	0.00000000
0.470	0.00000000
0.471	0.00000000
0.472	0.00000000
0.473	0.00000000
0.474	0.00000000
0.475	0.00000000
0.476	0.00000000
0.477	0.00000000
0.478	0.00000000
0.479	0.00000000
0.480	0.00000000
0.481	0.00000000
0.482	0.00000000
0.483	0.00000000
0.484	0.00000000
0.485	0.00000000
0.486	0.00000000
0.487	0.00000000
0.488	0.00000000
0.489	0.00000000
0.490	0.00000000
0.491	0.00000000
0.492	0.00000000
0.493	0.00000000
0.494	0.00000000
0.495	0.00000000
0.496	0.00000000
0.497	0.00000000
0.498	0.00000000
0.499	0.00000000
0.500	0.00000000
0.501	0.00000000
0.502	0.00000000
0.503	0.00000000
0.504	0.00000000
0.505	0.00000000
0.506	0.00000000
0.507	0.00000000
0.508	0.00000000
0.509	0.00000000
0.510	0.00000000
0.511	0.00000000
0.512	0.00000000
0.513	0.00000000
0.514	0.00000000
0.515	0.00000000
0.516	0.00000000
0.517	0.00000000
0.518	0.00000000
0.519	0.00000000
0.520	0.00000000
0.521	0.00000000
0.522	0.00000000
0.523	0.00000000
0.524	0.00000000
0.525	0.00000000
0.526	0.00000000
0.527	0.00000000
0.528	0.00000000
0.529	0.00000000
0.530	0.00000000
0.531	0.00000000
0.532	0.00000000
0.533	0.00000000
0.534	0.00000000
0.535	0.00000000
0.536	0.00000000
0.537	0.00000000
0.538	0.00000000
0.539	0.00000000
0.540	0.00000000
0.541	0.00000000
0.542	0.00000000
0.543	0.00000000
0.544	0.00000000
0.545	0.00000000
0.546	0.00000000
0.547	0.00000000
0.548	0.00000000
0.549	0.00000000
0.550	0.00000000
0.551	0.00000000
0.552	0.00000000
0.553	0.00000000
0.554	0.00000000
0.555	0.00000000
0.556	0.00000000
0.557	0.00000000
0.558	0.00000000
0.559	0.00000000
0.560	0.00000000
0.561	0.00000000
0.562	0.00000000
0.563	0.00000000
0.564	0.00000000
0.565	0.00000000
0.566	0.00000000
0.567	0.00000000
0.568	0.00000000
0.569	0.00000000
0.570	0.00000000
0.571	0.00000000
0.572	0.00000000
0.573	0.00000000
0.574	0.00000000
0.575	0.00000000
0.576	0.00000000
0.577	0.00000000
0.578	0.00000000
0.579	0.00000000
0.580	0.00000000
0.581	0.00000000
0.582	0.00000001
0.583	0.00000001
0.584	0.00000001
0.585	0.00000001
0.586	0.00000001
0.587	0.00000001
0.588	0.00000001
0.589	0.00000001
0.590	0.00000001
0.591	0.00000001
0.592	0.00000001
0.593	0.00000001
0.594	0.00000001
0.595	0.00000001
0.596	0.00000001
0.597	0.00000001
0.598	0.00000001
0.599	0.00000001
0.600	0.00000001
0.601	0.00000001
0.602	0.00000001
0.603	0.00000001
0.604	0.00000001
0.605	0.00000001
0.606	0.00000001
0.607	0.00000001
0.608	0.00000001
0.609	0.00000001
0.610	0.00000001
0.611	0.00000001
0.612	0.00000001
0.613	0.00000001
0.614	0.00000001
0.615	0.00000001
0.616	0.00000001
0.617	0.00000001
0.618	0.00000001
0.619	0.00000001
0.620	0.00000001
0.621	0.00000001
0.622	0.00000001
0.623	0.00000001
0.624	0.00000001
0.625	0.00000001
0.626	0.00000002
0.627	0.00000002
0.628	0.00000002
0.629	0.00000002
0.630	0.00000002
0.631	0.00000002
0.632	0.00000002
0.633	0.00000002
0.634	0.00000002
0.635	0.00000002
0.636	0.00000002
0.637	0.00000002
0.638	0.00000002
0.639	0.00000002
0.640	0.00000002
0.641	0.00000002
0.642	0.00000002
0.643	0.00000002
0.644	0.00000003
0.645	0.00000003
0.646	0.00000003
0.647	0.00000003
0.648	0.00000003
0.649	0.00000003
0.650	0.00000003
0.651	0.00000003
0.652	0.00000003
0.653	0.00000003
0.654	0.00000003
0.655	0.00000003
0.656	0.00000003
0.657	0.00000003
0.658	0.00000003
0.659	0.00000003
0.660	0.00000003
0.661	0.00000003
0.662	0.00000004
0.663	0.00000004
0.664	0.00000004
0.665	0.00000004
0.666	0.00000004
0.667	0.00000004
0.668	0.00000004
0.669	0.00000004
0.670	0.00000004
0.671	0.00000004
0.672	0.00000004
0.673	0.00000004
0.674	0.00000004
0.675	0.00000004
0.676	0.00000005
0.677	0.00000005
0.678	0.00000005
0.679	0.00000005
0.680	0.00000005
0.681	0.00000005
0.682	0.00000005
0.683	0.00000005
0.684	0.00000005
0.685	0.00000005
0.686	0.00000005
0.687	0.00000006
0.688	0.00000006
0.689	0.00000006
0.690	0.00000006
0.691	0.00000006
0.692	0.00000006
0.693	0.00000006
0.694	0.00000006
0.695	0.00000006
0.696	0.00000006
0.697	0.00000007
0.698	0.00000007
0.699	0.00000007
0.700	0.00000007
0.701	0.00000007
0.702	0.00000007
0.703	0.00000007
0.704	0.00000007
0.705	0.00000008
0.706	0.00000008
0.707	0.00000008
0.708	0.00000008
0.709	0.00000008
0.710	0.00000008
0.711	0.00000008
0.712	0.00000008
0.713	0.00000009
0.714	0.00000009
0.715	0.00000009
0.716	0.00000009
0.717	0.00000009
0.718	0.00000009
0.719	0.00000010
0.720	0.00000010
0.721	0.00000010
0.722	0.00000010
0.723	0.00000010
0.724	0.00000010
0.725	0.00000011
0.726	0.00000011
0.727	0.00000011
0.728	0.00000011
0.729	0.00000011
0.730	0.00000011
0.731	0.00000012
0.732	0.00000012
0.733	0.00000012
0.734	0.00000012
0.735	0.00000012
0.736	0.00000013
0.737	0.00000013
0.738	0.00000013
0.739	0.00000013
0.740	0.00000013
0.741	0.00000016
0.742	0.00000016
0.743	0.00000016
0.744	0.00000016
0.745	0.00000017
0.746	0.00000017
0.747	0.00000017
0.748	0.00000017
0.749	0.00000018
0.750	0.00000018
0.751	0.00000018
0.752	0.00000019
0.753	0.00000019
0.754	0.00000019
0.755	0.00000019
0.756	0.00000020
0.757	0.00000020
0.758	0.00000020
0.759	0.00000021
0.760	0.00000021
0.761	0.00000021
0.762	0.00000022
0.763	0.00000022
0.764	0.00000022
0.765	0.00000023
0.766	0.00000023
0.767	0.00000023
0.768	0.00000024
0.769	0.00000024
0.770	0.00000025
0.771	0.00000025
0.772	0.00000025
0.773	0.00000026
0.774	0.00000026
0.775	0.00000026
0.776	0.00000027
0.777	0.00000031
0.778	0.00000035
0.779	0.00000035
0.780	0.00000039
0.781	0.00000040
0.782	0.00000040
0.783	0.00000041
0.784	0.00000045
0.785	0.00000046
0.786	0.00000050
0.787	0.00000051
0.788	0.00000052
0.789	0.00000053
0.790	0.00000053
0.791	0.00000054
0.792	0.00000055
0.793	0.00000056
0.794	0.00000057
0.795	0.00000058
0.796	0.00000058
0.797	0.00000059
0.798	0.00000060
0.799	0.00000061
0.800	0.00000062
0.801	0.00000063
0.802	0.00000064
0.803	0.00000065
0.804	0.00000066
0.805	0.00000067
0.806	0.00000073
0.807	0.00000074
0.808	0.00000075
0.809	0.00000076
0.810	0.00000077
0.811	0.00000083
0.812	0.00000084
0.813	0.00000086
0.814	0.00000087
0.815	0.00000088
0.816	0.00000089
0.817	0.00000091
0.818	0.00000092
0.819	0.00000093
0.820	0.00000095
0.821	0.00000096
0.822	0.00000097
0.823	0.00000099
0.824	0.00000100
0.825	0.00000114
0.826	0.00000116
0.827	0.00000124
0.828	0.00000126
0.829	0.00000127
0.830	0.00000129
0.831	0.00000131
0.832	0.00000133
0.833	0.00000135
0.834	0.00000137
0.835	0.00000139
0.836	0.00000141
0.837	0.00000142
0.838	0.00000144
0.839	0.00000146
0.840	0.00000148
0.841	0.00000151
0.842	0.00000153
0.843	0.00000155
0.844	0.00000157
0.845	0.00000159
0.846	0.00000161
0.847	0.00000163
0.848	0.00000166
0.849	0.00000168
0.850	0.00000170
0.851	0.00000172
0.852	0.00000175
0.853	0.00000177
0.854	0.00000180
0.855	0.00000191
0.856	0.00000194
0.857	0.00000197
0.858	0.00000199
0.859	0.00000202
0.860	0.00000205
0.861	0.00000207
0.862	0.00000210
0.863	0.00000213
0.864	0.00000216
0.865	0.00000219
0.866	0.00000222
0.867	0.00000224
0.868	0.00000227
0.869	0.00000230
0.870	0.00000233
0.871	0.00000237
0.872	0.00000240
0.873	0.00000255
0.874	0.00000258
0.875	0.00000261
0.876	0.00000265
0.877	0.00000268
0.878	0.00000272
0.879	0.00000275
0.880	0.00000292
0.881	0.00000295
0.882	0.00000299
0.883	0.00000316
0.884	0.00000320
0.885	0.00000324
0.886	0.00000329
0.887	0.00000333
0.888	0.00000337
0.889	0.00000341
0.890	0.00000346
0.891	0.00000365
0.892	0.00000369
0.893	0.00000374
0.894	0.00000379
0.895	0.00000384
0.896	0.00000388
0.897	0.00000393
0.898	0.00000398
0.899	0.00000419
0.900	0.00000424
0.901	0.00000430
0.902	0.00000435
0.903	0.00000441
0.904	0.00000446
0.905	0.00000452
0.906	0.00000457
0.907	0.00000463
0.908	0.00000469
0.909	0.00000475
0.910	0.00000481
0.911	0.00000487
0.912	0.00000493
0.913	0.00000499
0.914	0.00000505
0.915	0.00000511
0.916	0.00000518
0.917	0.00000524
0.918	0.00000531
0.919	0.00000537
0.920	0.00000544
0.921	0.00000550
0.922	0.00000557
0.923	0.00000564
0.924	0.00000571
0.925	0.00000578
0.926	0.00000585
0.927	0.00000614
0.928	0.00000621
0.929	0.00000629
0.930	0.00000636
0.931	0.00000644
0.932	0.00000652
0.933	0.00000660
0.934	0.00000668
0.935	0.00000699
0.936	0.00000708
0.937	0.00000716
0.938	0.00000725
0.939	0.00000734
0.940	0.00000742
0.941	0.00000776
0.942	0.00000786
0.943	0.00000795
0.944	0.00000804
0.945	0.00000814
0.946	0.00000824
0.947	0.00000860
0.948	0.00000870
0.949	0.00000881
0.950	0.00000891
0.951	0.00000901
0.952	0.00000912
0.953	0.00000951
0.954	0.00000962
0.955	0.00000973
0.956	0.00000985
0.957	0.00000996
0.958	0.00001008
0.959	0.00001020
0.960	0.00001031
0.961	0.00001043
0.962	0.00001055
0.963	0.00001068
0.964	0.00001080
0.965	0.00001093
0.966	0.00001105
0.967	0.00001118
0.968	0.00001131
0.969	0.00001144
0.970	0.00001157
0.971	0.00001170
0.972	0.00001183
0.973	0.00001197
0.974	0.00001211
0.975	0.00001224
0.976	0.00001238
0.977	0.00001252
0.978	0.00001304
0.979	0.00001318
0.980	0.00001333
0.981	0.00001348
0.982	0.00001364
0.983	0.00001379
0.984	0.00001434
0.985	0.00001450
0.986	0.00001466
0.987	0.00001482
0.988	0.00001499
0.989	0.00001516
0.990	0.00001533
0.991	0.00001550
0.992	0.00001567
0.993	0.00001584
0.994	0.00001602
0.995	0.00001620
0.996	0.00001638
0.997	0.00001656
0.998	0.00001674
0.999	0.00001692
1.000	0.00001711
1.001	0.00001730
1.002	0.00001749
1.003	0.00001863
1.004	0.00001930
1.005	0.00001951
1.006	0.00002019
1.007	0.00002088
1.008	0.00002111
1.009	0.00002181
1.010	0.00002205
1.011	0.00002229
1.012	0.00002253
1.013	0.00002277
1.014	0.00002302
1.015	0.00002327
1.016	0.00002352
1.017	0.00002377
1.018	0.00002403
1.019	0.00002428
1.020	0.00002455
1.021	0.00002481
1.022	0.00002507
1.023	0.00002534
1.024	0.00002561
1.025	0.00002644
1.026	0.00002672
1.027	0.00002700
1.028	0.00002729
1.029	0.00002814
1.030	0.00002900
1.031	0.00002931
1.032	0.00003018
1.033	0.00003050
1.034	0.00003082
1.035	0.00003115
1.036	0.00003147
1.037	0.00003180
1.038	0.00003214
1.039	0.00003247
1.040	0.00003281
1.041	0.00003315
1.042	0.00003350
1.043	0.00003385
1.044	0.00003420
1.045	0.00003456
1.046	0.00003491
1.047	0.00003592
1.048	0.00003630
1.049	0.00003667
1.050	0.00003705
1.051	0.00003743
1.052	0.00003849
1.053	0.00003888
1.054	0.00003928
1.055	0.00003968
1.056	0.00004009
1.057	0.00004050
1.058	0.00004091
1.059	0.00004133
1.060	0.00004175
1.061	0.00004218
1.062	0.00004260
1.063	0.00004304
1.064	0.00004347
1.065	0.00004391
1.066	0.00004436
1.067	0.00004480
1.068	0.00004603
1.069	0.00004650
1.070	0.00004696
1.071	0.00004743
1.072	0.00004791
1.073	0.00004839
1.074	0.00004887
1.075	0.00004936
1.076	0.00005068
1.077	0.00005118
1.078	0.00005169
1.079	0.00005221
1.080	0.00005272
1.081	0.00005325
1.082	0.00005377
1.083	0.00005430
1.084	0.00005484
1.085	0.00005538
1.086	0.00005771
1.087	0.00005828
1.088	0.00005885
1.089	0.00005942
1.090	0.00006001
1.091	0.00006059
1.092	0.00006210
1.093	0.00006271
1.094	0.00006332
1.095	0.00006394
1.096	0.00006456
1.097	0.00006519
1.098	0.00006582
1.099	0.00006645
1.100	0.00006710
1.101	0.00006774
1.102	0.00006939
1.103	0.00007006
1.104	0.00007073
1.105	0.00007141
1.106	0.00007210
1.107	0.00007279
1.108	0.00007349
1.109	0.00007419
1.110	0.00007490
1.111	0.00007561
1.112	0.00007633
1.113	0.00007706
1.114	0.00007779
1.115	0.00007852
1.116	0.00007927
1.117	0.00008002
1.118	0.00008077
1.119	0.00008153
1.120	0.00008230
1.121	0.00008308
1.122	0.00008386
1.123	0.00008464
1.124	0.00008544
1.125	0.00008623
1.126	0.00008704
1.127	0.00008785
1.128	0.00008867
1.129	0.00008950
1.130	0.00009033
1.131	0.00009117
1.132	0.00009201
1.133	0.00009286
1.134	0.00009372
1.135	0.00009459
1.136	0.00009546
1.137	0.00009634
1.138	0.00009860
1.139	0.00010087
1.140	0.00010180
1.141	0.00010273
1.142	0.00010367
1.143	0.00010462
1.144	0.00010698
1.145	0.00010796
1.146	0.00010894
1.147	0.00010993
1.148	0.00011093
1.149	0.00011194
1.150	0.00011295
1.151	0.00011544
1.152	0.00011648
1.153	0.00011754
1.154	0.00011860
1.155	0.00011966
1.156	0.00012074
1.157	0.00012183
1.158	0.00012292
1.159	0.00012402
1.160	0.00012513
1.161	0.00012625
1.162	0.00012738
1.163	0.00012851
1.164	0.00012966
1.165	0.00013081
1.166	0.00013197
1.167	0.00013314
1.168	0.00013432
1.169	0.00013551
1.170	0.00013671
1.171	0.00013791
1.172	0.00014087
1.173	0.00014211
1.174	0.00014336
1.175	0.00014462
1.176	0.00014589
1.177	0.00014716
1.178	0.00014845
1.179	0.00014975
1.180	0.00015105
1.181	0.00015422
1.182	0.00015556
1.183	0.00015691
1.184	0.00015827
1.185	0.00015965
1.186	0.00016103
1.187	0.00016242
1.188	0.00016383
1.189	0.00016524
1.190	0.00016666
1.191	0.00016810
1.192	0.00016954
1.193	0.00017100
1.194	0.00017246
1.195	0.00017394
1.196	0.00017543
1.197	0.00017693
1.198	0.00017844
1.199	0.00017996
1.200	0.00018149
1.201	0.00018303
1.202	0.00018458
1.203	0.00018614
1.204	0.00018772
1.205	0.00018931
1.206	0.00019090
1.207	0.00019251
1.208	0.00019414
1.209	0.00019577
1.210	0.00019741
1.211	0.00019907
1.212	0.00020073
1.213	0.00020241
1.214	0.00020410
1.215	0.00020581
1.216	0.00020998
1.217	0.00021173
1.218	0.00021594
1.219	0.00021773
1.220	0.00021954
1.221	0.00022136
1.222	0.00022319
1.223	0.00022504
1.224	0.00022689
1.225	0.00022876
1.226	0.00023065
1.227	0.00023255
1.228	0.00023446
1.229	0.00023638
1.230	0.00023832
1.231	0.00024027
1.232	0.00024223
1.233	0.00024421
1.234	0.00024620
1.235	0.00024820
1.236	0.00025022
1.237	0.00025225
1.238	0.00025430
1.239	0.00025636
1.240	0.00025843
1.241	0.00026052
1.242	0.00026262
1.243	0.00026474
1.244	0.00026687
1.245	0.00026901
1.246	0.00027117
1.247	0.00027334
1.248	0.00027553
1.249	0.00027774
1.250	0.00028309
1.251	0.00028535
1.252	0.00028762
1.253	0.00029306
1.254	0.00029849
1.255	0.00030086
1.256	0.00030325
1.257	0.00030565
1.258	0.00030807
1.259	0.00031051
1.260	0.00031296
1.261	0.00031543
1.262	0.00031791
1.263	0.00032041
1.264	0.00032293
1.265	0.00032546
1.266	0.00032801
1.267	0.00033058
1.268	0.00033317
1.269	0.00033577
1.270	0.00033838
1.271	0.00034102
1.272	0.00034367
1.273	0.00034634
1.274	0.00034903
1.275	0.00035173
1.276	0.00035445
1.277	0.00035719
1.278	0.00035995
1.279	0.00036644
1.280	0.00036926
1.281	0.00037210
1.282	0.00037496
1.283	0.00037784
1.284	0.00038073
1.285	0.00038365
1.286	0.00039042
1.287	0.00039340
1.288	0.00040020
1.289	0.00040699
1.290	0.00041376
1.291	0.00041691
1.292	0.00042008
1.293	0.00042694
1.294	0.00043018
1.295	0.00043344
1.296	0.00043672
1.297	0.00044002
1.298	0.00044334
1.299	0.00044668
1.300	0.00045005
1.301	0.00045343
1.302	0.00045684
1.303	0.00046027
1.304	0.00046371
1.305	0.00046718
1.306	0.00047068
1.307	0.00047419
1.308	0.00047772
1.309	0.00048128
1.310	0.00048486
1.311	0.00048846
1.312	0.00049208
1.313	0.00049573
1.314	0.00049940
1.315	0.00050309
1.316	0.00051108
1.317	0.00051485
1.318	0.00051864
1.319	0.00052673
1.320	0.00053060
1.321	0.00053449
1.322	0.00053873
1.323	0.00054268
1.324	0.00054665
1.325	0.00055065
1.326	0.00055467
1.327	0.00055871
1.328	0.00056278
1.329	0.00056688
1.330	0.00057099
1.331	0.00057514
1.332	0.00057930
1.333	0.00058350
1.334	0.00058771
1.335	0.00059196
1.336	0.00059623
1.337	0.00060052
1.338	0.00060484
1.339	0.00060918
1.340	0.00061355
1.341	0.00061795
1.342	0.00062237
1.343	0.00062682
1.344	0.00063130
1.345	0.00063580
1.346	0.00064032
1.347	0.00064488
1.348	0.00064946
1.349	0.00065407
1.350	0.00065870
1.351	0.00066866
1.352	0.00067339
1.353	0.00067815
1.354	0.00068293
1.355	0.00068774
1.356	0.00069258
1.357	0.00069745
1.358	0.00070235
1.359	0.00070727
1.360	0.00071222
1.361	0.00072276
1.362	0.00073325
1.363	0.00073837
1.364	0.00074352
1.365	0.00074870
1.366	0.00075391
1.367	0.00075914
1.368	0.00076441
1.369	0.00076971
1.370	0.00078065
1.371	0.00078605
1.372	0.00079148
1.373	0.00079694
1.374	0.00080243
1.375	0.00080796
1.376	0.00081351
1.377	0.00081910
1.378	0.00083049
1.379	0.00084182
1.380	0.00084759
1.381	0.00085339
1.382	0.00085922
1.383	0.00086508
1.384	0.00087098
1.385	0.00087690
1.386	0.00088286
1.387	0.00088886
1.388	0.00089489
1.389	0.00090095
1.390	0.00090704
1.391	0.00091317
1.392	0.00091933
1.393	0.00092553
1.394	0.00093176
1.395	0.00093802
1.396	0.00094432
1.397	0.00095065
1.398	0.00095702
1.399	0.00096342
1.400	0.00096986
1.401	0.00097633
1.402	0.00098470
1.403	0.00099126
1.404	0.00099786
1.405	0.00100449
1.406	0.00101116
1.407	0.00101787
1.408	0.00102461
1.409	0.00103139
1.410	0.00104504
1.411	0.00105194
1.412	0.00105888
1.413	0.00106586
1.414	0.00107287
1.415	0.00107992
1.416	0.00108700
1.417	0.00110109
1.418	0.00110830
1.419	0.00111555
1.420	0.00112284
1.421	0.00113017
1.422	0.00113753
1.423	0.00114494
1.424	0.00115238
1.425	0.00115987
1.426	0.00116739
1.427	0.00117495
1.428	0.00118256
1.429	0.00119020
1.430	0.00119788
1.431	0.00121304
1.432	0.00122085
1.433	0.00122871
1.434	0.00123660
1.435	0.00124454
1.436	0.00125252
1.437	0.00126804
1.438	0.00127615
1.439	0.00128431
1.440	0.00129251
1.441	0.00130074
1.442	0.00130903
1.443	0.00131735
1.444	0.00132572
1.445	0.00133413
1.446	0.00135030
1.447	0.00135885
1.448	0.00136744
1.449	0.00137608
1.450	0.00138476
1.451	0.00139348
1.452	0.00140225
1.453	0.00141107
1.454	0.00141992
1.455	0.00142883
1.456	0.00143777
1.457	0.00144676
1.458	0.00145580
1.459	0.00146488
1.460	0.00147401
1.461	0.00148318
1.462	0.00149240
1.463	0.00150167
1.464	0.00151098
1.465	0.00152034
1.466	0.00152974
1.467	0.00153919
1.468	0.00154869
1.469	0.00155823
1.470	0.00156782
1.471	0.00157746
1.472	0.00158714
1.473	0.00159687
1.474	0.00160665
1.475	0.00161648
1.476	0.00162636
1.477	0.00163628
1.478	0.00164625
1.479	0.00165627
1.480	0.00166634
1.481	0.00167646
1.482	0.00168662
1.483	0.00169684
1.484	0.00170710
1.485	0.00171742
1.486	0.00172778
1.487	0.00173819
1.488	0.00174866
1.489	0.00175917
1.490	0.00176973
1.491	0.00178034
1.492	0.00180121
1.493	0.00182191
1.494	0.00183281
1.495	0.00184377
1.496	0.00185477
1.497	0.00186582
1.498	0.00187693
1.499	0.00188809
1.500	0.00189931
1.501	0.00192066
1.502	0.00193204
1.503	0.00194348
1.504	0.00195497
1.505	0.00196652
1.506	0.00197812
1.507	0.00198977
1.508	0.00200148
1.509	0.00201324
1.510	0.00202506
1.511	0.00204731
1.512	0.00205931
1.513	0.00207136
1.514	0.00209365
1.515	0.00211573
1.516	0.00212809
1.517	0.00214049
1.518	0.00215296
1.519	0.00216548
1.520	0.00217806
1.521	0.00219070
1.522	0.00220340
1.523	0.00221615
1.524	0.00222896
1.525	0.00224183
1.526	0.00225476
1.527	0.00227798
1.528	0.00229110
1.529	0.00230427
1.530	0.00231750
1.531	0.00233079
1.532	0.00234414
1.533	0.00235755
1.534	0.00237103
1.535	0.00238456
1.536	0.00240855
1.537	0.00242228
1.538	0.00243606
1.539	0.00244990
1.540	0.00246381
1.541	0.00247778
1.542	0.00250216
1.543	0.00251632
1.544	0.00253054
1.545	0.00254483
1.546	0.00255918
1.547	0.00257359
1.548	0.00258806
1.549	0.00260260
1.550	0.00261720
1.551	0.00263186
1.552	0.00265716
1.553	0.00267202
1.554	0.00268695
1.555	0.00271222
1.556	0.00272735
1.557	0.00274254
1.558	0.00275779
1.559	0.00277312
1.560	0.00278850
1.561	0.00281414
1.562	0.00282973
1.563	0.00284538
1.564	0.00286111
1.565	0.00287690
1.566	0.00289275
1.567	0.00290868
1.568	0.00292467
1.569	0.00294074
1.570	0.00295687
1.571	0.00297307
1.572	0.00298933
1.573	0.00300567
1.574	0.00302208
1.575	0.00304915
1.576	0.00306576
1.577	0.00308245
1.578	0.00309920
1.579	0.00311603
1.580	0.00313292
1.581	0.00314989
1.582	0.00316692
1.583	0.00318403
1.584	0.00321187
1.585	0.00322919
1.586	0.00324658
1.587	0.00326404
1.588	0.00328158
1.589	0.00329919
1.590	0.00331687
1.591	0.00333462
1.592	0.00335245
1.593	0.00337035
1.594	0.00338832
1.595	0.00340637
1.596	0.00342449
1.597	0.00344269
1.598	0.00346095
1.599	0.00347930
1.600	0.00349771
1.601	0.00351621
1.602	0.00354612
1.603	0.00356483
1.604	0.00359448
1.605	0.00361342
1.606	0.00363243
1.607	0.00365152
1.608	0.00367069
1.609	0.00368993
1.610	0.00370925
1.611	0.00372865
1.612	0.00374813
1.613	0.00376768
1.614	0.00378731
1.615	0.00380702
1.616	0.00382681
1.617	0.00385780
1.618	0.00387782
1.619	0.00389791
1.620	0.00391809
1.621	0.00393834
1.622	0.00395867
1.623	0.00397908
1.624	0.00399958
1.625	0.00402015
1.626	0.00404080
1.627	0.00406153
1.628	0.00408235
1.629	0.00410324
1.630	0.00412422
1.631	0.00414527
1.632	0.00416641
1.633	0.00418763
1.634	0.00420893
1.635	0.00423031
1.636	0.00427469
1.637	0.00429639
1.638	0.00431817
1.639	0.00434003
1.640	0.00436198
1.641	0.00438401
1.642	0.00440612
1.643	0.00442832
1.644	0.00446150
1.645	0.00448394
1.646	0.00450646
1.647	0.00452907
1.648	0.00455177
1.649	0.00457454
1.650	0.00459741
1.651	0.00462036
1.652	0.00464339
1.653	0.00466651
1.654	0.00468972
1.655	0.00471302
1.656	0.00473640
1.657	0.00475987
1.658	0.00478342
1.659	0.00480706
1.660	0.00483079
1.661	0.00485461
1.662	0.00488993
1.663	0.00492465
1.664	0.00495876
1.665	0.00498314
1.666	0.00500761
1.667	0.00503218
1.668	0.00505683
1.669	0.00508157
1.670	0.00510641
1.671	0.00513133
1.672	0.00515634
1.673	0.00518145
1.674	0.00520664
1.675	0.00523193
1.676	0.00525731
1.677	0.00528278
1.678	0.00530834
1.679	0.00534401
1.680	0.00536983
1.681	0.00539573
1.682	0.00542173
1.683	0.00544782
1.684	0.00547400
1.685	0.00550028
1.686	0.00552665
1.687	0.00555311
1.688	0.00557967
1.689	0.00560632
1.690	0.00563307
1.691	0.00566983
1.692	0.00570586
1.693	0.00573302
1.694	0.00576028
1.695	0.00578763
1.696	0.00581508
1.697	0.00584262
1.698	0.00587026
1.699	0.00590651
1.700	0.00593440
1.701	0.00597004
1.702	0.00599819
1.703	0.00602643
1.704	0.00605478
1.705	0.00608322
1.706	0.00611175
1.707	0.00614039
1.708	0.00616912
1.709	0.00619796
1.710	0.00622689
1.711	0.00625592
1.712	0.00629232
1.713	0.00632160
1.714	0.00635099
1.715	0.00638048
1.716	0.00641006
1.717	0.00643975
1.718	0.00646953
1.719	0.00649942
1.720	0.00652940
1.721	0.00655949
1.722	0.00658968
1.723	0.00661996
1.724	0.00665035
1.725	0.00668780
1.726	0.00671845
1.727	0.00674920
1.728	0.00678005
1.729	0.00681101
1.730	0.00684206
1.731	0.00687322
1.732	0.00690449
1.733	0.00693585
1.734	0.00696732
1.735	0.00699889
1.736	0.00703702
1.737	0.00706885
1.738	0.00710079
1.739	0.00713284
1.740	0.00716498
1.741	0.00720280
1.742	0.00723520
1.743	0.00726772
1.744	0.00730033
1.745	0.00733306
1.746	0.00736588
1.747	0.00739882
1.748	0.00743186
1.749	0.00746500
1.750	0.00749825
1.751	0.00753161
1.752	0.00756507
1.753	0.00759864
1.754	0.00763232
1.755	0.00766610
1.756	0.00769999
1.757	0.00773398
1.758	0.00776808
1.759	0.00780229
1.760	0.00784196
1.761	0.00787644
1.762	0.00791102
1.763	0.00794572
1.764	0.00798052
1.765	0.00801543
1.766	0.00805045
1.767	0.00808557
1.768	0.00812081
1.769	0.00815615
1.770	0.00819160
1.771	0.00822716
1.772	0.00826283
1.773	0.00829861
1.774	0.00833450
1.775	0.00837049
1.776	0.00840660
1.777	0.00844777
1.778	0.00848416
1.779	0.00852065
1.780	0.00855725
1.781	0.00859396
1.782	0.00863078
1.783	0.00866771
1.784	0.00870475
1.785	0.00874590
1.786	0.00878322
1.787	0.00882065
1.788	0.00885819
1.789	0.00889584
1.790	0.00893360
1.791	0.00897147
1.792	0.00901237
1.793	0.00905203
1.794	0.00908909
1.795	0.00912757
1.796	0.00916343
1.797	0.00920216
1.798	0.00924101
1.799	0.00927997
1.800	0.00931904
1.801	0.00935416
1.802	0.00939348
1.803	0.00943292
1.804	0.00947247
1.805	0.00951214
1.806	0.00955192
1.807	0.00959182
1.808	0.00963183
1.809	0.00966654
1.810	0.00970679
1.811	0.00974717
1.812	0.00978766
1.813	0.00982827
1.814	0.00986899
1.815	0.00990983
1.816	0.00995079
1.817	0.00998501
1.818	0.01002621
1.819	0.01006753
1.820	0.01010896
1.821	0.01015052
1.822	0.01019219
1.823	0.01023398
1.824	0.01027588
1.825	0.01031790
1.826	0.01036004
1.827	0.01040230
1.828	0.01044468
1.829	0.01048717
1.830	0.01052979
1.831	0.01060904
1.832	0.01065211
1.833	0.01069530
1.834	0.01073861
1.835	0.01078204
1.836	0.01081684
1.837	0.01085009
1.838	0.01089388
1.839	0.01093780
1.840	0.01098183
1.841	0.01102598
1.842	0.01107026
1.843	0.01111465
1.844	0.01115917
1.845	0.01120381
1.846	0.01124856
1.847	0.01129344
1.848	0.01133844
1.849	0.01138356
1.850	0.01141663
1.851	0.01146199
1.852	0.01150747
1.853	0.01155307
1.854	0.01159879
1.855	0.01164463
1.856	0.01169060
1.857	0.01173668
1.858	0.01176888
1.859	0.01181520
1.860	0.01186165
1.861	0.01190821
1.862	0.01195490
1.863	0.01200170
1.864	0.01204863
1.865	0.01209569
1.866	0.01214286
1.867	0.01219016
1.868	0.01223758
1.869	0.01228512
1.870	0.01233279
1.871	0.01238058
1.872	0.01242849
1.873	0.01247652
1.874	0.01252468
1.875	0.01257296
1.876	0.01262136
1.877	0.01266988
1.878	0.01271853
1.879	0.01276730
1.880	0.01281619
1.881	0.01286520
1.882	0.01291434
1.883	0.01296360
1.884	0.01301298
1.885	0.01306249
1.886	0.01311212
1.887	0.01316187
1.888	0.01321175
1.889	0.01326174
1.890	0.01331186
1.891	0.01334587
1.892	0.01339622
1.893	0.01344670
1.894	0.01349731
1.895	0.01354804
1.896	0.01359889
1.897	0.01364986
1.898	0.01370096
1.899	0.01375218
1.900	0.01378510
1.901	0.01383655
1.902	0.01388813
1.903	0.01393983
1.904	0.01399166
1.905	0.01404360
1.906	0.01409567
1.907	0.01412719
1.908	0.01417949
1.909	0.01423191
1.910	0.01428446
1.911	0.01433713
1.912	0.01438992
1.913	0.01444283
1.914	0.01449587
1.915	0.01454904
1.916	0.01460232
1.917	0.01465573
1.918	0.01470927
1.919	0.01476293
1.920	0.01479353
1.921	0.01484741
1.922	0.01490142
1.923	0.01493002
1.924	0.01498424
1.925	0.01503858
1.926	0.01509305
1.927	0.01514764
1.928	0.01520235
1.929	0.01525719
1.930	0.01531215
1.931	0.01536724
1.932	0.01542244
1.933	0.01547777
1.934	0.01550501
1.935	0.01556055
1.936	0.01561621
1.937	0.01564130
1.938	0.01566405
1.939	0.01571998
1.940	0.01574046
1.941	0.01579657
1.942	0.01585282
1.943	0.01590918
1.944	0.01592745
1.945	0.01598399
1.946	0.01604066
1.947	0.01609494
1.948	0.01610824
1.949	0.01611912
1.950	0.01617624
1.951	0.01623349
1.952	0.01629087
1.953	0.01634837
1.954	0.01640600
1.955	0.01646375
1.956	0.01647227
1.957	0.01653016
1.958	0.01658818
1.959	0.01664633
1.960	0.01670459
1.961	0.01676299
1.962	0.01682151
1.963	0.01688015
1.964	0.01693892
1.965	0.01694499
1.966	0.01700389
1.967	0.01706292
1.968	0.01712207
1.969	0.01718134
1.970	0.01730837
1.971	0.01736818
1.972	0.01742811
1.973	0.01748816
1.974	0.01754834
1.975	0.01760864
1.976	0.01766907
1.977	0.01772962
1.978	0.01779030
1.979	0.01785110
1.980	0.01791203
1.981	0.01797308
1.982	0.01803426
1.983	0.01809555
1.984	0.01815698
1.985	0.01821852
1.986	0.01828019
1.987	0.01834198
1.988	0.01840390
1.989	0.01846594
1.990	0.01852810
1.991	0.01859038
1.992	0.01865279
1.993	0.01871532
1.994	0.01877797
1.995	0.01884075
1.996	0.01890365
1.997	0.01896667
1.998	0.01902981
1.999	0.01909307
2.000	0.01915645
2.001	0.01921996
2.002	0.01922212
2.003	0.01928574
2.004	0.01934948
2.005	0.01941334
2.006	0.01947733
2.007	0.01954143
2.008	0.01960565
2.009	0.01967000
2.010	0.01966911
2.011	0.01973356
2.012	0.01979813
2.013	0.01986282
2.014	0.01992763
2.015	0.01999256
2.016	0.02005761
2.017	0.02012278
2.018	0.02018806
2.019	0.02025347
2.020	0.02031899
2.021	0.02038463
2.022	0.02045039
2.023	0.02051627
2.024	0.02058226
2.025	0.02064837
2.026	0.02071460
2.027	0.02078095
2.028	0.02084741
2.029	0.02091399
2.030	0.02098069
2.031	0.02104750
2.032	0.02111443
2.033	0.02118147
2.034	0.02124863
2.035	0.02131590
2.036	0.02138329
2.037	0.02145079
2.038	0.02151841
2.039	0.02158614
2.040	0.02165398
2.041	0.02172265
2.042	0.02179074
2.043	0.02185893
2.044	0.02192724
2.045	0.02192254
2.046	0.02199094
2.047	0.02205945
2.048	0.02212807
2.049	0.02219681
2.050	0.02226566
2.051	0.02238538
2.052	0.02245461
2.053	0.02252394
2.054	0.02259339
2.055	0.02266295
2.056	0.02273262
2.057	0.02272159
2.058	0.02279132
2.059	0.02286117
2.060	0.02293113
2.061	0.02300119
2.062	0.02298643
2.063	0.02305656
2.064	0.02312679
2.065	0.02319712
2.066	0.02326757
2.067	0.02333812
2.068	0.02340878
2.069	0.02347955
2.070	0.02355043
2.071	0.02362141
2.072	0.02369250
2.073	0.02376369
2.074	0.02383499
2.075	0.02390639
2.076	0.02397789
2.077	0.02404951
2.078	0.02412122
2.079	0.02419304
2.080	0.02426496
2.081	0.02433699
2.082	0.02440911
2.083	0.02448134
2.084	0.02455367
2.085	0.02453395
2.086	0.02460632
2.087	0.02467879
2.088	0.02475136
2.089	0.02482403
2.090	0.02489680
2.091	0.02496967
2.092	0.02504264
2.093	0.02501858
2.094	0.02509157
2.095	0.02516466
2.096	0.02523785
2.097	0.02531113
2.098	0.02538451
2.099	0.02545799
2.100	0.02553157
2.101	0.02560524
2.102	0.02567900
2.103	0.02575286
2.104	0.02582890
2.105	0.02580000
2.106	0.02587399
2.107	0.02594808
2.108	0.02602225
2.109	0.02609652
2.110	0.02617088
2.111	0.02624534
2.112	0.02631988
2.113	0.02628626
2.114	0.02636080
2.115	0.02643543
2.116	0.02651015
2.117	0.02658495
2.118	0.02665985
2.119	0.02673484
2.120	0.02680991
2.121	0.02688507
2.122	0.02696032
2.123	0.02703565
2.124	0.02711107
2.125	0.02718657
2.126	0.02726216
2.127	0.02733783
2.128	0.02741359
2.129	0.02748943
2.130	0.02756535
2.131	0.02764136
2.132	0.02760166
2.133	0.02767764
2.134	0.02763348
2.135	0.02770941
2.136	0.02778543
2.137	0.02786153
2.138	0.02793771
2.139	0.02801397
2.140	0.02809030
2.141	0.02816671
2.142	0.02824320
2.143	0.02831976
2.144	0.02839640
2.145	0.02834655
2.146	0.02842314
2.147	0.02849979
2.148	0.02857652
2.149	0.02865333
2.150	0.02873020
2.151	0.02880715
2.152	0.02888417
2.153	0.02896126
2.154	0.02903842
2.155	0.02911564
2.156	0.02919294
2.157	0.02927030
2.158	0.02939425
2.159	0.02947203
2.160	0.02954987
2.161	0.02962779
2.162	0.02970576
2.163	0.02978380
2.164	0.02958685
2.165	0.02966459
2.166	0.02974239
2.167	0.02982025
2.168	0.02989817
2.169	0.02997616
2.170	0.03005421
2.171	0.03013232
2.172	0.03021049
2.173	0.03028871
2.174	0.03036700
2.175	0.03053746
2.176	0.03061626
2.177	0.03069513
2.178	0.03077405
2.179	0.03085302
2.180	0.03093205
2.181	0.03101114
2.182	0.03109027
2.183	0.03116946
2.184	0.03124870
2.185	0.03132799
2.186	0.03140732
2.187	0.03148671
2.188	0.03156614
2.189	0.03164562
2.190	0.03172514
2.191	0.03180471
2.192	0.03188432
2.193	0.03196398
2.194	0.03204367
2.195	0.03212341
2.196	0.03220319
2.197	0.03228300
2.198	0.03236286
2.199	0.03244275
2.200	0.03252267
2.201	0.03260263
2.202	0.03268263
2.203	0.03276266
2.204	0.03284271
2.205	0.03292280
2.206	0.03300292
2.207	0.03292798
2.208	0.03300795
2.209	0.03308795
2.210	0.03316797
2.211	0.03324802
2.212	0.03332809
2.213	0.03340818
2.214	0.03348830
2.215	0.03356844
2.216	0.03364859
2.217	0.03372877
2.218	0.03380896
2.219	0.03388917
2.220	0.03396939
2.221	0.03404963
2.222	0.03412988
2.223	0.03421014
2.224	0.03429041
2.225	0.03422398
2.226	0.03413501
2.227	0.03421503
2.228	0.03429505
2.229	0.03437508
2.230	0.03445512
2.231	0.03453516
2.232	0.03461520
2.233	0.03469525
2.234	0.03477529
2.235	0.03485534
2.236	0.03493538
2.237	0.03501541
2.238	0.03509544
2.239	0.03517547
2.240	0.03525548
2.241	0.03533549
2.242	0.03541548
2.243	0.03549546
2.244	0.03557543
2.245	0.03565538
2.246	0.03555676
2.247	0.03563647
2.248	0.03571616
2.249	0.03579583
2.250	0.03599044
2.251	0.03607052
2.252	0.03615058
2.253	0.03623061
2.254	0.03631062
2.255	0.03639060
2.256	0.03647054
2.257	0.03655045
2.258	0.03663033
2.259	0.03671017
2.260	0.03678997
2.261	0.03686974
2.262	0.03676035
2.263	0.03683983
2.264	0.03691926
2.265	0.03699865
2.266	0.03688260
2.267	0.03696168
2.268	0.03704071
2.269	0.03711968
2.270	0.03719861
2.271	0.03727748
2.272	0.03735629
2.273	0.03723269
2.274	0.03731117
2.275	0.03738958
2.276	0.03746793
2.277	0.03733749
2.278	0.03741549
2.279	0.03749342
2.280	0.03757128
2.281	0.03764907
2.282	0.03772678
2.283	0.03780442
2.284	0.03788197
2.285	0.03795945
2.286	0.03803684
2.287	0.03811415
2.288	0.03819137
2.289	0.03826850
2.290	0.03834553
2.291	0.03842247
2.292	0.03849931
2.293	0.03857606
2.294	0.03865270
2.295	0.03872923
2.296	0.03880566
2.297	0.03888198
2.298	0.03895818
2.299	0.03903427
2.300	0.03911024
2.301	0.03918610
2.302	0.03926183
2.303	0.03933743
2.304	0.03941290
2.305	0.03948825
2.306	0.03956346
2.307	0.03963853
2.308	0.03971346
2.309	0.03978825
2.310	0.03986289
2.311	0.03993739
2.312	0.04001174
2.313	0.04008593
2.314	0.04015996
2.315	0.04023383
2.316	0.04030754
2.317	0.04038108
2.318	0.04045445
2.319	0.04052765
2.320	0.04060067
2.321	0.04067351
2.322	0.04074617
2.323	0.04081864
2.324	0.04089092
2.325	0.04096301
2.326	0.04103491
2.327	0.04110660
2.328	0.04117809
2.329	0.04130664
2.330	0.04137803
2.331	0.04144921
2.332	0.04152017
2.333	0.04159091
2.334	0.04166143
2.335	0.04173172
2.336	0.04180178
2.337	0.04187160
2.338	0.04171581
2.339	0.04178506
2.340	0.04185405
2.341	0.04192280
2.342	0.04199130
2.343	0.04205954
2.344	0.04212752
2.345	0.04219523
2.346	0.04226267
2.347	0.04232984
2.348	0.04239674
2.349	0.04246335
2.350	0.04252967
2.351	0.04259570
2.352	0.04266144
2.353	0.04272688
2.354	0.04279201
2.355	0.04285684
2.356	0.04292135
2.357	0.04298555
2.358	0.04304942
2.359	0.04311296
2.360	0.04317617
2.361	0.04323905
2.362	0.04330158
2.363	0.04336377
2.364	0.04342560
2.365	0.04364001
2.366	0.04370146
2.367	0.04352489
2.368	0.04358558
2.369	0.04364588
2.370	0.04346150
2.371	0.04352103
2.372	0.04358016
2.373	0.04363891
2.374	0.04369726
2.375	0.04375521
2.376	0.04381276
2.377	0.04386989
2.378	0.04392661
2.379	0.04373188
2.380	0.04378775
2.381	0.04384319
2.382	0.04389820
2.383	0.04395534
2.384	0.04400950
2.385	0.04406320
2.386	0.04411645
2.387	0.04416924
2.388	0.04422156
2.389	0.04427341
2.390	0.04432478
2.391	0.04437567
2.392	0.04442606
2.393	0.04447597
2.394	0.04452537
2.395	0.04457426
2.396	0.04462265
2.397	0.04441338
2.398	0.04446080
2.399	0.04450769
2.400	0.04455405
2.401	0.04459988
2.402	0.04438167
2.403	0.04442649
2.404	0.04450839
2.405	0.04455235
2.406	0.04459575
2.407	0.04463858
2.408	0.04468084
2.409	0.04472253
2.410	0.04476364
2.411	0.04496422
2.412	0.04500451
2.413	0.04504420
2.414	0.04508328
2.415	0.04512176
2.416	0.04515962
2.417	0.04519686
2.418	0.04523347
2.419	0.04526945
2.420	0.04530479
2.421	0.04533949
2.422	0.04482349
2.423	0.04485724
2.424	0.04489034
2.425	0.04492279
2.426	0.04495459
2.427	0.04498572
2.428	0.04501619
2.429	0.04504599
2.430	0.04507510
2.431	0.04510354
2.432	0.04513130
2.433	0.04515836
2.434	0.04518473
2.435	0.04521040
2.436	0.04523537
2.437	0.04525963
2.438	0.04528318
2.439	0.04530601
2.440	0.04532812
2.441	0.04534951
2.442	0.04537018
2.443	0.04539011
2.444	0.04540931
2.445	0.04542777
2.446	0.04544549
2.447	0.04546247
2.448	0.04547870
2.449	0.04549419
2.450	0.04550892
2.451	0.04552289
2.452	0.04553611
2.453	0.04554856
2.454	0.04528344
2.455	0.04529475
2.456	0.04530529
2.457	0.04531507
2.458	0.04532409
2.459	0.04533234
2.460	0.04533983
2.461	0.04534655
2.462	0.04535250
2.463	0.04535768
2.464	0.04536210
2.465	0.04536574
2.466	0.04536861
2.467	0.04537070
2.468	0.04537203
2.469	0.04537258
2.470	0.04537237
2.471	0.04537138
2.472	0.04536962
2.473	0.04536709
2.474	0.04536379
2.475	0.04535972
2.476	0.04535488
2.477	0.04534927
2.478	0.04534290
2.479	0.04533577
2.480	0.04532787
2.481	0.04531922
2.482	0.04530980
2.483	0.04502925
2.484	0.04501889
2.485	0.04500778
2.486	0.04499592
2.487	0.04498333
2.488	0.04497000
2.489	0.04495594
2.490	0.04494114
2.491	0.04492562
2.492	0.04490937
2.493	0.04489240
2.494	0.04487472
2.495	0.04485632
2.496	0.04456756
2.497	0.04454838
2.498	0.04452851
2.499	0.04459619
2.500	0.04457526
2.501	0.04455363
2.502	0.04453133
2.503	0.04450836
2.504	0.04448471
2.505	0.04446040
2.506	0.04443543
2.507	0.04440981
2.508	0.04411370
2.509	0.04408748
2.510	0.04406063
2.511	0.04403315
2.512	0.04400504
2.513	0.04397632
2.514	0.04394698
2.515	0.04391704
2.516	0.04388649
2.517	0.04358512
2.518	0.04355414
2.519	0.04352257
2.520	0.04349044
2.521	0.04345773
2.522	0.04342446
2.523	0.04339064
2.524	0.04335627
2.525	0.04332135
2.526	0.04326185
2.527	0.04294988
2.528	0.04291390
2.529	0.04287740
2.530	0.04284039
2.531	0.04280287
2.532	0.04276486
2.533	0.04272636
2.534	0.04268737
2.535	0.04264791
2.536	0.04260797
2.537	0.04256756
2.538	0.04252669
2.539	0.04248537
2.540	0.04244360
2.541	0.04240138
2.542	0.04208865
2.543	0.04204642
2.544	0.04200377
2.545	0.04196071
2.546	0.04191724
2.547	0.04187337
2.548	0.04182910
2.549	0.04178443
2.550	0.04173939
2.551	0.04142509
2.552	0.04146779
2.553	0.04142278
2.554	0.04110344
2.555	0.04105861
2.556	0.04101343
2.557	0.04096792
2.558	0.04092207
2.559	0.04087590
2.560	0.04082940
2.561	0.04078258
2.562	0.04073545
2.563	0.04068801
2.564	0.04064028
2.565	0.04059224
2.566	0.04054392
2.567	0.04064227
2.568	0.04059352
2.569	0.04054449
2.570	0.04049519
2.571	0.04044563
2.572	0.04039580
2.573	0.04034572
2.574	0.04029538
2.575	0.04024480
2.576	0.04019398
2.577	0.04014291
2.578	0.04009162
2.579	0.04004010
2.580	0.03998835
2.581	0.03993638
2.582	0.03988420
2.583	0.03983181
2.584	0.03977922
2.585	0.03972642
2.586	0.03967343
2.587	0.03936763
2.588	0.03931521
2.589	0.03900567
2.590	0.03895386
2.591	0.03864069
2.592	0.03858950
2.593	0.03853815
2.594	0.03848664
2.595	0.03843497
2.596	0.03838315
2.597	0.03833117
2.598	0.03827905
2.599	0.03796733
2.600	0.03791591
2.601	0.03786436
2.602	0.03781267
2.603	0.03776086
2.604	0.03771401
2.605	0.03766200
2.606	0.03760986
2.607	0.03755761
2.608	0.03750525
2.609	0.03746249
2.610	0.03740963
2.611	0.03735667
2.612	0.03730361
2.613	0.03725045
2.614	0.03719720
2.615	0.03714386
2.616	0.03709044
2.617	0.03703692
2.618	0.03698333
2.619	0.03692966
2.620	0.03687591
2.621	0.03682208
2.622	0.03676819
2.623	0.03671422
2.624	0.03666019
2.625	0.03674101
2.626	0.03668685
2.627	0.03663263
2.628	0.03657835
2.629	0.03652402
2.630	0.03646963
2.631	0.03641520
2.632	0.03636071
2.633	0.03630619
2.634	0.03625161
2.635	0.03619700
2.636	0.03614234
2.637	0.03608765
2.638	0.03603292
2.639	0.03597816
2.640	0.03592337
2.641	0.03586855
2.642	0.03581370
2.643	0.03575882
2.644	0.03570393
2.645	0.03564901
2.646	0.03559407
2.647	0.03553911
2.648	0.03548413
2.649	0.03542914
2.650	0.03537414
2.651	0.03531912
2.652	0.03526410
2.653	0.03520907
2.654	0.03515403
2.655	0.03509898
2.656	0.03504394
2.657	0.03498889
2.658	0.03493384
2.659	0.03487879
2.660	0.03482374
2.661	0.03476870
2.662	0.03471366
2.663	0.03465863
2.664	0.03460361
2.665	0.03454860
2.666	0.03449359
2.667	0.03443860
2.668	0.03438363
2.669	0.03432866
2.670	0.03427371
2.671	0.03421878
2.672	0.03416387
2.673	0.03410898
2.674	0.03405410
2.675	0.03379959
2.676	0.03374571
2.677	0.03369186
2.678	0.03363803
2.679	0.03358422
2.680	0.03333003
2.681	0.03327723
2.682	0.03322445
2.683	0.03317170
2.684	0.03311898
2.685	0.03306628
2.686	0.03301362
2.687	0.03296098
2.688	0.03290838
2.689	0.03285581
2.690	0.03280328
2.691	0.03275077
2.692	0.03269831
2.693	0.03264587
2.694	0.03259348
2.695	0.03254112
2.696	0.03248879
2.697	0.03243651
2.698	0.03238427
2.699	0.03233206
2.700	0.03227990
2.701	0.03222777
2.702	0.03217569
2.703	0.03212365
2.704	0.03188840
2.705	0.03183737
2.706	0.03178639
2.707	0.03173544
2.708	0.03168454
2.709	0.03163369
2.710	0.03158288
2.711	0.03153212
2.712	0.03148140
2.713	0.03143072
2.714	0.03138010
2.715	0.03132952
2.716	0.03127899
2.717	0.03122851
2.718	0.03100242
2.719	0.03095294
2.720	0.03090352
2.721	0.03085414
2.722	0.03080481
2.723	0.03075552
2.724	0.03070629
2.725	0.03065711
2.726	0.03060798
2.727	0.03055890
2.728	0.03050987
2.729	0.03058154
2.730	0.03053255
2.731	0.03048361
2.732	0.03043472
2.733	0.03038588
2.734	0.03033710
2.735	0.03028837
2.736	0.03023969
2.737	0.03019106
2.738	0.03014249
2.739	0.03009397
2.740	0.03004551
2.741	0.02999710
2.742	0.02994874
2.743	0.02990044
2.744	0.02985220
2.745	0.02980401
2.746	0.02975587
2.747	0.02970779
2.748	0.02965977
2.749	0.02961180
2.750	0.02956389
2.751	0.02951603
2.752	0.02946823
2.753	0.02954293
2.754	0.02949519
2.755	0.02944751
2.756	0.02939989
2.757	0.02935232
2.758	0.02930481
2.759	0.02925736
2.760	0.02920996
2.761	0.02916262
2.762	0.02911534
2.763	0.02910537
2.764	0.02905836
2.765	0.02901141
2.766	0.02896451
2.767	0.02891768
2.768	0.02887090
2.769	0.02882418
2.770	0.02877752
2.771	0.02873092
2.772	0.02868438
2.773	0.02863790
2.774	0.02859147
2.775	0.02854510
2.776	0.02849880
2.777	0.02845255
2.778	0.02840636
2.779	0.02836022
2.780	0.02831415
2.781	0.02826814
2.782	0.02822218
2.783	0.02817629
2.784	0.02813045
2.785	0.02808467
2.786	0.02803896
2.787	0.02799330
2.788	0.02794770
2.789	0.02790215
2.790	0.02785667
2.791	0.02781125
2.792	0.02776588
2.793	0.02772058
2.794	0.02767533
2.795	0.02763015
2.796	0.02758502
2.797	0.02753995
2.798	0.02749494
2.799	0.02750231
2.800	0.02745721
2.801	0.02741217
2.802	0.02736719
2.803	0.02732227
2.804	0.02727741
2.805	0.02723261
2.806	0.02718786
2.807	0.02714318
2.808	0.02709855
2.809	0.02713950
2.810	0.02709502
2.811	0.02705060
2.812	0.02700625
2.813	0.02696195
2.814	0.02691771
2.815	0.02687353
2.816	0.02671217
2.817	0.02666885
2.818	0.02662559
2.819	0.02658239
2.820	0.02653924
2.821	0.02649616
2.822	0.02645313
2.823	0.02641015
2.824	0.02642041
2.825	0.02637735
2.826	0.02633434
2.827	0.02629140
2.828	0.02624851
2.829	0.02620567
2.830	0.02616290
2.831	0.02612018
2.832	0.02607752
2.833	0.02603491
2.834	0.02599237
2.835	0.02594987
2.836	0.02590744
2.837	0.02586506
2.838	0.02582274
2.839	0.02578047
2.840	0.02573826
2.841	0.02569610
2.842	0.02565400
2.843	0.02550574
2.844	0.02546445
2.845	0.02542321
2.846	0.02538202
2.847	0.02534089
2.848	0.02529982
2.849	0.02525879
2.850	0.02521782
2.851	0.02517690
2.852	0.02513604
2.853	0.02499157
2.854	0.02495149
2.855	0.02491147
2.856	0.02487149
2.857	0.02483157
2.858	0.02479169
2.859	0.02475187
2.860	0.02471209
2.861	0.02467237
2.862	0.02463269
2.863	0.02459307
2.864	0.02455349
2.865	0.02451396
2.866	0.02447448
2.867	0.02443505
2.868	0.02439567
2.869	0.02443115
2.870	0.02439205
2.871	0.02435300
2.872	0.02431400
2.873	0.02427505
2.874	0.02423614
2.875	0.02419729
2.876	0.02415848
2.877	0.02411971
2.878	0.02408100
2.879	0.02404233
2.880	0.02400371
2.881	0.02396513
2.882	0.02392660
2.883	0.02388812
2.884	0.02366878
2.885	0.02363166
2.886	0.02359458
2.887	0.02355755
2.888	0.02352056
2.889	0.02348361
2.890	0.02344670
2.891	0.02340984
2.892	0.02333551
2.893	0.02329868
2.894	0.02326189
2.895	0.02322514
2.896	0.02318844
2.897	0.02315178
2.898	0.02311516
2.899	0.02307858
2.900	0.02304205
2.901	0.02300555
2.902	0.02296910
2.903	0.02293269
2.904	0.02289632
2.905	0.02285999
2.906	0.02273688
2.907	0.02270124
2.908	0.02266564
2.909	0.02263008
2.910	0.02259455
2.911	0.02255907
2.912	0.02252362
2.913	0.02248821
2.914	0.02245284
2.915	0.02241750
2.916	0.02238221
2.917	0.02234695
2.918	0.02231172
2.919	0.02227653
2.920	0.02224138
2.921	0.02220627
2.922	0.02217119
2.923	0.02213615
2.924	0.02210114
2.925	0.02206617
2.926	0.02203123
2.927	0.02199633
2.928	0.02196147
2.929	0.02192663
2.930	0.02189184
2.931	0.02185708
2.932	0.02182235
2.933	0.02178765
2.934	0.02175299
2.935	0.02171837
2.936	0.02161072
2.937	0.02157673
2.938	0.02154277
2.939	0.02150884
2.940	0.02147494
2.941	0.02144107
2.942	0.02136436
2.943	0.02133057
2.944	0.02129682
2.945	0.02118754
2.946	0.02115440
2.947	0.02112130
2.948	0.02108823
2.949	0.02097814
2.950	0.02094568
2.951	0.02091326
2.952	0.02088086
2.953	0.02084849
2.954	0.02081614
2.955	0.02078382
2.956	0.02075153
2.957	0.02071927
2.958	0.02068703
2.959	0.02057961
2.960	0.02054797
2.961	0.02051636
2.962	0.02048477
2.963	0.02045320
2.964	0.02042166
2.965	0.02039014
2.966	0.02035865
2.967	0.02032717
2.968	0.02029573
2.969	0.02026430
2.970	0.02016000
2.971	0.02012916
2.972	0.02009833
2.973	0.02006752
2.974	0.02003674
2.975	0.02000597
2.976	0.01997523
2.977	0.01994450
2.978	0.01991380
2.979	0.01988311
2.980	0.01985245
2.981	0.01982180
2.982	0.01979117
2.983	0.01976056
2.984	0.01972997
2.985	0.01969940
2.986	0.01958838
2.987	0.01955833
2.988	0.01952831
2.989	0.01949830
2.990	0.01946831
2.991	0.01943834
2.992	0.01940840
2.993	0.01937847
2.994	0.01934856
2.995	0.01931866
2.996	0.01928879
2.997	0.01925893
2.998	0.01922910
2.999	0.01919928
3.000	0.01916947
3.001	0.01913969
3.002	0.01910992
3.003	0.01908017
3.004	0.01899018
3.005	0.01896063
3.006	0.01893110
3.007	0.01890159
3.008	0.01887210
3.009	0.01884263
3.010	0.01881317
3.011	0.01878373
3.012	0.01875431
3.013	0.01872490
3.014	0.01869551
3.015	0.01870435
3.016	0.01867484
3.017	0.01864536
3.018	0.01861588
3.019	0.01858643
3.020	0.01855698
3.021	0.01846697
3.022	0.01843803
3.023	0.01840910
3.024	0.01838019
3.025	0.01835129
3.026	0.01832240
3.027	0.01829352
3.028	0.01826465
3.029	0.01823580
3.030	0.01820696
3.031	0.01811890
3.032	0.01809054
3.033	0.01806219
3.034	0.01803385
3.035	0.01800552
3.036	0.01806430
3.037	0.01803610
3.038	0.01800791
3.039	0.01797972
3.040	0.01795155
3.041	0.01792338
3.042	0.01789522
3.043	0.01786706
3.044	0.01783892
3.045	0.01781077
3.046	0.01778264
3.047	0.01775451
3.048	0.01772638
3.049	0.01769827
3.050	0.01767015
3.051	0.01764204
3.052	0.01761394
3.053	0.01758584
3.054	0.01750418
3.055	0.01747652
3.056	0.01744886
3.057	0.01742121
3.058	0.01733853
3.059	0.01731131
3.060	0.01728409
3.061	0.01725687
3.062	0.01722965
3.063	0.01720244
3.064	0.01717522
3.065	0.01714800
3.066	0.01712078
3.067	0.01709356
3.068	0.01706633
3.069	0.01703911
3.070	0.01710214
3.071	0.01700988
3.072	0.01698301
3.073	0.01695613
3.074	0.01692926
3.075	0.01690239
3.076	0.01687551
3.077	0.01684863
3.078	0.01682176
3.079	0.01674081
3.080	0.01671434
3.081	0.01668786
3.082	0.01666138
3.083	0.01663490
3.084	0.01660842
3.085	0.01658193
3.086	0.01650116
3.087	0.01647506
3.088	0.01644896
3.089	0.01642285
3.090	0.01639674
3.091	0.01637062
3.092	0.01634450
3.093	0.01631837
3.094	0.01629224
3.095	0.01626609
3.096	0.01623995
3.097	0.01621379
3.098	0.01613511
3.099	0.01610933
3.100	0.01608354
3.101	0.01605775
3.102	0.01603195
3.103	0.01600614
3.104	0.01598032
3.105	0.01595449
3.106	0.01592865
3.107	0.01590281
3.108	0.01587695
3.109	0.01579985
3.110	0.01577436
3.111	0.01574886
3.112	0.01572334
3.113	0.01569782
3.114	0.01567229
3.115	0.01564675
3.116	0.01562119
3.117	0.01559563
3.118	0.01557005
3.119	0.01554447
3.120	0.01551887
3.121	0.01549327
3.122	0.01546765
3.123	0.01544202
3.124	0.01541638
3.125	0.01539073
3.126	0.01536507
3.127	0.01533940
3.128	0.01531372
3.129	0.01528802
3.130	0.01526232
3.131	0.01523660
3.132	0.01521088
3.133	0.01518514
3.134	0.01511445
3.135	0.01508905
3.136	0.01506363
3.137	0.01503821
3.138	0.01501277
3.139	0.01498732
3.140	0.01496185
3.141	0.01493638
3.142	0.01491089
3.143	0.01488540
3.144	0.01485989
3.145	0.01483437
3.146	0.01480883
3.147	0.01478329
3.148	0.01475773
3.149	0.01467668
3.150	0.01465141
3.151	0.01458151
3.152	0.01455656
3.153	0.01453160
3.154	0.01450663
3.155	0.01448165
3.156	0.01445666
3.157	0.01443166
3.158	0.01440666
3.159	0.01438164
3.160	0.01435661
3.161	0.01433157
3.162	0.01430653
3.163	0.01428147
3.164	0.01425641
3.165	0.01423133
3.166	0.01420625
3.167	0.01418116
3.168	0.01415606
3.169	0.01413096
3.170	0.01410584
3.171	0.01408072
3.172	0.01405559
3.173	0.01408478
3.174	0.01405978
3.175	0.01403478
3.176	0.01400977
3.177	0.01398475
3.178	0.01395972
3.179	0.01399045
3.180	0.01396531
3.181	0.01394016
3.182	0.01391500
3.183	0.01385007
3.184	0.01382522
3.185	0.01380036
3.186	0.01377549
3.187	0.01375061
3.188	0.01372573
3.189	0.01370085
3.190	0.01367596
3.191	0.01365106
3.192	0.01362616
3.193	0.01360125
3.194	0.01357634
3.195	0.01355142
3.196	0.01352650
3.197	0.01350157
3.198	0.01347664
3.199	0.01345171
3.200	0.01342678
3.201	0.01340184
3.202	0.01337689
3.203	0.01335195
3.204	0.01332700
3.205	0.01330205
3.206	0.01327710
3.207	0.01325215
3.208	0.01322719
3.209	0.01320224
3.210	0.01317728
3.211	0.01315232
3.212	0.01312736
3.213	0.01310240
3.214	0.01307745
3.215	0.01305249
3.216	0.01302645
3.217	0.01301706
3.218	0.01299299
3.219	0.01296891
3.220	0.01294484
3.221	0.01292076
3.222	0.01289669
3.223	0.01287262
3.224	0.01284831
3.225	0.01282413
3.226	0.01279994
3.227	0.01277576
3.228	0.01275158
3.229	0.01272740
3.230	0.01270322
3.231	0.01267905
3.232	0.01265488
3.233	0.01263072
3.234	0.01260656
3.235	0.01254579
3.236	0.01252192
3.237	0.01249805
3.238	0.01247419
3.239	0.01245033
3.240	0.01242647
3.241	0.01240263
3.242	0.01237878
3.243	0.01235494
3.244	0.01233111
3.245	0.01230728
3.246	0.01228346
3.247	0.01225965
3.248	0.01223584
3.249	0.01221204
3.250	0.01218825
3.251	0.01216446
3.252	0.01214068
3.253	0.01211691
3.254	0.01209315
3.255	0.01206939
3.256	0.01204565
3.257	0.01202191
3.258	0.01199818
3.259	0.01197446
3.260	0.01195075
3.261	0.01192705
3.262	0.01190336
3.263	0.01187967
3.264	0.01185600
3.265	0.01183234
3.266	0.01180869
3.267	0.01178505
3.268	0.01176142
3.269	0.01173780
3.270	0.01171419
3.271	0.01169059
3.272	0.01166701
3.273	0.01164343
3.274	0.01161987
3.275	0.01159632
3.276	0.01157278
3.277	0.01154925
3.278	0.01152574
3.279	0.01150224
3.280	0.01147875
3.281	0.01145528
3.282	0.01143181
3.283	0.01140836
3.284	0.01138493
3.285	0.01136151
3.286	0.01133810
3.287	0.01131470
3.288	0.01129132
3.289	0.01126795
3.290	0.01124460
3.291	0.01122126
3.292	0.01119794
3.293	0.01117463
3.294	0.01115133
3.295	0.01112805
3.296	0.01117817
3.297	0.01115502
3.298	0.01113188
3.299	0.01110877
3.300	0.01108566
3.301	0.01106257
3.302	0.01103950
3.303	0.01101644
3.304	0.01099340
3.305	0.01097037
3.306	0.01094736
3.307	0.01090268
3.308	0.01089849
3.309	0.01087586
3.310	0.01085324
3.311	0.01080722
3.312	0.01078487
3.313	0.01076254
3.314	0.01074023
3.315	0.01071794
3.316	0.01069566
3.317	0.01064890
3.318	0.01062688
3.319	0.01060489
3.320	0.01058291
3.321	0.01056130
3.322	0.01053923
3.323	0.01051718
3.324	0.01049515
3.325	0.01047314
3.326	0.01045114
3.327	0.01042916
3.328	0.01040720
3.329	0.01038526
3.330	0.01036333
3.331	0.01031535
3.332	0.01029369
3.333	0.01027205
3.334	0.01025042
3.335	0.01022881
3.336	0.01027877
3.337	0.01025724
3.338	0.01023573
3.339	0.01021424
3.340	0.01016501
3.341	0.01014378
3.342	0.01011052
3.343	0.01008991
3.344	0.01006931
3.345	0.01004874
3.346	0.01002819
3.347	0.01000765
3.348	0.00998713
3.349	0.00996664
3.350	0.00994616
3.351	0.00992570
3.352	0.00990526
3.353	0.00988484
3.354	0.00986444
3.355	0.00984407
3.356	0.00982371
3.357	0.00980337
3.358	0.00978305
3.359	0.00976275
3.360	0.00974247
3.361	0.00972222
3.362	0.00970198
3.363	0.00968176
3.364	0.00966157
3.365	0.00966083
3.366	0.00964077
3.367	0.00962073
3.368	0.00957450
3.369	0.00955472
3.370	0.00953496
3.371	0.00951523
3.372	0.00952036
3.373	0.00950053
3.374	0.00948073
3.375	0.00946095
3.376	0.00944119
3.377	0.00942145
3.378	0.00940174
3.379	0.00938204
3.380	0.00936237
3.381	0.00934272
3.382	0.00932309
3.383	0.00930349
3.384	0.00928391
3.385	0.00926435
3.386	0.00924481
3.387	0.00922530
3.388	0.00920581
3.389	0.00923993
3.390	0.00919264
3.391	0.00914350
3.392	0.00909251
3.393	0.00907368
3.394	0.00905486
3.395	0.00903608
3.396	0.00901731
3.397	0.00899857
3.398	0.00894689
3.399	0.00892840
3.400	0.00890993
3.401	0.00889148
3.402	0.00887306
3.403	0.00885466
3.404	0.00883629
3.405	0.00887442
3.406	0.00885621
3.407	0.00883801
3.408	0.00881985
3.409	0.00880170
3.410	0.00878358
3.411	0.00876549
3.412	0.00874742
3.413	0.00872938
3.414	0.00871136
3.415	0.00869337
3.416	0.00867541
3.417	0.00865747
3.418	0.00863955
3.419	0.00862167
3.420	0.00860381
3.421	0.00858597
3.422	0.00856817
3.423	0.00855039
3.424	0.00848298
3.425	0.00846535
3.426	0.00841506
3.427	0.00839768
3.428	0.00838034
3.429	0.00836303
3.430	0.00834574
3.431	0.00832849
3.432	0.00831126
3.433	0.00829407
3.434	0.00827691
3.435	0.00825978
3.436	0.00824268
3.437	0.00822561
3.438	0.00820857
3.439	0.00819157
3.440	0.00817460
3.441	0.00815766
3.442	0.00814075
3.443	0.00812388
3.444	0.00810704
3.445	0.00809023
3.446	0.00807345
3.447	0.00805671
3.448	0.00804001
3.449	0.00802333
3.450	0.00800670
3.451	0.00799009
3.452	0.00797353
3.453	0.00795699
3.454	0.00794049
3.455	0.00792403
3.456	0.00790760
3.457	0.00789121
3.458	0.00787486
3.459	0.00785854
3.460	0.00784226
3.461	0.00782601
3.462	0.00780980
3.463	0.00779363
3.464	0.00774984
3.465	0.00773393
3.466	0.00771806
3.467	0.00770222
3.468	0.00768643
3.469	0.00767067
3.470	0.00765495
3.471	0.00763927
3.472	0.00762363
3.473	0.00760803
3.474	0.00759246
3.475	0.00757694
3.476	0.00756145
3.477	0.00754601
3.478	0.00753060
3.479	0.00751524
3.480	0.00749991
3.481	0.00748463
3.482	0.00746938
3.483	0.00745418
3.484	0.00743902
3.485	0.00742389
3.486	0.00740881
3.487	0.00739377
3.488	0.00737877
3.489	0.00736382
3.490	0.00734890
3.491	0.00733403
3.492	0.00731920
3.493	0.00730441
3.494	0.00728966
3.495	0.00727496
3.496	0.00726029
3.497	0.00724567
3.498	0.00723109
3.499	0.00719317
3.500	0.00717886
3.501	0.00716459
3.502	0.00715037
3.503	0.00713619
3.504	0.00712205
3.505	0.00710795
3.506	0.00709390
3.507	0.00707989
3.508	0.00706592
3.509	0.00705199
3.510	0.00703811
3.511	0.00702428
3.512	0.00701048
3.513	0.00699673
3.514	0.00698262
3.515	0.00696880
3.516	0.00695503
3.517	0.00694131
3.518	0.00692763
3.519	0.00686819
3.520	0.00685478
3.521	0.00684142
3.522	0.00682811
3.523	0.00681484
3.524	0.00680162
3.525	0.00678845
3.526	0.00677532
3.527	0.00676224
3.528	0.00674920
3.529	0.00673621
3.530	0.00672327
3.531	0.00671037
3.532	0.00669752
3.533	0.00668471
3.534	0.00667195
3.535	0.00665924
3.536	0.00664657
3.537	0.00660300
3.538	0.00659081
3.539	0.00657866
3.540	0.00656657
3.541	0.00652209
3.542	0.00651004
3.543	0.00649804
3.544	0.00648609
3.545	0.00647418
3.546	0.00646233
3.547	0.00645052
3.548	0.00643876
3.549	0.00642705
3.550	0.00641538
3.551	0.00637953
3.552	0.00636814
3.553	0.00635679
3.554	0.00634549
3.555	0.00633424
3.556	0.00632304
3.557	0.00631188
3.558	0.00630077
3.559	0.00628970
3.560	0.00627868
3.561	0.00626771
3.562	0.00625679
3.563	0.00624591
3.564	0.00623507
3.565	0.00622429
3.566	0.00621354
3.567	0.00620285
3.568	0.00619220
3.569	0.00618159
3.570	0.00617103
3.571	0.00616051
3.572	0.00615004
3.573	0.00613961
3.574	0.00612922
3.575	0.00611888
3.576	0.00610859
3.577	0.00609833
3.578	0.00608812
3.579	0.00607796
3.580	0.00606783
3.581	0.00605775
3.582	0.00602684
3.583	0.00601702
3.584	0.00600724
3.585	0.00599750
3.586	0.00598781
3.587	0.00597815
3.588	0.00596854
3.589	0.00595897
3.590	0.00594944
3.591	0.00593995
3.592	0.00593050
3.593	0.00595358
3.594	0.00594481
3.595	0.00593607
3.596	0.00592738
3.597	0.00591873
3.598	0.00591011
3.599	0.00590153
3.600	0.00589299
3.601	0.00588448
3.602	0.00587602
3.603	0.00586759
3.604	0.00585919
3.605	0.00585084
3.606	0.00584251
3.607	0.00583423
3.608	0.00582597
3.609	0.00581776
3.610	0.00585731
3.611	0.00584912
3.612	0.00584096
3.613	0.00588443
3.614	0.00587646
3.615	0.00586852
3.616	0.00586061
3.617	0.00585274
3.618	0.00584490
3.619	0.00583709
3.620	0.00582931
3.621	0.00582156
3.622	0.00581384
3.623	0.00580615
3.624	0.00579849
3.625	0.00579086
3.626	0.00578326
3.627	0.00577569
3.628	0.00576814
3.629	0.00576063
3.630	0.00575314
3.631	0.00577604
3.632	0.00576873
3.633	0.00576145
3.634	0.00575419
3.635	0.00574696
3.636	0.00573975
3.637	0.00573257
3.638	0.00572542
3.639	0.00571829
3.640	0.00571118
3.641	0.00570410
3.642	0.00569705
3.643	0.00569001
3.644	0.00568301
3.645	0.00567602
3.646	0.00566906
3.647	0.00566212
3.648	0.00565520
3.649	0.00564831
3.650	0.00564144
3.651	0.00563458
3.652	0.00562775
3.653	0.00562095
3.654	0.00561416
3.655	0.00560739
3.656	0.00560064
3.657	0.00559391
3.658	0.00558721
3.659	0.00561237
3.660	0.00560562
3.661	0.00559888
3.662	0.00557705
3.663	0.00557026
3.664	0.00556349
3.665	0.00555674
3.666	0.00555001
3.667	0.00554329
3.668	0.00553660
3.669	0.00552992
3.670	0.00552326
3.671	0.00551661
3.672	0.00550999
3.673	0.00550338
3.674	0.00549679
3.675	0.00549021
3.676	0.00548365
3.677	0.00547711
3.678	0.00548796
3.679	0.00548155
3.680	0.00552966
3.681	0.00552340
3.682	0.00550212
3.683	0.00549605
3.684	0.00548999
3.685	0.00548396
3.686	0.00547793
3.687	0.00547193
3.688	0.00546594
3.689	0.00545996
3.690	0.00545401
3.691	0.00544806
3.692	0.00544214
3.693	0.00543622
3.694	0.00543033
3.695	0.00542445
3.696	0.00540373
3.697	0.00539804
3.698	0.00539237
3.699	0.00538670
3.700	0.00538106
3.701	0.00537543
3.702	0.00536982
3.703	0.00536422
3.704	0.00535864
3.705	0.00535307
3.706	0.00540721
3.707	0.00540171
3.708	0.00539623
3.709	0.00539077
3.710	0.00538532
3.711	0.00537988
3.712	0.00537447
3.713	0.00536907
3.714	0.00542396
3.715	0.00541864
3.716	0.00541334
3.717	0.00542850
3.718	0.00542378
3.719	0.00541909
3.720	0.00541441
3.721	0.00540974
3.722	0.00540510
3.723	0.00540047
3.724	0.00539586
3.725	0.00539127
3.726	0.00538669
3.727	0.00538213
3.728	0.00537760
3.729	0.00537308
3.730	0.00536857
3.731	0.00536409
3.732	0.00535963
3.733	0.00535518
3.734	0.00535076
3.735	0.00534635
3.736	0.00534196
3.737	0.00533759
3.738	0.00533325
3.739	0.00532892
3.740	0.00532461
3.741	0.00532032
3.742	0.00531606
3.743	0.00531181
3.744	0.00530758
3.745	0.00530338
3.746	0.00529919
3.747	0.00529503
3.748	0.00529089
3.749	0.00528677
3.750	0.00528267
3.751	0.00527860
3.752	0.00527454
3.753	0.00527051
3.754	0.00526650
3.755	0.00526251
3.756	0.00525855
3.757	0.00525460
3.758	0.00525068
3.759	0.00524679
3.760	0.00524291
3.761	0.00523906
3.762	0.00523524
3.763	0.00523143
3.764	0.00522765
3.765	0.00522390
3.766	0.00522016
3.767	0.00521645
3.768	0.00521277
3.769	0.00520911
3.770	0.00520547
3.771	0.00519242
3.772	0.00518898
3.773	0.00518557
3.774	0.00518218
3.775	0.00517882
3.776	0.00517548
3.777	0.00517216
3.778	0.00516887
3.779	0.00516561
3.780	0.00516236
3.781	0.00515915
3.782	0.00515595
3.783	0.00515278
3.784	0.00514964
3.785	0.00514652
3.786	0.00514343
3.787	0.00514035
3.788	0.00513731
3.789	0.00513428
3.790	0.00513129
3.791	0.00509676
3.792	0.00509399
3.793	0.00509125
3.794	0.00508854
3.795	0.00508584
3.796	0.00508317
3.797	0.00507097
3.798	0.00506851
3.799	0.00505481
3.800	0.00505254
3.801	0.00505029
3.802	0.00504807
3.803	0.00504587
3.804	0.00504370
3.805	0.00504155
3.806	0.00503942
3.807	0.00503731
3.808	0.00503523
3.809	0.00503317
3.810	0.00503113
3.811	0.00500607
3.812	0.00500402
3.813	0.00500199
3.814	0.00499998
3.815	0.00498514
3.816	0.00498333
3.817	0.00498154
3.818	0.00497977
3.819	0.00497802
3.820	0.00497629
3.821	0.00497458
3.822	0.00497289
3.823	0.00497122
3.824	0.00496957
3.825	0.00496794
3.826	0.00492688
3.827	0.00492533
3.828	0.00492380
3.829	0.00492229
3.830	0.00492081
3.831	0.00491933
3.832	0.00491788
3.833	0.00491645
3.834	0.00491503
3.835	0.00491363
3.836	0.00491225
3.837	0.00491089
3.838	0.00490954
3.839	0.00490821
3.840	0.00490689
3.841	0.00490560
3.842	0.00490431
3.843	0.00490304
3.844	0.00490179
3.845	0.00490055
3.846	0.00489932
3.847	0.00489811
3.848	0.00489691
3.849	0.00489573
3.850	0.00489455
3.851	0.00489339
3.852	0.00489224
3.853	0.00489111
3.854	0.00488998
3.855	0.00488887
3.856	0.00488776
3.857	0.00488667
3.858	0.00488559
3.859	0.00488451
3.860	0.00488345
3.861	0.00488239
3.862	0.00488134
3.863	0.00488030
3.864	0.00487927
3.865	0.00487824
3.866	0.00487723
3.867	0.00487622
3.868	0.00487521
3.869	0.00487421
3.870	0.00487322
3.871	0.00487223
3.872	0.00487125
3.873	0.00487028
3.874	0.00486930
3.875	0.00486833
3.876	0.00486737
3.877	0.00486641
3.878	0.00486545
3.879	0.00486449
3.880	0.00486354
3.881	0.00486259
3.882	0.00486164
3.883	0.00486069
3.884	0.00485975
3.885	0.00485880
3.886	0.00485786
3.887	0.00485692
3.888	0.00485597
3.889	0.00485503
3.890	0.00485409
3.891	0.00485314
3.892	0.00485220
3.893	0.00485125
3.894	0.00485030
3.895	0.00484935
3.896	0.00484840
3.897	0.00484745
3.898	0.00484649
3.899	0.00484553
3.900	0.00484457
3.901	0.00484361
3.902	0.00483909
3.903	0.00483828
3.904	0.00483746
3.905	0.00483664
3.906	0.00483581
3.907	0.00483498
3.908	0.00483414
3.909	0.00482882
3.910	0.00482813
3.911	0.00482743
3.912	0.00482673
3.913	0.00482603
3.914	0.00482532
3.915	0.00482461
3.916	0.00482389
3.917	0.00482316
3.918	0.00482243
3.919	0.00487364
3.920	0.00493473
3.921	0.00493384
3.922	0.00493295
3.923	0.00493204
3.924	0.00493113
3.925	0.00493021
3.926	0.00492929
3.927	0.00492836
3.928	0.00492741
3.929	0.00497857
3.930	0.00497760
3.931	0.00497663
3.932	0.00497565
3.933	0.00496797
3.934	0.00496712
3.935	0.00496626
3.936	0.00496540
3.937	0.00496453
3.938	0.00496365
3.939	0.00496276
3.940	0.00496187
3.941	0.00496097
3.942	0.00496006
3.943	0.00495914
3.944	0.00495822
3.945	0.00495729
3.946	0.00495635
3.947	0.00495540
3.948	0.00495445
3.949	0.00495349
3.950	0.00495252
3.951	0.00495155
3.952	0.00495057
3.953	0.00494958
3.954	0.00494859
3.955	0.00494759
3.956	0.00494658
3.957	0.00494556
3.958	0.00494454
3.959	0.00494352
3.960	0.00494248
3.961	0.00494145
3.962	0.00494040
3.963	0.00493935
3.964	0.00493829
3.965	0.00493723
3.966	0.00493616
3.967	0.00493509
3.968	0.00493401
3.969	0.00493292
3.970	0.00493183
3.971	0.00493073
3.972	0.00492963
3.973	0.00492853
3.974	0.00492742
3.975	0.00492630
3.976	0.00492518
3.977	0.00492405
3.978	0.00492292
3.979	0.00492179
3.980	0.00492065
3.981	0.00491951
3.982	0.00491836
3.983	0.00491721
3.984	0.00491605
3.985	0.00491489
3.986	0.00491373
3.987	0.00491256
3.988	0.00491139
3.989	0.00490987
3.990	0.00490884
3.991	0.00490781
3.992	0.00490678
3.993	0.00490574
3.994	0.00490471
3.995	0.00490366
3.996	0.00490262
3.997	0.00490157
3.998	0.00490052
3.999	0.00489947
4.000	0.00489841
4.001	0.00489735
4.002	0.00489629
4.003	0.00489523
4.004	0.00489417
4.005	0.00489310
4.006	0.00489203
4.007	0.00489096
4.008	0.00488988
4.009	0.00488881
4.010	0.00488773
4.011	0.00488665
4.012	0.00488557
4.013	0.00488448
4.014	0.00488340
4.015	0.00488231
4.016	0.00488122
4.017	0.00488013
4.018	0.00487904
4.019	0.00487795
4.020	0.00487685
4.021	0.00487575
4.022	0.00487466
4.023	0.00487356
4.024	0.00487246
4.025	0.00487136
4.026	0.00487025
4.027	0.00486915
4.028	0.00486805
4.029	0.00486694
4.030	0.00486583
4.031	0.00486473
4.032	0.00486362
4.033	0.00486251
4.034	0.00486140
4.035	0.00486029
4.036	0.00485918
4.037	0.00485807
4.038	0.00485695
4.039	0.00485584
4.040	0.00485473
4.041	0.00485361
4.042	0.00485250
4.043	0.00485138
4.044	0.00485027
4.045	0.00484915
4.046	0.00484804
4.047	0.00484692
4.048	0.00484581
4.049	0.00484469
4.050	0.00484357
4.051	0.00484246
4.052	0.00484134
4.053	0.00484022
4.054	0.00483911
4.055	0.00483799
4.056	0.00483688
4.057	0.00483576
4.058	0.00483465
4.059	0.00483353
4.060	0.00483242
4.061	0.00483131
4.062	0.00483924
4.063	0.00483829
4.064	0.00483734
4.065	0.00483640
4.066	0.00483545
4.067	0.00483451
4.068	0.00483357
4.069	0.00484066
4.070	0.00483989
4.071	0.00483911
4.072	0.00483834
4.073	0.00483757
4.074	0.00483680
4.075	0.00483603
4.076	0.00483527
4.077	0.00483451
4.078	0.00483375
4.079	0.00483299
4.080	0.00483223
4.081	0.00483148
4.082	0.00483073
4.083	0.00482998
4.084	0.00482924
4.085	0.00483701
4.086	0.00483643
4.087	0.00483587
4.088	0.00483530
4.089	0.00483474
4.090	0.00483418
4.091	0.00483362
4.092	0.00483307
4.093	0.00483253
4.094	0.00483199
4.095	0.00483145
4.096	0.00483091
4.097	0.00486358
4.098	0.00486301
4.099	0.00486245
4.100	0.00486189
4.101	0.00486134
4.102	0.00486079
4.103	0.00492658
4.104	0.00492609
4.105	0.00492560
4.106	0.00492511
4.107	0.00492463
4.108	0.00492416
4.109	0.00492369
4.110	0.00492323
4.111	0.00492278
4.112	0.00492233
4.113	0.00492189
4.114	0.00493431
4.115	0.00493421
4.116	0.00493412
4.117	0.00493403
4.118	0.00493395
4.119	0.00493388
4.120	0.00493382
4.121	0.00493377
4.122	0.00493372
4.123	0.00493369
4.124	0.00493366
4.125	0.00493860
4.126	0.00493875
4.127	0.00493891
4.128	0.00493908
4.129	0.00493927
4.130	0.00493946
4.131	0.00493966
4.132	0.00493987
4.133	0.00494009
4.134	0.00494032
4.135	0.00494056
4.136	0.00494081
4.137	0.00494108
4.138	0.00494135
4.139	0.00494164
4.140	0.00494193
4.141	0.00494224
4.142	0.00494256
4.143	0.00491387
4.144	0.00491442
4.145	0.00491499
4.146	0.00491557
4.147	0.00496569
4.148	0.00493224
4.149	0.00493342
4.150	0.00493461
4.151	0.00493581
4.152	0.00493702
4.153	0.00493825
4.154	0.00493949
4.155	0.00494074
4.156	0.00494200
4.157	0.00494328
4.158	0.00494457
4.159	0.00494587
4.160	0.00494719
4.161	0.00494852
4.162	0.00494987
4.163	0.00495122
4.164	0.00495260
4.165	0.00495398
4.166	0.00495538
4.167	0.00495679
4.168	0.00495822
4.169	0.00496453
4.170	0.00496595
4.171	0.00496905
4.172	0.00497066
4.173	0.00497229
4.174	0.00497393
4.175	0.00497558
4.176	0.00497725
4.177	0.00497894
4.178	0.00498064
4.179	0.00498236
4.180	0.00498410
4.181	0.00498585
4.182	0.00498762
4.183	0.00498940
4.184	0.00499120
4.185	0.00499302
4.186	0.00499485
4.187	0.00499670
4.188	0.00499857
4.189	0.00500046
4.190	0.00500236
4.191	0.00500428
4.192	0.00500622
4.193	0.00500817
4.194	0.00501014
4.195	0.00501213
4.196	0.00501414
4.197	0.00501616
4.198	0.00501820
4.199	0.00502027
4.200	0.00502234
4.201	0.00502444
4.202	0.00503130
4.203	0.00503360
4.204	0.00503593
4.205	0.00503828
4.206	0.00504064
4.207	0.00504303
4.208	0.00504543
4.209	0.00504786
4.210	0.00505030
4.211	0.00505276
4.212	0.00505524
4.213	0.00505775
4.214	0.00506027
4.215	0.00506281
4.216	0.00506538
4.217	0.00506796
4.218	0.00507056
4.219	0.00507319
4.220	0.00507583
4.221	0.00507850
4.222	0.00508119
4.223	0.00508390
4.224	0.00508663
4.225	0.00508938
4.226	0.00509215
4.227	0.00515420
4.228	0.00515685
4.229	0.00515952
4.230	0.00516221
4.231	0.00516492
4.232	0.00516765
4.233	0.00519537
4.234	0.00519864
4.235	0.00520192
4.236	0.00520522
4.237	0.00520855
4.238	0.00521189
4.239	0.00521526
4.240	0.00521865
4.241	0.00522206
4.242	0.00522549
4.243	0.00522895
4.244	0.00523242
4.245	0.00523592
4.246	0.00523944
4.247	0.00524298
4.248	0.00524654
4.249	0.00525013
4.250	0.00525374
4.251	0.00525737
4.252	0.00526102
4.253	0.00526470
4.254	0.00526840
4.255	0.00527212
4.256	0.00527587
4.257	0.00528789
4.258	0.00529187
4.259	0.00529587
4.260	0.00529989
4.261	0.00530394
4.262	0.00530801
4.263	0.00531210
4.264	0.00531622
4.265	0.00532036
4.266	0.00532452
4.267	0.00532871
4.268	0.00537314
4.269	0.00537714
4.270	0.00538117
4.271	0.00538522
4.272	0.00538929
4.273	0.00539339
4.274	0.00539752
4.275	0.00540167
4.276	0.00540584
4.277	0.00541004
4.278	0.00541427
4.279	0.00542649
4.280	0.00543095
4.281	0.00543544
4.282	0.00543995
4.283	0.00545505
4.284	0.00545999
4.285	0.00546495
4.286	0.00546993
4.287	0.00547494
4.288	0.00547997
4.289	0.00548503
4.290	0.00549012
4.291	0.00549523
4.292	0.00550037
4.293	0.00550553
4.294	0.00551072
4.295	0.00551593
4.296	0.00552117
4.297	0.00552644
4.298	0.00553172
4.299	0.00552468
4.300	0.00553004
4.301	0.00553543
4.302	0.00554084
4.303	0.00554949
4.304	0.00555514
4.305	0.00556082
4.306	0.00556652
4.307	0.00557225
4.308	0.00557985
4.309	0.00558555
4.310	0.00559173
4.311	0.00559794
4.312	0.00560417
4.313	0.00561043
4.314	0.00561672
4.315	0.00562303
4.316	0.00562936
4.317	0.00563573
4.318	0.00564211
4.319	0.00564853
4.320	0.00565497
4.321	0.00566143
4.322	0.00566792
4.323	0.00567443
4.324	0.00568097
4.325	0.00568754
4.326	0.00569413
4.327	0.00570075
4.328	0.00570838
4.329	0.00571523
4.330	0.00572118
4.331	0.00572827
4.332	0.00573539
4.333	0.00574253
4.334	0.00574970
4.335	0.00575690
4.336	0.00576412
4.337	0.00577136
4.338	0.00577863
4.339	0.00578592
4.340	0.00579324
4.341	0.00580058
4.342	0.00580795
4.343	0.00581535
4.344	0.00582276
4.345	0.00583020
4.346	0.00583767
4.347	0.00584516
4.348	0.00585267
4.349	0.00586021
4.350	0.00586778
4.351	0.00587612
4.352	0.00588392
4.353	0.00589175
4.354	0.00589961
4.355	0.00590748
4.356	0.00591539
4.357	0.00592331
4.358	0.00593126
4.359	0.00593924
4.360	0.00594724
4.361	0.00595526
4.362	0.00596386
4.363	0.00597213
4.364	0.00598042
4.365	0.00598873
4.366	0.00599707
4.367	0.00600544
4.368	0.00601382
4.369	0.00602224
4.370	0.00603067
4.371	0.00603913
4.372	0.00604761
4.373	0.00605612
4.374	0.00606465
4.375	0.00607321
4.376	0.00608178
4.377	0.00609038
4.378	0.00609901
4.379	0.00610766
4.380	0.00611633
4.381	0.00612502
4.382	0.00613374
4.383	0.00614248
4.384	0.00615380
4.385	0.00616279
4.386	0.00617180
4.387	0.00618083
4.388	0.00618989
4.389	0.00619897
4.390	0.00620807
4.391	0.00621720
4.392	0.00622635
4.393	0.00623552
4.394	0.00624471
4.395	0.00625393
4.396	0.00626316
4.397	0.00627242
4.398	0.00628170
4.399	0.00629100
4.400	0.00630033
4.401	0.00630967
4.402	0.00631903
4.403	0.00632842
4.404	0.00633783
4.405	0.00634725
4.406	0.00635670
4.407	0.00636617
4.408	0.00637565
4.409	0.00638516
4.410	0.00639469
4.411	0.00640423
4.412	0.00641380
4.413	0.00642338
4.414	0.00643298
4.415	0.00644260
4.416	0.00645224
4.417	0.00646189
4.418	0.00647157
4.419	0.00648126
4.420	0.00655180
4.421	0.00656156
4.422	0.00663335
4.423	0.00664320
4.424	0.00665306
4.425	0.00666294
4.426	0.00667283
4.427	0.00668274
4.428	0.00669789
4.429	0.00670804
4.430	0.00671820
4.431	0.00672837
4.432	0.00673856
4.433	0.00674876
4.434	0.00675897
4.435	0.00676920
4.436	0.00677944
4.437	0.00678969
4.438	0.00679996
4.439	0.00681023
4.440	0.00682579
4.441	0.00690390
4.442	0.00691463
4.443	0.00692538
4.444	0.00693613
4.445	0.00694689
4.446	0.00695767
4.447	0.00696845
4.448	0.00697924
4.449	0.00699004
4.450	0.00700085
4.451	0.00701167
4.452	0.00702249
4.453	0.00703332
4.454	0.00704416
4.455	0.00705500
4.456	0.00706585
4.457	0.00707671
4.458	0.00708757
4.459	0.00709843
4.460	0.00710930
4.461	0.00712018
4.462	0.00713106
4.463	0.00714194
4.464	0.00715282
4.465	0.00716371
4.466	0.00717460
4.467	0.00718549
4.468	0.00719638
4.469	0.00720728
4.470	0.00726214
4.471	0.00727305
4.472	0.00728396
4.473	0.00729488
4.474	0.00730579
4.475	0.00731670
4.476	0.00732761
4.477	0.00733852
4.478	0.00734943
4.479	0.00736033
4.480	0.00737124
4.481	0.00738214
4.482	0.00739499
4.483	0.00740622
4.484	0.00741745
4.485	0.00742867
4.486	0.00743989
4.487	0.00745111
4.488	0.00746232
4.489	0.00747353
4.490	0.00748473
4.491	0.00750380
4.492	0.00751521
4.493	0.00752662
4.494	0.00753801
4.495	0.00754940
4.496	0.00756079
4.497	0.00757217
4.498	0.00758354
4.499	0.00759491
4.500	0.00760627
4.501	0.00761762
4.502	0.00762896
4.503	0.00764030
4.504	0.00765163
4.505	0.00766295
4.506	0.00767427
4.507	0.00768557
4.508	0.00769687
4.509	0.00770815
4.510	0.00771943
4.511	0.00773070
4.512	0.00774196
4.513	0.00775321
4.514	0.00776446
4.515	0.00777569
4.516	0.00786312
4.517	0.00787456
4.518	0.00788599
4.519	0.00789741
4.520	0.00790883
4.521	0.00792023
4.522	0.00793162
4.523	0.00794300
4.524	0.00795437
4.525	0.00796573
4.526	0.00805186
4.527	0.00806343
4.528	0.00807499
4.529	0.00808654
4.530	0.00809808
4.531	0.00810961
4.532	0.00812112
4.533	0.00813263
4.534	0.00814412
4.535	0.00813829
4.536	0.00814993
4.537	0.00816156
4.538	0.00817318
4.539	0.00818479
4.540	0.00823384
4.541	0.00824585
4.542	0.00825784
4.543	0.00826982
4.544	0.00828179
4.545	0.00829374
4.546	0.00830568
4.547	0.00831761
4.548	0.00832952
4.549	0.00834143
4.550	0.00835331
4.551	0.00836519
4.552	0.00838594
4.553	0.00839800
4.554	0.00841675
4.555	0.00842900
4.556	0.00844123
4.557	0.00845346
4.558	0.00846567
4.559	0.00847786
4.560	0.00849004
4.561	0.00850221
4.562	0.00851437
4.563	0.00852651
4.564	0.00853864
4.565	0.00855075
4.566	0.00856285
4.567	0.00857494
4.568	0.00858702
4.569	0.00859908
4.570	0.00861113
4.571	0.00862316
4.572	0.00863519
4.573	0.00864719
4.574	0.00865919
4.575	0.00867117
4.576	0.00874972
4.577	0.00876852
4.578	0.00878072
4.579	0.00879291
4.580	0.00880508
4.581	0.00881725
4.582	0.00882940
4.583	0.00884695
4.584	0.00885929
4.585	0.00887161
4.586	0.00888392
4.587	0.00889983
4.588	0.00891232
4.589	0.00892481
4.590	0.00893728
4.591	0.00894974
4.592	0.00896219
4.593	0.00897463
4.594	0.00898706
4.595	0.00899947
4.596	0.00901187
4.597	0.00902427
4.598	0.00903664
4.599	0.00904901
4.600	0.00906137
4.601	0.00907371
4.602	0.00908605
4.603	0.00909837
4.604	0.00909563
4.605	0.00910834
4.606	0.00912104
4.607	0.00913374
4.608	0.00914916
4.609	0.00916204
4.610	0.00917491
4.611	0.00918778
4.612	0.00920063
4.613	0.00921348
4.614	0.00922632
4.615	0.00923915
4.616	0.00925197
4.617	0.00926674
4.618	0.00927976
4.619	0.00929276
4.620	0.00930575
4.621	0.00931874
4.622	0.00933172
4.623	0.00934469
4.624	0.00935765
4.625	0.00937060
4.626	0.00938473
4.627	0.00939788
4.628	0.00941102
4.629	0.00942415
4.630	0.00943661
4.631	0.00944994
4.632	0.00946034
4.633	0.00947386
4.634	0.00947462
4.635	0.00948846
4.636	0.00950230
4.637	0.00951613
4.638	0.00952995
4.639	0.00954377
4.640	0.00955758
4.641	0.00957138
4.642	0.00958517
4.643	0.00959896
4.644	0.00961274
4.645	0.00962652
4.646	0.00964029
4.647	0.00965405
4.648	0.00966780
4.649	0.00968155
4.650	0.00971467
4.651	0.00972852
4.652	0.00974236
4.653	0.00975620
4.654	0.00977003
4.655	0.00978386
4.656	0.00979416
4.657	0.00980818
4.658	0.00982220
4.659	0.00983620
4.660	0.00985020
4.661	0.00986420
4.662	0.00987819
4.663	0.00989217
4.664	0.00990614
4.665	0.00992011
4.666	0.00993407
4.667	0.00994803
4.668	0.00995824
4.669	0.00996616
4.670	0.00998051
4.671	0.00999485
4.672	0.01000919
4.673	0.01002351
4.674	0.01003784
4.675	0.01005215
4.676	0.01006646
4.677	0.01008076
4.678	0.01009505
4.679	0.01010934
4.680	0.01012362
4.681	0.01013790
4.682	0.01015216
4.683	0.01016642
4.684	0.01018067
4.685	0.01019492
4.686	0.01020916
4.687	0.01022338
4.688	0.01023761
4.689	0.01024700
4.690	0.01025407
4.691	0.01026868
4.692	0.01028328
4.693	0.01029787
4.694	0.01031246
4.695	0.01032704
4.696	0.01034161
4.697	0.01035617
4.698	0.01037072
4.699	0.01038527
4.700	0.01039980
4.701	0.01041433
4.702	0.01043803
4.703	0.01045261
4.704	0.01046718
4.705	0.01048175
4.706	0.01049630
4.707	0.01051084
4.708	0.01052537
4.709	0.01053990
4.710	0.01054835
4.711	0.01056306
4.712	0.01056936
4.713	0.01058426
4.714	0.01059914
4.715	0.01061402
4.716	0.01062888
4.717	0.01064373
4.718	0.01065857
4.719	0.01067340
4.720	0.01068822
4.721	0.01070303
4.722	0.01071782
4.723	0.01073261
4.724	0.01074738
4.725	0.01076214
4.726	0.01077688
4.727	0.01079162
4.728	0.01080634
4.729	0.01082105
4.730	0.01083574
4.731	0.01085042
4.732	0.01086509
4.733	0.01088163
4.734	0.01089629
4.735	0.01091094
4.736	0.01092557
4.737	0.01094019
4.738	0.01095479
4.739	0.01096938
4.740	0.01098395
4.741	0.01099850
4.742	0.01101304
4.743	0.01102757
4.744	0.01104208
4.745	0.01105657
4.746	0.01107104
4.747	0.01108550
4.748	0.01109993
4.749	0.01111436
4.750	0.01115569
4.751	0.01117033
4.752	0.01118496
4.753	0.01119957
4.754	0.01121416
4.755	0.01122873
4.756	0.01124328
4.757	0.01125781
4.758	0.01127232
4.759	0.01128681
4.760	0.01130128
4.761	0.01131573
4.762	0.01133016
4.763	0.01134126
4.764	0.01135586
4.765	0.01137043
4.766	0.01138498
4.767	0.01139952
4.768	0.01141403
4.769	0.01142851
4.770	0.01144298
4.771	0.01145742
4.772	0.01147184
4.773	0.01148623
4.774	0.01150061
4.775	0.01151495
4.776	0.01152928
4.777	0.01154358
4.778	0.01155785
4.779	0.01157210
4.780	0.01158633
4.781	0.01160053
4.782	0.01161471
4.783	0.01162886
4.784	0.01164298
4.785	0.01165708
4.786	0.01166980
4.787	0.01168406
4.788	0.01169829
4.789	0.01171249
4.790	0.01172667
4.791	0.01174082
4.792	0.01175494
4.793	0.01176904
4.794	0.01178310
4.795	0.01179714
4.796	0.01181116
4.797	0.01182514
4.798	0.01183910
4.799	0.01185302
4.800	0.01186692
4.801	0.01188079
4.802	0.01189463
4.803	0.01190845
4.804	0.01192223
4.805	0.01193598
4.806	0.01194971
4.807	0.01196340
4.808	0.01197707
4.809	0.01199070
4.810	0.01200431
4.811	0.01201788
4.812	0.01203143
4.813	0.01204494
4.814	0.01215754
4.815	0.01217117
4.816	0.01218477
4.817	0.01219834
4.818	0.01221188
4.819	0.01222539
4.820	0.01223887
4.821	0.01225232
4.822	0.01226573
4.823	0.01227911
4.824	0.01229246
4.825	0.01230804
4.826	0.01232154
4.827	0.01233500
4.828	0.01234844
4.829	0.01236184
4.830	0.01237521
4.831	0.01246418
4.832	0.01247773
4.833	0.01249125
4.834	0.01250496
4.835	0.01251608
4.836	0.01252991
4.837	0.01254370
4.838	0.01255746
4.839	0.01257120
4.840	0.01258490
4.841	0.01259856
4.842	0.01261220
4.843	0.01262580
4.844	0.01263937
4.845	0.01265291
4.846	0.01266641
4.847	0.01267989
4.848	0.01269333
4.849	0.01270673
4.850	0.01272011
4.851	0.01273345
4.852	0.01274676
4.853	0.01276003
4.854	0.01277328
4.855	0.01278649
4.856	0.01279967
4.857	0.01281281
4.858	0.01282592
4.859	0.01283900
4.860	0.01285205
4.861	0.01286506
4.862	0.01287804
4.863	0.01289099
4.864	0.01290423
4.865	0.01291732
4.866	0.01293037
4.867	0.01294338
4.868	0.01295637
4.869	0.01296932
4.870	0.01298224
4.871	0.01299512
4.872	0.01300797
4.873	0.01302079
4.874	0.01303358
4.875	0.01304633
4.876	0.01305905
4.877	0.01307174
4.878	0.01308439
4.879	0.01309701
4.880	0.01310960
4.881	0.01312215
4.882	0.01313467
4.883	0.01323612
4.884	0.01324882
4.885	0.01326148
4.886	0.01327412
4.887	0.01328672
4.888	0.01329928
4.889	0.01331182
4.890	0.01332432
4.891	0.01333679
4.892	0.01334922
4.893	0.01336162
4.894	0.01337399
4.895	0.01338633
4.896	0.01339863
4.897	0.01341090
4.898	0.01342313
4.899	0.01343534
4.900	0.01344751
4.901	0.01345964
4.902	0.01347553
4.903	0.01348780
4.904	0.01350004
4.905	0.01351225
4.906	0.01352442
4.907	0.01353656
4.908	0.01354867
4.909	0.01356074
4.910	0.01357279
4.911	0.01358480
4.912	0.01359677
4.913	0.01360872
4.914	0.01362063
4.915	0.01363251
4.916	0.01364435
4.917	0.01365617
4.918	0.01366795
4.919	0.01367970
4.920	0.01369141
4.921	0.01370310
4.922	0.01371941
4.923	0.01373123
4.924	0.01374302
4.925	0.01375477
4.926	0.01376650
4.927	0.01377819
4.928	0.01378985
4.929	0.01380147
4.930	0.01381306
4.931	0.01382463
4.932	0.01383616
4.933	0.01384765
4.934	0.01385912
4.935	0.01387466
4.936	0.01388626
4.937	0.01389783
4.938	0.01390937
4.939	0.01392088
4.940	0.01393429
4.941	0.01394593
4.942	0.01395671
4.943	0.01396848
4.944	0.01398023
4.945	0.01399194
4.946	0.01400362
4.947	0.01401527
4.948	0.01402689
4.949	0.01403848
4.950	0.01405004
4.951	0.01406157
4.952	0.01407307
4.953	0.01408453
4.954	0.01409597
4.955	0.01410738
4.956	0.01411875
4.957	0.01413010
4.958	0.01414141
4.959	0.01415270
4.960	0.01416395
4.961	0.01417518
4.962	0.01418638
4.963	0.01419754
4.964	0.01420868
4.965	0.01421978
4.966	0.01423086
4.967	0.01424191
4.968	0.01425292
4.969	0.01426391
4.970	0.01427487
4.971	0.01428580
4.972	0.01429721
4.973	0.01430847
4.974	0.01431970
4.975	0.01433090
4.976	0.01434208
4.977	0.01435323
4.978	0.01440382
4.979	0.01441513
4.980	0.01442641
4.981	0.01443767
4.982	0.01444889
4.983	0.01446008
4.984	0.01446602
4.985	0.01447735
4.986	0.01448865
4.987	0.01449992
4.988	0.01451117
4.989	0.01452238
4.990	0.01453357
4.991	0.01454473
4.992	0.01455587
4.993	0.01456697
4.994	0.01457805
4.995	0.01458910
4.996	0.01460013
4.997	0.01461112
4.998	0.01462209
4.999	0.01463303
5.000	0.01464394
5.001	0.01465483
5.002	0.01466569
5.003	0.01467652
5.004	0.01468732
5.005	0.01469809
5.006	0.01478279
5.007	0.01481852
5.008	0.01482979
5.009	0.01484103
5.010	0.01485224
5.011	0.01486343
5.012	0.01490031
5.013	0.01500110
5.014	0.01501264
5.015	0.01502414
5.016	0.01503562
5.017	0.01504707
5.018	0.01505850
5.019	0.01506990
5.020	0.01508127
5.021	0.01509261
5.022	0.01510393
5.023	0.01511521
5.024	0.01512647
5.025	0.01513771
5.026	0.01514891
5.027	0.01516009
5.028	0.01517124
5.029	0.01518237
5.030	0.01519346
5.031	0.01520453
5.032	0.01521557
5.033	0.01522658
5.034	0.01530038
5.035	0.01531131
5.036	0.01532221
5.037	0.01533308
5.038	0.01534393
5.039	0.01534541
5.040	0.01535638
5.041	0.01536732
5.042	0.01537823
5.043	0.01538911
5.044	0.01539997
5.045	0.01541079
5.046	0.01542158
5.047	0.01543044
5.048	0.01544151
5.049	0.01545256
5.050	0.01546357
5.051	0.01546087
5.052	0.01547200
5.053	0.01548311
5.054	0.01549418
5.055	0.01550522
5.056	0.01551624
5.057	0.01552722
5.058	0.01553817
5.059	0.01554909
5.060	0.01555998
5.061	0.01557084
5.062	0.01558167
5.063	0.01559246
5.064	0.01560323
5.065	0.01561396
5.066	0.01562466
5.067	0.01563533
5.068	0.01564596
5.069	0.01565657
5.070	0.01566714
5.071	0.01567767
5.072	0.01568818
5.073	0.01569865
5.074	0.01569622
5.075	0.01570680
5.076	0.01571735
5.077	0.01572786
5.078	0.01573834
5.079	0.01573351
5.080	0.01572572
5.081	0.01573645
5.082	0.01574714
5.083	0.01573088
5.084	0.01574153
5.085	0.01575215
5.086	0.01576273
5.087	0.01577328
5.088	0.01578380
5.089	0.01579427
5.090	0.01578153
5.091	0.01579211
5.092	0.01580265
5.093	0.01581315
5.094	0.01582362
5.095	0.01583406
5.096	0.01584445
5.097	0.01585481
5.098	0.01586513
5.099	0.01587542
5.100	0.01588566
5.101	0.01589587
5.102	0.01597091
5.103	0.01598127
5.104	0.01599160
5.105	0.01600189
5.106	0.01596520
5.107	0.01597558
5.108	0.01598591
5.109	0.01599622
5.110	0.01600648
5.111	0.01601670
5.112	0.01602689
5.113	0.01603704
5.114	0.01601675
5.115	0.01602698
5.116	0.01603717
5.117	0.01604733
5.118	0.01614867
5.119	0.01615881
5.120	0.01617431
5.121	0.01614431
5.122	0.01615485
5.123	0.01616536
5.124	0.01617582
5.125	0.01616283
5.126	0.01612756
5.127	0.01613791
5.128	0.01614821
5.129	0.01615848
5.130	0.01616869
5.131	0.01617887
5.132	0.01618899
5.133	0.01619907
5.134	0.01620911
5.135	0.01621910
5.136	0.01622904
5.137	0.01623893
5.138	0.01621028
5.139	0.01622039
5.140	0.01623045
5.141	0.01624046
5.142	0.01625043
5.143	0.01626034
5.144	0.01631473
5.145	0.01638235
5.146	0.01639253
5.147	0.01640265
5.148	0.01641272
5.149	0.01642275
5.150	0.01643273
5.151	0.01644266
5.152	0.01643139
5.153	0.01644151
5.154	0.01645158
5.155	0.01646160
5.156	0.01647158
5.157	0.01647039
5.158	0.01648054
5.159	0.01649065
5.160	0.01650072
5.161	0.01651073
5.162	0.01652069
5.163	0.01653061
5.164	0.01654047
5.165	0.01655029
5.166	0.01656006
5.167	0.01656978
5.168	0.01657945
5.169	0.01658907
5.170	0.01659864
5.171	0.01660816
5.172	0.01658351
5.173	0.01659280
5.174	0.01660203
5.175	0.01661122
5.176	0.01662035
5.177	0.01662944
5.178	0.01663847
5.179	0.01664745
5.180	0.01665639
5.181	0.01666527
5.182	0.01667410
5.183	0.01668288
5.184	0.01669162
5.185	0.01670030
5.186	0.01670893
5.187	0.01671750
5.188	0.01672603
5.189	0.01673451
5.190	0.01674294
5.191	0.01675131
5.192	0.01675964
5.193	0.01676791
5.194	0.01677613
5.195	0.01678431
5.196	0.01679243
5.197	0.01680050
5.198	0.01680852
5.199	0.01681648
5.200	0.01682440
5.201	0.01683227
5.202	0.01684008
5.203	0.01684784
5.204	0.01685556
5.205	0.01686322
5.206	0.01681950
5.207	0.01682719
5.208	0.01678060
5.209	0.01678832
5.210	0.01679599
5.211	0.01680361
5.212	0.01677775
5.213	0.01678552
5.214	0.01679323
5.215	0.01680089
5.216	0.01680849
5.217	0.01681604
5.218	0.01682354
5.219	0.01683099
5.220	0.01683838
5.221	0.01684572
5.222	0.01685301
5.223	0.01686024
5.224	0.01686742
5.225	0.01687455
5.226	0.01688162
5.227	0.01688864
5.228	0.01689561
5.229	0.01690253
5.230	0.01690939
5.231	0.01691620
5.232	0.01692295
5.233	0.01692965
5.234	0.01693630
5.235	0.01694290
5.236	0.01694944
5.237	0.01695593
5.238	0.01696237
5.239	0.01696876
5.240	0.01697509
5.241	0.01698137
5.242	0.01693198
5.243	0.01693829
5.244	0.01694454
5.245	0.01695074
5.246	0.01695689
5.247	0.01696299
5.248	0.01696903
5.249	0.01697502
5.250	0.01698096
5.251	0.01698684
5.252	0.01699268
5.253	0.01699846
5.254	0.01700419
5.255	0.01700987
5.256	0.01701549
5.257	0.01702107
5.258	0.01702659
5.259	0.01703206
5.260	0.01703748
5.261	0.01704285
5.262	0.01704816
5.263	0.01705343
5.264	0.01705864
5.265	0.01706380
5.266	0.01706891
5.267	0.01707397
5.268	0.01707898
5.269	0.01708394
5.270	0.01708885
5.271	0.01709371
5.272	0.01704368
5.273	0.01704857
5.274	0.01705341
5.275	0.01705820
5.276	0.01706294
5.277	0.01706763
5.278	0.01707227
5.279	0.01707686
5.280	0.01708141
5.281	0.01708590
5.282	0.01709034
5.283	0.01709474
5.284	0.01709908
5.285	0.01710338
5.286	0.01705793
5.287	0.01706242
5.288	0.01706687
5.289	0.01707126
5.290	0.01707561
5.291	0.01707991
5.292	0.01708416
5.293	0.01708836
5.294	0.01709252
5.295	0.01709663
5.296	0.01710069
5.297	0.01710471
5.298	0.01710868
5.299	0.01711260
5.300	0.01711647
5.301	0.01712030
5.302	0.01712409
5.303	0.01712782
5.304	0.01713151
5.305	0.01713516
5.306	0.01708203
5.307	0.01708572
5.308	0.01708937
5.309	0.01709297
5.310	0.01709653
5.311	0.01710004
5.312	0.01710351
5.313	0.01710693
5.314	0.01705141
5.315	0.01705488
5.316	0.01705831
5.317	0.01706169
5.318	0.01706503
5.319	0.01706833
5.320	0.01707159
5.321	0.01701359
5.322	0.01701690
5.323	0.01702016
5.324	0.01702339
5.325	0.01702656
5.326	0.01702970
5.327	0.01703280
5.328	0.01703585
5.329	0.01703886
5.330	0.01704183
5.331	0.01704476
5.332	0.01704765
5.333	0.01705050
5.334	0.01705330
5.335	0.01705607
5.336	0.01705879
5.337	0.01706147
5.338	0.01706412
5.339	0.01706672
5.340	0.01706928
5.341	0.01707180
5.342	0.01701272
5.343	0.01701531
5.344	0.01701785
5.345	0.01702036
5.346	0.01695855
5.347	0.01696112
5.348	0.01696364
5.349	0.01696613
5.350	0.01696858
5.351	0.01697099
5.352	0.01697337
5.353	0.01697570
5.354	0.01697800
5.355	0.01698026
5.356	0.01698248
5.357	0.01698467
5.358	0.01698682
5.359	0.01698893
5.360	0.01699100
5.361	0.01699303
5.362	0.01699503
5.363	0.01699699
5.364	0.01699892
5.365	0.01700080
5.366	0.01700265
5.367	0.01700447
5.368	0.01700624
5.369	0.01700798
5.370	0.01700969
5.371	0.01701135
5.372	0.01701299
5.373	0.01701458
5.374	0.01701614
5.375	0.01701766
5.376	0.01701915
5.377	0.01695750
5.378	0.01695907
5.379	0.01696059
5.380	0.01696209
5.381	0.01696354
5.382	0.01696497
5.383	0.01696635
5.384	0.01696771
5.385	0.01696902
5.386	0.01697031
5.387	0.01697155
5.388	0.01697277
5.389	0.01697395
5.390	0.01697509
5.391	0.01697620
5.392	0.01697727
5.393	0.01697831
5.394	0.01697932
5.395	0.01698029
5.396	0.01698123
5.397	0.01698213
5.398	0.01698300
5.399	0.01698384
5.400	0.01698464
5.401	0.01698540
5.402	0.01698614
5.403	0.01692438
5.404	0.01692520
5.405	0.01692599
5.406	0.01692674
5.407	0.01692747
5.408	0.01692815
5.409	0.01692881
5.410	0.01692943
5.411	0.01693002
5.412	0.01693058
5.413	0.01693110
5.414	0.01693160
5.415	0.01693205
5.416	0.01690935
5.417	0.01684318
5.418	0.01684401
5.419	0.01684480
5.420	0.01684556
5.421	0.01684629
5.422	0.01684699
5.423	0.01684766
5.424	0.01684830
5.425	0.01684890
5.426	0.01684947
5.427	0.01685001
5.428	0.01685052
5.429	0.01685099
5.430	0.01685144
5.431	0.01685185
5.432	0.01685223
5.433	0.01685258
5.434	0.01685289
5.435	0.01685318
5.436	0.01685343
5.437	0.01685366
5.438	0.01685385
5.439	0.01685401
5.440	0.01685413
5.441	0.01685423
5.442	0.01685430
5.443	0.01685433
5.444	0.01685433
5.445	0.01685430
5.446	0.01685424
5.447	0.01685415
5.448	0.01685403
5.449	0.01685387
5.450	0.01685368
5.451	0.01685347
5.452	0.01685322
5.453	0.01685294
5.454	0.01685263
5.455	0.01685228
5.456	0.01685191
5.457	0.01678793
5.458	0.01678767
5.459	0.01678738
5.460	0.01678706
5.461	0.01678670
5.462	0.01678632
5.463	0.01678590
5.464	0.01678546
5.465	0.01678498
5.466	0.01678447
5.467	0.01678393
5.468	0.01678336
5.469	0.01678276
5.470	0.01670570
5.471	0.01670529
5.472	0.01670486
5.473	0.01671632
5.474	0.01671603
5.475	0.01671570
5.476	0.01671535
5.477	0.01671496
5.478	0.01671455
5.479	0.01671411
5.480	0.01671364
5.481	0.01671314
5.482	0.01671261
5.483	0.01671205
5.484	0.01671146
5.485	0.01671085
5.486	0.01671020
5.487	0.01670952
5.488	0.01670882
5.489	0.01670808
5.490	0.01670732
5.491	0.01670653
5.492	0.01670571
5.493	0.01670486
5.494	0.01670397
5.495	0.01670306
5.496	0.01670212
5.497	0.01670116
5.498	0.01670016
5.499	0.01669913
5.500	0.01669807
5.501	0.01669552
5.502	0.01669469
5.503	0.01662571
5.504	0.01662501
5.505	0.01662428
5.506	0.01655260
5.507	0.01651939
5.508	0.01651864
5.509	0.01651786
5.510	0.01644416
5.511	0.01644330
5.512	0.01644404
5.513	0.01644332
5.514	0.01638072
5.515	0.01629526
5.516	0.01629490
5.517	0.01629450
5.518	0.01629407
5.519	0.01629362
5.520	0.01629314
5.521	0.01629263
5.522	0.01629209
5.523	0.01629152
5.524	0.01629093
5.525	0.01629030
5.526	0.01628965
5.527	0.01628897
5.528	0.01628826
5.529	0.01628752
5.530	0.01628675
5.531	0.01628595
5.532	0.01628513
5.533	0.01628427
5.534	0.01628338
5.535	0.01628247
5.536	0.01628153
5.537	0.01628056
5.538	0.01627955
5.539	0.01627852
5.540	0.01627746
5.541	0.01627637
5.542	0.01627525
5.543	0.01627410
5.544	0.01627293
5.545	0.01627172
5.546	0.01627048
5.547	0.01626921
5.548	0.01626791
5.549	0.01626659
5.550	0.01626523
5.551	0.01626384
5.552	0.01626243
5.553	0.01626098
5.554	0.01625950
5.555	0.01625800
5.556	0.01625646
5.557	0.01625489
5.558	0.01625329
5.559	0.01625167
5.560	0.01625001
5.561	0.01624832
5.562	0.01624660
5.563	0.01624485
5.564	0.01624308
5.565	0.01624127
5.566	0.01616128
5.567	0.01615962
5.568	0.01617707
5.569	0.01617546
5.570	0.01617382
5.571	0.01617215
5.572	0.01617045
5.573	0.01616872
5.574	0.01616697
5.575	0.01616518
5.576	0.01616336
5.577	0.01616151
5.578	0.01615964
5.579	0.01615773
5.580	0.01615579
5.581	0.01615383
5.582	0.01615183
5.583	0.01614980
5.584	0.01614774
5.585	0.01614566
5.586	0.01614354
5.587	0.01614139
5.588	0.01613921
5.589	0.01613700
5.590	0.01613477
5.591	0.01613250
5.592	0.01613020
5.593	0.01612787
5.594	0.01612551
5.595	0.01612312
5.596	0.01612070
5.597	0.01611825
5.598	0.01611577
5.599	0.01611325
5.600	0.01611071
5.601	0.01610814
5.602	0.01610553
5.603	0.01610290
5.604	0.01610024
5.605	0.01609754
5.606	0.01609482
5.607	0.01609206
5.608	0.01608927
5.609	0.01601411
5.610	0.01601149
5.611	0.01600884
5.612	0.01600616
5.613	0.01600345
5.614	0.01597095
5.615	0.01596852
5.616	0.01596605
5.617	0.01596356
5.618	0.01595682
5.619	0.01595454
5.620	0.01595223
5.621	0.01594989
5.622	0.01594752
5.623	0.01594512
5.624	0.01594269
5.625	0.01594022
5.626	0.01593773
5.627	0.01593521
5.628	0.01593265
5.629	0.01593007
5.630	0.01592745
5.631	0.01592481
5.632	0.01592213
5.633	0.01591942
5.634	0.01591669
5.635	0.01591392
5.636	0.01591112
5.637	0.01583263
5.638	0.01583000
5.639	0.01582735
5.640	0.01582467
5.641	0.01582195
5.642	0.01581921
5.643	0.01581643
5.644	0.01581363
5.645	0.01581079
5.646	0.01580792
5.647	0.01580503
5.648	0.01580210
5.649	0.01579914
5.650	0.01579615
5.651	0.01579313
5.652	0.01579009
5.653	0.01578701
5.654	0.01578390
5.655	0.01578076
5.656	0.01577758
5.657	0.01577438
5.658	0.01577115
5.659	0.01576789
5.660	0.01576459
5.661	0.01576127
5.662	0.01575791
5.663	0.01575453
5.664	0.01575111
5.665	0.01574767
5.666	0.01574419
5.667	0.01574068
5.668	0.01580503
5.669	0.01580167
5.670	0.01579827
5.671	0.01579485
5.672	0.01571999
5.673	0.01571675
5.674	0.01571349
5.675	0.01571019
5.676	0.01565509
5.677	0.01565190
5.678	0.01564868
5.679	0.01564543
5.680	0.01564214
5.681	0.01563882
5.682	0.01563547
5.683	0.01563209
5.684	0.01562868
5.685	0.01562523
5.686	0.01562175
5.687	0.01561824
5.688	0.01561470
5.689	0.01561112
5.690	0.01560752
5.691	0.01560388
5.692	0.01560021
5.693	0.01559651
5.694	0.01559278
5.695	0.01558901
5.696	0.01558522
5.697	0.01558139
5.698	0.01558405
5.699	0.01558041
5.700	0.01557674
5.701	0.01557304
5.702	0.01556931
5.703	0.01556555
5.704	0.01556175
5.705	0.01555793
5.706	0.01555407
5.707	0.01555018
5.708	0.01554627
5.709	0.01554232
5.710	0.01553834
5.711	0.01553433
5.712	0.01553028
5.713	0.01552621
5.714	0.01552211
5.715	0.01551798
5.716	0.01544429
5.717	0.01544036
5.718	0.01543640
5.719	0.01543241
5.720	0.01542839
5.721	0.01542434
5.722	0.01542371
5.723	0.01542006
5.724	0.01541639
5.725	0.01541268
5.726	0.01540895
5.727	0.01540519
5.728	0.01540140
5.729	0.01539758
5.730	0.01539374
5.731	0.01538986
5.732	0.01538596
5.733	0.01538204
5.734	0.01537808
5.735	0.01537410
5.736	0.01537009
5.737	0.01536606
5.738	0.01536200
5.739	0.01535791
5.740	0.01535379
5.741	0.01534965
5.742	0.01529626
5.743	0.01529245
5.744	0.01528862
5.745	0.01528476
5.746	0.01528088
5.747	0.01527697
5.748	0.01527303
5.749	0.01526906
5.750	0.01526507
5.751	0.01526105
5.752	0.01524219
5.753	0.01523845
5.754	0.01523469
5.755	0.01523089
5.756	0.01522708
5.757	0.01522323
5.758	0.01521937
5.759	0.01521547
5.760	0.01521155
5.761	0.01520761
5.762	0.01520364
5.763	0.01519965
5.764	0.01519564
5.765	0.01519160
5.766	0.01518754
5.767	0.01518345
5.768	0.01517934
5.769	0.01517521
5.770	0.01517105
5.771	0.01516688
5.772	0.01516268
5.773	0.01515845
5.774	0.01515421
5.775	0.01514994
5.776	0.01514565
5.777	0.01514135
5.778	0.01513702
5.779	0.01513266
5.780	0.01512829
5.781	0.01512390
5.782	0.01511949
5.783	0.01511506
5.784	0.01511060
5.785	0.01510613
5.786	0.01510164
5.787	0.01505182
5.788	0.01504748
5.789	0.01504313
5.790	0.01503876
5.791	0.01503437
5.792	0.01502997
5.793	0.01502554
5.794	0.01502110
5.795	0.01501665
5.796	0.01494722
5.797	0.01494302
5.798	0.01493879
5.799	0.01493455
5.800	0.01493030
5.801	0.01492602
5.802	0.01492174
5.803	0.01491744
5.804	0.01491312
5.805	0.01490879
5.806	0.01490444
5.807	0.01490008
5.808	0.01489571
5.809	0.01489132
5.810	0.01488692
5.811	0.01488250
5.812	0.01487807
5.813	0.01487363
5.814	0.01486918
5.815	0.01486471
5.816	0.01486023
5.817	0.01485573
5.818	0.01485123
5.819	0.01484671
5.820	0.01484218
5.821	0.01483764
5.822	0.01483308
5.823	0.01479138
5.824	0.01478699
5.825	0.01478260
5.826	0.01477819
5.827	0.01477378
5.828	0.01476935
5.829	0.01476491
5.830	0.01476047
5.831	0.01475601
5.832	0.01475154
5.833	0.01474706
5.834	0.01474257
5.835	0.01473807
5.836	0.01467357
5.837	0.01466935
5.838	0.01466511
5.839	0.01466087
5.840	0.01465662
5.841	0.01465235
5.842	0.01464808
5.843	0.01464380
5.844	0.01463951
5.845	0.01463521
5.846	0.01463091
5.847	0.01456656
5.848	0.01456253
5.849	0.01455849
5.850	0.01455445
5.851	0.01455039
5.852	0.01454633
5.853	0.01454226
5.854	0.01453818
5.855	0.01453409
5.856	0.01452999
5.857	0.01452588
5.858	0.01452176
5.859	0.01451763
5.860	0.01451350
5.861	0.01450936
5.862	0.01450520
5.863	0.01450104
5.864	0.01449687
5.865	0.01449269
5.866	0.01448849
5.867	0.01442700
5.868	0.01442309
5.869	0.01441918
5.870	0.01441525
5.871	0.01441132
5.872	0.01440738
5.873	0.01440342
5.874	0.01439946
5.875	0.01439549
5.876	0.01439151
5.877	0.01438751
5.878	0.01438351
5.879	0.01437950
5.880	0.01437547
5.881	0.01437144
5.882	0.01436739
5.883	0.01436334
5.884	0.01435927
5.885	0.01435519
5.886	0.01435110
5.887	0.01434700
5.888	0.01434289
5.889	0.01433876
5.890	0.01433463
5.891	0.01433048
5.892	0.01432632
5.893	0.01432215
5.894	0.01431796
5.895	0.01431377
5.896	0.01430956
5.897	0.01430533
5.898	0.01430110
5.899	0.01424613
5.900	0.01424218
5.901	0.01423822
5.902	0.01423425
5.903	0.01423026
5.904	0.01422625
5.905	0.01422224
5.906	0.01421821
5.907	0.01421416
5.908	0.01421011
5.909	0.01420603
5.910	0.01420194
5.911	0.01419784
5.912	0.01419373
5.913	0.01418959
5.914	0.01418545
5.915	0.01418128
5.916	0.01417711
5.917	0.01417291
5.918	0.01416870
5.919	0.01416448
5.920	0.01416024
5.921	0.01415598
5.922	0.01415171
5.923	0.01414742
5.924	0.01414311
5.925	0.01413879
5.926	0.01419683
5.927	0.01419244
5.928	0.01418803
5.929	0.01418360
5.930	0.01417916
5.931	0.01417470
5.932	0.01417022
5.933	0.01416572
5.934	0.01416121
5.935	0.01415668
5.936	0.01424445
5.937	0.01423993
5.938	0.01423540
5.939	0.01423085
5.940	0.01422629
5.941	0.01422170
5.942	0.01421710
5.943	0.01421247
5.944	0.01420783
5.945	0.01420317
5.946	0.01419850
5.947	0.01419380
5.948	0.01418908
5.949	0.01418435
5.950	0.01417802
5.951	0.01417344
5.952	0.01423938
5.953	0.01423499
5.954	0.01423057
5.955	0.01422614
5.956	0.01422168
5.957	0.01421721
5.958	0.01421272
5.959	0.01420821
5.960	0.01420368
5.961	0.01419914
5.962	0.01419457
5.963	0.01418999
5.964	0.01418539
5.965	0.01418077
5.966	0.01417613
5.967	0.01417147
5.968	0.01416680
5.969	0.01416210
5.970	0.01415739
5.971	0.01415266
5.972	0.01410773
5.973	0.01410328
5.974	0.01409881
5.975	0.01409432
5.976	0.01408982
5.977	0.01408529
5.978	0.01408075
5.979	0.01407619
5.980	0.01407161
5.981	0.01406701
5.982	0.01406240
5.983	0.01405777
5.984	0.01405311
5.985	0.01404844
5.986	0.01404376
5.987	0.01403905
5.988	0.01403433
5.989	0.01399429
5.990	0.01399006
5.991	0.01398582
5.992	0.01406291
5.993	0.01405885
5.994	0.01405478
5.995	0.01405068
5.996	0.01404658
5.997	0.01404245
5.998	0.01403831
5.999	0.01403416
6.000	0.01402999
6.001	0.01402580
6.002	0.01410602
6.003	0.01410201
6.004	0.01409799
6.005	0.01409395
6.006	0.01408989
6.007	0.01408582
6.008	0.01408174
6.009	0.01407764
6.010	0.01407352
6.011	0.01406938
6.012	0.01406524
6.013	0.01406107
6.014	0.01405689
6.015	0.01405269
6.016	0.01404848
6.017	0.01404425
6.018	0.01404001
6.019	0.01403575
6.020	0.01403147
6.021	0.01402718
6.022	0.01402287
6.023	0.01401855
6.024	0.01401421
6.025	0.01400986
6.026	0.01400549
6.027	0.01400110
6.028	0.01399670
6.029	0.01399229
6.030	0.01398785
6.031	0.01398341
6.032	0.01397894
6.033	0.01397446
6.034	0.01396997
6.035	0.01396546
6.036	0.01396093
6.037	0.01395639
6.038	0.01392411
6.039	0.01391986
6.040	0.01391559
6.041	0.01391131
6.042	0.01390701
6.043	0.01390270
6.044	0.01389837
6.045	0.01389403
6.046	0.01388967
6.047	0.01388529
6.048	0.01408635
6.049	0.01408223
6.050	0.01407810
6.051	0.01407395
6.052	0.01406978
6.053	0.01406560
6.054	0.01403177
6.055	0.01402787
6.056	0.01399477
6.057	0.01399123
6.058	0.01399397
6.059	0.01399045
6.060	0.01398692
6.061	0.01398337
6.062	0.01397980
6.063	0.01397623
6.064	0.01397263
6.065	0.01396902
6.066	0.01396540
6.067	0.01396176
6.068	0.01393834
6.069	0.01393506
6.070	0.01393177
6.071	0.01392846
6.072	0.01392513
6.073	0.01392179
6.074	0.01391844
6.075	0.01391507
6.076	0.01391168
6.077	0.01390828
6.078	0.01390486
6.079	0.01390143
6.080	0.01389799
6.081	0.01389453
6.082	0.01389105
6.083	0.01388756
6.084	0.01388405
6.085	0.01388053
6.086	0.01387699
6.087	0.01387344
6.088	0.01386988
6.089	0.01386630
6.090	0.01386270
6.091	0.01385909
6.092	0.01385546
6.093	0.01385182
6.094	0.01384817
6.095	0.01384450
6.096	0.01384081
6.097	0.01383711
6.098	0.01383340
6.099	0.01382967
6.100	0.01382593
6.101	0.01382217
6.102	0.01381839
6.103	0.01381461
6.104	0.01381080
6.105	0.01380699
6.106	0.01380316
6.107	0.01379931
6.108	0.01379545
6.109	0.01379157
6.110	0.01378768
6.111	0.01378378
6.112	0.01377986
6.113	0.01377593
6.114	0.01377198
6.115	0.01376802
6.116	0.01376405
6.117	0.01376006
6.118	0.01375605
6.119	0.01375203
6.120	0.01374800
6.121	0.01374395
6.122	0.01373989
6.123	0.01373582
6.124	0.01373173
6.125	0.01372763
6.126	0.01372351
6.127	0.01371938
6.128	0.01371523
6.129	0.01371107
6.130	0.01370690
6.131	0.01370271
6.132	0.01369851
6.133	0.01369429
6.134	0.01369006
6.135	0.01368582
6.136	0.01368156
6.137	0.01367729
6.138	0.01367301
6.139	0.01366871
6.140	0.01366439
6.141	0.01366007
6.142	0.01365573
6.143	0.01365137
6.144	0.01372523
6.145	0.01372109
6.146	0.01371692
6.147	0.01371275
6.148	0.01370856
6.149	0.01370436
6.150	0.01369248
6.151	0.01368850
6.152	0.01368451
6.153	0.01368050
6.154	0.01380279
6.155	0.01379902
6.156	0.01379524
6.157	0.01379145
6.158	0.01378764
6.159	0.01378382
6.160	0.01377999
6.161	0.01377614
6.162	0.01377228
6.163	0.01376841
6.164	0.01376452
6.165	0.01376062
6.166	0.01375670
6.167	0.01375277
6.168	0.01374882
6.169	0.01374487
6.170	0.01374089
6.171	0.01373691
6.172	0.01373291
6.173	0.01372889
6.174	0.01372487
6.175	0.01372082
6.176	0.01371677
6.177	0.01371270
6.178	0.01370861
6.179	0.01370451
6.180	0.01370040
6.181	0.01369627
6.182	0.01369213
6.183	0.01368797
6.184	0.01368380
6.185	0.01367961
6.186	0.01367541
6.187	0.01367120
6.188	0.01366697
6.189	0.01366272
6.190	0.01365846
6.191	0.01365419
6.192	0.01364990
6.193	0.01364559
6.194	0.01364127
6.195	0.01363694
6.196	0.01365129
6.197	0.01364703
6.198	0.01364275
6.199	0.01363836
6.200	0.01363443
6.201	0.01363048
6.202	0.01362652
6.203	0.01362254
6.204	0.01361855
6.205	0.01361454
6.206	0.01361051
6.207	0.01360647
6.208	0.01360241
6.209	0.01359834
6.210	0.01369554
6.211	0.01369165
6.212	0.01368773
6.213	0.01368380
6.214	0.01367986
6.215	0.01367589
6.216	0.01367191
6.217	0.01366792
6.218	0.01366391
6.219	0.01365988
6.220	0.01365583
6.221	0.01365177
6.222	0.01363908
6.223	0.01363524
6.224	0.01363140
6.225	0.01362753
6.226	0.01362365
6.227	0.01361975
6.228	0.01361584
6.229	0.01361190
6.230	0.01360795
6.231	0.01360399
6.232	0.01360000
6.233	0.01359600
6.234	0.01359198
6.235	0.01358795
6.236	0.01358390
6.237	0.01357983
6.238	0.01357574
6.239	0.01357163
6.240	0.01356751
6.241	0.01356337
6.242	0.01355921
6.243	0.01355504
6.244	0.01355084
6.245	0.01354663
6.246	0.01354240
6.247	0.01353816
6.248	0.01353389
6.249	0.01352961
6.250	0.01352531
6.251	0.01352099
6.252	0.01351665
6.253	0.01351229
6.254	0.01350792
6.255	0.01350353
6.256	0.01349911
6.257	0.01349468
6.258	0.01349023
6.259	0.01348577
6.260	0.01348128
6.261	0.01347678
6.262	0.01347225
6.263	0.01346771
6.264	0.01346315
6.265	0.01345856
6.266	0.01345396
6.267	0.01344934
6.268	0.01344470
6.269	0.01344004
6.270	0.01343537
6.271	0.01343067
6.272	0.01342595
6.273	0.01342121
6.274	0.01341646
6.275	0.01341168
6.276	0.01340688
6.277	0.01340206
6.278	0.01339723
6.279	0.01339237
6.280	0.01338749
6.281	0.01339292
6.282	0.01338831
6.283	0.01338367
6.284	0.01337902
6.285	0.01337434
6.286	0.01336964
6.287	0.01336492
6.288	0.01336018
6.289	0.01335542
6.290	0.01335063
6.291	0.01334583
6.292	0.01334100
6.293	0.01333616
6.294	0.01333129
6.295	0.01334304
6.296	0.01333823
6.297	0.01333341
6.298	0.01332856
6.299	0.01332369
6.300	0.01331880
6.301	0.01336025
6.302	0.01335551
6.303	0.01335076
6.304	0.01334598
6.305	0.01334118
6.306	0.01334413
6.307	0.01333953
6.308	0.01333492
6.309	0.01333028
6.310	0.01332562
6.311	0.01332093
6.312	0.01331623
6.313	0.01331150
6.314	0.01330675
6.315	0.01330198
6.316	0.01329718
6.317	0.01329237
6.318	0.01328752
6.319	0.01328266
6.320	0.01327777
6.321	0.01327286
6.322	0.01326793
6.323	0.01326298
6.324	0.01325800
6.325	0.01335696
6.326	0.01335216
6.327	0.01334734
6.328	0.01334250
6.329	0.01333764
6.330	0.01333275
6.331	0.01332784
6.332	0.01332290
6.333	0.01331794
6.334	0.01331296
6.335	0.01330795
6.336	0.01330292
6.337	0.01329786
6.338	0.01329278
6.339	0.01328768
6.340	0.01328255
6.341	0.01327740
6.342	0.01327222
6.343	0.01326702
6.344	0.01326180
6.345	0.01325655
6.346	0.01325128
6.347	0.01324598
6.348	0.01324066
6.349	0.01330498
6.350	0.01330011
6.351	0.01329522
6.352	0.01329030
6.353	0.01328536
6.354	0.01328039
6.355	0.01327540
6.356	0.01327039
6.357	0.01326535
6.358	0.01326029
6.359	0.01325520
6.360	0.01329205
6.361	0.01328710
6.362	0.01328213
6.363	0.01327714
6.364	0.01327213
6.365	0.01327784
6.366	0.01327302
6.367	0.01326817
6.368	0.01326330
6.369	0.01325841
6.370	0.01325349
6.371	0.01330779
6.372	0.01330308
6.373	0.01329836
6.374	0.01329361
6.375	0.01328883
6.376	0.01328403
6.377	0.01327921
6.378	0.01327436
6.379	0.01328383
6.380	0.01327921
6.381	0.01327457
6.382	0.01326991
6.383	0.01326522
6.384	0.01326051
6.385	0.01325577
6.386	0.01325101
6.387	0.01324622
6.388	0.01324141
6.389	0.01323657
6.390	0.01323171
6.391	0.01322683
6.392	0.01322192
6.393	0.01321698
6.394	0.01321202
6.395	0.01320704
6.396	0.01320203
6.397	0.01319699
6.398	0.01319194
6.399	0.01318685
6.400	0.01318174
6.401	0.01317661
6.402	0.01317145
6.403	0.01316627
6.404	0.01316106
6.405	0.01315583
6.406	0.01315058
6.407	0.01314529
6.408	0.01313999
6.409	0.01313466
6.410	0.01312930
6.411	0.01312392
6.412	0.01311851
6.413	0.01311308
6.414	0.01310763
6.415	0.01310215
6.416	0.01311248
6.417	0.01310738
6.418	0.01318526
6.419	0.01318036
6.420	0.01317544
6.421	0.01317049
6.422	0.01316552
6.423	0.01316053
6.424	0.01315551
6.425	0.01315047
6.426	0.01314540
6.427	0.01314032
6.428	0.01313520
6.429	0.01313007
6.430	0.01312491
6.431	0.01311973
6.432	0.01311452
6.433	0.01310930
6.434	0.01310404
6.435	0.01309877
6.436	0.01309347
6.437	0.01308814
6.438	0.01308280
6.439	0.01307743
6.440	0.01307203
6.441	0.01306661
6.442	0.01306117
6.443	0.01305571
6.444	0.01314870
6.445	0.01314350
6.446	0.01313827
6.447	0.01319674
6.448	0.01319167
6.449	0.01318659
6.450	0.01318148
6.451	0.01317635
6.452	0.01317119
6.453	0.01316601
6.454	0.01316081
6.455	0.01315559
6.456	0.01315034
6.457	0.01314507
6.458	0.01313977
6.459	0.01313445
6.460	0.01312911
6.461	0.01312375
6.462	0.01311836
6.463	0.01311295
6.464	0.01310752
6.465	0.01310206
6.466	0.01309659
6.467	0.01309109
6.468	0.01308556
6.469	0.01308002
6.470	0.01307445
6.471	0.01306886
6.472	0.01306324
6.473	0.01305761
6.474	0.01305195
6.475	0.01304627
6.476	0.01304056
6.477	0.01303484
6.478	0.01302909
6.479	0.01302333
6.480	0.01301754
6.481	0.01301172
6.482	0.01300589
6.483	0.01300004
6.484	0.01299416
6.485	0.01298826
6.486	0.01298234
6.487	0.01309847
6.488	0.01309265
6.489	0.01308681
6.490	0.01308095
6.491	0.01307506
6.492	0.01306916
6.493	0.01306323
6.494	0.01305729
6.495	0.01305132
6.496	0.01304533
6.497	0.01303933
6.498	0.01303330
6.499	0.01302726
6.500	0.01302119
6.501	0.01301510
6.502	0.01300900
6.503	0.01300288
6.504	0.01299673
6.505	0.01299057
6.506	0.01298439
6.507	0.01297819
6.508	0.01297198
6.509	0.01296574
6.510	0.01295949
6.511	0.01295322
6.512	0.01294693
6.513	0.01294062
6.514	0.01293430
6.515	0.01292796
6.516	0.01292160
6.517	0.01291523
6.518	0.01290884
6.519	0.01290243
6.520	0.01289600
6.521	0.01288956
6.522	0.01299076
6.523	0.01298428
6.524	0.01297778
6.525	0.01299996
6.526	0.01299369
6.527	0.01298741
6.528	0.01298112
6.529	0.01297481
6.530	0.01299515
6.531	0.01298907
6.532	0.01298298
6.533	0.01297688
6.534	0.01297077
6.535	0.01296464
6.536	0.01300337
6.537	0.01299721
6.538	0.01299103
6.539	0.01298484
6.540	0.01297864
6.541	0.01297243
6.542	0.01296621
6.543	0.01295998
6.544	0.01295374
6.545	0.01294748
6.546	0.01294122
6.547	0.01293495
6.548	0.01295359
6.549	0.01294755
6.550	0.01294151
6.551	0.01293545
6.552	0.01292939
6.553	0.01292332
6.554	0.01291724
6.555	0.01291116
6.556	0.01290506
6.557	0.01289896
6.558	0.01289286
6.559	0.01288674
6.560	0.01288062
6.561	0.01287449
6.562	0.01286836
6.563	0.01286222
6.564	0.01285608
6.565	0.01284993
6.566	0.01284377
6.567	0.01283761
6.568	0.01283144
6.569	0.01282527
6.570	0.01281910
6.571	0.01281292
6.572	0.01280673
6.573	0.01280054
6.574	0.01279435
6.575	0.01282322
6.576	0.01281720
6.577	0.01281117
6.578	0.01280513
6.579	0.01279910
6.580	0.01279306
6.581	0.01278702
6.582	0.01278097
6.583	0.01277493
6.584	0.01276888
6.585	0.01276283
6.586	0.01275678
6.587	0.01275072
6.588	0.01274467
6.589	0.01273861
6.590	0.01273255
6.591	0.01272650
6.592	0.01272044
6.593	0.01271437
6.594	0.01270831
6.595	0.01270225
6.596	0.01269618
6.597	0.01269012
6.598	0.01273372
6.599	0.01272782
6.600	0.01272193
6.601	0.01271603
6.602	0.01271013
6.603	0.01270423
6.604	0.01269833
6.605	0.01269243
6.606	0.01268653
6.607	0.01273293
6.608	0.01275718
6.609	0.01275183
6.610	0.01274648
6.611	0.01274113
6.612	0.01273577
6.613	0.01273042
6.614	0.01272507
6.615	0.01271972
6.616	0.01271437
6.617	0.01270902
6.618	0.01270367
6.619	0.01269833
6.620	0.01269298
6.621	0.01268763
6.622	0.01272165
6.623	0.01271647
6.624	0.01271129
6.625	0.01270611
6.626	0.01270093
6.627	0.01269576
6.628	0.01269058
6.629	0.01268540
6.630	0.01268023
6.631	0.01267505
6.632	0.01266988
6.633	0.01266470
6.634	0.01265953
6.635	0.01265435
6.636	0.01264918
6.637	0.01264401
6.638	0.01266955
6.639	0.01266462
6.640	0.01265970
6.641	0.01265477
6.642	0.01264985
6.643	0.01264492
6.644	0.01264000
6.645	0.01263507
6.646	0.01263015
6.647	0.01262522
6.648	0.01268610
6.649	0.01268141
6.650	0.01272909
6.651	0.01272456
6.652	0.01272004
6.653	0.01271552
6.654	0.01271100
6.655	0.01272205
6.656	0.01271774
6.657	0.01271342
6.658	0.01277397
6.659	0.01276985
6.660	0.01276574
6.661	0.01276162
6.662	0.01275750
6.663	0.01275338
6.664	0.01274927
6.665	0.01274515
6.666	0.01274103
6.667	0.01273692
6.668	0.01275731
6.669	0.01275903
6.670	0.01275537
6.671	0.01275172
6.672	0.01274806
6.673	0.01274441
6.674	0.01274076
6.675	0.01273710
6.676	0.01273345
6.677	0.01272980
6.678	0.01272615
6.679	0.01272250
6.680	0.01271885
6.681	0.01271521
6.682	0.01271156
6.683	0.01270792
6.684	0.01279689
6.685	0.01279349
6.686	0.01284516
6.687	0.01284193
6.688	0.01283870
6.689	0.01283547
6.690	0.01283224
6.691	0.01282902
6.692	0.01282579
6.693	0.01282257
6.694	0.01281934
6.695	0.01281612
6.696	0.01281290
6.697	0.01280968
6.698	0.01280647
6.699	0.01280325
6.700	0.01280004
6.701	0.01279683
6.702	0.01279362
6.703	0.01279041
6.704	0.01278720
6.705	0.01278400
6.706	0.01278079
6.707	0.01277759
6.708	0.01277440
6.709	0.01277120
6.710	0.01276801
6.711	0.01276482
6.712	0.01276163
6.713	0.01275844
6.714	0.01275526
6.715	0.01275208
6.716	0.01274890
6.717	0.01280681
6.718	0.01280359
6.719	0.01280038
6.720	0.01279716
6.721	0.01279395
6.722	0.01279074
6.723	0.01281123
6.724	0.01280826
6.725	0.01280530
6.726	0.01280233
6.727	0.01279938
6.728	0.01279642
6.729	0.01279347
6.730	0.01279053
6.731	0.01278758
6.732	0.01278465
6.733	0.01278171
6.734	0.01277878
6.735	0.01277586
6.736	0.01277294
6.737	0.01277002
6.738	0.01276711
6.739	0.01276420
6.740	0.01276130
6.741	0.01275840
6.742	0.01276298
6.743	0.01276030
6.744	0.01275764
6.745	0.01275498
6.746	0.01275232
6.747	0.01274967
6.748	0.01274702
6.749	0.01274438
6.750	0.01274174
6.751	0.01273911
6.752	0.01273648
6.753	0.01273386
6.754	0.01273125
6.755	0.01272864
6.756	0.01272603
6.757	0.01272343
6.758	0.01272083
6.759	0.01271824
6.760	0.01271566
6.761	0.01271308
6.762	0.01271050
6.763	0.01270794
6.764	0.01270537
6.765	0.01270281
6.766	0.01270026
6.767	0.01269771
6.768	0.01269517
6.769	0.01269263
6.770	0.01269010
6.771	0.01268757
6.772	0.01268504
6.773	0.01268253
6.774	0.01268001
6.775	0.01267750
6.776	0.01267500
6.777	0.01267250
6.778	0.01267001
6.779	0.01270537
6.780	0.01270304
6.781	0.01270072
6.782	0.01269840
6.783	0.01269608
6.784	0.01269378
6.785	0.01269147
6.786	0.01268917
6.787	0.01268688
6.788	0.01268458
6.789	0.01268230
6.790	0.01268001
6.791	0.01267773
6.792	0.01267546
6.793	0.01267319
6.794	0.01279160
6.795	0.01278950
6.796	0.01278741
6.797	0.01278532
6.798	0.01278324
6.799	0.01278115
6.800	0.01277907
6.801	0.01277700
6.802	0.01277492
6.803	0.01277285
6.804	0.01277078
6.805	0.01276871
6.806	0.01276665
6.807	0.01276459
6.808	0.01276253
6.809	0.01276047
6.810	0.01275841
6.811	0.01275635
6.812	0.01275430
6.813	0.01275225
6.814	0.01275020
6.815	0.01274815
6.816	0.01274610
6.817	0.01274405
6.818	0.01274201
6.819	0.01273996
6.820	0.01273792
6.821	0.01273587
6.822	0.01279701
6.823	0.01279523
6.824	0.01279344
6.825	0.01279166
6.826	0.01278988
6.827	0.01278810
6.828	0.01278632
6.829	0.01278454
6.830	0.01278275
6.831	0.01278097
6.832	0.01277919
6.833	0.01277740
6.834	0.01277561
6.835	0.01277383
6.836	0.01277204
6.837	0.01277025
6.838	0.01280391
6.839	0.01280235
6.840	0.01280079
6.841	0.01279922
6.842	0.01279766
6.843	0.01279609
6.844	0.01279452
6.845	0.01279295
6.846	0.01282534
6.847	0.01282399
6.848	0.01282264
6.849	0.01282129
6.850	0.01281994
6.851	0.01281858
6.852	0.01281722
6.853	0.01281586
6.854	0.01281450
6.855	0.01281313
6.856	0.01281176
6.857	0.01281039
6.858	0.01280902
6.859	0.01280764
6.860	0.01280626
6.861	0.01280487
6.862	0.01280348
6.863	0.01280209
6.864	0.01280070
6.865	0.01279930
6.866	0.01279790
6.867	0.01279649
6.868	0.01279508
6.869	0.01279367
6.870	0.01279226
6.871	0.01279084
6.872	0.01278941
6.873	0.01278799
6.874	0.01278655
6.875	0.01278512
6.876	0.01278368
6.877	0.01278224
6.878	0.01278079
6.879	0.01277934
6.880	0.01277788
6.881	0.01277642
6.882	0.01277496
6.883	0.01277349
6.884	0.01277202
6.885	0.01277054
6.886	0.01276906
6.887	0.01276758
6.888	0.01276609
6.889	0.01276459
6.890	0.01276310
6.891	0.01276159
6.892	0.01276009
6.893	0.01275858
6.894	0.01275706
6.895	0.01275554
6.896	0.01275402
6.897	0.01275249
6.898	0.01279357
6.899	0.01279226
6.900	0.01279095
6.901	0.01278964
6.902	0.01278832
6.903	0.01278700
6.904	0.01278567
6.905	0.01278434
6.906	0.01278300
6.907	0.01280013
6.908	0.01279908
6.909	0.01279803
6.910	0.01279697
6.911	0.01283476
6.912	0.01283393
6.913	0.01286906
6.914	0.01286845
6.915	0.01286784
6.916	0.01286723
6.917	0.01286661
6.918	0.01286599
6.919	0.01286537
6.920	0.01286475
6.921	0.01286412
6.922	0.01286349
6.923	0.01286286
6.924	0.01286222
6.925	0.01286158
6.926	0.01286094
6.927	0.01291146
6.928	0.01291111
6.929	0.01298505
6.930	0.01298464
6.931	0.01298424
6.932	0.01298383
6.933	0.01301434
6.934	0.01301415
6.935	0.01301396
6.936	0.01301376
6.937	0.01301357
6.938	0.01314580
6.939	0.01314583
6.940	0.01314586
6.941	0.01314589
6.942	0.01314592
6.943	0.01314594
6.944	0.01314596
6.945	0.01314598
6.946	0.01314600
6.947	0.01314601
6.948	0.01314602
6.949	0.01314603
6.950	0.01314604
6.951	0.01314605
6.952	0.01314605
6.953	0.01314605
6.954	0.01314605
6.955	0.01314605
6.956	0.01314604
6.957	0.01323221
6.958	0.01328571
6.959	0.01328670
6.960	0.01328768
6.961	0.01333138
6.962	0.01333251
6.963	0.01333365
6.964	0.01333478
6.965	0.01333591
6.966	0.01333704
6.967	0.01333817
6.968	0.01333929
6.969	0.01334042
6.970	0.01334154
6.971	0.01334266
6.972	0.01334182
6.973	0.01334310
6.974	0.01334438
6.975	0.01334566
6.976	0.01334694
6.977	0.01334822
6.978	0.01334950
6.979	0.01335077
6.980	0.01335205
6.981	0.01335332
6.982	0.01335459
6.983	0.01335586
6.984	0.01335713
6.985	0.01335840
6.986	0.01335967
6.987	0.01336093
6.988	0.01336220
6.989	0.01336346
6.990	0.01336472
6.991	0.01336598
6.992	0.01336724
6.993	0.01336850
6.994	0.01336975
6.995	0.01337101
6.996	0.01341318
6.997	0.01341436
6.998	0.01341554
6.999	0.01341671
7.000	0.01341788
7.001	0.01341905
7.002	0.01343153
7.003	0.01343291
7.004	0.01343429
7.005	0.01343567
7.006	0.01343704
7.007	0.01343842
7.008	0.01343979
7.009	0.01344116
7.010	0.01344253
7.011	0.01348581
7.012	0.01348733
7.013	0.01348885
7.014	0.01349036
7.015	0.01349187
7.016	0.01350143
7.017	0.01350314
7.018	0.01350486
7.019	0.01350657
7.020	0.01350828
7.021	0.01350999
7.022	0.01351170
7.023	0.01351340
7.024	0.01351510
7.025	0.01351680
7.026	0.01351849
7.027	0.01356262
7.028	0.01356447
7.029	0.01356632
7.030	0.01356816
7.031	0.01357000
7.032	0.01357183
7.033	0.01357367
7.034	0.01355260
7.035	0.01355462
7.036	0.01355664
7.037	0.01356173
7.038	0.01356395
7.039	0.01356617
7.040	0.01356839
7.041	0.01357060
7.042	0.01357281
7.043	0.01357501
7.044	0.01357860
7.045	0.01358100
7.046	0.01358341
7.047	0.01358581
7.048	0.01358820
7.049	0.01359060
7.050	0.01359298
7.051	0.01359537
7.052	0.01359775
7.053	0.01365998
7.054	0.01366254
7.055	0.01366509
7.056	0.01366765
7.057	0.01367020
7.058	0.01367274
7.059	0.01367529
7.060	0.01367782
7.061	0.01368036
7.062	0.01368289
7.063	0.01368541
7.064	0.01368793
7.065	0.01369044
7.066	0.01369180
7.067	0.01369451
7.068	0.01369721
7.069	0.01369991
7.070	0.01370260
7.071	0.01370529
7.072	0.01370797
7.073	0.01371064
7.074	0.01371331
7.075	0.01371597
7.076	0.01371863
7.077	0.01372128
7.078	0.01372392
7.079	0.01372655
7.080	0.01372918
7.081	0.01373180
7.082	0.01373441
7.083	0.01373702
7.084	0.01373962
7.085	0.01374221
7.086	0.01374479
7.087	0.01374736
7.088	0.01374555
7.089	0.01374825
7.090	0.01375094
7.091	0.01375362
7.092	0.01375629
7.093	0.01375896
7.094	0.01376161
7.095	0.01376426
7.096	0.01376690
7.097	0.01376952
7.098	0.01377214
7.099	0.01377475
7.100	0.01377734
7.101	0.01377993
7.102	0.01378251
7.103	0.01378507
7.104	0.01378763
7.105	0.01379017
7.106	0.01379270
7.107	0.01379522
7.108	0.01388893
7.109	0.01389163
7.110	0.01389433
7.111	0.01389701
7.112	0.01389968
7.113	0.01390233
7.114	0.01390498
7.115	0.01390761
7.116	0.01391023
7.117	0.01391284
7.118	0.01391543
7.119	0.01391801
7.120	0.01392057
7.121	0.01392312
7.122	0.01392566
7.123	0.01392818
7.124	0.01393389
7.125	0.01391290
7.126	0.01391579
7.127	0.01391866
7.128	0.01392151
7.129	0.01392435
7.130	0.01392718
7.131	0.01392999
7.132	0.01393278
7.133	0.01393556
7.134	0.01393832
7.135	0.01394106
7.136	0.01394379
7.137	0.01394650
7.138	0.01394919
7.139	0.01395187
7.140	0.01395453
7.141	0.01395717
7.142	0.01396025
7.143	0.01396305
7.144	0.01398944
7.145	0.01399234
7.146	0.01399522
7.147	0.01399808
7.148	0.01400092
7.149	0.01400374
7.150	0.01400655
7.151	0.01400933
7.152	0.01401210
7.153	0.01401484
7.154	0.01401756
7.155	0.01402027
7.156	0.01402295
7.157	0.01411623
7.158	0.01411907
7.159	0.01412677
7.160	0.01412970
7.161	0.01413261
7.162	0.01413550
7.163	0.01413836
7.164	0.01414120
7.165	0.01414402
7.166	0.01414682
7.167	0.01414959
7.168	0.01415234
7.169	0.01415506
7.170	0.01415609
7.171	0.01415896
7.172	0.01416180
7.173	0.01416463
7.174	0.01416742
7.175	0.01417020
7.176	0.01417294
7.177	0.01417566
7.178	0.01417836
7.179	0.01418103
7.180	0.01418367
7.181	0.01418628
7.182	0.01418887
7.183	0.01419143
7.184	0.01419397
7.185	0.01417175
7.186	0.01416526
7.187	0.01416810
7.188	0.01417091
7.189	0.01417369
7.190	0.01417644
7.191	0.01417917
7.192	0.01418186
7.193	0.01418452
7.194	0.01418716
7.195	0.01418976
7.196	0.01419234
7.197	0.01419488
7.198	0.01419739
7.199	0.01419987
7.200	0.01420232
7.201	0.01420474
7.202	0.01420712
7.203	0.01420948
7.204	0.01421180
7.205	0.01421409
7.206	0.01421634
7.207	0.01421857
7.208	0.01422076
7.209	0.01422291
7.210	0.01422503
7.211	0.01422712
7.212	0.01422918
7.213	0.01423119
7.214	0.01423318
7.215	0.01423513
7.216	0.01423704
7.217	0.01423892
7.218	0.01424076
7.219	0.01424257
7.220	0.01424434
7.221	0.01424607
7.222	0.01424777
7.223	0.01424943
7.224	0.01425106
7.225	0.01425264
7.226	0.01425419
7.227	0.01425570
7.228	0.01425717
7.229	0.01425861
7.230	0.01426000
7.231	0.01426136
7.232	0.01426268
7.233	0.01426396
7.234	0.01426520
7.235	0.01426640
7.236	0.01426756
7.237	0.01426868
7.238	0.01430967
7.239	0.01431091
7.240	0.01431211
7.241	0.01431327
7.242	0.01431439
7.243	0.01431547
7.244	0.01431651
7.245	0.01431750
7.246	0.01431846
7.247	0.01431937
7.248	0.01435430
7.249	0.01435535
7.250	0.01435637
7.251	0.01435733
7.252	0.01435826
7.253	0.01435914
7.254	0.01435998
7.255	0.01439955
7.256	0.01437227
7.257	0.01437334
7.258	0.01437438
7.259	0.01437537
7.260	0.01437631
7.261	0.01437721
7.262	0.01437807
7.263	0.01437888
7.264	0.01437964
7.265	0.01438985
7.266	0.01439059
7.267	0.01439129
7.268	0.01439194
7.269	0.01439255
7.270	0.01439311
7.271	0.01439362
7.272	0.01439409
7.273	0.01439451
7.274	0.01439489
7.275	0.01439521
7.276	0.01439550
7.277	0.01439573
7.278	0.01439592
7.279	0.01439606
7.280	0.01439615
7.281	0.01439620
7.282	0.01439619
7.283	0.01439614
7.284	0.01439605
7.285	0.01439590
7.286	0.01439571
7.287	0.01439547
7.288	0.01439518
7.289	0.01439484
7.290	0.01439446
7.291	0.01439402
7.292	0.01439351
7.293	0.01439317
7.294	0.01439278
7.295	0.01440669
7.296	0.01440610
7.297	0.01440546
7.298	0.01440478
7.299	0.01440405
7.300	0.01449118
7.301	0.01449034
7.302	0.01448944
7.303	0.01448850
7.304	0.01448751
7.305	0.01448647
7.306	0.01445670
7.307	0.01445588
7.308	0.01445502
7.309	0.01441869
7.310	0.01441781
7.311	0.01441689
7.312	0.01441592
7.313	0.01441491
7.314	0.01441385
7.315	0.01441274
7.316	0.01441158
7.317	0.01441038
7.318	0.01440913
7.319	0.01440783
7.320	0.01437848
7.321	0.01437729
7.322	0.01437605
7.323	0.01437477
7.324	0.01437344
7.325	0.01435499
7.326	0.01435350
7.327	0.01435196
7.328	0.01435038
7.329	0.01434875
7.330	0.01434708
7.331	0.01430161
7.332	0.01430004
7.333	0.01429842
7.334	0.01429675
7.335	0.01429505
7.336	0.01429329
7.337	0.01429150
7.338	0.01428966
7.339	0.01428777
7.340	0.01428585
7.341	0.01428388
7.342	0.01428187
7.343	0.01427981
7.344	0.01427771
7.345	0.01427557
7.346	0.01427339
7.347	0.01427116
7.348	0.01426889
7.349	0.01426658
7.350	0.01426423
7.351	0.01426184
7.352	0.01425941
7.353	0.01425693
7.354	0.01425442
7.355	0.01425186
7.356	0.01424926
7.357	0.01424663
7.358	0.01424395
7.359	0.01424123
7.360	0.01423848
7.361	0.01423568
7.362	0.01423285
7.363	0.01422997
7.364	0.01422706
7.365	0.01422411
7.366	0.01422112
7.367	0.01421810
7.368	0.01420434
7.369	0.01420141
7.370	0.01419889
7.371	0.01419600
7.372	0.01419306
7.373	0.01419009
7.374	0.01418709
7.375	0.01418405
7.376	0.01418097
7.377	0.01417786
7.378	0.01417472
7.379	0.01417154
7.380	0.01416833
7.381	0.01416508
7.382	0.01416180
7.383	0.01415849
7.384	0.01415515
7.385	0.01415177
7.386	0.01414836
7.387	0.01414493
7.388	0.01414146
7.389	0.01413796
7.390	0.01410047
7.391	0.01409717
7.392	0.01409384
7.393	0.01409048
7.394	0.01408709
7.395	0.01408368
7.396	0.01408023
7.397	0.01407676
7.398	0.01407327
7.399	0.01406974
7.400	0.01406619
7.401	0.01406262
7.402	0.01406668
7.403	0.01406312
7.404	0.01405953
7.405	0.01405591
7.406	0.01405227
7.407	0.01406699
7.408	0.01406341
7.409	0.01405981
7.410	0.01405619
7.411	0.01405255
7.412	0.01404889
7.413	0.01404521
7.414	0.01404150
7.415	0.01403778
7.416	0.01403404
7.417	0.01403028
7.418	0.01402650
7.419	0.01402270
7.420	0.01401888
7.421	0.01401505
7.422	0.01401120
7.423	0.01400733
7.424	0.01400345
7.425	0.01399955
7.426	0.01399563
7.427	0.01399170
7.428	0.01398775
7.429	0.01398379
7.430	0.01397982
7.431	0.01397583
7.432	0.01397182
7.433	0.01396781
7.434	0.01396378
7.435	0.01406068
7.436	0.01405675
7.437	0.01405279
7.438	0.01404883
7.439	0.01404486
7.440	0.01404087
7.441	0.01403688
7.442	0.01415011
7.443	0.01414592
7.444	0.01414172
7.445	0.01413751
7.446	0.01413329
7.447	0.01412907
7.448	0.01412483
7.449	0.01412059
7.450	0.01411634
7.451	0.01409875
7.452	0.01409465
7.453	0.01409054
7.454	0.01408643
7.455	0.01408231
7.456	0.01407818
7.457	0.01407405
7.458	0.01406992
7.459	0.01406578
7.460	0.01406163
7.461	0.01405749
7.462	0.01405333
7.463	0.01404918
7.464	0.01404502
7.465	0.01404086
7.466	0.01403670
7.467	0.01399592
7.468	0.01399194
7.469	0.01398796
7.470	0.01398398
7.471	0.01406404
7.472	0.01406026
7.473	0.01405647
7.474	0.01405268
7.475	0.01404889
7.476	0.01404511
7.477	0.01404132
7.478	0.01403754
7.479	0.01403376
7.480	0.01402998
7.481	0.01402620
7.482	0.01398212
7.483	0.01397852
7.484	0.01397493
7.485	0.01397135
7.486	0.01396777
7.487	0.01393913
7.488	0.01393594
7.489	0.01393277
7.490	0.01392960
7.491	0.01392644
7.492	0.01392328
7.493	0.01397147
7.494	0.01396878
7.495	0.01396610
7.496	0.01396343
7.497	0.01396077
7.498	0.01395811
7.499	0.01395547
7.500	0.01395283
7.501	0.01395021
7.502	0.01394759
7.503	0.01394499
7.504	0.01394240
7.505	0.01393981
7.506	0.01393724
7.507	0.01393468
7.508	0.01393213
7.509	0.01392960
7.510	0.01392707
7.511	0.01392456
7.512	0.01392206
7.513	0.01391957
7.514	0.01391710
7.515	0.01391464
7.516	0.01391219
7.517	0.01390976
7.518	0.01390734
7.519	0.01388309
7.520	0.01388087
7.521	0.01387867
7.522	0.01387648
7.523	0.01387430
7.524	0.01387215
7.525	0.01387000
7.526	0.01386788
7.527	0.01386577
7.528	0.01386367
7.529	0.01386160
7.530	0.01385954
7.531	0.01385750
7.532	0.01384596
7.533	0.01386386
7.534	0.01386232
7.535	0.01386080
7.536	0.01385930
7.537	0.01385781
7.538	0.01385634
7.539	0.01385489
7.540	0.01385346
7.541	0.01385205
7.542	0.01385065
7.543	0.01384927
7.544	0.01384791
7.545	0.01384657
7.546	0.01384525
7.547	0.01383952
7.548	0.01383851
7.549	0.01383752
7.550	0.01383654
7.551	0.01383559
7.552	0.01383464
7.553	0.01383372
7.554	0.01383281
7.555	0.01383192
7.556	0.01383105
7.557	0.01384789
7.558	0.01384725
7.559	0.01384663
7.560	0.01384603
7.561	0.01384545
7.562	0.01384488
7.563	0.01384433
7.564	0.01384380
7.565	0.01384329
7.566	0.01384280
7.567	0.01384232
7.568	0.01384187
7.569	0.01384143
7.570	0.01384101
7.571	0.01384061
7.572	0.01384023
7.573	0.01383987
7.574	0.01383952
7.575	0.01383920
7.576	0.01383889
7.577	0.01383860
7.578	0.01383833
7.579	0.01383808
7.580	0.01383785
7.581	0.01383764
7.582	0.01383744
7.583	0.01383727
7.584	0.01383711
7.585	0.01383697
7.586	0.01383685
7.587	0.01383675
7.588	0.01383666
7.589	0.01383660
7.590	0.01383655
7.591	0.01383652
7.592	0.01383651
7.593	0.01383652
7.594	0.01383654
7.595	0.01383658
7.596	0.01383664
7.597	0.01383672
7.598	0.01383681
7.599	0.01383692
7.600	0.01383705
7.601	0.01383719
7.602	0.01383735
7.603	0.01383753
7.604	0.01381064
7.605	0.01381108
7.606	0.01381153
7.607	0.01381201
7.608	0.01381249
7.609	0.01381300
7.610	0.01381351
7.611	0.01381405
7.612	0.01381460
7.613	0.01381516
7.614	0.01381574
7.615	0.01381633
7.616	0.01381693
7.617	0.01381755
7.618	0.01381818
7.619	0.01381883
7.620	0.01381949
7.621	0.01378189
7.622	0.01378277
7.623	0.01378365
7.624	0.01378455
7.625	0.01378546
7.626	0.01378638
7.627	0.01378732
7.628	0.01378826
7.629	0.01378921
7.630	0.01379018
7.631	0.01379115
7.632	0.01379214
7.633	0.01379313
7.634	0.01379413
7.635	0.01379514
7.636	0.01379616
7.637	0.01379719
7.638	0.01379822
7.639	0.01379927
7.640	0.01380032
7.641	0.01380137
7.642	0.01380243
7.643	0.01380350
7.644	0.01380458
7.645	0.01380565
7.646	0.01380674
7.647	0.01380783
7.648	0.01380892
7.649	0.01381001
7.650	0.01381111
7.651	0.01381221
7.652	0.01381332
7.653	0.01381443
7.654	0.01385796
7.655	0.01385925
7.656	0.01379867
7.657	0.01380036
7.658	0.01380206
7.659	0.01380375
7.660	0.01380545
7.661	0.01380715
7.662	0.01380885
7.663	0.01381054
7.664	0.01381224
7.665	0.01381394
7.666	0.01381563
7.667	0.01381733
7.668	0.01381902
7.669	0.01382070
7.670	0.01382239
7.671	0.01382407
7.672	0.01382575
7.673	0.01379893
7.674	0.01380085
7.675	0.01380276
7.676	0.01380466
7.677	0.01380656
7.678	0.01380845
7.679	0.01381034
7.680	0.01378946
7.681	0.01379157
7.682	0.01379368
7.683	0.01379577
7.684	0.01379786
7.685	0.01379995
7.686	0.01379489
7.687	0.01379710
7.688	0.01379930
7.689	0.01380149
7.690	0.01380366
7.691	0.01380583
7.692	0.01380799
7.693	0.01381014
7.694	0.01381228
7.695	0.01381440
7.696	0.01381652
7.697	0.01381862
7.698	0.01382071
7.699	0.01382279
7.700	0.01382485
7.701	0.01382690
7.702	0.01382894
7.703	0.01383097
7.704	0.01383298
7.705	0.01383497
7.706	0.01385987
7.707	0.01386196
7.708	0.01386404
7.709	0.01386610
7.710	0.01386815
7.711	0.01387018
7.712	0.01387220
7.713	0.01387419
7.714	0.01387618
7.715	0.01387814
7.716	0.01388009
7.717	0.01388202
7.718	0.01388393
7.719	0.01388583
7.720	0.01388770
7.721	0.01386489
7.722	0.01386677
7.723	0.01386862
7.724	0.01387046
7.725	0.01387228
7.726	0.01387408
7.727	0.01387586
7.728	0.01387762
7.729	0.01387936
7.730	0.01388108
7.731	0.01388279
7.732	0.01388447
7.733	0.01388613
7.734	0.01386604
7.735	0.01386768
7.736	0.01386930
7.737	0.01387090
7.738	0.01387248
7.739	0.01387404
7.740	0.01387558
7.741	0.01387710
7.742	0.01387859
7.743	0.01386147
7.744	0.01386313
7.745	0.01386476
7.746	0.01386638
7.747	0.01386797
7.748	0.01386954
7.749	0.01387108
7.750	0.01387260
7.751	0.01387410
7.752	0.01387558
7.753	0.01387703
7.754	0.01387846
7.755	0.01387987
7.756	0.01388125
7.757	0.01388261
7.758	0.01388395
7.759	0.01388526
7.760	0.01388654
7.761	0.01388780
7.762	0.01388254
7.763	0.01388406
7.764	0.01388556
7.765	0.01388703
7.766	0.01388848
7.767	0.01388990
7.768	0.01389130
7.769	0.01389267
7.770	0.01389401
7.771	0.01389533
7.772	0.01389662
7.773	0.01389788
7.774	0.01389912
7.775	0.01390033
7.776	0.01390151
7.777	0.01390267
7.778	0.01390380
7.779	0.01390490
7.780	0.01390598
7.781	0.01390702
7.782	0.01393326
7.783	0.01393443
7.784	0.01393557
7.785	0.01393668
7.786	0.01393777
7.787	0.01393883
7.788	0.01393985
7.789	0.01392273
7.790	0.01392391
7.791	0.01392506
7.792	0.01392618
7.793	0.01392727
7.794	0.01392834
7.795	0.01392937
7.796	0.01393038
7.797	0.01393135
7.798	0.01393230
7.799	0.01393322
7.800	0.01393410
7.801	0.01393496
7.802	0.01393579
7.803	0.01393659
7.804	0.01393735
7.805	0.01393809
7.806	0.01393880
7.807	0.01393948
7.808	0.01394013
7.809	0.01394075
7.810	0.01394133
7.811	0.01394189
7.812	0.01394242
7.813	0.01394291
7.814	0.01394338
7.815	0.01394381
7.816	0.01394422
7.817	0.01394459
7.818	0.01394493
7.819	0.01394524
7.820	0.01394552
7.821	0.01394577
7.822	0.01394599
7.823	0.01394618
7.824	0.01394096
7.825	0.01394108
7.826	0.01394116
7.827	0.01394121
7.828	0.01394123
7.829	0.01394122
7.830	0.01394118
7.831	0.01394111
7.832	0.01394101
7.833	0.01394087
7.834	0.01394071
7.835	0.01394051
7.836	0.01394029
7.837	0.01394003
7.838	0.01393974
7.839	0.01392585
7.840	0.01392571
7.841	0.01392553
7.842	0.01392533
7.843	0.01392510
7.844	0.01392483
7.845	0.01392453
7.846	0.01392421
7.847	0.01392385
7.848	0.01392346
7.849	0.01392304
7.850	0.01392259
7.851	0.01392211
7.852	0.01392160
7.853	0.01392106
7.854	0.01392049
7.855	0.01391988
7.856	0.01391925
7.857	0.01391859
7.858	0.01391789
7.859	0.01391717
7.860	0.01391642
7.861	0.01391563
7.862	0.01391482
7.863	0.01392074
7.864	0.01392002
7.865	0.01391926
7.866	0.01391848
7.867	0.01391767
7.868	0.01391683
7.869	0.01391596
7.870	0.01391506
7.871	0.01391413
7.872	0.01391317
7.873	0.01391218
7.874	0.01391117
7.875	0.01391012
7.876	0.01390905
7.877	0.01390795
7.878	0.01390682
7.879	0.01390566
7.880	0.01390447
7.881	0.01390325
7.882	0.01387385
7.883	0.01387282
7.884	0.01385840
7.885	0.01385752
7.886	0.01385661
7.887	0.01381796
7.888	0.01381721
7.889	0.01381644
7.890	0.01379745
7.891	0.01380179
7.892	0.01380129
7.893	0.01380077
7.894	0.01380023
7.895	0.01379966
7.896	0.01379907
7.897	0.01379845
7.898	0.01379781
7.899	0.01379715
7.900	0.01379646
7.901	0.01379575
7.902	0.01379502
7.903	0.01379426
7.904	0.01379348
7.905	0.01379268
7.906	0.01379185
7.907	0.01379101
7.908	0.01379014
7.909	0.01378925
7.910	0.01378833
7.911	0.01379143
7.912	0.01379045
7.913	0.01378946
7.914	0.01378844
7.915	0.01378740
7.916	0.01378634
7.917	0.01378526
7.918	0.01378415
7.919	0.01378303
7.920	0.01378189
7.921	0.01378073
7.922	0.01377955
7.923	0.01377835
7.924	0.01377713
7.925	0.01379567
7.926	0.01379453
7.927	0.01379337
7.928	0.01379219
7.929	0.01379100
7.930	0.01378005
7.931	0.01377914
7.932	0.01375690
7.933	0.01375616
7.934	0.01375540
7.935	0.01375463
7.936	0.01375385
7.937	0.01375305
7.938	0.01375223
7.939	0.01375140
7.940	0.01375056
7.941	0.01374970
7.942	0.01374883
7.943	0.01374794
7.944	0.01374704
7.945	0.01374613
7.946	0.01374520
7.947	0.01374427
7.948	0.01374331
7.949	0.01374235
7.950	0.01374137
7.951	0.01374038
7.952	0.01373938
7.953	0.01373837
7.954	0.01373734
7.955	0.01373631
7.956	0.01373526
7.957	0.01373420
7.958	0.01373313
7.959	0.01377068
7.960	0.01376976
7.961	0.01376883
7.962	0.01376789
7.963	0.01376694
7.964	0.01376598
7.965	0.01376502
7.966	0.01376404
7.967	0.01376305
7.968	0.01376205
7.969	0.01376104
7.970	0.01376003
7.971	0.01375900
7.972	0.01375797
7.973	0.01375692
7.974	0.01375587
7.975	0.01375481
7.976	0.01375374
7.977	0.01373730
7.978	0.01378219
7.979	0.01378149
7.980	0.01378193
7.981	0.01378123
7.982	0.01378053
7.983	0.01377981
7.984	0.01377909
7.985	0.01377836
7.986	0.01377763
7.987	0.01377688
7.988	0.01377613
7.989	0.01377537
7.990	0.01377461
7.991	0.01377383
7.992	0.01377305
7.993	0.01377226
7.994	0.01377147
7.995	0.01377066
7.996	0.01376985
7.997	0.01375431
7.998	0.01375370
7.999	0.01375307
8.000	0.01375244
8.001	0.01375180
8.002	0.01375116
8.003	0.01375050
8.004	0.01374984
8.005	0.01374917
8.006	0.01374849
8.007	0.01375762
8.008	0.01375700
8.009	0.01375637
8.010	0.01375573
8.011	0.01375508
8.012	0.01375442
8.013	0.01375376
8.014	0.01375308
8.015	0.01375240
8.016	0.01375171
8.017	0.01375101
8.018	0.01375030
8.019	0.01373640
8.020	0.01373589
8.021	0.01373537
8.022	0.01373484
8.023	0.01373430
8.024	0.01373375
8.025	0.01373319
8.026	0.01373262
8.027	0.01373205
8.028	0.01373146
8.029	0.01377433
8.030	0.01377391
8.031	0.01377347
8.032	0.01377303
8.033	0.01387061
8.034	0.01387025
8.035	0.01386988
8.036	0.01386950
8.037	0.01386910
8.038	0.01386870
8.039	0.01384649
8.040	0.01384632
8.041	0.01384613
8.042	0.01384592
8.043	0.01384571
8.044	0.01384549
8.045	0.01384525
8.046	0.01386010
8.047	0.01386000
8.048	0.01385988
8.049	0.01385975
8.050	0.01385961
8.051	0.01385946
8.052	0.01385929
8.053	0.01385911
8.054	0.01385892
8.055	0.01385872
8.056	0.01385850
8.057	0.01385826
8.058	0.01385802
8.059	0.01385776
8.060	0.01385749
8.061	0.01384547
8.062	0.01380790
8.063	0.01380804
8.064	0.01380817
8.065	0.01380829
8.066	0.01387860
8.067	0.01387867
8.068	0.01387872
8.069	0.01387875
8.070	0.01385650
8.071	0.01385672
8.072	0.01383205
8.073	0.01383245
8.074	0.01383284
8.075	0.01383321
8.076	0.01383357
8.077	0.01383391
8.078	0.01383424
8.079	0.01383456
8.080	0.01383486
8.081	0.01383515
8.082	0.01385636
8.083	0.01385683
8.084	0.01385728
8.085	0.01385772
8.086	0.01385815
8.087	0.01382112
8.088	0.01382175
8.089	0.01382237
8.090	0.01382399
8.091	0.01382459
8.092	0.01382517
8.093	0.01382575
8.094	0.01380487
8.095	0.01380539
8.096	0.01380590
8.097	0.01386514
8.098	0.01386581
8.099	0.01386647
8.100	0.01386712
8.101	0.01386775
8.102	0.01386836
8.103	0.01386896
8.104	0.01386955
8.105	0.01387012
8.106	0.01387068
8.107	0.01382753
8.108	0.01382834
8.109	0.01382914
8.110	0.01382992
8.111	0.01383069
8.112	0.01383144
8.113	0.01383218
8.114	0.01383290
8.115	0.01383361
8.116	0.01383431
8.117	0.01381972
8.118	0.01382053
8.119	0.01382133
8.120	0.01382211
8.121	0.01382288
8.122	0.01382364
8.123	0.01382438
8.124	0.01382510
8.125	0.01382581
8.126	0.01382651
8.127	0.01382719
8.128	0.01382785
8.129	0.01382850
8.130	0.01382914
8.131	0.01382976
8.132	0.01383036
8.133	0.01383095
8.134	0.01383152
8.135	0.01379526
8.136	0.01379599
8.137	0.01379670
8.138	0.01379740
8.139	0.01379808
8.140	0.01379874
8.141	0.01379939
8.142	0.01380003
8.143	0.01380065
8.144	0.01375957
8.145	0.01376040
8.146	0.01376121
8.147	0.01376200
8.148	0.01376278
8.149	0.01376355
8.150	0.01376430
8.151	0.01376503
8.152	0.01376575
8.153	0.01376646
8.154	0.01376714
8.155	0.01376782
8.156	0.01376848
8.157	0.01376912
8.158	0.01376975
8.159	0.01374283
8.160	0.01381322
8.161	0.01381431
8.162	0.01381539
8.163	0.01381645
8.164	0.01381750
8.165	0.01381853
8.166	0.01381954
8.167	0.01382054
8.168	0.01382153
8.169	0.01382250
8.170	0.01382345
8.171	0.01382439
8.172	0.01382531
8.173	0.01382621
8.174	0.01382710
8.175	0.01382798
8.176	0.01382884
8.177	0.01382968
8.178	0.01383051
8.179	0.01383132
8.180	0.01383212
8.181	0.01383290
8.182	0.01383366
8.183	0.01383441
8.184	0.01383514
8.185	0.01383585
8.186	0.01381690
8.187	0.01381806
8.188	0.01381920
8.189	0.01382032
8.190	0.01382143
8.191	0.01379132
8.192	0.01379261
8.193	0.01379387
8.194	0.01379512
8.195	0.01379636
8.196	0.01376447
8.197	0.01376588
8.198	0.01376727
8.199	0.01376865
8.200	0.01377001
8.201	0.01377135
8.202	0.01377268
8.203	0.01377399
8.204	0.01377528
8.205	0.01377656
8.206	0.01377782
8.207	0.01377906
8.208	0.01378029
8.209	0.01378150
8.210	0.01378269
8.211	0.01378386
8.212	0.01378502
8.213	0.01378616
8.214	0.01378728
8.215	0.01378839
8.216	0.01378947
8.217	0.01379054
8.218	0.01387596
8.219	0.01387716
8.220	0.01387835
8.221	0.01387952
8.222	0.01388067
8.223	0.01385004
8.224	0.01385136
8.225	0.01385266
8.226	0.01385394
8.227	0.01385520
8.228	0.01385644
8.229	0.01385766
8.230	0.01385887
8.231	0.01386006
8.232	0.01386122
8.233	0.01382972
8.234	0.01383105
8.235	0.01383237
8.236	0.01383366
8.237	0.01383494
8.238	0.01383619
8.239	0.01381027
8.240	0.01381171
8.241	0.01381313
8.242	0.01381453
8.243	0.01381592
8.244	0.01381728
8.245	0.01381862
8.246	0.01381994
8.247	0.01382124
8.248	0.01382252
8.249	0.01382378
8.250	0.01382502
8.251	0.01389371
8.252	0.01389489
8.253	0.01389605
8.254	0.01389718
8.255	0.01389829
8.256	0.01389938
8.257	0.01386457
8.258	0.01386582
8.259	0.01386705
8.260	0.01386825
8.261	0.01386943
8.262	0.01383281
8.263	0.01383415
8.264	0.01383546
8.265	0.01383676
8.266	0.01383803
8.267	0.01383927
8.268	0.01384050
8.269	0.01384170
8.270	0.01384288
8.271	0.01384404
8.272	0.01384517
8.273	0.01384628
8.274	0.01384737
8.275	0.01384844
8.276	0.01384948
8.277	0.01385049
8.278	0.01386108
8.279	0.01386212
8.280	0.01386314
8.281	0.01386413
8.282	0.01386510
8.283	0.01386605
8.284	0.01386697
8.285	0.01386786
8.286	0.01386874
8.287	0.01386959
8.288	0.01391740
8.289	0.01391838
8.290	0.01391934
8.291	0.01392027
8.292	0.01392118
8.293	0.01392207
8.294	0.01392293
8.295	0.01392377
8.296	0.01392458
8.297	0.01392537
8.298	0.01392614
8.299	0.01392687
8.300	0.01392759
8.301	0.01392828
8.302	0.01392894
8.303	0.01392958
8.304	0.01393020
8.305	0.01393079
8.306	0.01400113
8.307	0.01400165
8.308	0.01400215
8.309	0.01400262
8.310	0.01400306
8.311	0.01396965
8.312	0.01397024
8.313	0.01397080
8.314	0.01397134
8.315	0.01397185
8.316	0.01397233
8.317	0.01397279
8.318	0.01397322
8.319	0.01397363
8.320	0.01397401
8.321	0.01397436
8.322	0.01397469
8.323	0.01397499
8.324	0.01397526
8.325	0.01395138
8.326	0.01395182
8.327	0.01395222
8.328	0.01395260
8.329	0.01395295
8.330	0.01395328
8.331	0.01395358
8.332	0.01395385
8.333	0.01395410
8.334	0.01395431
8.335	0.01395451
8.336	0.01395467
8.337	0.01395481
8.338	0.01395492
8.339	0.01395500
8.340	0.01395506
8.341	0.01395509
8.342	0.01395510
8.343	0.01395507
8.344	0.01396194
8.345	0.01396201
8.346	0.01396206
8.347	0.01410919
8.348	0.01410948
8.349	0.01410975
8.350	0.01409562
8.351	0.01409596
8.352	0.01409627
8.353	0.01409656
8.354	0.01409682
8.355	0.01409705
8.356	0.01409726
8.357	0.01409744
8.358	0.01405896
8.359	0.01405928
8.360	0.01405957
8.361	0.01405983
8.362	0.01406007
8.363	0.01406028
8.364	0.01406047
8.365	0.01406063
8.366	0.01406077
8.367	0.01406087
8.368	0.01406096
8.369	0.01406101
8.370	0.01406105
8.371	0.01406105
8.372	0.01406103
8.373	0.01406099
8.374	0.01406092
8.375	0.01406082
8.376	0.01406070
8.377	0.01406056
8.378	0.01406039
8.379	0.01406019
8.380	0.01405998
8.381	0.01405973
8.382	0.01405946
8.383	0.01405917
8.384	0.01405885
8.385	0.01405851
8.386	0.01405815
8.387	0.01405776
8.388	0.01405735
8.389	0.01405691
8.390	0.01405645
8.391	0.01405597
8.392	0.01405546
8.393	0.01405493
8.394	0.01405438
8.395	0.01405381
8.396	0.01405321
8.397	0.01405259
8.398	0.01405195
8.399	0.01405129
8.400	0.01405060
8.401	0.01404989
8.402	0.01404916
8.403	0.01404841
8.404	0.01404764
8.405	0.01404685
8.406	0.01404603
8.407	0.01404520
8.408	0.01404434
8.409	0.01404346
8.410	0.01404257
8.411	0.01404165
8.412	0.01404071
8.413	0.01403976
8.414	0.01403878
8.415	0.01403778
8.416	0.01403677
8.417	0.01403573
8.418	0.01403468
8.419	0.01406258
8.420	0.01406139
8.421	0.01406019
8.422	0.01405897
8.423	0.01405773
8.424	0.01405648
8.425	0.01405521
8.426	0.01405391
8.427	0.01405261
8.428	0.01405128
8.429	0.01404994
8.430	0.01404858
8.431	0.01404720
8.432	0.01404581
8.433	0.01404440
8.434	0.01404298
8.435	0.01404154
8.436	0.01404008
8.437	0.01403861
8.438	0.01403712
8.439	0.01403562
8.440	0.01403410
8.441	0.01403257
8.442	0.01403102
8.443	0.01402946
8.444	0.01402788
8.445	0.01402629
8.446	0.01402468
8.447	0.01402306
8.448	0.01402143
8.449	0.01401978
8.450	0.01401812
8.451	0.01401645
8.452	0.01401476
8.453	0.01401306
8.454	0.01401135
8.455	0.01400962
8.456	0.01400788
8.457	0.01400613
8.458	0.01400436
8.459	0.01400259
8.460	0.01400080
8.461	0.01399900
8.462	0.01399719
8.463	0.01399536
8.464	0.01399353
8.465	0.01399168
8.466	0.01398982
8.467	0.01398795
8.468	0.01398607
8.469	0.01398418
8.470	0.01400123
8.471	0.01399947
8.472	0.01399771
8.473	0.01399593
8.474	0.01399414
8.475	0.01399234
8.476	0.01399053
8.477	0.01398870
8.478	0.01394825
8.479	0.01394657
8.480	0.01394488
8.481	0.01394318
8.482	0.01394148
8.483	0.01393977
8.484	0.01393805
8.485	0.01393632
8.486	0.01393458
8.487	0.01394981
8.488	0.01394821
8.489	0.01390807
8.490	0.01390667
8.491	0.01390526
8.492	0.01390385
8.493	0.01390243
8.494	0.01390101
8.495	0.01389957
8.496	0.01389813
8.497	0.01389669
8.498	0.01389524
8.499	0.01389378
8.500	0.01389231
8.501	0.01389084
8.502	0.01388936
8.503	0.01388788
8.504	0.01388639
8.505	0.01388489
8.506	0.01388339
8.507	0.01388188
8.508	0.01388037
8.509	0.01387884
8.510	0.01387732
8.511	0.01387578
8.512	0.01387424
8.513	0.01387270
8.514	0.01387115
8.515	0.01386256
8.516	0.01386094
8.517	0.01385933
8.518	0.01385770
8.519	0.01385608
8.520	0.01385444
8.521	0.01382373
8.522	0.01382226
8.523	0.01379561
8.524	0.01379412
8.525	0.01376036
8.526	0.01375906
8.527	0.01375776
8.528	0.01375646
8.529	0.01375516
8.530	0.01375384
8.531	0.01375253
8.532	0.01375121
8.533	0.01374989
8.534	0.01374856
8.535	0.01374723
8.536	0.01374590
8.537	0.01374456
8.538	0.01374321
8.539	0.01374187
8.540	0.01374051
8.541	0.01373916
8.542	0.01373780
8.543	0.01373643
8.544	0.01373506
8.545	0.01373368
8.546	0.01373230
8.547	0.01373092
8.548	0.01372953
8.549	0.01372813
8.550	0.01372673
8.551	0.01372533
8.552	0.01372391
8.553	0.01372250
8.554	0.01372108
8.555	0.01371965
8.556	0.01371822
8.557	0.01371678
8.558	0.01371533
8.559	0.01371388
8.560	0.01371242
8.561	0.01371096
8.562	0.01369855
8.563	0.01369704
8.564	0.01369551
8.565	0.01369399
8.566	0.01369245
8.567	0.01369091
8.568	0.01370400
8.569	0.01370254
8.570	0.01377768
8.571	0.01377620
8.572	0.01377472
8.573	0.01377324
8.574	0.01377174
8.575	0.01377024
8.576	0.01376874
8.577	0.01374395
8.578	0.01374266
8.579	0.01374136
8.580	0.01374006
8.581	0.01373875
8.582	0.01373744
8.583	0.01373612
8.584	0.01373479
8.585	0.01373346
8.586	0.01373212
8.587	0.01373077
8.588	0.01372941
8.589	0.01372805
8.590	0.01372668
8.591	0.01372758
8.592	0.01372648
8.593	0.01372537
8.594	0.01372426
8.595	0.01372313
8.596	0.01372200
8.597	0.01372087
8.598	0.01371972
8.599	0.01371857
8.600	0.01371741
8.601	0.01371624
8.602	0.01371507
8.603	0.01371389
8.604	0.01371270
8.605	0.01371150
8.606	0.01371029
8.607	0.01372626
8.608	0.01372520
8.609	0.01372413
8.610	0.01372306
8.611	0.01372198
8.612	0.01372089
8.613	0.01371980
8.614	0.01371869
8.615	0.01371758
8.616	0.01371646
8.617	0.01371533
8.618	0.01368389
8.619	0.01368296
8.620	0.01368202
8.621	0.01376625
8.622	0.01376533
8.623	0.01376441
8.624	0.01376347
8.625	0.01376253
8.626	0.01376158
8.627	0.01376061
8.628	0.01375964
8.629	0.01375866
8.630	0.01375768
8.631	0.01375668
8.632	0.01371773
8.633	0.01371697
8.634	0.01371620
8.635	0.01371542
8.636	0.01371463
8.637	0.01371383
8.638	0.01371302
8.639	0.01371220
8.640	0.01371138
8.641	0.01371055
8.642	0.01370970
8.643	0.01370885
8.644	0.01370800
8.645	0.01370713
8.646	0.01370625
8.647	0.01370537
8.648	0.01370447
8.649	0.01370357
8.650	0.01367093
8.651	0.01367023
8.652	0.01366951
8.653	0.01366878
8.654	0.01366805
8.655	0.01366730
8.656	0.01366655
8.657	0.01366579
8.658	0.01366501
8.659	0.01366424
8.660	0.01366345
8.661	0.01366265
8.662	0.01366184
8.663	0.01366103
8.664	0.01366020
8.665	0.01362781
8.666	0.01362718
8.667	0.01362654
8.668	0.01362589
8.669	0.01362523
8.670	0.01362457
8.671	0.01362389
8.672	0.01362321
8.673	0.01362252
8.674	0.01362181
8.675	0.01362110
8.676	0.01362038
8.677	0.01361965
8.678	0.01361891
8.679	0.01361816
8.680	0.01361741
8.681	0.01361664
8.682	0.01361586
8.683	0.01361507
8.684	0.01361428
8.685	0.01361347
8.686	0.01361266
8.687	0.01361183
8.688	0.01361100
8.689	0.01361015
8.690	0.01360930
8.691	0.01360843
8.692	0.01357171
8.693	0.01357102
8.694	0.01357033
8.695	0.01356962
8.696	0.01356891
8.697	0.01356818
8.698	0.01356745
8.699	0.01356671
8.700	0.01356595
8.701	0.01356519
8.702	0.01356442
8.703	0.01356364
8.704	0.01356284
8.705	0.01356204
8.706	0.01356123
8.707	0.01356041
8.708	0.01353126
8.709	0.01353063
8.710	0.01353000
8.711	0.01352936
8.712	0.01352871
8.713	0.01350876
8.714	0.01350830
8.715	0.01350782
8.716	0.01350734
8.717	0.01350685
8.718	0.01350635
8.719	0.01350584
8.720	0.01350532
8.721	0.01350479
8.722	0.01350425
8.723	0.01350370
8.724	0.01350314
8.725	0.01350257
8.726	0.01350200
8.727	0.01350141
8.728	0.01352286
8.729	0.01352247
8.730	0.01360441
8.731	0.01360419
8.732	0.01360396
8.733	0.01360372
8.734	0.01360347
8.735	0.01360321
8.736	0.01360294
8.737	0.01360266
8.738	0.01360237
8.739	0.01360208
8.740	0.01360177
8.741	0.01357029
8.742	0.01357018
8.743	0.01359004
8.744	0.01359003
8.745	0.01359002
8.746	0.01358999
8.747	0.01358996
8.748	0.01358992
8.749	0.01358987
8.750	0.01355738
8.751	0.01355753
8.752	0.01355767
8.753	0.01355781
8.754	0.01355794
8.755	0.01355806
8.756	0.01355817
8.757	0.01355828
8.758	0.01355837
8.759	0.01355747
8.760	0.01355798
8.761	0.01355849
8.762	0.01355898
8.763	0.01355947
8.764	0.01355994
8.765	0.01356041
8.766	0.01356087
8.767	0.01356132
8.768	0.01356176
8.769	0.01356219
8.770	0.01356261
8.771	0.01356303
8.772	0.01356343
8.773	0.01356383
8.774	0.01356421
8.775	0.01356459
8.776	0.01356496
8.777	0.01356532
8.778	0.01356567
8.779	0.01356601
8.780	0.01356635
8.781	0.01356667
8.782	0.01356699
8.783	0.01356729
8.784	0.01356759
8.785	0.01356788
8.786	0.01356816
8.787	0.01356843
8.788	0.01356869
8.789	0.01356895
8.790	0.01356919
8.791	0.01356943
8.792	0.01356966
8.793	0.01356988
8.794	0.01357009
8.795	0.01357029
8.796	0.01357048
8.797	0.01357067
8.798	0.01357084
8.799	0.01357101
8.800	0.01357116
8.801	0.01357131
8.802	0.01357145
8.803	0.01357158
8.804	0.01357171
8.805	0.01357182
8.806	0.01357192
8.807	0.01357202
8.808	0.01357211
8.809	0.01357218
8.810	0.01357225
8.811	0.01357231
8.812	0.01357236
8.813	0.01357241
8.814	0.01357244
8.815	0.01357246
8.816	0.01357248
8.817	0.01357248
8.818	0.01357248
8.819	0.01357247
8.820	0.01355018
8.821	0.01355038
8.822	0.01355057
8.823	0.01355075
8.824	0.01355092
8.825	0.01355109
8.826	0.01355124
8.827	0.01355138
8.828	0.01355152
8.829	0.01355165
8.830	0.01355176
8.831	0.01355187
8.832	0.01355197
8.833	0.01354255
8.834	0.01354285
8.835	0.01354315
8.836	0.01354344
8.837	0.01354372
8.838	0.01354399
8.839	0.01354425
8.840	0.01354450
8.841	0.01354474
8.842	0.01354497
8.843	0.01354519
8.844	0.01354540
8.845	0.01354560
8.846	0.01354579
8.847	0.01354597
8.848	0.01354614
8.849	0.01354630
8.850	0.01354645
8.851	0.01354659
8.852	0.01354672
8.853	0.01354684
8.854	0.01354695
8.855	0.01354705
8.856	0.01354714
8.857	0.01354722
8.858	0.01354729
8.859	0.01351907
8.860	0.01351934
8.861	0.01351960
8.862	0.01351985
8.863	0.01352009
8.864	0.01352032
8.865	0.01352054
8.866	0.01352075
8.867	0.01352094
8.868	0.01352113
8.869	0.01352130
8.870	0.01352147
8.871	0.01352162
8.872	0.01352176
8.873	0.01352189
8.874	0.01357036
8.875	0.01357085
8.876	0.01357133
8.877	0.01357180
8.878	0.01359840
8.879	0.01359899
8.880	0.01359956
8.881	0.01357682
8.882	0.01357761
8.883	0.01357839
8.884	0.01357916
8.885	0.01357991
8.886	0.01358066
8.887	0.01355643
8.888	0.01355739
8.889	0.01355834
8.890	0.01355928
8.891	0.01356021
8.892	0.01353795
8.893	0.01363115
8.894	0.01363219
8.895	0.01363321
8.896	0.01363423
8.897	0.01363523
8.898	0.01363623
8.899	0.01363721
8.900	0.01363819
8.901	0.01363915
8.902	0.01364010
8.903	0.01364105
8.904	0.01375260
8.905	0.01375376
8.906	0.01375491
8.907	0.01379967
8.908	0.01379305
8.909	0.01379441
8.910	0.01379576
8.911	0.01379710
8.912	0.01379842
8.913	0.01379974
8.914	0.01380105
8.915	0.01380235
8.916	0.01380363
8.917	0.01380491
8.918	0.01380618
8.919	0.01380743
8.920	0.01380868
8.921	0.01380991
8.922	0.01390031
8.923	0.01390159
8.924	0.01391346
8.925	0.01391490
8.926	0.01391634
8.927	0.01391775
8.928	0.01389753
8.929	0.01389907
8.930	0.01386290
8.931	0.01386463
8.932	0.01386635
8.933	0.01386805
8.934	0.01386973
8.935	0.01387140
8.936	0.01387306
8.937	0.01387471
8.938	0.01387633
8.939	0.01387795
8.940	0.01387955
8.941	0.01388113
8.942	0.01386932
8.943	0.01387103
8.944	0.01387272
8.945	0.01387439
8.946	0.01387605
8.947	0.01387770
8.948	0.01387933
8.949	0.01389372
8.950	0.01389553
8.951	0.01389733
8.952	0.01389911
8.953	0.01390088
8.954	0.01390263
8.955	0.01390437
8.956	0.01390610
8.957	0.01390781
8.958	0.01390950
8.959	0.01391119
8.960	0.01391285
8.961	0.01391451
8.962	0.01391614
8.963	0.01391777
8.964	0.01391938
8.965	0.01392097
8.966	0.01392255
8.967	0.01392412
8.968	0.01388761
8.969	0.01388936
8.970	0.01389110
8.971	0.01389283
8.972	0.01389454
8.973	0.01389624
8.974	0.01395099
8.975	0.01395260
8.976	0.01395421
8.977	0.01395579
8.978	0.01395736
8.979	0.01395892
8.980	0.01396046
8.981	0.01396199
8.982	0.01396350
8.983	0.01396500
8.984	0.01396648
8.985	0.01396795
8.986	0.01396940
8.987	0.01397084
8.988	0.01397226
8.989	0.01397367
8.990	0.01397506
8.991	0.01397644
8.992	0.01397780
8.993	0.01397915
8.994	0.01398048
8.995	0.01398179
8.996	0.01398309
8.997	0.01398437
8.998	0.01398564
8.999	0.01398690
9.000	0.01398813
9.001	0.01398935
9.002	0.01399056
9.003	0.01399175
9.004	0.01399292
9.005	0.01399407
9.006	0.01394733
9.007	0.01395629
9.008	0.01395779
9.009	0.01395929
9.010	0.01396077
9.011	0.01398226
9.012	0.01398362
9.013	0.01398497
9.014	0.01398630
9.015	0.01398761
9.016	0.01398891
9.017	0.01399019
9.018	0.01399146
9.019	0.01399271
9.020	0.01399394
9.021	0.01399516
9.022	0.01399637
9.023	0.01399755
9.024	0.01399872
9.025	0.01399988
9.026	0.01400101
9.027	0.01400213
9.028	0.01400323
9.029	0.01400432
9.030	0.01396697
9.031	0.01396824
9.032	0.01396949
9.033	0.01397073
9.034	0.01397195
9.035	0.01397315
9.036	0.01397433
9.037	0.01397550
9.038	0.01397664
9.039	0.01397777
9.040	0.01397888
9.041	0.01397997
9.042	0.01398105
9.043	0.01398210
9.044	0.01403263
9.045	0.01403383
9.046	0.01403501
9.047	0.01403618
9.048	0.01403733
9.049	0.01403845
9.050	0.01403956
9.051	0.01404065
9.052	0.01404171
9.053	0.01404276
9.054	0.01404379
9.055	0.01404480
9.056	0.01404578
9.057	0.01404675
9.058	0.01404770
9.059	0.01404862
9.060	0.01404952
9.061	0.01405041
9.062	0.01405127
9.063	0.01405211
9.064	0.01405293
9.065	0.01405373
9.066	0.01405450
9.067	0.01402145
9.068	0.01411102
9.069	0.01411206
9.070	0.01411307
9.071	0.01411406
9.072	0.01411503
9.073	0.01411597
9.074	0.01411690
9.075	0.01411779
9.076	0.01411867
9.077	0.01411952
9.078	0.01412035
9.079	0.01412116
9.080	0.01412194
9.081	0.01410901
9.082	0.01411005
9.083	0.01411107
9.084	0.01411206
9.085	0.01411302
9.086	0.01411397
9.087	0.01407787
9.088	0.01407898
9.089	0.01408007
9.090	0.01408114
9.091	0.01408217
9.092	0.01408319
9.093	0.01408418
9.094	0.01408514
9.095	0.01408608
9.096	0.01408699
9.097	0.01408787
9.098	0.01408873
9.099	0.01408957
9.100	0.01409037
9.101	0.01409116
9.102	0.01405514
9.103	0.01405609
9.104	0.01405701
9.105	0.01405791
9.106	0.01405878
9.107	0.01405962
9.108	0.01406043
9.109	0.01406122
9.110	0.01406198
9.111	0.01406272
9.112	0.01406342
9.113	0.01406410
9.114	0.01406475
9.115	0.01406538
9.116	0.01406597
9.117	0.01406654
9.118	0.01406708
9.119	0.01406759
9.120	0.01406807
9.121	0.01406853
9.122	0.01406895
9.123	0.01406935
9.124	0.01406972
9.125	0.01407006
9.126	0.01407037
9.127	0.01407065
9.128	0.01407091
9.129	0.01407113
9.130	0.01407133
9.131	0.01403814
9.132	0.01403849
9.133	0.01403882
9.134	0.01403912
9.135	0.01403939
9.136	0.01403962
9.137	0.01403983
9.138	0.01404001
9.139	0.01404015
9.140	0.01404027
9.141	0.01404036
9.142	0.01404041
9.143	0.01404044
9.144	0.01404090
9.145	0.01404087
9.146	0.01404080
9.147	0.01404071
9.148	0.01404059
9.149	0.01404043
9.150	0.01404025
9.151	0.01404003
9.152	0.01403978
9.153	0.01403950
9.154	0.01403918
9.155	0.01403883
9.156	0.01403846
9.157	0.01403804
9.158	0.01403760
9.159	0.01403712
9.160	0.01403662
9.161	0.01403607
9.162	0.01403550
9.163	0.01403489
9.164	0.01403425
9.165	0.01403357
9.166	0.01403286
9.167	0.01403212
9.168	0.01403135
9.169	0.01403054
9.170	0.01402969
9.171	0.01402882
9.172	0.01402790
9.173	0.01402696
9.174	0.01402598
9.175	0.01402496
9.176	0.01402391
9.177	0.01402283
9.178	0.01402171
9.179	0.01402055
9.180	0.01401936
9.181	0.01401814
9.182	0.01401688
9.183	0.01401558
9.184	0.01401425
9.185	0.01401288
9.186	0.01401148
9.187	0.01401004
9.188	0.01400857
9.189	0.01398368
9.190	0.01398236
9.191	0.01398100
9.192	0.01397961
9.193	0.01397819
9.194	0.01397672
9.195	0.01397522
9.196	0.01397368
9.197	0.01397211
9.198	0.01397050
9.199	0.01396885
9.200	0.01396717
9.201	0.01396545
9.202	0.01396369
9.203	0.01396189
9.204	0.01396006
9.205	0.01395819
9.206	0.01395629
9.207	0.01395434
9.208	0.01395236
9.209	0.01395034
9.210	0.01394829
9.211	0.01394620
9.212	0.01393435
9.213	0.01393240
9.214	0.01393041
9.215	0.01392838
9.216	0.01392632
9.217	0.01392422
9.218	0.01392208
9.219	0.01391990
9.220	0.01391769
9.221	0.01391544
9.222	0.01391315
9.223	0.01391082
9.224	0.01388690
9.225	0.01388472
9.226	0.01388251
9.227	0.01388026
9.228	0.01387797
9.229	0.01387565
9.230	0.01387329
9.231	0.01387089
9.232	0.01386845
9.233	0.01386598
9.234	0.01386347
9.235	0.01386092
9.236	0.01385833
9.237	0.01385571
9.238	0.01385305
9.239	0.01385035
9.240	0.01384762
9.241	0.01384485
9.242	0.01384204
9.243	0.01383920
9.244	0.01383631
9.245	0.01383340
9.246	0.01383044
9.247	0.01380077
9.248	0.01379812
9.249	0.01379543
9.250	0.01379270
9.251	0.01378994
9.252	0.01378714
9.253	0.01378431
9.254	0.01378145
9.255	0.01377855
9.256	0.01377561
9.257	0.01377265
9.258	0.01376965
9.259	0.01376661
9.260	0.01376354
9.261	0.01376044
9.262	0.01375730
9.263	0.01375166
9.264	0.01374862
9.265	0.01374554
9.266	0.01374243
9.267	0.01373929
9.268	0.01373612
9.269	0.01373291
9.270	0.01372968
9.271	0.01372641
9.272	0.01372311
9.273	0.01371977
9.274	0.01371641
9.275	0.01371301
9.276	0.01370959
9.277	0.01370613
9.278	0.01370264
9.279	0.01369913
9.280	0.01369558
9.281	0.01369200
9.282	0.01368839
9.283	0.01368476
9.284	0.01368109
9.285	0.01367739
9.286	0.01367367
9.287	0.01366992
9.288	0.01366614
9.289	0.01366233
9.290	0.01365849
9.291	0.01365462
9.292	0.01365073
9.293	0.01364681
9.294	0.01364286
9.295	0.01363889
9.296	0.01363489
9.297	0.01363086
9.298	0.01360331
9.299	0.01359944
9.300	0.01359555
9.301	0.01359163
9.302	0.01358769
9.303	0.01358373
9.304	0.01357974
9.305	0.01357573
9.306	0.01357169
9.307	0.01356763
9.308	0.01356355
9.309	0.01355945
9.310	0.01355532
9.311	0.01355117
9.312	0.01354700
9.313	0.01354281
9.314	0.01353859
9.315	0.01353436
9.316	0.01353011
9.317	0.01352583
9.318	0.01352154
9.319	0.01351722
9.320	0.01351289
9.321	0.01350854
9.322	0.01350417
9.323	0.01348260
9.324	0.01347839
9.325	0.01349954
9.326	0.01349524
9.327	0.01349093
9.328	0.01348660
9.329	0.01348225
9.330	0.01347789
9.331	0.01347352
9.332	0.01346913
9.333	0.01346380
9.334	0.01345971
9.335	0.01345560
9.336	0.01345148
9.337	0.01344735
9.338	0.01344321
9.339	0.01343905
9.340	0.01343489
9.341	0.01341472
9.342	0.01341076
9.343	0.01340680
9.344	0.01340282
9.345	0.01339884
9.346	0.01348131
9.347	0.01347752
9.348	0.01347372
9.349	0.01346991
9.350	0.01344766
9.351	0.01344416
9.352	0.01344065
9.353	0.01342784
9.354	0.01342455
9.355	0.01342125
9.356	0.01341795
9.357	0.01341464
9.358	0.01341133
9.359	0.01340801
9.360	0.01340469
9.361	0.01336456
9.362	0.01336152
9.363	0.01335848
9.364	0.01335544
9.365	0.01331644
9.366	0.01331362
9.367	0.01331080
9.368	0.01330798
9.369	0.01330516
9.370	0.01330234
9.371	0.01329953
9.372	0.01329672
9.373	0.01329391
9.374	0.01329110
9.375	0.01328830
9.376	0.01328550
9.377	0.01328270
9.378	0.01327990
9.379	0.01327711
9.380	0.01327433
9.381	0.01327155
9.382	0.01326877
9.383	0.01326600
9.384	0.01324066
9.385	0.01323813
9.386	0.01323561
9.387	0.01323310
9.388	0.01323059
9.389	0.01322809
9.390	0.01322560
9.391	0.01319910
9.392	0.01317001
9.393	0.01316800
9.394	0.01316601
9.395	0.01316402
9.396	0.01316205
9.397	0.01312293
9.398	0.01312117
9.399	0.01311943
9.400	0.01311769
9.401	0.01311597
9.402	0.01311425
9.403	0.01311255
9.404	0.01311085
9.405	0.01310917
9.406	0.01310750
9.407	0.01310583
9.408	0.01310418
9.409	0.01310254
9.410	0.01310091
9.411	0.01309930
9.412	0.01309769
9.413	0.01309609
9.414	0.01309451
9.415	0.01309294
9.416	0.01309138
9.417	0.01308983
9.418	0.01308829
9.419	0.01308677
9.420	0.01308525
9.421	0.01308375
9.422	0.01308226
9.423	0.01308078
9.424	0.01307931
9.425	0.01307786
9.426	0.01307641
9.427	0.01307498
9.428	0.01307356
9.429	0.01307215
9.430	0.01307075
9.431	0.01306936
9.432	0.01306799
9.433	0.01306663
9.434	0.01304228
9.435	0.01304119
9.436	0.01304010
9.437	0.01303902
9.438	0.01303796
9.439	0.01303690
9.440	0.01303586
9.441	0.01303483
9.442	0.01303381
9.443	0.01303280
9.444	0.01303180
9.445	0.01303081
9.446	0.01302983
9.447	0.01302886
9.448	0.01309912
9.449	0.01309840
9.450	0.01309768
9.451	0.01309698
9.452	0.01309629
9.453	0.01309560
9.454	0.01309493
9.455	0.01309426
9.456	0.01309360
9.457	0.01309295
9.458	0.01309231
9.459	0.01309167
9.460	0.01309105
9.461	0.01309043
9.462	0.01308982
9.463	0.01308922
9.464	0.01308862
9.465	0.01308803
9.466	0.01308745
9.467	0.01308688
9.468	0.01308631
9.469	0.01308574
9.470	0.01306265
9.471	0.01309365
9.472	0.01309350
9.473	0.01309336
9.474	0.01318811
9.475	0.01318810
9.476	0.01318810
9.477	0.01318810
9.478	0.01318810
9.479	0.01318811
9.480	0.01318812
9.481	0.01318813
9.482	0.01318815
9.483	0.01318818
9.484	0.01318820
9.485	0.01314958
9.486	0.01314976
9.487	0.01314993
9.488	0.01315011
9.489	0.01315030
9.490	0.01315049
9.491	0.01315068
9.492	0.01315087
9.493	0.01324394
9.494	0.01324423
9.495	0.01324452
9.496	0.01324480
9.497	0.01324509
9.498	0.01324539
9.499	0.01324568
9.500	0.01324597
9.501	0.01324626
9.502	0.01324655
9.503	0.01324684
9.504	0.01324714
9.505	0.01324743
9.506	0.01324771
9.507	0.01324800
9.508	0.01324829
9.509	0.01324857
9.510	0.01324885
9.511	0.01324913
9.512	0.01324941
9.513	0.01325597
9.514	0.01325625
9.515	0.01323202
9.516	0.01323253
9.517	0.01323304
9.518	0.01323354
9.519	0.01332462
9.520	0.01332529
9.521	0.01332595
9.522	0.01332660
9.523	0.01332725
9.524	0.01332790
9.525	0.01332853
9.526	0.01332917
9.527	0.01332979
9.528	0.01333041
9.529	0.01333102
9.530	0.01333162
9.531	0.01333222
9.532	0.01333281
9.533	0.01333339
9.534	0.01333396
9.535	0.01333453
9.536	0.01333509
9.537	0.01333563
9.538	0.01333617
9.539	0.01333671
9.540	0.01333723
9.541	0.01333774
9.542	0.01333824
9.543	0.01333874
9.544	0.01333922
9.545	0.01333970
9.546	0.01334016
9.547	0.01334062
9.548	0.01334106
9.549	0.01334149
9.550	0.01334192
9.551	0.01334233
9.552	0.01334273
9.553	0.01334312
9.554	0.01334350
9.555	0.01334387
9.556	0.01334422
9.557	0.01334457
9.558	0.01334490
9.559	0.01334522
9.560	0.01334553
9.561	0.01334582
9.562	0.01334611
9.563	0.01344098
9.564	0.01344131
9.565	0.01344163
9.566	0.01342321
9.567	0.01342374
9.568	0.01342426
9.569	0.01351816
9.570	0.01351873
9.571	0.01351928
9.572	0.01351982
9.573	0.01352034
9.574	0.01352085
9.575	0.01352135
9.576	0.01352183
9.577	0.01352230
9.578	0.01352275
9.579	0.01352319
9.580	0.01352361
9.581	0.01352402
9.582	0.01352441
9.583	0.01353243
9.584	0.01353296
9.585	0.01353347
9.586	0.01351948
9.587	0.01352017
9.588	0.01352086
9.589	0.01352153
9.590	0.01352218
9.591	0.01359334
9.592	0.01359418
9.593	0.01359500
9.594	0.01359580
9.595	0.01359659
9.596	0.01359736
9.597	0.01359812
9.598	0.01359886
9.599	0.01359958
9.600	0.01360029
9.601	0.01360098
9.602	0.01360165
9.603	0.01360231
9.604	0.01360295
9.605	0.01360357
9.606	0.01360418
9.607	0.01360477
9.608	0.01360534
9.609	0.01360590
9.610	0.01360644
9.611	0.01360696
9.612	0.01360747
9.613	0.01360795
9.614	0.01360842
9.615	0.01360888
9.616	0.01360931
9.617	0.01360973
9.618	0.01361013
9.619	0.01361051
9.620	0.01361087
9.621	0.01361122
9.622	0.01359838
9.623	0.01359869
9.624	0.01359899
9.625	0.01359928
9.626	0.01359954
9.627	0.01359979
9.628	0.01360002
9.629	0.01360024
9.630	0.01360043
9.631	0.01360061
9.632	0.01360077
9.633	0.01360092
9.634	0.01360104
9.635	0.01360115
9.636	0.01360125
9.637	0.01360132
9.638	0.01360137
9.639	0.01360141
9.640	0.01358400
9.641	0.01358423
9.642	0.01358444
9.643	0.01358463
9.644	0.01358481
9.645	0.01356680
9.646	0.01356718
9.647	0.01356754
9.648	0.01356789
9.649	0.01356821
9.650	0.01356852
9.651	0.01356881
9.652	0.01356908
9.653	0.01356934
9.654	0.01356957
9.655	0.01356979
9.656	0.01356999
9.657	0.01357018
9.658	0.01357034
9.659	0.01357049
9.660	0.01357061
9.661	0.01357072
9.662	0.01357082
9.663	0.01357089
9.664	0.01357095
9.665	0.01357098
9.666	0.01357100
9.667	0.01357100
9.668	0.01357099
9.669	0.01357095
9.670	0.01357090
9.671	0.01357083
9.672	0.01357074
9.673	0.01357063
9.674	0.01357051
9.675	0.01357037
9.676	0.01357021
9.677	0.01356376
9.678	0.01356379
9.679	0.01356381
9.680	0.01356380
9.681	0.01356378
9.682	0.01356374
9.683	0.01356201
9.684	0.01356242
9.685	0.01356281
9.686	0.01356318
9.687	0.01356353
9.688	0.01356387
9.689	0.01356419
9.690	0.01356449
9.691	0.01356478
9.692	0.01356504
9.693	0.01356530
9.694	0.01356553
9.695	0.01356575
9.696	0.01356595
9.697	0.01356613
9.698	0.01356630
9.699	0.01356644
9.700	0.01356658
9.701	0.01356669
9.702	0.01356679
9.703	0.01355375
9.704	0.01355407
9.705	0.01355436
9.706	0.01355464
9.707	0.01355490
9.708	0.01355515
9.709	0.01355538
9.710	0.01355560
9.711	0.01355579
9.712	0.01355598
9.713	0.01359533
9.714	0.01359542
9.715	0.01359550
9.716	0.01366689
9.717	0.01366716
9.718	0.01366742
9.719	0.01366765
9.720	0.01366788
9.721	0.01366809
9.722	0.01366828
9.723	0.01366846
9.724	0.01366863
9.725	0.01366878
9.726	0.01366891
9.727	0.01366904
9.728	0.01366914
9.729	0.01366924
9.730	0.01366932
9.731	0.01369259
9.732	0.01369258
9.733	0.01369256
9.734	0.01366577
9.735	0.01366611
9.736	0.01366643
9.737	0.01366675
9.738	0.01366705
9.739	0.01366734
9.740	0.01369519
9.741	0.01366305
9.742	0.01366378
9.743	0.01364223
9.744	0.01364318
9.745	0.01364412
9.746	0.01364504
9.747	0.01364596
9.748	0.01364686
9.749	0.01364775
9.750	0.01364864
9.751	0.01364951
9.752	0.01367484
9.753	0.01367589
9.754	0.01367693
9.755	0.01367796
9.756	0.01367898
9.757	0.01367998
9.758	0.01368098
9.759	0.01368197
9.760	0.01368294
9.761	0.01368391
9.762	0.01368486
9.763	0.01368581
9.764	0.01368674
9.765	0.01368766
9.766	0.01368857
9.767	0.01368947
9.768	0.01369036
9.769	0.01369124
9.770	0.01369211
9.771	0.01369297
9.772	0.01369381
9.773	0.01369465
9.774	0.01369548
9.775	0.01369629
9.776	0.01369709
9.777	0.01369789
9.778	0.01369867
9.779	0.01369944
9.780	0.01370020
9.781	0.01370095
9.782	0.01370168
9.783	0.01370241
9.784	0.01370313
9.785	0.01370383
9.786	0.01370452
9.787	0.01370520
9.788	0.01370587
9.789	0.01370653
9.790	0.01367819
9.791	0.01367907
9.792	0.01367995
9.793	0.01368082
9.794	0.01368167
9.795	0.01368251
9.796	0.01368334
9.797	0.01368416
9.798	0.01368497
9.799	0.01368577
9.800	0.01368655
9.801	0.01367286
9.802	0.01367381
9.803	0.01367475
9.804	0.01367567
9.805	0.01367659
9.806	0.01367749
9.807	0.01367838
9.808	0.01367926
9.809	0.01368013
9.810	0.01364204
9.811	0.01364307
9.812	0.01364410
9.813	0.01361064
9.814	0.01361186
9.815	0.01361306
9.816	0.01361426
9.817	0.01361544
9.818	0.01361661
9.819	0.01361778
9.820	0.01361893
9.821	0.01362007
9.822	0.01362120
9.823	0.01362233
9.824	0.01362344
9.825	0.01362453
9.826	0.01362562
9.827	0.01362670
9.828	0.01362777
9.829	0.01362882
9.830	0.01362987
9.831	0.01363090
9.832	0.01361098
9.833	0.01361221
9.834	0.01361343
9.835	0.01361464
9.836	0.01361584
9.837	0.01361703
9.838	0.01359406
9.839	0.01359548
9.840	0.01359689
9.841	0.01359829
9.842	0.01359968
9.843	0.01360106
9.844	0.01360242
9.845	0.01360378
9.846	0.01360512
9.847	0.01360645
9.848	0.01364421
9.849	0.01364569
9.850	0.01364716
9.851	0.01364861
9.852	0.01365006
9.853	0.01365149
9.854	0.01365291
9.855	0.01365432
9.856	0.01365573
9.857	0.01365712
9.858	0.01365850
9.859	0.01365987
9.860	0.01366122
9.861	0.01366257
9.862	0.01366391
9.863	0.01366523
9.864	0.01366655
9.865	0.01366785
9.866	0.01366914
9.867	0.01367042
9.868	0.01367170
9.869	0.01367296
9.870	0.01367421
9.871	0.01367544
9.872	0.01367667
9.873	0.01367789
9.874	0.01367909
9.875	0.01366194
9.876	0.01366337
9.877	0.01366478
9.878	0.01366618
9.879	0.01366757
9.880	0.01366896
9.881	0.01367033
9.882	0.01367169
9.883	0.01366853
9.884	0.01367004
9.885	0.01367153
9.886	0.01367302
9.887	0.01367449
9.888	0.01367595
9.889	0.01367741
9.890	0.01367885
9.891	0.01373774
9.892	0.01373937
9.893	0.01374098
9.894	0.01374259
9.895	0.01374419
9.896	0.01374577
9.897	0.01374735
9.898	0.01374891
9.899	0.01375047
9.900	0.01375202
9.901	0.01375355
9.902	0.01375507
9.903	0.01375659
9.904	0.01375809
9.905	0.01375959
9.906	0.01376107
9.907	0.01376254
9.908	0.01376400
9.909	0.01376713
9.910	0.01376890
9.911	0.01377065
9.912	0.01377239
9.913	0.01377412
9.914	0.01377584
9.915	0.01377754
9.916	0.01377924
9.917	0.01378093
9.918	0.01378260
9.919	0.01388153
9.920	0.01388331
9.921	0.01388508
9.922	0.01388684
9.923	0.01388858
9.924	0.01389032
9.925	0.01389204
9.926	0.01389375
9.927	0.01389545
9.928	0.01389714
9.929	0.01389881
9.930	0.01390048
9.931	0.01388559
9.932	0.01388747
9.933	0.01388933
9.934	0.01389118
9.935	0.01389302
9.936	0.01389485
9.937	0.01389666
9.938	0.01389846
9.939	0.01390025
9.940	0.01394800
9.941	0.01395029
9.942	0.01395258
9.943	0.01395485
9.944	0.01395711
9.945	0.01395936
9.946	0.01396159
9.947	0.01396381
9.948	0.01396601
9.949	0.01396820
9.950	0.01397038
9.951	0.01397255
9.952	0.01395631
9.953	0.01395868
9.954	0.01396103
9.955	0.01396337
9.956	0.01396570
9.957	0.01396801
9.958	0.01397031
9.959	0.01394823
9.960	0.01395053
9.961	0.01395282
9.962	0.01395510
9.963	0.01395736
9.964	0.01395961
9.965	0.01396184
9.966	0.01396406
9.967	0.01396626
9.968	0.01396844
9.969	0.01397061
9.970	0.01397277
9.971	0.01397491
9.972	0.01397703
9.973	0.01397914
9.974	0.01398122
9.975	0.01396324
9.976	0.01396548
9.977	0.01396770
9.978	0.01396990
9.979	0.01397209
9.980	0.01397425
9.981	0.01397640
9.982	0.01397854
9.983	0.01398065
9.984	0.01398275
9.985	0.01398483
9.986	0.01398689
9.987	0.01398893
9.988	0.01399096
9.989	0.01399296
9.990	0.01399495
9.991	0.01399691
9.992	0.01399886
9.993	0.01400078
9.994	0.01400269
9.995	0.01400458
9.996	0.01400644
9.997	0.01400829
9.998	0.01401012
9.999	0.01401192
