# NTRAJ	50000
0.86259399
0.86259399
0.86259399
0.86259399
0.86259399
0.86259399
0.86259399
0.86259399
0.86259399
0.86259399
0.97291325
0.86259399
0.86259399
0.86259399
0.86259399
0.86259399
0.86259399
0.86259399
0.86259399
0.86259399
0.86259399
0.86259399
0.86259399
0.97356359
0.86259399
0.86259399
0.86259399
0.86259399
0.99971536
0.86259399
0.86259399
0.86259399
0.86259399
0.86259399
0.86259399
0.86259399
0.99941969
0.86259399
0.86259399
0.86259399
0.86259399
0.86259399
0.86259399
0.86259399
0.86259399
0.86259399
0.86259399
0.86259399
0.86259399
0.86259399
0.99371098
0.86259399
0.86259399
0.86259399
0.86259399
0.99978637
0.86259399
0.95974241
0.86259399
0.86259399
0.86259399
0.86259399
0.86259399
0.86259399
0.86259399
0.86259399
0.86259399
0.86259399
0.86259399
0.86259399
0.86259399
0.99998589
0.86259399
0.86259399
0.86259399
0.86259399
0.86259399
0.95325195
0.86259399
0.86259399
0.86259399
0.86259399
0.86259399
0.86259399
0.86259399
0.86259399
0.86259399
0.86259399
0.86259399
0.86259399
0.86259399
0.86259399
0.86259399
0.86259399
0.86259399
0.96625664
0.86259399
0.86259399
0.86259399
0.86259399
0.86259399
0.86259399
0.86259399
0.86259399
0.86259399
0.86259399
0.86259399
0.86259399
0.86259399
0.86259399
0.86259399
0.86259399
0.86259399
0.86259399
0.86259399
0.86259399
0.86259399
0.86259399
0.86259399
0.86259399
0.86259399
0.86259399
0.86259399
0.86259399
0.86259399
0.86259399
0.86259399
0.86259399
0.86259399
0.86259399
0.86259399
0.86259399
0.86259399
0.86259399
0.86259399
0.86259399
0.86259399
0.86259399
0.86259399
0.86259399
0.86259399
0.86259399
0.86259399
0.86259399
0.86259399
0.86259399
0.86259399
0.86259399
0.86259399
0.86259399
0.86259399
0.86259399
0.86259399
0.86259399
0.86259399
0.86259399
0.86259399
0.86259399
0.86259399
0.86259399
0.86259399
0.86259399
0.86259399
0.86259399
0.86259399
0.86259399
0.86259399
0.86259399
0.86259399
0.86259399
0.86259399
0.86259399
0.86259399
0.86259399
0.86259399
0.86259399
0.86259399
0.86259399
0.86259399
0.86259399
0.86259399
0.86259399
0.86259399
0.86259399
0.96287133
0.86259399
0.86259399
0.86259399
0.86259399
0.86259399
0.94168911
0.86259399
0.86259399
0.86259399
0.86259399
0.97974718
0.86259399
0.86259399
0.86259399
0.86259399
0.86259399
0.86259399
0.86259399
0.86259399
0.86259399
0.86259399
0.86259399
0.86259399
0.86259399
0.86259399
0.86259399
0.86259399
0.86259399
0.86259399
0.86259399
0.86259399
0.86259399
0.86259399
0.86259399
0.86259399
0.86259399
0.86259399
0.97533383
0.86259399
0.86259399
0.86259399
0.86259399
0.86259399
0.86259399
0.93400763
0.86259399
0.86259399
0.86259399
0.86259399
0.86259399
1.00000000
0.86259399
0.86259399
0.86259399
0.86259399
0.86259399
0.86259399
0.86259399
0.86259399
0.86259399
0.86259399
0.86259399
0.86259399
0.93407245
0.86259399
0.86259399
0.99352956
0.86259399
0.86259399
0.86259399
0.86259399
0.86259399
0.86259399
0.86259399
0.86259399
0.86259399
0.86259399
0.86259399
0.86259399
0.86259399
0.86259399
0.86259399
0.86259399
0.86259399
0.86259399
0.86259399
0.86259399
0.86259399
0.99098769
0.86259399
0.86259399
0.86259399
0.86259399
0.98585805
0.86259399
0.86259399
0.86259399
0.86259399
0.86259399
0.86259399
0.86259399
0.86259399
0.86259399
0.86259399
0.86259399
0.86259399
0.86259399
0.86259399
0.86259399
0.86259399
0.86259399
0.86259399
0.86259399
0.86259399
0.86259399
0.98522483
0.86259399
0.99743995
0.86259399
0.86259399
0.86259399
0.86259399
0.86259399
0.86259399
0.86259399
0.86259399
0.86259399
0.86259399
0.86259399
0.86259399
0.86259399
0.86259399
0.86259399
0.86259399
0.86259399
0.86259399
0.86259399
0.86259399
0.86259399
0.86259399
0.86259399
0.95206691
0.86259399
0.86259399
0.86259399
0.86259399
0.86259399
0.86259399
0.86259399
0.86259399
0.86259399
0.86259399
0.86259399
0.86259399
0.86259399
0.86259399
0.86259399
0.86259399
0.86259399
0.86259399
0.86259399
0.86259399
0.86259399
0.86259399
0.86259399
0.86259399
0.86259399
0.86259399
0.86259399
0.86259399
0.86259399
0.86259399
0.86259399
0.86259399
0.86259399
0.86259399
0.86259399
0.86259399
0.86259399
0.86259399
0.86259399
0.86259399
0.97551190
0.86259399
0.86259399
0.86259399
0.86259399
0.86259399
0.86259399
0.86259399
0.86259399
0.86259399
0.86259399
0.94802605
0.86259399
0.86259399
0.86259399
0.86259399
0.86259399
0.86259399
0.86259399
0.86259399
0.86259399
0.86259399
0.86259399
0.97712783
0.86259399
0.86259399
0.93407245
0.86259399
0.86259399
0.86259399
0.86259399
0.86259399
0.86259399
0.86259399
0.86259399
0.86259399
0.86259399
0.86259399
0.86259399
0.86259399
0.86259399
0.86259399
0.86259399
0.86259399
0.86259399
0.86259399
0.86259399
0.98701383
0.86259399
0.86259399
0.86259399
0.86259399
0.86259399
0.86259399
0.86259399
0.99999940
0.86259399
0.86259399
0.86259399
0.99736253
0.86259399
0.86259399
0.86259399
0.86259399
0.86259399
0.86259399
0.86259399
0.86259399
0.98784283
0.86259399
0.86259399
0.86259399
0.86259399
0.86259399
0.86259399
0.86259399
0.86259399
0.86259399
0.86259399
0.86259399
0.86259399
0.86259399
0.86259399
0.86259399
0.86259399
0.86259399
0.86259399
0.86259399
0.86259399
0.86259399
0.86259399
0.86259399
0.86259399
0.86259399
0.86259399
0.86259399
0.86259399
0.86259399
0.86259399
0.86259399
0.86259399
0.86259399
0.86259399
0.86259399
0.86259399
0.86259399
0.86259399
0.86259399
0.86259399
0.86259399
0.86259399
0.86259399
0.86259399
0.86259399
0.86259399
0.86259399
0.86259399
0.86259399
0.86259399
0.86259399
0.86259399
0.86259399
0.86259399
0.86259399
0.86259399
0.86259399
0.86259399
0.86259399
0.86259399
0.86259399
0.86259399
0.99997304
0.86259399
0.86259399
0.86259399
0.86259399
0.86259399
0.86259399
0.86259399
0.86259399
0.86259399
0.86259399
0.86259399
0.86259399
0.86259399
0.86259399
0.86259399
0.86259399
0.86259399
0.86259399
0.86259399
0.86259399
0.86259399
0.86259399
0.86259399
0.86259399
0.86259399
0.86259399
0.86259399
0.86259399
0.86259399
0.86259399
0.86259399
0.86259399
0.94942505
0.86259399
0.86259399
0.86259399
0.86259399
0.86259399
0.86259399
0.86259399
0.86259399
0.86259399
0.86259399
0.94814818
0.86259399
0.86259399
0.86259399
0.86259399
0.86259399
0.86259399
0.86259399
0.86259399
0.86259399
0.86259399
0.86259399
0.86259399
0.86259399
0.98820088
0.86259399
0.86259399
0.86259399
0.86259399
0.86259399
0.86259399
0.86259399
0.86259399
0.86259399
0.86259399
0.86259399
0.86259399
0.86259399
0.86259399
0.86259399
0.86259399
0.86259399
0.99483662
0.86259399
0.86259399
0.86259399
0.86259399
0.86259399
0.86259399
0.94723012
0.86259399
0.86259399
0.86259399
0.86259399
0.86259399
0.86259399
0.86259399
0.86259399
0.86259399
0.86259399
0.86259399
0.86259399
0.99585148
0.98535947
0.86259399
0.86259399
0.86259399
0.86259399
0.86259399
0.86259399
0.86259399
0.86259399
0.86259399
0.86259399
0.86259399
1.00000000
0.86259399
0.86259399
0.86259399
0.86259399
0.86259399
0.86259399
0.86259399
0.86259399
0.86259399
0.86259399
0.86259399
0.86259399
0.86259399
0.86259399
0.86259399
0.86259399
0.86259399
0.86259399
0.86259399
0.86259399
0.86259399
0.86259399
0.86259399
0.86259399
0.86259399
0.86259399
0.86259399
0.86259399
0.86259399
0.86259399
0.86259399
0.86259399
0.86259399
0.86259399
0.86259399
0.86259399
0.86259399
0.86259399
0.86259399
0.86259399
0.99994720
0.86259399
0.86259399
0.86259399
0.86259399
0.86259399
0.86259399
0.86259399
0.86259399
0.86259399
0.86259399
0.86259399
0.93940707
0.86259399
0.86259399
0.86259399
0.86259399
0.86259399
0.86259399
0.86259399
0.86259399
0.86259399
0.86259399
0.86259399
0.99984032
0.86259399
0.86259399
0.86259399
0.86259399
0.86259399
0.86259399
0.86259399
0.86259399
0.86259399
0.86259399
0.86259399
0.86259399
0.86259399
0.86259399
0.86259399
0.86259399
0.86259399
0.86259399
0.86259399
0.86259399
0.86259399
0.86259399
0.86259399
0.86259399
0.86259399
0.86259399
0.86259399
0.86259399
0.86259399
0.86259399
0.86259399
0.86259399
0.86259399
0.86259399
0.86259399
0.86259399
0.86259399
0.86259399
0.86259399
0.86259399
0.86259399
0.86259399
0.86259399
0.86259399
0.86259399
0.86259399
0.86259399
0.86259399
0.86259399
0.86259399
0.86259399
0.86259399
0.86259399
0.86259399
0.86259399
0.86259399
0.86259399
0.86259399
0.86259399
0.86259399
0.86259399
0.86259399
0.86259399
0.86259399
0.86259399
0.86259399
0.86259399
0.86259399
0.86259399
0.86259399
0.86259399
0.86259399
0.86259399
0.86259399
0.86259399
0.99456871
0.86259399
0.86259399
0.86259399
0.86259399
0.86259399
0.86259399
0.86259399
0.86259399
0.86259399
0.86259399
0.86259399
0.86259399
0.86259399
0.86259399
0.86259399
0.86259399
0.86259399
0.86259399
0.86259399
0.86259399
0.86259399
0.86259399
0.86259399
0.86259399
0.86259399
0.86259399
0.86259399
0.86259399
0.86259399
0.86259399
0.86259399
0.86259399
0.86259399
0.86259399
0.86259399
0.86259399
0.86259399
0.86259399
0.86259399
0.86259399
0.86259399
0.86259399
0.86259399
0.86259399
0.86259399
0.86259399
0.86259399
0.86259399
0.86259399
0.86259399
0.86259399
0.86259399
0.86259399
0.86259399
0.86259399
0.99925691
0.86259399
0.86259399
0.86259399
0.86259399
0.86259399
0.86259399
0.86259399
0.86259399
0.86259399
0.86259399
0.94833119
0.86259399
0.86259399
0.86259399
0.86259399
0.86259399
0.86259399
0.86259399
0.99999674
0.86259399
0.86259399
0.86259399
0.86259399
0.86259399
0.86259399
0.86259399
0.86259399
0.86259399
0.86259399
0.86259399
0.86259399
0.86259399
0.86259399
0.86259399
0.86259399
0.86259399
0.86259399
0.86259399
0.86259399
0.86259399
0.86259399
0.86259399
0.86259399
0.86259399
0.86259399
0.99776403
0.86259399
0.86259399
0.86259399
0.86259399
0.93985245
0.86259399
0.86259399
0.86259399
0.86259399
0.86259399
0.86259399
0.86259399
0.99999027
0.86259399
0.86259399
0.86259399
0.86259399
0.86259399
0.86259399
0.86259399
0.86259399
0.86259399
0.86259399
0.99042522
0.86259399
0.86259399
0.86259399
0.86259399
0.86259399
0.86259399
0.86259399
0.86259399
0.86259399
0.86259399
0.86259399
0.86259399
0.86259399
0.86259399
0.86259399
0.86259399
0.86259399
0.86259399
0.86259399
0.86259399
0.93883332
0.86259399
0.86259399
0.86259399
0.86259399
0.86259399
0.99999141
0.86259399
0.86259399
0.86259399
0.86259399
0.86259399
0.86259399
0.86259399
0.86259399
0.99775405
0.86259399
0.86259399
0.86259399
0.86259399
0.96682419
0.86259399
0.86259399
0.86259399
0.86259399
0.86259399
0.86259399
0.86259399
0.86259399
0.86259399
0.86259399
0.97295996
0.86259399
0.86259399
0.86259399
0.86259399
0.86259399
0.99571323
0.97876919
0.86259399
0.86259399
0.86259399
0.86259399
0.86259399
0.86259399
0.86259399
0.93978887
0.86259399
0.86259399
0.86259399
0.86259399
0.86259399
0.86259399
0.86259399
0.86259399
0.86259399
0.86259399
0.86259399
0.86259399
0.86259399
0.86259399
0.86259399
0.86259399
0.86259399
0.86259399
0.86259399
0.86259399
0.94936448
0.86259399
0.86259399
0.86259399
0.86259399
0.86259399
0.86259399
0.86259399
0.86259399
0.86259399
0.99344786
0.86259399
0.86259399
0.86259399
0.86259399
0.86259399
0.86259399
0.86259399
0.86259399
0.86259399
0.86259399
0.86259399
0.86259399
0.86259399
0.86259399
0.86259399
0.86259399
0.86259399
0.86259399
0.94869663
0.86259399
0.97612999
0.86259399
0.86259399
0.86259399
0.86259399
0.86259399
0.86259399
0.86259399
0.86259399
0.86259399
0.86259399
0.86259399
0.94282188
0.86259399
0.86259399
0.86259399
0.86259399
0.86259399
0.86259399
0.86259399
0.86259399
0.99714429
0.86259399
0.86259399
0.86259399
0.98624972
0.86259399
0.86259399
0.86259399
0.86259399
0.86259399
0.86259399
0.86259399
0.86259399
0.86259399
0.86259399
0.86259399
0.86259399
0.86259399
0.86259399
0.86259399
0.86259399
0.86259399
0.98644315
0.86259399
0.86259399
0.86259399
0.86259399
0.86259399
0.86259399
0.86259399
0.86259399
0.86259399
0.86259399
0.86259399
0.86259399
0.86259399
0.97488579
0.86259399
0.86259399
0.86259399
0.86259399
0.86259399
0.93581791
0.86259399
0.98602202
0.86259399
0.86259399
0.86259399
0.86259399
0.86259399
0.86259399
0.86259399
0.86259399
0.86259399
0.86259399
0.98918071
0.86259399
0.86259399
0.86259399
0.86259399
0.86259399
0.86259399
0.86259399
0.86259399
0.86259399
0.86259399
0.86259399
0.86259399
0.86259399
0.86259399
0.86259399
0.86259399
0.86259399
0.86259399
0.86259399
0.86259399
0.86259399
0.86259399
0.86259399
0.86259399
0.86259399
0.86259399
0.86259399
0.86259399
0.97573357
0.86259399
0.86259399
0.86259399
0.86259399
0.86259399
0.86259399
0.86259399
0.86259399
0.86259399
0.86259399
0.86259399
0.86259399
0.86259399
0.93374825
0.86259399
0.86259399
0.86259399
0.86259399
0.86259399
0.86259399
0.86259399
0.86259399
0.86259399
0.86259399
0.86259399
0.86259399
0.86259399
0.86259399
0.86259399
0.86259399
0.86259399
0.86259399
0.86259399
0.86259399
0.86259399
0.86259399
0.86259399
0.86259399
0.86259399
0.86259399
0.86259399
0.86259399
0.86259399
0.86259399
0.86259399
0.86259399
0.86259399
0.86259399
0.86259399
0.86259399
0.86259399
0.86259399
0.86259399
0.86259399
0.86259399
0.86259399
0.86259399
0.96939849
0.86259399
0.86259399
0.86259399
0.86259399
0.86259399
0.86259399
0.86259399
0.86259399
0.86259399
0.86259399
0.86259399
0.86259399
0.86259399
0.86259399
0.86259399
0.86259399
0.86259399
0.86259399
0.86259399
0.86259399
0.86259399
0.99152918
0.86259399
0.86259399
0.86259399
0.86259399
0.86259399
0.99797597
0.86259399
1.00000000
0.86259399
0.86259399
0.86259399
0.86259399
0.99999326
0.86259399
0.86259399
0.86259399
0.86259399
0.86259399
0.86259399
0.86259399
0.86259399
0.86259399
0.86259399
0.86259399
0.86259399
0.86259399
0.86259399
0.86259399
0.86259399
0.86259399
0.86259399
0.86259399
0.86259399
0.86259399
0.86259399
0.86259399
0.86259399
0.86259399
0.86259399
0.86259399
0.86259399
0.86259399
0.86259399
0.86259399
0.86259399
0.86259399
0.86259399
0.86259399
0.86259399
0.86259399
0.86259399
0.86259399
0.86259399
0.86259399
0.86259399
0.86259399
0.86259399
0.86259399
0.86259399
0.99999735
0.86259399
0.86259399
0.86259399
0.86259399
0.86259399
0.86259399
0.86259399
0.86259399
0.86259399
0.86259399
0.86259399
0.86259399
0.86259399
0.86259399
0.86259399
0.86259399
0.86259399
0.86259399
0.86259399
0.86259399
0.86259399
0.86259399
0.86259399
0.86259399
0.86259399
0.99966764
0.86259399
0.86259399
0.86259399
0.86259399
0.86259399
0.86259399
0.86259399
0.86259399
0.86259399
0.86259399
0.86259399
0.86259399
0.86259399
0.86259399
0.86259399
0.86259399
0.86259399
0.86259399
0.86259399
0.86259399
0.86259399
0.86259399
0.86259399
0.86259399
0.86259399
0.86259399
0.86259399
0.86259399
0.86259399
0.86259399
0.86259399
0.86259399
0.86259399
0.86259399
0.86259399
0.86259399
0.86259399
0.86259399
0.86259399
0.95419252
0.86259399
0.99796665
0.86259399
0.86259399
0.86259399
0.86259399
0.86259399
0.86259399
0.86259399
0.86259399
0.86259399
0.86259399
0.86259399
0.86259399
0.86259399
0.86259399
0.86259399
0.86259399
0.93420204
0.86259399
0.86259399
0.93697639
0.86259399
0.86259399
0.86259399
0.86259399
0.86259399
0.86259399
0.86259399
0.86259399
0.97154156
0.86259399
0.86259399
0.86259399
0.86259399
0.86259399
0.99464102
0.99375085
0.97484076
0.86259399
0.86259399
0.86259399
0.86259399
0.86259399
0.86259399
0.86259399
0.86259399
0.99866384
0.86259399
0.86259399
0.86259399
0.86259399
0.96389087
0.99815610
0.86259399
0.86259399
0.86259399
0.86259399
0.86259399
0.86259399
0.86259399
0.86259399
0.86259399
0.86259399
0.86259399
0.86259399
0.86259399
0.86259399
0.86259399
0.86259399
0.86259399
0.86259399
0.86259399
0.86259399
0.86259399
0.86259399
0.86259399
0.86259399
0.86259399
0.86259399
0.86259399
0.86259399
0.86259399
0.86259399
0.86259399
0.86259399
0.86259399
0.86259399
0.86259399
0.86259399
0.86259399
0.86259399
0.86259399
0.86259399
0.86259399
0.86259399
0.86259399
0.86259399
0.86259399
0.86259399
0.86259399
0.86259399
0.86259399
0.86259399
0.86259399
0.86259399
0.86259399
0.86259399
0.86259399
0.86259399
0.86259399
0.86259399
0.86259399
0.86259399
0.86259399
0.86259399
0.86259399
0.86259399
0.93896092
0.86259399
0.86259399
0.86259399
0.86259399
0.86259399
0.86259399
0.86259399
0.86259399
0.86259399
0.86259399
0.86259399
0.86259399
0.86259399
0.86259399
0.86259399
0.86259399
0.99647092
0.86259399
0.86259399
0.99963087
0.86259399
0.86259399
0.86259399
0.86259399
0.86259399
0.86259399
0.86259399
0.86259399
0.86259399
0.86259399
0.86259399
0.86259399
0.86259399
0.86259399
0.86259399
0.86259399
0.86259399
0.86259399
0.86259399
0.86259399
0.86259399
0.86259399
0.86259399
0.86259399
0.86259399
0.86259399
0.86259399
0.86259399
0.86259399
0.86259399
0.86259399
0.86259399
0.86259399
0.86259399
0.86259399
0.86259399
0.86259399
0.86259399
0.86259399
0.86259399
0.86259399
0.86259399
0.86259399
0.86259399
0.86259399
0.86259399
0.86259399
0.86259399
0.97827099
0.86259399
0.98802265
0.86259399
0.86259399
0.86259399
0.86259399
0.86259399
0.86259399
0.86259399
0.86259399
0.86259399
0.86259399
0.86259399
0.86259399
0.86259399
0.86259399
0.86259399
0.86259399
0.86259399
0.86259399
0.86259399
0.86259399
0.86259399
0.86259399
0.86259399
0.86259399
0.86259399
0.86259399
0.86259399
0.86259399
0.86259399
0.86259399
0.86259399
0.98852348
0.86259399
0.86259399
0.86259399
0.86259399
0.86259399
0.86259399
0.86259399
0.86259399
0.86259399
0.86259399
0.86259399
0.86259399
0.86259399
0.86259399
0.86259399
0.86259399
0.86259399
0.86259399
0.86259399
0.86259399
0.86259399
0.86259399
0.86259399
0.86259399
0.86259399
0.86259399
0.86259399
0.86259399
0.94912194
0.86259399
0.86259399
0.86259399
0.86259399
0.86259399
0.86259399
0.86259399
0.86259399
0.86259399
0.86259399
0.86259399
0.86259399
0.86259399
0.86259399
0.86259399
0.86259399
0.86259399
0.86259399
0.86259399
0.86259399
0.86259399
0.86259399
0.86259399
0.86259399
0.86259399
0.86259399
0.86259399
0.86259399
0.86259399
0.86259399
0.86259399
0.86259399
0.86259399
0.86259399
0.86259399
0.86259399
0.86259399
0.86259399
0.86259399
0.86259399
0.86259399
0.86259399
0.93471995
0.86259399
0.86259399
0.86259399
0.86259399
0.86259399
0.86259399
0.86259399
0.86259399
0.86259399
0.86259399
0.86259399
0.86259399
0.86259399
0.86259399
0.86259399
0.86259399
0.86259399
0.99999681
0.86259399
0.86259399
0.86259399
0.86259399
0.86259399
0.86259399
0.86259399
0.99999866
0.97067376
0.93329391
0.86259399
0.86259399
0.86259399
0.86259399
0.86259399
0.86259399
0.86259399
0.86259399
0.86259399
0.86259399
0.86259399
0.86259399
0.86259399
0.86259399
0.99998783
0.86259399
0.86259399
0.86259399
0.86259399
0.86259399
0.86259399
0.86259399
0.86259399
0.86259399
0.86259399
0.86259399
0.86259399
0.86259399
0.86259399
0.86259399
0.86259399
0.98679361
0.86259399
0.86259399
0.99993560
0.86259399
0.86259399
0.86259399
0.93452583
0.86259399
0.86259399
0.86259399
0.86259399
0.86259399
0.99992300
0.86259399
0.86259399
0.86259399
0.86259399
0.86259399
0.86259399
0.86259399
0.86259399
0.86259399
0.86259399
0.86259399
0.86259399
0.86259399
0.86259399
0.86259399
0.86259399
0.86259399
0.86259399
0.86259399
0.86259399
0.86259399
0.86259399
0.86259399
0.86259399
0.86259399
0.86259399
0.86259399
0.86259399
0.86259399
0.86259399
0.86259399
0.86259399
0.86259399
0.86259399
0.86259399
0.86259399
0.86259399
0.86259399
0.86259399
0.86259399
0.86259399
0.86259399
0.86259399
0.86259399
0.94010660
0.86259399
0.86259399
0.86259399
0.86259399
0.86259399
0.86259399
0.86259399
0.86259399
0.86259399
0.86259399
0.86259399
0.86259399
0.86259399
0.86259399
0.86259399
0.86259399
0.86259399
0.86259399
0.86259399
0.86259399
0.86259399
0.86259399
0.86259399
0.86259399
0.86259399
0.99999519
0.86259399
0.86259399
0.99985169
0.86259399
0.86259399
0.99619118
0.86259399
0.86259399
0.86259399
0.86259399
0.86259399
0.86259399
0.86259399
0.86259399
0.93774624
0.86259399
0.86259399
0.86259399
0.86259399
0.86259399
0.86259399
0.86259399
0.86259399
0.86259399
0.86259399
0.86259399
0.86259399
0.86259399
0.86259399
0.86259399
0.86259399
0.86259399
0.86259399
0.99954844
0.86259399
0.86259399
0.86259399
0.86259399
0.86259399
0.94055075
0.86259399
0.86259399
0.86259399
0.86259399
0.86259399
0.99976567
0.86259399
0.86259399
0.86259399
0.99991604
0.98077876
0.86259399
0.86259399
0.86259399
0.86259399
0.99943849
0.86259399
0.86259399
0.86259399
0.86259399
0.86259399
0.86259399
0.86259399
0.86259399
0.86259399
0.86259399
0.86259399
0.86259399
0.86259399
0.86259399
0.86259399
0.86259399
0.86259399
0.86259399
0.86259399
0.86259399
0.86259399
0.86259399
0.86259399
0.86259399
0.86259399
0.94887904
0.86259399
0.86259399
0.86259399
0.86259399
0.86259399
0.86259399
0.86259399
0.99987135
0.94017010
0.99991694
0.86259399
0.86259399
0.86259399
0.86259399
0.86259399
0.86259399
0.86259399
0.99998184
0.86259399
0.86259399
0.95918298
0.86259399
0.86259399
0.86259399
0.86259399
0.86259399
0.86259399
0.86259399
0.86259399
0.86259399
0.86259399
0.86259399
0.86259399
0.86259399
0.86259399
0.86259399
0.86259399
0.86259399
0.99983289
0.86259399
0.86259399
0.86259399
0.86259399
0.86259399
0.86259399
0.86259399
0.86259399
0.86259399
0.86259399
0.86259399
0.86259399
0.86259399
0.86259399
0.86259399
0.86259399
0.86259399
0.86259399
0.86259399
0.86259399
0.86259399
0.86259399
0.86259399
0.86259399
0.86259399
0.94307282
0.86259399
0.86259399
0.86259399
0.86259399
0.86259399
0.86259399
0.86259399
0.86259399
0.86259399
0.86259399
0.86259399
0.94313551
0.86259399
0.86259399
0.86259399
0.86259399
0.86259399
0.86259399
0.86259399
0.86259399
0.86259399
0.86259399
0.86259399
0.86259399
0.86259399
0.86259399
0.86259399
0.86259399
0.86259399
0.86259399
0.86259399
0.86259399
0.86259399
0.86259399
0.86259399
0.86259399
0.86259399
0.86259399
0.86259399
0.86259399
0.86259399
0.86259399
0.86259399
0.86259399
0.86259399
0.86259399
0.86259399
0.97721356
0.86259399
0.86259399
0.97425171
0.86259399
0.86259399
0.97660996
0.99021545
0.86259399
0.86259399
0.86259399
0.86259399
0.86259399
0.86259399
0.86259399
0.86259399
0.86259399
0.86259399
0.86259399
0.86259399
0.86259399
0.99412143
0.86259399
0.86259399
0.94692303
0.86259399
0.86259399
0.86259399
0.86259399
0.86259399
0.86259399
0.86259399
0.86259399
0.86259399
0.86259399
0.86259399
0.86259399
0.86259399
0.86259399
0.86259399
0.86259399
0.86259399
0.86259399
0.86259399
0.86259399
0.99998040
0.86259399
0.86259399
0.86259399
0.99973508
0.97691278
0.86259399
0.86259399
0.86259399
0.86259399
0.86259399
0.86259399
0.86259399
0.86259399
0.86259399
0.86259399
0.86259399
0.86259399
0.99971983
0.86259399
0.86259399
0.86259399
0.86259399
0.86259399
0.86259399
0.86259399
0.86259399
1.00000000
0.86259399
0.86259399
0.86259399
0.86259399
0.86259399
0.86259399
0.86259399
0.86259399
0.86259399
0.86259399
0.86259399
0.86259399
0.86259399
0.86259399
0.86259399
0.86259399
0.86259399
0.86259399
0.86259399
0.86259399
0.86259399
0.86259399
0.86259399
0.86259399
0.86259399
0.86259399
0.86259399
0.86259399
0.86259399
0.86259399
0.86259399
0.86259399
0.86259399
0.86259399
0.86259399
0.86259399
0.86259399
0.86259399
0.86259399
0.86259399
0.86259399
0.86259399
0.86259399
0.86259399
0.86259399
0.86259399
0.86259399
0.86259399
0.97134979
0.86259399
0.86259399
0.86259399
0.86259399
0.86259399
0.86259399
0.86259399
0.86259399
0.86259399
0.86259399
0.86259399
0.86259399
0.86259399
0.96840030
0.86259399
0.86259399
0.86259399
0.86259399
0.86259399
0.86259399
0.86259399
0.86259399
0.86259399
0.86259399
0.86259399
0.86259399
0.86259399
0.86259399
0.99649811
0.86259399
0.86259399
0.86259399
0.86259399
0.86259399
0.86259399
0.86259399
0.86259399
0.86259399
0.86259399
0.86259399
0.86259399
0.86259399
0.86259399
0.86259399
0.86259399
0.86259399
0.86259399
0.86259399
0.86259399
0.86259399
0.86259399
0.86259399
0.86259399
0.86259399
0.86259399
0.86259399
0.86259399
0.86259399
0.86259399
0.86259399
0.86259399
0.86259399
0.86259399
0.86259399
0.86259399
0.86259399
0.86259399
0.86259399
0.86259399
0.86259399
0.86259399
0.97018629
0.86259399
0.86259399
0.86259399
0.86259399
0.86259399
0.86259399
0.86259399
0.86259399
0.86259399
0.86259399
0.86259399
0.86259399
0.86259399
0.86259399
0.86259399
0.86259399
0.86259399
0.86259399
0.86259399
0.86259399
0.86259399
0.86259399
0.86259399
0.86259399
0.86259399
0.86259399
0.86259399
0.86259399
0.86259399
0.86259399
0.86259399
0.86259399
0.86259399
0.86259399
0.86259399
0.86259399
0.99998803
0.86259399
0.86259399
0.86259399
0.86259399
0.86259399
0.86259399
0.86259399
0.98256906
0.86259399
0.86259399
0.86259399
0.86259399
0.86259399
0.86259399
0.86259399
0.86259399
0.86259399
0.86259399
0.99887930
0.86259399
0.86259399
0.86259399
0.86259399
0.86259399
0.86259399
0.86259399
0.98866835
0.86259399
0.86259399
0.86259399
0.86259399
0.99999992
0.86259399
0.86259399
0.86259399
0.86259399
0.86259399
0.98204587
0.86259399
0.86259399
0.99773399
0.86259399
0.86259399
0.86259399
0.86259399
0.86259399
0.86259399
0.86259399
0.86259399
0.86259399
0.86259399
0.86259399
0.86259399
0.86259399
0.86259399
0.86259399
0.86259399
0.86259399
0.99526357
0.86259399
0.86259399
0.86259399
0.86259399
0.86259399
0.86259399
0.86259399
0.86259399
0.86259399
0.86259399
0.95940712
0.86259399
0.86259399
0.86259399
0.86259399
0.86259399
0.86259399
0.86259399
0.86259399
0.86259399
0.86259399
0.86259399
0.86259399
0.86259399
0.86259399
0.86259399
0.86259399
0.86259399
0.86259399
0.86259399
0.86259399
0.86259399
0.86259399
0.86259399
0.86259399
0.86259399
0.86259399
0.99999400
0.86259399
0.86259399
0.86259399
0.86259399
0.86259399
0.86259399
0.86259399
0.86259399
0.86259399
0.86259399
0.86259399
0.86259399
0.86259399
0.86259399
0.86259399
0.86259399
0.86259399
0.86259399
0.86259399
0.86259399
0.86259399
0.86259399
0.86259399
0.86259399
0.86259399
0.86259399
0.86259399
0.86259399
0.86259399
0.86259399
0.86259399
0.86259399
0.86259399
0.86259399
0.86259399
0.86259399
0.86259399
0.86259399
0.86259399
0.86259399
0.86259399
0.86259399
0.86259399
0.86259399
0.86259399
0.86259399
0.86259399
0.86259399
0.86259399
0.86259399
0.86259399
0.86259399
0.86259399
0.86259399
0.86259399
0.86259399
0.86259399
0.86259399
0.86259399
0.86259399
0.86259399
0.86259399
0.86259399
0.86259399
0.86259399
0.86259399
0.86259399
0.86259399
0.86259399
0.86259399
0.86259399
0.86259399
0.86259399
0.99864990
0.86259399
0.86259399
0.86259399
0.86259399
0.86259399
0.86259399
0.86259399
0.86259399
0.86259399
0.86259399
0.86259399
0.86259399
0.86259399
0.86259399
0.86259399
0.86259399
0.86259399
0.86259399
0.86259399
0.86259399
0.86259399
0.86259399
0.95289751
0.86259399
0.97542295
0.86259399
0.86259399
0.96939849
0.86259399
0.86259399
0.86259399
0.86259399
0.99999851
0.86259399
0.86259399
0.86259399
0.86259399
0.86259399
0.86259399
0.86259399
0.86259399
0.86259399
0.86259399
0.86259399
0.86259399
0.86259399
0.86259399
0.86259399
0.86259399
0.86259399
0.86259399
0.86259399
0.86259399
0.86259399
0.86259399
0.86259399
0.86259399
0.86259399
0.86259399
0.86259399
0.86259399
0.86259399
0.86259399
0.86259399
0.86259399
0.86259399
0.86259399
0.86259399
0.86259399
0.86259399
0.86259399
0.86259399
0.86259399
0.86259399
0.86259399
0.86259399
0.86259399
0.86259399
0.86259399
0.86259399
0.86259399
0.86259399
0.86259399
0.86259399
0.86259399
0.86259399
0.86259399
0.86259399
0.86259399
0.86259399
0.86259399
0.86259399
0.99950588
0.86259399
0.86259399
0.86259399
0.86259399
0.86259399
0.86259399
0.86259399
0.86259399
0.86259399
0.86259399
0.86259399
0.86259399
0.86259399
0.86259399
0.86259399
0.86259399
0.86259399
0.86259399
0.86259399
0.86259399
0.86259399
0.86259399
0.86259399
0.86259399
0.86259399
0.86259399
0.86259399
0.86259399
0.86259399
0.86259399
0.86259399
0.86259399
0.86259399
0.86259399
0.86259399
0.86259399
0.86259399
0.86259399
0.86259399
0.95277916
0.86259399
0.86259399
0.86259399
0.97043050
0.86259399
0.86259399
0.86259399
0.93601129
0.86259399
0.86259399
0.86259399
0.86259399
0.86259399
0.86259399
0.86259399
0.86259399
0.86259399
0.86259399
0.86259399
0.86259399
0.86259399
0.86259399
0.86259399
0.86259399
0.86259399
0.86259399
0.86259399
0.86259399
0.86259399
0.86259399
0.86259399
0.86259399
0.86259399
0.86259399
0.86259399
0.86259399
0.86259399
0.86259399
0.86259399
0.86259399
0.86259399
0.86259399
0.86259399
0.99042522
0.86259399
0.99932724
0.86259399
0.86259399
0.86259399
0.86259399
0.86259399
0.86259399
0.86259399
0.86259399
0.86259399
0.86259399
0.86259399
0.86259399
0.86259399
0.86259399
0.86259399
0.86259399
0.86259399
0.86259399
0.86259399
0.86259399
0.86259399
0.86259399
0.86259399
0.86259399
0.86259399
0.86259399
0.86259399
0.86259399
0.86259399
0.86259399
0.86259399
0.86259399
0.86259399
0.86259399
0.86259399
0.86259399
0.86259399
0.86259399
0.86259399
0.86259399
0.86259399
0.86259399
0.86259399
0.86259399
0.86259399
0.86259399
0.86259399
0.86259399
0.95063167
0.86259399
0.86259399
0.86259399
0.86259399
0.86259399
0.86259399
0.86259399
0.86259399
0.86259399
0.86259399
0.86259399
0.86259399
0.86259399
0.86259399
0.86259399
0.86259399
0.86259399
0.86259399
0.86259399
0.86259399
0.86259399
0.86259399
0.86259399
0.86259399
0.86259399
0.86259399
0.86259399
0.86259399
0.86259399
0.86259399
0.86259399
0.86259399
0.86259399
0.86259399
0.86259399
0.86259399
0.86259399
0.86259399
0.86259399
0.86259399
0.86259399
0.86259399
0.86259399
0.86259399
0.86259399
0.86259399
0.86259399
0.86259399
0.97938332
0.86259399
0.86259399
0.86259399
0.86259399
0.86259399
0.86259399
0.86259399
0.86259399
0.94357381
0.86259399
0.86259399
0.86259399
0.86259399
0.86259399
0.86259399
0.97323939
0.86259399
0.86259399
0.86259399
0.86259399
0.86259399
0.86259399
0.86259399
0.86259399
0.86259399
0.86259399
0.86259399
0.86259399
0.86259399
0.86259399
0.86259399
0.86259399
0.86259399
0.97528921
0.86259399
0.86259399
0.86259399
0.86259399
0.86259399
0.86259399
0.86259399
0.86259399
0.86259399
0.86259399
0.86259399
0.86259399
0.86259399
0.86259399
0.86259399
0.86259399
0.97225516
0.86259399
0.86259399
0.86259399
0.86259399
0.86259399
0.86259399
0.86259399
0.86259399
0.99665826
0.86259399
0.86259399
0.86259399
0.86259399
0.86259399
0.86259399
0.86259399
0.86259399
0.86259399
0.86259399
0.86259399
0.86259399
0.86259399
0.86259399
0.86259399
0.86259399
0.86259399
0.86259399
0.86259399
0.86259399
0.86259399
0.86259399
0.86259399
0.86259399
0.86259399
0.86259399
0.99999509
0.86259399
0.86259399
0.86259399
0.86259399
0.86259399
0.86259399
0.86259399
0.86259399
0.86259399
0.86259399
0.86259399
0.86259399
0.86259399
0.86259399
0.86259399
0.86259399
0.86259399
0.86259399
0.86259399
0.86259399
0.86259399
0.86259399
0.86259399
0.86259399
0.86259399
0.86259399
0.86259399
0.86259399
0.86259399
0.86259399
0.86259399
0.86259399
0.86259399
0.86259399
0.86259399
0.86259399
0.86259399
0.86259399
0.86259399
0.86259399
0.86259399
0.86259399
0.86259399
0.86259399
0.86259399
0.86259399
0.86259399
0.86259399
0.86259399
0.86259399
0.86259399
0.86259399
0.86259399
0.86259399
0.86259399
0.86259399
0.86259399
0.86259399
0.86259399
0.86259399
0.86259399
0.86259399
0.95901456
0.86259399
0.86259399
0.86259399
0.96542350
0.99172090
0.86259399
0.86259399
0.86259399
0.86259399
0.86259399
0.86259399
0.86259399
0.86259399
0.86259399
0.86259399
0.86259399
0.86259399
0.86259399
0.86259399
0.86259399
0.86259399
0.86259399
0.86259399
0.86259399
0.86259399
0.86259399
0.86259399
0.86259399
0.86259399
0.93710484
0.86259399
0.86259399
0.86259399
0.86259399
0.86259399
0.86259399
0.86259399
0.86259399
0.86259399
0.86259399
0.86259399
0.86259399
0.86259399
0.86259399
0.86259399
0.86259399
0.86259399
0.86259399
0.86259399
0.96563262
0.86259399
0.86259399
0.86259399
0.86259399
0.86259399
0.86259399
0.86259399
0.86259399
0.86259399
0.86259399
0.86259399
0.86259399
0.86259399
0.86259399
0.86259399
0.86259399
0.86259399
0.86259399
0.86259399
0.86259399
0.86259399
0.99313559
0.86259399
0.86259399
0.86259399
0.86259399
0.86259399
0.86259399
0.86259399
0.86259399
0.86259399
0.86259399
0.86259399
0.86259399
0.86259399
0.86259399
0.86259399
0.86259399
0.86259399
0.86259399
0.86259399
0.99872529
0.86259399
0.86259399
0.86259399
0.86259399
0.86259399
0.86259399
0.86259399
0.86259399
0.86259399
0.86259399
0.86259399
0.86259399
0.86259399
0.86259399
0.86259399
0.86259399
0.86259399
0.86259399
0.86259399
0.86259399
0.86259399
0.86259399
0.86259399
0.86259399
0.86259399
0.86259399
0.86259399
0.86259399
0.86259399
0.86259399
0.86259399
0.99922452
0.86259399
0.86259399
0.86259399
0.86259399
0.86259399
0.86259399
0.86259399
0.86259399
0.86259399
0.86259399
0.86259399
0.86259399
0.86259399
0.86259399
0.86259399
0.86259399
0.86259399
0.86259399
0.86259399
0.86259399
0.86259399
0.86259399
0.86259399
0.86259399
0.86259399
0.86259399
0.86259399
0.86259399
0.86259399
0.86259399
0.86259399
0.98223371
0.86259399
0.86259399
0.86259399
0.86259399
0.86259399
0.86259399
0.86259399
0.86259399
0.86259399
0.86259399
0.86259399
0.86259399
0.86259399
0.86259399
0.86259399
0.86259399
0.86259399
0.86259399
0.94219327
0.86259399
0.86259399
0.86259399
0.86259399
0.86259399
0.86259399
0.86259399
0.86259399
0.86259399
0.86259399
0.86259399
0.86259399
0.86259399
0.86259399
0.86259399
0.86259399
0.86259399
0.86259399
0.86259399
0.86259399
0.86259399
0.86259399
0.86259399
0.86259399
0.86259399
0.86259399
0.86259399
0.86259399
0.99748348
0.86259399
0.86259399
0.86259399
0.86259399
0.86259399
0.86259399
0.86259399
0.86259399
0.95593757
0.86259399
0.86259399
0.86259399
0.86259399
0.86259399
0.86259399
0.86259399
0.86259399
0.86259399
0.99768329
0.86259399
0.86259399
0.86259399
0.86259399
0.95845119
0.86259399
0.86259399
0.86259399
0.86259399
0.86259399
0.86259399
0.86259399
0.86259399
0.86259399
0.99445905
0.86259399
0.86259399
0.86259399
0.86259399
0.86259399
0.86259399
0.86259399
0.86259399
0.99999989
0.86259399
0.86259399
0.86259399
0.99999741
0.86259399
0.86259399
0.86259399
0.86259399
0.86259399
0.86259399
0.86259399
0.86259399
0.86259399
0.86259399
0.86259399
0.86259399
0.86259399
0.86259399
0.99999966
0.86259399
0.86259399
0.86259399
0.86259399
0.86259399
0.86259399
0.86259399
0.86259399
0.86259399
0.86259399
0.86259399
0.86259399
0.86259399
0.86259399
0.86259399
0.86259399
0.86259399
0.86259399
0.86259399
0.86259399
0.86259399
0.86259399
0.86259399
0.86259399
0.86259399
0.86259399
0.86259399
0.86259399
0.86259399
0.86259399
0.86259399
0.86259399
0.86259399
0.86259399
0.99998211
0.86259399
0.86259399
0.86259399
0.98242045
0.86259399
0.86259399
0.86259399
0.86259399
0.86259399
0.86259399
0.86259399
0.86259399
0.99834092
0.86259399
0.86259399
0.86259399
0.86259399
0.86259399
0.86259399
0.86259399
0.86259399
0.86259399
0.86259399
0.86259399
0.86259399
0.99999061
0.86259399
0.86259399
0.86259399
0.86259399
0.86259399
0.86259399
0.86259399
0.86259399
0.86259399
0.94556558
0.86259399
0.86259399
0.86259399
0.86259399
0.86259399
0.86259399
0.86259399
0.86259399
0.86259399
0.86259399
0.86259399
0.86259399
0.86259399
0.86259399
0.86259399
0.86259399
0.86259399
0.86259399
0.86259399
0.86259399
0.86259399
0.86259399
0.86259399
0.86259399
0.86259399
0.86259399
0.86259399
0.86259399
0.86259399
0.86259399
0.86259399
0.86259399
0.86259399
0.86259399
0.86259399
0.86259399
0.86259399
0.86259399
0.86259399
0.86259399
0.86259399
0.86259399
0.86259399
0.86259399
0.86259399
0.86259399
0.98093487
0.86259399
0.86259399
0.86259399
0.86259399
0.86259399
0.86259399
0.86259399
0.86259399
0.86259399
0.86259399
0.86259399
0.86259399
0.86259399
0.86259399
0.86259399
0.86259399
0.99786219
0.86259399
0.86259399
0.86259399
0.86259399
0.86259399
0.86259399
0.86259399
0.86259399
0.86259399
0.86259399
0.86259399
0.86259399
0.86259399
0.86259399
0.86259399
0.86259399
0.86259399
0.86259399
0.99686396
0.99995549
0.86259399
0.86259399
0.86259399
0.86259399
0.93614014
0.86259399
0.86259399
0.86259399
0.86259399
0.86259399
0.86259399
0.86259399
0.86259399
0.86259399
0.86259399
0.86259399
0.86259399
0.94723012
0.86259399
0.86259399
0.86259399
0.86259399
0.86259399
0.86259399
0.86259399
0.86259399
0.86259399
0.86259399
0.86259399
0.86259399
0.86259399
0.86259399
0.86259399
0.86259399
0.86259399
0.86259399
0.86259399
0.86259399
0.86259399
0.86259399
0.86259399
0.95990964
0.86259399
0.86259399
0.86259399
0.86259399
0.86259399
0.86259399
0.86259399
0.96521381
0.86259399
0.99988674
0.86259399
0.86259399
0.86259399
0.86259399
0.99514647
0.93523709
0.86259399
0.86259399
0.86259399
0.86259399
0.86259399
0.86259399
0.86259399
0.86259399
0.86259399
0.93902470
0.86259399
0.86259399
0.86259399
0.86259399
0.86259399
0.99737368
0.86259399
0.86259399
0.86259399
0.86259399
0.86259399
0.86259399
0.86259399
0.86259399
0.86259399
0.86259399
0.99987504
0.86259399
0.86259399
0.86259399
0.86259399
0.86259399
0.86259399
0.86259399
0.86259399
0.86259399
0.86259399
0.99879764
0.86259399
0.86259399
0.86259399
0.86259399
0.86259399
0.86259399
0.86259399
0.86259399
0.86259399
0.86259399
0.98855255
0.86259399
0.86259399
0.86259399
0.86259399
0.86259399
0.86259399
0.86259399
0.86259399
0.86259399
0.86259399
0.86259399
0.86259399
0.86259399
0.86259399
0.86259399
0.86259399
0.86259399
0.86259399
0.86259399
0.86259399
0.86259399
0.86259399
0.86259399
0.86259399
0.86259399
0.86259399
0.86259399
0.86259399
0.86259399
0.86259399
0.86259399
0.86259399
0.86259399
0.86259399
0.86259399
0.86259399
0.86259399
0.86259399
0.86259399
0.86259399
0.86259399
0.86259399
0.86259399
0.86259399
0.86259399
0.86259399
0.86259399
0.86259399
0.86259399
0.86259399
0.86259399
0.86259399
0.86259399
0.86259399
0.86259399
0.86259399
0.86259399
0.86259399
0.86259399
0.86259399
0.86259399
0.86259399
0.86259399
0.86259399
0.86259399
0.86259399
0.86259399
0.86259399
0.86259399
0.86259399
0.86259399
0.86259399
0.86259399
0.86259399
0.86259399
0.86259399
0.86259399
0.86259399
0.86259399
0.86259399
0.86259399
0.86259399
0.99357016
0.86259399
0.86259399
0.86259399
0.86259399
0.86259399
0.86259399
0.86259399
0.95605303
0.86259399
0.86259399
0.86259399
0.97456974
0.86259399
0.86259399
0.86259399
0.95979818
0.86259399
0.86259399
0.86259399
0.86259399
0.86259399
0.86259399
0.86259399
0.86259399
0.86259399
0.86259399
0.86259399
0.86259399
0.86259399
0.86259399
0.86259399
0.86259399
0.86259399
0.86259399
0.86259399
0.86259399
0.86259399
0.86259399
0.86259399
0.86259399
0.99943849
0.86259399
0.86259399
0.86259399
1.00000000
0.86259399
0.86259399
0.86259399
0.86259399
0.86259399
0.86259399
0.86259399
0.86259399
0.86259399
0.86259399
0.86259399
0.86259399
0.86259399
0.86259399
0.86259399
0.86259399
0.86259399
0.86259399
0.86259399
0.86259399
0.86259399
0.86259399
0.86259399
0.86259399
0.86259399
0.86259399
0.86259399
0.86259399
0.98447159
0.86259399
0.86259399
0.86259399
0.86259399
0.86259399
0.86259399
0.86259399
0.86259399
0.86259399
0.86259399
0.86259399
0.86259399
0.86259399
0.86259399
0.86259399
0.86259399
0.86259399
0.86259399
0.86259399
0.86259399
0.86259399
0.86259399
0.86259399
0.86259399
0.96018775
0.86259399
0.86259399
0.86259399
0.86259399
0.86259399
0.86259399
0.86259399
0.86259399
0.86259399
0.86259399
0.86259399
0.86259399
0.86259399
0.99900273
0.86259399
0.86259399
0.86259399
0.86259399
0.86259399
0.86259399
0.86259399
0.86259399
0.86259399
0.86259399
0.86259399
0.86259399
0.86259399
0.86259399
0.86259399
0.86259399
0.86259399
0.86259399
0.86259399
0.86259399
0.86259399
0.86259399
0.86259399
0.86259399
0.86259399
0.86259399
0.86259399
0.86259399
0.86259399
0.86259399
0.86259399
0.86259399
0.86259399
0.86259399
0.86259399
0.86259399
0.86259399
0.86259399
0.86259399
0.86259399
0.86259399
0.86259399
0.86259399
0.86259399
0.86259399
0.86259399
0.86259399
0.86259399
0.86259399
0.86259399
0.86259399
0.94338608
0.86259399
0.86259399
0.86259399
0.93407245
0.99611898
0.86259399
0.86259399
0.96584119
0.86259399
0.86259399
0.86259399
0.86259399
0.86259399
0.86259399
0.86259399
0.86259399
0.86259399
0.86259399
0.86259399
0.86259399
0.86259399
0.86259399
0.93581791
0.86259399
0.86259399
0.86259399
0.86259399
0.86259399
0.86259399
0.86259399
0.86259399
0.86259399
0.86259399
0.86259399
0.86259399
0.86259399
0.86259399
0.96516131
0.86259399
0.86259399
0.86259399
0.86259399
0.86259399
0.86259399
0.86259399
0.86259399
0.99740696
0.94643057
0.86259399
0.86259399
0.86259399
0.86259399
0.86259399
0.86259399
0.86259399
0.86259399
0.86259399
0.86259399
0.86259399
0.86259399
0.86259399
0.86259399
0.86259399
0.86259399
0.86259399
0.86259399
0.86259399
0.86259399
0.86259399
0.86259399
0.86259399
0.86259399
0.86259399
0.86259399
0.86259399
0.86259399
0.86259399
0.86259399
0.86259399
0.86259399
0.86259399
0.86259399
0.86259399
0.86259399
0.86259399
0.86259399
0.86259399
0.86259399
0.86259399
0.86259399
0.86259399
0.86259399
0.86259399
0.86259399
0.86259399
0.86259399
0.86259399
0.86259399
0.86259399
0.86259399
0.86259399
0.86259399
0.86259399
0.86259399
0.86259399
0.86259399
0.94802605
0.86259399
0.86259399
0.86259399
0.86259399
0.86259399
0.86259399
0.86259399
0.86259399
0.86259399
0.86259399
0.86259399
0.94562750
0.86259399
0.86259399
0.86259399
0.86259399
0.86259399
0.99983885
0.86259399
0.86259399
0.86259399
0.86259399
0.86259399
0.86259399
0.86259399
0.86259399
0.86259399
0.86259399
0.86259399
0.86259399
0.86259399
0.86259399
0.86259399
0.86259399
0.86259399
0.86259399
0.86259399
0.86259399
0.86259399
0.86259399
0.86259399
0.86259399
0.86259399
0.86259399
0.86259399
0.86259399
0.86259399
0.86259399
0.86259399
0.86259399
0.86259399
0.86259399
0.86259399
0.95495172
0.86259399
0.86259399
0.86259399
0.86259399
0.86259399
0.86259399
0.86259399
0.86259399
0.86259399
0.86259399
0.86259399
0.86259399
0.86259399
0.86259399
0.99659215
0.86259399
0.86259399
0.86259399
0.86259399
0.86259399
0.86259399
0.86259399
0.86259399
0.86259399
0.86259399
0.86259399
0.86259399
0.86259399
0.86259399
0.86259399
0.86259399
0.86259399
0.86259399
0.86259399
0.86259399
0.86259399
0.86259399
0.86259399
0.86259399
0.86259399
0.86259399
0.86259399
0.99984032
0.86259399
0.86259399
0.95027067
0.86259399
0.86259399
0.86259399
0.86259399
0.86259399
0.86259399
0.99978087
0.86259399
0.86259399
0.86259399
0.86259399
0.94326083
0.86259399
0.86259399
0.86259399
0.86259399
0.86259399
0.86259399
0.86259399
0.86259399
0.86259399
0.99791012
0.86259399
0.86259399
0.86259399
0.86259399
0.86259399
0.86259399
0.86259399
0.86259399
0.86259399
0.86259399
0.86259399
0.86259399
0.86259399
0.86259399
0.86259399
0.86259399
0.86259399
0.86259399
0.86259399
0.86259399
0.86259399
0.86259399
0.86259399
0.86259399
0.86259399
0.86259399
0.86259399
0.94413600
0.86259399
0.86259399
0.86259399
0.86259399
0.86259399
0.86259399
0.86259399
0.86259399
0.96399749
0.86259399
0.86259399
0.86259399
0.86259399
0.86259399
0.86259399
0.86259399
0.86259399
0.86259399
0.86259399
0.86259399
0.86259399
0.86259399
0.86259399
0.86259399
0.86259399
0.86259399
0.86259399
0.86259399
0.86259399
0.86259399
0.86259399
0.96238422
0.86259399
0.86259399
0.86259399
0.86259399
0.86259399
0.86259399
0.86259399
0.86259399
0.86259399
0.86259399
0.86259399
0.86259399
0.86259399
0.86259399
0.86259399
0.86259399
0.86259399
0.86259399
0.86259399
0.86259399
0.86259399
0.86259399
0.86259399
0.86259399
0.86259399
0.86259399
0.86259399
0.86259399
0.86259399
0.86259399
0.86259399
0.86259399
0.86259399
0.86259399
0.86259399
0.86259399
0.86259399
0.86259399
0.86259399
0.86259399
0.86259399
0.86259399
0.86259399
0.86259399
0.86259399
0.86259399
0.86259399
0.94426072
0.86259399
0.86259399
0.86259399
0.86259399
0.86259399
0.86259399
0.86259399
0.86259399
0.86259399
0.86259399
0.86259399
0.86259399
0.86259399
0.86259399
0.86259399
0.86259399
0.86259399
0.86259399
0.86259399
0.86259399
0.86259399
0.86259399
0.86259399
0.86259399
0.86259399
0.86259399
0.86259399
0.86259399
0.86259399
0.86259399
0.86259399
0.86259399
0.86259399
0.86259399
0.96819890
0.86259399
0.86259399
0.86259399
0.86259399
0.86259399
0.86259399
0.86259399
0.86259399
0.99982676
0.86259399
0.86259399
0.86259399
0.86259399
0.86259399
0.86259399
0.86259399
0.86259399
0.86259399
0.86259399
0.86259399
0.86259399
0.86259399
0.86259399
0.86259399
0.86259399
0.86259399
0.86259399
0.86259399
0.95731557
0.86259399
0.86259399
0.86259399
0.86259399
0.86259399
0.86259399
0.86259399
0.86259399
0.94863578
0.86259399
0.86259399
0.86259399
0.86259399
0.86259399
0.86259399
0.86259399
0.86259399
0.86259399
0.86259399
0.86259399
0.86259399
0.86259399
0.95471861
0.86259399
0.86259399
0.86259399
0.86259399
0.86259399
0.86259399
0.86259399
0.86259399
0.86259399
0.86259399
0.86259399
0.86259399
0.99992216
0.86259399
0.86259399
0.86259399
0.86259399
0.86259399
0.86259399
0.86259399
0.86259399
0.86259399
0.86259399
0.86259399
0.86259399
0.86259399
0.86259399
0.86259399
0.86259399
0.86259399
0.86259399
0.86259399
0.86259399
0.86259399
0.86259399
0.86259399
0.86259399
0.86259399
0.86259399
0.86259399
0.99425427
0.86259399
0.86259399
0.86259399
0.86259399
0.86259399
0.86259399
0.86259399
0.86259399
0.86259399
0.86259399
0.86259399
0.86259399
0.86259399
0.86259399
0.86259399
0.86259399
0.86259399
0.96232994
0.86259399
0.86259399
0.86259399
0.86259399
0.86259399
0.86259399
0.86259399
0.99956714
0.86259399
0.86259399
0.86259399
0.86259399
0.86259399
0.86259399
0.86259399
0.86259399
0.86259399
0.86259399
0.86259399
0.86259399
0.86259399
0.86259399
0.98515724
0.86259399
0.86259399
0.86259399
0.86259399
0.86259399
0.86259399
0.86259399
0.95805506
0.86259399
0.86259399
0.86259399
0.86259399
0.86259399
0.86259399
0.86259399
0.86259399
0.86259399
0.86259399
0.86259399
0.86259399
0.86259399
0.96920004
0.86259399
0.86259399
0.86259399
0.86259399
0.86259399
0.86259399
0.86259399
0.86259399
0.86259399
0.86259399
0.86259399
0.86259399
0.86259399
0.86259399
0.86259399
0.86259399
0.86259399
0.86259399
0.97452443
0.86259399
0.86259399
0.86259399
0.86259399
0.86259399
0.86259399
0.86259399
0.86259399
0.86259399
0.86259399
0.86259399
0.86259399
0.99997695
0.86259399
0.86259399
0.86259399
0.86259399
0.86259399
0.86259399
0.86259399
0.86259399
0.86259399
0.86259399
0.86259399
0.86259399
0.86259399
0.86259399
0.86259399
0.86259399
0.99157737
0.86259399
0.86259399
0.86259399
0.86259399
0.95218587
0.86259399
0.86259399
0.86259399
0.86259399
0.86259399
0.86259399
0.86259399
0.86259399
0.86259399
0.86259399
0.86259399
0.86259399
0.96035424
0.86259399
0.86259399
0.86259399
0.86259399
0.86259399
0.86259399
0.86259399
0.86259399
0.99317776
0.86259399
0.86259399
0.86259399
0.99545993
0.86259399
0.86259399
0.86259399
0.86259399
0.86259399
0.93620455
0.86259399
0.86259399
0.86259399
0.86259399
0.86259399
0.86259399
0.86259399
0.86259399
0.86259399
0.86259399
0.86259399
0.86259399
0.86259399
0.86259399
0.86259399
0.86259399
0.86259399
0.86259399
0.86259399
0.86259399
0.86259399
0.86259399
0.86259399
0.86259399
0.86259399
0.86259399
0.86259399
0.86259399
0.99846687
0.86259399
0.86259399
0.86259399
0.86259399
0.86259399
0.86259399
0.86259399
0.86259399
0.86259399
0.86259399
0.86259399
0.86259399
0.86259399
0.86259399
0.86259399
0.86259399
0.86259399
0.86259399
0.86259399
0.86259399
0.86259399
0.86259399
0.86259399
0.86259399
0.86259399
0.99344786
0.86259399
0.86259399
0.86259399
0.86259399
0.86259399
0.86259399
0.86259399
0.86259399
0.86259399
0.86259399
0.86259399
0.86259399
0.86259399
0.86259399
0.86259399
0.86259399
0.86259399
0.86259399
0.86259399
0.86259399
0.86259399
0.86259399
0.86259399
0.86259399
0.86259399
0.86259399
0.86259399
0.86259399
0.86259399
0.86259399
0.86259399
0.86259399
0.86259399
0.86259399
0.95313390
0.86259399
0.86259399
0.86259399
0.86259399
0.86259399
0.86259399
0.86259399
0.86259399
0.86259399
0.86259399
0.86259399
0.86259399
0.86259399
0.86259399
0.86259399
0.86259399
0.86259399
0.86259399
0.86259399
0.86259399
0.86259399
0.86259399
0.86259399
0.86259399
0.86259399
0.86259399
0.86259399
0.86259399
0.86259399
0.97797756
0.86259399
0.86259399
0.86259399
0.86259399
0.86259399
0.86259399
0.86259399
0.86259399
0.95336988
0.86259399
0.86259399
0.86259399
0.86259399
0.86259399
0.99369099
0.94513159
0.86259399
0.86259399
0.86259399
0.86259399
0.86259399
0.86259399
0.86259399
0.99919596
0.86259399
0.86259399
0.86259399
0.93927967
0.86259399
0.86259399
0.86259399
0.86259399
0.86259399
0.86259399
0.86259399
0.86259399
0.86259399
0.86259399
0.86259399
0.86259399
0.86259399
0.86259399
0.86259399
0.86259399
0.86259399
0.86259399
0.86259399
0.86259399
0.86259399
0.86259399
0.86259399
0.86259399
0.86259399
0.99999499
0.86259399
0.86259399
0.86259399
0.86259399
0.86259399
0.94181526
0.86259399
0.86259399
0.86259399
0.86259399
0.86259399
0.86259399
0.86259399
0.86259399
0.96436958
0.86259399
0.86259399
0.86259399
0.86259399
0.86259399
0.86259399
0.86259399
0.86259399
0.86259399
0.86259399
0.86259399
0.86259399
0.86259399
0.86259399
0.86259399
0.86259399
0.86259399
0.86259399
0.86259399
0.86259399
0.86259399
0.86259399
0.86259399
0.86259399
0.86259399
0.86259399
0.86259399
0.86259399
0.86259399
0.86259399
0.86259399
0.86259399
0.86259399
0.86259399
0.86259399
0.86259399
0.86259399
0.86259399
0.98014739
0.86259399
0.86259399
0.86259399
0.86259399
0.86259399
0.86259399
0.94869663
0.86259399
0.86259399
0.86259399
0.86259399
0.86259399
0.86259399
0.86259399
0.86259399
0.86259399
0.86259399
0.86259399
0.86259399
0.86259399
0.86259399
0.86259399
0.86259399
0.86259399
0.86259399
0.86259399
0.86259399
0.86259399
0.86259399
0.86259399
0.86259399
0.86259399
0.86259399
0.86259399
0.86259399
0.86259399
0.86259399
0.86259399
0.86259399
0.86259399
0.96651515
0.86259399
0.86259399
0.86259399
0.86259399
0.86259399
0.86259399
0.86259399
0.86259399
0.86259399
0.86259399
0.86259399
0.86259399
0.86259399
0.86259399
0.97725636
0.86259399
0.86259399
0.86259399
0.86259399
0.86259399
0.86259399
0.86259399
0.86259399
0.86259399
0.86259399
0.86259399
0.86259399
0.86259399
0.86259399
0.86259399
0.86259399
0.86259399
0.99998565
0.86259399
0.86259399
0.86259399
0.86259399
0.86259399
0.86259399
0.86259399
0.86259399
0.99983738
0.86259399
0.86259399
0.86259399
0.86259399
0.86259399
0.86259399
0.86259399
0.86259399
0.86259399
0.86259399
0.86259399
0.86259399
0.86259399
0.86259399
0.86259399
0.86259399
0.86259399
0.86259399
0.86259399
0.86259399
0.86259399
0.86259399
0.86259399
0.86259399
0.86259399
0.86259399
0.86259399
0.86259399
0.86259399
0.86259399
0.86259399
0.86259399
0.86259399
0.86259399
0.86259399
0.86259399
0.86259399
0.86259399
0.86259399
0.86259399
0.86259399
0.98579215
0.86259399
0.99767306
0.86259399
0.86259399
0.86259399
0.86259399
0.86259399
0.86259399
0.86259399
0.86259399
0.86259399
0.86259399
0.86259399
0.86259399
0.86259399
0.86259399
0.86259399
0.86259399
0.86259399
0.86259399
0.86259399
0.86259399
0.86259399
0.86259399
0.86259399
0.86259399
0.86259399
0.99916664
0.97708490
0.86259399
0.86259399
0.86259399
0.86259399
0.86259399
0.86259399
0.86259399
0.86259399
0.86259399
0.86259399
0.86259399
0.86259399
0.86259399
0.86259399
0.86259399
0.86259399
0.86259399
0.86259399
0.86259399
0.86259399
0.86259399
0.86259399
0.86259399
0.86259399
0.86259399
0.86259399
0.86259399
0.86259399
0.93420204
0.86259399
0.86259399
0.86259399
0.86259399
0.86259399
0.86259399
0.86259399
0.86259399
0.86259399
0.86259399
0.86259399
0.86259399
0.86259399
0.86259399
0.86259399
0.86259399
0.86259399
0.86259399
0.86259399
0.86259399
0.86259399
0.86259399
0.86259399
0.86259399
0.86259399
0.86259399
0.86259399
0.98085690
0.99640233
0.86259399
0.86259399
0.86259399
0.86259399
0.86259399
0.86259399
0.86259399
0.86259399
0.86259399
0.86259399
0.86259399
0.86259399
0.86259399
0.86259399
0.86259399
0.86259399
0.86259399
0.86259399
0.86259399
0.86259399
0.86259399
0.86259399
0.86259399
0.86259399
0.86259399
0.86259399
0.86259399
0.86259399
0.86259399
0.86259399
0.86259399
0.86259399
0.86259399
0.86259399
0.86259399
0.86259399
0.86259399
0.86259399
0.86259399
0.86259399
0.86259399
0.98823043
0.86259399
0.86259399
0.86259399
0.86259399
0.86259399
0.86259399
0.86259399
0.86259399
0.86259399
0.86259399
0.86259399
0.86259399
0.86259399
0.86259399
0.86259399
0.86259399
0.86259399
0.86259399
0.86259399
0.86259399
0.86259399
0.86259399
0.86259399
0.86259399
0.86259399
0.86259399
0.86259399
0.86259399
0.86259399
0.86259399
0.86259399
0.86259399
0.96860112
0.86259399
0.86259399
0.86259399
0.86259399
0.86259399
0.86259399
0.86259399
0.86259399
0.86259399
0.86259399
0.86259399
0.86259399
0.86259399
0.86259399
0.86259399
0.86259399
0.86259399
0.86259399
0.86259399
0.86259399
0.86259399
0.86259399
0.86259399
0.86259399
0.86259399
0.86259399
0.86259399
0.86259399
0.98046446
0.86259399
0.86259399
0.86259399
0.86259399
0.86259399
0.86259399
0.86259399
0.86259399
0.86259399
0.86259399
0.86259399
0.86259399
0.86259399
0.86259399
0.86259399
0.86259399
0.86259399
0.86259399
0.86259399
0.86259399
0.86259399
0.86259399
0.86259399
0.86259399
0.86259399
0.86259399
0.86259399
0.86259399
0.99292221
0.86259399
0.86259399
0.86259399
0.86259399
0.86259399
0.86259399
0.86259399
0.86259399
0.86259399
0.86259399
0.86259399
0.86259399
0.86259399
0.97225516
0.86259399
0.86259399
0.86259399
0.86259399
0.86259399
0.86259399
0.86259399
0.86259399
0.93633332
0.97211314
0.86259399
0.86259399
0.86259399
0.86259399
0.86259399
0.86259399
0.86259399
0.86259399
0.86259399
0.86259399
0.86259399
0.86259399
0.86259399
0.99999876
0.86259399
0.86259399
0.86259399
0.86259399
0.86259399
0.86259399
0.86259399
0.86259399
0.86259399
0.86259399
0.86259399
0.86259399
0.97173271
0.86259399
0.86259399
0.86259399
0.86259399
0.86259399
0.86259399
0.86259399
0.86259399
0.86259399
0.86259399
0.86259399
0.86259399
0.86259399
0.86259399
0.86259399
0.86259399
0.86259399
0.86259399
0.86259399
0.86259399
0.86259399
0.86259399
0.86259399
0.86259399
0.86259399
0.86259399
0.86259399
0.86259399
0.86259399
0.86259399
0.86259399
0.86259399
0.86259399
0.86259399
0.86259399
0.86259399
0.86259399
0.86259399
0.86259399
0.86259399
0.86259399
0.86259399
0.86259399
0.86259399
0.86259399
0.86259399
0.86259399
0.86259399
0.86259399
0.86259399
0.86259399
0.86259399
0.86259399
0.86259399
0.86259399
0.86259399
0.86259399
0.86259399
0.86259399
0.86259399
0.86259399
0.86259399
0.86259399
0.86259399
0.86259399
0.86259399
0.86259399
0.94636892
0.86259399
0.86259399
0.86259399
0.86259399
0.86259399
0.86259399
0.86259399
0.86259399
0.86259399
0.86259399
0.86259399
0.86259399
0.86259399
0.86259399
0.86259399
0.86259399
0.86259399
0.86259399
0.86259399
0.86259399
0.86259399
0.86259399
0.86259399
0.86259399
0.86259399
0.86259399
0.86259399
0.86259399
0.86259399
0.86259399
0.86259399
0.99927049
0.86259399
0.86259399
0.86259399
0.86259399
0.86259399
0.86259399
0.86259399
0.86259399
0.86259399
0.86259399
0.86259399
0.86259399
0.86259399
0.86259399
0.86259399
0.86259399
0.86259399
0.86259399
0.86259399
0.86259399
0.86259399
0.86259399
0.86259399
0.86259399
0.86259399
0.98539302
0.86259399
0.86259399
0.86259399
0.86259399
0.86259399
0.86259399
0.86259399
0.86259399
0.86259399
0.86259399
0.86259399
0.86259399
0.86259399
0.86259399
0.86259399
0.86259399
0.86259399
0.86259399
0.86259399
0.86259399
0.86259399
0.99918139
0.86259399
0.86259399
0.86259399
0.86259399
0.86259399
0.86259399
0.86259399
0.86259399
0.86259399
0.86259399
0.86259399
0.86259399
0.86259399
0.86259399
0.86259399
0.86259399
0.86259399
0.86259399
0.86259399
0.86259399
0.86259399
0.86259399
0.86259399
0.86259399
0.86259399
0.86259399
0.86259399
0.86259399
0.86259399
0.86259399
0.86259399
0.86259399
0.86259399
0.86259399
0.86259399
0.86259399
0.86259399
0.86259399
0.86259399
0.99721450
0.95957490
0.86259399
0.86259399
0.86259399
0.86259399
0.86259399
0.86259399
0.98875474
0.86259399
0.86259399
0.86259399
0.86259399
0.86259399
0.86259399
0.86259399
0.86259399
0.86259399
0.86259399
0.86259399
0.86259399
0.86259399
0.86259399
0.86259399
0.86259399
0.86259399
0.86259399
0.86259399
0.86259399
0.86259399
0.86259399
0.86259399
0.86259399
0.86259399
0.86259399
0.86259399
0.86259399
0.86259399
0.86259399
0.86259399
0.86259399
0.86259399
0.97860380
0.86259399
0.86259399
0.86259399
0.86259399
0.86259399
0.86259399
0.86259399
0.86259399
0.86259399
0.86259399
0.86259399
0.86259399
0.99501032
0.86259399
0.86259399
0.86259399
0.86259399
0.86259399
0.86259399
0.86259399
0.86259399
0.86259399
0.86259399
0.86259399
0.86259399
0.86259399
0.86259399
0.86259399
0.86259399
0.96687558
0.86259399
0.86259399
0.86259399
0.86259399
0.86259399
0.99483662
0.86259399
0.86259399
0.86259399
0.86259399
0.86259399
0.99511266
0.86259399
0.86259399
0.86259399
0.86259399
0.86259399
0.86259399
0.86259399
0.86259399
0.86259399
0.86259399
0.86259399
0.86259399
0.86259399
0.86259399
0.86259399
0.86259399
0.86259399
0.86259399
0.86259399
0.86259399
0.86259399
0.97154156
0.86259399
0.86259399
0.86259399
0.86259399
0.86259399
0.86259399
0.86259399
0.86259399
0.86259399
0.86259399
0.86259399
0.86259399
0.86259399
0.86259399
0.86259399
0.86259399
0.86259399
0.86259399
0.86259399
0.86259399
0.86259399
0.86259399
0.86259399
0.86259399
0.86259399
0.86259399
0.86259399
0.86259399
0.86259399
0.86259399
0.86259399
0.86259399
0.95912687
0.86259399
0.86259399
0.86259399
0.94469663
0.99995088
0.86259399
0.86259399
0.86259399
0.86259399
0.86259399
0.98322910
0.86259399
0.86259399
0.86259399
0.86259399
0.86259399
0.86259399
0.86259399
0.86259399
0.86259399
0.86259399
0.86259399
0.86259399
0.86259399
0.86259399
0.86259399
0.86259399
0.86259399
0.86259399
0.86259399
0.86259399
0.86259399
0.86259399
0.98344594
0.86259399
0.86259399
0.86259399
0.86259399
0.86259399
0.86259399
0.86259399
0.86259399
0.86259399
0.86259399
0.86259399
0.86259399
0.86259399
0.86259399
0.99994397
0.86259399
0.86259399
0.86259399
0.86259399
0.86259399
0.86259399
0.86259399
0.86259399
0.86259399
0.86259399
0.86259399
0.86259399
0.86259399
0.86259399
0.86259399
0.86259399
0.86259399
0.86259399
0.86259399
0.99947120
0.86259399
0.86259399
0.86259399
0.86259399
0.86259399
0.86259399
0.86259399
0.86259399
0.86259399
0.86259399
0.86259399
0.86259399
0.86259399
0.86259399
0.86259399
0.86259399
0.86259399
0.86259399
0.86259399
0.86259399
0.86259399
0.86259399
0.86259399
0.86259399
0.86259399
0.86259399
0.86259399
0.99892754
0.86259399
0.86259399
0.86259399
0.86259399
0.86259399
0.86259399
0.86259399
0.86259399
0.86259399
0.86259399
0.95760058
0.86259399
0.86259399
0.86259399
0.86259399
0.86259399
0.86259399
0.86259399
0.86259399
0.86259399
0.86259399
0.86259399
0.86259399
0.86259399
0.86259399
0.86259399
0.86259399
0.86259399
0.86259399
0.86259399
0.86259399
0.86259399
0.86259399
0.86259399
0.86259399
0.86259399
0.86259399
0.86259399
0.96547583
0.86259399
0.86259399
0.86259399
0.86259399
0.86259399
0.86259399
0.86259399
0.86259399
0.86259399
0.86259399
0.94710735
0.86259399
0.86259399
0.86259399
0.86259399
0.86259399
0.86259399
0.86259399
0.86259399
0.86259399
0.86259399
0.86259399
0.86259399
0.86259399
0.86259399
0.86259399
0.86259399
0.86259399
0.86259399
0.86259399
0.86259399
0.86259399
0.86259399
0.86259399
0.86259399
0.86259399
0.86259399
0.86259399
0.86259399
0.86259399
0.86259399
0.86259399
0.86259399
0.86259399
0.86259399
0.99010952
0.86259399
0.86259399
0.86259399
0.86259399
0.86259399
0.86259399
0.86259399
0.86259399
0.86259399
0.86259399
0.86259399
0.86259399
0.86259399
0.86259399
0.86259399
0.86259399
0.86259399
0.86259399
0.86259399
0.86259399
0.86259399
0.86259399
0.86259399
0.86259399
0.86259399
0.86259399
0.86259399
0.86259399
0.86259399
0.86259399
0.86259399
0.86259399
0.86259399
0.86259399
0.86259399
0.86259399
0.86259399
0.86259399
0.86259399
0.86259399
0.86259399
0.86259399
0.86259399
0.86259399
0.86259399
0.86259399
0.86259399
0.86259399
0.86259399
0.86259399
0.86259399
0.86259399
0.86259399
0.86259399
0.86259399
0.86259399
0.86259399
0.86259399
0.86259399
0.86259399
0.86259399
0.86259399
0.86259399
0.86259399
0.95460189
0.86259399
0.86259399
0.86259399
0.86259399
0.86259399
0.86259399
0.99730625
0.86259399
0.86259399
0.86259399
0.86259399
0.86259399
0.86259399
0.86259399
0.86259399
0.86259399
0.86259399
0.86259399
0.86259399
0.86259399
0.86259399
0.86259399
0.86259399
0.86259399
0.99999539
0.86259399
0.86259399
0.86259399
0.86259399
0.86259399
0.96636015
0.86259399
0.86259399
0.86259399
0.86259399
0.86259399
0.86259399
0.86259399
0.86259399
0.86259399
0.86259399
0.86259399
0.86259399
0.86259399
0.86259399
0.86259399
0.86259399
0.86259399
0.86259399
0.97267910
0.86259399
0.86259399
0.86259399
0.86259399
0.86259399
0.86259399
0.86259399
0.86259399
0.86259399
0.86259399
0.86259399
0.86259399
0.86259399
0.86259399
0.86259399
0.86259399
0.86259399
0.86259399
0.86259399
0.86259399
0.93620455
0.86259399
0.86259399
0.86259399
0.86259399
0.86259399
0.86259399
0.86259399
0.86259399
0.86259399
0.86259399
0.86259399
0.86259399
0.86259399
0.86259399
0.86259399
0.86259399
0.86259399
0.86259399
0.86259399
0.86259399
0.86259399
0.86259399
0.86259399
0.86259399
0.86259399
0.86259399
0.86259399
0.86259399
0.86259399
0.86259399
0.86259399
0.95668602
0.86259399
0.86259399
0.86259399
0.86259399
0.86259399
0.86259399
0.86259399
0.86259399
0.86259399
0.98976039
0.86259399
0.86259399
0.86259399
0.86259399
0.86259399
0.86259399
0.86259399
0.86259399
0.96672132
0.86259399
0.86259399
0.86259399
0.86259399
0.86259399
0.86259399
0.86259399
0.86259399
0.86259399
0.86259399
0.86259399
0.86259399
0.86259399
0.86259399
0.86259399
0.86259399
0.86259399
0.86259399
0.86259399
0.86259399
0.86259399
0.86259399
0.86259399
0.99999987
0.86259399
0.86259399
0.86259399
0.86259399
0.86259399
0.86259399
0.86259399
0.86259399
0.86259399
0.86259399
0.86259399
0.95771437
0.86259399
0.86259399
0.86259399
0.86259399
0.86259399
0.86259399
0.86259399
0.86259399
0.86259399
0.86259399
0.86259399
0.86259399
0.86259399
0.86259399
0.86259399
0.86259399
0.86259399
0.86259399
0.86259399
0.86259399
0.86259399
0.86259399
0.86259399
0.95206691
0.86259399
0.94581313
0.86259399
0.86259399
0.86259399
0.86259399
0.86259399
0.86259399
0.86259399
0.86259399
0.86259399
0.86259399
0.86259399
0.86259399
0.86259399
0.86259399
0.86259399
0.86259399
0.96287133
0.86259399
0.86259399
0.86259399
0.86259399
0.86259399
0.86259399
0.86259399
0.86259399
0.86259399
0.86259399
0.86259399
0.86259399
0.86259399
0.86259399
0.86259399
0.86259399
0.86259399
0.86259399
0.86259399
0.86259399
0.86259399
0.86259399
0.86259399
0.99798525
0.86259399
0.86259399
0.86259399
0.86259399
0.86259399
0.86259399
0.86259399
0.86259399
0.86259399
0.86259399
0.86259399
0.93736157
0.86259399
0.86259399
0.86259399
0.86259399
0.86259399
0.86259399
0.86259399
0.86259399
0.86259399
0.86259399
0.86259399
0.86259399
0.86259399
0.86259399
0.86259399
0.86259399
0.86259399
0.86259399
0.86259399
0.86259399
0.86259399
0.86259399
0.86259399
0.86259399
0.98653926
0.86259399
0.86259399
0.99070909
0.86259399
0.86259399
0.86259399
0.86259399
0.86259399
0.95477693
0.86259399
0.86259399
0.86259399
0.86259399
0.86259399
0.86259399
0.86259399
0.86259399
0.86259399
0.86259399
0.86259399
0.86259399
0.86259399
0.86259399
0.86259399
0.86259399
0.86259399
0.86259399
0.86259399
0.86259399
0.86259399
0.86259399
0.86259399
0.86259399
0.86259399
0.86259399
0.86259399
0.86259399
0.86259399
0.97998782
0.86259399
0.86259399
0.86259399
0.99968008
0.86259399
0.86259399
0.86259399
0.86259399
0.86259399
0.86259399
0.86259399
0.86259399
0.86259399
0.86259399
0.86259399
0.86259399
0.86259399
0.95117154
0.86259399
0.86259399
0.86259399
0.86259399
0.86259399
0.99081101
0.86259399
0.86259399
0.86259399
0.86259399
0.86259399
0.86259399
0.86259399
0.86259399
0.86259399
0.86259399
0.86259399
0.86259399
0.86259399
0.86259399
0.86259399
0.86259399
0.86259399
0.86259399
0.95170943
0.86259399
0.99999989
0.99999904
0.86259399
0.95407532
0.86259399
0.86259399
0.86259399
0.86259399
0.86259399
0.86259399
0.86259399
0.86259399
0.86259399
0.86259399
0.86259399
0.86259399
0.86259399
0.86259399
0.86259399
0.86259399
0.86259399
0.86259399
0.86259399
0.86259399
0.86259399
0.86259399
0.86259399
0.86259399
0.86259399
0.86259399
0.86259399
0.86259399
0.86259399
0.86259399
0.86259399
0.86259399
0.86259399
0.86259399
0.86259399
0.86259399
0.86259399
0.86259399
0.86259399
0.86259399
0.86259399
0.86259399
0.86259399
0.86259399
0.86259399
0.86259399
0.86259399
0.86259399
0.86259399
0.86259399
0.86259399
0.86259399
0.86259399
0.86259399
0.99996821
0.86259399
0.86259399
0.86259399
0.86259399
0.86259399
0.86259399
0.86259399
0.86259399
0.86259399
0.86259399
0.86259399
0.86259399
0.86259399
0.86259399
0.86259399
0.86259399
0.86259399
0.86259399
0.86259399
0.86259399
0.86259399
0.86259399
0.86259399
0.94562750
0.94655381
0.99934819
0.86259399
0.86259399
0.86259399
0.99948178
0.86259399
0.96764201
0.86259399
0.86259399
0.86259399
0.86259399
0.86259399
0.86259399
0.86259399
0.86259399
0.86259399
0.99999982
0.86259399
0.86259399
0.86259399
0.86259399
0.86259399
0.86259399
0.86259399
0.86259399
0.86259399
0.86259399
0.86259399
0.86259399
0.99989119
0.93394280
0.86259399
0.99145657
0.86259399
0.86259399
0.86259399
0.86259399
0.86259399
0.86259399
0.86259399
0.86259399
0.86259399
0.86259399
0.86259399
0.86259399
0.86259399
0.86259399
0.86259399
0.86259399
0.86259399
0.86259399
0.86259399
0.86259399
0.86259399
0.86259399
0.86259399
0.86259399
0.86259399
0.86259399
0.86259399
0.86259399
0.86259399
0.86259399
0.86259399
0.86259399
0.86259399
0.86259399
0.86259399
0.86259399
0.86259399
0.86259399
0.86259399
0.86259399
0.86259399
0.86259399
0.86259399
0.86259399
0.86259399
0.94438536
0.86259399
0.86259399
0.86259399
0.86259399
0.86259399
0.86259399
0.86259399
0.99925691
0.86259399
0.86259399
0.86259399
0.86259399
0.86259399
0.86259399
0.86259399
0.86259399
0.86259399
0.86259399
0.86259399
0.86259399
0.86259399
0.86259399
0.86259399
0.86259399
0.86259399
0.86259399
0.86259399
0.86259399
0.86259399
0.86259399
0.86259399
0.86259399
0.86259399
0.86259399
0.86259399
0.86259399
0.86259399
0.86259399
0.86259399
0.86259399
0.86259399
0.86259399
0.86259399
0.86259399
0.86259399
0.86259399
0.86259399
0.86259399
0.86259399
0.86259399
0.86259399
0.86259399
0.86259399
0.86259399
0.86259399
0.94710735
0.86259399
0.86259399
0.86259399
0.86259399
0.86259399
0.86259399
0.86259399
0.94067750
0.86259399
0.86259399
0.86259399
0.86259399
0.86259399
0.86259399
0.86259399
0.86259399
0.86259399
0.86259399
0.86259399
0.86259399
0.86259399
0.86259399
0.86259399
0.86259399
0.86259399
0.86259399
0.86259399
0.86259399
0.86259399
0.86259399
0.99444063
0.95254215
0.86259399
0.86259399
0.86259399
0.86259399
0.97595421
0.86259399
0.86259399
0.86259399
0.86259399
0.86259399
0.86259399
0.86259399
0.86259399
0.86259399
0.86259399
0.86259399
0.86259399
0.86259399
0.86259399
0.86259399
0.99999728
0.86259399
0.95599532
0.86259399
0.86259399
0.86259399
0.86259399
0.86259399
0.86259399
0.86259399
0.86259399
0.86259399
0.86259399
0.86259399
0.86259399
0.86259399
0.86259399
0.86259399
0.86259399
0.86259399
0.86259399
0.86259399
0.96905081
0.86259399
0.86259399
0.86259399
0.86259399
0.86259399
0.86259399
0.86259399
0.86259399
0.86259399
0.86259399
0.86259399
0.86259399
0.86259399
0.86259399
0.86259399
0.86259399
0.86259399
0.86259399
0.86259399
0.86259399
0.86259399
0.86259399
0.86259399
0.86259399
0.86259399
0.99047723
0.86259399
0.86259399
0.86259399
0.86259399
0.99999938
0.86259399
0.86259399
0.86259399
0.86259399
0.86259399
0.86259399
0.97768207
0.86259399
0.86259399
0.86259399
0.86259399
0.86259399
0.86259399
0.86259399
0.86259399
0.86259399
0.86259399
0.86259399
0.86259399
0.86259399
0.99938866
0.86259399
0.86259399
0.86259399
0.86259399
0.86259399
0.86259399
0.86259399
0.86259399
0.86259399
0.86259399
0.86259399
0.86259399
0.86259399
0.86259399
0.86259399
0.86259399
0.86259399
0.86259399
0.86259399
0.86259399
0.86259399
0.86259399
0.86259399
0.86259399
0.86259399
0.86259399
0.86259399
0.86259399
0.86259399
0.86259399
0.86259399
0.86259399
0.86259399
0.86259399
0.86259399
0.86259399
0.99999400
0.86259399
0.86259399
0.86259399
0.86259399
0.86259399
0.86259399
0.86259399
0.86259399
0.86259399
0.86259399
0.86259399
0.86259399
0.86259399
0.86259399
0.86259399
0.86259399
0.86259399
0.86259399
0.86259399
0.99552416
0.86259399
0.86259399
0.86259399
0.86259399
0.86259399
0.86259399
0.98512338
0.86259399
0.86259399
0.86259399
0.86259399
0.86259399
0.86259399
0.86259399
0.95212640
0.86259399
0.86259399
0.86259399
0.86259399
0.86259399
0.86259399
0.86259399
0.86259399
0.86259399
0.86259399
0.86259399
0.97300663
0.86259399
0.99824181
0.86259399
0.86259399
0.86259399
0.86259399
0.86259399
0.86259399
0.86259399
0.86259399
0.86259399
0.86259399
0.86259399
0.86259399
0.86259399
0.86259399
0.86259399
0.86259399
0.86259399
0.86259399
0.86259399
0.86259399
0.86259399
0.86259399
0.86259399
0.86259399
0.86259399
0.86259399
0.86259399
0.86259399
0.86259399
0.86259399
0.86259399
0.86259399
0.86259399
0.86259399
0.86259399
0.86259399
0.86259399
0.86259399
0.86259399
0.86259399
0.86259399
0.86259399
0.86259399
0.86259399
0.86259399
0.86259399
0.97810357
0.86259399
0.86259399
0.86259399
0.86259399
0.86259399
0.86259399
0.86259399
0.86259399
0.86259399
0.86259399
0.95419252
0.86259399
0.86259399
0.86259399
0.86259399
0.86259399
0.86259399
0.86259399
0.86259399
0.86259399
0.86259399
0.86259399
0.86259399
0.94500742
0.86259399
0.86259399
0.86259399
0.86259399
0.86259399
0.86259399
0.86259399
0.86259399
0.86259399
0.98559339
0.86259399
0.86259399
0.86259399
0.86259399
0.86259399
0.86259399
0.86259399
0.86259399
0.86259399
0.86259399
0.86259399
0.86259399
0.86259399
0.86259399
0.99727209
0.86259399
0.86259399
0.99854943
0.86259399
0.86259399
0.86259399
0.86259399
0.86259399
0.86259399
0.86259399
0.86259399
0.86259399
0.86259399
0.86259399
0.86259399
0.86259399
0.86259399
0.86259399
0.86259399
0.86259399
0.86259399
0.99740696
0.86259399
0.86259399
0.86259399
0.86259399
0.86259399
0.86259399
0.86259399
0.86259399
0.86259399
0.86259399
0.86259399
0.86259399
0.86259399
0.86259399
0.86259399
0.86259399
0.86259399
0.86259399
0.86259399
0.86259399
0.86259399
0.86259399
0.86259399
0.86259399
0.86259399
0.86259399
0.86259399
0.86259399
0.86259399
0.86259399
0.86259399
0.86259399
0.86259399
0.86259399
0.86259399
0.86259399
0.86259399
0.86259399
0.86259399
0.86259399
0.86259399
0.86259399
0.86259399
0.86259399
0.86259399
0.86259399
0.86259399
0.86259399
0.86259399
0.86259399
0.86259399
0.86259399
0.86259399
0.86259399
0.86259399
0.86259399
0.86259399
0.86259399
0.86259399
0.86259399
0.86259399
0.86259399
0.86259399
0.86259399
0.86259399
0.86259399
0.86259399
0.86259399
0.86259399
0.86259399
0.86259399
0.86259399
0.86259399
0.86259399
0.86259399
0.86259399
0.86259399
0.86259399
0.86259399
0.86259399
0.86259399
0.86259399
0.86259399
0.86259399
0.86259399
0.86259399
0.86259399
1.00000000
0.86259399
0.86259399
0.86259399
0.86259399
0.86259399
0.86259399
0.86259399
0.86259399
0.86259399
0.86259399
0.96885132
0.86259399
0.86259399
0.86259399
0.86259399
0.86259399
0.86259399
0.86259399
0.86259399
0.86259399
0.86259399
0.94181526
0.86259399
0.86259399
0.86259399
0.86259399
0.86259399
0.86259399
0.86259399
0.86259399
0.86259399
0.86259399
0.86259399
0.86259399
0.86259399
0.86259399
0.86259399
0.86259399
0.86259399
0.86259399
0.86259399
0.86259399
0.86259399
0.99974143
0.86259399
0.86259399
0.86259399
0.86259399
0.86259399
0.86259399
0.86259399
0.86259399
0.86259399
0.86259399
0.86259399
0.86259399
0.86259399
0.86259399
0.86259399
0.86259399
0.86259399
0.86259399
0.86259399
0.86259399
0.86259399
0.86259399
0.86259399
0.86259399
0.86259399
0.86259399
0.86259399
0.86259399
0.86259399
0.86259399
0.86259399
0.86259399
0.86259399
0.86259399
0.86259399
0.86259399
0.86259399
0.86259399
0.86259399
0.86259399
0.86259399
0.86259399
0.86259399
0.86259399
0.86259399
0.86259399
0.86259399
0.86259399
0.86259399
0.86259399
0.86259399
0.86259399
0.86259399
0.86259399
0.86259399
0.86259399
0.98698250
0.86259399
0.86259399
0.86259399
0.86259399
0.86259399
0.86259399
0.94556558
0.86259399
0.94636892
0.86259399
0.86259399
0.86259399
0.86259399
0.86259399
0.86259399
0.86259399
0.86259399
0.86259399
0.86259399
0.86259399
0.86259399
0.86259399
0.86259399
0.86259399
0.86259399
0.86259399
0.86259399
0.86259399
0.86259399
0.86259399
0.86259399
0.86259399
0.86259399
0.86259399
0.86259399
0.86259399
0.99999999
0.86259399
0.86259399
0.86259399
0.86259399
0.86259399
0.86259399
0.86259399
0.86259399
0.86259399
0.86259399
0.86259399
0.86259399
0.86259399
0.86259399
0.86259399
0.86259399
0.86259399
0.86259399
0.86259399
0.86259399
0.86259399
0.86259399
0.86259399
0.86259399
0.86259399
0.86259399
0.86259399
0.86259399
0.86259399
0.86259399
0.86259399
0.86259399
0.86259399
0.86259399
0.86259399
0.86259399
0.86259399
0.86259399
0.86259399
0.86259399
0.86259399
0.86259399
0.86259399
0.86259399
0.86259399
0.86259399
0.86259399
0.86259399
0.86259399
0.86259399
0.86259399
0.86259399
0.86259399
0.86259399
0.86259399
0.99586666
0.86259399
0.86259399
0.98405170
0.86259399
0.86259399
0.86259399
0.86259399
0.99383008
0.86259399
0.86259399
0.86259399
0.86259399
0.86259399
0.86259399
0.86259399
0.86259399
0.86259399
0.86259399
0.86259399
0.86259399
0.86259399
0.86259399
0.86259399
0.86259399
0.86259399
0.86259399
0.86259399
0.86259399
0.86259399
0.86259399
0.86259399
0.86259399
0.86259399
0.86259399
0.86259399
0.86259399
0.86259399
0.86259399
0.86259399
0.86259399
0.99934819
0.86259399
0.86259399
0.86259399
0.86259399
0.86259399
0.86259399
0.86259399
0.86259399
0.86259399
0.86259399
0.86259399
0.86259399
0.86259399
0.86259399
0.86259399
0.86259399
0.86259399
0.86259399
0.86259399
0.99974143
0.86259399
0.86259399
0.86259399
0.86259399
0.86259399
0.86259399
0.86259399
0.86259399
0.86259399
0.86259399
0.86259399
0.86259399
0.86259399
0.86259399
0.86259399
0.86259399
0.86259399
0.86259399
0.86259399
0.86259399
0.99991871
0.99980736
0.86259399
0.86259399
0.86259399
0.86259399
0.86259399
0.86259399
0.86259399
0.86259399
0.86259399
0.86259399
0.86259399
0.86259399
0.86259399
0.86259399
0.86259399
0.86259399
0.86259399
0.86259399
0.86259399
0.86259399
0.86259399
0.86259399
0.86259399
0.86259399
0.86259399
0.86259399
0.86259399
0.86259399
0.86259399
0.86259399
0.86259399
0.86259399
0.86259399
0.99817347
0.86259399
0.86259399
0.86259399
0.86259399
0.86259399
0.86259399
0.99081101
0.86259399
0.86259399
0.86259399
0.86259399
0.86259399
0.86259399
0.86259399
0.86259399
0.86259399
0.86259399
0.86259399
0.86259399
0.86259399
0.86259399
0.86259399
0.86259399
0.86259399
0.86259399
0.86259399
0.86259399
0.86259399
0.86259399
0.86259399
0.86259399
0.86259399
0.86259399
0.86259399
0.86259399
0.86259399
0.86259399
0.86259399
0.86259399
0.86259399
0.86259399
0.86259399
0.86259399
0.86259399
0.96052045
0.86259399
0.86259399
0.86259399
0.86259399
0.86259399
0.86259399
0.86259399
0.86259399
0.86259399
0.86259399
0.86259399
0.86259399
0.86259399
0.86259399
0.86259399
0.86259399
0.86259399
0.86259399
0.86259399
0.86259399
0.86259399
0.93465526
0.86259399
0.86259399
0.86259399
0.86259399
0.86259399
0.86259399
0.86259399
0.86259399
0.86259399
0.86259399
0.86259399
0.86259399
0.86259399
0.86259399
0.86259399
0.86259399
0.86259399
0.86259399
0.86259399
0.86259399
0.86259399
0.86259399
0.86259399
0.95845119
0.86259399
0.86259399
0.86259399
0.86259399
0.86259399
0.86259399
0.86259399
0.86259399
0.86259399
0.86259399
0.86259399
0.86259399
0.86259399
0.86259399
0.99985981
0.99999764
0.86259399
0.86259399
0.86259399
0.86259399
0.86259399
0.86259399
0.86259399
0.86259399
0.86259399
0.86259399
0.86259399
0.86259399
0.86259399
0.86259399
0.86259399
0.99891563
0.86259399
0.86259399
0.86259399
0.86259399
0.86259399
0.86259399
0.86259399
0.86259399
0.86259399
0.86259399
0.86259399
0.86259399
0.86259399
0.86259399
0.86259399
0.86259399
0.86259399
0.86259399
0.86259399
0.86259399
0.86259399
0.86259399
0.86259399
0.86259399
0.86259399
0.86259399
0.86259399
0.86259399
0.86259399
0.86259399
0.86259399
0.86259399
0.99595693
0.86259399
0.86259399
0.86259399
0.86259399
0.86259399
0.86259399
0.86259399
0.86259399
0.86259399
0.86259399
0.86259399
0.86259399
0.86259399
0.86259399
0.86259399
0.86259399
0.86259399
0.86259399
0.86259399
0.86259399
0.86259399
0.86259399
0.99998239
0.86259399
0.86259399
0.86259399
0.86259399
0.86259399
0.86259399
0.86259399
0.86259399
0.86259399
0.86259399
0.86259399
0.86259399
0.86259399
0.96330207
0.86259399
0.99810329
0.86259399
0.86259399
0.86259399
0.86259399
0.86259399
0.86259399
0.86259399
0.86259399
0.86259399
0.86259399
0.86259399
0.86259399
0.86259399
0.86259399
0.86259399
0.86259399
0.86259399
0.86259399
0.86259399
0.86259399
0.86259399
0.96615299
0.86259399
0.86259399
0.86259399
0.86259399
0.86259399
0.99039915
0.86259399
0.86259399
0.86259399
0.86259399
0.86259399
0.99865688
0.86259399
0.95477693
0.86259399
0.86259399
0.86259399
0.98204587
0.86259399
0.86259399
0.86259399
0.86259399
0.86259399
0.86259399
0.86259399
0.86259399
0.86259399
0.86259399
0.86259399
0.86259399
0.86259399
0.86259399
0.86259399
0.86259399
0.86259399
0.86259399
0.86259399
0.86259399
0.86259399
0.86259399
0.86259399
0.99456871
0.86259399
0.99999974
0.86259399
0.86259399
0.86259399
0.86259399
0.86259399
0.86259399
0.86259399
0.86259399
0.86259399
0.86259399
0.86259399
0.86259399
0.86259399
0.86259399
0.86259399
0.86259399
0.86259399
0.86259399
0.86259399
0.86259399
0.86259399
0.86259399
0.86259399
0.86259399
0.86259399
0.86259399
0.86259399
0.86259399
0.86259399
0.86259399
0.86259399
0.86259399
0.86259399
0.86259399
0.86259399
0.86259399
0.86259399
0.86259399
0.86259399
0.86259399
0.86259399
0.86259399
0.86259399
0.86259399
0.86259399
0.86259399
0.86259399
0.86259399
0.86259399
0.86259399
0.86259399
0.86259399
0.86259399
0.86259399
0.86259399
0.86259399
0.86259399
0.86259399
0.86259399
0.86259399
0.86259399
0.86259399
0.86259399
0.86259399
0.86259399
0.86259399
0.86259399
0.86259399
0.86259399
0.86259399
0.86259399
0.86259399
0.86259399
0.86259399
0.86259399
0.86259399
0.86259399
0.86259399
0.86259399
0.86259399
0.86259399
0.86259399
0.86259399
0.86259399
0.86259399
0.86259399
0.86259399
0.86259399
0.86259399
0.86259399
0.86259399
0.86259399
0.86259399
0.86259399
0.86259399
0.86259399
0.86259399
0.86259399
0.86259399
0.86259399
0.99357016
0.86259399
0.86259399
0.86259399
0.86259399
0.86259399
0.86259399
0.86259399
0.86259399
0.86259399
0.86259399
0.86259399
0.99999927
0.86259399
0.86259399
0.86259399
0.86259399
0.86259399
0.86259399
0.86259399
0.86259399
0.86259399
0.86259399
0.86259399
0.86259399
0.86259399
0.86259399
0.86259399
0.86259399
0.86259399
0.86259399
0.86259399
0.86259399
0.86259399
0.86259399
0.86259399
0.86259399
0.86259399
0.86259399
0.86259399
0.86259399
0.86259399
0.86259399
0.86259399
0.86259399
0.86259399
0.86259399
0.86259399
0.86259399
0.86259399
0.86259399
0.86259399
0.93755397
0.86259399
0.86259399
0.86259399
0.86259399
0.86259399
0.86259399
0.86259399
0.86259399
0.86259399
0.86259399
0.86259399
0.86259399
0.86259399
0.86259399
0.86259399
0.86259399
0.86259399
0.86259399
0.86259399
0.86259399
0.86259399
0.86259399
0.86259399
0.86259399
0.86259399
0.86259399
0.86259399
0.86259399
0.86259399
0.86259399
0.86259399
0.86259399
0.86259399
0.86259399
0.86259399
0.86259399
0.86259399
0.86259399
0.93793839
0.86259399
0.86259399
0.86259399
0.86259399
0.86259399
0.86259399
0.86259399
0.86259399
0.86259399
0.86259399
0.86259399
0.86259399
0.86259399
0.86259399
0.86259399
0.86259399
0.86259399
0.86259399
0.86259399
0.98383936
0.86259399
0.86259399
0.86259399
0.86259399
0.86259399
0.86259399
0.86259399
0.86259399
0.86259399
0.86259399
0.86259399
0.86259399
0.86259399
0.86259399
0.86259399
0.86259399
0.86259399
0.86259399
0.86259399
0.86259399
0.86259399
0.86259399
0.86259399
0.86259399
0.86259399
0.86259399
0.86259399
0.86259399
0.86259399
0.86259399
0.86259399
0.86259399
0.86259399
0.86259399
0.86259399
0.86259399
0.86259399
0.86259399
0.98073962
0.86259399
0.86259399
0.86259399
0.86259399
0.86259399
0.86259399
0.86259399
0.86259399
0.86259399
0.86259399
0.86259399
0.86259399
0.86259399
0.86259399
0.86259399
0.86259399
0.86259399
0.86259399
0.86259399
0.86259399
0.86259399
0.86259399
0.86259399
0.86259399
0.86259399
0.86259399
0.86259399
0.86259399
0.86259399
0.86259399
0.86259399
0.86259399
0.86259399
0.86259399
0.86259399
0.86259399
0.86259399
0.86259399
0.86259399
0.86259399
0.86259399
0.86259399
0.86259399
0.99600157
0.86259399
0.99361060
0.86259399
0.86259399
0.86259399
0.86259399
0.86259399
0.86259399
0.86259399
0.86259399
0.86259399
0.86259399
0.86259399
0.86259399
0.86259399
0.86259399
0.86259399
0.86259399
0.86259399
0.86259399
0.86259399
0.86259399
0.99966764
0.86259399
0.86259399
0.86259399
0.86259399
0.86259399
0.86259399
0.86259399
0.86259399
0.86259399
0.86259399
0.86259399
0.86259399
0.86259399
0.86259399
0.86259399
0.86259399
0.86259399
0.86259399
0.86259399
0.86259399
0.86259399
0.86259399
0.86259399
0.86259399
0.86259399
0.86259399
0.86259399
0.86259399
0.86259399
0.86259399
0.86259399
0.86259399
0.86259399
0.86259399
0.86259399
0.86259399
0.86259399
0.96426344
0.86259399
0.86259399
0.86259399
0.86259399
0.86259399
0.86259399
0.86259399
0.86259399
0.86259399
0.99999936
0.86259399
0.86259399
0.86259399
0.86259399
0.86259399
0.86259399
0.86259399
0.86259399
0.86259399
0.86259399
0.86259399
0.86259399
0.86259399
0.86259399
0.86259399
0.86259399
0.86259399
0.99999873
0.86259399
0.86259399
0.86259399
0.86259399
0.86259399
0.86259399
0.86259399
0.86259399
0.99979707
0.86259399
0.86259399
0.86259399
0.86259399
0.86259399
0.86259399
0.86259399
0.86259399
0.86259399
0.99410229
0.86259399
0.86259399
0.86259399
0.86259399
0.86259399
0.97789334
0.86259399
0.86259399
0.86259399
0.86259399
0.86259399
0.86259399
0.86259399
0.86259399
0.86259399
0.86259399
0.86259399
0.86259399
0.86259399
0.86259399
0.86259399
0.86259399
0.86259399
0.86259399
0.86259399
0.86259399
0.86259399
0.86259399
0.86259399
0.86259399
0.86259399
0.86259399
0.86259399
0.86259399
0.86259399
0.86259399
0.86259399
0.86259399
0.86259399
0.86259399
0.86259399
0.86259399
0.86259399
0.86259399
0.86259399
0.99995323
0.95325195
0.86259399
0.86259399
0.86259399
0.86259399
0.86259399
0.86259399
0.86259399
0.86259399
0.86259399
0.86259399
0.86259399
0.86259399
0.86259399
0.86259399
0.86259399
0.99285738
0.86259399
0.86259399
0.95622600
0.86259399
0.86259399
0.86259399
0.86259399
0.86259399
0.86259399
0.86259399
0.86259399
0.86259399
0.86259399
0.86259399
0.86259399
0.86259399
0.86259399
0.99935232
0.86259399
0.86259399
0.86259399
0.99998495
0.86259399
0.86259399
0.86259399
0.86259399
0.86259399
0.86259399
0.86259399
0.86259399
0.86259399
0.86259399
0.86259399
0.86259399
0.86259399
0.86259399
0.86259399
0.86259399
0.86259399
0.86259399
0.86259399
0.86259399
0.86259399
0.86259399
0.98185693
0.86259399
0.86259399
0.86259399
0.86259399
0.86259399
0.86259399
0.86259399
0.86259399
0.86259399
0.86259399
0.86259399
0.86259399
0.86259399
0.86259399
0.86259399
0.86259399
0.86259399
0.86259399
0.99902508
0.86259399
0.86259399
0.86259399
0.86259399
0.86259399
0.86259399
0.86259399
0.86259399
0.86259399
0.86259399
0.86259399
0.86259399
0.86259399
0.98046446
0.86259399
0.86259399
0.86259399
0.86259399
0.86259399
0.86259399
0.86259399
0.86259399
0.86259399
0.86259399
0.86259399
0.86259399
0.86259399
0.86259399
0.86259399
0.96173064
0.86259399
0.86259399
0.86259399
0.86259399
0.86259399
0.86259399
0.86259399
0.86259399
0.86259399
0.86259399
0.86259399
0.86259399
0.86259399
0.86259399
0.86259399
0.86259399
0.86259399
0.86259399
0.86259399
0.86259399
0.86259399
0.86259399
0.86259399
0.86259399
0.86259399
0.86259399
0.98840679
0.86259399
0.86259399
0.86259399
0.86259399
0.86259399
0.86259399
0.86259399
0.86259399
0.86259399
0.86259399
0.86259399
0.86259399
0.86259399
0.86259399
0.86259399
0.86259399
0.86259399
0.86259399
0.86259399
0.86259399
0.86259399
0.86259399
0.86259399
0.86259399
0.86259399
0.86259399
0.86259399
0.86259399
0.86259399
0.86259399
0.86259399
0.86259399
0.86259399
0.86259399
0.86259399
0.86259399
0.86259399
0.86259399
0.98073962
0.86259399
0.86259399
0.86259399
0.86259399
0.94839216
0.86259399
0.86259399
0.86259399
0.86259399
0.86259399
0.86259399
0.86259399
0.86259399
0.86259399
0.86259399
0.86259399
0.86259399
0.86259399
0.86259399
0.86259399
0.86259399
0.86259399
0.86259399
0.86259399
0.86259399
0.86259399
0.86259399
0.86259399
0.99993920
0.86259399
0.86259399
0.86259399
0.86259399
0.86259399
0.86259399
0.86259399
0.86259399
0.86259399
0.86259399
0.86259399
0.86259399
0.86259399
0.86259399
0.86259399
0.86259399
0.86259399
0.94857491
0.86259399
0.86259399
0.86259399
0.86259399
0.86259399
0.86259399
0.86259399
0.86259399
0.86259399
0.86259399
0.86259399
0.86259399
0.86259399
0.86259399
0.86259399
0.86259399
0.86259399
0.86259399
0.86259399
0.86259399
0.86259399
0.86259399
0.94074086
0.86259399
0.86259399
0.86259399
0.86259399
0.86259399
0.86259399
0.86259399
0.86259399
0.86259399
0.86259399
0.86259399
0.86259399
0.86259399
0.86259399
0.86259399
0.86259399
0.86259399
0.86259399
0.86259399
0.86259399
0.86259399
0.86259399
0.86259399
0.86259399
0.86259399
0.86259399
0.86259399
0.86259399
0.86259399
0.86259399
0.86259399
0.86259399
0.86259399
0.86259399
0.86259399
0.86259399
0.86259399
0.86259399
0.86259399
0.86259399
0.86259399
0.86259399
0.86259399
0.99613349
0.86259399
0.86259399
0.86259399
0.86259399
0.86259399
0.86259399
0.86259399
0.86259399
0.86259399
0.86259399
0.86259399
0.86259399
0.99819072
0.86259399
0.86259399
0.86259399
0.86259399
0.86259399
0.86259399
0.86259399
0.86259399
0.86259399
0.86259399
0.86259399
0.86259399
0.86259399
0.86259399
0.86259399
0.86259399
0.86259399
0.86259399
0.86259399
0.86259399
0.86259399
0.99995148
0.93426682
0.86259399
0.86259399
0.86259399
0.86259399
0.86259399
0.86259399
0.86259399
0.86259399
0.86259399
0.86259399
0.86259399
0.86259399
0.86259399
0.86259399
0.86259399
0.86259399
0.86259399
0.86259399
0.86259399
0.86259399
0.86259399
0.86259399
0.86259399
0.86259399
0.86259399
0.86259399
0.86259399
0.86259399
0.86259399
0.86259399
0.86259399
0.86259399
0.86259399
0.86259399
0.86259399
0.86259399
0.86259399
0.86259399
0.86259399
0.86259399
0.86259399
0.86259399
0.86259399
0.86259399
0.86259399
0.86259399
0.86259399
0.86259399
0.86259399
0.86259399
0.86259399
0.86259399
0.86259399
0.86259399
0.86259399
0.86259399
0.86259399
0.86259399
0.86259399
0.86259399
0.86259399
0.86259399
0.86259399
0.96910059
0.86259399
0.86259399
0.86259399
0.86259399
0.86259399
0.86259399
0.86259399
0.86259399
0.86259399
0.86259399
0.86259399
0.86259399
0.86259399
0.86259399
0.86259399
0.86259399
0.86259399
0.86259399
0.86259399
0.86259399
0.86259399
0.86259399
0.86259399
0.86259399
0.86259399
0.86259399
0.86259399
0.86259399
0.95135105
0.86259399
0.86259399
0.86259399
0.86259399
0.86259399
0.86259399
0.86259399
0.86259399
0.86259399
0.86259399
0.86259399
0.86259399
0.86259399
0.93813040
0.86259399
0.86259399
0.86259399
0.86259399
0.86259399
0.86259399
0.86259399
0.86259399
0.95454349
0.86259399
0.97420612
0.86259399
0.86259399
0.86259399
0.86259399
0.86259399
0.86259399
0.86259399
0.86259399
0.86259399
0.86259399
0.86259399
0.86259399
0.86259399
0.86259399
0.86259399
0.86259399
0.86259399
0.86259399
0.86259399
0.86259399
0.86259399
0.86259399
0.86259399
0.86259399
0.86259399
0.86259399
0.99951595
0.86259399
0.86259399
0.86259399
0.86259399
0.86259399
0.94778154
0.86259399
0.86259399
0.86259399
0.86259399
0.95765749
0.86259399
0.86259399
0.86259399
0.86259399
0.86259399
0.86259399
0.86259399
0.86259399
0.94857491
0.86259399
0.86259399
0.86259399
0.86259399
0.86259399
0.86259399
0.86259399
0.86259399
0.86259399
0.99919596
0.86259399
0.86259399
0.86259399
0.86259399
0.86259399
0.86259399
0.86259399
0.86259399
0.86259399
0.86259399
0.86259399
0.86259399
0.86259399
0.86259399
0.86259399
0.86259399
0.86259399
0.94444766
0.99998011
0.96850079
0.86259399
0.86259399
0.86259399
0.86259399
0.86259399
0.86259399
0.86259399
0.86259399
0.99998446
0.86259399
0.86259399
0.86259399
0.86259399
0.94074086
0.86259399
0.86259399
0.86259399
0.96934893
0.86259399
0.86259399
0.86259399
0.86259399
0.86259399
0.86259399
0.86259399
0.86259399
0.86259399
0.86259399
0.86259399
0.86259399
0.86259399
0.86259399
0.86259399
0.86259399
0.86259399
0.86259399
0.86259399
0.86259399
0.86259399
0.86259399
0.86259399
0.86259399
0.86259399
0.86259399
0.86259399
0.86259399
0.98940383
0.99995872
0.86259399
0.86259399
0.86259399
0.86259399
0.86259399
0.86259399
0.86259399
0.86259399
0.86259399
0.86259399
0.99910570
0.86259399
0.86259399
0.86259399
0.86259399
0.86259399
0.86259399
0.86259399
0.86259399
0.86259399
0.86259399
0.86259399
0.86259399
0.86259399
0.86259399
0.86259399
0.86259399
0.86259399
0.86259399
0.86259399
0.86259399
0.86259399
0.86259399
0.86259399
0.86259399
0.86259399
0.86259399
0.86259399
0.86259399
0.86259399
0.86259399
0.86259399
0.86259399
0.86259399
0.86259399
0.86259399
0.86259399
0.86259399
0.86259399
0.86259399
0.86259399
0.86259399
0.86259399
0.86259399
0.86259399
0.86259399
0.86259399
0.86259399
0.86259399
0.86259399
0.86259399
0.86259399
0.99780366
0.98872599
0.86259399
0.99539509
0.86259399
0.99492396
0.86259399
0.86259399
0.86259399
0.86259399
0.86259399
0.86259399
0.86259399
0.86259399
0.86259399
0.99268265
0.86259399
0.86259399
0.86259399
0.86259399
0.86259399
0.86259399
0.86259399
0.86259399
0.99938072
0.86259399
0.86259399
0.86259399
0.86259399
0.86259399
0.86259399
0.86259399
0.86259399
0.86259399
0.86259399
0.86259399
0.86259399
0.86259399
0.86259399
0.86259399
0.86259399
0.86259399
0.86259399
0.86259399
0.86259399
0.86259399
0.99995493
0.86259399
0.86259399
0.86259399
0.86259399
0.86259399
0.86259399
0.86259399
0.86259399
0.86259399
0.86259399
0.86259399
0.86259399
0.86259399
0.86259399
0.86259399
0.86259399
0.86259399
0.86259399
0.86259399
0.86259399
0.86259399
0.86259399
0.86259399
0.86259399
0.86259399
0.86259399
0.86259399
0.86259399
0.86259399
0.86259399
0.86259399
0.86259399
0.86259399
0.86259399
0.86259399
0.86259399
0.86259399
0.86259399
0.86259399
0.86259399
0.86259399
0.86259399
0.86259399
0.86259399
0.86259399
0.86259399
0.86259399
0.86259399
0.86259399
0.86259399
0.86259399
0.86259399
0.86259399
0.86259399
0.86259399
0.86259399
0.86259399
0.86259399
0.86259399
0.86259399
0.86259399
0.86259399
0.86259399
0.86259399
0.86259399
0.86259399
0.86259399
0.86259399
0.86259399
0.86259399
0.86259399
0.86259399
0.86259399
0.86259399
0.86259399
0.86259399
0.86259399
0.96939849
0.94936448
0.86259399
0.86259399
0.86259399
0.86259399
0.99992793
0.86259399
0.86259399
0.86259399
0.86259399
0.86259399
0.86259399
0.86259399
0.86259399
0.86259399
0.86259399
0.86259399
0.86259399
0.86259399
0.86259399
0.86259399
0.86259399
0.86259399
0.86259399
0.86259399
0.86259399
0.86259399
0.86259399
0.86259399
0.86259399
0.86259399
0.86259399
0.86259399
0.86259399
0.86259399
0.86259399
0.86259399
0.86259399
0.86259399
0.86259399
0.86259399
0.94680004
0.86259399
0.86259399
0.86259399
0.86259399
0.86259399
0.86259399
0.94488316
0.99999964
0.86259399
0.86259399
0.86259399
0.86259399
0.86259399
0.86259399
0.86259399
0.86259399
0.86259399
0.86259399
0.86259399
0.86259399
0.86259399
0.86259399
0.86259399
0.86259399
0.86259399
0.86259399
0.86259399
0.86259399
0.96436958
0.86259399
0.86259399
0.86259399
0.86259399
0.86259399
0.86259399
0.86259399
0.86259399
0.86259399
0.86259399
0.86259399
0.86259399
0.86259399
0.86259399
0.86259399
0.86259399
0.86259399
0.86259399
0.86259399
0.86259399
0.86259399
0.86259399
0.86259399
0.86259399
0.86259399
0.86259399
0.86259399
0.86259399
0.86259399
0.86259399
0.86259399
0.86259399
0.86259399
0.86259399
0.86259399
0.86259399
0.99948876
0.86259399
0.86259399
0.86259399
0.95714422
0.86259399
0.86259399
0.86259399
0.86259399
0.86259399
0.86259399
0.86259399
0.99630480
0.86259399
0.86259399
0.86259399
0.86259399
0.86259399
0.86259399
0.86259399
0.86259399
0.86259399
0.86259399
0.86259399
0.86259399
0.86259399
0.86259399
0.99900835
0.86259399
0.86259399
0.86259399
0.86259399
0.98545999
0.99636075
0.86259399
0.86259399
0.86259399
0.86259399
0.86259399
0.86259399
0.86259399
0.86259399
0.86259399
0.86259399
0.86259399
0.86259399
0.86259399
0.86259399
0.86259399
0.86259399
0.86259399
0.86259399
0.96702951
0.86259399
0.86259399
0.86259399
0.86259399
0.86259399
0.86259399
0.86259399
0.86259399
0.86259399
0.86259399
0.86259399
0.86259399
0.86259399
0.86259399
0.86259399
0.86259399
0.86259399
0.86259399
0.86259399
0.86259399
0.86259399
0.86259399
0.97291325
0.99999947
0.86259399
0.86259399
0.86259399
0.86259399
0.86259399
0.86259399
0.96040967
0.95979818
0.95754363
0.96399749
0.86259399
0.86259399
0.86259399
0.86259399
0.86259399
0.86259399
0.96584119
0.86259399
0.86259399
0.86259399
0.86259399
0.86259399
0.86259399
0.86259399
0.86259399
0.86259399
0.86259399
0.86259399
0.86259399
0.86259399
0.86259399
0.86259399
0.86259399
0.86259399
0.86259399
0.86259399
0.86259399
0.86259399
0.86259399
0.86259399
0.86259399
0.86259399
0.86259399
0.86259399
0.86259399
0.86259399
0.86259399
0.86259399
0.86259399
0.86259399
0.86259399
0.86259399
0.96630841
0.86259399
0.86259399
0.86259399
0.86259399
0.86259399
0.86259399
0.98814165
0.86259399
0.86259399
0.86259399
0.86259399
0.86259399
0.99942348
0.93607572
0.86259399
0.86259399
0.86259399
0.86259399
0.86259399
0.86259399
0.86259399
0.86259399
0.99969928
0.86259399
0.86259399
0.86259399
0.86259399
0.86259399
0.86259399
0.86259399
0.86259399
0.86259399
0.86259399
0.86259399
0.86259399
0.86259399
0.98898316
0.86259399
0.86259399
0.95200739
0.86259399
0.86259399
0.86259399
0.86259399
0.86259399
0.86259399
0.86259399
0.99959704
0.86259399
0.86259399
0.86259399
0.99369099
0.86259399
0.86259399
0.86259399
0.86259399
0.86259399
0.86259399
0.86259399
0.86259399
0.86259399
0.86259399
0.86259399
0.86259399
0.86259399
0.86259399
0.86259399
0.86259399
0.86259399
0.86259399
0.86259399
0.86259399
0.86259399
0.86259399
0.86259399
0.86259399
0.86259399
0.86259399
0.86259399
0.86259399
0.86259399
0.86259399
0.86259399
0.86259399
0.86259399
0.86259399
0.86259399
0.86259399
0.86259399
0.86259399
0.86259399
0.86259399
0.86259399
0.86259399
0.86259399
0.86259399
0.86259399
0.86259399
0.86259399
0.86259399
0.86259399
0.86259399
0.86259399
0.86259399
0.86259399
0.86259399
0.86259399
0.86259399
0.86259399
0.94168911
0.86259399
0.86259399
0.97660996
0.86259399
0.86259399
0.86259399
0.86259399
0.86259399
0.86259399
0.86259399
0.86259399
0.86259399
0.86259399
0.86259399
0.86259399
0.86259399
0.86259399
0.86259399
0.86259399
0.86259399
0.86259399
0.86259399
0.86259399
0.86259399
0.86259399
0.86259399
0.86259399
0.86259399
0.86259399
0.86259399
0.86259399
0.86259399
0.86259399
0.86259399
0.86259399
0.96880135
0.86259399
0.86259399
0.86259399
0.86259399
0.86259399
0.86259399
0.86259399
0.86259399
0.86259399
0.86259399
0.86259399
0.86259399
0.86259399
0.86259399
0.86259399
0.99987982
0.86259399
0.86259399
0.86259399
0.86259399
0.86259399
0.86259399
0.86259399
0.86259399
0.86259399
0.86259399
0.86259399
0.86259399
0.99968008
0.86259399
0.96040967
0.86259399
0.86259399
0.86259399
0.86259399
0.86259399
0.86259399
0.86259399
0.86259399
0.86259399
0.86259399
0.86259399
0.86259399
0.86259399
0.86259399
0.86259399
0.86259399
0.86259399
0.86259399
0.86259399
0.86259399
0.86259399
0.86259399
0.86259399
0.86259399
0.86259399
0.86259399
0.86259399
0.86259399
0.86259399
0.86259399
0.86259399
0.86259399
0.86259399
0.86259399
0.86259399
0.86259399
0.86259399
0.86259399
0.86259399
0.86259399
0.86259399
0.86259399
0.86259399
0.86259399
0.86259399
0.86259399
0.86259399
0.86259399
0.86259399
0.86259399
0.86259399
0.86259399
0.86259399
0.86259399
0.86259399
0.86259399
0.86259399
0.86259399
0.86259399
0.86259399
0.86259399
0.86259399
0.86259399
0.86259399
0.86259399
0.86259399
0.99987504
0.86259399
0.86259399
0.86259399
0.86259399
0.86259399
0.86259399
0.86259399
0.86259399
0.86259399
0.86259399
0.86259399
0.96994114
0.86259399
0.93523709
0.86259399
0.86259399
0.86259399
0.86259399
0.86259399
0.86259399
0.86259399
0.86259399
0.86259399
0.86259399
0.86259399
0.86259399
0.86259399
0.86259399
0.86259399
0.86259399
0.86259399
0.86259399
0.86259399
0.86259399
0.86259399
0.86259399
0.86259399
0.86259399
0.86259399
0.86259399
0.86259399
0.86259399
0.86259399
0.86259399
0.86259399
0.98799280
0.86259399
0.86259399
0.86259399
0.86259399
0.86259399
0.86259399
0.86259399
0.86259399
0.86259399
0.86259399
0.86259399
0.86259399
0.86259399
0.86259399
0.86259399
0.86259399
0.86259399
0.86259399
0.86259399
0.86259399
0.86259399
0.86259399
0.86259399
0.86259399
0.86259399
0.86259399
0.86259399
0.86259399
0.86259399
0.86259399
0.86259399
0.86259399
0.86259399
0.86259399
0.98866835
0.86259399
0.86259399
0.86259399
0.86259399
0.86259399
0.86259399
0.86259399
0.86259399
0.86259399
0.86259399
0.86259399
0.86259399
0.86259399
0.86259399
0.96697824
0.86259399
0.86259399
0.86259399
0.86259399
0.86259399
0.86259399
0.86259399
0.86259399
0.86259399
0.86259399
0.86259399
0.99761100
0.86259399
0.86259399
0.86259399
0.86259399
0.86259399
0.86259399
0.93601129
0.86259399
0.86259399
0.86259399
0.86259399
0.86259399
0.86259399
0.86259399
0.86259399
0.86259399
0.86259399
0.86259399
0.86259399
0.86259399
0.86259399
0.86259399
0.86259399
0.86259399
0.86259399
0.86259399
0.86259399
0.86259399
0.86259399
0.86259399
0.86259399
0.86259399
0.86259399
0.95742966
0.86259399
0.86259399
0.86259399
0.86259399
0.86259399
0.86259399
0.86259399
0.86259399
0.86259399
0.86259399
0.86259399
0.86259399
0.86259399
0.86259399
0.86259399
0.86259399
0.86259399
0.95833816
0.86259399
0.86259399
0.86259399
0.86259399
0.86259399
0.86259399
0.86259399
0.86259399
0.86259399
0.86259399
0.86259399
0.86259399
0.86259399
0.86259399
0.86259399
0.86259399
0.86259399
0.86259399
0.86259399
0.86259399
0.86259399
0.86259399
0.86259399
0.86259399
0.86259399
0.86259399
0.86259399
0.86259399
0.86259399
0.86259399
0.86259399
0.86259399
0.86259399
0.86259399
0.86259399
0.86259399
0.94482101
0.86259399
0.86259399
0.86259399
0.86259399
0.86259399
0.86259399
0.86259399
0.86259399
0.86259399
0.86259399
0.86259399
0.86259399
0.86259399
0.86259399
0.86259399
0.86259399
0.86259399
0.86259399
0.99835705
0.86259399
0.86259399
0.86259399
0.86259399
0.86259399
0.99958823
0.86259399
0.95811174
0.86259399
0.86259399
0.86259399
0.86259399
0.86259399
0.86259399
0.86259399
0.86259399
0.86259399
0.86259399
0.86259399
0.86259399
0.86259399
0.86259399
0.86259399
0.86259399
0.86259399
0.86259399
0.86259399
0.86259399
0.86259399
0.86259399
0.86259399
0.86259399
0.86259399
0.86259399
0.86259399
0.86259399
0.86259399
0.86259399
0.86259399
0.86259399
0.86259399
0.86259399
0.86259399
0.86259399
0.86259399
0.86259399
0.86259399
0.86259399
0.86259399
0.86259399
0.86259399
0.86259399
0.86259399
0.86259399
0.86259399
0.86259399
0.86259399
0.86259399
0.86259399
0.86259399
0.86259399
0.86259399
0.86259399
0.86259399
0.86259399
0.86259399
0.86259399
0.86259399
0.86259399
0.86259399
0.86259399
0.86259399
0.86259399
0.86259399
0.86259399
0.86259399
0.93329391
0.86259399
0.86259399
0.86259399
0.86259399
0.86259399
0.86259399
0.86259399
0.86259399
0.86259399
0.99988100
0.86259399
0.86259399
0.86259399
0.86259399
0.86259399
0.98602202
0.86259399
0.86259399
0.86259399
0.86259399
0.86259399
0.86259399
0.86259399
0.86259399
0.86259399
0.86259399
0.86259399
0.86259399
0.86259399
0.86259399
0.86259399
0.86259399
0.86259399
0.86259399
0.86259399
0.86259399
0.86259399
0.86259399
0.86259399
0.86259399
0.86259399
0.86259399
0.86259399
0.86259399
0.86259399
0.86259399
0.86259399
0.86259399
0.86259399
0.86259399
0.86259399
0.86259399
0.86259399
0.86259399
0.86259399
0.86259399
0.86259399
0.86259399
0.86259399
0.86259399
0.86259399
0.86259399
0.99715608
0.86259399
0.86259399
0.86259399
0.86259399
0.86259399
0.86259399
0.86259399
0.86259399
0.86259399
0.86259399
0.86259399
0.86259399
0.86259399
0.86259399
0.86259399
0.86259399
0.86259399
0.86259399
0.86259399
0.86259399
0.86259399
0.86259399
0.86259399
0.86259399
0.86259399
0.86259399
0.86259399
0.86259399
0.86259399
0.86259399
0.86259399
0.96489826
0.86259399
0.86259399
0.99999936
0.86259399
0.86259399
0.86259399
0.86259399
0.86259399
0.86259399
0.86259399
0.86259399
0.86259399
0.86259399
0.86259399
0.86259399
0.86259399
0.86259399
0.86259399
0.86259399
0.86259399
1.00000000
0.86259399
0.95901456
0.86259399
0.86259399
0.86259399
0.86259399
0.86259399
0.96351665
0.86259399
0.86259399
0.86259399
0.86259399
0.86259399
0.86259399
0.86259399
0.86259399
0.86259399
0.86259399
0.86259399
0.86259399
0.86259399
0.86259399
0.86259399
0.86259399
0.86259399
0.86259399
0.86259399
0.86259399
0.86259399
0.86259399
0.86259399
0.86259399
0.86259399
0.86259399
0.86259399
0.86259399
0.86259399
0.86259399
0.93562442
0.86259399
0.86259399
0.86259399
0.86259399
0.86259399
0.86259399
0.86259399
0.86259399
0.86259399
0.86259399
0.86259399
0.86259399
0.99997304
0.86259399
0.86259399
0.86259399
0.86259399
0.86259399
0.86259399
0.86259399
0.86259399
0.86259399
0.86259399
0.86259399
0.86259399
0.86259399
0.86259399
0.86259399
0.86259399
0.86259399
0.86259399
0.86259399
0.86259399
0.86259399
0.86259399
0.86259399
0.86259399
0.86259399
0.86259399
0.86259399
0.86259399
0.86259399
0.86259399
0.86259399
0.86259399
0.86259399
0.86259399
0.86259399
0.86259399
0.86259399
0.86259399
0.86259399
0.86259399
0.86259399
0.86259399
0.86259399
0.86259399
0.86259399
0.86259399
0.86259399
0.86259399
0.86259399
0.86259399
0.86259399
0.86259399
0.86259399
0.86259399
0.86259399
0.86259399
0.86259399
0.86259399
0.86259399
0.86259399
0.86259399
0.86259399
0.86259399
0.86259399
0.86259399
0.86259399
0.86259399
0.86259399
0.86259399
0.86259399
0.86259399
0.86259399
0.86259399
0.86259399
0.86259399
0.86259399
0.86259399
0.86259399
0.86259399
0.86259399
0.86259399
0.86259399
0.86259399
0.86259399
0.86259399
0.86259399
0.86259399
0.86259399
0.86259399
0.86259399
0.86259399
0.86259399
0.86259399
0.86259399
0.86259399
0.86259399
0.86259399
0.86259399
0.86259399
0.86259399
0.86259399
0.86259399
0.86259399
0.86259399
0.86259399
0.86259399
0.86259399
0.86259399
0.86259399
0.86259399
0.86259399
0.86259399
0.86259399
0.86259399
0.86259399
0.86259399
0.86259399
0.95912687
0.86259399
0.99877821
0.86259399
0.86259399
0.99390867
0.86259399
0.86259399
0.86259399
0.86259399
0.86259399
0.86259399
0.86259399
0.86259399
0.86259399
0.86259399
0.86259399
0.86259399
0.86259399
0.86259399
0.86259399
0.86259399
0.86259399
0.86259399
0.86259399
0.86259399
0.86259399
0.86259399
0.86259399
0.86259399
0.86259399
0.86259399
0.86259399
0.86259399
0.86259399
0.86259399
0.99999995
0.86259399
0.86259399
0.86259399
0.86259399
0.94857491
0.86259399
0.86259399
0.86259399
0.86259399
0.86259399
0.86259399
0.86259399
0.86259399
0.86259399
0.86259399
0.86259399
0.86259399
0.86259399
0.86259399
0.86259399
0.86259399
0.86259399
0.86259399
0.86259399
0.86259399
0.86259399
0.86259399
0.86259399
0.86259399
0.86259399
0.86259399
0.86259399
0.86259399
0.86259399
0.86259399
0.86259399
0.86259399
0.86259399
0.86259399
0.98920875
0.86259399
0.86259399
0.86259399
0.86259399
0.86259399
0.86259399
0.86259399
0.86259399
0.86259399
0.86259399
0.86259399
0.86259399
0.86259399
0.86259399
0.86259399
0.95200739
0.86259399
0.86259399
0.86259399
0.86259399
0.86259399
0.86259399
0.86259399
0.86259399
0.86259399
0.86259399
0.86259399
0.86259399
0.86259399
0.86259399
0.86259399
0.86259399
0.86259399
0.86259399
0.86259399
0.86259399
0.86259399
0.86259399
0.86259399
0.86259399
0.86259399
0.95524250
0.86259399
0.86259399
0.86259399
0.86259399
0.86259399
0.86259399
0.86259399
0.86259399
0.86259399
0.86259399
0.86259399
0.86259399
0.86259399
0.86259399
0.86259399
0.86259399
0.86259399
0.86259399
0.86259399
0.86259399
0.86259399
0.86259399
0.86259399
0.86259399
0.86259399
0.86259399
0.86259399
0.86259399
0.86259399
0.86259399
0.86259399
0.86259399
0.86259399
0.94326083
0.86259399
0.86259399
0.86259399
0.86259399
0.86259399
0.86259399
0.86259399
0.86259399
0.86259399
0.86259399
0.99999519
0.86259399
0.86259399
0.86259399
0.86259399
0.86259399
0.86259399
0.86259399
0.86259399
0.86259399
0.86259399
0.86259399
0.86259399
0.86259399
0.86259399
0.86259399
0.86259399
0.86259399
0.86259399
0.86259399
0.86259399
0.86259399
0.86259399
0.86259399
0.86259399
0.86259399
0.86259399
0.86259399
0.86259399
0.86259399
0.86259399
0.86259399
0.86259399
0.86259399
0.86259399
0.86259399
0.86259399
0.86259399
0.86259399
0.86259399
0.86259399
0.86259399
0.86259399
0.99487168
0.86259399
0.86259399
0.86259399
0.86259399
0.86259399
0.86259399
0.86259399
0.86259399
0.86259399
0.86259399
0.86259399
0.86259399
0.86259399
0.86259399
0.86259399
0.86259399
0.86259399
0.86259399
0.86259399
0.86259399
0.86259399
0.86259399
0.86259399
0.86259399
0.86259399
0.86259399
0.86259399
0.86259399
0.86259399
0.86259399
0.86259399
0.86259399
0.98552678
0.86259399
0.86259399
0.86259399
0.86259399
0.99676222
0.86259399
0.86259399
0.86259399
0.86259399
0.86259399
0.86259399
0.86259399
0.96794631
0.86259399
0.86259399
0.86259399
0.86259399
0.86259399
0.86259399
0.86259399
0.86259399
0.86259399
0.86259399
0.86259399
0.86259399
0.86259399
0.86259399
0.86259399
0.86259399
0.86259399
0.86259399
0.86259399
0.86259399
0.86259399
0.86259399
0.86259399
0.86259399
0.86259399
0.86259399
0.86259399
0.86259399
0.98174305
0.86259399
0.86259399
0.86259399
0.86259399
0.86259399
0.86259399
0.86259399
0.86259399
0.86259399
0.86259399
0.86259399
0.86259399
0.86259399
0.86259399
0.86259399
0.86259399
0.98478233
0.97267910
0.86259399
0.86259399
0.86259399
0.86259399
0.86259399
0.86259399
0.86259399
0.86259399
0.86259399
0.94673851
0.99292221
0.86259399
0.86259399
0.86259399
0.86259399
0.86259399
0.86259399
0.86259399
0.86259399
0.86259399
0.86259399
0.86259399
0.99996027
0.86259399
0.86259399
0.86259399
0.86259399
0.86259399
0.86259399
0.86259399
0.86259399
0.86259399
0.86259399
0.86259399
0.86259399
0.86259399
0.86259399
0.86259399
0.86259399
0.86259399
0.86259399
0.86259399
0.86259399
0.86259399
0.86259399
0.86259399
0.86259399
0.86259399
0.86259399
0.86259399
0.86259399
0.86259399
0.86259399
0.99315670
0.86259399
0.86259399
0.86259399
0.86259399
0.86259399
0.86259399
0.93594684
0.86259399
0.86259399
0.86259399
0.86259399
0.86259399
0.86259399
0.86259399
0.86259399
0.86259399
0.86259399
0.86259399
0.86259399
0.86259399
1.00000000
0.86259399
0.86259399
0.86259399
0.86259399
0.86259399
0.86259399
0.86259399
0.86259399
0.86259399
0.86259399
0.96984281
0.86259399
0.86259399
0.86259399
0.86259399
0.86259399
0.86259399
0.86259399
0.86259399
0.86259399
0.86259399
0.86259399
0.86259399
0.86259399
0.86259399
0.86259399
0.86259399
0.98641102
0.86259399
0.86259399
0.86259399
0.86259399
0.86259399
0.86259399
0.86259399
0.86259399
0.86259399
0.86259399
0.86259399
0.86259399
0.86259399
0.96563262
0.86259399
0.86259399
0.86259399
0.86259399
0.86259399
0.86259399
0.96173064
0.86259399
0.86259399
0.86259399
0.86259399
0.86259399
0.86259399
0.86259399
0.86259399
0.86259399
0.86259399
0.86259399
0.86259399
0.86259399
0.86259399
0.86259399
0.86259399
0.86259399
0.86259399
0.86259399
0.86259399
0.86259399
0.86259399
0.86259399
0.86259399
0.86259399
0.86259399
0.95289751
0.86259399
0.86259399
0.86259399
0.86259399
0.86259399
0.86259399
0.86259399
0.86259399
0.86259399
0.86259399
0.86259399
0.86259399
0.86259399
0.86259399
0.86259399
0.86259399
0.86259399
0.86259399
0.86259399
0.86259399
0.86259399
0.86259399
0.86259399
0.86259399
0.86259399
0.86259399
0.86259399
0.86259399
0.86259399
0.86259399
0.86259399
0.86259399
0.86259399
0.86259399
0.86259399
0.86259399
0.86259399
0.86259399
0.86259399
0.86259399
0.86259399
0.86259399
0.86259399
0.86259399
0.86259399
0.86259399
0.86259399
0.86259399
0.86259399
0.86259399
0.86259399
0.86259399
0.86259399
0.86259399
0.86259399
0.86259399
0.86259399
0.86259399
0.86259399
0.86259399
0.86259399
0.86259399
0.86259399
0.86259399
0.86259399
0.86259399
0.86259399
0.86259399
0.86259399
0.86259399
0.86259399
0.99995380
0.86259399
0.86259399
0.86259399
0.86259399
0.86259399
0.86259399
0.86259399
0.86259399
0.86259399
0.86259399
0.86259399
0.86259399
0.86259399
0.86259399
0.86259399
0.86259399
0.86259399
0.86259399
0.86259399
0.86259399
0.86259399
0.86259399
0.86259399
0.86259399
0.86259399
0.86259399
0.86259399
0.86259399
0.86259399
0.86259399
0.86259399
0.86259399
0.86259399
0.86259399
0.86259399
0.86259399
0.86259399
0.86259399
0.86259399
0.86259399
0.86259399
0.86259399
0.86259399
0.86259399
0.86259399
0.97864521
0.86259399
0.86259399
0.86259399
0.86259399
0.86259399
0.86259399
0.86259399
0.86259399
0.86259399
0.86259399
0.86259399
0.86259399
0.86259399
0.86259399
0.86259399
0.86259399
0.86259399
0.86259399
0.86259399
0.86259399
0.86259399
0.86259399
0.86259399
0.86259399
0.86259399
0.86259399
0.86259399
0.99938866
0.86259399
0.86259399
0.86259399
0.86259399
0.86259399
0.86259399
0.86259399
0.86259399
0.86259399
0.99671052
0.86259399
0.86259399
0.86259399
0.86259399
0.86259399
0.86259399
0.86259399
0.86259399
0.86259399
0.86259399
0.86259399
0.86259399
0.86259399
0.86259399
0.86259399
0.86259399
0.86259399
0.86259399
0.86259399
0.95342881
0.86259399
0.86259399
0.86259399
0.86259399
0.86259399
0.86259399
0.86259399
0.86259399
0.86259399
0.86259399
0.86259399
0.86259399
0.86259399
0.86259399
0.86259399
0.86259399
0.86259399
0.99978637
0.86259399
0.86259399
0.86259399
0.86259399
0.86259399
0.86259399
0.86259399
0.86259399
0.86259399
0.86259399
0.86259399
0.86259399
0.86259399
0.86259399
0.86259399
0.86259399
0.86259399
0.86259399
0.86259399
0.86259399
0.86259399
0.86259399
0.86259399
0.86259399
0.96205802
0.86259399
0.86259399
0.86259399
0.86259399
0.86259399
0.99949221
0.86259399
0.86259399
0.86259399
0.86259399
0.86259399
0.86259399
0.86259399
0.86259399
0.86259399
0.86259399
0.86259399
0.86259399
0.86259399
0.86259399
0.86259399
0.86259399
0.86259399
0.86259399
0.96774359
0.86259399
0.99931873
0.86259399
0.86259399
0.98886930
0.86259399
0.86259399
0.86259399
0.86259399
0.86259399
0.86259399
0.86259399
0.86259399
0.86259399
0.86259399
0.86259399
0.86259399
0.98340991
0.86259399
0.86259399
0.86259399
0.86259399
0.86259399
0.86259399
0.86259399
0.86259399
0.86259399
0.86259399
0.86259399
0.99999886
0.86259399
0.93387796
0.86259399
0.86259399
0.86259399
0.97393171
0.86259399
0.86259399
0.86259399
0.86259399
0.86259399
0.86259399
0.86259399
0.86259399
0.86259399
0.86259399
0.86259399
0.86259399
0.86259399
0.86259399
0.86259399
0.86259399
0.86259399
0.86259399
0.86259399
0.86259399
0.86259399
0.86259399
0.86259399
0.86259399
0.86259399
0.86259399
0.86259399
0.86259399
0.86259399
0.86259399
0.86259399
0.86259399
0.86259399
0.86259399
0.86259399
0.86259399
0.86259399
0.86259399
0.86259399
0.95336988
0.86259399
0.93620455
0.86259399
0.86259399
0.86259399
0.86259399
0.86259399
0.86259399
0.86259399
0.86259399
0.86259399
0.86259399
0.86259399
0.86259399
0.86259399
0.86259399
0.86259399
0.86259399
0.86259399
0.86259399
0.86259399
0.86259399
0.86259399
0.86259399
0.86259399
0.86259399
0.86259399
0.86259399
0.86259399
0.86259399
0.86259399
0.86259399
0.93991601
0.86259399
0.86259399
0.86259399
0.86259399
0.86259399
0.86259399
0.86259399
0.86259399
0.86259399
0.86259399
0.86259399
0.86259399
0.86259399
0.97751229
0.86259399
0.86259399
0.86259399
0.86259399
0.86259399
0.86259399
0.86259399
0.86259399
0.96145695
0.86259399
0.86259399
0.86259399
0.86259399
0.86259399
0.86259399
0.86259399
0.86259399
0.86259399
0.86259399
0.86259399
0.86259399
0.86259399
0.86259399
0.86259399
0.86259399
0.86259399
0.86259399
0.86259399
0.99290064
0.86259399
0.86259399
0.86259399
0.86259399
0.86259399
0.86259399
0.86259399
0.86259399
0.86259399
0.86259399
0.86259399
0.86259399
0.95974241
0.86259399
0.86259399
0.86259399
0.86259399
0.86259399
0.86259399
0.86259399
0.86259399
0.86259399
0.86259399
0.86259399
0.86259399
0.86259399
0.86259399
0.86259399
0.86259399
0.86259399
0.86259399
0.86259399
0.86259399
0.86259399
0.86259399
0.86259399
0.86259399
0.86259399
0.86259399
0.86259399
0.86259399
0.86259399
0.86259399
0.86259399
0.86259399
0.86259399
0.86259399
0.86259399
0.86259399
0.86259399
0.86259399
0.86259399
0.86259399
0.86259399
0.86259399
0.86259399
0.86259399
0.86259399
0.86259399
0.86259399
0.86259399
0.86259399
0.86259399
0.86259399
0.86259399
0.97950499
0.86259399
0.86259399
0.86259399
0.86259399
0.86259399
0.86259399
0.86259399
0.86259399
0.86259399
0.86259399
0.86259399
0.86259399
0.86259399
0.86259399
0.86259399
0.86259399
0.99999478
0.86259399
0.86259399
0.86259399
0.86259399
0.86259399
0.86259399
0.86259399
0.86259399
0.86259399
0.86259399
0.86259399
0.98843603
0.86259399
0.86259399
0.86259399
0.86259399
0.86259399
0.86259399
0.86259399
0.86259399
0.86259399
0.86259399
0.86259399
0.86259399
0.86259399
0.86259399
0.86259399
0.86259399
0.86259399
0.86259399
0.86259399
0.86259399
0.86259399
0.94225621
0.86259399
0.86259399
0.86259399
0.86259399
0.86259399
0.86259399
0.86259399
0.86259399
0.86259399
0.86259399
0.86259399
0.86259399
0.86259399
0.93575343
0.86259399
0.86259399
0.86259399
0.86259399
0.86259399
0.86259399
0.86259399
0.86259399
0.86259399
0.86259399
0.97425171
0.86259399
0.86259399
0.86259399
0.86259399
0.86259399
0.86259399
0.86259399
0.86259399
0.99999110
0.86259399
0.86259399
0.86259399
0.86259399
0.86259399
0.86259399
0.86259399
0.86259399
0.86259399
0.86259399
0.86259399
0.86259399
0.86259399
0.86259399
0.86259399
0.86259399
0.86259399
0.86259399
0.86259399
0.86259399
0.86259399
0.86259399
0.86259399
0.86259399
0.86259399
0.86259399
0.86259399
0.86259399
0.86259399
0.86259399
0.86259399
0.86259399
0.86259399
0.86259399
0.86259399
0.86259399
0.86259399
0.86259399
0.86259399
0.86259399
0.86259399
0.86259399
0.86259399
0.86259399
0.86259399
0.86259399
0.86259399
0.86259399
0.99557194
0.86259399
0.94912194
0.86259399
0.86259399
0.86259399
0.94357381
0.86259399
0.86259399
0.86259399
0.86259399
0.86259399
0.86259399
0.86259399
0.86259399
0.86259399
0.86259399
0.86259399
0.86259399
0.96521381
0.86259399
0.86259399
0.86259399
0.86259399
0.86259399
0.86259399
0.86259399
0.86259399
0.86259399
0.86259399
0.86259399
0.86259399
0.86259399
0.86259399
0.86259399
0.86259399
0.86259399
0.86259399
0.86259399
0.86259399
0.99823337
0.86259399
0.86259399
0.86259399
0.86259399
0.86259399
0.86259399
0.86259399
0.86259399
0.86259399
0.86259399
0.86259399
0.86259399
0.86259399
0.86259399
0.86259399
0.86259399
0.86259399
0.86259399
0.86259399
0.99994330
0.86259399
0.86259399
0.86259399
0.86259399
0.86259399
0.86259399
0.86259399
0.86259399
0.86259399
0.86259399
0.86259399
0.86259399
0.86259399
0.86259399
0.86259399
0.86259399
0.86259399
0.93704062
0.86259399
0.86259399
0.86259399
0.93568893
0.86259399
0.86259399
0.86259399
0.86259399
0.86259399
0.86259399
0.86259399
0.86259399
0.86259399
0.86259399
0.86259399
0.86259399
0.86259399
0.86259399
0.86259399
0.86259399
0.96479280
0.86259399
0.86259399
0.86259399
0.86259399
0.86259399
0.86259399
0.86259399
0.86259399
0.86259399
0.86259399
0.86259399
0.86259399
0.86259399
0.86259399
0.86259399
0.86259399
0.86259399
0.86259399
0.86259399
0.86259399
0.86259399
0.86259399
0.86259399
0.86259399
0.86259399
0.96526629
0.86259399
0.86259399
0.86259399
0.86259399
0.86259399
0.86259399
0.86259399
0.86259399
0.86259399
0.86259399
0.97239683
0.86259399
0.99997981
0.86259399
0.86259399
0.86259399
0.86259399
0.86259399
0.86259399
0.86259399
0.86259399
0.86259399
0.86259399
0.86259399
0.86259399
0.86259399
0.86259399
0.86259399
0.86259399
0.86259399
0.99944955
0.86259399
0.86259399
0.86259399
0.86259399
0.86259399
0.86259399
0.86259399
0.86259399
0.86259399
0.86259399
0.86259399
0.86259399
0.86259399
0.86259399
0.86259399
0.86259399
0.86259399
0.86259399
0.86259399
0.86259399
0.86259399
0.86259399
0.86259399
0.86259399
0.86259399
0.86259399
0.86259399
0.86259399
0.86259399
0.86259399
0.86259399
0.86259399
0.86259399
0.86259399
0.86259399
0.86259399
0.86259399
0.86259399
0.86259399
0.86259399
0.86259399
0.86259399
0.86259399
0.86259399
0.86259399
0.86259399
0.86259399
0.86259399
0.86259399
0.86259399
0.86259399
0.86259399
0.86259399
0.86259399
0.86259399
0.86259399
0.86259399
0.93601129
0.86259399
0.86259399
0.86259399
0.86259399
0.86259399
0.86259399
0.94618384
0.86259399
0.86259399
0.86259399
0.86259399
0.86259399
0.86259399
0.86259399
0.97806161
0.96373069
0.86259399
0.86259399
0.86259399
0.86259399
0.86259399
0.86259399
0.86259399
0.86259399
0.86259399
0.86259399
0.86259399
0.86259399
0.86259399
0.86259399
0.86259399
0.86259399
0.86259399
0.86259399
0.86259399
0.86259399
0.86259399
0.86259399
0.86259399
0.86259399
0.86259399
0.86259399
0.86259399
0.86259399
0.86259399
0.86259399
0.86259399
0.86259399
0.86259399
0.86259399
0.86259399
0.86259399
0.86259399
0.86259399
0.86259399
0.86259399
0.86259399
0.86259399
0.86259399
0.99988561
0.86259399
0.86259399
0.86259399
0.86259399
0.86259399
0.94673851
0.86259399
0.86259399
0.86259399
0.86259399
0.86259399
0.86259399
0.86259399
0.86259399
0.86259399
0.86259399
0.86259399
0.86259399
0.86259399
0.86259399
0.99677506
0.86259399
0.86259399
0.86259399
0.86259399
0.86259399
0.97077079
0.86259399
0.86259399
0.86259399
0.86259399
0.86259399
0.86259399
0.86259399
0.86259399
0.86259399
0.86259399
0.86259399
0.86259399
0.86259399
0.86259399
0.86259399
0.86259399
0.86259399
0.86259399
0.86259399
0.86259399
0.86259399
0.86259399
0.86259399
0.86259399
0.86259399
0.86259399
0.86259399
0.86259399
0.86259399
0.86259399
0.86259399
0.86259399
0.86259399
0.86259399
0.94055075
0.86259399
0.86259399
0.86259399
0.86259399
0.86259399
0.86259399
0.99968253
0.86259399
0.86259399
0.86259399
0.86259399
0.86259399
0.86259399
0.94500742
0.86259399
0.86259399
0.86259399
0.86259399
0.86259399
0.86259399
0.86259399
0.86259399
0.86259399
0.96085202
0.86259399
0.86259399
0.94099410
0.86259399
0.86259399
0.98436722
0.98535947
0.86259399
0.86259399
0.86259399
0.86259399
0.86259399
0.86259399
0.86259399
0.86259399
0.86259399
0.99979177
0.86259399
0.86259399
0.86259399
0.86259399
0.86259399
0.86259399
0.86259399
0.86259399
0.95564845
0.86259399
0.86259399
0.86259399
0.86259399
0.86259399
0.86259399
0.86259399
0.86259399
0.86259399
0.86259399
0.86259399
0.86259399
0.86259399
0.86259399
0.86259399
0.86259399
0.86259399
0.86259399
0.86259399
0.99606057
0.86259399
0.86259399
0.86259399
0.95105173
0.86259399
0.86259399
0.86259399
0.86259399
0.86259399
0.86259399
0.86259399
0.86259399
0.86259399
0.86259399
0.86259399
0.86259399
0.86259399
0.86259399
0.86259399
0.86259399
0.86259399
0.86259399
0.86259399
0.86259399
0.86259399
0.98457557
0.86259399
0.86259399
0.86259399
0.86259399
0.86259399
0.86259399
0.86259399
0.86259399
0.86259399
0.86259399
0.86259399
0.86259399
0.95974241
0.86259399
0.86259399
0.86259399
0.98355376
0.95662862
0.86259399
0.86259399
0.86259399
0.86259399
0.96458146
0.86259399
0.86259399
0.86259399
0.86259399
0.86259399
0.86259399
0.86259399
0.86259399
0.86259399
0.99549212
0.86259399
0.86259399
0.86259399
0.86259399
0.86259399
0.86259399
0.86259399
0.86259399
0.99927497
0.86259399
0.86259399
0.86259399
0.86259399
0.95135105
0.86259399
0.86259399
0.86259399
0.86259399
0.86259399
0.86259399
0.86259399
0.86259399
0.86259399
0.99436657
0.86259399
0.86259399
0.86259399
0.86259399
0.93813040
0.86259399
0.86259399
0.93768216
0.86259399
0.86259399
0.86259399
0.86259399
0.86259399
0.99803124
0.86259399
0.86259399
0.86259399
0.86259399
0.86259399
0.86259399
0.86259399
0.86259399
0.86259399
0.86259399
0.86259399
0.86259399
0.86259399
0.86259399
0.86259399
0.86259399
0.94692303
0.86259399
0.86259399
0.86259399
0.86259399
0.86259399
0.86259399
0.95224531
0.86259399
0.86259399
0.86259399
0.86259399
0.86259399
0.86259399
0.86259399
0.86259399
0.86259399
0.86259399
0.86259399
0.86259399
0.86259399
0.86259399
0.86259399
0.86259399
0.86259399
0.86259399
0.86259399
0.86259399
0.86259399
0.86259399
0.86259399
0.86259399
0.86259399
0.86259399
0.86259399
0.86259399
0.86259399
0.86259399
0.86259399
0.86259399
0.86259399
0.96885132
0.86259399
0.86259399
0.86259399
0.86259399
0.86259399
0.86259399
0.86259399
0.86259399
0.86259399
0.86259399
0.86259399
0.86259399
0.86259399
0.86259399
0.86259399
0.86259399
0.86259399
0.86259399
0.86259399
0.86259399
0.86259399
0.86259399
0.86259399
0.86259399
0.86259399
0.86259399
0.86259399
0.86259399
0.86259399
0.86259399
0.86259399
0.86259399
0.86259399
0.86259399
0.86259399
0.96173064
0.86259399
0.86259399
0.98673029
0.86259399
0.86259399
0.86259399
0.86259399
0.86259399
0.86259399
0.86259399
0.86259399
0.86259399
0.86259399
0.86259399
0.86259399
0.86259399
0.86259399
0.86259399
0.96308697
0.86259399
0.86259399
0.94168911
0.86259399
0.99688905
0.86259399
0.86259399
0.86259399
0.86259399
0.86259399
0.86259399
0.86259399
0.86259399
0.86259399
0.86259399
0.86259399
0.86259399
0.86259399
0.86259399
0.86259399
0.86259399
0.86259399
0.86259399
0.86259399
0.86259399
0.86259399
0.99999611
0.86259399
0.86259399
0.86259399
0.86259399
0.86259399
0.86259399
0.86259399
0.86259399
0.86259399
0.99999110
0.86259399
0.86259399
0.86259399
0.86259399
0.97447908
0.86259399
0.86259399
0.86259399
0.86259399
0.86259399
0.86259399
0.86259399
0.86259399
0.86259399
0.94796496
0.86259399
0.86259399
0.86259399
0.86259399
0.86259399
0.86259399
0.99050316
0.86259399
0.86259399
0.99060648
1.00000000
0.86259399
0.86259399
0.86259399
0.95271994
0.86259399
0.86259399
0.86259399
0.86259399
0.86259399
0.86259399
0.86259399
0.86259399
0.86259399
0.86259399
0.86259399
0.86259399
0.86259399
0.86259399
0.86259399
0.86259399
0.86259399
0.86259399
0.86259399
0.86259399
0.86259399
0.86259399
0.86259399
0.86259399
0.86259399
0.86259399
0.86259399
0.86259399
0.86259399
0.86259399
0.86259399
0.86259399
0.86259399
0.86259399
0.86259399
0.86259399
0.86259399
0.86259399
0.86259399
0.99980397
0.86259399
0.86259399
0.86259399
0.86259399
0.86259399
0.86259399
0.86259399
0.86259399
0.86259399
0.86259399
0.86259399
0.86259399
0.86259399
0.86259399
0.86259399
0.86259399
0.86259399
0.86259399
0.86259399
0.86259399
0.86259399
0.99140795
0.86259399
0.86259399
0.86259399
0.86259399
0.86259399
0.86259399
0.86259399
0.86259399
0.86259399
0.86259399
0.86259399
0.86259399
0.86259399
0.86259399
0.86259399
0.99990172
0.86259399
0.86259399
0.86259399
0.86259399
0.86259399
0.86259399
0.86259399
0.86259399
0.86259399
0.86259399
0.86259399
0.86259399
0.86259399
0.86259399
0.86259399
0.86259399
0.86259399
0.86259399
0.86259399
0.86259399
0.86259399
0.86259399
0.86259399
0.86259399
0.86259399
0.86259399
0.86259399
0.86259399
0.86259399
0.86259399
0.86259399
0.97881043
0.86259399
0.86259399
0.86259399
0.86259399
0.86259399
0.86259399
0.86259399
0.86259399
0.86259399
0.86259399
0.86259399
0.86259399
0.86259399
0.86259399
0.86259399
0.86259399
0.86259399
0.86259399
0.86259399
0.86259399
0.86259399
0.86259399
0.86259399
0.86259399
0.86259399
0.86259399
0.86259399
0.86259399
0.86259399
0.86259399
0.86259399
0.86259399
0.86259399
0.86259399
0.86259399
0.86259399
0.86259399
0.86259399
0.86259399
0.86259399
0.86259399
0.86259399
0.86259399
0.86259399
0.93581791
0.86259399
0.86259399
0.86259399
0.86259399
0.86259399
0.86259399
0.86259399
0.86259399
0.86259399
0.86259399
0.86259399
0.86259399
0.86259399
0.86259399
0.93484931
0.99899142
0.86259399
0.86259399
0.86259399
0.86259399
0.86259399
0.86259399
0.86259399
0.86259399
0.86259399
0.86259399
0.86259399
0.86259399
0.86259399
0.86259399
0.86259399
0.86259399
0.86259399
0.99410229
0.86259399
0.86259399
0.86259399
0.86259399
0.86259399
0.86259399
0.93368338
0.86259399
0.86259399
0.86259399
0.86259399
0.86259399
0.86259399
0.86259399
0.86259399
0.86259399
0.86259399
0.86259399
0.86259399
0.86259399
0.86259399
0.86259399
0.86259399
0.86259399
0.86259399
0.86259399
0.86259399
0.86259399
0.86259399
0.86259399
0.86259399
0.86259399
0.86259399
0.86259399
0.86259399
0.86259399
0.86259399
0.86259399
0.86259399
0.86259399
0.86259399
0.86259399
0.86259399
0.86259399
0.98264310
0.86259399
0.86259399
0.86259399
0.86259399
0.86259399
0.86259399
0.86259399
0.86259399
0.86259399
0.86259399
0.86259399
0.86259399
0.86259399
0.86259399
0.86259399
0.86259399
0.86259399
0.86259399
0.86259399
0.94845309
0.99555605
0.86259399
0.98744772
0.86259399
0.86259399
0.86259399
0.86259399
0.86259399
0.86259399
0.86259399
0.86259399
0.86259399
0.86259399
0.86259399
0.86259399
0.86259399
0.86259399
0.86259399
0.86259399
0.86259399
0.86259399
0.86259399
0.86259399
0.86259399
0.96738744
0.86259399
0.86259399
0.86259399
0.86259399
0.86259399
0.86259399
0.86259399
0.86259399
0.86259399
0.86259399
0.86259399
0.86259399
0.86259399
0.86259399
0.86259399
0.94966713
0.86259399
0.99879764
0.86259399
0.86259399
0.86259399
0.86259399
0.86259399
0.86259399
0.86259399
0.86259399
0.86259399
0.86259399
0.86259399
0.86259399
0.86259399
0.86259399
0.86259399
0.86259399
0.86259399
0.86259399
0.86259399
0.86259399
0.86259399
0.86259399
0.86259399
0.86259399
0.86259399
0.86259399
0.86259399
0.93639769
0.95524250
0.98556010
0.86259399
0.86259399
0.86259399
0.86259399
0.86259399
0.86259399
0.94900054
0.86259399
0.86259399
0.86259399
0.86259399
0.86259399
0.86259399
0.86259399
0.86259399
0.86259399
0.86259399
0.86259399
0.86259399
0.86259399
0.86259399
0.86259399
0.86259399
0.86259399
0.86259399
0.86259399
0.86259399
0.86259399
0.86259399
0.86259399
0.86259399
0.86259399
0.86259399
0.86259399
0.86259399
0.86259399
0.86259399
0.86259399
0.86259399
0.86259399
0.86259399
0.86259399
0.86259399
0.86259399
0.86259399
0.86259399
0.86259399
0.86259399
0.86259399
0.86259399
0.86259399
0.86259399
0.86259399
0.86259399
0.99995265
0.86259399
0.86259399
0.86259399
0.86259399
0.86259399
0.86259399
0.86259399
0.86259399
0.86259399
0.86259399
0.86259399
0.86259399
0.86259399
0.86259399
0.86259399
0.86259399
0.86259399
0.86259399
0.86259399
0.86259399
0.86259399
0.99999273
0.86259399
0.99294373
0.86259399
0.86259399
0.99298666
0.86259399
0.86259399
0.86259399
0.86259399
0.98760058
0.86259399
0.86259399
0.86259399
0.86259399
0.86259399
0.99992467
0.86259399
0.86259399
0.86259399
0.86259399
0.86259399
0.86259399
0.86259399
0.86259399
0.86259399
0.86259399
0.86259399
0.86259399
0.86259399
0.86259399
0.86259399
0.86259399
0.86259399
0.86259399
0.86259399
0.86259399
0.86259399
0.86259399
0.86259399
0.86259399
0.86259399
0.86259399
0.86259399
0.86259399
0.86259399
0.86259399
0.86259399
0.86259399
0.86259399
0.86259399
0.86259399
0.86259399
0.86259399
0.86259399
0.86259399
0.86259399
0.86259399
0.86259399
0.86259399
0.86259399
0.86259399
0.86259399
0.86259399
0.86259399
0.86259399
0.86259399
0.86259399
0.86259399
0.86259399
0.86259399
0.86259399
0.86259399
0.86259399
0.86259399
0.86259399
0.86259399
0.86259399
0.86259399
0.86259399
0.86259399
0.86259399
0.86259399
0.86259399
0.86259399
0.86259399
0.86259399
0.86259399
0.99970394
0.86259399
0.86259399
0.86259399
0.86259399
0.86259399
0.86259399
0.86259399
0.86259399
0.86259399
0.86259399
0.86259399
0.86259399
0.86259399
0.95039110
0.86259399
0.86259399
0.86259399
0.86259399
0.99648453
0.86259399
0.86259399
0.86259399
0.86259399
0.86259399
0.86259399
0.86259399
0.86259399
0.86259399
0.86259399
0.86259399
0.86259399
0.86259399
0.86259399
0.86259399
0.86259399
0.86259399
0.86259399
0.86259399
0.86259399
0.86259399
0.86259399
0.86259399
0.86259399
0.86259399
0.86259399
0.86259399
0.86259399
0.86259399
0.86259399
0.86259399
0.86259399
0.98147579
0.86259399
0.86259399
0.86259399
0.86259399
0.86259399
0.97893389
0.86259399
0.86259399
0.86259399
0.86259399
0.86259399
0.86259399
0.86259399
0.86259399
0.86259399
0.86259399
0.86259399
0.86259399
0.96840030
0.86259399
0.86259399
0.86259399
0.86259399
0.86259399
0.93723323
0.86259399
0.86259399
0.86259399
0.86259399
0.86259399
0.86259399
0.86259399
0.86259399
0.86259399
0.86259399
0.86259399
0.86259399
0.86259399
0.86259399
0.86259399
0.86259399
1.00000000
0.86259399
0.86259399
0.86259399
0.86259399
0.86259399
0.86259399
0.98502153
0.86259399
0.86259399
0.86259399
0.86259399
0.86259399
0.86259399
0.86259399
0.86259399
0.86259399
0.86259399
0.86259399
0.86259399
0.86259399
0.86259399
0.86259399
0.86259399
0.86259399
0.86259399
0.94531771
0.86259399
0.86259399
0.86259399
0.86259399
0.86259399
0.86259399
0.86259399
0.86259399
0.86259399
0.86259399
0.86259399
0.86259399
0.86259399
0.86259399
0.86259399
0.86259399
0.86259399
0.86259399
0.86259399
0.86259399
0.86259399
0.95639872
0.86259399
0.86259399
0.86259399
0.94250780
0.86259399
0.86259399
0.86259399
0.86259399
0.86259399
0.86259399
0.86259399
0.86259399
0.86259399
0.86259399
0.86259399
0.86259399
0.86259399
0.86259399
0.86259399
0.86259399
0.86259399
0.86259399
0.86259399
0.86259399
0.96625664
0.86259399
0.86259399
0.86259399
0.86259399
0.86259399
0.86259399
0.86259399
0.86259399
0.86259399
0.86259399
0.86259399
0.86259399
0.86259399
0.98895476
0.86259399
0.86259399
0.86259399
0.86259399
0.86259399
0.86259399
0.86259399
0.86259399
0.86259399
0.86259399
0.86259399
0.86259399
0.86259399
0.86259399
0.86259399
0.86259399
0.86259399
0.86259399
0.86259399
0.86259399
0.86259399
0.86259399
0.86259399
0.86259399
0.86259399
0.86259399
0.99614797
0.86259399
0.86259399
0.86259399
0.86259399
0.86259399
0.86259399
0.86259399
0.86259399
0.86259399
0.86259399
0.86259399
0.86259399
0.94187830
0.86259399
0.86259399
0.86259399
0.86259399
0.86259399
0.86259399
0.86259399
0.86259399
0.86259399
0.86259399
0.86259399
0.86259399
0.86259399
0.86259399
0.86259399
0.86259399
0.86259399
0.93691214
0.86259399
0.86259399
0.86259399
0.86259399
0.86259399
0.86259399
0.86259399
0.86259399
0.86259399
0.86259399
0.86259399
0.86259399
0.86259399
0.86259399
0.86259399
0.86259399
0.86259399
0.86259399
0.94618384
0.86259399
0.86259399
0.86259399
0.86259399
0.86259399
0.86259399
0.86259399
0.86259399
0.86259399
0.86259399
0.86259399
0.86259399
0.86259399
0.86259399
0.86259399
0.86259399
0.86259399
0.86259399
0.86259399
0.86259399
0.86259399
0.86259399
0.86259399
0.86259399
0.86259399
0.86259399
0.86259399
0.86259399
0.86259399
0.86259399
0.86259399
0.86259399
0.86259399
0.86259399
0.86259399
0.86259399
0.86259399
0.86259399
0.86259399
0.86259399
0.86259399
0.86259399
0.86259399
0.86259399
0.86259399
0.86259399
0.86259399
0.86259399
0.86259399
0.86259399
0.86259399
0.86259399
0.86259399
0.86259399
0.86259399
0.86259399
0.86259399
0.99999991
0.86259399
0.86259399
0.86259399
0.86259399
0.86259399
0.86259399
0.86259399
0.86259399
0.86259399
0.86259399
0.86259399
0.86259399
0.86259399
0.86259399
0.86259399
0.86259399
0.95771437
0.86259399
0.86259399
0.86259399
0.86259399
0.86259399
0.86259399
0.86259399
0.86259399
0.86259399
0.86259399
0.86259399
0.86259399
0.86259399
0.86259399
0.86259399
0.86259399
0.86259399
0.86259399
0.86259399
0.86259399
0.86259399
0.86259399
0.86259399
0.99810329
0.86259399
0.86259399
0.86259399
0.86259399
0.86259399
0.86259399
0.86259399
0.86259399
0.86259399
0.86259399
0.86259399
0.86259399
0.86259399
0.86259399
0.86259399
0.86259399
0.86259399
0.86259399
0.97827099
0.86259399
0.86259399
0.86259399
0.86259399
0.86259399
0.97695587
0.86259399
0.86259399
0.86259399
0.86259399
0.86259399
0.86259399
0.86259399
0.86259399
0.86259399
0.86259399
0.86259399
0.86259399
0.86259399
0.86259399
0.86259399
0.86259399
0.99867077
0.86259399
0.86259399
0.86259399
0.86259399
0.86259399
0.86259399
0.99794793
0.86259399
0.99968738
0.86259399
0.86259399
0.86259399
0.86259399
0.86259399
0.86259399
0.86259399
0.86259399
0.86259399
0.86259399
0.86259399
0.97178040
0.86259399
0.86259399
0.86259399
0.99653862
0.86259399
0.86259399
0.86259399
0.86259399
0.86259399
0.86259399
0.86259399
0.86259399
0.86259399
0.86259399
0.86259399
0.93452583
0.86259399
0.86259399
0.86259399
0.86259399
0.86259399
0.86259399
0.86259399
0.86259399
0.86259399
0.86259399
0.86259399
0.86259399
0.86259399
0.86259399
0.86259399
0.98085690
0.86259399
0.86259399
0.86259399
0.98070044
0.86259399
0.86259399
0.86259399
0.86259399
0.86259399
0.86259399
0.86259399
0.86259399
0.86259399
0.86259399
0.86259399
0.86259399
0.86259399
0.86259399
0.86259399
0.86259399
0.86259399
0.86259399
0.86259399
0.86259399
0.86259399
0.86259399
0.86259399
0.86259399
0.86259399
0.94263349
0.86259399
0.86259399
0.86259399
0.86259399
0.86259399
0.86259399
0.86259399
0.86259399
0.86259399
0.86259399
0.86259399
0.86259399
0.86259399
0.86259399
0.86259399
0.86259399
0.86259399
0.86259399
0.86259399
0.86259399
0.86259399
0.86259399
0.86259399
0.86259399
0.86259399
0.86259399
0.86259399
1.00000000
0.86259399
0.86259399
0.86259399
0.86259399
0.86259399
0.86259399
0.86259399
0.86259399
0.99648453
0.86259399
0.86259399
0.86259399
0.86259399
0.93671932
0.86259399
0.86259399
0.86259399
0.86259399
0.86259399
0.86259399
0.86259399
0.86259399
0.86259399
0.86259399
0.86259399
0.86259399
0.86259399
0.86259399
0.95051143
0.86259399
0.86259399
0.86259399
0.86259399
0.86259399
0.86259399
0.86259399
0.86259399
0.86259399
0.86259399
0.86259399
0.86259399
0.86259399
0.86259399
0.86259399
0.86259399
0.98461014
0.86259399
0.86259399
0.86259399
0.86259399
0.86259399
0.86259399
0.86259399
0.86259399
0.86259399
0.86259399
0.86259399
0.86259399
0.86259399
0.86259399
0.86259399
0.86259399
0.86259399
0.86259399
0.99989228
0.86259399
0.95442660
0.86259399
0.86259399
0.86259399
0.86259399
0.86259399
0.86259399
0.86259399
0.86259399
0.86259399
0.86259399
0.86259399
0.86259399
0.86259399
0.86259399
0.86259399
0.86259399
0.86259399
0.86259399
0.86259399
0.86259399
0.86259399
0.86259399
0.86259399
0.86259399
0.86259399
0.86259399
0.86259399
0.86259399
0.86259399
0.95170943
0.86259399
0.86259399
0.86259399
0.86259399
0.86259399
0.99334481
0.86259399
0.86259399
0.86259399
0.86259399
0.86259399
0.86259399
0.86259399
0.86259399
0.86259399
0.86259399
0.86259399
0.86259399
0.86259399
0.86259399
0.86259399
0.86259399
0.86259399
0.86259399
0.86259399
0.86259399
0.86259399
0.99985443
0.86259399
0.86259399
0.86259399
0.86259399
0.86259399
0.86259399
0.86259399
0.86259399
0.95069175
0.86259399
0.86259399
0.86259399
0.86259399
0.86259399
0.86259399
0.86259399
0.86259399
0.86259399
0.86259399
0.86259399
0.86259399
0.86259399
0.86259399
0.99874532
0.86259399
0.86259399
0.86259399
0.86259399
0.86259399
0.86259399
0.86259399
0.86259399
0.86259399
0.86259399
0.86259399
0.86259399
0.86259399
0.86259399
0.86259399
0.86259399
0.86259399
0.86259399
0.86259399
0.86259399
0.86259399
0.86259399
0.86259399
0.86259399
0.86259399
0.86259399
0.86259399
0.86259399
0.86259399
0.86259399
0.86259399
0.86259399
0.86259399
0.96118246
0.86259399
0.86259399
0.86259399
0.86259399
0.86259399
0.86259399
0.86259399
0.86259399
0.86259399
0.99819072
0.86259399
0.86259399
0.86259399
0.86259399
0.86259399
0.86259399
0.86259399
0.86259399
0.86259399
0.99994330
0.86259399
0.86259399
0.86259399
0.86259399
0.86259399
0.86259399
0.86259399
0.86259399
0.86259399
0.86259399
0.86259399
0.86259399
0.86259399
0.86259399
0.86259399
0.86259399
0.86259399
0.86259399
0.86259399
0.86259399
0.86259399
0.86259399
0.86259399
0.86259399
0.86259399
0.86259399
0.86259399
0.86259399
0.86259399
0.86259399
0.86259399
0.86259399
0.86259399
0.86259399
0.86259399
0.86259399
0.86259399
0.86259399
0.86259399
0.86259399
0.86259399
0.86259399
0.86259399
0.86259399
0.86259399
0.86259399
0.86259399
0.86259399
0.86259399
0.86259399
0.86259399
0.86259399
0.86259399
0.86259399
0.86259399
0.86259399
0.86259399
0.86259399
0.86259399
0.86259399
0.86259399
0.86259399
0.86259399
0.86259399
0.86259399
0.86259399
0.86259399
0.86259399
0.86259399
0.86259399
0.86259399
0.86259399
0.86259399
0.86259399
0.86259399
0.86259399
0.86259399
0.86259399
0.86259399
0.86259399
0.86259399
0.86259399
0.86259399
0.86259399
0.86259399
0.86259399
0.86259399
0.86259399
0.86259399
0.86259399
0.86259399
0.86259399
0.96759117
0.86259399
0.86259399
0.86259399
0.86259399
0.86259399
0.86259399
0.93329391
0.98657121
0.86259399
0.86259399
0.86259399
0.86259399
0.86259399
0.86259399
0.86259399
0.86259399
0.86259399
0.86259399
0.86259399
0.86259399
0.86259399
0.86259399
0.86259399
0.86259399
0.86259399
0.86259399
0.86259399
0.86259399
0.86259399
0.86259399
0.86259399
0.86259399
0.86259399
0.86259399
0.86259399
0.86259399
0.86259399
0.95413393
0.86259399
0.99999936
0.86259399
0.86259399
0.86259399
0.86259399
0.86259399
0.86259399
0.86259399
0.86259399
0.86259399
0.86259399
0.96682419
0.86259399
0.86259399
0.86259399
0.86259399
0.86259399
0.86259399
0.86259399
0.86259399
0.86259399
0.86259399
0.86259399
0.86259399
0.86259399
0.86259399
0.86259399
0.86259399
0.86259399
0.86259399
0.86259399
0.86259399
0.86259399
0.86259399
0.86259399
0.86259399
0.86259399
0.86259399
0.86259399
0.86259399
0.86259399
0.86259399
0.86259399
0.86259399
0.86259399
0.86259399
0.86259399
0.86259399
0.86259399
0.86259399
0.86259399
0.86259399
0.86259399
0.86259399
0.86259399
0.86259399
0.86259399
0.86259399
0.86259399
0.86259399
0.86259399
0.86259399
0.86259399
0.86259399
0.86259399
0.86259399
0.86259399
0.86259399
0.86259399
0.86259399
0.86259399
0.86259399
0.86259399
0.86259399
0.86259399
0.86259399
0.86259399
0.86259399
0.86259399
0.86259399
0.86259399
0.86259399
0.86259399
0.86259399
0.86259399
0.86259399
0.86259399
0.86259399
0.86259399
0.86259399
0.86259399
0.86259399
0.86259399
0.86259399
0.86259399
0.86259399
0.86259399
0.86259399
0.86259399
0.86259399
0.86259399
0.86259399
0.86259399
0.86259399
0.86259399
0.86259399
0.86259399
0.86259399
0.86259399
0.86259399
0.86259399
0.86259399
0.86259399
0.86259399
0.86259399
0.86259399
0.86259399
0.86259399
0.86259399
0.86259399
0.86259399
0.86259399
0.86259399
0.86259399
0.86259399
0.86259399
0.86259399
0.86259399
0.86259399
0.86259399
0.86259399
0.86259399
0.86259399
0.86259399
0.86259399
0.86259399
0.86259399
0.86259399
0.86259399
0.86259399
0.86259399
0.86259399
0.86259399
0.86259399
0.86259399
0.86259399
0.86259399
0.86259399
0.86259399
0.86259399
0.86259399
0.86259399
0.86259399
0.86259399
0.86259399
0.99957929
0.86259399
0.86259399
0.86259399
0.86259399
0.86259399
0.86259399
0.86259399
0.86259399
0.86259399
0.86259399
0.86259399
0.86259399
0.86259399
0.86259399
0.86259399
0.86259399
0.99354988
0.86259399
0.86259399
0.86259399
0.86259399
0.86259399
0.86259399
0.86259399
0.86259399
0.86259399
0.86259399
0.86259399
0.86259399
0.86259399
0.86259399
0.86259399
0.86259399
0.86259399
0.86259399
0.86259399
0.86259399
0.86259399
0.86259399
0.86259399
0.86259399
0.86259399
0.86259399
0.86259399
0.86259399
0.86259399
0.86259399
0.86259399
0.86259399
0.86259399
0.86259399
0.86259399
0.86259399
0.86259399
0.86259399
0.86259399
0.86259399
0.86259399
0.86259399
0.86259399
0.86259399
0.86259399
0.86259399
0.86259399
0.86259399
0.86259399
0.86259399
0.86259399
0.86259399
0.93471995
0.86259399
0.96855097
0.86259399
0.86259399
0.86259399
0.86259399
0.86259399
0.86259399
0.86259399
0.86259399
0.86259399
0.86259399
0.86259399
0.86259399
0.86259399
0.86259399
0.86259399
0.86259399
0.96484554
0.86259399
0.86259399
0.86259399
0.99979531
0.86259399
0.86259399
0.86259399
0.86259399
0.86259399
0.94759793
0.86259399
0.86259399
0.86259399
0.86259399
0.86259399
0.86259399
0.86259399
0.86259399
0.86259399
0.86259399
0.99966510
0.86259399
0.86259399
0.86259399
0.86259399
0.86259399
0.86259399
0.86259399
0.86259399
0.86259399
0.86259399
0.86259399
0.86259399
0.86259399
0.86259399
0.99963359
0.86259399
0.86259399
0.86259399
0.86259399
0.86259399
0.86259399
0.86259399
0.86259399
0.86259399
0.86259399
0.86259399
0.86259399
0.86259399
0.99634682
0.86259399
0.86259399
0.86259399
0.94562750
0.86259399
0.86259399
0.86259399
0.86259399
0.86259399
0.86259399
0.86259399
0.86259399
0.86259399
0.86259399
0.86259399
0.86259399
0.86259399
0.86259399
0.86259399
0.86259399
0.86259399
0.86259399
0.86259399
0.86259399
0.86259399
0.86259399
0.86259399
0.86259399
0.86259399
0.86259399
0.86259399
0.86259399
0.86259399
0.97429727
0.86259399
0.86259399
0.94624556
0.86259399
0.86259399
0.86259399
0.86259399
0.86259399
0.99947827
0.86259399
0.86259399
0.86259399
0.99123642
0.86259399
0.98260610
0.86259399
0.86259399
0.99677506
0.86259399
0.86259399
0.86259399
0.86259399
0.86259399
0.86259399
0.98046446
0.86259399
0.86259399
0.86259399
0.86259399
0.86259399
0.86259399
0.86259399
0.86259399
0.86259399
0.86259399
0.86259399
0.99985443
0.86259399
0.86259399
0.86259399
0.86259399
0.86259399
0.86259399
0.86259399
0.86259399
0.86259399
0.98575914
0.86259399
0.86259399
0.86259399
0.86259399
0.86259399
0.86259399
0.86259399
0.86259399
0.99999558
0.86259399
0.86259399
0.86259399
0.86259399
0.86259399
0.86259399
0.86259399
0.86259399
0.86259399
0.86259399
0.86259399
0.86259399
0.86259399
0.86259399
0.86259399
0.86259399
0.86259399
0.86259399
0.86259399
0.86259399
0.86259399
0.86259399
0.86259399
0.86259399
0.86259399
0.86259399
0.86259399
0.95419252
0.86259399
0.86259399
0.86259399
0.86259399
0.86259399
0.86259399
0.86259399
0.86259399
0.86259399
0.86259399
0.86259399
0.86259399
0.86259399
0.86259399
0.86259399
0.86259399
0.86259399
0.99993633
0.86259399
0.86259399
0.96351665
0.86259399
0.93335885
1.00000000
0.86259399
0.86259399
0.86259399
0.86259399
0.86259399
0.86259399
0.86259399
0.86259399
0.86259399
0.86259399
0.86259399
0.86259399
0.86259399
0.86259399
0.86259399
0.86259399
0.86259399
0.86259399
0.86259399
0.86259399
0.97425171
0.86259399
0.86259399
0.86259399
0.86259399
0.86259399
0.86259399
0.86259399
0.86259399
0.86259399
0.86259399
0.86259399
0.93614014
0.86259399
0.99971983
0.86259399
0.86259399
0.86259399
0.86259399
0.86259399
0.86259399
0.86259399
0.86259399
0.86259399
0.86259399
0.86259399
0.86259399
0.86259399
0.86259399
0.86259399
0.86259399
0.86259399
0.99987982
0.86259399
0.86259399
0.86259399
0.86259399
0.86259399
0.86259399
0.86259399
0.86259399
0.86259399
0.86259399
0.86259399
0.86259399
0.86259399
0.86259399
0.86259399
0.86259399
0.86259399
0.86259399
0.86259399
0.96929934
0.86259399
0.86259399
0.86259399
0.86259399
0.97738451
0.86259399
0.86259399
0.96222127
0.86259399
0.86259399
0.86259399
0.86259399
0.86259399
0.86259399
0.86259399
0.86259399
0.86259399
0.86259399
0.86259399
0.86259399
0.86259399
0.86259399
0.86259399
0.86259399
0.86259399
0.86259399
0.99933147
0.86259399
0.86259399
0.86259399
0.86259399
0.86259399
0.86259399
0.86259399
0.86259399
0.86259399
0.86259399
0.86259399
1.00000000
0.86259399
0.86259399
0.86259399
0.86259399
0.86259399
0.86259399
0.86259399
0.86259399
0.94275910
0.86259399
0.86259399
0.86259399
0.86259399
0.86259399
0.86259399
0.86259399
0.86259399
0.97897496
0.86259399
0.99966764
0.86259399
0.93710484
0.86259399
0.86259399
0.97333222
0.86259399
0.86259399
0.95867690
0.98799280
0.86259399
0.86259399
0.86259399
0.86259399
0.86259399
0.86259399
0.86259399
0.86259399
0.86259399
0.86259399
0.86259399
0.86259399
0.86259399
0.86259399
0.86259399
0.86259399
0.86259399
0.86259399
0.86259399
0.86259399
0.86259399
0.99999010
0.98863946
0.86259399
0.86259399
0.86259399
0.86259399
0.86259399
0.86259399
0.86259399
0.86259399
0.86259399
0.86259399
0.86259399
0.86259399
0.86259399
0.86259399
0.86259399
0.86259399
0.86259399
0.86259399
0.86259399
0.86259399
0.86259399
0.86259399
0.94606035
0.86259399
0.86259399
0.86259399
0.86259399
0.86259399
0.86259399
0.86259399
0.86259399
0.86259399
0.86259399
0.86259399
0.86259399
0.86259399
0.86259399
0.86259399
0.86259399
0.86259399
0.86259399
0.86259399
0.86259399
0.86259399
0.86259399
0.86259399
0.86259399
0.86259399
0.86259399
0.86259399
0.86259399
0.86259399
0.86259399
0.86259399
0.86259399
0.97978739
0.86259399
0.86259399
0.86259399
0.86259399
0.86259399
0.86259399
0.86259399
0.86259399
0.86259399
0.86259399
0.86259399
0.86259399
0.86259399
0.86259399
0.86259399
0.86259399
0.86259399
0.86259399
0.86259399
0.86259399
0.86259399
0.98912448
0.86259399
0.86259399
0.86259399
0.86259399
0.86259399
0.86259399
0.86259399
0.86259399
0.86259399
0.86259399
0.86259399
0.86259399
0.86259399
0.86259399
0.86259399
0.86259399
0.86259399
0.86259399
0.86259399
0.86259399
0.86259399
0.86259399
0.86259399
0.86259399
0.86259399
0.86259399
0.86259399
0.86259399
0.86259399
0.86259399
0.86259399
0.86259399
0.86259399
0.86259399
0.86259399
0.86259399
0.86259399
0.86259399
0.86259399
0.86259399
0.86259399
0.86259399
0.86259399
0.86259399
0.86259399
0.86259399
0.86259399
0.86259399
0.86259399
0.86259399
0.86259399
0.86259399
0.86259399
0.86259399
0.86259399
0.93819438
0.86259399
0.86259399
0.86259399
0.86259399
0.86259399
0.86259399
0.86259399
0.86259399
0.86259399
0.86259399
0.86259399
0.86259399
0.86259399
0.86259399
0.86259399
0.86259399
0.86259399
0.86259399
0.86259399
0.86259399
0.86259399
0.86259399
0.86259399
0.86259399
0.86259399
0.86259399
0.86259399
0.86259399
0.86259399
0.86259399
0.86259399
0.86259399
0.86259399
0.86259399
0.86259399
0.86259399
0.86259399
0.86259399
0.86259399
0.86259399
0.86259399
0.86259399
0.86259399
0.86259399
0.86259399
0.86259399
0.86259399
0.86259399
0.86259399
0.86259399
0.96573697
0.86259399
0.86259399
0.86259399
0.86259399
0.86259399
0.86259399
0.86259399
0.86259399
0.86259399
0.86259399
0.86259399
0.86259399
0.86259399
0.86259399
0.86259399
0.86259399
0.86259399
0.86259399
0.86259399
0.86259399
0.86259399
0.86259399
0.86259399
0.86259399
0.86259399
0.86259399
0.86259399
0.86259399
0.86259399
0.86259399
0.86259399
0.86259399
0.86259399
0.86259399
0.86259399
0.86259399
0.86259399
0.86259399
0.86259399
0.86259399
0.86259399
0.86259399
0.86259399
0.86259399
0.86259399
0.99672350
0.98920875
0.86259399
0.86259399
0.86259399
0.97173271
0.94344867
0.86259399
0.95033090
0.86259399
0.86259399
0.86259399
0.86259399
0.86259399
0.86259399
0.86259399
0.86259399
0.86259399
0.86259399
0.86259399
0.86259399
0.86259399
0.86259399
0.94099410
0.86259399
0.86259399
0.86259399
0.86259399
0.86259399
0.86259399
0.86259399
0.95182869
0.86259399
0.86259399
0.86259399
0.86259399
0.86259399
0.86259399
0.86259399
0.86259399
0.86259399
0.86259399
0.86259399
0.98732464
0.86259399
0.86259399
0.86259399
0.86259399
0.86259399
0.86259399
0.86259399
0.86259399
0.86259399
0.86259399
0.86259399
0.86259399
0.86259399
0.86259399
0.86259399
0.86259399
0.86259399
0.86259399
0.86259399
0.86259399
0.86259399
0.86259399
0.86259399
0.86259399
0.86259399
0.86259399
0.86259399
0.99874532
0.86259399
0.86259399
0.86259399
0.86259399
0.86259399
0.86259399
0.86259399
0.86259399
0.86259399
0.86259399
0.86259399
0.86259399
0.86259399
0.94820920
0.86259399
0.86259399
0.86259399
0.86259399
0.86259399
0.94544168
0.86259399
0.86259399
0.86259399
0.86259399
0.86259399
0.86259399
0.86259399
0.86259399
0.86259399
0.86259399
0.86259399
0.86259399
0.86259399
0.86259399
0.86259399
0.86259399
0.86259399
0.86259399
0.86259399
0.86259399
0.86259399
0.86259399
0.86259399
0.86259399
0.86259399
0.86259399
0.86259399
0.86259399
0.86259399
0.86259399
0.86259399
0.86259399
0.86259399
0.86259399
0.86259399
0.86259399
0.86259399
0.86259399
0.86259399
0.86259399
0.86259399
0.86259399
0.86259399
0.86259399
0.86259399
0.86259399
0.86259399
0.86259399
0.86259399
0.86259399
0.86259399
0.86259399
0.86259399
0.86259399
0.86259399
0.86259399
0.86259399
0.86259399
0.86259399
0.86259399
0.86259399
0.86259399
0.86259399
0.93921595
0.86259399
0.86259399
0.86259399
0.86259399
0.86259399
0.86259399
0.86259399
0.86259399
0.86259399
0.86259399
0.86259399
0.86259399
0.86259399
0.97120556
0.86259399
0.86259399
0.86259399
0.86259399
0.86259399
0.86259399
0.86259399
0.86259399
0.86259399
0.86259399
0.86259399
0.96134725
0.86259399
0.86259399
0.86259399
0.86259399
0.86259399
0.86259399
0.86259399
0.86259399
0.86259399
0.86259399
0.86259399
0.86259399
0.86259399
0.86259399
0.86259399
0.86259399
0.86259399
0.86259399
0.86259399
0.86259399
0.86259399
0.86259399
0.86259399
0.86259399
0.86259399
0.97785117
0.97342489
0.86259399
0.86259399
0.86259399
0.86259399
0.86259399
0.86259399
0.86259399
0.86259399
0.86259399
0.86259399
0.86259399
0.86259399
0.86259399
0.86259399
0.86259399
0.86259399
0.86259399
0.86259399
0.86259399
0.86259399
0.86259399
0.86259399
0.86259399
0.86259399
0.86259399
0.86259399
0.86259399
0.86259399
0.86259399
0.86259399
0.86259399
0.86259399
0.86259399
0.86259399
0.86259399
0.86259399
0.86259399
0.86259399
0.86259399
0.86259399
0.86259399
0.86259399
0.86259399
0.86259399
0.86259399
0.86259399
0.86259399
0.86259399
0.86259399
0.86259399
0.86259399
0.86259399
0.86259399
0.86259399
0.86259399
0.86259399
0.86259399
0.86259399
0.86259399
0.86259399
0.86259399
0.86259399
0.86259399
0.86259399
0.86259399
0.95674340
0.86259399
0.86259399
0.86259399
0.86259399
0.86259399
0.86259399
0.86259399
0.86259399
0.86259399
0.86259399
0.86259399
0.86259399
0.86259399
0.86259399
0.86259399
0.86259399
0.86259399
0.86259399
0.86259399
0.86259399
0.86259399
0.86259399
0.86259399
0.86259399
0.86259399
0.86259399
0.86259399
0.86259399
0.86259399
0.86259399
0.86259399
0.86259399
0.86259399
0.86259399
0.86259399
0.86259399
0.86259399
0.86259399
0.86259399
0.95342881
0.86259399
0.86259399
0.86259399
0.86259399
0.86259399
0.86259399
0.86259399
0.86259399
0.86259399
0.86259399
0.86259399
0.86259399
0.86259399
0.86259399
0.86259399
0.86259399
0.86259399
0.86259399
0.86259399
0.86259399
0.86259399
0.86259399
0.86259399
0.86259399
0.86259399
0.86259399
0.86259399
0.97173271
0.86259399
0.94893980
0.86259399
0.86259399
0.86259399
0.86259399
0.86259399
0.86259399
0.86259399
0.86259399
0.86259399
0.86259399
0.86259399
0.86259399
0.86259399
0.86259399
0.86259399
0.86259399
0.86259399
0.94765916
0.86259399
0.86259399
0.86259399
0.86259399
0.86259399
0.86259399
0.86259399
0.86259399
0.86259399
0.86259399
0.86259399
0.86259399
0.86259399
0.86259399
0.86259399
0.93465526
0.86259399
0.86259399
0.86259399
0.86259399
0.86259399
0.86259399
0.86259399
0.86259399
0.99997189
0.86259399
0.86259399
0.99702461
0.96096229
0.86259399
0.86259399
0.86259399
0.86259399
0.86259399
0.86259399
0.97234964
0.86259399
0.86259399
0.86259399
0.86259399
0.99999999
0.86259399
0.86259399
0.86259399
0.86259399
0.86259399
0.86259399
0.98676197
0.86259399
0.86259399
0.86259399
0.86259399
0.86259399
0.86259399
0.97187566
0.99611898
0.86259399
0.86259399
0.86259399
0.86259399
0.86259399
0.86259399
0.86259399
0.86259399
0.86259399
0.86259399
0.86259399
0.86259399
0.86259399
0.86259399
0.86259399
0.86259399
0.86259399
0.86259399
0.86259399
0.86259399
0.86259399
0.86259399
0.86259399
0.86259399
0.86259399
0.86259399
0.86259399
0.86259399
0.86259399
0.86259399
0.86259399
0.86259399
0.86259399
0.86259399
0.86259399
0.86259399
0.86259399
0.86259399
0.86259399
0.86259399
0.98319280
0.86259399
0.86259399
0.86259399
0.86259399
0.86259399
0.86259399
0.86259399
0.86259399
0.86259399
0.99492396
0.86259399
0.86259399
0.86259399
0.86259399
0.86259399
0.86259399
0.99526357
0.86259399
0.86259399
0.86259399
0.86259399
0.96984281
0.86259399
0.86259399
0.99903612
0.86259399
0.86259399
0.86259399
0.96789569
0.86259399
0.86259399
0.86259399
0.86259399
0.86259399
0.86259399
0.86259399
0.86259399
0.86259399
0.86259399
0.86259399
0.86259399
0.86259399
0.86259399
0.86259399
0.86259399
0.86259399
0.86259399
0.86259399
0.86259399
0.86259399
0.86259399
0.86259399
0.86259399
0.86259399
0.86259399
0.86259399
0.86259399
0.86259399
0.86259399
0.86259399
0.86259399
0.86259399
0.86259399
0.86259399
0.86259399
0.86259399
0.86259399
0.86259399
0.86259399
0.86259399
0.86259399
0.86259399
0.86259399
0.86259399
0.86259399
0.86259399
0.86259399
0.86259399
0.93652638
0.86259399
0.86259399
0.86259399
0.86259399
0.86259399
0.86259399
0.86259399
0.86259399
0.86259399
0.86259399
0.86259399
0.86259399
0.86259399
0.86259399
0.86259399
0.86259399
0.86259399
0.86259399
0.86259399
0.86259399
0.86259399
0.86259399
0.86259399
0.86259399
0.86259399
0.86259399
0.99998783
0.86259399
0.86259399
0.86259399
0.86259399
0.86259399
0.86259399
0.86259399
0.86259399
0.86259399
0.86259399
0.86259399
0.86259399
0.86259399
0.86259399
0.86259399
0.86259399
0.86259399
0.86259399
0.99155329
0.86259399
0.86259399
0.86259399
0.86259399
0.86259399
0.86259399
0.86259399
0.86259399
0.86259399
0.86259399
0.94231914
0.86259399
0.86259399
0.86259399
0.99939260
0.86259399
0.86259399
0.86259399
0.86259399
0.86259399
0.86259399
0.86259399
0.86259399
0.86259399
0.86259399
0.86259399
0.86259399
0.86259399
0.86259399
0.86259399
0.86259399
0.86259399
0.86259399
0.86259399
0.86259399
0.86259399
0.86259399
0.86259399
0.86259399
0.86259399
0.86259399
0.86259399
0.86259399
0.86259399
0.86259399
0.86259399
0.86259399
0.86259399
0.86259399
0.86259399
0.86259399
0.86259399
0.86259399
0.86259399
0.86259399
0.86259399
0.86259399
0.86259399
0.86259399
0.86259399
0.86259399
0.86259399
0.86259399
0.86259399
0.86259399
0.86259399
0.86259399
0.86259399
0.86259399
0.86259399
0.86259399
0.86259399
0.86259399
0.86259399
0.86259399
0.86259399
0.86259399
0.99927944
0.86259399
0.86259399
0.86259399
0.86259399
0.86259399
0.86259399
0.86259399
0.86259399
0.86259399
0.86259399
0.86259399
0.86259399
0.86259399
0.86259399
0.86259399
0.86259399
0.86259399
0.86259399
0.86259399
0.86259399
0.86259399
0.86259399
0.86259399
0.86259399
0.86259399
0.86259399
0.86259399
0.86259399
0.86259399
0.86259399
0.86259399
0.86259399
0.86259399
0.99218823
0.86259399
0.86259399
0.86259399
0.86259399
0.86259399
0.86259399
0.86259399
0.86259399
0.86259399
0.99701246
0.99987864
0.86259399
0.97551190
0.86259399
0.86259399
0.94636892
0.86259399
0.86259399
0.86259399
0.86259399
0.86259399
0.86259399
0.86259399
0.86259399
0.86259399
0.86259399
0.86259399
0.86259399
0.86259399
0.86259399
0.93394280
0.86259399
0.86259399
0.86259399
0.86259399
0.86259399
0.86259399
0.86259399
0.86259399
0.99998396
0.86259399
0.86259399
0.86259399
0.86259399
0.86259399
0.86259399
0.98976039
0.86259399
0.86259399
0.86259399
0.86259399
0.86259399
0.86259399
0.86259399
0.86259399
0.86259399
0.86259399
0.86259399
0.86259399
0.86259399
0.86259399
0.86259399
0.86259399
0.86259399
0.86259399
0.86259399
0.86259399
0.86259399
0.86259399
0.86259399
0.86259399
0.86259399
0.86259399
0.86259399
0.86259399
0.99537878
0.86259399
0.86259399
0.86259399
0.86259399
0.86259399
0.86259399
0.86259399
0.86259399
0.86259399
0.86259399
0.86259399
0.86259399
0.99990862
0.86259399
0.86259399
0.94784270
0.86259399
0.86259399
0.86259399
0.86259399
0.86259399
0.86259399
0.86259399
0.86259399
0.86259399
0.86259399
0.86259399
0.86259399
0.86259399
0.86259399
0.86259399
0.86259399
0.86259399
0.86259399
0.86259399
0.86259399
0.86259399
0.86259399
0.86259399
0.93774624
0.98666679
0.86259399
0.86259399
0.86259399
0.94162602
0.86259399
0.94698449
0.86259399
0.86259399
0.86259399
0.86259399
0.86259399
0.97493077
0.86259399
0.86259399
0.86259399
0.86259399
0.86259399
0.86259399
0.86259399
0.86259399
0.86259399
0.86259399
0.86259399
0.86259399
0.86259399
0.86259399
0.86259399
0.94061414
0.86259399
0.86259399
0.86259399
0.86259399
0.86259399
0.86259399
0.86259399
0.98937609
0.86259399
0.99993261
0.86259399
0.86259399
0.86259399
0.86259399
0.86259399
0.86259399
0.86259399
0.86259399
0.86259399
0.86259399
0.86259399
0.86259399
0.86259399
0.86259399
0.86259399
0.86259399
0.86259399
0.86259399
0.86259399
0.99985981
0.86259399
0.86259399
0.86259399
0.98878344
0.86259399
0.86259399
0.86259399
0.86259399
0.86259399
0.86259399
0.86259399
0.86259399
0.86259399
0.86259399
0.86259399
0.93471995
0.86259399
0.86259399
0.97986769
0.99990373
0.86259399
0.86259399
0.86259399
0.86259399
0.86259399
0.86259399
0.86259399
0.86259399
0.86259399
0.86259399
0.86259399
0.86259399
0.86259399
0.86259399
0.86259399
0.86259399
0.86259399
0.86259399
0.86259399
0.86259399
0.86259399
0.86259399
0.86259399
0.86259399
0.86259399
0.86259399
0.86259399
0.86259399
0.86259399
0.86259399
0.96156652
0.86259399
0.86259399
0.86259399
0.86259399
0.86259399
0.86259399
0.86259399
0.86259399
0.99999915
0.86259399
0.86259399
0.86259399
0.86259399
0.86259399
0.86259399
0.86259399
0.86259399
0.86259399
0.86259399
0.86259399
0.86259399
0.86259399
0.86259399
0.86259399
0.86259399
0.86259399
0.96410397
0.86259399
0.86259399
0.86259399
0.86259399
0.86259399
0.86259399
0.99840477
0.86259399
0.97768207
0.86259399
0.86259399
0.86259399
0.86259399
0.86259399
0.86259399
0.86259399
0.86259399
0.86259399
0.86259399
0.86259399
0.86259399
0.86259399
0.86259399
0.86259399
0.86259399
0.86259399
0.86259399
0.86259399
0.86259399
0.86259399
0.86259399
0.86259399
0.86259399
0.93497862
0.86259399
0.86259399
0.86259399
0.86259399
0.86259399
0.86259399
0.86259399
0.99893347
0.86259399
0.86259399
0.86259399
0.86259399
0.86259399
0.97551190
0.86259399
0.86259399
0.86259399
0.86259399
0.86259399
0.86259399
0.86259399
0.86259399
0.86259399
0.86259399
0.95850766
0.86259399
0.86259399
0.86259399
0.86259399
0.86259399
0.86259399
0.95182869
0.93768216
0.86259399
0.99976954
0.86259399
0.86259399
0.86259399
0.86259399
0.86259399
0.86259399
0.86259399
0.86259399
0.86259399
0.86259399
0.86259399
0.86259399
0.86259399
0.86259399
0.99999999
0.86259399
0.86259399
0.86259399
0.86259399
0.86259399
0.86259399
0.86259399
0.86259399
0.86259399
0.86259399
0.86259399
0.86259399
0.86259399
0.86259399
0.86259399
0.86259399
0.86259399
0.86259399
0.86259399
0.86259399
0.86259399
0.86259399
0.86259399
0.86259399
0.86259399
0.86259399
0.86259399
0.86259399
0.86259399
0.86259399
0.86259399
0.86259399
0.86259399
0.86259399
0.86259399
0.86259399
0.86259399
0.86259399
0.86259399
0.86259399
0.86259399
0.86259399
0.86259399
0.86259399
0.86259399
0.86259399
0.86259399
0.86259399
0.86259399
0.86259399
0.86259399
0.86259399
0.86259399
0.86259399
0.99963087
0.86259399
0.86259399
0.86259399
0.86259399
0.86259399
0.99845151
0.86259399
0.86259399
0.86259399
0.86259399
0.86259399
0.86259399
0.86259399
0.86259399
0.86259399
0.86259399
0.86259399
0.86259399
0.86259399
0.86259399
0.86259399
0.86259399
0.86259399
0.86259399
0.86259399
0.86259399
0.86259399
0.86259399
0.86259399
0.86259399
0.86259399
0.86259399
0.86259399
0.86259399
0.86259399
0.86259399
0.94426072
0.86259399
0.86259399
0.86259399
0.86259399
0.86259399
0.86259399
0.86259399
0.86259399
0.86259399
0.86259399
0.86259399
0.86259399
0.86259399
0.86259399
0.86259399
0.86259399
0.86259399
0.86259399
0.86259399
0.86259399
0.86259399
0.86259399
0.86259399
0.86259399
0.86259399
0.86259399
0.86259399
0.95777123
0.86259399
0.86259399
0.86259399
0.86259399
0.86259399
0.86259399
0.86259399
0.86259399
0.86259399
0.86259399
0.86259399
0.86259399
0.86259399
0.86259399
0.86259399
0.86259399
0.86259399
0.86259399
0.86259399
0.86259399
0.86259399
0.86259399
0.86259399
0.86259399
0.86259399
0.86259399
0.86259399
0.86259399
0.86259399
0.86259399
0.86259399
0.86259399
0.86259399
0.86259399
0.86259399
0.86259399
0.86259399
0.86259399
0.86259399
0.86259399
0.86259399
0.86259399
0.86259399
0.86259399
0.86259399
0.86259399
0.86259399
0.86259399
0.86259399
0.86259399
0.97986769
0.86259399
0.86259399
0.86259399
0.97926126
0.95816839
0.86259399
0.86259399
0.95129124
0.86259399
0.86259399
0.86259399
0.86259399
0.86259399
0.86259399
0.86259399
0.86259399
0.86259399
0.86259399
0.86259399
0.86259399
0.86259399
0.86259399
0.86259399
0.86259399
0.86259399
0.86259399
0.86259399
0.94099410
0.86259399
0.86259399
0.86259399
0.86259399
0.86259399
0.86259399
0.86259399
0.86259399
0.86259399
0.86259399
0.86259399
0.86259399
0.86259399
0.86259399
0.86259399
0.86259399
0.86259399
0.86259399
0.86259399
0.86259399
0.86259399
0.86259399
0.86259399
0.86259399
0.86259399
0.86259399
0.86259399
0.86259399
0.86259399
0.86259399
0.86259399
0.86259399
0.86259399
0.86259399
0.86259399
0.86259399
0.86259399
0.86259399
0.86259399
0.86259399
0.86259399
0.86259399
0.86259399
0.86259399
0.86259399
0.86259399
0.86259399
0.86259399
0.86259399
0.86259399
0.86259399
0.86259399
0.86259399
0.86259399
0.86259399
0.86259399
0.86259399
0.86259399
0.94363635
0.86259399
0.86259399
0.86259399
0.86259399
0.86259399
0.86259399
0.86259399
0.86259399
0.86259399
0.86259399
0.99721450
0.86259399
0.86259399
0.96885132
0.86259399
0.86259399
0.86259399
0.86259399
0.86259399
0.86259399
0.86259399
0.86259399
0.86259399
0.99451406
0.86259399
0.96920004
0.86259399
0.86259399
0.86259399
0.86259399
0.86259399
0.86259399
0.86259399
0.86259399
0.99585148
0.86259399
0.86259399
0.86259399
0.86259399
0.86259399
0.86259399
0.86259399
0.86259399
0.86259399
0.86259399
0.86259399
0.86259399
0.86259399
0.86259399
0.99999972
0.86259399
0.86259399
0.94074086
0.86259399
0.86259399
0.86259399
0.86259399
0.86259399
0.86259399
0.86259399
0.86259399
0.86259399
0.86259399
0.86259399
0.86259399
0.86259399
0.86259399
0.86259399
0.86259399
0.86259399
0.86259399
0.99976762
0.97665334
0.86259399
0.86259399
0.86259399
0.86259399
0.86259399
0.86259399
0.86259399
0.96733641
0.86259399
0.86259399
0.86259399
0.86259399
0.86259399
0.86259399
0.86259399
0.86259399
0.99763181
0.86259399
0.86259399
0.86259399
0.86259399
0.86259399
0.86259399
0.86259399
0.86259399
0.86259399
0.86259399
0.86259399
0.86259399
0.86259399
0.86259399
0.86259399
0.86259399
0.86259399
0.86259399
0.86259399
0.86259399
0.86259399
0.86259399
0.86259399
0.86259399
0.86259399
0.86259399
0.86259399
0.86259399
0.86259399
0.86259399
0.86259399
0.86259399
0.86259399
0.86259399
0.86259399
0.86259399
0.98376822
0.86259399
0.86259399
0.86259399
0.86259399
0.86259399
0.86259399
0.86259399
0.86259399
0.86259399
0.86259399
0.86259399
0.86259399
0.86259399
0.86259399
0.86259399
0.86259399
0.86259399
0.86259399
0.86259399
0.86259399
0.86259399
0.86259399
0.86259399
0.86259399
0.86259399
0.86259399
0.86259399
0.86259399
0.86259399
0.86259399
0.86259399
0.86259399
0.86259399
0.86259399
0.86259399
0.86259399
0.86259399
0.86259399
0.86259399
0.86259399
0.86259399
0.86259399
0.86259399
0.86259399
0.86259399
0.86259399
0.96052045
0.86259399
0.86259399
0.86259399
0.86259399
0.86259399
0.86259399
0.86259399
0.86259399
0.86259399
0.86259399
0.86259399
0.86259399
0.86259399
0.86259399
0.86259399
0.86259399
0.86259399
0.86259399
0.86259399
0.86259399
0.86259399
0.86259399
0.86259399
0.86259399
0.86259399
0.86259399
0.99992550
0.86259399
0.86259399
0.86259399
0.86259399
0.86259399
0.86259399
0.86259399
0.86259399
0.86259399
0.86259399
0.86259399
0.86259399
0.86259399
0.95777123
0.86259399
0.86259399
0.86259399
0.86259399
0.86259399
0.86259399
0.86259399
0.86259399
0.86259399
0.86259399
0.86259399
0.86259399
0.86259399
0.86259399
0.86259399
0.86259399
0.86259399
0.86259399
0.86259399
0.86259399
0.86259399
0.86259399
0.86259399
0.86259399
0.86259399
0.86259399
0.86259399
0.86259399
0.86259399
0.86259399
0.86259399
0.86259399
0.86259399
0.86259399
0.86259399
0.86259399
0.86259399
0.86259399
0.86259399
0.86259399
0.86259399
0.99998634
0.86259399
0.96630841
0.86259399
0.86259399
0.86259399
0.86259399
0.86259399
0.86259399
0.86259399
0.86259399
0.86259399
0.86259399
0.86259399
0.86259399
0.86259399
0.86259399
0.86259399
0.86259399
0.86259399
0.86259399
0.86259399
0.86259399
0.86259399
0.86259399
0.86259399
0.86259399
0.86259399
0.86259399
0.86259399
0.93348869
0.86259399
0.86259399
0.86259399
0.86259399
0.86259399
0.86259399
0.86259399
0.86259399
0.86259399
0.86259399
0.86259399
0.86259399
0.86259399
0.86259399
0.86259399
0.86259399
0.86259399
0.86259399
0.86259399
0.86259399
0.86259399
0.86259399
0.86259399
0.86259399
0.86259399
0.86259399
0.86259399
0.86259399
0.86259399
0.86259399
0.86259399
0.86259399
0.86259399
0.86259399
0.86259399
0.86259399
0.86259399
0.86259399
0.86259399
0.86259399
0.86259399
0.86259399
0.86259399
0.86259399
0.86259399
0.86259399
0.86259399
0.86259399
0.86259399
0.86259399
0.86259399
0.86259399
0.86259399
0.97725636
0.86259399
0.86259399
0.86259399
0.98264310
0.86259399
0.86259399
0.86259399
0.86259399
0.86259399
0.86259399
0.86259399
0.86259399
0.86259399
0.86259399
0.86259399
0.86259399
0.86259399
0.86259399
0.86259399
0.94618384
0.86259399
0.86259399
0.86259399
0.86259399
0.86259399
0.86259399
0.86259399
0.86259399
0.86259399
0.86259399
0.86259399
0.86259399
0.86259399
0.86259399
0.86259399
0.86259399
0.86259399
0.86259399
0.97835445
0.86259399
0.86259399
0.86259399
0.86259399
0.86259399
0.86259399
0.86259399
0.86259399
0.86259399
0.86259399
0.86259399
0.86259399
0.86259399
0.86259399
0.86259399
0.86259399
0.94912194
0.86259399
0.86259399
0.86259399
0.86259399
0.86259399
0.86259399
0.86259399
0.86259399
0.86259399
0.86259399
0.86259399
0.86259399
0.86259399
0.86259399
0.86259399
0.86259399
0.86259399
0.86259399
0.99994720
0.86259399
0.86259399
0.86259399
0.86259399
0.86259399
0.86259399
0.86259399
0.86259399
0.86259399
0.86259399
0.86259399
0.86259399
0.86259399
0.86259399
0.86259399
0.86259399
0.86259399
0.86259399
0.86259399
0.86259399
0.86259399
0.86259399
0.86259399
0.86259399
0.86259399
0.86259399
0.86259399
0.86259399
0.86259399
0.86259399
0.86259399
0.86259399
0.86259399
0.86259399
0.86259399
0.86259399
0.86259399
0.86259399
0.86259399
0.86259399
0.86259399
0.86259399
0.86259399
0.86259399
0.86259399
0.86259399
0.86259399
0.86259399
0.86259399
0.86259399
0.97393171
0.94692303
0.86259399
0.86259399
0.86259399
0.86259399
0.86259399
0.86259399
0.86259399
0.86259399
0.86259399
0.86259399
0.86259399
0.86259399
0.86259399
0.86259399
0.86259399
0.86259399
0.86259399
0.86259399
0.86259399
0.86259399
0.98918071
0.99991423
0.86259399
0.86259399
0.86259399
0.86259399
0.86259399
0.86259399
0.86259399
0.86259399
0.86259399
0.86259399
0.86259399
0.86259399
0.86259399
0.86259399
0.86259399
0.86259399
0.97810357
0.86259399
0.86259399
0.86259399
0.86259399
0.86259399
0.86259399
0.86259399
0.86259399
0.86259399
0.86259399
0.86259399
0.86259399
0.86259399
0.86259399
0.86259399
0.86259399
0.86259399
0.86259399
0.86259399
0.86259399
0.86259399
0.86259399
0.86259399
0.86259399
0.86259399
0.86259399
0.94131027
0.86259399
0.97447908
0.86259399
0.86259399
0.86259399
0.86259399
0.86259399
0.86259399
0.86259399
0.86259399
0.86259399
0.86259399
0.86259399
0.86259399
0.86259399
0.86259399
0.86259399
0.86259399
0.86259399
0.86259399
0.86259399
0.86259399
0.95748666
0.86259399
0.86259399
0.86259399
0.95799836
0.86259399
0.86259399
0.86259399
0.86259399
0.86259399
0.86259399
0.86259399
0.86259399
0.86259399
0.86259399
0.86259399
0.86259399
0.86259399
0.86259399
0.86259399
0.86259399
0.86259399
0.86259399
0.86259399
0.86259399
0.86259399
0.86259399
0.86259399
0.86259399
0.86259399
0.86259399
0.86259399
0.86259399
0.86259399
0.86259399
0.86259399
0.86259399
0.86259399
0.86259399
0.86259399
0.86259399
0.86259399
0.86259399
0.86259399
0.99790059
0.93420204
0.86259399
0.86259399
0.86259399
0.86259399
0.86259399
0.86259399
0.86259399
0.86259399
0.86259399
0.86259399
0.86259399
0.86259399
0.86259399
0.86259399
0.86259399
0.86259399
0.86259399
0.86259399
0.86259399
0.86259399
0.86259399
0.86259399
0.99544378
0.86259399
0.86259399
0.86259399
0.86259399
0.86259399
0.86259399
0.94851401
0.86259399
0.86259399
0.86259399
0.86259399
0.86259399
0.86259399
0.86259399
0.86259399
0.86259399
0.86259399
0.86259399
0.86259399
0.86259399
0.86259399
0.86259399
0.86259399
0.86259399
0.86259399
0.86259399
0.86259399
0.97379397
0.86259399
0.86259399
0.86259399
0.86259399
0.86259399
0.86259399
0.86259399
0.86259399
0.86259399
0.86259399
0.86259399
0.86259399
0.86259399
0.86259399
0.86259399
0.86259399
0.86259399
0.86259399
0.99922452
0.86259399
0.86259399
0.86259399
0.86259399
0.86259399
0.86259399
0.86259399
0.86259399
0.86259399
0.86259399
0.86259399
0.86259399
0.86259399
0.86259399
0.86259399
0.86259399
0.86259399
0.86259399
0.86259399
0.86259399
0.86259399
0.86259399
0.86259399
0.86259399
0.86259399
0.86259399
0.86259399
0.86259399
0.86259399
0.86259399
0.86259399
0.86259399
0.86259399
0.86259399
0.86259399
0.94881826
0.86259399
0.98898316
0.86259399
0.86259399
0.86259399
0.86259399
0.86259399
0.86259399
0.86259399
0.86259399
0.86259399
0.86259399
0.86259399
0.86259399
0.86259399
0.86259399
0.86259399
0.86259399
0.86259399
0.86259399
0.86259399
0.86259399
0.86259399
0.86259399
0.86259399
0.86259399
0.86259399
0.86259399
0.86259399
0.86259399
0.86259399
0.86259399
0.86259399
0.86259399
0.86259399
0.86259399
0.86259399
0.86259399
0.86259399
0.86259399
0.86259399
0.86259399
0.86259399
0.86259399
0.86259399
0.86259399
0.86259399
0.86259399
0.86259399
0.98861054
0.86259399
0.86259399
0.86259399
0.86259399
0.86259399
0.86259399
0.86259399
0.86259399
0.86259399
0.86259399
0.96578910
0.86259399
0.86259399
0.86259399
0.94808713
0.86259399
0.86259399
0.86259399
0.86259399
0.86259399
0.86259399
0.86259399
0.86259399
0.86259399
0.86259399
0.86259399
0.86259399
0.99999985
0.86259399
0.86259399
0.86259399
0.86259399
0.86259399
0.86259399
0.86259399
0.86259399
0.86259399
0.86259399
0.86259399
0.86259399
0.86259399
0.86259399
0.86259399
0.86259399
0.86259399
0.86259399
0.86259399
0.86259399
0.86259399
0.86259399
0.86259399
0.86259399
0.86259399
0.96178529
0.86259399
0.86259399
0.86259399
0.86259399
0.86259399
0.86259399
0.86259399
0.86259399
0.86259399
0.86259399
0.86259399
0.86259399
0.86259399
0.86259399
0.86259399
0.86259399
0.98275383
0.86259399
0.86259399
0.86259399
0.86259399
0.86259399
0.86259399
0.86259399
0.86259399
0.86259399
0.86259399
0.96500358
0.86259399
0.86259399
0.86259399
0.86259399
0.86259399
0.94581313
0.86259399
0.86259399
0.86259399
0.86259399
0.86259399
0.86259399
0.86259399
0.86259399
0.86259399
0.86259399
0.86259399
0.86259399
0.86259399
0.86259399
0.86259399
0.86259399
0.86259399
0.86259399
0.86259399
0.86259399
0.86259399
0.86259399
0.86259399
0.86259399
0.86259399
0.94765916
0.86259399
0.86259399
0.86259399
0.86259399
0.86259399
0.86259399
0.86259399
0.86259399
0.86259399
0.86259399
0.86259399
0.86259399
0.86259399
0.86259399
0.86259399
0.86259399
0.86259399
0.86259399
0.86259399
0.86259399
0.86259399
0.86259399
0.86259399
0.86259399
0.86259399
0.86259399
0.86259399
0.86259399
0.86259399
0.86259399
0.86259399
0.86259399
0.86259399
0.86259399
0.86259399
0.86259399
0.86259399
0.86259399
0.86259399
0.86259399
0.86259399
0.86259399
0.86259399
0.86259399
0.86259399
0.86259399
0.86259399
0.86259399
0.86259399
0.86259399
0.86259399
0.86259399
0.86259399
0.86259399
0.86259399
0.86259399
0.86259399
0.86259399
0.86259399
0.86259399
0.86259399
0.86259399
0.86259399
0.86259399
0.86259399
0.86259399
0.86259399
0.86259399
0.86259399
0.86259399
0.86259399
0.86259399
0.86259399
0.86259399
0.98238319
0.86259399
0.86259399
0.86259399
0.86259399
0.86259399
0.86259399
0.86259399
0.86259399
0.86259399
0.99999981
0.86259399
0.86259399
0.86259399
0.86259399
0.86259399
0.86259399
0.86259399
0.86259399
0.86259399
0.86259399
0.86259399
0.86259399
0.86259399
0.99999944
0.86259399
0.86259399
0.86259399
0.86259399
0.86259399
0.86259399
0.86259399
0.86259399
0.86259399
0.86259399
0.86259399
0.86259399
0.86259399
0.99918627
0.86259399
0.86259399
0.86259399
0.86259399
0.93361850
0.86259399
0.86259399
0.86259399
0.86259399
0.94074086
0.86259399
0.86259399
0.86259399
0.99999802
0.86259399
0.86259399
0.86259399
0.86259399
0.86259399
0.86259399
0.86259399
0.86259399
0.86259399
0.99887317
0.96594526
0.86259399
0.86259399
0.86259399
0.86259399
0.86259399
0.86259399
0.86259399
0.86259399
0.86259399
0.99979177
0.86259399
0.86259399
0.86259399
0.86259399
0.86259399
0.86259399
0.86259399
0.86259399
0.86259399
0.86259399
0.86259399
0.86259399
0.86259399
0.86259399
0.86259399
0.86259399
0.86259399
0.86259399
0.86259399
0.86259399
0.86259399
0.86259399
0.86259399
0.86259399
0.86259399
0.86259399
0.86259399
0.86259399
0.86259399
0.86259399
0.86259399
0.86259399
0.86259399
0.86259399
0.95430962
0.86259399
0.86259399
0.86259399
0.86259399
0.86259399
0.86259399
0.86259399
0.86259399
0.86259399
0.86259399
0.86259399
0.86259399
0.86259399
0.86259399
0.86259399
0.86259399
0.86259399
0.86259399
0.86259399
0.86259399
0.86259399
0.86259399
0.86259399
0.86259399
0.86259399
0.86259399
0.86259399
0.86259399
0.98101266
0.86259399
0.86259399
0.86259399
0.86259399
0.86259399
0.86259399
0.86259399
0.86259399
0.86259399
0.86259399
0.86259399
0.86259399
0.86259399
0.86259399
0.86259399
0.86259399
0.86259399
0.86259399
0.86259399
0.99950249
0.86259399
0.86259399
0.86259399
0.86259399
0.86259399
0.86259399
0.86259399
0.86259399
0.86259399
0.86259399
0.86259399
0.86259399
0.86259399
0.86259399
0.86259399
0.86259399
0.86259399
0.86259399
0.86259399
0.86259399
0.86259399
0.86259399
0.86259399
0.86259399
0.86259399
0.86259399
0.86259399
0.86259399
0.86259399
0.86259399
0.86259399
0.86259399
0.86259399
0.86259399
0.86259399
0.86259399
0.86259399
0.86259399
0.86259399
0.86259399
0.86259399
0.94513159
0.86259399
0.99996821
0.97682646
0.86259399
0.86259399
0.86259399
0.86259399
0.86259399
0.86259399
0.86259399
0.86259399
0.86259399
0.86259399
0.86259399
0.86259399
0.86259399
0.86259399
0.86259399
0.86259399
0.86259399
0.86259399
0.86259399
0.86259399
0.86259399
0.86259399
0.86259399
0.86259399
0.86259399
0.86259399
0.86259399
0.86259399
0.86259399
0.86259399
0.86259399
0.86259399
0.86259399
0.86259399
0.86259399
0.86259399
0.86259399
0.86259399
0.86259399
0.86259399
0.86259399
0.86259399
0.86259399
0.86259399
0.86259399
0.86259399
0.86259399
0.86259399
0.86259399
0.86259399
0.86259399
0.86259399
0.86259399
0.86259399
0.86259399
0.86259399
0.86259399
0.99998611
0.86259399
0.86259399
0.97881043
0.86259399
0.86259399
0.86259399
0.86259399
0.93504326
0.86259399
0.86259399
0.86259399
0.86259399
0.86259399
0.86259399
0.86259399
0.86259399
0.86259399
0.86259399
0.86259399
0.86259399
0.86259399
0.86259399
0.86259399
0.86259399
0.86259399
0.99866384
0.86259399
1.00000000
0.86259399
0.86259399
0.86259399
0.86259399
0.86259399
0.86259399
0.86259399
0.86259399
0.86259399
0.86259399
0.86259399
0.86259399
0.94881826
0.86259399
0.86259399
0.86259399
0.86259399
0.86259399
0.86259399
0.86259399
0.86259399
0.97493077
0.86259399
0.86259399
0.86259399
0.99960570
0.86259399
0.86259399
0.86259399
0.86259399
0.86259399
0.86259399
0.86259399
0.86259399
0.86259399
0.86259399
0.86259399
0.86259399
0.86259399
0.86259399
0.86259399
0.86259399
0.86259399
0.86259399
0.86259399
0.86259399
0.86259399
0.86259399
0.86259399
0.86259399
0.86259399
0.86259399
0.86259399
0.86259399
0.86259399
0.86259399
0.86259399
0.99991783
0.86259399
0.99998656
0.86259399
0.86259399
0.86259399
0.86259399
0.86259399
0.96814845
0.86259399
0.86259399
0.86259399
0.86259399
0.86259399
0.86259399
0.86259399
0.86259399
0.86259399
0.97182805
0.86259399
0.86259399
0.86259399
0.86259399
0.86259399
0.99702461
0.86259399
0.86259399
0.86259399
0.86259399
0.86259399
0.98997611
0.86259399
0.86259399
0.86259399
0.86259399
0.86259399
0.86259399
0.86259399
0.86259399
0.86259399
0.86259399
0.86259399
0.86259399
0.86259399
0.86259399
0.86259399
0.86259399
0.86259399
0.86259399
0.86259399
0.86259399
0.86259399
0.86259399
0.86259399
0.86259399
0.86259399
0.86259399
0.86259399
0.86259399
0.86259399
0.86259399
0.86259399
0.86259399
0.86259399
0.86259399
0.86259399
0.86259399
0.86259399
0.97864521
0.86259399
0.86259399
0.86259399
0.86259399
0.97300663
0.86259399
0.86259399
0.86259399
0.86259399
0.86259399
0.86259399
0.86259399
0.86259399
0.86259399
0.86259399
0.86259399
0.86259399
0.86259399
0.86259399
0.86259399
0.86259399
0.86259399
0.96287133
0.86259399
0.86259399
0.86259399
0.86259399
0.86259399
0.99440368
0.86259399
0.86259399
0.86259399
0.86259399
0.96615299
0.99801293
0.86259399
0.86259399
0.86259399
0.86259399
0.86259399
0.86259399
0.86259399
0.86259399
0.86259399
0.86259399
0.86259399
0.86259399
0.86259399
0.86259399
0.86259399
0.86259399
0.86259399
0.86259399
0.86259399
0.86259399
0.86259399
0.86259399
0.86259399
0.86259399
0.86259399
0.86259399
0.86259399
0.86259399
0.86259399
0.86259399
0.86259399
0.86259399
0.86259399
0.86259399
0.86259399
0.86259399
0.86259399
0.86259399
0.86259399
0.86259399
0.86259399
0.86259399
0.86259399
0.86259399
0.99999998
0.86259399
0.86259399
0.86259399
0.86259399
0.86259399
0.86259399
0.86259399
0.86259399
0.86259399
0.86259399
0.86259399
0.86259399
0.99554013
0.86259399
0.86259399
0.86259399
0.86259399
0.86259399
0.86259399
0.99798525
0.86259399
0.86259399
0.99801293
0.86259399
0.86259399
0.86259399
0.86259399
0.86259399
0.86259399
0.86259399
0.86259399
0.86259399
0.86259399
0.86259399
0.86259399
0.86259399
0.86259399
0.86259399
0.86259399
0.86259399
0.86259399
0.86259399
0.86259399
0.86259399
0.86259399
0.86259399
0.86259399
0.86259399
0.86259399
0.86259399
0.99998721
0.86259399
0.86259399
0.93348869
0.86259399
0.99999974
0.86259399
0.86259399
0.86259399
0.86259399
0.86259399
0.86259399
0.86259399
0.86259399
0.86259399
0.86259399
0.86259399
0.86259399
0.86259399
0.86259399
0.86259399
0.86259399
0.86259399
0.86259399
0.86259399
0.86259399
0.86259399
0.86259399
0.86259399
0.86259399
0.86259399
0.86259399
0.86259399
0.86259399
0.86259399
0.86259399
0.86259399
0.86259399
0.86259399
0.86259399
0.86259399
0.86259399
0.86259399
0.86259399
0.86259399
0.99991052
0.86259399
0.86259399
0.86259399
0.86259399
0.86259399
0.86259399
0.86259399
0.86259399
0.86259399
0.98101266
0.86259399
0.86259399
0.86259399
0.86259399
0.86259399
0.86259399
0.98505552
0.86259399
0.86259399
0.86259399
0.86259399
0.86259399
0.86259399
0.86259399
0.86259399
0.86259399
0.86259399
0.86259399
0.86259399
0.86259399
0.86259399
0.86259399
0.86259399
0.86259399
0.86259399
0.86259399
0.86259399
0.86259399
0.99997627
0.86259399
0.86259399
0.86259399
0.86259399
0.86259399
0.86259399
0.86259399
0.86259399
0.86259399
0.99661870
0.86259399
0.86259399
0.86259399
0.86259399
0.86259399
0.86259399
0.86259399
0.86259399
0.86259399
0.86259399
0.97893389
0.86259399
0.86259399
0.86259399
0.86259399
0.86259399
0.86259399
0.94710735
0.97383992
0.86259399
0.86259399
0.86259399
0.86259399
0.86259399
0.86259399
0.86259399
0.86259399
0.86259399
0.86259399
0.86259399
0.86259399
0.86259399
0.86259399
0.86259399
0.86259399
0.95242349
0.86259399
0.86259399
0.86259399
0.86259399
0.86259399
0.86259399
0.86259399
0.86259399
0.86259399
0.86259399
0.86259399
0.86259399
0.86259399
0.86259399
0.99999635
0.86259399
0.86259399
0.86259399
0.86259399
0.86259399
0.86259399
0.86259399
0.86259399
0.86259399
0.86259399
0.86259399
0.86259399
0.86259399
0.86259399
0.86259399
0.86259399
0.86259399
0.86259399
0.86259399
0.86259399
0.86259399
0.86259399
0.86259399
0.86259399
0.86259399
0.86259399
0.86259399
0.86259399
0.86259399
0.86259399
0.86259399
0.86259399
0.86259399
0.86259399
0.86259399
0.86259399
0.86259399
0.86259399
0.86259399
0.86259399
0.95495172
0.86259399
0.86259399
0.86259399
0.86259399
0.97163721
0.86259399
0.86259399
0.86259399
0.86259399
0.86259399
0.86259399
0.86259399
0.86259399
0.86259399
0.97852085
0.86259399
0.86259399
0.86259399
0.86259399
0.86259399
0.86259399
0.86259399
0.86259399
0.86259399
0.86259399
0.86259399
0.86259399
0.86259399
0.86259399
0.86259399
0.86259399
0.86259399
0.86259399
0.86259399
0.97617383
0.86259399
0.86259399
0.86259399
0.86259399
0.86259399
0.86259399
0.86259399
0.86259399
0.86259399
0.86259399
0.86259399
0.86259399
0.86259399
0.86259399
0.86259399
0.86259399
0.86259399
0.86259399
0.86259399
0.86259399
0.86259399
0.86259399
0.86259399
0.86259399
0.86259399
0.86259399
0.86259399
0.86259399
0.86259399
0.86259399
0.86259399
0.86259399
0.99863586
0.86259399
0.86259399
0.86259399
0.86259399
0.86259399
0.86259399
0.86259399
0.86259399
0.93400763
0.86259399
0.86259399
0.86259399
0.86259399
0.86259399
0.86259399
0.86259399
0.86259399
0.86259399
0.99241551
0.86259399
0.86259399
0.86259399
0.86259399
0.86259399
0.86259399
0.86259399
0.86259399
0.86259399
0.86259399
0.86259399
0.86259399
0.99943476
0.86259399
0.86259399
0.86259399
0.86259399
0.86259399
0.86259399
0.86259399
0.86259399
0.86259399
0.86259399
0.99997189
0.86259399
0.86259399
0.86259399
0.86259399
0.86259399
0.86259399
0.86259399
0.86259399
0.86259399
0.86259399
0.86259399
0.86259399
0.86259399
0.86259399
0.99984466
0.94710735
0.86259399
0.99579041
0.86259399
0.86259399
0.86259399
0.86259399
0.86259399
0.96029877
0.86259399
0.86259399
0.97091606
0.86259399
0.86259399
0.86259399
0.86259399
0.86259399
0.86259399
0.86259399
0.86259399
0.86259399
0.86259399
0.86259399
0.86259399
0.95811174
0.86259399
0.86259399
0.86259399
0.86259399
0.86259399
0.86259399
0.86259399
0.86259399
0.86259399
0.86259399
0.86259399
0.86259399
0.86259399
0.86259399
0.86259399
0.86259399
0.86259399
0.86259399
0.86259399
0.86259399
0.86259399
0.86259399
0.86259399
0.86259399
0.86259399
0.86259399
0.86259399
0.99809438
0.86259399
0.86259399
0.86259399
0.86259399
0.86259399
0.86259399
0.86259399
0.86259399
0.86259399
0.86259399
0.86259399
0.86259399
0.86259399
0.86259399
0.86259399
0.86259399
0.86259399
0.86259399
0.86259399
0.86259399
0.86259399
0.86259399
0.86259399
0.86259399
0.86259399
0.86259399
0.86259399
0.86259399
0.86259399
0.86259399
0.86259399
0.86259399
0.86259399
0.86259399
0.86259399
1.00000000
0.86259399
0.86259399
0.86259399
0.86259399
0.86259399
0.86259399
0.86259399
0.86259399
0.86259399
0.86259399
0.86259399
0.86259399
0.86259399
0.86259399
0.86259399
0.86259399
0.86259399
0.86259399
0.86259399
0.86259399
0.86259399
0.86259399
0.86259399
0.86259399
0.86259399
0.86259399
0.97337857
0.86259399
0.86259399
0.86259399
0.86259399
0.86259399
0.86259399
0.86259399
0.86259399
0.86259399
0.86259399
0.86259399
0.86259399
0.86259399
0.86259399
0.86259399
0.86259399
0.86259399
0.86259399
0.86259399
0.86259399
0.86259399
0.86259399
0.86259399
0.86259399
0.86259399
0.86259399
0.86259399
0.86259399
0.86259399
0.86259399
0.86259399
0.86259399
0.86259399
0.86259399
0.86259399
0.86259399
0.86259399
0.86259399
0.86259399
0.86259399
0.86259399
0.93355360
0.98766141
0.86259399
0.86259399
0.86259399
0.86259399
0.86259399
0.86259399
0.99946763
0.86259399
0.86259399
0.86259399
0.86259399
0.86259399
0.86259399
0.86259399
0.86259399
0.86259399
0.86259399
0.86259399
0.86259399
0.86259399
0.86259399
0.86259399
0.86259399
0.86259399
0.99797597
0.86259399
0.98312008
0.86259399
0.86259399
0.86259399
0.86259399
0.86259399
0.86259399
0.86259399
0.86259399
0.86259399
0.86259399
0.86259399
0.86259399
0.86259399
0.86259399
0.86259399
0.86259399
0.86259399
0.86259399
0.86259399
0.86259399
0.86259399
0.86259399
0.86259399
0.86259399
0.86259399
0.86259399
0.86259399
0.86259399
0.86259399
0.86259399
0.86259399
0.86259399
0.86259399
0.86259399
0.86259399
0.86259399
0.86259399
0.86259399
0.86259399
0.86259399
0.86259399
0.86259399
0.86259399
0.86259399
0.86259399
0.86259399
0.86259399
0.86259399
0.86259399
0.86259399
0.86259399
0.86259399
0.95500993
0.86259399
0.86259399
0.86259399
0.86259399
0.86259399
0.86259399
0.86259399
0.86259399
0.94067750
0.95512627
0.86259399
0.86259399
0.86259399
0.86259399
0.86259399
0.99997981
0.86259399
0.86259399
0.86259399
0.86259399
0.86259399
0.86259399
0.86259399
0.99999519
0.94851401
0.86259399
0.86259399
0.86259399
0.86259399
0.86259399
0.86259399
0.95141084
0.86259399
0.86259399
0.86259399
0.86259399
0.86259399
0.86259399
0.86259399
0.86259399
0.86259399
0.86259399
0.86259399
0.86259399
0.86259399
0.86259399
0.86259399
0.86259399
0.86259399
0.86259399
0.99497589
0.86259399
0.86259399
0.86259399
0.86259399
0.99460495
0.86259399
0.86259399
0.86259399
0.98875474
0.86259399
0.86259399
0.86259399
0.86259399
0.86259399
0.86259399
0.86259399
0.86259399
0.86259399
0.86259399
0.86259399
0.86259399
0.86259399
0.86259399
0.86259399
0.99968253
0.86259399
0.86259399
0.86259399
0.86259399
0.86259399
0.86259399
0.86259399
0.86259399
0.86259399
0.86259399
0.86259399
0.86259399
0.86259399
0.86259399
0.86259399
0.86259399
0.86259399
0.86259399
0.86259399
0.86259399
0.86259399
0.86259399
0.86259399
0.86259399
0.86259399
0.86259399
0.86259399
0.86259399
0.86259399
0.86259399
0.86259399
0.86259399
0.86259399
0.86259399
0.86259399
0.86259399
0.86259399
0.86259399
0.86259399
0.86259399
0.86259399
0.86259399
0.86259399
0.86259399
0.86259399
0.86259399
0.86259399
0.86259399
0.86259399
0.96578910
0.86259399
0.86259399
0.86259399
0.86259399
0.86259399
0.86259399
0.86259399
0.86259399
0.86259399
0.86259399
1.00000000
0.86259399
0.86259399
0.86259399
0.86259399
0.86259399
0.86259399
0.86259399
0.86259399
0.86259399
0.86259399
0.86259399
0.86259399
0.86259399
0.86259399
0.86259399
0.86259399
0.86259399
0.86259399
0.86259399
0.99406389
0.86259399
0.86259399
0.86259399
0.86259399
0.86259399
0.86259399
0.86259399
0.86259399
0.99767306
0.86259399
0.86259399
0.86259399
1.00000000
0.86259399
0.86259399
0.86259399
0.86259399
0.86259399
0.86259399
0.86259399
0.86259399
0.86259399
0.86259399
0.86259399
0.86259399
0.86259399
0.86259399
0.86259399
0.86259399
0.86259399
0.86259399
0.86259399
0.86259399
0.86259399
0.86259399
0.86259399
0.86259399
0.86259399
0.95611072
0.86259399
0.86259399
0.86259399
0.86259399
0.86259399
0.86259399
0.86259399
0.86259399
0.86259399
0.86259399
0.86259399
0.86259399
0.86259399
0.86259399
0.86259399
0.86259399
0.86259399
0.86259399
0.86259399
0.86259399
0.86259399
0.86259399
0.86259399
0.86259399
0.86259399
0.99563511
0.86259399
0.86259399
0.86259399
0.86259399
0.99999990
0.86259399
0.86259399
0.86259399
0.86259399
0.86259399
0.86259399
0.99819072
0.86259399
0.86259399
0.86259399
0.86259399
0.86259399
0.86259399
0.86259399
0.86259399
0.86259399
0.86259399
0.86259399
0.86259399
0.86259399
0.86259399
0.86259399
0.86259399
0.86259399
0.86259399
0.86259399
0.86259399
0.86259399
0.86259399
0.86259399
0.86259399
0.86259399
0.86259399
0.86259399
0.86259399
0.86259399
0.86259399
0.86259399
0.86259399
0.86259399
0.86259399
0.86259399
0.86259399
0.86259399
0.95884586
0.86259399
0.86259399
0.86259399
0.86259399
0.86259399
0.86259399
0.86259399
0.86259399
0.97678325
0.86259399
0.86259399
0.86259399
0.86259399
0.99999984
0.86259399
0.86259399
0.86259399
0.86259399
0.86259399
0.86259399
0.86259399
0.86259399
0.86259399
0.86259399
0.86259399
0.86259399
0.86259399
0.86259399
0.86259399
0.86259399
0.86259399
0.86259399
0.86259399
0.86259399
0.86259399
0.86259399
0.86259399
0.86259399
0.86259399
0.96145695
0.86259399
0.86259399
0.86259399
0.86259399
0.86259399
0.94729148
0.86259399
0.86259399
0.86259399
0.86259399
0.86259399
0.86259399
0.86259399
0.86259399
0.86259399
0.86259399
0.86259399
0.86259399
0.86259399
0.86259399
0.86259399
0.86259399
0.86259399
0.86259399
0.86259399
0.86259399
0.86259399
0.86259399
0.86259399
0.86259399
0.86259399
0.99999519
0.86259399
0.86259399
0.86259399
0.86259399
0.86259399
0.86259399
0.86259399
0.86259399
0.99847451
0.86259399
0.86259399
0.86259399
0.86259399
0.86259399
0.86259399
0.86259399
0.99993412
0.86259399
0.86259399
0.86259399
0.86259399
0.86259399
0.86259399
0.86259399
0.86259399
0.86259399
0.86259399
0.86259399
0.86259399
0.86259399
0.86259399
0.86259399
0.86259399
0.86259399
0.86259399
0.86259399
0.99614797
0.86259399
0.86259399
0.86259399
0.86259399
0.86259399
0.86259399
0.86259399
0.86259399
0.86259399
0.86259399
0.86259399
0.98147579
0.86259399
0.86259399
0.86259399
0.86259399
0.86259399
0.86259399
0.86259399
0.86259399
0.86259399
0.86259399
0.86259399
0.86259399
0.86259399
0.86259399
0.86259399
0.86259399
0.86259399
0.86259399
0.86259399
0.86259399
0.86259399
0.86259399
0.86259399
0.86259399
0.86259399
0.86259399
0.94369887
0.86259399
0.86259399
0.86259399
0.86259399
0.86259399
0.86259399
0.86259399
0.86259399
0.86259399
0.86259399
0.86259399
0.86259399
0.86259399
0.86259399
0.86259399
0.86259399
0.86259399
0.86259399
0.86259399
0.86259399
0.86259399
0.86259399
0.99813861
0.86259399
0.86259399
0.86259399
0.86259399
0.86259399
0.86259399
0.86259399
0.86259399
0.86259399
0.86259399
0.86259399
0.99845920
0.86259399
0.86259399
0.86259399
0.86259399
0.93471995
0.86259399
0.86259399
0.86259399
0.86259399
0.86259399
0.86259399
0.86259399
0.86259399
0.86259399
0.86259399
0.86259399
0.86259399
0.86259399
0.86259399
0.86259399
0.86259399
0.86259399
0.86259399
0.86259399
0.86259399
0.86259399
0.86259399
0.86259399
0.86259399
0.86259399
0.86259399
0.86259399
0.86259399
0.86259399
0.86259399
0.86259399
0.86259399
0.86259399
0.86259399
0.99737368
0.86259399
0.86259399
0.86259399
0.86259399
0.86259399
0.86259399
0.86259399
0.86259399
0.86259399
0.86259399
0.86259399
0.86259399
0.86259399
0.86259399
0.86259399
0.86259399
0.86259399
0.86259399
0.86259399
0.86259399
0.86259399
0.86259399
0.86259399
0.86259399
0.86259399
0.86259399
0.86259399
0.86259399
0.86259399
0.86259399
0.86259399
0.86259399
0.99999981
0.86259399
0.95731557
0.86259399
0.86259399
0.86259399
0.86259399
0.86259399
0.86259399
0.86259399
0.86259399
0.86259399
0.86259399
0.86259399
0.86259399
0.86259399
0.86259399
0.86259399
0.86259399
0.86259399
0.86259399
0.86259399
0.86259399
0.86259399
0.86259399
0.86259399
0.95702985
0.86259399
0.86259399
0.86259399
0.86259399
0.86259399
0.86259399
0.86259399
0.86259399
0.86259399
0.86259399
0.86259399
0.86259399
0.86259399
0.86259399
0.86259399
0.96107244
0.86259399
0.86259399
0.86259399
0.86259399
0.86259399
0.86259399
0.86259399
0.86259399
0.86259399
0.86259399
0.86259399
0.86259399
0.86259399
0.86259399
0.86259399
0.86259399
0.86259399
0.86259399
0.86259399
0.86259399
0.86259399
0.86259399
0.86259399
0.86259399
0.86259399
0.86259399
0.86259399
0.86259399
0.99945320
0.86259399
0.86259399
0.86259399
0.86259399
0.86259399
0.86259399
0.86259399
0.86259399
0.86259399
0.86259399
0.86259399
0.94881826
0.86259399
0.86259399
0.86259399
0.99998156
0.86259399
0.86259399
0.86259399
0.86259399
0.86259399
0.86259399
0.86259399
0.86259399
0.86259399
0.86259399
0.86259399
0.86259399
0.86259399
0.86259399
0.86259399
0.86259399
0.86259399
0.86259399
0.86259399
0.86259399
0.86259399
0.86259399
0.96599725
0.86259399
0.86259399
0.86259399
0.86259399
0.93452583
0.86259399
0.86259399
0.86259399
0.86259399
0.86259399
0.86259399
0.86259399
0.86259399
0.86259399
0.86259399
0.86259399
0.86259399
0.86259399
0.86259399
0.97125368
0.86259399
0.86259399
0.86259399
0.93832228
0.86259399
0.86259399
0.86259399
0.99957929
0.86259399
0.86259399
0.86259399
0.86259399
0.86259399
0.86259399
0.86259399
0.86259399
0.86259399
0.86259399
0.99918627
0.86259399
0.86259399
0.86259399
0.86259399
0.86259399
0.86259399
0.86259399
0.98398109
0.86259399
0.86259399
0.86259399
0.86259399
0.86259399
0.86259399
0.86259399
0.86259399
0.86259399
0.86259399
0.86259399
0.99999893
0.86259399
0.96405075
0.86259399
0.86259399
0.86259399
0.86259399
0.86259399
0.86259399
0.99999995
0.86259399
0.86259399
0.86259399
0.86259399
0.86259399
0.86259399
0.86259399
0.86259399
0.86259399
0.94869663
0.86259399
0.86259399
0.86259399
0.86259399
0.86259399
0.86259399
0.86259399
0.86259399
0.86259399
0.86259399
0.86259399
0.86259399
0.86259399
0.86259399
0.86259399
0.86259399
0.86259399
0.86259399
0.86259399
0.86259399
0.86259399
0.86259399
0.86259399
0.86259399
0.95419252
0.86259399
0.86259399
0.86259399
0.86259399
0.86259399
0.86259399
0.86259399
0.86259399
0.86259399
0.86259399
0.86259399
0.86259399
0.86259399
0.86259399
0.86259399
0.86259399
0.86259399
0.86259399
0.86259399
0.86259399
0.86259399
0.86259399
0.86259399
0.86259399
0.86259399
0.86259399
0.86259399
0.99971083
0.86259399
0.86259399
0.86259399
0.86259399
0.86259399
0.86259399
0.86259399
0.86259399
0.86259399
0.86259399
0.86259399
0.86259399
0.86259399
0.86259399
0.86259399
0.86259399
0.86259399
0.86259399
0.86259399
0.86259399
0.86259399
0.86259399
0.86259399
0.86259399
0.86259399
0.86259399
0.86259399
0.86259399
0.86259399
0.86259399
0.99574422
0.86259399
0.86259399
0.86259399
0.86259399
0.86259399
0.86259399
0.86259399
0.86259399
0.95828160
0.86259399
0.86259399
0.86259399
0.86259399
0.86259399
0.86259399
0.86259399
0.86259399
0.86259399
0.99834900
0.86259399
0.86259399
0.86259399
0.86259399
0.86259399
0.98726284
0.86259399
0.86259399
0.86259399
0.99982363
0.86259399
0.86259399
0.86259399
0.86259399
0.86259399
0.99867767
0.86259399
0.86259399
0.86259399
0.86259399
0.86259399
0.86259399
0.86259399
0.86259399
0.86259399
0.86259399
0.86259399
0.98992245
0.86259399
0.86259399
0.86259399
0.86259399
0.86259399
0.86259399
0.86259399
0.86259399
0.95720137
0.86259399
0.86259399
0.86259399
0.86259399
0.86259399
0.86259399
0.86259399
0.86259399
0.86259399
0.86259399
0.86259399
0.86259399
0.86259399
0.86259399
0.86259399
0.86259399
0.86259399
0.99617681
0.86259399
0.86259399
0.86259399
0.86259399
0.86259399
0.86259399
0.86259399
0.86259399
0.86259399
0.86259399
0.86259399
0.86259399
0.86259399
0.86259399
0.86259399
0.86259399
0.99315670
0.86259399
0.86259399
0.86259399
0.86259399
0.86259399
0.86259399
0.86259399
0.86259399
0.86259399
0.99283568
0.86259399
0.86259399
0.86259399
0.86259399
0.86259399
0.86259399
0.86259399
0.86259399
0.86259399
0.86259399
0.86259399
0.86259399
0.86259399
0.86259399
0.86259399
0.86259399
0.86259399
0.86259399
0.86259399
0.86259399
0.86259399
0.86259399
0.86259399
0.86259399
0.86259399
0.86259399
0.86259399
0.86259399
0.86259399
0.86259399
0.86259399
0.86259399
0.86259399
0.86259399
0.86259399
0.86259399
0.86259399
0.86259399
0.86259399
0.86259399
0.86259399
0.86259399
0.86259399
0.86259399
0.86259399
0.86259399
0.86259399
0.99999996
0.86259399
0.86259399
0.86259399
0.86259399
0.86259399
0.86259399
0.86259399
0.95182869
0.86259399
0.86259399
0.86259399
0.86259399
0.86259399
0.86259399
0.86259399
0.86259399
0.86259399
0.86259399
0.86259399
0.86259399
0.86259399
0.86259399
0.86259399
0.86259399
0.86259399
0.86259399
0.86259399
0.97876919
0.86259399
0.86259399
0.86259399
0.86259399
0.86259399
0.86259399
0.86259399
0.86259399
0.97806161
0.86259399
0.86259399
0.86259399
0.86259399
0.86259399
0.86259399
0.86259399
0.86259399
0.86259399
0.86259399
0.86259399
0.86259399
0.86259399
0.86259399
0.86259399
0.86259399
0.86259399
0.86259399
0.86259399
0.86259399
0.86259399
0.86259399
0.86259399
0.86259399
0.86259399
0.86259399
0.86259399
0.86259399
0.86259399
0.93742572
0.86259399
0.86259399
0.86259399
0.86259399
0.86259399
0.86259399
0.86259399
0.86259399
0.86259399
0.86259399
0.86259399
0.86259399
0.98212113
0.86259399
0.86259399
0.86259399
0.86259399
0.86259399
0.86259399
0.86259399
0.99880407
0.86259399
0.86259399
0.86259399
0.86259399
0.86259399
0.86259399
0.98419237
0.86259399
0.86259399
0.86259399
0.86259399
0.86259399
0.86259399
0.86259399
0.86259399
0.86259399
0.93446109
0.86259399
0.86259399
0.95336988
0.86259399
0.86259399
0.86259399
0.86259399
0.86259399
0.86259399
0.86259399
0.86259399
0.86259399
0.86259399
0.86259399
0.86259399
0.86259399
0.86259399
0.86259399
0.86259399
0.86259399
0.95159007
0.86259399
0.86259399
0.86259399
0.86259399
0.86259399
0.86259399
0.86259399
0.86259399
0.86259399
0.86259399
0.86259399
0.86259399
0.86259399
0.86259399
0.86259399
0.98151410
0.86259399
0.86259399
0.99999141
0.86259399
0.86259399
0.97901599
0.86259399
0.86259399
0.86259399
0.86259399
0.86259399
0.86259399
0.86259399
0.86259399
0.86259399
0.86259399
0.86259399
0.86259399
0.86259399
0.86259399
0.86259399
0.86259399
0.86259399
0.86259399
0.86259399
0.86259399
0.86259399
0.86259399
0.86259399
0.99287903
0.86259399
0.86259399
0.86259399
0.86259399
0.86259399
0.86259399
0.86259399
0.86259399
0.86259399
0.86259399
0.86259399
0.86259399
0.86259399
0.86259399
0.86259399
0.86259399
0.86259399
0.86259399
0.86259399
0.99882953
0.86259399
0.86259399
0.86259399
0.86259399
0.86259399
0.86259399
0.86259399
0.86259399
0.86259399
0.86259399
0.86259399
0.99999702
0.86259399
0.86259399
0.86259399
0.86259399
0.86259399
0.86259399
0.86259399
0.86259399
0.86259399
0.86259399
0.86259399
0.86259399
0.86259399
0.86259399
0.86259399
0.98319280
0.86259399
0.86259399
0.86259399
0.93620455
0.86259399
0.86259399
0.86259399
0.86259399
0.86259399
0.86259399
0.86259399
0.86259399
0.86259399
0.86259399
0.86259399
0.86259399
0.86259399
0.86259399
0.86259399
0.86259399
0.86259399
0.86259399
0.86259399
0.86259399
0.86259399
0.98986860
0.86259399
0.97643600
0.86259399
0.86259399
0.86259399
0.86259399
0.86259399
0.86259399
0.86259399
0.86259399
0.86259399
0.94636892
0.86259399
0.86259399
0.86259399
0.86259399
0.86259399
0.86259399
0.86259399
0.86259399
0.86259399
0.86259399
0.86259399
0.86259399
0.86259399
0.86259399
0.86259399
0.86259399
0.86259399
0.86259399
0.86259399
0.86259399
0.86259399
0.86259399
0.86259399
0.86259399
0.86259399
0.86259399
0.86259399
0.86259399
0.86259399
0.86259399
0.86259399
0.86259399
0.86259399
0.86259399
0.86259399
0.86259399
0.99927049
0.86259399
0.86259399
0.86259399
0.86259399
0.86259399
0.86259399
0.86259399
0.86259399
0.86259399
0.86259399
0.86259399
0.86259399
0.86259399
0.86259399
0.86259399
0.86259399
0.98525856
0.99957628
0.86259399
0.86259399
0.86259399
0.86259399
0.86259399
0.86259399
0.86259399
0.86259399
0.86259399
0.86259399
0.86259399
0.86259399
0.86259399
0.86259399
0.86259399
0.86259399
0.86259399
0.86259399
0.96063110
0.86259399
0.86259399
0.86259399
0.86259399
0.86259399
0.86259399
0.86259399
0.86259399
0.86259399
0.99150502
0.86259399
0.86259399
0.86259399
0.86259399
0.86259399
0.86259399
0.86259399
0.86259399
0.86259399
0.86259399
0.86259399
0.86259399
0.86259399
0.99712062
0.86259399
0.86259399
0.86259399
0.86259399
0.86259399
0.86259399
0.86259399
0.86259399
0.86259399
0.86259399
0.86259399
0.86259399
0.86259399
0.86259399
0.86259399
0.86259399
0.86259399
0.86259399
0.86259399
0.86259399
0.86259399
0.86259399
0.86259399
0.86259399
0.86259399
0.97568932
0.86259399
0.86259399
0.86259399
0.86259399
0.86259399
0.86259399
0.86259399
0.86259399
0.86259399
0.86259399
0.86259399
0.86259399
0.86259399
0.86259399
0.86259399
0.86259399
0.86259399
0.86259399
0.86259399
0.86259399
0.86259399
0.86259399
0.86259399
0.86259399
0.86259399
0.86259399
0.86259399
0.86259399
0.86259399
0.86259399
0.96079683
0.86259399
0.86259399
0.96394420
0.86259399
0.86259399
0.86259399
0.86259399
0.93825834
0.86259399
0.86259399
0.86259399
0.86259399
0.86259399
0.86259399
0.86259399
0.86259399
0.86259399
0.86259399
0.86259399
0.86259399
0.86259399
0.86259399
0.86259399
0.86259399
0.86259399
0.86259399
0.86259399
0.86259399
0.86259399
0.86259399
0.86259399
0.86259399
0.86259399
0.86259399
0.86259399
0.86259399
0.86259399
0.86259399
0.86259399
0.86259399
0.86259399
0.86259399
0.86259399
0.86259399
0.86259399
0.86259399
0.86259399
0.86259399
0.86259399
0.86259399
0.94482101
0.86259399
0.86259399
0.86259399
0.86259399
0.86259399
0.86259399
0.86259399
0.86259399
0.95277916
0.86259399
0.86259399
0.86259399
0.86259399
0.86259399
0.93575343
0.86259399
0.86259399
0.86259399
0.86259399
0.86259399
0.86259399
0.86259399
0.86259399
0.86259399
0.86259399
0.86259399
0.86259399
0.86259399
0.86259399
0.86259399
0.86259399
0.86259399
0.86259399
0.86259399
0.86259399
0.99970625
0.86259399
0.86259399
1.00000000
0.86259399
0.86259399
0.86259399
0.86259399
0.86259399
0.86259399
0.86259399
0.99974766
0.86259399
0.86259399
0.86259399
0.86259399
0.86259399
0.86259399
0.86259399
0.86259399
0.86259399
0.86259399
0.86259399
0.86259399
0.86259399
0.86259399
0.86259399
0.86259399
0.86259399
0.86259399
0.86259399
0.86259399
0.86259399
0.86259399
0.95845119
0.86259399
0.86259399
0.86259399
0.86259399
0.86259399
0.86259399
0.86259399
0.97374797
0.86259399
0.86259399
0.86259399
0.86259399
0.86259399
0.86259399
0.86259399
0.86259399
0.86259399
0.86259399
0.86259399
0.99938866
0.86259399
0.86259399
0.86259399
0.86259399
0.86259399
0.98828940
0.86259399
0.86259399
0.86259399
0.86259399
0.86259399
0.86259399
0.99940043
0.86259399
0.86259399
0.86259399
0.86259399
0.86259399
0.86259399
0.86259399
0.96281734
0.86259399
0.86259399
0.86259399
0.86259399
0.86259399
0.86259399
0.94048735
0.86259399
0.86259399
0.86259399
0.86259399
0.86259399
0.86259399
0.86259399
0.86259399
0.86259399
0.86259399
0.86259399
0.86259399
0.86259399
0.86259399
0.86259399
0.86259399
0.86259399
0.86259399
0.86259399
0.86259399
0.86259399
0.86259399
0.86259399
0.86259399
0.86259399
0.86259399
0.86259399
0.86259399
0.86259399
0.86259399
0.86259399
0.86259399
0.86259399
0.86259399
0.86259399
0.86259399
0.86259399
0.86259399
0.86259399
0.86259399
0.86259399
0.86259399
0.86259399
0.86259399
0.86259399
0.86259399
0.86259399
0.86259399
0.86259399
0.86259399
0.86259399
0.86259399
0.86259399
0.99999880
0.86259399
0.86259399
0.86259399
0.86259399
0.86259399
0.86259399
0.86259399
0.86259399
0.86259399
0.86259399
0.86259399
0.86259399
0.86259399
0.86259399
0.86259399
0.86259399
0.86259399
0.86259399
0.86259399
0.86259399
0.86259399
0.86259399
0.86259399
0.86259399
0.86259399
0.99999519
0.86259399
0.86259399
0.86259399
0.86259399
0.86259399
0.86259399
0.86259399
0.86259399
0.86259399
0.86259399
0.86259399
0.86259399
0.86259399
0.86259399
0.86259399
0.86259399
0.86259399
0.86259399
0.86259399
0.86259399
0.86259399
0.86259399
0.86259399
0.86259399
0.86259399
0.86259399
0.86259399
0.86259399
0.86259399
0.86259399
0.86259399
0.86259399
0.86259399
0.86259399
0.86259399
0.86259399
0.86259399
0.86259399
0.86259399
0.86259399
0.86259399
0.86259399
0.86259399
0.86259399
0.86259399
0.86259399
0.86259399
0.94692303
0.86259399
0.86259399
0.86259399
0.86259399
0.86259399
0.86259399
0.86259399
0.86259399
0.86259399
0.86259399
0.86259399
0.86259399
0.86259399
0.86259399
0.86259399
0.86259399
0.86259399
0.86259399
0.86259399
0.86259399
0.86259399
0.86259399
0.86259399
0.86259399
0.86259399
0.86259399
0.86259399
0.86259399
0.86259399
0.86259399
0.86259399
0.86259399
0.86259399
0.86259399
0.86259399
1.00000000
0.86259399
0.86259399
0.86259399
0.86259399
0.86259399
0.99995088
0.99999979
0.86259399
0.86259399
0.86259399
0.98611987
0.86259399
0.86259399
0.86259399
0.86259399
0.86259399
0.86259399
0.86259399
0.86259399
0.86259399
0.86259399
0.86259399
0.86259399
0.86259399
0.86259399
0.86259399
1.00000000
0.86259399
0.86259399
0.86259399
0.86259399
0.86259399
0.86259399
0.86259399
0.86259399
0.86259399
0.86259399
0.86259399
0.86259399
0.86259399
0.86259399
0.86259399
0.86259399
0.86259399
0.86259399
0.86259399
0.86259399
0.86259399
0.86259399
0.86259399
0.86259399
0.86259399
0.86259399
0.86259399
0.86259399
0.86259399
0.86259399
0.86259399
0.86259399
0.86259399
0.86259399
0.86259399
0.86259399
0.86259399
0.86259399
0.86259399
0.86259399
0.86259399
0.86259399
0.86259399
0.98522483
0.86259399
0.86259399
0.86259399
0.86259399
0.96238422
0.86259399
0.86259399
0.86259399
0.86259399
0.86259399
0.86259399
0.86259399
0.86259399
0.86259399
0.86259399
0.86259399
0.86259399
0.86259399
0.86259399
0.86259399
0.86259399
0.86259399
0.86259399
0.86259399
0.86259399
0.86259399
0.94444766
0.99998721
0.86259399
0.86259399
0.86259399
0.86259399
0.86259399
0.86259399
0.86259399
0.86259399
0.86259399
0.86259399
0.86259399
0.86259399
0.86259399
0.86259399
0.86259399
0.86259399
0.86259399
0.86259399
0.86259399
0.86259399
0.86259399
0.86259399
0.86259399
0.86259399
0.86259399
0.86259399
0.86259399
0.86259399
0.86259399
0.86259399
0.86259399
0.86259399
0.86259399
0.99992952
0.86259399
0.95622600
0.86259399
0.86259399
0.86259399
0.86259399
0.86259399
0.86259399
0.86259399
0.86259399
0.86259399
0.86259399
0.86259399
0.86259399
0.86259399
0.86259399
0.86259399
0.86259399
0.86259399
0.86259399
0.86259399
0.86259399
0.86259399
0.86259399
0.86259399
0.86259399
0.86259399
0.86259399
0.86259399
0.86259399
0.86259399
1.00000000
0.86259399
0.86259399
0.86259399
0.86259399
0.86259399
0.86259399
0.86259399
0.86259399
0.86259399
0.93381311
0.86259399
0.86259399
0.86259399
0.86259399
0.86259399
0.98932049
0.86259399
0.86259399
0.86259399
0.86259399
0.86259399
0.86259399
0.86259399
0.86259399
0.86259399
0.86259399
0.86259399
0.86259399
0.86259399
0.86259399
0.86259399
0.86259399
0.86259399
0.99108770
0.86259399
0.86259399
0.86259399
0.86259399
0.86259399
0.86259399
0.86259399
0.86259399
0.99483662
0.86259399
0.86259399
0.86259399
0.86259399
0.86259399
0.99998127
0.86259399
0.86259399
0.86259399
0.86259399
0.86259399
0.86259399
0.86259399
0.86259399
0.86259399
0.86259399
0.86259399
0.86259399
0.86259399
0.86259399
0.86259399
0.86259399
0.86259399
0.86259399
0.86259399
0.86259399
0.86259399
0.86259399
0.86259399
0.86259399
0.98666679
0.86259399
0.86259399
0.86259399
0.86259399
0.99967515
0.86259399
0.86259399
0.86259399
0.99999945
0.86259399
0.86259399
0.86259399
0.86259399
0.86259399
0.86259399
0.86259399
0.86259399
0.86259399
0.86259399
0.86259399
0.86259399
0.86259399
0.86259399
0.86259399
0.86259399
0.86259399
0.86259399
0.86259399
0.86259399
0.86259399
0.86259399
0.86259399
0.97466024
0.86259399
0.86259399
0.86259399
0.86259399
0.86259399
0.86259399
0.86259399
0.86259399
0.86259399
1.00000000
0.86259399
0.86259399
0.86259399
0.86259399
0.86259399
0.86259399
0.97860380
0.86259399
0.86259399
0.86259399
0.86259399
0.86259399
0.95811174
0.99492396
0.98189481
0.86259399
0.86259399
0.86259399
0.86259399
0.86259399
0.86259399
0.86259399
0.86259399
0.86259399
0.97406910
0.86259399
0.86259399
0.86259399
0.86259399
0.86259399
0.86259399
0.86259399
0.86259399
0.86259399
0.86259399
0.86259399
0.86259399
0.86259399
0.86259399
0.86259399
0.86259399
0.86259399
0.86259399
0.86259399
0.86259399
0.86259399
0.86259399
0.86259399
0.86259399
0.86259399
0.86259399
0.86259399
0.86259399
0.86259399
0.86259399
0.86259399
0.86259399
0.86259399
0.86259399
0.94206734
0.86259399
0.86259399
0.86259399
0.86259399
0.86259399
0.86259399
0.86259399
0.86259399
0.86259399
0.86259399
0.86259399
0.86259399
0.86259399
0.86259399
0.86259399
0.86259399
0.86259399
0.86259399
0.86259399
0.86259399
0.86259399
0.86259399
0.99999797
0.86259399
0.86259399
0.86259399
0.86259399
0.86259399
0.86259399
0.86259399
0.95974241
0.86259399
0.86259399
0.86259399
0.86259399
0.86259399
0.86259399
0.86259399
0.86259399
0.86259399
0.86259399
0.86259399
0.86259399
0.86259399
0.86259399
0.86259399
0.86259399
0.86259399
0.86259399
0.86259399
0.86259399
0.86259399
0.86259399
0.94881826
0.86259399
0.86259399
0.86259399
0.86259399
0.86259399
0.86259399
0.86259399
0.86259399
0.86259399
0.86259399
0.86259399
0.86259399
0.86259399
0.86259399
0.86259399
0.86259399
0.86259399
0.86259399
0.86259399
0.86259399
0.86259399
0.86259399
0.86259399
0.86259399
0.86259399
0.86259399
0.86259399
0.86259399
0.86259399
0.86259399
0.86259399
0.86259399
0.86259399
0.86259399
0.86259399
0.86259399
0.86259399
0.86259399
0.86259399
0.86259399
0.86259399
0.86259399
0.86259399
0.86259399
0.86259399
0.86259399
0.86259399
0.86259399
0.86259399
0.86259399
0.86259399
0.86259399
0.86259399
0.86259399
0.86259399
0.86259399
0.86259399
0.86259399
0.86259399
0.86259399
0.86259399
0.86259399
0.86259399
0.86259399
0.86259399
0.86259399
0.86259399
0.86259399
0.86259399
0.86259399
0.86259399
0.86259399
0.86259399
0.86259399
0.86259399
0.86259399
0.86259399
0.86259399
0.86259399
0.86259399
0.86259399
0.86259399
0.86259399
0.99550816
0.86259399
0.86259399
0.86259399
0.86259399
0.86259399
0.86259399
0.86259399
0.86259399
0.86259399
0.86259399
0.86259399
0.86259399
0.86259399
0.86259399
0.86259399
0.86259399
0.86259399
0.86259399
0.86259399
0.86259399
0.86259399
0.86259399
0.86259399
0.86259399
0.86259399
0.86259399
0.86259399
0.86259399
0.86259399
0.86259399
0.86259399
0.86259399
0.86259399
0.86259399
0.86259399
0.86259399
0.86259399
0.86259399
0.86259399
0.86259399
0.86259399
0.86259399
0.86259399
0.86259399
0.86259399
0.86259399
0.86259399
0.86259399
0.86259399
0.94593678
0.86259399
0.86259399
0.86259399
0.86259399
0.86259399
0.86259399
0.86259399
0.86259399
0.86259399
0.86259399
0.86259399
0.86259399
0.86259399
0.86259399
0.86259399
0.86259399
0.86259399
0.86259399
0.86259399
0.86259399
0.86259399
0.86259399
0.86259399
0.86259399
0.86259399
0.86259399
0.86259399
0.86259399
0.86259399
0.86259399
0.86259399
0.86259399
0.86259399
0.86259399
0.86259399
0.86259399
0.86259399
0.86259399
0.99696350
0.86259399
0.99686396
0.86259399
0.86259399
0.86259399
0.86259399
0.86259399
0.86259399
0.86259399
0.86259399
0.86259399
0.86259399
0.86259399
0.94875745
0.86259399
0.86259399
0.86259399
0.94288464
0.86259399
0.86259399
0.86259399
0.86259399
0.98644315
0.86259399
0.86259399
0.86259399
0.86259399
0.86259399
0.94450993
0.86259399
0.86259399
0.86259399
0.86259399
0.86259399
0.86259399
0.86259399
0.86259399
0.86259399
0.86259399
0.86259399
0.86259399
0.86259399
0.86259399
0.86259399
0.86259399
0.94550364
0.86259399
0.86259399
0.86259399
0.86259399
0.86259399
0.86259399
0.86259399
0.86259399
0.86259399
0.99989009
0.86259399
0.86259399
0.86259399
0.86259399
0.99669751
0.86259399
0.86259399
0.86259399
0.86259399
0.86259399
0.86259399
0.86259399
0.86259399
0.96641185
0.86259399
0.86259399
0.86259399
0.86259399
0.86259399
0.86259399
0.86259399
0.86259399
0.86259399
0.86259399
0.86259399
0.86259399
0.86259399
0.86259399
0.86259399
0.86259399
0.86259399
0.86259399
0.86259399
0.86259399
0.86259399
0.99449576
0.86259399
0.86259399
0.86259399
0.86259399
0.86259399
0.86259399
0.86259399
0.86259399
0.86259399
0.86259399
0.86259399
0.86259399
0.86259399
0.86259399
0.86259399
0.86259399
0.86259399
0.86259399
0.86259399
0.86259399
0.86259399
0.86259399
0.86259399
0.86259399
0.86259399
0.86259399
0.86259399
0.94544168
0.86259399
0.86259399
0.86259399
0.86259399
0.94643057
0.86259399
0.86259399
0.86259399
0.86259399
0.86259399
0.86259399
0.86259399
0.86259399
0.86259399
0.86259399
0.86259399
0.86259399
0.86259399
0.86259399
0.86259399
0.86259399
0.86259399
0.86259399
0.86259399
0.86259399
0.86259399
0.86259399
0.86259399
0.86259399
0.86259399
0.86259399
0.86259399
0.86259399
0.86259399
0.86259399
0.86259399
0.86259399
0.86259399
0.86259399
0.86259399
0.86259399
0.99116225
0.86259399
0.86259399
0.86259399
0.86259399
0.86259399
0.86259399
0.86259399
0.86259399
0.86259399
0.86259399
0.86259399
0.86259399
0.86259399
0.86259399
0.86259399
0.86259399
0.86259399
0.86259399
0.86259399
0.86259399
0.86259399
0.86259399
0.86259399
0.86259399
0.86259399
0.86259399
0.86259399
0.86259399
0.86259399
0.86259399
0.86259399
0.86259399
0.86259399
0.86259399
0.86259399
0.86259399
0.86259399
0.86259399
0.86259399
0.86259399
0.86259399
0.86259399
0.86259399
0.86259399
0.86259399
0.86259399
0.86259399
0.86259399
0.86259399
0.86259399
0.86259399
0.86259399
0.86259399
0.86259399
0.86259399
0.86259399
0.86259399
0.86259399
0.99998127
0.86259399
0.86259399
0.86259399
0.86259399
0.86259399
0.86259399
0.86259399
0.86259399
0.86259399
0.86259399
0.86259399
0.86259399
0.86259399
0.86259399
0.98242045
0.86259399
0.95407532
0.86259399
0.86259399
0.86259399
0.86259399
0.86259399
0.86259399
0.86259399
0.86259399
0.86259399
0.86259399
0.86259399
0.86259399
0.86259399
0.86259399
0.86259399
0.86259399
0.86259399
0.86259399
0.86259399
0.86259399
0.86259399
0.86259399
0.86259399
0.86259399
0.86259399
1.00000000
0.86259399
0.86259399
0.86259399
0.86259399
0.86259399
0.86259399
0.86259399
0.86259399
0.86259399
0.86259399
0.86259399
0.86259399
0.86259399
0.86259399
0.86259399
0.86259399
0.86259399
0.86259399
0.86259399
0.86259399
0.86259399
0.86259399
0.86259399
0.86259399
0.86259399
0.86259399
0.86259399
0.86259399
0.96281734
0.86259399
0.94556558
0.86259399
0.86259399
0.86259399
0.86259399
0.86259399
0.86259399
0.86259399
0.86259399
0.86259399
0.86259399
0.97406910
0.86259399
0.86259399
0.86259399
0.86259399
0.86259399
0.86259399
0.86259399
0.86259399
0.86259399
0.86259399
0.86259399
0.86259399
0.86259399
0.86259399
0.86259399
0.86259399
0.86259399
0.86259399
0.86259399
0.86259399
0.86259399
0.86259399
0.86259399
0.86259399
0.86259399
0.86259399
0.86259399
0.86259399
0.99931873
0.86259399
0.86259399
0.86259399
0.86259399
0.86259399
0.86259399
0.86259399
0.86259399
0.86259399
0.86259399
0.86259399
0.86259399
0.86259399
0.86259399
0.86259399
0.86259399
0.86259399
0.86259399
0.86259399
0.86259399
0.86259399
0.86259399
0.98355376
0.86259399
0.99920556
0.86259399
0.86259399
0.86259399
0.86259399
0.86259399
0.86259399
0.86259399
0.86259399
0.86259399
0.86259399
0.86259399
0.86259399
0.86259399
0.86259399
0.86259399
0.86259399
0.86259399
0.86259399
0.86259399
0.86259399
0.86259399
0.86259399
0.86259399
0.86259399
0.86259399
0.86259399
0.86259399
0.86259399
0.86259399
0.86259399
0.86259399
0.86259399
0.86259399
0.86259399
0.86259399
0.86259399
0.86259399
0.86259399
0.86259399
0.86259399
0.86259399
0.86259399
0.86259399
0.86259399
0.86259399
0.86259399
0.86259399
0.86259399
0.86259399
0.86259399
0.86259399
0.86259399
0.86259399
0.86259399
0.86259399
0.86259399
0.86259399
0.86259399
0.86259399
0.86259399
0.86259399
0.86259399
0.86259399
0.86259399
0.86259399
0.86259399
0.86259399
0.86259399
0.86259399
0.86259399
0.86259399
0.86259399
0.86259399
0.99998901
0.86259399
0.86259399
0.86259399
0.86259399
0.86259399
0.86259399
0.86259399
0.86259399
0.86259399
0.86259399
0.86259399
0.86259399
0.86259399
0.86259399
0.93400763
0.86259399
0.86259399
0.86259399
0.86259399
0.86259399
0.86259399
0.86259399
0.86259399
0.86259399
0.86259399
0.98695113
0.86259399
0.86259399
0.86259399
0.99999974
0.86259399
0.86259399
0.86259399
0.86259399
0.86259399
0.86259399
0.86259399
0.86259399
0.86259399
0.86259399
0.86259399
0.86259399
0.86259399
0.86259399
0.86259399
0.86259399
0.86259399
0.86259399
0.86259399
0.86259399
0.86259399
0.86259399
0.86259399
0.86259399
0.86259399
0.86259399
0.86259399
0.86259399
0.86259399
0.86259399
0.86259399
0.86259399
0.99914667
0.86259399
0.86259399
0.99047723
0.86259399
0.86259399
0.86259399
0.86259399
0.86259399
0.86259399
0.86259399
0.86259399
0.86259399
0.95123140
0.86259399
0.86259399
0.86259399
0.86259399
0.86259399
0.86259399
0.86259399
0.86259399
0.86259399
0.86259399
0.86259399
0.86259399
0.99919113
0.94294738
0.86259399
0.86259399
0.86259399
0.86259399
0.86259399
0.86259399
0.86259399
0.86259399
0.86259399
0.86259399
0.86259399
0.86259399
0.86259399
0.86259399
0.95384059
0.86259399
0.86259399
0.86259399
0.86259399
0.86259399
0.86259399
0.86259399
0.97488579
0.86259399
0.86259399
0.86259399
0.86259399
0.86259399
0.99348879
0.86259399
0.86259399
0.86259399
0.86259399
0.86259399
0.86259399
0.86259399
0.86259399
0.86259399
0.86259399
0.86259399
0.86259399
0.86259399
0.96057579
0.86259399
0.96620483
0.86259399
0.86259399
0.86259399
0.86259399
0.86259399
0.86259399
0.86259399
0.86259399
0.86259399
0.86259399
0.86259399
0.86259399
0.86259399
0.86259399
0.86259399
0.86259399
0.86259399
0.93478464
0.86259399
0.86259399
0.86259399
0.86259399
0.86259399
0.86259399
0.86259399
0.86259399
0.86259399
0.99996734
0.86259399
0.86259399
0.86259399
0.86259399
0.95354660
0.94369887
0.86259399
0.86259399
0.86259399
0.86259399
0.86259399
0.86259399
0.86259399
0.86259399
0.86259399
0.86259399
0.86259399
0.93953440
0.86259399
0.86259399
0.86259399
0.86259399
0.86259399
0.86259399
0.86259399
0.86259399
0.86259399
0.86259399
0.86259399
0.99547604
0.86259399
0.86259399
0.86259399
0.86259399
0.86259399
0.86259399
0.86259399
0.86259399
0.86259399
0.86259399
0.86259399
0.86259399
0.86259399
0.86259399
0.86259399
0.86259399
0.86259399
0.86259399
0.86259399
0.86259399
0.86259399
0.86259399
0.86259399
0.86259399
0.86259399
0.86259399
0.86259399
0.86259399
0.86259399
0.86259399
0.86259399
0.86259399
0.86259399
0.86259399
0.86259399
0.95039110
0.86259399
0.86259399
0.86259399
0.86259399
0.86259399
0.86259399
0.86259399
0.86259399
0.86259399
0.86259399
0.86259399
0.86259399
0.86259399
0.86259399
0.86259399
0.86259399
0.86259399
0.86259399
0.86259399
0.86259399
0.86259399
0.86259399
0.86259399
0.86259399
0.86259399
0.86259399
0.86259399
0.86259399
0.86259399
0.86259399
0.86259399
0.86259399
0.86259399
0.86259399
0.86259399
0.86259399
0.86259399
0.86259399
0.86259399
0.86259399
0.86259399
0.86259399
0.86259399
0.86259399
0.86259399
0.86259399
0.86259399
0.86259399
0.86259399
0.86259399
0.86259399
0.86259399
0.86259399
0.86259399
0.86259399
0.86259399
0.99121174
0.94263349
0.86259399
0.86259399
0.86259399
0.86259399
0.86259399
0.86259399
0.86259399
0.86259399
0.86259399
0.86259399
0.86259399
0.86259399
0.86259399
0.86259399
0.86259399
0.86259399
0.86259399
0.86259399
0.86259399
0.86259399
0.86259399
0.86259399
0.86259399
0.86259399
0.86259399
0.86259399
0.86259399
0.86259399
0.86259399
0.86259399
0.86259399
0.86259399
0.86259399
0.86259399
0.86259399
0.86259399
0.86259399
0.86259399
0.86259399
0.86259399
0.86259399
0.86259399
0.86259399
0.86259399
0.86259399
0.86259399
0.86259399
0.86259399
0.86259399
0.86259399
0.86259399
0.86259399
0.86259399
0.86259399
0.86259399
0.86259399
0.86259399
0.97411481
0.86259399
0.86259399
0.86259399
0.86259399
0.86259399
0.86259399
0.86259399
0.86259399
0.86259399
0.86259399
0.86259399
0.86259399
0.86259399
0.86259399
0.86259399
0.86259399
0.86259399
0.86259399
0.86259399
0.86259399
0.86259399
0.86259399
0.86259399
0.86259399
0.86259399
0.86259399
0.86259399
0.86259399
0.86259399
0.86259399
0.86259399
0.86259399
0.86259399
0.86259399
0.86259399
0.86259399
0.86259399
0.86259399
0.86259399
0.86259399
0.86259399
0.86259399
0.86259399
0.86259399
0.86259399
0.86259399
0.86259399
0.86259399
0.86259399
0.86259399
0.86259399
0.86259399
0.86259399
0.86259399
0.86259399
0.86259399
0.86259399
0.86259399
0.86259399
0.86259399
0.86259399
0.86259399
0.86259399
0.86259399
0.86259399
0.86259399
0.86259399
0.86259399
0.86259399
0.86259399
0.86259399
0.86259399
0.86259399
0.86259399
0.86259399
0.86259399
0.86259399
0.86259399
0.86259399
0.86259399
0.86259399
0.86259399
0.86259399
0.86259399
0.86259399
0.86259399
0.86259399
0.86259399
0.86259399
0.86259399
0.86259399
0.86259399
0.86259399
0.86259399
0.86259399
0.86259399
0.94513159
0.86259399
0.86259399
0.86259399
0.86259399
0.86259399
0.95748666
0.86259399
0.86259399
0.86259399
0.86259399
0.86259399
0.86259399
0.86259399
0.86259399
0.86259399
0.86259399
0.86259399
0.86259399
0.86259399
0.86259399
0.86259399
0.86259399
0.86259399
0.86259399
0.86259399
0.86259399
0.86259399
0.86259399
0.86259399
0.86259399
0.86259399
0.86259399
0.86259399
0.86259399
0.86259399
0.86259399
0.86259399
0.86259399
0.86259399
0.86259399
0.86259399
0.86259399
0.86259399
0.86259399
0.86259399
0.86259399
0.86259399
0.86259399
0.86259399
0.86259399
0.86259399
0.99969928
0.86259399
0.86259399
0.86259399
0.86259399
0.86259399
0.86259399
0.86259399
0.86259399
0.86259399
0.86259399
0.86259399
0.86259399
0.86259399
0.86259399
0.86259399
0.86259399
0.86259399
0.86259399
0.86259399
0.86259399
0.86259399
0.86259399
0.86259399
0.86259399
0.86259399
0.86259399
0.86259399
0.86259399
0.99989550
0.93322895
0.86259399
0.86259399
0.86259399
0.86259399
0.86259399
0.86259399
0.86259399
0.86259399
0.86259399
0.86259399
0.86259399
0.86259399
0.86259399
0.86259399
0.86259399
0.86259399
0.99989443
0.86259399
0.86259399
0.86259399
0.86259399
0.86259399
0.86259399
0.86259399
0.86259399
0.86259399
0.86259399
0.86259399
0.86259399
0.86259399
0.86259399
0.86259399
0.86259399
0.86259399
0.86259399
0.86259399
0.86259399
0.86259399
0.86259399
0.86259399
0.86259399
0.86259399
0.86259399
0.86259399
0.86259399
0.86259399
0.86259399
0.86259399
0.86259399
0.86259399
0.86259399
0.99078560
0.86259399
0.86259399
0.86259399
0.86259399
0.86259399
0.86259399
0.86259399
0.86259399
0.86259399
0.86259399
0.86259399
0.86259399
0.86259399
0.86259399
0.96200354
0.86259399
0.86259399
0.86259399
0.86259399
0.86259399
0.86259399
0.86259399
0.86259399
0.86259399
0.86259399
0.86259399
0.86259399
0.86259399
0.86259399
0.86259399
0.86259399
0.86259399
0.86259399
0.99398660
0.86259399
0.86259399
0.86259399
0.86259399
0.86259399
0.86259399
0.86259399
0.86259399
0.86259399
0.86259399
0.86259399
0.86259399
0.95547464
0.86259399
0.86259399
0.86259399
0.86259399
0.86259399
0.86259399
0.86259399
0.86259399
0.86259399
0.86259399
0.86259399
0.86259399
0.96584119
0.86259399
0.86259399
0.86259399
0.86259399
0.86259399
0.86259399
0.86259399
0.86259399
0.86259399
0.86259399
0.86259399
0.86259399
0.86259399
0.86259399
0.86259399
0.86259399
0.95582201
0.86259399
0.86259399
0.86259399
0.86259399
0.86259399
0.86259399
0.86259399
0.86259399
0.86259399
0.86259399
0.86259399
0.86259399
0.86259399
0.86259399
0.86259399
0.86259399
0.86259399
0.86259399
0.86259399
0.86259399
0.86259399
0.86259399
0.86259399
0.86259399
0.86259399
0.86259399
0.86259399
0.86259399
0.86259399
0.86259399
0.86259399
0.86259399
0.86259399
0.86259399
0.86259399
0.86259399
0.86259399
0.86259399
0.86259399
0.86259399
0.86259399
0.97930199
0.86259399
0.86259399
0.86259399
0.86259399
0.86259399
0.86259399
0.86259399
0.86259399
0.86259399
0.86259399
0.86259399
0.86259399
0.86259399
0.86259399
0.86259399
0.86259399
0.86259399
0.86259399
0.86259399
0.86259399
0.86259399
0.86259399
0.99786219
0.86259399
0.86259399
0.86259399
0.86259399
0.86259399
0.86259399
0.86259399
0.86259399
0.86259399
0.86259399
0.86259399
0.86259399
0.86259399
0.86259399
0.86259399
0.86259399
0.86259399
0.86259399
0.86259399
0.86259399
0.86259399
0.86259399
0.86259399
0.86259399
0.86259399
0.86259399
0.86259399
0.86259399
0.94213031
0.86259399
0.86259399
0.86259399
0.86259399
0.86259399
0.86259399
0.86259399
0.86259399
0.86259399
0.99999999
0.86259399
0.86259399
0.86259399
0.86259399
0.86259399
0.86259399
0.86259399
0.86259399
0.86259399
0.86259399
0.86259399
0.86259399
0.86259399
0.86259399
0.86259399
0.86259399
0.86259399
0.86259399
0.86259399
0.86259399
0.86259399
0.86259399
0.99985714
0.86259399
0.86259399
0.86259399
0.86259399
0.86259399
0.86259399
0.86259399
0.86259399
0.86259399
0.86259399
0.98817129
0.86259399
0.86259399
0.86259399
0.86259399
0.86259399
0.86259399
0.86259399
0.86259399
0.86259399
0.86259399
0.86259399
0.86259399
0.86259399
0.86259399
0.86259399
0.86259399
0.86259399
0.86259399
0.86259399
0.86259399
0.86259399
0.86259399
0.86259399
0.86259399
0.86259399
0.86259399
0.86259399
0.86259399
0.86259399
0.86259399
0.86259399
0.86259399
0.86259399
0.86259399
0.86259399
0.86259399
0.86259399
0.86259399
0.86259399
0.86259399
0.86259399
0.86259399
0.86259399
0.86259399
0.86259399
0.86259399
0.86259399
0.86259399
0.86259399
0.86259399
0.86259399
0.86259399
0.86259399
0.86259399
0.86259399
0.94936448
0.86259399
0.86259399
0.86259399
0.86259399
0.86259399
0.86259399
0.86259399
0.86259399
0.86259399
0.86259399
0.86259399
0.86259399
0.86259399
0.86259399
0.86259399
0.86259399
0.86259399
0.86259399
0.86259399
0.86259399
0.86259399
0.86259399
0.86259399
0.86259399
0.86259399
0.86259399
0.86259399
0.86259399
0.86259399
0.86259399
0.86259399
0.86259399
0.86259399
0.86259399
0.86259399
0.86259399
0.86259399
0.86259399
0.86259399
0.86259399
0.86259399
0.86259399
0.86259399
0.86259399
0.86259399
0.86259399
0.86259399
0.86259399
0.86259399
0.86259399
0.96200354
0.86259399
0.86259399
0.86259399
0.86259399
0.86259399
0.86259399
0.86259399
0.86259399
0.93978887
0.99700027
0.86259399
0.86259399
0.86259399
0.86259399
0.86259399
0.86259399
0.86259399
0.86259399
0.86259399
0.86259399
0.86259399
0.86259399
0.86259399
0.86259399
0.86259399
0.86259399
0.94863578
0.86259399
0.86259399
0.86259399
0.86259399
0.86259399
0.86259399
0.86259399
0.86259399
0.95611072
0.86259399
0.86259399
0.86259399
0.86259399
0.86259399
0.86259399
0.99999899
0.86259399
0.86259399
0.86259399
0.86259399
0.86259399
0.86259399
0.86259399
0.86259399
0.86259399
0.99999728
0.86259399
0.86259399
0.86259399
0.86259399
0.86259399
0.86259399
0.86259399
0.86259399
0.86259399
0.86259399
0.86259399
0.86259399
0.86259399
0.86259399
0.86259399
0.86259399
0.86259399
0.86259399
0.86259399
0.86259399
0.99920077
0.86259399
0.86259399
0.86259399
0.86259399
0.86259399
0.86259399
0.99959994
0.86259399
0.86259399
0.86259399
0.86259399
0.86259399
0.86259399
0.86259399
0.86259399
0.86259399
0.86259399
0.86259399
0.86259399
0.86259399
0.86259399
0.86259399
0.86259399
0.86259399
0.86259399
0.86259399
0.86259399
0.99995265
0.86259399
0.86259399
0.86259399
0.86259399
0.86259399
0.86259399
0.86259399
0.86259399
0.86259399
0.99798525
0.86259399
0.86259399
0.86259399
0.86259399
0.86259399
0.86259399
0.86259399
0.86259399
0.86259399
0.86259399
0.86259399
0.86259399
0.86259399
0.86259399
0.86259399
0.86259399
0.86259399
0.97244397
0.86259399
0.86259399
0.86259399
0.86259399
0.86259399
0.86259399
0.86259399
0.86259399
0.86259399
0.86259399
0.86259399
0.86259399
0.86259399
0.86259399
0.86259399
0.86259399
0.86259399
0.86259399
0.98474798
0.86259399
0.86259399
0.86259399
0.86259399
0.86259399
0.86259399
0.86259399
0.86259399
0.86259399
0.86259399
0.86259399
0.86259399
0.86259399
0.86259399
0.86259399
0.86259399
0.86259399
0.86259399
0.86259399
0.86259399
0.86259399
0.86259399
0.86259399
0.86259399
0.86259399
0.95570633
0.86259399
0.86259399
0.86259399
0.86259399
0.86259399
0.86259399
0.86259399
0.86259399
0.86259399
0.97497572
0.86259399
0.86259399
0.97374797
0.86259399
0.93959804
0.86259399
0.86259399
0.86259399
0.86259399
0.86259399
0.86259399
0.99999245
0.86259399
0.86259399
0.86259399
0.86259399
0.86259399
0.86259399
0.86259399
0.86259399
0.86259399
0.86259399
0.86259399
0.99848971
0.86259399
0.86259399
0.86259399
0.86259399
0.86259399
0.86259399
0.86259399
0.86259399
0.86259399
0.86259399
0.86259399
0.86259399
0.86259399
0.86259399
0.86259399
0.86259399
0.86259399
0.86259399
0.86259399
0.86259399
0.86259399
0.86259399
0.86259399
0.86259399
0.86259399
0.86259399
0.86259399
0.86259399
0.86259399
0.86259399
0.86259399
0.86259399
0.86259399
0.86259399
0.94531771
0.86259399
0.86259399
0.86259399
0.86259399
0.86259399
0.86259399
0.86259399
0.86259399
0.99589690
0.86259399
0.86259399
0.86259399
0.99375085
0.86259399
0.86259399
0.86259399
0.86259399
0.86259399
0.86259399
0.86259399
0.86259399
0.86259399
0.86259399
0.86259399
0.86259399
0.86259399
0.86259399
0.86259399
0.86259399
0.86259399
0.86259399
0.86259399
0.86259399
0.86259399
0.86259399
0.86259399
0.86259399
0.86259399
0.86259399
0.86259399
0.86259399
0.86259399
0.86259399
0.86259399
0.86259399
0.86259399
0.86259399
0.86259399
0.86259399
0.86259399
0.86259399
0.86259399
0.86259399
0.86259399
0.86259399
0.86259399
0.86259399
0.86259399
0.86259399
0.86259399
0.86259399
0.94680004
0.86259399
0.86259399
0.86259399
0.95929511
0.86259399
0.86259399
0.86259399
0.86259399
0.86259399
0.86259399
0.86259399
0.86259399
0.86259399
0.86259399
0.86259399
0.86259399
0.86259399
0.86259399
0.86259399
0.94996919
0.86259399
0.86259399
0.86259399
0.86259399
0.86259399
0.86259399
0.86259399
0.86259399
0.86259399
0.86259399
0.98219623
0.86259399
0.99929710
0.86259399
0.86259399
0.86259399
0.86259399
0.86259399
0.86259399
0.86259399
0.86259399
0.86259399
0.97187566
0.86259399
0.86259399
0.86259399
0.86259399
0.86259399
0.86259399
0.86259399
0.86259399
0.86259399
0.86259399
0.86259399
0.86259399
0.86259399
0.86259399
0.86259399
0.86259399
0.86259399
0.86259399
0.94042393
0.86259399
0.86259399
0.99629073
0.86259399
0.86259399
0.86259399
0.86259399
0.86259399
0.86259399
0.86259399
0.86259399
0.86259399
0.86259399
0.86259399
0.97502063
0.99992131
0.86259399
0.86259399
0.86259399
0.86259399
0.86259399
0.86259399
0.86259399
0.86259399
0.86259399
0.86259399
0.86259399
0.86259399
0.86259399
0.86259399
0.86259399
0.86259399
0.86259399
0.86259399
0.86259399
0.86259399
0.86259399
0.86259399
0.86259399
0.86259399
0.86259399
0.86259399
0.86259399
0.86259399
0.86259399
0.86259399
0.86259399
0.86259399
0.86259399
0.86259399
0.86259399
0.97763968
0.86259399
0.86259399
0.86259399
0.86259399
0.86259399
0.86259399
0.86259399
0.86259399
0.86259399
0.86259399
0.86259399
0.86259399
0.86259399
0.86259399
0.86259399
0.86259399
0.99464102
0.86259399
0.93723323
0.86259399
0.86259399
0.86259399
0.86259399
0.86259399
0.86259399
0.86259399
0.86259399
0.86259399
0.86259399
0.86259399
0.86259399
0.86259399
0.86259399
0.86259399
0.86259399
0.86259399
0.86259399
0.86259399
0.86259399
0.86259399
0.86259399
0.86259399
0.86259399
0.86259399
0.86259399
0.86259399
0.86259399
0.86259399
0.86259399
0.86259399
0.86259399
0.86259399
0.86259399
0.86259399
0.86259399
0.86259399
0.86259399
0.86259399
0.86259399
0.86259399
0.86259399
0.86259399
0.86259399
0.86259399
0.86259399
0.86259399
0.86259399
0.86259399
0.86259399
0.86259399
0.86259399
0.99305074
0.86259399
0.86259399
0.86259399
0.86259399
0.86259399
0.86259399
0.86259399
0.86259399
0.86259399
0.86259399
0.86259399
0.86259399
0.86259399
0.86259399
0.86259399
0.86259399
0.86259399
0.86259399
0.86259399
0.86259399
0.86259399
0.99529668
0.86259399
0.86259399
0.86259399
0.86259399
0.86259399
0.86259399
0.86259399
0.86259399
0.86259399
0.86259399
0.94599858
0.86259399
0.86259399
0.86259399
0.86259399
0.86259399
0.86259399
0.86259399
0.86259399
0.86259399
0.86259399
0.86259399
0.86259399
0.86259399
0.86259399
0.86259399
0.86259399
0.86259399
0.86259399
0.86259399
0.86259399
0.86259399
0.86259399
0.86259399
0.86259399
0.86259399
0.86259399
0.99773399
0.86259399
0.86259399
0.86259399
0.86259399
0.86259399
0.86259399
0.86259399
0.86259399
0.86259399
0.86259399
0.86259399
0.99779380
0.86259399
0.99999816
0.99995265
0.86259399
0.86259399
0.86259399
0.86259399
0.86259399
0.86259399
0.86259399
0.86259399
0.86259399
0.86259399
0.86259399
0.86259399
0.86259399
0.86259399
0.86259399
0.86259399
0.86259399
0.86259399
0.86259399
0.86259399
0.86259399
0.86259399
0.86259399
0.86259399
0.86259399
0.99983885
0.86259399
0.86259399
0.86259399
0.86259399
0.86259399
0.86259399
0.86259399
0.86259399
0.86259399
0.86259399
0.86259399
0.86259399
0.86259399
0.86259399
0.86259399
0.86259399
0.86259399
0.86259399
0.86259399
0.86259399
0.86259399
0.86259399
0.86259399
0.86259399
0.86259399
0.86259399
0.86259399
0.86259399
0.86259399
0.86259399
0.86259399
0.86259399
0.86259399
0.86259399
0.86259399
0.86259399
0.86259399
0.86259399
0.86259399
0.86259399
0.86259399
0.86259399
0.86259399
0.86259399
0.86259399
0.86259399
0.99999998
0.86259399
0.86259399
0.86259399
0.86259399
0.86259399
0.86259399
0.86259399
0.86259399
0.86259399
0.86259399
0.86259399
0.86259399
0.86259399
0.86259399
0.86259399
0.86259399
0.86259399
0.86259399
0.86259399
0.86259399
0.86259399
0.86259399
0.86259399
0.86259399
0.86259399
0.86259399
0.99999759
0.86259399
0.86259399
0.86259399
0.98937609
0.86259399
0.86259399
0.86259399
0.86259399
0.86259399
0.86259399
0.86259399
0.86259399
0.86259399
0.86259399
0.86259399
0.86259399
0.86259399
0.86259399
0.86259399
0.86259399
0.86259399
0.86259399
0.86259399
0.86259399
0.86259399
0.86259399
0.86259399
0.86259399
0.86259399
0.86259399
0.86259399
0.86259399
0.86259399
0.86259399
0.86259399
0.86259399
0.86259399
0.86259399
0.86259399
0.86259399
0.86259399
0.86259399
0.86259399
0.86259399
0.86259399
0.86259399
0.86259399
0.86259399
0.86259399
0.86259399
0.86259399
0.86259399
0.86259399
0.86259399
0.86259399
0.86259399
0.86259399
0.86259399
0.86259399
0.86259399
0.86259399
0.86259399
0.86259399
0.86259399
0.86259399
0.86259399
0.86259399
0.86259399
0.86259399
0.99990957
0.86259399
0.86259399
0.86259399
0.86259399
0.86259399
0.86259399
0.86259399
0.86259399
0.86259399
0.86259399
0.86259399
0.86259399
0.86259399
0.86259399
0.86259399
0.86259399
0.86259399
0.86259399
0.86259399
0.86259399
0.86259399
0.86259399
0.86259399
0.86259399
0.86259399
0.86259399
0.86259399
0.86259399
0.86259399
0.86259399
0.86259399
0.99999791
0.94010660
0.86259399
0.86259399
0.86259399
0.86259399
0.86259399
0.86259399
0.86259399
0.98155236
0.99986885
0.86259399
0.86259399
0.86259399
0.86259399
0.86259399
0.86259399
0.86259399
0.86259399
0.86259399
0.86259399
0.86259399
0.86259399
0.86259399
0.86259399
0.86259399
0.86259399
0.86259399
0.86259399
0.86259399
0.86259399
0.86259399
0.86259399
0.86259399
0.86259399
0.86259399
0.86259399
0.86259399
0.86259399
0.86259399
0.99230240
0.86259399
0.86259399
0.86259399
0.86259399
0.86259399
0.86259399
0.86259399
0.86259399
0.86259399
0.86259399
0.86259399
0.86259399
0.86259399
0.86259399
0.86259399
0.86259399
0.86259399
0.86259399
0.86259399
0.86259399
0.86259399
0.86259399
0.86259399
0.86259399
0.86259399
0.86259399
0.86259399
0.86259399
0.86259399
0.86259399
0.86259399
0.86259399
0.86259399
0.86259399
0.86259399
0.86259399
0.86259399
0.86259399
0.86259399
0.86259399
0.86259399
0.86259399
0.86259399
0.96145695
0.86259399
0.86259399
0.86259399
0.93394280
0.86259399
0.86259399
0.86259399
0.86259399
0.86259399
0.86259399
0.86259399
0.86259399
0.86259399
0.86259399
0.86259399
0.86259399
0.86259399
0.86259399
0.96646352
0.86259399
0.86259399
0.86259399
0.86259399
0.86259399
0.86259399
0.86259399
0.86259399
0.86259399
0.86259399
0.86259399
0.86259399
0.86259399
0.86259399
0.86259399
0.86259399
0.86259399
0.86259399
0.86259399
0.86259399
0.86259399
0.86259399
0.86259399
0.86259399
0.86259399
0.86259399
0.99111260
0.86259399
0.86259399
0.86259399
0.86259399
0.86259399
0.86259399
0.86259399
0.86259399
0.86259399
0.94369887
0.86259399
0.86259399
0.86259399
0.86259399
0.86259399
0.86259399
0.98308365
0.86259399
0.86259399
0.86259399
0.86259399
0.86259399
0.86259399
0.86259399
0.86259399
0.86259399
0.86259399
0.86259399
0.86259399
0.99580574
0.86259399
0.86259399
0.86259399
0.86259399
0.86259399
0.86259399
0.86259399
0.86259399
0.86259399
0.86259399
0.86259399
0.86259399
0.86259399
0.86259399
0.86259399
0.86259399
0.86259399
0.86259399
0.86259399
0.86259399
0.86259399
0.86259399
0.86259399
0.86259399
0.86259399
0.86259399
0.86259399
0.86259399
0.86259399
0.86259399
0.86259399
0.86259399
0.86259399
0.86259399
0.86259399
0.86259399
0.86259399
0.86259399
0.86259399
0.94513159
0.86259399
0.86259399
0.86259399
0.86259399
0.99838104
0.86259399
0.95685806
0.86259399
0.86259399
0.86259399
0.99547604
0.86259399
0.86259399
0.86259399
0.86259399
0.86259399
0.86259399
0.86259399
0.86259399
0.86259399
0.86259399
0.86259399
0.86259399
0.86259399
0.96399749
0.86259399
0.86259399
0.86259399
0.86259399
0.86259399
0.96340943
0.86259399
0.86259399
0.86259399
0.86259399
0.86259399
0.86259399
0.86259399
0.86259399
0.86259399
0.86259399
0.86259399
0.86259399
0.86259399
0.86259399
0.86259399
0.97333222
0.86259399
0.86259399
0.86259399
0.86259399
0.86259399
0.86259399
0.86259399
0.86259399
0.86259399
0.86259399
0.86259399
0.86259399
0.86259399
0.86259399
0.86259399
0.86259399
0.86259399
0.86259399
0.99999902
0.86259399
0.86259399
0.86259399
0.86259399
0.86259399
0.86259399
0.86259399
0.86259399
0.86259399
0.86259399
0.86259399
0.97586608
0.86259399
0.86259399
0.86259399
0.86259399
0.86259399
0.86259399
0.86259399
0.86259399
0.86259399
0.86259399
0.86259399
0.96774359
0.86259399
0.86259399
0.86259399
0.95996532
0.86259399
0.86259399
0.86259399
0.86259399
0.86259399
0.86259399
0.86259399
0.86259399
0.86259399
0.86259399
0.86259399
0.86259399
0.86259399
0.86259399
0.86259399
0.86259399
0.86259399
0.86259399
0.86259399
0.86259399
0.86259399
0.86259399
0.86259399
0.86259399
0.86259399
0.86259399
0.86259399
0.86259399
0.86259399
0.94257065
0.86259399
0.86259399
0.86259399
0.86259399
0.86259399
0.99819072
0.86259399
0.86259399
0.86259399
0.86259399
0.86259399
0.86259399
0.86259399
0.86259399
0.86259399
0.86259399
0.86259399
0.86259399
0.86259399
0.86259399
0.86259399
0.86259399
0.86259399
0.86259399
0.86259399
0.86259399
0.86259399
0.86259399
0.86259399
0.98467915
1.00000000
0.86259399
0.86259399
0.86259399
0.86259399
0.86259399
0.86259399
0.86259399
0.86259399
0.86259399
0.86259399
0.86259399
0.86259399
0.86259399
0.86259399
0.86259399
0.86259399
0.86259399
0.86259399
0.86259399
0.86259399
0.86259399
0.86259399
0.86259399
0.86259399
0.86259399
0.86259399
0.86259399
0.86259399
0.86259399
0.86259399
0.86259399
0.86259399
0.86259399
0.86259399
0.86259399
0.86259399
0.86259399
0.86259399
0.86259399
0.97881043
0.86259399
0.86259399
0.86259399
0.86259399
0.86259399
0.86259399
0.86259399
0.86259399
0.86259399
0.86259399
0.86259399
0.86259399
0.86259399
0.86259399
0.86259399
0.86259399
0.86259399
0.86259399
0.86259399
0.86259399
0.86259399
0.86259399
0.86259399
0.86259399
0.86259399
0.86259399
0.86259399
0.86259399
0.86259399
0.86259399
0.86259399
0.86259399
0.86259399
0.86259399
0.86259399
0.99997523
0.99994128
0.86259399
0.86259399
0.86259399
0.98589094
0.86259399
0.86259399
0.86259399
0.86259399
0.86259399
0.86259399
0.86259399
0.86259399
0.86259399
0.86259399
0.86259399
0.86259399
0.86259399
0.86259399
0.86259399
0.99999747
0.86259399
0.86259399
0.86259399
0.86259399
0.86259399
0.86259399
0.86259399
0.86259399
0.86259399
0.86259399
0.86259399
0.86259399
0.86259399
0.86259399
0.86259399
0.86259399
0.86259399
0.86259399
0.86259399
0.86259399
0.86259399
0.86259399
0.86259399
0.86259399
0.86259399
0.86259399
0.86259399
0.86259399
0.86259399
0.86259399
0.86259399
0.86259399
0.86259399
0.99346835
0.86259399
0.86259399
0.86259399
0.86259399
0.86259399
0.86259399
0.86259399
0.86259399
0.97599822
0.86259399
0.86259399
0.86259399
0.86259399
0.86259399
0.86259399
0.86259399
0.86259399
0.86259399
0.86259399
0.86259399
0.86259399
0.86259399
0.86259399
0.86259399
0.86259399
0.86259399
0.86259399
0.86259399
0.86259399
0.86259399
0.86259399
0.86259399
0.86259399
0.86259399
0.86259399
0.86259399
0.86259399
0.86259399
0.86259399
0.86259399
0.86259399
0.86259399
0.86259399
0.86259399
0.86259399
0.86259399
0.86259399
0.86259399
0.86259399
0.86259399
0.86259399
0.86259399
0.86259399
0.86259399
0.86259399
0.86259399
0.86259399
0.86259399
0.86259399
0.86259399
0.95015015
0.86259399
0.86259399
0.86259399
0.86259399
0.98970602
0.86259399
0.86259399
0.86259399
0.86259399
0.86259399
0.86259399
0.86259399
0.86259399
0.86259399
0.86259399
0.86259399
0.86259399
0.86259399
0.86259399
0.86259399
0.86259399
0.86259399
0.86259399
0.86259399
0.86259399
0.86259399
0.86259399
0.86259399
0.86259399
0.94475883
0.86259399
0.86259399
0.86259399
0.86259399
0.86259399
0.86259399
0.86259399
0.86259399
0.86259399
0.86259399
0.86259399
0.86259399
0.86259399
0.86259399
0.97347116
0.86259399
0.99123642
0.86259399
0.86259399
0.86259399
0.86259399
0.86259399
0.86259399
0.86259399
0.86259399
0.86259399
0.86259399
0.86259399
0.86259399
0.94942505
0.86259399
0.86259399
0.86259399
0.86259399
0.86259399
0.86259399
0.86259399
0.86259399
0.86259399
0.86259399
0.86259399
0.86259399
0.86259399
0.86259399
0.86259399
0.86259399
0.86259399
0.86259399
0.86259399
0.86259399
0.86259399
0.86259399
0.96063110
0.86259399
0.86259399
0.86259399
0.86259399
0.86259399
0.86259399
0.86259399
0.86259399
0.86259399
0.86259399
0.86259399
0.86259399
0.95714422
0.86259399
0.86259399
0.86259399
0.86259399
0.86259399
0.86259399
0.86259399
0.86259399
0.86259399
0.86259399
0.86259399
0.86259399
0.86259399
0.86259399
0.86259399
0.86259399
0.86259399
0.86259399
0.99668446
0.86259399
0.86259399
0.86259399
0.86259399
0.86259399
0.86259399
0.86259399
0.86259399
0.86259399
0.86259399
0.86259399
0.86259399
0.86259399
0.86259399
0.86259399
0.86259399
0.86259399
0.86259399
0.86259399
0.86259399
0.86259399
0.86259399
0.86259399
0.86259399
0.86259399
0.86259399
0.86259399
0.86259399
0.86259399
0.86259399
0.86259399
0.86259399
0.86259399
0.86259399
0.86259399
0.86259399
0.86259399
0.86259399
0.86259399
0.86259399
0.86259399
0.86259399
0.86259399
0.86259399
0.86259399
0.86259399
0.86259399
0.86259399
0.86259399
0.86259399
0.86259399
0.86259399
0.86259399
0.86259399
0.86259399
0.86259399
0.86259399
0.86259399
0.86259399
0.86259399
0.86259399
0.86259399
0.86259399
0.86259399
0.86259399
0.86259399
0.86259399
0.86259399
0.86259399
0.86259399
0.86259399
0.86259399
0.86259399
0.86259399
0.86259399
0.86259399
0.86259399
0.86259399
0.86259399
0.86259399
0.86259399
0.86259399
0.86259399
0.86259399
0.86259399
0.86259399
0.86259399
0.86259399
0.86259399
0.86259399
0.86259399
0.86259399
0.86259399
0.86259399
0.86259399
0.86259399
0.86259399
0.86259399
0.86259399
0.86259399
0.86259399
0.86259399
0.86259399
0.86259399
0.86259399
0.86259399
0.86259399
0.86259399
0.86259399
0.86259399
0.86259399
0.86259399
0.86259399
0.86259399
0.86259399
0.86259399
0.86259399
0.86259399
0.86259399
0.86259399
0.86259399
0.86259399
0.86259399
0.86259399
0.86259399
0.86259399
0.86259399
0.99998239
0.86259399
0.86259399
0.86259399
0.86259399
0.86259399
0.86259399
0.86259399
0.86259399
0.86259399
0.86259399
0.86259399
0.86259399
0.86259399
0.86259399
0.86259399
0.86259399
0.86259399
0.99209613
0.86259399
0.86259399
0.86259399
0.86259399
0.86259399
0.86259399
0.86259399
0.86259399
0.86259399
0.99967015
0.86259399
0.86259399
0.86259399
0.86259399
0.86259399
0.95319294
0.86259399
0.86259399
0.86259399
0.97699892
0.96415716
0.86259399
0.86259399
0.86259399
0.86259399
0.86259399
0.86259399
0.86259399
0.86259399
0.86259399
0.86259399
0.86259399
0.86259399
0.86259399
0.86259399
0.86259399
0.86259399
0.86259399
0.86259399
0.86259399
0.86259399
0.86259399
0.86259399
0.86259399
0.86259399
0.86259399
0.86259399
0.86259399
0.95483522
0.86259399
0.86259399
0.86259399
0.86259399
0.86259399
0.86259399
0.86259399
0.86259399
0.94444766
0.97827099
0.86259399
0.86259399
0.86259399
0.86259399
0.86259399
0.86259399
0.86259399
0.86259399
0.86259399
0.86259399
0.95436812
0.86259399
0.86259399
0.86259399
0.86259399
0.86259399
0.86259399
0.86259399
0.86259399
0.86259399
0.86259399
0.86259399
0.86259399
0.86259399
0.86259399
0.86259399
0.86259399
0.86259399
0.86259399
0.86259399
0.86259399
0.86259399
0.86259399
0.86259399
0.86259399
0.86259399
0.86259399
0.86259399
0.86259399
0.86259399
0.86259399
0.86259399
0.86259399
0.86259399
0.86259399
0.86259399
0.86259399
0.86259399
0.86259399
0.86259399
0.86259399
0.86259399
0.86259399
0.97608611
0.86259399
0.86259399
0.86259399
0.86259399
0.86259399
0.86259399
0.86259399
0.86259399
0.86259399
0.86259399
0.86259399
0.86259399
0.86259399
0.86259399
0.86259399
0.96682419
0.86259399
0.86259399
0.86259399
0.86259399
0.86259399
0.86259399
0.86259399
0.86259399
0.86259399
0.86259399
0.86259399
0.86259399
0.86259399
0.86259399
0.86259399
0.86259399
0.86259399
0.86259399
0.86259399
0.86259399
0.94918261
0.86259399
0.86259399
0.86259399
0.86259399
0.86259399
0.86259399
0.86259399
0.86259399
0.86259399
0.86259399
0.86259399
0.86259399
0.86259399
0.86259399
0.86259399
0.86259399
0.86259399
0.86259399
0.86259399
0.86259399
0.86259399
0.86259399
0.99992300
0.86259399
0.86259399
0.86259399
0.86259399
0.86259399
0.86259399
0.86259399
0.86259399
0.86259399
0.99860747
0.86259399
0.86259399
0.86259399
0.86259399
0.94376138
0.86259399
0.86259399
0.86259399
0.86259399
0.86259399
0.86259399
0.86259399
0.86259399
0.86259399
0.86259399
0.86259399
0.86259399
0.86259399
0.86259399
0.86259399
0.86259399
0.86259399
0.86259399
0.86259399
0.86259399
0.86259399
0.86259399
0.86259399
0.86259399
0.86259399
0.86259399
0.86259399
0.86259399
0.86259399
0.86259399
0.86259399
0.86259399
0.86259399
0.86259399
0.86259399
0.86259399
0.86259399
0.86259399
0.86259399
0.86259399
0.86259399
0.86259399
0.86259399
0.86259399
0.86259399
0.93335885
0.86259399
0.86259399
0.86259399
0.86259399
0.86259399
0.86259399
0.86259399
0.86259399
0.86259399
0.86259399
0.86259399
0.86259399
0.86259399
0.86259399
0.86259399
0.86259399
0.86259399
0.86259399
0.86259399
0.86259399
0.86259399
0.86259399
0.99101276
0.86259399
0.86259399
0.86259399
0.86259399
0.86259399
0.86259399
0.86259399
0.86259399
0.86259399
0.86259399
0.86259399
0.86259399
0.86259399
0.86259399
0.86259399
0.86259399
0.86259399
0.86259399
0.86259399
0.86259399
0.86259399
0.86259399
0.86259399
0.86259399
0.86259399
0.86259399
0.99982205
0.86259399
0.86259399
0.86259399
0.86259399
0.86259399
0.86259399
0.99795730
0.86259399
0.86259399
0.86259399
0.86259399
0.86259399
0.86259399
0.86259399
0.86259399
0.86259399
0.86259399
0.86259399
0.86259399
0.86259399
0.86259399
0.86259399
0.86259399
0.86259399
0.86259399
0.86259399
0.86259399
0.99534605
0.86259399
0.86259399
0.86259399
0.86259399
0.86259399
0.86259399
0.86259399
0.86259399
0.86259399
0.86259399
0.86259399
0.86259399
0.86259399
0.86259399
0.86259399
0.86259399
0.86259399
0.86259399
0.86259399
0.86259399
0.86259399
0.86259399
0.86259399
0.86259399
0.86259399
0.86259399
0.86259399
0.86259399
0.86259399
0.86259399
0.86259399
0.86259399
0.98863946
0.86259399
0.86259399
0.86259399
0.86259399
0.99999964
0.86259399
0.99999978
0.86259399
0.86259399
0.86259399
0.86259399
0.86259399
0.86259399
0.86259399
0.86259399
0.86259399
0.86259399
0.86259399
0.99620551
0.99895109
0.86259399
0.86259399
0.86259399
0.86259399
0.86259399
0.86259399
0.86259399
0.86259399
0.86259399
0.86259399
0.86259399
0.86259399
0.86259399
0.86259399
0.86259399
0.86259399
0.86259399
0.86259399
0.86259399
0.86259399
0.86259399
0.86259399
0.86259399
0.86259399
0.86259399
0.86259399
0.86259399
0.86259399
0.86259399
0.86259399
0.86259399
0.86259399
0.86259399
0.86259399
0.86259399
0.86259399
0.99388908
0.86259399
0.86259399
0.86259399
0.86259399
0.86259399
0.86259399
0.86259399
0.86259399
0.86259399
0.86259399
0.86259399
0.86259399
0.86259399
0.86259399
0.86259399
0.86259399
0.86259399
0.86259399
0.99492396
0.97484076
0.86259399
0.86259399
0.86259399
0.86259399
0.86259399
0.86259399
0.86259399
0.86259399
0.86259399
0.86259399
0.86259399
0.86259399
0.86259399
0.86259399
0.86259399
0.86259399
0.86259399
0.86259399
0.86259399
0.86259399
0.86259399
0.86259399
0.86259399
0.86259399
0.86259399
0.86259399
0.86259399
0.86259399
0.86259399
0.86259399
0.86259399
0.86259399
0.86259399
0.86259399
0.86259399
0.86259399
0.86259399
0.86259399
0.99841263
0.86259399
0.86259399
0.86259399
0.86259399
0.98116773
0.98997611
0.86259399
0.86259399
0.86259399
0.86259399
0.86259399
0.86259399
0.97277288
0.86259399
0.86259399
0.86259399
0.86259399
0.86259399
0.86259399
0.86259399
0.86259399
0.86259399
0.86259399
0.98223371
0.86259399
0.86259399
0.86259399
0.86259399
0.98909631
0.86259399
0.86259399
0.86259399
0.86259399
0.86259399
0.86259399
0.86259399
0.86259399
0.86259399
0.86259399
0.86259399
0.86259399
0.86259399
0.86259399
0.86259399
0.86259399
0.86259399
0.86259399
0.86259399
0.86259399
0.86259399
0.86259399
0.86259399
0.86259399
0.93966167
0.86259399
0.86259399
0.86259399
0.86259399
0.86259399
0.86259399
0.86259399
0.86259399
0.86259399
0.99827530
0.86259399
0.99987864
0.86259399
0.86259399
0.86259399
0.86259399
0.86259399
0.86259399
0.86259399
0.86259399
0.86259399
0.86259399
0.86259399
0.86259399
0.86259399
0.86259399
0.86259399
0.86259399
0.86259399
0.86259399
0.86259399
0.86259399
0.86259399
0.86259399
0.86259399
0.86259399
0.86259399
0.86259399
0.86259399
0.86259399
0.86259399
0.86259399
0.86259399
0.86259399
0.86259399
0.86259399
0.86259399
0.86259399
0.86259399
0.86259399
0.86259399
0.86259399
0.86259399
0.86259399
0.86259399
0.86259399
0.86259399
0.86259399
0.99369099
0.86259399
0.86259399
0.86259399
0.86259399
0.86259399
0.86259399
0.86259399
0.86259399
0.86259399
0.86259399
0.86259399
0.86259399
0.86259399
0.86259399
0.86259399
0.86259399
0.86259399
0.86259399
0.86259399
0.86259399
0.86259399
0.86259399
0.86259399
0.86259399
0.86259399
0.86259399
0.86259399
0.86259399
0.86259399
0.86259399
0.86259399
0.86259399
0.86259399
0.86259399
0.86259399
0.86259399
0.86259399
0.96145695
0.99961140
0.86259399
0.86259399
0.86259399
0.86259399
0.86259399
0.86259399
0.86259399
0.86259399
0.86259399
0.86259399
0.86259399
0.86259399
0.86259399
0.86259399
0.99981070
0.86259399
0.86259399
0.86259399
0.86259399
0.99904161
0.86259399
0.86259399
0.86259399
0.86259399
0.86259399
0.86259399
0.86259399
0.86259399
0.86259399
0.86259399
0.86259399
0.86259399
0.86259399
0.86259399
0.86259399
0.86259399
0.86259399
0.86259399
0.86259399
0.86259399
0.86259399
0.86259399
0.86259399
0.86259399
0.86259399
0.86259399
0.86259399
0.86259399
0.86259399
0.86259399
0.98976039
0.86259399
0.86259399
0.86259399
0.86259399
0.86259399
0.86259399
0.86259399
0.86259399
0.86259399
0.86259399
0.86259399
0.86259399
0.86259399
0.86259399
0.86259399
0.86259399
0.86259399
0.86259399
0.86259399
0.86259399
0.86259399
0.86259399
0.86259399
0.86259399
0.86259399
0.86259399
0.86259399
0.86259399
0.95242349
0.86259399
0.86259399
0.94550364
0.86259399
0.86259399
0.86259399
0.86259399
0.86259399
0.86259399
0.86259399
0.86259399
0.86259399
0.86259399
0.86259399
0.86259399
0.86259399
0.86259399
0.86259399
0.86259399
0.86259399
0.86259399
0.86259399
0.86259399
0.86259399
0.86259399
0.86259399
0.86259399
0.98872599
0.86259399
0.86259399
0.86259399
0.86259399
0.86259399
0.86259399
0.86259399
0.86259399
0.94912194
0.86259399
0.86259399
0.86259399
0.86259399
0.86259399
0.86259399
0.86259399
0.86259399
0.86259399
0.99997761
0.86259399
0.86259399
0.86259399
0.86259399
0.86259399
0.86259399
0.86259399
0.94055075
0.86259399
0.86259399
0.86259399
0.86259399
0.86259399
0.86259399
0.86259399
0.86259399
0.86259399
0.95963077
0.86259399
0.86259399
0.86259399
0.86259399
0.86259399
0.86259399
0.86259399
0.86259399
0.86259399
0.86259399
0.86259399
0.86259399
0.86259399
0.86259399
0.86259399
0.86259399
0.86259399
0.86259399
0.86259399
0.86259399
0.86259399
0.86259399
0.86259399
0.86259399
0.86259399
0.86259399
0.86259399
0.86259399
0.86259399
0.86259399
0.86259399
0.86259399
0.86259399
0.86259399
0.94784270
0.86259399
0.86259399
0.86259399
0.86259399
0.86259399
0.86259399
0.86259399
0.86259399
0.86259399
0.86259399
0.86259399
0.86259399
0.86259399
0.86259399
0.86259399
0.86259399
0.86259399
0.86259399
0.86259399
0.86259399
0.99999977
0.95254215
0.86259399
0.86259399
0.86259399
0.86259399
0.86259399
0.86259399
0.86259399
0.86259399
0.99384979
0.86259399
0.86259399
0.98959675
0.86259399
0.86259399
0.86259399
0.86259399
0.86259399
0.86259399
0.86259399
0.86259399
0.86259399
0.86259399
0.86259399
0.86259399
0.86259399
0.93459055
0.86259399
0.86259399
0.86259399
0.95500993
0.86259399
0.86259399
0.86259399
0.86259399
0.86259399
0.99999999
0.86259399
0.86259399
0.86259399
0.86259399
0.86259399
0.86259399
0.86259399
0.86259399
0.86259399
0.86259399
0.86259399
0.86259399
0.86259399
0.86259399
0.86259399
0.86259399
0.86259399
0.86259399
0.86259399
0.86259399
0.86259399
0.86259399
0.86259399
0.86259399
0.86259399
0.86259399
0.86259399
0.86259399
0.86259399
0.86259399
0.95918298
0.86259399
0.86259399
0.86259399
0.86259399
0.86259399
0.86259399
0.86259399
0.86259399
0.99797597
0.99999364
0.86259399
0.86259399
0.86259399
0.86259399
0.86259399
0.86259399
0.86259399
0.86259399
0.86259399
0.86259399
0.86259399
0.86259399
0.86259399
0.86259399
0.86259399
0.86259399
0.86259399
0.86259399
0.86259399
0.86259399
0.99987982
0.86259399
0.86259399
0.86259399
0.86259399
0.86259399
0.86259399
0.86259399
0.86259399
0.86259399
0.86259399
0.86259399
0.86259399
0.86259399
0.86259399
0.86259399
0.86259399
0.86259399
0.86259399
0.86259399
0.86259399
0.86259399
0.86259399
0.86259399
0.86259399
0.86259399
0.86259399
0.86259399
0.86259399
0.86259399
0.86259399
0.86259399
0.86259399
0.94562750
0.86259399
0.86259399
0.86259399
0.86259399
0.86259399
0.86259399
0.86259399
0.86259399
0.86259399
0.86259399
0.98174305
0.86259399
0.86259399
0.86259399
0.86259399
0.86259399
0.86259399
0.86259399
0.86259399
0.86259399
0.86259399
0.86259399
0.86259399
0.86259399
0.86259399
0.86259399
0.86259399
0.86259399
0.86259399
0.86259399
0.86259399
0.86259399
0.86259399
0.86259399
0.86259399
0.86259399
0.86259399
0.86259399
0.86259399
0.86259399
0.86259399
0.86259399
0.86259399
0.86259399
0.99869823
0.86259399
0.86259399
0.86259399
0.86259399
0.86259399
0.86259399
0.86259399
0.86259399
0.86259399
0.86259399
0.86259399
0.86259399
0.94537971
0.86259399
0.86259399
0.86259399
0.86259399
0.86259399
0.86259399
0.86259399
0.86259399
0.86259399
0.86259399
0.86259399
0.94618384
0.86259399
0.86259399
0.86259399
0.86259399
0.86259399
0.86259399
0.86259399
0.86259399
0.86259399
0.86259399
0.86259399
0.86259399
0.86259399
0.86259399
0.86259399
0.86259399
0.86259399
0.86259399
0.86259399
0.96809797
0.86259399
0.86259399
0.96270926
0.86259399
0.86259399
0.86259399
0.96399749
0.86259399
0.86259399
0.86259399
0.86259399
0.96383751
0.86259399
0.86259399
0.86259399
0.86259399
0.86259399
0.86259399
0.86259399
0.86259399
0.86259399
0.86259399
0.86259399
0.86259399
0.86259399
0.86259399
0.86259399
0.86259399
0.86259399
0.86259399
0.86259399
0.86259399
0.86259399
0.86259399
0.86259399
0.86259399
0.86259399
0.86259399
0.86259399
0.86259399
0.86259399
0.86259399
0.86259399
0.86259399
0.86259399
0.86259399
0.86259399
0.86259399
0.86259399
0.86259399
0.86259399
0.86259399
0.86259399
0.86259399
0.86259399
0.86259399
0.86259399
0.86259399
0.86259399
0.86259399
0.86259399
0.86259399
0.86259399
0.86259399
0.86259399
0.86259399
0.86259399
0.86259399
0.86259399
0.86259399
0.86259399
0.86259399
0.86259399
0.86259399
0.86259399
0.86259399
0.86259399
0.86259399
0.86259399
0.86259399
0.86259399
0.86259399
0.86259399
0.86259399
0.86259399
0.86259399
0.86259399
0.86259399
0.86259399
0.86259399
0.86259399
0.86259399
0.86259399
0.86259399
0.86259399
0.86259399
0.86259399
0.86259399
1.00000000
0.86259399
0.86259399
0.86259399
0.86259399
0.86259399
0.86259399
0.86259399
0.86259399
0.86259399
0.86259399
0.86259399
0.86259399
0.86259399
0.86259399
0.95691535
0.95176907
0.86259399
0.86259399
0.86259399
0.86259399
0.86259399
0.86259399
0.99999999
0.93575343
0.86259399
0.86259399
0.86259399
0.86259399
0.86259399
0.86259399
0.86259399
0.86259399
0.86259399
0.86259399
0.97300663
0.86259399
0.86259399
0.86259399
0.86259399
0.86259399
0.86259399
0.86259399
0.86259399
0.86259399
0.99992216
0.86259399
0.86259399
0.86259399
0.86259399
0.86259399
0.86259399
0.86259399
0.86259399
0.86259399
0.86259399
0.86259399
0.86259399
0.86259399
0.86259399
0.86259399
0.86259399
0.86259399
0.86259399
0.86259399
0.86259399
0.86259399
0.86259399
0.86259399
0.86259399
0.86259399
0.86259399
0.86259399
0.86259399
0.86259399
0.86259399
0.86259399
0.86259399
0.86259399
0.86259399
0.86259399
0.86259399
0.86259399
0.86259399
0.86259399
0.86259399
0.86259399
0.86259399
0.86259399
0.86259399
0.86259399
0.86259399
0.86259399
0.99346835
0.86259399
0.86259399
0.86259399
0.86259399
0.86259399
1.00000000
0.86259399
0.86259399
0.86259399
0.86259399
0.86259399
0.86259399
0.86259399
0.86259399
0.86259399
0.86259399
0.86259399
0.86259399
0.86259399
0.86259399
0.86259399
0.86259399
0.86259399
0.97864521
0.86259399
0.86259399
0.86259399
0.86259399
0.86259399
0.86259399
0.86259399
0.86259399
0.93342378
0.86259399
0.86259399
0.86259399
0.86259399
0.86259399
0.86259399
0.86259399
0.86259399
0.86259399
0.86259399
0.86259399
0.86259399
0.86259399
0.86259399
0.86259399
0.86259399
0.86259399
0.86259399
0.86259399
0.86259399
0.86259399
0.86259399
0.86259399
0.86259399
0.86259399
0.86259399
0.86259399
0.86259399
0.86259399
0.86259399
0.86259399
0.86259399
0.86259399
0.86259399
0.86259399
0.86259399
0.86259399
0.86259399
0.86259399
0.86259399
0.86259399
0.86259399
0.86259399
0.86259399
0.86259399
0.86259399
0.86259399
0.86259399
0.86259399
0.86259399
0.86259399
0.86259399
0.86259399
0.86259399
0.86259399
0.86259399
0.99755842
0.86259399
0.86259399
0.86259399
0.86259399
0.86259399
0.86259399
0.86259399
0.86259399
0.86259399
0.86259399
0.86259399
0.86259399
0.86259399
0.86259399
0.86259399
0.86259399
0.86259399
0.86259399
0.86259399
0.86259399
0.86259399
0.86259399
0.86259399
0.86259399
0.86259399
0.86259399
0.86259399
0.86259399
0.99999934
0.86259399
0.86259399
0.86259399
0.86259399
0.86259399
0.86259399
0.86259399
0.86259399
0.86259399
0.86259399
0.86259399
0.86259399
0.86259399
0.86259399
0.86259399
0.86259399
0.86259399
0.86259399
0.86259399
0.86259399
0.86259399
0.86259399
0.86259399
0.86259399
0.86259399
0.86259399
0.86259399
0.98042497
0.86259399
0.86259399
0.86259399
0.86259399
0.86259399
0.86259399
0.86259399
0.86259399
0.86259399
0.86259399
0.86259399
0.86259399
0.86259399
0.86259399
0.86259399
0.86259399
0.86259399
0.86259399
0.86259399
0.86259399
0.86259399
0.86259399
0.86259399
0.86259399
0.86259399
0.86259399
0.86259399
0.86259399
0.86259399
0.86259399
0.86259399
0.95957490
0.86259399
0.86259399
0.86259399
0.86259399
0.86259399
0.86259399
0.86259399
0.86259399
0.86259399
0.93723323
0.86259399
0.86259399
0.86259399
0.86259399
0.86259399
0.86259399
0.86259399
0.86259399
0.86259399
0.86259399
0.86259399
0.86259399
0.86259399
0.98519106
0.86259399
0.86259399
0.86259399
0.86259399
0.96510877
0.86259399
0.99111260
0.86259399
0.86259399
0.86259399
0.86259399
0.86259399
0.86259399
0.86259399
0.94093081
0.86259399
0.86259399
0.86259399
0.86259399
0.86259399
0.86259399
0.86259399
0.86259399
0.86259399
0.99995659
0.86259399
0.86259399
0.86259399
0.86259399
0.86259399
0.86259399
0.86259399
0.86259399
0.86259399
0.86259399
0.86259399
0.86259399
0.86259399
0.86259399
0.86259399
0.86259399
0.86259399
0.86259399
0.86259399
0.86259399
0.86259399
0.86259399
0.96442260
0.86259399
0.86259399
0.86259399
0.86259399
0.86259399
0.86259399
0.86259399
0.86259399
0.86259399
0.86259399
0.86259399
0.86259399
0.86259399
0.86259399
0.86259399
0.86259399
0.86259399
0.86259399
0.86259399
0.86259399
0.86259399
0.86259399
0.86259399
0.86259399
0.86259399
0.86259399
0.86259399
0.86259399
0.86259399
0.86259399
0.86259399
0.86259399
0.86259399
0.86259399
0.86259399
0.86259399
0.86259399
0.86259399
0.86259399
0.86259399
0.86259399
0.86259399
0.86259399
0.86259399
0.86259399
0.86259399
0.86259399
0.86259399
0.86259399
0.99786219
0.86259399
0.86259399
0.86259399
0.86259399
0.86259399
0.86259399
0.86259399
0.86259399
0.86259399
0.86259399
0.86259399
0.86259399
0.86259399
0.86259399
0.86259399
0.86259399
0.86259399
0.86259399
0.86259399
0.86259399
0.86259399
0.97187566
0.86259399
0.86259399
0.86259399
0.86259399
0.86259399
0.86259399
0.93510788
0.86259399
0.86259399
0.86259399
0.86259399
0.86259399
0.86259399
0.86259399
0.86259399
0.86259399
0.86259399
0.86259399
0.86259399
0.86259399
0.86259399
0.86259399
0.86259399
0.86259399
0.86259399
0.86259399
0.86259399
0.86259399
0.86259399
0.86259399
0.86259399
0.86259399
0.86259399
0.94294738
0.86259399
0.86259399
0.86259399
0.86259399
0.86259399
0.86259399
0.86259399
0.86259399
0.86259399
0.86259399
0.86259399
0.86259399
0.86259399
0.86259399
0.86259399
0.86259399
0.95639872
0.86259399
0.86259399
0.86259399
0.86259399
0.86259399
0.86259399
0.86259399
0.86259399
0.86259399
0.86259399
0.86259399
0.86259399
0.86259399
0.86259399
0.86259399
0.86259399
0.86259399
0.86259399
0.86259399
0.86259399
0.86259399
0.86259399
0.86259399
0.86259399
0.86259399
0.86259399
0.86259399
0.86259399
0.86259399
0.86259399
0.86259399
0.86259399
0.86259399
0.96173064
0.86259399
0.86259399
0.86259399
0.86259399
0.86259399
0.86259399
0.86259399
0.99997950
0.86259399
0.86259399
0.86259399
0.86259399
0.86259399
0.86259399
0.86259399
0.86259399
0.86259399
0.86259399
0.86259399
0.86259399
0.98380381
0.86259399
0.86259399
0.86259399
0.86259399
0.86259399
0.86259399
0.86259399
0.86259399
0.86259399
0.86259399
0.86259399
0.86259399
0.86259399
0.86259399
0.86259399
0.86259399
0.86259399
0.86259399
0.86259399
0.86259399
0.86259399
0.86259399
0.86259399
0.86259399
0.86259399
0.86259399
0.86259399
0.86259399
0.86259399
0.86259399
0.95547464
0.86259399
0.86259399
0.86259399
0.86259399
0.86259399
0.86259399
0.86259399
0.86259399
0.86259399
0.86259399
0.86259399
0.86259399
0.86259399
0.86259399
0.86259399
0.86259399
0.86259399
0.86259399
0.86259399
0.86259399
0.86259399
0.86259399
0.86259399
0.86259399
0.86259399
0.86259399
0.86259399
0.86259399
0.86259399
0.86259399
0.86259399
0.86259399
0.86259399
0.86259399
0.86259399
0.86259399
0.86259399
0.86259399
0.86259399
0.86259399
0.86259399
0.86259399
0.86259399
0.86259399
0.86259399
0.86259399
0.86259399
0.86259399
0.86259399
0.86259399
0.86259399
0.86259399
0.86259399
0.86259399
0.86259399
0.86259399
0.86259399
0.86259399
0.86259399
0.86259399
0.86259399
0.86259399
0.86259399
0.86259399
0.86259399
0.86259399
0.86259399
0.86259399
0.86259399
0.86259399
0.86259399
0.86259399
0.86259399
0.86259399
0.86259399
0.86259399
0.86259399
0.86259399
0.86259399
0.86259399
0.86259399
0.95794162
0.86259399
0.86259399
0.86259399
0.86259399
0.86259399
0.86259399
0.86259399
0.86259399
0.86259399
0.86259399
0.86259399
0.86259399
0.86259399
0.86259399
0.86259399
0.86259399
0.86259399
0.86259399
0.86259399
0.86259399
0.86259399
0.86259399
0.86259399
0.86259399
0.86259399
0.86259399
0.86259399
0.86259399
0.86259399
0.86259399
0.86259399
0.86259399
0.86259399
0.86259399
0.86259399
0.86259399
0.86259399
0.86259399
0.86259399
0.86259399
0.86259399
0.86259399
0.86259399
0.86259399
0.86259399
0.86259399
0.86259399
0.86259399
0.86259399
0.86259399
0.86259399
0.86259399
0.86259399
0.86259399
0.95389931
0.86259399
0.86259399
0.86259399
0.86259399
0.86259399
0.86259399
0.86259399
0.86259399
0.86259399
0.86259399
0.86259399
0.86259399
0.86259399
0.86259399
0.86259399
0.86259399
0.86259399
0.86259399
0.86259399
0.98918071
0.86259399
0.86259399
0.86259399
0.86259399
0.86259399
0.86259399
0.86259399
0.99995766
0.86259399
0.86259399
0.97475058
0.86259399
0.86259399
0.86259399
0.86259399
0.86259399
0.86259399
0.86259399
0.86259399
0.86259399
0.86259399
0.86259399
0.86259399
0.86259399
0.86259399
0.86259399
0.86259399
0.86259399
0.86259399
0.86259399
0.86259399
0.86259399
0.86259399
0.86259399
0.86259399
0.86259399
0.86259399
0.86259399
0.96249270
0.86259399
0.86259399
0.86259399
0.86259399
0.86259399
0.86259399
0.86259399
0.86259399
0.86259399
0.86259399
0.86259399
0.86259399
0.86259399
0.86259399
0.86259399
0.86259399
0.86259399
0.86259399
0.86259399
0.86259399
0.86259399
0.86259399
0.86259399
0.86259399
0.86259399
0.86259399
0.86259399
0.86259399
0.86259399
0.86259399
0.86259399
0.86259399
0.86259399
0.86259399
0.86259399
0.86259399
0.86259399
0.86259399
0.86259399
0.86259399
0.86259399
0.86259399
0.86259399
0.86259399
0.86259399
0.86259399
0.86259399
0.86259399
0.86259399
0.86259399
0.86259399
0.86259399
0.86259399
0.86259399
0.86259399
0.86259399
0.86259399
0.86259399
0.86259399
0.86259399
0.86259399
0.86259399
0.86259399
0.86259399
0.86259399
0.86259399
0.86259399
0.86259399
0.86259399
0.86259399
0.86259399
0.86259399
0.86259399
0.86259399
0.86259399
0.86259399
0.86259399
0.86259399
0.86259399
0.86259399
0.86259399
0.86259399
0.86259399
0.86259399
0.86259399
0.86259399
0.86259399
0.86259399
0.86259399
0.86259399
0.86259399
0.86259399
0.86259399
0.86259399
0.86259399
0.86259399
0.86259399
0.86259399
0.86259399
0.86259399
0.86259399
0.86259399
0.86259399
0.99993706
0.86259399
0.86259399
0.86259399
0.86259399
0.86259399
0.86259399
0.86259399
0.86259399
0.86259399
0.86259399
0.86259399
0.86259399
0.86259399
0.86259399
0.86259399
0.86259399
0.86259399
0.86259399
0.86259399
0.86259399
0.86259399
0.86259399
0.86259399
0.86259399
0.86259399
0.86259399
0.86259399
0.86259399
0.86259399
0.86259399
0.86259399
0.86259399
0.86259399
0.86259399
0.86259399
0.86259399
0.86259399
0.86259399
0.86259399
0.99986503
0.86259399
0.86259399
0.86259399
0.86259399
0.86259399
0.86259399
0.86259399
0.86259399
0.86259399
0.86259399
0.99999998
0.86259399
0.86259399
0.98478233
0.99944588
0.86259399
0.86259399
0.86259399
0.86259399
0.86259399
0.86259399
0.86259399
0.86259399
0.86259399
0.86259399
0.99999910
0.86259399
0.86259399
0.86259399
0.86259399
0.86259399
0.86259399
0.86259399
0.86259399
0.86259399
0.86259399
0.86259399
0.86259399
0.86259399
0.86259399
0.86259399
0.86259399
0.86259399
0.86259399
0.86259399
0.86259399
0.86259399
0.86259399
0.86259399
0.86259399
0.86259399
0.86259399
0.86259399
0.86259399
0.86259399
0.86259399
0.86259399
0.86259399
1.00000000
0.86259399
0.86259399
0.86259399
0.93697639
0.86259399
0.86259399
0.86259399
0.86259399
0.86259399
0.86259399
0.86259399
0.86259399
0.86259399
0.86259399
0.86259399
0.86259399
0.86259399
0.86259399
0.86259399
0.86259399
0.86259399
0.86259399
0.86259399
0.86259399
0.86259399
0.86259399
0.86259399
0.86259399
0.86259399
0.86259399
0.86259399
0.86259399
0.86259399
0.86259399
0.86259399
0.86259399
0.86259399
0.86259399
0.96870131
0.86259399
0.86259399
0.86259399
0.86259399
0.86259399
0.86259399
0.86259399
0.86259399
0.86259399
0.86259399
0.86259399
0.86259399
0.86259399
0.86259399
0.86259399
0.86259399
0.86259399
0.86259399
0.86259399
0.86259399
0.86259399
0.86259399
0.86259399
0.86259399
0.86259399
0.86259399
0.86259399
0.86259399
0.86259399
0.86259399
0.86259399
0.96287133
0.86259399
0.86259399
0.86259399
0.86259399
0.86259399
0.86259399
0.86259399
0.86259399
0.86259399
0.86259399
0.86259399
0.86259399
0.99999594
0.86259399
0.86259399
0.86259399
0.86259399
0.86259399
0.93465526
0.86259399
0.86259399
0.86259399
0.86259399
0.86259399
0.86259399
0.86259399
0.86259399
0.86259399
0.86259399
0.86259399
0.86259399
0.86259399
0.86259399
0.86259399
0.86259399
0.86259399
0.86259399
0.86259399
0.86259399
0.86259399
0.98956932
0.86259399
0.86259399
0.86259399
0.86259399
0.86259399
0.86259399
0.86259399
0.86259399
0.86259399
0.86259399
0.86259399
0.86259399
0.99819931
0.86259399
0.86259399
0.86259399
0.86259399
0.86259399
0.86259399
0.86259399
0.86259399
0.86259399
0.86259399
0.86259399
0.86259399
0.86259399
0.86259399
0.86259399
0.86259399
0.86259399
0.86259399
0.86259399
0.86259399
0.86259399
0.86259399
0.86259399
0.86259399
0.86259399
0.86259399
0.86259399
0.86259399
0.86259399
0.86259399
0.86259399
0.86259399
0.86259399
0.86259399
0.86259399
0.99846687
0.86259399
0.86259399
0.86259399
0.86259399
0.86259399
0.86259399
0.86259399
0.98120639
0.86259399
0.86259399
0.86259399
0.86259399
0.86259399
0.86259399
0.86259399
0.86259399
0.86259399
0.86259399
0.86259399
0.86259399
0.86259399
0.86259399
0.86259399
0.86259399
0.99981400
0.86259399
0.86259399
0.86259399
0.86259399
0.94332346
0.86259399
0.86259399
0.86259399
0.86259399
0.86259399
0.86259399
0.86259399
0.86259399
0.98340991
0.86259399
0.86259399
0.86259399
0.86259399
0.86259399
0.98333772
0.86259399
0.86259399
0.86259399
0.86259399
0.86259399
0.94194133
0.86259399
0.86259399
0.86259399
0.86259399
0.86259399
0.86259399
0.86259399
0.86259399
0.86259399
0.86259399
0.86259399
0.86259399
0.86259399
0.86259399
0.99995028
0.86259399
0.86259399
0.86259399
0.86259399
0.86259399
0.86259399
0.86259399
0.86259399
0.86259399
0.86259399
0.86259399
0.86259399
0.86259399
0.86259399
0.86259399
0.86259399
0.86259399
0.86259399
0.86259399
0.86259399
0.86259399
0.86259399
0.86259399
0.86259399
0.86259399
0.86259399
0.86259399
0.86259399
0.86259399
0.86259399
0.86259399
0.86259399
0.94753668
0.86259399
0.86259399
0.86259399
0.86259399
0.86259399
0.93646204
0.86259399
0.86259399
0.86259399
0.86259399
0.86259399
0.86259399
0.86259399
0.86259399
0.86259399
0.86259399
0.86259399
0.86259399
0.86259399
0.86259399
0.86259399
0.86259399
0.86259399
0.86259399
0.86259399
0.86259399
0.86259399
0.86259399
0.86259399
0.86259399
0.86259399
0.86259399
0.86259399
0.86259399
0.86259399
0.86259399
0.86259399
0.86259399
0.86259399
0.86259399
0.86259399
0.86259399
0.86259399
0.86259399
0.86259399
0.86259399
0.98837751
0.86259399
0.86259399
0.86259399
0.86259399
0.86259399
0.86259399
0.86259399
0.86259399
0.86259399
0.86259399
0.86259399
0.86259399
0.86259399
0.86259399
0.99610443
0.86259399
0.86259399
0.86259399
0.86259399
0.86259399
0.86259399
0.86259399
0.86259399
0.86259399
0.86259399
0.86259399
0.86259399
0.86259399
0.86259399
0.86259399
0.94219327
0.86259399
0.86259399
0.86259399
0.86259399
0.86259399
0.86259399
0.86259399
0.86259399
0.86259399
0.86259399
0.86259399
0.86259399
0.86259399
0.86259399
0.86259399
0.86259399
0.86259399
0.86259399
0.86259399
0.86259399
0.86259399
0.86259399
0.86259399
0.86259399
0.86259399
0.86259399
0.86259399
0.86259399
0.86259399
0.86259399
0.86259399
0.86259399
0.86259399
0.86259399
0.86259399
0.86259399
0.86259399
0.86259399
0.86259399
0.86259399
0.86259399
0.86259399
0.86259399
0.86259399
0.86259399
0.86259399
0.86259399
0.86259399
0.86259399
0.86259399
0.86259399
0.86259399
0.86259399
0.86259399
0.86259399
0.86259399
0.86259399
0.86259399
0.86259399
0.86259399
0.86259399
0.86259399
0.86259399
0.86259399
0.86259399
0.86259399
0.86259399
0.86259399
0.86259399
0.86259399
0.86259399
0.86259399
0.86259399
0.86259399
0.86259399
0.86259399
0.86259399
0.86259399
0.86259399
0.86259399
0.86259399
0.86259399
0.86259399
0.86259399
0.86259399
0.86259399
0.86259399
0.86259399
0.86259399
0.86259399
0.86259399
0.86259399
0.86259399
0.96452854
0.86259399
0.86259399
0.86259399
0.86259399
0.86259399
0.96979359
0.86259399
0.86259399
0.86259399
0.86259399
0.86259399
0.86259399
0.86259399
0.86259399
0.86259399
0.86259399
0.86259399
0.86259399
0.86259399
0.86259399
0.86259399
0.86259399
0.86259399
0.86259399
0.86259399
0.86259399
0.86259399
0.86259399
0.86259399
0.86259399
0.86259399
0.86259399
0.86259399
0.86259399
0.86259399
0.86259399
0.86259399
0.86259399
0.86259399
0.86259399
0.86259399
0.86259399
0.86259399
0.86259399
0.86259399
0.86259399
0.86259399
0.86259399
0.86259399
0.86259399
0.86259399
0.86259399
0.86259399
0.86259399
0.86259399
0.86259399
0.86259399
0.98943152
0.86259399
0.86259399
0.86259399
0.86259399
0.86259399
0.86259399
0.86259399
0.86259399
0.86259399
0.86259399
0.86259399
0.86259399
0.86259399
0.86259399
0.86259399
0.86259399
0.97785117
0.86259399
0.86259399
0.86259399
0.86259399
0.86259399
0.86259399
0.86259399
0.86259399
0.86259399
0.86259399
0.86259399
0.86259399
0.86259399
0.86259399
0.86259399
0.86259399
0.86259399
0.86259399
0.86259399
0.86259399
0.99987011
0.86259399
0.86259399
0.86259399
0.86259399
0.86259399
0.86259399
0.86259399
0.86259399
0.86259399
0.86259399
0.86259399
0.86259399
0.86259399
0.86259399
0.86259399
0.86259399
0.86259399
0.86259399
0.86259399
0.86259399
0.86259399
0.86259399
0.86259399
0.86259399
0.86259399
0.86259399
0.86259399
0.86259399
0.86259399
0.86259399
0.94301011
0.86259399
0.86259399
0.86259399
0.86259399
0.86259399
0.86259399
0.86259399
0.86259399
0.86259399
0.86259399
0.86259399
0.86259399
0.86259399
0.86259399
0.86259399
0.86259399
0.86259399
0.86259399
0.86259399
0.86259399
0.86259399
0.86259399
0.86259399
0.86259399
0.86259399
0.86259399
0.86259399
0.86259399
0.86259399
0.86259399
0.86259399
0.86259399
0.86259399
0.86259399
0.86259399
0.86259399
0.86259399
0.86259399
0.86259399
0.86259399
0.86259399
0.86259399
0.86259399
0.86259399
0.86259399
0.99999954
0.86259399
0.86259399
0.86259399
0.86259399
0.86259399
0.86259399
0.86259399
0.86259399
0.86259399
0.93953440
0.86259399
0.86259399
0.86259399
0.86259399
0.86259399
0.86259399
0.86259399
0.86259399
0.86259399
0.86259399
0.86259399
0.86259399
0.86259399
0.86259399
0.86259399
0.86259399
0.86259399
0.86259399
0.86259399
0.86259399
0.86259399
0.86259399
0.86259399
0.86259399
0.86259399
0.86259399
0.86259399
0.86259399
0.86259399
0.86259399
0.86259399
0.86259399
0.86259399
0.86259399
0.86259399
0.86259399
0.86259399
0.86259399
0.86259399
0.86259399
0.86259399
0.99961423
0.86259399
0.86259399
0.86259399
0.86259399
0.86259399
0.86259399
0.86259399
0.86259399
0.86259399
0.86259399
0.86259399
0.86259399
0.86259399
0.86259399
0.86259399
0.86259399
0.86259399
0.86259399
0.86259399
0.86259399
0.86259399
0.86259399
0.86259399
0.86259399
0.86259399
0.86259399
0.86259399
0.86259399
0.86259399
0.86259399
0.86259399
0.86259399
0.86259399
0.99379055
0.86259399
0.86259399
0.86259399
0.86259399
0.99246046
0.86259399
0.86259399
0.86259399
0.86259399
0.86259399
0.86259399
0.86259399
0.86259399
0.86259399
0.86259399
0.86259399
0.86259399
0.86259399
0.86259399
0.86259399
0.86259399
0.86259399
0.86259399
0.86259399
0.86259399
0.86259399
0.86259399
0.86259399
0.86259399
0.86259399
0.86259399
0.86259399
0.86259399
0.86259399
0.86259399
0.86259399
0.86259399
0.86259399
0.86259399
0.86259399
0.86259399
0.86259399
0.86259399
0.86259399
0.86259399
0.86259399
0.86259399
0.98189481
0.86259399
0.86259399
0.86259399
0.86259399
0.86259399
0.86259399
0.86259399
0.86259399
0.86259399
0.86259399
0.86259399
0.86259399
0.86259399
0.86259399
0.86259399
0.86259399
0.86259399
0.86259399
0.86259399
0.86259399
0.86259399
0.86259399
0.86259399
0.86259399
0.86259399
0.86259399
0.86259399
0.86259399
0.86259399
0.86259399
0.86259399
0.86259399
0.86259399
0.86259399
0.86259399
0.86259399
0.86259399
0.86259399
0.86259399
0.86259399
0.86259399
0.86259399
0.86259399
0.86259399
0.96939849
0.86259399
0.86259399
0.99963630
0.86259399
0.86259399
0.86259399
0.86259399
0.86259399
0.86259399
0.86259399
0.86259399
0.86259399
0.86259399
0.86259399
0.86259399
0.86259399
0.86259399
0.86259399
0.86259399
0.86259399
0.86259399
0.86259399
0.86259399
0.86259399
0.86259399
0.86259399
0.86259399
0.86259399
0.86259399
0.86259399
0.98268006
0.86259399
0.86259399
0.86259399
0.86259399
0.86259399
0.86259399
0.86259399
0.99560360
0.86259399
0.86259399
0.86259399
0.86259399
0.86259399
0.86259399
0.86259399
0.86259399
0.95737263
0.86259399
0.86259399
0.86259399
0.86259399
0.86259399
0.86259399
0.86259399
0.86259399
0.86259399
0.86259399
0.86259399
0.86259399
0.86259399
0.86259399
0.86259399
0.86259399
0.86259399
0.86259399
0.86259399
0.86259399
0.86259399
0.86259399
0.86259399
0.86259399
0.86259399
0.86259399
0.86259399
0.86259399
0.86259399
0.86259399
0.86259399
0.86259399
0.86259399
0.86259399
0.86259399
0.86259399
0.86259399
0.86259399
0.86259399
0.94655381
0.86259399
0.86259399
0.86259399
0.86259399
0.86259399
0.86259399
0.86259399
0.86259399
0.86259399
0.86259399
0.86259399
0.86259399
0.86259399
0.86259399
0.86259399
0.86259399
0.86259399
0.86259399
0.86259399
0.86259399
0.86259399
0.86259399
0.86259399
0.86259399
0.86259399
0.86259399
0.86259399
0.86259399
0.86259399
0.86259399
0.86259399
0.86259399
0.86259399
0.86259399
0.95230473
0.86259399
0.86259399
0.86259399
0.86259399
0.86259399
0.86259399
0.86259399
0.86259399
0.86259399
0.96436958
0.86259399
0.86259399
0.86259399
0.86259399
0.86259399
0.86259399
0.86259399
0.86259399
0.86259399
0.86259399
0.86259399
0.86259399
0.86259399
0.86259399
0.86259399
0.86259399
0.86259399
0.86259399
0.86259399
0.86259399
0.86259399
0.86259399
0.86259399
0.86259399
0.86259399
0.86259399
0.86259399
0.86259399
0.86259399
0.86259399
0.86259399
0.86259399
0.86259399
0.86259399
0.99788145
0.86259399
0.86259399
0.86259399
0.86259399
0.86259399
0.86259399
0.86259399
0.86259399
0.86259399
0.86259399
0.86259399
0.86259399
0.86259399
0.86259399
0.86259399
0.86259399
0.86259399
0.86259399
0.86259399
0.86259399
0.86259399
0.86259399
0.86259399
0.86259399
0.86259399
0.86259399
0.93568893
0.86259399
0.86259399
0.86259399
0.86259399
1.00000000
0.86259399
0.86259399
0.86259399
0.86259399
0.86259399
0.86259399
0.86259399
0.86259399
0.86259399
0.86259399
0.86259399
0.86259399
0.86259399
0.86259399
0.86259399
0.86259399
0.86259399
0.86259399
0.86259399
0.86259399
0.86259399
0.86259399
0.86259399
0.99999576
0.86259399
0.98981458
0.86259399
0.86259399
0.86259399
0.86259399
0.86259399
0.86259399
0.86259399
0.86259399
0.86259399
0.86259399
0.86259399
0.86259399
0.86259399
0.86259399
0.86259399
0.86259399
0.86259399
0.86259399
0.86259399
0.86259399
0.86259399
0.86259399
0.86259399
0.86259399
0.86259399
0.86259399
0.86259399
0.86259399
0.86259399
0.86259399
0.86259399
0.93736157
0.86259399
0.86259399
0.86259399
0.86259399
0.86259399
0.86259399
0.99974143
0.86259399
0.86259399
0.86259399
0.86259399
0.86259399
0.86259399
0.86259399
0.86259399
0.99108770
0.86259399
0.86259399
0.86259399
0.86259399
0.86259399
0.86259399
0.86259399
0.86259399
1.00000000
0.86259399
0.99999339
0.86259399
0.86259399
0.86259399
0.86259399
0.86259399
0.86259399
0.86259399
0.86259399
0.86259399
0.86259399
0.86259399
0.86259399
0.86259399
0.86259399
0.86259399
0.99999971
0.86259399
0.86259399
0.86259399
0.86259399
0.86259399
0.86259399
0.86259399
0.86259399
0.86259399
0.86259399
0.86259399
0.86259399
0.86259399
0.86259399
0.86259399
0.86259399
0.86259399
0.86259399
1.00000000
0.86259399
0.86259399
0.86259399
0.96373069
0.86259399
0.86259399
0.86259399
0.86259399
0.93902470
0.86259399
0.86259399
0.86259399
0.86259399
0.86259399
0.86259399
0.86259399
0.86259399
0.86259399
0.86259399
0.86259399
0.86259399
0.86259399
0.86259399
0.86259399
0.86259399
0.86259399
0.86259399
0.86259399
0.86259399
0.86259399
0.86259399
0.86259399
0.86259399
0.86259399
0.86259399
0.86259399
0.86259399
0.86259399
0.86259399
0.86259399
0.86259399
0.86259399
0.86259399
0.86259399
0.86259399
0.86259399
0.86259399
0.86259399
0.86259399
0.86259399
0.86259399
0.97360975
0.99996127
0.86259399
0.86259399
0.86259399
0.86259399
0.86259399
0.86259399
0.86259399
0.86259399
0.86259399
0.86259399
0.86259399
0.86259399
0.86259399
0.86259399
0.86259399
0.99999890
0.86259399
0.86259399
0.86259399
0.86259399
0.86259399
0.86259399
0.86259399
0.86259399
0.86259399
0.86259399
0.86259399
0.86259399
0.86259399
0.86259399
0.86259399
0.86259399
0.86259399
0.86259399
0.86259399
0.86259399
0.86259399
0.86259399
0.94156290
0.86259399
0.86259399
0.86259399
0.86259399
0.86259399
0.86259399
0.86259399
0.86259399
0.86259399
0.86259399
0.86259399
0.86259399
0.86259399
0.86259399
0.86259399
0.86259399
0.86259399
0.94407361
0.86259399
0.86259399
0.86259399
0.86259399
0.86259399
0.93761807
0.86259399
0.86259399
0.86259399
0.86259399
0.86259399
0.86259399
0.86259399
0.86259399
0.86259399
0.86259399
0.86259399
0.86259399
0.86259399
0.86259399
0.86259399
0.86259399
0.86259399
0.86259399
0.97388584
0.86259399
0.86259399
0.86259399
0.86259399
0.86259399
0.86259399
0.86259399
0.86259399
0.86259399
0.86259399
0.86259399
0.86259399
0.86259399
0.86259399
0.86259399
0.86259399
0.86259399
0.86259399
0.98143743
0.86259399
0.86259399
0.86259399
0.86259399
0.86259399
0.86259399
0.86259399
0.86259399
0.86259399
0.86259399
0.86259399
0.86259399
0.86259399
0.86259399
0.86259399
0.86259399
0.86259399
0.86259399
0.86259399
0.86259399
0.86259399
0.86259399
0.86259399
0.86259399
0.86259399
0.86259399
0.86259399
0.86259399
0.86259399
0.86259399
0.86259399
0.86259399
0.98532588
0.86259399
0.86259399
0.86259399
0.86259399
0.86259399
0.86259399
0.86259399
0.86259399
0.86259399
0.99999611
0.86259399
0.86259399
0.86259399
0.86259399
0.86259399
0.86259399
0.86259399
0.99999558
0.86259399
0.86259399
0.86259399
0.86259399
0.86259399
0.86259399
0.95760058
0.86259399
0.86259399
0.86259399
0.86259399
0.86259399
0.86259399
0.86259399
0.86259399
0.86259399
0.86259399
0.86259399
0.86259399
0.86259399
0.86259399
0.86259399
0.86259399
0.86259399
0.86259399
0.86259399
0.86259399
0.86259399
0.86259399
0.86259399
0.86259399
0.86259399
0.86259399
0.86259399
0.86259399
0.86259399
0.86259399
0.86259399
0.86259399
0.86259399
0.86259399
0.86259399
0.86259399
0.86259399
0.86259399
0.86259399
0.94833119
0.86259399
0.86259399
0.86259399
0.86259399
0.86259399
0.86259399
0.86259399
0.86259399
0.86259399
0.86259399
0.86259399
0.86259399
0.99991604
0.86259399
0.86259399
0.86259399
0.86259399
0.86259399
0.86259399
0.86259399
0.86259399
0.86259399
0.86259399
0.94753668
0.86259399
0.86259399
0.99627661
0.99993030
0.86259399
0.86259399
0.86259399
0.86259399
0.86259399
0.86259399
0.86259399
0.86259399
0.86259399
0.86259399
0.86259399
0.86259399
0.86259399
0.86259399
0.86259399
0.86259399
0.86259399
0.86259399
0.86259399
0.86259399
0.86259399
0.86259399
0.86259399
0.86259399
0.86259399
0.86259399
0.86259399
0.86259399
0.86259399
0.86259399
0.86259399
0.86259399
0.86259399
0.86259399
0.86259399
0.86259399
0.86259399
0.86259399
0.86259399
0.86259399
0.86259399
0.86259399
0.86259399
0.86259399
0.86259399
0.86259399
0.86259399
0.86259399
0.86259399
0.86259399
0.86259399
0.86259399
0.86259399
0.86259399
0.86259399
0.86259399
0.86259399
0.86259399
0.86259399
0.86259399
0.86259399
0.86259399
0.86259399
0.86259399
0.86259399
0.86259399
0.86259399
0.86259399
0.99999339
0.86259399
0.86259399
0.86259399
0.86259399
0.86259399
0.86259399
0.86259399
0.86259399
0.86259399
0.86259399
0.86259399
0.86259399
0.86259399
0.86259399
0.86259399
0.86259399
0.86259399
0.99465900
0.86259399
0.86259399
0.86259399
0.86259399
0.86259399
0.86259399
0.86259399
0.86259399
0.86259399
0.86259399
0.95990964
0.86259399
0.95524250
0.86259399
0.86259399
0.86259399
0.86259399
0.86259399
0.86259399
0.86259399
0.86259399
0.86259399
0.86259399
0.86259399
0.86259399
0.86259399
0.86259399
0.86259399
0.95182869
0.86259399
0.86259399
0.86259399
0.99999141
0.99971983
0.86259399
0.86259399
0.86259399
0.86259399
0.86259399
0.86259399
0.86259399
0.86259399
0.86259399
0.86259399
0.99985714
0.86259399
0.86259399
0.86259399
0.86259399
0.86259399
0.86259399
0.86259399
0.86259399
0.86259399
0.86259399
0.97868658
0.99597185
0.86259399
0.86259399
0.86259399
0.86259399
0.86259399
0.86259399
0.86259399
0.86259399
0.86259399
0.86259399
0.86259399
0.86259399
0.86259399
0.86259399
0.86259399
0.86259399
0.86259399
0.86259399
0.86259399
0.86259399
0.86259399
0.86259399
0.86259399
0.86259399
0.86259399
0.86259399
0.86259399
0.96029877
0.86259399
0.86259399
0.86259399
0.86259399
0.86259399
0.86259399
0.86259399
0.86259399
0.86259399
0.86259399
0.86259399
0.86259399
0.86259399
0.86259399
0.86259399
0.86259399
0.86259399
0.86259399
0.86259399
0.86259399
0.86259399
0.86259399
0.86259399
0.86259399
0.86259399
0.99999966
0.86259399
0.86259399
0.86259399
0.86259399
0.98805247
0.86259399
0.99978818
0.86259399
0.86259399
0.86259399
0.86259399
0.86259399
0.86259399
0.86259399
0.86259399
0.86259399
0.86259399
0.86259399
0.86259399
0.86259399
0.86259399
0.86259399
0.86259399
0.86259399
0.86259399
0.86259399
0.86259399
0.86259399
0.86259399
0.86259399
0.86259399
0.86259399
0.86259399
0.86259399
0.86259399
0.86259399
0.86259399
0.86259399
0.86259399
0.98644315
0.86259399
0.86259399
0.86259399
0.86259399
0.86259399
0.86259399
0.86259399
0.86259399
0.96900099
0.86259399
0.86259399
0.86259399
0.86259399
0.97986769
0.86259399
0.86259399
0.86259399
0.86259399
0.86259399
0.86259399
0.86259399
0.86259399
0.86259399
0.86259399
0.86259399
0.86259399
0.86259399
0.86259399
0.95313390
0.86259399
0.86259399
0.86259399
0.86259399
0.86259399
0.86259399
0.86259399
0.86259399
0.86259399
0.86259399
0.86259399
0.86259399
0.86259399
0.86259399
0.86259399
0.86259399
0.86259399
0.86259399
0.86259399
0.86259399
0.86259399
0.86259399
0.86259399
0.86259399
0.86259399
0.86259399
0.86259399
0.86259399
0.86259399
0.86259399
0.86259399
0.86259399
0.86259399
0.86259399
0.86259399
0.86259399
0.97506549
0.86259399
0.86259399
0.86259399
0.86259399
0.86259399
0.86259399
0.86259399
0.86259399
0.86259399
0.86259399
0.86259399
0.86259399
0.86259399
0.86259399
0.86259399
0.86259399
0.86259399
0.86259399
0.86259399
0.86259399
0.86259399
0.86259399
0.86259399
0.86259399
0.86259399
0.86259399
0.86259399
0.86259399
0.86259399
0.99668446
0.86259399
0.86259399
0.99996601
0.86259399
0.86259399
0.86259399
0.86259399
0.86259399
0.86259399
0.86259399
0.86259399
0.98901151
0.86259399
0.86259399
0.86259399
0.86259399
0.86259399
0.86259399
0.86259399
0.86259399
0.97515510
0.86259399
0.86259399
0.86259399
0.86259399
0.86259399
0.86259399
0.86259399
0.86259399
0.86259399
0.86259399
0.86259399
0.86259399
0.86259399
0.86259399
0.86259399
0.86259399
0.86259399
0.86259399
0.86259399
0.86259399
0.86259399
0.86259399
0.86259399
0.86259399
0.86259399
0.86259399
0.86259399
0.86259399
0.86259399
0.86259399
0.86259399
0.86259399
0.86259399
0.86259399
0.86259399
0.86259399
0.86259399
0.86259399
0.93439635
0.86259399
0.86259399
0.86259399
0.86259399
0.86259399
0.86259399
0.86259399
0.86259399
0.86259399
0.86259399
0.86259399
0.86259399
0.86259399
0.86259399
0.86259399
0.86259399
0.86259399
0.86259399
0.86259399
0.86259399
0.86259399
0.86259399
0.86259399
0.86259399
0.86259399
0.86259399
0.86259399
0.86259399
0.86259399
0.86259399
0.86259399
0.86259399
0.86259399
0.86259399
0.86259399
0.86259399
0.86259399
0.86259399
0.86259399
0.86259399
0.86259399
0.86259399
0.86259399
0.86259399
0.86259399
0.86259399
0.86259399
0.99060648
0.86259399
0.86259399
0.86259399
0.86259399
0.86259399
0.86259399
0.86259399
0.86259399
0.86259399
0.86259399
0.86259399
0.86259399
0.86259399
0.86259399
0.86259399
0.86259399
0.86259399
0.86259399
0.86259399
0.86259399
0.86259399
0.86259399
0.86259399
0.86259399
0.86259399
0.86259399
0.86259399
0.86259399
0.86259399
0.86259399
0.86259399
0.86259399
0.86259399
0.86259399
0.86259399
0.86259399
0.86259399
0.86259399
0.86259399
0.86259399
0.86259399
0.86259399
0.86259399
0.86259399
0.86259399
0.86259399
0.86259399
0.86259399
0.86259399
0.86259399
0.86259399
0.86259399
0.86259399
0.86259399
0.86259399
0.86259399
0.86259399
0.86259399
0.86259399
0.86259399
0.86259399
0.86259399
0.86259399
0.86259399
0.86259399
0.99984032
0.86259399
0.93953440
0.86259399
0.86259399
0.86259399
0.86259399
0.86259399
0.86259399
0.86259399
0.86259399
0.86259399
0.86259399
0.86259399
0.86259399
0.86259399
0.86259399
0.86259399
0.86259399
0.86259399
0.86259399
0.86259399
0.99997030
0.86259399
0.86259399
0.86259399
0.86259399
0.86259399
0.86259399
0.86259399
0.86259399
0.86259399
0.86259399
0.86259399
0.86259399
0.86259399
0.86259399
0.86259399
0.95839469
0.86259399
0.86259399
0.86259399
0.86259399
0.86259399
0.86259399
0.86259399
0.86259399
0.86259399
0.86259399
0.86259399
0.86259399
0.86259399
0.86259399
0.86259399
0.86259399
0.99969456
0.86259399
0.86259399
0.86259399
0.86259399
0.86259399
0.99825022
0.86259399
0.86259399
0.86259399
0.86259399
0.86259399
0.86259399
0.86259399
0.86259399
0.86259399
0.86259399
0.86259399
0.99919596
0.86259399
0.86259399
0.86259399
0.86259399
0.86259399
0.86259399
0.86259399
0.86259399
0.86259399
0.86259399
0.86259399
0.99833282
0.86259399
0.86259399
0.86259399
0.86259399
0.86259399
0.86259399
0.86259399
0.86259399
0.86259399
0.86259399
0.86259399
0.86259399
0.86259399
0.86259399
0.86259399
0.86259399
0.86259399
0.95372307
0.86259399
0.86259399
0.86259399
0.86259399
0.86259399
0.86259399
0.86259399
0.86259399
0.86259399
0.86259399
0.86259399
0.86259399
0.86259399
0.86259399
0.86259399
0.86259399
0.99998011
0.86259399
0.86259399
0.86259399
0.86259399
0.98151410
0.86259399
0.99942348
0.86259399
0.86259399
0.86259399
0.86259399
0.86259399
0.86259399
0.86259399
0.86259399
0.86259399
0.86259399
0.86259399
0.86259399
0.86259399
0.86259399
0.99999993
0.86259399
0.99914667
0.86259399
0.86259399
0.86259399
0.96984281
0.86259399
0.86259399
0.86259399
0.86259399
0.86259399
0.86259399
0.86259399
0.96774359
0.86259399
0.86259399
0.98647523
0.86259399
0.86259399
0.86259399
0.86259399
0.86259399
0.86259399
0.86259399
0.86259399
0.86259399
0.86259399
0.86259399
0.98994930
0.86259399
0.86259399
0.86259399
0.86259399
0.86259399
0.86259399
0.86259399
0.86259399
0.86259399
0.86259399
0.86259399
0.86259399
0.86259399
0.86259399
0.86259399
0.86259399
0.99999904
0.86259399
0.86259399
0.86259399
0.86259399
0.86259399
0.86259399
0.86259399
0.86259399
0.94388632
0.86259399
0.86259399
0.86259399
0.86259399
0.86259399
0.86259399
0.86259399
0.86259399
0.86259399
0.86259399
0.86259399
0.86259399
0.86259399
0.97033293
0.86259399
0.86259399
0.86259399
0.86259399
0.86259399
0.86259399
0.86259399
0.86259399
0.86259399
0.86259399
0.86259399
0.86259399
0.86259399
0.86259399
0.86259399
0.86259399
0.86259399
0.86259399
0.86259399
0.86259399
0.86259399
0.86259399
0.86259399
0.86259399
0.86259399
0.86259399
0.86259399
0.86259399
0.86259399
0.86259399
0.86259399
0.86259399
0.86259399
0.86259399
0.86259399
0.86259399
0.86259399
0.86259399
0.86259399
0.86259399
0.86259399
0.86259399
0.86259399
0.86259399
0.86259399
0.86259399
0.86259399
0.86259399
0.86259399
0.86259399
0.86259399
0.86259399
0.86259399
0.86259399
0.86259399
0.86259399
0.86259399
0.86259399
0.86259399
0.86259399
0.86259399
0.86259399
0.86259399
0.86259399
0.86259399
0.86259399
0.86259399
0.86259399
0.86259399
0.86259399
0.86259399
0.86259399
0.86259399
0.86259399
0.86259399
0.86259399
0.96394420
0.86259399
0.86259399
0.86259399
0.99999960
0.86259399
0.86259399
0.86259399
0.86259399
0.86259399
0.86259399
0.98073962
0.86259399
0.86259399
0.86259399
0.86259399
0.86259399
0.86259399
0.86259399
0.86259399
0.86259399
0.86259399
0.86259399
0.86259399
0.86259399
0.86259399
0.86259399
0.86259399
0.86259399
0.86259399
0.86259399
0.86259399
0.86259399
0.86259399
0.86259399
0.86259399
0.99997304
0.86259399
0.86259399
0.86259399
0.86259399
0.86259399
0.86259399
0.86259399
0.99717954
0.99999990
0.86259399
0.86259399
0.86259399
0.86259399
0.86259399
0.86259399
0.86259399
0.86259399
0.86259399
0.86259399
0.86259399
0.86259399
0.86259399
0.86259399
0.86259399
0.86259399
0.86259399
0.86259399
0.86259399
0.86259399
0.86259399
0.86259399
0.86259399
0.86259399
0.86259399
0.86259399
0.86259399
0.86259399
0.86259399
0.86259399
0.96101738
0.86259399
0.86259399
0.86259399
0.86259399
0.86259399
0.86259399
0.86259399
0.86259399
0.86259399
0.86259399
0.86259399
0.86259399
0.86259399
0.99661870
0.86259399
0.86259399
0.86259399
0.86259399
0.86259399
0.86259399
0.86259399
0.86259399
0.86259399
0.86259399
0.86259399
0.86259399
0.86259399
0.86259399
0.86259399
0.86259399
0.86259399
0.86259399
0.86259399
0.93851403
0.86259399
0.86259399
0.97652306
0.86259399
0.86259399
0.86259399
0.86259399
0.86259399
0.86259399
0.95765749
0.86259399
0.86259399
0.86259399
0.86259399
0.86259399
0.86259399
0.86259399
0.86259399
0.86259399
0.86259399
0.86259399
0.86259399
0.86259399
0.86259399
0.86259399
0.86259399
0.86259399
0.97612999
0.86259399
0.86259399
0.86259399
0.86259399
0.86259399
0.86259399
0.86259399
0.86259399
0.86259399
0.86259399
0.86259399
0.86259399
0.86259399
0.86259399
0.86259399
0.86259399
0.93633332
0.86259399
0.86259399
0.86259399
0.86259399
0.86259399
0.86259399
0.86259399
0.86259399
0.86259399
0.86259399
0.86259399
0.86259399
0.86259399
0.86259399
0.86259399
0.86259399
0.86259399
0.86259399
0.86259399
0.86259399
0.86259399
0.86259399
0.86259399
0.86259399
0.86259399
0.86259399
0.86259399
0.86259399
0.86259399
0.98589094
0.86259399
0.86259399
0.86259399
0.96270926
0.86259399
0.86259399
0.86259399
0.86259399
0.86259399
0.86259399
0.86259399
0.86259399
0.86259399
0.86259399
0.86259399
0.86259399
0.86259399
0.86259399
0.86259399
0.86259399
0.86259399
0.86259399
0.86259399
0.86259399
0.86259399
0.86259399
0.86259399
0.96140212
0.86259399
0.86259399
0.86259399
0.99998542
0.86259399
0.86259399
0.86259399
0.86259399
0.93755397
0.86259399
0.86259399
0.86259399
0.86259399
0.86259399
0.86259399
0.86259399
0.86259399
0.86259399
0.86259399
0.86259399
0.86259399
0.86259399
0.86259399
0.95611072
0.86259399
0.86259399
0.86259399
0.86259399
0.86259399
0.86259399
0.86259399
0.86259399
0.86259399
0.86259399
0.86259399
0.86259399
0.86259399
0.86259399
0.86259399
0.86259399
0.86259399
0.86259399
0.86259399
0.86259399
0.86259399
0.96057579
0.86259399
0.86259399
0.96297922
0.86259399
0.86259399
0.86259399
0.86259399
0.86259399
0.86259399
0.86259399
0.86259399
0.86259399
0.96819890
0.86259399
0.86259399
0.86259399
0.86259399
0.86259399
0.86259399
0.86259399
0.86259399
0.86259399
0.99995148
0.86259399
0.86259399
0.86259399
0.86259399
0.86259399
0.86259399
0.86259399
0.86259399
0.86259399
0.86259399
0.86259399
0.86259399
0.86259399
0.86259399
0.86259399
0.86259399
0.86259399
0.86259399
0.86259399
0.86259399
0.86259399
0.86259399
0.86259399
0.86259399
0.93671932
0.86259399
0.86259399
0.95033090
0.86259399
0.99846687
0.86259399
0.86259399
0.86259399
0.86259399
0.86259399
0.86259399
0.86259399
0.86259399
0.86259399
0.86259399
0.86259399
0.86259399
0.86259399
0.99982985
0.86259399
0.93806641
0.86259399
0.86259399
0.86259399
0.86259399
0.86259399
0.86259399
0.97158940
0.86259399
0.86259399
0.86259399
0.86259399
0.86259399
0.86259399
0.86259399
0.86259399
0.86259399
0.86259399
0.86259399
0.86259399
0.86259399
0.93684788
0.86259399
0.86259399
0.86259399
0.86259399
0.86259399
0.86259399
0.86259399
0.86259399
0.86259399
0.86259399
0.86259399
0.86259399
0.86259399
0.86259399
0.86259399
0.86259399
0.86259399
0.86259399
0.86259399
0.86259399
0.86259399
0.86259399
0.86259399
0.86259399
0.86259399
0.86259399
0.86259399
0.86259399
0.86259399
0.86259399
0.99994907
0.86259399
0.86259399
0.86259399
0.86259399
0.86259399
0.86259399
0.86259399
0.86259399
0.86259399
0.86259399
0.86259399
0.86259399
0.86259399
0.86259399
0.86259399
0.86259399
0.86259399
0.86259399
0.86259399
0.86259399
0.86259399
0.93927967
0.86259399
0.86259399
0.99987864
0.99980903
0.86259399
0.86259399
0.86259399
0.95720137
0.86259399
0.86259399
0.86259399
0.96052045
0.86259399
0.86259399
0.86259399
0.86259399
0.86259399
0.86259399
0.86259399
0.86259399
0.86259399
0.86259399
0.86259399
0.86259399
0.86259399
0.86259399
0.86259399
0.86259399
0.86259399
0.99928388
0.86259399
0.86259399
0.86259399
0.86259399
0.86259399
0.86259399
0.86259399
0.86259399
0.86259399
0.98070044
0.86259399
0.86259399
0.86259399
0.86259399
0.99138357
0.86259399
0.86259399
0.86259399
0.86259399
0.86259399
0.86259399
0.86259399
0.86259399
0.96625664
0.86259399
0.86259399
0.86259399
0.86259399
0.86259399
0.86259399
0.86259399
0.86259399
0.86259399
0.86259399
0.86259399
0.86259399
0.86259399
0.86259399
0.86259399
0.86259399
0.86259399
0.86259399
0.86259399
0.86259399
0.99471270
0.86259399
0.86259399
0.86259399
0.86259399
0.86259399
0.86259399
0.86259399
0.86259399
0.86259399
0.86259399
0.86259399
0.86259399
0.86259399
0.86259399
0.86259399
0.86259399
0.86259399
0.86259399
0.86259399
0.86259399
0.86259399
0.86259399
0.86259399
0.86259399
0.86259399
0.86259399
0.99999969
0.86259399
0.86259399
0.86259399
0.86259399
0.86259399
0.86259399
0.86259399
0.86259399
0.86259399
0.86259399
0.86259399
0.86259399
0.86259399
0.99977146
0.86259399
0.86259399
0.86259399
0.86259399
0.86259399
0.86259399
0.86259399
0.86259399
0.86259399
0.86259399
0.99633285
0.86259399
0.86259399
0.86259399
0.86259399
0.86259399
0.86259399
0.86259399
0.86259399
0.86259399
0.86259399
0.86259399
0.86259399
0.86259399
0.86259399
0.86259399
0.86259399
0.86259399
0.86259399
0.86259399
0.86259399
0.86259399
0.86259399
0.86259399
0.86259399
0.86259399
0.86259399
0.86259399
0.86259399
0.86259399
0.86259399
0.86259399
0.86259399
0.86259399
0.86259399
0.86259399
0.86259399
0.86259399
0.86259399
0.94948560
0.86259399
0.86259399
0.86259399
0.86259399
0.86259399
0.96373069
0.99984178
0.86259399
0.86259399
0.86259399
0.86259399
0.86259399
0.86259399
0.86259399
0.86259399
0.86259399
0.86259399
0.86259399
0.98050390
0.86259399
0.86259399
0.86259399
0.86259399
0.86259399
0.86259399
0.86259399
0.86259399
0.86259399
0.86259399
0.86259399
0.86259399
0.86259399
0.86259399
0.86259399
0.86259399
0.86259399
0.86259399
0.86259399
0.86259399
0.86259399
0.86259399
0.86259399
0.86259399
0.86259399
0.97120556
0.86259399
0.86259399
0.86259399
0.86259399
0.86259399
0.97843774
0.86259399
0.86259399
0.86259399
0.86259399
0.86259399
0.86259399
0.86259399
0.86259399
0.86259399
0.86259399
0.86259399
0.86259399
0.86259399
0.86259399
0.86259399
0.86259399
0.86259399
0.86259399
0.86259399
0.86259399
0.86259399
0.99135915
0.86259399
0.86259399
0.86259399
0.86259399
0.86259399
0.86259399
0.86259399
0.86259399
0.99997451
0.86259399
0.86259399
0.86259399
0.86259399
0.86259399
0.86259399
0.99487168
0.86259399
0.86259399
0.86259399
0.86259399
0.86259399
0.86259399
0.86259399
0.86259399
0.86259399
0.86259399
0.86259399
0.86259399
0.86259399
0.86259399
0.86259399
0.86259399
0.86259399
0.86259399
0.86259399
0.86259399
0.86259399
0.86259399
0.86259399
0.86259399
0.86259399
0.86259399
0.86259399
0.86259399
0.86259399
0.86259399
0.86259399
0.86259399
0.86259399
0.86259399
0.86259399
0.86259399
0.86259399
0.86259399
0.86259399
0.86259399
0.86259399
0.86259399
0.86259399
0.86259399
0.86259399
0.86259399
0.86259399
0.86259399
0.86259399
0.86259399
0.86259399
0.86259399
0.86259399
0.86259399
0.99999010
0.99993849
0.86259399
0.86259399
0.86259399
0.86259399
0.86259399
0.86259399
0.86259399
0.86259399
0.86259399
0.86259399
0.86259399
0.86259399
0.86259399
0.86259399
0.98562663
0.86259399
0.86259399
0.86259399
0.86259399
0.86259399
0.86259399
0.86259399
0.86259399
0.86259399
0.86259399
0.86259399
0.86259399
0.86259399
0.86259399
0.99752650
0.86259399
0.86259399
0.86259399
0.86259399
0.86259399
0.86259399
0.86259399
0.86259399
0.86259399
0.86259399
0.86259399
0.86259399
0.86259399
0.86259399
0.95021042
0.86259399
0.86259399
0.86259399
0.86259399
0.86259399
0.86259399
0.86259399
0.86259399
0.86259399
0.86259399
0.86259399
0.86259399
0.86259399
0.86259399
0.86259399
0.86259399
0.86259399
0.86259399
0.86259399
0.86259399
0.86259399
0.86259399
0.86259399
0.86259399
0.86259399
0.86259399
0.86259399
0.86259399
0.86259399
0.86259399
0.86259399
0.98151410
0.86259399
0.86259399
0.86259399
0.86259399
0.86259399
0.86259399
0.86259399
0.86259399
0.86259399
0.86259399
0.86259399
0.86259399
0.86259399
0.86259399
0.86259399
0.99957020
0.86259399
0.86259399
0.86259399
0.86259399
0.86259399
0.86259399
0.86259399
0.86259399
0.86259399
0.86259399
0.86259399
0.93504326
0.97656653
0.86259399
0.86259399
0.86259399
0.86259399
0.86259399
0.86259399
0.86259399
0.86259399
0.86259399
0.86259399
0.86259399
0.86259399
0.86259399
0.86259399
0.86259399
0.86259399
0.86259399
0.95639872
0.86259399
0.97206572
0.86259399
0.86259399
0.86259399
0.86259399
0.86259399
0.86259399
0.86259399
0.86259399
0.86259399
0.86259399
0.86259399
0.86259399
0.86259399
0.86259399
0.86259399
0.86259399
0.86259399
0.86259399
0.86259399
0.86259399
0.86259399
0.86259399
0.86259399
0.86259399
0.86259399
0.86259399
0.86259399
0.86259399
0.86259399
0.86259399
0.86259399
0.86259399
0.86259399
0.86259399
0.86259399
0.86259399
0.86259399
0.86259399
0.86259399
0.86259399
0.86259399
0.86259399
0.86259399
0.86259399
0.86259399
0.86259399
0.86259399
0.86259399
0.86259399
0.86259399
0.86259399
0.86259399
0.86259399
0.99981886
0.86259399
0.86259399
0.86259399
0.86259399
0.86259399
0.86259399
0.96040967
0.86259399
0.86259399
0.86259399
0.86259399
0.86259399
0.86259399
0.86259399
0.86259399
0.86259399
0.86259399
0.86259399
0.86259399
0.86259399
0.86259399
0.86259399
0.86259399
0.86259399
0.86259399
0.86259399
0.86259399
0.86259399
0.86259399
0.86259399
0.86259399
0.86259399
0.86259399
0.86259399
0.86259399
0.86259399
0.86259399
0.86259399
0.86259399
0.86259399
0.86259399
0.86259399
0.86259399
0.86259399
0.98519106
0.86259399
0.86259399
0.86259399
0.86259399
0.86259399
0.86259399
0.86259399
0.99999985
0.98491928
0.86259399
0.86259399
0.86259399
0.94457218
0.86259399
0.86259399
0.86259399
0.86259399
0.86259399
0.86259399
0.86259399
0.86259399
0.86259399
0.86259399
0.86259399
0.86259399
0.86259399
0.86259399
0.86259399
0.86259399
0.86259399
0.86259399
0.86259399
0.86259399
0.86259399
0.86259399
0.86259399
0.86259399
0.99799451
0.86259399
0.86259399
0.86259399
0.86259399
0.86259399
0.86259399
0.86259399
0.86259399
0.86259399
0.99936053
0.86259399
0.86259399
0.86259399
0.86259399
0.86259399
0.86259399
0.86259399
0.86259399
0.86259399
0.86259399
0.99935232
0.86259399
0.86259399
0.96052045
0.86259399
0.86259399
0.94519365
0.86259399
0.86259399
0.86259399
0.86259399
0.86259399
0.86259399
0.86259399
0.86259399
0.86259399
0.86259399
0.86259399
0.86259399
0.86259399
0.86259399
0.86259399
0.86259399
0.86259399
0.86259399
0.86259399
0.86259399
0.86259399
0.86259399
0.86259399
0.86259399
0.86259399
0.86259399
0.86259399
0.86259399
0.86259399
0.86259399
0.86259399
0.86259399
0.86259399
0.86259399
0.86259399
0.86259399
0.86259399
0.86259399
0.97230242
0.86259399
0.86259399
0.86259399
0.99172090
0.86259399
0.86259399
0.86259399
0.86259399
0.86259399
0.86259399
0.86259399
0.86259399
0.94881826
0.86259399
0.86259399
0.86259399
0.98136059
0.86259399
0.86259399
0.86259399
0.86259399
0.86259399
0.86259399
0.86259399
0.86259399
0.86259399
0.86259399
0.86259399
0.86259399
0.86259399
0.99657882
0.86259399
0.86259399
0.86259399
0.86259399
0.86259399
0.86259399
0.86259399
0.86259399
0.86259399
0.99624828
0.86259399
0.86259399
0.86259399
0.86259399
0.86259399
0.86259399
0.86259399
0.86259399
0.86259399
0.96934893
0.86259399
0.86259399
0.86259399
0.86259399
0.86259399
0.86259399
0.86259399
0.86259399
0.86259399
0.95691535
0.86259399
0.86259399
0.86259399
0.86259399
0.86259399
0.86259399
0.86259399
0.86259399
0.86259399
0.86259399
0.86259399
0.86259399
0.86259399
0.86259399
0.86259399
0.86259399
0.86259399
0.86259399
0.86259399
0.86259399
0.86259399
0.86259399
0.86259399
0.86259399
0.86259399
0.86259399
0.86259399
0.86259399
0.86259399
0.86259399
0.86259399
0.96013219
0.97691278
0.86259399
0.86259399
0.86259399
0.86259399
0.86259399
0.86259399
0.86259399
0.86259399
0.86259399
0.86259399
0.86259399
0.86259399
0.86259399
0.86259399
0.86259399
0.86259399
0.86259399
0.86259399
0.86259399
0.86259399
0.86259399
0.86259399
0.86259399
0.86259399
0.86259399
0.86259399
0.86259399
0.86259399
0.86259399
0.86259399
0.86259399
0.86259399
0.86259399
0.86259399
0.86259399
0.86259399
0.86259399
0.86259399
0.86259399
0.86259399
0.86259399
0.86259399
0.86259399
0.86259399
0.86259399
0.86259399
0.99569768
0.86259399
0.86259399
0.86259399
0.86259399
0.86259399
0.86259399
0.86259399
0.86259399
0.95990964
0.86259399
0.86259399
0.86259399
0.86259399
0.86259399
0.86259399
0.86259399
0.86259399
0.86259399
0.86259399
0.86259399
0.86259399
0.86259399
0.86259399
0.86259399
0.86259399
0.86259399
0.86259399
0.86259399
0.86259399
0.86259399
0.86259399
0.86259399
0.99954844
0.86259399
0.86259399
0.86259399
0.86259399
0.86259399
0.86259399
0.86259399
0.86259399
0.86259399
1.00000000
0.86259399
0.86259399
0.86259399
0.86259399
0.86259399
0.86259399
0.86259399
0.86259399
0.86259399
0.86259399
0.86259399
0.86259399
0.86259399
0.86259399
0.95354660
0.86259399
0.86259399
0.86259399
0.86259399
0.86259399
0.86259399
0.86259399
0.94948560
0.86259399
0.86259399
0.86259399
0.86259399
0.86259399
0.86259399
0.86259399
0.86259399
0.95224531
0.86259399
0.86259399
0.86259399
0.86259399
0.86259399
0.86259399
0.99999980
0.86259399
0.94531771
0.86259399
0.86259399
0.86259399
0.86259399
0.86259399
0.86259399
0.99668446
0.86259399
0.86259399
0.86259399
0.86259399
0.86259399
0.86259399
0.86259399
0.86259399
0.86259399
0.86259399
0.86259399
0.86259399
0.86259399
0.86259399
0.86259399
0.86259399
0.86259399
0.86259399
0.86259399
0.86259399
0.86259399
0.86259399
0.86259399
0.86259399
0.93309902
0.86259399
0.86259399
0.86259399
0.86259399
0.86259399
0.86259399
0.86259399
0.86259399
0.86259399
0.86259399
0.86259399
0.86259399
0.86259399
0.86259399
0.86259399
0.86259399
0.86259399
0.86259399
0.86259399
0.86259399
0.86259399
0.99277035
0.86259399
0.86259399
0.86259399
0.86259399
0.86259399
0.86259399
0.86259399
0.86259399
0.86259399
0.86259399
0.86259399
0.86259399
0.86259399
0.86259399
0.86259399
0.86259399
0.86259399
0.86259399
0.86259399
0.86259399
0.99993337
0.86259399
0.86259399
0.86259399
0.86259399
0.86259399
0.86259399
0.86259399
0.99755842
0.86259399
0.86259399
0.86259399
0.86259399
0.86259399
0.86259399
0.86259399
0.86259399
0.86259399
0.86259399
0.86259399
0.86259399
0.86259399
0.86259399
0.86259399
0.86259399
0.86259399
0.86259399
0.86259399
0.86259399
0.86259399
0.86259399
0.86259399
0.86259399
0.86259399
0.86259399
0.86259399
0.86259399
0.86259399
0.86259399
0.86259399
0.86259399
0.86259399
0.86259399
0.86259399
0.86259399
0.86259399
0.86259399
0.86259399
0.86259399
0.86259399
0.86259399
0.86259399
0.86259399
0.86259399
0.86259399
0.86259399
0.86259399
0.86259399
0.86259399
0.86259399
0.99997825
0.86259399
0.86259399
0.86259399
0.86259399
0.86259399
0.86259399
0.86259399
0.86259399
0.86259399
0.86259399
0.86259399
0.99045125
0.86259399
0.86259399
0.86259399
0.86259399
0.86259399
0.86259399
0.86259399
0.97831274
0.86259399
0.86259399
0.86259399
0.86259399
0.86259399
0.86259399
0.86259399
0.98820088
0.86259399
0.86259399
0.86259399
0.86259399
0.86259399
0.86259399
0.86259399
0.86259399
0.86259399
0.99981400
0.86259399
0.86259399
0.86259399
0.86259399
0.86259399
0.86259399
0.86259399
0.86259399
0.86259399
0.86259399
0.86259399
0.86259399
0.86259399
0.86259399
0.94219327
0.86259399
0.86259399
0.86259399
0.86259399
0.86259399
0.86259399
0.86259399
0.86259399
0.86259399
0.86259399
0.86259399
0.86259399
0.86259399
0.86259399
0.86259399
0.86259399
0.86259399
0.86259399
0.86259399
0.86259399
0.86259399
0.86259399
0.86259399
0.86259399
0.86259399
0.86259399
0.86259399
0.86259399
0.86259399
0.86259399
0.86259399
0.86259399
0.86259399
0.86259399
0.86259399
0.86259399
0.86259399
0.86259399
0.86259399
0.86259399
0.86259399
0.86259399
0.86259399
0.95564845
0.86259399
0.86259399
0.86259399
0.86259399
0.86259399
0.86259399
0.86259399
0.86259399
0.86259399
0.86259399
0.86259399
0.86259399
0.86259399
0.86259399
0.86259399
0.86259399
0.86259399
0.86259399
0.86259399
0.86259399
0.86259399
0.86259399
0.86259399
0.86259399
0.86259399
0.86259399
0.86259399
0.86259399
0.86259399
0.86259399
0.86259399
0.86259399
0.86259399
0.86259399
0.86259399
0.86259399
0.86259399
0.86259399
0.86259399
0.86259399
0.86259399
0.86259399
0.86259399
0.86259399
0.86259399
0.99259428
0.86259399
0.86259399
0.86259399
0.86259399
0.86259399
0.86259399
0.86259399
0.86259399
0.86259399
0.86259399
0.86259399
0.86259399
0.86259399
0.86259399
0.86259399
0.86259399
0.99998721
0.86259399
0.86259399
0.86259399
0.86259399
0.86259399
0.86259399
1.00000000
0.86259399
0.86259399
0.86259399
0.86259399
0.86259399
0.86259399
0.86259399
0.86259399
0.86259399
0.94263349
0.86259399
0.86259399
0.86259399
0.86259399
0.86259399
0.86259399
0.86259399
0.86259399
0.86259399
0.86259399
0.86259399
0.86259399
0.86259399
0.86259399
0.86259399
0.86259399
0.86259399
0.86259399
0.86259399
0.86259399
0.86259399
0.86259399
0.86259399
0.86259399
0.86259399
0.86259399
0.97411481
0.86259399
0.86259399
0.86259399
0.86259399
0.86259399
0.86259399
0.86259399
0.86259399
0.96383751
0.86259399
0.86259399
0.86259399
0.86259399
0.86259399
0.86259399
0.86259399
0.86259399
0.86259399
0.97742714
0.86259399
0.86259399
0.97835445
0.86259399
0.86259399
0.86259399
0.86259399
0.86259399
0.86259399
0.86259399
0.86259399
0.86259399
0.86259399
0.86259399
0.86259399
0.86259399
0.86259399
0.86259399
0.86259399
0.86259399
0.86259399
0.86259399
0.86259399
0.86259399
0.86259399
0.86259399
0.86259399
0.86259399
0.86259399
0.86259399
0.86259399
0.86259399
0.86259399
0.86259399
0.86259399
0.86259399
0.99956406
0.86259399
0.86259399
0.98644315
0.86259399
0.86259399
0.86259399
0.86259399
0.86259399
0.86259399
0.86259399
0.86259399
0.86259399
0.97106098
0.86259399
0.86259399
0.86259399
0.86259399
0.86259399
0.86259399
0.86259399
0.86259399
0.86259399
0.86259399
0.86259399
0.86259399
0.86259399
0.86259399
0.86259399
0.86259399
0.86259399
0.86259399
0.86259399
0.86259399
0.86259399
0.86259399
0.86259399
0.86259399
0.86259399
0.86259399
0.86259399
0.86259399
0.86259399
0.86259399
0.86259399
0.86259399
0.86259399
0.86259399
0.86259399
0.86259399
0.86259399
0.86259399
0.86259399
0.86259399
0.86259399
0.86259399
0.86259399
0.86259399
0.86259399
0.86259399
0.86259399
0.86259399
0.86259399
0.86259399
0.86259399
0.86259399
0.86259399
0.86259399
0.86259399
0.86259399
0.86259399
0.86259399
0.99980567
0.86259399
0.86259399
0.86259399
0.86259399
0.86259399
0.86259399
0.86259399
0.86259399
0.86259399
0.86259399
0.86259399
0.86259399
0.86259399
0.86259399
0.86259399
0.86259399
0.86259399
0.86259399
0.97872791
0.99891563
0.99982046
0.86259399
0.94618384
0.86259399
0.86259399
0.86259399
0.86259399
0.99958527
0.86259399
0.86259399
0.86259399
0.86259399
0.86259399
0.86259399
0.86259399
0.86259399
0.86259399
0.86259399
0.86259399
0.86259399
0.86259399
0.86259399
0.86259399
0.86259399
0.86259399
0.86259399
0.86259399
0.86259399
0.86259399
0.86259399
0.86259399
0.86259399
0.86259399
0.86259399
0.86259399
0.86259399
0.86259399
0.86259399
0.86259399
0.86259399
0.86259399
0.86259399
0.86259399
0.86259399
0.86259399
0.86259399
0.86259399
0.86259399
0.86259399
0.86259399
0.86259399
0.86259399
0.86259399
0.86259399
0.86259399
0.86259399
0.86259399
0.86259399
0.86259399
0.86259399
0.86259399
0.86259399
0.86259399
0.86259399
0.86259399
0.86259399
0.86259399
0.86259399
0.86259399
0.86259399
0.86259399
0.86259399
0.86259399
0.86259399
0.99998956
0.86259399
0.86259399
0.86259399
0.86259399
0.86259399
0.86259399
0.86259399
0.86259399
0.86259399
0.86259399
0.86259399
0.86259399
0.94839216
0.86259399
0.86259399
0.86259399
0.99812982
0.86259399
0.93985245
0.86259399
0.86259399
0.86259399
0.86259399
0.86259399
0.86259399
0.86259399
0.86259399
0.86259399
0.86259399
0.86259399
0.86259399
0.86259399
0.86259399
0.86259399
0.86259399
0.86259399
0.86259399
0.86259399
0.86259399
0.86259399
0.86259399
0.86259399
0.86259399
0.86259399
0.86259399
0.86259399
0.86259399
0.86259399
0.86259399
0.86259399
0.86259399
0.86259399
0.86259399
0.86259399
0.86259399
0.86259399
0.86259399
0.86259399
0.86259399
0.86259399
0.86259399
0.86259399
0.86259399
0.86259399
0.86259399
0.86259399
0.86259399
0.86259399
0.86259399
0.86259399
0.86259399
0.86259399
0.86259399
0.86259399
0.86259399
0.86259399
0.86259399
0.86259399
0.86259399
0.86259399
0.86259399
0.86259399
0.93530168
0.86259399
0.86259399
0.86259399
0.86259399
0.86259399
0.86259399
0.86259399
0.86259399
0.86259399
0.86259399
0.86259399
0.86259399
0.86259399
0.86259399
0.86259399
0.86259399
0.86259399
0.86259399
0.86259399
0.86259399
0.86259399
0.86259399
0.94263349
0.86259399
0.86259399
0.86259399
0.86259399
0.86259399
0.86259399
0.86259399
0.86259399
0.86259399
0.86259399
0.86259399
0.86259399
0.86259399
0.86259399
0.86259399
0.86259399
0.86259399
0.86259399
0.86259399
0.86259399
0.96112746
0.86259399
0.86259399
0.86259399
0.86259399
0.86259399
0.86259399
0.86259399
0.86259399
0.86259399
0.86259399
0.86259399
0.86259399
0.86259399
0.86259399
0.86259399
0.97608611
0.86259399
0.86259399
0.86259399
0.86259399
0.86259399
0.86259399
0.86259399
0.86259399
0.86259399
0.86259399
0.86259399
0.86259399
0.86259399
0.86259399
0.86259399
0.86259399
0.86259399
0.86259399
0.86259399
0.86259399
0.86259399
0.86259399
0.86259399
0.86259399
0.86259399
0.86259399
0.86259399
0.86259399
0.86259399
0.86259399
0.86259399
0.86259399
0.86259399
0.86259399
0.86259399
0.86259399
0.86259399
0.86259399
0.86259399
0.86259399
0.86259399
0.86259399
0.96068637
0.99999999
0.86259399
0.86259399
0.86259399
0.95147061
0.86259399
0.86259399
0.86259399
0.86259399
0.86259399
0.86259399
0.86259399
0.86259399
0.86259399
0.86259399
0.86259399
0.86259399
0.86259399
0.86259399
0.86259399
0.86259399
0.86259399
0.86259399
0.86259399
0.86259399
0.86259399
0.86259399
0.86259399
0.86259399
0.86259399
0.86259399
0.86259399
0.86259399
0.86259399
0.86259399
0.86259399
0.86259399
0.86259399
0.86259399
0.86259399
0.86259399
0.86259399
0.86259399
0.86259399
0.99344786
0.86259399
0.86259399
0.99999999
0.86259399
0.86259399
0.86259399
0.86259399
0.86259399
0.86259399
0.86259399
0.93813040
0.86259399
0.99954207
0.86259399
0.86259399
0.86259399
0.86259399
0.86259399
0.99999999
0.86259399
0.86259399
0.86259399
0.86259399
0.86259399
0.86259399
0.86259399
0.86259399
0.86259399
0.86259399
0.86259399
0.86259399
0.86259399
0.86259399
0.86259399
0.86259399
0.86259399
0.86259399
0.86259399
0.86259399
0.86259399
0.86259399
0.86259399
0.86259399
0.86259399
0.86259399
0.86259399
0.86259399
0.86259399
0.86259399
0.86259399
0.86259399
0.86259399
0.86259399
0.86259399
0.86259399
0.86259399
0.86259399
0.86259399
0.86259399
0.86259399
0.86259399
0.86259399
0.86259399
0.86259399
0.86259399
0.86259399
0.86259399
0.86259399
0.86259399
0.86259399
0.86259399
0.86259399
0.86259399
0.86259399
0.86259399
0.86259399
0.86259399
0.86259399
0.86259399
0.86259399
0.86259399
0.86259399
0.86259399
0.86259399
0.86259399
0.86259399
0.86259399
0.86259399
0.86259399
0.86259399
0.86259399
0.86259399
0.86259399
0.86259399
0.86259399
0.86259399
0.86259399
0.86259399
0.86259399
0.86259399
0.86259399
0.86259399
0.86259399
0.94692303
0.86259399
0.86259399
0.86259399
0.86259399
0.86259399
0.86259399
0.86259399
0.94562750
0.86259399
0.86259399
0.86259399
0.86259399
0.86259399
0.86259399
0.86259399
0.86259399
0.86259399
0.86259399
0.86259399
0.86259399
0.86259399
0.86259399
0.86259399
0.86259399
0.86259399
0.86259399
0.86259399
0.86259399
0.86259399
0.86259399
0.86259399
0.86259399
0.86259399
0.86259399
0.86259399
0.86259399
0.86259399
0.86259399
0.86259399
0.86259399
0.86259399
0.86259399
0.86259399
0.86259399
0.86259399
0.86259399
0.86259399
0.86259399
0.86259399
0.86259399
0.86259399
0.86259399
0.86259399
0.96708075
0.86259399
0.86259399
0.86259399
0.96552813
0.86259399
0.86259399
0.86259399
0.86259399
0.86259399
0.86259399
0.86259399
0.86259399
0.86259399
0.86259399
0.86259399
0.86259399
0.95466026
0.86259399
0.86259399
0.86259399
0.86259399
0.86259399
0.86259399
0.86259399
0.86259399
0.86259399
0.86259399
0.86259399
0.86259399
0.86259399
0.86259399
0.86259399
0.86259399
0.86259399
0.86259399
0.86259399
0.86259399
0.86259399
0.86259399
0.86259399
0.86259399
0.86259399
0.86259399
0.86259399
0.86259399
0.86259399
0.86259399
0.86259399
0.86259399
0.86259399
0.86259399
0.99227965
0.99252756
0.86259399
0.86259399
0.86259399
0.86259399
0.86259399
0.86259399
0.86259399
0.86259399
0.99710874
0.86259399
0.86259399
0.86259399
0.86259399
0.86259399
0.86259399
0.86259399
0.86259399
0.95266070
0.86259399
0.86259399
0.86259399
0.86259399
0.86259399
0.86259399
0.86259399
0.86259399
0.86259399
0.98155236
0.95890212
0.86259399
0.86259399
0.86259399
0.86259399
0.86259399
0.86259399
0.86259399
0.86259399
0.86259399
0.86259399
0.86259399
0.86259399
0.86259399
0.86259399
0.86259399
0.86259399
0.86259399
0.86259399
0.86259399
0.86259399
0.86259399
0.86259399
0.86259399
0.86259399
0.86259399
0.86259399
0.86259399
0.86259399
0.99597185
0.86259399
0.86259399
0.86259399
0.86259399
0.86259399
0.86259399
0.86259399
0.86259399
0.86259399
0.86259399
0.86259399
0.86259399
0.86259399
0.86259399
0.86259399
0.86259399
0.86259399
0.86259399
0.86259399
0.86259399
0.86259399
0.86259399
0.86259399
0.86259399
0.86259399
0.86259399
0.86259399
0.86259399
0.86259399
0.86259399
0.86259399
0.86259399
0.86259399
0.98653926
0.99499312
0.86259399
0.86259399
0.86259399
0.86259399
0.86259399
0.86259399
0.86259399
0.86259399
0.86259399
0.86259399
0.86259399
0.86259399
0.86259399
0.86259399
0.86259399
0.86259399
0.86259399
0.86259399
0.86259399
0.86259399
0.86259399
0.86259399
0.86259399
0.86259399
0.86259399
0.86259399
0.86259399
0.86259399
0.86259399
0.86259399
0.86259399
0.86259399
0.86259399
0.86259399
0.86259399
0.86259399
0.86259399
0.86259399
0.86259399
0.86259399
0.86259399
0.86259399
0.86259399
0.86259399
0.86259399
0.86259399
0.86259399
0.86259399
0.86259399
0.86259399
0.86259399
0.86259399
0.86259399
0.86259399
0.86259399
0.86259399
0.86259399
0.86259399
0.86259399
0.86259399
0.86259399
0.86259399
0.86259399
0.86259399
0.86259399
0.86259399
0.86259399
0.86259399
0.86259399
0.86259399
0.86259399
0.86259399
0.86259399
0.86259399
0.86259399
0.86259399
0.86259399
0.86259399
0.86259399
0.86259399
0.86259399
0.86259399
0.86259399
0.86259399
0.86259399
0.86259399
0.86259399
0.86259399
0.86259399
0.86259399
0.86259399
0.86259399
0.86259399
0.86259399
0.86259399
0.86259399
0.86259399
0.86259399
0.86259399
0.86259399
0.86259399
0.86259399
0.86259399
0.86259399
0.86259399
0.86259399
0.86259399
0.86259399
0.86259399
0.86259399
0.86259399
0.86259399
0.86259399
0.86259399
0.86259399
0.86259399
0.86259399
0.86259399
0.86259399
0.86259399
0.86259399
0.86259399
0.86259399
0.86259399
0.86259399
0.86259399
0.86259399
0.86259399
0.99198005
0.86259399
0.86259399
0.86259399
0.86259399
0.99999999
0.86259399
0.86259399
0.86259399
0.86259399
0.86259399
0.86259399
0.86259399
0.86259399
0.86259399
0.86259399
0.86259399
0.86259399
0.86259399
0.86259399
0.86259399
0.86259399
0.86259399
0.86259399
0.86259399
0.86259399
0.86259399
0.86259399
0.86259399
0.99953887
0.86259399
0.86259399
0.86259399
0.86259399
0.86259399
0.86259399
0.86259399
0.86259399
0.86259399
0.86259399
0.86259399
0.86259399
0.86259399
0.86259399
0.86259399
0.86259399
0.86259399
0.86259399
0.86259399
0.86259399
0.86259399
0.86259399
0.86259399
0.86259399
0.86259399
0.86259399
0.86259399
0.86259399
0.86259399
0.98227114
0.86259399
0.86259399
0.86259399
0.86259399
0.86259399
0.97244397
0.86259399
0.86259399
0.86259399
0.86259399
0.86259399
0.86259399
0.86259399
0.86259399
0.86259399
0.86259399
0.86259399
0.86259399
0.86259399
0.86259399
0.86259399
0.86259399
0.86259399
0.86259399
0.86259399
0.86259399
0.86259399
0.86259399
0.86259399
0.86259399
0.86259399
0.86259399
0.86259399
0.86259399
0.86259399
0.86259399
0.86259399
0.98112903
0.98304718
0.86259399
0.86259399
0.86259399
0.86259399
0.93742572
0.86259399
0.86259399
0.86259399
0.86259399
0.86259399
0.86259399
0.86259399
0.86259399
0.86259399
0.86259399
0.95657119
0.86259399
0.86259399
0.99243800
0.86259399
0.86259399
0.86259399
0.86259399
0.86259399
0.86259399
0.86259399
0.86259399
0.86259399
0.86259399
0.99996177
0.86259399
0.86259399
0.86259399
0.86259399
0.86259399
0.86259399
0.86259399
0.86259399
0.86259399
0.86259399
0.86259399
0.86259399
0.86259399
0.86259399
0.86259399
0.86259399
0.86259399
0.86259399
0.86259399
0.86259399
0.86259399
0.86259399
0.86259399
0.86259399
0.86259399
0.86259399
0.86259399
0.97942392
0.86259399
0.86259399
0.86259399
0.97801961
0.86259399
0.86259399
0.86259399
0.86259399
0.86259399
0.86259399
0.98215870
0.86259399
0.99963359
0.86259399
0.86259399
0.86259399
0.86259399
0.86259399
0.86259399
0.86259399
0.86259399
0.86259399
0.86259399
0.86259399
0.86259399
0.86259399
0.98965147
0.86259399
0.86259399
0.86259399
0.86259399
0.86259399
0.86259399
0.86259399
0.86259399
0.86259399
0.86259399
0.86259399
0.86259399
0.99996906
0.86259399
0.86259399
0.86259399
0.86259399
0.86259399
0.99999519
0.86259399
0.86259399
0.86259399
0.86259399
0.86259399
0.86259399
0.99975779
0.86259399
0.93303403
0.86259399
0.86259399
0.86259399
0.86259399
0.86259399
0.86259399
0.86259399
0.86259399
0.86259399
0.86259399
0.86259399
0.86259399
0.86259399
0.86259399
0.86259399
0.86259399
0.86259399
0.86259399
0.86259399
0.86259399
0.86259399
0.86259399
0.86259399
0.86259399
0.86259399
0.86259399
0.86259399
0.86259399
0.86259399
0.86259399
0.86259399
0.86259399
0.86259399
0.86259399
0.86259399
0.86259399
0.86259399
0.86259399
0.86259399
0.99790059
0.86259399
0.86259399
0.86259399
0.86259399
0.86259399
0.86259399
0.86259399
0.86259399
0.86259399
0.86259399
0.86259399
0.86259399
0.86259399
0.86259399
0.86259399
0.86259399
0.86259399
0.86259399
0.86259399
0.86259399
0.86259399
0.86259399
0.86259399
0.94004309
0.86259399
0.86259399
0.86259399
0.86259399
0.86259399
0.86259399
0.86259399
0.86259399
0.86259399
0.86259399
0.86259399
0.86259399
0.86259399
0.86259399
0.86259399
0.86259399
0.86259399
0.86259399
0.86259399
0.86259399
0.86259399
0.86259399
0.86259399
0.86259399
0.86259399
0.86259399
0.86259399
0.86259399
0.86259399
0.86259399
0.86259399
0.86259399
0.99924776
0.86259399
0.86259399
0.86259399
0.86259399
0.86259399
0.86259399
0.86259399
0.86259399
0.86259399
0.86259399
0.86259399
0.96324835
0.86259399
0.86259399
0.86259399
0.86259399
0.86259399
0.86259399
0.86259399
0.86259399
0.86259399
0.86259399
0.86259399
0.94282188
0.86259399
0.86259399
0.86259399
0.86259399
0.86259399
0.86259399
0.86259399
0.86259399
0.99994196
0.99073464
0.86259399
0.99895692
0.86259399
0.86259399
0.86259399
0.86259399
0.86259399
0.86259399
0.86259399
0.86259399
0.86259399
0.86259399
0.86259399
0.86259399
0.86259399
0.86259399
0.86259399
0.86259399
0.86259399
0.86259399
0.86259399
0.86259399
0.86259399
0.86259399
0.86259399
0.86259399
0.86259399
0.86259399
0.86259399
0.98457557
0.86259399
0.86259399
0.86259399
0.86259399
0.86259399
0.86259399
0.86259399
0.86259399
0.86259399
0.86259399
0.86259399
0.86259399
0.86259399
0.86259399
0.86259399
0.86259399
0.86259399
0.86259399
0.86259399
0.86259399
0.86259399
0.99216527
0.86259399
0.86259399
0.86259399
0.99999061
0.86259399
0.86259399
0.86259399
0.86259399
0.86259399
0.86259399
0.86259399
0.86259399
0.86259399
0.86259399
0.86259399
0.86259399
0.86259399
0.86259399
0.86259399
0.86259399
0.86259399
0.86259399
0.96944801
0.86259399
0.86259399
0.86259399
0.86259399
0.86259399
0.86259399
0.86259399
0.86259399
0.86259399
0.86259399
0.86259399
0.94562750
0.97704193
0.86259399
0.86259399
0.86259399
0.86259399
0.86259399
0.86259399
0.86259399
0.86259399
0.86259399
0.86259399
0.86259399
0.86259399
0.86259399
0.86259399
0.86259399
0.86259399
0.86259399
0.86259399
0.86259399
0.99552416
0.86259399
0.86259399
0.99999376
0.86259399
0.86259399
0.86259399
0.86259399
0.86259399
0.86259399
0.86259399
0.86259399
0.86259399
0.86259399
0.95194785
0.86259399
0.86259399
0.86259399
0.86259399
0.86259399
0.86259399
0.86259399
0.86259399
0.86259399
0.86259399
0.86259399
0.86259399
0.86259399
0.86259399
0.86259399
0.86259399
0.86259399
0.86259399
0.86259399
0.86259399
0.86259399
0.86259399
0.86259399
0.86259399
0.86259399
0.86259399
0.86259399
0.86259399
0.86259399
0.86259399
0.86259399
0.86259399
0.86259399
0.86259399
0.86259399
0.94036050
0.86259399
0.86259399
0.86259399
0.86259399
0.86259399
0.86259399
0.86259399
0.86259399
0.86259399
0.98279066
0.86259399
0.86259399
0.86259399
0.86259399
0.86259399
0.86259399
0.86259399
0.86259399
0.95518440
0.86259399
0.86259399
0.86259399
0.86259399
0.86259399
0.86259399
0.86259399
0.86259399
0.86259399
0.86259399
0.86259399
0.86259399
0.93626894
0.86259399
0.86259399
0.86259399
0.86259399
0.86259399
0.86259399
0.93742572
0.86259399
0.86259399
0.86259399
0.86259399
0.86259399
0.86259399
0.86259399
0.86259399
0.86259399
0.86259399
0.86259399
0.94181526
0.86259399
0.86259399
0.98989555
0.86259399
0.86259399
0.86259399
0.86259399
0.86259399
0.86259399
0.86259399
0.86259399
0.86259399
0.99624828
0.99350920
0.86259399
0.86259399
0.86259399
0.86259399
0.86259399
0.98628207
0.86259399
0.86259399
0.86259399
0.86259399
0.86259399
0.95873325
0.86259399
0.86259399
0.86259399
0.86259399
0.86259399
0.86259399
0.86259399
0.86259399
0.93761807
0.86259399
0.86259399
0.86259399
0.86259399
0.86259399
0.86259399
0.86259399
0.86259399
0.86259399
0.86259399
0.86259399
0.99663192
0.86259399
0.86259399
0.86259399
0.99692643
0.86259399
0.86259399
0.86259399
0.86259399
0.86259399
0.86259399
0.86259399
0.86259399
0.86259399
0.86259399
0.86259399
0.86259399
0.86259399
0.86259399
0.86259399
0.86259399
0.99999741
0.86259399
0.86259399
0.86259399
0.86259399
0.86259399
0.86259399
0.86259399
0.96134725
0.86259399
0.86259399
0.86259399
0.86259399
0.86259399
0.86259399
0.86259399
0.86259399
0.86259399
0.86259399
0.86259399
0.86259399
0.93678361
0.86259399
0.86259399
0.86259399
0.86259399
0.86259399
0.86259399
0.86259399
0.86259399
0.86259399
0.86259399
0.86259399
0.86259399
0.99940432
0.86259399
0.86259399
0.86259399
0.86259399
0.99223403
0.86259399
0.86259399
0.86259399
0.86259399
0.86259399
0.86259399
0.94017010
0.86259399
0.86259399
0.86259399
0.86259399
0.86259399
0.86259399
0.86259399
0.86259399
0.86259399
0.86259399
0.86259399
0.86259399
0.86259399
0.86259399
0.94747542
0.86259399
0.86259399
0.86259399
0.86259399
0.86259399
0.86259399
0.86259399
0.86259399
0.86259399
0.86259399
0.86259399
0.86259399
0.86259399
0.86259399
0.86259399
0.86259399
0.86259399
0.86259399
0.86259399
0.86259399
0.86259399
0.86259399
0.86259399
0.86259399
0.86259399
0.86259399
0.86259399
0.86259399
0.86259399
0.86259399
0.99820787
0.86259399
0.86259399
0.86259399
0.99964961
0.86259399
0.86259399
0.86259399
0.86259399
0.86259399
0.86259399
0.86259399
0.86259399
0.86259399
0.86259399
0.86259399
0.86259399
0.86259399
0.86259399
0.86259399
0.86259399
0.86259399
0.86259399
0.86259399
0.86259399
0.86259399
0.86259399
0.86259399
0.86259399
0.86259399
0.86259399
0.86259399
0.86259399
0.86259399
0.86259399
0.86259399
0.86259399
0.86259399
0.86259399
0.86259399
0.86259399
0.86259399
0.86259399
0.86259399
0.86259399
0.86259399
0.86259399
0.86259399
0.86259399
0.86259399
0.86259399
0.86259399
0.86259399
0.86259399
0.86259399
0.86259399
0.86259399
0.86259399
0.86259399
0.86259399
0.86259399
0.86259399
0.86259399
0.86259399
0.86259399
0.86259399
0.86259399
0.97244397
0.86259399
0.86259399
0.86259399
0.99728351
0.86259399
0.86259399
0.86259399
0.86259399
0.86259399
0.86259399
0.86259399
0.86259399
0.95963077
0.86259399
0.86259399
0.86259399
0.86259399
0.86259399
0.86259399
0.86259399
0.86259399
0.86259399
0.86259399
0.86259399
0.86259399
0.86259399
0.86259399
0.86259399
0.86259399
0.86259399
0.86259399
0.86259399
0.86259399
0.86259399
0.86259399
0.86259399
0.86259399
0.86259399
0.86259399
0.86259399
0.86259399
0.86259399
0.86259399
0.86259399
0.86259399
0.86259399
0.86259399
0.86259399
0.86259399
0.86259399
0.86259399
0.96183990
0.86259399
0.86259399
0.86259399
0.86259399
0.86259399
0.86259399
0.86259399
0.86259399
0.86259399
0.86259399
0.86259399
0.86259399
0.86259399
0.86259399
0.86259399
0.86259399
0.86259399
0.86259399
0.86259399
0.94187830
0.86259399
0.86259399
0.86259399
0.86259399
0.86259399
0.86259399
0.86259399
0.86259399
0.86259399
0.86259399
0.86259399
0.86259399
0.86259399
0.86259399
0.86259399
0.86259399
0.86259399
0.86259399
0.86259399
0.86259399
0.86259399
0.86259399
0.86259399
0.86259399
0.86259399
0.86259399
0.97673999
0.86259399
0.86259399
0.86259399
0.86259399
0.86259399
0.86259399
0.86259399
0.86259399
0.99979707
0.86259399
0.86259399
0.86259399
0.86259399
0.86259399
0.86259399
0.86259399
0.86259399
0.86259399
0.86259399
0.86259399
0.86259399
0.86259399
0.86259399
0.86259399
0.86259399
0.86259399
0.86259399
0.86259399
0.86259399
0.86259399
0.86259399
0.86259399
0.86259399
0.86259399
0.86259399
0.86259399
0.86259399
0.86259399
0.86259399
0.86259399
0.86259399
0.86259399
0.86259399
0.86259399
0.86259399
0.86259399
1.00000000
0.86259399
0.86259399
0.86259399
0.99645727
0.86259399
0.86259399
0.86259399
0.98852348
0.86259399
0.99999435
0.86259399
0.86259399
0.86259399
0.86259399
0.86259399
0.86259399
0.86259399
0.86259399
0.86259399
0.86259399
0.86259399
0.86259399
0.86259399
0.98038545
0.86259399
0.86259399
0.86259399
0.97072230
0.86259399
0.86259399
0.94194133
0.86259399
0.86259399
0.86259399
0.86259399
0.86259399
0.86259399
0.86259399
0.86259399
0.86259399
0.86259399
0.86259399
0.86259399
0.97893389
0.86259399
0.86259399
0.86259399
0.86259399
0.99993486
0.99848971
0.86259399
0.86259399
0.86259399
0.86259399
0.86259399
0.86259399
0.86259399
0.86259399
0.86259399
0.86259399
0.86259399
0.86259399
0.86259399
0.86259399
0.86259399
0.86259399
0.86259399
0.86259399
0.86259399
0.86259399
0.86259399
0.86259399
0.86259399
0.86259399
0.86259399
0.86259399
0.86259399
0.86259399
0.86259399
0.86259399
0.86259399
0.86259399
0.86259399
0.86259399
0.86259399
0.86259399
0.86259399
0.86259399
0.99569768
0.86259399
0.86259399
0.86259399
0.86259399
0.86259399
0.86259399
0.86259399
0.86259399
0.86259399
0.86259399
0.86259399
0.86259399
0.86259399
0.86259399
0.86259399
0.86259399
0.94698449
0.86259399
0.86259399
0.86259399
0.97772441
0.86259399
0.86259399
0.86259399
0.94213031
0.86259399
0.86259399
0.86259399
0.86259399
0.86259399
0.86259399
0.86259399
0.86259399
0.86259399
0.86259399
0.86259399
0.86259399
0.86259399
0.86259399
0.86259399
0.99797597
0.86259399
0.86259399
0.86259399
0.86259399
0.86259399
0.86259399
0.86259399
0.86259399
0.86259399
0.86259399
0.86259399
0.86259399
0.86259399
0.86259399
0.86259399
0.86259399
0.86259399
0.86259399
0.86259399
0.86259399
0.86259399
0.86259399
0.86259399
0.86259399
0.86259399
0.86259399
0.86259399
0.86259399
0.86259399
0.86259399
0.86259399
0.86259399
0.86259399
0.86259399
0.86259399
0.86259399
0.86259399
0.86259399
0.86259399
0.86259399
0.86259399
0.86259399
0.86259399
0.86259399
0.86259399
0.86259399
0.95907073
0.86259399
0.86259399
0.86259399
0.86259399
0.86259399
0.86259399
0.86259399
0.86259399
0.86259399
0.86259399
0.86259399
0.86259399
0.86259399
0.86259399
0.86259399
0.86259399
0.86259399
0.86259399
0.86259399
0.86259399
0.86259399
0.86259399
0.86259399
0.86259399
0.86259399
0.86259399
0.86259399
0.86259399
0.86259399
0.95466026
0.86259399
0.86259399
0.86259399
0.86259399
0.86259399
0.86259399
0.86259399
0.86259399
0.86259399
0.86259399
0.86259399
0.86259399
0.86259399
0.86259399
0.96697824
0.86259399
0.86259399
0.98732464
0.86259399
0.86259399
0.86259399
0.98038545
0.86259399
0.86259399
0.86259399
0.86259399
0.97047923
0.86259399
0.86259399
0.86259399
0.86259399
0.86259399
0.86259399
0.86259399
0.86259399
0.86259399
0.86259399
0.86259399
0.86259399
0.86259399
0.86259399
0.86259399
0.86259399
0.86259399
0.86259399
0.86259399
0.94593678
0.86259399
0.95033090
0.86259399
0.86259399
0.86259399
0.86259399
0.86259399
0.86259399
0.86259399
0.86259399
0.86259399
0.86259399
0.86259399
0.86259399
0.86259399
0.86259399
0.86259399
0.86259399
0.86259399
0.86259399
0.86259399
0.86259399
0.86259399
0.86259399
0.86259399
0.86259399
0.86259399
0.86259399
0.86259399
0.86259399
0.86259399
0.86259399
0.86259399
0.97163721
0.86259399
0.86259399
0.86259399
0.86259399
0.86259399
0.95845119
0.86259399
0.86259399
0.86259399
0.86259399
0.86259399
0.86259399
0.86259399
0.86259399
0.86259399
0.86259399
0.86259399
0.86259399
0.86259399
0.86259399
0.86259399
0.86259399
0.86259399
0.86259399
0.86259399
0.99319879
0.86259399
0.86259399
0.86259399
0.86259399
0.95535863
0.86259399
0.86259399
0.86259399
0.86259399
0.86259399
0.86259399
0.86259399
0.86259399
0.86259399
0.86259399
0.86259399
0.86259399
0.86259399
0.86259399
0.86259399
0.86259399
0.86259399
0.86259399
0.86259399
0.86259399
0.86259399
0.86259399
0.86259399
0.99999996
0.86259399
0.86259399
0.86259399
0.86259399
0.86259399
0.86259399
0.86259399
0.86259399
0.86259399
0.86259399
0.86259399
0.86259399
0.86259399
0.86259399
0.86259399
0.86259399
0.86259399
0.86259399
0.86259399
0.86259399
0.86259399
0.86259399
0.86259399
0.86259399
0.86259399
0.86259399
0.86259399
0.86259399
0.86259399
0.86259399
0.86259399
0.86259399
0.86259399
0.86259399
0.86259399
0.86259399
0.86259399
0.86259399
0.86259399
0.94137345
0.86259399
0.86259399
0.86259399
0.86259399
0.86259399
0.86259399
0.86259399
0.86259399
0.86259399
0.86259399
0.99879119
0.86259399
0.86259399
0.86259399
0.86259399
0.86259399
0.86259399
0.86259399
0.86259399
0.86259399
0.86259399
0.86259399
0.86259399
0.86259399
0.86259399
0.86259399
0.86259399
0.86259399
0.86259399
0.86259399
0.86259399
0.86259399
0.86259399
0.86259399
0.86259399
0.86259399
0.86259399
0.86259399
0.93452583
0.86259399
0.86259399
0.86259399
0.86259399
0.86259399
0.86259399
0.86259399
0.86259399
0.86259399
0.86259399
0.86259399
0.86259399
0.86259399
0.96421032
0.86259399
0.86259399
0.86259399
0.99999997
0.86259399
0.99999915
0.86259399
0.98732464
0.86259399
0.86259399
0.86259399
0.86259399
0.86259399
0.86259399
0.86259399
0.86259399
0.86259399
0.86259399
0.86259399
0.86259399
0.86259399
0.86259399
0.86259399
0.86259399
0.86259399
0.86259399
0.86259399
0.86259399
0.86259399
0.86259399
0.86259399
0.86259399
0.86259399
0.86259399
0.86259399
0.86259399
0.86259399
0.86259399
0.86259399
0.86259399
0.86259399
0.86259399
0.86259399
0.86259399
0.86259399
0.86259399
0.99999388
0.86259399
0.86259399
0.86259399
0.86259399
0.86259399
0.86259399
0.86259399
0.86259399
0.86259399
0.86259399
0.86259399
0.86259399
0.86259399
0.86259399
0.86259399
0.86259399
0.86259399
0.86259399
0.86259399
0.86259399
0.86259399
0.86259399
0.86259399
0.99981400
0.99999957
0.97470543
0.86259399
0.93478464
0.86259399
0.86259399
0.86259399
0.86259399
0.86259399
0.86259399
0.86259399
0.86259399
0.86259399
0.86259399
0.86259399
0.86259399
0.86259399
0.94257065
0.86259399
0.86259399
0.86259399
0.86259399
0.86259399
0.86259399
0.86259399
0.86259399
0.86259399
0.86259399
0.86259399
0.86259399
0.86259399
0.86259399
0.86259399
0.86259399
0.86259399
0.86259399
0.86259399
0.86259399
0.86259399
0.86259399
0.86259399
0.86259399
0.86259399
0.86259399
0.86259399
0.86259399
0.86259399
0.86259399
0.86259399
0.86259399
0.86259399
0.86259399
0.86259399
0.86259399
0.86259399
0.86259399
0.86259399
0.86259399
0.86259399
0.86259399
0.86259399
0.86259399
0.86259399
0.86259399
0.86259399
0.86259399
0.86259399
0.86259399
0.86259399
0.86259399
0.86259399
0.86259399
0.86259399
0.86259399
0.86259399
0.86259399
0.96835001
0.86259399
0.86259399
0.86259399
0.86259399
0.86259399
0.86259399
0.86259399
0.86259399
0.86259399
0.86259399
0.86259399
0.86259399
0.86259399
0.86259399
0.86259399
0.86259399
0.86259399
0.86259399
0.86259399
0.86259399
0.86259399
0.99569768
0.86259399
0.86259399
0.86259399
0.86259399
0.86259399
0.86259399
0.86259399
0.86259399
0.86259399
0.86259399
0.86259399
0.86259399
0.86259399
0.86259399
0.86259399
0.86259399
0.86259399
0.86259399
0.86259399
0.93407245
0.86259399
0.86259399
0.86259399
0.86259399
0.86259399
0.86259399
0.86259399
0.98605469
0.86259399
0.86259399
0.86259399
0.86259399
0.86259399
0.86259399
0.86259399
0.86259399
0.86259399
0.86259399
0.86259399
0.86259399
0.86259399
0.86259399
0.86259399
0.86259399
0.86259399
0.86259399
0.86259399
0.86259399
0.86259399
0.86259399
0.86259399
0.86259399
0.86259399
0.94587497
0.86259399
0.86259399
0.86259399
0.86259399
0.86259399
0.86259399
0.86259399
0.86259399
0.86259399
0.86259399
0.86259399
0.86259399
0.99941969
0.86259399
0.86259399
0.86259399
0.86259399
0.93413725
0.86259399
0.86259399
0.86259399
0.86259399
0.86259399
0.86259399
0.86259399
0.86259399
0.86259399
0.86259399
0.86259399
0.86259399
0.86259399
0.86259399
0.86259399
0.86259399
0.86259399
0.86259399
0.86259399
0.86259399
0.86259399
0.86259399
0.86259399
0.86259399
0.86259399
0.86259399
0.86259399
0.86259399
0.86259399
0.86259399
0.86259399
0.99801293
0.86259399
0.86259399
0.86259399
0.86259399
0.86259399
0.86259399
0.86259399
0.86259399
0.86259399
0.86259399
0.86259399
0.86259399
0.86259399
0.86259399
0.98436722
0.86259399
0.86259399
0.86259399
0.86259399
0.86259399
0.86259399
0.86259399
0.86259399
0.86259399
0.86259399
0.86259399
0.86259399
0.86259399
0.86259399
0.86259399
0.86259399
0.86259399
0.86259399
0.86259399
0.86259399
0.86259399
0.86259399
0.86259399
0.86259399
0.86259399
0.86259399
0.86259399
0.86259399
0.86259399
0.86259399
0.86259399
0.86259399
0.86259399
0.86259399
0.86259399
0.99999929
0.86259399
0.86259399
0.86259399
0.86259399
0.86259399
0.86259399
0.86259399
0.86259399
0.86259399
0.86259399
0.86259399
0.86259399
0.86259399
0.86259399
0.86259399
0.86259399
0.86259399
0.86259399
0.86259399
0.86259399
0.86259399
0.86259399
0.99481904
0.86259399
0.86259399
0.86259399
0.86259399
0.86259399
0.86259399
0.86259399
0.86259399
0.86259399
0.86259399
0.86259399
0.86259399
0.86259399
0.86259399
0.86259399
0.86259399
0.86259399
0.86259399
0.86259399
0.86259399
0.86259399
0.86259399
0.86259399
0.86259399
0.99999996
0.86259399
0.86259399
0.86259399
0.86259399
0.86259399
0.86259399
0.86259399
0.86259399
0.98545999
0.86259399
0.86259399
0.86259399
0.86259399
0.86259399
0.86259399
0.86259399
0.86259399
0.86259399
0.86259399
0.86259399
0.86259399
0.86259399
0.86259399
0.86259399
0.86259399
0.97519984
0.94556558
0.86259399
0.86259399
0.86259399
0.98322910
0.86259399
0.86259399
0.86259399
0.86259399
0.86259399
0.99998345
0.86259399
0.86259399
0.86259399
0.86259399
0.86259399
0.97868658
0.86259399
0.86259399
0.86259399
0.86259399
0.86259399
0.86259399
0.86259399
0.86259399
0.86259399
0.86259399
0.86259399
0.86259399
0.86259399
0.86259399
0.86259399
0.86259399
0.86259399
0.86259399
0.86259399
0.86259399
0.86259399
0.86259399
0.86259399
0.86259399
0.86259399
0.86259399
0.86259399
0.86259399
0.86259399
0.86259399
0.86259399
0.86259399
0.86259399
0.86259399
0.86259399
0.86259399
0.99200335
0.86259399
0.93497862
0.86259399
0.86259399
0.86259399
0.86259399
0.86259399
0.86259399
0.86259399
0.86259399
0.86259399
0.86259399
0.86259399
0.86259399
0.86259399
0.86259399
0.86259399
0.86259399
0.86259399
0.86259399
0.86259399
0.86259399
0.86259399
0.86259399
0.86259399
0.86259399
0.86259399
0.86259399
0.86259399
0.86259399
0.86259399
0.86259399
0.86259399
0.86259399
0.86259399
0.86259399
0.86259399
0.86259399
0.86259399
0.86259399
0.86259399
0.86259399
0.86259399
0.86259399
0.86259399
0.86259399
0.86259399
0.86259399
0.86259399
0.86259399
0.86259399
0.86259399
0.86259399
0.86259399
0.86259399
0.86259399
0.86259399
0.86259399
0.86259399
0.86259399
0.86259399
0.86259399
0.86259399
0.86259399
0.86259399
0.86259399
0.86259399
0.86259399
0.86259399
0.86259399
0.86259399
0.86259399
0.86259399
0.86259399
0.86259399
0.86259399
0.86259399
0.86259399
0.86259399
0.86259399
0.86259399
0.86259399
0.86259399
0.86259399
0.86259399
0.86259399
0.86259399
0.99910570
0.86259399
0.97793547
0.86259399
0.86259399
0.86259399
0.86259399
0.86259399
0.86259399
0.86259399
0.86259399
0.86259399
0.86259399
0.86259399
0.86259399
0.86259399
0.86259399
0.86259399
0.86259399
0.86259399
0.86259399
0.86259399
0.86259399
0.86259399
0.86259399
0.86259399
0.86259399
0.86259399
0.86259399
0.86259399
0.86259399
0.86259399
0.99790059
0.86259399
0.86259399
0.86259399
0.86259399
0.86259399
0.86259399
0.86259399
0.86259399
0.86259399
0.86259399
0.86259399
0.86259399
0.99126105
0.86259399
0.86259399
0.86259399
0.86259399
0.86259399
0.86259399
0.97954546
0.86259399
0.86259399
0.99753717
0.99999989
0.86259399
0.86259399
0.86259399
0.86259399
0.86259399
0.86259399
0.86259399
0.86259399
0.86259399
0.86259399
0.86259399
0.86259399
0.86259399
0.86259399
0.86259399
0.86259399
0.86259399
0.86259399
0.86259399
0.86259399
0.86259399
0.94575127
0.86259399
0.86259399
0.86259399
0.86259399
0.86259399
0.86259399
0.86259399
0.86259399
0.86259399
0.86259399
0.86259399
0.86259399
0.86259399
0.86259399
0.86259399
0.86259399
0.86259399
0.86259399
0.86259399
0.86259399
0.86259399
0.86259399
0.86259399
0.86259399
0.86259399
0.86259399
0.86259399
0.86259399
0.86259399
0.86259399
0.86259399
0.86259399
0.86259399
0.86259399
0.86259399
0.86259399
0.86259399
0.86259399
0.86259399
0.86259399
0.86259399
0.86259399
0.86259399
0.86259399
0.86259399
0.86259399
0.86259399
0.86259399
0.86259399
0.86259399
0.86259399
0.86259399
0.86259399
0.86259399
0.86259399
0.86259399
0.86259399
0.86259399
0.86259399
0.86259399
0.99957020
0.86259399
0.86259399
0.86259399
0.86259399
0.86259399
0.86259399
0.86259399
0.86259399
0.86259399
0.86259399
0.86259399
0.86259399
0.86259399
0.86259399
0.86259399
0.86259399
0.86259399
0.86259399
0.86259399
0.86259399
0.86259399
0.86259399
0.86259399
0.86259399
0.86259399
0.86259399
0.86259399
0.86259399
0.99506166
0.86259399
0.86259399
0.86259399
0.86259399
0.86259399
0.86259399
0.86259399
0.86259399
0.86259399
0.86259399
0.86259399
0.86259399
0.86259399
0.86259399
0.86259399
0.98058264
0.86259399
0.86259399
0.97443369
0.86259399
0.86259399
0.86259399
0.86259399
0.99950249
0.86259399
0.86259399
0.86259399
0.86259399
0.86259399
0.86259399
0.86259399
0.86259399
0.86259399
0.86259399
0.86259399
0.86259399
0.86259399
0.86259399
0.86259399
0.97091606
0.86259399
0.86259399
0.86259399
0.99933568
0.86259399
0.86259399
0.96573697
0.86259399
0.86259399
0.86259399
0.86259399
0.86259399
0.86259399
0.86259399
0.86259399
0.86259399
0.86259399
0.86259399
0.86259399
0.86259399
0.86259399
0.86259399
0.86259399
0.86259399
0.86259399
0.86259399
0.86259399
0.86259399
0.86259399
0.86259399
0.86259399
0.86259399
0.86259399
0.86259399
0.86259399
0.86259399
0.86259399
0.86259399
0.86259399
0.86259399
0.99829187
0.86259399
0.86259399
0.86259399
0.86259399
0.86259399
0.86259399
0.86259399
0.86259399
0.86259399
0.86259399
0.86259399
0.86259399
0.86259399
0.86259399
0.95622600
0.86259399
0.86259399
0.86259399
0.86259399
0.86259399
0.86259399
0.86259399
0.86259399
0.86259399
0.86259399
0.86259399
0.86259399
0.86259399
0.86259399
0.86259399
0.86259399
0.86259399
0.86259399
0.86259399
0.86259399
0.86259399
0.86259399
0.86259399
0.86259399
0.99923388
0.86259399
0.86259399
0.86259399
0.86259399
0.86259399
0.86259399
0.86259399
0.86259399
0.86259399
0.86259399
0.86259399
0.86259399
0.86259399
0.86259399
0.86259399
0.86259399
0.86259399
0.86259399
0.86259399
0.86259399
0.86259399
0.86259399
0.86259399
0.86259399
0.86259399
0.86259399
0.86259399
0.86259399
0.95129124
0.86259399
0.86259399
0.86259399
0.86259399
0.86259399
0.86259399
0.86259399
0.86259399
0.86259399
0.86259399
0.86259399
0.86259399
0.86259399
0.86259399
0.86259399
0.86259399
0.86259399
0.86259399
0.86259399
0.86259399
0.86259399
0.86259399
0.86259399
0.86259399
0.86259399
0.86259399
0.86259399
0.86259399
0.86259399
0.86259399
0.86259399
0.86259399
0.86259399
0.86259399
0.86259399
0.86259399
0.86259399
0.86259399
0.86259399
0.86259399
0.86259399
0.86259399
0.86259399
0.86259399
0.86259399
0.86259399
0.86259399
0.86259399
0.99377072
0.86259399
0.96436958
0.86259399
0.99234777
0.86259399
0.86259399
0.99608985
0.86259399
0.86259399
0.86259399
0.86259399
0.86259399
0.86259399
0.86259399
0.86259399
0.86259399
0.86259399
0.86259399
0.86259399
0.86259399
0.86259399
0.86259399
0.86259399
0.86259399
0.86259399
0.86259399
0.86259399
0.86259399
0.86259399
0.86259399
0.86259399
0.86259399
0.86259399
0.86259399
0.86259399
0.86259399
0.86259399
0.86259399
0.86259399
0.86259399
0.86259399
0.93355360
0.86259399
0.86259399
0.86259399
0.99999999
0.86259399
0.86259399
0.86259399
0.86259399
0.86259399
0.86259399
0.86259399
0.86259399
0.86259399
0.86259399
0.86259399
0.86259399
0.86259399
0.86259399
0.86259399
0.86259399
0.86259399
0.86259399
0.86259399
0.86259399
0.86259399
0.86259399
0.86259399
0.86259399
0.86259399
0.86259399
0.86259399
0.86259399
0.86259399
0.86259399
0.86259399
0.86259399
0.86259399
0.86259399
0.86259399
0.86259399
0.86259399
0.86259399
0.86259399
0.86259399
0.86259399
0.86259399
0.86259399
0.86259399
0.99999326
0.86259399
0.86259399
0.86259399
0.86259399
0.86259399
0.86259399
0.86259399
0.86259399
0.86259399
0.86259399
0.86259399
0.86259399
0.86259399
0.86259399
0.86259399
0.86259399
0.86259399
0.86259399
0.86259399
0.86259399
0.86259399
0.86259399
0.86259399
0.86259399
0.94307282
0.86259399
0.86259399
0.86259399
0.86259399
0.86259399
0.86259399
0.86259399
0.86259399
0.86259399
0.86259399
0.86259399
0.86259399
0.86259399
0.86259399
0.86259399
0.86259399
0.86259399
0.86259399
0.96297922
0.86259399
0.86259399
0.97411481
0.86259399
0.86259399
0.86259399
0.86259399
0.86259399
0.86259399
0.95015015
0.86259399
0.86259399
0.86259399
0.86259399
0.86259399
0.86259399
0.86259399
0.86259399
0.86259399
0.86259399
0.86259399
0.86259399
0.86259399
0.98162877
0.94099410
0.86259399
0.86259399
0.86259399
0.86259399
0.86259399
0.86259399
0.86259399
0.86259399
0.86259399
0.86259399
1.00000000
0.86259399
0.86259399
0.86259399
0.99979355
0.86259399
0.86259399
0.86259399
0.86259399
0.95901456
0.86259399
0.86259399
0.86259399
0.86259399
0.86259399
0.86259399
0.86259399
0.86259399
0.86259399
0.86259399
0.86259399
0.86259399
0.86259399
0.86259399
0.94942505
0.86259399
0.86259399
0.86259399
0.86259399
0.86259399
0.86259399
0.86259399
0.86259399
0.99083638
0.86259399
0.86259399
0.86259399
0.86259399
0.86259399
0.94326083
0.86259399
0.86259399
0.86259399
0.86259399
0.86259399
0.86259399
0.86259399
0.86259399
0.86259399
0.86259399
0.86259399
0.86259399
0.86259399
0.86259399
0.86259399
0.86259399
0.86259399
0.86259399
0.86259399
0.86259399
0.86259399
0.86259399
0.86259399
0.99999273
0.86259399
0.86259399
0.86259399
0.86259399
0.86259399
0.86259399
0.86259399
0.86259399
0.86259399
0.94469663
0.86259399
0.86259399
0.86259399
0.86259399
0.86259399
0.86259399
0.86259399
0.86259399
0.86259399
0.86259399
0.86259399
0.86259399
0.94382386
0.86259399
0.86259399
0.86259399
0.86259399
0.94704593
0.86259399
0.86259399
0.86259399
0.86259399
0.86259399
0.99991514
0.86259399
0.86259399
0.86259399
0.86259399
0.86259399
0.86259399
0.86259399
0.86259399
0.86259399
0.86259399
0.86259399
0.86259399
0.86259399
0.86259399
0.86259399
0.86259399
0.86259399
0.86259399
0.86259399
0.86259399
0.86259399
0.86259399
0.86259399
0.86259399
0.86259399
0.86259399
0.97125368
0.86259399
0.86259399
0.86259399
0.86259399
0.86259399
0.86259399
0.86259399
0.86259399
0.86259399
0.86259399
0.99561938
0.86259399
0.86259399
0.86259399
0.86259399
0.86259399
0.86259399
0.86259399
0.86259399
0.86259399
0.86259399
0.86259399
0.86259399
0.86259399
0.86259399
0.86259399
0.86259399
0.86259399
0.86259399
0.86259399
0.86259399
0.86259399
0.86259399
0.86259399
0.86259399
0.86259399
0.96254689
0.86259399
0.86259399
0.86259399
0.86259399
0.86259399
0.86259399
0.86259399
0.86259399
0.86259399
0.86259399
0.86259399
0.86259399
0.86259399
0.86259399
0.86259399
0.86259399
0.93581791
0.86259399
0.86259399
0.86259399
0.86259399
0.86259399
0.86259399
0.86259399
0.86259399
0.86259399
0.86259399
0.86259399
0.86259399
0.86259399
0.86259399
0.86259399
0.86259399
0.86259399
0.86259399
0.86259399
0.86259399
0.86259399
0.86259399
0.86259399
0.86259399
0.86259399
0.86259399
0.86259399
0.86259399
0.86259399
0.86259399
0.86259399
0.86259399
0.86259399
0.86259399
0.95782805
0.86259399
0.95436812
0.86259399
0.86259399
0.86259399
0.86259399
0.86259399
0.86259399
0.86259399
0.86259399
0.86259399
0.86259399
0.86259399
0.86259399
0.86259399
0.86259399
0.86259399
0.86259399
0.86259399
0.86259399
0.86259399
0.95448506
0.86259399
0.86259399
0.86259399
0.86259399
0.86259399
0.86259399
0.97425171
0.86259399
0.86259399
0.99997110
0.86259399
0.86259399
0.86259399
0.86259399
0.86259399
0.86259399
0.86259399
0.86259399
0.86259399
0.86259399
0.86259399
0.86259399
0.86259399
0.99984178
0.86259399
0.86259399
0.86259399
0.86259399
0.86259399
0.86259399
0.86259399
0.86259399
0.86259399
0.86259399
0.86259399
0.86259399
0.86259399
0.86259399
0.86259399
0.86259399
0.86259399
0.86259399
0.86259399
0.86259399
0.86259399
0.86259399
0.86259399
0.86259399
0.86259399
0.86259399
0.86259399
0.86259399
0.86259399
0.86259399
0.86259399
0.86259399
0.99848212
0.86259399
0.86259399
0.86259399
0.86259399
0.86259399
0.86259399
0.86259399
0.98569297
0.86259399
0.86259399
0.86259399
0.86259399
0.86259399
0.86259399
0.97115741
0.86259399
0.86259399
0.86259399
0.86259399
0.86259399
0.86259399
0.86259399
0.94338608
0.86259399
0.86259399
0.86259399
0.86259399
0.86259399
0.86259399
0.86259399
0.86259399
0.86259399
0.86259399
0.86259399
0.86259399
0.86259399
0.86259399
0.86259399
0.86259399
0.99995265
0.86259399
0.86259399
0.86259399
0.86259399
0.86259399
0.86259399
0.86259399
0.86259399
0.86259399
0.98054329
0.86259399
0.86259399
0.86259399
0.86259399
0.86259399
0.86259399
0.86259399
0.86259399
0.86259399
0.86259399
0.86259399
0.86259399
0.86259399
0.86259399
0.86259399
0.86259399
0.86259399
0.86259399
0.86259399
0.86259399
0.86259399
0.86259399
0.86259399
0.86259399
0.86259399
0.86259399
0.86259399
0.86259399
0.86259399
0.86259399
0.86259399
0.86259399
0.86259399
0.86259399
0.86259399
0.86259399
0.86259399
0.86259399
0.86259399
0.86259399
0.86259399
0.86259399
0.86259399
0.86259399
0.86259399
0.86259399
0.86259399
0.86259399
0.86259399
0.86259399
0.86259399
0.86259399
0.86259399
0.86259399
0.86259399
0.86259399
0.86259399
0.86259399
0.86259399
0.86259399
0.86259399
0.96458146
0.86259399
0.86259399
0.86259399
0.86259399
0.86259399
0.86259399
0.86259399
0.86259399
0.86259399
0.86259399
0.86259399
0.86259399
0.86259399
0.86259399
0.86259399
0.86259399
0.86259399
0.86259399
0.86259399
0.86259399
0.86259399
0.86259399
0.86259399
0.99997266
0.86259399
0.86259399
0.86259399
0.99838104
0.86259399
0.86259399
0.86259399
0.86259399
0.86259399
0.86259399
0.86259399
0.86259399
0.86259399
0.86259399
0.86259399
0.86259399
0.86259399
0.86259399
0.96394420
0.86259399
0.86259399
0.86259399
0.86259399
0.86259399
0.86259399
0.86259399
0.86259399
0.86259399
0.86259399
0.86259399
0.86259399
0.86259399
0.86259399
0.86259399
0.86259399
0.86259399
0.86259399
0.86259399
0.86259399
0.86259399
0.86259399
0.86259399
0.86259399
0.86259399
0.86259399
0.86259399
0.86259399
0.86259399
0.86259399
0.86259399
0.86259399
0.86259399
0.86259399
0.86259399
0.86259399
0.86259399
0.86259399
0.86259399
0.86259399
0.86259399
0.86259399
0.86259399
0.86259399
0.86259399
0.86259399
0.86259399
0.86259399
0.86259399
0.86259399
0.86259399
0.86259399
0.86259399
0.86259399
0.86259399
0.86259399
0.86259399
0.86259399
0.86259399
0.94661540
0.96860112
0.86259399
0.86259399
0.86259399
0.86259399
0.86259399
0.86259399
0.86259399
0.86259399
0.86259399
0.86259399
0.86259399
0.86259399
0.86259399
0.86259399
0.86259399
0.96249270
0.86259399
0.86259399
0.86259399
0.86259399
0.86259399
0.86259399
0.86259399
0.86259399
0.86259399
0.86259399
0.86259399
0.86259399
0.86259399
0.86259399
0.86259399
0.86259399
0.86259399
0.86259399
0.86259399
0.86259399
0.86259399
0.86259399
0.86259399
0.86259399
0.86259399
0.86259399
0.86259399
0.86259399
0.86259399
0.86259399
0.86259399
0.86259399
0.99098769
0.86259399
0.86259399
0.86259399
0.86259399
0.86259399
0.86259399
0.86259399
0.86259399
0.86259399
0.86259399
0.98170500
0.86259399
0.86259399
0.86259399
0.86259399
0.86259399
0.86259399
0.86259399
0.86259399
0.86259399
0.86259399
0.86259399
1.00000000
0.86259399
0.86259399
0.86259399
0.86259399
0.86259399
0.86259399
0.86259399
0.86259399
0.86259399
0.86259399
0.96759117
0.86259399
0.86259399
0.86259399
0.86259399
0.86259399
0.86259399
0.86259399
0.86259399
0.86259399
0.86259399
0.86259399
0.96324835
0.86259399
0.86259399
0.86259399
0.86259399
0.86259399
0.86259399
0.86259399
0.86259399
0.86259399
0.86259399
0.86259399
0.86259399
0.86259399
0.86259399
0.86259399
0.86259399
0.99803124
0.86259399
0.86259399
0.86259399
0.86259399
0.86259399
0.86259399
0.86259399
0.86259399
0.86259399
0.86259399
0.86259399
0.86259399
0.86259399
0.86259399
0.86259399
0.86259399
0.86259399
0.86259399
0.99992384
0.86259399
0.86259399
0.86259399
0.86259399
0.86259399
0.86259399
0.86259399
0.86259399
0.86259399
0.95164976
0.86259399
0.86259399
0.86259399
0.86259399
0.86259399
0.86259399
0.86259399
0.86259399
0.86259399
0.86259399
0.86259399
0.86259399
0.86259399
0.86259399
0.86259399
0.86259399
0.86259399
0.86259399
0.86259399
0.86259399
0.86259399
0.86259399
0.86259399
0.86259399
0.86259399
0.86259399
0.86259399
0.86259399
0.86259399
0.86259399
0.86259399
0.86259399
0.86259399
0.86259399
0.86259399
0.86259399
0.86259399
0.86259399
0.95996532
0.86259399
0.86259399
0.86259399
0.86259399
0.86259399
0.86259399
0.86259399
0.86259399
0.86259399
0.86259399
0.86259399
0.86259399
0.86259399
0.86259399
0.86259399
0.86259399
0.86259399
0.86259399
0.86259399
0.86259399
0.86259399
0.86259399
0.86259399
0.86259399
0.86259399
0.86259399
0.86259399
0.86259399
0.86259399
0.86259399
0.86259399
0.86259399
0.86259399
0.86259399
0.86259399
0.86259399
0.86259399
0.99894524
0.86259399
0.86259399
0.86259399
0.86259399
0.86259399
0.86259399
0.86259399
0.86259399
0.86259399
0.86259399
0.86259399
0.86259399
0.86259399
0.86259399
0.86259399
0.86259399
0.86259399
0.86259399
0.86259399
0.86259399
0.86259399
0.86259399
0.86259399
0.86259399
0.86259399
0.86259399
0.86259399
0.86259399
0.86259399
0.86259399
0.86259399
0.86259399
0.86259399
0.86259399
0.86259399
0.86259399
0.86259399
0.86259399
0.86259399
0.86259399
0.86259399
0.86259399
0.86259399
0.86259399
0.86259399
0.86259399
0.97738451
0.86259399
0.86259399
0.97484076
0.86259399
0.86259399
0.86259399
0.86259399
0.86259399
0.86259399
0.86259399
0.86259399
0.86259399
0.86259399
0.86259399
0.86259399
0.86259399
0.86259399
0.86259399
0.86259399
0.95662862
0.86259399
0.86259399
0.86259399
0.86259399
0.94851401
0.86259399
0.86259399
0.86259399
0.86259399
0.86259399
0.86259399
0.86259399
0.86259399
0.99984032
0.86259399
0.86259399
0.86259399
0.99825022
0.86259399
0.86259399
0.86259399
0.86259399
0.86259399
0.86259399
0.86259399
0.86259399
0.86259399
0.86259399
0.86259399
0.96759117
0.86259399
0.86259399
0.99392821
0.86259399
0.86259399
0.86259399
0.86259399
0.86259399
0.86259399
0.86259399
0.86259399
0.86259399
0.86259399
0.86259399
0.86259399
0.86259399
0.86259399
0.86259399
0.86259399
0.93348869
0.86259399
0.86259399
0.93335885
0.86259399
0.86259399
0.86259399
0.86259399
0.86259399
0.86259399
0.86259399
0.86259399
0.86259399
0.86259399
0.86259399
0.86259399
0.86259399
0.86259399
0.86259399
0.86259399
0.86259399
0.86259399
0.86259399
0.86259399
0.86259399
0.86259399
0.86259399
0.86259399
0.86259399
0.86259399
0.86259399
0.86259399
0.86259399
0.86259399
0.86259399
0.86259399
0.86259399
0.86259399
0.86259399
0.86259399
0.86259399
0.86259399
0.86259399
0.86259399
0.86259399
0.86259399
0.86259399
0.86259399
0.86259399
0.99941969
0.86259399
0.86259399
0.86259399
0.86259399
0.86259399
0.86259399
0.86259399
0.86259399
0.86259399
0.86259399
0.86259399
0.86259399
0.93691214
0.86259399
0.94525569
0.86259399
0.86259399
0.86259399
0.86259399
0.86259399
0.86259399
0.86259399
0.86259399
0.86259399
0.86259399
0.86259399
0.86259399
0.86259399
0.86259399
0.86259399
0.86259399
0.95662862
0.86259399
0.86259399
0.86259399
0.86259399
0.86259399
0.99093743
0.93742572
0.86259399
0.86259399
0.93966167
0.86259399
0.86259399
0.86259399
0.86259399
0.86259399
0.86259399
0.86259399
0.86259399
0.86259399
0.86259399
0.86259399
0.86259399
0.86259399
0.86259399
0.96035424
0.86259399
0.86259399
0.86259399
0.86259399
0.86259399
0.86259399
0.86259399
0.86259399
0.86259399
0.86259399
0.86259399
0.86259399
0.86259399
0.86259399
0.86259399
0.86259399
0.86259399
0.86259399
0.86259399
0.86259399
0.86259399
0.86259399
0.86259399
0.86259399
0.86259399
0.86259399
0.86259399
0.86259399
0.86259399
0.86259399
0.86259399
0.86259399
0.86259399
0.86259399
0.86259399
0.86259399
0.86259399
0.86259399
0.86259399
0.86259399
0.86259399
0.86259399
0.86259399
0.86259399
0.86259399
0.86259399
0.86259399
0.86259399
0.86259399
0.86259399
0.86259399
0.86259399
0.86259399
0.86259399
0.86259399
0.86259399
0.86259399
0.86259399
0.86259399
0.95867690
0.99886701
0.86259399
0.86259399
0.86259399
0.86259399
0.86259399
0.86259399
0.86259399
0.86259399
0.86259399
0.86259399
0.86259399
0.86259399
0.86259399
0.86259399
0.99976567
0.86259399
0.86259399
0.86259399
0.86259399
0.86259399
0.86259399
0.86259399
0.86259399
0.86259399
0.86259399
0.86259399
0.86259399
0.86259399
0.86259399
0.86259399
0.86259399
0.86259399
0.86259399
0.86259399
0.86259399
0.86259399
0.86259399
0.86259399
0.86259399
0.86259399
0.86259399
0.86259399
0.86259399
0.86259399
0.86259399
0.86259399
0.86259399
0.86259399
0.86259399
0.86259399
0.86259399
0.97772441
0.86259399
0.86259399
0.86259399
0.86259399
0.86259399
0.86259399
0.86259399
0.86259399
0.86259399
0.86259399
0.86259399
0.86259399
0.86259399
0.86259399
0.86259399
0.86259399
0.86259399
0.86259399
0.86259399
0.86259399
0.86259399
0.86259399
0.86259399
0.86259399
0.86259399
0.86259399
0.86259399
0.86259399
0.86259399
0.86259399
0.86259399
0.86259399
0.86259399
0.86259399
0.86259399
0.86259399
0.86259399
0.86259399
0.86259399
0.86259399
0.86259399
0.86259399
0.86259399
0.86259399
0.86259399
0.86259399
0.86259399
0.86259399
0.86259399
0.86259399
0.86259399
0.86259399
0.86259399
0.86259399
0.86259399
0.86259399
0.86259399
0.99991783
0.86259399
0.86259399
0.86259399
0.86259399
0.86259399
0.86259399
0.86259399
0.86259399
0.86259399
0.86259399
0.86259399
0.86259399
0.86259399
0.86259399
0.97305326
0.86259399
0.86259399
0.86259399
0.86259399
0.86259399
0.86259399
0.86259399
0.86259399
0.86259399
0.86259399
0.86259399
0.86259399
0.86259399
0.86259399
0.86259399
0.86259399
0.86259399
0.86259399
0.86259399
0.86259399
0.86259399
0.86259399
0.86259399
0.86259399
0.86259399
0.94269630
0.86259399
0.86259399
0.86259399
0.86259399
0.86259399
0.86259399
0.86259399
0.86259399
0.86259399
0.86259399
0.86259399
0.86259399
0.86259399
0.86259399
0.86259399
0.86259399
0.86259399
0.86259399
0.86259399
0.86259399
0.86259399
0.86259399
0.86259399
0.86259399
0.86259399
0.86259399
0.86259399
0.86259399
0.86259399
0.86259399
0.86259399
0.86259399
0.86259399
0.86259399
0.86259399
0.86259399
0.86259399
0.86259399
0.86259399
0.86259399
0.86259399
0.86259399
0.86259399
0.86259399
0.86259399
0.86259399
0.86259399
0.86259399
0.86259399
0.94357381
0.86259399
0.86259399
0.86259399
0.86259399
0.86259399
0.86259399
0.86259399
0.86259399
0.86259399
0.86259399
0.86259399
0.86259399
0.86259399
0.86259399
0.95697261
0.86259399
0.86259399
0.86259399
0.86259399
0.86259399
0.86259399
0.86259399
0.86259399
0.99956097
0.86259399
0.86259399
0.86259399
0.86259399
0.86259399
0.86259399
0.86259399
0.86259399
0.86259399
0.86259399
0.86259399
0.86259399
0.86259399
0.86259399
0.86259399
0.99922921
0.86259399
0.86259399
0.86259399
0.86259399
0.86259399
0.86259399
0.96276331
0.86259399
0.86259399
0.86259399
0.86259399
0.86259399
0.86259399
0.86259399
0.86259399
0.86259399
0.86259399
0.86259399
0.86259399
0.86259399
0.86259399
0.86259399
0.86259399
0.86259399
0.86259399
0.86259399
0.86259399
0.86259399
0.86259399
0.86259399
0.86259399
0.86259399
0.86259399
0.86259399
0.86259399
0.86259399
0.86259399
0.86259399
0.86259399
0.86259399
0.86259399
0.86259399
0.86259399
0.86259399
0.86259399
0.86259399
0.86259399
0.86259399
0.86259399
0.86259399
0.86259399
0.86259399
0.86259399
0.86259399
0.86259399
0.86259399
0.86259399
0.86259399
0.86259399
0.86259399
0.86259399
0.86259399
0.86259399
0.86259399
0.86259399
0.86259399
0.86259399
0.86259399
0.86259399
0.86259399
0.86259399
0.86259399
0.86259399
0.86259399
0.99967015
0.86259399
0.86259399
0.86259399
0.86259399
0.86259399
0.86259399
0.86259399
0.86259399
0.86259399
0.86259399
0.86259399
0.86259399
0.86259399
0.86259399
0.86259399
0.86259399
0.86259399
0.86259399
0.86259399
0.86259399
0.86259399
0.86259399
0.86259399
0.86259399
0.86259399
0.86259399
0.86259399
0.86259399
0.86259399
0.86259399
0.86259399
0.86259399
0.86259399
0.99507870
0.95419252
0.86259399
0.86259399
0.86259399
0.86259399
0.86259399
0.86259399
0.86259399
0.86259399
0.86259399
0.86259399
0.86259399
0.86259399
0.86259399
0.86259399
0.86259399
0.86259399
0.86259399
0.86259399
0.86259399
0.86259399
0.86259399
0.86259399
0.86259399
0.86259399
0.86259399
0.86259399
0.86259399
0.86259399
0.86259399
0.86259399
0.86259399
0.86259399
0.86259399
0.86259399
0.86259399
0.86259399
0.86259399
0.86259399
0.86259399
0.86259399
0.86259399
0.86259399
0.86259399
0.86259399
0.86259399
0.86259399
0.99138357
0.86259399
0.86259399
0.86259399
0.86259399
0.86259399
0.86259399
0.86259399
0.86259399
0.86259399
0.86259399
0.86259399
0.86259399
0.86259399
0.86259399
0.86259399
0.86259399
0.86259399
0.86259399
0.95242349
0.86259399
0.86259399
0.86259399
0.86259399
0.86259399
0.86259399
0.86259399
0.86259399
0.99042522
0.86259399
0.86259399
0.86259399
1.00000000
0.86259399
0.86259399
0.86259399
0.86259399
0.86259399
0.86259399
0.86259399
0.86259399
0.86259399
0.86259399
0.86259399
0.86259399
0.86259399
0.86259399
0.86259399
0.86259399
0.86259399
0.86259399
0.86259399
0.86259399
0.86259399
0.86259399
0.86259399
0.86259399
0.86259399
0.99202661
0.86259399
0.86259399
0.86259399
0.86259399
0.86259399
0.86259399
0.86259399
0.86259399
0.86259399
0.99451406
0.86259399
0.86259399
0.86259399
0.86259399
0.86259399
0.86259399
0.86259399
0.86259399
0.86259399
0.86259399
0.86259399
0.94288464
0.86259399
0.86259399
0.86259399
0.86259399
0.86259399
0.86259399
0.86259399
0.86259399
0.86259399
0.86259399
0.86259399
0.86259399
0.86259399
0.86259399
0.99998542
0.86259399
0.86259399
0.86259399
0.86259399
0.86259399
0.86259399
0.96173064
0.86259399
0.86259399
0.86259399
0.86259399
0.86259399
0.86259399
0.86259399
0.86259399
0.86259399
0.86259399
0.86259399
0.86259399
0.86259399
0.86259399
0.86259399
0.86259399
0.86259399
0.86259399
0.86259399
0.86259399
0.86259399
0.86259399
0.86259399
0.86259399
0.86259399
0.86259399
0.86259399
0.86259399
0.86259399
0.86259399
0.86259399
0.86259399
0.86259399
0.86259399
0.99999998
0.86259399
0.86259399
0.93684788
0.86259399
0.86259399
0.86259399
0.86259399
0.86259399
0.86259399
0.86259399
0.86259399
0.86259399
0.86259399
0.86259399
0.86259399
0.95912687
0.86259399
0.86259399
0.86259399
0.86259399
0.86259399
0.86259399
0.97822920
0.86259399
0.86259399
0.86259399
0.86259399
0.86259399
0.86259399
0.86259399
0.86259399
0.86259399
0.86259399
0.86259399
0.86259399
0.86259399
0.86259399
0.86259399
0.86259399
0.86259399
0.86259399
0.86259399
0.86259399
0.86259399
0.86259399
0.86259399
0.94790384
0.86259399
0.86259399
0.86259399
0.86259399
0.86259399
0.86259399
0.86259399
0.86259399
0.86259399
0.86259399
0.86259399
0.86259399
0.86259399
0.86259399
0.86259399
0.86259399
0.86259399
0.86259399
0.86259399
0.86259399
0.86259399
0.86259399
0.86259399
0.86259399
0.86259399
0.86259399
0.86259399
0.86259399
0.86259399
0.86259399
0.86259399
0.86259399
0.86259399
0.86259399
0.86259399
0.86259399
0.99957628
0.86259399
0.86259399
0.86259399
0.86259399
0.86259399
0.86259399
0.86259399
0.86259399
0.86259399
0.86259399
0.86259399
0.86259399
0.86259399
0.86259399
0.86259399
0.86259399
0.86259399
0.86259399
0.86259399
0.86259399
0.86259399
0.86259399
0.86259399
0.86259399
0.86259399
0.86259399
0.86259399
0.86259399
0.86259399
0.86259399
0.86259399
0.86259399
0.86259399
0.86259399
0.86259399
0.97551190
0.86259399
0.86259399
0.86259399
0.86259399
0.86259399
0.86259399
0.86259399
0.86259399
0.97843774
0.86259399
0.86259399
0.86259399
0.86259399
0.86259399
0.86259399
0.86259399
0.86259399
0.86259399
0.86259399
0.86259399
0.86259399
0.86259399
0.86259399
0.86259399
0.86259399
0.86259399
0.86259399
0.86259399
0.86259399
0.86259399
0.86259399
0.86259399
0.86259399
0.86259399
0.86259399
0.86259399
0.86259399
0.86259399
0.86259399
0.86259399
0.86259399
0.86259399
0.86259399
0.86259399
0.86259399
0.86259399
0.86259399
0.86259399
0.86259399
0.86259399
0.86259399
0.86259399
0.86259399
0.86259399
0.86259399
0.86259399
0.86259399
0.86259399
0.86259399
0.86259399
0.86259399
0.96394420
0.86259399
0.86259399
0.86259399
0.86259399
0.86259399
0.86259399
0.86259399
0.86259399
0.86259399
0.86259399
0.86259399
0.99671052
0.86259399
0.86259399
0.86259399
0.86259399
0.86259399
0.86259399
0.86259399
0.86259399
0.86259399
0.86259399
0.86259399
0.86259399
0.86259399
0.86259399
0.86259399
0.86259399
0.86259399
0.86259399
0.86259399
0.86259399
0.86259399
0.86259399
0.86259399
0.86259399
0.86259399
0.86259399
0.86259399
0.86259399
0.86259399
0.86259399
0.86259399
0.86259399
0.86259399
0.86259399
0.86259399
0.86259399
0.86259399
0.86259399
0.86259399
0.86259399
0.86259399
0.86259399
0.86259399
0.86259399
0.99964698
0.86259399
0.86259399
0.97295996
0.86259399
0.86259399
0.86259399
0.86259399
0.86259399
0.86259399
0.86259399
0.86259399
0.86259399
0.86259399
0.86259399
0.86259399
0.86259399
0.86259399
0.86259399
0.86259399
0.86259399
0.86259399
0.86259399
0.86259399
0.86259399
0.86259399
0.86259399
0.94765916
0.95495172
0.86259399
0.86259399
0.93633332
0.96426344
0.86259399
0.86259399
0.86259399
0.86259399
0.86259399
0.86259399
0.86259399
0.86259399
0.86259399
0.86259399
0.86259399
0.86259399
0.86259399
0.86259399
0.86259399
0.86259399
0.86259399
0.86259399
0.86259399
0.86259399
0.86259399
0.86259399
0.99988674
0.86259399
0.86259399
0.86259399
0.86259399
0.86259399
0.86259399
0.86259399
0.86259399
0.86259399
0.96929934
0.86259399
0.86259399
0.86259399
0.86259399
0.86259399
0.86259399
0.86259399
0.86259399
0.86259399
0.86259399
0.86259399
0.86259399
0.86259399
0.86259399
0.86259399
0.86259399
0.86259399
0.86259399
0.86259399
0.86259399
0.86259399
0.86259399
0.86259399
0.86259399
0.86259399
0.86259399
0.86259399
0.86259399
0.86259399
0.86259399
0.86259399
0.86259399
0.86259399
0.86259399
0.86259399
0.86259399
0.86259399
0.86259399
0.86259399
0.86259399
0.86259399
0.86259399
0.86259399
0.86259399
0.86259399
0.86259399
0.86259399
0.86259399
0.86259399
0.86259399
0.86259399
0.86259399
0.86259399
0.86259399
0.86259399
0.99860747
0.86259399
0.86259399
0.86259399
0.86259399
0.86259399
0.86259399
0.86259399
0.86259399
0.94649220
0.86259399
0.86259399
0.86259399
0.86259399
0.86259399
0.86259399
0.86259399
0.86259399
0.86259399
0.96804746
0.86259399
0.86259399
0.86259399
0.86259399
0.86259399
0.86259399
0.86259399
0.86259399
0.86259399
0.86259399
0.86259399
0.86259399
0.86259399
0.86259399
0.86259399
0.86259399
0.86259399
0.86259399
0.86259399
0.86259399
0.86259399
0.86259399
0.86259399
0.86259399
0.99799451
0.86259399
0.86259399
0.86259399
0.86259399
0.86259399
0.86259399
0.86259399
0.86259399
0.86259399
0.86259399
0.86259399
0.86259399
0.86259399
0.86259399
0.86259399
0.86259399
0.86259399
0.86259399
0.86259399
0.86259399
0.86259399
0.86259399
0.86259399
0.86259399
0.99263855
0.86259399
0.86259399
0.86259399
0.99283568
0.86259399
0.86259399
0.86259399
0.86259399
0.86259399
0.86259399
0.86259399
0.86259399
0.86259399
0.86259399
0.86259399
0.86259399
0.86259399
0.86259399
0.86259399
0.86259399
0.86259399
0.86259399
0.86259399
0.86259399
0.86259399
0.86259399
0.86259399
0.86259399
0.86259399
0.86259399
0.86259399
0.86259399
0.86259399
0.86259399
0.86259399
0.86259399
0.86259399
0.86259399
0.86259399
0.86259399
0.99999998
0.86259399
0.86259399
0.86259399
0.86259399
0.86259399
0.86259399
0.86259399
0.86259399
0.86259399
0.86259399
0.86259399
0.86259399
0.86259399
0.86259399
0.86259399
0.86259399
0.86259399
0.86259399
0.86259399
0.86259399
0.86259399
0.86259399
0.86259399
0.86259399
0.86259399
0.86259399
0.86259399
0.86259399
0.86259399
0.86259399
0.86259399
0.86259399
0.86259399
0.86259399
0.86259399
0.86259399
0.86259399
0.86259399
0.86259399
0.99999936
0.86259399
0.86259399
0.86259399
0.86259399
0.86259399
0.86259399
0.86259399
0.86259399
0.86259399
0.86259399
0.86259399
0.86259399
0.99978271
0.86259399
0.86259399
0.99483662
0.86259399
0.86259399
0.86259399
0.86259399
0.86259399
0.86259399
0.86259399
0.86259399
0.86259399
0.86259399
0.86259399
0.86259399
0.86259399
0.86259399
0.86259399
0.86259399
0.98038545
0.86259399
0.86259399
0.86259399
0.86259399
0.86259399
0.86259399
0.86259399
0.86259399
0.86259399
0.86259399
0.86259399
0.86259399
0.86259399
0.86259399
0.86259399
0.86259399
0.86259399
0.86259399
0.86259399
0.86259399
0.86259399
0.86259399
0.99895109
0.86259399
0.86259399
0.86259399
0.86259399
0.86259399
0.86259399
0.86259399
0.86259399
0.86259399
0.86259399
0.86259399
0.86259399
0.86259399
0.86259399
0.86259399
0.86259399
0.86259399
0.86259399
0.86259399
0.86259399
0.86259399
0.86259399
0.86259399
0.86259399
0.86259399
0.86259399
0.86259399
0.86259399
0.86259399
0.86259399
0.86259399
0.86259399
0.99836507
0.86259399
0.99999141
0.86259399
0.86259399
0.86259399
0.86259399
0.86259399
0.86259399
0.86259399
0.86259399
0.86259399
0.86259399
0.86259399
0.86259399
0.86259399
0.86259399
0.86259399
0.86259399
0.86259399
0.86259399
0.86259399
0.86259399
0.86259399
0.86259399
0.86259399
0.86259399
0.86259399
0.86259399
0.86259399
0.86259399
0.86259399
0.86259399
0.86259399
0.86259399
0.86259399
0.86259399
0.86259399
0.86259399
0.86259399
0.86259399
0.86259399
0.86259399
0.86259399
0.86259399
0.86259399
0.86259399
0.86259399
0.86259399
0.86259399
0.86259399
0.86259399
0.86259399
0.86259399
0.86259399
0.86259399
0.86259399
0.86259399
0.86259399
0.86259399
0.86259399
0.86259399
0.86259399
0.86259399
0.86259399
0.86259399
0.86259399
0.86259399
0.86259399
0.86259399
0.86259399
0.86259399
0.86259399
0.86259399
0.86259399
0.97466024
0.86259399
0.86259399
0.86259399
0.86259399
0.86259399
0.86259399
0.86259399
0.86259399
0.86259399
0.86259399
0.86259399
0.86259399
0.86259399
0.86259399
0.86259399
0.86259399
0.86259399
0.86259399
0.86259399
0.86259399
0.86259399
0.86259399
0.86259399
0.86259399
0.86259399
0.86259399
0.86259399
0.86259399
0.86259399
0.86259399
0.86259399
0.86259399
0.86259399
0.86259399
0.86259399
0.86259399
0.86259399
0.86259399
0.86259399
0.86259399
0.86259399
0.86259399
0.86259399
0.86259399
0.86259399
0.86259399
0.86259399
0.86259399
0.86259399
0.86259399
0.86259399
0.86259399
0.86259399
0.86259399
0.86259399
0.86259399
0.86259399
0.86259399
0.86259399
0.94918261
0.98293751
0.86259399
0.86259399
0.86259399
0.86259399
0.86259399
0.86259399
0.86259399
0.86259399
0.86259399
0.86259399
0.86259399
0.86259399
0.86259399
0.86259399
0.86259399
0.86259399
0.86259399
0.86259399
0.86259399
0.86259399
0.86259399
0.86259399
0.86259399
0.99402533
0.86259399
0.86259399
0.86259399
0.86259399
0.86259399
0.86259399
0.86259399
0.86259399
0.86259399
0.86259399
0.94887904
0.86259399
0.86259399
0.86259399
0.86259399
0.86259399
0.86259399
0.86259399
0.86259399
0.99828360
0.86259399
0.86259399
0.86259399
0.99999993
0.86259399
0.86259399
0.86259399
0.86259399
0.86259399
0.86259399
0.86259399
0.86259399
0.86259399
0.86259399
0.86259399
0.86259399
0.86259399
0.86259399
0.86259399
0.86259399
0.86259399
0.86259399
0.86259399
0.86259399
0.86259399
0.86259399
0.86259399
0.86259399
0.86259399
0.86259399
0.86259399
0.86259399
0.86259399
0.86259399
0.86259399
0.86259399
0.86259399
0.86259399
0.86259399
0.86259399
0.86259399
0.86259399
0.86259399
0.86259399
0.86259399
0.86259399
0.86259399
0.86259399
0.86259399
0.86259399
0.86259399
0.86259399
0.86259399
0.86259399
0.86259399
0.93303403
0.86259399
0.86259399
0.86259399
0.86259399
0.86259399
0.86259399
0.86259399
0.86259399
0.86259399
0.86259399
0.86259399
0.86259399
0.86259399
0.86259399
0.86259399
0.86259399
0.86259399
0.86259399
0.86259399
0.86259399
0.86259399
0.86259399
0.86259399
0.86259399
0.86259399
0.86259399
0.86259399
0.86259399
0.86259399
0.86259399
0.86259399
0.86259399
0.86259399
0.86259399
0.86259399
0.86259399
0.86259399
0.86259399
0.86259399
0.86259399
0.86259399
0.86259399
0.86259399
0.86259399
0.86259399
0.86259399
0.86259399
0.86259399
0.86259399
0.86259399
0.86259399
0.86259399
0.86259399
0.86259399
0.86259399
0.86259399
0.86259399
0.86259399
0.86259399
0.99997030
0.86259399
0.94093081
0.86259399
0.86259399
0.86259399
0.86259399
0.86259399
0.86259399
0.99998495
0.97691278
0.86259399
0.86259399
0.86259399
0.99994783
0.86259399
0.86259399
0.86259399
0.86259399
0.99128564
0.86259399
0.86259399
0.86259399
0.86259399
0.86259399
0.86259399
0.86259399
0.86259399
0.86259399
0.86259399
0.99999695
0.86259399
0.86259399
0.86259399
0.86259399
0.86259399
0.86259399
0.96974434
0.86259399
0.97337857
0.86259399
0.86259399
0.86259399
0.86259399
0.86259399
0.86259399
0.86259399
0.86259399
0.86259399
0.86259399
0.86259399
0.86259399
0.86259399
0.86259399
0.86259399
0.86259399
0.86259399
0.86259399
0.86259399
0.86259399
0.86259399
0.86259399
0.86259399
0.86259399
0.86259399
0.86259399
0.86259399
0.86259399
0.86259399
0.86259399
0.86259399
0.86259399
0.86259399
0.86259399
0.86259399
0.86259399
0.94432305
0.86259399
0.86259399
0.86259399
0.86259399
0.86259399
0.86259399
0.93972528
0.86259399
0.86259399
0.86259399
0.86259399
0.86259399
0.86259399
0.95708705
0.86259399
0.86259399
0.86259399
0.86259399
0.86259399
0.86259399
0.86259399
0.86259399
0.86259399
0.86259399
0.86259399
0.86259399
0.86259399
0.86259399
0.86259399
0.86259399
0.86259399
0.86259399
0.86259399
0.86259399
0.86259399
0.86259399
0.86259399
0.86259399
0.86259399
0.86259399
0.86259399
0.86259399
0.86259399
0.86259399
0.86259399
0.86259399
0.86259399
0.86259399
0.86259399
0.86259399
0.86259399
0.99922452
0.86259399
0.86259399
0.86259399
0.86259399
0.86259399
0.86259399
0.93439635
0.86259399
0.86259399
0.96516131
0.86259399
0.86259399
0.86259399
0.86259399
0.86259399
0.86259399
0.86259399
0.86259399
0.86259399
0.86259399
0.86259399
0.86259399
0.86259399
0.86259399
0.86259399
0.86259399
0.86259399
0.86259399
0.86259399
0.86259399
0.99600157
0.86259399
0.86259399
0.86259399
0.86259399
0.86259399
0.86259399
0.86259399
0.99964698
0.86259399
0.86259399
0.95002954
0.86259399
0.86259399
0.86259399
0.86259399
0.86259399
0.98208352
0.86259399
0.86259399
0.86259399
0.86259399
0.86259399
0.86259399
0.86259399
0.86259399
0.86259399
0.86259399
0.86259399
0.86259399
0.86259399
0.86259399
0.86259399
0.86259399
0.99999980
0.86259399
0.86259399
0.86259399
0.86259399
0.86259399
0.86259399
0.86259399
0.86259399
0.86259399
0.86259399
0.86259399
0.86259399
0.86259399
0.86259399
0.86259399
0.86259399
0.86259399
0.86259399
0.86259399
0.86259399
0.99780366
0.86259399
0.86259399
0.86259399
0.86259399
0.86259399
0.86259399
0.86259399
0.86259399
0.86259399
0.86259399
0.86259399
0.96850079
0.86259399
0.86259399
0.86259399
0.86259399
0.86259399
0.86259399
0.86259399
0.86259399
0.86259399
0.86259399
0.86259399
0.86259399
0.86259399
0.86259399
0.86259399
0.86259399
0.86259399
0.86259399
0.86259399
0.98892632
0.86259399
0.86259399
0.86259399
0.86259399
0.86259399
0.86259399
0.86259399
0.99999651
0.86259399
0.86259399
0.86259399
0.86259399
0.86259399
0.86259399
0.86259399
0.86259399
0.86259399
0.86259399
0.86259399
0.86259399
0.86259399
0.86259399
0.86259399
0.86259399
0.86259399
0.86259399
0.86259399
0.86259399
0.86259399
0.86259399
0.86259399
0.86259399
0.86259399
0.86259399
0.94457218
0.86259399
0.86259399
0.86259399
0.86259399
0.86259399
0.86259399
0.86259399
0.86259399
0.86259399
0.86259399
0.86259399
0.86259399
0.86259399
0.86259399
0.86259399
0.86259399
0.86259399
0.86259399
0.86259399
0.86259399
0.86259399
0.99985030
0.86259399
0.86259399
0.86259399
0.86259399
0.86259399
0.86259399
0.86259399
0.86259399
0.86259399
0.86259399
0.86259399
0.86259399
0.86259399
0.86259399
0.86259399
0.86259399
0.86259399
0.86259399
0.86259399
0.86259399
0.86259399
0.86259399
0.86259399
0.86259399
0.93575343
0.86259399
0.86259399
0.86259399
0.86259399
0.86259399
0.86259399
0.86259399
0.86259399
0.86259399
0.86259399
0.86259399
0.86259399
0.86259399
0.86259399
0.86259399
0.86259399
0.95057156
0.99754781
0.99953564
0.86259399
0.86259399
0.86259399
0.86259399
0.86259399
0.86259399
0.86259399
0.86259399
0.86259399
0.86259399
0.86259399
0.86259399
0.86259399
0.86259399
0.86259399
0.86259399
0.86259399
0.86259399
0.98849438
0.86259399
0.86259399
0.86259399
0.86259399
0.97626138
0.86259399
0.86259399
0.86259399
0.86259399
0.86259399
0.86259399
0.86259399
0.86259399
0.99989443
0.86259399
0.86259399
0.86259399
0.86259399
0.86259399
0.86259399
0.86259399
0.99390867
0.86259399
0.86259399
0.86259399
0.86259399
0.86259399
0.86259399
0.86259399
0.86259399
0.86259399
0.96270926
0.86259399
0.86259399
0.86259399
0.86259399
0.86259399
0.86259399
0.86259399
0.86259399
0.86259399
0.86259399
0.86259399
0.86259399
0.98147579
0.86259399
0.86259399
0.86259399
0.86259399
0.86259399
0.86259399
0.86259399
0.86259399
0.86259399
0.86259399
0.86259399
0.86259399
0.86259399
0.86259399
0.86259399
0.97868658
0.86259399
0.86259399
0.86259399
0.86259399
0.86259399
0.86259399
0.86259399
0.86259399
0.86259399
0.86259399
0.86259399
0.86259399
0.86259399
0.86259399
0.86259399
0.86259399
0.86259399
0.86259399
0.86259399
0.86259399
0.86259399
0.86259399
0.86259399
0.86259399
0.86259399
0.86259399
0.86259399
0.86259399
0.86259399
0.86259399
0.86259399
0.86259399
0.86259399
0.86259399
0.86259399
0.86259399
0.86259399
0.86259399
0.86259399
0.86259399
0.86259399
0.86259399
0.86259399
0.86259399
0.86259399
0.99979177
0.86259399
0.86259399
0.86259399
0.86259399
0.86259399
0.86259399
0.86259399
0.86259399
0.86259399
0.86259399
0.86259399
0.86259399
0.86259399
0.86259399
0.86259399
0.99999999
0.86259399
0.86259399
0.86259399
0.86259399
0.86259399
0.86259399
0.86259399
0.86259399
0.86259399
0.86259399
0.86259399
0.86259399
0.86259399
0.86259399
0.86259399
0.86259399
0.86259399
0.86259399
0.86259399
0.86259399
0.96222127
0.86259399
0.86259399
0.86259399
0.86259399
0.86259399
0.86259399
0.86259399
0.86259399
0.86259399
0.86259399
0.86259399
0.86259399
0.86259399
0.86259399
0.86259399
0.86259399
0.86259399
0.86259399
0.86259399
0.86259399
0.86259399
0.86259399
0.86259399
0.86259399
0.86259399
0.86259399
0.86259399
0.86259399
0.86259399
0.86259399
0.86259399
0.86259399
0.86259399
0.86259399
0.86259399
0.86259399
0.86259399
0.86259399
0.86259399
0.86259399
0.86259399
0.86259399
0.86259399
0.93335885
0.86259399
0.86259399
0.86259399
0.86259399
0.86259399
0.86259399
0.86259399
0.86259399
0.86259399
0.86259399
0.86259399
0.86259399
0.86259399
0.86259399
0.86259399
0.99999973
0.86259399
0.86259399
0.86259399
0.86259399
0.86259399
0.86259399
0.86259399
0.86259399
0.86259399
0.86259399
0.86259399
0.86259399
0.86259399
0.86259399
0.86259399
0.99940432
0.86259399
0.86259399
0.86259399
0.86259399
0.86259399
0.86259399
0.86259399
0.86259399
0.86259399
0.86259399
0.86259399
0.86259399
0.86259399
0.86259399
0.86259399
0.86259399
0.86259399
0.86259399
0.86259399
0.98669856
0.86259399
0.86259399
0.86259399
0.86259399
0.86259399
0.86259399
0.86259399
0.86259399
0.86259399
0.86259399
0.98895476
0.86259399
0.86259399
0.86259399
0.86259399
0.86259399
0.86259399
0.86259399
0.86259399
0.86259399
0.86259399
0.86259399
0.86259399
0.86259399
0.99999806
0.86259399
0.86259399
0.86259399
0.86259399
0.86259399
0.86259399
0.86259399
0.86259399
0.86259399
0.86259399
0.86259399
0.86259399
0.86259399
0.86259399
0.86259399
0.86259399
0.86259399
0.86259399
0.86259399
0.86259399
0.86259399
0.86259399
0.86259399
0.86259399
0.86259399
0.86259399
0.86259399
0.86259399
0.86259399
0.86259399
0.86259399
0.86259399
0.86259399
0.86259399
0.86259399
0.86259399
0.86259399
0.86259399
0.86259399
0.86259399
0.86259399
0.86259399
0.86259399
0.86259399
0.86259399
0.86259399
0.86259399
0.86259399
0.86259399
0.86259399
0.86259399
0.86259399
0.86259399
0.86259399
0.86259399
0.86259399
0.86259399
0.86259399
0.86259399
0.86259399
0.86259399
0.86259399
0.86259399
0.86259399
0.86259399
0.86259399
0.86259399
0.86259399
0.86259399
0.86259399
0.86259399
0.86259399
0.86259399
0.86259399
0.86259399
0.86259399
0.86259399
0.86259399
0.86259399
0.86259399
0.99999478
0.86259399
0.86259399
0.86259399
0.86259399
0.98443685
0.86259399
0.86259399
0.86259399
0.86259399
0.86259399
0.86259399
0.93819438
0.98408693
0.86259399
0.86259399
0.86259399
0.86259399
0.86259399
0.86259399
0.86259399
0.86259399
0.86259399
0.86259399
0.86259399
0.86259399
0.99438515
0.86259399
0.86259399
0.86259399
0.97806161
0.86259399
0.86259399
0.98688825
0.86259399
0.86259399
0.86259399
0.86259399
0.86259399
0.86259399
0.86259399
0.86259399
0.86259399
0.86259399
0.86259399
0.86259399
0.86259399
0.86259399
0.86259399
0.86259399
0.86259399
0.86259399
0.86259399
0.86259399
0.86259399
0.86259399
0.86259399
0.86259399
0.86259399
0.86259399
0.86259399
0.86259399
0.86259399
0.86259399
0.86259399
0.86259399
0.86259399
0.86259399
0.86259399
0.86259399
0.86259399
0.86259399
0.86259399
0.86259399
0.86259399
0.86259399
0.86259399
0.94407361
0.86259399
0.94710735
0.86259399
0.86259399
0.86259399
0.86259399
0.86259399
0.86259399
0.86259399
0.86259399
0.86259399
0.86259399
0.86259399
0.86259399
0.86259399
0.86259399
0.86259399
0.86259399
0.86259399
0.86259399
0.86259399
0.86259399
0.86259399
0.86259399
0.86259399
0.86259399
0.86259399
0.86259399
0.86259399
0.86259399
0.86259399
0.86259399
0.86259399
0.86259399
0.86259399
0.86259399
0.86259399
0.98701383
0.86259399
0.86259399
0.86259399
0.86259399
0.86259399
0.86259399
0.86259399
0.86259399
0.86259399
0.86259399
0.86259399
0.86259399
0.86259399
0.86259399
0.86259399
0.86259399
0.86259399
0.86259399
0.86259399
0.86259399
0.86259399
0.86259399
0.86259399
0.86259399
0.86259399
0.86259399
0.86259399
0.86259399
0.86259399
0.86259399
0.86259399
0.86259399
0.86259399
0.86259399
0.86259399
0.86259399
0.86259399
0.86259399
0.86259399
0.86259399
0.86259399
0.86259399
0.86259399
0.86259399
0.86259399
0.86259399
0.96718312
0.86259399
0.86259399
0.86259399
0.86259399
0.86259399
0.86259399
0.86259399
0.86259399
0.86259399
0.86259399
0.86259399
0.86259399
0.86259399
0.86259399
0.86259399
0.86259399
0.86259399
0.86259399
0.86259399
0.86259399
0.86259399
0.99701246
0.86259399
0.86259399
0.86259399
0.86259399
0.86259399
0.86259399
0.86259399
0.99999830
0.86259399
0.86259399
0.86259399
0.99971536
0.86259399
0.86259399
0.95277916
0.86259399
0.86259399
0.86259399
0.86259399
0.86259399
0.94741412
0.86259399
0.86259399
0.86259399
0.86259399
0.86259399
0.86259399
0.86259399
0.86259399
0.86259399
0.86259399
0.86259399
0.86259399
0.86259399
0.86259399
0.86259399
0.86259399
0.86259399
0.86259399
0.86259399
0.86259399
0.86259399
0.86259399
0.86259399
0.86259399
0.86259399
0.86259399
0.94857491
0.86259399
0.86259399
0.86259399
0.99994907
0.86259399
0.86259399
0.86259399
0.86259399
0.86259399
0.86259399
0.86259399
0.86259399
0.86259399
0.86259399
0.86259399
0.86259399
0.86259399
0.86259399
0.86259399
0.86259399
0.86259399
0.86259399
0.86259399
0.99947474
0.86259399
0.86259399
0.86259399
0.86259399
0.86259399
0.96129235
0.86259399
0.86259399
0.86259399
0.86259399
0.86259399
0.86259399
0.86259399
0.86259399
0.86259399
0.86259399
0.86259399
0.86259399
0.98319280
0.86259399
0.86259399
0.86259399
0.86259399
0.86259399
0.86259399
0.86259399
0.86259399
0.86259399
0.86259399
0.86259399
0.86259399
0.86259399
0.86259399
0.86259399
0.86259399
0.86259399
0.86259399
0.86259399
0.86259399
0.86259399
0.86259399
0.86259399
0.86259399
0.86259399
0.86259399
0.86259399
0.86259399
0.86259399
0.86259399
0.86259399
0.86259399
0.86259399
0.86259399
0.86259399
0.86259399
0.86259399
0.86259399
0.86259399
0.86259399
0.86259399
0.86259399
0.86259399
0.86259399
0.86259399
0.86259399
0.86259399
0.99989760
0.99999722
0.95313390
0.86259399
0.99984608
0.86259399
0.86259399
0.86259399
0.86259399
0.86259399
0.86259399
0.86259399
0.86259399
0.86259399
0.86259399
0.86259399
0.86259399
0.86259399
0.86259399
0.86259399
0.86259399
0.86259399
0.86259399
0.86259399
0.86259399
0.86259399
1.00000000
0.86259399
0.86259399
0.86259399
0.86259399
0.86259399
0.86259399
0.86259399
0.86259399
0.86259399
0.86259399
0.86259399
0.86259399
0.86259399
0.86259399
0.86259399
0.86259399
0.86259399
0.86259399
0.86259399
0.86259399
0.86259399
0.86259399
0.86259399
0.86259399
0.86259399
0.86259399
0.86259399
0.86259399
0.86259399
0.86259399
0.86259399
0.86259399
0.86259399
0.86259399
0.86259399
0.86259399
0.86259399
0.86259399
0.86259399
0.86259399
0.86259399
0.86259399
0.86259399
0.86259399
0.86259399
0.86259399
0.86259399
0.86259399
0.86259399
0.86259399
0.86259399
0.86259399
0.86259399
0.86259399
0.86259399
0.86259399
0.86259399
0.86259399
0.86259399
0.86259399
0.86259399
0.86259399
0.86259399
0.86259399
0.86259399
0.86259399
0.86259399
0.86259399
0.86259399
0.86259399
0.86259399
0.86259399
0.86259399
0.86259399
0.86259399
0.86259399
0.86259399
0.86259399
0.86259399
0.86259399
0.86259399
0.86259399
0.86259399
0.86259399
0.86259399
0.86259399
0.86259399
0.86259399
0.95466026
0.86259399
0.86259399
0.86259399
0.86259399
0.86259399
0.86259399
0.86259399
0.86259399
0.86259399
0.86259399
0.86259399
0.86259399
0.86259399
0.86259399
0.86259399
0.86259399
0.86259399
0.99935644
0.86259399
0.99993633
0.86259399
0.86259399
0.86259399
0.86259399
0.86259399
0.86259399
0.86259399
0.86259399
0.86259399
0.86259399
0.86259399
0.86259399
0.99440368
0.86259399
0.86259399
0.86259399
0.97323939
0.86259399
0.86259399
0.86259399
0.86259399
0.86259399
0.86259399
0.86259399
0.86259399
0.86259399
0.86259399
0.86259399
0.86259399
0.86259399
0.86259399
0.86259399
0.86259399
0.86259399
0.86259399
0.86259399
0.86259399
0.86259399
0.86259399
0.86259399
0.86259399
0.86259399
0.86259399
0.86259399
0.86259399
0.86259399
0.86259399
0.86259399
0.86259399
0.86259399
0.86259399
0.86259399
0.86259399
0.86259399
0.86259399
0.86259399
0.86259399
0.86259399
0.94010660
0.86259399
0.86259399
0.86259399
0.86259399
0.86259399
0.86259399
0.86259399
0.99894524
0.86259399
0.86259399
0.86259399
0.86259399
0.86259399
0.86259399
0.86259399
0.86259399
0.86259399
0.86259399
0.93575343
0.86259399
0.86259399
0.86259399
0.86259399
0.86259399
0.86259399
0.86259399
0.86259399
0.86259399
0.86259399
0.86259399
0.96314079
0.86259399
0.86259399
0.86259399
0.86259399
0.86259399
0.86259399
0.86259399
0.86259399
0.93426682
0.98817129
0.86259399
0.86259399
0.86259399
0.86259399
0.86259399
0.86259399
0.86259399
0.86259399
0.86259399
0.94376138
0.86259399
0.86259399
0.86259399
0.86259399
0.86259399
0.86259399
0.86259399
0.86259399
0.86259399
0.86259399
0.86259399
0.86259399
0.86259399
0.98962413
0.86259399
0.86259399
0.86259399
0.86259399
0.86259399
0.86259399
0.86259399
0.86259399
0.86259399
0.86259399
0.86259399
0.86259399
0.86259399
0.86259399
0.86259399
0.95884586
0.86259399
0.86259399
0.86259399
0.86259399
0.86259399
0.86259399
0.86259399
0.86259399
0.86259399
0.86259399
0.86259399
0.86259399
0.86259399
0.99155329
0.86259399
0.86259399
0.86259399
0.86259399
0.86259399
0.86259399
0.86259399
0.86259399
0.86259399
0.96178529
0.86259399
0.93991601
0.99999991
0.86259399
0.86259399
0.86259399
0.86259399
0.86259399
0.86259399
0.86259399
0.86259399
0.86259399
0.86259399
0.86259399
0.86259399
0.86259399
0.86259399
0.86259399
0.86259399
0.86259399
0.86259399
0.86259399
0.86259399
0.86259399
0.86259399
1.00000000
0.86259399
0.86259399
0.99729489
0.86259399
0.86259399
0.99469484
0.86259399
0.86259399
0.86259399
0.86259399
0.86259399
0.86259399
0.86259399
0.86259399
0.86259399
0.86259399
0.86259399
0.86259399
0.86259399
0.86259399
0.86259399
0.86259399
0.86259399
0.86259399
0.86259399
0.99999539
0.86259399
0.86259399
0.86259399
0.86259399
0.86259399
0.86259399
0.86259399
0.86259399
0.86259399
0.86259399
0.86259399
0.86259399
0.86259399
0.86259399
0.86259399
0.86259399
0.86259399
0.86259399
0.86259399
0.86259399
0.86259399
0.86259399
0.86259399
0.86259399
0.86259399
0.86259399
0.86259399
0.86259399
0.86259399
0.86259399
0.86259399
0.86259399
0.86259399
0.86259399
0.86259399
0.86259399
0.86259399
0.86259399
0.95477693
0.86259399
0.86259399
0.86259399
0.86259399
0.86259399
0.86259399
0.86259399
0.86259399
0.86259399
0.86259399
0.86259399
0.86259399
0.86259399
0.86259399
0.86259399
0.86259399
0.86259399
0.86259399
0.86259399
0.86259399
0.86259399
0.86259399
0.86259399
0.86259399
0.86259399
0.86259399
0.86259399
0.86259399
0.86259399
0.86259399
0.86259399
0.86259399
0.86259399
0.86259399
0.86259399
0.86259399
0.86259399
0.86259399
0.86259399
0.86259399
0.86259399
0.86259399
0.86259399
0.86259399
0.86259399
0.86259399
0.86259399
0.86259399
0.86259399
0.86259399
0.86259399
0.86259399
0.86259399
0.86259399
0.86259399
0.86259399
0.86259399
0.86259399
0.86259399
0.86259399
0.86259399
0.86259399
0.86259399
0.86259399
0.86259399
0.86259399
0.86259399
0.86259399
0.86259399
0.86259399
0.86259399
0.86259399
0.86259399
0.86259399
0.86259399
0.86259399
0.86259399
0.86259399
0.86259399
0.86259399
0.86259399
0.86259399
0.86259399
0.86259399
0.86259399
0.86259399
0.86259399
0.86259399
0.86259399
0.86259399
0.86259399
0.86259399
0.86259399
0.86259399
0.86259399
0.86259399
0.86259399
0.86259399
0.86259399
0.86259399
0.86259399
0.86259399
0.86259399
0.99726064
0.86259399
0.86259399
0.96547583
0.86259399
0.86259399
0.86259399
0.86259399
0.86259399
0.86259399
0.86259399
0.86259399
0.86259399
0.86259399
0.86259399
0.97443369
0.86259399
0.86259399
0.86259399
0.86259399
0.86259399
0.86259399
0.86259399
0.86259399
0.86259399
0.86259399
0.86259399
0.86259399
0.86259399
0.86259399
0.86259399
0.94972759
0.86259399
0.86259399
0.86259399
0.86259399
0.86259399
0.86259399
0.86259399
0.86259399
0.86259399
0.86259399
0.86259399
0.99840477
0.98895476
0.86259399
0.86259399
0.86259399
0.86259399
0.86259399
0.86259399
0.86259399
0.86259399
0.86259399
0.86259399
0.86259399
0.86259399
0.86259399
0.86259399
0.86259399
0.86259399
0.86259399
0.86259399
0.86259399
0.86259399
0.86259399
0.86259399
0.86259399
0.86259399
0.86259399
0.86259399
0.86259399
0.86259399
0.86259399
0.86259399
0.86259399
0.86259399
0.86259399
0.86259399
0.86259399
0.99957929
0.86259399
0.86259399
0.86259399
0.86259399
0.86259399
0.99230240
0.86259399
0.86259399
0.86259399
0.86259399
0.86259399
0.86259399
0.86259399
0.86259399
0.86259399
0.86259399
0.86259399
0.86259399
0.86259399
0.86259399
0.86259399
0.86259399
0.86259399
0.86259399
0.86259399
0.86259399
0.86259399
0.86259399
0.86259399
0.86259399
0.86259399
0.86259399
0.86259399
0.86259399
0.86259399
0.86259399
0.86259399
0.86259399
0.86259399
0.86259399
0.86259399
0.86259399
0.86259399
0.86259399
0.86259399
0.86259399
0.86259399
0.86259399
0.86259399
0.95979818
0.86259399
0.86259399
0.86259399
0.86259399
0.86259399
0.86259399
0.86259399
0.86259399
0.86259399
0.86259399
0.86259399
0.86259399
0.86259399
0.86259399
0.86259399
0.86259399
0.86259399
0.86259399
0.86259399
0.86259399
0.86259399
0.96276331
0.86259399
0.86259399
0.86259399
0.96227562
0.86259399
0.86259399
0.86259399
0.86259399
0.86259399
0.86259399
0.98215870
0.86259399
0.86259399
0.86259399
0.86259399
0.86259399
0.86259399
0.96979359
0.86259399
0.99999044
0.86259399
0.86259399
0.86259399
0.86259399
0.86259399
0.86259399
0.86259399
0.93723323
0.86259399
0.86259399
0.86259399
0.86259399
0.86259399
0.86259399
0.86259399
0.86259399
0.86259399
0.86259399
0.86259399
0.86259399
0.86259399
0.86259399
0.86259399
0.86259399
0.86259399
0.86259399
0.86259399
0.86259399
0.86259399
0.86259399
0.86259399
0.86259399
0.94942505
0.86259399
0.86259399
0.86259399
0.86259399
0.86259399
0.86259399
0.86259399
0.86259399
0.86259399
0.86259399
0.86259399
0.86259399
0.95611072
0.86259399
0.86259399
0.86259399
0.86259399
0.86259399
0.86259399
0.86259399
0.86259399
0.86259399
0.86259399
0.86259399
0.86259399
0.86259399
0.86259399
0.86259399
0.86259399
0.86259399
0.86259399
0.86259399
0.86259399
0.86259399
0.95963077
0.86259399
0.86259399
0.86259399
0.86259399
0.86259399
0.86259399
0.86259399
0.86259399
0.86259399
0.86259399
0.86259399
0.86259399
0.86259399
0.86259399
0.86259399
0.99626246
0.86259399
0.86259399
0.86259399
0.86259399
0.86259399
0.86259399
0.86259399
0.86259399
0.86259399
0.86259399
0.86259399
0.86259399
0.86259399
0.86259399
0.86259399
0.86259399
0.86259399
0.86259399
0.86259399
0.86259399
0.86259399
0.86259399
0.86259399
0.86259399
0.86259399
0.86259399
0.86259399
0.86259399
0.86259399
0.86259399
0.86259399
0.86259399
0.86259399
0.86259399
0.86259399
0.86259399
0.86259399
0.86259399
0.86259399
0.86259399
0.86259399
0.86259399
0.86259399
0.86259399
0.86259399
0.86259399
0.86259399
0.86259399
0.86259399
0.86259399
0.86259399
0.86259399
0.86259399
0.86259399
0.86259399
0.86259399
0.86259399
0.86259399
0.86259399
0.86259399
0.93947074
0.86259399
0.86259399
0.86259399
0.86259399
0.86259399
0.86259399
0.86259399
0.86259399
0.86259399
0.86259399
0.86259399
0.86259399
0.86259399
0.86259399
0.86259399
0.86259399
0.86259399
0.86259399
0.86259399
0.86259399
0.86259399
0.86259399
0.86259399
0.86259399
0.86259399
0.86259399
0.86259399
0.86259399
0.86259399
0.86259399
0.86259399
0.86259399
0.86259399
0.86259399
0.86259399
0.86259399
0.99999245
0.99796665
0.86259399
0.86259399
0.86259399
0.86259399
0.86259399
0.86259399
0.86259399
0.86259399
0.86259399
0.86259399
0.86259399
0.96254689
0.86259399
0.86259399
0.86259399
0.86259399
0.86259399
0.86259399
0.86259399
0.86259399
0.86259399
0.86259399
0.86259399
0.86259399
0.86259399
0.86259399
0.86259399
0.99953887
0.86259399
0.86259399
0.86259399
0.86259399
0.86259399
0.86259399
0.86259399
0.86259399
0.86259399
0.86259399
0.86259399
0.86259399
0.86259399
0.86259399
0.86259399
0.86259399
0.86259399
0.86259399
0.86259399
0.86259399
0.86259399
0.86259399
0.86259399
0.86259399
0.86259399
0.86259399
0.86259399
0.86259399
0.86259399
0.86259399
0.86259399
0.86259399
0.86259399
0.86259399
0.86259399
0.86259399
0.86259399
0.86259399
0.86259399
0.86259399
0.86259399
0.86259399
0.86259399
0.86259399
0.86259399
0.86259399
0.86259399
0.86259399
0.97023521
0.86259399
0.86259399
0.86259399
0.86259399
0.86259399
0.86259399
0.86259399
0.86259399
0.86259399
0.86259399
0.86259399
0.86259399
0.86259399
0.86259399
0.99904161
0.86259399
0.86259399
0.86259399
0.86259399
0.99707289
0.86259399
0.86259399
0.86259399
0.99890963
0.86259399
0.86259399
0.86259399
0.86259399
0.98811197
0.86259399
0.86259399
0.86259399
0.86259399
0.86259399
0.86259399
0.86259399
0.86259399
0.86259399
0.86259399
0.86259399
0.86259399
0.86259399
0.86259399
0.86259399
0.86259399
0.86259399
0.86259399
0.86259399
0.97652306
0.86259399
0.86259399
0.86259399
0.86259399
0.86259399
0.86259399
0.86259399
0.86259399
0.86259399
0.86259399
0.86259399
0.86259399
0.86259399
0.86259399
0.86259399
0.86259399
0.86259399
0.86259399
0.86259399
0.86259399
0.86259399
0.99999896
0.86259399
0.86259399
0.86259399
0.86259399
0.86259399
0.86259399
0.97456974
0.86259399
0.86259399
0.86259399
0.86259399
0.86259399
0.86259399
0.86259399
0.86259399
0.86259399
0.86259399
0.86259399
0.86259399
0.86259399
0.86259399
0.86259399
0.86259399
0.86259399
0.86259399
0.86259399
0.86259399
0.86259399
0.86259399
0.86259399
0.86259399
0.86259399
0.86259399
0.86259399
0.86259399
0.86259399
0.86259399
0.86259399
0.86259399
1.00000000
0.86259399
0.86259399
0.86259399
0.86259399
0.86259399
0.86259399
0.86259399
0.86259399
0.86259399
0.86259399
0.86259399
0.86259399
0.86259399
0.86259399
0.86259399
0.99895692
0.86259399
0.86259399
0.86259399
0.86259399
0.86259399
0.86259399
0.86259399
0.86259399
0.86259399
0.86259399
0.86259399
0.86259399
0.86259399
0.86259399
0.86259399
0.86259399
0.86259399
0.86259399
0.86259399
0.86259399
0.86259399
0.86259399
0.86259399
0.86259399
0.86259399
0.86259399
0.86259399
0.86259399
0.86259399
0.86259399
0.86259399
0.86259399
0.86259399
0.86259399
0.86259399
0.86259399
0.86259399
0.86259399
0.86259399
0.86259399
0.86259399
0.86259399
0.86259399
0.86259399
0.86259399
0.86259399
0.86259399
0.86259399
0.86259399
0.95206691
0.86259399
0.86259399
0.86259399
0.86259399
0.86259399
0.94716875
0.86259399
0.86259399
0.86259399
0.86259399
0.86259399
0.86259399
0.98738627
0.86259399
0.86259399
0.86259399
0.86259399
0.86259399
0.86259399
0.96035424
0.86259399
0.86259399
0.86259399
0.86259399
0.86259399
0.86259399
0.86259399
0.86259399
0.86259399
0.86259399
0.86259399
0.86259399
0.86259399
0.99780366
0.86259399
0.86259399
0.94680004
0.86259399
0.86259399
0.86259399
0.86259399
0.86259399
0.86259399
0.86259399
0.86259399
0.95685806
0.86259399
0.86259399
0.86259399
0.86259399
0.86259399
0.99973508
0.86259399
0.86259399
0.86259399
0.86259399
0.99999960
0.86259399
0.86259399
0.86259399
0.86259399
0.86259399
0.86259399
0.86259399
0.86259399
0.86259399
0.86259399
0.86259399
0.86259399
0.86259399
0.97595421
0.86259399
0.86259399
0.86259399
0.86259399
0.86259399
0.86259399
0.86259399
0.86259399
0.86259399
0.86259399
0.86259399
0.86259399
0.86259399
0.86259399
0.86259399
0.99999786
0.86259399
0.86259399
0.86259399
0.86259399
0.95442660
0.86259399
0.86259399
0.86259399
0.86259399
0.99952915
0.86259399
0.86259399
0.86259399
0.86259399
0.86259399
0.86259399
0.99290064
0.86259399
0.86259399
0.86259399
0.86259399
0.86259399
0.86259399
0.86259399
0.86259399
0.86259399
0.86259399
0.86259399
0.86259399
0.86259399
0.86259399
0.97168498
0.86259399
0.86259399
0.86259399
0.86259399
0.86259399
0.86259399
0.86259399
0.86259399
0.86259399
0.86259399
0.86259399
0.86259399
0.86259399
0.86259399
0.86259399
0.86259399
0.86259399
0.86259399
0.86259399
0.86259399
0.86259399
0.86259399
0.86259399
0.86259399
0.86259399
0.86259399
0.86259399
0.86259399
0.86259399
0.86259399
0.86259399
0.86259399
0.86259399
0.86259399
0.86259399
0.97835445
0.86259399
0.86259399
0.86259399
0.86259399
0.86259399
0.86259399
0.86259399
0.86259399
0.86259399
0.86259399
0.86259399
0.86259399
0.86259399
0.86259399
0.86259399
0.86259399
0.86259399
0.86259399
0.95027067
0.98212113
0.86259399
0.86259399
0.86259399
0.86259399
0.86259399
0.86259399
0.86259399
0.86259399
0.86259399
0.86259399
0.86259399
0.86259399
0.86259399
0.86259399
0.86259399
0.86259399
0.86259399
0.86259399
0.86259399
0.86259399
0.86259399
0.86259399
0.86259399
0.86259399
0.86259399
0.86259399
0.86259399
0.86259399
0.86259399
0.86259399
0.86259399
0.86259399
0.86259399
0.86259399
0.86259399
0.86259399
0.86259399
0.98330155
0.86259399
0.86259399
0.86259399
0.86259399
0.86259399
0.86259399
0.86259399
0.86259399
0.86259399
0.86259399
0.86259399
0.86259399
0.86259399
0.86259399
0.86259399
0.99999977
0.86259399
0.86259399
0.86259399
0.86259399
0.86259399
0.86259399
0.86259399
0.86259399
0.86259399
0.86259399
0.86259399
0.86259399
0.86259399
0.86259399
0.86259399
0.86259399
0.86259399
0.96211247
0.86259399
0.86259399
0.86259399
0.86259399
0.86259399
0.86259399
0.86259399
0.86259399
0.86259399
0.86259399
0.99791012
0.86259399
0.98753957
0.86259399
0.86259399
0.86259399
0.86259399
0.86259399
0.99977901
0.86259399
0.86259399
0.86259399
0.86259399
0.86259399
0.86259399
0.98362543
0.86259399
0.99990765
0.86259399
0.86259399
0.86259399
0.86259399
0.86259399
0.86259399
0.86259399
0.86259399
0.86259399
0.94250780
0.86259399
0.86259399
0.86259399
0.86259399
0.86259399
0.86259399
0.86259399
0.86259399
0.86259399
0.86259399
0.86259399
0.86259399
0.86259399
0.86259399
0.86259399
0.86259399
0.97351740
0.86259399
0.86259399
0.86259399
0.86259399
0.86259399
0.86259399
0.86259399
0.86259399
0.86259399
0.86259399
0.86259399
0.86259399
0.86259399
0.86259399
0.86259399
0.86259399
0.86259399
0.86259399
0.86259399
0.93704062
0.86259399
0.86259399
0.86259399
0.86259399
0.86259399
0.86259399
0.86259399
0.86259399
0.86259399
0.86259399
0.86259399
0.86259399
0.86259399
0.86259399
0.86259399
0.86259399
0.86259399
0.86259399
0.86259399
0.86259399
0.86259399
0.86259399
0.86259399
0.86259399
0.86259399
0.86259399
0.86259399
0.86259399
0.86259399
0.86259399
0.86259399
0.86259399
0.86259399
0.86259399
0.86259399
0.86259399
0.86259399
0.86259399
0.86259399
0.86259399
0.86259399
0.86259399
0.86259399
0.86259399
0.86259399
0.86259399
0.86259399
0.86259399
0.86259399
0.86259399
0.86259399
0.86259399
0.86259399
0.86259399
0.86259399
0.86259399
0.86259399
0.86259399
0.86259399
0.86259399
0.86259399
0.99678786
0.86259399
0.86259399
0.94382386
0.86259399
0.86259399
0.99732886
0.86259399
0.86259399
0.86259399
0.86259399
0.86259399
0.86259399
0.98440205
0.86259399
0.95754363
0.86259399
0.86259399
0.86259399
0.86259399
0.86259399
0.86259399
0.86259399
0.86259399
0.86259399
0.86259399
0.86259399
0.86259399
0.86259399
0.86259399
0.86259399
0.86259399
0.86259399
0.86259399
0.86259399
0.86259399
0.86259399
0.86259399
0.86259399
0.86259399
0.86259399
0.86259399
0.86259399
0.86259399
0.86259399
0.86259399
0.86259399
0.86259399
0.93704062
0.86259399
0.94808713
0.86259399
0.86259399
0.86259399
0.86259399
0.86259399
0.86259399
0.86259399
0.86259399
0.86259399
0.86259399
0.86259399
0.86259399
0.86259399
0.86259399
0.86259399
0.86259399
0.86259399
0.86259399
0.86259399
0.86259399
0.86259399
0.86259399
0.86259399
0.86259399
0.86259399
0.86259399
0.98330155
0.99987864
0.86259399
0.86259399
0.86259399
0.86259399
0.86259399
0.86259399
0.86259399
0.86259399
0.86259399
0.86259399
0.86259399
0.86259399
0.86259399
0.86259399
0.86259399
0.86259399
0.86259399
1.00000000
0.86259399
0.86259399
0.86259399
0.86259399
0.86259399
0.86259399
0.86259399
0.86259399
0.86259399
0.86259399
0.86259399
0.86259399
0.94544168
0.99700027
0.86259399
0.86259399
0.86259399
0.86259399
0.86259399
0.86259399
0.86259399
0.86259399
0.86259399
0.86259399
0.86259399
0.86259399
0.86259399
0.86259399
0.86259399
0.86259399
0.86259399
0.86259399
0.95063167
0.98014739
0.86259399
0.86259399
0.86259399
0.86259399
0.86259399
0.86259399
0.86259399
0.86259399
0.86259399
0.86259399
0.86259399
0.86259399
0.86259399
0.96855097
0.86259399
0.86259399
0.86259399
0.86259399
0.86259399
0.86259399
0.86259399
0.86259399
0.86259399
0.86259399
0.86259399
0.86259399
0.86259399
0.86259399
0.86259399
0.86259399
0.86259399
0.86259399
0.86259399
0.86259399
0.86259399
0.86259399
0.86259399
0.86259399
0.86259399
0.86259399
0.86259399
0.86259399
0.86259399
0.86259399
0.86259399
0.86259399
0.86259399
0.86259399
0.98592378
0.98825994
0.86259399
0.86259399
0.86259399
0.86259399
0.86259399
0.86259399
0.86259399
0.86259399
0.86259399
0.86259399
0.86259399
0.86259399
0.95593757
0.86259399
0.86259399
0.99978087
0.86259399
0.86259399
0.86259399
0.86259399
0.86259399
0.86259399
0.86259399
0.86259399
0.86259399
0.86259399
0.86259399
0.86259399
0.86259399
0.86259399
0.86259399
0.95628361
0.86259399
0.86259399
0.86259399
0.86259399
0.86259399
0.86259399
0.99978637
0.86259399
0.86259399
0.86259399
0.86259399
0.86259399
0.86259399
0.86259399
0.86259399
0.86259399
0.86259399
0.98704511
0.99963359
0.93902470
0.86259399
0.86259399
0.86259399
0.86259399
0.86259399
0.86259399
0.86259399
0.86259399
0.86259399
0.86259399
0.86259399
0.86259399
0.86259399
0.86259399
0.86259399
0.86259399
0.86259399
0.86259399
0.86259399
0.86259399
0.86259399
0.86259399
0.86259399
0.86259399
0.86259399
0.86259399
0.86259399
0.86259399
0.86259399
0.86259399
0.86259399
0.86259399
0.86259399
0.86259399
0.86259399
0.86259399
0.86259399
0.86259399
0.86259399
0.86259399
0.86259399
0.86259399
0.86259399
0.86259399
0.86259399
0.86259399
0.86259399
0.86259399
0.86259399
0.86259399
0.97337857
0.86259399
0.86259399
0.86259399
0.86259399
0.96346306
0.86259399
0.86259399
0.86259399
0.86259399
0.86259399
0.86259399
0.86259399
0.86259399
0.86259399
0.86259399
0.86259399
0.86259399
0.86259399
0.86259399
0.86259399
0.86259399
0.86259399
0.86259399
0.86259399
0.86259399
0.86259399
0.86259399
0.86259399
0.86259399
0.86259399
0.86259399
0.86259399
0.86259399
0.86259399
0.86259399
0.86259399
0.86259399
1.00000000
0.86259399
0.86259399
0.86259399
0.86259399
0.86259399
0.86259399
0.86259399
0.86259399
0.86259399
0.86259399
0.86259399
0.86259399
0.86259399
0.86259399
0.86259399
0.86259399
0.86259399
0.86259399
0.86259399
0.86259399
0.86259399
0.86259399
0.86259399
0.86259399
0.86259399
0.86259399
0.86259399
0.86259399
0.86259399
0.86259399
0.99985981
0.86259399
0.86259399
0.86259399
0.86259399
0.86259399
0.86259399
0.86259399
0.86259399
0.86259399
0.86259399
0.86259399
0.86259399
0.86259399
0.86259399
0.86259399
0.86259399
0.86259399
0.86259399
0.86259399
0.86259399
0.86259399
0.86259399
0.86259399
0.86259399
0.86259399
0.86259399
0.86259399
0.86259399
0.86259399
0.86259399
0.86259399
0.86259399
0.86259399
0.94388632
0.86259399
0.86259399
0.86259399
0.86259399
0.86259399
0.86259399
0.86259399
0.86259399
0.86259399
0.86259399
0.86259399
0.86259399
0.86259399
0.86259399
0.86259399
0.86259399
0.86259399
0.98704511
0.86259399
0.86259399
0.86259399
0.86259399
0.86259399
0.86259399
0.86259399
0.86259399
0.86259399
0.86259399
0.86259399
0.86259399
0.86259399
0.86259399
0.86259399
0.86259399
0.98322910
0.97695587
0.86259399
0.86259399
0.86259399
0.99999674
0.86259399
0.86259399
0.86259399
0.86259399
0.86259399
0.86259399
0.86259399
0.86259399
0.86259399
0.86259399
0.86259399
0.86259399
0.86259399
0.86259399
0.86259399
0.86259399
0.86259399
0.86259399
0.86259399
0.86259399
0.86259399
0.86259399
0.86259399
0.86259399
0.86259399
0.86259399
0.86259399
0.86259399
0.86259399
0.86259399
0.86259399
0.86259399
0.86259399
0.86259399
0.86259399
0.86259399
0.86259399
0.86259399
0.86259399
0.86259399
0.86259399
0.86259399
0.86259399
0.86259399
0.86259399
0.86259399
0.86259399
0.86259399
0.86259399
0.86259399
0.86259399
0.86259399
0.86259399
0.86259399
0.86259399
0.86259399
0.86259399
0.86259399
0.86259399
0.86259399
0.86259399
0.86259399
0.86259399
0.86259399
0.86259399
0.86259399
0.86259399
0.86259399
0.86259399
0.86259399
0.86259399
0.86259399
0.86259399
0.86259399
0.86259399
0.86259399
0.86259399
0.86259399
0.86259399
0.99999981
0.86259399
0.86259399
0.86259399
0.86259399
0.86259399
0.86259399
0.86259399
0.86259399
0.86259399
0.86259399
0.86259399
0.86259399
0.99999997
0.86259399
0.86259399
0.86259399
0.86259399
0.86259399
0.86259399
0.86259399
0.86259399
0.86259399
0.86259399
0.86259399
0.86259399
0.86259399
0.86259399
0.86259399
0.86259399
0.86259399
0.86259399
0.86259399
0.86259399
0.86259399
0.86259399
0.86259399
0.86259399
0.86259399
0.86259399
0.86259399
0.86259399
0.86259399
0.86259399
0.86259399
0.86259399
0.86259399
0.86259399
0.86259399
0.86259399
0.86259399
0.86259399
0.86259399
0.86259399
0.86259399
0.86259399
0.86259399
0.86259399
0.86259399
0.86259399
0.86259399
0.86259399
0.86259399
0.86259399
0.86259399
0.86259399
0.86259399
0.86259399
0.86259399
0.86259399
0.96260104
0.86259399
0.86259399
0.86259399
0.86259399
0.86259399
0.86259399
0.86259399
0.99800374
0.86259399
0.86259399
0.86259399
0.86259399
0.99183934
0.86259399
0.86259399
0.86259399
0.86259399
0.86259399
0.86259399
0.86259399
0.86259399
0.86259399
0.86259399
0.86259399
0.86259399
0.86259399
0.86259399
0.86259399
0.99986374
0.86259399
0.86259399
0.86259399
0.86259399
0.86259399
0.86259399
0.86259399
0.86259399
0.96447559
0.86259399
0.86259399
0.86259399
0.86259399
0.86259399
0.86259399
0.86259399
0.86259399
0.86259399
0.86259399
0.86259399
0.86259399
0.86259399
0.86259399
0.86259399
0.86259399
0.86259399
0.86259399
0.86259399
0.86259399
0.86259399
0.86259399
0.86259399
0.86259399
0.86259399
0.86259399
0.86259399
0.86259399
0.86259399
0.86259399
0.86259399
0.86259399
0.86259399
0.86259399
0.94344867
0.86259399
0.86259399
0.86259399
0.86259399
0.86259399
0.86259399
0.86259399
0.86259399
0.86259399
0.86259399
0.86259399
0.86259399
0.86259399
0.86259399
0.86259399
0.98124501
0.86259399
0.86259399
0.86259399
0.86259399
0.86259399
0.86259399
0.86259399
0.86259399
0.86259399
0.86259399
0.86259399
0.86259399
0.86259399
0.86259399
0.86259399
0.86259399
0.86259399
0.86259399
0.86259399
0.86259399
0.86259399
0.86259399
0.86259399
0.86259399
0.86259399
0.86259399
0.86259399
0.86259399
0.86259399
0.86259399
0.86259399
0.86259399
0.86259399
0.86259399
0.86259399
0.86259399
0.86259399
0.86259399
0.86259399
0.86259399
0.86259399
0.86259399
0.86259399
0.86259399
0.86259399
0.86259399
0.86259399
0.86259399
0.86259399
0.86259399
0.86259399
0.86259399
0.86259399
0.86259399
0.86259399
0.86259399
0.86259399
0.99879119
0.86259399
0.86259399
0.86259399
0.86259399
0.86259399
0.86259399
0.86259399
0.86259399
0.86259399
0.86259399
0.86259399
0.86259399
0.86259399
0.97729912
0.86259399
0.86259399
0.86259399
0.86259399
0.86259399
0.86259399
0.99690155
0.86259399
0.86259399
0.94802605
0.86259399
0.86259399
0.86259399
0.86259399
0.86259399
0.86259399
0.86259399
0.86259399
0.93517249
0.86259399
0.86259399
0.86259399
0.86259399
0.86259399
0.86259399
0.86259399
0.86259399
0.86259399
0.86259399
0.86259399
0.86259399
0.86259399
0.86259399
0.86259399
0.86259399
0.86259399
0.86259399
0.86259399
0.86259399
0.86259399
0.86259399
0.86259399
0.86259399
0.86259399
0.86259399
0.86259399
0.86259399
0.86259399
0.96276331
0.99999999
0.86259399
0.86259399
0.86259399
0.86259399
0.86259399
0.86259399
0.86259399
0.93800241
0.86259399
0.86259399
0.86259399
0.86259399
0.86259399
0.86259399
0.86259399
0.86259399
0.86259399
0.86259399
0.86259399
0.86259399
0.86259399
0.86259399
0.86259399
0.86259399
0.86259399
0.86259399
0.86259399
0.86259399
0.99953240
0.86259399
0.86259399
0.86259399
0.86259399
0.86259399
0.86259399
0.86259399
0.86259399
0.86259399
0.86259399
0.86259399
0.86259399
0.86259399
0.86259399
0.86259399
0.86259399
0.86259399
0.86259399
0.86259399
0.86259399
0.86259399
0.86259399
0.86259399
0.86259399
0.86259399
0.86259399
0.86259399
0.86259399
0.86259399
0.86259399
0.94363635
0.96303311
0.86259399
0.99908469
0.86259399
0.86259399
0.86259399
0.86259399
0.86259399
0.86259399
0.86259399
0.86259399
0.86259399
0.86259399
0.86259399
0.86259399
0.86259399
0.86259399
0.86259399
0.86259399
0.86259399
0.86259399
0.86259399
0.86259399
0.86259399
0.86259399
0.86259399
0.86259399
0.86259399
0.86259399
0.86259399
0.86259399
0.86259399
0.86259399
0.86259399
0.86259399
0.86259399
0.86259399
0.86259399
0.86259399
0.86259399
0.86259399
0.86259399
0.86259399
0.86259399
0.86259399
0.86259399
0.86259399
0.86259399
0.86259399
0.86259399
0.86259399
0.86259399
0.86259399
0.86259399
0.86259399
0.86259399
1.00000000
0.86259399
0.86259399
0.86259399
0.86259399
0.86259399
0.86259399
0.86259399
0.96351665
0.97047923
0.86259399
0.86259399
0.86259399
0.86259399
0.86259399
0.86259399
0.86259399
0.86259399
0.86259399
0.86259399
0.86259399
0.86259399
0.86259399
0.97934267
0.86259399
0.86259399
0.86259399
0.86259399
0.86259399
0.86259399
0.86259399
0.86259399
0.86259399
0.86259399
0.86259399
0.86259399
0.86259399
0.86259399
0.86259399
0.86259399
0.86259399
0.86259399
0.86259399
0.86259399
0.86259399
0.86259399
0.86259399
0.86259399
0.86259399
0.86259399
0.86259399
0.86259399
0.86259399
0.86259399
0.86259399
0.86259399
0.86259399
0.86259399
0.86259399
0.86259399
0.86259399
0.86259399
0.86259399
0.86259399
0.95206691
0.86259399
0.86259399
0.99471270
0.86259399
0.86259399
0.86259399
0.86259399
0.86259399
0.99958527
0.86259399
0.86259399
0.86259399
0.86259399
0.86259399
0.98552678
0.86259399
0.86259399
0.86259399
0.86259399
0.86259399
0.86259399
0.86259399
0.86259399
0.99070909
0.86259399
0.86259399
0.86259399
0.86259399
0.86259399
0.86259399
0.86259399
0.86259399
0.86259399
0.86259399
0.86259399
0.86259399
0.99863586
0.86259399
0.86259399
0.86259399
0.86259399
0.86259399
0.86259399
0.86259399
0.86259399
0.86259399
0.86259399
0.86259399
0.86259399
0.86259399
0.86259399
0.86259399
0.86259399
0.86259399
0.95587980
0.86259399
0.86259399
0.86259399
0.86259399
0.94376138
0.99994330
0.86259399
0.86259399
0.86259399
0.86259399
0.86259399
0.86259399
0.86259399
0.86259399
0.86259399
0.86259399
0.95057156
0.86259399
0.86259399
0.86259399
0.86259399
0.86259399
0.86259399
0.86259399
0.86259399
0.95254215
0.86259399
0.86259399
0.86259399
0.86259399
0.86259399
0.86259399
0.86259399
0.86259399
0.86259399
0.86259399
0.86259399
0.86259399
0.86259399
0.86259399
0.86259399
0.86259399
0.86259399
0.86259399
0.86259399
0.86259399
0.86259399
0.86259399
0.86259399
0.99934819
0.86259399
0.86259399
0.99108770
0.96495094
0.86259399
0.86259399
0.86259399
0.86259399
0.86259399
0.86259399
0.86259399
0.86259399
0.86259399
0.86259399
0.86259399
0.86259399
0.86259399
0.86259399
0.86259399
0.86259399
0.86259399
0.86259399
0.86259399
0.86259399
0.86259399
0.86259399
0.86259399
0.86259399
0.86259399
0.93368338
0.86259399
0.86259399
0.86259399
0.86259399
0.86259399
0.86259399
0.86259399
0.86259399
0.86259399
0.86259399
0.86259399
0.86259399
0.86259399
0.86259399
0.86259399
0.86259399
0.86259399
0.86259399
0.86259399
0.86259399
0.86259399
0.86259399
0.86259399
0.86259399
0.86259399
0.86259399
0.86259399
0.86259399
0.86259399
0.99830833
0.86259399
0.86259399
0.86259399
0.86259399
0.86259399
0.86259399
0.86259399
0.86259399
0.86259399
0.86259399
0.86259399
0.86259399
0.86259399
0.86259399
0.86259399
0.86259399
0.86259399
0.86259399
0.86259399
0.86259399
0.86259399
0.86259399
0.86259399
0.86259399
0.86259399
0.86259399
0.86259399
0.86259399
0.95099180
0.86259399
0.86259399
0.86259399
0.86259399
0.86259399
0.86259399
0.86259399
0.86259399
0.86259399
0.86259399
0.86259399
0.86259399
0.86259399
0.86259399
0.86259399
0.86259399
0.99986374
0.86259399
0.86259399
0.86259399
0.86259399
0.86259399
0.95039110
0.86259399
0.86259399
0.86259399
0.86259399
0.93381311
0.86259399
0.86259399
0.86259399
0.86259399
0.86259399
0.86259399
0.86259399
0.86259399
0.86259399
0.86259399
0.86259399
0.86259399
0.86259399
0.86259399
0.86259399
0.86259399
0.86259399
0.86259399
0.86259399
0.86259399
0.86259399
0.86259399
0.86259399
0.86259399
0.86259399
0.86259399
0.86259399
0.86259399
0.86259399
0.86259399
0.86259399
0.86259399
0.86259399
0.86259399
0.86259399
0.86259399
0.86259399
0.86259399
0.86259399
0.86259399
0.97091606
0.86259399
0.86259399
0.86259399
0.86259399
0.86259399
0.86259399
0.86259399
0.86259399
0.86259399
0.86259399
0.86259399
0.86259399
0.86259399
0.86259399
0.86259399
0.86259399
0.86259399
0.86259399
0.86259399
0.93832228
0.86259399
0.86259399
0.86259399
0.86259399
0.86259399
0.86259399
0.86259399
0.86259399
0.86259399
0.86259399
0.86259399
0.93768216
0.86259399
0.86259399
0.99995323
0.86259399
0.86259399
0.86259399
0.86259399
0.86259399
0.86259399
0.86259399
0.86259399
0.86259399
0.86259399
0.86259399
0.86259399
0.86259399
0.86259399
0.86259399
0.86259399
0.86259399
0.86259399
0.86259399
0.86259399
0.86259399
0.86259399
0.86259399
0.86259399
0.86259399
0.86259399
0.86259399
0.86259399
0.86259399
0.86259399
0.86259399
0.86259399
0.86259399
0.86259399
0.95442660
0.86259399
0.86259399
0.86259399
0.86259399
0.86259399
0.86259399
0.86259399
0.86259399
0.86259399
0.86259399
0.86259399
0.86259399
0.86259399
0.86259399
0.86259399
0.86259399
0.86259399
0.86259399
0.93504326
0.86259399
0.86259399
0.86259399
0.86259399
0.86259399
0.86259399
0.86259399
0.86259399
0.86259399
0.86259399
0.86259399
0.86259399
0.86259399
0.86259399
0.99997378
0.86259399
0.86259399
0.86259399
0.86259399
0.86259399
0.86259399
0.86259399
0.86259399
0.86259399
0.86259399
0.86259399
0.86259399
0.86259399
0.86259399
0.86259399
0.86259399
0.86259399
0.86259399
0.86259399
0.86259399
0.86259399
0.86259399
0.86259399
0.86259399
0.86259399
0.86259399
0.86259399
0.86259399
0.86259399
0.86259399
0.86259399
0.86259399
0.86259399
0.86259399
0.86259399
0.86259399
0.86259399
0.86259399
0.86259399
0.86259399
0.86259399
0.86259399
0.86259399
0.86259399
0.86259399
0.86259399
0.86259399
0.86259399
0.86259399
0.86259399
0.86259399
0.86259399
0.86259399
0.86259399
0.86259399
0.86259399
0.86259399
0.86259399
0.86259399
0.86259399
0.86259399
0.86259399
0.96211247
0.86259399
0.86259399
0.86259399
0.86259399
0.86259399
0.86259399
0.93626894
0.86259399
0.86259399
0.86259399
0.86259399
0.99644359
0.86259399
0.86259399
0.86259399
0.86259399
0.86259399
0.86259399
0.86259399
0.86259399
0.86259399
0.86259399
0.86259399
0.86259399
0.86259399
0.86259399
0.86259399
0.93581791
0.86259399
0.86259399
0.86259399
0.86259399
0.86259399
0.86259399
0.86259399
0.86259399
0.86259399
0.86259399
0.86259399
0.86259399
0.86259399
0.86259399
0.86259399
0.86259399
0.86259399
0.86259399
0.86259399
0.86259399
0.86259399
0.86259399
0.86259399
0.86259399
0.86259399
0.86259399
0.86259399
0.86259399
0.86259399
0.86259399
0.86259399
0.86259399
0.86259399
0.86259399
0.86259399
0.99116225
0.86259399
0.86259399
0.86259399
0.86259399
0.86259399
0.86259399
0.86259399
0.86259399
0.86259399
0.86259399
0.86259399
0.86259399
0.86259399
0.86259399
0.86259399
0.86259399
0.86259399
0.86259399
0.86259399
0.86259399
0.86259399
0.86259399
0.86259399
0.86259399
0.86259399
0.86259399
0.86259399
0.86259399
0.86259399
0.86259399
0.86259399
0.86259399
0.86259399
0.86259399
0.86259399
0.86259399
0.86259399
0.86259399
0.86259399
0.86259399
0.86259399
0.86259399
0.86259399
0.86259399
0.86259399
0.86259399
0.86259399
0.86259399
0.86259399
0.86259399
0.86259399
0.86259399
0.86259399
0.86259399
0.86259399
0.86259399
0.86259399
0.86259399
0.86259399
0.86259399
0.86259399
0.98485089
0.86259399
0.86259399
0.86259399
0.86259399
0.86259399
0.86259399
0.86259399
0.86259399
0.86259399
0.86259399
0.86259399
0.99893347
0.86259399
0.86259399
0.86259399
0.86259399
0.86259399
0.99999989
0.86259399
0.86259399
0.86259399
0.86259399
0.86259399
0.86259399
0.86259399
0.86259399
0.86259399
0.86259399
0.86259399
0.86259399
0.86259399
0.86259399
0.86259399
0.86259399
0.86259399
0.86259399
0.86259399
0.86259399
0.86259399
0.86259399
0.86259399
0.86259399
0.86259399
0.86259399
0.86259399
0.86259399
0.86259399
0.86259399
0.86259399
0.86259399
0.86259399
0.86259399
0.86259399
0.86259399
0.86259399
0.99989760
0.86259399
0.86259399
0.86259399
0.86259399
0.86259399
0.86259399
0.86259399
0.86259399
0.86259399
0.86259399
0.86259399
0.86259399
0.86259399
0.86259399
0.86259399
0.86259399
0.86259399
0.86259399
0.86259399
0.86259399
0.86259399
0.86259399
0.86259399
0.86259399
0.86259399
0.86259399
0.86259399
0.93348869
0.86259399
0.86259399
0.86259399
0.86259399
0.86259399
0.86259399
0.86259399
0.86259399
0.86259399
0.86259399
0.86259399
0.86259399
0.95348772
0.86259399
0.99867767
0.86259399
0.86259399
0.86259399
0.86259399
0.86259399
0.86259399
0.86259399
0.86259399
0.86259399
0.86259399
0.86259399
0.86259399
0.86259399
0.86259399
0.86259399
0.86259399
0.86259399
0.86259399
0.86259399
0.86259399
0.86259399
0.86259399
0.86259399
0.86259399
0.86259399
0.86259399
0.86259399
0.93927967
0.86259399
0.86259399
0.86259399
0.86259399
0.86259399
0.86259399
0.86259399
0.86259399
0.86259399
0.86259399
0.86259399
0.99560360
0.86259399
0.86259399
0.86259399
0.86259399
0.86259399
0.86259399
0.86259399
0.86259399
0.86259399
0.86259399
0.86259399
0.86259399
0.86259399
0.86259399
0.86259399
0.86259399
0.86259399
0.86259399
0.97062518
0.86259399
0.86259399
0.86259399
0.86259399
0.86259399
0.86259399
0.86259399
0.86259399
0.86259399
0.86259399
0.98485089
0.86259399
0.86259399
0.86259399
0.86259399
0.86259399
0.86259399
0.86259399
0.86259399
0.86259399
0.86259399
0.86259399
0.86259399
0.86259399
0.95668602
0.86259399
0.86259399
0.86259399
0.86259399
0.86259399
0.86259399
0.86259399
0.86259399
0.86259399
0.86259399
0.86259399
0.86259399
0.86259399
0.86259399
0.86259399
0.86259399
0.86259399
0.86259399
0.86259399
0.86259399
0.94143662
0.86259399
0.86259399
0.99966510
0.86259399
0.86259399
0.86259399
0.93394280
0.86259399
0.86259399
0.86259399
0.86259399
0.99285738
0.86259399
0.86259399
0.96558039
0.86259399
0.86259399
0.86259399
0.86259399
0.86259399
0.86259399
0.86259399
0.86259399
0.86259399
0.86259399
0.86259399
0.86259399
0.86259399
0.86259399
0.86259399
0.86259399
0.86259399
0.86259399
0.86259399
0.86259399
0.86259399
0.86259399
0.86259399
0.86259399
0.86259399
0.86259399
0.86259399
0.86259399
0.86259399
0.86259399
0.86259399
0.86259399
0.86259399
0.86259399
0.86259399
0.86259399
0.97704193
0.86259399
0.86259399
0.96666983
0.86259399
0.86259399
0.86259399
0.86259399
0.86259399
0.86259399
0.86259399
0.86259399
0.86259399
0.86259399
0.86259399
0.86259399
0.86259399
0.96728535
0.86259399
0.86259399
0.86259399
0.86259399
0.86259399
0.86259399
0.86259399
0.86259399
0.86259399
0.86259399
0.86259399
0.86259399
0.94587497
0.86259399
0.86259399
0.86259399
0.86259399
0.86259399
0.86259399
0.86259399
0.86259399
0.86259399
0.86259399
0.86259399
0.86259399
0.99999996
0.86259399
0.86259399
0.86259399
0.86259399
0.86259399
0.86259399
0.86259399
0.86259399
0.86259399
0.86259399
0.86259399
0.96096229
0.86259399
0.86259399
0.86259399
0.86259399
0.86259399
0.86259399
0.86259399
0.86259399
0.86259399
0.98647523
0.86259399
0.86259399
0.86259399
0.96308697
0.86259399
0.86259399
0.86259399
0.86259399
0.86259399
0.86259399
0.86259399
0.86259399
0.86259399
0.86259399
0.86259399
0.86259399
0.86259399
0.86259399
0.86259399
0.86259399
0.86259399
0.86259399
0.86259399
0.86259399
0.86259399
0.86259399
0.86259399
0.86259399
0.86259399
0.86259399
0.86259399
0.86259399
0.86259399
0.99840477
0.86259399
0.98704511
0.86259399
0.86259399
0.86259399
0.98268006
0.86259399
0.86259399
0.86259399
0.86259399
0.86259399
0.86259399
0.86259399
0.86259399
0.86259399
0.86259399
0.86259399
0.86259399
0.86259399
0.86259399
0.86259399
0.86259399
0.96238422
0.86259399
0.86259399
0.86259399
0.86259399
0.86259399
0.86259399
0.86259399
0.86259399
0.86259399
0.86259399
0.86259399
0.86259399
0.86259399
0.86259399
0.86259399
0.86259399
0.86259399
0.86259399
0.86259399
0.86259399
0.86259399
0.86259399
0.86259399
0.86259399
0.86259399
0.86259399
0.86259399
0.86259399
0.86259399
0.86259399
0.86259399
0.86259399
0.86259399
0.86259399
0.86259399
0.86259399
0.99999027
0.86259399
0.86259399
0.86259399
0.86259399
0.86259399
0.86259399
0.95419252
0.86259399
0.86259399
0.86259399
0.86259399
0.86259399
0.86259399
0.95466026
0.86259399
0.86259399
0.86259399
0.86259399
0.86259399
0.86259399
0.86259399
0.86259399
0.86259399
0.96399749
0.86259399
0.86259399
0.86259399
0.86259399
0.86259399
0.86259399
0.86259399
0.86259399
0.99877821
0.86259399
0.86259399
0.86259399
0.99673644
0.86259399
0.86259399
0.86259399
0.86259399
0.86259399
0.86259399
0.86259399
0.86259399
0.86259399
0.94784270
0.99179209
0.86259399
0.86259399
0.86259399
0.86259399
0.86259399
0.86259399
0.86259399
0.86259399
0.86259399
0.86259399
0.86259399
0.86259399
0.86259399
0.86259399
0.86259399
0.86259399
0.86259399
0.86259399
0.86259399
0.86259399
0.86259399
0.86259399
0.86259399
0.86259399
0.86259399
0.86259399
0.86259399
0.86259399
0.86259399
0.86259399
0.86259399
0.86259399
0.86259399
0.86259399
0.86259399
0.86259399
0.99740696
0.86259399
0.86259399
0.86259399
0.86259399
0.86259399
0.86259399
0.86259399
0.86259399
0.86259399
0.86259399
0.86259399
0.86259399
0.86259399
0.86259399
0.86259399
0.86259399
0.86259399
0.86259399
0.86259399
0.86259399
0.86259399
0.86259399
0.86259399
0.86259399
0.86259399
0.86259399
0.98628207
0.86259399
0.86259399
0.86259399
0.86259399
0.86259399
0.86259399
0.86259399
0.86259399
0.86259399
0.86259399
0.86259399
0.86259399
0.86259399
0.86259399
0.86259399
0.86259399
0.86259399
0.86259399
0.97158940
0.86259399
0.86259399
0.86259399
0.86259399
0.86259399
0.86259399
0.86259399
0.86259399
0.86259399
0.86259399
0.86259399
0.86259399
0.86259399
0.86259399
0.86259399
0.86259399
0.86259399
0.86259399
0.86259399
0.86259399
0.86259399
0.86259399
0.86259399
0.86259399
0.86259399
0.86259399
0.86259399
0.86259399
0.86259399
0.86259399
0.86259399
0.96205802
0.86259399
0.86259399
0.86259399
0.99204983
0.86259399
0.86259399
0.86259399
0.86259399
0.86259399
0.86259399
0.86259399
0.86259399
0.86259399
0.86259399
0.86259399
0.86259399
0.86259399
0.86259399
0.86259399
0.95295665
0.86259399
1.00000000
0.86259399
0.86259399
0.86259399
0.86259399
0.86259399
0.98682520
0.86259399
0.86259399
0.94636892
0.86259399
0.86259399
0.86259399
0.86259399
0.86259399
0.86259399
0.86259399
0.86259399
0.86259399
0.86259399
0.86259399
0.86259399
0.86259399
0.86259399
0.86259399
0.86259399
0.86259399
0.86259399
0.86259399
0.86259399
0.86259399
0.86259399
0.86259399
0.86259399
0.86259399
0.86259399
0.86259399
0.86259399
0.86259399
0.86259399
0.86259399
0.86259399
0.86259399
0.86259399
0.86259399
0.86259399
0.86259399
0.86259399
0.86259399
0.86259399
0.86259399
0.86259399
0.86259399
0.86259399
0.86259399
0.86259399
0.86259399
0.86259399
0.86259399
0.86259399
0.86259399
0.86259399
0.86259399
0.86259399
0.86259399
0.86259399
0.86259399
0.86259399
0.86259399
0.86259399
0.86259399
0.86259399
0.86259399
0.86259399
0.86259399
0.86259399
0.86259399
0.86259399
0.86259399
0.86259399
0.86259399
0.86259399
0.86259399
0.86259399
0.86259399
0.86259399
0.86259399
0.86259399
0.86259399
0.86259399
0.86259399
0.86259399
0.86259399
0.86259399
0.86259399
0.86259399
0.86259399
0.86259399
0.86259399
0.86259399
0.86259399
0.86259399
0.86259399
0.86259399
0.86259399
0.86259399
0.86259399
0.86259399
0.86259399
0.86259399
0.86259399
0.86259399
0.86259399
0.86259399
0.86259399
0.86259399
0.86259399
0.86259399
0.86259399
0.86259399
0.86259399
0.86259399
0.86259399
0.86259399
0.86259399
0.86259399
0.86259399
0.86259399
0.86259399
0.95489348
0.93594684
0.86259399
0.86259399
0.86259399
0.86259399
0.86259399
0.86259399
0.86259399
0.86259399
0.86259399
0.86259399
0.86259399
0.86259399
0.86259399
0.86259399
0.86259399
0.86259399
0.86259399
0.86259399
0.86259399
0.86259399
0.86259399
0.86259399
0.86259399
0.86259399
0.86259399
0.86259399
0.86259399
0.86259399
0.86259399
0.86259399
0.86259399
0.86259399
0.86259399
0.86259399
0.86259399
0.86259399
0.86259399
0.86259399
0.86259399
0.86259399
0.96969504
0.86259399
0.98872599
0.86259399
0.86259399
0.86259399
0.86259399
0.86259399
0.86259399
0.86259399
0.86259399
0.86259399
0.86259399
0.86259399
0.86259399
0.86259399
0.86259399
0.86259399
0.86259399
0.86259399
0.86259399
0.99963087
0.86259399
0.86259399
0.86259399
0.86259399
0.86259399
0.86259399
0.86259399
0.86259399
0.86259399
0.93633332
0.99999995
0.86259399
0.86259399
0.99794793
0.86259399
0.97721356
0.86259399
0.86259399
0.86259399
0.86259399
0.86259399
0.86259399
0.86259399
0.86259399
0.86259399
0.86259399
0.86259399
0.86259399
0.86259399
0.86259399
0.86259399
0.86259399
0.86259399
0.86259399
0.86259399
0.86259399
0.86259399
0.86259399
0.86259399
0.94704593
0.86259399
0.86259399
0.86259399
0.86259399
0.86259399
0.86259399
0.86259399
0.86259399
0.86259399
0.86259399
0.86259399
0.86259399
0.86259399
0.86259399
0.86259399
0.86259399
0.86259399
0.86259399
0.86259399
0.86259399
0.86259399
0.86259399
0.86259399
0.86259399
0.86259399
0.86259399
0.86259399
0.86259399
0.86259399
0.86259399
0.86259399
0.86259399
0.86259399
0.86259399
0.86259399
0.86259399
0.86259399
0.86259399
0.86259399
0.86259399
0.86259399
0.86259399
0.86259399
0.86259399
0.86259399
0.86259399
0.86259399
0.99630480
0.86259399
0.86259399
0.86259399
0.86259399
0.86259399
0.86259399
0.86259399
0.86259399
0.86259399
0.86259399
0.86259399
0.86259399
0.86259399
0.98720085
0.86259399
0.86259399
0.86259399
0.86259399
0.86259399
0.86259399
0.86259399
0.86259399
0.86259399
0.86259399
0.86259399
0.86259399
0.86259399
0.86259399
0.86259399
0.86259399
0.86259399
0.86259399
0.86259399
0.86259399
0.86259399
0.86259399
0.86259399
0.86259399
0.86259399
0.95153035
0.86259399
0.86259399
0.86259399
0.86259399
0.86259399
0.86259399
0.86259399
0.86259399
0.86259399
0.86259399
0.86259399
0.86259399
0.86259399
0.86259399
0.86259399
0.86259399
0.86259399
0.86259399
0.94275910
0.86259399
0.86259399
0.99865688
0.86259399
0.86259399
0.86259399
0.86259399
0.86259399
0.86259399
0.86259399
0.86259399
0.86259399
0.86259399
0.86259399
0.86259399
0.86259399
0.86259399
0.86259399
0.86259399
0.86259399
0.94488316
0.95307484
0.86259399
0.86259399
0.86259399
0.86259399
0.86259399
0.86259399
0.86259399
0.86259399
0.86259399
0.86259399
0.86259399
0.93562442
0.86259399
0.86259399
0.86259399
0.86259399
0.86259399
0.86259399
0.86259399
0.86259399
0.86259399
0.86259399
0.86259399
0.86259399
0.86259399
0.86259399
0.86259399
0.86259399
0.86259399
0.86259399
0.86259399
0.86259399
0.86259399
0.86259399
0.86259399
0.86259399
0.86259399
0.86259399
0.86259399
0.86259399
0.86259399
0.86259399
0.86259399
0.86259399
0.86259399
0.86259399
0.86259399
0.86259399
0.86259399
0.86259399
0.86259399
0.86259399
0.86259399
0.86259399
0.86259399
0.86259399
0.86259399
0.86259399
0.86259399
0.86259399
0.86259399
0.86259399
0.86259399
0.86259399
0.86259399
0.86259399
0.86259399
0.86259399
0.86259399
0.99169709
0.86259399
0.86259399
0.86259399
0.86259399
0.86259399
0.86259399
0.86259399
0.86259399
0.86259399
0.86259399
0.86259399
0.86259399
0.86259399
0.86259399
0.86259399
0.86259399
0.86259399
0.86259399
0.86259399
0.86259399
0.86259399
0.86259399
0.86259399
0.86259399
0.86259399
0.86259399
0.86259399
0.86259399
0.86259399
0.86259399
0.86259399
0.86259399
0.86259399
0.86259399
0.86259399
0.86259399
0.86259399
0.86259399
0.86259399
0.86259399
0.86259399
0.86259399
0.86259399
0.86259399
0.86259399
0.86259399
0.86259399
0.86259399
0.86259399
0.86259399
0.99997451
0.86259399
0.86259399
0.86259399
0.86259399
0.86259399
0.86259399
0.86259399
0.86259399
0.86259399
0.86259399
0.86259399
0.86259399
0.86259399
0.86259399
0.86259399
0.86259399
0.86259399
0.86259399
0.86259399
0.86259399
0.86259399
0.86259399
0.86259399
0.86259399
0.86259399
0.86259399
0.86259399
0.86259399
0.86259399
0.86259399
0.86259399
0.86259399
0.86259399
0.86259399
0.86259399
0.86259399
0.86259399
0.86259399
0.86259399
0.86259399
0.86259399
0.86259399
0.86259399
0.86259399
0.86259399
0.86259399
0.86259399
0.86259399
0.86259399
0.86259399
0.97062518
0.86259399
0.86259399
0.86259399
0.99610443
0.86259399
0.86259399
0.86259399
0.86259399
0.86259399
0.86259399
0.86259399
0.86259399
0.86259399
0.86259399
0.86259399
0.86259399
0.86259399
0.86259399
0.86259399
0.86259399
0.86259399
0.94326083
0.86259399
0.86259399
0.86259399
0.97263215
0.86259399
0.86259399
0.86259399
0.86259399
0.86259399
0.86259399
0.86259399
0.86259399
0.86259399
0.86259399
0.86259399
0.86259399
0.86259399
0.86259399
0.86259399
0.86259399
0.86259399
0.86259399
0.86259399
0.86259399
0.86259399
0.86259399
0.86259399
0.86259399
0.86259399
0.86259399
0.86259399
0.86259399
0.86259399
0.96183990
0.86259399
0.86259399
0.86259399
0.86259399
0.86259399
0.86259399
0.86259399
0.86259399
0.86259399
0.86259399
0.86259399
0.94930388
0.86259399
0.86259399
0.86259399
0.86259399
0.86259399
0.86259399
0.99937270
0.86259399
0.86259399
0.86259399
0.86259399
0.86259399
0.99932724
0.86259399
0.86259399
0.86259399
0.86259399
0.86259399
0.86259399
0.86259399
0.86259399
0.86259399
0.86259399
0.86259399
0.86259399
0.86259399
0.86259399
0.86259399
0.86259399
0.93426682
0.86259399
0.86259399
0.86259399
0.86259399
0.86259399
0.86259399
0.86259399
0.86259399
0.86259399
0.94680004
0.86259399
0.86259399
0.86259399
0.86259399
0.86259399
0.86259399
0.86259399
0.86259399
0.86259399
0.86259399
0.86259399
0.86259399
0.86259399
0.86259399
0.86259399
0.86259399
0.86259399
0.86259399
0.86259399
0.86259399
0.86259399
0.86259399
0.86259399
0.86259399
0.86259399
0.86259399
0.86259399
0.86259399
0.96630841
0.86259399
0.86259399
0.86259399
0.86259399
0.86259399
0.86259399
0.86259399
0.86259399
0.86259399
0.86259399
0.86259399
0.86259399
0.99116225
0.86259399
0.86259399
0.86259399
0.86259399
0.86259399
0.86259399
0.86259399
0.86259399
0.86259399
0.86259399
0.86259399
0.86259399
0.86259399
0.86259399
1.00000000
0.86259399
0.86259399
0.86259399
0.86259399
0.86259399
0.86259399
0.86259399
0.86259399
0.86259399
0.86259399
0.86259399
0.86259399
0.86259399
0.86259399
0.86259399
0.94112062
0.86259399
0.86259399
0.86259399
0.86259399
0.86259399
0.86259399
0.86259399
0.86259399
0.86259399
0.86259399
0.86259399
0.86259399
0.99052906
0.86259399
0.86259399
0.86259399
0.86259399
0.86259399
0.86259399
0.86259399
0.86259399
0.86259399
0.86259399
0.86259399
0.86259399
0.86259399
0.86259399
0.86259399
0.86259399
0.86259399
0.86259399
0.86259399
0.86259399
0.86259399
0.86259399
0.86259399
0.86259399
0.86259399
0.86259399
0.95378185
0.99947474
0.86259399
0.86259399
0.86259399
0.86259399
0.86259399
0.86259399
0.86259399
0.86259399
0.86259399
0.86259399
0.86259399
0.86259399
0.86259399
0.86259399
0.86259399
0.86259399
0.86259399
0.86259399
0.86259399
0.86259399
0.86259399
0.86259399
0.99876513
0.86259399
0.86259399
0.86259399
0.86259399
0.86259399
0.86259399
0.86259399
0.86259399
0.86259399
0.86259399
0.86259399
0.86259399
0.86259399
0.86259399
0.86259399
0.86259399
0.86259399
0.86259399
0.86259399
0.86259399
0.97277288
0.86259399
0.86259399
0.86259399
0.86259399
0.86259399
0.86259399
0.86259399
0.86259399
0.86259399
0.86259399
0.86259399
0.86259399
0.86259399
0.86259399
0.86259399
0.86259399
0.86259399
0.86259399
0.86259399
0.86259399
0.86259399
0.86259399
0.86259399
0.86259399
0.86259399
0.86259399
0.99722608
0.95702985
0.86259399
0.86259399
0.86259399
0.86259399
0.86259399
0.86259399
0.86259399
0.86259399
0.86259399
0.86259399
0.86259399
0.86259399
0.86259399
0.86259399
0.86259399
0.86259399
0.86259399
0.86259399
0.86259399
0.86259399
0.86259399
0.86259399
0.86259399
0.86259399
0.86259399
0.86259399
0.86259399
0.86259399
0.86259399
0.86259399
0.86259399
0.86259399
0.86259399
0.86259399
0.86259399
0.86259399
0.86259399
0.94593678
0.86259399
0.86259399
0.86259399
0.86259399
0.86259399
0.86259399
0.86259399
0.86259399
0.86259399
0.86259399
0.99817347
0.86259399
0.86259399
0.86259399
0.86259399
0.86259399
0.86259399
0.86259399
0.86259399
0.86259399
0.86259399
0.86259399
0.86259399
0.86259399
0.86259399
0.86259399
0.86259399
0.86259399
0.86259399
0.86259399
0.86259399
0.95873325
0.86259399
0.86259399
0.86259399
0.86259399
0.86259399
0.86259399
0.86259399
0.86259399
0.86259399
0.86259399
0.86259399
0.86259399
0.86259399
0.86259399
0.86259399
0.86259399
0.86259399
0.86259399
0.86259399
0.86259399
0.86259399
0.86259399
0.86259399
0.86259399
0.86259399
0.86259399
0.86259399
0.86259399
0.86259399
0.86259399
0.86259399
0.95605303
0.86259399
0.86259399
0.86259399
0.99597185
0.86259399
0.99943476
0.86259399
0.86259399
0.86259399
0.86259399
0.86259399
0.86259399
0.86259399
0.86259399
0.86259399
0.86259399
0.86259399
0.86259399
0.86259399
0.86259399
0.86259399
0.86259399
0.96399749
0.86259399
0.86259399
0.86259399
0.86259399
0.86259399
0.86259399
0.86259399
0.99996691
0.86259399
0.86259399
0.86259399
0.86259399
0.86259399
0.86259399
0.86259399
0.86259399
0.86259399
0.86259399
0.86259399
0.86259399
0.86259399
0.86259399
0.86259399
0.86259399
0.86259399
0.86259399
0.99950926
0.86259399
0.86259399
0.86259399
0.86259399
0.86259399
0.86259399
0.86259399
0.86259399
0.86259399
0.86259399
0.86259399
0.86259399
0.86259399
0.86259399
0.86259399
0.86259399
0.86259399
0.86259399
0.86259399
0.86259399
0.86259399
0.86259399
0.86259399
0.86259399
0.86259399
0.86259399
0.86259399
0.86259399
0.99953240
0.86259399
0.86259399
0.86259399
0.99995976
0.86259399
0.86259399
0.86259399
0.86259399
0.86259399
0.86259399
0.86259399
0.86259399
0.86259399
0.86259399
0.86259399
0.86259399
0.86259399
0.86259399
0.86259399
0.86259399
0.86259399
0.86259399
0.86259399
0.86259399
0.86259399
0.86259399
0.86259399
0.86259399
0.86259399
0.95342881
0.86259399
0.86259399
0.86259399
0.86259399
0.86259399
0.86259399
0.86259399
0.86259399
0.86259399
0.86259399
0.99963899
0.86259399
0.86259399
0.86259399
0.86259399
0.86259399
0.86259399
0.86259399
0.86259399
0.86259399
0.86259399
0.86259399
0.86259399
0.86259399
0.86259399
0.86259399
0.86259399
0.86259399
0.86259399
0.86259399
0.86259399
0.86259399
0.86259399
0.86259399
0.86259399
0.86259399
0.86259399
0.86259399
0.86259399
0.86259399
0.86259399
0.86259399
0.86259399
0.86259399
0.86259399
0.86259399
0.86259399
0.99996691
0.86259399
0.86259399
0.86259399
0.86259399
0.86259399
0.86259399
0.86259399
0.98634663
0.86259399
0.99978087
0.86259399
0.86259399
0.86259399
0.86259399
0.86259399
0.86259399
0.86259399
0.86259399
0.86259399
0.86259399
0.86259399
0.86259399
0.86259399
0.86259399
0.86259399
0.86259399
0.86259399
0.86259399
0.86259399
0.86259399
0.99497589
0.86259399
0.86259399
0.95348772
0.86259399
0.86259399
0.86259399
0.86259399
0.86259399
0.86259399
0.95354660
0.86259399
0.86259399
0.86259399
0.86259399
0.86259399
0.86259399
0.86259399
0.86259399
0.86259399
0.86259399
0.86259399
0.86259399
0.86259399
0.86259399
0.86259399
0.86259399
0.86259399
0.86259399
0.86259399
0.86259399
0.86259399
0.86259399
0.86259399
0.86259399
0.86259399
0.86259399
0.86259399
0.96929934
0.86259399
0.86259399
0.86259399
0.86259399
0.86259399
0.86259399
0.86259399
0.86259399
0.86259399
0.86259399
0.86259399
0.86259399
0.86259399
0.86259399
0.86259399
0.99603114
0.86259399
0.86259399
0.86259399
0.86259399
0.86259399
0.94612211
0.86259399
0.86259399
0.86259399
0.86259399
0.86259399
0.86259399
0.86259399
0.86259399
0.86259399
0.86259399
0.86259399
0.86259399
0.86259399
0.86259399
0.86259399
0.86259399
0.86259399
0.86259399
0.86259399
0.86259399
0.86259399
0.86259399
0.86259399
0.86259399
0.86259399
0.86259399
0.86259399
0.86259399
0.86259399
0.86259399
0.86259399
0.86259399
0.86259399
0.86259399
0.86259399
0.86259399
0.86259399
0.86259399
0.86259399
0.86259399
0.86259399
0.86259399
0.86259399
0.86259399
0.86259399
0.86259399
0.86259399
0.86259399
0.86259399
0.86259399
0.86259399
0.86259399
0.86259399
0.86259399
0.86259399
0.86259399
0.86259399
0.86259399
0.86259399
0.86259399
0.86259399
0.98006769
0.86259399
0.96584119
0.86259399
0.86259399
0.86259399
0.86259399
0.86259399
0.96516131
0.86259399
0.86259399
0.86259399
0.86259399
0.86259399
0.86259399
0.86259399
0.86259399
0.86259399
0.86259399
0.86259399
0.86259399
0.86259399
0.86259399
0.86259399
0.86259399
0.86259399
0.86259399
0.86259399
0.86259399
0.86259399
0.86259399
0.86259399
0.86259399
0.86259399
0.86259399
0.86259399
0.86259399
0.86259399
0.86259399
0.86259399
0.86259399
0.86259399
0.86259399
0.86259399
0.86259399
0.86259399
0.86259399
0.86259399
0.86259399
0.86259399
0.86259399
0.86259399
0.86259399
0.86259399
0.86259399
0.86259399
0.86259399
0.95685806
0.86259399
0.86259399
0.96489826
0.86259399
0.86259399
0.86259399
0.86259399
0.86259399
0.86259399
0.86259399
0.86259399
0.86259399
0.86259399
0.86259399
0.86259399
0.86259399
0.93997956
0.86259399
0.86259399
0.86259399
0.86259399
0.86259399
0.86259399
0.86259399
0.86259399
0.86259399
0.86259399
0.86259399
0.86259399
0.86259399
0.86259399
0.86259399
0.86259399
0.86259399
0.86259399
0.98579215
0.99993486
0.86259399
0.86259399
0.86259399
0.86259399
0.86259399
0.86259399
0.86259399
0.86259399
0.86259399
0.86259399
0.86259399
0.86259399
0.86259399
0.94494530
0.86259399
0.86259399
0.86259399
0.86259399
0.86259399
0.86259399
0.86259399
0.86259399
0.99944588
0.86259399
0.86259399
0.86259399
0.86259399
0.86259399
0.86259399
0.86259399
0.86259399
0.86259399
0.86259399
0.86259399
0.86259399
0.86259399
0.86259399
0.86259399
0.86259399
0.86259399
0.86259399
0.86259399
0.86259399
0.86259399
0.86259399
0.86259399
0.86259399
0.86259399
0.86259399
0.86259399
0.86259399
0.86259399
0.86259399
0.86259399
0.99999519
0.86259399
0.86259399
0.86259399
0.86259399
0.86259399
0.86259399
0.86259399
0.86259399
0.86259399
0.86259399
0.86259399
0.86259399
0.86259399
0.86259399
0.86259399
0.86259399
0.86259399
0.86259399
0.86259399
0.86259399
0.86259399
0.86259399
0.86259399
0.86259399
0.86259399
0.86259399
0.86259399
0.86259399
0.86259399
0.86259399
0.86259399
0.86259399
0.86259399
0.86259399
0.86259399
0.86259399
0.86259399
0.86259399
0.86259399
0.97225516
0.86259399
0.86259399
0.86259399
0.86259399
0.98330155
0.86259399
0.86259399
0.86259399
0.86259399
0.86259399
0.86259399
0.95283835
0.86259399
0.86259399
0.86259399
0.86259399
0.86259399
0.86259399
0.86259399
0.86259399
0.86259399
0.86259399
0.86259399
0.86259399
0.86259399
0.86259399
0.86259399
0.86259399
0.86259399
0.86259399
0.86259399
0.86259399
0.93446109
0.86259399
0.86259399
0.86259399
0.86259399
0.86259399
0.86259399
0.86259399
0.86259399
0.86259399
0.86259399
0.86259399
0.86259399
0.86259399
0.93851403
0.86259399
0.86259399
0.86259399
0.86259399
0.86259399
0.86259399
0.86259399
0.86259399
0.86259399
0.86259399
0.86259399
0.86259399
0.86259399
0.86259399
0.86259399
0.86259399
0.86259399
0.86259399
0.86259399
0.86259399
0.86259399
0.86259399
0.86259399
0.86259399
0.86259399
0.86259399
0.86259399
0.86259399
0.86259399
0.86259399
0.86259399
0.86259399
0.86259399
0.86259399
0.86259399
0.86259399
0.86259399
0.99855678
0.86259399
0.86259399
0.86259399
0.86259399
0.86259399
0.86259399
0.86259399
0.86259399
0.86259399
0.86259399
0.86259399
0.86259399
0.86259399
0.86259399
0.86259399
0.86259399
0.95271994
0.86259399
0.86259399
0.86259399
0.86259399
0.86259399
0.86259399
0.86259399
0.86259399
0.86259399
0.86259399
0.86259399
0.86259399
0.86259399
0.86259399
0.86259399
0.86259399
0.86259399
0.86259399
0.86259399
0.86259399
0.86259399
0.86259399
0.86259399
0.86259399
0.86259399
0.86259399
0.86259399
0.86259399
0.86259399
0.86259399
0.86259399
0.86259399
0.86259399
0.86259399
0.86259399
0.86259399
0.86259399
0.86259399
0.86259399
0.86259399
0.86259399
0.86259399
0.86259399
0.86259399
0.86259399
0.86259399
0.86259399
0.86259399
0.86259399
0.86259399
0.86259399
0.86259399
0.86259399
0.86259399
0.86259399
0.86259399
0.86259399
0.86259399
0.86259399
0.86259399
0.86259399
0.86259399
0.86259399
0.86259399
0.86259399
0.86259399
0.86259399
0.86259399
0.86259399
0.86259399
0.86259399
0.86259399
0.86259399
0.86259399
0.86259399
0.86259399
0.86259399
0.86259399
0.86259399
0.86259399
0.99346835
0.86259399
0.86259399
0.86259399
0.86259399
0.86259399
0.86259399
0.86259399
0.86259399
0.86259399
0.99999973
0.86259399
0.86259399
0.97582195
0.86259399
0.86259399
0.86259399
0.86259399
0.86259399
0.86259399
0.86259399
0.86259399
0.86259399
0.86259399
0.86259399
0.86259399
0.86259399
0.86259399
0.86259399
0.86259399
0.86259399
0.86259399
0.86259399
0.86259399
0.86259399
0.86259399
0.86259399
0.86259399
0.86259399
0.86259399
0.86259399
0.86259399
0.86259399
0.86259399
0.86259399
0.86259399
0.86259399
0.86259399
0.86259399
0.86259399
0.86259399
0.86259399
0.86259399
0.86259399
0.86259399
0.86259399
0.86259399
0.86259399
0.86259399
0.86259399
0.86259399
0.95547464
0.86259399
0.86259399
0.86259399
0.86259399
0.86259399
0.86259399
0.86259399
0.86259399
0.86259399
0.86259399
0.86259399
0.86259399
0.86259399
0.86259399
0.86259399
0.86259399
0.86259399
0.86259399
0.86259399
0.86259399
0.86259399
0.86259399
0.86259399
0.86259399
0.86259399
0.86259399
0.86259399
0.86259399
0.86259399
0.86259399
0.86259399
0.86259399
0.86259399
0.86259399
0.86259399
0.86259399
0.86259399
0.86259399
0.86259399
0.86259399
0.86259399
0.86259399
0.86259399
0.86259399
0.86259399
0.86259399
0.86259399
0.86259399
0.86259399
0.86259399
0.86259399
0.86259399
0.86259399
0.86259399
0.86259399
0.86259399
0.86259399
0.86259399
0.86259399
0.86259399
0.86259399
0.86259399
0.86259399
0.86259399
0.86259399
0.86259399
0.86259399
0.86259399
0.86259399
0.86259399
0.86259399
0.86259399
0.86259399
0.86259399
0.86259399
0.86259399
0.86259399
0.86259399
0.99992467
0.86259399
0.86259399
0.86259399
0.86259399
0.86259399
0.86259399
0.86259399
0.86259399
0.86259399
0.86259399
0.86259399
0.86259399
0.86259399
0.86259399
0.86259399
0.86259399
0.86259399
0.86259399
0.96394420
0.86259399
0.86259399
0.86259399
0.86259399
0.86259399
0.86259399
0.99999955
0.86259399
0.86259399
0.86259399
0.86259399
0.86259399
0.86259399
0.86259399
0.86259399
0.86259399
0.86259399
0.86259399
0.86259399
0.86259399
0.86259399
0.86259399
0.86259399
0.86259399
0.86259399
0.93601129
0.86259399
0.86259399
0.86259399
0.86259399
0.86259399
0.86259399
0.86259399
0.94048735
0.86259399
0.86259399
0.86259399
0.86259399
0.86259399
0.86259399
0.86259399
0.86259399
0.86259399
0.86259399
0.86259399
0.86259399
0.86259399
0.86259399
0.86259399
0.86259399
0.86259399
0.86259399
0.86259399
0.86259399
0.86259399
0.86259399
0.86259399
0.86259399
0.86259399
0.93652638
0.86259399
0.86259399
0.86259399
0.86259399
0.86259399
0.86259399
0.86259399
0.86259399
0.86259399
0.86259399
0.86259399
0.86259399
0.86259399
0.86259399
0.86259399
0.86259399
0.86259399
0.86259399
0.86259399
0.86259399
0.86259399
0.86259399
0.86259399
0.86259399
0.86259399
0.86259399
0.86259399
0.86259399
0.86259399
0.86259399
0.86259399
0.86259399
0.86259399
0.86259399
0.86259399
0.86259399
0.86259399
0.86259399
0.86259399
0.99065787
0.86259399
0.86259399
0.86259399
0.86259399
0.86259399
0.86259399
0.86259399
0.86259399
0.86259399
0.86259399
0.86259399
0.86259399
0.86259399
0.86259399
0.86259399
0.86259399
0.86259399
0.86259399
0.86259399
0.99984891
0.86259399
0.86259399
0.86259399
0.86259399
0.86259399
0.86259399
0.86259399
0.86259399
0.86259399
0.86259399
0.86259399
0.86259399
0.86259399
0.86259399
0.86259399
0.86259399
0.86259399
0.86259399
0.86259399
0.86259399
0.86259399
0.86259399
0.86259399
0.86259399
0.86259399
0.86259399
0.86259399
0.86259399
0.86259399
0.93659071
0.86259399
0.86259399
0.86259399
0.86259399
0.86259399
0.86259399
0.86259399
0.86259399
0.86259399
0.86259399
0.86259399
0.86259399
0.86259399
0.86259399
0.86259399
0.86259399
0.86259399
0.86259399
0.86259399
0.86259399
0.86259399
0.86259399
0.86259399
0.86259399
0.86259399
0.86259399
0.86259399
0.86259399
0.86259399
0.86259399
0.86259399
0.86259399
0.86259399
0.86259399
0.86259399
0.86259399
0.86259399
0.86259399
0.86259399
0.86259399
0.86259399
0.86259399
0.86259399
0.86259399
0.86259399
0.86259399
0.86259399
0.86259399
0.86259399
0.86259399
0.86259399
0.86259399
1.00000000
0.86259399
0.86259399
0.86259399
0.86259399
0.86259399
0.86259399
0.86259399
0.86259399
0.86259399
0.86259399
0.86259399
0.86259399
0.86259399
0.86259399
0.86259399
0.86259399
0.86259399
0.86259399
0.86259399
0.86259399
0.86259399
0.86259399
0.86259399
0.86259399
0.86259399
0.86259399
0.86259399
0.86259399
0.86259399
0.86259399
0.86259399
0.86259399
0.86259399
0.86259399
0.86259399
0.86259399
0.86259399
0.86259399
0.93864179
0.86259399
0.86259399
0.86259399
0.86259399
0.86259399
0.86259399
0.86259399
0.98909631
0.86259399
0.86259399
0.86259399
0.86259399
0.86259399
0.86259399
0.86259399
0.86259399
0.86259399
0.86259399
0.86259399
0.99978271
0.86259399
0.86259399
0.86259399
0.86259399
0.86259399
0.86259399
0.98837751
0.86259399
0.86259399
0.86259399
0.86259399
0.86259399
0.86259399
0.86259399
0.86259399
0.86259399
0.86259399
0.86259399
0.86259399
0.86259399
0.86259399
0.86259399
0.86259399
0.86259399
0.86259399
0.86259399
0.86259399
0.86259399
0.86259399
0.86259399
0.86259399
0.86259399
0.86259399
0.86259399
0.86259399
0.86259399
0.86259399
0.86259399
0.86259399
0.86259399
0.97120556
0.86259399
0.86259399
0.86259399
0.86259399
0.86259399
0.86259399
0.86259399
0.86259399
0.86259399
0.99402533
0.86259399
0.99999994
0.86259399
0.86259399
0.86259399
0.86259399
0.86259399
0.86259399
0.86259399
0.86259399
0.86259399
0.86259399
0.86259399
0.86259399
0.86259399
0.86259399
0.86259399
0.86259399
0.86259399
0.86259399
0.86259399
0.86259399
0.86259399
0.86259399
0.86259399
0.86259399
0.86259399
0.86259399
0.99999806
0.86259399
0.86259399
0.86259399
0.97411481
0.86259399
0.95466026
0.86259399
0.86259399
0.86259399
0.86259399
0.93729741
0.86259399
0.86259399
0.86259399
0.95582201
0.86259399
0.86259399
0.86259399
0.86259399
0.86259399
0.86259399
0.86259399
0.86259399
0.86259399
0.86259399
0.86259399
0.86259399
0.86259399
0.86259399
0.86259399
0.86259399
0.86259399
0.86259399
0.86259399
0.86259399
0.86259399
0.86259399
0.86259399
0.86259399
0.86259399
0.86259399
0.94067750
0.86259399
0.96405075
0.86259399
0.86259399
0.86259399
0.86259399
0.86259399
0.86259399
0.86259399
0.86259399
0.86259399
0.86259399
0.86259399
0.86259399
0.86259399
0.86259399
0.86259399
0.86259399
0.86259399
0.86259399
0.86259399
0.86259399
0.86259399
0.86259399
0.86259399
0.86259399
0.86259399
0.86259399
0.86259399
0.86259399
0.86259399
0.86259399
0.86259399
0.86259399
0.86259399
0.86259399
0.86259399
0.86259399
0.86259399
0.86259399
0.86259399
0.86259399
0.86259399
0.86259399
0.86259399
0.86259399
0.86259399
0.86259399
0.86259399
0.86259399
0.86259399
0.86259399
0.86259399
0.86259399
0.99261644
0.86259399
0.86259399
0.86259399
0.86259399
0.86259399
0.86259399
0.86259399
0.86259399
0.86259399
0.86259399
0.86259399
0.86259399
0.86259399
0.86259399
0.86259399
0.86259399
0.86259399
0.86259399
0.86259399
0.86259399
0.86259399
0.86259399
0.86259399
0.86259399
0.95862052
0.86259399
0.86259399
0.86259399
0.86259399
0.86259399
0.99999893
0.86259399
0.86259399
0.86259399
0.86259399
0.86259399
0.86259399
0.86259399
0.86259399
0.86259399
0.86259399
0.86259399
0.86259399
0.86259399
0.86259399
0.86259399
0.86259399
0.86259399
0.86259399
0.86259399
0.86259399
0.86259399
0.86259399
0.86259399
0.95266070
0.86259399
0.86259399
0.86259399
0.86259399
0.94863578
0.86259399
0.86259399
0.98185693
0.86259399
0.86259399
0.86259399
0.86259399
0.86259399
0.86259399
0.86259399
0.86259399
0.86259399
0.86259399
0.86259399
0.86259399
0.86259399
0.86259399
0.86259399
0.94716875
0.86259399
0.86259399
0.86259399
0.86259399
0.86259399
0.86259399
0.86259399
0.86259399
0.86259399
0.86259399
0.86259399
0.86259399
0.86259399
0.86259399
0.86259399
0.86259399
0.86259399
0.86259399
0.86259399
0.86259399
0.86259399
0.86259399
0.86259399
0.86259399
0.86259399
0.86259399
0.97751229
0.86259399
0.86259399
0.86259399
0.86259399
0.86259399
0.86259399
0.86259399
0.86259399
0.86259399
0.86259399
0.86259399
0.86259399
0.86259399
0.86259399
0.86259399
0.86259399
0.86259399
0.86259399
0.86259399
0.86259399
0.86259399
0.94124707
0.86259399
0.86259399
0.86259399
0.86259399
0.86259399
0.86259399
0.86259399
0.86259399
0.86259399
0.86259399
0.86259399
0.86259399
0.86259399
0.86259399
0.86259399
0.86259399
0.86259399
0.86259399
0.86259399
0.97926126
0.86259399
0.86259399
0.86259399
0.86259399
0.86259399
0.86259399
0.86259399
0.86259399
0.86259399
0.86259399
0.86259399
0.86259399
0.86259399
0.86259399
0.86259399
0.86259399
0.86259399
0.86259399
0.86259399
0.86259399
0.86259399
0.86259399
0.86259399
0.86259399
0.86259399
0.86259399
0.86259399
0.94948560
0.86259399
0.86259399
0.86259399
0.86259399
0.86259399
0.86259399
0.86259399
0.86259399
0.86259399
0.86259399
0.86259399
0.86259399
0.86259399
0.86259399
0.86259399
0.86259399
0.86259399
0.86259399
0.86259399
0.86259399
0.86259399
0.86259399
0.86259399
0.86259399
0.86259399
0.86259399
0.86259399
0.86259399
0.86259399
0.86259399
0.86259399
0.86259399
0.98022692
0.86259399
0.86259399
0.86259399
0.86259399
0.86259399
0.86259399
0.86259399
0.86259399
0.86259399
0.86259399
0.86259399
0.86259399
0.86259399
0.86259399
0.86259399
0.86259399
0.86259399
0.99992467
0.86259399
0.86259399
0.86259399
0.86259399
0.86259399
0.86259399
0.86259399
0.86259399
0.86259399
0.86259399
0.86259399
0.86259399
0.86259399
0.86259399
0.86259399
0.86259399
0.86259399
0.86259399
0.86259399
0.86259399
0.86259399
0.86259399
0.86259399
0.86259399
0.86259399
0.86259399
0.86259399
0.86259399
0.86259399
0.86259399
0.86259399
0.86259399
0.86259399
0.86259399
0.86259399
0.86259399
0.86259399
0.86259399
0.86259399
0.86259399
0.99992631
0.86259399
0.99999999
0.86259399
0.86259399
0.86259399
0.99687652
0.86259399
0.86259399
0.86259399
0.86259399
0.86259399
0.86259399
0.86259399
0.86259399
0.86259399
0.86259399
0.86259399
0.86259399
0.86259399
0.86259399
0.86259399
0.86259399
0.86259399
0.86259399
0.86259399
0.86259399
0.86259399
0.86259399
0.95093184
0.86259399
0.86259399
0.86259399
0.86259399
0.86259399
0.86259399
0.86259399
0.86259399
0.86259399
0.86259399
0.86259399
0.86259399
0.86259399
0.86259399
0.86259399
0.86259399
0.86259399
0.99987259
0.86259399
0.93626894
0.86259399
0.86259399
0.86259399
0.86259399
0.86259399
0.86259399
0.86259399
0.99344786
0.86259399
0.86259399
0.86259399
0.86259399
0.86259399
0.86259399
0.86259399
0.86259399
0.86259399
0.86259399
0.86259399
0.99417860
0.86259399
0.86259399
0.86259399
0.86259399
0.86259399
0.86259399
0.86259399
0.86259399
0.98326535
0.86259399
0.86259399
0.86259399
0.86259399
0.86259399
0.86259399
0.86259399
0.86259399
0.86259399
0.86259399
0.86259399
0.86259399
0.86259399
0.86259399
0.86259399
0.86259399
0.86259399
0.95425108
0.86259399
0.86259399
0.86259399
0.86259399
0.86259399
0.86259399
0.97810357
0.86259399
0.86259399
0.86259399
0.96526629
0.86259399
0.86259399
0.86259399
0.86259399
0.86259399
0.86259399
0.86259399
0.86259399
0.86259399
0.86259399
0.86259399
0.86259399
0.86259399
0.86259399
0.86259399
0.86259399
0.86259399
0.86259399
0.86259399
0.86259399
0.86259399
0.86259399
0.86259399
0.86259399
0.99999999
0.86259399
0.86259399
0.86259399
0.86259399
0.86259399
0.86259399
0.86259399
0.86259399
0.86259399
0.99991694
0.86259399
0.86259399
0.86259399
0.86259399
0.86259399
0.86259399
0.86259399
0.86259399
0.86259399
0.86259399
0.93915222
0.86259399
0.86259399
0.86259399
0.86259399
0.86259399
0.86259399
0.86259399
0.86259399
0.86259399
0.86259399
0.86259399
0.86259399
0.86259399
0.86259399
0.86259399
0.86259399
0.86259399
0.86259399
0.99983137
0.86259399
0.86259399
0.86259399
0.86259399
0.86259399
0.86259399
0.86259399
0.86259399
0.86259399
0.86259399
0.86259399
0.86259399
0.86259399
0.86259399
0.86259399
0.86259399
0.86259399
0.86259399
0.86259399
0.86259399
0.86259399
0.86259399
0.86259399
0.86259399
0.86259399
0.86259399
0.86259399
0.96324835
0.86259399
0.94747542
0.86259399
0.86259399
0.86259399
0.86259399
0.86259399
0.86259399
0.86259399
0.95384059
0.86259399
0.96281734
0.86259399
0.86259399
0.86259399
0.86259399
0.86259399
0.86259399
0.86259399
0.86259399
0.86259399
0.86259399
0.86259399
0.86259399
0.86259399
0.86259399
0.86259399
0.86259399
0.86259399
0.86259399
0.86259399
0.86259399
0.86259399
0.86259399
0.86259399
0.86259399
0.86259399
0.86259399
0.86259399
0.86259399
0.86259399
0.86259399
0.86259399
0.86259399
0.86259399
0.86259399
0.86259399
0.86259399
0.99997415
0.86259399
0.86259399
0.86259399
0.86259399
0.86259399
0.86259399
0.86259399
0.86259399
0.86259399
0.86259399
0.86259399
0.86259399
0.99853466
0.86259399
0.86259399
0.86259399
0.86259399
0.86259399
0.86259399
0.86259399
0.86259399
0.86259399
0.86259399
0.86259399
0.86259399
0.86259399
0.86259399
0.86259399
0.86259399
0.86259399
0.86259399
0.86259399
0.86259399
0.86259399
0.86259399
0.86259399
0.86259399
0.86259399
0.86259399
0.86259399
0.95123140
0.86259399
0.86259399
0.86259399
0.86259399
0.86259399
0.86259399
0.86259399
0.86259399
0.86259399
0.86259399
0.86259399
0.86259399
0.86259399
0.86259399
0.86259399
0.86259399
0.86259399
0.86259399
0.86259399
0.86259399
0.86259399
0.86259399
0.86259399
0.86259399
0.86259399
0.86259399
0.86259399
0.86259399
0.86259399
0.86259399
0.86259399
0.86259399
0.86259399
0.86259399
0.86259399
0.86259399
0.86259399
0.86259399
0.86259399
0.86259399
0.86259399
0.86259399
0.86259399
0.86259399
0.86259399
0.86259399
0.86259399
0.86259399
0.86259399
0.86259399
0.86259399
0.86259399
0.86259399
0.86259399
0.86259399
0.86259399
0.86259399
0.86259399
0.86259399
0.86259399
0.86259399
0.86259399
0.86259399
0.86259399
0.86259399
0.86259399
0.86259399
0.86259399
0.86259399
0.99998920
0.86259399
0.86259399
0.86259399
0.86259399
0.86259399
0.86259399
0.86259399
0.86259399
0.86259399
0.86259399
0.86259399
0.94692303
0.86259399
0.86259399
0.86259399
0.86259399
0.86259399
0.86259399
0.86259399
0.86259399
0.86259399
0.96096229
0.86259399
0.86259399
0.86259399
0.86259399
0.86259399
0.86259399
0.99673644
0.86259399
0.86259399
0.86259399
0.86259399
0.86259399
0.95929511
0.86259399
0.99993030
0.86259399
0.86259399
0.86259399
0.86259399
0.86259399
0.86259399
0.86259399
0.86259399
0.86259399
0.86259399
0.86259399
0.99908997
0.86259399
0.86259399
0.86259399
0.86259399
0.86259399
0.86259399
0.86259399
0.86259399
0.86259399
0.86259399
0.86259399
0.86259399
0.86259399
0.86259399
0.86259399
0.86259399
0.86259399
0.86259399
0.99995819
0.86259399
0.86259399
0.86259399
0.86259399
0.86259399
0.86259399
0.86259399
0.86259399
0.86259399
0.86259399
0.86259399
0.86259399
0.86259399
0.86259399
0.86259399
0.86259399
0.86259399
0.86259399
0.86259399
0.86259399
0.86259399
0.86259399
0.86259399
0.98628207
0.86259399
0.86259399
0.86259399
0.86259399
0.86259399
0.86259399
0.86259399
0.86259399
0.86259399
0.86259399
0.86259399
0.86259399
0.86259399
0.86259399
0.86259399
0.86259399
0.86259399
0.86259399
0.86259399
0.86259399
0.86259399
0.86259399
0.86259399
0.86259399
0.86259399
0.86259399
0.86259399
0.86259399
0.86259399
0.86259399
0.86259399
0.86259399
0.86259399
0.86259399
0.86259399
0.86259399
0.86259399
0.86259399
0.86259399
0.86259399
0.86259399
0.86259399
0.86259399
0.86259399
0.86259399
0.86259399
0.86259399
0.86259399
0.99086171
0.86259399
0.86259399
0.86259399
0.86259399
0.86259399
0.86259399
0.86259399
0.86259399
0.86259399
0.86259399
0.86259399
0.86259399
0.86259399
0.96324835
0.86259399
0.86259399
0.86259399
0.86259399
0.86259399
0.86259399
0.86259399
0.86259399
0.86259399
0.86259399
0.86259399
0.86259399
0.86259399
0.86259399
0.86259399
0.86259399
0.86259399
0.86259399
0.86259399
0.86259399
0.94351125
0.86259399
0.86259399
0.86259399
0.86259399
0.86259399
0.86259399
0.86259399
0.86259399
0.86259399
0.86259399
0.86259399
0.86259399
0.86259399
0.86259399
0.86259399
0.86259399
0.86259399
0.86259399
0.86259399
0.86259399
0.86259399
0.86259399
0.86259399
0.86259399
0.86259399
0.86259399
0.86259399
0.86259399
0.86259399
0.86259399
0.86259399
0.86259399
0.86259399
0.86259399
0.86259399
0.86259399
0.86259399
0.86259399
0.86259399
0.86259399
0.86259399
0.86259399
0.86259399
0.86259399
0.86259399
0.86259399
0.86259399
0.86259399
0.98598932
0.86259399
0.86259399
0.86259399
0.86259399
0.86259399
0.86259399
0.86259399
0.86259399
0.86259399
0.86259399
0.86259399
0.86259399
0.86259399
0.86259399
0.86259399
0.86259399
0.86259399
0.86259399
0.86259399
0.86259399
0.86259399
0.86259399
0.86259399
0.86259399
0.86259399
0.86259399
0.86259399
0.86259399
0.86259399
0.86259399
0.86259399
0.86259399
0.97267910
0.86259399
0.86259399
0.86259399
0.86259399
0.86259399
0.86259399
0.86259399
0.86259399
0.86259399
0.86259399
0.86259399
0.86259399
0.86259399
0.86259399
0.86259399
0.86259399
0.86259399
0.86259399
0.86259399
0.86259399
0.86259399
0.86259399
0.86259399
0.86259399
0.99783306
0.86259399
0.86259399
0.86259399
0.86259399
0.86259399
0.86259399
0.86259399
0.95378185
0.86259399
0.86259399
0.86259399
0.86259399
0.99997227
0.96183990
0.86259399
0.86259399
0.86259399
0.86259399
0.86259399
0.96324835
0.86259399
0.86259399
0.86259399
0.86259399
0.86259399
0.86259399
0.86259399
0.86259399
0.86259399
0.99981235
0.86259399
0.86259399
0.94004309
0.86259399
0.86259399
0.86259399
0.86259399
0.86259399
0.86259399
0.86259399
0.86259399
0.86259399
0.86259399
0.93825834
0.86259399
0.86259399
0.86259399
0.86259399
0.86259399
0.86259399
0.86259399
0.86259399
0.86259399
0.86259399
0.93322895
0.86259399
0.86259399
0.86259399
0.86259399
0.86259399
0.86259399
0.86259399
0.86259399
0.86259399
0.86259399
0.86259399
0.86259399
0.86259399
0.86259399
0.86259399
0.86259399
0.86259399
0.86259399
0.86259399
0.96303311
0.86259399
0.94244493
0.86259399
0.86259399
0.86259399
0.86259399
0.86259399
0.99999821
0.86259399
0.86259399
0.86259399
0.86259399
0.86259399
0.86259399
0.86259399
0.86259399
0.86259399
0.86259399
0.86259399
0.86259399
0.86259399
0.86259399
0.86259399
0.86259399
0.86259399
0.86259399
0.99383008
0.86259399
0.86259399
0.86259399
0.86259399
0.86259399
0.86259399
0.86259399
0.86259399
0.86259399
0.86259399
0.86259399
0.86259399
0.86259399
0.86259399
0.86259399
0.86259399
0.86259399
0.86259399
0.86259399
0.86259399
0.86259399
0.86259399
0.86259399
0.86259399
0.86259399
0.86259399
0.86259399
0.86259399
0.86259399
0.86259399
0.86259399
0.86259399
0.86259399
0.86259399
0.86259399
0.86259399
0.86259399
0.86259399
0.86259399
0.86259399
0.86259399
0.86259399
0.86259399
0.86259399
0.86259399
0.86259399
0.86259399
0.86259399
0.86259399
0.86259399
0.86259399
0.86259399
0.86259399
0.86259399
0.86259399
0.86259399
0.86259399
0.86259399
0.86259399
0.86259399
0.86259399
0.86259399
0.86259399
0.86259399
0.86259399
0.86259399
0.86259399
0.86259399
0.86259399
0.86259399
0.86259399
0.86259399
0.86259399
0.86259399
0.86259399
0.86259399
0.86259399
0.86259399
0.86259399
0.86259399
0.86259399
0.86259399
0.86259399
0.86259399
0.86259399
0.86259399
0.86259399
0.86259399
0.86259399
0.86259399
0.86259399
0.86259399
0.86259399
0.86259399
0.86259399
0.86259399
0.86259399
0.86259399
0.86259399
0.86259399
0.86259399
0.86259399
0.86259399
0.86259399
0.86259399
0.86259399
0.86259399
0.86259399
0.86259399
0.86259399
0.86259399
0.86259399
0.86259399
0.86259399
0.86259399
0.86259399
0.86259399
0.86259399
0.86259399
0.86259399
0.86259399
0.86259399
0.86259399
0.86259399
0.86259399
0.86259399
0.86259399
0.86259399
0.86259399
0.86259399
0.94513159
0.86259399
0.86259399
0.86259399
0.86259399
0.86259399
0.86259399
0.96145695
0.86259399
0.86259399
0.86259399
0.86259399
0.86259399
0.86259399
0.86259399
0.86259399
0.86259399
0.86259399
0.86259399
0.86259399
0.86259399
0.86259399
0.86259399
0.86259399
0.94175220
0.86259399
0.86259399
0.86259399
0.86259399
0.86259399
0.86259399
0.86259399
0.86259399
0.86259399
0.86259399
0.86259399
0.99999376
0.86259399
0.86259399
0.86259399
0.86259399
0.86259399
0.86259399
0.86259399
0.86259399
0.86259399
0.86259399
0.86259399
0.86259399
0.86259399
0.86259399
0.86259399
0.86259399
0.94562750
0.86259399
0.86259399
0.86259399
0.86259399
0.86259399
0.86259399
0.86259399
0.86259399
0.86259399
0.86259399
0.86259399
0.86259399
0.86259399
0.86259399
0.86259399
0.86259399
0.86259399
0.86259399
0.86259399
0.86259399
0.86259399
0.86259399
0.86259399
0.86259399
0.86259399
0.86259399
0.86259399
0.86259399
0.86259399
0.86259399
0.86259399
0.86259399
0.86259399
0.86259399
0.86259399
0.86259399
0.86259399
0.86259399
0.86259399
0.86259399
0.86259399
0.86259399
0.86259399
0.86259399
0.86259399
0.86259399
0.86259399
0.86259399
0.86259399
0.86259399
0.86259399
0.86259399
0.86259399
0.86259399
0.86259399
0.86259399
0.86259399
0.86259399
0.86259399
0.86259399
0.86259399
0.86259399
0.86259399
0.94568940
0.86259399
0.86259399
0.86259399
0.86259399
0.86259399
0.86259399
0.86259399
0.86259399
0.86259399
0.86259399
0.86259399
0.86259399
0.86259399
0.86259399
0.86259399
0.86259399
0.86259399
0.86259399
0.86259399
0.86259399
0.86259399
0.86259399
0.86259399
0.98951433
0.86259399
0.86259399
0.86259399
0.86259399
0.86259399
0.86259399
0.96074162
0.86259399
0.86259399
0.86259399
0.86259399
0.86259399
0.86259399
0.86259399
0.86259399
0.86259399
0.86259399
0.86259399
0.86259399
0.86259399
0.86259399
0.86259399
0.86259399
0.86259399
0.86259399
0.86259399
0.86259399
0.99996323
0.86259399
0.86259399
0.86259399
0.86259399
0.86259399
0.86259399
0.86259399
0.86259399
0.86259399
0.86259399
0.86259399
0.86259399
0.86259399
0.86259399
0.86259399
0.86259399
0.86259399
0.86259399
0.86259399
0.86259399
0.86259399
0.86259399
0.86259399
0.86259399
0.86259399
0.86259399
0.86259399
0.86259399
0.86259399
0.86259399
0.86259399
0.86259399
0.86259399
0.86259399
0.86259399
0.86259399
0.86259399
0.86259399
0.86259399
0.86259399
0.86259399
0.86259399
0.86259399
0.86259399
0.86259399
0.86259399
0.86259399
0.86259399
0.86259399
0.86259399
0.95535863
0.86259399
0.86259399
0.86259399
0.86259399
0.86259399
0.86259399
0.86259399
0.86259399
0.86259399
0.86259399
0.86259399
0.86259399
0.86259399
0.86259399
0.86259399
0.86259399
0.86259399
0.86259399
0.99179209
0.86259399
0.86259399
0.86259399
0.86259399
0.94954613
0.86259399
0.86259399
0.86259399
0.86259399
0.86259399
0.86259399
0.86259399
0.86259399
0.86259399
0.86259399
0.86259399
0.86259399
0.86259399
0.86259399
0.86259399
0.86259399
0.86259399
0.86259399
0.86259399
0.86259399
0.86259399
0.86259399
0.86259399
0.86259399
0.86259399
0.86259399
0.86259399
0.86259399
0.86259399
0.86259399
0.86259399
0.86259399
0.86259399
0.86259399
0.86259399
0.86259399
0.86259399
0.86259399
0.86259399
0.86259399
0.86259399
0.86259399
0.86259399
0.86259399
0.86259399
0.86259399
0.86259399
0.86259399
0.86259399
0.86259399
0.86259399
0.86259399
0.86259399
0.99735134
0.94118385
0.86259399
0.86259399
0.86259399
0.86259399
0.86259399
0.86259399
0.86259399
0.86259399
0.86259399
0.86259399
0.86259399
0.86259399
0.99973933
0.99685136
0.86259399
0.86259399
0.86259399
0.95506812
0.86259399
0.86259399
0.86259399
0.86259399
0.86259399
0.86259399
0.86259399
0.86259399
0.86259399
0.86259399
0.86259399
0.86259399
0.86259399
0.86259399
0.86259399
0.86259399
0.86259399
0.86259399
0.99917650
0.86259399
0.86259399
0.86259399
0.86259399
0.86259399
0.86259399
0.86259399
0.86259399
0.86259399
0.86259399
0.86259399
0.86259399
0.86259399
0.86259399
0.86259399
0.86259399
0.86259399
0.86259399
0.86259399
0.86259399
0.86259399
0.86259399
0.86259399
0.86259399
0.86259399
0.86259399
0.86259399
0.86259399
0.86259399
0.86259399
0.86259399
0.86259399
0.86259399
0.86259399
0.86259399
0.86259399
0.86259399
0.86259399
0.86259399
0.86259399
0.86259399
0.86259399
0.86259399
0.86259399
0.86259399
0.86259399
0.86259399
0.97595421
0.86259399
0.86259399
0.86259399
0.86259399
0.86259399
0.86259399
0.86259399
0.86259399
0.86259399
0.86259399
0.86259399
0.86259399
0.86259399
0.86259399
0.93934338
0.86259399
0.86259399
0.86259399
0.86259399
0.86259399
0.86259399
0.86259399
0.86259399
0.86259399
0.86259399
0.86259399
0.86259399
0.86259399
0.86259399
0.86259399
0.86259399
0.86259399
0.86259399
0.86259399
0.86259399
0.86259399
0.99895692
0.86259399
0.86259399
0.86259399
0.86259399
0.86259399
0.86259399
0.86259399
0.86259399
0.97515510
0.86259399
0.86259399
0.95366427
0.86259399
0.86259399
0.86259399
0.86259399
0.86259399
0.86259399
0.86259399
0.86259399
0.86259399
0.86259399
0.86259399
0.86259399
0.86259399
0.86259399
0.86259399
0.86259399
0.86259399
0.86259399
0.86259399
0.86259399
0.86259399
0.99871857
0.86259399
0.86259399
0.86259399
0.86259399
0.86259399
0.86259399
0.86259399
0.86259399
0.86259399
0.86259399
0.86259399
0.86259399
0.86259399
0.86259399
0.86259399
0.86259399
0.86259399
0.86259399
0.86259399
0.97300663
0.86259399
0.86259399
0.86259399
0.86259399
0.86259399
0.86259399
0.86259399
0.86259399
0.86259399
0.86259399
0.86259399
0.86259399
0.86259399
0.86259399
0.86259399
0.86259399
0.86259399
0.86259399
0.86259399
0.86259399
0.86259399
0.86259399
0.86259399
0.86259399
0.86259399
0.86259399
0.86259399
0.86259399
0.86259399
0.86259399
0.86259399
0.99999825
0.86259399
0.86259399
0.86259399
0.86259399
0.86259399
0.86259399
0.86259399
0.86259399
0.86259399
0.93381311
0.86259399
0.86259399
0.86259399
0.86259399
0.86259399
0.86259399
0.86259399
0.86259399
0.86259399
0.86259399
0.86259399
0.86259399
0.86259399
0.86259399
0.86259399
0.86259399
0.99999994
0.86259399
0.86259399
0.86259399
0.86259399
0.95242349
0.86259399
0.86259399
0.86259399
0.86259399
0.86259399
0.86259399
0.93626894
0.86259399
0.86259399
0.86259399
0.86259399
0.86259399
0.86259399
0.86259399
0.86259399
0.86259399
0.86259399
0.86259399
0.86259399
0.99252756
0.86259399
0.86259399
0.86259399
0.86259399
0.86259399
0.86259399
0.86259399
0.86259399
0.86259399
0.86259399
0.86259399
0.86259399
0.86259399
0.86259399
0.99972426
0.86259399
0.86259399
0.86259399
0.99227965
0.86259399
0.97144575
0.86259399
0.86259399
0.86259399
0.93342378
0.86259399
0.86259399
0.86259399
0.86259399
0.86259399
0.86259399
0.86259399
0.86259399
0.86259399
0.86259399
0.86259399
0.86259399
0.86259399
0.86259399
0.86259399
0.86259399
0.86259399
0.86259399
0.99998099
0.86259399
0.86259399
0.86259399
0.86259399
0.86259399
0.86259399
0.86259399
0.86259399
0.86259399
0.86259399
0.86259399
0.86259399
0.86259399
0.99893937
0.86259399
0.86259399
0.86259399
0.86259399
0.86259399
0.86259399
0.86259399
0.86259399
0.86259399
0.86259399
0.86259399
0.86259399
0.86259399
0.86259399
0.99998901
0.86259399
0.86259399
0.86259399
0.86259399
0.86259399
0.86259399
0.86259399
0.86259399
0.86259399
0.86259399
0.86259399
0.86259399
0.86259399
0.86259399
0.86259399
0.86259399
0.86259399
0.86259399
0.86259399
0.86259399
0.86259399
0.86259399
0.86259399
0.86259399
0.86259399
0.86259399
0.86259399
0.86259399
0.96939849
0.86259399
0.86259399
0.86259399
0.86259399
0.86259399
0.86259399
0.86259399
0.86259399
0.86259399
0.86259399
0.86259399
0.86259399
0.86259399
0.86259399
0.86259399
0.86259399
0.86259399
0.86259399
0.86259399
0.86259399
0.86259399
0.86259399
0.86259399
0.86259399
0.86259399
0.98422743
0.86259399
0.86259399
0.86259399
0.93723323
0.86259399
0.86259399
0.86259399
0.86259399
0.86259399
0.86259399
0.86259399
0.86259399
0.86259399
0.86259399
0.86259399
0.86259399
0.86259399
0.86259399
0.86259399
0.86259399
0.86259399
0.86259399
0.86259399
0.86259399
0.86259399
0.86259399
0.86259399
0.86259399
0.86259399
0.86259399
0.86259399
0.86259399
0.86259399
0.86259399
0.86259399
0.86259399
0.86259399
0.86259399
0.86259399
0.86259399
0.86259399
0.86259399
0.86259399
0.86259399
0.86259399
0.86259399
0.86259399
0.86259399
0.86259399
0.86259399
0.86259399
0.86259399
0.86259399
0.86259399
0.86259399
0.99997920
0.86259399
0.86259399
0.86259399
0.86259399
0.86259399
0.86259399
0.86259399
0.86259399
0.86259399
0.86259399
0.86259399
0.86259399
0.86259399
0.86259399
0.86259399
0.86259399
0.86259399
0.86259399
0.86259399
0.86259399
0.86259399
0.86259399
0.86259399
0.86259399
0.86259399
0.86259399
0.86259399
0.86259399
0.86259399
0.86259399
0.86259399
0.86259399
0.86259399
0.86259399
0.99996323
0.86259399
0.86259399
0.86259399
0.86259399
0.99195671
0.86259399
0.86259399
0.86259399
0.86259399
0.86259399
0.86259399
0.99999388
0.86259399
0.86259399
0.86259399
0.86259399
0.86259399
0.86259399
0.86259399
0.86259399
0.86259399
0.86259399
0.86259399
0.86259399
0.86259399
0.86259399
0.86259399
0.86259399
0.86259399
0.86259399
0.86259399
0.86259399
0.86259399
0.86259399
0.86259399
0.86259399
0.86259399
0.86259399
0.86259399
0.86259399
0.86259399
0.86259399
0.86259399
0.86259399
0.86259399
0.86259399
0.93845013
0.86259399
0.98155236
0.86259399
0.86259399
0.86259399
0.86259399
0.86259399
0.86259399
0.86259399
0.86259399
0.86259399
0.86259399
0.86259399
0.86259399
0.86259399
0.86259399
0.86259399
0.86259399
0.86259399
0.99473052
0.86259399
0.86259399
0.86259399
0.86259399
0.86259399
0.86259399
0.94419837
0.86259399
0.86259399
0.86259399
0.86259399
0.86259399
0.86259399
0.86259399
0.86259399
0.86259399
0.86259399
0.86259399
0.86259399
0.86259399
0.86259399
0.86259399
0.86259399
0.86259399
0.86259399
0.86259399
0.86259399
0.86259399
0.86259399
0.86259399
0.86259399
0.86259399
0.86259399
0.86259399
0.86259399
0.86259399
0.86259399
0.86259399
0.86259399
0.86259399
0.86259399
0.86259399
0.86259399
0.86259399
0.86259399
0.86259399
0.86259399
0.86259399
0.86259399
0.86259399
0.86259399
0.86259399
0.86259399
0.86259399
0.86259399
0.86259399
0.86259399
0.86259399
0.86259399
0.86259399
0.86259399
0.86259399
0.86259399
0.86259399
0.86259399
0.86259399
0.97986769
0.86259399
0.86259399
0.86259399
0.99999936
0.86259399
0.86259399
0.86259399
0.86259399
0.94833119
0.86259399
0.86259399
0.86259399
0.86259399
0.99977337
0.95354660
0.86259399
0.86259399
0.86259399
0.86259399
0.86259399
0.86259399
0.86259399
0.86259399
0.86259399
0.86259399
0.86259399
0.86259399
0.86259399
0.86259399
0.86259399
0.86259399
0.86259399
0.86259399
0.86259399
0.86259399
0.86259399
0.86259399
0.86259399
0.86259399
0.86259399
0.86259399
0.86259399
0.86259399
0.86259399
0.86259399
0.86259399
0.86259399
0.86259399
0.86259399
0.86259399
0.86259399
0.86259399
0.86259399
0.86259399
0.86259399
0.86259399
0.86259399
0.94029705
0.86259399
0.86259399
0.86259399
0.86259399
0.86259399
0.86259399
0.86259399
0.86259399
0.86259399
0.86259399
0.86259399
0.86259399
0.86259399
0.93876949
0.86259399
0.86259399
0.86259399
0.86259399
0.86259399
0.86259399
0.86259399
0.86259399
0.86259399
0.86259399
0.86259399
0.86259399
0.86259399
0.96733641
0.86259399
0.86259399
0.86259399
0.86259399
0.86259399
0.86259399
0.86259399
0.86259399
0.86259399
0.86259399
0.86259399
0.86259399
0.86259399
0.86259399
0.86259399
0.86259399
0.86259399
0.86259399
0.86259399
0.93742572
0.86259399
0.86259399
0.86259399
0.86259399
0.86259399
0.86259399
0.86259399
0.86259399
0.86259399
0.86259399
0.86259399
0.86259399
0.86259399
0.86259399
0.86259399
0.86259399
0.86259399
0.86259399
0.86259399
0.86259399
0.86259399
0.99999825
0.86259399
0.86259399
0.86259399
0.86259399
0.86259399
0.86259399
0.86259399
0.86259399
0.86259399
0.86259399
0.86259399
0.98109029
0.86259399
0.86259399
0.86259399
0.86259399
0.86259399
0.99993633
0.86259399
0.86259399
0.86259399
0.86259399
0.86259399
0.86259399
0.86259399
0.86259399
0.86259399
0.86259399
0.86259399
0.86259399
0.86259399
0.86259399
0.86259399
0.86259399
0.86259399
0.86259399
0.86259399
0.86259399
0.86259399
0.86259399
0.86259399
0.86259399
0.86259399
0.86259399
0.86259399
0.86259399
0.86259399
0.86259399
0.86259399
0.86259399
0.86259399
0.86259399
0.86259399
0.86259399
0.86259399
0.86259399
0.86259399
0.86259399
0.86259399
0.86259399
0.86259399
0.86259399
0.86259399
0.86259399
0.96743842
0.86259399
0.86259399
0.86259399
0.86259399
0.86259399
0.86259399
0.86259399
0.99471270
0.86259399
0.86259399
0.86259399
0.86259399
0.86259399
0.86259399
0.86259399
0.86259399
0.86259399
0.86259399
0.86259399
0.86259399
0.86259399
0.86259399
0.86259399
0.86259399
0.86259399
0.86259399
0.86259399
0.99032069
0.86259399
0.86259399
0.86259399
0.86259399
0.86259399
0.86259399
0.86259399
0.86259399
0.86259399
0.98212113
0.86259399
0.86259399
0.86259399
0.86259399
0.86259399
0.86259399
0.86259399
0.86259399
0.94581313
0.86259399
0.86259399
0.86259399
0.86259399
0.86259399
0.86259399
0.86259399
0.86259399
0.86259399
0.86259399
0.86259399
0.86259399
0.86259399
0.86259399
0.86259399
0.86259399
0.86259399
0.98760058
0.86259399
0.86259399
0.86259399
0.86259399
0.86259399
0.86259399
0.86259399
0.97643600
0.86259399
0.86259399
0.86259399
0.86259399
0.86259399
0.86259399
0.86259399
0.86259399
0.86259399
0.86259399
0.86259399
0.86259399
0.97230242
0.86259399
0.86259399
0.86259399
0.86259399
0.86259399
0.86259399
0.86259399
0.94581313
0.86259399
0.86259399
0.86259399
0.86259399
0.86259399
0.86259399
0.86259399
0.86259399
0.99862880
0.86259399
0.86259399
0.96819890
0.86259399
0.86259399
0.86259399
0.86259399
0.86259399
0.86259399
0.86259399
0.86259399
0.86259399
0.86259399
0.94827021
0.86259399
0.86259399
0.86259399
0.86259399
0.86259399
0.86259399
0.86259399
0.86259399
0.86259399
0.86259399
0.86259399
0.86259399
0.86259399
0.86259399
0.86259399
0.86259399
0.86259399
0.86259399
0.86259399
0.86259399
0.86259399
0.86259399
0.86259399
0.86259399
0.86259399
0.86259399
0.86259399
0.86259399
0.86259399
0.86259399
0.86259399
0.86259399
0.86259399
0.86259399
0.86259399
0.86259399
0.86259399
0.86259399
0.99999519
0.86259399
0.86259399
0.86259399
0.86259399
0.86259399
0.86259399
0.86259399
0.99702461
0.86259399
0.86259399
0.86259399
0.86259399
0.86259399
0.86259399
0.86259399
1.00000000
0.86259399
0.86259399
0.86259399
0.86259399
0.86259399
1.00000000
0.99999999
0.86259399
0.86259399
0.86259399
0.93639769
0.86259399
0.86259399
0.86259399
0.86259399
0.86259399
0.86259399
0.86259399
0.86259399
0.86259399
0.86259399
0.86259399
0.86259399
0.86259399
0.86259399
0.86259399
0.86259399
0.86259399
0.86259399
0.86259399
0.86259399
0.86259399
0.86259399
0.86259399
0.86259399
0.86259399
0.86259399
0.86259399
0.86259399
0.86259399
0.86259399
0.86259399
0.86259399
0.86259399
0.86259399
0.86259399
0.86259399
0.86259399
0.86259399
0.86259399
0.86259399
0.86259399
0.86259399
0.86259399
0.86259399
0.99432930
0.86259399
0.86259399
0.86259399
0.86259399
0.86259399
0.86259399
0.86259399
0.86259399
0.86259399
0.86259399
0.86259399
0.86259399
0.86259399
0.86259399
0.97028409
0.98704511
0.86259399
0.86259399
0.86259399
0.86259399
0.86259399
0.86259399
0.86259399
0.86259399
0.86259399
0.86259399
0.86259399
0.86259399
0.86259399
0.86259399
0.86259399
0.86259399
0.86259399
0.86259399
0.86259399
0.86259399
0.86259399
0.86259399
0.86259399
0.86259399
0.86259399
0.86259399
0.86259399
0.86259399
0.86259399
0.86259399
0.86259399
0.86259399
0.86259399
0.86259399
0.86259399
0.94450993
0.95668602
0.86259399
0.86259399
0.86259399
0.93659071
0.86259399
0.86259399
0.86259399
0.86259399
0.86259399
0.86259399
0.86259399
0.86259399
0.86259399
0.86259399
0.86259399
0.86259399
0.86259399
0.86259399
0.86259399
0.86259399
0.86259399
0.86259399
0.86259399
0.86259399
0.86259399
0.86259399
0.86259399
0.86259399
0.86259399
0.86259399
0.86259399
0.86259399
0.86259399
0.86259399
0.86259399
0.86259399
0.86259399
0.86259399
0.86259399
0.86259399
0.86259399
0.86259399
0.86259399
0.86259399
0.86259399
0.86259399
0.86259399
0.86259399
0.86259399
0.86259399
0.86259399
0.86259399
0.86259399
0.86259399
0.86259399
0.86259399
0.86259399
0.86259399
0.86259399
0.86259399
0.86259399
0.86259399
0.86259399
0.96335577
0.86259399
0.86259399
0.86259399
0.86259399
0.86259399
0.86259399
0.86259399
0.86259399
0.86259399
0.86259399
0.86259399
0.86259399
0.86259399
0.86259399
0.86259399
0.86259399
0.86259399
0.95170943
0.86259399
0.86259399
0.86259399
0.86259399
0.86259399
0.86259399
0.86259399
0.86259399
0.86259399
0.86259399
0.86259399
0.86259399
0.86259399
0.86259399
0.86259399
0.86259399
0.86259399
0.86259399
0.86259399
0.86259399
0.86259399
0.86259399
0.86259399
0.86259399
0.86259399
0.86259399
0.86259399
0.86259399
0.86259399
0.86259399
0.86259399
0.86259399
0.86259399
0.86259399
0.86259399
0.86259399
0.86259399
0.86259399
0.86259399
0.86259399
0.86259399
0.86259399
0.86259399
0.86259399
0.95331093
0.86259399
0.86259399
0.86259399
0.86259399
0.86259399
0.86259399
0.86259399
0.86259399
0.86259399
0.86259399
0.86259399
0.86259399
0.86259399
0.86259399
0.86259399
0.86259399
0.86259399
0.98018717
0.86259399
0.86259399
0.86259399
0.86259399
0.86259399
0.86259399
0.86259399
0.86259399
0.86259399
0.86259399
0.86259399
0.86259399
0.86259399
0.86259399
0.86259399
0.86259399
0.86259399
0.86259399
0.86259399
0.93555990
0.86259399
0.86259399
0.86259399
0.86259399
0.86259399
0.86259399
0.86259399
0.86259399
0.86259399
0.86259399
0.86259399
0.86259399
0.86259399
0.86259399
0.86259399
0.86259399
0.86259399
0.86259399
0.86259399
0.86259399
0.86259399
0.86259399
0.94972759
0.98598932
0.86259399
0.86259399
0.86259399
0.86259399
0.86259399
0.86259399
0.86259399
0.86259399
0.86259399
0.86259399
0.86259399
0.86259399
0.86259399
0.86259399
0.86259399
0.86259399
0.86259399
0.86259399
0.86259399
0.86259399
0.86259399
0.86259399
0.86259399
0.86259399
0.86259399
0.86259399
0.86259399
0.86259399
0.86259399
0.86259399
0.86259399
0.86259399
0.86259399
0.86259399
0.86259399
0.86259399
0.86259399
0.86259399
0.86259399
0.86259399
0.86259399
0.86259399
0.86259399
0.86259399
0.86259399
0.86259399
0.97502063
0.86259399
0.86259399
0.86259399
0.99365088
0.86259399
0.86259399
0.86259399
0.86259399
0.86259399
0.86259399
0.86259399
0.86259399
0.86259399
0.86259399
0.99311444
0.86259399
0.86259399
0.96954694
0.98710754
0.86259399
0.86259399
0.86259399
0.86259399
0.97158940
0.86259399
0.86259399
0.86259399
0.86259399
0.86259399
0.86259399
0.86259399
0.86259399
0.86259399
0.86259399
0.86259399
0.86259399
0.86259399
0.86259399
0.86259399
0.86259399
0.86259399
0.86259399
0.86259399
0.86259399
0.86259399
0.86259399
0.86259399
0.86259399
0.86259399
0.86259399
0.86259399
0.86259399
0.86259399
0.86259399
0.86259399
0.86259399
0.86259399
0.86259399
0.86259399
0.86259399
0.86259399
0.86259399
0.86259399
0.86259399
0.86259399
0.86259399
0.98912448
0.86259399
0.86259399
0.86259399
0.86259399
1.00000000
0.86259399
0.86259399
0.86259399
0.86259399
0.98369691
0.86259399
0.86259399
0.86259399
0.98978751
0.86259399
0.86259399
0.93800241
0.86259399
0.86259399
0.86259399
0.86259399
0.86259399
0.86259399
0.86259399
0.86259399
0.86259399
0.86259399
0.86259399
0.86259399
0.86259399
0.86259399
0.86259399
0.86259399
0.86259399
0.86259399
0.97466024
0.86259399
0.86259399
0.86259399
0.86259399
0.86259399
0.86259399
0.86259399
0.86259399
0.86259399
0.86259399
0.86259399
0.86259399
0.86259399
0.86259399
0.86259399
0.86259399
0.86259399
0.86259399
0.86259399
0.86259399
0.86259399
0.86259399
0.86259399
0.86259399
0.86259399
0.86259399
0.86259399
0.86259399
0.86259399
0.86259399
0.86259399
0.86259399
0.86259399
0.86259399
0.86259399
0.86259399
0.86259399
0.86259399
0.86259399
0.86259399
0.86259399
0.86259399
0.86259399
0.86259399
0.86259399
0.86259399
0.86259399
0.86259399
0.86259399
0.86259399
0.86259399
0.86259399
0.86259399
0.86259399
0.86259399
0.86259399
0.86259399
0.86259399
0.86259399
0.86259399
0.86259399
0.86259399
0.86259399
0.86259399
0.86259399
0.86259399
0.86259399
0.86259399
0.86259399
0.86259399
0.86259399
0.86259399
0.86259399
0.86259399
0.86259399
0.86259399
0.86259399
0.86259399
0.86259399
0.86259399
0.86259399
0.86259399
0.86259399
0.86259399
0.86259399
0.86259399
0.86259399
0.86259399
0.86259399
0.86259399
0.86259399
0.86259399
0.86259399
0.86259399
0.86259399
0.86259399
0.86259399
0.86259399
0.86259399
0.86259399
0.99987864
0.86259399
0.86259399
0.86259399
0.86259399
0.86259399
0.86259399
0.86259399
0.86259399
0.86259399
0.86259399
0.86259399
0.86259399
0.99904161
0.86259399
0.86259399
0.86259399
0.86259399
0.86259399
0.86259399
0.86259399
0.86259399
0.86259399
0.86259399
0.86259399
0.86259399
0.86259399
0.86259399
0.86259399
0.86259399
0.86259399
0.86259399
0.86259399
0.86259399
0.86259399
0.86259399
0.86259399
0.86259399
0.86259399
0.86259399
0.86259399
0.86259399
0.86259399
0.86259399
0.86259399
0.86259399
0.86259399
0.86259399
0.86259399
0.86259399
0.86259399
0.86259399
0.86259399
0.86259399
0.86259399
0.86259399
0.86259399
0.86259399
0.86259399
0.86259399
0.86259399
0.86259399
0.86259399
0.86259399
0.99999977
0.86259399
0.86259399
0.86259399
0.86259399
0.86259399
0.86259399
0.99967762
0.86259399
0.86259399
0.86259399
0.86259399
0.86259399
0.86259399
0.86259399
0.86259399
0.86259399
0.86259399
0.86259399
0.86259399
0.86259399
0.86259399
0.86259399
0.86259399
0.86259399
0.86259399
0.86259399
0.86259399
0.86259399
0.86259399
0.86259399
0.86259399
0.86259399
0.86259399
0.86259399
0.86259399
0.86259399
0.86259399
0.86259399
0.86259399
0.86259399
0.86259399
0.86259399
0.86259399
0.86259399
0.86259399
0.86259399
0.86259399
0.86259399
0.86259399
0.86259399
0.86259399
0.86259399
0.86259399
0.86259399
0.86259399
0.86259399
0.86259399
0.86259399
0.86259399
0.86259399
0.86259399
0.86259399
0.86259399
0.86259399
0.86259399
0.86259399
0.97818737
0.95015015
0.86259399
0.86259399
0.86259399
0.86259399
0.86259399
0.86259399
0.86259399
0.86259399
0.86259399
0.86259399
0.86259399
0.86259399
0.86259399
0.86259399
0.86259399
0.86259399
0.86259399
0.86259399
0.86259399
0.86259399
0.86259399
0.86259399
0.86259399
0.86259399
0.86259399
0.86259399
0.86259399
0.86259399
0.86259399
0.86259399
0.86259399
0.86259399
0.95907073
0.86259399
0.86259399
0.86259399
0.86259399
0.86259399
0.86259399
0.96759117
0.86259399
0.86259399
0.86259399
0.86259399
0.86259399
0.86259399
0.95194785
0.86259399
0.86259399
0.86259399
0.86259399
0.86259399
0.86259399
0.86259399
0.86259399
0.86259399
0.86259399
0.86259399
0.86259399
0.86259399
0.99896851
0.86259399
0.86259399
0.86259399
0.86259399
0.86259399
0.86259399
0.86259399
0.86259399
0.86259399
0.86259399
0.86259399
0.86259399
0.86259399
0.86259399
0.86259399
0.86259399
0.86259399
0.86259399
0.86259399
0.86259399
0.86259399
0.86259399
0.95389931
0.86259399
0.86259399
0.86259399
0.93471995
0.86259399
0.86259399
0.86259399
0.86259399
0.86259399
0.86259399
0.86259399
0.86259399
0.86259399
0.86259399
0.86259399
0.86259399
0.98723186
0.86259399
0.86259399
0.86259399
0.86259399
0.86259399
0.86259399
0.86259399
0.86259399
0.86259399
0.86259399
0.93568893
0.86259399
0.86259399
0.86259399
0.86259399
0.86259399
0.86259399
0.95081184
0.86259399
0.86259399
0.86259399
0.86259399
0.86259399
0.86259399
0.86259399
0.86259399
0.86259399
0.86259399
0.86259399
0.86259399
0.86259399
0.86259399
0.86259399
0.86259399
0.86259399
0.86259399
0.99999806
0.86259399
0.86259399
0.86259399
0.86259399
0.86259399
0.86259399
0.86259399
0.86259399
0.86259399
0.86259399
0.86259399
0.86259399
0.86259399
0.86259399
0.86259399
0.86259399
0.86259399
0.86259399
0.86259399
0.99954207
0.86259399
0.86259399
0.86259399
0.86259399
0.86259399
0.86259399
0.86259399
0.86259399
0.86259399
0.86259399
0.86259399
0.86259399
0.86259399
0.93322895
0.86259399
0.86259399
0.86259399
0.86259399
0.86259399
0.86259399
0.86259399
0.86259399
0.86259399
0.86259399
0.86259399
0.86259399
0.86259399
0.86259399
0.86259399
0.86259399
0.86259399
0.86259399
0.86259399
0.86259399
0.86259399
0.86259399
0.86259399
0.86259399
0.86259399
0.86259399
0.86259399
0.86259399
0.99695118
0.86259399
0.86259399
0.86259399
0.86259399
0.95765749
0.86259399
0.86259399
0.86259399
0.86259399
0.86259399
0.86259399
0.86259399
0.86259399
0.86259399
0.86259399
0.86259399
0.86259399
0.86259399
0.99571323
0.86259399
0.86259399
0.99274849
0.86259399
0.86259399
0.99795730
0.86259399
0.86259399
0.86259399
0.86259399
0.86259399
0.86259399
0.86259399
0.86259399
0.86259399
0.86259399
0.86259399
0.86259399
0.86259399
0.86259399
0.86259399
0.86259399
0.86259399
0.86259399
0.86259399
0.86259399
0.86259399
0.86259399
0.86259399
0.86259399
0.86259399
0.86259399
0.86259399
0.86259399
0.86259399
0.86259399
0.86259399
0.86259399
0.86259399
0.86259399
0.86259399
0.86259399
0.86259399
0.86259399
0.86259399
0.86259399
0.86259399
0.86259399
0.86259399
0.86259399
0.86259399
0.86259399
0.86259399
0.86259399
0.86259399
0.86259399
0.86259399
0.86259399
0.86259399
0.86259399
0.86259399
0.86259399
0.86259399
0.86259399
0.86259399
0.86259399
0.86259399
0.86259399
0.86259399
0.86259399
0.86259399
0.86259399
0.86259399
0.86259399
0.86259399
0.86259399
0.86259399
0.86259399
0.99415958
0.93793839
0.86259399
0.86259399
0.86259399
0.86259399
0.86259399
0.86259399
0.86259399
0.86259399
0.86259399
0.86259399
0.86259399
0.86259399
0.86259399
0.86259399
0.86259399
0.86259399
0.86259399
0.86259399
0.86259399
0.86259399
0.99984750
0.86259399
0.86259399
0.86259399
0.86259399
0.86259399
0.86259399
0.86259399
0.86259399
0.86259399
0.86259399
0.86259399
0.99572874
0.86259399
0.86259399
0.86259399
0.86259399
0.86259399
0.86259399
0.86259399
0.86259399
0.86259399
0.86259399
0.86259399
0.86259399
0.86259399
0.86259399
0.86259399
0.86259399
0.86259399
0.86259399
0.86259399
0.86259399
0.86259399
0.86259399
0.86259399
0.86259399
0.86259399
0.86259399
0.86259399
0.86259399
0.86259399
0.86259399
0.86259399
0.86259399
0.86259399
0.86259399
0.86259399
0.86259399
0.86259399
0.86259399
0.86259399
0.86259399
0.86259399
0.86259399
0.86259399
0.86259399
0.86259399
0.86259399
0.86259399
0.86259399
0.86259399
0.86259399
0.86259399
0.86259399
0.86259399
0.86259399
0.86259399
0.86259399
0.86259399
0.86259399
0.86259399
0.86259399
0.86259399
0.86259399
0.86259399
0.86259399
0.86259399
0.86259399
0.86259399
0.86259399
0.86259399
0.86259399
0.86259399
0.86259399
0.86259399
0.95878957
0.86259399
0.86259399
0.86259399
0.86259399
0.86259399
0.86259399
0.86259399
0.86259399
0.86259399
0.86259399
0.86259399
0.86259399
0.86259399
0.86259399
0.86259399
0.86259399
0.86259399
0.86259399
0.86259399
0.93549536
0.99999619
0.86259399
0.86259399
0.86259399
0.99929710
0.86259399
0.86259399
0.86259399
0.86259399
0.86259399
0.86259399
0.86259399
0.86259399
0.86259399
0.86259399
0.86259399
0.86259399
0.86259399
0.86259399
0.86259399
0.86259399
0.86259399
0.86259399
0.86259399
0.93921595
0.86259399
0.86259399
0.86259399
0.86259399
0.86259399
0.86259399
0.86259399
0.86259399
0.86259399
0.86259399
0.86259399
0.86259399
0.86259399
0.86259399
0.86259399
0.86259399
0.86259399
0.86259399
0.86259399
0.86259399
0.86259399
0.86259399
0.86259399
0.86259399
0.86259399
0.86259399
0.86259399
0.86259399
0.86259399
0.86259399
0.86259399
0.86259399
0.86259399
0.86259399
0.86259399
0.86259399
0.99991783
0.86259399
0.86259399
0.86259399
0.86259399
0.86259399
0.86259399
0.86259399
0.86259399
0.86259399
0.86259399
0.86259399
0.86259399
0.86259399
0.86259399
0.86259399
0.86259399
0.86259399
0.86259399
0.86259399
0.86259399
0.86259399
0.86259399
0.99943102
0.86259399
0.86259399
0.86259399
0.86259399
0.86259399
0.86259399
0.86259399
0.86259399
0.86259399
0.86259399
0.86259399
0.86259399
0.86259399
0.86259399
0.86259399
0.86259399
0.86259399
0.86259399
0.86259399
0.86259399
0.86259399
0.86259399
0.86259399
0.86259399
0.86259399
0.86259399
0.86259399
0.86259399
0.86259399
0.86259399
0.86259399
0.86259399
0.86259399
0.86259399
0.86259399
0.86259399
0.86259399
0.86259399
0.86259399
0.86259399
0.86259399
0.86259399
0.86259399
0.86259399
0.86259399
0.86259399
0.86259399
0.86259399
0.86259399
0.86259399
0.86259399
0.86259399
0.86259399
0.86259399
0.86259399
0.86259399
0.86259399
0.86259399
0.86259399
0.86259399
0.86259399
0.86259399
0.86259399
0.86259399
0.86259399
0.86259399
0.86259399
0.86259399
0.86259399
0.86259399
0.86259399
0.86259399
0.99999938
0.86259399
0.86259399
0.86259399
0.86259399
0.86259399
0.86259399
0.86259399
0.86259399
0.86259399
0.86259399
0.86259399
0.86259399
0.86259399
0.86259399
0.86259399
0.86259399
0.86259399
0.86259399
0.86259399
0.86259399
0.86259399
0.86259399
0.86259399
0.86259399
0.86259399
0.86259399
0.86259399
0.86259399
0.86259399
0.86259399
0.86259399
0.86259399
0.86259399
0.86259399
0.86259399
0.86259399
0.86259399
0.86259399
0.86259399
0.86259399
0.95087185
0.86259399
0.86259399
0.96845056
0.86259399
0.86259399
0.86259399
0.86259399
0.86259399
0.86259399
0.86259399
0.86259399
0.86259399
0.86259399
0.86259399
0.86259399
0.86259399
0.86259399
0.86259399
0.86259399
0.86259399
0.86259399
0.86259399
0.86259399
0.86259399
0.86259399
0.86259399
0.86259399
0.86259399
0.86259399
0.86259399
0.86259399
0.86259399
0.86259399
0.86259399
0.86259399
0.86259399
0.86259399
0.86259399
0.86259399
0.86259399
0.86259399
0.86259399
0.86259399
0.86259399
0.86259399
0.86259399
0.86259399
0.86259399
0.86259399
0.96824930
0.86259399
0.86259399
0.86259399
0.86259399
0.86259399
0.86259399
0.99844379
0.86259399
0.86259399
0.86259399
0.86259399
0.86259399
0.86259399
0.86259399
0.86259399
0.86259399
0.86259399
0.86259399
0.86259399
0.86259399
0.86259399
0.86259399
0.86259399
0.95985393
0.86259399
0.86259399
0.86259399
0.86259399
0.86259399
0.86259399
0.86259399
0.86259399
0.86259399
0.86259399
0.86259399
0.86259399
0.86259399
0.86259399
0.86259399
0.86259399
0.86259399
0.86259399
0.86259399
0.86259399
0.86259399
0.86259399
0.86259399
0.86259399
0.86259399
0.86259399
0.86259399
0.86259399
0.86259399
0.86259399
0.86259399
0.86259399
0.86259399
0.86259399
0.86259399
0.86259399
0.86259399
0.86259399
0.86259399
0.86259399
0.98653926
0.86259399
0.86259399
0.86259399
0.86259399
0.86259399
0.86259399
0.86259399
0.86259399
0.86259399
0.86259399
0.86259399
0.86259399
0.95582201
0.86259399
0.86259399
0.86259399
0.86259399
0.86259399
0.86259399
0.86259399
0.86259399
0.86259399
0.86259399
0.86259399
0.86259399
0.86259399
0.86259399
0.86259399
0.86259399
0.86259399
0.86259399
0.86259399
0.86259399
0.86259399
0.86259399
0.86259399
0.86259399
0.86259399
0.86259399
0.86259399
0.86259399
0.86259399
0.86259399
0.86259399
0.86259399
0.86259399
0.86259399
0.86259399
0.86259399
0.86259399
0.86259399
0.86259399
0.86259399
0.86259399
0.86259399
0.86259399
0.86259399
0.86259399
0.93883332
0.86259399
0.99911090
0.86259399
0.86259399
0.86259399
0.86259399
0.86259399
0.86259399
0.86259399
0.97305326
0.86259399
0.86259399
0.86259399
0.86259399
0.86259399
0.86259399
0.86259399
0.86259399
0.86259399
0.86259399
0.86259399
0.86259399
0.86259399
0.86259399
0.86259399
0.86259399
0.99896273
0.86259399
0.86259399
0.86259399
0.86259399
0.86259399
0.86259399
0.86259399
0.86259399
0.86259399
0.86259399
0.86259399
0.86259399
0.86259399
0.86259399
0.86259399
0.86259399
0.86259399
0.95366427
0.86259399
0.86259399
0.86259399
0.86259399
0.86259399
0.86259399
0.86259399
0.86259399
0.86259399
0.86259399
0.86259399
0.99939653
0.86259399
0.86259399
0.86259399
0.86259399
0.86259399
0.86259399
0.86259399
0.86259399
0.86259399
0.86259399
0.86259399
0.86259399
0.86259399
0.86259399
0.86259399
0.86259399
0.86259399
0.86259399
0.86259399
0.86259399
0.86259399
0.86259399
0.86259399
0.86259399
0.86259399
0.86259399
0.86259399
0.86259399
0.86259399
0.86259399
0.86259399
0.86259399
0.86259399
0.86259399
0.86259399
0.86259399
0.86259399
0.86259399
0.86259399
0.86259399
0.86259399
0.86259399
0.86259399
0.86259399
0.86259399
0.86259399
0.86259399
0.86259399
0.86259399
0.86259399
0.86259399
0.86259399
0.86259399
0.86259399
0.86259399
0.95845119
0.86259399
0.86259399
0.86259399
0.86259399
0.86259399
0.86259399
0.86259399
0.86259399
0.86259399
0.86259399
0.86259399
0.86259399
0.86259399
0.86259399
0.86259399
0.86259399
0.86259399
0.86259399
0.86259399
0.86259399
0.86259399
0.86259399
0.86259399
0.86259399
0.86259399
0.86259399
0.99917158
0.86259399
0.86259399
0.86259399
0.86259399
0.86259399
0.99157737
0.86259399
0.86259399
0.86259399
0.86259399
0.86259399
0.86259399
0.86259399
0.86259399
0.86259399
0.86259399
0.86259399
0.86259399
0.86259399
0.86259399
0.86259399
0.86259399
0.86259399
0.86259399
0.86259399
0.86259399
0.98208352
0.86259399
0.86259399
0.86259399
0.86259399
0.86259399
0.86259399
0.86259399
0.86259399
0.86259399
0.86259399
0.86259399
0.99966510
0.86259399
0.86259399
0.86259399
0.86259399
0.86259399
0.86259399
0.86259399
0.86259399
0.86259399
0.86259399
0.86259399
0.86259399
0.86259399
0.86259399
0.99999995
0.86259399
0.86259399
0.86259399
0.86259399
0.86259399
0.86259399
0.86259399
0.86259399
0.86259399
0.86259399
0.86259399
0.86259399
0.86259399
0.86259399
0.86259399
0.86259399
0.86259399
0.86259399
0.86259399
0.86259399
0.86259399
0.86259399
0.86259399
0.86259399
0.86259399
0.86259399
0.86259399
0.99999999
0.86259399
0.86259399
0.86259399
0.86259399
0.86259399
0.86259399
0.86259399
0.86259399
0.86259399
0.86259399
0.86259399
0.86259399
0.86259399
0.86259399
0.98026661
0.86259399
0.97818737
0.86259399
0.86259399
0.86259399
0.86259399
0.97577778
0.98884073
0.86259399
0.86259399
0.99999044
0.86259399
0.86259399
0.86259399
0.86259399
0.86259399
0.86259399
0.86259399
0.86259399
0.86259399
0.86259399
0.86259399
0.86259399
0.86259399
0.86259399
0.86259399
0.86259399
0.86259399
0.86259399
0.86259399
0.86259399
0.86259399
0.86259399
0.86259399
0.86259399
0.86259399
0.86259399
0.86259399
0.86259399
0.86259399
0.86259399
0.86259399
0.86259399
0.86259399
0.86259399
0.86259399
0.86259399
0.86259399
0.86259399
0.86259399
0.86259399
0.86259399
0.86259399
0.86259399
0.86259399
0.86259399
0.86259399
0.86259399
0.86259399
0.86259399
0.86259399
0.86259399
0.86259399
0.86259399
0.86259399
0.86259399
0.86259399
0.86259399
0.86259399
0.86259399
0.86259399
0.86259399
0.86259399
0.86259399
0.86259399
0.86259399
0.86259399
0.99980567
0.86259399
0.86259399
0.86259399
0.86259399
0.86259399
0.86259399
0.86259399
0.86259399
0.86259399
0.86259399
0.86259399
0.86259399
0.86259399
0.86259399
0.86259399
0.86259399
0.86259399
0.86259399
0.86259399
0.86259399
0.86259399
0.86259399
0.86259399
0.86259399
0.86259399
0.86259399
0.86259399
0.86259399
0.86259399
0.86259399
0.86259399
0.86259399
0.86259399
0.99432930
0.86259399
0.86259399
0.86259399
0.86259399
0.86259399
0.86259399
0.86259399
0.86259399
0.86259399
0.86259399
0.86259399
0.86259399
0.86259399
0.86259399
0.86259399
0.86259399
0.86259399
0.86259399
0.86259399
0.86259399
0.86259399
0.86259399
0.98932049
0.86259399
0.86259399
0.86259399
0.86259399
0.86259399
0.86259399
0.86259399
0.86259399
0.86259399
0.86259399
0.86259399
0.86259399
0.86259399
0.86259399
0.86259399
0.86259399
0.86259399
0.86259399
0.86259399
0.86259399
0.86259399
0.86259399
0.86259399
0.86259399
0.86259399
0.86259399
0.86259399
0.86259399
0.86259399
0.86259399
0.86259399
0.86259399
0.86259399
0.86259399
0.86259399
0.86259399
0.86259399
0.86259399
0.86259399
0.86259399
0.86259399
0.86259399
0.86259399
0.86259399
0.86259399
0.86259399
0.86259399
0.86259399
0.86259399
0.96156652
0.86259399
0.86259399
0.86259399
0.86259399
0.86259399
0.86259399
0.86259399
0.86259399
0.86259399
0.86259399
0.86259399
0.86259399
0.86259399
0.86259399
0.86259399
0.86259399
0.86259399
0.86259399
0.86259399
0.86259399
0.86259399
0.86259399
0.86259399
0.86259399
0.86259399
0.97479569
0.86259399
0.86259399
0.86259399
0.86259399
0.86259399
0.86259399
0.86259399
0.86259399
0.86259399
0.86259399
0.86259399
0.86259399
0.86259399
0.86259399
0.86259399
0.86259399
0.86259399
0.86259399
0.86259399
0.86259399
0.86259399
0.86259399
0.86259399
0.86259399
0.86259399
0.86259399
0.86259399
0.86259399
0.86259399
0.86259399
0.99999976
0.86259399
0.86259399
0.86259399
0.98820088
0.86259399
0.86259399
0.86259399
0.86259399
0.86259399
0.86259399
0.86259399
0.99933147
0.86259399
0.86259399
0.86259399
0.86259399
0.86259399
0.86259399
0.86259399
0.86259399
0.86259399
0.86259399
0.99018903
0.86259399
0.86259399
0.86259399
0.86259399
0.86259399
0.86259399
0.86259399
0.86259399
0.86259399
0.86259399
0.86259399
0.86259399
0.86259399
0.86259399
0.86259399
0.86259399
0.86259399
0.86259399
0.99999509
0.86259399
0.86259399
0.86259399
0.86259399
0.86259399
0.86259399
0.86259399
0.86259399
0.86259399
0.86259399
0.86259399
0.86259399
0.86259399
0.86259399
0.86259399
0.86259399
0.86259399
0.86259399
0.86259399
0.86259399
0.86259399
0.86259399
0.86259399
0.86259399
0.86259399
0.86259399
0.86259399
0.86259399
0.86259399
0.86259399
0.86259399
0.86259399
0.86259399
0.86259399
0.86259399
0.95541665
0.86259399
0.86259399
0.86259399
0.86259399
0.86259399
0.86259399
0.86259399
0.86259399
0.86259399
0.86259399
0.86259399
0.86259399
0.86259399
0.86259399
0.86259399
0.86259399
0.86259399
0.86259399
0.86259399
0.86259399
0.86259399
0.86259399
0.86259399
0.86259399
0.86259399
0.86259399
0.86259399
0.86259399
0.86259399
0.86259399
0.86259399
0.86259399
0.86259399
0.86259399
0.86259399
0.86259399
0.86259399
0.86259399
0.86259399
0.86259399
0.86259399
0.86259399
0.86259399
0.86259399
0.86259399
0.86259399
0.86259399
0.86259399
0.86259399
0.86259399
0.86259399
0.86259399
0.86259399
0.94525569
0.86259399
0.86259399
0.86259399
0.86259399
0.86259399
0.86259399
0.86259399
0.99977901
0.86259399
0.86259399
0.86259399
0.86259399
0.86259399
0.86259399
0.86259399
0.86259399
0.86259399
0.86259399
0.86259399
0.86259399
0.86259399
0.86259399
0.86259399
0.86259399
0.86259399
0.86259399
0.86259399
0.86259399
0.86259399
0.86259399
0.86259399
0.96383751
0.86259399
0.86259399
0.86259399
0.86259399
0.93614014
0.86259399
0.86259399
0.86259399
0.86259399
0.86259399
0.86259399
0.86259399
0.86259399
0.86259399
0.86259399
0.86259399
0.86259399
0.86259399
0.86259399
0.86259399
0.86259399
0.86259399
0.86259399
0.86259399
0.86259399
0.86259399
0.86259399
0.98634663
0.86259399
0.99999478
0.86259399
0.86259399
0.86259399
0.86259399
0.86259399
0.86259399
0.86259399
0.86259399
0.86259399
0.98585805
0.86259399
0.86259399
0.86259399
0.86259399
0.86259399
0.86259399
0.86259399
0.86259399
0.86259399
0.86259399
0.86259399
0.97573357
0.86259399
0.86259399
0.86259399
0.86259399
0.86259399
0.86259399
0.86259399
0.86259399
0.86259399
0.86259399
0.86259399
0.86259399
0.86259399
0.86259399
0.86259399
0.86259399
0.86259399
0.86259399
0.86259399
0.86259399
0.96547583
0.86259399
0.86259399
0.86259399
0.86259399
0.86259399
0.86259399
0.86259399
0.86259399
0.86259399
0.86259399
0.86259399
0.86259399
0.86259399
0.86259399
0.86259399
0.86259399
0.86259399
0.86259399
0.86259399
0.86259399
0.86259399
0.86259399
0.86259399
0.86259399
0.86259399
0.86259399
0.86259399
0.86259399
0.86259399
0.86259399
0.86259399
0.86259399
0.86259399
0.86259399
0.86259399
0.86259399
0.86259399
0.86259399
0.86259399
0.86259399
0.86259399
0.86259399
0.86259399
0.86259399
0.99392821
0.86259399
0.86259399
0.86259399
0.95963077
0.86259399
0.86259399
0.86259399
0.86259399
0.86259399
0.86259399
0.86259399
0.94857491
0.86259399
0.86259399
0.86259399
0.86259399
0.86259399
0.86259399
0.86259399
0.86259399
0.86259399
0.86259399
0.86259399
0.99913656
0.86259399
0.86259399
0.86259399
0.86259399
0.86259399
0.86259399
0.86259399
0.86259399
0.98903982
0.86259399
0.86259399
0.86259399
0.86259399
0.86259399
0.86259399
0.98279066
0.86259399
0.86259399
0.86259399
0.86259399
0.86259399
0.86259399
0.86259399
0.86259399
0.86259399
0.86259399
0.86259399
0.86259399
0.86259399
0.86259399
0.97673999
0.86259399
0.86259399
0.86259399
0.86259399
0.86259399
0.86259399
0.86259399
0.86259399
0.86259399
0.86259399
0.86259399
0.86259399
0.86259399
0.86259399
0.86259399
0.86259399
0.86259399
0.86259399
0.86259399
0.86259399
0.86259399
0.86259399
0.94036050
0.86259399
0.86259399
0.86259399
0.86259399
0.86259399
0.86259399
0.86259399
0.86259399
0.86259399
0.86259399
0.86259399
0.86259399
0.86259399
0.86259399
0.86259399
0.86259399
0.86259399
0.86259399
0.86259399
0.86259399
0.86259399
0.96276331
0.86259399
0.86259399
0.86259399
0.86259399
0.86259399
0.86259399
0.86259399
0.94808713
0.86259399
0.86259399
0.86259399
0.86259399
0.86259399
0.86259399
0.86259399
0.86259399
0.97047923
0.99999858
0.86259399
0.86259399
0.86259399
0.86259399
0.86259399
0.86259399
0.86259399
0.86259399
0.86259399
0.86259399
0.99521361
0.86259399
0.86259399
0.86259399
0.86259399
0.86259399
0.86259399
0.86259399
0.86259399
0.86259399
0.86259399
0.86259399
0.86259399
0.86259399
0.99674935
0.86259399
0.86259399
0.86259399
0.99963899
0.95680075
0.86259399
0.86259399
0.86259399
0.86259399
0.86259399
0.86259399
0.94556558
0.86259399
0.86259399
0.86259399
0.96743842
0.86259399
0.86259399
0.86259399
0.86259399
0.86259399
0.86259399
0.86259399
0.86259399
0.86259399
0.86259399
0.86259399
0.86259399
0.86259399
0.86259399
0.86259399
0.86259399
0.97328582
0.86259399
0.86259399
0.86259399
0.86259399
0.86259399
0.86259399
0.86259399
0.86259399
0.86259399
0.86259399
0.86259399
0.86259399
0.86259399
0.86259399
0.86259399
0.86259399
0.86259399
0.93335885
0.86259399
0.86259399
0.86259399
0.86259399
0.86259399
0.86259399
0.86259399
0.86259399
0.86259399
0.86259399
0.86259399
0.86259399
0.86259399
0.86259399
0.86259399
0.86259399
0.86259399
0.86259399
0.86259399
0.86259399
0.86259399
0.86259399
0.86259399
0.86259399
0.86259399
0.86259399
0.86259399
0.86259399
0.86259399
0.86259399
0.86259399
0.86259399
0.86259399
0.86259399
0.86259399
0.86259399
0.86259399
0.86259399
0.86259399
0.86259399
0.86259399
0.98884073
0.86259399
0.86259399
0.86259399
0.86259399
0.93652638
0.86259399
0.86259399
0.86259399
0.86259399
0.86259399
0.86259399
0.86259399
0.86259399
0.86259399
0.86259399
0.86259399
0.86259399
0.86259399
0.98811197
0.86259399
0.86259399
0.86259399
0.94881826
0.86259399
0.86259399
0.86259399
0.86259399
0.86259399
0.86259399
0.86259399
0.86259399
0.86259399
0.86259399
0.86259399
0.86259399
0.86259399
0.86259399
0.86259399
0.86259399
0.86259399
0.86259399
0.86259399
0.86259399
0.86259399
0.86259399
0.86259399
0.86259399
0.86259399
0.86259399
0.86259399
0.99962538
0.86259399
0.86259399
0.86259399
0.86259399
0.86259399
0.86259399
0.86259399
0.86259399
0.86259399
0.86259399
0.86259399
0.86259399
0.86259399
0.86259399
0.86259399
0.86259399
0.86259399
0.86259399
0.86259399
0.86259399
0.86259399
0.86259399
0.86259399
0.86259399
0.86259399
0.86259399
0.86259399
0.86259399
0.86259399
0.86259399
0.86259399
0.86259399
0.86259399
0.86259399
0.86259399
0.86259399
0.86259399
0.86259399
0.86259399
0.86259399
0.86259399
0.86259399
0.86259399
0.86259399
0.86259399
0.86259399
0.86259399
0.86259399
0.86259399
0.86259399
0.99999259
0.86259399
0.86259399
0.86259399
0.86259399
0.86259399
0.86259399
0.86259399
0.86259399
0.86259399
0.86259399
0.86259399
0.97379397
0.86259399
0.86259399
0.86259399
0.86259399
0.86259399
0.86259399
0.86259399
0.86259399
0.86259399
0.86259399
0.99969218
0.86259399
0.86259399
0.86259399
0.86259399
0.86259399
0.86259399
0.86259399
0.86259399
0.86259399
0.86259399
0.95662862
0.86259399
0.86259399
0.86259399
0.86259399
0.86259399
0.86259399
0.86259399
0.86259399
0.86259399
0.86259399
0.86259399
0.86259399
0.86259399
0.86259399
0.86259399
0.86259399
0.99980226
0.86259399
0.86259399
0.86259399
0.86259399
0.86259399
0.86259399
0.86259399
0.86259399
0.86259399
0.86259399
0.86259399
0.86259399
0.86259399
0.86259399
0.86259399
0.86259399
0.86259399
0.99903612
0.86259399
0.86259399
0.86259399
0.86259399
0.86259399
0.86259399
0.86259399
0.86259399
0.86259399
0.86259399
0.86259399
0.86259399
0.86259399
0.86259399
0.86259399
0.86259399
0.86259399
0.86259399
0.86259399
0.86259399
0.86259399
0.86259399
0.86259399
0.86259399
0.86259399
0.86259399
0.86259399
0.99560360
0.86259399
0.86259399
0.86259399
0.86259399
0.86259399
0.86259399
0.86259399
0.86259399
0.86259399
0.86259399
0.86259399
0.86259399
0.86259399
0.86259399
0.86259399
0.86259399
0.86259399
0.86259399
0.86259399
0.86259399
0.86259399
0.86259399
0.86259399
0.86259399
0.86259399
0.86259399
0.86259399
0.86259399
0.86259399
0.86259399
0.86259399
0.86259399
0.86259399
0.86259399
0.86259399
0.86259399
0.86259399
0.86259399
0.86259399
0.86259399
0.86259399
0.86259399
0.86259399
0.86259399
0.86259399
0.86259399
0.86259399
0.86259399
0.86259399
0.86259399
0.86259399
0.86259399
0.95500993
0.86259399
0.86259399
0.86259399
0.86259399
0.86259399
0.86259399
0.86259399
0.86259399
0.86259399
0.86259399
0.86259399
0.86259399
0.86259399
0.86259399
0.86259399
0.86259399
0.86259399
0.86259399
0.86259399
0.86259399
0.86259399
0.86259399
0.86259399
0.86259399
0.86259399
0.86259399
0.86259399
0.86259399
0.86259399
0.86259399
0.86259399
0.86259399
0.86259399
0.86259399
0.86259399
0.86259399
0.86259399
0.86259399
0.99835705
0.86259399
0.86259399
0.86259399
0.86259399
0.86259399
0.99940043
0.86259399
0.86259399
0.86259399
0.86259399
0.86259399
0.86259399
0.86259399
0.86259399
0.86259399
0.86259399
0.86259399
0.86259399
0.86259399
0.86259399
0.86259399
0.86259399
0.86259399
0.86259399
0.86259399
0.86259399
0.86259399
0.86259399
0.86259399
0.86259399
0.86259399
0.86259399
0.86259399
0.86259399
0.86259399
0.86259399
0.86259399
0.86259399
0.86259399
0.86259399
0.86259399
0.86259399
0.86259399
0.86259399
0.86259399
0.86259399
0.86259399
0.86259399
0.86259399
0.86259399
0.86259399
0.86259399
0.86259399
0.86259399
0.86259399
0.86259399
0.86259399
0.96789569
0.86259399
0.86259399
0.86259399
0.86259399
0.86259399
0.86259399
0.86259399
0.86259399
0.86259399
0.86259399
0.86259399
0.86259399
0.86259399
0.86259399
0.86259399
0.86259399
0.86259399
0.86259399
0.86259399
0.93997956
0.86259399
0.86259399
0.86259399
0.86259399
0.86259399
0.86259399
0.86259399
0.86259399
0.86259399
0.86259399
0.86259399
0.86259399
0.86259399
0.86259399
0.86259399
0.86259399
0.86259399
0.99978637
0.86259399
0.86259399
0.86259399
0.86259399
0.86259399
0.86259399
0.86259399
0.86259399
0.86259399
0.86259399
0.86259399
0.86259399
0.86259399
0.86259399
0.86259399
0.86259399
0.86259399
0.99803124
0.86259399
0.86259399
0.86259399
0.86259399
0.86259399
0.86259399
0.86259399
0.86259399
0.86259399
0.86259399
0.86259399
0.86259399
0.86259399
0.86259399
0.86259399
0.86259399
0.86259399
0.86259399
0.86259399
0.86259399
0.86259399
0.86259399
0.86259399
0.86259399
0.86259399
0.86259399
0.86259399
0.86259399
0.86259399
0.86259399
0.96394420
0.86259399
0.86259399
0.86259399
0.86259399
0.86259399
0.86259399
0.86259399
0.86259399
0.86259399
0.86259399
0.86259399
0.86259399
0.86259399
0.86259399
0.86259399
0.86259399
0.86259399
0.86259399
0.94556558
0.86259399
0.86259399
0.86259399
0.86259399
0.86259399
0.86259399
0.86259399
0.94924325
0.86259399
0.86259399
0.86259399
0.86259399
0.86259399
0.86259399
0.86259399
0.86259399
0.97502063
0.86259399
0.86259399
0.86259399
0.86259399
0.86259399
0.86259399
1.00000000
0.86259399
0.86259399
0.86259399
0.86259399
0.86259399
0.86259399
0.86259399
0.86259399
0.86259399
0.86259399
0.86259399
0.86259399
0.86259399
0.86259399
0.86259399
0.86259399
0.86259399
0.86259399
0.86259399
0.86259399
0.86259399
0.86259399
0.86259399
0.86259399
0.86259399
0.86259399
0.86259399
0.86259399
0.86259399
0.86259399
0.86259399
0.86259399
0.86259399
0.86259399
0.99886701
0.86259399
0.86259399
0.86259399
0.86259399
0.86259399
0.86259399
0.86259399
0.86259399
0.86259399
0.86259399
0.86259399
0.86259399
0.86259399
0.86259399
0.86259399
0.86259399
0.86259399
0.86259399
0.86259399
0.86259399
0.86259399
0.86259399
0.86259399
0.86259399
0.86259399
0.86259399
0.86259399
0.86259399
0.86259399
0.86259399
0.86259399
0.86259399
0.86259399
0.86259399
0.86259399
0.86259399
0.86259399
0.86259399
0.86259399
0.86259399
0.86259399
0.95524250
0.99434795
0.86259399
0.86259399
0.86259399
0.86259399
0.86259399
0.86259399
0.86259399
0.86259399
0.86259399
0.86259399
0.86259399
0.86259399
0.86259399
0.86259399
0.86259399
0.86259399
0.86259399
0.86259399
0.86259399
0.86259399
0.86259399
0.86259399
0.86259399
0.86259399
0.86259399
0.86259399
0.86259399
0.86259399
0.86259399
0.86259399
0.86259399
0.86259399
0.86259399
0.86259399
0.86259399
0.86259399
0.86259399
0.86259399
0.86259399
0.86259399
0.86259399
0.86259399
0.86259399
0.86259399
0.86259399
0.86259399
0.86259399
0.86259399
0.86259399
0.86259399
0.86259399
0.86259399
0.86259399
0.86259399
0.86259399
0.86259399
0.86259399
0.86259399
0.86259399
0.86259399
0.86259399
0.86259399
0.86259399
0.86259399
0.86259399
0.86259399
0.86259399
0.86259399
0.86259399
0.86259399
0.86259399
0.86259399
0.86259399
0.86259399
0.86259399
0.86259399
0.86259399
0.86259399
0.86259399
0.86259399
0.86259399
0.86259399
0.86259399
0.86259399
0.86259399
0.86259399
0.86259399
0.86259399
0.86259399
0.86259399
0.86259399
0.86259399
0.96123742
0.86259399
0.86259399
0.86259399
0.86259399
0.86259399
0.86259399
0.86259399
0.86259399
0.86259399
0.86259399
0.86259399
0.86259399
0.86259399
0.86259399
0.86259399
0.86259399
0.86259399
0.94238204
0.86259399
0.86259399
0.86259399
0.86259399
0.86259399
0.86259399
0.96319459
0.93742572
0.86259399
0.86259399
0.86259399
0.86259399
0.86259399
0.86259399
0.86259399
0.86259399
0.86259399
0.86259399
0.86259399
0.86259399
0.86259399
0.99999979
0.86259399
0.86259399
0.86259399
0.86259399
0.86259399
0.86259399
0.86259399
0.86259399
0.86259399
0.86259399
0.86259399
0.86259399
0.86259399
0.86259399
0.86259399
0.86259399
0.86259399
0.98863946
0.86259399
0.86259399
0.86259399
0.86259399
0.86259399
0.86259399
0.86259399
0.86259399
0.86259399
0.86259399
0.93723323
0.86259399
0.86259399
0.86259399
0.86259399
0.86259399
0.86259399
0.86259399
0.86259399
0.86259399
0.86259399
0.86259399
0.86259399
0.86259399
0.86259399
0.86259399
0.86259399
0.86259399
0.86259399
0.86259399
0.86259399
0.86259399
0.86259399
0.86259399
0.99745088
0.86259399
0.86259399
0.86259399
0.86259399
0.86259399
0.86259399
0.86259399
0.86259399
0.86259399
0.86259399
0.86259399
0.99641612
0.86259399
0.86259399
0.86259399
0.86259399
0.86259399
0.86259399
0.86259399
0.86259399
0.86259399
0.86259399
0.86259399
0.86259399
0.86259399
0.86259399
0.86259399
0.86259399
0.94851401
0.86259399
0.86259399
0.86259399
0.86259399
0.86259399
0.86259399
0.86259399
0.86259399
0.86259399
0.86259399
0.86259399
0.86259399
0.86259399
0.86259399
0.86259399
0.86259399
0.86259399
0.86259399
0.86259399
0.86259399
0.86259399
0.86259399
0.86259399
0.86259399
0.86259399
0.86259399
0.86259399
0.86259399
0.86259399
0.86259399
0.86259399
0.86259399
0.86259399
0.86259399
0.86259399
0.86259399
0.95307484
0.86259399
0.86259399
0.86259399
0.86259399
0.86259399
0.86259399
0.86259399
0.86259399
0.86259399
0.86259399
0.93742572
0.86259399
0.86259399
0.86259399
0.86259399
0.86259399
0.86259399
0.86259399
0.86259399
0.86259399
0.86259399
0.86259399
0.86259399
0.86259399
0.86259399
0.86259399
0.86259399
0.86259399
0.86259399
0.86259399
0.86259399
0.86259399
0.86259399
0.86259399
0.99870504
0.86259399
0.86259399
0.86259399
0.86259399
0.86259399
0.86259399
0.86259399
0.96733641
0.86259399
0.99988561
0.86259399
0.86259399
0.86259399
0.86259399
0.86259399
0.86259399
0.86259399
0.86259399
0.86259399
0.93896092
0.86259399
0.86259399
0.99904707
0.86259399
0.86259399
0.86259399
0.86259399
0.86259399
0.86259399
0.86259399
0.86259399
0.98811197
0.86259399
0.86259399
0.86259399
0.86259399
0.86259399
0.86259399
0.93536625
0.86259399
0.86259399
0.86259399
0.86259399
0.86259399
0.86259399
0.86259399
0.86259399
0.86259399
0.86259399
0.86259399
0.86259399
0.86259399
0.86259399
0.86259399
0.86259399
0.86259399
0.86259399
0.86259399
0.86259399
0.99783306
0.93329391
0.86259399
0.86259399
0.86259399
0.86259399
0.86259399
0.86259399
0.86259399
0.86259399
0.86259399
0.86259399
0.86259399
0.86259399
0.86259399
0.86259399
0.86259399
0.86259399
0.86259399
0.86259399
0.86259399
0.86259399
0.86259399
0.86259399
0.86259399
0.86259399
0.86259399
0.86259399
0.86259399
0.86259399
0.86259399
0.86259399
0.86259399
0.86259399
0.86259399
0.86259399
0.86259399
0.86259399
0.86259399
0.86259399
0.86259399
0.86259399
0.86259399
0.86259399
0.86259399
0.86259399
0.94643057
0.86259399
0.86259399
0.86259399
0.86259399
0.86259399
0.86259399
0.86259399
0.86259399
0.86259399
0.86259399
0.86259399
0.86259399
0.86259399
0.86259399
0.86259399
0.86259399
0.99695118
0.86259399
0.86259399
0.86259399
0.86259399
0.99900835
0.86259399
0.86259399
0.86259399
0.86259399
0.86259399
0.86259399
0.86259399
0.86259399
0.86259399
0.86259399
0.86259399
0.86259399
0.86259399
0.86259399
0.86259399
0.86259399
0.86259399
0.99999400
0.86259399
0.94680004
0.86259399
0.86259399
0.86259399
0.86259399
0.86259399
0.86259399
0.86259399
0.86259399
0.86259399
0.86259399
0.86259399
0.86259399
0.86259399
0.86259399
0.86259399
0.86259399
0.86259399
0.86259399
0.86259399
0.86259399
0.86259399
0.86259399
0.99842046
0.86259399
0.86259399
0.86259399
0.86259399
0.86259399
0.86259399
0.86259399
0.86259399
0.86259399
0.86259399
0.86259399
0.86259399
0.86259399
0.86259399
0.86259399
0.86259399
0.86259399
0.86259399
0.86259399
0.86259399
0.86259399
0.86259399
0.86259399
0.86259399
0.86259399
0.86259399
0.86259399
0.86259399
0.86259399
0.86259399
0.86259399
0.86259399
0.86259399
0.86259399
0.86259399
0.86259399
0.98337383
0.86259399
0.86259399
0.86259399
0.86259399
0.86259399
0.86259399
0.86259399
0.86259399
0.86259399
0.86259399
0.86259399
0.86259399
0.86259399
0.86259399
0.86259399
0.86259399
0.86259399
0.86259399
0.86259399
0.86259399
0.86259399
0.86259399
0.86259399
0.86259399
0.86259399
0.86259399
0.86259399
0.86259399
0.86259399
0.86259399
0.86259399
0.86259399
0.86259399
0.86259399
0.86259399
0.86259399
0.86259399
0.86259399
0.86259399
0.86259399
0.86259399
0.86259399
0.86259399
0.86259399
0.86259399
0.86259399
0.86259399
0.86259399
0.86259399
0.99597185
0.86259399
0.86259399
0.86259399
0.86259399
0.86259399
0.86259399
0.86259399
0.86259399
0.86259399
0.86259399
0.86259399
0.86259399
0.86259399
0.86259399
0.86259399
0.86259399
0.86259399
0.86259399
0.86259399
0.86259399
0.86259399
0.86259399
0.86259399
0.86259399
0.86259399
0.86259399
0.86259399
0.86259399
0.86259399
0.86259399
0.86259399
0.86259399
0.86259399
0.86259399
0.86259399
0.86259399
0.94244493
0.86259399
0.96979359
0.86259399
0.86259399
0.86259399
0.86259399
0.99993990
0.86259399
0.86259399
0.99338615
0.86259399
0.86259399
0.86259399
0.86259399
0.86259399
0.86259399
0.94893980
0.86259399
0.86259399
0.86259399
0.86259399
0.86259399
0.86259399
0.86259399
0.86259399
0.86259399
0.86259399
0.86259399
0.86259399
0.86259399
0.86259399
0.86259399
0.86259399
0.86259399
0.86259399
0.86259399
0.86259399
0.86259399
0.86259399
0.86259399
0.86259399
0.86259399
0.86259399
0.86259399
0.86259399
0.86259399
0.86259399
0.86259399
0.86259399
0.86259399
0.86259399
0.86259399
0.86259399
0.86259399
0.86259399
0.99800374
0.86259399
0.86259399
0.86259399
0.86259399
0.86259399
0.86259399
0.86259399
0.86259399
0.86259399
0.86259399
0.86259399
0.86259399
0.86259399
0.86259399
0.86259399
0.86259399
0.86259399
0.96558039
0.86259399
0.97827099
0.86259399
0.86259399
0.86259399
0.86259399
0.86259399
0.86259399
0.86259399
0.86259399
0.86259399
0.86259399
0.86259399
0.86259399
0.86259399
0.86259399
0.86259399
0.86259399
0.86259399
0.86259399
0.86259399
0.86259399
0.86259399
0.86259399
0.86259399
0.86259399
0.86259399
0.86259399
0.86259399
0.86259399
0.86259399
0.86259399
0.99250523
0.86259399
0.86259399
0.86259399
0.86259399
0.86259399
0.86259399
0.86259399
0.86259399
0.86259399
0.86259399
0.86259399
0.86259399
0.93800241
0.97872791
0.94338608
0.86259399
0.86259399
0.86259399
0.86259399
0.86259399
0.86259399
0.86259399
0.86259399
0.86259399
0.86259399
0.86259399
0.99421652
0.86259399
0.86259399
0.86259399
0.86259399
0.86259399
0.86259399
0.86259399
0.86259399
0.86259399
0.94488316
0.86259399
0.86259399
0.86259399
0.86259399
0.86259399
0.97144575
0.86259399
0.86259399
0.86259399
0.86259399
0.86259399
0.86259399
0.86259399
0.86259399
0.86259399
0.86259399
0.94086751
0.86259399
0.86259399
0.99825861
0.97785117
0.86259399
0.86259399
0.86259399
0.86259399
0.86259399
0.86259399
0.86259399
0.86259399
0.86259399
0.86259399
0.86259399
0.86259399
0.86259399
0.86259399
0.86259399
0.86259399
0.86259399
0.86259399
0.99815610
0.86259399
0.86259399
0.86259399
0.86259399
0.86259399
0.86259399
0.86259399
0.86259399
0.86259399
0.86259399
0.86259399
0.86259399
0.86259399
0.97149368
0.86259399
0.86259399
0.86259399
0.86259399
0.86259399
0.86259399
0.86259399
0.86259399
0.86259399
0.86259399
0.86259399
0.86259399
0.86259399
0.86259399
0.86259399
0.86259399
0.86259399
0.86259399
0.86259399
0.86259399
0.86259399
0.86259399
0.86259399
0.86259399
0.86259399
0.86259399
0.86259399
0.86259399
0.86259399
0.86259399
0.86259399
0.86259399
0.86259399
0.86259399
0.86259399
0.86259399
0.86259399
0.86259399
0.86259399
0.86259399
0.86259399
0.86259399
0.86259399
0.86259399
0.86259399
0.86259399
0.86259399
0.86259399
0.86259399
0.99998519
0.86259399
0.86259399
0.86259399
0.86259399
0.86259399
0.86259399
0.86259399
0.86259399
0.86259399
0.86259399
0.86259399
0.86259399
0.86259399
0.86259399
0.86259399
0.86259399
0.86259399
0.86259399
0.99383008
0.86259399
0.86259399
0.86259399
0.86259399
0.86259399
0.86259399
0.86259399
0.99727209
0.86259399
0.86259399
0.86259399
0.86259399
0.86259399
0.86259399
0.86259399
0.86259399
0.86259399
0.86259399
0.86259399
0.86259399
0.86259399
0.86259399
0.86259399
0.86259399
0.86259399
0.86259399
0.86259399
0.86259399
0.86259399
0.86259399
0.86259399
0.86259399
0.86259399
0.86259399
0.86259399
0.86259399
0.86259399
0.86259399
0.99871181
0.86259399
0.86259399
0.86259399
0.86259399
0.86259399
0.86259399
0.86259399
0.98387486
0.86259399
0.86259399
0.86259399
0.86259399
0.86259399
0.86259399
0.86259399
0.86259399
0.99583627
0.86259399
0.86259399
0.86259399
0.86259399
0.86259399
0.86259399
0.86259399
0.86259399
0.86259399
0.86259399
0.86259399
0.86259399
0.86259399
0.86259399
0.86259399
0.86259399
0.86259399
0.86259399
0.86259399
0.86259399
0.86259399
0.86259399
0.86259399
0.96860112
0.86259399
0.86259399
0.86259399
0.86259399
0.86259399
0.86259399
0.86259399
0.86259399
0.86259399
0.86259399
0.86259399
0.86259399
0.86259399
0.86259399
0.86259399
0.86259399
0.86259399
0.86259399
0.86259399
0.86259399
0.99005629
0.86259399
0.86259399
0.86259399
0.86259399
0.86259399
0.86259399
0.86259399
0.86259399
0.86259399
0.86259399
0.86259399
0.86259399
0.86259399
0.86259399
0.86259399
0.86259399
0.94845309
0.86259399
0.86259399
0.86259399
0.86259399
0.86259399
0.86259399
0.86259399
0.86259399
0.86259399
0.86259399
0.86259399
0.86259399
0.86259399
0.86259399
0.86259399
0.86259399
0.86259399
0.86259399
0.86259399
0.86259399
0.86259399
0.86259399
0.86259399
0.86259399
0.86259399
0.86259399
0.86259399
0.86259399
0.86259399
0.86259399
0.86259399
0.86259399
0.86259399
0.86259399
0.86259399
0.86259399
0.86259399
0.86259399
0.86259399
0.86259399
0.86259399
0.86259399
0.86259399
0.86259399
0.86259399
0.86259399
0.86259399
0.86259399
0.86259399
0.86259399
0.86259399
0.86259399
0.86259399
0.93921595
0.86259399
0.86259399
0.86259399
0.86259399
0.86259399
0.86259399
0.86259399
0.86259399
0.86259399
0.86259399
0.86259399
0.86259399
0.86259399
0.86259399
0.86259399
0.86259399
0.86259399
0.86259399
0.86259399
0.86259399
0.86259399
0.98208352
0.86259399
0.86259399
0.86259399
0.86259399
0.86259399
0.86259399
0.86259399
0.86259399
0.86259399
0.86259399
0.86259399
0.86259399
0.86259399
0.86259399
0.86259399
0.86259399
0.86259399
0.86259399
0.86259399
0.86259399
0.86259399
0.86259399
0.86259399
0.86259399
0.86259399
0.86259399
0.86259399
0.86259399
0.86259399
0.86259399
0.86259399
0.86259399
0.86259399
0.86259399
0.86259399
0.86259399
0.86259399
0.86259399
0.86259399
0.86259399
0.86259399
0.86259399
0.86259399
0.86259399
0.86259399
0.97388584
0.95384059
0.86259399
0.86259399
0.86259399
0.86259399
0.86259399
0.86259399
0.86259399
0.86259399
0.86259399
0.86259399
0.86259399
0.86259399
0.86259399
0.86259399
0.86259399
0.86259399
0.86259399
0.86259399
0.86259399
0.86259399
0.86259399
0.86259399
0.99985307
0.86259399
0.86259399
0.86259399
0.86259399
0.86259399
0.86259399
0.86259399
0.86259399
0.86259399
0.86259399
0.86259399
0.86259399
0.86259399
0.86259399
0.86259399
0.86259399
0.86259399
0.86259399
0.86259399
0.86259399
0.99996370
0.86259399
0.86259399
0.86259399
0.86259399
0.86259399
0.96870131
0.86259399
0.86259399
0.86259399
0.86259399
0.86259399
0.86259399
0.86259399
0.86259399
0.95765749
0.86259399
0.86259399
0.86259399
0.86259399
0.86259399
0.86259399
0.86259399
0.86259399
0.86259399
0.86259399
0.86259399
0.86259399
0.86259399
0.86259399
0.86259399
0.86259399
0.86259399
0.86259399
0.86259399
0.86259399
0.86259399
0.86259399
0.86259399
0.86259399
0.86259399
0.86259399
0.86259399
0.86259399
0.86259399
0.86259399
0.86259399
0.97291325
0.86259399
0.86259399
0.86259399
0.86259399
0.86259399
0.86259399
0.86259399
0.86259399
0.86259399
0.86259399
0.86259399
0.86259399
0.86259399
0.86259399
0.86259399
0.86259399
0.86259399
0.86259399
0.86259399
0.86259399
0.86259399
0.86259399
0.86259399
0.86259399
0.86259399
0.86259399
0.86259399
0.86259399
0.86259399
0.86259399
0.86259399
0.86259399
0.86259399
0.86259399
0.86259399
0.86259399
0.86259399
0.86259399
0.86259399
0.86259399
0.86259399
0.86259399
0.86259399
0.86259399
0.97717071
0.86259399
0.86259399
0.86259399
0.86259399
0.86259399
0.99653862
0.98790295
0.86259399
0.86259399
0.86259399
0.86259399
0.86259399
0.86259399
0.86259399
0.86259399
0.93793839
0.86259399
0.86259399
0.86259399
0.86259399
0.86259399
0.86259399
0.93883332
0.99131019
0.86259399
0.86259399
0.99997920
0.86259399
0.86259399
0.86259399
0.86259399
0.86259399
0.86259399
0.86259399
0.86259399
0.86259399
0.86259399
0.86259399
0.93510788
0.86259399
0.86259399
0.86259399
0.86259399
0.86259399
0.86259399
0.86259399
0.86259399
0.86259399
0.94802605
0.86259399
0.86259399
0.86259399
0.86259399
0.86259399
0.86259399
0.86259399
0.86259399
0.86259399
0.86259399
0.86259399
0.86259399
0.86259399
0.86259399
0.86259399
0.86259399
0.86259399
0.86259399
0.86259399
0.86259399
0.86259399
0.86259399
0.86259399
0.86259399
0.86259399
0.86259399
0.86259399
0.86259399
0.86259399
0.86259399
0.99958229
0.86259399
0.86259399
0.86259399
0.86259399
0.86259399
0.86259399
0.86259399
0.86259399
0.86259399
0.86259399
0.99093743
0.86259399
0.86259399
0.86259399
0.86259399
0.86259399
0.86259399
0.86259399
0.86259399
0.86259399
0.86259399
0.86259399
0.86259399
0.86259399
0.86259399
0.86259399
0.99000288
0.86259399
0.86259399
0.86259399
0.86259399
0.86259399
0.86259399
0.86259399
0.86259399
0.86259399
0.86259399
0.98840679
0.86259399
0.86259399
0.86259399
0.86259399
0.86259399
0.86259399
0.86259399
0.86259399
0.86259399
0.99999273
0.86259399
0.86259399
0.86259399
0.86259399
0.86259399
0.86259399
0.86259399
0.86259399
0.86259399
0.86259399
0.86259399
0.86259399
0.86259399
0.86259399
0.86259399
0.86259399
0.86259399
0.86259399
0.86259399
0.86259399
0.99962538
0.86259399
0.86259399
0.86259399
0.86259399
0.86259399
0.86259399
0.86259399
0.86259399
0.86259399
0.86259399
0.99904161
0.86259399
0.86259399
0.86259399
0.86259399
0.86259399
0.86259399
0.86259399
0.86259399
0.86259399
0.86259399
0.86259399
0.86259399
0.86259399
0.86259399
0.86259399
0.86259399
0.86259399
0.86259399
0.86259399
0.86259399
0.86259399
0.86259399
0.86259399
0.86259399
0.86259399
0.86259399
0.86259399
0.86259399
0.86259399
0.86259399
0.86259399
0.86259399
0.86259399
0.86259399
0.86259399
0.86259399
0.86259399
0.86259399
0.86259399
0.86259399
0.86259399
0.86259399
0.97434278
0.86259399
0.86259399
0.86259399
0.86259399
0.86259399
0.86259399
0.86259399
0.99948178
0.86259399
0.99969928
0.86259399
0.86259399
0.86259399
0.86259399
0.86259399
0.86259399
0.86259399
0.86259399
0.86259399
0.86259399
0.86259399
0.86259399
0.86259399
0.86259399
0.86259399
0.86259399
0.86259399
0.86259399
0.86259399
0.86259399
0.86259399
0.86259399
0.86259399
0.95611072
0.86259399
0.86259399
0.86259399
0.86259399
0.86259399
0.86259399
0.86259399
0.86259399
0.86259399
0.86259399
0.86259399
0.86259399
0.86259399
0.86259399
0.86259399
0.86259399
0.86259399
0.86259399
0.86259399
0.86259399
0.86259399
0.86259399
0.86259399
0.86259399
0.86259399
0.86259399
0.86259399
0.86259399
0.86259399
0.86259399
0.96682419
0.94118385
0.86259399
0.86259399
0.86259399
0.86259399
0.86259399
0.86259399
0.86259399
0.86259399
0.86259399
0.86259399
0.86259399
0.86259399
0.86259399
0.86259399
0.86259399
0.86259399
0.86259399
0.86259399
0.86259399
0.86259399
0.86259399
0.86259399
0.86259399
0.86259399
0.86259399
0.86259399
0.86259399
0.86259399
0.86259399
0.99999627
0.86259399
0.86259399
0.86259399
0.86259399
0.95674340
0.86259399
0.86259399
0.86259399
0.86259399
0.86259399
0.86259399
0.86259399
0.86259399
0.86259399
0.86259399
0.86259399
0.86259399
0.86259399
0.86259399
0.86259399
0.86259399
0.86259399
0.98467915
0.86259399
0.86259399
0.86259399
0.99996556
0.86259399
0.86259399
0.86259399
0.98753957
0.86259399
0.86259399
0.86259399
0.86259399
0.86259399
0.86259399
0.86259399
0.86259399
0.94225621
0.96129235
0.86259399
0.86259399
0.86259399
0.86259399
0.86259399
0.86259399
0.86259399
0.86259399
0.86259399
0.86259399
0.86259399
0.95242349
0.96421032
0.86259399
0.86259399
0.86259399
0.86259399
0.86259399
0.86259399
0.86259399
0.86259399
0.86259399
0.86259399
0.86259399
0.86259399
0.86259399
0.98322910
0.86259399
0.86259399
0.86259399
0.86259399
0.86259399
0.86259399
0.86259399
0.86259399
0.86259399
0.86259399
0.86259399
0.95611072
0.86259399
0.86259399
0.86259399
0.86259399
0.86259399
0.86259399
0.86259399
0.97876919
0.86259399
0.86259399
0.98716979
0.86259399
0.86259399
0.86259399
0.86259399
0.86259399
0.86259399
0.86259399
0.86259399
0.86259399
0.86259399
0.86259399
0.86259399
0.86259399
0.86259399
0.86259399
0.86259399
0.86259399
0.86259399
0.86259399
0.86259399
0.86259399
0.86259399
0.86259399
0.86259399
0.86259399
0.86259399
0.86259399
0.86259399
0.86259399
0.86259399
0.86259399
0.86259399
0.86259399
0.86259399
0.86259399
0.86259399
0.86259399
0.99765250
0.86259399
0.86259399
0.86259399
0.86259399
0.86259399
0.86259399
0.86259399
0.99268265
0.86259399
0.86259399
0.86259399
0.86259399
0.86259399
0.86259399
0.86259399
0.86259399
0.86259399
0.86259399
0.86259399
0.86259399
0.86259399
0.86259399
0.86259399
0.86259399
0.86259399
0.86259399
0.86259399
0.86259399
0.86259399
0.97789334
0.86259399
0.86259399
0.86259399
0.86259399
0.86259399
0.86259399
0.86259399
0.86259399
0.86259399
0.86259399
0.86259399
0.86259399
0.86259399
0.86259399
0.86259399
0.86259399
0.86259399
0.86259399
0.86259399
0.86259399
0.86259399
0.86259399
0.86259399
0.86259399
0.86259399
0.86259399
0.86259399
0.93309902
0.86259399
0.86259399
0.86259399
0.86259399
0.94319818
0.86259399
0.86259399
0.86259399
0.86259399
0.86259399
0.86259399
0.86259399
0.86259399
0.86259399
0.86259399
0.86259399
0.86259399
0.86259399
0.86259399
0.86259399
0.86259399
0.86259399
0.86259399
0.86259399
0.86259399
0.86259399
0.86259399
0.98275383
0.99760055
0.86259399
0.86259399
0.86259399
0.86259399
0.86259399
0.86259399
0.86259399
0.86259399
0.86259399
0.86259399
0.86259399
0.86259399
0.86259399
0.86259399
0.86259399
0.86259399
0.86259399
0.94537971
0.86259399
0.86259399
0.86259399
0.96944801
0.86259399
0.86259399
0.86259399
0.86259399
0.86259399
0.86259399
0.86259399
0.86259399
0.86259399
0.86259399
0.86259399
0.86259399
0.86259399
0.86259399
0.86259399
0.86259399
0.86259399
0.86259399
0.86259399
0.86259399
0.86259399
0.86259399
0.86259399
0.86259399
0.86259399
0.99763181
0.86259399
0.86259399
0.86259399
0.86259399
0.86259399
0.86259399
0.86259399
0.86259399
0.86259399
0.86259399
0.86259399
0.86259399
0.86259399
0.86259399
0.86259399
0.86259399
0.86259399
0.86259399
0.86259399
0.86259399
0.86259399
0.86259399
0.86259399
0.86259399
0.86259399
0.95541665
0.86259399
0.86259399
0.86259399
0.86259399
0.86259399
0.86259399
0.86259399
0.86259399
0.86259399
0.86259399
0.86259399
0.86259399
0.86259399
0.86259399
0.86259399
0.86259399
0.86259399
0.86259399
0.86259399
1.00000000
0.86259399
1.00000000
0.86259399
0.86259399
0.86259399
0.86259399
0.86259399
0.86259399
0.86259399
0.86259399
0.86259399
0.86259399
0.86259399
0.86259399
0.86259399
0.86259399
0.86259399
0.86259399
0.86259399
0.86259399
0.86259399
0.86259399
0.86259399
0.86259399
0.86259399
0.86259399
0.86259399
0.86259399
0.86259399
0.94839216
0.86259399
0.86259399
0.86259399
0.86259399
0.86259399
0.86259399
0.86259399
0.86259399
0.86259399
0.86259399
0.93781030
0.86259399
0.98772206
0.86259399
0.86259399
0.86259399
0.86259399
0.86259399
0.86259399
0.86259399
0.86259399
0.86259399
0.86259399
0.86259399
0.86259399
0.86259399
0.86259399
0.86259399
0.86259399
0.86259399
0.93742572
0.86259399
0.99357016
0.86259399
0.98426244
0.86259399
0.86259399
0.86259399
0.86259399
0.86259399
0.86259399
0.86259399
0.86259399
0.86259399
0.86259399
0.86259399
0.86259399
0.86259399
0.86259399
0.86259399
0.86259399
0.86259399
0.86259399
0.86259399
0.86259399
0.86259399
0.86259399
0.86259399
0.86259399
0.86259399
0.86259399
0.86259399
0.86259399
0.86259399
0.86259399
0.86259399
0.86259399
0.86259399
0.86259399
0.86259399
0.94450993
0.86259399
0.86259399
0.86259399
0.86259399
0.86259399
0.86259399
0.86259399
0.86259399
0.86259399
0.86259399
0.86259399
0.86259399
0.86259399
0.86259399
0.86259399
0.86259399
0.86259399
0.86259399
0.86259399
0.86259399
0.86259399
0.86259399
0.86259399
0.86259399
0.86259399
0.86259399
0.86259399
0.86259399
0.86259399
0.86259399
0.86259399
0.86259399
0.86259399
0.86259399
0.86259399
0.86259399
0.86259399
0.86259399
0.86259399
0.86259399
0.86259399
0.86259399
0.86259399
0.86259399
0.86259399
0.86259399
0.99876513
0.86259399
0.86259399
0.86259399
0.86259399
0.86259399
0.86259399
0.86259399
0.86259399
0.86259399
0.86259399
0.86259399
0.86259399
0.86259399
0.86259399
0.86259399
0.86259399
0.86259399
0.95628361
0.86259399
0.86259399
0.86259399
0.86259399
0.86259399
0.86259399
0.86259399
0.86259399
0.86259399
0.86259399
0.86259399
0.86259399
0.86259399
0.86259399
0.86259399
0.86259399
0.86259399
0.86259399
0.86259399
0.86259399
0.86259399
0.86259399
0.86259399
0.86259399
0.95639872
0.86259399
0.86259399
0.86259399
0.86259399
0.86259399
0.86259399
0.86259399
0.86259399
0.86259399
0.86259399
0.86259399
0.86259399
0.86259399
0.86259399
0.86259399
0.86259399
0.86259399
0.86259399
0.86259399
0.86259399
0.86259399
0.86259399
0.86259399
0.86259399
0.94093081
0.86259399
0.86259399
0.86259399
0.86259399
0.86259399
0.86259399
0.86259399
0.86259399
0.86259399
0.86259399
0.86259399
0.86259399
0.86259399
0.86259399
0.86259399
0.86259399
0.86259399
0.86259399
0.86259399
0.86259399
0.86259399
0.86259399
0.86259399
0.86259399
0.86259399
0.86259399
0.86259399
0.86259399
0.86259399
0.86259399
0.86259399
0.86259399
0.86259399
0.99604587
0.86259399
0.86259399
0.86259399
0.86259399
0.86259399
0.86259399
0.86259399
0.86259399
0.86259399
0.97277288
0.86259399
0.94061414
0.86259399
0.86259399
0.99998992
0.86259399
0.86259399
0.94099410
0.86259399
0.86259399
0.86259399
0.86259399
0.86259399
0.86259399
0.86259399
0.86259399
0.86259399
0.86259399
0.86259399
0.86259399
0.86259399
0.86259399
0.86259399
0.86259399
0.86259399
0.86259399
0.86259399
0.86259399
0.86259399
0.86259399
0.86259399
0.86259399
0.86259399
0.86259399
0.86259399
0.86259399
0.86259399
0.86259399
0.86259399
0.93439635
0.86259399
0.86259399
0.86259399
0.86259399
0.86259399
0.86259399
0.86259399
0.86259399
0.86259399
0.86259399
0.94839216
0.86259399
0.86259399
0.86259399
0.86259399
0.86259399
0.86259399
0.86259399
0.86259399
0.86259399
0.86259399
0.86259399
0.86259399
0.86259399
0.86259399
0.86259399
0.86259399
0.86259399
0.86259399
0.86259399
0.98688825
0.86259399
0.86259399
0.86259399
0.86259399
0.86259399
0.86259399
0.86259399
0.86259399
0.86259399
0.86259399
0.86259399
0.86259399
0.86259399
0.86259399
0.86259399
0.86259399
0.86259399
0.95448506
0.86259399
0.86259399
0.86259399
0.86259399
0.99561938
0.86259399
0.86259399
0.86259399
0.86259399
0.86259399
0.86259399
0.86259399
0.86259399
0.86259399
0.86259399
0.86259399
0.86259399
0.94990883
0.86259399
0.86259399
0.86259399
0.86259399
0.94519365
0.95500993
0.86259399
0.86259399
0.86259399
0.86259399
0.86259399
0.86259399
0.86259399
0.86259399
0.86259399
0.86259399
0.86259399
0.86259399
0.86259399
0.86259399
0.86259399
0.86259399
0.86259399
0.86259399
0.86259399
0.86259399
0.86259399
0.86259399
0.86259399
0.86259399
0.86259399
0.86259399
0.86259399
0.86259399
0.86259399
0.86259399
0.86259399
0.86259399
0.86259399
0.86259399
0.86259399
0.99627661
0.86259399
0.86259399
0.86259399
0.86259399
0.86259399
0.86259399
0.86259399
0.86259399
0.86259399
0.86259399
0.86259399
0.86259399
0.86259399
0.86259399
0.86259399
0.86259399
0.86259399
0.86259399
0.86259399
0.86259399
0.86259399
0.96002098
0.86259399
0.86259399
0.86259399
0.86259399
0.86259399
0.98170500
0.86259399
0.86259399
0.86259399
0.99704882
0.86259399
0.86259399
0.86259399
0.86259399
0.86259399
0.95002954
0.86259399
0.86259399
0.94112062
0.86259399
0.86259399
0.86259399
0.86259399
0.86259399
0.86259399
0.86259399
0.86259399
0.86259399
0.86259399
0.86259399
0.86259399
0.86259399
0.86259399
0.86259399
0.86259399
0.86259399
0.86259399
0.86259399
0.86259399
0.86259399
0.86259399
0.86259399
0.86259399
0.86259399
0.86259399
0.86259399
0.93296904
0.86259399
0.86259399
0.86259399
0.86259399
0.86259399
0.86259399
0.86259399
0.86259399
0.86259399
0.86259399
0.86259399
0.86259399
0.86259399
0.86259399
0.86259399
0.86259399
0.86259399
0.86259399
0.99984178
0.86259399
0.86259399
0.86259399
0.86259399
0.86259399
0.86259399
0.86259399
0.99986113
0.86259399
0.96784503
0.86259399
0.86259399
0.86259399
0.86259399
0.86259399
0.86259399
0.86259399
0.86259399
0.86259399
0.86259399
0.86259399
0.86259399
0.86259399
0.86259399
0.86259399
0.86259399
0.86259399
0.86259399
0.86259399
0.86259399
0.86259399
0.86259399
0.86259399
0.86259399
0.86259399
0.86259399
0.86259399
0.86259399
0.86259399
0.86259399
0.86259399
0.86259399
0.86259399
0.86259399
0.86259399
0.86259399
0.86259399
0.86259399
0.86259399
0.86259399
0.86259399
0.94537971
0.86259399
0.86259399
0.86259399
0.86259399
0.98286417
0.86259399
0.86259399
0.86259399
0.86259399
0.86259399
0.86259399
0.86259399
0.86259399
0.86259399
0.86259399
0.86259399
0.86259399
0.94990883
0.86259399
0.86259399
0.95570633
0.86259399
0.86259399
0.86259399
0.86259399
0.86259399
0.86259399
0.86259399
0.86259399
0.86259399
0.86259399
0.86259399
0.86259399
0.86259399
0.86259399
0.86259399
0.86259399
0.86259399
0.86259399
0.86259399
0.86259399
0.86259399
0.86259399
0.86259399
0.86259399
0.86259399
0.86259399
0.86259399
0.86259399
0.86259399
0.86259399
0.99999997
0.86259399
0.86259399
0.86259399
0.86259399
0.86259399
0.86259399
0.86259399
0.86259399
0.86259399
0.86259399
0.86259399
0.86259399
0.86259399
0.86259399
0.86259399
0.86259399
0.86259399
0.86259399
0.86259399
0.95685806
0.86259399
0.86259399
0.86259399
0.86259399
0.86259399
0.86259399
0.86259399
0.86259399
0.86259399
0.86259399
0.86259399
0.86259399
0.86259399
0.86259399
0.96708075
0.86259399
0.86259399
0.86259399
0.86259399
0.86259399
0.86259399
0.86259399
0.86259399
0.86259399
0.86259399
0.86259399
0.86259399
0.86259399
0.86259399
0.86259399
0.86259399
0.86259399
0.86259399
0.86259399
0.86259399
0.86259399
0.86259399
0.86259399
0.86259399
0.86259399
0.86259399
0.86259399
0.86259399
0.86259399
0.86259399
0.86259399
0.86259399
0.86259399
0.86259399
0.86259399
0.86259399
0.93966167
0.86259399
0.86259399
0.86259399
0.86259399
0.86259399
0.86259399
0.86259399
0.86259399
0.86259399
0.86259399
0.86259399
0.96573697
0.86259399
0.86259399
0.86259399
0.86259399
0.86259399
0.86259399
0.86259399
0.86259399
0.86259399
0.86259399
0.94029705
0.86259399
0.86259399
0.86259399
0.86259399
0.86259399
0.86259399
0.86259399
0.86259399
0.86259399
0.86259399
0.86259399
0.86259399
0.86259399
0.86259399
0.86259399
0.86259399
0.86259399
0.86259399
0.86259399
0.86259399
0.86259399
0.86259399
0.86259399
0.86259399
0.86259399
0.86259399
0.86259399
0.86259399
0.86259399
0.86259399
0.86259399
0.86259399
0.86259399
0.86259399
0.86259399
0.86259399
0.86259399
0.99942348
0.86259399
0.86259399
0.86259399
0.86259399
0.86259399
0.86259399
0.86259399
0.86259399
0.86259399
0.86259399
0.86259399
0.86259399
0.86259399
0.86259399
0.86259399
0.86259399
0.86259399
0.86259399
0.86259399
0.86259399
0.86259399
0.86259399
0.86259399
0.86259399
0.86259399
0.86259399
0.86259399
0.86259399
0.86259399
0.86259399
0.86259399
0.86259399
0.86259399
0.86259399
0.86259399
0.86259399
0.86259399
0.86259399
0.86259399
0.86259399
0.86259399
0.86259399
0.86259399
0.86259399
0.86259399
0.86259399
0.86259399
0.86259399
0.86259399
0.86259399
0.86259399
0.86259399
0.86259399
0.86259399
0.86259399
0.86259399
0.86259399
0.86259399
0.86259399
0.86259399
0.86259399
0.86259399
0.99671052
0.86259399
0.86259399
0.86259399
0.86259399
0.86259399
0.86259399
0.86259399
0.86259399
0.86259399
0.86259399
0.97149368
0.99315670
0.86259399
0.86259399
0.86259399
0.86259399
0.86259399
0.86259399
0.86259399
0.86259399
0.86259399
0.86259399
0.86259399
0.86259399
0.86259399
0.86259399
0.86259399
0.86259399
0.86259399
0.86259399
0.86259399
0.86259399
0.86259399
0.86259399
0.86259399
0.86259399
0.86259399
0.86259399
0.86259399
0.86259399
0.86259399
0.86259399
0.86259399
0.86259399
0.86259399
0.86259399
0.86259399
0.86259399
0.86259399
0.86259399
0.86259399
0.86259399
0.86259399
0.86259399
0.86259399
0.86259399
0.86259399
0.86259399
0.86259399
0.86259399
0.86259399
0.86259399
0.86259399
0.86259399
0.86259399
0.99999816
0.86259399
0.86259399
0.86259399
0.86259399
0.86259399
0.86259399
0.86259399
0.86259399
0.86259399
0.86259399
0.86259399
0.86259399
0.86259399
0.86259399
0.86259399
0.86259399
0.86259399
0.86259399
0.86259399
0.86259399
0.86259399
0.86259399
0.86259399
0.86259399
0.86259399
0.86259399
0.86259399
0.86259399
0.86259399
0.86259399
0.86259399
0.99929710
0.86259399
0.86259399
0.86259399
0.86259399
0.86259399
0.86259399
0.86259399
0.97934267
0.86259399
0.86259399
0.86259399
0.86259399
0.86259399
0.86259399
0.86259399
0.86259399
0.86259399
0.86259399
0.86259399
0.86259399
0.86259399
0.86259399
0.86259399
0.86259399
0.86259399
0.86259399
0.86259399
0.86259399
0.86259399
0.86259399
0.86259399
0.86259399
0.86259399
0.86259399
0.86259399
0.86259399
0.86259399
0.86259399
0.86259399
0.86259399
0.86259399
0.86259399
0.86259399
0.86259399
0.86259399
0.86259399
0.86259399
0.86259399
0.86259399
0.86259399
0.86259399
0.86259399
0.86259399
0.86259399
0.86259399
0.86259399
0.86259399
0.86259399
0.86259399
0.86259399
0.86259399
0.93793839
0.95530058
0.86259399
0.86259399
0.86259399
0.86259399
0.86259399
0.86259399
0.86259399
0.86259399
0.86259399
0.86259399
0.86259399
0.86259399
0.86259399
0.86259399
0.86259399
0.86259399
0.86259399
0.86259399
0.86259399
0.86259399
0.86259399
0.86259399
0.86259399
0.86259399
0.86259399
0.86259399
0.86259399
0.86259399
0.86259399
0.86259399
0.86259399
0.99453232
0.86259399
0.86259399
0.86259399
0.86259399
0.86259399
0.99648453
0.86259399
0.86259399
0.86259399
0.86259399
0.86259399
0.86259399
0.86259399
0.86259399
0.86259399
0.86259399
0.86259399
0.86259399
0.86259399
0.86259399
0.86259399
0.86259399
0.86259399
0.86259399
0.86259399
0.86259399
0.86259399
0.86259399
0.86259399
0.86259399
0.86259399
0.86259399
0.86259399
0.86259399
0.86259399
0.86259399
0.93991601
0.86259399
0.86259399
0.86259399
0.86259399
0.86259399
0.86259399
0.86259399
0.86259399
0.86259399
0.86259399
0.99150502
0.86259399
0.86259399
0.86259399
0.86259399
0.95372307
0.86259399
0.86259399
0.86259399
0.86259399
0.86259399
0.86259399
0.86259399
0.86259399
0.86259399
0.99994845
0.86259399
0.86259399
0.86259399
0.86259399
0.86259399
0.86259399
0.86259399
0.86259399
0.86259399
0.86259399
0.86259399
0.86259399
0.86259399
0.86259399
0.86259399
0.86259399
0.86259399
0.86259399
0.86259399
0.86259399
0.86259399
0.86259399
0.86259399
0.86259399
0.86259399
0.86259399
0.86259399
0.86259399
0.86259399
0.86259399
0.86259399
0.95799836
0.86259399
0.86259399
0.86259399
0.86259399
0.86259399
0.86259399
0.86259399
0.86259399
0.86259399
0.97721356
0.86259399
0.86259399
0.86259399
0.86259399
0.86259399
0.86259399
0.99537878
0.98529224
0.86259399
0.86259399
0.86259399
0.86259399
0.86259399
0.86259399
0.86259399
0.86259399
0.86259399
0.86259399
0.86259399
0.86259399
0.86259399
0.86259399
0.86259399
0.86259399
0.86259399
0.86259399
0.86259399
0.86259399
0.86259399
0.86259399
0.86259399
0.86259399
0.86259399
0.86259399
0.86259399
0.86259399
0.86259399
0.86259399
0.86259399
0.86259399
0.86259399
0.97930199
0.86259399
0.86259399
0.86259399
0.86259399
0.86259399
0.86259399
1.00000000
0.86259399
0.86259399
0.86259399
0.86259399
0.86259399
0.86259399
0.86259399
0.86259399
0.86259399
0.86259399
0.86259399
0.86259399
0.86259399
0.86259399
0.86259399
0.86259399
0.86259399
0.86259399
0.86259399
0.86259399
0.86259399
0.86259399
0.86259399
0.98387486
0.86259399
0.86259399
0.86259399
0.86259399
0.86259399
0.86259399
0.86259399
0.96949749
0.86259399
0.86259399
0.97211314
0.95737263
0.86259399
0.86259399
0.86259399
0.86259399
0.86259399
0.86259399
0.86259399
0.86259399
0.86259399
0.86259399
0.86259399
0.86259399
0.86259399
0.86259399
0.86259399
0.86259399
0.86259399
0.99860747
0.86259399
0.86259399
0.86259399
0.94550364
0.86259399
0.86259399
0.86259399
0.86259399
0.86259399
0.86259399
0.86259399
0.86259399
0.86259399
0.86259399
0.86259399
0.86259399
0.97738451
0.86259399
0.86259399
0.86259399
0.86259399
0.86259399
0.86259399
0.86259399
0.86259399
0.86259399
0.86259399
0.86259399
0.99970394
0.86259399
0.86259399
0.86259399
0.86259399
0.86259399
0.86259399
0.86259399
0.86259399
0.86259399
0.86259399
0.86259399
0.86259399
0.86259399
0.86259399
0.86259399
0.86259399
0.86259399
0.86259399
0.94655381
0.86259399
0.86259399
0.86259399
0.86259399
0.86259399
0.86259399
0.86259399
0.86259399
0.86259399
0.86259399
0.86259399
0.86259399
0.94004309
0.86259399
0.86259399
0.86259399
0.86259399
0.86259399
0.86259399
0.86259399
0.86259399
0.86259399
0.86259399
0.86259399
0.86259399
0.86259399
0.86259399
0.86259399
0.86259399
0.86259399
0.99916664
0.86259399
0.86259399
0.86259399
0.86259399
0.99266062
0.86259399
0.86259399
0.86259399
0.86259399
0.86259399
0.86259399
0.86259399
0.86259399
0.86259399
0.86259399
0.86259399
0.86259399
0.86259399
0.86259399
0.86259399
0.86259399
0.86259399
0.86259399
0.86259399
0.86259399
0.86259399
0.86259399
0.86259399
0.86259399
0.86259399
0.86259399
0.86259399
0.86259399
0.86259399
0.86259399
0.86259399
0.86259399
0.86259399
0.86259399
0.86259399
0.86259399
0.86259399
0.86259399
0.86259399
0.86259399
0.86259399
0.86259399
0.86259399
0.86259399
0.86259399
0.99950249
0.86259399
0.86259399
0.86259399
0.93915222
0.86259399
0.86259399
0.94282188
0.86259399
0.86259399
0.86259399
0.86259399
0.86259399
0.86259399
0.86259399
0.98565982
0.86259399
0.99998470
0.86259399
0.86259399
0.86259399
0.86259399
0.86259399
0.94581313
0.86259399
0.86259399
0.86259399
0.86259399
0.86259399
0.86259399
0.86259399
0.86259399
0.86259399
0.86259399
0.86259399
0.86259399
0.86259399
0.99724915
0.86259399
0.86259399
0.86259399
0.86259399
0.93959804
0.86259399
0.86259399
0.86259399
0.86259399
0.86259399
0.94010660
0.94729148
0.86259399
0.86259399
0.86259399
0.86259399
0.86259399
0.99867767
0.86259399
0.97263215
0.86259399
0.86259399
0.86259399
0.86259399
0.86259399
0.86259399
0.86259399
0.86259399
0.86259399
0.86259399
0.86259399
0.86259399
0.86259399
0.86259399
0.94351125
0.86259399
0.86259399
0.86259399
0.86259399
0.86259399
0.95063167
0.86259399
0.86259399
0.86259399
0.86259399
0.86259399
0.86259399
0.95645624
0.86259399
0.86259399
0.86259399
0.86259399
0.86259399
0.86259399
0.86259399
0.86259399
0.86259399
0.86259399
0.86259399
0.86259399
0.86259399
0.86259399
0.86259399
0.86259399
0.86259399
0.86259399
0.86259399
0.86259399
0.86259399
0.86259399
0.86259399
0.86259399
0.86259399
0.86259399
0.86259399
0.86259399
0.86259399
0.86259399
0.86259399
0.86259399
0.93452583
0.86259399
0.86259399
0.99979177
0.94494530
0.86259399
0.86259399
0.86259399
0.86259399
0.86259399
0.86259399
0.86259399
0.86259399
0.86259399
0.93966167
0.86259399
0.86259399
0.86259399
0.86259399
0.86259399
0.86259399
0.86259399
0.86259399
0.86259399
0.86259399
0.86259399
0.86259399
0.86259399
0.86259399
0.86259399
0.86259399
0.86259399
0.86259399
0.86259399
0.86259399
0.86259399
0.86259399
0.86259399
0.86259399
0.86259399
0.86259399
0.86259399
0.86259399
0.86259399
0.86259399
0.86259399
0.86259399
0.86259399
0.86259399
0.86259399
0.86259399
0.86259399
0.86259399
0.86259399
0.86259399
0.86259399
0.99434795
0.86259399
0.86259399
0.86259399
0.86259399
0.86259399
0.86259399
0.86259399
0.86259399
0.86259399
0.86259399
0.99989864
0.86259399
0.99155329
0.86259399
0.94655381
0.86259399
0.86259399
0.86259399
0.86259399
0.86259399
0.86259399
0.86259399
0.86259399
0.86259399
0.86259399
0.86259399
0.86259399
0.86259399
0.86259399
0.86259399
0.86259399
0.93908847
0.86259399
0.99920556
0.93562442
0.86259399
0.86259399
0.94048735
0.86259399
0.86259399
0.86259399
0.86259399
0.86259399
0.86259399
0.96057579
0.86259399
0.86259399
0.86259399
0.86259399
0.86259399
0.86259399
0.86259399
0.86259399
0.86259399
0.86259399
0.86259399
0.99900835
0.86259399
0.86259399
0.86259399
0.86259399
0.94042393
0.86259399
0.86259399
0.86259399
0.86259399
0.86259399
0.96733641
0.86259399
0.86259399
0.86259399
0.86259399
0.86259399
0.86259399
0.86259399
0.86259399
0.86259399
0.86259399
0.86259399
0.86259399
0.86259399
0.86259399
0.86259399
0.86259399
0.86259399
0.86259399
0.86259399
0.86259399
0.86259399
0.86259399
0.86259399
0.86259399
0.86259399
0.86259399
0.86259399
0.86259399
0.86259399
0.86259399
0.86259399
0.86259399
0.86259399
0.86259399
0.86259399
0.86259399
0.86259399
0.86259399
0.86259399
0.86259399
0.86259399
0.86259399
0.86259399
0.86259399
0.86259399
0.86259399
0.86259399
0.86259399
0.86259399
0.86259399
0.86259399
0.86259399
0.86259399
0.86259399
0.86259399
0.86259399
0.86259399
0.86259399
0.86259399
0.86259399
0.86259399
0.86259399
0.86259399
0.86259399
0.86259399
0.86259399
0.86259399
0.86259399
0.86259399
0.86259399
0.99410229
0.86259399
0.86259399
0.99223403
0.86259399
0.86259399
0.86259399
0.86259399
0.86259399
0.86259399
0.86259399
0.98081785
0.86259399
0.95912687
0.86259399
0.86259399
0.86259399
0.86259399
0.86259399
0.86259399
0.86259399
0.86259399
0.86259399
0.86259399
0.86259399
0.96651515
0.86259399
0.86259399
0.86259399
0.99715608
0.94419837
0.86259399
0.86259399
0.86259399
0.86259399
0.86259399
0.86259399
0.86259399
0.86259399
0.86259399
0.86259399
0.86259399
0.86259399
0.86259399
0.86259399
0.86259399
0.86259399
0.86259399
0.95794162
0.94074086
0.86259399
0.99577505
0.86259399
0.86259399
0.86259399
0.86259399
0.86259399
0.86259399
0.86259399
0.86259399
0.86259399
0.86259399
0.86259399
0.86259399
0.86259399
0.86259399
0.86259399
0.86259399
0.86259399
0.86259399
0.86259399
0.86259399
0.86259399
0.86259399
0.86259399
0.86259399
0.86259399
0.86259399
0.86259399
0.86259399
0.95254215
0.86259399
0.86259399
0.86259399
0.86259399
0.86259399
0.86259399
0.86259399
0.86259399
0.86259399
0.86259399
0.86259399
0.86259399
0.86259399
0.86259399
0.86259399
0.86259399
0.99848971
0.86259399
0.86259399
0.86259399
0.86259399
0.86259399
0.99999435
0.86259399
0.86259399
0.86259399
0.86259399
0.86259399
0.86259399
0.86259399
0.86259399
0.86259399
0.86259399
0.86259399
0.86259399
0.86259399
0.86259399
0.86259399
0.86259399
0.86259399
0.86259399
0.86259399
0.86259399
0.86259399
0.86259399
0.86259399
0.86259399
0.99449576
0.96969504
0.86259399
0.86259399
0.86259399
0.86259399
0.86259399
0.86259399
0.86259399
0.98362543
0.86259399
0.86259399
0.86259399
0.86259399
0.86259399
0.86259399
0.86259399
0.86259399
0.86259399
0.86259399
0.86259399
0.86259399
0.86259399
0.86259399
0.86259399
0.94036050
0.86259399
0.86259399
0.86259399
0.86259399
0.86259399
0.86259399
0.86259399
0.86259399
0.86259399
0.86259399
0.86259399
0.86259399
0.99779380
0.86259399
0.86259399
0.86259399
0.86259399
0.86259399
0.94004309
0.86259399
0.86259399
0.86259399
0.86259399
0.86259399
0.86259399
0.86259399
0.86259399
0.86259399
0.86259399
0.96759117
0.86259399
0.94450993
0.86259399
0.86259399
0.86259399
0.86259399
0.86259399
0.86259399
0.86259399
0.86259399
0.86259399
0.86259399
0.86259399
0.86259399
0.86259399
0.86259399
0.86259399
0.86259399
0.86259399
0.86259399
0.86259399
0.86259399
0.86259399
0.86259399
0.86259399
0.86259399
0.86259399
0.86259399
0.86259399
0.86259399
0.86259399
0.86259399
0.86259399
0.86259399
0.86259399
0.86259399
0.86259399
0.86259399
0.94149977
0.86259399
0.86259399
0.86259399
0.86259399
0.86259399
0.86259399
0.86259399
0.86259399
0.86259399
0.86259399
0.86259399
0.86259399
0.86259399
0.86259399
0.86259399
0.86259399
0.86259399
0.86259399
0.86259399
0.86259399
0.86259399
0.86259399
0.86259399
0.86259399
0.86259399
0.86259399
0.86259399
0.97484076
0.86259399
0.86259399
0.86259399
0.86259399
0.86259399
0.86259399
0.86259399
0.86259399
0.86259399
0.86259399
0.86259399
0.86259399
0.86259399
0.86259399
0.86259399
0.86259399
0.86259399
0.86259399
0.86259399
0.99739590
0.86259399
0.86259399
0.86259399
0.86259399
0.86259399
0.86259399
0.86259399
0.86259399
0.86259399
0.86259399
0.86259399
0.86259399
0.86259399
0.86259399
0.86259399
0.96013219
0.86259399
0.86259399
0.86259399
0.99927497
0.86259399
0.86259399
0.86259399
0.86259399
0.86259399
0.86259399
0.86259399
0.86259399
0.86259399
0.86259399
0.86259399
0.97305326
0.86259399
0.86259399
0.86259399
0.86259399
0.86259399
0.86259399
0.86259399
0.86259399
0.86259399
0.86259399
0.86259399
0.86259399
0.86259399
0.86259399
0.86259399
0.86259399
0.86259399
0.86259399
0.86259399
0.86259399
0.86259399
0.86259399
0.86259399
0.86259399
0.86259399
0.86259399
0.86259399
0.86259399
0.86259399
0.86259399
0.86259399
0.86259399
0.86259399
0.86259399
0.86259399
0.86259399
0.86259399
0.86259399
0.86259399
0.86259399
0.86259399
0.86259399
0.96865124
0.86259399
0.86259399
0.86259399
0.86259399
0.86259399
0.86259399
0.86259399
0.86259399
0.86259399
0.86259399
0.86259399
0.86259399
0.86259399
0.86259399
0.86259399
0.86259399
0.86259399
0.86259399
0.86259399
0.86259399
0.86259399
0.86259399
0.86259399
0.86259399
0.86259399
0.86259399
0.86259399
0.86259399
0.86259399
0.86259399
0.86259399
0.86259399
0.86259399
0.86259399
0.86259399
0.86259399
0.86259399
0.86259399
0.86259399
0.86259399
0.86259399
0.86259399
0.86259399
0.86259399
0.86259399
0.86259399
0.86259399
0.86259399
0.86259399
0.86259399
0.86259399
0.86259399
0.86259399
0.86259399
0.86259399
0.86259399
0.86259399
0.86259399
0.86259399
0.86259399
0.86259399
0.86259399
0.86259399
0.86259399
0.86259399
0.86259399
0.86259399
0.86259399
0.86259399
0.94575127
0.86259399
0.86259399
0.86259399
0.86259399
0.86259399
0.86259399
0.86259399
0.86259399
0.86259399
0.86259399
0.86259399
0.86259399
0.86259399
0.86259399
0.86259399
0.86259399
0.86259399
0.86259399
0.86259399
0.86259399
0.86259399
0.86259399
0.86259399
0.86259399
0.86259399
0.86259399
0.86259399
0.97938332
0.86259399
0.86259399
0.86259399
0.86259399
0.86259399
0.86259399
0.86259399
0.86259399
0.86259399
0.86259399
0.86259399
0.86259399
0.86259399
0.86259399
0.86259399
0.86259399
0.99870504
0.86259399
0.86259399
0.86259399
0.86259399
0.99938866
0.86259399
0.86259399
0.86259399
0.86259399
0.86259399
0.86259399
0.86259399
0.86259399
0.86259399
0.86259399
0.86259399
0.86259399
0.96754029
0.86259399
0.86259399
0.94618384
0.86259399
0.86259399
0.86259399
0.86259399
0.86259399
0.86259399
0.86259399
0.86259399
0.86259399
0.86259399
0.86259399
0.86259399
0.86259399
0.86259399
0.86259399
0.86259399
0.86259399
0.86259399
0.86259399
0.86259399
0.86259399
0.98549340
0.86259399
0.86259399
0.86259399
0.86259399
0.86259399
0.99172090
0.86259399
0.86259399
0.86259399
0.86259399
0.86259399
0.86259399
0.86259399
0.86259399
0.86259399
0.86259399
0.86259399
0.86259399
0.86259399
0.86259399
0.86259399
0.86259399
0.86259399
0.86259399
0.86259399
0.95541665
0.86259399
0.86259399
0.86259399
0.86259399
0.86259399
0.86259399
0.86259399
0.86259399
0.86259399
0.86259399
0.86259399
0.86259399
0.86259399
0.86259399
0.86259399
0.86259399
0.86259399
0.86259399
0.86259399
0.86259399
0.86259399
0.86259399
0.86259399
0.86259399
0.86259399
0.86259399
0.86259399
0.86259399
0.86259399
0.99415958
0.86259399
0.86259399
0.86259399
0.86259399
0.95731557
0.86259399
0.86259399
0.86259399
0.86259399
0.86259399
0.86259399
0.86259399
0.86259399
0.86259399
0.96129235
0.86259399
0.86259399
0.86259399
0.86259399
0.86259399
0.86259399
0.86259399
0.86259399
0.86259399
0.86259399
0.86259399
0.86259399
0.86259399
0.86259399
0.86259399
0.86259399
0.86259399
0.86259399
0.86259399
0.86259399
0.86259399
0.86259399
0.86259399
0.86259399
0.86259399
0.86259399
0.93915222
0.86259399
0.86259399
0.86259399
0.86259399
0.86259399
0.86259399
0.99771380
0.86259399
0.86259399
0.86259399
0.86259399
0.86259399
0.86259399
0.86259399
0.86259399
0.86259399
0.86259399
0.86259399
0.86259399
0.86259399
0.86259399
0.86259399
0.86259399
0.86259399
0.86259399
0.86259399
0.86259399
0.86259399
0.86259399
0.99991871
0.86259399
0.86259399
0.86259399
0.86259399
0.86259399
0.86259399
0.86259399
0.86259399
0.86259399
0.86259399
0.99058071
0.86259399
0.86259399
0.86259399
0.86259399
0.86259399
0.86259399
0.95714422
0.86259399
0.86259399
0.86259399
0.86259399
0.86259399
0.99997110
0.86259399
0.86259399
0.86259399
0.86259399
0.86259399
0.86259399
0.86259399
0.99981400
0.86259399
0.86259399
0.86259399
0.86259399
0.99999126
0.86259399
0.99700027
0.86259399
0.86259399
0.98763101
0.86259399
0.86259399
0.86259399
0.86259399
0.86259399
0.86259399
0.86259399
0.86259399
0.86259399
0.86259399
0.86259399
0.86259399
0.86259399
0.86259399
0.86259399
0.86259399
0.86259399
0.86259399
0.86259399
0.86259399
0.86259399
0.86259399
0.86259399
0.86259399
0.86259399
0.86259399
0.86259399
0.86259399
0.86259399
0.86259399
0.86259399
0.86259399
0.86259399
0.86259399
0.95535863
0.86259399
0.86259399
0.86259399
0.86259399
0.86259399
0.86259399
0.86259399
0.86259399
0.86259399
0.86259399
0.86259399
0.86259399
0.86259399
0.86259399
0.86259399
0.96568481
0.86259399
0.86259399
0.86259399
0.86259399
0.86259399
0.86259399
0.86259399
0.86259399
0.86259399
0.86259399
0.86259399
0.86259399
0.86259399
0.86259399
0.86259399
0.86259399
0.86259399
0.86259399
0.86259399
0.86259399
0.86259399
0.86259399
0.86259399
0.86259399
0.86259399
0.86259399
0.86259399
0.86259399
0.86259399
0.86259399
0.86259399
0.86259399
0.86259399
0.96969504
0.86259399
0.86259399
0.86259399
0.86259399
0.86259399
0.86259399
0.86259399
0.86259399
0.86259399
0.98621732
0.86259399
0.86259399
0.86259399
0.86259399
0.86259399
0.86259399
0.86259399
0.86259399
0.86259399
0.86259399
0.86259399
0.86259399
0.95605303
0.86259399
0.86259399
0.86259399
0.86259399
0.97751229
0.86259399
0.86259399
0.86259399
0.86259399
0.86259399
0.86259399
0.86259399
0.86259399
0.86259399
0.99998239
0.86259399
0.96484554
0.86259399
0.86259399
0.86259399
0.86259399
0.86259399
0.86259399
0.86259399
0.86259399
0.86259399
0.86259399
0.86259399
0.86259399
0.86259399
0.86259399
0.86259399
0.86259399
0.86259399
0.86259399
0.86259399
0.86259399
0.86259399
0.86259399
0.86259399
0.86259399
0.86259399
0.86259399
0.86259399
0.86259399
0.86259399
0.99856410
0.86259399
0.86259399
0.86259399
0.86259399
0.86259399
0.86259399
0.86259399
0.86259399
0.86259399
0.86259399
0.95495172
0.86259399
0.86259399
0.86259399
0.86259399
0.86259399
0.86259399
0.97067376
0.86259399
0.86259399
0.86259399
0.86259399
0.86259399
0.86259399
0.86259399
0.86259399
0.86259399
0.86259399
0.86259399
0.86259399
0.86259399
0.86259399
0.86259399
0.86259399
0.97789334
0.86259399
0.86259399
0.86259399
0.86259399
0.86259399
0.86259399
0.86259399
0.86259399
0.86259399
0.86259399
0.86259399
0.86259399
0.86259399
0.86259399
0.86259399
0.98817129
0.86259399
0.86259399
0.86259399
0.86259399
0.86259399
0.86259399
0.86259399
0.86259399
0.93355360
0.86259399
0.86259399
0.86259399
0.86259399
0.86259399
0.86259399
0.86259399
0.86259399
0.86259399
0.86259399
0.86259399
0.86259399
0.86259399
0.86259399
0.99429187
0.86259399
0.86259399
0.86259399
0.86259399
0.86259399
0.86259399
0.86259399
0.86259399
0.86259399
0.86259399
0.86259399
0.86259399
0.86259399
0.86259399
0.86259399
0.86259399
0.86259399
0.86259399
0.86259399
0.86259399
0.86259399
0.86259399
0.86259399
0.86259399
0.86259399
0.86259399
0.86259399
0.86259399
0.86259399
0.86259399
0.86259399
0.86259399
0.86259399
0.86259399
0.86259399
0.86259399
0.96479280
0.86259399
0.86259399
0.86259399
0.86259399
0.86259399
0.86259399
0.86259399
0.86259399
0.95336988
0.86259399
0.86259399
0.86259399
0.86259399
0.86259399
0.96162126
0.86259399
0.86259399
0.86259399
0.93342378
0.86259399
0.86259399
0.86259399
0.86259399
0.86259399
0.86259399
0.86259399
0.86259399
0.86259399
0.86259399
0.86259399
0.86259399
0.86259399
0.86259399
0.93851403
0.86259399
0.86259399
0.86259399
0.86259399
0.86259399
0.99992131
0.86259399
0.86259399
0.96687558
0.86259399
0.86259399
0.86259399
0.86259399
0.86259399
0.86259399
0.86259399
0.86259399
0.86259399
0.86259399
0.86259399
