# NTRAJ	1000
0.000	0.00000000
0.001	0.00000016
0.002	0.00000064
0.003	0.00000144
0.004	0.00000256
0.005	0.00000399
0.006	0.00000575
0.007	0.00000782
0.008	0.00001020
0.009	0.00001291
0.010	0.00001593
0.011	0.00001926
0.012	0.00002291
0.013	0.00002688
0.014	0.00003116
0.015	0.00003575
0.016	0.00004065
0.017	0.00004587
0.018	0.00005140
0.019	0.00005724
0.020	0.00006339
0.021	0.00006986
0.022	0.00007663
0.023	0.00008371
0.024	0.00009110
0.025	0.00009880
0.026	0.00010681
0.027	0.00011513
0.028	0.00012375
0.029	0.00013268
0.030	0.00014191
0.031	0.00015146
0.032	0.00016131
0.033	0.00017146
0.034	0.00018193
0.035	0.00019269
0.036	0.00020375
0.037	0.00021512
0.038	0.00022678
0.039	0.00023875
0.040	0.00025102
0.041	0.00026359
0.042	0.00027647
0.043	0.00028964
0.044	0.00030311
0.045	0.00031686
0.046	0.00033095
0.047	0.00034531
0.048	0.00035996
0.049	0.00037494
0.050	0.00039021
0.051	0.00040577
0.052	0.00042163
0.053	0.00043778
0.054	0.00045425
0.055	0.00047097
0.056	0.00048802
0.057	0.00050535
0.058	0.00052295
0.059	0.00054082
0.060	0.00055904
0.061	0.00057754
0.062	0.00059632
0.063	0.00061540
0.064	0.00063474
0.065	0.00065439
0.066	0.00067426
0.067	0.00069454
0.068	0.00071508
0.069	0.00073596
0.070	0.00075713
0.071	0.00077857
0.072	0.00080022
0.073	0.00082223
0.074	0.00084447
0.075	0.00086711
0.076	0.00088995
0.077	0.00091317
0.078	0.00093651
0.079	0.00096018
0.080	0.00098416
0.081	0.00100841
0.082	0.00103295
0.083	0.00105783
0.084	0.00108302
0.085	0.00110831
0.086	0.00113393
0.087	0.00115987
0.088	0.00118604
0.089	0.00121238
0.090	0.00123914
0.091	0.00126609
0.092	0.00129319
0.093	0.00132071
0.094	0.00134851
0.095	0.00137656
0.096	0.00140508
0.097	0.00143375
0.098	0.00146273
0.099	0.00149181
0.100	0.00152132
0.101	0.00155105
0.102	0.00158097
0.103	0.00161123
0.104	0.00164182
0.105	0.00167259
0.106	0.00170363
0.107	0.00173485
0.108	0.00176649
0.109	0.00179849
0.110	0.00183070
0.111	0.00186332
0.112	0.00189607
0.113	0.00192909
0.114	0.00196241
0.115	0.00199594
0.116	0.00202999
0.117	0.00206420
0.118	0.00209868
0.119	0.00213312
0.120	0.00216802
0.121	0.00220307
0.122	0.00223864
0.123	0.00227471
0.124	0.00231101
0.125	0.00234756
0.126	0.00238398
0.127	0.00242039
0.128	0.00245755
0.129	0.00249512
0.130	0.00253271
0.131	0.00257067
0.132	0.00260844
0.133	0.00264708
0.134	0.00268601
0.135	0.00272450
0.136	0.00276313
0.137	0.00280270
0.138	0.00284164
0.139	0.00288144
0.140	0.00292120
0.141	0.00296144
0.142	0.00300216
0.143	0.00304320
0.144	0.00308456
0.145	0.00312549
0.146	0.00316696
0.147	0.00320907
0.148	0.00325165
0.149	0.00329347
0.150	0.00333611
0.151	0.00337942
0.152	0.00342293
0.153	0.00346641
0.154	0.00351036
0.155	0.00355401
0.156	0.00359845
0.157	0.00364296
0.158	0.00368845
0.159	0.00373233
0.160	0.00377721
0.161	0.00382253
0.162	0.00386828
0.163	0.00391432
0.164	0.00396092
0.165	0.00400718
0.166	0.00405438
0.167	0.00410092
0.168	0.00414764
0.169	0.00419572
0.170	0.00424322
0.171	0.00429069
0.172	0.00433832
0.173	0.00438654
0.174	0.00443398
0.175	0.00448228
0.176	0.00453184
0.177	0.00458125
0.178	0.00463112
0.179	0.00468091
0.180	0.00473051
0.181	0.00478029
0.182	0.00483037
0.183	0.00488072
0.184	0.00493293
0.185	0.00498441
0.186	0.00503540
0.187	0.00508723
0.188	0.00514016
0.189	0.00519203
0.190	0.00524428
0.191	0.00529695
0.192	0.00534826
0.193	0.00540147
0.194	0.00545473
0.195	0.00550962
0.196	0.00556325
0.197	0.00561804
0.198	0.00567389
0.199	0.00572869
0.200	0.00578228
0.201	0.00583622
0.202	0.00588981
0.203	0.00594338
0.204	0.00600085
0.205	0.00605727
0.206	0.00611463
0.207	0.00617106
0.208	0.00622823
0.209	0.00628482
0.210	0.00634303
0.211	0.00639878
0.212	0.00645660
0.213	0.00651455
0.214	0.00657258
0.215	0.00663003
0.216	0.00668882
0.217	0.00674761
0.218	0.00680648
0.219	0.00686643
0.220	0.00692495
0.221	0.00698278
0.222	0.00704246
0.223	0.00710457
0.224	0.00716452
0.225	0.00722533
0.226	0.00728699
0.227	0.00734950
0.228	0.00740775
0.229	0.00746848
0.230	0.00753002
0.231	0.00759028
0.232	0.00765419
0.233	0.00771900
0.234	0.00778327
0.235	0.00784677
0.236	0.00791113
0.237	0.00797374
0.238	0.00803719
0.239	0.00809851
0.240	0.00816166
0.241	0.00822474
0.242	0.00828832
0.243	0.00835077
0.244	0.00841359
0.245	0.00847766
0.246	0.00854294
0.247	0.00860953
0.248	0.00867693
0.249	0.00874358
0.250	0.00880954
0.251	0.00887533
0.252	0.00893895
0.253	0.00900521
0.254	0.00907040
0.255	0.00913570
0.256	0.00920250
0.257	0.00927086
0.258	0.00933240
0.259	0.00940227
0.260	0.00946699
0.261	0.00953484
0.262	0.00960415
0.263	0.00967190
0.264	0.00974488
0.265	0.00981712
0.266	0.00988417
0.267	0.00995141
0.268	0.01001958
0.269	0.01008735
0.270	0.01015382
0.271	0.01022247
0.272	0.01029266
0.273	0.01036206
0.274	0.01043621
0.275	0.01050418
0.276	0.01057891
0.277	0.01065093
0.278	0.01072410
0.279	0.01079483
0.280	0.01086655
0.281	0.01093977
0.282	0.01101098
0.283	0.01108218
0.284	0.01114934
0.285	0.01122152
0.286	0.01129256
0.287	0.01136896
0.288	0.01143689
0.289	0.01150782
0.290	0.01157910
0.291	0.01165549
0.292	0.01173095
0.293	0.01181082
0.294	0.01188426
0.295	0.01195654
0.296	0.01202693
0.297	0.01210233
0.298	0.01218039
0.299	0.01225365
0.300	0.01232501
0.301	0.01240058
0.302	0.01247830
0.303	0.01254974
0.304	0.01262178
0.305	0.01270063
0.306	0.01277773
0.307	0.01285015
0.308	0.01292519
0.309	0.01300396
0.310	0.01308095
0.311	0.01315900
0.312	0.01324173
0.313	0.01331837
0.314	0.01339596
0.315	0.01347371
0.316	0.01354935
0.317	0.01363262
0.318	0.01371257
0.319	0.01379343
0.320	0.01386916
0.321	0.01394919
0.322	0.01402960
0.323	0.01411591
0.324	0.01419950
0.325	0.01427807
0.326	0.01435697
0.327	0.01443929
0.328	0.01451271
0.329	0.01459823
0.330	0.01467894
0.331	0.01476198
0.332	0.01484531
0.333	0.01492361
0.334	0.01500513
0.335	0.01508790
0.336	0.01516854
0.337	0.01524957
0.338	0.01533054
0.339	0.01541241
0.340	0.01549325
0.341	0.01557065
0.342	0.01564660
0.343	0.01573406
0.344	0.01581533
0.345	0.01590178
0.346	0.01598244
0.347	0.01606923
0.348	0.01615192
0.349	0.01623435
0.350	0.01631985
0.351	0.01640068
0.352	0.01648091
0.353	0.01656850
0.354	0.01665214
0.355	0.01672769
0.356	0.01680867
0.357	0.01689449
0.358	0.01698152
0.359	0.01706263
0.360	0.01714462
0.361	0.01722674
0.362	0.01731911
0.363	0.01739987
0.364	0.01749027
0.365	0.01757194
0.366	0.01765613
0.367	0.01773773
0.368	0.01781528
0.369	0.01790585
0.370	0.01798992
0.371	0.01807791
0.372	0.01815632
0.373	0.01825138
0.374	0.01834297
0.375	0.01843085
0.376	0.01852143
0.377	0.01859736
0.378	0.01868390
0.379	0.01877429
0.380	0.01887079
0.381	0.01896561
0.382	0.01905091
0.383	0.01913531
0.384	0.01921386
0.385	0.01930477
0.386	0.01939533
0.387	0.01948607
0.388	0.01957849
0.389	0.01967323
0.390	0.01975790
0.391	0.01984064
0.392	0.01992916
0.393	0.02001749
0.394	0.02010879
0.395	0.02019094
0.396	0.02028229
0.397	0.02037267
0.398	0.02047654
0.399	0.02056482
0.400	0.02065418
0.401	0.02074692
0.402	0.02083559
0.403	0.02092563
0.404	0.02101647
0.405	0.02109949
0.406	0.02119671
0.407	0.02130015
0.408	0.02139956
0.409	0.02149082
0.410	0.02159280
0.411	0.02168371
0.412	0.02178593
0.413	0.02188622
0.414	0.02197898
0.415	0.02207402
0.416	0.02217322
0.417	0.02227768
0.418	0.02236115
0.419	0.02245593
0.420	0.02255324
0.421	0.02264797
0.422	0.02274465
0.423	0.02283264
0.424	0.02292155
0.425	0.02302130
0.426	0.02312254
0.427	0.02321535
0.428	0.02330299
0.429	0.02340124
0.430	0.02350426
0.431	0.02359697
0.432	0.02369065
0.433	0.02379277
0.434	0.02388462
0.435	0.02398436
0.436	0.02407846
0.437	0.02417072
0.438	0.02427128
0.439	0.02437545
0.440	0.02446827
0.441	0.02456206
0.442	0.02465903
0.443	0.02475891
0.444	0.02485783
0.445	0.02495854
0.446	0.02506401
0.447	0.02517353
0.448	0.02528930
0.449	0.02537910
0.450	0.02547394
0.451	0.02557520
0.452	0.02566487
0.453	0.02575443
0.454	0.02584784
0.455	0.02594117
0.456	0.02603548
0.457	0.02613028
0.458	0.02621450
0.459	0.02631790
0.460	0.02640896
0.461	0.02651549
0.462	0.02660782
0.463	0.02672282
0.464	0.02683561
0.465	0.02694112
0.466	0.02704204
0.467	0.02715667
0.468	0.02725247
0.469	0.02734654
0.470	0.02744299
0.471	0.02755139
0.472	0.02766420
0.473	0.02776733
0.474	0.02786062
0.475	0.02795849
0.476	0.02806499
0.477	0.02816004
0.478	0.02826608
0.479	0.02837334
0.480	0.02847113
0.481	0.02858307
0.482	0.02869925
0.483	0.02880025
0.484	0.02888609
0.485	0.02898762
0.486	0.02908265
0.487	0.02919222
0.488	0.02928781
0.489	0.02939344
0.490	0.02950813
0.491	0.02963453
0.492	0.02974516
0.493	0.02984671
0.494	0.02995823
0.495	0.03007312
0.496	0.03017212
0.497	0.03026858
0.498	0.03038155
0.499	0.03049222
0.500	0.03058864
0.501	0.03070100
0.502	0.03079640
0.503	0.03091779
0.504	0.03102255
0.505	0.03114295
0.506	0.03125306
0.507	0.03135880
0.508	0.03144893
0.509	0.03155878
0.510	0.03165841
0.511	0.03174728
0.512	0.03186318
0.513	0.03197157
0.514	0.03207271
0.515	0.03219630
0.516	0.03231495
0.517	0.03240508
0.518	0.03251632
0.519	0.03262866
0.520	0.03272533
0.521	0.03284619
0.522	0.03295602
0.523	0.03309206
0.524	0.03324091
0.525	0.03333932
0.526	0.03346158
0.527	0.03354760
0.528	0.03364600
0.529	0.03375345
0.530	0.03386802
0.531	0.03396139
0.532	0.03405936
0.533	0.03418526
0.534	0.03429217
0.535	0.03439727
0.536	0.03448069
0.537	0.03459321
0.538	0.03469838
0.539	0.03482074
0.540	0.03491908
0.541	0.03504436
0.542	0.03516274
0.543	0.03528934
0.544	0.03541690
0.545	0.03553712
0.546	0.03567968
0.547	0.03578876
0.548	0.03590812
0.549	0.03602401
0.550	0.03613753
0.551	0.03623813
0.552	0.03635354
0.553	0.03646267
0.554	0.03656801
0.555	0.03667707
0.556	0.03678099
0.557	0.03688311
0.558	0.03698950
0.559	0.03711354
0.560	0.03723972
0.561	0.03736591
0.562	0.03746567
0.563	0.03757266
0.564	0.03770952
0.565	0.03779278
0.566	0.03790098
0.567	0.03803331
0.568	0.03813547
0.569	0.03829708
0.570	0.03840908
0.571	0.03853467
0.572	0.03864981
0.573	0.03875680
0.574	0.03886546
0.575	0.03898825
0.576	0.03910998
0.577	0.03923595
0.578	0.03933051
0.579	0.03946124
0.580	0.03959104
0.581	0.03972956
0.582	0.03985463
0.583	0.04000505
0.584	0.04013080
0.585	0.04025045
0.586	0.04036698
0.587	0.04047715
0.588	0.04057471
0.589	0.04067438
0.590	0.04079661
0.591	0.04091396
0.592	0.04103356
0.593	0.04114361
0.594	0.04126350
0.595	0.04138047
0.596	0.04147912
0.597	0.04158454
0.598	0.04172313
0.599	0.04183931
0.600	0.04194948
0.601	0.04206853
0.602	0.04220092
0.603	0.04231538
0.604	0.04242067
0.605	0.04252582
0.606	0.04263554
0.607	0.04277629
0.608	0.04289731
0.609	0.04301882
0.610	0.04313827
0.611	0.04323677
0.612	0.04335039
0.613	0.04346473
0.614	0.04358015
0.615	0.04370655
0.616	0.04381864
0.617	0.04392220
0.618	0.04405476
0.619	0.04419970
0.620	0.04432960
0.621	0.04441543
0.622	0.04450015
0.623	0.04461134
0.624	0.04474410
0.625	0.04484802
0.626	0.04494306
0.627	0.04509470
0.628	0.04522795
0.629	0.04535817
0.630	0.04547998
0.631	0.04558178
0.632	0.04565035
0.633	0.04577366
0.634	0.04589237
0.635	0.04601149
0.636	0.04613679
0.637	0.04623889
0.638	0.04636048
0.639	0.04649792
0.640	0.04661576
0.641	0.04671421
0.642	0.04683208
0.643	0.04693361
0.644	0.04706504
0.645	0.04718621
0.646	0.04732400
0.647	0.04746251
0.648	0.04756498
0.649	0.04773346
0.650	0.04783336
0.651	0.04795905
0.652	0.04808612
0.653	0.04820722
0.654	0.04832840
0.655	0.04844491
0.656	0.04856230
0.657	0.04868293
0.658	0.04877555
0.659	0.04890673
0.660	0.04904555
0.661	0.04915703
0.662	0.04928791
0.663	0.04940321
0.664	0.04954700
0.665	0.04969206
0.666	0.04983332
0.667	0.04997902
0.668	0.05010622
0.669	0.05021551
0.670	0.05030270
0.671	0.05045121
0.672	0.05058986
0.673	0.05071614
0.674	0.05083535
0.675	0.05098771
0.676	0.05113796
0.677	0.05126101
0.678	0.05140181
0.679	0.05158412
0.680	0.05172095
0.681	0.05182082
0.682	0.05192016
0.683	0.05206295
0.684	0.05217707
0.685	0.05230055
0.686	0.05246251
0.687	0.05258213
0.688	0.05271226
0.689	0.05284742
0.690	0.05296774
0.691	0.05311581
0.692	0.05324773
0.693	0.05337434
0.694	0.05346525
0.695	0.05356709
0.696	0.05368141
0.697	0.05380957
0.698	0.05393666
0.699	0.05408753
0.700	0.05421813
0.701	0.05431984
0.702	0.05444495
0.703	0.05461453
0.704	0.05477619
0.705	0.05488520
0.706	0.05499836
0.707	0.05514722
0.708	0.05527785
0.709	0.05541314
0.710	0.05558508
0.711	0.05569977
0.712	0.05579897
0.713	0.05590482
0.714	0.05602998
0.715	0.05617488
0.716	0.05630696
0.717	0.05647619
0.718	0.05659200
0.719	0.05669993
0.720	0.05683404
0.721	0.05698881
0.722	0.05714244
0.723	0.05730522
0.724	0.05743469
0.725	0.05753207
0.726	0.05759444
0.727	0.05766548
0.728	0.05779250
0.729	0.05787945
0.730	0.05800073
0.731	0.05813075
0.732	0.05820375
0.733	0.05832287
0.734	0.05843865
0.735	0.05860317
0.736	0.05873829
0.737	0.05885764
0.738	0.05899547
0.739	0.05913599
0.740	0.05922546
0.741	0.05932409
0.742	0.05944195
0.743	0.05959012
0.744	0.05979997
0.745	0.05994903
0.746	0.06007883
0.747	0.06017012
0.748	0.06029750
0.749	0.06043363
0.750	0.06055777
0.751	0.06068550
0.752	0.06082368
0.753	0.06098449
0.754	0.06110011
0.755	0.06123202
0.756	0.06139168
0.757	0.06154801
0.758	0.06168038
0.759	0.06178579
0.760	0.06191089
0.761	0.06204830
0.762	0.06218269
0.763	0.06232393
0.764	0.06247314
0.765	0.06259243
0.766	0.06273838
0.767	0.06286055
0.768	0.06293084
0.769	0.06302988
0.770	0.06316624
0.771	0.06328363
0.772	0.06339147
0.773	0.06354145
0.774	0.06368167
0.775	0.06374677
0.776	0.06389274
0.777	0.06397758
0.778	0.06407275
0.779	0.06420168
0.780	0.06432101
0.781	0.06446640
0.782	0.06463757
0.783	0.06475295
0.784	0.06488464
0.785	0.06496275
0.786	0.06504912
0.787	0.06521474
0.788	0.06526570
0.789	0.06540451
0.790	0.06550309
0.791	0.06563005
0.792	0.06573716
0.793	0.06590738
0.794	0.06606037
0.795	0.06618621
0.796	0.06627454
0.797	0.06636481
0.798	0.06647993
0.799	0.06658654
0.800	0.06670317
0.801	0.06687997
0.802	0.06701019
0.803	0.06708316
0.804	0.06716685
0.805	0.06730420
0.806	0.06744276
0.807	0.06756219
0.808	0.06764029
0.809	0.06780553
0.810	0.06795878
0.811	0.06808015
0.812	0.06822426
0.813	0.06840376
0.814	0.06857393
0.815	0.06865950
0.816	0.06880710
0.817	0.06892716
0.818	0.06908785
0.819	0.06927103
0.820	0.06937228
0.821	0.06950099
0.822	0.06971183
0.823	0.06979306
0.824	0.06994199
0.825	0.07002023
0.826	0.07017526
0.827	0.07031205
0.828	0.07048216
0.829	0.07056848
0.830	0.07070938
0.831	0.07082353
0.832	0.07088558
0.833	0.07110200
0.834	0.07127193
0.835	0.07139860
0.836	0.07152953
0.837	0.07162504
0.838	0.07181283
0.839	0.07193118
0.840	0.07201561
0.841	0.07211015
0.842	0.07232770
0.843	0.07247390
0.844	0.07264304
0.845	0.07281943
0.846	0.07294731
0.847	0.07311371
0.848	0.07319753
0.849	0.07332681
0.850	0.07350716
0.851	0.07368661
0.852	0.07384057
0.853	0.07401865
0.854	0.07411819
0.855	0.07417360
0.856	0.07428236
0.857	0.07435700
0.858	0.07450351
0.859	0.07463293
0.860	0.07474094
0.861	0.07486018
0.862	0.07490284
0.863	0.07501148
0.864	0.07510384
0.865	0.07520925
0.866	0.07538044
0.867	0.07543075
0.868	0.07553394
0.869	0.07571045
0.870	0.07592516
0.871	0.07604985
0.872	0.07618103
0.873	0.07629521
0.874	0.07643212
0.875	0.07657082
0.876	0.07673457
0.877	0.07679507
0.878	0.07700072
0.879	0.07714906
0.880	0.07730555
0.881	0.07743629
0.882	0.07757519
0.883	0.07767930
0.884	0.07788487
0.885	0.07799064
0.886	0.07811918
0.887	0.07830599
0.888	0.07849889
0.889	0.07854189
0.890	0.07875864
0.891	0.07891792
0.892	0.07908239
0.893	0.07918170
0.894	0.07933791
0.895	0.07949284
0.896	0.07970142
0.897	0.07985563
0.898	0.08003072
0.899	0.08026902
0.900	0.08039205
0.901	0.08056187
0.902	0.08075825
0.903	0.08092313
0.904	0.08106439
0.905	0.08124442
0.906	0.08137327
0.907	0.08147729
0.908	0.08161532
0.909	0.08181119
0.910	0.08191815
0.911	0.08203256
0.912	0.08220732
0.913	0.08236924
0.914	0.08256675
0.915	0.08263929
0.916	0.08285023
0.917	0.08301977
0.918	0.08318691
0.919	0.08322534
0.920	0.08338589
0.921	0.08352477
0.922	0.08366205
0.923	0.08386406
0.924	0.08403771
0.925	0.08417622
0.926	0.08421477
0.927	0.08428341
0.928	0.08443816
0.929	0.08451407
0.930	0.08459583
0.931	0.08465062
0.932	0.08476532
0.933	0.08490387
0.934	0.08504969
0.935	0.08515709
0.936	0.08533077
0.937	0.08548432
0.938	0.08570809
0.939	0.08581574
0.940	0.08590705
0.941	0.08608487
0.942	0.08621370
0.943	0.08634694
0.944	0.08654470
0.945	0.08668994
0.946	0.08686108
0.947	0.08706638
0.948	0.08730672
0.949	0.08748593
0.950	0.08760213
0.951	0.08775548
0.952	0.08783308
0.953	0.08790687
0.954	0.08811442
0.955	0.08829759
0.956	0.08840812
0.957	0.08855710
0.958	0.08871266
0.959	0.08888467
0.960	0.08915662
0.961	0.08916426
0.962	0.08922103
0.963	0.08936735
0.964	0.08956219
0.965	0.08970758
0.966	0.08985828
0.967	0.09005360
0.968	0.09009977
0.969	0.09028147
0.970	0.09030969
0.971	0.09052510
0.972	0.09067864
0.973	0.09079527
0.974	0.09091841
0.975	0.09106966
0.976	0.09122529
0.977	0.09131464
0.978	0.09139407
0.979	0.09155649
0.980	0.09165668
0.981	0.09188848
0.982	0.09212273
0.983	0.09208704
0.984	0.09222101
0.985	0.09245417
0.986	0.09261986
0.987	0.09275373
0.988	0.09292068
0.989	0.09301731
0.990	0.09314774
0.991	0.09330494
0.992	0.09342384
0.993	0.09352264
0.994	0.09364157
0.995	0.09373861
0.996	0.09394674
0.997	0.09402392
0.998	0.09415725
0.999	0.09434493
1.000	0.09439283
1.001	0.09449773
1.002	0.09468771
1.003	0.09487240
1.004	0.09503642
1.005	0.09514877
1.006	0.09530166
1.007	0.09536704
1.008	0.09545415
1.009	0.09552622
1.010	0.09554356
1.011	0.09567598
1.012	0.09574940
1.013	0.09588372
1.014	0.09597617
1.015	0.09612241
1.016	0.09633322
1.017	0.09651158
1.018	0.09672428
1.019	0.09683041
1.020	0.09691919
1.021	0.09710345
1.022	0.09721030
1.023	0.09735699
1.024	0.09740226
1.025	0.09757788
1.026	0.09767841
1.027	0.09778196
1.028	0.09786749
1.029	0.09794464
1.030	0.09810496
1.031	0.09817115
1.032	0.09826712
1.033	0.09842598
1.034	0.09858124
1.035	0.09873482
1.036	0.09875928
1.037	0.09891540
1.038	0.09904067
1.039	0.09904766
1.040	0.09922736
1.041	0.09944640
1.042	0.09965493
1.043	0.09981523
1.044	0.09982986
1.045	0.09994069
1.046	0.09999801
1.047	0.10000801
1.048	0.10005280
1.049	0.10018204
1.050	0.10033338
1.051	0.10047614
1.052	0.10067207
1.053	0.10093377
1.054	0.10113640
1.055	0.10128897
1.056	0.10145224
1.057	0.10162687
1.058	0.10174523
1.059	0.10197041
1.060	0.10213214
1.061	0.10218828
1.062	0.10228247
1.063	0.10243621
1.064	0.10253374
1.065	0.10266816
1.066	0.10277843
1.067	0.10288739
1.068	0.10301234
1.069	0.10320105
1.070	0.10327660
1.071	0.10334374
1.072	0.10354113
1.073	0.10382402
1.074	0.10400433
1.075	0.10419049
1.076	0.10433625
1.077	0.10445683
1.078	0.10454300
1.079	0.10469022
1.080	0.10467396
1.081	0.10479952
1.082	0.10488443
1.083	0.10494779
1.084	0.10520899
1.085	0.10529259
1.086	0.10537696
1.087	0.10549058
1.088	0.10563245
1.089	0.10587867
1.090	0.10608217
1.091	0.10629947
1.092	0.10646951
1.093	0.10669205
1.094	0.10672737
1.095	0.10685126
1.096	0.10689925
1.097	0.10709665
1.098	0.10715512
1.099	0.10734128
1.100	0.10750252
1.101	0.10773898
1.102	0.10786740
1.103	0.10813025
1.104	0.10839109
1.105	0.10858581
1.106	0.10848522
1.107	0.10872343
1.108	0.10892673
1.109	0.10913928
1.110	0.10933838
1.111	0.10932172
1.112	0.10930832
1.113	0.10942643
1.114	0.10960538
1.115	0.10963422
1.116	0.10978798
1.117	0.10982296
1.118	0.11000106
1.119	0.11023861
1.120	0.11037001
1.121	0.11046466
1.122	0.11047139
1.123	0.11068850
1.124	0.11087759
1.125	0.11106790
1.126	0.11122241
1.127	0.11144406
1.128	0.11157910
1.129	0.11161492
1.130	0.11169568
1.131	0.11183664
1.132	0.11199941
1.133	0.11204321
1.134	0.11221481
1.135	0.11220673
1.136	0.11244350
1.137	0.11250030
1.138	0.11265159
1.139	0.11287536
1.140	0.11296754
1.141	0.11313609
1.142	0.11315733
1.143	0.11326084
1.144	0.11340069
1.145	0.11344427
1.146	0.11364293
1.147	0.11378953
1.148	0.11391133
1.149	0.11412019
1.150	0.11417321
1.151	0.11416155
1.152	0.11430416
1.153	0.11450686
1.154	0.11468994
1.155	0.11493098
1.156	0.11510559
1.157	0.11530109
1.158	0.11537701
1.159	0.11565912
1.160	0.11586667
1.161	0.11604494
1.162	0.11621414
1.163	0.11616624
1.164	0.11629427
1.165	0.11633909
1.166	0.11655782
1.167	0.11669953
1.168	0.11684023
1.169	0.11690478
1.170	0.11694289
1.171	0.11716871
1.172	0.11721126
1.173	0.11729888
1.174	0.11738780
1.175	0.11750687
1.176	0.11768818
1.177	0.11786451
1.178	0.11790953
1.179	0.11800246
1.180	0.11808812
1.181	0.11823041
1.182	0.11844235
1.183	0.11859962
1.184	0.11871310
1.185	0.11884924
1.186	0.11891925
1.187	0.11911303
1.188	0.11914979
1.189	0.11942113
1.190	0.11948794
1.191	0.11962160
1.192	0.11986312
1.193	0.11992482
1.194	0.12000103
1.195	0.11997450
1.196	0.12021413
1.197	0.12037780
1.198	0.12062684
1.199	0.12082219
1.200	0.12095720
1.201	0.12115534
1.202	0.12129675
1.203	0.12129615
1.204	0.12131680
1.205	0.12143757
1.206	0.12157476
1.207	0.12179614
1.208	0.12191371
1.209	0.12205916
1.210	0.12209538
1.211	0.12235368
1.212	0.12261520
1.213	0.12264898
1.214	0.12277095
1.215	0.12280652
1.216	0.12304155
1.217	0.12312266
1.218	0.12329273
1.219	0.12335049
1.220	0.12347690
1.221	0.12373375
1.222	0.12388814
1.223	0.12403117
1.224	0.12429076
1.225	0.12456760
1.226	0.12475696
1.227	0.12489311
1.228	0.12494203
1.229	0.12498038
1.230	0.12515739
1.231	0.12532203
1.232	0.12531044
1.233	0.12536259
1.234	0.12538313
1.235	0.12541654
1.236	0.12564500
1.237	0.12577174
1.238	0.12592697
1.239	0.12625041
1.240	0.12635019
1.241	0.12650286
1.242	0.12660168
1.243	0.12683089
1.244	0.12676571
1.245	0.12709141
1.246	0.12708879
1.247	0.12711526
1.248	0.12721201
1.249	0.12738548
1.250	0.12760409
1.251	0.12774491
1.252	0.12798082
1.253	0.12821025
1.254	0.12841011
1.255	0.12843676
1.256	0.12870991
1.257	0.12866222
1.258	0.12885320
1.259	0.12905901
1.260	0.12934295
1.261	0.12939450
1.262	0.12958325
1.263	0.12996403
1.264	0.13001139
1.265	0.13020304
1.266	0.13033723
1.267	0.13038885
1.268	0.13053650
1.269	0.13075633
1.270	0.13091681
1.271	0.13112841
1.272	0.13126972
1.273	0.13127680
1.274	0.13128656
1.275	0.13134112
1.276	0.13156030
1.277	0.13166357
1.278	0.13187163
1.279	0.13202714
1.280	0.13202044
1.281	0.13214492
1.282	0.13219958
1.283	0.13234348
1.284	0.13251101
1.285	0.13271920
1.286	0.13286131
1.287	0.13313538
1.288	0.13333654
1.289	0.13365279
1.290	0.13370404
1.291	0.13393237
1.292	0.13426544
1.293	0.13423604
1.294	0.13434632
1.295	0.13432104
1.296	0.13425408
1.297	0.13430045
1.298	0.13451508
1.299	0.13465343
1.300	0.13464929
1.301	0.13466484
1.302	0.13488246
1.303	0.13512389
1.304	0.13521735
1.305	0.13538590
1.306	0.13573136
1.307	0.13585745
1.308	0.13594292
1.309	0.13601426
1.310	0.13605738
1.311	0.13645085
1.312	0.13675491
1.313	0.13708468
1.314	0.13726483
1.315	0.13741331
1.316	0.13768261
1.317	0.13787752
1.318	0.13811601
1.319	0.13843930
1.320	0.13872482
1.321	0.13878565
1.322	0.13904325
1.323	0.13923840
1.324	0.13937240
1.325	0.13942359
1.326	0.13945118
1.327	0.13954582
1.328	0.13967062
1.329	0.13964772
1.330	0.13977011
1.331	0.13998961
1.332	0.14016517
1.333	0.14029699
1.334	0.14024468
1.335	0.14048582
1.336	0.14040589
1.337	0.14044483
1.338	0.14077350
1.339	0.14082336
1.340	0.14082850
1.341	0.14102026
1.342	0.14111897
1.343	0.14147715
1.344	0.14152968
1.345	0.14167838
1.346	0.14160056
1.347	0.14173702
1.348	0.14175933
1.349	0.14181519
1.350	0.14198603
1.351	0.14222593
1.352	0.14210283
1.353	0.14210918
1.354	0.14215931
1.355	0.14215265
1.356	0.14218057
1.357	0.14229713
1.358	0.14243141
1.359	0.14247491
1.360	0.14256904
1.361	0.14271817
1.362	0.14306879
1.363	0.14326111
1.364	0.14335938
1.365	0.14332899
1.366	0.14346506
1.367	0.14347976
1.368	0.14373889
1.369	0.14359701
1.370	0.14362016
1.371	0.14373643
1.372	0.14393899
1.373	0.14408386
1.374	0.14434667
1.375	0.14454939
1.376	0.14487896
1.377	0.14514614
1.378	0.14513933
1.379	0.14518094
1.380	0.14543553
1.381	0.14520663
1.382	0.14559429
1.383	0.14564756
1.384	0.14582142
1.385	0.14596261
1.386	0.14618432
1.387	0.14633196
1.388	0.14658675
1.389	0.14660046
1.390	0.14671453
1.391	0.14672693
1.392	0.14672740
1.393	0.14668904
1.394	0.14687095
1.395	0.14714470
1.396	0.14746827
1.397	0.14747896
1.398	0.14780108
1.399	0.14794725
1.400	0.14796024
1.401	0.14790540
1.402	0.14802297
1.403	0.14798653
1.404	0.14784351
1.405	0.14826248
1.406	0.14844433
1.407	0.14862975
1.408	0.14871497
1.409	0.14873951
1.410	0.14886494
1.411	0.14876466
1.412	0.14868384
1.413	0.14876603
1.414	0.14885949
1.415	0.14893993
1.416	0.14920555
1.417	0.14940481
1.418	0.14987525
1.419	0.14982845
1.420	0.14989090
1.421	0.15015429
1.422	0.15014149
1.423	0.15004155
1.424	0.15026939
1.425	0.15050824
1.426	0.15047843
1.427	0.15066437
1.428	0.15078270
1.429	0.15097772
1.430	0.15116072
1.431	0.15139761
1.432	0.15164433
1.433	0.15179178
1.434	0.15198456
1.435	0.15189046
1.436	0.15194124
1.437	0.15224731
1.438	0.15227516
1.439	0.15232115
1.440	0.15262779
1.441	0.15247007
1.442	0.15277034
1.443	0.15283884
1.444	0.15299423
1.445	0.15315797
1.446	0.15326051
1.447	0.15340109
1.448	0.15348765
1.449	0.15332409
1.450	0.15346302
1.451	0.15366712
1.452	0.15404153
1.453	0.15436129
1.454	0.15457008
1.455	0.15454954
1.456	0.15485522
1.457	0.15490354
1.458	0.15494160
1.459	0.15498264
1.460	0.15501263
1.461	0.15521251
1.462	0.15520241
1.463	0.15535323
1.464	0.15548822
1.465	0.15541101
1.466	0.15547455
1.467	0.15575221
1.468	0.15590742
1.469	0.15599016
1.470	0.15591955
1.471	0.15604980
1.472	0.15616456
1.473	0.15615222
1.474	0.15620702
1.475	0.15647475
1.476	0.15659160
1.477	0.15652365
1.478	0.15664571
1.479	0.15677355
1.480	0.15718736
1.481	0.15725051
1.482	0.15723455
1.483	0.15751723
1.484	0.15748494
1.485	0.15766216
1.486	0.15766650
1.487	0.15764942
1.488	0.15797008
1.489	0.15811453
1.490	0.15818096
1.491	0.15827243
1.492	0.15860630
1.493	0.15870815
1.494	0.15889092
1.495	0.15876833
1.496	0.15905715
1.497	0.15918155
1.498	0.15939185
1.499	0.15944389
1.500	0.15960220
1.501	0.16003084
1.502	0.16017089
1.503	0.16018681
1.504	0.16048665
1.505	0.16062522
1.506	0.16079621
1.507	0.16097130
1.508	0.16115851
1.509	0.16133790
1.510	0.16139216
1.511	0.16149996
1.512	0.16160117
1.513	0.16179093
1.514	0.16176282
1.515	0.16190524
1.516	0.16195165
1.517	0.16233520
1.518	0.16236899
1.519	0.16230083
1.520	0.16238696
1.521	0.16247851
1.522	0.16251431
1.523	0.16259835
1.524	0.16254780
1.525	0.16261362
1.526	0.16264182
1.527	0.16287696
1.528	0.16330859
1.529	0.16316702
1.530	0.16309401
1.531	0.16346332
1.532	0.16385185
1.533	0.16411337
1.534	0.16426571
1.535	0.16427450
1.536	0.16422732
1.537	0.16418551
1.538	0.16419045
1.539	0.16430514
1.540	0.16440474
1.541	0.16452707
1.542	0.16464745
1.543	0.16509574
1.544	0.16537976
1.545	0.16532953
1.546	0.16546761
1.547	0.16579037
1.548	0.16590744
1.549	0.16600070
1.550	0.16626230
1.551	0.16641304
1.552	0.16642007
1.553	0.16637218
1.554	0.16623796
1.555	0.16647170
1.556	0.16653950
1.557	0.16644021
1.558	0.16671994
1.559	0.16696572
1.560	0.16711313
1.561	0.16725714
1.562	0.16720954
1.563	0.16745880
1.564	0.16752985
1.565	0.16751882
1.566	0.16746420
1.567	0.16741600
1.568	0.16760636
1.569	0.16766910
1.570	0.16747901
1.571	0.16745896
1.572	0.16756644
1.573	0.16760412
1.574	0.16779535
1.575	0.16812003
1.576	0.16829205
1.577	0.16826061
1.578	0.16839044
1.579	0.16854295
1.580	0.16864624
1.581	0.16865003
1.582	0.16887158
1.583	0.16869937
1.584	0.16879235
1.585	0.16885803
1.586	0.16889134
1.587	0.16906323
1.588	0.16922777
1.589	0.16934320
1.590	0.16926918
1.591	0.16929542
1.592	0.16947339
1.593	0.16939359
1.594	0.16948968
1.595	0.16955458
1.596	0.16981320
1.597	0.16961122
1.598	0.16960187
1.599	0.16956731
1.600	0.16971199
1.601	0.16995223
1.602	0.17016756
1.603	0.17010278
1.604	0.17035376
1.605	0.17054488
1.606	0.17072967
1.607	0.17103967
1.608	0.17124989
1.609	0.17103983
1.610	0.17129525
1.611	0.17143611
1.612	0.17143184
1.613	0.17137397
1.614	0.17159783
1.615	0.17160033
1.616	0.17152467
1.617	0.17169463
1.618	0.17199088
1.619	0.17209466
1.620	0.17230989
1.621	0.17231457
1.622	0.17226770
1.623	0.17247156
1.624	0.17260059
1.625	0.17283833
1.626	0.17275887
1.627	0.17291673
1.628	0.17318674
1.629	0.17333145
1.630	0.17348826
1.631	0.17381029
1.632	0.17411241
1.633	0.17406333
1.634	0.17421117
1.635	0.17445955
1.636	0.17466509
1.637	0.17483495
1.638	0.17504936
1.639	0.17522754
1.640	0.17558591
1.641	0.17581746
1.642	0.17591483
1.643	0.17632539
1.644	0.17638015
1.645	0.17649838
1.646	0.17621332
1.647	0.17633821
1.648	0.17631567
1.649	0.17656114
1.650	0.17640744
1.651	0.17648857
1.652	0.17653501
1.653	0.17665520
1.654	0.17668208
1.655	0.17663963
1.656	0.17682706
1.657	0.17688914
1.658	0.17712503
1.659	0.17719515
1.660	0.17722577
1.661	0.17736056
1.662	0.17792973
1.663	0.17793939
1.664	0.17796761
1.665	0.17802576
1.666	0.17774081
1.667	0.17800732
1.668	0.17824489
1.669	0.17837659
1.670	0.17834103
1.671	0.17821591
1.672	0.17837801
1.673	0.17843313
1.674	0.17872399
1.675	0.17869612
1.676	0.17869444
1.677	0.17872652
1.678	0.17887119
1.679	0.17879282
1.680	0.17881754
1.681	0.17896738
1.682	0.17884609
1.683	0.17902941
1.684	0.17899027
1.685	0.17888108
1.686	0.17895744
1.687	0.17911475
1.688	0.17886409
1.689	0.17896975
1.690	0.17902839
1.691	0.17923094
1.692	0.17944333
1.693	0.17953459
1.694	0.17969404
1.695	0.18000354
1.696	0.18015746
1.697	0.18041782
1.698	0.18045130
1.699	0.18076320
1.700	0.18083793
1.701	0.18076504
1.702	0.18067069
1.703	0.18068988
1.704	0.18067611
1.705	0.18080290
1.706	0.18081361
1.707	0.18089666
1.708	0.18089743
1.709	0.18094142
1.710	0.18110512
1.711	0.18135707
1.712	0.18159750
1.713	0.18171932
1.714	0.18208990
1.715	0.18213829
1.716	0.18242493
1.717	0.18257767
1.718	0.18272163
1.719	0.18272121
1.720	0.18282385
1.721	0.18298653
1.722	0.18333508
1.723	0.18337741
1.724	0.18363816
1.725	0.18383142
1.726	0.18409165
1.727	0.18419205
1.728	0.18417502
1.729	0.18442462
1.730	0.18453959
1.731	0.18472850
1.732	0.18465423
1.733	0.18462277
1.734	0.18441047
1.735	0.18440785
1.736	0.18432632
1.737	0.18440836
1.738	0.18474655
1.739	0.18494159
1.740	0.18489497
1.741	0.18502109
1.742	0.18512184
1.743	0.18539029
1.744	0.18529195
1.745	0.18535954
1.746	0.18540790
1.747	0.18538421
1.748	0.18546785
1.749	0.18555561
1.750	0.18588825
1.751	0.18607865
1.752	0.18617252
1.753	0.18619159
1.754	0.18621383
1.755	0.18624524
1.756	0.18646678
1.757	0.18653881
1.758	0.18670237
1.759	0.18674476
1.760	0.18640211
1.761	0.18644572
1.762	0.18658430
1.763	0.18680918
1.764	0.18675874
1.765	0.18726070
1.766	0.18717656
1.767	0.18751789
1.768	0.18735562
1.769	0.18729543
1.770	0.18730869
1.771	0.18730448
1.772	0.18739446
1.773	0.18766901
1.774	0.18805921
1.775	0.18802554
1.776	0.18805717
1.777	0.18822975
1.778	0.18862399
1.779	0.18832861
1.780	0.18838963
1.781	0.18844490
1.782	0.18868909
1.783	0.18864745
1.784	0.18871799
1.785	0.18891996
1.786	0.18914767
1.787	0.18933154
1.788	0.18956893
1.789	0.18982002
1.790	0.19011419
1.791	0.19033358
1.792	0.19017739
1.793	0.19036332
1.794	0.19028258
1.795	0.19037152
1.796	0.19073298
1.797	0.19076442
1.798	0.19076857
1.799	0.19058123
1.800	0.19046432
1.801	0.19113436
1.802	0.19147490
1.803	0.19133174
1.804	0.19127528
1.805	0.19126477
1.806	0.19136821
1.807	0.19148138
1.808	0.19142797
1.809	0.19146091
1.810	0.19144003
1.811	0.19151354
1.812	0.19147837
1.813	0.19159364
1.814	0.19153336
1.815	0.19175779
1.816	0.19167998
1.817	0.19137778
1.818	0.19117408
1.819	0.19165066
1.820	0.19147505
1.821	0.19153314
1.822	0.19157570
1.823	0.19172084
1.824	0.19157805
1.825	0.19121841
1.826	0.19128337
1.827	0.19144145
1.828	0.19115001
1.829	0.19114514
1.830	0.19143120
1.831	0.19202504
1.832	0.19182154
1.833	0.19167424
1.834	0.19192715
1.835	0.19216325
1.836	0.19228237
1.837	0.19254553
1.838	0.19257733
1.839	0.19264910
1.840	0.19309455
1.841	0.19296153
1.842	0.19312778
1.843	0.19314549
1.844	0.19332630
1.845	0.19374943
1.846	0.19372847
1.847	0.19393458
1.848	0.19402042
1.849	0.19404432
1.850	0.19411619
1.851	0.19423780
1.852	0.19435511
1.853	0.19432951
1.854	0.19441127
1.855	0.19429897
1.856	0.19430227
1.857	0.19473494
1.858	0.19484283
1.859	0.19476623
1.860	0.19506531
1.861	0.19523147
1.862	0.19497264
1.863	0.19475914
1.864	0.19512053
1.865	0.19536267
1.866	0.19585320
1.867	0.19584725
1.868	0.19585039
1.869	0.19610833
1.870	0.19594804
1.871	0.19618830
1.872	0.19638688
1.873	0.19660309
1.874	0.19653484
1.875	0.19660268
1.876	0.19669173
1.877	0.19703074
1.878	0.19721423
1.879	0.19756491
1.880	0.19774007
1.881	0.19782794
1.882	0.19795462
1.883	0.19787492
1.884	0.19812007
1.885	0.19824177
1.886	0.19852867
1.887	0.19902954
1.888	0.19926114
1.889	0.19933924
1.890	0.19931258
1.891	0.19961370
1.892	0.19998200
1.893	0.20022164
1.894	0.20062031
1.895	0.20096650
1.896	0.20133684
1.897	0.20107659
1.898	0.20088844
1.899	0.20067247
1.900	0.20108994
1.901	0.20110170
1.902	0.20133561
1.903	0.20129115
1.904	0.20091302
1.905	0.20114113
1.906	0.20126192
1.907	0.20131688
1.908	0.20113147
1.909	0.20101546
1.910	0.20092254
1.911	0.20099515
1.912	0.20148512
1.913	0.20166646
1.914	0.20193116
1.915	0.20210765
1.916	0.20187704
1.917	0.20197237
1.918	0.20204444
1.919	0.20204160
1.920	0.20230072
1.921	0.20255570
1.922	0.20294177
1.923	0.20322432
1.924	0.20317474
1.925	0.20306526
1.926	0.20284757
1.927	0.20291999
1.928	0.20308298
1.929	0.20321621
1.930	0.20332283
1.931	0.20350337
1.932	0.20361310
1.933	0.20358296
1.934	0.20364586
1.935	0.20375228
1.936	0.20377215
1.937	0.20416503
1.938	0.20448028
1.939	0.20487334
1.940	0.20480607
1.941	0.20495457
1.942	0.20499563
1.943	0.20501225
1.944	0.20480581
1.945	0.20489947
1.946	0.20481806
1.947	0.20493406
1.948	0.20541282
1.949	0.20533952
1.950	0.20565105
1.951	0.20594767
1.952	0.20621499
1.953	0.20649728
1.954	0.20660905
1.955	0.20673292
1.956	0.20723029
1.957	0.20708837
1.958	0.20735460
1.959	0.20740804
1.960	0.20734371
1.961	0.20715750
1.962	0.20726103
1.963	0.20744854
1.964	0.20759759
1.965	0.20785535
1.966	0.20766221
1.967	0.20778119
1.968	0.20821876
1.969	0.20836422
1.970	0.20844376
1.971	0.20807993
1.972	0.20807149
1.973	0.20853158
1.974	0.20868845
1.975	0.20885133
1.976	0.20864250
1.977	0.20872866
1.978	0.20902321
1.979	0.20934467
1.980	0.20933163
1.981	0.20958559
1.982	0.20990106
1.983	0.20976635
1.984	0.20964572
1.985	0.20980978
1.986	0.20975850
1.987	0.20973591
1.988	0.20992928
1.989	0.21016580
1.990	0.21006569
1.991	0.21023129
1.992	0.21007579
1.993	0.21011151
1.994	0.21029130
1.995	0.21030149
1.996	0.21067566
1.997	0.21062803
1.998	0.21075587
1.999	0.21097405
2.000	0.21125215
2.001	0.21146538
2.002	0.21133958
2.003	0.21131778
2.004	0.21170214
2.005	0.21149775
2.006	0.21193816
2.007	0.21193651
2.008	0.21210081
2.009	0.21211717
2.010	0.21225154
2.011	0.21209937
2.012	0.21218951
2.013	0.21234325
2.014	0.21258600
2.015	0.21262085
2.016	0.21239196
2.017	0.21251120
2.018	0.21254993
2.019	0.21265137
2.020	0.21259274
2.021	0.21254774
2.022	0.21246428
2.023	0.21275892
2.024	0.21273647
2.025	0.21291852
2.026	0.21333522
2.027	0.21363294
2.028	0.21370652
2.029	0.21409260
2.030	0.21409895
2.031	0.21436171
2.032	0.21448381
2.033	0.21423662
2.034	0.21462098
2.035	0.21463204
2.036	0.21482532
2.037	0.21489751
2.038	0.21476552
2.039	0.21517071
2.040	0.21507574
2.041	0.21538642
2.042	0.21530920
2.043	0.21583679
2.044	0.21571832
2.045	0.21571134
2.046	0.21566148
2.047	0.21567444
2.048	0.21600407
2.049	0.21601550
2.050	0.21586869
2.051	0.21577634
2.052	0.21568702
2.053	0.21574461
2.054	0.21617511
2.055	0.21628775
2.056	0.21629606
2.057	0.21628644
2.058	0.21631677
2.059	0.21626915
2.060	0.21652400
2.061	0.21673025
2.062	0.21720051
2.063	0.21711311
2.064	0.21663896
2.065	0.21667118
2.066	0.21653301
2.067	0.21649113
2.068	0.21663283
2.069	0.21647288
2.070	0.21662028
2.071	0.21696252
2.072	0.21715764
2.073	0.21703371
2.074	0.21702786
2.075	0.21767078
2.076	0.21780645
2.077	0.21797429
2.078	0.21815801
2.079	0.21855338
2.080	0.21851640
2.081	0.21854632
2.082	0.21877774
2.083	0.21909995
2.084	0.21911991
2.085	0.21912546
2.086	0.21932816
2.087	0.21926438
2.088	0.21910570
2.089	0.21924608
2.090	0.21946914
2.091	0.21957701
2.092	0.21984560
2.093	0.21988740
2.094	0.22027854
2.095	0.22038865
2.096	0.22024615
2.097	0.22020972
2.098	0.22028492
2.099	0.22112716
2.100	0.22159480
2.101	0.22156705
2.102	0.22178848
2.103	0.22170216
2.104	0.22175138
2.105	0.22166393
2.106	0.22192624
2.107	0.22184912
2.108	0.22201859
2.109	0.22164793
2.110	0.22143750
2.111	0.22140405
2.112	0.22114854
2.113	0.22136782
2.114	0.22167975
2.115	0.22170111
2.116	0.22202186
2.117	0.22200514
2.118	0.22197298
2.119	0.22238285
2.120	0.22255802
2.121	0.22246250
2.122	0.22285832
2.123	0.22294653
2.124	0.22275378
2.125	0.22303338
2.126	0.22336839
2.127	0.22378852
2.128	0.22421660
2.129	0.22418865
2.130	0.22421595
2.131	0.22401317
2.132	0.22386847
2.133	0.22432778
2.134	0.22473383
2.135	0.22426577
2.136	0.22429297
2.137	0.22446791
2.138	0.22444211
2.139	0.22470701
2.140	0.22458840
2.141	0.22438914
2.142	0.22435914
2.143	0.22454257
2.144	0.22473204
2.145	0.22489901
2.146	0.22482193
2.147	0.22452870
2.148	0.22493724
2.149	0.22484444
2.150	0.22506740
2.151	0.22520078
2.152	0.22531595
2.153	0.22517905
2.154	0.22552627
2.155	0.22542353
2.156	0.22530462
2.157	0.22520418
2.158	0.22562431
2.159	0.22555919
2.160	0.22535453
2.161	0.22539350
2.162	0.22530977
2.163	0.22527903
2.164	0.22514640
2.165	0.22544036
2.166	0.22593429
2.167	0.22621197
2.168	0.22664950
2.169	0.22679882
2.170	0.22652230
2.171	0.22663485
2.172	0.22697805
2.173	0.22691299
2.174	0.22722670
2.175	0.22743097
2.176	0.22740918
2.177	0.22771388
2.178	0.22800604
2.179	0.22796023
2.180	0.22803703
2.181	0.22799398
2.182	0.22801356
2.183	0.22841216
2.184	0.22832469
2.185	0.22866799
2.186	0.22857325
2.187	0.22837596
2.188	0.22828657
2.189	0.22829970
2.190	0.22821515
2.191	0.22830972
2.192	0.22811316
2.193	0.22794088
2.194	0.22742487
2.195	0.22734894
2.196	0.22745817
2.197	0.22745831
2.198	0.22797575
2.199	0.22787104
2.200	0.22778373
2.201	0.22768531
2.202	0.22784631
2.203	0.22814842
2.204	0.22836729
2.205	0.22808829
2.206	0.22803106
2.207	0.22827994
2.208	0.22825042
2.209	0.22822955
2.210	0.22835401
2.211	0.22850955
2.212	0.22856029
2.213	0.22880557
2.214	0.22844111
2.215	0.22831333
2.216	0.22851200
2.217	0.22850273
2.218	0.22857591
2.219	0.22860863
2.220	0.22822351
2.221	0.22878341
2.222	0.22889534
2.223	0.22867885
2.224	0.22870225
2.225	0.22919897
2.226	0.22899041
2.227	0.22879750
2.228	0.22890052
2.229	0.22926572
2.230	0.22965401
2.231	0.22974765
2.232	0.22988649
2.233	0.22993878
2.234	0.22957835
2.235	0.22953109
2.236	0.22953907
2.237	0.22958596
2.238	0.22930538
2.239	0.22950802
2.240	0.23002720
2.241	0.23025845
2.242	0.23054653
2.243	0.23063293
2.244	0.23080100
2.245	0.23087964
2.246	0.23106042
2.247	0.23087723
2.248	0.23093258
2.249	0.23119371
2.250	0.23126269
2.251	0.23165306
2.252	0.23145679
2.253	0.23196365
2.254	0.23201461
2.255	0.23206006
2.256	0.23197124
2.257	0.23184574
2.258	0.23171376
2.259	0.23179772
2.260	0.23241274
2.261	0.23218485
2.262	0.23260213
2.263	0.23245468
2.264	0.23284425
2.265	0.23309680
2.266	0.23302552
2.267	0.23324589
2.268	0.23320261
2.269	0.23316140
2.270	0.23331332
2.271	0.23310608
2.272	0.23297691
2.273	0.23341108
2.274	0.23363420
2.275	0.23358026
2.276	0.23337780
2.277	0.23352868
2.278	0.23321274
2.279	0.23349470
2.280	0.23308871
2.281	0.23325102
2.282	0.23351620
2.283	0.23398832
2.284	0.23402423
2.285	0.23452705
2.286	0.23435905
2.287	0.23447593
2.288	0.23443204
2.289	0.23448673
2.290	0.23423034
2.291	0.23464021
2.292	0.23415577
2.293	0.23431500
2.294	0.23410977
2.295	0.23435997
2.296	0.23426044
2.297	0.23416161
2.298	0.23381660
2.299	0.23410434
2.300	0.23358437
2.301	0.23352368
2.302	0.23345727
2.303	0.23313053
2.304	0.23323687
2.305	0.23389354
2.306	0.23388016
2.307	0.23416631
2.308	0.23432907
2.309	0.23466446
2.310	0.23458536
2.311	0.23487105
2.312	0.23510383
2.313	0.23458380
2.314	0.23445729
2.315	0.23446571
2.316	0.23446835
2.317	0.23482208
2.318	0.23501246
2.319	0.23527212
2.320	0.23534844
2.321	0.23526530
2.322	0.23517094
2.323	0.23532497
2.324	0.23524569
2.325	0.23517167
2.326	0.23562477
2.327	0.23567238
2.328	0.23560595
2.329	0.23556769
2.330	0.23541694
2.331	0.23561386
2.332	0.23558321
2.333	0.23576718
2.334	0.23598171
2.335	0.23628924
2.336	0.23617416
2.337	0.23604352
2.338	0.23652142
2.339	0.23645426
2.340	0.23652242
2.341	0.23650128
2.342	0.23665224
2.343	0.23648955
2.344	0.23640065
2.345	0.23626685
2.346	0.23646639
2.347	0.23655731
2.348	0.23710609
2.349	0.23709810
2.350	0.23748527
2.351	0.23709081
2.352	0.23738839
2.353	0.23739731
2.354	0.23744125
2.355	0.23736099
2.356	0.23741148
2.357	0.23770819
2.358	0.23771737
2.359	0.23805338
2.360	0.23828995
2.361	0.23851570
2.362	0.23858277
2.363	0.23885175
2.364	0.23900911
2.365	0.23926088
2.366	0.23927149
2.367	0.23913612
2.368	0.23936941
2.369	0.23982859
2.370	0.23992288
2.371	0.24007840
2.372	0.24017637
2.373	0.24023415
2.374	0.24007235
2.375	0.24014039
2.376	0.24036129
2.377	0.24100646
2.378	0.24106163
2.379	0.24108384
2.380	0.24141893
2.381	0.24181923
2.382	0.24220343
2.383	0.24216977
2.384	0.24190677
2.385	0.24169569
2.386	0.24208397
2.387	0.24195308
2.388	0.24262935
2.389	0.24253386
2.390	0.24243708
2.391	0.24278208
2.392	0.24293064
2.393	0.24328611
2.394	0.24336864
2.395	0.24324229
2.396	0.24324480
2.397	0.24342027
2.398	0.24335653
2.399	0.24304274
2.400	0.24361465
2.401	0.24356678
2.402	0.24337737
2.403	0.24339611
2.404	0.24346750
2.405	0.24348725
2.406	0.24364298
2.407	0.24365017
2.408	0.24336308
2.409	0.24323284
2.410	0.24335026
2.411	0.24346166
2.412	0.24357995
2.413	0.24340423
2.414	0.24359948
2.415	0.24361016
2.416	0.24361262
2.417	0.24366264
2.418	0.24359249
2.419	0.24343234
2.420	0.24305309
2.421	0.24308055
2.422	0.24347108
2.423	0.24339742
2.424	0.24371306
2.425	0.24384706
2.426	0.24403791
2.427	0.24379755
2.428	0.24327376
2.429	0.24368883
2.430	0.24377081
2.431	0.24395386
2.432	0.24370426
2.433	0.24410771
2.434	0.24439896
2.435	0.24479379
2.436	0.24501393
2.437	0.24525235
2.438	0.24522667
2.439	0.24580180
2.440	0.24554803
2.441	0.24540710
2.442	0.24535975
2.443	0.24549356
2.444	0.24584259
2.445	0.24558029
2.446	0.24598579
2.447	0.24599595
2.448	0.24631804
2.449	0.24617829
2.450	0.24603622
2.451	0.24604132
2.452	0.24592489
2.453	0.24622067
2.454	0.24647050
2.455	0.24630361
2.456	0.24641797
2.457	0.24615470
2.458	0.24596308
2.459	0.24632864
2.460	0.24630486
2.461	0.24617231
2.462	0.24604164
2.463	0.24592363
2.464	0.24593278
2.465	0.24547566
2.466	0.24571440
2.467	0.24552094
2.468	0.24571241
2.469	0.24530054
2.470	0.24548965
2.471	0.24542220
2.472	0.24587457
2.473	0.24591617
2.474	0.24592182
2.475	0.24634696
2.476	0.24682667
2.477	0.24709618
2.478	0.24720937
2.479	0.24718159
2.480	0.24725653
2.481	0.24751773
2.482	0.24745546
2.483	0.24776007
2.484	0.24808800
2.485	0.24793775
2.486	0.24733246
2.487	0.24712070
2.488	0.24739916
2.489	0.24775324
2.490	0.24740765
2.491	0.24748070
2.492	0.24734197
2.493	0.24811458
2.494	0.24843724
2.495	0.24865189
2.496	0.24884679
2.497	0.24917920
2.498	0.24944376
2.499	0.24927184
2.500	0.24915353
2.501	0.24903747
2.502	0.24862635
2.503	0.24862210
2.504	0.24851053
2.505	0.24866454
2.506	0.24892433
2.507	0.24887620
2.508	0.24880120
2.509	0.24891281
2.510	0.24917614
2.511	0.24939974
2.512	0.24966326
2.513	0.24985848
2.514	0.25015323
2.515	0.25035442
2.516	0.25031511
2.517	0.25053301
2.518	0.25035803
2.519	0.25039259
2.520	0.25054173
2.521	0.25038156
2.522	0.25001625
2.523	0.25024895
2.524	0.25007978
2.525	0.25045907
2.526	0.25028570
2.527	0.24966504
2.528	0.24996712
2.529	0.24992753
2.530	0.25001194
2.531	0.24960876
2.532	0.24984021
2.533	0.24976186
2.534	0.25007182
2.535	0.25009097
2.536	0.25030255
2.537	0.25056362
2.538	0.25079412
2.539	0.25121155
2.540	0.25163268
2.541	0.25175637
2.542	0.25188165
2.543	0.25177048
2.544	0.25163067
2.545	0.25168273
2.546	0.25190733
2.547	0.25180848
2.548	0.25163639
2.549	0.25155678
2.550	0.25141295
2.551	0.25150395
2.552	0.25158258
2.553	0.25180753
2.554	0.25219442
2.555	0.25231309
2.556	0.25251296
2.557	0.25281884
2.558	0.25294098
2.559	0.25348649
2.560	0.25372552
2.561	0.25393007
2.562	0.25394273
2.563	0.25428570
2.564	0.25449977
2.565	0.25444932
2.566	0.25412380
2.567	0.25449542
2.568	0.25456014
2.569	0.25475971
2.570	0.25463555
2.571	0.25513051
2.572	0.25497030
2.573	0.25484398
2.574	0.25493654
2.575	0.25506812
2.576	0.25504787
2.577	0.25511762
2.578	0.25546048
2.579	0.25558732
2.580	0.25542855
2.581	0.25573254
2.582	0.25595831
2.583	0.25618921
2.584	0.25648002
2.585	0.25617421
2.586	0.25593098
2.587	0.25590749
2.588	0.25584247
2.589	0.25613643
2.590	0.25611667
2.591	0.25563027
2.592	0.25582961
2.593	0.25623039
2.594	0.25656797
2.595	0.25698185
2.596	0.25684390
2.597	0.25683257
2.598	0.25685238
2.599	0.25659862
2.600	0.25691900
2.601	0.25681288
2.602	0.25696098
2.603	0.25693560
2.604	0.25731757
2.605	0.25778244
2.606	0.25757171
2.607	0.25800999
2.608	0.25808008
2.609	0.25822994
2.610	0.25859038
2.611	0.25902490
2.612	0.25930059
2.613	0.25939022
2.614	0.25914102
2.615	0.25903130
2.616	0.25924947
2.617	0.25934472
2.618	0.25931470
2.619	0.25939691
2.620	0.25908795
2.621	0.25925565
2.622	0.25928489
2.623	0.25930729
2.624	0.25925095
2.625	0.25928137
2.626	0.25949611
2.627	0.25982119
2.628	0.25956384
2.629	0.25943740
2.630	0.25934520
2.631	0.25943630
2.632	0.25959250
2.633	0.25977018
2.634	0.26067944
2.635	0.26120324
2.636	0.26151568
2.637	0.26186391
2.638	0.26165743
2.639	0.26190377
2.640	0.26198202
2.641	0.26140964
2.642	0.26171224
2.643	0.26150599
2.644	0.26146476
2.645	0.26144501
2.646	0.26164503
2.647	0.26163284
2.648	0.26187858
2.649	0.26217274
2.650	0.26266372
2.651	0.26284857
2.652	0.26295962
2.653	0.26310322
2.654	0.26282043
2.655	0.26273603
2.656	0.26269423
2.657	0.26264460
2.658	0.26271000
2.659	0.26234832
2.660	0.26223799
2.661	0.26230161
2.662	0.26220586
2.663	0.26227804
2.664	0.26265109
2.665	0.26272848
2.666	0.26272327
2.667	0.26255020
2.668	0.26233204
2.669	0.26226000
2.670	0.26224673
2.671	0.26271758
2.672	0.26311733
2.673	0.26300414
2.674	0.26306183
2.675	0.26275352
2.676	0.26326436
2.677	0.26324708
2.678	0.26385917
2.679	0.26398783
2.680	0.26398106
2.681	0.26407447
2.682	0.26406829
2.683	0.26412200
2.684	0.26421109
2.685	0.26427086
2.686	0.26416621
2.687	0.26427546
2.688	0.26457396
2.689	0.26483628
2.690	0.26458722
2.691	0.26445400
2.692	0.26475539
2.693	0.26469811
2.694	0.26477019
2.695	0.26476288
2.696	0.26448337
2.697	0.26501065
2.698	0.26479513
2.699	0.26531047
2.700	0.26594361
2.701	0.26567971
2.702	0.26576930
2.703	0.26576428
2.704	0.26612428
2.705	0.26599010
2.706	0.26622675
2.707	0.26548819
2.708	0.26557293
2.709	0.26592382
2.710	0.26585453
2.711	0.26562216
2.712	0.26479487
2.713	0.26472780
2.714	0.26474750
2.715	0.26464462
2.716	0.26429555
2.717	0.26446646
2.718	0.26437860
2.719	0.26437843
2.720	0.26414444
2.721	0.26443748
2.722	0.26421357
2.723	0.26423279
2.724	0.26407016
2.725	0.26426765
2.726	0.26474145
2.727	0.26479544
2.728	0.26463478
2.729	0.26504754
2.730	0.26500255
2.731	0.26491970
2.732	0.26505383
2.733	0.26528046
2.734	0.26527077
2.735	0.26542756
2.736	0.26579897
2.737	0.26583296
2.738	0.26630727
2.739	0.26644496
2.740	0.26701935
2.741	0.26696032
2.742	0.26700080
2.743	0.26749802
2.744	0.26815265
2.745	0.26827447
2.746	0.26838133
2.747	0.26838195
2.748	0.26857404
2.749	0.26839201
2.750	0.26871202
2.751	0.26864161
2.752	0.26868941
2.753	0.26887637
2.754	0.26859130
2.755	0.26830311
2.756	0.26826925
2.757	0.26839009
2.758	0.26855534
2.759	0.26802747
2.760	0.26790952
2.761	0.26774081
2.762	0.26809704
2.763	0.26840451
2.764	0.26791107
2.765	0.26897929
2.766	0.26882421
2.767	0.26908704
2.768	0.26957474
2.769	0.26967833
2.770	0.26938591
2.771	0.26973187
2.772	0.26994917
2.773	0.27065095
2.774	0.27067865
2.775	0.27061698
2.776	0.27108298
2.777	0.27110700
2.778	0.27087934
2.779	0.27094539
2.780	0.27101543
2.781	0.27081346
2.782	0.27107594
2.783	0.27130669
2.784	0.27205902
2.785	0.27268643
2.786	0.27281352
2.787	0.27287907
2.788	0.27318799
2.789	0.27342183
2.790	0.27380843
2.791	0.27356027
2.792	0.27403595
2.793	0.27424641
2.794	0.27443903
2.795	0.27443246
2.796	0.27442132
2.797	0.27408865
2.798	0.27439411
2.799	0.27445535
2.800	0.27435735
2.801	0.27412687
2.802	0.27423695
2.803	0.27408339
2.804	0.27440386
2.805	0.27494732
2.806	0.27529269
2.807	0.27518916
2.808	0.27538395
2.809	0.27506782
2.810	0.27504709
2.811	0.27530814
2.812	0.27556977
2.813	0.27542854
2.814	0.27508660
2.815	0.27541345
2.816	0.27543152
2.817	0.27541557
2.818	0.27535844
2.819	0.27508310
2.820	0.27519541
2.821	0.27532485
2.822	0.27553933
2.823	0.27573983
2.824	0.27583091
2.825	0.27623705
2.826	0.27648629
2.827	0.27662856
2.828	0.27720280
2.829	0.27704860
2.830	0.27735926
2.831	0.27756969
2.832	0.27739304
2.833	0.27721991
2.834	0.27666399
2.835	0.27672411
2.836	0.27636275
2.837	0.27654024
2.838	0.27635268
2.839	0.27656528
2.840	0.27646604
2.841	0.27670377
2.842	0.27691589
2.843	0.27716737
2.844	0.27724329
2.845	0.27733309
2.846	0.27714921
2.847	0.27743683
2.848	0.27791305
2.849	0.27860441
2.850	0.27860724
2.851	0.27855862
2.852	0.27876809
2.853	0.27907766
2.854	0.27897951
2.855	0.27898680
2.856	0.27945926
2.857	0.27945298
2.858	0.27920686
2.859	0.27942291
2.860	0.27974395
2.861	0.27946953
2.862	0.27979609
2.863	0.27984304
2.864	0.27928691
2.865	0.27948806
2.866	0.27948288
2.867	0.27968983
2.868	0.27952238
2.869	0.27976430
2.870	0.28018591
2.871	0.28032870
2.872	0.28032965
2.873	0.28053015
2.874	0.28054444
2.875	0.28063901
2.876	0.28084089
2.877	0.28096179
2.878	0.28073794
2.879	0.28041048
2.880	0.28087097
2.881	0.28075252
2.882	0.28100613
2.883	0.28091983
2.884	0.28120841
2.885	0.28124263
2.886	0.28114866
2.887	0.28171177
2.888	0.28234828
2.889	0.28207719
2.890	0.28225782
2.891	0.28241102
2.892	0.28280776
2.893	0.28330916
2.894	0.28298515
2.895	0.28353441
2.896	0.28341538
2.897	0.28321108
2.898	0.28304633
2.899	0.28324168
2.900	0.28288176
2.901	0.28310206
2.902	0.28323876
2.903	0.28341871
2.904	0.28344622
2.905	0.28349444
2.906	0.28365978
2.907	0.28307929
2.908	0.28324356
2.909	0.28353601
2.910	0.28364988
2.911	0.28311787
2.912	0.28324614
2.913	0.28324724
2.914	0.28282433
2.915	0.28296905
2.916	0.28268642
2.917	0.28275274
2.918	0.28270326
2.919	0.28265769
2.920	0.28254608
2.921	0.28258183
2.922	0.28271593
2.923	0.28261090
2.924	0.28291781
2.925	0.28291255
2.926	0.28310886
2.927	0.28302110
2.928	0.28335729
2.929	0.28384880
2.930	0.28389296
2.931	0.28368381
2.932	0.28362878
2.933	0.28349801
2.934	0.28307798
2.935	0.28333166
2.936	0.28323921
2.937	0.28370819
2.938	0.28384483
2.939	0.28377642
2.940	0.28412732
2.941	0.28417984
2.942	0.28400788
2.943	0.28429313
2.944	0.28440357
2.945	0.28446938
2.946	0.28457300
2.947	0.28438647
2.948	0.28460751
2.949	0.28434258
2.950	0.28398407
2.951	0.28397462
2.952	0.28345636
2.953	0.28321538
2.954	0.28330244
2.955	0.28286984
2.956	0.28244724
2.957	0.28206046
2.958	0.28232366
2.959	0.28234856
2.960	0.28251019
2.961	0.28247260
2.962	0.28305556
2.963	0.28334064
2.964	0.28316936
2.965	0.28313312
2.966	0.28333269
2.967	0.28319031
2.968	0.28321684
2.969	0.28333343
2.970	0.28337749
2.971	0.28386268
2.972	0.28352898
2.973	0.28338801
2.974	0.28332345
2.975	0.28315184
2.976	0.28384054
2.977	0.28359189
2.978	0.28369951
2.979	0.28367008
2.980	0.28345488
2.981	0.28321264
2.982	0.28327757
2.983	0.28377165
2.984	0.28310858
2.985	0.28314250
2.986	0.28324057
2.987	0.28309567
2.988	0.28256504
2.989	0.28240828
2.990	0.28243913
2.991	0.28223008
2.992	0.28279235
2.993	0.28270601
2.994	0.28265673
2.995	0.28271089
2.996	0.28257718
2.997	0.28266979
2.998	0.28263007
2.999	0.28242368
3.000	0.28242282
3.001	0.28218285
3.002	0.28256871
3.003	0.28288288
3.004	0.28320696
3.005	0.28329794
3.006	0.28326355
3.007	0.28324398
3.008	0.28294584
3.009	0.28302273
3.010	0.28300564
3.011	0.28304328
3.012	0.28249765
3.013	0.28214234
3.014	0.28203850
3.015	0.28232903
3.016	0.28177470
3.017	0.28187549
3.018	0.28172914
3.019	0.28195334
3.020	0.28245698
3.021	0.28258985
3.022	0.28256537
3.023	0.28218891
3.024	0.28225308
3.025	0.28256227
3.026	0.28312275
3.027	0.28308597
3.028	0.28334114
3.029	0.28375506
3.030	0.28369067
3.031	0.28385861
3.032	0.28432239
3.033	0.28443630
3.034	0.28492526
3.035	0.28497943
3.036	0.28532014
3.037	0.28541900
3.038	0.28499805
3.039	0.28450677
3.040	0.28441468
3.041	0.28445684
3.042	0.28463975
3.043	0.28449321
3.044	0.28476901
3.045	0.28471767
3.046	0.28460884
3.047	0.28409060
3.048	0.28399228
3.049	0.28416143
3.050	0.28458173
3.051	0.28434735
3.052	0.28429350
3.053	0.28448940
3.054	0.28456457
3.055	0.28443768
3.056	0.28463254
3.057	0.28514091
3.058	0.28542090
3.059	0.28506807
3.060	0.28551096
3.061	0.28532138
3.062	0.28564087
3.063	0.28638672
3.064	0.28644814
3.065	0.28598062
3.066	0.28652353
3.067	0.28637610
3.068	0.28636369
3.069	0.28631609
3.070	0.28652871
3.071	0.28671463
3.072	0.28660052
3.073	0.28701199
3.074	0.28689372
3.075	0.28743144
3.076	0.28741190
3.077	0.28767707
3.078	0.28795296
3.079	0.28790025
3.080	0.28782947
3.081	0.28806513
3.082	0.28806836
3.083	0.28815504
3.084	0.28852345
3.085	0.28866571
3.086	0.28859467
3.087	0.28850264
3.088	0.28820824
3.089	0.28837861
3.090	0.28796149
3.091	0.28771057
3.092	0.28792987
3.093	0.28812815
3.094	0.28822762
3.095	0.28816700
3.096	0.28830210
3.097	0.28829558
3.098	0.28848286
3.099	0.28856985
3.100	0.28893430
3.101	0.28900241
3.102	0.28869259
3.103	0.28862788
3.104	0.28888390
3.105	0.28928719
3.106	0.28911867
3.107	0.28909785
3.108	0.28939285
3.109	0.28948257
3.110	0.28959739
3.111	0.28962050
3.112	0.28978677
3.113	0.29023623
3.114	0.29027801
3.115	0.28945829
3.116	0.28964173
3.117	0.28980727
3.118	0.28969467
3.119	0.29003365
3.120	0.29012713
3.121	0.29061198
3.122	0.29048660
3.123	0.29081979
3.124	0.29025877
3.125	0.29027494
3.126	0.29075057
3.127	0.29028138
3.128	0.29005795
3.129	0.29041337
3.130	0.29092656
3.131	0.29130316
3.132	0.29123994
3.133	0.29182405
3.134	0.29160266
3.135	0.29203420
3.136	0.29239076
3.137	0.29251390
3.138	0.29293494
3.139	0.29338968
3.140	0.29368850
3.141	0.29397384
3.142	0.29385644
3.143	0.29357629
3.144	0.29314841
3.145	0.29264837
3.146	0.29286329
3.147	0.29248031
3.148	0.29296314
3.149	0.29312434
3.150	0.29257066
3.151	0.29264706
3.152	0.29214222
3.153	0.29212792
3.154	0.29195795
3.155	0.29192787
3.156	0.29189905
3.157	0.29195774
3.158	0.29232683
3.159	0.29213351
3.160	0.29163558
3.161	0.29152100
3.162	0.29135821
3.163	0.29129078
3.164	0.29113738
3.165	0.29106378
3.166	0.29090924
3.167	0.29091561
3.168	0.29056954
3.169	0.29071803
3.170	0.29112290
3.171	0.29138994
3.172	0.29124326
3.173	0.29108941
3.174	0.29063635
3.175	0.29082600
3.176	0.29122582
3.177	0.29141158
3.178	0.29153715
3.179	0.29195886
3.180	0.29193881
3.181	0.29198760
3.182	0.29225357
3.183	0.29245243
3.184	0.29229108
3.185	0.29203346
3.186	0.29217134
3.187	0.29219647
3.188	0.29223902
3.189	0.29209373
3.190	0.29246011
3.191	0.29236513
3.192	0.29239279
3.193	0.29267130
3.194	0.29261515
3.195	0.29248204
3.196	0.29266957
3.197	0.29283071
3.198	0.29383205
3.199	0.29376785
3.200	0.29398355
3.201	0.29393298
3.202	0.29367440
3.203	0.29379023
3.204	0.29390134
3.205	0.29369156
3.206	0.29357673
3.207	0.29315383
3.208	0.29307832
3.209	0.29270682
3.210	0.29313239
3.211	0.29315973
3.212	0.29335974
3.213	0.29370589
3.214	0.29398195
3.215	0.29405968
3.216	0.29410983
3.217	0.29400929
3.218	0.29437859
3.219	0.29468204
3.220	0.29449207
3.221	0.29488606
3.222	0.29417532
3.223	0.29432819
3.224	0.29387072
3.225	0.29374366
3.226	0.29307397
3.227	0.29323111
3.228	0.29346856
3.229	0.29313514
3.230	0.29331014
3.231	0.29327389
3.232	0.29356879
3.233	0.29365610
3.234	0.29337811
3.235	0.29334703
3.236	0.29326105
3.237	0.29327414
3.238	0.29326211
3.239	0.29340628
3.240	0.29287568
3.241	0.29296916
3.242	0.29269094
3.243	0.29272547
3.244	0.29304554
3.245	0.29258716
3.246	0.29235381
3.247	0.29255990
3.248	0.29259639
3.249	0.29269796
3.250	0.29315557
3.251	0.29319574
3.252	0.29381156
3.253	0.29420785
3.254	0.29446387
3.255	0.29470783
3.256	0.29442708
3.257	0.29436759
3.258	0.29434108
3.259	0.29411891
3.260	0.29393801
3.261	0.29379787
3.262	0.29366154
3.263	0.29377777
3.264	0.29439806
3.265	0.29468287
3.266	0.29477379
3.267	0.29462768
3.268	0.29476827
3.269	0.29450777
3.270	0.29476702
3.271	0.29514285
3.272	0.29471371
3.273	0.29491551
3.274	0.29501282
3.275	0.29535425
3.276	0.29537033
3.277	0.29520959
3.278	0.29515048
3.279	0.29546910
3.280	0.29540163
3.281	0.29516680
3.282	0.29541194
3.283	0.29554403
3.284	0.29521065
3.285	0.29497675
3.286	0.29524965
3.287	0.29539288
3.288	0.29568077
3.289	0.29598123
3.290	0.29609901
3.291	0.29603663
3.292	0.29640445
3.293	0.29653453
3.294	0.29683896
3.295	0.29686124
3.296	0.29682203
3.297	0.29611766
3.298	0.29630696
3.299	0.29660729
3.300	0.29621919
3.301	0.29606527
3.302	0.29644529
3.303	0.29644378
3.304	0.29654679
3.305	0.29670252
3.306	0.29616404
3.307	0.29586040
3.308	0.29562542
3.309	0.29564078
3.310	0.29593052
3.311	0.29571365
3.312	0.29603848
3.313	0.29579726
3.314	0.29613605
3.315	0.29662101
3.316	0.29660627
3.317	0.29612434
3.318	0.29598160
3.319	0.29602466
3.320	0.29593688
3.321	0.29565843
3.322	0.29559409
3.323	0.29603051
3.324	0.29607831
3.325	0.29613119
3.326	0.29590187
3.327	0.29578147
3.328	0.29615697
3.329	0.29652062
3.330	0.29643055
3.331	0.29635584
3.332	0.29614465
3.333	0.29653359
3.334	0.29681065
3.335	0.29684793
3.336	0.29651740
3.337	0.29656689
3.338	0.29705346
3.339	0.29728445
3.340	0.29738964
3.341	0.29742073
3.342	0.29727217
3.343	0.29755684
3.344	0.29741275
3.345	0.29761263
3.346	0.29765610
3.347	0.29792379
3.348	0.29794698
3.349	0.29786141
3.350	0.29789734
3.351	0.29791967
3.352	0.29813689
3.353	0.29795624
3.354	0.29796245
3.355	0.29832706
3.356	0.29802130
3.357	0.29825489
3.358	0.29826363
3.359	0.29837336
3.360	0.29869187
3.361	0.29887367
3.362	0.29940749
3.363	0.29961588
3.364	0.29961147
3.365	0.29941711
3.366	0.29983525
3.367	0.29993911
3.368	0.30029683
3.369	0.30019445
3.370	0.30008315
3.371	0.30086920
3.372	0.30085663
3.373	0.30132481
3.374	0.30102534
3.375	0.30100448
3.376	0.30107880
3.377	0.30104411
3.378	0.30199174
3.379	0.30266827
3.380	0.30271873
3.381	0.30272057
3.382	0.30239916
3.383	0.30221519
3.384	0.30171477
3.385	0.30174350
3.386	0.30160289
3.387	0.30199756
3.388	0.30232017
3.389	0.30230105
3.390	0.30237958
3.391	0.30223647
3.392	0.30222756
3.393	0.30211125
3.394	0.30223953
3.395	0.30222894
3.396	0.30271746
3.397	0.30305609
3.398	0.30299037
3.399	0.30368065
3.400	0.30332957
3.401	0.30321051
3.402	0.30309017
3.403	0.30317257
3.404	0.30290119
3.405	0.30263060
3.406	0.30289852
3.407	0.30287212
3.408	0.30305138
3.409	0.30250543
3.410	0.30205000
3.411	0.30219502
3.412	0.30194153
3.413	0.30150618
3.414	0.30153634
3.415	0.30145008
3.416	0.30167870
3.417	0.30122866
3.418	0.30061218
3.419	0.30017112
3.420	0.29952726
3.421	0.29959359
3.422	0.29906540
3.423	0.29893502
3.424	0.29841587
3.425	0.29835799
3.426	0.29829540
3.427	0.29830478
3.428	0.29826211
3.429	0.29844684
3.430	0.29864735
3.431	0.29880219
3.432	0.29902146
3.433	0.29882499
3.434	0.29890546
3.435	0.29817881
3.436	0.29818366
3.437	0.29840300
3.438	0.29843830
3.439	0.29837416
3.440	0.29861253
3.441	0.29890999
3.442	0.29970079
3.443	0.29985858
3.444	0.29944330
3.445	0.29981289
3.446	0.29976070
3.447	0.30043283
3.448	0.30075856
3.449	0.30094743
3.450	0.30111115
3.451	0.30116812
3.452	0.30190237
3.453	0.30220532
3.454	0.30205598
3.455	0.30229846
3.456	0.30251814
3.457	0.30222710
3.458	0.30272787
3.459	0.30298690
3.460	0.30285735
3.461	0.30288866
3.462	0.30247022
3.463	0.30251176
3.464	0.30216287
3.465	0.30232290
3.466	0.30172991
3.467	0.30202266
3.468	0.30246071
3.469	0.30248509
3.470	0.30236480
3.471	0.30207347
3.472	0.30173996
3.473	0.30120650
3.474	0.30111435
3.475	0.30085572
3.476	0.30070489
3.477	0.30018389
3.478	0.29963895
3.479	0.29981265
3.480	0.29951818
3.481	0.29983991
3.482	0.29946815
3.483	0.29945684
3.484	0.29960369
3.485	0.29977948
3.486	0.29967061
3.487	0.29990310
3.488	0.29982711
3.489	0.29962399
3.490	0.29986573
3.491	0.29983446
3.492	0.29994928
3.493	0.29960596
3.494	0.29971835
3.495	0.29968720
3.496	0.29963845
3.497	0.29966777
3.498	0.29977336
3.499	0.29955366
3.500	0.29963604
3.501	0.30000655
3.502	0.29977695
3.503	0.29991170
3.504	0.29966296
3.505	0.29962284
3.506	0.29968189
3.507	0.30030949
3.508	0.30041242
3.509	0.30016642
3.510	0.30030214
3.511	0.30018655
3.512	0.30021133
3.513	0.29999578
3.514	0.29982011
3.515	0.29977758
3.516	0.29995684
3.517	0.30040692
3.518	0.30049043
3.519	0.30096993
3.520	0.30136105
3.521	0.30134257
3.522	0.30177158
3.523	0.30235884
3.524	0.30260353
3.525	0.30324409
3.526	0.30239503
3.527	0.30276303
3.528	0.30301931
3.529	0.30276935
3.530	0.30268019
3.531	0.30257396
3.532	0.30221724
3.533	0.30232284
3.534	0.30197251
3.535	0.30232480
3.536	0.30214850
3.537	0.30186470
3.538	0.30169232
3.539	0.30186100
3.540	0.30181284
3.541	0.30194281
3.542	0.30215491
3.543	0.30249964
3.544	0.30199861
3.545	0.30153276
3.546	0.30143075
3.547	0.30089649
3.548	0.30115166
3.549	0.30085990
3.550	0.30056302
3.551	0.30036815
3.552	0.30010170
3.553	0.30026215
3.554	0.30014706
3.555	0.30025651
3.556	0.30040273
3.557	0.30077786
3.558	0.30075713
3.559	0.30048574
3.560	0.30075588
3.561	0.30062264
3.562	0.30089921
3.563	0.30093077
3.564	0.30069582
3.565	0.30073500
3.566	0.30045802
3.567	0.30052403
3.568	0.30043389
3.569	0.30048594
3.570	0.29986017
3.571	0.30001221
3.572	0.29996307
3.573	0.30008849
3.574	0.29991809
3.575	0.29995041
3.576	0.30046775
3.577	0.29985753
3.578	0.29983534
3.579	0.29997767
3.580	0.30011239
3.581	0.30026797
3.582	0.30053366
3.583	0.30091742
3.584	0.30153627
3.585	0.30169767
3.586	0.30176278
3.587	0.30202758
3.588	0.30194297
3.589	0.30193760
3.590	0.30184994
3.591	0.30198910
3.592	0.30177584
3.593	0.30211043
3.594	0.30203805
3.595	0.30201958
3.596	0.30242268
3.597	0.30244241
3.598	0.30254327
3.599	0.30279539
3.600	0.30299562
3.601	0.30282367
3.602	0.30266620
3.603	0.30248068
3.604	0.30231340
3.605	0.30188824
3.606	0.30263208
3.607	0.30256153
3.608	0.30232214
3.609	0.30185198
3.610	0.30186444
3.611	0.30241892
3.612	0.30236161
3.613	0.30203563
3.614	0.30153370
3.615	0.30157892
3.616	0.30148678
3.617	0.30138443
3.618	0.30135849
3.619	0.30134004
3.620	0.30153882
3.621	0.30140712
3.622	0.30185870
3.623	0.30208463
3.624	0.30195516
3.625	0.30292729
3.626	0.30249319
3.627	0.30274327
3.628	0.30242765
3.629	0.30295644
3.630	0.30273517
3.631	0.30253014
3.632	0.30160318
3.633	0.30224381
3.634	0.30268097
3.635	0.30279197
3.636	0.30288949
3.637	0.30312762
3.638	0.30370482
3.639	0.30456241
3.640	0.30436295
3.641	0.30434195
3.642	0.30439634
3.643	0.30430973
3.644	0.30453007
3.645	0.30438615
3.646	0.30406216
3.647	0.30401685
3.648	0.30352397
3.649	0.30370200
3.650	0.30378828
3.651	0.30439447
3.652	0.30425443
3.653	0.30405541
3.654	0.30370815
3.655	0.30300713
3.656	0.30264512
3.657	0.30272957
3.658	0.30300294
3.659	0.30263450
3.660	0.30266725
3.661	0.30325371
3.662	0.30312224
3.663	0.30309525
3.664	0.30310566
3.665	0.30324764
3.666	0.30292011
3.667	0.30262869
3.668	0.30231137
3.669	0.30180577
3.670	0.30132637
3.671	0.30150892
3.672	0.30080733
3.673	0.30030032
3.674	0.30005010
3.675	0.29957363
3.676	0.29947195
3.677	0.29918600
3.678	0.29933761
3.679	0.29922970
3.680	0.29907352
3.681	0.29879518
3.682	0.29827605
3.683	0.29840363
3.684	0.29855803
3.685	0.29851700
3.686	0.29838275
3.687	0.29861426
3.688	0.29877485
3.689	0.29854581
3.690	0.29853355
3.691	0.29863370
3.692	0.29826768
3.693	0.29852049
3.694	0.29887119
3.695	0.29862472
3.696	0.29853283
3.697	0.29825581
3.698	0.29843451
3.699	0.29829351
3.700	0.29829610
3.701	0.29782982
3.702	0.29808033
3.703	0.29782196
3.704	0.29739579
3.705	0.29727616
3.706	0.29698413
3.707	0.29671188
3.708	0.29652306
3.709	0.29648878
3.710	0.29634850
3.711	0.29715195
3.712	0.29725757
3.713	0.29765502
3.714	0.29722876
3.715	0.29733743
3.716	0.29736386
3.717	0.29743422
3.718	0.29696832
3.719	0.29671655
3.720	0.29656431
3.721	0.29649592
3.722	0.29626204
3.723	0.29665400
3.724	0.29674211
3.725	0.29662650
3.726	0.29625654
3.727	0.29649522
3.728	0.29625436
3.729	0.29630451
3.730	0.29614972
3.731	0.29611757
3.732	0.29627063
3.733	0.29636017
3.734	0.29629706
3.735	0.29591465
3.736	0.29610371
3.737	0.29607628
3.738	0.29603607
3.739	0.29585398
3.740	0.29643522
3.741	0.29643041
3.742	0.29652649
3.743	0.29631541
3.744	0.29608837
3.745	0.29620385
3.746	0.29535058
3.747	0.29509210
3.748	0.29497341
3.749	0.29506460
3.750	0.29548711
3.751	0.29602277
3.752	0.29614156
3.753	0.29577555
3.754	0.29557323
3.755	0.29468300
3.756	0.29426819
3.757	0.29458474
3.758	0.29436309
3.759	0.29428279
3.760	0.29416817
3.761	0.29429338
3.762	0.29391543
3.763	0.29401562
3.764	0.29380661
3.765	0.29356062
3.766	0.29384240
3.767	0.29402109
3.768	0.29408920
3.769	0.29410998
3.770	0.29389498
3.771	0.29388330
3.772	0.29423843
3.773	0.29405228
3.774	0.29416653
3.775	0.29404410
3.776	0.29418600
3.777	0.29435369
3.778	0.29453724
3.779	0.29481840
3.780	0.29476622
3.781	0.29451767
3.782	0.29434159
3.783	0.29422454
3.784	0.29417272
3.785	0.29400363
3.786	0.29393038
3.787	0.29368993
3.788	0.29383746
3.789	0.29353782
3.790	0.29401584
3.791	0.29421094
3.792	0.29429894
3.793	0.29407597
3.794	0.29349208
3.795	0.29309713
3.796	0.29290793
3.797	0.29277063
3.798	0.29270190
3.799	0.29312319
3.800	0.29302870
3.801	0.29284172
3.802	0.29286492
3.803	0.29271749
3.804	0.29273694
3.805	0.29242024
3.806	0.29247664
3.807	0.29248262
3.808	0.29254161
3.809	0.29229628
3.810	0.29264127
3.811	0.29288486
3.812	0.29291777
3.813	0.29276321
3.814	0.29270652
3.815	0.29304310
3.816	0.29243126
3.817	0.29246578
3.818	0.29241300
3.819	0.29287867
3.820	0.29323281
3.821	0.29340592
3.822	0.29388755
3.823	0.29378611
3.824	0.29401976
3.825	0.29400988
3.826	0.29357182
3.827	0.29376624
3.828	0.29430489
3.829	0.29442265
3.830	0.29453718
3.831	0.29461356
3.832	0.29466841
3.833	0.29495276
3.834	0.29485438
3.835	0.29492220
3.836	0.29484707
3.837	0.29459852
3.838	0.29474840
3.839	0.29482712
3.840	0.29476090
3.841	0.29475294
3.842	0.29466977
3.843	0.29413925
3.844	0.29339488
3.845	0.29309472
3.846	0.29256832
3.847	0.29254054
3.848	0.29216718
3.849	0.29190870
3.850	0.29213787
3.851	0.29274682
3.852	0.29319038
3.853	0.29318348
3.854	0.29302198
3.855	0.29362377
3.856	0.29413001
3.857	0.29419608
3.858	0.29457824
3.859	0.29505781
3.860	0.29541583
3.861	0.29531166
3.862	0.29552431
3.863	0.29524232
3.864	0.29514457
3.865	0.29454149
3.866	0.29468476
3.867	0.29483216
3.868	0.29521049
3.869	0.29495562
3.870	0.29502268
3.871	0.29462425
3.872	0.29526223
3.873	0.29558133
3.874	0.29568109
3.875	0.29584147
3.876	0.29623474
3.877	0.29652815
3.878	0.29662538
3.879	0.29622661
3.880	0.29604050
3.881	0.29626023
3.882	0.29633393
3.883	0.29589775
3.884	0.29563526
3.885	0.29553804
3.886	0.29562175
3.887	0.29600311
3.888	0.29610470
3.889	0.29619542
3.890	0.29556838
3.891	0.29594520
3.892	0.29565728
3.893	0.29595306
3.894	0.29587524
3.895	0.29596454
3.896	0.29602682
3.897	0.29621127
3.898	0.29617582
3.899	0.29616663
3.900	0.29648038
3.901	0.29620651
3.902	0.29650681
3.903	0.29658802
3.904	0.29673705
3.905	0.29700812
3.906	0.29683897
3.907	0.29643922
3.908	0.29650657
3.909	0.29613642
3.910	0.29570559
3.911	0.29594272
3.912	0.29614313
3.913	0.29595986
3.914	0.29635700
3.915	0.29640574
3.916	0.29693717
3.917	0.29731951
3.918	0.29747736
3.919	0.29763274
3.920	0.29761764
3.921	0.29694808
3.922	0.29764801
3.923	0.29773708
3.924	0.29754664
3.925	0.29821338
3.926	0.29868909
3.927	0.29903388
3.928	0.29916367
3.929	0.29963046
3.930	0.29997555
3.931	0.29949604
3.932	0.29943816
3.933	0.29913076
3.934	0.29938721
3.935	0.29961565
3.936	0.29984198
3.937	0.30012899
3.938	0.30036136
3.939	0.30049952
3.940	0.30024613
3.941	0.29966625
3.942	0.29924428
3.943	0.29900112
3.944	0.29893410
3.945	0.29857594
3.946	0.29868994
3.947	0.29894430
3.948	0.29893702
3.949	0.29918641
3.950	0.29891435
3.951	0.29890100
3.952	0.29879588
3.953	0.29865228
3.954	0.29921544
3.955	0.29880429
3.956	0.29902910
3.957	0.29863460
3.958	0.29847831
3.959	0.29883337
3.960	0.29901840
3.961	0.29920124
3.962	0.29896440
3.963	0.29907447
3.964	0.29910316
3.965	0.29926089
3.966	0.29944795
3.967	0.29943613
3.968	0.29916880
3.969	0.29935647
3.970	0.29961704
3.971	0.29965094
3.972	0.29940143
3.973	0.29944105
3.974	0.29911307
3.975	0.29925586
3.976	0.29895420
3.977	0.29870356
3.978	0.29898030
3.979	0.29871587
3.980	0.29883273
3.981	0.29866904
3.982	0.29878813
3.983	0.29879610
3.984	0.29831685
3.985	0.29811676
3.986	0.29835809
3.987	0.29792810
3.988	0.29825719
3.989	0.29852338
3.990	0.29831503
3.991	0.29839969
3.992	0.29791301
3.993	0.29802524
3.994	0.29807251
3.995	0.29785612
3.996	0.29770488
3.997	0.29777025
3.998	0.29771191
3.999	0.29762086
4.000	0.29805825
4.001	0.29852386
4.002	0.29869374
4.003	0.29840576
4.004	0.29863078
4.005	0.29857383
4.006	0.29877858
4.007	0.29832760
4.008	0.29848690
4.009	0.29855345
4.010	0.29825708
4.011	0.29846935
4.012	0.29857980
4.013	0.29862644
4.014	0.29885759
4.015	0.29899174
4.016	0.29890107
4.017	0.29883338
4.018	0.29843243
4.019	0.29816059
4.020	0.29773088
4.021	0.29715205
4.022	0.29679159
4.023	0.29706269
4.024	0.29678576
4.025	0.29657049
4.026	0.29624967
4.027	0.29651962
4.028	0.29676030
4.029	0.29663430
4.030	0.29658923
4.031	0.29709729
4.032	0.29638530
4.033	0.29602422
4.034	0.29588739
4.035	0.29619704
4.036	0.29605386
4.037	0.29596582
4.038	0.29593429
4.039	0.29621713
4.040	0.29619483
4.041	0.29550644
4.042	0.29534288
4.043	0.29540999
4.044	0.29576893
4.045	0.29634267
4.046	0.29663277
4.047	0.29670598
4.048	0.29725270
4.049	0.29718547
4.050	0.29701606
4.051	0.29657116
4.052	0.29700726
4.053	0.29641420
4.054	0.29591154
4.055	0.29596352
4.056	0.29563494
4.057	0.29538410
4.058	0.29524058
4.059	0.29527003
4.060	0.29544470
4.061	0.29515548
4.062	0.29529204
4.063	0.29514176
4.064	0.29510851
4.065	0.29486895
4.066	0.29485251
4.067	0.29495927
4.068	0.29481506
4.069	0.29498048
4.070	0.29514013
4.071	0.29545396
4.072	0.29559339
4.073	0.29505397
4.074	0.29578594
4.075	0.29573388
4.076	0.29579345
4.077	0.29593224
4.078	0.29606501
4.079	0.29595491
4.080	0.29581947
4.081	0.29574963
4.082	0.29561668
4.083	0.29532075
4.084	0.29498506
4.085	0.29499498
4.086	0.29506137
4.087	0.29468736
4.088	0.29440194
4.089	0.29469808
4.090	0.29468137
4.091	0.29462270
4.092	0.29466275
4.093	0.29452238
4.094	0.29444678
4.095	0.29469823
4.096	0.29481207
4.097	0.29474232
4.098	0.29476552
4.099	0.29488746
4.100	0.29511838
4.101	0.29504063
4.102	0.29472912
4.103	0.29487300
4.104	0.29463033
4.105	0.29465995
4.106	0.29460415
4.107	0.29477204
4.108	0.29474353
4.109	0.29455269
4.110	0.29431439
4.111	0.29417813
4.112	0.29399069
4.113	0.29446575
4.114	0.29406605
4.115	0.29401831
4.116	0.29421731
4.117	0.29485866
4.118	0.29447419
4.119	0.29383923
4.120	0.29389287
4.121	0.29366586
4.122	0.29425933
4.123	0.29392923
4.124	0.29414634
4.125	0.29396271
4.126	0.29390506
4.127	0.29416909
4.128	0.29424290
4.129	0.29439215
4.130	0.29450755
4.131	0.29392913
4.132	0.29353802
4.133	0.29392815
4.134	0.29387264
4.135	0.29438996
4.136	0.29456472
4.137	0.29496555
4.138	0.29474675
4.139	0.29449226
4.140	0.29439431
4.141	0.29498173
4.142	0.29509383
4.143	0.29509389
4.144	0.29491264
4.145	0.29456529
4.146	0.29431432
4.147	0.29439380
4.148	0.29442078
4.149	0.29510422
4.150	0.29576209
4.151	0.29552033
4.152	0.29541322
4.153	0.29553778
4.154	0.29549759
4.155	0.29540434
4.156	0.29597641
4.157	0.29594958
4.158	0.29632611
4.159	0.29632121
4.160	0.29656446
4.161	0.29679144
4.162	0.29674317
4.163	0.29650852
4.164	0.29595371
4.165	0.29568617
4.166	0.29548512
4.167	0.29575231
4.168	0.29582976
4.169	0.29572313
4.170	0.29524736
4.171	0.29547927
4.172	0.29497190
4.173	0.29469559
4.174	0.29484891
4.175	0.29481446
4.176	0.29448339
4.177	0.29429743
4.178	0.29430625
4.179	0.29412926
4.180	0.29440328
4.181	0.29421639
4.182	0.29414019
4.183	0.29398708
4.184	0.29417649
4.185	0.29363220
4.186	0.29390005
4.187	0.29405810
4.188	0.29397970
4.189	0.29362807
4.190	0.29314415
4.191	0.29318107
4.192	0.29353208
4.193	0.29318056
4.194	0.29297002
4.195	0.29310337
4.196	0.29340239
4.197	0.29314553
4.198	0.29296302
4.199	0.29291688
4.200	0.29263528
4.201	0.29225438
4.202	0.29237023
4.203	0.29248613
4.204	0.29231843
4.205	0.29259135
4.206	0.29244799
4.207	0.29272868
4.208	0.29286423
4.209	0.29300497
4.210	0.29315034
4.211	0.29313067
4.212	0.29295262
4.213	0.29301236
4.214	0.29316066
4.215	0.29329073
4.216	0.29319027
4.217	0.29314739
4.218	0.29358843
4.219	0.29336456
4.220	0.29260563
4.221	0.29259461
4.222	0.29270645
4.223	0.29172872
4.224	0.29132009
4.225	0.29123540
4.226	0.29107302
4.227	0.29146094
4.228	0.29120696
4.229	0.29128331
4.230	0.29123743
4.231	0.29121804
4.232	0.29132828
4.233	0.29106703
4.234	0.29142982
4.235	0.29128947
4.236	0.29102498
4.237	0.29069483
4.238	0.29064726
4.239	0.29053315
4.240	0.29038279
4.241	0.28984688
4.242	0.28983079
4.243	0.28989729
4.244	0.28952563
4.245	0.28948611
4.246	0.28954396
4.247	0.28974262
4.248	0.28948569
4.249	0.28925909
4.250	0.28964628
4.251	0.28969885
4.252	0.28952423
4.253	0.28941895
4.254	0.28988326
4.255	0.29016835
4.256	0.29007939
4.257	0.29007546
4.258	0.28963861
4.259	0.28960184
4.260	0.28906314
4.261	0.28942194
4.262	0.28990462
4.263	0.28962061
4.264	0.29002128
4.265	0.29065986
4.266	0.29041245
4.267	0.29048822
4.268	0.29028799
4.269	0.29045870
4.270	0.29011225
4.271	0.29009795
4.272	0.29021526
4.273	0.29037755
4.274	0.29050655
4.275	0.29011862
4.276	0.28980639
4.277	0.28953728
4.278	0.28956477
4.279	0.28957569
4.280	0.28955097
4.281	0.28953176
4.282	0.28961183
4.283	0.28985889
4.284	0.29005494
4.285	0.28940195
4.286	0.28959589
4.287	0.28994471
4.288	0.28998248
4.289	0.28985931
4.290	0.29047941
4.291	0.29008503
4.292	0.29014321
4.293	0.28974207
4.294	0.28992574
4.295	0.28969344
4.296	0.28972053
4.297	0.28979013
4.298	0.28955413
4.299	0.28967047
4.300	0.28982430
4.301	0.29012121
4.302	0.29007945
4.303	0.29037702
4.304	0.29036782
4.305	0.29009916
4.306	0.29044015
4.307	0.29016291
4.308	0.28990153
4.309	0.28988119
4.310	0.28989945
4.311	0.28988122
4.312	0.28990944
4.313	0.29012080
4.314	0.29051560
4.315	0.29061096
4.316	0.29040280
4.317	0.29065698
4.318	0.29078833
4.319	0.29153351
4.320	0.29129512
4.321	0.29086699
4.322	0.29116610
4.323	0.29094107
4.324	0.29110756
4.325	0.29091607
4.326	0.29117965
4.327	0.29095138
4.328	0.29050123
4.329	0.29081310
4.330	0.29108816
4.331	0.29153388
4.332	0.29137364
4.333	0.29165146
4.334	0.29130351
4.335	0.29117867
4.336	0.29165733
4.337	0.29166309
4.338	0.29157649
4.339	0.29173813
4.340	0.29191541
4.341	0.29216139
4.342	0.29285893
4.343	0.29300642
4.344	0.29306353
4.345	0.29310669
4.346	0.29342000
4.347	0.29352814
4.348	0.29325766
4.349	0.29345297
4.350	0.29348088
4.351	0.29363073
4.352	0.29389180
4.353	0.29433888
4.354	0.29403833
4.355	0.29447136
4.356	0.29489166
4.357	0.29497827
4.358	0.29507441
4.359	0.29536200
4.360	0.29531362
4.361	0.29591013
4.362	0.29601074
4.363	0.29596783
4.364	0.29588830
4.365	0.29561535
4.366	0.29605873
4.367	0.29573930
4.368	0.29543833
4.369	0.29492846
4.370	0.29494806
4.371	0.29488357
4.372	0.29540741
4.373	0.29564003
4.374	0.29552829
4.375	0.29586929
4.376	0.29581370
4.377	0.29579361
4.378	0.29554781
4.379	0.29541666
4.380	0.29540013
4.381	0.29565145
4.382	0.29506610
4.383	0.29496413
4.384	0.29448030
4.385	0.29425189
4.386	0.29472774
4.387	0.29500855
4.388	0.29541051
4.389	0.29546779
4.390	0.29499366
4.391	0.29450312
4.392	0.29448927
4.393	0.29422029
4.394	0.29410157
4.395	0.29384578
4.396	0.29362453
4.397	0.29360977
4.398	0.29381130
4.399	0.29324287
4.400	0.29262329
4.401	0.29276394
4.402	0.29289468
4.403	0.29296165
4.404	0.29257588
4.405	0.29258673
4.406	0.29253838
4.407	0.29222049
4.408	0.29198575
4.409	0.29204205
4.410	0.29204107
4.411	0.29173927
4.412	0.29163783
4.413	0.29203119
4.414	0.29223306
4.415	0.29237381
4.416	0.29255795
4.417	0.29241523
4.418	0.29241174
4.419	0.29256157
4.420	0.29284185
4.421	0.29314330
4.422	0.29294060
4.423	0.29327222
4.424	0.29349598
4.425	0.29356634
4.426	0.29362773
4.427	0.29362502
4.428	0.29326726
4.429	0.29363595
4.430	0.29363558
4.431	0.29338481
4.432	0.29297800
4.433	0.29289037
4.434	0.29311278
4.435	0.29300375
4.436	0.29307318
4.437	0.29340800
4.438	0.29344042
4.439	0.29336540
4.440	0.29311839
4.441	0.29344346
4.442	0.29352267
4.443	0.29323007
4.444	0.29301605
4.445	0.29280032
4.446	0.29298530
4.447	0.29266876
4.448	0.29277420
4.449	0.29277889
4.450	0.29290178
4.451	0.29290297
4.452	0.29300449
4.453	0.29321352
4.454	0.29323161
4.455	0.29341511
4.456	0.29330508
4.457	0.29309444
4.458	0.29323369
4.459	0.29340590
4.460	0.29318475
4.461	0.29301655
4.462	0.29345079
4.463	0.29339705
4.464	0.29311065
4.465	0.29315491
4.466	0.29309549
4.467	0.29294044
4.468	0.29306939
4.469	0.29288192
4.470	0.29198978
4.471	0.29247388
4.472	0.29255815
4.473	0.29243820
4.474	0.29269906
4.475	0.29260627
4.476	0.29264284
4.477	0.29311118
4.478	0.29277845
4.479	0.29292457
4.480	0.29343006
4.481	0.29267179
4.482	0.29320846
4.483	0.29306836
4.484	0.29342810
4.485	0.29331219
4.486	0.29322670
4.487	0.29307617
4.488	0.29338057
4.489	0.29346560
4.490	0.29376754
4.491	0.29356943
4.492	0.29356631
4.493	0.29330763
4.494	0.29344525
4.495	0.29352968
4.496	0.29343387
4.497	0.29339368
4.498	0.29309259
4.499	0.29268949
4.500	0.29181948
4.501	0.29218189
4.502	0.29222539
4.503	0.29223827
4.504	0.29204098
4.505	0.29177912
4.506	0.29128859
4.507	0.29137097
4.508	0.29151360
4.509	0.29176136
4.510	0.29196513
4.511	0.29169169
4.512	0.29199167
4.513	0.29189880
4.514	0.29176346
4.515	0.29150537
4.516	0.29157758
4.517	0.29144440
4.518	0.29200777
4.519	0.29250398
4.520	0.29272493
4.521	0.29287790
4.522	0.29320144
4.523	0.29315887
4.524	0.29337849
4.525	0.29332717
4.526	0.29346105
4.527	0.29318927
4.528	0.29310617
4.529	0.29261307
4.530	0.29198985
4.531	0.29254009
4.532	0.29250005
4.533	0.29230010
4.534	0.29173889
4.535	0.29220065
4.536	0.29157882
4.537	0.29200615
4.538	0.29195077
4.539	0.29189747
4.540	0.29214473
4.541	0.29214973
4.542	0.29265469
4.543	0.29261964
4.544	0.29251623
4.545	0.29273134
4.546	0.29319784
4.547	0.29334458
4.548	0.29359203
4.549	0.29360846
4.550	0.29362006
4.551	0.29423798
4.552	0.29466985
4.553	0.29501666
4.554	0.29546056
4.555	0.29585998
4.556	0.29613488
4.557	0.29603741
4.558	0.29593471
4.559	0.29564958
4.560	0.29582126
4.561	0.29551278
4.562	0.29534406
4.563	0.29547497
4.564	0.29562554
4.565	0.29556512
4.566	0.29516849
4.567	0.29569034
4.568	0.29560203
4.569	0.29555077
4.570	0.29601677
4.571	0.29601769
4.572	0.29593487
4.573	0.29583964
4.574	0.29612202
4.575	0.29593003
4.576	0.29571412
4.577	0.29595557
4.578	0.29604755
4.579	0.29587265
4.580	0.29588138
4.581	0.29566318
4.582	0.29546353
4.583	0.29546359
4.584	0.29517988
4.585	0.29567343
4.586	0.29649261
4.587	0.29637678
4.588	0.29659208
4.589	0.29643387
4.590	0.29621008
4.591	0.29611910
4.592	0.29598085
4.593	0.29594455
4.594	0.29655237
4.595	0.29652857
4.596	0.29590760
4.597	0.29589880
4.598	0.29627821
4.599	0.29633515
4.600	0.29631056
4.601	0.29652337
4.602	0.29676846
4.603	0.29679232
4.604	0.29655982
4.605	0.29630467
4.606	0.29630831
4.607	0.29673926
4.608	0.29691872
4.609	0.29637040
4.610	0.29659659
4.611	0.29669143
4.612	0.29652916
4.613	0.29648168
4.614	0.29688067
4.615	0.29707243
4.616	0.29727814
4.617	0.29719248
4.618	0.29757905
4.619	0.29699931
4.620	0.29689868
4.621	0.29697327
4.622	0.29702555
4.623	0.29762882
4.624	0.29789762
4.625	0.29775380
4.626	0.29764173
4.627	0.29758588
4.628	0.29799096
4.629	0.29759088
4.630	0.29758033
4.631	0.29705026
4.632	0.29662112
4.633	0.29659793
4.634	0.29657442
4.635	0.29679575
4.636	0.29682886
4.637	0.29721200
4.638	0.29729272
4.639	0.29663431
4.640	0.29613403
4.641	0.29611681
4.642	0.29632631
4.643	0.29637461
4.644	0.29593983
4.645	0.29588209
4.646	0.29621542
4.647	0.29643065
4.648	0.29612247
4.649	0.29631014
4.650	0.29607913
4.651	0.29597438
4.652	0.29693898
4.653	0.29695154
4.654	0.29672808
4.655	0.29647221
4.656	0.29648597
4.657	0.29680451
4.658	0.29693521
4.659	0.29704859
4.660	0.29661710
4.661	0.29692846
4.662	0.29644730
4.663	0.29669436
4.664	0.29713552
4.665	0.29663498
4.666	0.29645811
4.667	0.29594912
4.668	0.29641278
4.669	0.29647075
4.670	0.29642693
4.671	0.29681217
4.672	0.29660985
4.673	0.29643265
4.674	0.29614114
4.675	0.29595386
4.676	0.29638044
4.677	0.29703488
4.678	0.29709379
4.679	0.29751647
4.680	0.29744385
4.681	0.29775529
4.682	0.29756583
4.683	0.29732697
4.684	0.29704927
4.685	0.29731558
4.686	0.29745072
4.687	0.29792464
4.688	0.29776766
4.689	0.29795579
4.690	0.29760302
4.691	0.29792129
4.692	0.29810166
4.693	0.29759850
4.694	0.29801074
4.695	0.29748650
4.696	0.29768262
4.697	0.29726860
4.698	0.29715203
4.699	0.29685246
4.700	0.29675115
4.701	0.29669294
4.702	0.29674376
4.703	0.29669724
4.704	0.29653133
4.705	0.29651816
4.706	0.29612621
4.707	0.29575265
4.708	0.29559158
4.709	0.29556071
4.710	0.29599681
4.711	0.29577706
4.712	0.29578309
4.713	0.29563684
4.714	0.29614287
4.715	0.29629487
4.716	0.29562355
4.717	0.29609567
4.718	0.29655526
4.719	0.29698080
4.720	0.29705976
4.721	0.29710626
4.722	0.29719770
4.723	0.29730072
4.724	0.29776599
4.725	0.29769915
4.726	0.29776654
4.727	0.29752519
4.728	0.29726936
4.729	0.29778133
4.730	0.29811651
4.731	0.29828004
4.732	0.29853616
4.733	0.29898465
4.734	0.29908910
4.735	0.29903570
4.736	0.29862436
4.737	0.29799608
4.738	0.29791604
4.739	0.29800921
4.740	0.29832536
4.741	0.29821243
4.742	0.29772965
4.743	0.29755960
4.744	0.29740913
4.745	0.29747165
4.746	0.29708250
4.747	0.29720862
4.748	0.29703829
4.749	0.29753217
4.750	0.29769419
4.751	0.29758415
4.752	0.29752808
4.753	0.29746451
4.754	0.29711185
4.755	0.29697292
4.756	0.29726831
4.757	0.29810372
4.758	0.29821690
4.759	0.29776776
4.760	0.29797916
4.761	0.29800950
4.762	0.29800361
4.763	0.29761086
4.764	0.29765797
4.765	0.29778126
4.766	0.29812616
4.767	0.29807832
4.768	0.29812500
4.769	0.29847176
4.770	0.29849955
4.771	0.29828023
4.772	0.29801273
4.773	0.29802092
4.774	0.29809758
4.775	0.29790945
4.776	0.29783484
4.777	0.29786563
4.778	0.29780815
4.779	0.29807072
4.780	0.29817021
4.781	0.29884582
4.782	0.29884851
4.783	0.29907537
4.784	0.29932393
4.785	0.29933106
4.786	0.29877434
4.787	0.29904978
4.788	0.29911071
4.789	0.29886490
4.790	0.29903525
4.791	0.29894782
4.792	0.29845574
4.793	0.29828658
4.794	0.29833916
4.795	0.29811215
4.796	0.29778149
4.797	0.29710607
4.798	0.29711562
4.799	0.29684996
4.800	0.29701413
4.801	0.29692239
4.802	0.29698424
4.803	0.29706980
4.804	0.29708142
4.805	0.29716005
4.806	0.29734565
4.807	0.29720178
4.808	0.29692677
4.809	0.29662834
4.810	0.29630403
4.811	0.29636758
4.812	0.29640663
4.813	0.29649870
4.814	0.29574185
4.815	0.29534534
4.816	0.29508172
4.817	0.29520605
4.818	0.29513314
4.819	0.29513322
4.820	0.29502551
4.821	0.29526028
4.822	0.29484890
4.823	0.29479149
4.824	0.29440711
4.825	0.29417834
4.826	0.29435269
4.827	0.29406115
4.828	0.29414256
4.829	0.29428555
4.830	0.29412826
4.831	0.29393329
4.832	0.29388018
4.833	0.29345002
4.834	0.29304410
4.835	0.29336055
4.836	0.29335625
4.837	0.29289431
4.838	0.29298252
4.839	0.29263276
4.840	0.29256372
4.841	0.29311592
4.842	0.29314758
4.843	0.29353229
4.844	0.29378601
4.845	0.29366870
4.846	0.29416722
4.847	0.29433422
4.848	0.29448607
4.849	0.29482725
4.850	0.29526387
4.851	0.29560211
4.852	0.29603435
4.853	0.29569411
4.854	0.29578087
4.855	0.29579300
4.856	0.29613966
4.857	0.29596792
4.858	0.29613951
4.859	0.29587340
4.860	0.29624800
4.861	0.29617395
4.862	0.29618547
4.863	0.29591342
4.864	0.29627870
4.865	0.29583467
4.866	0.29574526
4.867	0.29591123
4.868	0.29565231
4.869	0.29563040
4.870	0.29577727
4.871	0.29537894
4.872	0.29473117
4.873	0.29483220
4.874	0.29409597
4.875	0.29386356
4.876	0.29396856
4.877	0.29394158
4.878	0.29393730
4.879	0.29395040
4.880	0.29388160
4.881	0.29398214
4.882	0.29428100
4.883	0.29423881
4.884	0.29432984
4.885	0.29411208
4.886	0.29321257
4.887	0.29296891
4.888	0.29313569
4.889	0.29293763
4.890	0.29276190
4.891	0.29258335
4.892	0.29214647
4.893	0.29204275
4.894	0.29195440
4.895	0.29219251
4.896	0.29227715
4.897	0.29204411
4.898	0.29201379
4.899	0.29241525
4.900	0.29236179
4.901	0.29225182
4.902	0.29240983
4.903	0.29267381
4.904	0.29279147
4.905	0.29253734
4.906	0.29219284
4.907	0.29208350
4.908	0.29193958
4.909	0.29237857
4.910	0.29223850
4.911	0.29203160
4.912	0.29185200
4.913	0.29223402
4.914	0.29262535
4.915	0.29308567
4.916	0.29303291
4.917	0.29269184
4.918	0.29288481
4.919	0.29293653
4.920	0.29314627
4.921	0.29344908
4.922	0.29314129
4.923	0.29338902
4.924	0.29337270
4.925	0.29326411
4.926	0.29339421
4.927	0.29350824
4.928	0.29350115
4.929	0.29357172
4.930	0.29378290
4.931	0.29370237
4.932	0.29358663
4.933	0.29363453
4.934	0.29322200
4.935	0.29386212
4.936	0.29344742
4.937	0.29370891
4.938	0.29403365
4.939	0.29402719
4.940	0.29382771
4.941	0.29380976
4.942	0.29370877
4.943	0.29364643
4.944	0.29366335
4.945	0.29350525
4.946	0.29338755
4.947	0.29394990
4.948	0.29393706
4.949	0.29397609
4.950	0.29402698
4.951	0.29424023
4.952	0.29458632
4.953	0.29477600
4.954	0.29462728
4.955	0.29496107
4.956	0.29519646
4.957	0.29571985
4.958	0.29559069
4.959	0.29574944
4.960	0.29582197
4.961	0.29636106
4.962	0.29602229
4.963	0.29551411
4.964	0.29562221
4.965	0.29576382
4.966	0.29537618
4.967	0.29566629
4.968	0.29593954
4.969	0.29598262
4.970	0.29571333
4.971	0.29577177
4.972	0.29619862
4.973	0.29636849
4.974	0.29655902
4.975	0.29637814
4.976	0.29680628
4.977	0.29634538
4.978	0.29621091
4.979	0.29622308
4.980	0.29605846
4.981	0.29595642
4.982	0.29589644
4.983	0.29578048
4.984	0.29565800
4.985	0.29608332
4.986	0.29611230
4.987	0.29653623
4.988	0.29643479
4.989	0.29663407
4.990	0.29707771
4.991	0.29695257
4.992	0.29711972
4.993	0.29730950
4.994	0.29701483
4.995	0.29768969
4.996	0.29754367
4.997	0.29718042
4.998	0.29697045
4.999	0.29641934
5.000	0.29626096
5.001	0.29641560
5.002	0.29630145
5.003	0.29700456
5.004	0.29718451
5.005	0.29708086
5.006	0.29710139
5.007	0.29758962
5.008	0.29750269
5.009	0.29752741
5.010	0.29767896
5.011	0.29756708
5.012	0.29768248
5.013	0.29758411
5.014	0.29737421
5.015	0.29734850
5.016	0.29726487
5.017	0.29731502
5.018	0.29741793
5.019	0.29763715
5.020	0.29771871
5.021	0.29715049
5.022	0.29726084
5.023	0.29716395
5.024	0.29734101
5.025	0.29715822
5.026	0.29713986
5.027	0.29767521
5.028	0.29761914
5.029	0.29764317
5.030	0.29798493
5.031	0.29791482
5.032	0.29808911
5.033	0.29795383
5.034	0.29778660
5.035	0.29844806
5.036	0.29791924
5.037	0.29798069
5.038	0.29857402
5.039	0.29863852
5.040	0.29868973
5.041	0.29875581
5.042	0.29880116
5.043	0.29905599
5.044	0.29887611
5.045	0.29928717
5.046	0.29897398
5.047	0.29870323
5.048	0.29879587
5.049	0.29858623
5.050	0.29832330
5.051	0.29877615
5.052	0.29913929
5.053	0.29898954
5.054	0.29874682
5.055	0.29864957
5.056	0.29888156
5.057	0.29886947
5.058	0.29828845
5.059	0.29839842
5.060	0.29783440
5.061	0.29821240
5.062	0.29783916
5.063	0.29784427
5.064	0.29792329
5.065	0.29779546
5.066	0.29806619
5.067	0.29795433
5.068	0.29803851
5.069	0.29789394
5.070	0.29789494
5.071	0.29771206
5.072	0.29743103
5.073	0.29758520
5.074	0.29766822
5.075	0.29800139
5.076	0.29833903
5.077	0.29871257
5.078	0.29786907
5.079	0.29837921
5.080	0.29813422
5.081	0.29827794
5.082	0.29835410
5.083	0.29840398
5.084	0.29845392
5.085	0.29875917
5.086	0.29847282
5.087	0.29886093
5.088	0.29922728
5.089	0.29926367
5.090	0.29906560
5.091	0.29927862
5.092	0.29951832
5.093	0.29937991
5.094	0.29899397
5.095	0.29898175
5.096	0.29877841
5.097	0.29866408
5.098	0.29872594
5.099	0.29868090
5.100	0.29923619
5.101	0.29935483
5.102	0.29937637
5.103	0.29942855
5.104	0.29902900
5.105	0.29957085
5.106	0.29951298
5.107	0.29964999
5.108	0.29979303
5.109	0.29979537
5.110	0.30009887
5.111	0.30037624
5.112	0.30033366
5.113	0.30018819
5.114	0.29983431
5.115	0.29996233
5.116	0.29996539
5.117	0.29977566
5.118	0.29928902
5.119	0.29941498
5.120	0.29993612
5.121	0.29963807
5.122	0.29930324
5.123	0.29962378
5.124	0.29965108
5.125	0.29971098
5.126	0.29942854
5.127	0.29927388
5.128	0.29928885
5.129	0.29931122
5.130	0.29942714
5.131	0.29913114
5.132	0.29894292
5.133	0.29897335
5.134	0.29847846
5.135	0.29869920
5.136	0.29848540
5.137	0.29846830
5.138	0.29886207
5.139	0.29887171
5.140	0.29901599
5.141	0.29900323
5.142	0.29889867
5.143	0.29851374
5.144	0.29884053
5.145	0.29869569
5.146	0.29785518
5.147	0.29851559
5.148	0.29870197
5.149	0.29913795
5.150	0.29929350
5.151	0.29914177
5.152	0.29884242
5.153	0.29817511
5.154	0.29808641
5.155	0.29788228
5.156	0.29821212
5.157	0.29783494
5.158	0.29812514
5.159	0.29776305
5.160	0.29736385
5.161	0.29731105
5.162	0.29745655
5.163	0.29727930
5.164	0.29701845
5.165	0.29695155
5.166	0.29679456
5.167	0.29671730
5.168	0.29669432
5.169	0.29712534
5.170	0.29704138
5.171	0.29660117
5.172	0.29631692
5.173	0.29586525
5.174	0.29558942
5.175	0.29591397
5.176	0.29597910
5.177	0.29651330
5.178	0.29629446
5.179	0.29628660
5.180	0.29665228
5.181	0.29691498
5.182	0.29734854
5.183	0.29759528
5.184	0.29715260
5.185	0.29709831
5.186	0.29705847
5.187	0.29693750
5.188	0.29669116
5.189	0.29706000
5.190	0.29734709
5.191	0.29754084
5.192	0.29785788
5.193	0.29783673
5.194	0.29740607
5.195	0.29756023
5.196	0.29757475
5.197	0.29724466
5.198	0.29793675
5.199	0.29805228
5.200	0.29805845
5.201	0.29800312
5.202	0.29804563
5.203	0.29839296
5.204	0.29828888
5.205	0.29855774
5.206	0.29913824
5.207	0.29929644
5.208	0.29943063
5.209	0.29927150
5.210	0.29956684
5.211	0.29979495
5.212	0.30007018
5.213	0.30014049
5.214	0.30019808
5.215	0.30065822
5.216	0.30097105
5.217	0.30127640
5.218	0.30188732
5.219	0.30158610
5.220	0.30161477
5.221	0.30098730
5.222	0.30067471
5.223	0.30091125
5.224	0.30073350
5.225	0.30099330
5.226	0.30065288
5.227	0.30007753
5.228	0.30021931
5.229	0.30012124
5.230	0.29964015
5.231	0.29917820
5.232	0.29874609
5.233	0.29870611
5.234	0.29868277
5.235	0.29940959
5.236	0.29979620
5.237	0.29959115
5.238	0.29910509
5.239	0.29871573
5.240	0.29869191
5.241	0.29893643
5.242	0.29888979
5.243	0.29888749
5.244	0.29873939
5.245	0.29940638
5.246	0.29908050
5.247	0.29925777
5.248	0.29930533
5.249	0.29886330
5.250	0.29892272
5.251	0.29875212
5.252	0.29885765
5.253	0.29916243
5.254	0.29911533
5.255	0.29900823
5.256	0.29914908
5.257	0.29928040
5.258	0.29937166
5.259	0.29950383
5.260	0.29937754
5.261	0.29941140
5.262	0.29950580
5.263	0.29922896
5.264	0.29872041
5.265	0.29953986
5.266	0.29942798
5.267	0.29998211
5.268	0.30000402
5.269	0.30007249
5.270	0.30026844
5.271	0.29996158
5.272	0.29996269
5.273	0.30032157
5.274	0.30004217
5.275	0.29981780
5.276	0.30006496
5.277	0.29988657
5.278	0.30022366
5.279	0.29988277
5.280	0.29959731
5.281	0.29916203
5.282	0.29910932
5.283	0.29862778
5.284	0.29861099
5.285	0.29783515
5.286	0.29731266
5.287	0.29769166
5.288	0.29772909
5.289	0.29729021
5.290	0.29739588
5.291	0.29730025
5.292	0.29764635
5.293	0.29769301
5.294	0.29724860
5.295	0.29716805
5.296	0.29677170
5.297	0.29669775
5.298	0.29659543
5.299	0.29678162
5.300	0.29645360
5.301	0.29649919
5.302	0.29645233
5.303	0.29677009
5.304	0.29675272
5.305	0.29663247
5.306	0.29672899
5.307	0.29697200
5.308	0.29641415
5.309	0.29626902
5.310	0.29637668
5.311	0.29658678
5.312	0.29641784
5.313	0.29663798
5.314	0.29675583
5.315	0.29713522
5.316	0.29701586
5.317	0.29703695
5.318	0.29710667
5.319	0.29756278
5.320	0.29724853
5.321	0.29702933
5.322	0.29695366
5.323	0.29687004
5.324	0.29679680
5.325	0.29677660
5.326	0.29672333
5.327	0.29653103
5.328	0.29649476
5.329	0.29621040
5.330	0.29632718
5.331	0.29613574
5.332	0.29638427
5.333	0.29662893
5.334	0.29605610
5.335	0.29596520
5.336	0.29563852
5.337	0.29573566
5.338	0.29564537
5.339	0.29544497
5.340	0.29501002
5.341	0.29477893
5.342	0.29449416
5.343	0.29448635
5.344	0.29434767
5.345	0.29431142
5.346	0.29399497
5.347	0.29421191
5.348	0.29408548
5.349	0.29412833
5.350	0.29425711
5.351	0.29445878
5.352	0.29464512
5.353	0.29494949
5.354	0.29469184
5.355	0.29448267
5.356	0.29454192
5.357	0.29458594
5.358	0.29474137
5.359	0.29493981
5.360	0.29470113
5.361	0.29527491
5.362	0.29506267
5.363	0.29504102
5.364	0.29483917
5.365	0.29509521
5.366	0.29510478
5.367	0.29559119
5.368	0.29621437
5.369	0.29657581
5.370	0.29685994
5.371	0.29667034
5.372	0.29663485
5.373	0.29694448
5.374	0.29681259
5.375	0.29676805
5.376	0.29665270
5.377	0.29632899
5.378	0.29609669
5.379	0.29618730
5.380	0.29610946
5.381	0.29588490
5.382	0.29571168
5.383	0.29572498
5.384	0.29595295
5.385	0.29546945
5.386	0.29532418
5.387	0.29516979
5.388	0.29517314
5.389	0.29514602
5.390	0.29549124
5.391	0.29586146
5.392	0.29628548
5.393	0.29604569
5.394	0.29587580
5.395	0.29564693
5.396	0.29577081
5.397	0.29582718
5.398	0.29607916
5.399	0.29624231
5.400	0.29614969
5.401	0.29602145
5.402	0.29649910
5.403	0.29648561
5.404	0.29652477
5.405	0.29596608
5.406	0.29567732
5.407	0.29572302
5.408	0.29599515
5.409	0.29617871
5.410	0.29596719
5.411	0.29553620
5.412	0.29585957
5.413	0.29616672
5.414	0.29595714
5.415	0.29687209
5.416	0.29662064
5.417	0.29702283
5.418	0.29705686
5.419	0.29699763
5.420	0.29666683
5.421	0.29639929
5.422	0.29642808
5.423	0.29645266
5.424	0.29687093
5.425	0.29733035
5.426	0.29695307
5.427	0.29695008
5.428	0.29694721
5.429	0.29742975
5.430	0.29713788
5.431	0.29669731
5.432	0.29708946
5.433	0.29694463
5.434	0.29766874
5.435	0.29788820
5.436	0.29851936
5.437	0.29910191
5.438	0.29898728
5.439	0.29926205
5.440	0.29925669
5.441	0.29915788
5.442	0.29953738
5.443	0.29948384
5.444	0.29977690
5.445	0.30021699
5.446	0.30078431
5.447	0.30063261
5.448	0.30064015
5.449	0.30037835
5.450	0.30001309
5.451	0.29984143
5.452	0.29929238
5.453	0.29904260
5.454	0.29926148
5.455	0.29838883
5.456	0.29901876
5.457	0.29889467
5.458	0.29871344
5.459	0.29857382
5.460	0.29902620
5.461	0.29879742
5.462	0.29918156
5.463	0.29972094
5.464	0.29951408
5.465	0.29951894
5.466	0.29892671
5.467	0.29880461
5.468	0.29924003
5.469	0.29915839
5.470	0.29895662
5.471	0.29902474
5.472	0.29881816
5.473	0.29941342
5.474	0.29964355
5.475	0.30015198
5.476	0.30027379
5.477	0.30035714
5.478	0.30019131
5.479	0.30063212
5.480	0.30118043
5.481	0.30155087
5.482	0.30165426
5.483	0.30154611
5.484	0.30183045
5.485	0.30174935
5.486	0.30186241
5.487	0.30128665
5.488	0.30087978
5.489	0.30026263
5.490	0.29984076
5.491	0.29953357
5.492	0.29954907
5.493	0.29937359
5.494	0.29935937
5.495	0.29968134
5.496	0.29964021
5.497	0.29924931
5.498	0.29960386
5.499	0.29983451
5.500	0.29987917
5.501	0.30045519
5.502	0.30006209
5.503	0.29929802
5.504	0.29929089
5.505	0.29947741
5.506	0.29986690
5.507	0.29977999
5.508	0.29975262
5.509	0.30029850
5.510	0.30098344
5.511	0.30064031
5.512	0.30069353
5.513	0.30113890
5.514	0.30135395
5.515	0.30166986
5.516	0.30152438
5.517	0.30179116
5.518	0.30198319
5.519	0.30196579
5.520	0.30192831
5.521	0.30205555
5.522	0.30176982
5.523	0.30195778
5.524	0.30202922
5.525	0.30200404
5.526	0.30177090
5.527	0.30211695
5.528	0.30210191
5.529	0.30159733
5.530	0.30145024
5.531	0.30120726
5.532	0.30131387
5.533	0.30182836
5.534	0.30206700
5.535	0.30184949
5.536	0.30184128
5.537	0.30220817
5.538	0.30256717
5.539	0.30273071
5.540	0.30235787
5.541	0.30273140
5.542	0.30295564
5.543	0.30230679
5.544	0.30227182
5.545	0.30203297
5.546	0.30192275
5.547	0.30125796
5.548	0.30100534
5.549	0.30067218
5.550	0.30073492
5.551	0.30026747
5.552	0.30022546
5.553	0.30005223
5.554	0.30016516
5.555	0.30040664
5.556	0.30006523
5.557	0.30006311
5.558	0.30012871
5.559	0.29985832
5.560	0.29995284
5.561	0.30057462
5.562	0.30080483
5.563	0.30090088
5.564	0.30052312
5.565	0.30064529
5.566	0.30062906
5.567	0.30122509
5.568	0.30118361
5.569	0.30124201
5.570	0.30183861
5.571	0.30208298
5.572	0.30223028
5.573	0.30265209
5.574	0.30269124
5.575	0.30261450
5.576	0.30267065
5.577	0.30332317
5.578	0.30331935
5.579	0.30338576
5.580	0.30330572
5.581	0.30275437
5.582	0.30292364
5.583	0.30322165
5.584	0.30342487
5.585	0.30332488
5.586	0.30331499
5.587	0.30392329
5.588	0.30423588
5.589	0.30451709
5.590	0.30468461
5.591	0.30509172
5.592	0.30495272
5.593	0.30496447
5.594	0.30473980
5.595	0.30498216
5.596	0.30467453
5.597	0.30477603
5.598	0.30509825
5.599	0.30542833
5.600	0.30515345
5.601	0.30583148
5.602	0.30596532
5.603	0.30617819
5.604	0.30661376
5.605	0.30620413
5.606	0.30637697
5.607	0.30623653
5.608	0.30661107
5.609	0.30704810
5.610	0.30659387
5.611	0.30664453
5.612	0.30634590
5.613	0.30620989
5.614	0.30568455
5.615	0.30549935
5.616	0.30557393
5.617	0.30508127
5.618	0.30500374
5.619	0.30501579
5.620	0.30486645
5.621	0.30533629
5.622	0.30489520
5.623	0.30555235
5.624	0.30564997
5.625	0.30566128
5.626	0.30567726
5.627	0.30591826
5.628	0.30622347
5.629	0.30593922
5.630	0.30573766
5.631	0.30592224
5.632	0.30579664
5.633	0.30592463
5.634	0.30595429
5.635	0.30608390
5.636	0.30661358
5.637	0.30683200
5.638	0.30623114
5.639	0.30582657
5.640	0.30612661
5.641	0.30632941
5.642	0.30563675
5.643	0.30577428
5.644	0.30530977
5.645	0.30544291
5.646	0.30543950
5.647	0.30588125
5.648	0.30553861
5.649	0.30580011
5.650	0.30618831
5.651	0.30566135
5.652	0.30548975
5.653	0.30574435
5.654	0.30554864
5.655	0.30537476
5.656	0.30538561
5.657	0.30535153
5.658	0.30507605
5.659	0.30499596
5.660	0.30469135
5.661	0.30497945
5.662	0.30520393
5.663	0.30491600
5.664	0.30524240
5.665	0.30491055
5.666	0.30520125
5.667	0.30542560
5.668	0.30595126
5.669	0.30574914
5.670	0.30586275
5.671	0.30574431
5.672	0.30565148
5.673	0.30572775
5.674	0.30560438
5.675	0.30546626
5.676	0.30535740
5.677	0.30538372
5.678	0.30535799
5.679	0.30563711
5.680	0.30592874
5.681	0.30556301
5.682	0.30573535
5.683	0.30547601
5.684	0.30560979
5.685	0.30597792
5.686	0.30591638
5.687	0.30589575
5.688	0.30625585
5.689	0.30636378
5.690	0.30630601
5.691	0.30658150
5.692	0.30638440
5.693	0.30643975
5.694	0.30597908
5.695	0.30644127
5.696	0.30599318
5.697	0.30595362
5.698	0.30563138
5.699	0.30569658
5.700	0.30567232
5.701	0.30624528
5.702	0.30635364
5.703	0.30613440
5.704	0.30636237
5.705	0.30581887
5.706	0.30564771
5.707	0.30548517
5.708	0.30563698
5.709	0.30568038
5.710	0.30574732
5.711	0.30606937
5.712	0.30591705
5.713	0.30592869
5.714	0.30616005
5.715	0.30597698
5.716	0.30570894
5.717	0.30599005
5.718	0.30568266
5.719	0.30555478
5.720	0.30572136
5.721	0.30557657
5.722	0.30497705
5.723	0.30512009
5.724	0.30507173
5.725	0.30518224
5.726	0.30532884
5.727	0.30542231
5.728	0.30533053
5.729	0.30514611
5.730	0.30486163
5.731	0.30500220
5.732	0.30531530
5.733	0.30554844
5.734	0.30527256
5.735	0.30485826
5.736	0.30519841
5.737	0.30531988
5.738	0.30529324
5.739	0.30530021
5.740	0.30519728
5.741	0.30536321
5.742	0.30503512
5.743	0.30562141
5.744	0.30551943
5.745	0.30508576
5.746	0.30552562
5.747	0.30547940
5.748	0.30529015
5.749	0.30505075
5.750	0.30501675
5.751	0.30513269
5.752	0.30513160
5.753	0.30517257
5.754	0.30524633
5.755	0.30546276
5.756	0.30575736
5.757	0.30588421
5.758	0.30589812
5.759	0.30574537
5.760	0.30607458
5.761	0.30630602
5.762	0.30686564
5.763	0.30673516
5.764	0.30642738
5.765	0.30611392
5.766	0.30624352
5.767	0.30663967
5.768	0.30673479
5.769	0.30631371
5.770	0.30676759
5.771	0.30654708
5.772	0.30648717
5.773	0.30668400
5.774	0.30596966
5.775	0.30656703
5.776	0.30697232
5.777	0.30706985
5.778	0.30650609
5.779	0.30630774
5.780	0.30658667
5.781	0.30654165
5.782	0.30711486
5.783	0.30697483
5.784	0.30697882
5.785	0.30694148
5.786	0.30664376
5.787	0.30647321
5.788	0.30622310
5.789	0.30673544
5.790	0.30660073
5.791	0.30672552
5.792	0.30686542
5.793	0.30684258
5.794	0.30694735
5.795	0.30721499
5.796	0.30708781
5.797	0.30679581
5.798	0.30668860
5.799	0.30648330
5.800	0.30647097
5.801	0.30634650
5.802	0.30595670
5.803	0.30611463
5.804	0.30612447
5.805	0.30646387
5.806	0.30669273
5.807	0.30635723
5.808	0.30627845
5.809	0.30570326
5.810	0.30546351
5.811	0.30558694
5.812	0.30523814
5.813	0.30486708
5.814	0.30491475
5.815	0.30443432
5.816	0.30492738
5.817	0.30522195
5.818	0.30538474
5.819	0.30556581
5.820	0.30524709
5.821	0.30505742
5.822	0.30543932
5.823	0.30558828
5.824	0.30541407
5.825	0.30548705
5.826	0.30520150
5.827	0.30523076
5.828	0.30451555
5.829	0.30441581
5.830	0.30471515
5.831	0.30497124
5.832	0.30528265
5.833	0.30510416
5.834	0.30509579
5.835	0.30437300
5.836	0.30471376
5.837	0.30378943
5.838	0.30424609
5.839	0.30420461
5.840	0.30418646
5.841	0.30437699
5.842	0.30424376
5.843	0.30400280
5.844	0.30418695
5.845	0.30405918
5.846	0.30407540
5.847	0.30352921
5.848	0.30316489
5.849	0.30265125
5.850	0.30266296
5.851	0.30244382
5.852	0.30236816
5.853	0.30238999
5.854	0.30222913
5.855	0.30179773
5.856	0.30210897
5.857	0.30224036
5.858	0.30220464
5.859	0.30210143
5.860	0.30179634
5.861	0.30169536
5.862	0.30162639
5.863	0.30141514
5.864	0.30176957
5.865	0.30164519
5.866	0.30116159
5.867	0.30091157
5.868	0.30089172
5.869	0.30020934
5.870	0.30009695
5.871	0.29990550
5.872	0.29974079
5.873	0.29980769
5.874	0.29972967
5.875	0.29966010
5.876	0.29982874
5.877	0.29964619
5.878	0.29937690
5.879	0.29947215
5.880	0.29927002
5.881	0.29939257
5.882	0.29971413
5.883	0.29989900
5.884	0.29954010
5.885	0.29921807
5.886	0.29923769
5.887	0.29894431
5.888	0.29898141
5.889	0.29913253
5.890	0.29928988
5.891	0.29983126
5.892	0.29982067
5.893	0.30035217
5.894	0.29975203
5.895	0.29947115
5.896	0.29944459
5.897	0.29921853
5.898	0.29879042
5.899	0.29836648
5.900	0.29843876
5.901	0.29827958
5.902	0.29864004
5.903	0.29875053
5.904	0.29849870
5.905	0.29792061
5.906	0.29748458
5.907	0.29785888
5.908	0.29751826
5.909	0.29708348
5.910	0.29704784
5.911	0.29694238
5.912	0.29699646
5.913	0.29711000
5.914	0.29656380
5.915	0.29638284
5.916	0.29623158
5.917	0.29637624
5.918	0.29645093
5.919	0.29629872
5.920	0.29617638
5.921	0.29637101
5.922	0.29647462
5.923	0.29663555
5.924	0.29625816
5.925	0.29641611
5.926	0.29605768
5.927	0.29613741
5.928	0.29646679
5.929	0.29666327
5.930	0.29613798
5.931	0.29615867
5.932	0.29572332
5.933	0.29544371
5.934	0.29553084
5.935	0.29515270
5.936	0.29518455
5.937	0.29520770
5.938	0.29573480
5.939	0.29566585
5.940	0.29543839
5.941	0.29561951
5.942	0.29535465
5.943	0.29551100
5.944	0.29514644
5.945	0.29523210
5.946	0.29549015
5.947	0.29528681
5.948	0.29516526
5.949	0.29508486
5.950	0.29538149
5.951	0.29535559
5.952	0.29582166
5.953	0.29599491
5.954	0.29625597
5.955	0.29580973
5.956	0.29578006
5.957	0.29578431
5.958	0.29574638
5.959	0.29543887
5.960	0.29538196
5.961	0.29494815
5.962	0.29530115
5.963	0.29525196
5.964	0.29508780
5.965	0.29497372
5.966	0.29506715
5.967	0.29476608
5.968	0.29468577
5.969	0.29449040
5.970	0.29472312
5.971	0.29486111
5.972	0.29433417
5.973	0.29446776
5.974	0.29417884
5.975	0.29448348
5.976	0.29410377
5.977	0.29419088
5.978	0.29424266
5.979	0.29437079
5.980	0.29500088
5.981	0.29507529
5.982	0.29454452
5.983	0.29436142
5.984	0.29367560
5.985	0.29367708
5.986	0.29309319
5.987	0.29321439
5.988	0.29309807
5.989	0.29342807
5.990	0.29329495
5.991	0.29299150
5.992	0.29310134
5.993	0.29322213
5.994	0.29379265
5.995	0.29344590
5.996	0.29322987
5.997	0.29340038
5.998	0.29387269
5.999	0.29379100
6.000	0.29372878
6.001	0.29385507
6.002	0.29416397
6.003	0.29374459
6.004	0.29380259
6.005	0.29315663
6.006	0.29321206
6.007	0.29274121
6.008	0.29286738
6.009	0.29254750
6.010	0.29254203
6.011	0.29280850
6.012	0.29301190
6.013	0.29347958
6.014	0.29322284
6.015	0.29315890
6.016	0.29320973
6.017	0.29306867
6.018	0.29273673
6.019	0.29279289
6.020	0.29245329
6.021	0.29263139
6.022	0.29244223
6.023	0.29207091
6.024	0.29229596
6.025	0.29266824
6.026	0.29310723
6.027	0.29319386
6.028	0.29277859
6.029	0.29306982
6.030	0.29328717
6.031	0.29259666
6.032	0.29259245
6.033	0.29288811
6.034	0.29259253
6.035	0.29267815
6.036	0.29269305
6.037	0.29235859
6.038	0.29222356
6.039	0.29225655
6.040	0.29204914
6.041	0.29242476
6.042	0.29266209
6.043	0.29206918
6.044	0.29229150
6.045	0.29245625
6.046	0.29238295
6.047	0.29271308
6.048	0.29241973
6.049	0.29272306
6.050	0.29290557
6.051	0.29315095
6.052	0.29284415
6.053	0.29344441
6.054	0.29336577
6.055	0.29339479
6.056	0.29364206
6.057	0.29362936
6.058	0.29346243
6.059	0.29391609
6.060	0.29362136
6.061	0.29307128
6.062	0.29261431
6.063	0.29282649
6.064	0.29235561
6.065	0.29241415
6.066	0.29206376
6.067	0.29234913
6.068	0.29199534
6.069	0.29197253
6.070	0.29162760
6.071	0.29136847
6.072	0.29095252
6.073	0.29105996
6.074	0.29063647
6.075	0.29087801
6.076	0.29056404
6.077	0.29050141
6.078	0.29033307
6.079	0.29081978
6.080	0.29068279
6.081	0.29094242
6.082	0.29114593
6.083	0.29122044
6.084	0.29090363
6.085	0.29043713
6.086	0.29015039
6.087	0.28982182
6.088	0.28956642
6.089	0.28985396
6.090	0.28933000
6.091	0.28917558
6.092	0.28913508
6.093	0.28952688
6.094	0.28942371
6.095	0.28926342
6.096	0.28930339
6.097	0.28925588
6.098	0.28964098
6.099	0.29014551
6.100	0.29006153
6.101	0.29018904
6.102	0.29009385
6.103	0.28977095
6.104	0.28980208
6.105	0.28961235
6.106	0.28987835
6.107	0.28936439
6.108	0.28960084
6.109	0.28934939
6.110	0.28917252
6.111	0.28928005
6.112	0.28928103
6.113	0.28976686
6.114	0.28948840
6.115	0.28952100
6.116	0.28954876
6.117	0.28997703
6.118	0.29004042
6.119	0.28999625
6.120	0.29015634
6.121	0.29019100
6.122	0.29095961
6.123	0.29120358
6.124	0.29120162
6.125	0.29131692
6.126	0.29133387
6.127	0.29163330
6.128	0.29128696
6.129	0.29136866
6.130	0.29147365
6.131	0.29147489
6.132	0.29122900
6.133	0.29109694
6.134	0.29088177
6.135	0.29117452
6.136	0.29115559
6.137	0.29136280
6.138	0.29127013
6.139	0.29097752
6.140	0.29070614
6.141	0.29119187
6.142	0.29153416
6.143	0.29233537
6.144	0.29290579
6.145	0.29241741
6.146	0.29269562
6.147	0.29261954
6.148	0.29318476
6.149	0.29352373
6.150	0.29359286
6.151	0.29345025
6.152	0.29342376
6.153	0.29386558
6.154	0.29363678
6.155	0.29338229
6.156	0.29281847
6.157	0.29304035
6.158	0.29287756
6.159	0.29296173
6.160	0.29277019
6.161	0.29302314
6.162	0.29306683
6.163	0.29300889
6.164	0.29322546
6.165	0.29345616
6.166	0.29303370
6.167	0.29251109
6.168	0.29237609
6.169	0.29223235
6.170	0.29191114
6.171	0.29181116
6.172	0.29159709
6.173	0.29190862
6.174	0.29184534
6.175	0.29194869
6.176	0.29173112
6.177	0.29145572
6.178	0.29079376
6.179	0.29101236
6.180	0.29094398
6.181	0.29079681
6.182	0.29117985
6.183	0.29079749
6.184	0.29080280
6.185	0.29075325
6.186	0.29106258
6.187	0.29142603
6.188	0.29093920
6.189	0.29140833
6.190	0.29164997
6.191	0.29154947
6.192	0.29147544
6.193	0.29150230
6.194	0.29146082
6.195	0.29178771
6.196	0.29170836
6.197	0.29193054
6.198	0.29228855
6.199	0.29213840
6.200	0.29274781
6.201	0.29237004
6.202	0.29230159
6.203	0.29199999
6.204	0.29218005
6.205	0.29217096
6.206	0.29269283
6.207	0.29331930
6.208	0.29308302
6.209	0.29285819
6.210	0.29290004
6.211	0.29287433
6.212	0.29246896
6.213	0.29248947
6.214	0.29254304
6.215	0.29253325
6.216	0.29252180
6.217	0.29261524
6.218	0.29231190
6.219	0.29173320
6.220	0.29176322
6.221	0.29175419
6.222	0.29173850
6.223	0.29188884
6.224	0.29193009
6.225	0.29166787
6.226	0.29147376
6.227	0.29183328
6.228	0.29216542
6.229	0.29170778
6.230	0.29139704
6.231	0.29173531
6.232	0.29200342
6.233	0.29166526
6.234	0.29182560
6.235	0.29179707
6.236	0.29162169
6.237	0.29205691
6.238	0.29178747
6.239	0.29179437
6.240	0.29126213
6.241	0.29137062
6.242	0.29113495
6.243	0.29122711
6.244	0.29128607
6.245	0.29135105
6.246	0.29173587
6.247	0.29152106
6.248	0.29104298
6.249	0.29093461
6.250	0.29074837
6.251	0.29102391
6.252	0.29083011
6.253	0.29012446
6.254	0.29048175
6.255	0.29034954
6.256	0.29045006
6.257	0.29036648
6.258	0.29058345
6.259	0.29091381
6.260	0.29082083
6.261	0.29011187
6.262	0.29023400
6.263	0.29067077
6.264	0.29099632
6.265	0.29103631
6.266	0.29143615
6.267	0.29126202
6.268	0.29178215
6.269	0.29153888
6.270	0.29134203
6.271	0.29139135
6.272	0.29166577
6.273	0.29203342
6.274	0.29165381
6.275	0.29180135
6.276	0.29166438
6.277	0.29110697
6.278	0.29078005
6.279	0.29093320
6.280	0.29088874
6.281	0.29107392
6.282	0.29140341
6.283	0.29129361
6.284	0.29131511
6.285	0.29159567
6.286	0.29152492
6.287	0.29133463
6.288	0.29131649
6.289	0.29126691
6.290	0.29083840
6.291	0.29059555
6.292	0.29039243
6.293	0.28993638
6.294	0.28994320
6.295	0.28967087
6.296	0.28969365
6.297	0.28992973
6.298	0.28982113
6.299	0.28982719
6.300	0.28986066
6.301	0.28928418
6.302	0.28970529
6.303	0.28921701
6.304	0.28898549
6.305	0.28908565
6.306	0.28910842
6.307	0.28899718
6.308	0.28932571
6.309	0.28936328
6.310	0.28931213
6.311	0.28939036
6.312	0.28943884
6.313	0.28962602
6.314	0.28929629
6.315	0.28924715
6.316	0.28952321
6.317	0.28980956
6.318	0.28942725
6.319	0.28959783
6.320	0.28925715
6.321	0.28937986
6.322	0.28918430
6.323	0.28875521
6.324	0.28881979
6.325	0.28930142
6.326	0.28909630
6.327	0.28914016
6.328	0.28868688
6.329	0.28831425
6.330	0.28785813
6.331	0.28805404
6.332	0.28854261
6.333	0.28821538
6.334	0.28812009
6.335	0.28786682
6.336	0.28775387
6.337	0.28795509
6.338	0.28762651
6.339	0.28806726
6.340	0.28794252
6.341	0.28785281
6.342	0.28833670
6.343	0.28843423
6.344	0.28875457
6.345	0.28913945
6.346	0.28947563
6.347	0.29015580
6.348	0.28990926
6.349	0.29002817
6.350	0.28999919
6.351	0.28969432
6.352	0.29014041
6.353	0.29005295
6.354	0.29011025
6.355	0.28958504
6.356	0.28963301
6.357	0.28973157
6.358	0.28958082
6.359	0.28964314
6.360	0.28967686
6.361	0.28970305
6.362	0.28988817
6.363	0.28943868
6.364	0.28942575
6.365	0.28964658
6.366	0.28987686
6.367	0.28974018
6.368	0.29056018
6.369	0.29067303
6.370	0.29050676
6.371	0.29034985
6.372	0.29054288
6.373	0.29059574
6.374	0.29078177
6.375	0.29038199
6.376	0.28996798
6.377	0.29013610
6.378	0.29009193
6.379	0.29024270
6.380	0.28999712
6.381	0.28992826
6.382	0.28991629
6.383	0.28958167
6.384	0.28948179
6.385	0.28890632
6.386	0.28875165
6.387	0.28841868
6.388	0.28836286
6.389	0.28832841
6.390	0.28766322
6.391	0.28719274
6.392	0.28708173
6.393	0.28668035
6.394	0.28697038
6.395	0.28673633
6.396	0.28671650
6.397	0.28676034
6.398	0.28675195
6.399	0.28707579
6.400	0.28667342
6.401	0.28668005
6.402	0.28666669
6.403	0.28676551
6.404	0.28700811
6.405	0.28686939
6.406	0.28702057
6.407	0.28722354
6.408	0.28686805
6.409	0.28693678
6.410	0.28700087
6.411	0.28677813
6.412	0.28693833
6.413	0.28654374
6.414	0.28654124
6.415	0.28678868
6.416	0.28665476
6.417	0.28691585
6.418	0.28663885
6.419	0.28687153
6.420	0.28726242
6.421	0.28757963
6.422	0.28694001
6.423	0.28652653
6.424	0.28675606
6.425	0.28677387
6.426	0.28635454
6.427	0.28621121
6.428	0.28567905
6.429	0.28536687
6.430	0.28587978
6.431	0.28561116
6.432	0.28567471
6.433	0.28572248
6.434	0.28551680
6.435	0.28545976
6.436	0.28523881
6.437	0.28515932
6.438	0.28472615
6.439	0.28491375
6.440	0.28462827
6.441	0.28453581
6.442	0.28455141
6.443	0.28419518
6.444	0.28424146
6.445	0.28407722
6.446	0.28402355
6.447	0.28396588
6.448	0.28439195
6.449	0.28458126
6.450	0.28439962
6.451	0.28410982
6.452	0.28440312
6.453	0.28446672
6.454	0.28524103
6.455	0.28514431
6.456	0.28482801
6.457	0.28491311
6.458	0.28464561
6.459	0.28479053
6.460	0.28460053
6.461	0.28472220
6.462	0.28456565
6.463	0.28473470
6.464	0.28419275
6.465	0.28400068
6.466	0.28398384
6.467	0.28384734
6.468	0.28373425
6.469	0.28347612
6.470	0.28330482
6.471	0.28348501
6.472	0.28312259
6.473	0.28320181
6.474	0.28313273
6.475	0.28294527
6.476	0.28322386
6.477	0.28286456
6.478	0.28306156
6.479	0.28299306
6.480	0.28322648
6.481	0.28320598
6.482	0.28331747
6.483	0.28349302
6.484	0.28346222
6.485	0.28339940
6.486	0.28314411
6.487	0.28271102
6.488	0.28269917
6.489	0.28283810
6.490	0.28298463
6.491	0.28308129
6.492	0.28312146
6.493	0.28330932
6.494	0.28341823
6.495	0.28292816
6.496	0.28239485
6.497	0.28255187
6.498	0.28247081
6.499	0.28242551
6.500	0.28245381
6.501	0.28217119
6.502	0.28234340
6.503	0.28226436
6.504	0.28229476
6.505	0.28279340
6.506	0.28235333
6.507	0.28191936
6.508	0.28172409
6.509	0.28130781
6.510	0.28111799
6.511	0.28108123
6.512	0.28063482
6.513	0.28010061
6.514	0.28057081
6.515	0.28052264
6.516	0.28069338
6.517	0.28034258
6.518	0.28053781
6.519	0.28121915
6.520	0.28146164
6.521	0.28122271
6.522	0.28124645
6.523	0.28168763
6.524	0.28160272
6.525	0.28140735
6.526	0.28176429
6.527	0.28170826
6.528	0.28157400
6.529	0.28117733
6.530	0.28135176
6.531	0.28223323
6.532	0.28217978
6.533	0.28250643
6.534	0.28241835
6.535	0.28217101
6.536	0.28199666
6.537	0.28196949
6.538	0.28191098
6.539	0.28181112
6.540	0.28158685
6.541	0.28184828
6.542	0.28180582
6.543	0.28132974
6.544	0.28155358
6.545	0.28134936
6.546	0.28134458
6.547	0.28158558
6.548	0.28175883
6.549	0.28130351
6.550	0.28129366
6.551	0.28119421
6.552	0.28059594
6.553	0.28063882
6.554	0.28045252
6.555	0.28028505
6.556	0.28037665
6.557	0.28043236
6.558	0.28066652
6.559	0.28037185
6.560	0.28094048
6.561	0.28077064
6.562	0.28051900
6.563	0.28024207
6.564	0.28022412
6.565	0.28006836
6.566	0.27984429
6.567	0.27963544
6.568	0.27935425
6.569	0.28026100
6.570	0.28017866
6.571	0.27973942
6.572	0.27995294
6.573	0.27973566
6.574	0.27995564
6.575	0.28030689
6.576	0.28020003
6.577	0.28002650
6.578	0.27954001
6.579	0.27920724
6.580	0.27932847
6.581	0.27962412
6.582	0.27943852
6.583	0.27873974
6.584	0.27884479
6.585	0.27847389
6.586	0.27869000
6.587	0.27873621
6.588	0.27874608
6.589	0.27845075
6.590	0.27863502
6.591	0.27860557
6.592	0.27844231
6.593	0.27832524
6.594	0.27827128
6.595	0.27805938
6.596	0.27821482
6.597	0.27812878
6.598	0.27803505
6.599	0.27809308
6.600	0.27806749
6.601	0.27786553
6.602	0.27796554
6.603	0.27776009
6.604	0.27800632
6.605	0.27825543
6.606	0.27847689
6.607	0.27821251
6.608	0.27821079
6.609	0.27791409
6.610	0.27810905
6.611	0.27858258
6.612	0.27840171
6.613	0.27831311
6.614	0.27824565
6.615	0.27792740
6.616	0.27788982
6.617	0.27752698
6.618	0.27744003
6.619	0.27767208
6.620	0.27809672
6.621	0.27826104
6.622	0.27777143
6.623	0.27789552
6.624	0.27743431
6.625	0.27764513
6.626	0.27763017
6.627	0.27769622
6.628	0.27799763
6.629	0.27778610
6.630	0.27807786
6.631	0.27828629
6.632	0.27798746
6.633	0.27839190
6.634	0.27783585
6.635	0.27768691
6.636	0.27748752
6.637	0.27744621
6.638	0.27814176
6.639	0.27855822
6.640	0.27878934
6.641	0.27842487
6.642	0.27801268
6.643	0.27765419
6.644	0.27736294
6.645	0.27678634
6.646	0.27666014
6.647	0.27676385
6.648	0.27625745
6.649	0.27636552
6.650	0.27642200
6.651	0.27619971
6.652	0.27632439
6.653	0.27646858
6.654	0.27645309
6.655	0.27624920
6.656	0.27556681
6.657	0.27533645
6.658	0.27529793
6.659	0.27502440
6.660	0.27500634
6.661	0.27495654
6.662	0.27461116
6.663	0.27474803
6.664	0.27441086
6.665	0.27477376
6.666	0.27507944
6.667	0.27497593
6.668	0.27503437
6.669	0.27515275
6.670	0.27543948
6.671	0.27557200
6.672	0.27536839
6.673	0.27512404
6.674	0.27503515
6.675	0.27484817
6.676	0.27488999
6.677	0.27474737
6.678	0.27488479
6.679	0.27504465
6.680	0.27496474
6.681	0.27515570
6.682	0.27497170
6.683	0.27489847
6.684	0.27490243
6.685	0.27488746
6.686	0.27498742
6.687	0.27466077
6.688	0.27498898
6.689	0.27481520
6.690	0.27462474
6.691	0.27475397
6.692	0.27494496
6.693	0.27488448
6.694	0.27457243
6.695	0.27522030
6.696	0.27544325
6.697	0.27582499
6.698	0.27584556
6.699	0.27556258
6.700	0.27581370
6.701	0.27557796
6.702	0.27604516
6.703	0.27557413
6.704	0.27542233
6.705	0.27561980
6.706	0.27566861
6.707	0.27536868
6.708	0.27533081
6.709	0.27539917
6.710	0.27557072
6.711	0.27571759
6.712	0.27555657
6.713	0.27514241
6.714	0.27483901
6.715	0.27468039
6.716	0.27471057
6.717	0.27463946
6.718	0.27430146
6.719	0.27423132
6.720	0.27427756
6.721	0.27453534
6.722	0.27496549
6.723	0.27548683
6.724	0.27597183
6.725	0.27556765
6.726	0.27543496
6.727	0.27549688
6.728	0.27527230
6.729	0.27500598
6.730	0.27458582
6.731	0.27486975
6.732	0.27485938
6.733	0.27495242
6.734	0.27499840
6.735	0.27514956
6.736	0.27478520
6.737	0.27472578
6.738	0.27504618
6.739	0.27510029
6.740	0.27524110
6.741	0.27541568
6.742	0.27552558
6.743	0.27555008
6.744	0.27541453
6.745	0.27539324
6.746	0.27528110
6.747	0.27524924
6.748	0.27476753
6.749	0.27498650
6.750	0.27506803
6.751	0.27530721
6.752	0.27519894
6.753	0.27511144
6.754	0.27523223
6.755	0.27513327
6.756	0.27490146
6.757	0.27493647
6.758	0.27493690
6.759	0.27502409
6.760	0.27524451
6.761	0.27571289
6.762	0.27564072
6.763	0.27553569
6.764	0.27545365
6.765	0.27542918
6.766	0.27489507
6.767	0.27491212
6.768	0.27491822
6.769	0.27503950
6.770	0.27445560
6.771	0.27465589
6.772	0.27420788
6.773	0.27402627
6.774	0.27414616
6.775	0.27435276
6.776	0.27486722
6.777	0.27503464
6.778	0.27541524
6.779	0.27546220
6.780	0.27554293
6.781	0.27604461
6.782	0.27580636
6.783	0.27602366
6.784	0.27609714
6.785	0.27653076
6.786	0.27669810
6.787	0.27672377
6.788	0.27675315
6.789	0.27672570
6.790	0.27686166
6.791	0.27701204
6.792	0.27737273
6.793	0.27736012
6.794	0.27728925
6.795	0.27750956
6.796	0.27682746
6.797	0.27679780
6.798	0.27670595
6.799	0.27656129
6.800	0.27658806
6.801	0.27623281
6.802	0.27598420
6.803	0.27584275
6.804	0.27547021
6.805	0.27533860
6.806	0.27503956
6.807	0.27505207
6.808	0.27542677
6.809	0.27547870
6.810	0.27577572
6.811	0.27592911
6.812	0.27624469
6.813	0.27599449
6.814	0.27560725
6.815	0.27597323
6.816	0.27600492
6.817	0.27569981
6.818	0.27585428
6.819	0.27580517
6.820	0.27561063
6.821	0.27563906
6.822	0.27558072
6.823	0.27556007
6.824	0.27554154
6.825	0.27554764
6.826	0.27578765
6.827	0.27562627
6.828	0.27570890
6.829	0.27555921
6.830	0.27536083
6.831	0.27553653
6.832	0.27553656
6.833	0.27546541
6.834	0.27539298
6.835	0.27542345
6.836	0.27517104
6.837	0.27478012
6.838	0.27459358
6.839	0.27420637
6.840	0.27425267
6.841	0.27446348
6.842	0.27474736
6.843	0.27457145
6.844	0.27469640
6.845	0.27498700
6.846	0.27492498
6.847	0.27498015
6.848	0.27508094
6.849	0.27472795
6.850	0.27461414
6.851	0.27429378
6.852	0.27427174
6.853	0.27457314
6.854	0.27479947
6.855	0.27464618
6.856	0.27413490
6.857	0.27412749
6.858	0.27407093
6.859	0.27405071
6.860	0.27386664
6.861	0.27400803
6.862	0.27361317
6.863	0.27373372
6.864	0.27339788
6.865	0.27366737
6.866	0.27424592
6.867	0.27450278
6.868	0.27457980
6.869	0.27455710
6.870	0.27460395
6.871	0.27488058
6.872	0.27458896
6.873	0.27478963
6.874	0.27495187
6.875	0.27504436
6.876	0.27489854
6.877	0.27475219
6.878	0.27450446
6.879	0.27439102
6.880	0.27410811
6.881	0.27383893
6.882	0.27367693
6.883	0.27378856
6.884	0.27416658
6.885	0.27411430
6.886	0.27426092
6.887	0.27448719
6.888	0.27475332
6.889	0.27489063
6.890	0.27464802
6.891	0.27448630
6.892	0.27427126
6.893	0.27405001
6.894	0.27401434
6.895	0.27381459
6.896	0.27366506
6.897	0.27365420
6.898	0.27354702
6.899	0.27408983
6.900	0.27407729
6.901	0.27381441
6.902	0.27409414
6.903	0.27415002
6.904	0.27388526
6.905	0.27353149
6.906	0.27357993
6.907	0.27330088
6.908	0.27301281
6.909	0.27295889
6.910	0.27276884
6.911	0.27247522
6.912	0.27235839
6.913	0.27230834
6.914	0.27202792
6.915	0.27226084
6.916	0.27230663
6.917	0.27213252
6.918	0.27211725
6.919	0.27236665
6.920	0.27274864
6.921	0.27281862
6.922	0.27235629
6.923	0.27234471
6.924	0.27252461
6.925	0.27254159
6.926	0.27238450
6.927	0.27194917
6.928	0.27155681
6.929	0.27174289
6.930	0.27232309
6.931	0.27242759
6.932	0.27234990
6.933	0.27190533
6.934	0.27197903
6.935	0.27221967
6.936	0.27203273
6.937	0.27177266
6.938	0.27194398
6.939	0.27219051
6.940	0.27210147
6.941	0.27166767
6.942	0.27145858
6.943	0.27166390
6.944	0.27160606
6.945	0.27168089
6.946	0.27135910
6.947	0.27162865
6.948	0.27193297
6.949	0.27189847
6.950	0.27137014
6.951	0.27184706
6.952	0.27136350
6.953	0.27079240
6.954	0.27043474
6.955	0.27030001
6.956	0.27051629
6.957	0.27013241
6.958	0.26994328
6.959	0.27003876
6.960	0.27018402
6.961	0.26994076
6.962	0.27003138
6.963	0.26963888
6.964	0.26943493
6.965	0.26963269
6.966	0.26980273
6.967	0.26917939
6.968	0.26892263
6.969	0.26930358
6.970	0.26958338
6.971	0.26978609
6.972	0.27004380
6.973	0.27062327
6.974	0.27046240
6.975	0.27017064
6.976	0.26970935
6.977	0.26927897
6.978	0.26948981
6.979	0.26940304
6.980	0.26970665
6.981	0.27002150
6.982	0.26975415
6.983	0.26986993
6.984	0.26979397
6.985	0.27001907
6.986	0.26999761
6.987	0.27031271
6.988	0.27023544
6.989	0.26998009
6.990	0.26981004
6.991	0.26996263
6.992	0.27051807
6.993	0.27047137
6.994	0.27094767
6.995	0.27047529
6.996	0.27070361
6.997	0.27068010
6.998	0.27082529
6.999	0.27065347
7.000	0.27070749
7.001	0.27044460
7.002	0.27029788
7.003	0.26953529
7.004	0.26940384
7.005	0.26951028
7.006	0.26976119
7.007	0.26938922
7.008	0.26971628
7.009	0.26956107
7.010	0.26969005
7.011	0.26999666
7.012	0.27004257
7.013	0.27010534
7.014	0.27044027
7.015	0.27081374
7.016	0.27053275
7.017	0.27058341
7.018	0.27037191
7.019	0.27034040
7.020	0.27042815
7.021	0.27039025
7.022	0.27035275
7.023	0.27042466
7.024	0.27008292
7.025	0.26994613
7.026	0.27032815
7.027	0.27073692
7.028	0.27046802
7.029	0.27048596
7.030	0.27046765
7.031	0.27041624
7.032	0.27009977
7.033	0.27006052
7.034	0.26981374
7.035	0.27017584
7.036	0.27018023
7.037	0.27026731
7.038	0.27010744
7.039	0.27034015
7.040	0.27038022
7.041	0.27064795
7.042	0.27031849
7.043	0.27062436
7.044	0.27044957
7.045	0.27044102
7.046	0.26999132
7.047	0.26978153
7.048	0.26984538
7.049	0.26983657
7.050	0.26970796
7.051	0.27037362
7.052	0.27076076
7.053	0.27060800
7.054	0.27067290
7.055	0.27082443
7.056	0.27125125
7.057	0.27131592
7.058	0.27176029
7.059	0.27207919
7.060	0.27248427
7.061	0.27217186
7.062	0.27272506
7.063	0.27304701
7.064	0.27257717
7.065	0.27245490
7.066	0.27241416
7.067	0.27283176
7.068	0.27278089
7.069	0.27296240
7.070	0.27280102
7.071	0.27321563
7.072	0.27273641
7.073	0.27261921
7.074	0.27254365
7.075	0.27254125
7.076	0.27269444
7.077	0.27255457
7.078	0.27243617
7.079	0.27234599
7.080	0.27250614
7.081	0.27243609
7.082	0.27283227
7.083	0.27267944
7.084	0.27265874
7.085	0.27244520
7.086	0.27235362
7.087	0.27238542
7.088	0.27236898
7.089	0.27316827
7.090	0.27314436
7.091	0.27365004
7.092	0.27360177
7.093	0.27341168
7.094	0.27415775
7.095	0.27406553
7.096	0.27435828
7.097	0.27402086
7.098	0.27386979
7.099	0.27423613
7.100	0.27421211
7.101	0.27392216
7.102	0.27398928
7.103	0.27345011
7.104	0.27371052
7.105	0.27382185
7.106	0.27358538
7.107	0.27426134
7.108	0.27367263
7.109	0.27361993
7.110	0.27384604
7.111	0.27445635
7.112	0.27474349
7.113	0.27463264
7.114	0.27464797
7.115	0.27482991
7.116	0.27495352
7.117	0.27479432
7.118	0.27457964
7.119	0.27458456
7.120	0.27459509
7.121	0.27484111
7.122	0.27519358
7.123	0.27560685
7.124	0.27550979
7.125	0.27547174
7.126	0.27480856
7.127	0.27477116
7.128	0.27436264
7.129	0.27434560
7.130	0.27403606
7.131	0.27433882
7.132	0.27422264
7.133	0.27440688
7.134	0.27455054
7.135	0.27457075
7.136	0.27401331
7.137	0.27414372
7.138	0.27431438
7.139	0.27437296
7.140	0.27451390
7.141	0.27420069
7.142	0.27434289
7.143	0.27442975
7.144	0.27428480
7.145	0.27391975
7.146	0.27469739
7.147	0.27449053
7.148	0.27487052
7.149	0.27488089
7.150	0.27544366
7.151	0.27547843
7.152	0.27532887
7.153	0.27515076
7.154	0.27546516
7.155	0.27572063
7.156	0.27597493
7.157	0.27601688
7.158	0.27624368
7.159	0.27578013
7.160	0.27577795
7.161	0.27573154
7.162	0.27563002
7.163	0.27557735
7.164	0.27554444
7.165	0.27525952
7.166	0.27533353
7.167	0.27604242
7.168	0.27567057
7.169	0.27554727
7.170	0.27522402
7.171	0.27503289
7.172	0.27469654
7.173	0.27473638
7.174	0.27452716
7.175	0.27418932
7.176	0.27417142
7.177	0.27418093
7.178	0.27438147
7.179	0.27452806
7.180	0.27493218
7.181	0.27463697
7.182	0.27513060
7.183	0.27493093
7.184	0.27501898
7.185	0.27552131
7.186	0.27535574
7.187	0.27536870
7.188	0.27551341
7.189	0.27552571
7.190	0.27560584
7.191	0.27543065
7.192	0.27474308
7.193	0.27510386
7.194	0.27517377
7.195	0.27506333
7.196	0.27510194
7.197	0.27514779
7.198	0.27482734
7.199	0.27434820
7.200	0.27472626
7.201	0.27433323
7.202	0.27461491
7.203	0.27427655
7.204	0.27441950
7.205	0.27428160
7.206	0.27419567
7.207	0.27412051
7.208	0.27414164
7.209	0.27385968
7.210	0.27392359
7.211	0.27411588
7.212	0.27445256
7.213	0.27486504
7.214	0.27444100
7.215	0.27452789
7.216	0.27421578
7.217	0.27433002
7.218	0.27399595
7.219	0.27395593
7.220	0.27367822
7.221	0.27358875
7.222	0.27355968
7.223	0.27398737
7.224	0.27396372
7.225	0.27420027
7.226	0.27394171
7.227	0.27440361
7.228	0.27434500
7.229	0.27409547
7.230	0.27455482
7.231	0.27488927
7.232	0.27498069
7.233	0.27512134
7.234	0.27473613
7.235	0.27441177
7.236	0.27430088
7.237	0.27427237
7.238	0.27409912
7.239	0.27389828
7.240	0.27368031
7.241	0.27371373
7.242	0.27369194
7.243	0.27364575
7.244	0.27372922
7.245	0.27372658
7.246	0.27372009
7.247	0.27400147
7.248	0.27490990
7.249	0.27531426
7.250	0.27524711
7.251	0.27559435
7.252	0.27597314
7.253	0.27569561
7.254	0.27579589
7.255	0.27567603
7.256	0.27581783
7.257	0.27636836
7.258	0.27622938
7.259	0.27613777
7.260	0.27614582
7.261	0.27636642
7.262	0.27653528
7.263	0.27636805
7.264	0.27615517
7.265	0.27611798
7.266	0.27660939
7.267	0.27658977
7.268	0.27674575
7.269	0.27632073
7.270	0.27591442
7.271	0.27639197
7.272	0.27612956
7.273	0.27598149
7.274	0.27576072
7.275	0.27564212
7.276	0.27555572
7.277	0.27541655
7.278	0.27545798
7.279	0.27577823
7.280	0.27575537
7.281	0.27559460
7.282	0.27536065
7.283	0.27560719
7.284	0.27555474
7.285	0.27562765
7.286	0.27530902
7.287	0.27450162
7.288	0.27443940
7.289	0.27426149
7.290	0.27437717
7.291	0.27437536
7.292	0.27454116
7.293	0.27414538
7.294	0.27427332
7.295	0.27433803
7.296	0.27462510
7.297	0.27458068
7.298	0.27496774
7.299	0.27508241
7.300	0.27515377
7.301	0.27534321
7.302	0.27544840
7.303	0.27537653
7.304	0.27534028
7.305	0.27542500
7.306	0.27513912
7.307	0.27465461
7.308	0.27441745
7.309	0.27429691
7.310	0.27432742
7.311	0.27431703
7.312	0.27406090
7.313	0.27442553
7.314	0.27443802
7.315	0.27418758
7.316	0.27403157
7.317	0.27430967
7.318	0.27439428
7.319	0.27425068
7.320	0.27452284
7.321	0.27393483
7.322	0.27358030
7.323	0.27374513
7.324	0.27351556
7.325	0.27370863
7.326	0.27358996
7.327	0.27323628
7.328	0.27349129
7.329	0.27338795
7.330	0.27350334
7.331	0.27283700
7.332	0.27235913
7.333	0.27277812
7.334	0.27276794
7.335	0.27346942
7.336	0.27356786
7.337	0.27389332
7.338	0.27392970
7.339	0.27388669
7.340	0.27418163
7.341	0.27394904
7.342	0.27432472
7.343	0.27455710
7.344	0.27422078
7.345	0.27458807
7.346	0.27406718
7.347	0.27424418
7.348	0.27453368
7.349	0.27485126
7.350	0.27512303
7.351	0.27471445
7.352	0.27429425
7.353	0.27442548
7.354	0.27427237
7.355	0.27390321
7.356	0.27327869
7.357	0.27333031
7.358	0.27278620
7.359	0.27282663
7.360	0.27273106
7.361	0.27219598
7.362	0.27222414
7.363	0.27238483
7.364	0.27263163
7.365	0.27287614
7.366	0.27277607
7.367	0.27297361
7.368	0.27281239
7.369	0.27284277
7.370	0.27266438
7.371	0.27266563
7.372	0.27292218
7.373	0.27299686
7.374	0.27299189
7.375	0.27338130
7.376	0.27365007
7.377	0.27403111
7.378	0.27384129
7.379	0.27396682
7.380	0.27372760
7.381	0.27382393
7.382	0.27404574
7.383	0.27412957
7.384	0.27378085
7.385	0.27390826
7.386	0.27438800
7.387	0.27457021
7.388	0.27488929
7.389	0.27441879
7.390	0.27460189
7.391	0.27469934
7.392	0.27476046
7.393	0.27519854
7.394	0.27476292
7.395	0.27457652
7.396	0.27444793
7.397	0.27496526
7.398	0.27488462
7.399	0.27488991
7.400	0.27459994
7.401	0.27440516
7.402	0.27465856
7.403	0.27455713
7.404	0.27474940
7.405	0.27480917
7.406	0.27433314
7.407	0.27445270
7.408	0.27415587
7.409	0.27425130
7.410	0.27417196
7.411	0.27429917
7.412	0.27435652
7.413	0.27345938
7.414	0.27370244
7.415	0.27445732
7.416	0.27464032
7.417	0.27503804
7.418	0.27500745
7.419	0.27510801
7.420	0.27522068
7.421	0.27529101
7.422	0.27561074
7.423	0.27548307
7.424	0.27522987
7.425	0.27562727
7.426	0.27546405
7.427	0.27565665
7.428	0.27645714
7.429	0.27615798
7.430	0.27620547
7.431	0.27648302
7.432	0.27676290
7.433	0.27686267
7.434	0.27678850
7.435	0.27661639
7.436	0.27618958
7.437	0.27585480
7.438	0.27608704
7.439	0.27616760
7.440	0.27577130
7.441	0.27626465
7.442	0.27710384
7.443	0.27739586
7.444	0.27707326
7.445	0.27719702
7.446	0.27756241
7.447	0.27755798
7.448	0.27679708
7.449	0.27644874
7.450	0.27679719
7.451	0.27721336
7.452	0.27677919
7.453	0.27671199
7.454	0.27665664
7.455	0.27705289
7.456	0.27739349
7.457	0.27748140
7.458	0.27720604
7.459	0.27709251
7.460	0.27741142
7.461	0.27717248
7.462	0.27673646
7.463	0.27672216
7.464	0.27674444
7.465	0.27674383
7.466	0.27667414
7.467	0.27703007
7.468	0.27686504
7.469	0.27710511
7.470	0.27682713
7.471	0.27684672
7.472	0.27619384
7.473	0.27585585
7.474	0.27576383
7.475	0.27519591
7.476	0.27569254
7.477	0.27556901
7.478	0.27524253
7.479	0.27496421
7.480	0.27476592
7.481	0.27507979
7.482	0.27488578
7.483	0.27438575
7.484	0.27407025
7.485	0.27395649
7.486	0.27400657
7.487	0.27415162
7.488	0.27386168
7.489	0.27366887
7.490	0.27344562
7.491	0.27342415
7.492	0.27364219
7.493	0.27383336
7.494	0.27373662
7.495	0.27390050
7.496	0.27382691
7.497	0.27374812
7.498	0.27367415
7.499	0.27346148
7.500	0.27338690
7.501	0.27359641
7.502	0.27385175
7.503	0.27374736
7.504	0.27394305
7.505	0.27369674
7.506	0.27381266
7.507	0.27406130
7.508	0.27425074
7.509	0.27454484
7.510	0.27508008
7.511	0.27481751
7.512	0.27465524
7.513	0.27436854
7.514	0.27461391
7.515	0.27470989
7.516	0.27491830
7.517	0.27472990
7.518	0.27484272
7.519	0.27464767
7.520	0.27452641
7.521	0.27448202
7.522	0.27459028
7.523	0.27484535
7.524	0.27470132
7.525	0.27406988
7.526	0.27420177
7.527	0.27430260
7.528	0.27464806
7.529	0.27492061
7.530	0.27512918
7.531	0.27543179
7.532	0.27525728
7.533	0.27536861
7.534	0.27523485
7.535	0.27523856
7.536	0.27495778
7.537	0.27505251
7.538	0.27452590
7.539	0.27407101
7.540	0.27433570
7.541	0.27478664
7.542	0.27484013
7.543	0.27465565
7.544	0.27503328
7.545	0.27486747
7.546	0.27502612
7.547	0.27501396
7.548	0.27514103
7.549	0.27514408
7.550	0.27526072
7.551	0.27552150
7.552	0.27568960
7.553	0.27580564
7.554	0.27551407
7.555	0.27561893
7.556	0.27579995
7.557	0.27629286
7.558	0.27618684
7.559	0.27616271
7.560	0.27640197
7.561	0.27666944
7.562	0.27683892
7.563	0.27678821
7.564	0.27654498
7.565	0.27654069
7.566	0.27626256
7.567	0.27697354
7.568	0.27718571
7.569	0.27748806
7.570	0.27737009
7.571	0.27720933
7.572	0.27722868
7.573	0.27699488
7.574	0.27710983
7.575	0.27722203
7.576	0.27735502
7.577	0.27721314
7.578	0.27699331
7.579	0.27668557
7.580	0.27710016
7.581	0.27726172
7.582	0.27757812
7.583	0.27755217
7.584	0.27717052
7.585	0.27759059
7.586	0.27753038
7.587	0.27746348
7.588	0.27769690
7.589	0.27773186
7.590	0.27745124
7.591	0.27774059
7.592	0.27756669
7.593	0.27767177
7.594	0.27757536
7.595	0.27772982
7.596	0.27748786
7.597	0.27719525
7.598	0.27676458
7.599	0.27716378
7.600	0.27707226
7.601	0.27685784
7.602	0.27655160
7.603	0.27685462
7.604	0.27663755
7.605	0.27649367
7.606	0.27617469
7.607	0.27606236
7.608	0.27657489
7.609	0.27663782
7.610	0.27632128
7.611	0.27603645
7.612	0.27597686
7.613	0.27561570
7.614	0.27578435
7.615	0.27536213
7.616	0.27588305
7.617	0.27555463
7.618	0.27540426
7.619	0.27531468
7.620	0.27524016
7.621	0.27516322
7.622	0.27521886
7.623	0.27503580
7.624	0.27551740
7.625	0.27551178
7.626	0.27573754
7.627	0.27636137
7.628	0.27687115
7.629	0.27681402
7.630	0.27662340
7.631	0.27657316
7.632	0.27627699
7.633	0.27624099
7.634	0.27657032
7.635	0.27648882
7.636	0.27599418
7.637	0.27593562
7.638	0.27583668
7.639	0.27582953
7.640	0.27559136
7.641	0.27580236
7.642	0.27550732
7.643	0.27596348
7.644	0.27569211
7.645	0.27548952
7.646	0.27540918
7.647	0.27520889
7.648	0.27518591
7.649	0.27515196
7.650	0.27547299
7.651	0.27515880
7.652	0.27507997
7.653	0.27533125
7.654	0.27580313
7.655	0.27575874
7.656	0.27583187
7.657	0.27617471
7.658	0.27641673
7.659	0.27631598
7.660	0.27648509
7.661	0.27697335
7.662	0.27700292
7.663	0.27707631
7.664	0.27676854
7.665	0.27657854
7.666	0.27682266
7.667	0.27670829
7.668	0.27671072
7.669	0.27662123
7.670	0.27657341
7.671	0.27671723
7.672	0.27675403
7.673	0.27697873
7.674	0.27707160
7.675	0.27664583
7.676	0.27673206
7.677	0.27634072
7.678	0.27657367
7.679	0.27636393
7.680	0.27685653
7.681	0.27677188
7.682	0.27704009
7.683	0.27673832
7.684	0.27670423
7.685	0.27735630
7.686	0.27749119
7.687	0.27722045
7.688	0.27691018
7.689	0.27725876
7.690	0.27699347
7.691	0.27668875
7.692	0.27688326
7.693	0.27713170
7.694	0.27688046
7.695	0.27718943
7.696	0.27720102
7.697	0.27728943
7.698	0.27691534
7.699	0.27696900
7.700	0.27718966
7.701	0.27685168
7.702	0.27770766
7.703	0.27774930
7.704	0.27741976
7.705	0.27741888
7.706	0.27707068
7.707	0.27736426
7.708	0.27707605
7.709	0.27717554
7.710	0.27692181
7.711	0.27685385
7.712	0.27692405
7.713	0.27754679
7.714	0.27736607
7.715	0.27719932
7.716	0.27690740
7.717	0.27711237
7.718	0.27670096
7.719	0.27676160
7.720	0.27716177
7.721	0.27731606
7.722	0.27748740
7.723	0.27735547
7.724	0.27746141
7.725	0.27736347
7.726	0.27762365
7.727	0.27775229
7.728	0.27774450
7.729	0.27733990
7.730	0.27755539
7.731	0.27744614
7.732	0.27721582
7.733	0.27721739
7.734	0.27715205
7.735	0.27739959
7.736	0.27720855
7.737	0.27704851
7.738	0.27669219
7.739	0.27631922
7.740	0.27604747
7.741	0.27605848
7.742	0.27543946
7.743	0.27564113
7.744	0.27607450
7.745	0.27617568
7.746	0.27602810
7.747	0.27629831
7.748	0.27613885
7.749	0.27616614
7.750	0.27601887
7.751	0.27632392
7.752	0.27597983
7.753	0.27574212
7.754	0.27597486
7.755	0.27624665
7.756	0.27631049
7.757	0.27631008
7.758	0.27629633
7.759	0.27653041
7.760	0.27639456
7.761	0.27592198
7.762	0.27630688
7.763	0.27642646
7.764	0.27619350
7.765	0.27629562
7.766	0.27622163
7.767	0.27636826
7.768	0.27597425
7.769	0.27596577
7.770	0.27533706
7.771	0.27499498
7.772	0.27453534
7.773	0.27435334
7.774	0.27392306
7.775	0.27459011
7.776	0.27489068
7.777	0.27494697
7.778	0.27457698
7.779	0.27472330
7.780	0.27400007
7.781	0.27432047
7.782	0.27355869
7.783	0.27358382
7.784	0.27407080
7.785	0.27421501
7.786	0.27409077
7.787	0.27398280
7.788	0.27402669
7.789	0.27385019
7.790	0.27355780
7.791	0.27351175
7.792	0.27374261
7.793	0.27391454
7.794	0.27413854
7.795	0.27426355
7.796	0.27403545
7.797	0.27428055
7.798	0.27454733
7.799	0.27475343
7.800	0.27450438
7.801	0.27461958
7.802	0.27480128
7.803	0.27531605
7.804	0.27513024
7.805	0.27525127
7.806	0.27506864
7.807	0.27485290
7.808	0.27431896
7.809	0.27417837
7.810	0.27442638
7.811	0.27470859
7.812	0.27497874
7.813	0.27535310
7.814	0.27498439
7.815	0.27525038
7.816	0.27522525
7.817	0.27540071
7.818	0.27586562
7.819	0.27591232
7.820	0.27559927
7.821	0.27555718
7.822	0.27567679
7.823	0.27585272
7.824	0.27589808
7.825	0.27569122
7.826	0.27549194
7.827	0.27578549
7.828	0.27562910
7.829	0.27557973
7.830	0.27591085
7.831	0.27607564
7.832	0.27564258
7.833	0.27556036
7.834	0.27548333
7.835	0.27535706
7.836	0.27503360
7.837	0.27533482
7.838	0.27459170
7.839	0.27475284
7.840	0.27474176
7.841	0.27482401
7.842	0.27544518
7.843	0.27598354
7.844	0.27630136
7.845	0.27647511
7.846	0.27630548
7.847	0.27640194
7.848	0.27639568
7.849	0.27675152
7.850	0.27693984
7.851	0.27648149
7.852	0.27695191
7.853	0.27719024
7.854	0.27749452
7.855	0.27721071
7.856	0.27730473
7.857	0.27696284
7.858	0.27682156
7.859	0.27711780
7.860	0.27726643
7.861	0.27710284
7.862	0.27700981
7.863	0.27730449
7.864	0.27740411
7.865	0.27698207
7.866	0.27696380
7.867	0.27693640
7.868	0.27667448
7.869	0.27623200
7.870	0.27611028
7.871	0.27564257
7.872	0.27533701
7.873	0.27517676
7.874	0.27549416
7.875	0.27526515
7.876	0.27547938
7.877	0.27577526
7.878	0.27588372
7.879	0.27615967
7.880	0.27587632
7.881	0.27614970
7.882	0.27655473
7.883	0.27691361
7.884	0.27675518
7.885	0.27633098
7.886	0.27618144
7.887	0.27626576
7.888	0.27660220
7.889	0.27721231
7.890	0.27698745
7.891	0.27690304
7.892	0.27731844
7.893	0.27725792
7.894	0.27659788
7.895	0.27578862
7.896	0.27589446
7.897	0.27569007
7.898	0.27625427
7.899	0.27620489
7.900	0.27603719
7.901	0.27633007
7.902	0.27639136
7.903	0.27630737
7.904	0.27696958
7.905	0.27692173
7.906	0.27655586
7.907	0.27642513
7.908	0.27659740
7.909	0.27703376
7.910	0.27717837
7.911	0.27745343
7.912	0.27777185
7.913	0.27795721
7.914	0.27820190
7.915	0.27812245
7.916	0.27824943
7.917	0.27766288
7.918	0.27773446
7.919	0.27738408
7.920	0.27729382
7.921	0.27685014
7.922	0.27703375
7.923	0.27693944
7.924	0.27661375
7.925	0.27659386
7.926	0.27647608
7.927	0.27653948
7.928	0.27661344
7.929	0.27683486
7.930	0.27662512
7.931	0.27639747
7.932	0.27637810
7.933	0.27631670
7.934	0.27655476
7.935	0.27694706
7.936	0.27667783
7.937	0.27668673
7.938	0.27687147
7.939	0.27711578
7.940	0.27698717
7.941	0.27710098
7.942	0.27738277
7.943	0.27793352
7.944	0.27774335
7.945	0.27790972
7.946	0.27771140
7.947	0.27769428
7.948	0.27730945
7.949	0.27763709
7.950	0.27703114
7.951	0.27644892
7.952	0.27628409
7.953	0.27653939
7.954	0.27700205
7.955	0.27714256
7.956	0.27730778
7.957	0.27755608
7.958	0.27735532
7.959	0.27719662
7.960	0.27672241
7.961	0.27675202
7.962	0.27686387
7.963	0.27728071
7.964	0.27750572
7.965	0.27723028
7.966	0.27754900
7.967	0.27795136
7.968	0.27753737
7.969	0.27745747
7.970	0.27751850
7.971	0.27762754
7.972	0.27780040
7.973	0.27805197
7.974	0.27843332
7.975	0.27847908
7.976	0.27777364
7.977	0.27781651
7.978	0.27823187
7.979	0.27797573
7.980	0.27832117
7.981	0.27770635
7.982	0.27800200
7.983	0.27789070
7.984	0.27826690
7.985	0.27845454
7.986	0.27849789
7.987	0.27874051
7.988	0.27887632
7.989	0.27906718
7.990	0.27941917
7.991	0.27964363
7.992	0.27917748
7.993	0.27885746
7.994	0.27872590
7.995	0.27893113
7.996	0.27850262
7.997	0.27857192
7.998	0.27884386
7.999	0.27930804
8.000	0.27944947
8.001	0.27909361
8.002	0.27910850
8.003	0.27951613
8.004	0.27960830
8.005	0.27915963
8.006	0.27930990
8.007	0.27928762
8.008	0.27912792
8.009	0.27874389
8.010	0.27859371
8.011	0.27906905
8.012	0.27894560
8.013	0.27893007
8.014	0.27892121
8.015	0.27870367
8.016	0.27881718
8.017	0.27847015
8.018	0.27814055
8.019	0.27809687
8.020	0.27807211
8.021	0.27808371
8.022	0.27820027
8.023	0.27847063
8.024	0.27853893
8.025	0.27848114
8.026	0.27865477
8.027	0.27880929
8.028	0.27905703
8.029	0.27956378
8.030	0.27953349
8.031	0.27935000
8.032	0.27935664
8.033	0.27930949
8.034	0.27948402
8.035	0.27940563
8.036	0.27936729
8.037	0.27948720
8.038	0.27895764
8.039	0.27872815
8.040	0.27862380
8.041	0.27821062
8.042	0.27808731
8.043	0.27830802
8.044	0.27830242
8.045	0.27865717
8.046	0.27850435
8.047	0.27807121
8.048	0.27769280
8.049	0.27823736
8.050	0.27855240
8.051	0.27908639
8.052	0.27937568
8.053	0.27963272
8.054	0.27938604
8.055	0.27950817
8.056	0.27991659
8.057	0.27980380
8.058	0.27984047
8.059	0.28015613
8.060	0.27965740
8.061	0.27956107
8.062	0.27960561
8.063	0.27940931
8.064	0.27984561
8.065	0.27948824
8.066	0.27977124
8.067	0.27952719
8.068	0.27956410
8.069	0.27899513
8.070	0.27908258
8.071	0.27990809
8.072	0.27994485
8.073	0.27999496
8.074	0.27997237
8.075	0.28002029
8.076	0.28007836
8.077	0.28009935
8.078	0.28066681
8.079	0.28054876
8.080	0.28056356
8.081	0.28054073
8.082	0.28107320
8.083	0.28104023
8.084	0.28138854
8.085	0.28138443
8.086	0.28128815
8.087	0.28129774
8.088	0.28149993
8.089	0.28173507
8.090	0.28125375
8.091	0.28108604
8.092	0.28122683
8.093	0.28107036
8.094	0.28116163
8.095	0.28117060
8.096	0.28146634
8.097	0.28128985
8.098	0.28099432
8.099	0.28112772
8.100	0.28082444
8.101	0.28112536
8.102	0.28145442
8.103	0.28140649
8.104	0.28110901
8.105	0.28086137
8.106	0.28049991
8.107	0.28017576
8.108	0.28051679
8.109	0.28037002
8.110	0.28021857
8.111	0.27978380
8.112	0.27943233
8.113	0.27939858
8.114	0.27930575
8.115	0.27973401
8.116	0.27962920
8.117	0.27912365
8.118	0.27914601
8.119	0.27870254
8.120	0.27883391
8.121	0.27889112
8.122	0.27916920
8.123	0.27905015
8.124	0.27942863
8.125	0.27962532
8.126	0.27979343
8.127	0.27939460
8.128	0.27954301
8.129	0.27946027
8.130	0.27959773
8.131	0.27960061
8.132	0.27917161
8.133	0.27897332
8.134	0.27885450
8.135	0.27923330
8.136	0.27899994
8.137	0.27925703
8.138	0.27927343
8.139	0.27893041
8.140	0.27894260
8.141	0.27933564
8.142	0.27956164
8.143	0.27963851
8.144	0.27939690
8.145	0.27959022
8.146	0.27944890
8.147	0.27965962
8.148	0.27935028
8.149	0.27860513
8.150	0.27853745
8.151	0.27824171
8.152	0.27848735
8.153	0.27887346
8.154	0.27874245
8.155	0.27908501
8.156	0.27915885
8.157	0.27853840
8.158	0.27846671
8.159	0.27873370
8.160	0.27853140
8.161	0.27876736
8.162	0.27838555
8.163	0.27833029
8.164	0.27841222
8.165	0.27839317
8.166	0.27812105
8.167	0.27800583
8.168	0.27775629
8.169	0.27753623
8.170	0.27756793
8.171	0.27769329
8.172	0.27761340
8.173	0.27794264
8.174	0.27813857
8.175	0.27846216
8.176	0.27871186
8.177	0.27911587
8.178	0.27878054
8.179	0.27897113
8.180	0.27889371
8.181	0.27888302
8.182	0.27888957
8.183	0.27893560
8.184	0.27865010
8.185	0.27876562
8.186	0.27879097
8.187	0.27877033
8.188	0.27901152
8.189	0.27868773
8.190	0.27864621
8.191	0.27863905
8.192	0.27836918
8.193	0.27826187
8.194	0.27813990
8.195	0.27801428
8.196	0.27815013
8.197	0.27837508
8.198	0.27851203
8.199	0.27892206
8.200	0.27906470
8.201	0.27905962
8.202	0.27968937
8.203	0.27982512
8.204	0.28035284
8.205	0.28021901
8.206	0.28058856
8.207	0.28063856
8.208	0.28046452
8.209	0.28040901
8.210	0.28000462
8.211	0.28016965
8.212	0.28021079
8.213	0.28036898
8.214	0.28051996
8.215	0.28079985
8.216	0.28113714
8.217	0.28144847
8.218	0.28198223
8.219	0.28222023
8.220	0.28203348
8.221	0.28225052
8.222	0.28203672
8.223	0.28215098
8.224	0.28246187
8.225	0.28234162
8.226	0.28217901
8.227	0.28231670
8.228	0.28181191
8.229	0.28183275
8.230	0.28164385
8.231	0.28190819
8.232	0.28184245
8.233	0.28196880
8.234	0.28218219
8.235	0.28234782
8.236	0.28218093
8.237	0.28285392
8.238	0.28262598
8.239	0.28288133
8.240	0.28327260
8.241	0.28316004
8.242	0.28314738
8.243	0.28312666
8.244	0.28343077
8.245	0.28312425
8.246	0.28279279
8.247	0.28353501
8.248	0.28332404
8.249	0.28344601
8.250	0.28373822
8.251	0.28372977
8.252	0.28353920
8.253	0.28322266
8.254	0.28325366
8.255	0.28269164
8.256	0.28265120
8.257	0.28237671
8.258	0.28224429
8.259	0.28225004
8.260	0.28214679
8.261	0.28174318
8.262	0.28194531
8.263	0.28157026
8.264	0.28125642
8.265	0.28067098
8.266	0.28066169
8.267	0.28042767
8.268	0.28030295
8.269	0.28030637
8.270	0.28018835
8.271	0.28079885
8.272	0.28093507
8.273	0.28107705
8.274	0.28083146
8.275	0.28078128
8.276	0.28012863
8.277	0.28018387
8.278	0.27993845
8.279	0.27948162
8.280	0.27926051
8.281	0.27955309
8.282	0.27923125
8.283	0.27920549
8.284	0.27887647
8.285	0.27862500
8.286	0.27893575
8.287	0.27909152
8.288	0.27938657
8.289	0.27952708
8.290	0.27979324
8.291	0.27997159
8.292	0.28017192
8.293	0.28028832
8.294	0.28054463
8.295	0.28049547
8.296	0.28046723
8.297	0.28013658
8.298	0.27991329
8.299	0.27981176
8.300	0.27975415
8.301	0.27967599
8.302	0.27942601
8.303	0.27920622
8.304	0.27930804
8.305	0.27936062
8.306	0.27933871
8.307	0.27912071
8.308	0.27929777
8.309	0.27982990
8.310	0.27933706
8.311	0.27892951
8.312	0.27913287
8.313	0.27888381
8.314	0.27873626
8.315	0.27946548
8.316	0.27976122
8.317	0.27951685
8.318	0.27977575
8.319	0.27980883
8.320	0.27976536
8.321	0.28010889
8.322	0.28009098
8.323	0.27968663
8.324	0.27915877
8.325	0.27921669
8.326	0.27909502
8.327	0.27943011
8.328	0.27928558
8.329	0.27893228
8.330	0.27924320
8.331	0.27910608
8.332	0.27846532
8.333	0.27878454
8.334	0.27935030
8.335	0.27952902
8.336	0.27953049
8.337	0.27975933
8.338	0.27904982
8.339	0.27902222
8.340	0.27922808
8.341	0.27874614
8.342	0.27887313
8.343	0.27864913
8.344	0.27866784
8.345	0.27940500
8.346	0.27939858
8.347	0.27878371
8.348	0.27905836
8.349	0.27884401
8.350	0.27925921
8.351	0.27923521
8.352	0.27962097
8.353	0.27914763
8.354	0.27887486
8.355	0.27863648
8.356	0.27852587
8.357	0.27848231
8.358	0.27864175
8.359	0.27870114
8.360	0.27861238
8.361	0.27879139
8.362	0.27858354
8.363	0.27858132
8.364	0.27816203
8.365	0.27789789
8.366	0.27800049
8.367	0.27787619
8.368	0.27753856
8.369	0.27792023
8.370	0.27767853
8.371	0.27754075
8.372	0.27728084
8.373	0.27739445
8.374	0.27681944
8.375	0.27699365
8.376	0.27716258
8.377	0.27741048
8.378	0.27791788
8.379	0.27771162
8.380	0.27783736
8.381	0.27790063
8.382	0.27826782
8.383	0.27868178
8.384	0.27850314
8.385	0.27879648
8.386	0.27903859
8.387	0.27913003
8.388	0.27883213
8.389	0.27863353
8.390	0.27897615
8.391	0.27879194
8.392	0.27891504
8.393	0.27860376
8.394	0.27839255
8.395	0.27839010
8.396	0.27873761
8.397	0.27876544
8.398	0.27910731
8.399	0.27906983
8.400	0.27872519
8.401	0.27921476
8.402	0.27914190
8.403	0.27894255
8.404	0.27913422
8.405	0.27941543
8.406	0.27951060
8.407	0.27981423
8.408	0.27943752
8.409	0.27927834
8.410	0.27919095
8.411	0.27890158
8.412	0.27894656
8.413	0.27858340
8.414	0.27849104
8.415	0.27808712
8.416	0.27779364
8.417	0.27814360
8.418	0.27799882
8.419	0.27785950
8.420	0.27828747
8.421	0.27829092
8.422	0.27830665
8.423	0.27870722
8.424	0.27915356
8.425	0.27984894
8.426	0.27955973
8.427	0.27921136
8.428	0.27961567
8.429	0.27950622
8.430	0.27964617
8.431	0.27980120
8.432	0.27990137
8.433	0.27977748
8.434	0.27989758
8.435	0.27912234
8.436	0.27931961
8.437	0.27972804
8.438	0.27926256
8.439	0.27971031
8.440	0.27954031
8.441	0.27956139
8.442	0.27929072
8.443	0.27918513
8.444	0.27904152
8.445	0.27892027
8.446	0.27863215
8.447	0.27863352
8.448	0.27841206
8.449	0.27817144
8.450	0.27863875
8.451	0.27815998
8.452	0.27830041
8.453	0.27805056
8.454	0.27819536
8.455	0.27809297
8.456	0.27805421
8.457	0.27753869
8.458	0.27787390
8.459	0.27789605
8.460	0.27828612
8.461	0.27827077
8.462	0.27804531
8.463	0.27805698
8.464	0.27755608
8.465	0.27741027
8.466	0.27802360
8.467	0.27760227
8.468	0.27755875
8.469	0.27727374
8.470	0.27688566
8.471	0.27712653
8.472	0.27675500
8.473	0.27663611
8.474	0.27737859
8.475	0.27738783
8.476	0.27742909
8.477	0.27765088
8.478	0.27757039
8.479	0.27757568
8.480	0.27758439
8.481	0.27811263
8.482	0.27793924
8.483	0.27791798
8.484	0.27793760
8.485	0.27757515
8.486	0.27761333
8.487	0.27763856
8.488	0.27827908
8.489	0.27865304
8.490	0.27832288
8.491	0.27816026
8.492	0.27809814
8.493	0.27843744
8.494	0.27886737
8.495	0.27869749
8.496	0.27921574
8.497	0.27925822
8.498	0.27964714
8.499	0.27976519
8.500	0.27959781
8.501	0.27911865
8.502	0.27879705
8.503	0.27879170
8.504	0.27868668
8.505	0.27897302
8.506	0.27883090
8.507	0.27861002
8.508	0.27886916
8.509	0.27909319
8.510	0.27885336
8.511	0.27896967
8.512	0.27935979
8.513	0.27936132
8.514	0.27883919
8.515	0.27874572
8.516	0.27849448
8.517	0.27823491
8.518	0.27838340
8.519	0.27890626
8.520	0.27923647
8.521	0.27944115
8.522	0.27957850
8.523	0.27953644
8.524	0.27938961
8.525	0.27952110
8.526	0.27959322
8.527	0.27960765
8.528	0.27983013
8.529	0.27996567
8.530	0.28046050
8.531	0.28073392
8.532	0.28049491
8.533	0.28029906
8.534	0.28059375
8.535	0.28092513
8.536	0.28093981
8.537	0.28057779
8.538	0.28095234
8.539	0.28107768
8.540	0.28105832
8.541	0.28107060
8.542	0.28129210
8.543	0.28095847
8.544	0.28129867
8.545	0.28164410
8.546	0.28144397
8.547	0.28074343
8.548	0.28066193
8.549	0.28041519
8.550	0.28063150
8.551	0.28079268
8.552	0.28096752
8.553	0.28127936
8.554	0.28116810
8.555	0.28084688
8.556	0.28131308
8.557	0.28134754
8.558	0.28139141
8.559	0.28076012
8.560	0.28092256
8.561	0.28144517
8.562	0.28136684
8.563	0.28169249
8.564	0.28198572
8.565	0.28148757
8.566	0.28185264
8.567	0.28205245
8.568	0.28175568
8.569	0.28155653
8.570	0.28192558
8.571	0.28228800
8.572	0.28210123
8.573	0.28199543
8.574	0.28183253
8.575	0.28166895
8.576	0.28178567
8.577	0.28193052
8.578	0.28154023
8.579	0.28224988
8.580	0.28227520
8.581	0.28236592
8.582	0.28294811
8.583	0.28255667
8.584	0.28237483
8.585	0.28221972
8.586	0.28278721
8.587	0.28197938
8.588	0.28220894
8.589	0.28214969
8.590	0.28212302
8.591	0.28206189
8.592	0.28227786
8.593	0.28208983
8.594	0.28230643
8.595	0.28167537
8.596	0.28176546
8.597	0.28171495
8.598	0.28148915
8.599	0.28168488
8.600	0.28180288
8.601	0.28152715
8.602	0.28147823
8.603	0.28146077
8.604	0.28170691
8.605	0.28183482
8.606	0.28192599
8.607	0.28185719
8.608	0.28178665
8.609	0.28223940
8.610	0.28219662
8.611	0.28264368
8.612	0.28255122
8.613	0.28247756
8.614	0.28227534
8.615	0.28241193
8.616	0.28272077
8.617	0.28332605
8.618	0.28355376
8.619	0.28358288
8.620	0.28364544
8.621	0.28324328
8.622	0.28346175
8.623	0.28347970
8.624	0.28344387
8.625	0.28379656
8.626	0.28388557
8.627	0.28424758
8.628	0.28425377
8.629	0.28432608
8.630	0.28425133
8.631	0.28444096
8.632	0.28443867
8.633	0.28444848
8.634	0.28390382
8.635	0.28377835
8.636	0.28379961
8.637	0.28367681
8.638	0.28351699
8.639	0.28324560
8.640	0.28299437
8.641	0.28373349
8.642	0.28333111
8.643	0.28347325
8.644	0.28353857
8.645	0.28392990
8.646	0.28405967
8.647	0.28399142
8.648	0.28386993
8.649	0.28385885
8.650	0.28397629
8.651	0.28337108
8.652	0.28308350
8.653	0.28319312
8.654	0.28303323
8.655	0.28348928
8.656	0.28352743
8.657	0.28361897
8.658	0.28350720
8.659	0.28323164
8.660	0.28280219
8.661	0.28233057
8.662	0.28237152
8.663	0.28193677
8.664	0.28209586
8.665	0.28181340
8.666	0.28221648
8.667	0.28244111
8.668	0.28281543
8.669	0.28259130
8.670	0.28267474
8.671	0.28237488
8.672	0.28268581
8.673	0.28280170
8.674	0.28286349
8.675	0.28303723
8.676	0.28281518
8.677	0.28304683
8.678	0.28335592
8.679	0.28358949
8.680	0.28407043
8.681	0.28433629
8.682	0.28441048
8.683	0.28388427
8.684	0.28366981
8.685	0.28362237
8.686	0.28325641
8.687	0.28342620
8.688	0.28338685
8.689	0.28341593
8.690	0.28354533
8.691	0.28334569
8.692	0.28358642
8.693	0.28368754
8.694	0.28349484
8.695	0.28318394
8.696	0.28303637
8.697	0.28323216
8.698	0.28337576
8.699	0.28315790
8.700	0.28259107
8.701	0.28234806
8.702	0.28282119
8.703	0.28292039
8.704	0.28254613
8.705	0.28232385
8.706	0.28261677
8.707	0.28233010
8.708	0.28283699
8.709	0.28300005
8.710	0.28253827
8.711	0.28288622
8.712	0.28255992
8.713	0.28258153
8.714	0.28263298
8.715	0.28240390
8.716	0.28245278
8.717	0.28261782
8.718	0.28212316
8.719	0.28227114
8.720	0.28217809
8.721	0.28233675
8.722	0.28205698
8.723	0.28209423
8.724	0.28219067
8.725	0.28211464
8.726	0.28178289
8.727	0.28199293
8.728	0.28227400
8.729	0.28236553
8.730	0.28231033
8.731	0.28271767
8.732	0.28301934
8.733	0.28314092
8.734	0.28276615
8.735	0.28291979
8.736	0.28288512
8.737	0.28303503
8.738	0.28310764
8.739	0.28298550
8.740	0.28331954
8.741	0.28326565
8.742	0.28336814
8.743	0.28326426
8.744	0.28316475
8.745	0.28277749
8.746	0.28303000
8.747	0.28325850
8.748	0.28265296
8.749	0.28225187
8.750	0.28227412
8.751	0.28205090
8.752	0.28200011
8.753	0.28225227
8.754	0.28215583
8.755	0.28163370
8.756	0.28165852
8.757	0.28214543
8.758	0.28233904
8.759	0.28222247
8.760	0.28221136
8.761	0.28214323
8.762	0.28219030
8.763	0.28227159
8.764	0.28196728
8.765	0.28169372
8.766	0.28193736
8.767	0.28159543
8.768	0.28250305
8.769	0.28283398
8.770	0.28234433
8.771	0.28297866
8.772	0.28277400
8.773	0.28271390
8.774	0.28278658
8.775	0.28293828
8.776	0.28273230
8.777	0.28214145
8.778	0.28189243
8.779	0.28167476
8.780	0.28156647
8.781	0.28159197
8.782	0.28142461
8.783	0.28165821
8.784	0.28156300
8.785	0.28207543
8.786	0.28240121
8.787	0.28251770
8.788	0.28269875
8.789	0.28276039
8.790	0.28292482
8.791	0.28264567
8.792	0.28218518
8.793	0.28237262
8.794	0.28211412
8.795	0.28250383
8.796	0.28267284
8.797	0.28244533
8.798	0.28236682
8.799	0.28245658
8.800	0.28260853
8.801	0.28311811
8.802	0.28269989
8.803	0.28268860
8.804	0.28291081
8.805	0.28309492
8.806	0.28332239
8.807	0.28306707
8.808	0.28361722
8.809	0.28358503
8.810	0.28368650
8.811	0.28393559
8.812	0.28403920
8.813	0.28474142
8.814	0.28464210
8.815	0.28440929
8.816	0.28428388
8.817	0.28406564
8.818	0.28435981
8.819	0.28442936
8.820	0.28416001
8.821	0.28444464
8.822	0.28434308
8.823	0.28421930
8.824	0.28425145
8.825	0.28372153
8.826	0.28356932
8.827	0.28367887
8.828	0.28424475
8.829	0.28374544
8.830	0.28353981
8.831	0.28325224
8.832	0.28332679
8.833	0.28345351
8.834	0.28352548
8.835	0.28350028
8.836	0.28399081
8.837	0.28353791
8.838	0.28256167
8.839	0.28238968
8.840	0.28241596
8.841	0.28245241
8.842	0.28337941
8.843	0.28279918
8.844	0.28267513
8.845	0.28284005
8.846	0.28278564
8.847	0.28324587
8.848	0.28327345
8.849	0.28297976
8.850	0.28298153
8.851	0.28318095
8.852	0.28283256
8.853	0.28282598
8.854	0.28271229
8.855	0.28297001
8.856	0.28287007
8.857	0.28319728
8.858	0.28338568
8.859	0.28325755
8.860	0.28342179
8.861	0.28361314
8.862	0.28363801
8.863	0.28327749
8.864	0.28346221
8.865	0.28354625
8.866	0.28313091
8.867	0.28318756
8.868	0.28264380
8.869	0.28235080
8.870	0.28194070
8.871	0.28222211
8.872	0.28231474
8.873	0.28224528
8.874	0.28226857
8.875	0.28273221
8.876	0.28290176
8.877	0.28281057
8.878	0.28315341
8.879	0.28305690
8.880	0.28299965
8.881	0.28272721
8.882	0.28270810
8.883	0.28292318
8.884	0.28304430
8.885	0.28278639
8.886	0.28252728
8.887	0.28235277
8.888	0.28196298
8.889	0.28166648
8.890	0.28189102
8.891	0.28174488
8.892	0.28123681
8.893	0.28134276
8.894	0.28153068
8.895	0.28145619
8.896	0.28093554
8.897	0.28112706
8.898	0.28154900
8.899	0.28120204
8.900	0.28148448
8.901	0.28139378
8.902	0.28183951
8.903	0.28172615
8.904	0.28207766
8.905	0.28156708
8.906	0.28130950
8.907	0.28101743
8.908	0.28131844
8.909	0.28116263
8.910	0.28133682
8.911	0.28169562
8.912	0.28169470
8.913	0.28165399
8.914	0.28210036
8.915	0.28179993
8.916	0.28207672
8.917	0.28219468
8.918	0.28274060
8.919	0.28298797
8.920	0.28279689
8.921	0.28264059
8.922	0.28269126
8.923	0.28318232
8.924	0.28291229
8.925	0.28260047
8.926	0.28257399
8.927	0.28289097
8.928	0.28268862
8.929	0.28230034
8.930	0.28247203
8.931	0.28198498
8.932	0.28204321
8.933	0.28197105
8.934	0.28215872
8.935	0.28230921
8.936	0.28245958
8.937	0.28223533
8.938	0.28247861
8.939	0.28234416
8.940	0.28248097
8.941	0.28264666
8.942	0.28208750
8.943	0.28241036
8.944	0.28208618
8.945	0.28214925
8.946	0.28242644
8.947	0.28223032
8.948	0.28209176
8.949	0.28197727
8.950	0.28231808
8.951	0.28199703
8.952	0.28217732
8.953	0.28213061
8.954	0.28236709
8.955	0.28215245
8.956	0.28177995
8.957	0.28202530
8.958	0.28190018
8.959	0.28187914
8.960	0.28161971
8.961	0.28202947
8.962	0.28206437
8.963	0.28163866
8.964	0.28162326
8.965	0.28108665
8.966	0.28166408
8.967	0.28167036
8.968	0.28159602
8.969	0.28171994
8.970	0.28201112
8.971	0.28224021
8.972	0.28203742
8.973	0.28225976
8.974	0.28208349
8.975	0.28181117
8.976	0.28165814
8.977	0.28200146
8.978	0.28210333
8.979	0.28270786
8.980	0.28303741
8.981	0.28222618
8.982	0.28217567
8.983	0.28166270
8.984	0.28169930
8.985	0.28199088
8.986	0.28213812
8.987	0.28283232
8.988	0.28304219
8.989	0.28324456
8.990	0.28303114
8.991	0.28313445
8.992	0.28285103
8.993	0.28317607
8.994	0.28282660
8.995	0.28268548
8.996	0.28280015
8.997	0.28261289
8.998	0.28259647
8.999	0.28314321
9.000	0.28276622
9.001	0.28283591
9.002	0.28260405
9.003	0.28288576
9.004	0.28241191
9.005	0.28337353
9.006	0.28317193
9.007	0.28316947
9.008	0.28322501
9.009	0.28325392
9.010	0.28330687
9.011	0.28317289
9.012	0.28326499
9.013	0.28322267
9.014	0.28322286
9.015	0.28306300
9.016	0.28262190
9.017	0.28275374
9.018	0.28287615
9.019	0.28259637
9.020	0.28267133
9.021	0.28272487
9.022	0.28287533
9.023	0.28292953
9.024	0.28267917
9.025	0.28310511
9.026	0.28278075
9.027	0.28309754
9.028	0.28343523
9.029	0.28379244
9.030	0.28387353
9.031	0.28427778
9.032	0.28438951
9.033	0.28446583
9.034	0.28454458
9.035	0.28473634
9.036	0.28446253
9.037	0.28457032
9.038	0.28450949
9.039	0.28441573
9.040	0.28479423
9.041	0.28502467
9.042	0.28532276
9.043	0.28545524
9.044	0.28555009
9.045	0.28561782
9.046	0.28573392
9.047	0.28611050
9.048	0.28613816
9.049	0.28623386
9.050	0.28607333
9.051	0.28602729
9.052	0.28600239
9.053	0.28614778
9.054	0.28665177
9.055	0.28679489
9.056	0.28661802
9.057	0.28642961
9.058	0.28661523
9.059	0.28599434
9.060	0.28616980
9.061	0.28651181
9.062	0.28632712
9.063	0.28682044
9.064	0.28678031
9.065	0.28625234
9.066	0.28610415
9.067	0.28627176
9.068	0.28646867
9.069	0.28681396
9.070	0.28643533
9.071	0.28603852
9.072	0.28593574
9.073	0.28575921
9.074	0.28566811
9.075	0.28589371
9.076	0.28615114
9.077	0.28624346
9.078	0.28608482
9.079	0.28614733
9.080	0.28574397
9.081	0.28567657
9.082	0.28573451
9.083	0.28562389
9.084	0.28540304
9.085	0.28521369
9.086	0.28524957
9.087	0.28517360
9.088	0.28503675
9.089	0.28470854
9.090	0.28432348
9.091	0.28420921
9.092	0.28478075
9.093	0.28447246
9.094	0.28437425
9.095	0.28413009
9.096	0.28365217
9.097	0.28340692
9.098	0.28400943
9.099	0.28399299
9.100	0.28380756
9.101	0.28367907
9.102	0.28387494
9.103	0.28350993
9.104	0.28322352
9.105	0.28352598
9.106	0.28345124
9.107	0.28362094
9.108	0.28376623
9.109	0.28391120
9.110	0.28359834
9.111	0.28411445
9.112	0.28416842
9.113	0.28392444
9.114	0.28383263
9.115	0.28368419
9.116	0.28359739
9.117	0.28335092
9.118	0.28318901
9.119	0.28274896
9.120	0.28331284
9.121	0.28340748
9.122	0.28308629
9.123	0.28340086
9.124	0.28269625
9.125	0.28280491
9.126	0.28312783
9.127	0.28289005
9.128	0.28309382
9.129	0.28289887
9.130	0.28275471
9.131	0.28315409
9.132	0.28317074
9.133	0.28282227
9.134	0.28276208
9.135	0.28211618
9.136	0.28213624
9.137	0.28151276
9.138	0.28191937
9.139	0.28143107
9.140	0.28184815
9.141	0.28181006
9.142	0.28184585
9.143	0.28212200
9.144	0.28171655
9.145	0.28178217
9.146	0.28153178
9.147	0.28202295
9.148	0.28203798
9.149	0.28215568
9.150	0.28231647
9.151	0.28252394
9.152	0.28218193
9.153	0.28199404
9.154	0.28247931
9.155	0.28230967
9.156	0.28268766
9.157	0.28309202
9.158	0.28287185
9.159	0.28314441
9.160	0.28356906
9.161	0.28399719
9.162	0.28417136
9.163	0.28374869
9.164	0.28374000
9.165	0.28393722
9.166	0.28377521
9.167	0.28375747
9.168	0.28313562
9.169	0.28267143
9.170	0.28274045
9.171	0.28276418
9.172	0.28318999
9.173	0.28314456
9.174	0.28289197
9.175	0.28260825
9.176	0.28250868
9.177	0.28232952
9.178	0.28224555
9.179	0.28186256
9.180	0.28220587
9.181	0.28183047
9.182	0.28211583
9.183	0.28213734
9.184	0.28181214
9.185	0.28207897
9.186	0.28193085
9.187	0.28234576
9.188	0.28259916
9.189	0.28233584
9.190	0.28266987
9.191	0.28267820
9.192	0.28304585
9.193	0.28259069
9.194	0.28228673
9.195	0.28289054
9.196	0.28242478
9.197	0.28249196
9.198	0.28272468
9.199	0.28318043
9.200	0.28237166
9.201	0.28211171
9.202	0.28186315
9.203	0.28145337
9.204	0.28132349
9.205	0.28120985
9.206	0.28117180
9.207	0.28155423
9.208	0.28129741
9.209	0.28123722
9.210	0.28121471
9.211	0.28125036
9.212	0.28148958
9.213	0.28172873
9.214	0.28188717
9.215	0.28197671
9.216	0.28241186
9.217	0.28258157
9.218	0.28273918
9.219	0.28335619
9.220	0.28320377
9.221	0.28315267
9.222	0.28334242
9.223	0.28359948
9.224	0.28415421
9.225	0.28438850
9.226	0.28445877
9.227	0.28446501
9.228	0.28478399
9.229	0.28480828
9.230	0.28484864
9.231	0.28490717
9.232	0.28488925
9.233	0.28464350
9.234	0.28462949
9.235	0.28499378
9.236	0.28473995
9.237	0.28454466
9.238	0.28458491
9.239	0.28441545
9.240	0.28395496
9.241	0.28377459
9.242	0.28338306
9.243	0.28267273
9.244	0.28323322
9.245	0.28282849
9.246	0.28298019
9.247	0.28323916
9.248	0.28336729
9.249	0.28363913
9.250	0.28380908
9.251	0.28377216
9.252	0.28377480
9.253	0.28362806
9.254	0.28380736
9.255	0.28376276
9.256	0.28406820
9.257	0.28455011
9.258	0.28449437
9.259	0.28386855
9.260	0.28367484
9.261	0.28372566
9.262	0.28382710
9.263	0.28425778
9.264	0.28403322
9.265	0.28395651
9.266	0.28446856
9.267	0.28476770
9.268	0.28476555
9.269	0.28475094
9.270	0.28427847
9.271	0.28411695
9.272	0.28408908
9.273	0.28403138
9.274	0.28379260
9.275	0.28389372
9.276	0.28381869
9.277	0.28389908
9.278	0.28380956
9.279	0.28353703
9.280	0.28331005
9.281	0.28352993
9.282	0.28313267
9.283	0.28309944
9.284	0.28365562
9.285	0.28351019
9.286	0.28397494
9.287	0.28405160
9.288	0.28430811
9.289	0.28438391
9.290	0.28407050
9.291	0.28394674
9.292	0.28412153
9.293	0.28366471
9.294	0.28355662
9.295	0.28355823
9.296	0.28326959
9.297	0.28368910
9.298	0.28364635
9.299	0.28398017
9.300	0.28397943
9.301	0.28392584
9.302	0.28422826
9.303	0.28410260
9.304	0.28392233
9.305	0.28408467
9.306	0.28384649
9.307	0.28372165
9.308	0.28405048
9.309	0.28413491
9.310	0.28452608
9.311	0.28473850
9.312	0.28423490
9.313	0.28380060
9.314	0.28372081
9.315	0.28411498
9.316	0.28407630
9.317	0.28379915
9.318	0.28389728
9.319	0.28418408
9.320	0.28366855
9.321	0.28348939
9.322	0.28360546
9.323	0.28342762
9.324	0.28383426
9.325	0.28409240
9.326	0.28437390
9.327	0.28449201
9.328	0.28428113
9.329	0.28433192
9.330	0.28432187
9.331	0.28418437
9.332	0.28403871
9.333	0.28478708
9.334	0.28435350
9.335	0.28406920
9.336	0.28372954
9.337	0.28400450
9.338	0.28370283
9.339	0.28406181
9.340	0.28372658
9.341	0.28370671
9.342	0.28350454
9.343	0.28419761
9.344	0.28459742
9.345	0.28432248
9.346	0.28472733
9.347	0.28477319
9.348	0.28443651
9.349	0.28459542
9.350	0.28511386
9.351	0.28549069
9.352	0.28554614
9.353	0.28567901
9.354	0.28529454
9.355	0.28574180
9.356	0.28521587
9.357	0.28508740
9.358	0.28527699
9.359	0.28518969
9.360	0.28528855
9.361	0.28545269
9.362	0.28524566
9.363	0.28453671
9.364	0.28505927
9.365	0.28500632
9.366	0.28508256
9.367	0.28501259
9.368	0.28488631
9.369	0.28503880
9.370	0.28465061
9.371	0.28509608
9.372	0.28508411
9.373	0.28493173
9.374	0.28480727
9.375	0.28495852
9.376	0.28520580
9.377	0.28536193
9.378	0.28542422
9.379	0.28514699
9.380	0.28581784
9.381	0.28577512
9.382	0.28542501
9.383	0.28564288
9.384	0.28535934
9.385	0.28546806
9.386	0.28537763
9.387	0.28558345
9.388	0.28541024
9.389	0.28550095
9.390	0.28595003
9.391	0.28611171
9.392	0.28635567
9.393	0.28619026
9.394	0.28592758
9.395	0.28582425
9.396	0.28608211
9.397	0.28610272
9.398	0.28521983
9.399	0.28531486
9.400	0.28500338
9.401	0.28454337
9.402	0.28468936
9.403	0.28494690
9.404	0.28515663
9.405	0.28568264
9.406	0.28604180
9.407	0.28559478
9.408	0.28603044
9.409	0.28648158
9.410	0.28622444
9.411	0.28605146
9.412	0.28637148
9.413	0.28654549
9.414	0.28658899
9.415	0.28658437
9.416	0.28637748
9.417	0.28636214
9.418	0.28605524
9.419	0.28638507
9.420	0.28669350
9.421	0.28655118
9.422	0.28639304
9.423	0.28651478
9.424	0.28597085
9.425	0.28581668
9.426	0.28577085
9.427	0.28566543
9.428	0.28557543
9.429	0.28559153
9.430	0.28570735
9.431	0.28527024
9.432	0.28513230
9.433	0.28505120
9.434	0.28520822
9.435	0.28488748
9.436	0.28505535
9.437	0.28467793
9.438	0.28497197
9.439	0.28547321
9.440	0.28528552
9.441	0.28561571
9.442	0.28517802
9.443	0.28579364
9.444	0.28581754
9.445	0.28559913
9.446	0.28570371
9.447	0.28568945
9.448	0.28619732
9.449	0.28653701
9.450	0.28639912
9.451	0.28634538
9.452	0.28629677
9.453	0.28635595
9.454	0.28594375
9.455	0.28606082
9.456	0.28586316
9.457	0.28591706
9.458	0.28605986
9.459	0.28587444
9.460	0.28582719
9.461	0.28619039
9.462	0.28648232
9.463	0.28624217
9.464	0.28591171
9.465	0.28605670
9.466	0.28613611
9.467	0.28635303
9.468	0.28610739
9.469	0.28592913
9.470	0.28573124
9.471	0.28576560
9.472	0.28592683
9.473	0.28586964
9.474	0.28509358
9.475	0.28532969
9.476	0.28544360
9.477	0.28543423
9.478	0.28574273
9.479	0.28535479
9.480	0.28533392
9.481	0.28507925
9.482	0.28523964
9.483	0.28522654
9.484	0.28559036
9.485	0.28537374
9.486	0.28530289
9.487	0.28553758
9.488	0.28575584
9.489	0.28582154
9.490	0.28575501
9.491	0.28526765
9.492	0.28489324
9.493	0.28501450
9.494	0.28477031
9.495	0.28535040
9.496	0.28535750
9.497	0.28533209
9.498	0.28501947
9.499	0.28467021
9.500	0.28448772
9.501	0.28449404
9.502	0.28484058
9.503	0.28474659
9.504	0.28462475
9.505	0.28442764
9.506	0.28423961
9.507	0.28437357
9.508	0.28446203
9.509	0.28442372
9.510	0.28413872
9.511	0.28392658
9.512	0.28347879
9.513	0.28362793
9.514	0.28310863
9.515	0.28315185
9.516	0.28260761
9.517	0.28336626
9.518	0.28299295
9.519	0.28264745
9.520	0.28263951
9.521	0.28256636
9.522	0.28221091
9.523	0.28172040
9.524	0.28168489
9.525	0.28210169
9.526	0.28217883
9.527	0.28235284
9.528	0.28235270
9.529	0.28262183
9.530	0.28236539
9.531	0.28237292
9.532	0.28252354
9.533	0.28302401
9.534	0.28304110
9.535	0.28265419
9.536	0.28252957
9.537	0.28223559
9.538	0.28265447
9.539	0.28249827
9.540	0.28293705
9.541	0.28310809
9.542	0.28281264
9.543	0.28269581
9.544	0.28253512
9.545	0.28236661
9.546	0.28230119
9.547	0.28176732
9.548	0.28167400
9.549	0.28162046
9.550	0.28235368
9.551	0.28281004
9.552	0.28277627
9.553	0.28285190
9.554	0.28261151
9.555	0.28255629
9.556	0.28287804
9.557	0.28299429
9.558	0.28338807
9.559	0.28348524
9.560	0.28343005
9.561	0.28357010
9.562	0.28406295
9.563	0.28426237
9.564	0.28405581
9.565	0.28459596
9.566	0.28406897
9.567	0.28415390
9.568	0.28419750
9.569	0.28410983
9.570	0.28398038
9.571	0.28407231
9.572	0.28361875
9.573	0.28399389
9.574	0.28396543
9.575	0.28358821
9.576	0.28304439
9.577	0.28333452
9.578	0.28340837
9.579	0.28327733
9.580	0.28393290
9.581	0.28339507
9.582	0.28354850
9.583	0.28348966
9.584	0.28393649
9.585	0.28363322
9.586	0.28388115
9.587	0.28352349
9.588	0.28331880
9.589	0.28322873
9.590	0.28294575
9.591	0.28320740
9.592	0.28327715
9.593	0.28316599
9.594	0.28328163
9.595	0.28344355
9.596	0.28361402
9.597	0.28399217
9.598	0.28422769
9.599	0.28410762
9.600	0.28457637
9.601	0.28439000
9.602	0.28414649
9.603	0.28356343
9.604	0.28416429
9.605	0.28428246
9.606	0.28450095
9.607	0.28471253
9.608	0.28472661
9.609	0.28472998
9.610	0.28493497
9.611	0.28483274
9.612	0.28498054
9.613	0.28521392
9.614	0.28514628
9.615	0.28485070
9.616	0.28450928
9.617	0.28457841
9.618	0.28435920
9.619	0.28425890
9.620	0.28384730
9.621	0.28372664
9.622	0.28369051
9.623	0.28367506
9.624	0.28383233
9.625	0.28419381
9.626	0.28440873
9.627	0.28464504
9.628	0.28476534
9.629	0.28430740
9.630	0.28443735
9.631	0.28434303
9.632	0.28466532
9.633	0.28419292
9.634	0.28403321
9.635	0.28398429
9.636	0.28373463
9.637	0.28355508
9.638	0.28343251
9.639	0.28313351
9.640	0.28355455
9.641	0.28385276
9.642	0.28402100
9.643	0.28431976
9.644	0.28424414
9.645	0.28473006
9.646	0.28437192
9.647	0.28472579
9.648	0.28473535
9.649	0.28505279
9.650	0.28481547
9.651	0.28503203
9.652	0.28474762
9.653	0.28502741
9.654	0.28513665
9.655	0.28553634
9.656	0.28530599
9.657	0.28500878
9.658	0.28452500
9.659	0.28464140
9.660	0.28444629
9.661	0.28437373
9.662	0.28416170
9.663	0.28383485
9.664	0.28404885
9.665	0.28365009
9.666	0.28383888
9.667	0.28392050
9.668	0.28397517
9.669	0.28440056
9.670	0.28446287
9.671	0.28470464
9.672	0.28471500
9.673	0.28468746
9.674	0.28449256
9.675	0.28427063
9.676	0.28438197
9.677	0.28414046
9.678	0.28398127
9.679	0.28342534
9.680	0.28365015
9.681	0.28398510
9.682	0.28403672
9.683	0.28393758
9.684	0.28346488
9.685	0.28277999
9.686	0.28304184
9.687	0.28315774
9.688	0.28324955
9.689	0.28336553
9.690	0.28338325
9.691	0.28331016
9.692	0.28290826
9.693	0.28262855
9.694	0.28262147
9.695	0.28276562
9.696	0.28261164
9.697	0.28277331
9.698	0.28269470
9.699	0.28240589
9.700	0.28276160
9.701	0.28296728
9.702	0.28282037
9.703	0.28258068
9.704	0.28237041
9.705	0.28195595
9.706	0.28206578
9.707	0.28207368
9.708	0.28250136
9.709	0.28249949
9.710	0.28239834
9.711	0.28277466
9.712	0.28275361
9.713	0.28282566
9.714	0.28308263
9.715	0.28304265
9.716	0.28327296
9.717	0.28335543
9.718	0.28362015
9.719	0.28400889
9.720	0.28425056
9.721	0.28403282
9.722	0.28393254
9.723	0.28400261
9.724	0.28403703
9.725	0.28444702
9.726	0.28417822
9.727	0.28420732
9.728	0.28428227
9.729	0.28402022
9.730	0.28362568
9.731	0.28399173
9.732	0.28439272
9.733	0.28441228
9.734	0.28413103
9.735	0.28427804
9.736	0.28409125
9.737	0.28455799
9.738	0.28431787
9.739	0.28459547
9.740	0.28437508
9.741	0.28396584
9.742	0.28465773
9.743	0.28509978
9.744	0.28467687
9.745	0.28421609
9.746	0.28461483
9.747	0.28443688
9.748	0.28442042
9.749	0.28437089
9.750	0.28437112
9.751	0.28424276
9.752	0.28431536
9.753	0.28403806
9.754	0.28388396
9.755	0.28389766
9.756	0.28412516
9.757	0.28406274
9.758	0.28420864
9.759	0.28404773
9.760	0.28435273
9.761	0.28496483
9.762	0.28501834
9.763	0.28548524
9.764	0.28571606
9.765	0.28630617
9.766	0.28668731
9.767	0.28670721
9.768	0.28626715
9.769	0.28602417
9.770	0.28566534
9.771	0.28557050
9.772	0.28546200
9.773	0.28556248
9.774	0.28557584
9.775	0.28589565
9.776	0.28599474
9.777	0.28580867
9.778	0.28566798
9.779	0.28567602
9.780	0.28559585
9.781	0.28623841
9.782	0.28611215
9.783	0.28615199
9.784	0.28604542
9.785	0.28618416
9.786	0.28596691
9.787	0.28613298
9.788	0.28638694
9.789	0.28649090
9.790	0.28672019
9.791	0.28695282
9.792	0.28703416
9.793	0.28662559
9.794	0.28680703
9.795	0.28726587
9.796	0.28755483
9.797	0.28767585
9.798	0.28843291
9.799	0.28845043
9.800	0.28835625
9.801	0.28811388
9.802	0.28854717
9.803	0.28865338
9.804	0.28887029
9.805	0.28899179
9.806	0.28872091
9.807	0.28853072
9.808	0.28890120
9.809	0.28882973
9.810	0.28874632
9.811	0.28896327
9.812	0.28936689
9.813	0.28895054
9.814	0.28913110
9.815	0.28844055
9.816	0.28863091
9.817	0.28853471
9.818	0.28868547
9.819	0.28863716
9.820	0.28898248
9.821	0.28935709
9.822	0.28980501
9.823	0.28957027
9.824	0.29044107
9.825	0.29067115
9.826	0.29091142
9.827	0.29119790
9.828	0.29136137
9.829	0.29129887
9.830	0.29126518
9.831	0.29125544
9.832	0.29130535
9.833	0.29158723
9.834	0.29138792
9.835	0.29140513
9.836	0.29073319
9.837	0.29084628
9.838	0.29111230
9.839	0.29107523
9.840	0.29124427
9.841	0.29135871
9.842	0.29158178
9.843	0.29147918
9.844	0.29161517
9.845	0.29185626
9.846	0.29152769
9.847	0.29114927
9.848	0.29068942
9.849	0.29052171
9.850	0.29101905
9.851	0.29139554
9.852	0.29086597
9.853	0.29121528
9.854	0.29084127
9.855	0.29107447
9.856	0.29132383
9.857	0.29169407
9.858	0.29163308
9.859	0.29153795
9.860	0.29149213
9.861	0.29181225
9.862	0.29146153
9.863	0.29092243
9.864	0.29073690
9.865	0.29084719
9.866	0.29132739
9.867	0.29143719
9.868	0.29153749
9.869	0.29133310
9.870	0.29136480
9.871	0.29141729
9.872	0.29166188
9.873	0.29210554
9.874	0.29269894
9.875	0.29269102
9.876	0.29300752
9.877	0.29339003
9.878	0.29319189
9.879	0.29283140
9.880	0.29267573
9.881	0.29230931
9.882	0.29207824
9.883	0.29270195
9.884	0.29303162
9.885	0.29319595
9.886	0.29326531
9.887	0.29320129
9.888	0.29324464
9.889	0.29289106
9.890	0.29247883
9.891	0.29243930
9.892	0.29236243
9.893	0.29260180
9.894	0.29259488
9.895	0.29323780
9.896	0.29302544
9.897	0.29338661
9.898	0.29352555
9.899	0.29296569
9.900	0.29283595
9.901	0.29283802
9.902	0.29261748
9.903	0.29252346
9.904	0.29235406
9.905	0.29277581
9.906	0.29227972
9.907	0.29248561
9.908	0.29247077
9.909	0.29211207
9.910	0.29228825
9.911	0.29216473
9.912	0.29190490
9.913	0.29234307
9.914	0.29239774
9.915	0.29262055
9.916	0.29281833
9.917	0.29252644
9.918	0.29232541
9.919	0.29208920
9.920	0.29191097
9.921	0.29168385
9.922	0.29184313
9.923	0.29234670
9.924	0.29284091
9.925	0.29310561
9.926	0.29334840
9.927	0.29367854
9.928	0.29415255
9.929	0.29390789
9.930	0.29410838
9.931	0.29392644
9.932	0.29396380
9.933	0.29354364
9.934	0.29331226
9.935	0.29304171
9.936	0.29374964
9.937	0.29377728
9.938	0.29407934
9.939	0.29428308
9.940	0.29421590
9.941	0.29452658
9.942	0.29453246
9.943	0.29453322
9.944	0.29462790
9.945	0.29497471
9.946	0.29519663
9.947	0.29504123
9.948	0.29495834
9.949	0.29472345
9.950	0.29464142
9.951	0.29473031
9.952	0.29421259
9.953	0.29372043
9.954	0.29390282
9.955	0.29435974
9.956	0.29427498
9.957	0.29413426
9.958	0.29419349
9.959	0.29416345
9.960	0.29412237
9.961	0.29450616
9.962	0.29427752
9.963	0.29454265
9.964	0.29452327
9.965	0.29475151
9.966	0.29466786
9.967	0.29436031
9.968	0.29383367
9.969	0.29367644
9.970	0.29356050
9.971	0.29371974
9.972	0.29425429
9.973	0.29451722
9.974	0.29510149
9.975	0.29498203
9.976	0.29447284
9.977	0.29402773
9.978	0.29415070
9.979	0.29371651
9.980	0.29379080
9.981	0.29365942
9.982	0.29403181
9.983	0.29384792
9.984	0.29390151
9.985	0.29414410
9.986	0.29409004
9.987	0.29394888
9.988	0.29383932
9.989	0.29389129
9.990	0.29354980
9.991	0.29326466
9.992	0.29332465
9.993	0.29329320
9.994	0.29323143
9.995	0.29300914
9.996	0.29300360
9.997	0.29275846
9.998	0.29314056
9.999	0.29315718
