0.000	1.00000000
0.001	1.00000000
0.002	1.00000000
0.003	1.00000000
0.004	1.00000000
0.005	1.00000000
0.006	1.00000000
0.007	1.00000000
0.008	1.00000000
0.009	1.00000000
0.010	1.00000000
0.011	1.00000000
0.012	1.00000000
0.013	1.00000000
0.014	1.00000000
0.015	1.00000000
0.016	1.00000000
0.017	1.00000000
0.018	1.00000000
0.019	1.00000000
0.020	1.00000000
0.021	1.00000000
0.022	1.00000000
0.023	1.00000000
0.024	1.00000000
0.025	1.00000000
0.026	1.00000000
0.027	1.00000000
0.028	1.00000000
0.029	1.00000000
0.030	0.99999999
0.031	0.99999999
0.032	0.99999999
0.033	0.99999999
0.034	0.99999999
0.035	0.99999999
0.036	0.99999999
0.037	0.99999998
0.038	0.99999998
0.039	0.99999998
0.040	0.99999998
0.041	0.99999997
0.042	0.99999997
0.043	0.99999997
0.044	0.99999996
0.045	0.99999996
0.046	0.99999995
0.047	0.99999995
0.048	0.99999994
0.049	0.99999994
0.050	0.99999993
0.051	0.99999992
0.052	0.99999991
0.053	0.99999990
0.054	0.99999990
0.055	0.99999989
0.056	0.99999988
0.057	0.99999986
0.058	0.99999985
0.059	0.99999984
0.060	0.99999982
0.061	0.99999981
0.062	0.99999979
0.063	0.99999978
0.064	0.99999976
0.065	0.99999974
0.066	0.99999972
0.067	0.99999970
0.068	0.99999967
0.069	0.99999965
0.070	0.99999962
0.071	0.99999960
0.072	0.99999957
0.073	0.99999954
0.074	0.99999951
0.075	0.99999947
0.076	0.99999944
0.077	0.99999940
0.078	0.99999936
0.079	0.99999932
0.080	0.99999927
0.081	0.99999923
0.082	0.99999918
0.083	0.99999913
0.084	0.99999908
0.085	0.99999902
0.086	0.99999896
0.087	0.99999890
0.088	0.99999884
0.089	0.99999878
0.090	0.99999871
0.091	0.99999863
0.092	0.99999856
0.093	0.99999848
0.094	0.99999840
0.095	0.99999831
0.096	0.99999822
0.097	0.99999813
0.098	0.99999804
0.099	0.99999794
0.100	0.99999783
0.101	0.99999772
0.102	0.99999761
0.103	0.99999749
0.104	0.99999737
0.105	0.99999725
0.106	0.99999712
0.107	0.99999698
0.108	0.99999684
0.109	0.99999669
0.110	0.99999654
0.111	0.99999639
0.112	0.99999623
0.113	0.99999606
0.114	0.99999589
0.115	0.99999571
0.116	0.99999553
0.117	0.99999534
0.118	0.99999514
0.119	0.99999493
0.120	0.99999472
0.121	0.99999451
0.122	0.99999428
0.123	0.99999405
0.124	0.99999381
0.125	0.99999357
0.126	0.99999332
0.127	0.99999305
0.128	0.99999278
0.129	0.99999251
0.130	0.99999222
0.131	0.99999192
0.132	0.99999161
0.133	0.99999130
0.134	0.99999098
0.135	0.99999065
0.136	0.99999031
0.137	0.99998996
0.138	0.99998960
0.139	0.99998922
0.140	0.99998884
0.141	0.99998845
0.142	0.99998804
0.143	0.99998763
0.144	0.99998720
0.145	0.99998677
0.146	0.99998633
0.147	0.99998587
0.148	0.99998541
0.149	0.99998493
0.150	0.99998444
0.151	0.99998393
0.152	0.99998341
0.153	0.99998288
0.154	0.99998234
0.155	0.99998179
0.156	0.99998121
0.157	0.99998062
0.158	0.99998000
0.159	0.99997938
0.160	0.99997876
0.161	0.99997812
0.162	0.99997744
0.163	0.99997677
0.164	0.99997607
0.165	0.99997536
0.166	0.99997463
0.167	0.99997388
0.168	0.99997313
0.169	0.99997234
0.170	0.99997153
0.171	0.99997072
0.172	0.99996988
0.173	0.99996902
0.174	0.99996815
0.175	0.99996726
0.176	0.99996634
0.177	0.99996542
0.178	0.99996448
0.179	0.99996351
0.180	0.99996251
0.181	0.99996150
0.182	0.99996047
0.183	0.99995942
0.184	0.99995832
0.185	0.99995720
0.186	0.99995606
0.187	0.99995491
0.188	0.99995376
0.189	0.99995258
0.190	0.99995136
0.191	0.99995016
0.192	0.99994892
0.193	0.99994763
0.194	0.99994632
0.195	0.99994500
0.196	0.99994361
0.197	0.99994225
0.198	0.99994082
0.199	0.99993939
0.200	0.99993791
0.201	0.99993639
0.202	0.99993483
0.203	0.99993327
0.204	0.99993171
0.205	0.99993011
0.206	0.99992848
0.207	0.99992680
0.208	0.99992512
0.209	0.99992337
0.210	0.99992160
0.211	0.99991981
0.212	0.99991801
0.213	0.99991618
0.214	0.99991429
0.215	0.99991241
0.216	0.99991047
0.217	0.99990848
0.218	0.99990650
0.219	0.99990448
0.220	0.99990236
0.221	0.99990026
0.222	0.99989813
0.223	0.99989590
0.224	0.99989358
0.225	0.99989125
0.226	0.99988893
0.227	0.99988659
0.228	0.99988427
0.229	0.99988180
0.230	0.99987930
0.231	0.99987682
0.232	0.99987428
0.233	0.99987166
0.234	0.99986903
0.235	0.99986637
0.236	0.99986370
0.237	0.99986102
0.238	0.99985823
0.239	0.99985538
0.240	0.99985242
0.241	0.99984949
0.242	0.99984650
0.243	0.99984348
0.244	0.99984037
0.245	0.99983727
0.246	0.99983418
0.247	0.99983095
0.248	0.99982761
0.249	0.99982433
0.250	0.99982098
0.251	0.99981761
0.252	0.99981406
0.253	0.99981053
0.254	0.99980697
0.255	0.99980344
0.256	0.99979979
0.257	0.99979595
0.258	0.99979218
0.259	0.99978841
0.260	0.99978460
0.261	0.99978051
0.262	0.99977658
0.263	0.99977262
0.264	0.99976849
0.265	0.99976443
0.266	0.99976012
0.267	0.99975592
0.268	0.99975185
0.269	0.99974757
0.270	0.99974320
0.271	0.99973882
0.272	0.99973408
0.273	0.99972952
0.274	0.99972496
0.275	0.99972033
0.276	0.99971564
0.277	0.99971054
0.278	0.99970586
0.279	0.99970097
0.280	0.99969590
0.281	0.99969104
0.282	0.99968583
0.283	0.99968057
0.284	0.99967496
0.285	0.99966984
0.286	0.99966428
0.287	0.99965899
0.288	0.99965331
0.289	0.99964767
0.290	0.99964167
0.291	0.99963597
0.292	0.99963008
0.293	0.99962403
0.294	0.99961786
0.295	0.99961200
0.296	0.99960547
0.297	0.99959944
0.298	0.99959298
0.299	0.99958691
0.300	0.99958000
0.301	0.99957327
0.302	0.99956696
0.303	0.99956050
0.304	0.99955365
0.305	0.99954666
0.306	0.99953950
0.307	0.99953239
0.308	0.99952532
0.309	0.99951848
0.310	0.99951151
0.311	0.99950417
0.312	0.99949673
0.313	0.99948924
0.314	0.99948240
0.315	0.99947530
0.316	0.99946797
0.317	0.99946039
0.318	0.99945260
0.319	0.99944421
0.320	0.99943578
0.321	0.99942789
0.322	0.99941993
0.323	0.99941139
0.324	0.99940283
0.325	0.99939428
0.326	0.99938559
0.327	0.99937659
0.328	0.99936756
0.329	0.99935880
0.330	0.99935001
0.331	0.99934068
0.332	0.99933210
0.333	0.99932299
0.334	0.99931313
0.335	0.99930433
0.336	0.99929467
0.337	0.99928470
0.338	0.99927514
0.339	0.99926567
0.340	0.99925508
0.341	0.99924507
0.342	0.99923471
0.343	0.99922469
0.344	0.99921454
0.345	0.99920385
0.346	0.99919298
0.347	0.99918249
0.348	0.99917162
0.349	0.99916133
0.350	0.99914962
0.351	0.99913882
0.352	0.99912737
0.353	0.99911481
0.354	0.99910348
0.355	0.99909185
0.356	0.99907945
0.357	0.99906695
0.358	0.99905499
0.359	0.99904320
0.360	0.99902963
0.361	0.99901730
0.362	0.99900424
0.363	0.99899206
0.364	0.99897929
0.365	0.99896634
0.366	0.99895259
0.367	0.99894081
0.368	0.99892729
0.369	0.99891358
0.370	0.99889899
0.371	0.99888520
0.372	0.99887173
0.373	0.99885736
0.374	0.99884259
0.375	0.99882757
0.376	0.99881428
0.377	0.99880007
0.378	0.99878444
0.379	0.99876933
0.380	0.99875506
0.381	0.99874154
0.382	0.99872677
0.383	0.99871154
0.384	0.99869626
0.385	0.99868028
0.386	0.99866328
0.387	0.99864619
0.388	0.99863038
0.389	0.99861391
0.390	0.99859730
0.391	0.99858049
0.392	0.99856545
0.393	0.99854960
0.394	0.99853399
0.395	0.99851841
0.396	0.99850213
0.397	0.99848634
0.398	0.99846986
0.399	0.99845305
0.400	0.99843586
0.401	0.99841852
0.402	0.99840255
0.403	0.99838290
0.404	0.99836602
0.405	0.99834471
0.406	0.99832542
0.407	0.99830517
0.408	0.99828601
0.409	0.99826736
0.410	0.99825183
0.411	0.99823225
0.412	0.99821161
0.413	0.99819336
0.414	0.99817286
0.415	0.99815406
0.416	0.99813438
0.417	0.99811253
0.418	0.99809212
0.419	0.99807243
0.420	0.99805085
0.421	0.99802768
0.422	0.99800907
0.423	0.99798661
0.424	0.99796373
0.425	0.99794199
0.426	0.99792179
0.427	0.99789875
0.428	0.99787647
0.429	0.99785186
0.430	0.99782908
0.431	0.99780310
0.432	0.99777993
0.433	0.99775548
0.434	0.99773283
0.435	0.99771194
0.436	0.99768715
0.437	0.99766583
0.438	0.99764363
0.439	0.99762055
0.440	0.99759789
0.441	0.99757251
0.442	0.99754751
0.443	0.99752437
0.444	0.99750224
0.445	0.99747497
0.446	0.99744816
0.447	0.99742023
0.448	0.99739551
0.449	0.99736918
0.450	0.99734549
0.451	0.99732039
0.452	0.99729481
0.453	0.99726898
0.454	0.99724707
0.455	0.99721902
0.456	0.99719393
0.457	0.99716525
0.458	0.99713709
0.459	0.99710854
0.460	0.99708430
0.461	0.99705519
0.462	0.99702512
0.463	0.99699447
0.464	0.99696752
0.465	0.99693946
0.466	0.99690739
0.467	0.99688071
0.468	0.99685519
0.469	0.99683094
0.470	0.99680138
0.471	0.99676973
0.472	0.99674219
0.473	0.99671045
0.474	0.99668058
0.475	0.99664662
0.476	0.99661172
0.477	0.99657865
0.478	0.99654504
0.479	0.99651536
0.480	0.99648327
0.481	0.99644670
0.482	0.99641544
0.483	0.99637686
0.484	0.99634459
0.485	0.99630974
0.486	0.99627980
0.487	0.99624556
0.488	0.99621460
0.489	0.99618577
0.490	0.99615028
0.491	0.99611987
0.492	0.99608473
0.493	0.99605747
0.494	0.99602162
0.495	0.99598748
0.496	0.99595120
0.497	0.99591523
0.498	0.99588247
0.499	0.99585009
0.500	0.99581288
0.501	0.99577283
0.502	0.99573998
0.503	0.99570129
0.504	0.99565924
0.505	0.99560976
0.506	0.99557081
0.507	0.99553012
0.508	0.99549055
0.509	0.99545583
0.510	0.99542094
0.511	0.99537641
0.512	0.99534033
0.513	0.99528951
0.514	0.99524650
0.515	0.99521083
0.516	0.99516802
0.517	0.99511806
0.518	0.99507430
0.519	0.99503149
0.520	0.99499349
0.521	0.99494860
0.522	0.99491262
0.523	0.99487624
0.524	0.99483969
0.525	0.99480464
0.526	0.99476165
0.527	0.99472675
0.528	0.99468913
0.529	0.99463842
0.530	0.99459203
0.531	0.99453769
0.532	0.99449431
0.533	0.99444410
0.534	0.99438811
0.535	0.99433811
0.536	0.99428860
0.537	0.99424170
0.538	0.99420299
0.539	0.99416836
0.540	0.99412028
0.541	0.99406881
0.542	0.99402970
0.543	0.99398251
0.544	0.99393496
0.545	0.99388971
0.546	0.99384843
0.547	0.99380104
0.548	0.99375789
0.549	0.99371177
0.550	0.99366719
0.551	0.99361340
0.552	0.99355554
0.553	0.99350507
0.554	0.99344473
0.555	0.99340119
0.556	0.99335127
0.557	0.99330723
0.558	0.99324772
0.559	0.99319410
0.560	0.99314668
0.561	0.99309114
0.562	0.99303783
0.563	0.99298764
0.564	0.99294332
0.565	0.99290294
0.566	0.99283959
0.567	0.99277347
0.568	0.99272098
0.569	0.99267930
0.570	0.99262313
0.571	0.99256951
0.572	0.99252289
0.573	0.99246746
0.574	0.99239963
0.575	0.99232990
0.576	0.99228567
0.577	0.99223167
0.578	0.99218523
0.579	0.99213180
0.580	0.99208317
0.581	0.99202373
0.582	0.99197329
0.583	0.99190653
0.584	0.99184053
0.585	0.99179003
0.586	0.99173032
0.587	0.99168127
0.588	0.99162468
0.589	0.99155758
0.590	0.99149949
0.591	0.99143689
0.592	0.99137984
0.593	0.99131704
0.594	0.99124615
0.595	0.99116314
0.596	0.99108320
0.597	0.99102148
0.598	0.99095804
0.599	0.99089441
0.600	0.99082930
0.601	0.99077630
0.602	0.99071956
0.603	0.99065535
0.604	0.99057698
0.605	0.99052595
0.606	0.99046314
0.607	0.99038316
0.608	0.99031776
0.609	0.99024986
0.610	0.99018469
0.611	0.99012159
0.612	0.99005387
0.613	0.98998859
0.614	0.98993930
0.615	0.98987306
0.616	0.98981410
0.617	0.98972949
0.618	0.98965372
0.619	0.98958206
0.620	0.98951287
0.621	0.98943494
0.622	0.98937446
0.623	0.98931469
0.624	0.98924127
0.625	0.98917699
0.626	0.98910582
0.627	0.98906734
0.628	0.98898336
0.629	0.98890832
0.630	0.98886115
0.631	0.98876750
0.632	0.98870016
0.633	0.98864153
0.634	0.98855050
0.635	0.98846772
0.636	0.98839464
0.637	0.98831590
0.638	0.98823351
0.639	0.98818297
0.640	0.98812326
0.641	0.98803422
0.642	0.98794697
0.643	0.98786599
0.644	0.98779152
0.645	0.98771908
0.646	0.98764271
0.647	0.98755496
0.648	0.98749074
0.649	0.98740355
0.650	0.98733018
0.651	0.98724670
0.652	0.98717843
0.653	0.98708934
0.654	0.98701204
0.655	0.98691482
0.656	0.98683568
0.657	0.98673939
0.658	0.98666271
0.659	0.98657285
0.660	0.98650976
0.661	0.98641588
0.662	0.98635407
0.663	0.98626770
0.664	0.98619332
0.665	0.98612098
0.666	0.98605388
0.667	0.98598843
0.668	0.98589616
0.669	0.98580876
0.670	0.98572188
0.671	0.98565464
0.672	0.98552221
0.673	0.98543382
0.674	0.98534304
0.675	0.98525088
0.676	0.98518051
0.677	0.98507261
0.678	0.98497681
0.679	0.98487717
0.680	0.98479064
0.681	0.98470673
0.682	0.98461269
0.683	0.98452363
0.684	0.98443685
0.685	0.98435902
0.686	0.98427470
0.687	0.98417286
0.688	0.98406479
0.689	0.98398018
0.690	0.98387583
0.691	0.98378500
0.692	0.98371121
0.693	0.98362450
0.694	0.98354326
0.695	0.98344326
0.696	0.98337745
0.697	0.98328344
0.698	0.98318395
0.699	0.98308829
0.700	0.98297289
0.701	0.98285655
0.702	0.98270962
0.703	0.98260953
0.704	0.98251302
0.705	0.98241076
0.706	0.98227634
0.707	0.98218136
0.708	0.98208305
0.709	0.98196793
0.710	0.98188847
0.711	0.98176015
0.712	0.98166531
0.713	0.98153390
0.714	0.98141929
0.715	0.98131526
0.716	0.98120650
0.717	0.98114089
0.718	0.98101925
0.719	0.98089784
0.720	0.98078818
0.721	0.98066490
0.722	0.98057736
0.723	0.98047214
0.724	0.98038932
0.725	0.98025555
0.726	0.98014539
0.727	0.98004073
0.728	0.97992241
0.729	0.97978189
0.730	0.97966262
0.731	0.97956375
0.732	0.97942548
0.733	0.97930861
0.734	0.97920704
0.735	0.97912632
0.736	0.97905044
0.737	0.97894589
0.738	0.97885742
0.739	0.97873459
0.740	0.97860032
0.741	0.97852348
0.742	0.97840590
0.743	0.97824773
0.744	0.97809888
0.745	0.97798116
0.746	0.97789563
0.747	0.97775160
0.748	0.97760858
0.749	0.97750064
0.750	0.97736028
0.751	0.97718039
0.752	0.97706290
0.753	0.97692848
0.754	0.97680833
0.755	0.97673159
0.756	0.97662542
0.757	0.97648397
0.758	0.97635447
0.759	0.97625294
0.760	0.97614534
0.761	0.97603383
0.762	0.97589219
0.763	0.97576087
0.764	0.97566027
0.765	0.97554253
0.766	0.97541227
0.767	0.97526781
0.768	0.97511535
0.769	0.97500540
0.770	0.97487835
0.771	0.97471349
0.772	0.97456619
0.773	0.97446778
0.774	0.97436472
0.775	0.97427666
0.776	0.97418020
0.777	0.97406644
0.778	0.97392642
0.779	0.97381292
0.780	0.97369503
0.781	0.97356759
0.782	0.97344790
0.783	0.97330058
0.784	0.97316107
0.785	0.97307606
0.786	0.97289035
0.787	0.97279743
0.788	0.97262374
0.789	0.97252776
0.790	0.97241277
0.791	0.97225686
0.792	0.97204770
0.793	0.97188439
0.794	0.97173408
0.795	0.97157378
0.796	0.97147587
0.797	0.97135075
0.798	0.97119801
0.799	0.97106687
0.800	0.97091596
0.801	0.97075952
0.802	0.97063623
0.803	0.97048624
0.804	0.97029019
0.805	0.97017355
0.806	0.97002235
0.807	0.96984666
0.808	0.96961982
0.809	0.96954189
0.810	0.96935745
0.811	0.96919481
0.812	0.96909204
0.813	0.96898573
0.814	0.96887227
0.815	0.96870635
0.816	0.96849045
0.817	0.96836492
0.818	0.96815665
0.819	0.96802705
0.820	0.96787225
0.821	0.96768117
0.822	0.96757168
0.823	0.96743492
0.824	0.96731449
0.825	0.96716331
0.826	0.96703636
0.827	0.96697071
0.828	0.96684131
0.829	0.96665178
0.830	0.96659286
0.831	0.96649019
0.832	0.96630351
0.833	0.96619705
0.834	0.96603027
0.835	0.96593143
0.836	0.96574097
0.837	0.96562470
0.838	0.96547186
0.839	0.96530127
0.840	0.96518643
0.841	0.96498862
0.842	0.96489496
0.843	0.96473750
0.844	0.96456218
0.845	0.96432850
0.846	0.96415257
0.847	0.96401751
0.848	0.96388119
0.849	0.96368834
0.850	0.96358028
0.851	0.96343697
0.852	0.96326646
0.853	0.96309631
0.854	0.96289786
0.855	0.96275526
0.856	0.96250753
0.857	0.96231467
0.858	0.96221609
0.859	0.96206359
0.860	0.96187985
0.861	0.96175778
0.862	0.96160878
0.863	0.96139584
0.864	0.96126088
0.865	0.96117009
0.866	0.96104401
0.867	0.96091004
0.868	0.96076935
0.869	0.96056784
0.870	0.96039521
0.871	0.96027212
0.872	0.96008337
0.873	0.95997866
0.874	0.95989551
0.875	0.95978478
0.876	0.95970250
0.877	0.95948351
0.878	0.95935153
0.879	0.95916246
0.880	0.95891068
0.881	0.95873171
0.882	0.95860881
0.883	0.95834218
0.884	0.95817268
0.885	0.95795239
0.886	0.95781176
0.887	0.95756167
0.888	0.95732120
0.889	0.95713332
0.890	0.95695223
0.891	0.95683380
0.892	0.95663624
0.893	0.95641464
0.894	0.95622894
0.895	0.95604397
0.896	0.95586941
0.897	0.95565851
0.898	0.95542208
0.899	0.95518603
0.900	0.95503735
0.901	0.95480989
0.902	0.95464282
0.903	0.95433503
0.904	0.95403955
0.905	0.95386426
0.906	0.95361525
0.907	0.95346041
0.908	0.95330320
0.909	0.95305267
0.910	0.95285139
0.911	0.95271301
0.912	0.95263432
0.913	0.95241008
0.914	0.95215903
0.915	0.95189714
0.916	0.95180740
0.917	0.95164138
0.918	0.95143079
0.919	0.95129778
0.920	0.95109038
0.921	0.95090608
0.922	0.95078366
0.923	0.95059117
0.924	0.95031326
0.925	0.95019427
0.926	0.94999772
0.927	0.94978981
0.928	0.94962347
0.929	0.94943707
0.930	0.94933426
0.931	0.94914570
0.932	0.94888749
0.933	0.94864752
0.934	0.94847904
0.935	0.94817450
0.936	0.94793890
0.937	0.94778414
0.938	0.94762435
0.939	0.94744435
0.940	0.94721358
0.941	0.94705519
0.942	0.94687432
0.943	0.94669441
0.944	0.94655048
0.945	0.94634148
0.946	0.94607470
0.947	0.94600536
0.948	0.94580408
0.949	0.94555570
0.950	0.94534005
0.951	0.94526159
0.952	0.94516435
0.953	0.94498521
0.954	0.94471479
0.955	0.94450349
0.956	0.94430231
0.957	0.94401149
0.958	0.94385690
0.959	0.94369554
0.960	0.94349026
0.961	0.94323646
0.962	0.94298072
0.963	0.94270516
0.964	0.94241666
0.965	0.94218287
0.966	0.94210929
0.967	0.94188165
0.968	0.94173697
0.969	0.94146070
0.970	0.94125171
0.971	0.94101558
0.972	0.94076205
0.973	0.94056380
0.974	0.94044261
0.975	0.94015648
0.976	0.93996293
0.977	0.93976291
0.978	0.93956743
0.979	0.93947904
0.980	0.93921009
0.981	0.93886620
0.982	0.93867422
0.983	0.93858376
0.984	0.93844344
0.985	0.93829947
0.986	0.93795940
0.987	0.93780427
0.988	0.93762655
0.989	0.93747580
0.990	0.93735056
0.991	0.93714862
0.992	0.93698997
0.993	0.93682582
0.994	0.93667929
0.995	0.93644058
0.996	0.93608369
0.997	0.93580392
0.998	0.93566660
0.999	0.93545948
1.000	0.93529304
1.001	0.93495555
1.002	0.93475307
1.003	0.93457582
1.004	0.93436504
1.005	0.93423832
1.006	0.93395119
1.007	0.93372583
1.008	0.93347795
1.009	0.93328562
1.010	0.93300122
1.011	0.93274375
1.012	0.93246034
1.013	0.93213803
1.014	0.93188237
1.015	0.93169000
1.016	0.93162843
1.017	0.93126333
1.018	0.93112275
1.019	0.93099939
1.020	0.93075083
1.021	0.93049558
1.022	0.93023827
1.023	0.93000357
1.024	0.92965289
1.025	0.92944898
1.026	0.92924967
1.027	0.92894709
1.028	0.92876056
1.029	0.92851525
1.030	0.92823887
1.031	0.92794424
1.032	0.92749635
1.033	0.92723708
1.034	0.92710008
1.035	0.92670057
1.036	0.92655429
1.037	0.92631004
1.038	0.92616164
1.039	0.92602829
1.040	0.92575186
1.041	0.92554024
1.042	0.92517272
1.043	0.92484503
1.044	0.92468367
1.045	0.92432689
1.046	0.92411214
1.047	0.92374825
1.048	0.92347625
1.049	0.92314440
1.050	0.92286994
1.051	0.92267544
1.052	0.92238984
1.053	0.92219488
1.054	0.92185182
1.055	0.92158940
1.056	0.92134353
1.057	0.92103903
1.058	0.92080626
1.059	0.92046014
1.060	0.92021217
1.061	0.91991589
1.062	0.91980982
1.063	0.91952900
1.064	0.91919935
1.065	0.91882305
1.066	0.91861870
1.067	0.91856267
1.068	0.91824056
1.069	0.91793474
1.070	0.91776769
1.071	0.91734198
1.072	0.91709324
1.073	0.91687512
1.074	0.91664026
1.075	0.91630272
1.076	0.91593129
1.077	0.91550222
1.078	0.91525165
1.079	0.91505176
1.080	0.91490148
1.081	0.91462551
1.082	0.91439156
1.083	0.91419063
1.084	0.91384898
1.085	0.91354001
1.086	0.91331357
1.087	0.91297942
1.088	0.91268522
1.089	0.91233081
1.090	0.91199013
1.091	0.91170767
1.092	0.91134041
1.093	0.91110714
1.094	0.91071829
1.095	0.91041530
1.096	0.91007227
1.097	0.90970964
1.098	0.90938008
1.099	0.90917705
1.100	0.90887688
1.101	0.90864021
1.102	0.90823705
1.103	0.90786435
1.104	0.90761232
1.105	0.90751825
1.106	0.90744431
1.107	0.90721563
1.108	0.90701100
1.109	0.90679507
1.110	0.90654574
1.111	0.90628577
1.112	0.90606939
1.113	0.90573392
1.114	0.90542344
1.115	0.90522516
1.116	0.90496272
1.117	0.90468918
1.118	0.90449692
1.119	0.90424652
1.120	0.90402066
1.121	0.90376181
1.122	0.90352582
1.123	0.90312144
1.124	0.90287724
1.125	0.90239482
1.126	0.90220065
1.127	0.90180711
1.128	0.90154770
1.129	0.90120982
1.130	0.90090941
1.131	0.90066994
1.132	0.90032192
1.133	0.89985058
1.134	0.89952964
1.135	0.89915710
1.136	0.89891395
1.137	0.89855433
1.138	0.89829541
1.139	0.89790497
1.140	0.89751088
1.141	0.89724976
1.142	0.89692921
1.143	0.89646594
1.144	0.89632056
1.145	0.89603045
1.146	0.89574364
1.147	0.89537262
1.148	0.89492817
1.149	0.89481296
1.150	0.89449390
1.151	0.89412377
1.152	0.89397254
1.153	0.89367676
1.154	0.89341410
1.155	0.89297544
1.156	0.89274388
1.157	0.89236887
1.158	0.89221974
1.159	0.89199599
1.160	0.89183038
1.161	0.89145543
1.162	0.89116015
1.163	0.89094411
1.164	0.89047580
1.165	0.89006771
1.166	0.88962774
1.167	0.88928258
1.168	0.88886520
1.169	0.88846694
1.170	0.88834520
1.171	0.88783386
1.172	0.88744171
1.173	0.88720413
1.174	0.88711570
1.175	0.88672248
1.176	0.88629791
1.177	0.88596361
1.178	0.88568220
1.179	0.88539146
1.180	0.88514771
1.181	0.88478704
1.182	0.88439292
1.183	0.88417430
1.184	0.88383331
1.185	0.88354583
1.186	0.88324791
1.187	0.88283579
1.188	0.88234785
1.189	0.88216994
1.190	0.88187529
1.191	0.88157961
1.192	0.88119503
1.193	0.88096370
1.194	0.88086640
1.195	0.88062745
1.196	0.88026961
1.197	0.87985450
1.198	0.87949645
1.199	0.87910822
1.200	0.87906722
1.201	0.87874176
1.202	0.87859670
1.203	0.87815553
1.204	0.87792166
1.205	0.87758094
1.206	0.87730981
1.207	0.87696431
1.208	0.87683982
1.209	0.87639965
1.210	0.87595542
1.211	0.87578244
1.212	0.87568070
1.213	0.87532354
1.214	0.87499857
1.215	0.87450184
1.216	0.87413109
1.217	0.87384075
1.218	0.87347507
1.219	0.87333054
1.220	0.87278622
1.221	0.87256134
1.222	0.87221303
1.223	0.87183899
1.224	0.87165218
1.225	0.87134578
1.226	0.87096729
1.227	0.87063073
1.228	0.87036968
1.229	0.87002593
1.230	0.86954509
1.231	0.86942014
1.232	0.86911251
1.233	0.86891644
1.234	0.86815073
1.235	0.86775703
1.236	0.86758989
1.237	0.86716704
1.238	0.86678077
1.239	0.86652770
1.240	0.86621456
1.241	0.86587187
1.242	0.86552182
1.243	0.86521543
1.244	0.86475466
1.245	0.86433321
1.246	0.86392180
1.247	0.86377341
1.248	0.86356180
1.249	0.86306784
1.250	0.86274878
1.251	0.86239043
1.252	0.86207052
1.253	0.86169601
1.254	0.86128357
1.255	0.86106855
1.256	0.86078173
1.257	0.86066419
1.258	0.86037363
1.259	0.86028789
1.260	0.86008090
1.261	0.85943903
1.262	0.85917012
1.263	0.85863828
1.264	0.85837467
1.265	0.85816155
1.266	0.85782309
1.267	0.85769174
1.268	0.85732654
1.269	0.85679829
1.270	0.85651416
1.271	0.85609282
1.272	0.85561434
1.273	0.85536138
1.274	0.85508365
1.275	0.85467202
1.276	0.85434154
1.277	0.85414245
1.278	0.85386715
1.279	0.85373017
1.280	0.85344473
1.281	0.85303341
1.282	0.85257433
1.283	0.85251183
1.284	0.85198074
1.285	0.85182204
1.286	0.85176119
1.287	0.85143797
1.288	0.85118419
1.289	0.85086053
1.290	0.85055706
1.291	0.85023364
1.292	0.85012273
1.293	0.84993845
1.294	0.84956380
1.295	0.84934999
1.296	0.84900460
1.297	0.84862870
1.298	0.84841790
1.299	0.84801987
1.300	0.84783212
1.301	0.84739878
1.302	0.84714717
1.303	0.84708648
1.304	0.84680747
1.305	0.84633219
1.306	0.84589660
1.307	0.84547540
1.308	0.84517539
1.309	0.84486031
1.310	0.84451642
1.311	0.84421311
1.312	0.84388989
1.313	0.84340083
1.314	0.84311745
1.315	0.84275711
1.316	0.84268519
1.317	0.84254029
1.318	0.84205162
1.319	0.84150737
1.320	0.84113423
1.321	0.84064700
1.322	0.84034905
1.323	0.83998690
1.324	0.83993824
1.325	0.83963647
1.326	0.83932342
1.327	0.83902947
1.328	0.83863358
1.329	0.83829908
1.330	0.83798599
1.331	0.83768680
1.332	0.83736712
1.333	0.83683482
1.334	0.83642671
1.335	0.83621263
1.336	0.83581043
1.337	0.83550936
1.338	0.83517115
1.339	0.83486002
1.340	0.83455909
1.341	0.83435671
1.342	0.83380798
1.343	0.83350325
1.344	0.83287893
1.345	0.83266677
1.346	0.83254937
1.347	0.83199754
1.348	0.83143878
1.349	0.83115092
1.350	0.83094148
1.351	0.83036248
1.352	0.83022617
1.353	0.83004254
1.354	0.82950427
1.355	0.82924718
1.356	0.82901210
1.357	0.82853344
1.358	0.82808475
1.359	0.82780928
1.360	0.82735783
1.361	0.82715500
1.362	0.82665257
1.363	0.82652267
1.364	0.82622782
1.365	0.82597250
1.366	0.82590171
1.367	0.82555575
1.368	0.82521215
1.369	0.82462719
1.370	0.82454150
1.371	0.82429779
1.372	0.82395698
1.373	0.82373821
1.374	0.82355582
1.375	0.82293034
1.376	0.82253299
1.377	0.82221172
1.378	0.82194022
1.379	0.82175546
1.380	0.82155591
1.381	0.82133647
1.382	0.82115830
1.383	0.82100664
1.384	0.82084626
1.385	0.82062433
1.386	0.82035268
1.387	0.81983559
1.388	0.81962002
1.389	0.81907330
1.390	0.81871211
1.391	0.81857336
1.392	0.81830640
1.393	0.81788106
1.394	0.81747457
1.395	0.81715794
1.396	0.81681875
1.397	0.81632793
1.398	0.81632128
1.399	0.81597713
1.400	0.81542596
1.401	0.81515275
1.402	0.81468749
1.403	0.81436615
1.404	0.81402907
1.405	0.81368204
1.406	0.81320705
1.407	0.81292186
1.408	0.81238964
1.409	0.81191799
1.410	0.81141580
1.411	0.81099504
1.412	0.81056164
1.413	0.81006905
1.414	0.80947470
1.415	0.80927392
1.416	0.80913337
1.417	0.80877850
1.418	0.80835604
1.419	0.80800671
1.420	0.80781670
1.421	0.80748949
1.422	0.80738417
1.423	0.80697418
1.424	0.80625825
1.425	0.80580227
1.426	0.80531929
1.427	0.80507157
1.428	0.80474552
1.429	0.80466969
1.430	0.80444782
1.431	0.80417946
1.432	0.80387831
1.433	0.80358137
1.434	0.80317556
1.435	0.80289050
1.436	0.80250801
1.437	0.80230162
1.438	0.80191268
1.439	0.80151945
1.440	0.80112728
1.441	0.80103697
1.442	0.80066010
1.443	0.80027696
1.444	0.80002321
1.445	0.79976059
1.446	0.79913723
1.447	0.79866403
1.448	0.79809542
1.449	0.79770260
1.450	0.79724433
1.451	0.79705836
1.452	0.79663745
1.453	0.79615312
1.454	0.79563636
1.455	0.79532131
1.456	0.79527415
1.457	0.79502977
1.458	0.79481831
1.459	0.79451887
1.460	0.79399741
1.461	0.79366830
1.462	0.79318556
1.463	0.79288121
1.464	0.79255988
1.465	0.79231546
1.466	0.79182986
1.467	0.79144732
1.468	0.79116516
1.469	0.79065801
1.470	0.79047427
1.471	0.79033353
1.472	0.78979274
1.473	0.78943209
1.474	0.78897439
1.475	0.78865632
1.476	0.78837058
1.477	0.78803297
1.478	0.78759906
1.479	0.78748340
1.480	0.78722290
1.481	0.78681625
1.482	0.78651510
1.483	0.78603079
1.484	0.78554292
1.485	0.78517118
1.486	0.78470266
1.487	0.78425821
1.488	0.78388888
1.489	0.78360403
1.490	0.78343545
1.491	0.78298256
1.492	0.78275806
1.493	0.78232183
1.494	0.78200487
1.495	0.78159983
1.496	0.78128805
1.497	0.78073028
1.498	0.78048936
1.499	0.78027496
1.500	0.77987796
1.501	0.77963026
1.502	0.77911694
1.503	0.77875894
1.504	0.77832899
1.505	0.77820784
1.506	0.77786450
1.507	0.77724996
1.508	0.77658980
1.509	0.77640440
1.510	0.77579272
1.511	0.77538647
1.512	0.77473409
1.513	0.77449986
1.514	0.77409655
1.515	0.77365764
1.516	0.77354503
1.517	0.77328543
1.518	0.77320017
1.519	0.77276232
1.520	0.77253539
1.521	0.77219695
1.522	0.77170595
1.523	0.77123850
1.524	0.77098524
1.525	0.77059516
1.526	0.77009895
1.527	0.76963800
1.528	0.76933862
1.529	0.76902774
1.530	0.76847229
1.531	0.76834982
1.532	0.76787544
1.533	0.76766647
1.534	0.76727446
1.535	0.76675137
1.536	0.76627939
1.537	0.76574228
1.538	0.76570802
1.539	0.76543438
1.540	0.76523272
1.541	0.76445983
1.542	0.76406842
1.543	0.76398539
1.544	0.76342702
1.545	0.76322939
1.546	0.76311234
1.547	0.76294688
1.548	0.76260781
1.549	0.76242140
1.550	0.76214274
1.551	0.76168689
1.552	0.76139218
1.553	0.76083922
1.554	0.76052668
1.555	0.75988561
1.556	0.75956793
1.557	0.75955609
1.558	0.75884838
1.559	0.75814238
1.560	0.75816987
1.561	0.75783279
1.562	0.75729441
1.563	0.75700051
1.564	0.75670168
1.565	0.75640680
1.566	0.75587586
1.567	0.75547729
1.568	0.75484428
1.569	0.75479754
1.570	0.75434061
1.571	0.75394657
1.572	0.75384108
1.573	0.75370733
1.574	0.75334890
1.575	0.75314291
1.576	0.75286741
1.577	0.75242821
1.578	0.75201645
1.579	0.75148146
1.580	0.75097594
1.581	0.75056660
1.582	0.75007433
1.583	0.74947842
1.584	0.74930992
1.585	0.74890118
1.586	0.74867692
1.587	0.74818298
1.588	0.74800496
1.589	0.74768911
1.590	0.74738296
1.591	0.74724398
1.592	0.74687335
1.593	0.74641093
1.594	0.74585720
1.595	0.74555196
1.596	0.74520439
1.597	0.74477148
1.598	0.74440357
1.599	0.74382665
1.600	0.74364766
1.601	0.74361727
1.602	0.74294480
1.603	0.74241259
1.604	0.74191467
1.605	0.74156749
1.606	0.74092763
1.607	0.74061788
1.608	0.74036216
1.609	0.73958232
1.610	0.73889256
1.611	0.73888017
1.612	0.73826253
1.613	0.73793720
1.614	0.73780615
1.615	0.73769308
1.616	0.73718169
1.617	0.73676689
1.618	0.73652454
1.619	0.73639611
1.620	0.73592915
1.621	0.73564225
1.622	0.73501856
1.623	0.73499397
1.624	0.73490439
1.625	0.73484876
1.626	0.73451981
1.627	0.73430581
1.628	0.73382285
1.629	0.73320687
1.630	0.73281027
1.631	0.73227306
1.632	0.73205819
1.633	0.73161935
1.634	0.73111509
1.635	0.73067671
1.636	0.73026210
1.637	0.72980105
1.638	0.72983326
1.639	0.72937021
1.640	0.72915790
1.641	0.72854226
1.642	0.72814007
1.643	0.72759388
1.644	0.72723947
1.645	0.72694596
1.646	0.72642086
1.647	0.72630502
1.648	0.72600162
1.649	0.72572755
1.650	0.72552609
1.651	0.72519447
1.652	0.72491126
1.653	0.72479809
1.654	0.72479458
1.655	0.72440734
1.656	0.72418676
1.657	0.72409005
1.658	0.72373016
1.659	0.72345268
1.660	0.72257672
1.661	0.72248960
1.662	0.72241124
1.663	0.72212738
1.664	0.72172219
1.665	0.72125822
1.666	0.72106681
1.667	0.72097120
1.668	0.72066854
1.669	0.72025985
1.670	0.72003890
1.671	0.71948714
1.672	0.71907403
1.673	0.71835043
1.674	0.71792892
1.675	0.71754204
1.676	0.71751558
1.677	0.71694563
1.678	0.71669380
1.679	0.71617777
1.680	0.71577209
1.681	0.71555896
1.682	0.71519518
1.683	0.71486257
1.684	0.71481629
1.685	0.71439227
1.686	0.71399582
1.687	0.71350895
1.688	0.71309065
1.689	0.71300251
1.690	0.71246186
1.691	0.71213023
1.692	0.71172686
1.693	0.71134598
1.694	0.71107690
1.695	0.71073306
1.696	0.71017629
1.697	0.70988490
1.698	0.70934811
1.699	0.70944128
1.700	0.70902503
1.701	0.70895067
1.702	0.70847792
1.703	0.70787607
1.704	0.70756266
1.705	0.70731852
1.706	0.70707405
1.707	0.70692666
1.708	0.70651313
1.709	0.70630193
1.710	0.70588759
1.711	0.70554168
1.712	0.70538168
1.713	0.70521622
1.714	0.70474924
1.715	0.70447808
1.716	0.70385968
1.717	0.70350815
1.718	0.70340390
1.719	0.70284013
1.720	0.70250238
1.721	0.70220115
1.722	0.70218465
1.723	0.70205225
1.724	0.70138537
1.725	0.70092324
1.726	0.70063569
1.727	0.70030635
1.728	0.70024862
1.729	0.69991666
1.730	0.69964935
1.731	0.69923225
1.732	0.69909762
1.733	0.69876288
1.734	0.69838621
1.735	0.69828051
1.736	0.69806900
1.737	0.69770621
1.738	0.69742242
1.739	0.69690767
1.740	0.69641494
1.741	0.69632922
1.742	0.69613941
1.743	0.69573943
1.744	0.69513021
1.745	0.69488110
1.746	0.69428234
1.747	0.69393992
1.748	0.69331426
1.749	0.69262740
1.750	0.69195156
1.751	0.69149165
1.752	0.69135208
1.753	0.69120038
1.754	0.69104042
1.755	0.69060491
1.756	0.69007260
1.757	0.69023064
1.758	0.68993136
1.759	0.68955157
1.760	0.68948643
1.761	0.68900892
1.762	0.68880106
1.763	0.68905989
1.764	0.68876665
1.765	0.68818572
1.766	0.68790671
1.767	0.68755647
1.768	0.68679038
1.769	0.68629967
1.770	0.68579815
1.771	0.68537993
1.772	0.68505435
1.773	0.68460053
1.774	0.68404512
1.775	0.68396522
1.776	0.68403727
1.777	0.68398767
1.778	0.68387712
1.779	0.68325704
1.780	0.68317543
1.781	0.68252370
1.782	0.68180020
1.783	0.68127495
1.784	0.68115359
1.785	0.68081798
1.786	0.68039948
1.787	0.68012805
1.788	0.68010508
1.789	0.67980729
1.790	0.67983351
1.791	0.67935454
1.792	0.67900777
1.793	0.67859754
1.794	0.67839209
1.795	0.67833690
1.796	0.67810875
1.797	0.67769322
1.798	0.67760078
1.799	0.67716529
1.800	0.67626408
1.801	0.67618423
1.802	0.67593101
1.803	0.67574263
1.804	0.67531254
1.805	0.67477943
1.806	0.67439251
1.807	0.67420424
1.808	0.67379017
1.809	0.67346452
1.810	0.67310907
1.811	0.67303979
1.812	0.67276499
1.813	0.67200783
1.814	0.67210118
1.815	0.67210771
1.816	0.67190881
1.817	0.67119382
1.818	0.67127524
1.819	0.67100280
1.820	0.67111444
1.821	0.67107476
1.822	0.67080681
1.823	0.67069117
1.824	0.67002715
1.825	0.66972473
1.826	0.66916964
1.827	0.66889630
1.828	0.66872108
1.829	0.66874828
1.830	0.66846255
1.831	0.66806150
1.832	0.66756454
1.833	0.66728930
1.834	0.66690211
1.835	0.66679525
1.836	0.66633276
1.837	0.66591628
1.838	0.66586430
1.839	0.66542206
1.840	0.66525786
1.841	0.66521850
1.842	0.66507108
1.843	0.66510541
1.844	0.66543070
1.845	0.66543539
1.846	0.66538868
1.847	0.66524224
1.848	0.66477902
1.849	0.66406339
1.850	0.66415432
1.851	0.66364569
1.852	0.66339383
1.853	0.66337139
1.854	0.66320736
1.855	0.66271415
1.856	0.66270979
1.857	0.66231650
1.858	0.66186388
1.859	0.66170476
1.860	0.66133880
1.861	0.66091074
1.862	0.66047872
1.863	0.66028790
1.864	0.65972776
1.865	0.65923883
1.866	0.65881358
1.867	0.65875463
1.868	0.65855081
1.869	0.65813690
1.870	0.65816876
1.871	0.65809627
1.872	0.65801524
1.873	0.65798806
1.874	0.65750099
1.875	0.65731520
1.876	0.65715317
1.877	0.65679280
1.878	0.65642274
1.879	0.65658298
1.880	0.65666957
1.881	0.65644487
1.882	0.65644079
1.883	0.65615452
1.884	0.65600416
1.885	0.65561803
1.886	0.65543808
1.887	0.65588285
1.888	0.65534491
1.889	0.65505748
1.890	0.65474547
1.891	0.65429637
1.892	0.65373733
1.893	0.65368775
1.894	0.65352906
1.895	0.65300681
1.896	0.65249931
1.897	0.65225229
1.898	0.65190752
1.899	0.65123715
1.900	0.65096068
1.901	0.65068923
1.902	0.65032115
1.903	0.65073478
1.904	0.65060290
1.905	0.64980538
1.906	0.64964030
1.907	0.64919912
1.908	0.64924725
1.909	0.64864250
1.910	0.64837499
1.911	0.64859455
1.912	0.64811166
1.913	0.64765941
1.914	0.64737990
1.915	0.64738514
1.916	0.64709986
1.917	0.64703355
1.918	0.64674359
1.919	0.64681607
1.920	0.64652195
1.921	0.64661479
1.922	0.64615994
1.923	0.64566299
1.924	0.64554397
1.925	0.64516292
1.926	0.64480398
1.927	0.64453900
1.928	0.64436365
1.929	0.64389149
1.930	0.64332883
1.931	0.64269571
1.932	0.64255679
1.933	0.64258467
1.934	0.64233126
1.935	0.64219643
1.936	0.64126136
1.937	0.64095984
1.938	0.64091365
1.939	0.64043527
1.940	0.64043054
1.941	0.64035863
1.942	0.63982458
1.943	0.63950810
1.944	0.63931101
1.945	0.63873082
1.946	0.63832198
1.947	0.63754656
1.948	0.63770336
1.949	0.63723595
1.950	0.63686588
1.951	0.63663710
1.952	0.63666926
1.953	0.63645020
1.954	0.63612648
1.955	0.63594341
1.956	0.63535711
1.957	0.63491599
1.958	0.63477753
1.959	0.63440675
1.960	0.63416217
1.961	0.63388683
1.962	0.63280517
1.963	0.63237179
1.964	0.63235313
1.965	0.63204366
1.966	0.63207268
1.967	0.63208919
1.968	0.63206593
1.969	0.63190794
1.970	0.63208308
1.971	0.63162603
1.972	0.63089182
1.973	0.63103340
1.974	0.63073402
1.975	0.63037847
1.976	0.63038036
1.977	0.63010152
1.978	0.62979774
1.979	0.62968372
1.980	0.62980533
1.981	0.62956032
1.982	0.62920009
1.983	0.62880608
1.984	0.62842699
1.985	0.62819614
1.986	0.62810679
1.987	0.62789735
1.988	0.62802801
1.989	0.62784902
1.990	0.62835875
1.991	0.62800219
1.992	0.62793266
1.993	0.62817963
1.994	0.62759016
1.995	0.62708257
1.996	0.62662755
1.997	0.62633269
1.998	0.62586903
1.999	0.62564083
2.000	0.62557806
2.001	0.62573920
2.002	0.62556207
2.003	0.62551067
2.004	0.62540605
2.005	0.62531637
2.006	0.62527441
2.007	0.62540672
2.008	0.62479389
2.009	0.62474332
2.010	0.62460289
2.011	0.62478290
2.012	0.62459654
2.013	0.62421949
2.014	0.62434801
2.015	0.62412455
2.016	0.62380554
2.017	0.62342992
2.018	0.62300261
2.019	0.62262744
2.020	0.62194670
2.021	0.62179172
2.022	0.62177162
2.023	0.62100338
2.024	0.62090332
2.025	0.62098974
2.026	0.62105849
2.027	0.62160773
2.028	0.62120356
2.029	0.62085428
2.030	0.62084878
2.031	0.62087906
2.032	0.62086578
2.033	0.62078244
2.034	0.62138474
2.035	0.62115637
2.036	0.62127316
2.037	0.62116304
2.038	0.62099005
2.039	0.62029444
2.040	0.62049370
2.041	0.62060073
2.042	0.61984942
2.043	0.61958003
2.044	0.62006682
2.045	0.61987454
2.046	0.61969462
2.047	0.61922227
2.048	0.61900580
2.049	0.61915094
2.050	0.61860002
2.051	0.61823033
2.052	0.61857520
2.053	0.61915278
2.054	0.61919131
2.055	0.61963476
2.056	0.61934868
2.057	0.61923446
2.058	0.61925688
2.059	0.61899948
2.060	0.61885240
2.061	0.61853366
2.062	0.61829859
2.063	0.61792069
2.064	0.61768127
2.065	0.61780998
2.066	0.61752264
2.067	0.61706042
2.068	0.61700262
2.069	0.61682627
2.070	0.61678044
2.071	0.61628420
2.072	0.61622473
2.073	0.61630254
2.074	0.61610345
2.075	0.61540339
2.076	0.61520246
2.077	0.61453355
2.078	0.61457751
2.079	0.61458273
2.080	0.61439436
2.081	0.61414605
2.082	0.61347636
2.083	0.61339182
2.084	0.61330781
2.085	0.61289113
2.086	0.61244946
2.087	0.61214472
2.088	0.61185047
2.089	0.61130836
2.090	0.61093111
2.091	0.61083032
2.092	0.61064630
2.093	0.61039466
2.094	0.61000457
2.095	0.60906711
2.096	0.60887691
2.097	0.60871978
2.098	0.60875739
2.099	0.60839669
2.100	0.60832515
2.101	0.60815341
2.102	0.60752446
2.103	0.60739278
2.104	0.60755559
2.105	0.60776411
2.106	0.60802371
2.107	0.60798035
2.108	0.60752381
2.109	0.60755070
2.110	0.60767897
2.111	0.60781773
2.112	0.60791201
2.113	0.60829387
2.114	0.60855095
2.115	0.60854051
2.116	0.60811284
2.117	0.60786288
2.118	0.60755575
2.119	0.60766464
2.120	0.60789727
2.121	0.60771202
2.122	0.60767119
2.123	0.60775084
2.124	0.60696470
2.125	0.60623399
2.126	0.60621580
2.127	0.60606479
2.128	0.60610845
2.129	0.60588737
2.130	0.60503216
2.131	0.60515123
2.132	0.60505773
2.133	0.60541720
2.134	0.60523044
2.135	0.60585443
2.136	0.60561580
2.137	0.60599861
2.138	0.60574881
2.139	0.60568674
2.140	0.60559425
2.141	0.60575919
2.142	0.60553296
2.143	0.60575057
2.144	0.60558096
2.145	0.60566133
2.146	0.60502087
2.147	0.60471478
2.148	0.60480319
2.149	0.60445937
2.150	0.60459921
2.151	0.60450066
2.152	0.60432903
2.153	0.60442588
2.154	0.60458013
2.155	0.60488974
2.156	0.60463926
2.157	0.60497143
2.158	0.60479084
2.159	0.60472937
2.160	0.60421624
2.161	0.60446151
2.162	0.60439185
2.163	0.60444886
2.164	0.60473137
2.165	0.60464230
2.166	0.60451416
2.167	0.60447842
2.168	0.60423401
2.169	0.60437293
2.170	0.60441943
2.171	0.60404579
2.172	0.60347905
2.173	0.60405404
2.174	0.60403233
2.175	0.60419535
2.176	0.60400706
2.177	0.60430697
2.178	0.60427146
2.179	0.60407906
2.180	0.60377528
2.181	0.60448750
2.182	0.60446959
2.183	0.60454104
2.184	0.60457376
2.185	0.60420253
2.186	0.60431985
2.187	0.60445639
2.188	0.60458089
2.189	0.60414746
2.190	0.60392611
2.191	0.60394592
2.192	0.60368393
2.193	0.60349632
2.194	0.60388127
2.195	0.60369905
2.196	0.60346881
2.197	0.60320538
2.198	0.60271737
2.199	0.60249420
2.200	0.60240163
2.201	0.60269877
2.202	0.60255871
2.203	0.60294373
2.204	0.60230804
2.205	0.60205158
2.206	0.60163709
2.207	0.60138865
2.208	0.60149599
2.209	0.60159217
2.210	0.60130312
2.211	0.60105872
2.212	0.60133107
2.213	0.60121005
2.214	0.60150231
2.215	0.60107843
2.216	0.60030974
2.217	0.60046517
2.218	0.60012221
2.219	0.60014828
2.220	0.60088363
2.221	0.60036191
2.222	0.60058445
2.223	0.60081335
2.224	0.60065367
2.225	0.60006826
2.226	0.60040132
2.227	0.60061533
2.228	0.60056493
2.229	0.60078392
2.230	0.60053911
2.231	0.60044130
2.232	0.60073716
2.233	0.60012163
2.234	0.59992205
2.235	0.59997713
2.236	0.59990326
2.237	0.59982345
2.238	0.59960808
2.239	0.59973452
2.240	0.59990485
2.241	0.59903829
2.242	0.59871762
2.243	0.59846700
2.244	0.59828978
2.245	0.59763523
2.246	0.59790918
2.247	0.59738807
2.248	0.59725586
2.249	0.59695733
2.250	0.59663108
2.251	0.59724144
2.252	0.59656838
2.253	0.59641486
2.254	0.59635818
2.255	0.59657329
2.256	0.59588509
2.257	0.59561628
2.258	0.59548102
2.259	0.59577652
2.260	0.59542617
2.261	0.59542689
2.262	0.59487952
2.263	0.59529559
2.264	0.59505811
2.265	0.59494780
2.266	0.59476630
2.267	0.59428782
2.268	0.59406956
2.269	0.59432347
2.270	0.59409684
2.271	0.59358358
2.272	0.59354913
2.273	0.59350285
2.274	0.59390373
2.275	0.59379220
2.276	0.59358537
2.277	0.59322297
2.278	0.59325255
2.279	0.59370917
2.280	0.59330876
2.281	0.59319598
2.282	0.59320014
2.283	0.59319486
2.284	0.59302587
2.285	0.59262282
2.286	0.59240684
2.287	0.59239794
2.288	0.59231580
2.289	0.59230595
2.290	0.59223061
2.291	0.59205594
2.292	0.59178842
2.293	0.59189924
2.294	0.59151122
2.295	0.59173008
2.296	0.59146337
2.297	0.59213665
2.298	0.59176759
2.299	0.59167498
2.300	0.59147934
2.301	0.59140858
2.302	0.59159972
2.303	0.59180123
2.304	0.59164045
2.305	0.59155134
2.306	0.59137121
2.307	0.59172466
2.308	0.59162305
2.309	0.59116221
2.310	0.59092379
2.311	0.59165943
2.312	0.59138045
2.313	0.59134242
2.314	0.59134069
2.315	0.59116054
2.316	0.59113955
2.317	0.59115797
2.318	0.59124783
2.319	0.59131538
2.320	0.59147452
2.321	0.59142441
2.322	0.59115705
2.323	0.59178052
2.324	0.59148074
2.325	0.59125029
2.326	0.59136000
2.327	0.59097067
2.328	0.59143890
2.329	0.59142149
2.330	0.59154425
2.331	0.59153021
2.332	0.59172862
2.333	0.59202744
2.334	0.59192355
2.335	0.59187628
2.336	0.59228085
2.337	0.59215536
2.338	0.59219586
2.339	0.59240767
2.340	0.59218995
2.341	0.59210110
2.342	0.59189544
2.343	0.59212634
2.344	0.59252686
2.345	0.59200247
2.346	0.59183131
2.347	0.59152581
2.348	0.59164964
2.349	0.59198244
2.350	0.59195454
2.351	0.59168384
2.352	0.59175611
2.353	0.59204214
2.354	0.59184622
2.355	0.59130797
2.356	0.59158398
2.357	0.59167678
2.358	0.59136023
2.359	0.59094776
2.360	0.59067413
2.361	0.59094402
2.362	0.59054391
2.363	0.59038901
2.364	0.58997218
2.365	0.58983400
2.366	0.58988643
2.367	0.58981320
2.368	0.59042661
2.369	0.58994095
2.370	0.58968637
2.371	0.58927725
2.372	0.58917145
2.373	0.58917357
2.374	0.58903906
2.375	0.58840220
2.376	0.58890491
2.377	0.58911463
2.378	0.58895911
2.379	0.58900836
2.380	0.58881405
2.381	0.58834848
2.382	0.58857000
2.383	0.58862633
2.384	0.58874712
2.385	0.58907102
2.386	0.58875688
2.387	0.58882446
2.388	0.58890606
2.389	0.58887835
2.390	0.58889312
2.391	0.58858217
2.392	0.58794927
2.393	0.58825294
2.394	0.58853223
2.395	0.58837063
2.396	0.58886780
2.397	0.58878306
2.398	0.58890612
2.399	0.58852938
2.400	0.58837677
2.401	0.58860679
2.402	0.58881073
2.403	0.58877865
2.404	0.58919507
2.405	0.58841363
2.406	0.58864674
2.407	0.58859677
2.408	0.58802118
2.409	0.58799517
2.410	0.58807324
2.411	0.58840224
2.412	0.58849554
2.413	0.58922337
2.414	0.58910155
2.415	0.58915102
2.416	0.58945617
2.417	0.58923057
2.418	0.58937607
2.419	0.58925284
2.420	0.58918526
2.421	0.58947590
2.422	0.58982685
2.423	0.58971036
2.424	0.58939497
2.425	0.58970034
2.426	0.58939912
2.427	0.58932828
2.428	0.58890649
2.429	0.58835173
2.430	0.58872508
2.431	0.58875683
2.432	0.58919552
2.433	0.58927553
2.434	0.58877338
2.435	0.58872429
2.436	0.58866931
2.437	0.58872948
2.438	0.58864053
2.439	0.58856537
2.440	0.58838905
2.441	0.58841986
2.442	0.58841917
2.443	0.58838332
2.444	0.58850809
2.445	0.58868807
2.446	0.58931983
2.447	0.58920147
2.448	0.58921285
2.449	0.58909574
2.450	0.58853704
2.451	0.58884836
2.452	0.58937005
2.453	0.58965772
2.454	0.59010965
2.455	0.59004185
2.456	0.58990177
2.457	0.59000975
2.458	0.58957845
2.459	0.58998122
2.460	0.59020762
2.461	0.59019199
2.462	0.58985457
2.463	0.58964987
2.464	0.58944672
2.465	0.58971660
2.466	0.58992668
2.467	0.59005934
2.468	0.59004167
2.469	0.59014332
2.470	0.58969275
2.471	0.58980402
2.472	0.58968001
2.473	0.58983937
2.474	0.59027795
2.475	0.59058203
2.476	0.59051799
2.477	0.59027908
2.478	0.59031857
2.479	0.59056582
2.480	0.59068842
2.481	0.59098558
2.482	0.59149360
2.483	0.59147910
2.484	0.59152451
2.485	0.59133273
2.486	0.59189602
2.487	0.59214572
2.488	0.59216107
2.489	0.59226301
2.490	0.59268831
2.491	0.59247154
2.492	0.59211356
2.493	0.59246858
2.494	0.59252811
2.495	0.59247789
2.496	0.59245876
2.497	0.59244750
2.498	0.59248164
2.499	0.59292028
2.500	0.59276061
2.501	0.59303190
2.502	0.59313566
2.503	0.59308799
2.504	0.59344122
2.505	0.59307081
2.506	0.59287488
2.507	0.59332386
2.508	0.59352281
2.509	0.59338945
2.510	0.59350009
2.511	0.59343833
2.512	0.59325993
2.513	0.59319802
2.514	0.59368344
2.515	0.59399370
2.516	0.59402590
2.517	0.59432645
2.518	0.59417340
2.519	0.59422792
2.520	0.59462120
2.521	0.59462412
2.522	0.59481119
2.523	0.59460783
2.524	0.59484387
2.525	0.59468391
2.526	0.59394052
2.527	0.59416895
2.528	0.59422328
2.529	0.59431708
2.530	0.59417337
2.531	0.59369910
2.532	0.59341560
2.533	0.59345387
2.534	0.59326305
2.535	0.59278650
2.536	0.59266078
2.537	0.59273557
2.538	0.59283038
2.539	0.59276267
2.540	0.59260793
2.541	0.59287738
2.542	0.59248849
2.543	0.59260169
2.544	0.59216142
2.545	0.59240558
2.546	0.59198099
2.547	0.59197720
2.548	0.59160148
2.549	0.59150364
2.550	0.59126502
2.551	0.59156483
2.552	0.59173003
2.553	0.59196214
2.554	0.59160196
2.555	0.59165548
2.556	0.59191681
2.557	0.59183765
2.558	0.59126427
2.559	0.59141132
2.560	0.59202579
2.561	0.59217746
2.562	0.59224930
2.563	0.59244625
2.564	0.59214772
2.565	0.59151090
2.566	0.59099702
2.567	0.59112500
2.568	0.59093033
2.569	0.59079954
2.570	0.59027491
2.571	0.59020559
2.572	0.59052033
2.573	0.59065127
2.574	0.59062091
2.575	0.59102487
2.576	0.59090666
2.577	0.59117474
2.578	0.59115151
2.579	0.59121171
2.580	0.59135399
2.581	0.59115979
2.582	0.59141922
2.583	0.59142472
2.584	0.59163265
2.585	0.59202861
2.586	0.59201516
2.587	0.59214829
2.588	0.59192392
2.589	0.59176606
2.590	0.59152662
2.591	0.59180800
2.592	0.59166628
2.593	0.59165399
2.594	0.59160204
2.595	0.59160602
2.596	0.59116900
2.597	0.59103097
2.598	0.59082964
2.599	0.59114498
2.600	0.59120778
2.601	0.59115049
2.602	0.59118065
2.603	0.59092172
2.604	0.59075541
2.605	0.59101500
2.606	0.59117732
2.607	0.59113771
2.608	0.59064564
2.609	0.59084599
2.610	0.59141306
2.611	0.59138906
2.612	0.59149568
2.613	0.59173660
2.614	0.59151838
2.615	0.59165456
2.616	0.59183310
2.617	0.59217205
2.618	0.59196669
2.619	0.59211625
2.620	0.59222017
2.621	0.59212443
2.622	0.59216779
2.623	0.59221929
2.624	0.59197671
2.625	0.59250635
2.626	0.59255727
2.627	0.59258656
2.628	0.59295345
2.629	0.59286887
2.630	0.59296046
2.631	0.59257447
2.632	0.59238729
2.633	0.59215685
2.634	0.59160405
2.635	0.59137282
2.636	0.59144038
2.637	0.59170066
2.638	0.59147100
2.639	0.59137418
2.640	0.59107112
2.641	0.59099506
2.642	0.59123670
2.643	0.59107932
2.644	0.59104450
2.645	0.59106472
2.646	0.59135328
2.647	0.59121869
2.648	0.59127947
2.649	0.59125849
2.650	0.59106700
2.651	0.59084147
2.652	0.59081164
2.653	0.59085512
2.654	0.59091747
2.655	0.59075778
2.656	0.59077437
2.657	0.59129174
2.658	0.59107991
2.659	0.59120134
2.660	0.59125390
2.661	0.59110994
2.662	0.59133678
2.663	0.59126496
2.664	0.59116092
2.665	0.59161972
2.666	0.59188426
2.667	0.59192312
2.668	0.59232297
2.669	0.59246457
2.670	0.59232075
2.671	0.59210336
2.672	0.59223384
2.673	0.59207521
2.674	0.59209969
2.675	0.59249923
2.676	0.59205742
2.677	0.59134716
2.678	0.59130776
2.679	0.59156613
2.680	0.59146814
2.681	0.59198349
2.682	0.59206245
2.683	0.59228702
2.684	0.59245084
2.685	0.59260831
2.686	0.59240223
2.687	0.59269265
2.688	0.59229548
2.689	0.59304777
2.690	0.59309229
2.691	0.59298446
2.692	0.59381353
2.693	0.59383002
2.694	0.59391044
2.695	0.59387228
2.696	0.59395698
2.697	0.59378968
2.698	0.59437725
2.699	0.59414065
2.700	0.59436442
2.701	0.59397567
2.702	0.59471637
2.703	0.59397453
2.704	0.59415393
2.705	0.59454316
2.706	0.59494658
2.707	0.59517629
2.708	0.59548700
2.709	0.59569792
2.710	0.59582901
2.711	0.59602296
2.712	0.59609217
2.713	0.59652975
2.714	0.59643954
2.715	0.59597713
2.716	0.59594078
2.717	0.59571398
2.718	0.59593083
2.719	0.59570649
2.720	0.59539957
2.721	0.59538067
2.722	0.59522656
2.723	0.59523905
2.724	0.59544479
2.725	0.59564991
2.726	0.59539369
2.727	0.59528974
2.728	0.59533474
2.729	0.59558456
2.730	0.59535931
2.731	0.59554612
2.732	0.59580000
2.733	0.59579494
2.734	0.59560992
2.735	0.59512782
2.736	0.59528627
2.737	0.59555044
2.738	0.59548054
2.739	0.59570097
2.740	0.59563077
2.741	0.59569505
2.742	0.59589006
2.743	0.59637061
2.744	0.59694487
2.745	0.59694015
2.746	0.59723394
2.747	0.59742964
2.748	0.59768222
2.749	0.59774226
2.750	0.59767998
2.751	0.59796169
2.752	0.59781191
2.753	0.59796067
2.754	0.59806092
2.755	0.59791086
2.756	0.59776148
2.757	0.59799483
2.758	0.59812567
2.759	0.59831362
2.760	0.59890775
2.761	0.59896067
2.762	0.59865312
2.763	0.59922998
2.764	0.59915850
2.765	0.59927937
2.766	0.59952498
2.767	0.59926501
2.768	0.59908939
2.769	0.59861767
2.770	0.59856477
2.771	0.59869681
2.772	0.59904060
2.773	0.59922703
2.774	0.59952129
2.775	0.59995147
2.776	0.60041439
2.777	0.60038795
2.778	0.60030009
2.779	0.60039235
2.780	0.60042593
2.781	0.60019361
2.782	0.60052755
2.783	0.60105846
2.784	0.60129734
2.785	0.60135689
2.786	0.60105798
2.787	0.60110453
2.788	0.60074746
2.789	0.60101002
2.790	0.60123405
2.791	0.60098049
2.792	0.60122171
2.793	0.60094563
2.794	0.60085369
2.795	0.60145868
2.796	0.60172926
2.797	0.60143245
2.798	0.60179820
2.799	0.60230336
2.800	0.60242379
2.801	0.60294273
2.802	0.60267485
2.803	0.60287161
2.804	0.60251483
2.805	0.60264995
2.806	0.60267011
2.807	0.60240999
2.808	0.60201943
2.809	0.60196002
2.810	0.60204365
2.811	0.60189055
2.812	0.60165556
2.813	0.60202914
2.814	0.60209600
2.815	0.60217818
2.816	0.60255872
2.817	0.60250875
2.818	0.60269272
2.819	0.60278766
2.820	0.60259456
2.821	0.60268229
2.822	0.60260493
2.823	0.60278397
2.824	0.60310849
2.825	0.60287180
2.826	0.60248362
2.827	0.60232221
2.828	0.60207735
2.829	0.60240745
2.830	0.60294369
2.831	0.60273921
2.832	0.60266775
2.833	0.60284096
2.834	0.60371354
2.835	0.60343336
2.836	0.60335862
2.837	0.60349990
2.838	0.60369985
2.839	0.60386716
2.840	0.60391342
2.841	0.60390328
2.842	0.60414128
2.843	0.60423991
2.844	0.60446729
2.845	0.60471261
2.846	0.60450641
2.847	0.60465682
2.848	0.60471619
2.849	0.60515260
2.850	0.60512277
2.851	0.60548791
2.852	0.60521991
2.853	0.60514803
2.854	0.60483012
2.855	0.60502405
2.856	0.60512333
2.857	0.60537442
2.858	0.60551168
2.859	0.60491068
2.860	0.60544159
2.861	0.60628555
2.862	0.60623349
2.863	0.60610627
2.864	0.60622029
2.865	0.60651665
2.866	0.60675565
2.867	0.60684805
2.868	0.60681839
2.869	0.60696298
2.870	0.60720603
2.871	0.60693480
2.872	0.60749804
2.873	0.60782822
2.874	0.60791398
2.875	0.60840678
2.876	0.60858155
2.877	0.60868248
2.878	0.60839493
2.879	0.60846602
2.880	0.60879503
2.881	0.60887073
2.882	0.60917135
2.883	0.60895483
2.884	0.60859525
2.885	0.60863762
2.886	0.60921947
2.887	0.60956405
2.888	0.60966462
2.889	0.60994794
2.890	0.60984483
2.891	0.60988764
2.892	0.61000811
2.893	0.60957964
2.894	0.60978125
2.895	0.60992797
2.896	0.60980422
2.897	0.60998433
2.898	0.60954088
2.899	0.60956310
2.900	0.61030119
2.901	0.61039017
2.902	0.61052095
2.903	0.61096637
2.904	0.61101062
2.905	0.61079966
2.906	0.61019359
2.907	0.61002270
2.908	0.61011776
2.909	0.61003398
2.910	0.60999381
2.911	0.60990962
2.912	0.61035474
2.913	0.61034800
2.914	0.60998782
2.915	0.60997278
2.916	0.61035087
2.917	0.61026522
2.918	0.61034223
2.919	0.61042669
2.920	0.61060231
2.921	0.61076671
2.922	0.61135270
2.923	0.61141006
2.924	0.61105379
2.925	0.61086182
2.926	0.61103344
2.927	0.61133263
2.928	0.61145008
2.929	0.61211364
2.930	0.61259159
2.931	0.61282139
2.932	0.61286495
2.933	0.61334654
2.934	0.61340228
2.935	0.61323017
2.936	0.61335835
2.937	0.61322123
2.938	0.61285199
2.939	0.61305918
2.940	0.61330311
2.941	0.61332702
2.942	0.61361068
2.943	0.61351014
2.944	0.61377295
2.945	0.61403880
2.946	0.61434930
2.947	0.61459275
2.948	0.61499005
2.949	0.61519655
2.950	0.61551789
2.951	0.61638899
2.952	0.61631520
2.953	0.61607520
2.954	0.61663743
2.955	0.61656515
2.956	0.61710128
2.957	0.61734599
2.958	0.61766920
2.959	0.61761931
2.960	0.61723513
2.961	0.61696295
2.962	0.61758910
2.963	0.61756789
2.964	0.61728225
2.965	0.61757647
2.966	0.61779506
2.967	0.61786483
2.968	0.61789819
2.969	0.61788230
2.970	0.61829225
2.971	0.61804284
2.972	0.61793325
2.973	0.61734063
2.974	0.61745099
2.975	0.61799125
2.976	0.61813845
2.977	0.61810947
2.978	0.61852411
2.979	0.61853042
2.980	0.61862307
2.981	0.61861964
2.982	0.61878330
2.983	0.61882118
2.984	0.61881835
2.985	0.61928152
2.986	0.61969138
2.987	0.62013389
2.988	0.62090533
2.989	0.62027799
2.990	0.62054617
2.991	0.62053548
2.992	0.62065548
2.993	0.62087060
2.994	0.62077780
2.995	0.62068748
2.996	0.62039875
2.997	0.62008209
2.998	0.62050438
2.999	0.62072754
3.000	0.62106834
3.001	0.62164228
3.002	0.62135658
3.003	0.62143565
3.004	0.62181860
3.005	0.62157061
3.006	0.62118964
3.007	0.62111906
3.008	0.62101768
3.009	0.62105808
3.010	0.62120145
3.011	0.62154089
3.012	0.62164162
3.013	0.62160254
3.014	0.62162161
3.015	0.62129142
3.016	0.62062601
3.017	0.62106767
3.018	0.62110550
3.019	0.62140172
3.020	0.62101356
3.021	0.62053180
3.022	0.62025782
3.023	0.62036799
3.024	0.62070408
3.025	0.62083290
3.026	0.62116589
3.027	0.62121444
3.028	0.62113855
3.029	0.62126692
3.030	0.62135400
3.031	0.62140776
3.032	0.62155707
3.033	0.62186861
3.034	0.62227004
3.035	0.62250045
3.036	0.62232169
3.037	0.62235184
3.038	0.62218063
3.039	0.62188323
3.040	0.62162841
3.041	0.62206047
3.042	0.62214502
3.043	0.62171437
3.044	0.62195059
3.045	0.62231149
3.046	0.62239754
3.047	0.62245221
3.048	0.62251287
3.049	0.62298931
3.050	0.62264506
3.051	0.62270121
3.052	0.62298430
3.053	0.62343041
3.054	0.62300112
3.055	0.62329312
3.056	0.62338943
3.057	0.62347445
3.058	0.62363030
3.059	0.62400962
3.060	0.62410537
3.061	0.62408263
3.062	0.62362811
3.063	0.62402675
3.064	0.62416069
3.065	0.62429204
3.066	0.62431328
3.067	0.62402040
3.068	0.62421671
3.069	0.62415460
3.070	0.62413621
3.071	0.62493796
3.072	0.62538507
3.073	0.62587800
3.074	0.62623930
3.075	0.62604706
3.076	0.62582346
3.077	0.62598722
3.078	0.62581226
3.079	0.62564094
3.080	0.62548304
3.081	0.62524069
3.082	0.62538640
3.083	0.62511198
3.084	0.62521365
3.085	0.62580733
3.086	0.62606461
3.087	0.62591321
3.088	0.62586926
3.089	0.62605224
3.090	0.62658236
3.091	0.62655422
3.092	0.62691263
3.093	0.62711364
3.094	0.62692338
3.095	0.62749022
3.096	0.62781490
3.097	0.62740389
3.098	0.62750032
3.099	0.62713301
3.100	0.62723528
3.101	0.62730742
3.102	0.62742840
3.103	0.62764347
3.104	0.62730346
3.105	0.62723104
3.106	0.62678134
3.107	0.62690407
3.108	0.62693374
3.109	0.62708789
3.110	0.62719247
3.111	0.62734558
3.112	0.62724470
3.113	0.62704869
3.114	0.62738632
3.115	0.62754975
3.116	0.62765032
3.117	0.62782500
3.118	0.62748578
3.119	0.62760803
3.120	0.62756420
3.121	0.62774554
3.122	0.62749537
3.123	0.62780479
3.124	0.62820540
3.125	0.62878508
3.126	0.62852068
3.127	0.62849397
3.128	0.62825573
3.129	0.62846671
3.130	0.62904816
3.131	0.62938515
3.132	0.62940524
3.133	0.63018252
3.134	0.63003098
3.135	0.62999778
3.136	0.63041680
3.137	0.63077715
3.138	0.63119095
3.139	0.63155947
3.140	0.63162000
3.141	0.63159185
3.142	0.63190123
3.143	0.63141904
3.144	0.63186138
3.145	0.63157126
3.146	0.63206855
3.147	0.63223814
3.148	0.63251001
3.149	0.63306530
3.150	0.63371354
3.151	0.63384294
3.152	0.63397540
3.153	0.63401614
3.154	0.63373560
3.155	0.63355500
3.156	0.63326953
3.157	0.63347401
3.158	0.63345575
3.159	0.63385098
3.160	0.63375572
3.161	0.63412516
3.162	0.63415077
3.163	0.63390572
3.164	0.63410643
3.165	0.63399258
3.166	0.63449067
3.167	0.63501007
3.168	0.63499422
3.169	0.63507379
3.170	0.63555362
3.171	0.63589752
3.172	0.63630968
3.173	0.63601461
3.174	0.63619369
3.175	0.63631422
3.176	0.63647813
3.177	0.63649522
3.178	0.63683860
3.179	0.63714858
3.180	0.63720290
3.181	0.63759842
3.182	0.63760516
3.183	0.63785997
3.184	0.63786856
3.185	0.63790689
3.186	0.63786228
3.187	0.63754098
3.188	0.63790913
3.189	0.63820316
3.190	0.63836256
3.191	0.63809190
3.192	0.63803413
3.193	0.63802874
3.194	0.63819417
3.195	0.63799904
3.196	0.63806463
3.197	0.63809361
3.198	0.63836440
3.199	0.63845548
3.200	0.63849407
3.201	0.63815864
3.202	0.63850294
3.203	0.63827053
3.204	0.63840856
3.205	0.63872823
3.206	0.63867790
3.207	0.63856395
3.208	0.63874452
3.209	0.63860481
3.210	0.63861763
3.211	0.63881494
3.212	0.63930825
3.213	0.63937139
3.214	0.63886812
3.215	0.63912929
3.216	0.63903019
3.217	0.63902025
3.218	0.63860032
3.219	0.63876260
3.220	0.63865304
3.221	0.63859319
3.222	0.63863646
3.223	0.63909110
3.224	0.63926923
3.225	0.63975563
3.226	0.63951966
3.227	0.63985480
3.228	0.64000956
3.229	0.64005902
3.230	0.64030728
3.231	0.64042009
3.232	0.64092330
3.233	0.64101483
3.234	0.64104169
3.235	0.64068769
3.236	0.64104683
3.237	0.64073005
3.238	0.64110307
3.239	0.64084040
3.240	0.64082144
3.241	0.64075657
3.242	0.64099488
3.243	0.64073044
3.244	0.64091399
3.245	0.64129818
3.246	0.64129438
3.247	0.64146442
3.248	0.64212125
3.249	0.64211270
3.250	0.64217825
3.251	0.64208098
3.252	0.64222391
3.253	0.64251616
3.254	0.64280538
3.255	0.64318312
3.256	0.64343346
3.257	0.64346691
3.258	0.64379328
3.259	0.64350013
3.260	0.64323027
3.261	0.64316868
3.262	0.64343094
3.263	0.64348801
3.264	0.64364400
3.265	0.64341388
3.266	0.64352247
3.267	0.64409667
3.268	0.64385330
3.269	0.64428272
3.270	0.64448817
3.271	0.64451349
3.272	0.64441791
3.273	0.64419181
3.274	0.64436265
3.275	0.64427704
3.276	0.64442255
3.277	0.64443631
3.278	0.64488967
3.279	0.64501005
3.280	0.64543789
3.281	0.64526737
3.282	0.64550293
3.283	0.64549285
3.284	0.64568379
3.285	0.64574046
3.286	0.64611129
3.287	0.64608087
3.288	0.64641581
3.289	0.64689117
3.290	0.64661246
3.291	0.64683865
3.292	0.64717601
3.293	0.64742341
3.294	0.64762470
3.295	0.64804493
3.296	0.64802828
3.297	0.64840017
3.298	0.64786398
3.299	0.64807783
3.300	0.64806924
3.301	0.64844398
3.302	0.64844817
3.303	0.64856367
3.304	0.64843041
3.305	0.64870769
3.306	0.64843381
3.307	0.64866947
3.308	0.64918062
3.309	0.64901503
3.310	0.64921271
3.311	0.64920584
3.312	0.64931317
3.313	0.64963218
3.314	0.64957839
3.315	0.64951124
3.316	0.64965806
3.317	0.64974440
3.318	0.64962933
3.319	0.64972718
3.320	0.64980028
3.321	0.64991552
3.322	0.65039163
3.323	0.65026043
3.324	0.65023420
3.325	0.64997026
3.326	0.65001648
3.327	0.65033444
3.328	0.65042971
3.329	0.65041105
3.330	0.65053652
3.331	0.65086772
3.332	0.65123925
3.333	0.65086943
3.334	0.65097570
3.335	0.65085913
3.336	0.65170135
3.337	0.65169352
3.338	0.65160700
3.339	0.65148627
3.340	0.65142184
3.341	0.65171266
3.342	0.65173385
3.343	0.65175492
3.344	0.65215075
3.345	0.65180902
3.346	0.65176006
3.347	0.65162500
3.348	0.65165583
3.349	0.65154783
3.350	0.65143558
3.351	0.65120581
3.352	0.65170859
3.353	0.65170207
3.354	0.65128732
3.355	0.65135452
3.356	0.65138490
3.357	0.65149189
3.358	0.65195847
3.359	0.65233998
3.360	0.65230573
3.361	0.65246152
3.362	0.65244302
3.363	0.65237814
3.364	0.65230490
3.365	0.65245393
3.366	0.65282665
3.367	0.65302970
3.368	0.65341288
3.369	0.65345515
3.370	0.65336461
3.371	0.65377020
3.372	0.65358320
3.373	0.65387793
3.374	0.65372515
3.375	0.65380770
3.376	0.65341330
3.377	0.65366275
3.378	0.65392760
3.379	0.65369022
3.380	0.65381931
3.381	0.65388858
3.382	0.65405932
3.383	0.65375365
3.384	0.65369266
3.385	0.65340116
3.386	0.65363646
3.387	0.65371472
3.388	0.65400291
3.389	0.65390297
3.390	0.65386202
3.391	0.65395749
3.392	0.65394325
3.393	0.65380264
3.394	0.65415713
3.395	0.65430808
3.396	0.65432204
3.397	0.65437295
3.398	0.65398426
3.399	0.65414046
3.400	0.65396555
3.401	0.65358873
3.402	0.65414731
3.403	0.65395335
3.404	0.65391096
3.405	0.65392259
3.406	0.65377401
3.407	0.65383660
3.408	0.65340180
3.409	0.65321930
3.410	0.65325408
3.411	0.65327049
3.412	0.65304151
3.413	0.65310518
3.414	0.65318913
3.415	0.65305670
3.416	0.65334606
3.417	0.65374191
3.418	0.65355050
3.419	0.65331228
3.420	0.65338248
3.421	0.65354406
3.422	0.65377443
3.423	0.65377217
3.424	0.65391252
3.425	0.65357143
3.426	0.65336387
3.427	0.65319616
3.428	0.65311853
3.429	0.65285876
3.430	0.65296873
3.431	0.65348037
3.432	0.65325196
3.433	0.65356629
3.434	0.65361195
3.435	0.65386160
3.436	0.65379566
3.437	0.65371620
3.438	0.65371849
3.439	0.65384554
3.440	0.65360642
3.441	0.65347758
3.442	0.65368473
3.443	0.65372956
3.444	0.65415199
3.445	0.65409413
3.446	0.65428774
3.447	0.65474678
3.448	0.65541494
3.449	0.65542070
3.450	0.65569613
3.451	0.65622878
3.452	0.65631088
3.453	0.65610402
3.454	0.65607958
3.455	0.65696797
3.456	0.65682300
3.457	0.65719228
3.458	0.65737963
3.459	0.65730247
3.460	0.65788951
3.461	0.65744848
3.462	0.65739274
3.463	0.65738396
3.464	0.65782208
3.465	0.65777462
3.466	0.65773277
3.467	0.65800166
3.468	0.65790826
3.469	0.65776552
3.470	0.65759942
3.471	0.65749872
3.472	0.65735665
3.473	0.65762775
3.474	0.65752006
3.475	0.65753415
3.476	0.65758222
3.477	0.65764339
3.478	0.65766880
3.479	0.65757205
3.480	0.65787854
3.481	0.65781910
3.482	0.65768550
3.483	0.65767979
3.484	0.65764434
3.485	0.65730953
3.486	0.65751040
3.487	0.65768933
3.488	0.65777778
3.489	0.65767541
3.490	0.65793233
3.491	0.65812889
3.492	0.65802900
3.493	0.65868936
3.494	0.65855045
3.495	0.65901268
3.496	0.65878625
3.497	0.65885421
3.498	0.65851958
3.499	0.65838735
3.500	0.65883902
3.501	0.65872897
3.502	0.65859057
3.503	0.65875296
3.504	0.65885536
3.505	0.65853832
3.506	0.65884154
3.507	0.65860214
3.508	0.65843216
3.509	0.65842361
3.510	0.65847715
3.511	0.65784998
3.512	0.65769413
3.513	0.65815641
3.514	0.65831775
3.515	0.65793575
3.516	0.65818107
3.517	0.65823727
3.518	0.65853393
3.519	0.65834438
3.520	0.65876725
3.521	0.65892998
3.522	0.65897034
3.523	0.65851618
3.524	0.65874026
3.525	0.65906669
3.526	0.65919246
3.527	0.65942669
3.528	0.65897408
3.529	0.65911229
3.530	0.65954328
3.531	0.66021899
3.532	0.66001202
3.533	0.65968991
3.534	0.65971158
3.535	0.65987628
3.536	0.66021018
3.537	0.66006868
3.538	0.66016087
3.539	0.66056882
3.540	0.66070932
3.541	0.66023888
3.542	0.66016110
3.543	0.65996507
3.544	0.65983897
3.545	0.65974489
3.546	0.65951604
3.547	0.65923713
3.548	0.65963791
3.549	0.65946366
3.550	0.65984443
3.551	0.65988976
3.552	0.65991126
3.553	0.65984939
3.554	0.65975798
3.555	0.65931216
3.556	0.65916965
3.557	0.65918581
3.558	0.65926114
3.559	0.65932912
3.560	0.65959224
3.561	0.65938668
3.562	0.65901756
3.563	0.65948314
3.564	0.65973625
3.565	0.65967443
3.566	0.65959810
3.567	0.65981251
3.568	0.65988961
3.569	0.65996012
3.570	0.66010308
3.571	0.65991733
3.572	0.65990406
3.573	0.66001829
3.574	0.65995860
3.575	0.66029489
3.576	0.66015894
3.577	0.66022131
3.578	0.66022902
3.579	0.66018146
3.580	0.66022264
3.581	0.66007931
3.582	0.65987198
3.583	0.66014812
3.584	0.66032298
3.585	0.66044351
3.586	0.66037277
3.587	0.66042351
3.588	0.66055136
3.589	0.66054189
3.590	0.66044976
3.591	0.66053611
3.592	0.66046263
3.593	0.66038928
3.594	0.66088190
3.595	0.66089222
3.596	0.66071605
3.597	0.66062408
3.598	0.66073786
3.599	0.66067498
3.600	0.66046182
3.601	0.66040668
3.602	0.66025818
3.603	0.65987088
3.604	0.65984530
3.605	0.66004687
3.606	0.66018528
3.607	0.66010803
3.608	0.65991377
3.609	0.65939502
3.610	0.65957976
3.611	0.65946603
3.612	0.65968448
3.613	0.65943508
3.614	0.65940832
3.615	0.65937740
3.616	0.65925227
3.617	0.65927511
3.618	0.65938250
3.619	0.65983794
3.620	0.65962388
3.621	0.65965027
3.622	0.65933433
3.623	0.65970133
3.624	0.65958494
3.625	0.65944544
3.626	0.65898396
3.627	0.65909357
3.628	0.65900206
3.629	0.65912578
3.630	0.65929818
3.631	0.65928962
3.632	0.65883397
3.633	0.65911938
3.634	0.65886216
3.635	0.65928398
3.636	0.65973990
3.637	0.65978815
3.638	0.65951071
3.639	0.65929857
3.640	0.65885318
3.641	0.65898140
3.642	0.65877892
3.643	0.65862372
3.644	0.65870967
3.645	0.65845260
3.646	0.65828032
3.647	0.65862340
3.648	0.65858169
3.649	0.65866436
3.650	0.65872373
3.651	0.65914020
3.652	0.65930454
3.653	0.65985613
3.654	0.65980281
3.655	0.65987475
3.656	0.65976372
3.657	0.65968641
3.658	0.65962723
3.659	0.65988389
3.660	0.65973517
3.661	0.65939000
3.662	0.65955253
3.663	0.65975203
3.664	0.65946836
3.665	0.65956916
3.666	0.65945166
3.667	0.65899108
3.668	0.65906438
3.669	0.65913281
3.670	0.65934277
3.671	0.65971623
3.672	0.65952465
3.673	0.65941999
3.674	0.65955262
3.675	0.65925690
3.676	0.65955821
3.677	0.65958641
3.678	0.66036378
3.679	0.66037298
3.680	0.66075093
3.681	0.66091641
3.682	0.66097132
3.683	0.66087368
3.684	0.66092338
3.685	0.66092939
3.686	0.66066371
3.687	0.66045385
3.688	0.66067075
3.689	0.66062327
3.690	0.66052322
3.691	0.66047958
3.692	0.66112856
3.693	0.66137725
3.694	0.66133755
3.695	0.66174085
3.696	0.66148437
3.697	0.66129509
3.698	0.66164455
3.699	0.66199924
3.700	0.66183403
3.701	0.66200243
3.702	0.66179723
3.703	0.66179360
3.704	0.66186440
3.705	0.66189531
3.706	0.66173045
3.707	0.66168647
3.708	0.66212005
3.709	0.66193438
3.710	0.66179262
3.711	0.66186219
3.712	0.66197128
3.713	0.66204753
3.714	0.66192958
3.715	0.66221370
3.716	0.66217891
3.717	0.66195763
3.718	0.66166721
3.719	0.66168868
3.720	0.66176669
3.721	0.66253871
3.722	0.66223104
3.723	0.66201409
3.724	0.66192576
3.725	0.66192883
3.726	0.66147939
3.727	0.66209386
3.728	0.66236273
3.729	0.66251759
3.730	0.66237928
3.731	0.66193567
3.732	0.66225894
3.733	0.66205928
3.734	0.66243854
3.735	0.66250299
3.736	0.66224845
3.737	0.66260487
3.738	0.66243993
3.739	0.66278868
3.740	0.66260984
3.741	0.66253530
3.742	0.66283472
3.743	0.66314089
3.744	0.66306025
3.745	0.66325097
3.746	0.66319013
3.747	0.66309061
3.748	0.66323070
3.749	0.66281332
3.750	0.66276623
3.751	0.66293152
3.752	0.66270878
3.753	0.66344165
3.754	0.66335341
3.755	0.66366190
3.756	0.66377423
3.757	0.66365688
3.758	0.66336013
3.759	0.66346679
3.760	0.66385266
3.761	0.66397088
3.762	0.66422639
3.763	0.66459619
3.764	0.66423058
3.765	0.66396034
3.766	0.66390910
3.767	0.66386478
3.768	0.66417076
3.769	0.66381218
3.770	0.66355819
3.771	0.66371952
3.772	0.66363336
3.773	0.66327930
3.774	0.66369785
3.775	0.66317988
3.776	0.66332232
3.777	0.66355467
3.778	0.66390194
3.779	0.66394181
3.780	0.66395415
3.781	0.66425595
3.782	0.66456623
3.783	0.66488562
3.784	0.66484243
3.785	0.66489098
3.786	0.66488744
3.787	0.66513582
3.788	0.66525804
3.789	0.66550508
3.790	0.66581402
3.791	0.66561268
3.792	0.66555558
3.793	0.66583199
3.794	0.66577237
3.795	0.66597446
3.796	0.66616400
3.797	0.66621161
3.798	0.66617095
3.799	0.66600417
3.800	0.66554804
3.801	0.66587443
3.802	0.66600506
3.803	0.66606540
3.804	0.66600285
3.805	0.66595131
3.806	0.66537735
3.807	0.66565604
3.808	0.66588754
3.809	0.66591437
3.810	0.66567110
3.811	0.66531903
3.812	0.66547870
3.813	0.66565689
3.814	0.66571861
3.815	0.66591520
3.816	0.66584421
3.817	0.66571430
3.818	0.66575204
3.819	0.66563503
3.820	0.66555823
3.821	0.66578351
3.822	0.66581048
3.823	0.66560698
3.824	0.66585446
3.825	0.66605214
3.826	0.66578301
3.827	0.66569509
3.828	0.66607140
3.829	0.66622739
3.830	0.66641952
3.831	0.66635565
3.832	0.66660815
3.833	0.66683502
3.834	0.66687213
3.835	0.66685261
3.836	0.66679427
3.837	0.66699241
3.838	0.66673957
3.839	0.66668061
3.840	0.66676095
3.841	0.66685323
3.842	0.66690133
3.843	0.66710275
3.844	0.66694307
3.845	0.66668741
3.846	0.66668913
3.847	0.66717745
3.848	0.66759207
3.849	0.66713721
3.850	0.66712518
3.851	0.66674516
3.852	0.66662830
3.853	0.66666895
3.854	0.66677939
3.855	0.66663974
3.856	0.66679980
3.857	0.66724760
3.858	0.66731713
3.859	0.66714891
3.860	0.66679140
3.861	0.66736541
3.862	0.66737675
3.863	0.66758628
3.864	0.66770347
3.865	0.66790849
3.866	0.66811236
3.867	0.66806728
3.868	0.66793935
3.869	0.66809042
3.870	0.66786196
3.871	0.66774379
3.872	0.66763780
3.873	0.66717389
3.874	0.66696749
3.875	0.66735759
3.876	0.66720036
3.877	0.66708731
3.878	0.66728258
3.879	0.66748923
3.880	0.66747644
3.881	0.66776072
3.882	0.66741956
3.883	0.66715714
3.884	0.66676369
3.885	0.66694873
3.886	0.66709119
3.887	0.66679295
3.888	0.66723041
3.889	0.66713711
3.890	0.66722347
3.891	0.66764910
3.892	0.66774103
3.893	0.66778319
3.894	0.66780181
3.895	0.66763745
3.896	0.66835488
3.897	0.66851673
3.898	0.66840641
3.899	0.66825961
3.900	0.66804357
3.901	0.66772319
3.902	0.66775809
3.903	0.66758972
3.904	0.66743418
3.905	0.66744546
3.906	0.66753780
3.907	0.66774482
3.908	0.66759537
3.909	0.66754219
3.910	0.66747582
3.911	0.66800345
3.912	0.66792813
3.913	0.66773312
3.914	0.66771053
3.915	0.66763785
3.916	0.66749203
3.917	0.66755657
3.918	0.66745474
3.919	0.66752850
3.920	0.66785459
3.921	0.66820013
3.922	0.66792495
3.923	0.66805874
3.924	0.66851941
3.925	0.66853660
3.926	0.66859215
3.927	0.66834336
3.928	0.66853685
3.929	0.66829410
3.930	0.66861532
3.931	0.66892785
3.932	0.66856679
3.933	0.66852081
3.934	0.66881089
3.935	0.66891799
3.936	0.66932243
3.937	0.66940468
3.938	0.66970237
3.939	0.66989278
3.940	0.66981376
3.941	0.66952678
3.942	0.66924467
3.943	0.66953268
3.944	0.66935778
3.945	0.66922777
3.946	0.66936013
3.947	0.66911068
3.948	0.66905235
3.949	0.66920651
3.950	0.66894326
3.951	0.66918544
3.952	0.66922343
3.953	0.66931414
3.954	0.66918088
3.955	0.66950878
3.956	0.67017116
3.957	0.67035725
3.958	0.67032129
3.959	0.67028529
3.960	0.66989275
3.961	0.66995586
3.962	0.66984226
3.963	0.66980848
3.964	0.66961934
3.965	0.66953215
3.966	0.66977494
3.967	0.66987419
3.968	0.67027639
3.969	0.67022336
3.970	0.67000955
3.971	0.66971801
3.972	0.66971421
3.973	0.67001070
3.974	0.66980200
3.975	0.66987410
3.976	0.66990245
3.977	0.67015383
3.978	0.67002230
3.979	0.67027193
3.980	0.67008363
3.981	0.67002691
3.982	0.67002590
3.983	0.66982271
3.984	0.66953349
3.985	0.66962402
3.986	0.66933257
3.987	0.66975493
3.988	0.67006741
3.989	0.66983322
3.990	0.67028612
3.991	0.67002040
3.992	0.67003100
3.993	0.67003979
3.994	0.66957485
3.995	0.66925957
3.996	0.66936442
3.997	0.66948805
3.998	0.66918980
3.999	0.66969097
4.000	0.67014394
4.001	0.67010168
4.002	0.66965653
4.003	0.66964620
4.004	0.66990855
4.005	0.67040252
4.006	0.67050824
4.007	0.67021998
4.008	0.67018377
4.009	0.67020074
4.010	0.67001347
4.011	0.66986708
4.012	0.66965297
4.013	0.66949861
4.014	0.66955764
4.015	0.66936932
4.016	0.66946702
4.017	0.66955150
4.018	0.66989488
4.019	0.67055103
4.020	0.67059933
4.021	0.67085145
4.022	0.67090076
4.023	0.67083862
4.024	0.67092763
4.025	0.67118473
4.026	0.67135005
4.027	0.67167476
4.028	0.67178579
4.029	0.67165729
4.030	0.67169304
4.031	0.67208307
4.032	0.67191480
4.033	0.67149773
4.034	0.67163295
4.035	0.67133282
4.036	0.67177906
4.037	0.67175450
4.038	0.67181417
4.039	0.67181821
4.040	0.67199449
4.041	0.67219112
4.042	0.67256288
4.043	0.67260555
4.044	0.67237101
4.045	0.67253005
4.046	0.67287860
4.047	0.67266680
4.048	0.67282377
4.049	0.67284382
4.050	0.67336565
4.051	0.67356613
4.052	0.67330878
4.053	0.67304821
4.054	0.67262264
4.055	0.67251865
4.056	0.67242304
4.057	0.67291441
4.058	0.67296168
4.059	0.67287585
4.060	0.67273408
4.061	0.67260116
4.062	0.67259285
4.063	0.67294702
4.064	0.67285790
4.065	0.67342819
4.066	0.67361528
4.067	0.67329591
4.068	0.67349078
4.069	0.67322980
4.070	0.67310000
4.071	0.67317121
4.072	0.67330032
4.073	0.67326106
4.074	0.67277542
4.075	0.67293454
4.076	0.67276351
4.077	0.67263509
4.078	0.67274442
4.079	0.67245347
4.080	0.67266529
4.081	0.67268475
4.082	0.67237240
4.083	0.67243534
4.084	0.67246970
4.085	0.67227030
4.086	0.67180218
4.087	0.67172417
4.088	0.67165712
4.089	0.67187179
4.090	0.67192652
4.091	0.67205127
4.092	0.67187213
4.093	0.67167979
4.094	0.67168051
4.095	0.67170646
4.096	0.67174568
4.097	0.67184804
4.098	0.67182072
4.099	0.67153836
4.100	0.67187901
4.101	0.67189378
4.102	0.67189238
4.103	0.67157370
4.104	0.67160832
4.105	0.67184989
4.106	0.67118792
4.107	0.67126156
4.108	0.67129324
4.109	0.67117785
4.110	0.67130827
4.111	0.67147681
4.112	0.67116275
4.113	0.67099183
4.114	0.67096656
4.115	0.67077455
4.116	0.67086194
4.117	0.67071410
4.118	0.67006404
4.119	0.67043258
4.120	0.67065738
4.121	0.67066861
4.122	0.67060062
4.123	0.67069229
4.124	0.67051717
4.125	0.67049979
4.126	0.67070313
4.127	0.67053894
4.128	0.67041085
4.129	0.66982358
4.130	0.66994578
4.131	0.66979331
4.132	0.66995593
4.133	0.67004281
4.134	0.66981672
4.135	0.66942141
4.136	0.66967297
4.137	0.66973330
4.138	0.67024904
4.139	0.67001197
4.140	0.66996988
4.141	0.67017887
4.142	0.67006495
4.143	0.67021305
4.144	0.67007062
4.145	0.67031784
4.146	0.67084459
4.147	0.67089454
4.148	0.67065137
4.149	0.67054939
4.150	0.67078662
4.151	0.67112061
4.152	0.67092423
4.153	0.67072461
4.154	0.67047344
4.155	0.67027485
4.156	0.67054392
4.157	0.67029933
4.158	0.67049208
4.159	0.67007874
4.160	0.66964737
4.161	0.66989717
4.162	0.66899614
4.163	0.66837837
4.164	0.66825298
4.165	0.66813849
4.166	0.66839651
4.167	0.66867280
4.168	0.66880437
4.169	0.66900512
4.170	0.66853788
4.171	0.66875536
4.172	0.66910937
4.173	0.66895206
4.174	0.66858423
4.175	0.66880472
4.176	0.66849062
4.177	0.66874283
4.178	0.66848537
4.179	0.66859233
4.180	0.66852674
4.181	0.66894849
4.182	0.66856065
4.183	0.66899271
4.184	0.66854420
4.185	0.66890574
4.186	0.66906823
4.187	0.66897550
4.188	0.66881315
4.189	0.66924488
4.190	0.66955130
4.191	0.66985114
4.192	0.66968993
4.193	0.66932177
4.194	0.66925805
4.195	0.66911269
4.196	0.66921569
4.197	0.66908318
4.198	0.66882996
4.199	0.66908875
4.200	0.66852504
4.201	0.66859792
4.202	0.66804873
4.203	0.66861965
4.204	0.66873394
4.205	0.66911597
4.206	0.66901065
4.207	0.66909416
4.208	0.66898161
4.209	0.66904567
4.210	0.66905820
4.211	0.66894185
4.212	0.66867398
4.213	0.66892800
4.214	0.66871721
4.215	0.66906509
4.216	0.66900033
4.217	0.66882581
4.218	0.66871917
4.219	0.66849269
4.220	0.66837235
4.221	0.66826264
4.222	0.66832580
4.223	0.66864215
4.224	0.66872276
4.225	0.66898031
4.226	0.66910044
4.227	0.66902846
4.228	0.66902127
4.229	0.66902155
4.230	0.66891241
4.231	0.66881909
4.232	0.66912370
4.233	0.66902692
4.234	0.66870698
4.235	0.66840803
4.236	0.66833422
4.237	0.66840646
4.238	0.66823383
4.239	0.66823901
4.240	0.66786779
4.241	0.66805020
4.242	0.66801136
4.243	0.66793252
4.244	0.66768384
4.245	0.66746576
4.246	0.66740532
4.247	0.66739832
4.248	0.66727977
4.249	0.66708786
4.250	0.66729470
4.251	0.66724592
4.252	0.66748130
4.253	0.66715913
4.254	0.66679319
4.255	0.66653110
4.256	0.66633315
4.257	0.66671417
4.258	0.66694635
4.259	0.66675008
4.260	0.66678777
4.261	0.66677697
4.262	0.66655484
4.263	0.66643357
4.264	0.66651182
4.265	0.66622865
4.266	0.66647398
4.267	0.66649270
4.268	0.66623386
4.269	0.66626262
4.270	0.66634902
4.271	0.66653558
4.272	0.66645100
4.273	0.66655833
4.274	0.66667371
4.275	0.66693291
4.276	0.66693804
4.277	0.66719901
4.278	0.66716888
4.279	0.66682053
4.280	0.66687750
4.281	0.66638790
4.282	0.66644349
4.283	0.66642264
4.284	0.66669477
4.285	0.66672050
4.286	0.66644506
4.287	0.66664683
4.288	0.66702129
4.289	0.66730045
4.290	0.66727678
4.291	0.66738719
4.292	0.66773510
4.293	0.66791739
4.294	0.66809076
4.295	0.66842102
4.296	0.66840224
4.297	0.66824335
4.298	0.66839691
4.299	0.66859845
4.300	0.66828160
4.301	0.66833439
4.302	0.66854898
4.303	0.66862814
4.304	0.66879388
4.305	0.66855922
4.306	0.66835730
4.307	0.66845176
4.308	0.66837746
4.309	0.66851887
4.310	0.66849429
4.311	0.66840979
4.312	0.66826499
4.313	0.66839219
4.314	0.66857786
4.315	0.66877647
4.316	0.66858313
4.317	0.66877713
4.318	0.66868397
4.319	0.66863575
4.320	0.66887534
4.321	0.66926198
4.322	0.66891031
4.323	0.66891243
4.324	0.66847172
4.325	0.66890751
4.326	0.66882861
4.327	0.66900066
4.328	0.66947600
4.329	0.66943475
4.330	0.66929022
4.331	0.66934714
4.332	0.66948057
4.333	0.66899525
4.334	0.66870665
4.335	0.66840233
4.336	0.66822227
4.337	0.66829920
4.338	0.66832651
4.339	0.66826951
4.340	0.66827325
4.341	0.66841034
4.342	0.66865680
4.343	0.66857577
4.344	0.66829427
4.345	0.66791220
4.346	0.66803522
4.347	0.66763846
4.348	0.66765106
4.349	0.66758906
4.350	0.66731889
4.351	0.66748194
4.352	0.66788492
4.353	0.66761938
4.354	0.66796384
4.355	0.66757085
4.356	0.66757396
4.357	0.66756534
4.358	0.66754603
4.359	0.66709381
4.360	0.66699292
4.361	0.66683156
4.362	0.66680971
4.363	0.66640275
4.364	0.66631825
4.365	0.66602498
4.366	0.66615645
4.367	0.66618154
4.368	0.66601512
4.369	0.66579080
4.370	0.66531601
4.371	0.66533729
4.372	0.66536892
4.373	0.66547659
4.374	0.66557270
4.375	0.66544547
4.376	0.66536392
4.377	0.66542434
4.378	0.66519955
4.379	0.66544750
4.380	0.66549774
4.381	0.66557157
4.382	0.66544213
4.383	0.66567790
4.384	0.66540573
4.385	0.66557175
4.386	0.66533158
4.387	0.66494329
4.388	0.66505046
4.389	0.66443768
4.390	0.66419137
4.391	0.66430741
4.392	0.66392745
4.393	0.66397800
4.394	0.66373012
4.395	0.66362638
4.396	0.66358287
4.397	0.66388237
4.398	0.66358130
4.399	0.66357313
4.400	0.66315508
4.401	0.66321804
4.402	0.66334755
4.403	0.66320631
4.404	0.66299375
4.405	0.66280393
4.406	0.66247175
4.407	0.66272111
4.408	0.66265286
4.409	0.66219484
4.410	0.66247705
4.411	0.66247835
4.412	0.66245206
4.413	0.66201287
4.414	0.66181630
4.415	0.66155617
4.416	0.66190984
4.417	0.66150478
4.418	0.66177496
4.419	0.66132915
4.420	0.66129864
4.421	0.66113726
4.422	0.66067431
4.423	0.66106042
4.424	0.66060840
4.425	0.66030878
4.426	0.66046737
4.427	0.66065181
4.428	0.66101227
4.429	0.66123563
4.430	0.66086954
4.431	0.66084065
4.432	0.66076920
4.433	0.66049255
4.434	0.66050792
4.435	0.66043962
4.436	0.66079063
4.437	0.66046157
4.438	0.66064353
4.439	0.66098380
4.440	0.66099661
4.441	0.66080471
4.442	0.66088851
4.443	0.66081153
4.444	0.66072656
4.445	0.66108034
4.446	0.66165669
4.447	0.66171575
4.448	0.66147915
4.449	0.66124081
4.450	0.66097841
4.451	0.66102271
4.452	0.66148306
4.453	0.66107462
4.454	0.66079555
4.455	0.66095109
4.456	0.66117668
4.457	0.66127845
4.458	0.66099134
4.459	0.66090473
4.460	0.66056064
4.461	0.66051229
4.462	0.66037142
4.463	0.66056124
4.464	0.66030952
4.465	0.66028620
4.466	0.66001174
4.467	0.65978280
4.468	0.66041411
4.469	0.66044209
4.470	0.65989267
4.471	0.65962759
4.472	0.65981622
4.473	0.66014653
4.474	0.66006011
4.475	0.65963318
4.476	0.65962073
4.477	0.65958693
4.478	0.65961483
4.479	0.65959935
4.480	0.65981991
4.481	0.65956463
4.482	0.65955656
4.483	0.65940185
4.484	0.65925612
4.485	0.65923507
4.486	0.65932155
4.487	0.65960116
4.488	0.65966818
4.489	0.65962019
4.490	0.65974021
4.491	0.65975670
4.492	0.65981049
4.493	0.65981591
4.494	0.65978686
4.495	0.66000307
4.496	0.65987301
4.497	0.66024964
4.498	0.66015029
4.499	0.66027589
4.500	0.66034431
4.501	0.66058497
4.502	0.66054678
4.503	0.66060989
4.504	0.66032907
4.505	0.66027384
4.506	0.65989379
4.507	0.66050449
4.508	0.66087388
4.509	0.66066938
4.510	0.66071404
4.511	0.66073904
4.512	0.66046132
4.513	0.66030043
4.514	0.66029790
4.515	0.66049233
4.516	0.66066064
4.517	0.66068711
4.518	0.66076773
4.519	0.66040333
4.520	0.66022440
4.521	0.65997362
4.522	0.65985908
4.523	0.65952464
4.524	0.65903880
4.525	0.65899503
4.526	0.65917031
4.527	0.65902277
4.528	0.65855495
4.529	0.65877876
4.530	0.65884862
4.531	0.65899073
4.532	0.65862057
4.533	0.65893363
4.534	0.65936085
4.535	0.65917351
4.536	0.65920067
4.537	0.65914919
4.538	0.65889910
4.539	0.65920292
4.540	0.65951089
4.541	0.65952533
4.542	0.65924977
4.543	0.65909131
4.544	0.65890843
4.545	0.65857162
4.546	0.65845328
4.547	0.65842368
4.548	0.65868728
4.549	0.65890493
4.550	0.65876840
4.551	0.65856126
4.552	0.65840188
4.553	0.65825373
4.554	0.65808893
4.555	0.65830010
4.556	0.65853371
4.557	0.65833740
4.558	0.65826268
4.559	0.65792894
4.560	0.65786953
4.561	0.65809877
4.562	0.65836293
4.563	0.65862890
4.564	0.65872501
4.565	0.65841345
4.566	0.65830662
4.567	0.65819335
4.568	0.65811426
4.569	0.65774979
4.570	0.65806545
4.571	0.65785133
4.572	0.65745097
4.573	0.65732427
4.574	0.65691899
4.575	0.65700597
4.576	0.65691511
4.577	0.65688639
4.578	0.65718690
4.579	0.65681221
4.580	0.65689763
4.581	0.65677031
4.582	0.65686423
4.583	0.65699257
4.584	0.65698939
4.585	0.65758250
4.586	0.65752166
4.587	0.65715012
4.588	0.65676689
4.589	0.65673965
4.590	0.65666686
4.591	0.65691988
4.592	0.65676939
4.593	0.65641853
4.594	0.65636940
4.595	0.65635969
4.596	0.65595729
4.597	0.65584543
4.598	0.65640080
4.599	0.65642837
4.600	0.65625419
4.601	0.65618474
4.602	0.65593929
4.603	0.65604909
4.604	0.65563245
4.605	0.65550876
4.606	0.65556340
4.607	0.65543982
4.608	0.65558226
4.609	0.65562641
4.610	0.65537219
4.611	0.65555572
4.612	0.65581261
4.613	0.65557990
4.614	0.65557566
4.615	0.65553447
4.616	0.65512544
4.617	0.65515496
4.618	0.65465617
4.619	0.65469141
4.620	0.65442399
4.621	0.65441779
4.622	0.65455240
4.623	0.65480686
4.624	0.65465851
4.625	0.65470599
4.626	0.65480965
4.627	0.65503043
4.628	0.65449545
4.629	0.65445041
4.630	0.65445636
4.631	0.65432412
4.632	0.65403628
4.633	0.65397490
4.634	0.65408662
4.635	0.65365783
4.636	0.65358754
4.637	0.65363554
4.638	0.65364760
4.639	0.65347199
4.640	0.65340072
4.641	0.65348276
4.642	0.65355275
4.643	0.65361298
4.644	0.65363486
4.645	0.65358084
4.646	0.65389394
4.647	0.65370959
4.648	0.65385721
4.649	0.65355190
4.650	0.65351873
4.651	0.65363204
4.652	0.65414728
4.653	0.65402676
4.654	0.65391900
4.655	0.65378760
4.656	0.65421158
4.657	0.65420396
4.658	0.65408077
4.659	0.65400624
4.660	0.65424905
4.661	0.65443231
4.662	0.65411909
4.663	0.65409668
4.664	0.65432213
4.665	0.65405602
4.666	0.65420878
4.667	0.65413141
4.668	0.65416999
4.669	0.65412299
4.670	0.65404475
4.671	0.65392587
4.672	0.65386504
4.673	0.65390968
4.674	0.65416770
4.675	0.65445731
4.676	0.65405172
4.677	0.65426555
4.678	0.65436182
4.679	0.65362706
4.680	0.65379977
4.681	0.65372275
4.682	0.65367717
4.683	0.65388401
4.684	0.65367786
4.685	0.65361336
4.686	0.65363348
4.687	0.65298717
4.688	0.65251469
4.689	0.65234897
4.690	0.65277354
4.691	0.65215517
4.692	0.65225009
4.693	0.65189672
4.694	0.65145894
4.695	0.65091629
4.696	0.65094638
4.697	0.65075786
4.698	0.65077074
4.699	0.65070624
4.700	0.65081134
4.701	0.65109642
4.702	0.65109687
4.703	0.65131301
4.704	0.65122142
4.705	0.65113592
4.706	0.65144107
4.707	0.65088534
4.708	0.65081669
4.709	0.65055459
4.710	0.65059657
4.711	0.65076916
4.712	0.65055142
4.713	0.65065646
4.714	0.65087293
4.715	0.65067674
4.716	0.65064994
4.717	0.65073235
4.718	0.65063494
4.719	0.65038513
4.720	0.65095207
4.721	0.65146247
4.722	0.65152806
4.723	0.65144811
4.724	0.65129997
4.725	0.65077750
4.726	0.65106031
4.727	0.65100736
4.728	0.65085522
4.729	0.65098145
4.730	0.65113830
4.731	0.65139748
4.732	0.65134663
4.733	0.65139893
4.734	0.65138989
4.735	0.65113680
4.736	0.65119496
4.737	0.65085557
4.738	0.65078498
4.739	0.65113058
4.740	0.65146842
4.741	0.65161893
4.742	0.65136977
4.743	0.65128457
4.744	0.65136683
4.745	0.65116843
4.746	0.65154548
4.747	0.65193404
4.748	0.65229120
4.749	0.65189235
4.750	0.65172429
4.751	0.65187595
4.752	0.65171126
4.753	0.65207870
4.754	0.65184192
4.755	0.65175245
4.756	0.65142546
4.757	0.65135749
4.758	0.65175193
4.759	0.65203729
4.760	0.65147356
4.761	0.65125821
4.762	0.65139419
4.763	0.65178905
4.764	0.65153358
4.765	0.65170352
4.766	0.65170745
4.767	0.65170136
4.768	0.65131042
4.769	0.65129372
4.770	0.65103202
4.771	0.65036907
4.772	0.65034327
4.773	0.65024426
4.774	0.64977000
4.775	0.64947749
4.776	0.64932530
4.777	0.64960415
4.778	0.64971791
4.779	0.65003103
4.780	0.65022329
4.781	0.65027535
4.782	0.65044770
4.783	0.65082307
4.784	0.65095659
4.785	0.65067227
4.786	0.65075568
4.787	0.65099387
4.788	0.65095728
4.789	0.65118812
4.790	0.65141328
4.791	0.65100495
4.792	0.65107280
4.793	0.65097686
4.794	0.65082113
4.795	0.65085874
4.796	0.65049796
4.797	0.65072413
4.798	0.65051842
4.799	0.65031585
4.800	0.65018852
4.801	0.65024096
4.802	0.65045278
4.803	0.65030239
4.804	0.65019671
4.805	0.65011453
4.806	0.65071275
4.807	0.65018264
4.808	0.65006010
4.809	0.64984933
4.810	0.64960817
4.811	0.64963452
4.812	0.65000394
4.813	0.65027938
4.814	0.64991519
4.815	0.64984130
4.816	0.64995532
4.817	0.64982051
4.818	0.64994360
4.819	0.65001225
4.820	0.64992280
4.821	0.65005182
4.822	0.65006901
4.823	0.64975426
4.824	0.64975396
4.825	0.64977648
4.826	0.64980283
4.827	0.64945906
4.828	0.64925971
4.829	0.64917460
4.830	0.64916628
4.831	0.64908190
4.832	0.64905619
4.833	0.64934110
4.834	0.64936443
4.835	0.64906546
4.836	0.64907785
4.837	0.64936139
4.838	0.64932870
4.839	0.64926642
4.840	0.64893183
4.841	0.64905832
4.842	0.64903899
4.843	0.64914370
4.844	0.64879252
4.845	0.64895445
4.846	0.64881435
4.847	0.64897288
4.848	0.64870137
4.849	0.64864669
4.850	0.64899888
4.851	0.64917493
4.852	0.64913373
4.853	0.64919190
4.854	0.64911820
4.855	0.64924812
4.856	0.64924355
4.857	0.64931031
4.858	0.64903449
4.859	0.64932308
4.860	0.64924917
4.861	0.64920018
4.862	0.64897193
4.863	0.64890871
4.864	0.64894779
4.865	0.64929606
4.866	0.64976498
4.867	0.64980884
4.868	0.64952559
4.869	0.64929858
4.870	0.64926406
4.871	0.64888450
4.872	0.64856404
4.873	0.64885487
4.874	0.64917678
4.875	0.64900956
4.876	0.64907923
4.877	0.64917000
4.878	0.64881821
4.879	0.64869056
4.880	0.64883894
4.881	0.64828822
4.882	0.64826931
4.883	0.64818352
4.884	0.64836241
4.885	0.64795028
4.886	0.64780624
4.887	0.64804430
4.888	0.64796007
4.889	0.64789225
4.890	0.64828879
4.891	0.64861114
4.892	0.64858331
4.893	0.64813855
4.894	0.64795137
4.895	0.64775785
4.896	0.64833700
4.897	0.64773811
4.898	0.64773384
4.899	0.64709968
4.900	0.64713178
4.901	0.64730758
4.902	0.64719248
4.903	0.64703541
4.904	0.64705236
4.905	0.64731083
4.906	0.64720118
4.907	0.64742768
4.908	0.64776314
4.909	0.64771674
4.910	0.64735978
4.911	0.64728572
4.912	0.64743158
4.913	0.64732474
4.914	0.64740677
4.915	0.64727557
4.916	0.64708616
4.917	0.64715529
4.918	0.64698047
4.919	0.64725662
4.920	0.64700735
4.921	0.64735458
4.922	0.64744868
4.923	0.64715662
4.924	0.64678092
4.925	0.64681864
4.926	0.64628610
4.927	0.64650684
4.928	0.64676516
4.929	0.64648727
4.930	0.64632983
4.931	0.64636372
4.932	0.64610517
4.933	0.64591548
4.934	0.64632725
4.935	0.64626682
4.936	0.64683507
4.937	0.64665461
4.938	0.64723819
4.939	0.64752257
4.940	0.64719325
4.941	0.64754385
4.942	0.64721693
4.943	0.64747260
4.944	0.64725158
4.945	0.64714337
4.946	0.64710399
4.947	0.64725415
4.948	0.64737833
4.949	0.64740396
4.950	0.64701685
4.951	0.64673342
4.952	0.64684286
4.953	0.64662569
4.954	0.64634313
4.955	0.64669904
4.956	0.64663514
4.957	0.64632466
4.958	0.64603098
4.959	0.64610962
4.960	0.64597844
4.961	0.64577521
4.962	0.64523420
4.963	0.64534325
4.964	0.64534943
4.965	0.64492620
4.966	0.64509142
4.967	0.64458747
4.968	0.64476041
4.969	0.64432410
4.970	0.64419284
4.971	0.64429632
4.972	0.64417179
4.973	0.64413461
4.974	0.64415468
4.975	0.64416098
4.976	0.64381636
4.977	0.64390480
4.978	0.64387990
4.979	0.64430250
4.980	0.64435377
4.981	0.64407630
4.982	0.64364018
4.983	0.64361047
4.984	0.64357328
4.985	0.64351332
4.986	0.64339184
4.987	0.64319292
4.988	0.64327472
4.989	0.64344586
4.990	0.64336079
4.991	0.64309442
4.992	0.64296261
4.993	0.64310932
4.994	0.64270377
4.995	0.64266643
4.996	0.64237298
4.997	0.64261710
4.998	0.64231462
4.999	0.64191708
5.000	0.64197901
5.001	0.64157562
5.002	0.64130173
5.003	0.64091018
5.004	0.64090420
5.005	0.64087829
5.006	0.64097431
5.007	0.64072267
5.008	0.64096699
5.009	0.64118713
5.010	0.64123000
5.011	0.64163768
5.012	0.64159637
5.013	0.64193778
5.014	0.64196463
5.015	0.64171986
5.016	0.64168756
5.017	0.64165313
5.018	0.64129597
5.019	0.64157735
5.020	0.64192844
5.021	0.64163849
5.022	0.64187189
5.023	0.64178777
5.024	0.64188789
5.025	0.64158932
5.026	0.64200730
5.027	0.64186080
5.028	0.64227284
5.029	0.64247827
5.030	0.64200947
5.031	0.64217314
5.032	0.64243587
5.033	0.64186526
5.034	0.64166900
5.035	0.64109477
5.036	0.64149411
5.037	0.64187318
5.038	0.64149545
5.039	0.64132841
5.040	0.64073443
5.041	0.64039866
5.042	0.64011930
5.043	0.64040924
5.044	0.64050688
5.045	0.64029552
5.046	0.64013694
5.047	0.64031080
5.048	0.64029424
5.049	0.64007188
5.050	0.63993766
5.051	0.64013119
5.052	0.64041190
5.053	0.64021554
5.054	0.64012381
5.055	0.64033874
5.056	0.64046112
5.057	0.64057399
5.058	0.64031886
5.059	0.64017100
5.060	0.63996651
5.061	0.64028906
5.062	0.64039678
5.063	0.64066143
5.064	0.64015710
5.065	0.64009051
5.066	0.64037094
5.067	0.64010308
5.068	0.63987302
5.069	0.64018540
5.070	0.63979723
5.071	0.63955365
5.072	0.63885185
5.073	0.63902076
5.074	0.63854950
5.075	0.63868906
5.076	0.63837354
5.077	0.63844393
5.078	0.63874272
5.079	0.63858028
5.080	0.63830063
5.081	0.63843412
5.082	0.63828003
5.083	0.63816726
5.084	0.63836586
5.085	0.63785734
5.086	0.63751985
5.087	0.63735874
5.088	0.63730340
5.089	0.63714324
5.090	0.63685866
5.091	0.63677549
5.092	0.63637537
5.093	0.63606739
5.094	0.63581195
5.095	0.63572240
5.096	0.63528923
5.097	0.63552527
5.098	0.63523733
5.099	0.63496351
5.100	0.63523968
5.101	0.63528530
5.102	0.63504407
5.103	0.63532598
5.104	0.63563226
5.105	0.63587266
5.106	0.63604994
5.107	0.63563053
5.108	0.63529655
5.109	0.63573649
5.110	0.63559789
5.111	0.63578045
5.112	0.63607958
5.113	0.63631879
5.114	0.63599792
5.115	0.63622780
5.116	0.63626368
5.117	0.63650683
5.118	0.63627619
5.119	0.63630388
5.120	0.63608404
5.121	0.63589245
5.122	0.63592888
5.123	0.63593938
5.124	0.63624663
5.125	0.63599069
5.126	0.63601884
5.127	0.63587106
5.128	0.63582932
5.129	0.63583511
5.130	0.63569718
5.131	0.63486170
5.132	0.63518884
5.133	0.63483673
5.134	0.63475179
5.135	0.63444059
5.136	0.63433554
5.137	0.63404492
5.138	0.63370435
5.139	0.63395801
5.140	0.63360832
5.141	0.63366110
5.142	0.63396268
5.143	0.63380953
5.144	0.63419625
5.145	0.63333589
5.146	0.63347812
5.147	0.63367601
5.148	0.63383714
5.149	0.63367035
5.150	0.63415663
5.151	0.63434094
5.152	0.63446792
5.153	0.63383582
5.154	0.63398872
5.155	0.63415593
5.156	0.63407738
5.157	0.63399258
5.158	0.63391588
5.159	0.63362651
5.160	0.63347773
5.161	0.63364405
5.162	0.63368659
5.163	0.63347596
5.164	0.63368352
5.165	0.63382409
5.166	0.63400984
5.167	0.63391597
5.168	0.63376389
5.169	0.63414478
5.170	0.63429354
5.171	0.63440517
5.172	0.63459205
5.173	0.63475310
5.174	0.63475019
5.175	0.63444471
5.176	0.63449653
5.177	0.63429525
5.178	0.63437607
5.179	0.63455497
5.180	0.63484360
5.181	0.63495001
5.182	0.63512424
5.183	0.63523415
5.184	0.63549613
5.185	0.63529146
5.186	0.63518567
5.187	0.63524049
5.188	0.63538914
5.189	0.63503948
5.190	0.63491432
5.191	0.63484206
5.192	0.63494332
5.193	0.63460998
5.194	0.63496072
5.195	0.63536105
5.196	0.63504793
5.197	0.63542356
5.198	0.63551281
5.199	0.63496098
5.200	0.63514986
5.201	0.63506910
5.202	0.63523322
5.203	0.63497871
5.204	0.63480652
5.205	0.63490269
5.206	0.63506603
5.207	0.63531765
5.208	0.63564648
5.209	0.63576631
5.210	0.63600344
5.211	0.63621208
5.212	0.63604117
5.213	0.63629045
5.214	0.63641484
5.215	0.63615735
5.216	0.63583592
5.217	0.63569960
5.218	0.63595387
5.219	0.63587597
5.220	0.63565727
5.221	0.63559317
5.222	0.63596933
5.223	0.63579770
5.224	0.63597074
5.225	0.63605565
5.226	0.63604763
5.227	0.63624644
5.228	0.63611999
5.229	0.63627827
5.230	0.63614494
5.231	0.63618804
5.232	0.63580853
5.233	0.63553069
5.234	0.63549401
5.235	0.63545656
5.236	0.63528709
5.237	0.63567099
5.238	0.63551773
5.239	0.63568326
5.240	0.63569422
5.241	0.63580485
5.242	0.63571379
5.243	0.63579137
5.244	0.63570154
5.245	0.63589898
5.246	0.63566058
5.247	0.63552108
5.248	0.63521021
5.249	0.63527176
5.250	0.63516572
5.251	0.63482940
5.252	0.63474736
5.253	0.63457210
5.254	0.63434423
5.255	0.63402610
5.256	0.63409213
5.257	0.63442591
5.258	0.63437572
5.259	0.63404028
5.260	0.63387264
5.261	0.63371286
5.262	0.63394009
5.263	0.63435727
5.264	0.63418424
5.265	0.63429378
5.266	0.63413070
5.267	0.63413931
5.268	0.63443966
5.269	0.63488380
5.270	0.63457443
5.271	0.63492610
5.272	0.63500705
5.273	0.63482737
5.274	0.63459856
5.275	0.63445880
5.276	0.63462065
5.277	0.63406678
5.278	0.63428506
5.279	0.63488569
5.280	0.63450990
5.281	0.63394780
5.282	0.63383311
5.283	0.63370520
5.284	0.63360681
5.285	0.63370445
5.286	0.63371991
5.287	0.63408878
5.288	0.63402983
5.289	0.63387572
5.290	0.63374107
5.291	0.63334007
5.292	0.63323588
5.293	0.63304420
5.294	0.63285635
5.295	0.63246291
5.296	0.63213141
5.297	0.63211313
5.298	0.63231135
5.299	0.63233679
5.300	0.63224973
5.301	0.63235347
5.302	0.63252219
5.303	0.63256803
5.304	0.63233853
5.305	0.63236365
5.306	0.63288128
5.307	0.63274959
5.308	0.63235237
5.309	0.63263031
5.310	0.63235807
5.311	0.63230477
5.312	0.63235653
5.313	0.63220975
5.314	0.63231973
5.315	0.63226169
5.316	0.63215346
5.317	0.63288372
5.318	0.63264108
5.319	0.63312452
5.320	0.63293007
5.321	0.63300939
5.322	0.63295441
5.323	0.63279451
5.324	0.63265844
5.325	0.63265393
5.326	0.63272606
5.327	0.63208248
5.328	0.63187677
5.329	0.63214131
5.330	0.63206827
5.331	0.63226699
5.332	0.63180715
5.333	0.63179377
5.334	0.63144332
5.335	0.63186209
5.336	0.63216017
5.337	0.63273311
5.338	0.63253347
5.339	0.63223095
5.340	0.63229798
5.341	0.63251402
5.342	0.63227112
5.343	0.63248167
5.344	0.63218600
5.345	0.63277272
5.346	0.63300299
5.347	0.63282832
5.348	0.63305955
5.349	0.63273634
5.350	0.63285574
5.351	0.63300024
5.352	0.63306106
5.353	0.63331324
5.354	0.63288289
5.355	0.63232179
5.356	0.63210812
5.357	0.63217960
5.358	0.63251396
5.359	0.63221023
5.360	0.63181413
5.361	0.63175300
5.362	0.63168117
5.363	0.63189907
5.364	0.63176361
5.365	0.63216925
5.366	0.63206821
5.367	0.63190383
5.368	0.63152007
5.369	0.63174622
5.370	0.63182395
5.371	0.63199352
5.372	0.63208633
5.373	0.63202376
5.374	0.63207648
5.375	0.63211246
5.376	0.63211528
5.377	0.63245053
5.378	0.63262041
5.379	0.63276002
5.380	0.63246954
5.381	0.63239349
5.382	0.63240690
5.383	0.63211916
5.384	0.63253636
5.385	0.63262622
5.386	0.63319218
5.387	0.63336849
5.388	0.63389434
5.389	0.63373306
5.390	0.63384974
5.391	0.63423439
5.392	0.63404514
5.393	0.63374203
5.394	0.63390228
5.395	0.63410753
5.396	0.63405221
5.397	0.63414428
5.398	0.63447226
5.399	0.63409741
5.400	0.63392270
5.401	0.63398459
5.402	0.63402162
5.403	0.63345327
5.404	0.63386107
5.405	0.63398127
5.406	0.63359326
5.407	0.63350412
5.408	0.63299380
5.409	0.63290408
5.410	0.63286537
5.411	0.63282505
5.412	0.63283065
5.413	0.63287450
5.414	0.63275420
5.415	0.63270816
5.416	0.63252958
5.417	0.63193263
5.418	0.63237940
5.419	0.63227331
5.420	0.63246560
5.421	0.63180278
5.422	0.63194967
5.423	0.63196912
5.424	0.63170087
5.425	0.63159994
5.426	0.63212983
5.427	0.63235553
5.428	0.63215528
5.429	0.63179681
5.430	0.63169076
5.431	0.63207646
5.432	0.63218379
5.433	0.63199697
5.434	0.63200063
5.435	0.63166037
5.436	0.63160863
5.437	0.63162429
5.438	0.63175848
5.439	0.63159637
5.440	0.63159974
5.441	0.63158706
5.442	0.63199075
5.443	0.63241091
5.444	0.63280992
5.445	0.63254793
5.446	0.63278559
5.447	0.63286370
5.448	0.63237199
5.449	0.63273807
5.450	0.63270151
5.451	0.63279491
5.452	0.63246180
5.453	0.63282787
5.454	0.63254069
5.455	0.63243105
5.456	0.63179055
5.457	0.63238228
5.458	0.63185118
5.459	0.63207805
5.460	0.63153504
5.461	0.63155917
5.462	0.63174019
5.463	0.63110798
5.464	0.63113665
5.465	0.63155132
5.466	0.63138435
5.467	0.63136992
5.468	0.63132561
5.469	0.63113065
5.470	0.63067363
5.471	0.63044329
5.472	0.63083378
5.473	0.63102013
5.474	0.63084703
5.475	0.63044661
5.476	0.63025243
5.477	0.63029493
5.478	0.63037550
5.479	0.63052606
5.480	0.63067107
5.481	0.63050375
5.482	0.63020253
5.483	0.63038916
5.484	0.63059597
5.485	0.63062154
5.486	0.63092249
5.487	0.63048390
5.488	0.63088033
5.489	0.63106870
5.490	0.63158957
5.491	0.63144124
5.492	0.63130167
5.493	0.63147890
5.494	0.63171588
5.495	0.63198228
5.496	0.63141454
5.497	0.63152594
5.498	0.63116465
5.499	0.63111149
5.500	0.63135909
5.501	0.63150376
5.502	0.63144792
5.503	0.63166275
5.504	0.63137776
5.505	0.63109225
5.506	0.63114334
5.507	0.63114238
5.508	0.63089671
5.509	0.63067242
5.510	0.63042578
5.511	0.63029220
5.512	0.63003507
5.513	0.62990675
5.514	0.62931834
5.515	0.62922662
5.516	0.62925035
5.517	0.62889795
5.518	0.62918223
5.519	0.62948339
5.520	0.62924812
5.521	0.62959003
5.522	0.62963910
5.523	0.62970453
5.524	0.63015501
5.525	0.63026097
5.526	0.63028507
5.527	0.63049456
5.528	0.63058749
5.529	0.63046629
5.530	0.63027568
5.531	0.63015863
5.532	0.63010382
5.533	0.63019013
5.534	0.63004901
5.535	0.63010535
5.536	0.63007313
5.537	0.63004224
5.538	0.62966778
5.539	0.62929754
5.540	0.62947499
5.541	0.62922415
5.542	0.62941621
5.543	0.62941026
5.544	0.62924308
5.545	0.62921198
5.546	0.62979499
5.547	0.62953363
5.548	0.62995660
5.549	0.62955528
5.550	0.62948076
5.551	0.62920686
5.552	0.62933361
5.553	0.62863083
5.554	0.62834825
5.555	0.62819178
5.556	0.62789727
5.557	0.62781077
5.558	0.62792409
5.559	0.62777598
5.560	0.62780457
5.561	0.62768051
5.562	0.62798952
5.563	0.62831637
5.564	0.62857763
5.565	0.62844499
5.566	0.62872624
5.567	0.62847005
5.568	0.62864892
5.569	0.62862840
5.570	0.62883210
5.571	0.62880930
5.572	0.62877569
5.573	0.62912746
5.574	0.62906876
5.575	0.62914122
5.576	0.62926149
5.577	0.62944925
5.578	0.62936901
5.579	0.62933363
5.580	0.62984743
5.581	0.62956158
5.582	0.62929664
5.583	0.62931455
5.584	0.62928772
5.585	0.62895274
5.586	0.62859589
5.587	0.62814759
5.588	0.62776746
5.589	0.62778875
5.590	0.62793292
5.591	0.62779821
5.592	0.62803754
5.593	0.62811478
5.594	0.62787635
5.595	0.62790472
5.596	0.62855549
5.597	0.62835350
5.598	0.62787026
5.599	0.62748293
5.600	0.62756683
5.601	0.62757143
5.602	0.62804173
5.603	0.62832103
5.604	0.62815111
5.605	0.62820033
5.606	0.62832841
5.607	0.62787479
5.608	0.62775317
5.609	0.62751224
5.610	0.62740787
5.611	0.62699039
5.612	0.62694645
5.613	0.62717571
5.614	0.62699622
5.615	0.62733112
5.616	0.62730820
5.617	0.62747771
5.618	0.62722293
5.619	0.62725418
5.620	0.62734747
5.621	0.62703955
5.622	0.62720479
5.623	0.62649333
5.624	0.62662615
5.625	0.62658738
5.626	0.62662519
5.627	0.62630142
5.628	0.62691988
5.629	0.62718735
5.630	0.62718253
5.631	0.62750246
5.632	0.62745115
5.633	0.62759146
5.634	0.62758849
5.635	0.62743336
5.636	0.62730921
5.637	0.62723560
5.638	0.62757133
5.639	0.62772016
5.640	0.62769269
5.641	0.62724798
5.642	0.62697047
5.643	0.62716067
5.644	0.62667217
5.645	0.62676275
5.646	0.62647694
5.647	0.62700379
5.648	0.62678968
5.649	0.62663868
5.650	0.62626374
5.651	0.62609432
5.652	0.62638013
5.653	0.62635156
5.654	0.62576280
5.655	0.62571486
5.656	0.62599176
5.657	0.62612059
5.658	0.62587542
5.659	0.62602201
5.660	0.62557209
5.661	0.62513174
5.662	0.62520927
5.663	0.62503541
5.664	0.62509071
5.665	0.62545195
5.666	0.62546682
5.667	0.62503353
5.668	0.62477493
5.669	0.62490923
5.670	0.62489254
5.671	0.62497163
5.672	0.62498124
5.673	0.62507232
5.674	0.62487090
5.675	0.62475970
5.676	0.62430892
5.677	0.62442653
5.678	0.62446894
5.679	0.62438463
5.680	0.62472998
5.681	0.62486787
5.682	0.62518800
5.683	0.62525221
5.684	0.62550314
5.685	0.62586347
5.686	0.62529188
5.687	0.62533353
5.688	0.62518908
5.689	0.62552119
5.690	0.62524036
5.691	0.62530362
5.692	0.62532885
5.693	0.62527980
5.694	0.62538464
5.695	0.62527120
5.696	0.62526140
5.697	0.62486384
5.698	0.62462267
5.699	0.62483010
5.700	0.62479949
5.701	0.62486868
5.702	0.62499976
5.703	0.62533203
5.704	0.62520501
5.705	0.62520549
5.706	0.62552920
5.707	0.62572684
5.708	0.62573711
5.709	0.62542008
5.710	0.62591605
5.711	0.62581401
5.712	0.62560386
5.713	0.62556845
5.714	0.62551089
5.715	0.62499896
5.716	0.62518384
5.717	0.62494622
5.718	0.62467779
5.719	0.62453367
5.720	0.62470726
5.721	0.62474039
5.722	0.62448840
5.723	0.62495256
5.724	0.62461546
5.725	0.62413489
5.726	0.62407515
5.727	0.62417894
5.728	0.62407438
5.729	0.62387532
5.730	0.62387721
5.731	0.62371647
5.732	0.62359632
5.733	0.62401203
5.734	0.62387896
5.735	0.62391973
5.736	0.62392988
5.737	0.62400841
5.738	0.62425508
5.739	0.62413625
5.740	0.62395575
5.741	0.62367014
5.742	0.62363721
5.743	0.62364192
5.744	0.62336084
5.745	0.62347650
5.746	0.62366508
5.747	0.62417162
5.748	0.62436703
5.749	0.62488300
5.750	0.62532943
5.751	0.62519496
5.752	0.62516740
5.753	0.62494089
5.754	0.62484932
5.755	0.62509789
5.756	0.62480352
5.757	0.62458751
5.758	0.62503112
5.759	0.62494582
5.760	0.62444826
5.761	0.62441742
5.762	0.62460712
5.763	0.62408248
5.764	0.62416492
5.765	0.62430263
5.766	0.62464835
5.767	0.62479119
5.768	0.62463783
5.769	0.62538233
5.770	0.62523552
5.771	0.62573489
5.772	0.62557055
5.773	0.62552884
5.774	0.62588413
5.775	0.62532662
5.776	0.62540354
5.777	0.62537059
5.778	0.62561139
5.779	0.62566029
5.780	0.62574008
5.781	0.62513175
5.782	0.62505555
5.783	0.62501609
5.784	0.62489799
5.785	0.62524041
5.786	0.62511127
5.787	0.62478524
5.788	0.62457579
5.789	0.62495858
5.790	0.62529109
5.791	0.62572966
5.792	0.62570748
5.793	0.62541245
5.794	0.62556634
5.795	0.62556686
5.796	0.62514523
5.797	0.62501689
5.798	0.62445445
5.799	0.62440193
5.800	0.62501828
5.801	0.62529316
5.802	0.62526096
5.803	0.62535322
5.804	0.62585533
5.805	0.62532055
5.806	0.62509389
5.807	0.62484022
5.808	0.62483569
5.809	0.62464607
5.810	0.62526979
5.811	0.62542811
5.812	0.62533940
5.813	0.62498068
5.814	0.62490983
5.815	0.62486697
5.816	0.62496605
5.817	0.62493539
5.818	0.62472931
5.819	0.62466794
5.820	0.62470950
5.821	0.62450655
5.822	0.62470189
5.823	0.62495452
5.824	0.62470047
5.825	0.62473512
5.826	0.62455867
5.827	0.62398489
5.828	0.62398167
5.829	0.62394176
5.830	0.62411718
5.831	0.62433128
5.832	0.62398574
5.833	0.62411570
5.834	0.62445035
5.835	0.62491215
5.836	0.62450694
5.837	0.62431028
5.838	0.62494504
5.839	0.62512322
5.840	0.62546402
5.841	0.62502536
5.842	0.62481806
5.843	0.62499902
5.844	0.62501175
5.845	0.62522930
5.846	0.62546083
5.847	0.62566528
5.848	0.62573654
5.849	0.62577192
5.850	0.62570038
5.851	0.62539156
5.852	0.62582155
5.853	0.62562262
5.854	0.62582072
5.855	0.62673026
5.856	0.62644715
5.857	0.62639257
5.858	0.62637475
5.859	0.62664506
5.860	0.62607665
5.861	0.62607866
5.862	0.62612878
5.863	0.62638466
5.864	0.62607504
5.865	0.62614123
5.866	0.62565410
5.867	0.62565924
5.868	0.62607410
5.869	0.62587903
5.870	0.62596378
5.871	0.62603785
5.872	0.62621271
5.873	0.62643800
5.874	0.62643305
5.875	0.62616216
5.876	0.62611772
5.877	0.62609604
5.878	0.62629544
5.879	0.62630845
5.880	0.62654884
5.881	0.62631943
5.882	0.62662139
5.883	0.62646167
5.884	0.62626123
5.885	0.62608426
5.886	0.62634705
5.887	0.62624620
5.888	0.62617630
5.889	0.62594849
5.890	0.62578405
5.891	0.62620286
5.892	0.62568797
5.893	0.62538597
5.894	0.62538923
5.895	0.62546907
5.896	0.62579066
5.897	0.62545201
5.898	0.62582760
5.899	0.62623672
5.900	0.62583894
5.901	0.62634640
5.902	0.62656457
5.903	0.62687128
5.904	0.62685137
5.905	0.62672738
5.906	0.62693480
5.907	0.62677981
5.908	0.62720538
5.909	0.62752817
5.910	0.62725388
5.911	0.62735659
5.912	0.62738505
5.913	0.62715799
5.914	0.62677923
5.915	0.62737735
5.916	0.62741215
5.917	0.62767650
5.918	0.62760271
5.919	0.62774359
5.920	0.62761362
5.921	0.62800718
5.922	0.62779396
5.923	0.62834485
5.924	0.62853324
5.925	0.62865952
5.926	0.62902507
5.927	0.62848124
5.928	0.62825072
5.929	0.62806688
5.930	0.62794621
5.931	0.62773443
5.932	0.62786138
5.933	0.62791605
5.934	0.62777043
5.935	0.62801030
5.936	0.62766464
5.937	0.62767977
5.938	0.62778782
5.939	0.62794631
5.940	0.62749823
5.941	0.62701640
5.942	0.62724507
5.943	0.62741479
5.944	0.62711008
5.945	0.62765798
5.946	0.62765858
5.947	0.62758348
5.948	0.62752555
5.949	0.62714120
5.950	0.62766297
5.951	0.62774323
5.952	0.62815045
5.953	0.62823553
5.954	0.62803856
5.955	0.62798553
5.956	0.62832846
5.957	0.62868698
5.958	0.62858494
5.959	0.62916455
5.960	0.62933424
5.961	0.62893599
5.962	0.62910840
5.963	0.62879120
5.964	0.62913117
5.965	0.62928829
5.966	0.62912185
5.967	0.62872369
5.968	0.62875124
5.969	0.62877023
5.970	0.62895025
5.971	0.62904696
5.972	0.62907860
5.973	0.62905995
5.974	0.62976282
5.975	0.62987484
5.976	0.62991216
5.977	0.63003707
5.978	0.63009527
5.979	0.63026331
5.980	0.63006615
5.981	0.62993755
5.982	0.62970247
5.983	0.62962174
5.984	0.62937187
5.985	0.62982886
5.986	0.62966263
5.987	0.62996570
5.988	0.63020567
5.989	0.63015701
5.990	0.63027658
5.991	0.63021271
5.992	0.63035967
5.993	0.63087405
5.994	0.63062618
5.995	0.63096331
5.996	0.63123524
5.997	0.63137280
5.998	0.63124817
5.999	0.63170980
6.000	0.63169521
6.001	0.63163331
6.002	0.63178302
6.003	0.63174360
6.004	0.63170714
6.005	0.63193407
6.006	0.63243694
6.007	0.63226533
6.008	0.63199119
6.009	0.63197922
6.010	0.63214204
6.011	0.63187481
6.012	0.63197717
6.013	0.63204838
6.014	0.63200611
6.015	0.63164542
6.016	0.63158491
6.017	0.63154217
6.018	0.63151214
6.019	0.63220306
6.020	0.63250558
6.021	0.63258700
6.022	0.63302480
6.023	0.63280577
6.024	0.63281568
6.025	0.63319291
6.026	0.63291320
6.027	0.63307207
6.028	0.63326001
6.029	0.63315919
6.030	0.63310991
6.031	0.63278116
6.032	0.63264066
6.033	0.63255397
6.034	0.63279073
6.035	0.63320297
6.036	0.63357012
6.037	0.63353804
6.038	0.63362516
6.039	0.63363509
6.040	0.63402953
6.041	0.63389050
6.042	0.63405470
6.043	0.63416884
6.044	0.63372266
6.045	0.63403474
6.046	0.63324621
6.047	0.63331669
6.048	0.63328488
6.049	0.63316768
6.050	0.63308308
6.051	0.63323865
6.052	0.63350741
6.053	0.63333146
6.054	0.63338427
6.055	0.63299453
6.056	0.63332643
6.057	0.63338933
6.058	0.63334395
6.059	0.63312307
6.060	0.63342305
6.061	0.63328969
6.062	0.63345677
6.063	0.63340001
6.064	0.63357678
6.065	0.63388369
6.066	0.63413648
6.067	0.63400295
6.068	0.63404050
6.069	0.63377945
6.070	0.63385970
6.071	0.63348279
6.072	0.63346348
6.073	0.63377384
6.074	0.63376374
6.075	0.63395850
6.076	0.63382498
6.077	0.63395239
6.078	0.63414218
6.079	0.63409832
6.080	0.63398466
6.081	0.63368447
6.082	0.63421308
6.083	0.63384390
6.084	0.63363851
6.085	0.63375563
6.086	0.63361425
6.087	0.63380381
6.088	0.63397284
6.089	0.63385064
6.090	0.63386306
6.091	0.63375824
6.092	0.63362947
6.093	0.63332230
6.094	0.63281058
6.095	0.63258003
6.096	0.63258292
6.097	0.63256062
6.098	0.63291070
6.099	0.63280783
6.100	0.63285976
6.101	0.63289875
6.102	0.63275920
6.103	0.63264718
6.104	0.63226328
6.105	0.63235653
6.106	0.63213814
6.107	0.63237881
6.108	0.63223163
6.109	0.63228306
6.110	0.63209040
6.111	0.63233133
6.112	0.63220098
6.113	0.63197471
6.114	0.63157651
6.115	0.63134469
6.116	0.63138757
6.117	0.63121748
6.118	0.63118382
6.119	0.63136047
6.120	0.63107188
6.121	0.63158400
6.122	0.63159847
6.123	0.63189012
6.124	0.63179502
6.125	0.63220852
6.126	0.63223441
6.127	0.63189340
6.128	0.63239604
6.129	0.63220128
6.130	0.63214190
6.131	0.63198257
6.132	0.63198385
6.133	0.63146008
6.134	0.63134999
6.135	0.63106938
6.136	0.63147651
6.137	0.63108750
6.138	0.63064319
6.139	0.63026236
6.140	0.63001857
6.141	0.63056784
6.142	0.63057644
6.143	0.63042021
6.144	0.63065825
6.145	0.62996102
6.146	0.63009176
6.147	0.63002419
6.148	0.63003254
6.149	0.63028434
6.150	0.62997653
6.151	0.63026128
6.152	0.63054059
6.153	0.63027128
6.154	0.63017142
6.155	0.63018531
6.156	0.63004513
6.157	0.62982782
6.158	0.63030936
6.159	0.63057453
6.160	0.63024503
6.161	0.63038069
6.162	0.63046636
6.163	0.63055580
6.164	0.63007775
6.165	0.63015323
6.166	0.62991113
6.167	0.62962962
6.168	0.62965950
6.169	0.62971460
6.170	0.62959866
6.171	0.62993951
6.172	0.63000977
6.173	0.63026195
6.174	0.62993064
6.175	0.63026762
6.176	0.63045595
6.177	0.63053627
6.178	0.63081782
6.179	0.63110693
6.180	0.63109216
6.181	0.63110800
6.182	0.63160570
6.183	0.63139130
6.184	0.63098055
6.185	0.63139345
6.186	0.63100813
6.187	0.63145658
6.188	0.63129970
6.189	0.63081448
6.190	0.63106465
6.191	0.63123425
6.192	0.63150688
6.193	0.63159843
6.194	0.63149961
6.195	0.63177694
6.196	0.63221717
6.197	0.63238813
6.198	0.63239463
6.199	0.63236386
6.200	0.63274879
6.201	0.63318905
6.202	0.63331134
6.203	0.63305539
6.204	0.63325687
6.205	0.63357112
6.206	0.63396914
6.207	0.63342410
6.208	0.63385263
6.209	0.63379183
6.210	0.63322834
6.211	0.63297177
6.212	0.63291333
6.213	0.63278650
6.214	0.63319703
6.215	0.63341097
6.216	0.63355886
6.217	0.63361242
6.218	0.63389932
6.219	0.63391119
6.220	0.63403357
6.221	0.63422096
6.222	0.63425571
6.223	0.63412617
6.224	0.63384302
6.225	0.63380068
6.226	0.63313729
6.227	0.63255661
6.228	0.63263975
6.229	0.63267030
6.230	0.63252665
6.231	0.63253211
6.232	0.63244622
6.233	0.63268777
6.234	0.63231411
6.235	0.63192271
6.236	0.63209719
6.237	0.63227318
6.238	0.63230699
6.239	0.63222321
6.240	0.63206092
6.241	0.63242678
6.242	0.63256398
6.243	0.63284411
6.244	0.63267082
6.245	0.63246949
6.246	0.63226864
6.247	0.63281827
6.248	0.63255441
6.249	0.63288716
6.250	0.63340401
6.251	0.63372196
6.252	0.63369443
6.253	0.63325513
6.254	0.63380131
6.255	0.63416401
6.256	0.63409079
6.257	0.63376656
6.258	0.63341242
6.259	0.63363379
6.260	0.63379601
6.261	0.63400589
6.262	0.63344520
6.263	0.63342306
6.264	0.63343289
6.265	0.63353053
6.266	0.63377253
6.267	0.63385840
6.268	0.63373179
6.269	0.63370783
6.270	0.63397694
6.271	0.63430974
6.272	0.63459538
6.273	0.63442995
6.274	0.63439184
6.275	0.63401729
6.276	0.63397552
6.277	0.63400561
6.278	0.63419029
6.279	0.63433007
6.280	0.63455759
6.281	0.63498502
6.282	0.63523033
6.283	0.63549397
6.284	0.63561575
6.285	0.63531757
6.286	0.63517593
6.287	0.63498083
6.288	0.63527269
6.289	0.63522149
6.290	0.63528180
6.291	0.63567095
6.292	0.63587077
6.293	0.63631515
6.294	0.63663258
6.295	0.63707722
6.296	0.63704473
6.297	0.63741164
6.298	0.63740431
6.299	0.63716283
6.300	0.63747714
6.301	0.63777898
6.302	0.63786941
6.303	0.63820273
6.304	0.63815017
6.305	0.63826618
6.306	0.63806250
6.307	0.63824993
6.308	0.63811795
6.309	0.63793078
6.310	0.63777535
6.311	0.63778055
6.312	0.63745109
6.313	0.63717274
6.314	0.63719654
6.315	0.63789956
6.316	0.63800749
6.317	0.63801465
6.318	0.63847891
6.319	0.63858062
6.320	0.63908823
6.321	0.63873960
6.322	0.63902714
6.323	0.63909488
6.324	0.63944875
6.325	0.63914207
6.326	0.63920408
6.327	0.63926125
6.328	0.63863324
6.329	0.63888542
6.330	0.63857706
6.331	0.63885323
6.332	0.63888006
6.333	0.63871608
6.334	0.63930496
6.335	0.63930297
6.336	0.63946826
6.337	0.63961391
6.338	0.63995928
6.339	0.64011443
6.340	0.64031080
6.341	0.64093256
6.342	0.64096444
6.343	0.64095840
6.344	0.64092376
6.345	0.64090034
6.346	0.64080814
6.347	0.64081398
6.348	0.64062566
6.349	0.64037698
6.350	0.64053598
6.351	0.64055826
6.352	0.64087680
6.353	0.64034419
6.354	0.64020885
6.355	0.64045329
6.356	0.64099705
6.357	0.64131622
6.358	0.64106319
6.359	0.64080360
6.360	0.64069017
6.361	0.64114160
6.362	0.64109433
6.363	0.64064926
6.364	0.64064539
6.365	0.64069085
6.366	0.64064738
6.367	0.64039650
6.368	0.64051673
6.369	0.64030769
6.370	0.63972025
6.371	0.63985723
6.372	0.63956394
6.373	0.63987657
6.374	0.63962265
6.375	0.63953959
6.376	0.63951738
6.377	0.63954852
6.378	0.63937925
6.379	0.63940227
6.380	0.63927836
6.381	0.63909124
6.382	0.63929366
6.383	0.63918585
6.384	0.63956796
6.385	0.63927744
6.386	0.63885625
6.387	0.63917660
6.388	0.63899373
6.389	0.63885658
6.390	0.63900254
6.391	0.63872195
6.392	0.63829434
6.393	0.63797357
6.394	0.63781672
6.395	0.63794720
6.396	0.63832249
6.397	0.63851500
6.398	0.63851339
6.399	0.63804392
6.400	0.63732341
6.401	0.63755547
6.402	0.63736794
6.403	0.63750060
6.404	0.63728183
6.405	0.63709031
6.406	0.63694217
6.407	0.63719173
6.408	0.63722430
6.409	0.63786437
6.410	0.63791505
6.411	0.63769878
6.412	0.63788480
6.413	0.63790395
6.414	0.63819609
6.415	0.63847935
6.416	0.63829573
6.417	0.63826048
6.418	0.63795828
6.419	0.63804208
6.420	0.63762688
6.421	0.63764858
6.422	0.63793085
6.423	0.63805051
6.424	0.63802780
6.425	0.63821946
6.426	0.63827415
6.427	0.63855079
6.428	0.63839957
6.429	0.63888089
6.430	0.63887997
6.431	0.63889142
6.432	0.63865672
6.433	0.63896280
6.434	0.63889624
6.435	0.63897103
6.436	0.63904429
6.437	0.63880463
6.438	0.63883434
6.439	0.63884038
6.440	0.63880545
6.441	0.63904399
6.442	0.63891713
6.443	0.63867966
6.444	0.63869947
6.445	0.63891699
6.446	0.63907374
6.447	0.63905027
6.448	0.63935011
6.449	0.63949838
6.450	0.63922212
6.451	0.63952623
6.452	0.63932775
6.453	0.63922172
6.454	0.63956862
6.455	0.63928683
6.456	0.63927588
6.457	0.63920317
6.458	0.63934882
6.459	0.63927263
6.460	0.63923546
6.461	0.63913379
6.462	0.63851846
6.463	0.63854441
6.464	0.63866853
6.465	0.63888280
6.466	0.63870890
6.467	0.63845687
6.468	0.63818923
6.469	0.63830697
6.470	0.63836029
6.471	0.63796081
6.472	0.63740424
6.473	0.63762868
6.474	0.63773712
6.475	0.63780705
6.476	0.63757859
6.477	0.63755928
6.478	0.63738181
6.479	0.63718819
6.480	0.63735345
6.481	0.63750831
6.482	0.63756161
6.483	0.63752527
6.484	0.63763365
6.485	0.63709224
6.486	0.63763202
6.487	0.63762968
6.488	0.63768302
6.489	0.63782249
6.490	0.63781377
6.491	0.63782655
6.492	0.63811590
6.493	0.63815363
6.494	0.63821420
6.495	0.63846853
6.496	0.63849064
6.497	0.63804071
6.498	0.63812398
6.499	0.63811388
6.500	0.63842882
6.501	0.63859317
6.502	0.63864386
6.503	0.63917626
6.504	0.63945799
6.505	0.63972494
6.506	0.64016368
6.507	0.64051955
6.508	0.64058020
6.509	0.64086183
6.510	0.64106532
6.511	0.64113787
6.512	0.64080110
6.513	0.64094513
6.514	0.64073868
6.515	0.64105542
6.516	0.64101079
6.517	0.64096388
6.518	0.64058423
6.519	0.64058679
6.520	0.64069273
6.521	0.64054871
6.522	0.64085779
6.523	0.64082485
6.524	0.64104943
6.525	0.64063761
6.526	0.64035132
6.527	0.64026406
6.528	0.64016756
6.529	0.64025959
6.530	0.64049654
6.531	0.64041624
6.532	0.64038040
6.533	0.64097712
6.534	0.64087958
6.535	0.64093665
6.536	0.64058472
6.537	0.64040202
6.538	0.64034664
6.539	0.64018920
6.540	0.64048540
6.541	0.64034674
6.542	0.64036619
6.543	0.64046116
6.544	0.64028532
6.545	0.63991616
6.546	0.64027365
6.547	0.64030209
6.548	0.63979451
6.549	0.63941966
6.550	0.64004971
6.551	0.63983114
6.552	0.64009212
6.553	0.63990526
6.554	0.64005911
6.555	0.63977875
6.556	0.63944255
6.557	0.63956425
6.558	0.63995541
6.559	0.63986829
6.560	0.63972192
6.561	0.63994178
6.562	0.64024326
6.563	0.64017603
6.564	0.63987479
6.565	0.63992004
6.566	0.63958782
6.567	0.63965960
6.568	0.63968926
6.569	0.63999984
6.570	0.63997576
6.571	0.63978428
6.572	0.64004315
6.573	0.64000091
6.574	0.63995902
6.575	0.63973008
6.576	0.63932633
6.577	0.63923325
6.578	0.63894013
6.579	0.63886801
6.580	0.63892900
6.581	0.63870575
6.582	0.63854791
6.583	0.63819868
6.584	0.63808560
6.585	0.63786209
6.586	0.63763736
6.587	0.63789974
6.588	0.63781074
6.589	0.63797672
6.590	0.63788337
6.591	0.63801251
6.592	0.63826377
6.593	0.63828039
6.594	0.63791570
6.595	0.63775515
6.596	0.63771315
6.597	0.63723491
6.598	0.63753825
6.599	0.63763337
6.600	0.63804904
6.601	0.63799094
6.602	0.63772491
6.603	0.63742521
6.604	0.63732071
6.605	0.63734931
6.606	0.63754229
6.607	0.63759613
6.608	0.63760546
6.609	0.63846926
6.610	0.63866845
6.611	0.63841756
6.612	0.63787244
6.613	0.63852161
6.614	0.63851750
6.615	0.63878330
6.616	0.63864542
6.617	0.63871262
6.618	0.63852088
6.619	0.63881232
6.620	0.63878208
6.621	0.63865630
6.622	0.63858729
6.623	0.63863718
6.624	0.63843534
6.625	0.63854582
6.626	0.63838847
6.627	0.63848657
6.628	0.63809585
6.629	0.63756426
6.630	0.63749462
6.631	0.63753997
6.632	0.63764752
6.633	0.63746821
6.634	0.63720795
6.635	0.63696578
6.636	0.63669026
6.637	0.63670981
6.638	0.63639119
6.639	0.63608013
6.640	0.63640935
6.641	0.63639679
6.642	0.63626552
6.643	0.63581889
6.644	0.63591902
6.645	0.63589529
6.646	0.63595073
6.647	0.63593810
6.648	0.63585862
6.649	0.63612238
6.650	0.63607708
6.651	0.63564231
6.652	0.63555708
6.653	0.63576362
6.654	0.63578742
6.655	0.63573282
6.656	0.63615529
6.657	0.63602122
6.658	0.63654900
6.659	0.63662547
6.660	0.63698107
6.661	0.63734384
6.662	0.63747464
6.663	0.63728641
6.664	0.63753205
6.665	0.63737543
6.666	0.63708955
6.667	0.63687175
6.668	0.63678512
6.669	0.63698985
6.670	0.63654151
6.671	0.63679173
6.672	0.63688385
6.673	0.63685543
6.674	0.63683750
6.675	0.63719343
6.676	0.63723697
6.677	0.63714617
6.678	0.63736002
6.679	0.63735691
6.680	0.63708338
6.681	0.63724425
6.682	0.63731569
6.683	0.63725985
6.684	0.63749582
6.685	0.63781571
6.686	0.63765926
6.687	0.63760224
6.688	0.63718930
6.689	0.63730643
6.690	0.63731338
6.691	0.63710696
6.692	0.63713446
6.693	0.63729629
6.694	0.63739793
6.695	0.63740166
6.696	0.63747601
6.697	0.63703602
6.698	0.63685551
6.699	0.63705660
6.700	0.63664282
6.701	0.63675191
6.702	0.63679806
6.703	0.63692208
6.704	0.63669932
6.705	0.63671039
6.706	0.63693427
6.707	0.63745869
6.708	0.63719707
6.709	0.63775423
6.710	0.63788227
6.711	0.63774779
6.712	0.63752596
6.713	0.63769987
6.714	0.63710357
6.715	0.63695282
6.716	0.63698519
6.717	0.63716269
6.718	0.63742264
6.719	0.63742729
6.720	0.63748252
6.721	0.63736873
6.722	0.63770328
6.723	0.63758585
6.724	0.63814653
6.725	0.63795338
6.726	0.63820339
6.727	0.63790381
6.728	0.63842314
6.729	0.63843731
6.730	0.63817142
6.731	0.63824202
6.732	0.63840840
6.733	0.63842324
6.734	0.63870898
6.735	0.63877720
6.736	0.63889499
6.737	0.63893858
6.738	0.63882724
6.739	0.63871558
6.740	0.63857242
6.741	0.63830450
6.742	0.63834667
6.743	0.63872489
6.744	0.63849278
6.745	0.63870198
6.746	0.63917787
6.747	0.63899400
6.748	0.63904186
6.749	0.63911476
6.750	0.63839332
6.751	0.63856160
6.752	0.63821160
6.753	0.63848318
6.754	0.63903306
6.755	0.63890844
6.756	0.63865483
6.757	0.63850915
6.758	0.63861764
6.759	0.63845864
6.760	0.63842042
6.761	0.63863492
6.762	0.63799781
6.763	0.63766770
6.764	0.63761798
6.765	0.63745098
6.766	0.63730835
6.767	0.63727349
6.768	0.63725940
6.769	0.63736731
6.770	0.63757501
6.771	0.63785712
6.772	0.63774970
6.773	0.63764115
6.774	0.63785589
6.775	0.63795342
6.776	0.63795699
6.777	0.63808189
6.778	0.63825892
6.779	0.63881590
6.780	0.63853459
6.781	0.63792163
6.782	0.63780348
6.783	0.63771263
6.784	0.63755758
6.785	0.63752242
6.786	0.63752227
6.787	0.63771402
6.788	0.63779340
6.789	0.63790768
6.790	0.63807679
6.791	0.63819974
6.792	0.63828088
6.793	0.63811418
6.794	0.63802963
6.795	0.63796562
6.796	0.63783080
6.797	0.63753672
6.798	0.63759543
6.799	0.63728686
6.800	0.63675013
6.801	0.63667332
6.802	0.63628581
6.803	0.63645749
6.804	0.63659600
6.805	0.63679138
6.806	0.63695126
6.807	0.63681622
6.808	0.63678318
6.809	0.63652387
6.810	0.63639946
6.811	0.63615115
6.812	0.63682651
6.813	0.63697266
6.814	0.63726892
6.815	0.63753089
6.816	0.63711154
6.817	0.63709909
6.818	0.63695264
6.819	0.63682337
6.820	0.63656376
6.821	0.63649801
6.822	0.63664357
6.823	0.63654782
6.824	0.63676107
6.825	0.63687228
6.826	0.63679399
6.827	0.63675987
6.828	0.63626703
6.829	0.63613449
6.830	0.63644018
6.831	0.63611891
6.832	0.63598119
6.833	0.63634924
6.834	0.63606820
6.835	0.63612252
6.836	0.63571540
6.837	0.63533393
6.838	0.63536366
6.839	0.63521569
6.840	0.63560316
6.841	0.63558636
6.842	0.63554330
6.843	0.63515993
6.844	0.63530803
6.845	0.63547703
6.846	0.63500233
6.847	0.63477721
6.848	0.63498324
6.849	0.63498821
6.850	0.63476865
6.851	0.63430938
6.852	0.63421125
6.853	0.63357565
6.854	0.63332705
6.855	0.63349536
6.856	0.63342514
6.857	0.63352320
6.858	0.63353235
6.859	0.63345741
6.860	0.63322783
6.861	0.63347117
6.862	0.63362207
6.863	0.63359220
6.864	0.63350689
6.865	0.63339297
6.866	0.63313745
6.867	0.63290982
6.868	0.63275488
6.869	0.63230115
6.870	0.63248352
6.871	0.63266287
6.872	0.63264666
6.873	0.63283437
6.874	0.63244375
6.875	0.63226112
6.876	0.63223451
6.877	0.63229489
6.878	0.63206819
6.879	0.63181345
6.880	0.63211949
6.881	0.63209748
6.882	0.63213762
6.883	0.63219937
6.884	0.63215820
6.885	0.63180342
6.886	0.63170001
6.887	0.63161922
6.888	0.63138225
6.889	0.63108385
6.890	0.63124028
6.891	0.63145346
6.892	0.63168962
6.893	0.63107352
6.894	0.63072597
6.895	0.63067958
6.896	0.63091926
6.897	0.63062973
6.898	0.63059224
6.899	0.63031348
6.900	0.63033480
6.901	0.63024364
6.902	0.63041763
6.903	0.63040522
6.904	0.63070668
6.905	0.63072230
6.906	0.63062495
6.907	0.63066481
6.908	0.63088015
6.909	0.63070129
6.910	0.63044774
6.911	0.63034123
6.912	0.63008042
6.913	0.63010718
6.914	0.62976614
6.915	0.62925817
6.916	0.62906064
6.917	0.62931650
6.918	0.62996875
6.919	0.62991647
6.920	0.62980232
6.921	0.62976208
6.922	0.62977230
6.923	0.63002399
6.924	0.63033929
6.925	0.63045615
6.926	0.63034640
6.927	0.62996996
6.928	0.63007149
6.929	0.63018774
6.930	0.62995655
6.931	0.63025212
6.932	0.63016654
6.933	0.63027696
6.934	0.63020948
6.935	0.63002319
6.936	0.63003327
6.937	0.63022866
6.938	0.63014938
6.939	0.62997229
6.940	0.62959037
6.941	0.62913148
6.942	0.62919578
6.943	0.62941515
6.944	0.62951252
6.945	0.62967046
6.946	0.62989150
6.947	0.63016244
6.948	0.63028651
6.949	0.63056465
6.950	0.63039907
6.951	0.62974446
6.952	0.63002335
6.953	0.62980927
6.954	0.62969143
6.955	0.62944955
6.956	0.62877389
6.957	0.62850256
6.958	0.62839834
6.959	0.62824946
6.960	0.62863196
6.961	0.62843417
6.962	0.62833655
6.963	0.62830704
6.964	0.62824896
6.965	0.62809482
6.966	0.62786427
6.967	0.62780781
6.968	0.62825223
6.969	0.62791959
6.970	0.62770222
6.971	0.62796977
6.972	0.62796397
6.973	0.62798373
6.974	0.62824836
6.975	0.62826896
6.976	0.62856540
6.977	0.62862591
6.978	0.62838227
6.979	0.62839887
6.980	0.62863899
6.981	0.62857261
6.982	0.62879391
6.983	0.62888402
6.984	0.62861599
6.985	0.62847700
6.986	0.62840904
6.987	0.62836927
6.988	0.62844690
6.989	0.62859230
6.990	0.62897725
6.991	0.62937583
6.992	0.62929391
6.993	0.62935114
6.994	0.62965722
6.995	0.62963308
6.996	0.62966554
6.997	0.62976481
6.998	0.63004071
6.999	0.63018470
7.000	0.63032392
7.001	0.62995683
7.002	0.62988064
7.003	0.62991227
7.004	0.62983952
7.005	0.62966791
7.006	0.63000629
7.007	0.63034441
7.008	0.63015970
7.009	0.62975411
7.010	0.62939984
7.011	0.62919889
7.012	0.62890272
7.013	0.62903906
7.014	0.62879359
7.015	0.62897487
7.016	0.62880645
7.017	0.62951683
7.018	0.62984429
7.019	0.63000561
7.020	0.63000668
7.021	0.63020105
7.022	0.63027849
7.023	0.62995752
7.024	0.63024564
7.025	0.63015890
7.026	0.63022170
7.027	0.62978348
7.028	0.62972831
7.029	0.62975511
7.030	0.62941115
7.031	0.62940615
7.032	0.62937607
7.033	0.62937706
7.034	0.62971101
7.035	0.62976543
7.036	0.62986488
7.037	0.63039868
7.038	0.63024559
7.039	0.63053466
7.040	0.62986377
7.041	0.62979743
7.042	0.62995153
7.043	0.63033154
7.044	0.62990415
7.045	0.62983213
7.046	0.62951477
7.047	0.62963758
7.048	0.62978336
7.049	0.62961100
7.050	0.62955697
7.051	0.62907101
7.052	0.62879941
7.053	0.62826046
7.054	0.62791602
7.055	0.62744749
7.056	0.62730044
7.057	0.62704795
7.058	0.62669585
7.059	0.62698642
7.060	0.62674133
7.061	0.62624790
7.062	0.62633576
7.063	0.62618170
7.064	0.62617921
7.065	0.62626159
7.066	0.62599237
7.067	0.62528995
7.068	0.62540059
7.069	0.62584422
7.070	0.62581250
7.071	0.62628961
7.072	0.62658048
7.073	0.62682813
7.074	0.62688251
7.075	0.62683059
7.076	0.62675532
7.077	0.62658735
7.078	0.62639225
7.079	0.62584188
7.080	0.62557844
7.081	0.62585165
7.082	0.62567473
7.083	0.62569016
7.084	0.62597306
7.085	0.62582236
7.086	0.62579188
7.087	0.62533008
7.088	0.62522068
7.089	0.62501286
7.090	0.62524328
7.091	0.62500578
7.092	0.62438687
7.093	0.62428486
7.094	0.62452023
7.095	0.62431332
7.096	0.62362498
7.097	0.62378848
7.098	0.62388232
7.099	0.62380868
7.100	0.62371573
7.101	0.62346945
7.102	0.62368177
7.103	0.62353498
7.104	0.62349830
7.105	0.62344992
7.106	0.62309382
7.107	0.62275468
7.108	0.62260607
7.109	0.62241727
7.110	0.62256484
7.111	0.62274218
7.112	0.62307515
7.113	0.62296389
7.114	0.62269138
7.115	0.62244300
7.116	0.62279636
7.117	0.62281202
7.118	0.62287414
7.119	0.62295181
7.120	0.62288276
7.121	0.62304685
7.122	0.62287425
7.123	0.62260323
7.124	0.62269420
7.125	0.62243665
7.126	0.62259077
7.127	0.62269917
7.128	0.62216421
7.129	0.62202307
7.130	0.62237068
7.131	0.62234571
7.132	0.62201381
7.133	0.62262942
7.134	0.62346060
7.135	0.62317598
7.136	0.62321040
7.137	0.62315492
7.138	0.62363491
7.139	0.62354147
7.140	0.62338640
7.141	0.62333113
7.142	0.62320559
7.143	0.62305945
7.144	0.62259758
7.145	0.62247187
7.146	0.62249933
7.147	0.62209357
7.148	0.62197899
7.149	0.62207330
7.150	0.62208431
7.151	0.62171834
7.152	0.62210613
7.153	0.62217866
7.154	0.62217707
7.155	0.62168919
7.156	0.62191571
7.157	0.62156336
7.158	0.62171351
7.159	0.62118493
7.160	0.62149818
7.161	0.62202224
7.162	0.62189076
7.163	0.62203346
7.164	0.62149513
7.165	0.62174470
7.166	0.62173879
7.167	0.62198606
7.168	0.62247474
7.169	0.62250305
7.170	0.62278311
7.171	0.62312946
7.172	0.62373472
7.173	0.62389012
7.174	0.62407218
7.175	0.62369508
7.176	0.62390825
7.177	0.62345485
7.178	0.62341798
7.179	0.62325620
7.180	0.62332406
7.181	0.62325959
7.182	0.62354263
7.183	0.62373397
7.184	0.62403364
7.185	0.62347940
7.186	0.62313608
7.187	0.62322375
7.188	0.62291265
7.189	0.62285701
7.190	0.62302985
7.191	0.62359356
7.192	0.62345273
7.193	0.62314720
7.194	0.62294047
7.195	0.62272481
7.196	0.62241008
7.197	0.62251834
7.198	0.62228931
7.199	0.62196546
7.200	0.62204848
7.201	0.62308784
7.202	0.62267798
7.203	0.62245675
7.204	0.62288047
7.205	0.62314808
7.206	0.62297820
7.207	0.62267816
7.208	0.62294546
7.209	0.62297047
7.210	0.62305045
7.211	0.62343282
7.212	0.62291153
7.213	0.62272677
7.214	0.62275189
7.215	0.62275685
7.216	0.62263558
7.217	0.62321629
7.218	0.62348289
7.219	0.62341904
7.220	0.62323950
7.221	0.62333373
7.222	0.62332210
7.223	0.62381937
7.224	0.62368545
7.225	0.62362495
7.226	0.62341355
7.227	0.62299170
7.228	0.62251863
7.229	0.62230474
7.230	0.62270226
7.231	0.62238593
7.232	0.62258866
7.233	0.62282639
7.234	0.62290975
7.235	0.62281249
7.236	0.62260060
7.237	0.62272895
7.238	0.62284970
7.239	0.62274634
7.240	0.62239655
7.241	0.62262405
7.242	0.62262883
7.243	0.62252856
7.244	0.62297030
7.245	0.62243341
7.246	0.62265551
7.247	0.62269812
7.248	0.62265506
7.249	0.62280913
7.250	0.62261413
7.251	0.62273910
7.252	0.62337533
7.253	0.62330987
7.254	0.62291140
7.255	0.62308994
7.256	0.62336447
7.257	0.62314480
7.258	0.62338980
7.259	0.62317150
7.260	0.62303503
7.261	0.62314805
7.262	0.62306142
7.263	0.62334423
7.264	0.62347927
7.265	0.62319734
7.266	0.62322350
7.267	0.62302891
7.268	0.62258080
7.269	0.62261382
7.270	0.62236413
7.271	0.62262814
7.272	0.62234531
7.273	0.62245641
7.274	0.62275956
7.275	0.62288389
7.276	0.62263068
7.277	0.62229647
7.278	0.62226498
7.279	0.62227182
7.280	0.62211889
7.281	0.62245300
7.282	0.62247975
7.283	0.62228165
7.284	0.62245005
7.285	0.62302494
7.286	0.62291217
7.287	0.62263197
7.288	0.62297292
7.289	0.62296760
7.290	0.62268912
7.291	0.62260605
7.292	0.62252627
7.293	0.62265649
7.294	0.62251443
7.295	0.62254660
7.296	0.62266352
7.297	0.62293990
7.298	0.62274129
7.299	0.62295430
7.300	0.62329675
7.301	0.62336851
7.302	0.62319991
7.303	0.62359766
7.304	0.62389924
7.305	0.62386700
7.306	0.62391672
7.307	0.62401641
7.308	0.62408279
7.309	0.62388176
7.310	0.62362604
7.311	0.62402541
7.312	0.62363923
7.313	0.62410826
7.314	0.62406967
7.315	0.62427494
7.316	0.62412603
7.317	0.62409968
7.318	0.62439577
7.319	0.62473979
7.320	0.62480978
7.321	0.62450871
7.322	0.62424176
7.323	0.62444638
7.324	0.62456943
7.325	0.62467753
7.326	0.62479761
7.327	0.62491898
7.328	0.62483398
7.329	0.62468295
7.330	0.62471150
7.331	0.62471561
7.332	0.62471930
7.333	0.62484925
7.334	0.62447031
7.335	0.62448602
7.336	0.62467889
7.337	0.62468047
7.338	0.62480999
7.339	0.62518535
7.340	0.62595812
7.341	0.62597994
7.342	0.62594297
7.343	0.62582038
7.344	0.62574686
7.345	0.62622266
7.346	0.62679653
7.347	0.62663154
7.348	0.62653273
7.349	0.62665505
7.350	0.62630645
7.351	0.62618562
7.352	0.62588441
7.353	0.62580873
7.354	0.62581022
7.355	0.62573346
7.356	0.62656795
7.357	0.62601762
7.358	0.62608233
7.359	0.62624292
7.360	0.62657956
7.361	0.62631791
7.362	0.62645537
7.363	0.62658229
7.364	0.62689798
7.365	0.62681515
7.366	0.62699532
7.367	0.62713246
7.368	0.62742511
7.369	0.62699041
7.370	0.62708641
7.371	0.62745230
7.372	0.62727399
7.373	0.62718111
7.374	0.62694954
7.375	0.62669762
7.376	0.62696276
7.377	0.62662347
7.378	0.62686904
7.379	0.62720143
7.380	0.62679853
7.381	0.62694083
7.382	0.62740923
7.383	0.62742513
7.384	0.62773443
7.385	0.62734757
7.386	0.62742271
7.387	0.62727602
7.388	0.62707815
7.389	0.62771798
7.390	0.62756670
7.391	0.62816262
7.392	0.62850587
7.393	0.62880591
7.394	0.62856439
7.395	0.62870080
7.396	0.62860613
7.397	0.62835482
7.398	0.62853675
7.399	0.62854999
7.400	0.62869545
7.401	0.62851807
7.402	0.62829668
7.403	0.62834900
7.404	0.62857752
7.405	0.62863299
7.406	0.62885121
7.407	0.62904835
7.408	0.62887388
7.409	0.62877088
7.410	0.62863789
7.411	0.62892475
7.412	0.62853871
7.413	0.62866300
7.414	0.62864791
7.415	0.62846409
7.416	0.62867655
7.417	0.62857375
7.418	0.62846327
7.419	0.62819260
7.420	0.62839925
7.421	0.62850517
7.422	0.62872944
7.423	0.62932075
7.424	0.62967574
7.425	0.63014681
7.426	0.63005873
7.427	0.63004302
7.428	0.62993577
7.429	0.63031241
7.430	0.63014068
7.431	0.63008969
7.432	0.63017087
7.433	0.63000874
7.434	0.62999187
7.435	0.63033033
7.436	0.63056869
7.437	0.63077964
7.438	0.63073653
7.439	0.63069431
7.440	0.63116709
7.441	0.63155469
7.442	0.63127866
7.443	0.63108414
7.444	0.63106035
7.445	0.63075261
7.446	0.63061660
7.447	0.63053336
7.448	0.63037076
7.449	0.63031368
7.450	0.63026858
7.451	0.63023518
7.452	0.63050425
7.453	0.63043204
7.454	0.63008746
7.455	0.63061750
7.456	0.63035937
7.457	0.63026592
7.458	0.63044376
7.459	0.63086044
7.460	0.63076828
7.461	0.63045876
7.462	0.63051672
7.463	0.63012756
7.464	0.63012596
7.465	0.63019238
7.466	0.63045382
7.467	0.63073834
7.468	0.63088644
7.469	0.63142928
7.470	0.63163536
7.471	0.63135173
7.472	0.63156558
7.473	0.63111101
7.474	0.63060489
7.475	0.63050995
7.476	0.63027125
7.477	0.63076745
7.478	0.63115904
7.479	0.63119908
7.480	0.63131027
7.481	0.63121528
7.482	0.63097399
7.483	0.63011733
7.484	0.63027337
7.485	0.63065263
7.486	0.63098290
7.487	0.63078363
7.488	0.63050786
7.489	0.63060846
7.490	0.63081052
7.491	0.63068251
7.492	0.63061028
7.493	0.63060196
7.494	0.63034324
7.495	0.63047297
7.496	0.63039851
7.497	0.63059192
7.498	0.63032048
7.499	0.63027344
7.500	0.63045575
7.501	0.63040154
7.502	0.62977694
7.503	0.62953035
7.504	0.62922868
7.505	0.62863991
7.506	0.62786604
7.507	0.62772349
7.508	0.62774473
7.509	0.62739766
7.510	0.62728267
7.511	0.62744360
7.512	0.62752467
7.513	0.62811464
7.514	0.62809038
7.515	0.62850827
7.516	0.62872510
7.517	0.62852446
7.518	0.62876356
7.519	0.62914765
7.520	0.62909562
7.521	0.62950410
7.522	0.62967591
7.523	0.62955455
7.524	0.62922469
7.525	0.62901099
7.526	0.62884642
7.527	0.62902595
7.528	0.62921253
7.529	0.62878069
7.530	0.62875838
7.531	0.62822643
7.532	0.62792874
7.533	0.62822586
7.534	0.62858412
7.535	0.62852573
7.536	0.62875720
7.537	0.62854345
7.538	0.62864179
7.539	0.62816892
7.540	0.62807118
7.541	0.62857797
7.542	0.62877288
7.543	0.62863119
7.544	0.62888440
7.545	0.62870636
7.546	0.62859295
7.547	0.62877439
7.548	0.62865652
7.549	0.62860450
7.550	0.62885935
7.551	0.62924903
7.552	0.62945247
7.553	0.62970813
7.554	0.62970795
7.555	0.62945158
7.556	0.62957920
7.557	0.62956329
7.558	0.62979990
7.559	0.62996069
7.560	0.63032905
7.561	0.63021205
7.562	0.63047316
7.563	0.63074741
7.564	0.63096993
7.565	0.63096736
7.566	0.63106244
7.567	0.63112344
7.568	0.63087846
7.569	0.63102645
7.570	0.63079783
7.571	0.63011003
7.572	0.63012467
7.573	0.63003965
7.574	0.62962138
7.575	0.62956676
7.576	0.62958031
7.577	0.62959761
7.578	0.62965200
7.579	0.63009699
7.580	0.63013749
7.581	0.62998146
7.582	0.63022699
7.583	0.62986952
7.584	0.62979383
7.585	0.63015081
7.586	0.62981034
7.587	0.62952401
7.588	0.62964455
7.589	0.62978577
7.590	0.62962246
7.591	0.62947500
7.592	0.62941465
7.593	0.62929458
7.594	0.62913322
7.595	0.62916712
7.596	0.62917719
7.597	0.62971696
7.598	0.62962369
7.599	0.62905630
7.600	0.62919228
7.601	0.62917627
7.602	0.62944992
7.603	0.62927610
7.604	0.62901121
7.605	0.62866402
7.606	0.62890027
7.607	0.62895481
7.608	0.62940575
7.609	0.62953725
7.610	0.63006145
7.611	0.62986253
7.612	0.63003294
7.613	0.63015933
7.614	0.62970563
7.615	0.63015498
7.616	0.63008553
7.617	0.62995459
7.618	0.62973387
7.619	0.62973640
7.620	0.62916687
7.621	0.62958818
7.622	0.63046033
7.623	0.63082010
7.624	0.63098325
7.625	0.63042533
7.626	0.63035420
7.627	0.63042138
7.628	0.63067583
7.629	0.63075812
7.630	0.63074677
7.631	0.63066983
7.632	0.63085904
7.633	0.63071793
7.634	0.63048043
7.635	0.63052431
7.636	0.63026089
7.637	0.63016801
7.638	0.63066260
7.639	0.63112958
7.640	0.63087315
7.641	0.63097199
7.642	0.63117082
7.643	0.63099762
7.644	0.63116209
7.645	0.63089034
7.646	0.63084954
7.647	0.63133871
7.648	0.63134492
7.649	0.63131229
7.650	0.63128062
7.651	0.63092565
7.652	0.63070470
7.653	0.63051262
7.654	0.63099824
7.655	0.63108411
7.656	0.63121994
7.657	0.63150526
7.658	0.63138689
7.659	0.63188087
7.660	0.63186948
7.661	0.63175391
7.662	0.63191934
7.663	0.63198324
7.664	0.63206072
7.665	0.63204092
7.666	0.63187802
7.667	0.63169565
7.668	0.63202466
7.669	0.63215628
7.670	0.63194732
7.671	0.63161871
7.672	0.63155730
7.673	0.63187936
7.674	0.63156119
7.675	0.63136375
7.676	0.63148589
7.677	0.63137149
7.678	0.63111640
7.679	0.63118503
7.680	0.63113151
7.681	0.63160881
7.682	0.63170348
7.683	0.63168648
7.684	0.63164663
7.685	0.63172648
7.686	0.63177574
7.687	0.63226727
7.688	0.63256914
7.689	0.63313180
7.690	0.63295256
7.691	0.63289578
7.692	0.63298991
7.693	0.63254449
7.694	0.63243212
7.695	0.63223347
7.696	0.63211049
7.697	0.63210976
7.698	0.63226531
7.699	0.63233682
7.700	0.63290975
7.701	0.63273579
7.702	0.63225982
7.703	0.63249970
7.704	0.63213645
7.705	0.63194491
7.706	0.63171129
7.707	0.63169090
7.708	0.63160860
7.709	0.63172594
7.710	0.63147754
7.711	0.63130834
7.712	0.63157143
7.713	0.63193634
7.714	0.63195024
7.715	0.63204829
7.716	0.63186542
7.717	0.63164291
7.718	0.63122478
7.719	0.63140098
7.720	0.63154154
7.721	0.63111775
7.722	0.63103447
7.723	0.63094173
7.724	0.63085710
7.725	0.63106699
7.726	0.63057290
7.727	0.63053918
7.728	0.63068774
7.729	0.63035423
7.730	0.63003312
7.731	0.63048287
7.732	0.63050196
7.733	0.63026075
7.734	0.63030206
7.735	0.63039908
7.736	0.63028996
7.737	0.63021264
7.738	0.63032945
7.739	0.63004687
7.740	0.62971050
7.741	0.62939427
7.742	0.62998427
7.743	0.63012701
7.744	0.63008496
7.745	0.63035795
7.746	0.63060662
7.747	0.63071474
7.748	0.63064976
7.749	0.63081243
7.750	0.63058136
7.751	0.63061297
7.752	0.63074839
7.753	0.63044036
7.754	0.63051094
7.755	0.63077024
7.756	0.63107890
7.757	0.63134842
7.758	0.63136865
7.759	0.63123736
7.760	0.63108414
7.761	0.63081665
7.762	0.63112822
7.763	0.63078088
7.764	0.63079211
7.765	0.63078168
7.766	0.63094290
7.767	0.63105839
7.768	0.63135375
7.769	0.63162170
7.770	0.63135071
7.771	0.63107252
7.772	0.63102734
7.773	0.63069637
7.774	0.63062791
7.775	0.63097415
7.776	0.63052482
7.777	0.63045562
7.778	0.63074382
7.779	0.63052970
7.780	0.63049328
7.781	0.63051572
7.782	0.63046880
7.783	0.63065091
7.784	0.63131645
7.785	0.63091178
7.786	0.63112570
7.787	0.63097677
7.788	0.63112699
7.789	0.63099262
7.790	0.63075544
7.791	0.63055547
7.792	0.63044272
7.793	0.63083312
7.794	0.63108760
7.795	0.63073264
7.796	0.63082295
7.797	0.63100544
7.798	0.63115040
7.799	0.63098295
7.800	0.63056168
7.801	0.63033112
7.802	0.63076504
7.803	0.63076349
7.804	0.63038888
7.805	0.63074451
7.806	0.63026191
7.807	0.63000970
7.808	0.63027655
7.809	0.63045640
7.810	0.63046567
7.811	0.63048409
7.812	0.63043538
7.813	0.63088638
7.814	0.63057775
7.815	0.63031601
7.816	0.63039990
7.817	0.63041755
7.818	0.63000010
7.819	0.62960386
7.820	0.63011716
7.821	0.62997524
7.822	0.63003616
7.823	0.63005772
7.824	0.63009944
7.825	0.63025471
7.826	0.63041122
7.827	0.63040458
7.828	0.63062325
7.829	0.63050284
7.830	0.63069443
7.831	0.63076704
7.832	0.63062831
7.833	0.63058653
7.834	0.63085193
7.835	0.63130245
7.836	0.63152388
7.837	0.63142382
7.838	0.63143069
7.839	0.63122605
7.840	0.63103171
7.841	0.63119296
7.842	0.63080908
7.843	0.63072492
7.844	0.63074572
7.845	0.63067573
7.846	0.63081456
7.847	0.63048167
7.848	0.63062354
7.849	0.63032844
7.850	0.63060265
7.851	0.63073950
7.852	0.63041957
7.853	0.63005234
7.854	0.62977043
7.855	0.62995082
7.856	0.62980754
7.857	0.62994696
7.858	0.63007405
7.859	0.63038964
7.860	0.62990017
7.861	0.63019942
7.862	0.63039544
7.863	0.63025690
7.864	0.62997596
7.865	0.62969898
7.866	0.62976479
7.867	0.63009376
7.868	0.63065939
7.869	0.63027861
7.870	0.62999357
7.871	0.63037533
7.872	0.63037156
7.873	0.63056674
7.874	0.63052482
7.875	0.63050323
7.876	0.63069250
7.877	0.63089832
7.878	0.63067053
7.879	0.63079990
7.880	0.63081002
7.881	0.63068771
7.882	0.63023967
7.883	0.62971875
7.884	0.62949439
7.885	0.62974905
7.886	0.63016590
7.887	0.62971113
7.888	0.63044509
7.889	0.63086565
7.890	0.63076450
7.891	0.63084298
7.892	0.63072299
7.893	0.63106221
7.894	0.63128411
7.895	0.63073836
7.896	0.63058579
7.897	0.63041412
7.898	0.63042246
7.899	0.63055013
7.900	0.63040653
7.901	0.63095003
7.902	0.63122678
7.903	0.63122880
7.904	0.63109668
7.905	0.63132447
7.906	0.63142519
7.907	0.63163202
7.908	0.63180594
7.909	0.63240040
7.910	0.63230120
7.911	0.63203064
7.912	0.63208382
7.913	0.63169047
7.914	0.63198032
7.915	0.63192885
7.916	0.63201888
7.917	0.63201328
7.918	0.63192396
7.919	0.63139300
7.920	0.63142036
7.921	0.63132960
7.922	0.63130429
7.923	0.63182468
7.924	0.63174429
7.925	0.63195055
7.926	0.63195814
7.927	0.63184321
7.928	0.63131106
7.929	0.63084918
7.930	0.63097986
7.931	0.63075603
7.932	0.63085257
7.933	0.63089559
7.934	0.63136365
7.935	0.63113551
7.936	0.63090933
7.937	0.63084655
7.938	0.63090293
7.939	0.63092705
7.940	0.63052614
7.941	0.63036269
7.942	0.63007428
7.943	0.62991797
7.944	0.62997837
7.945	0.62974284
7.946	0.62980457
7.947	0.62950618
7.948	0.63007066
7.949	0.63018821
7.950	0.63073771
7.951	0.63039567
7.952	0.62993435
7.953	0.62967589
7.954	0.63028178
7.955	0.63004926
7.956	0.63019384
7.957	0.62993754
7.958	0.62992110
7.959	0.63002890
7.960	0.63014023
7.961	0.63022306
7.962	0.63007627
7.963	0.63020586
7.964	0.63020987
7.965	0.63045171
7.966	0.63065072
7.967	0.63073260
7.968	0.63101228
7.969	0.63101585
7.970	0.63110111
7.971	0.63124333
7.972	0.63115784
7.973	0.63114063
7.974	0.63084848
7.975	0.63153294
7.976	0.63162040
7.977	0.63171592
7.978	0.63209660
7.979	0.63201781
7.980	0.63180802
7.981	0.63238779
7.982	0.63243960
7.983	0.63231599
7.984	0.63204591
7.985	0.63190834
7.986	0.63161693
7.987	0.63243061
7.988	0.63253028
7.989	0.63261804
7.990	0.63244931
7.991	0.63250238
7.992	0.63301821
7.993	0.63309687
7.994	0.63334771
7.995	0.63333359
7.996	0.63333384
7.997	0.63305820
7.998	0.63271861
7.999	0.63324330
8.000	0.63302506
8.001	0.63343289
8.002	0.63363421
8.003	0.63345930
8.004	0.63370928
8.005	0.63343410
8.006	0.63336206
8.007	0.63331552
8.008	0.63321289
8.009	0.63319501
8.010	0.63347718
8.011	0.63380168
8.012	0.63417546
8.013	0.63419434
8.014	0.63428874
8.015	0.63472604
8.016	0.63466876
8.017	0.63465909
8.018	0.63468171
8.019	0.63494026
8.020	0.63477076
8.021	0.63488522
8.022	0.63486824
8.023	0.63472508
8.024	0.63472428
8.025	0.63505559
8.026	0.63535270
8.027	0.63527825
8.028	0.63520423
8.029	0.63553087
8.030	0.63594239
8.031	0.63606741
8.032	0.63584414
8.033	0.63613586
8.034	0.63636965
8.035	0.63606976
8.036	0.63615087
8.037	0.63591382
8.038	0.63572137
8.039	0.63578628
8.040	0.63595920
8.041	0.63592863
8.042	0.63570688
8.043	0.63569388
8.044	0.63539737
8.045	0.63512139
8.046	0.63496180
8.047	0.63517596
8.048	0.63524447
8.049	0.63472654
8.050	0.63495716
8.051	0.63557901
8.052	0.63568461
8.053	0.63558230
8.054	0.63546135
8.055	0.63541861
8.056	0.63522577
8.057	0.63524674
8.058	0.63516213
8.059	0.63522105
8.060	0.63527790
8.061	0.63497831
8.062	0.63500434
8.063	0.63564367
8.064	0.63521208
8.065	0.63566837
8.066	0.63551744
8.067	0.63606701
8.068	0.63609460
8.069	0.63616821
8.070	0.63617263
8.071	0.63614966
8.072	0.63606519
8.073	0.63596453
8.074	0.63600325
8.075	0.63607059
8.076	0.63647105
8.077	0.63676985
8.078	0.63691195
8.079	0.63668755
8.080	0.63652709
8.081	0.63625700
8.082	0.63622632
8.083	0.63612767
8.084	0.63601515
8.085	0.63569989
8.086	0.63567115
8.087	0.63566700
8.088	0.63554158
8.089	0.63572850
8.090	0.63573056
8.091	0.63582474
8.092	0.63574126
8.093	0.63630942
8.094	0.63645374
8.095	0.63632195
8.096	0.63610831
8.097	0.63575534
8.098	0.63598415
8.099	0.63584377
8.100	0.63563845
8.101	0.63545495
8.102	0.63521402
8.103	0.63515046
8.104	0.63541932
8.105	0.63540326
8.106	0.63540524
8.107	0.63580730
8.108	0.63549932
8.109	0.63565462
8.110	0.63591275
8.111	0.63528857
8.112	0.63538601
8.113	0.63541036
8.114	0.63557234
8.115	0.63525385
8.116	0.63505653
8.117	0.63489515
8.118	0.63510584
8.119	0.63511582
8.120	0.63497673
8.121	0.63494353
8.122	0.63472542
8.123	0.63460725
8.124	0.63469220
8.125	0.63471834
8.126	0.63415307
8.127	0.63479184
8.128	0.63448436
8.129	0.63429183
8.130	0.63434616
8.131	0.63468127
8.132	0.63471985
8.133	0.63493660
8.134	0.63479150
8.135	0.63487727
8.136	0.63513131
8.137	0.63482290
8.138	0.63489547
8.139	0.63482512
8.140	0.63469810
8.141	0.63490853
8.142	0.63461408
8.143	0.63487022
8.144	0.63526410
8.145	0.63506766
8.146	0.63557252
8.147	0.63567200
8.148	0.63592593
8.149	0.63603510
8.150	0.63625468
8.151	0.63637362
8.152	0.63640022
8.153	0.63653988
8.154	0.63683941
8.155	0.63709372
8.156	0.63709318
8.157	0.63745395
8.158	0.63742780
8.159	0.63727371
8.160	0.63714942
8.161	0.63721422
8.162	0.63737353
8.163	0.63736482
8.164	0.63743706
8.165	0.63717955
8.166	0.63735027
8.167	0.63772729
8.168	0.63767453
8.169	0.63760106
8.170	0.63743150
8.171	0.63710020
8.172	0.63728625
8.173	0.63725466
8.174	0.63657801
8.175	0.63629808
8.176	0.63607343
8.177	0.63634892
8.178	0.63667009
8.179	0.63642611
8.180	0.63609465
8.181	0.63597319
8.182	0.63596036
8.183	0.63615340
8.184	0.63623197
8.185	0.63637435
8.186	0.63631114
8.187	0.63564332
8.188	0.63564490
8.189	0.63594045
8.190	0.63603141
8.191	0.63600869
8.192	0.63576411
8.193	0.63563073
8.194	0.63566171
8.195	0.63583857
8.196	0.63579808
8.197	0.63612280
8.198	0.63629880
8.199	0.63612001
8.200	0.63630004
8.201	0.63623070
8.202	0.63597482
8.203	0.63568893
8.204	0.63563685
8.205	0.63570432
8.206	0.63596951
8.207	0.63624523
8.208	0.63598726
8.209	0.63596094
8.210	0.63570992
8.211	0.63582405
8.212	0.63585042
8.213	0.63551949
8.214	0.63577486
8.215	0.63574279
8.216	0.63651588
8.217	0.63653250
8.218	0.63649349
8.219	0.63611960
8.220	0.63608580
8.221	0.63602309
8.222	0.63573117
8.223	0.63608157
8.224	0.63593833
8.225	0.63615773
8.226	0.63589787
8.227	0.63602028
8.228	0.63611808
8.229	0.63610922
8.230	0.63587317
8.231	0.63613936
8.232	0.63640805
8.233	0.63633730
8.234	0.63641457
8.235	0.63658013
8.236	0.63633886
8.237	0.63675135
8.238	0.63674692
8.239	0.63676332
8.240	0.63648779
8.241	0.63642559
8.242	0.63623600
8.243	0.63680893
8.244	0.63686776
8.245	0.63703132
8.246	0.63738608
8.247	0.63754431
8.248	0.63768356
8.249	0.63763760
8.250	0.63745689
8.251	0.63762594
8.252	0.63743392
8.253	0.63776714
8.254	0.63764245
8.255	0.63723241
8.256	0.63720277
8.257	0.63721335
8.258	0.63722106
8.259	0.63738880
8.260	0.63725071
8.261	0.63720758
8.262	0.63677221
8.263	0.63654129
8.264	0.63646843
8.265	0.63657317
8.266	0.63637836
8.267	0.63647572
8.268	0.63665693
8.269	0.63692882
8.270	0.63720090
8.271	0.63759150
8.272	0.63754098
8.273	0.63726934
8.274	0.63759773
8.275	0.63777228
8.276	0.63757571
8.277	0.63763435
8.278	0.63790486
8.279	0.63738909
8.280	0.63743814
8.281	0.63751581
8.282	0.63778340
8.283	0.63794540
8.284	0.63812289
8.285	0.63779549
8.286	0.63763806
8.287	0.63764331
8.288	0.63790783
8.289	0.63797377
8.290	0.63761846
8.291	0.63766585
8.292	0.63745338
8.293	0.63733115
8.294	0.63716902
8.295	0.63701154
8.296	0.63664436
8.297	0.63647941
8.298	0.63683168
8.299	0.63669646
8.300	0.63600816
8.301	0.63605648
8.302	0.63612938
8.303	0.63634828
8.304	0.63637515
8.305	0.63617763
8.306	0.63639107
8.307	0.63638223
8.308	0.63610173
8.309	0.63601306
8.310	0.63573850
8.311	0.63557871
8.312	0.63584057
8.313	0.63603792
8.314	0.63587423
8.315	0.63579610
8.316	0.63590350
8.317	0.63643326
8.318	0.63617622
8.319	0.63618594
8.320	0.63605426
8.321	0.63603155
8.322	0.63620724
8.323	0.63617463
8.324	0.63604154
8.325	0.63572627
8.326	0.63558220
8.327	0.63545788
8.328	0.63555332
8.329	0.63557975
8.330	0.63575479
8.331	0.63545193
8.332	0.63528910
8.333	0.63533514
8.334	0.63558021
8.335	0.63604181
8.336	0.63591639
8.337	0.63591844
8.338	0.63594291
8.339	0.63575073
8.340	0.63531066
8.341	0.63537484
8.342	0.63550144
8.343	0.63565308
8.344	0.63561100
8.345	0.63554385
8.346	0.63593166
8.347	0.63581643
8.348	0.63593231
8.349	0.63569979
8.350	0.63586140
8.351	0.63607920
8.352	0.63583833
8.353	0.63523900
8.354	0.63510550
8.355	0.63541228
8.356	0.63562257
8.357	0.63547670
8.358	0.63513742
8.359	0.63482050
8.360	0.63531777
8.361	0.63550369
8.362	0.63529554
8.363	0.63536797
8.364	0.63552615
8.365	0.63539103
8.366	0.63535174
8.367	0.63511181
8.368	0.63487247
8.369	0.63486050
8.370	0.63503772
8.371	0.63522095
8.372	0.63502527
8.373	0.63501261
8.374	0.63505179
8.375	0.63504051
8.376	0.63499356
8.377	0.63500469
8.378	0.63522578
8.379	0.63527384
8.380	0.63528329
8.381	0.63528852
8.382	0.63547290
8.383	0.63551707
8.384	0.63585288
8.385	0.63620867
8.386	0.63649674
8.387	0.63656655
8.388	0.63651861
8.389	0.63615521
8.390	0.63600228
8.391	0.63595655
8.392	0.63594666
8.393	0.63591096
8.394	0.63615367
8.395	0.63610194
8.396	0.63611151
8.397	0.63620855
8.398	0.63659887
8.399	0.63651295
8.400	0.63659245
8.401	0.63683788
8.402	0.63712675
8.403	0.63689844
8.404	0.63691737
8.405	0.63696819
8.406	0.63726440
8.407	0.63741768
8.408	0.63770594
8.409	0.63758358
8.410	0.63843401
8.411	0.63831266
8.412	0.63856580
8.413	0.63857208
8.414	0.63871788
8.415	0.63872151
8.416	0.63846812
8.417	0.63867806
8.418	0.63861622
8.419	0.63910316
8.420	0.63894029
8.421	0.63919454
8.422	0.63921396
8.423	0.63941834
8.424	0.63970376
8.425	0.63983515
8.426	0.63991905
8.427	0.63923973
8.428	0.63989062
8.429	0.63981877
8.430	0.64006350
8.431	0.64033193
8.432	0.64044946
8.433	0.64035913
8.434	0.63972042
8.435	0.63922931
8.436	0.63920414
8.437	0.63941510
8.438	0.63945894
8.439	0.63977619
8.440	0.63983710
8.441	0.63926947
8.442	0.63897506
8.443	0.63925692
8.444	0.63903357
8.445	0.63893628
8.446	0.63924941
8.447	0.63949637
8.448	0.63964466
8.449	0.63998589
8.450	0.64000083
8.451	0.63948858
8.452	0.63950414
8.453	0.63904305
8.454	0.63899845
8.455	0.63874785
8.456	0.63838054
8.457	0.63868665
8.458	0.63825012
8.459	0.63830393
8.460	0.63849250
8.461	0.63920367
8.462	0.63893608
8.463	0.63896997
8.464	0.63899923
8.465	0.63858035
8.466	0.63874213
8.467	0.63868979
8.468	0.63849285
8.469	0.63902252
8.470	0.63919839
8.471	0.63902354
8.472	0.63877065
8.473	0.63888093
8.474	0.63885939
8.475	0.63890734
8.476	0.63889122
8.477	0.63853509
8.478	0.63883240
8.479	0.63924828
8.480	0.63953598
8.481	0.63960300
8.482	0.63968854
8.483	0.63976442
8.484	0.63988317
8.485	0.63974414
8.486	0.63962775
8.487	0.63972359
8.488	0.63956333
8.489	0.64006969
8.490	0.64022069
8.491	0.64052530
8.492	0.64062969
8.493	0.64086763
8.494	0.64112791
8.495	0.64101622
8.496	0.64081927
8.497	0.64085074
8.498	0.64091995
8.499	0.64096834
8.500	0.64137110
8.501	0.64151718
8.502	0.64145544
8.503	0.64139378
8.504	0.64144025
8.505	0.64189384
8.506	0.64225950
8.507	0.64245640
8.508	0.64205992
8.509	0.64203416
8.510	0.64170146
8.511	0.64144380
8.512	0.64168951
8.513	0.64178063
8.514	0.64157268
8.515	0.64184921
8.516	0.64207567
8.517	0.64187869
8.518	0.64216076
8.519	0.64197114
8.520	0.64176630
8.521	0.64196664
8.522	0.64150208
8.523	0.64130202
8.524	0.64143983
8.525	0.64194555
8.526	0.64141188
8.527	0.64122178
8.528	0.64120473
8.529	0.64170555
8.530	0.64180021
8.531	0.64206159
8.532	0.64223170
8.533	0.64235605
8.534	0.64244123
8.535	0.64268224
8.536	0.64269387
8.537	0.64239624
8.538	0.64285280
8.539	0.64253778
8.540	0.64245494
8.541	0.64300816
8.542	0.64363263
8.543	0.64342769
8.544	0.64338295
8.545	0.64324047
8.546	0.64289214
8.547	0.64249679
8.548	0.64294300
8.549	0.64295638
8.550	0.64283947
8.551	0.64283061
8.552	0.64251687
8.553	0.64228157
8.554	0.64186807
8.555	0.64201504
8.556	0.64208577
8.557	0.64192668
8.558	0.64207992
8.559	0.64268028
8.560	0.64292255
8.561	0.64288606
8.562	0.64283063
8.563	0.64325033
8.564	0.64315614
8.565	0.64349018
8.566	0.64331548
8.567	0.64345551
8.568	0.64350611
8.569	0.64340254
8.570	0.64326393
8.571	0.64288861
8.572	0.64296238
8.573	0.64274320
8.574	0.64263397
8.575	0.64251875
8.576	0.64270626
8.577	0.64257067
8.578	0.64231567
8.579	0.64236320
8.580	0.64223349
8.581	0.64157966
8.582	0.64187837
8.583	0.64192955
8.584	0.64156489
8.585	0.64156176
8.586	0.64187350
8.587	0.64218413
8.588	0.64218964
8.589	0.64224951
8.590	0.64222842
8.591	0.64230329
8.592	0.64231781
8.593	0.64260559
8.594	0.64264167
8.595	0.64257745
8.596	0.64275415
8.597	0.64280022
8.598	0.64298101
8.599	0.64322901
8.600	0.64329695
8.601	0.64302182
8.602	0.64300888
8.603	0.64282678
8.604	0.64279014
8.605	0.64277140
8.606	0.64277764
8.607	0.64295226
8.608	0.64344091
8.609	0.64392868
8.610	0.64401865
8.611	0.64421654
8.612	0.64390340
8.613	0.64438461
8.614	0.64441174
8.615	0.64400491
8.616	0.64405105
8.617	0.64410200
8.618	0.64403329
8.619	0.64412371
8.620	0.64366772
8.621	0.64376819
8.622	0.64376807
8.623	0.64374035
8.624	0.64367145
8.625	0.64374811
8.626	0.64403241
8.627	0.64373761
8.628	0.64390358
8.629	0.64357915
8.630	0.64364904
8.631	0.64418787
8.632	0.64403302
8.633	0.64412606
8.634	0.64413231
8.635	0.64386553
8.636	0.64370798
8.637	0.64374349
8.638	0.64387898
8.639	0.64400291
8.640	0.64391970
8.641	0.64365194
8.642	0.64408398
8.643	0.64375858
8.644	0.64358406
8.645	0.64366816
8.646	0.64369460
8.647	0.64386069
8.648	0.64388649
8.649	0.64390044
8.650	0.64387172
8.651	0.64382090
8.652	0.64351172
8.653	0.64328239
8.654	0.64324393
8.655	0.64335184
8.656	0.64359227
8.657	0.64357135
8.658	0.64337560
8.659	0.64384757
8.660	0.64392557
8.661	0.64435083
8.662	0.64469653
8.663	0.64479687
8.664	0.64490109
8.665	0.64515290
8.666	0.64461519
8.667	0.64507468
8.668	0.64547618
8.669	0.64507113
8.670	0.64493874
8.671	0.64510522
8.672	0.64491213
8.673	0.64502265
8.674	0.64509363
8.675	0.64545497
8.676	0.64576126
8.677	0.64517615
8.678	0.64530406
8.679	0.64528685
8.680	0.64558986
8.681	0.64563152
8.682	0.64555097
8.683	0.64517108
8.684	0.64523255
8.685	0.64558289
8.686	0.64561325
8.687	0.64531747
8.688	0.64516801
8.689	0.64515183
8.690	0.64555382
8.691	0.64552266
8.692	0.64548101
8.693	0.64523561
8.694	0.64537034
8.695	0.64545090
8.696	0.64519301
8.697	0.64519159
8.698	0.64492505
8.699	0.64492221
8.700	0.64500163
8.701	0.64452952
8.702	0.64455056
8.703	0.64428469
8.704	0.64419382
8.705	0.64431472
8.706	0.64428149
8.707	0.64476790
8.708	0.64457306
8.709	0.64494120
8.710	0.64470434
8.711	0.64457283
8.712	0.64455352
8.713	0.64482430
8.714	0.64519946
8.715	0.64506045
8.716	0.64502434
8.717	0.64478617
8.718	0.64452547
8.719	0.64418211
8.720	0.64444843
8.721	0.64403335
8.722	0.64425759
8.723	0.64407115
8.724	0.64380553
8.725	0.64354323
8.726	0.64390229
8.727	0.64392994
8.728	0.64430862
8.729	0.64415264
8.730	0.64421246
8.731	0.64486963
8.732	0.64459887
8.733	0.64428447
8.734	0.64437532
8.735	0.64451373
8.736	0.64455509
8.737	0.64441777
8.738	0.64456168
8.739	0.64494218
8.740	0.64522040
8.741	0.64551456
8.742	0.64633976
8.743	0.64583295
8.744	0.64560732
8.745	0.64605103
8.746	0.64595374
8.747	0.64590097
8.748	0.64592712
8.749	0.64598867
8.750	0.64624909
8.751	0.64640459
8.752	0.64662823
8.753	0.64682619
8.754	0.64679248
8.755	0.64702807
8.756	0.64681533
8.757	0.64674534
8.758	0.64687052
8.759	0.64699655
8.760	0.64687946
8.761	0.64666853
8.762	0.64650852
8.763	0.64628834
8.764	0.64668635
8.765	0.64718983
8.766	0.64653698
8.767	0.64653699
8.768	0.64679489
8.769	0.64675407
8.770	0.64680627
8.771	0.64642396
8.772	0.64650717
8.773	0.64693033
8.774	0.64720447
8.775	0.64718273
8.776	0.64724072
8.777	0.64745220
8.778	0.64728923
8.779	0.64723238
8.780	0.64712247
8.781	0.64706674
8.782	0.64736953
8.783	0.64714434
8.784	0.64699416
8.785	0.64704132
8.786	0.64654894
8.787	0.64680531
8.788	0.64660150
8.789	0.64680044
8.790	0.64702719
8.791	0.64667135
8.792	0.64703073
8.793	0.64716542
8.794	0.64719016
8.795	0.64685084
8.796	0.64633387
8.797	0.64643872
8.798	0.64712695
8.799	0.64719159
8.800	0.64753546
8.801	0.64761957
8.802	0.64820350
8.803	0.64812378
8.804	0.64754835
8.805	0.64745172
8.806	0.64770000
8.807	0.64772521
8.808	0.64755973
8.809	0.64722542
8.810	0.64736334
8.811	0.64722552
8.812	0.64748216
8.813	0.64726874
8.814	0.64704529
8.815	0.64724563
8.816	0.64700748
8.817	0.64647166
8.818	0.64665644
8.819	0.64667227
8.820	0.64676819
8.821	0.64653504
8.822	0.64658041
8.823	0.64668130
8.824	0.64689970
8.825	0.64703747
8.826	0.64725165
8.827	0.64703792
8.828	0.64688511
8.829	0.64704662
8.830	0.64678158
8.831	0.64683929
8.832	0.64644475
8.833	0.64647034
8.834	0.64673033
8.835	0.64680202
8.836	0.64648901
8.837	0.64632127
8.838	0.64644656
8.839	0.64667976
8.840	0.64600276
8.841	0.64614630
8.842	0.64595411
8.843	0.64601402
8.844	0.64600337
8.845	0.64603026
8.846	0.64558943
8.847	0.64529829
8.848	0.64544172
8.849	0.64553877
8.850	0.64553828
8.851	0.64574201
8.852	0.64577372
8.853	0.64554989
8.854	0.64553274
8.855	0.64603634
8.856	0.64582588
8.857	0.64558411
8.858	0.64544050
8.859	0.64545952
8.860	0.64533612
8.861	0.64539181
8.862	0.64573747
8.863	0.64566657
8.864	0.64613662
8.865	0.64607441
8.866	0.64631887
8.867	0.64655229
8.868	0.64662157
8.869	0.64663319
8.870	0.64668399
8.871	0.64632101
8.872	0.64643497
8.873	0.64695916
8.874	0.64702289
8.875	0.64665151
8.876	0.64670034
8.877	0.64660139
8.878	0.64648174
8.879	0.64627155
8.880	0.64679648
8.881	0.64635116
8.882	0.64651136
8.883	0.64690900
8.884	0.64693303
8.885	0.64744621
8.886	0.64760456
8.887	0.64746404
8.888	0.64745759
8.889	0.64746774
8.890	0.64767877
8.891	0.64725158
8.892	0.64687459
8.893	0.64695487
8.894	0.64700293
8.895	0.64677083
8.896	0.64641300
8.897	0.64660029
8.898	0.64705177
8.899	0.64681640
8.900	0.64706422
8.901	0.64720507
8.902	0.64749867
8.903	0.64731966
8.904	0.64732967
8.905	0.64753533
8.906	0.64747150
8.907	0.64721968
8.908	0.64691713
8.909	0.64715527
8.910	0.64715372
8.911	0.64725381
8.912	0.64742685
8.913	0.64762145
8.914	0.64766030
8.915	0.64790514
8.916	0.64760643
8.917	0.64792309
8.918	0.64793542
8.919	0.64777322
8.920	0.64782085
8.921	0.64770294
8.922	0.64785710
8.923	0.64779708
8.924	0.64770674
8.925	0.64787984
8.926	0.64775647
8.927	0.64758330
8.928	0.64746326
8.929	0.64768942
8.930	0.64784056
8.931	0.64776121
8.932	0.64771963
8.933	0.64759409
8.934	0.64746440
8.935	0.64736816
8.936	0.64746245
8.937	0.64772794
8.938	0.64745657
8.939	0.64744595
8.940	0.64735542
8.941	0.64740500
8.942	0.64722860
8.943	0.64720651
8.944	0.64715626
8.945	0.64757645
8.946	0.64776030
8.947	0.64783846
8.948	0.64788860
8.949	0.64809584
8.950	0.64847476
8.951	0.64787778
8.952	0.64786534
8.953	0.64780886
8.954	0.64771975
8.955	0.64756469
8.956	0.64825433
8.957	0.64789550
8.958	0.64789064
8.959	0.64818772
8.960	0.64831177
8.961	0.64853108
8.962	0.64820972
8.963	0.64850975
8.964	0.64857440
8.965	0.64852835
8.966	0.64864944
8.967	0.64876336
8.968	0.64870278
8.969	0.64870334
8.970	0.64823512
8.971	0.64843278
8.972	0.64847196
8.973	0.64820703
8.974	0.64871153
8.975	0.64883653
8.976	0.64835677
8.977	0.64861781
8.978	0.64856853
8.979	0.64877866
8.980	0.64851682
8.981	0.64875020
8.982	0.64874740
8.983	0.64848045
8.984	0.64830240
8.985	0.64850310
8.986	0.64861292
8.987	0.64834460
8.988	0.64866154
8.989	0.64843696
8.990	0.64862297
8.991	0.64849836
8.992	0.64842143
8.993	0.64803144
8.994	0.64764306
8.995	0.64778392
8.996	0.64764711
8.997	0.64780045
8.998	0.64770605
8.999	0.64772705
9.000	0.64753853
9.001	0.64737039
9.002	0.64723473
9.003	0.64734959
9.004	0.64730628
9.005	0.64726052
9.006	0.64696363
9.007	0.64722349
9.008	0.64728265
9.009	0.64686765
9.010	0.64695965
9.011	0.64692436
9.012	0.64675425
9.013	0.64670092
9.014	0.64664385
9.015	0.64611160
9.016	0.64630689
9.017	0.64635561
9.018	0.64612531
9.019	0.64589868
9.020	0.64581490
9.021	0.64571049
9.022	0.64548398
9.023	0.64537023
9.024	0.64522383
9.025	0.64536198
9.026	0.64518611
9.027	0.64515850
9.028	0.64540960
9.029	0.64497258
9.030	0.64481483
9.031	0.64477308
9.032	0.64464646
9.033	0.64510768
9.034	0.64512214
9.035	0.64530966
9.036	0.64580375
9.037	0.64580867
9.038	0.64588752
9.039	0.64594242
9.040	0.64570452
9.041	0.64572834
9.042	0.64589409
9.043	0.64618270
9.044	0.64597506
9.045	0.64621554
9.046	0.64581265
9.047	0.64576473
9.048	0.64537116
9.049	0.64525061
9.050	0.64559756
9.051	0.64539152
9.052	0.64519983
9.053	0.64532497
9.054	0.64521412
9.055	0.64499451
9.056	0.64518328
9.057	0.64483792
9.058	0.64461501
9.059	0.64449575
9.060	0.64444715
9.061	0.64424764
9.062	0.64418565
9.063	0.64415347
9.064	0.64376861
9.065	0.64343621
9.066	0.64325037
9.067	0.64264694
9.068	0.64245636
9.069	0.64192009
9.070	0.64195968
9.071	0.64154825
9.072	0.64141867
9.073	0.64178275
9.074	0.64201868
9.075	0.64179962
9.076	0.64163016
9.077	0.64177979
9.078	0.64142580
9.079	0.64107529
9.080	0.64128093
9.081	0.64116628
9.082	0.64121528
9.083	0.64139782
9.084	0.64126946
9.085	0.64174083
9.086	0.64121084
9.087	0.64061881
9.088	0.64062579
9.089	0.64037957
9.090	0.64010275
9.091	0.63970841
9.092	0.63930166
9.093	0.63927103
9.094	0.63960800
9.095	0.63966400
9.096	0.63927815
9.097	0.63901268
9.098	0.63896388
9.099	0.63884639
9.100	0.63832715
9.101	0.63812152
9.102	0.63851155
9.103	0.63881095
9.104	0.63880725
9.105	0.63910268
9.106	0.63938966
9.107	0.63949078
9.108	0.63987428
9.109	0.63954330
9.110	0.63918554
9.111	0.63905181
9.112	0.63890961
9.113	0.63894740
9.114	0.63891547
9.115	0.63859416
9.116	0.63854430
9.117	0.63806542
9.118	0.63766980
9.119	0.63769392
9.120	0.63783905
9.121	0.63746501
9.122	0.63802866
9.123	0.63797100
9.124	0.63844479
9.125	0.63793711
9.126	0.63814245
9.127	0.63797674
9.128	0.63841035
9.129	0.63831689
9.130	0.63792980
9.131	0.63742005
9.132	0.63723077
9.133	0.63725737
9.134	0.63709065
9.135	0.63670592
9.136	0.63663326
9.137	0.63613505
9.138	0.63640885
9.139	0.63640313
9.140	0.63617108
9.141	0.63603303
9.142	0.63648697
9.143	0.63657966
9.144	0.63677428
9.145	0.63706395
9.146	0.63736791
9.147	0.63735214
9.148	0.63679600
9.149	0.63666353
9.150	0.63676545
9.151	0.63647359
9.152	0.63588835
9.153	0.63632512
9.154	0.63631799
9.155	0.63632972
9.156	0.63591832
9.157	0.63604267
9.158	0.63575252
9.159	0.63572723
9.160	0.63572714
9.161	0.63620901
9.162	0.63626372
9.163	0.63614275
9.164	0.63597690
9.165	0.63605844
9.166	0.63621709
9.167	0.63637046
9.168	0.63656868
9.169	0.63656506
9.170	0.63640020
9.171	0.63641514
9.172	0.63656360
9.173	0.63635847
9.174	0.63621299
9.175	0.63628860
9.176	0.63560854
9.177	0.63582960
9.178	0.63585075
9.179	0.63585115
9.180	0.63568242
9.181	0.63530533
9.182	0.63525476
9.183	0.63557273
9.184	0.63557937
9.185	0.63533538
9.186	0.63527302
9.187	0.63493827
9.188	0.63531827
9.189	0.63469900
9.190	0.63429226
9.191	0.63424348
9.192	0.63426369
9.193	0.63431413
9.194	0.63421878
9.195	0.63422798
9.196	0.63411416
9.197	0.63372689
9.198	0.63317058
9.199	0.63349879
9.200	0.63368570
9.201	0.63358434
9.202	0.63371779
9.203	0.63363258
9.204	0.63337525
9.205	0.63383962
9.206	0.63354981
9.207	0.63340604
9.208	0.63390012
9.209	0.63393423
9.210	0.63381054
9.211	0.63378534
9.212	0.63364267
9.213	0.63336160
9.214	0.63333894
9.215	0.63276636
9.216	0.63264115
9.217	0.63258059
9.218	0.63270501
9.219	0.63340046
9.220	0.63321681
9.221	0.63240934
9.222	0.63254395
9.223	0.63266783
9.224	0.63236602
9.225	0.63253599
9.226	0.63271101
9.227	0.63249823
9.228	0.63250404
9.229	0.63287191
9.230	0.63300058
9.231	0.63321861
9.232	0.63325574
9.233	0.63300054
9.234	0.63257623
9.235	0.63245681
9.236	0.63274422
9.237	0.63278054
9.238	0.63295658
9.239	0.63243219
9.240	0.63248110
9.241	0.63290293
9.242	0.63374305
9.243	0.63345679
9.244	0.63274310
9.245	0.63287636
9.246	0.63284722
9.247	0.63251365
9.248	0.63264300
9.249	0.63262301
9.250	0.63291783
9.251	0.63282931
9.252	0.63245466
9.253	0.63214104
9.254	0.63237160
9.255	0.63214542
9.256	0.63209708
9.257	0.63185604
9.258	0.63178552
9.259	0.63174789
9.260	0.63113761
9.261	0.63128423
9.262	0.63097924
9.263	0.63107252
9.264	0.63074442
9.265	0.63110294
9.266	0.63174057
9.267	0.63168530
9.268	0.63093840
9.269	0.63125495
9.270	0.63106469
9.271	0.63129247
9.272	0.63074734
9.273	0.63082604
9.274	0.63105050
9.275	0.63106816
9.276	0.63074039
9.277	0.63073445
9.278	0.63064647
9.279	0.63066103
9.280	0.63041505
9.281	0.62988178
9.282	0.62982302
9.283	0.62971628
9.284	0.62965460
9.285	0.62961022
9.286	0.62939915
9.287	0.62950487
9.288	0.63003104
9.289	0.62988304
9.290	0.62981798
9.291	0.62942919
9.292	0.62871087
9.293	0.62912923
9.294	0.62980191
9.295	0.62971630
9.296	0.62946805
9.297	0.62930524
9.298	0.62908933
9.299	0.62914249
9.300	0.62929562
9.301	0.62914800
9.302	0.62910871
9.303	0.62930557
9.304	0.62923309
9.305	0.62924986
9.306	0.62903131
9.307	0.62933660
9.308	0.62908817
9.309	0.62922988
9.310	0.62922137
9.311	0.62932733
9.312	0.62906889
9.313	0.62902691
9.314	0.62907592
9.315	0.62932578
9.316	0.62942856
9.317	0.62898554
9.318	0.62874066
9.319	0.62869974
9.320	0.62860343
9.321	0.62827485
9.322	0.62792441
9.323	0.62803235
9.324	0.62777290
9.325	0.62746966
9.326	0.62761893
9.327	0.62774465
9.328	0.62817795
9.329	0.62777218
9.330	0.62793434
9.331	0.62784662
9.332	0.62788652
9.333	0.62792514
9.334	0.62809671
9.335	0.62833511
9.336	0.62766087
9.337	0.62789900
9.338	0.62766526
9.339	0.62770423
9.340	0.62775692
9.341	0.62746339
9.342	0.62795595
9.343	0.62785940
9.344	0.62778453
9.345	0.62821395
9.346	0.62795553
9.347	0.62762006
9.348	0.62759392
9.349	0.62795356
9.350	0.62860647
9.351	0.62850284
9.352	0.62877221
9.353	0.62873425
9.354	0.62882394
9.355	0.62872149
9.356	0.62821109
9.357	0.62833027
9.358	0.62823766
9.359	0.62839841
9.360	0.62829141
9.361	0.62830701
9.362	0.62851541
9.363	0.62885812
9.364	0.62919277
9.365	0.62902821
9.366	0.62907087
9.367	0.62947502
9.368	0.63024658
9.369	0.63008871
9.370	0.63000428
9.371	0.63020602
9.372	0.63054604
9.373	0.63070395
9.374	0.63055408
9.375	0.63031437
9.376	0.62985937
9.377	0.62991332
9.378	0.63001802
9.379	0.63049445
9.380	0.63057534
9.381	0.63049899
9.382	0.63078869
9.383	0.63081238
9.384	0.63098986
9.385	0.63079987
9.386	0.63087759
9.387	0.63060805
9.388	0.63050334
9.389	0.63044540
9.390	0.63029170
9.391	0.63029683
9.392	0.63049496
9.393	0.63073103
9.394	0.63142327
9.395	0.63139434
9.396	0.63156332
9.397	0.63144477
9.398	0.63155948
9.399	0.63182974
9.400	0.63177786
9.401	0.63195289
9.402	0.63187772
9.403	0.63169437
9.404	0.63158118
9.405	0.63125868
9.406	0.63094352
9.407	0.63057017
9.408	0.63139578
9.409	0.63157532
9.410	0.63117381
9.411	0.63126541
9.412	0.63111987
9.413	0.63083689
9.414	0.63101074
9.415	0.63103099
9.416	0.63139359
9.417	0.63145967
9.418	0.63162190
9.419	0.63158443
9.420	0.63134748
9.421	0.63126633
9.422	0.63110490
9.423	0.63108614
9.424	0.63089234
9.425	0.63093467
9.426	0.63084247
9.427	0.63093815
9.428	0.63065922
9.429	0.63008832
9.430	0.63030353
9.431	0.63021608
9.432	0.63040780
9.433	0.63023676
9.434	0.62982219
9.435	0.62967116
9.436	0.62991894
9.437	0.63023536
9.438	0.63067217
9.439	0.63060444
9.440	0.63073919
9.441	0.63076615
9.442	0.63132869
9.443	0.63157797
9.444	0.63161823
9.445	0.63180884
9.446	0.63213734
9.447	0.63243016
9.448	0.63200939
9.449	0.63199492
9.450	0.63170962
9.451	0.63191011
9.452	0.63201437
9.453	0.63244462
9.454	0.63180749
9.455	0.63180655
9.456	0.63131914
9.457	0.63137001
9.458	0.63190653
9.459	0.63231353
9.460	0.63252284
9.461	0.63285675
9.462	0.63275433
9.463	0.63235488
9.464	0.63234534
9.465	0.63202089
9.466	0.63184896
9.467	0.63147778
9.468	0.63098717
9.469	0.63117470
9.470	0.63181212
9.471	0.63128729
9.472	0.63144279
9.473	0.63111083
9.474	0.63100801
9.475	0.63067813
9.476	0.63084738
9.477	0.63073498
9.478	0.63072287
9.479	0.63039668
9.480	0.63043411
9.481	0.63014688
9.482	0.63028459
9.483	0.63031769
9.484	0.63077416
9.485	0.63079338
9.486	0.63071919
9.487	0.63083149
9.488	0.63026594
9.489	0.63054770
9.490	0.63051278
9.491	0.63062318
9.492	0.63085692
9.493	0.63107615
9.494	0.63091414
9.495	0.63076518
9.496	0.63048697
9.497	0.63053742
9.498	0.63086448
9.499	0.63078880
9.500	0.63085935
9.501	0.63079577
9.502	0.63118226
9.503	0.63150164
9.504	0.63113126
9.505	0.63082266
9.506	0.63078982
9.507	0.63062586
9.508	0.63047571
9.509	0.63053374
9.510	0.63135618
9.511	0.63127650
9.512	0.63105869
9.513	0.63095273
9.514	0.63073212
9.515	0.63098535
9.516	0.63132910
9.517	0.63130473
9.518	0.63122873
9.519	0.63117465
9.520	0.63103430
9.521	0.63084428
9.522	0.63081502
9.523	0.63119146
9.524	0.63108854
9.525	0.63143307
9.526	0.63136886
9.527	0.63154854
9.528	0.63167431
9.529	0.63152248
9.530	0.63131950
9.531	0.63123354
9.532	0.63095191
9.533	0.63084593
9.534	0.63025919
9.535	0.63056077
9.536	0.63015041
9.537	0.63061771
9.538	0.63089563
9.539	0.63020814
9.540	0.63057127
9.541	0.63040989
9.542	0.63029354
9.543	0.63046483
9.544	0.63066064
9.545	0.63078206
9.546	0.63056061
9.547	0.63034662
9.548	0.63001910
9.549	0.63017192
9.550	0.63031309
9.551	0.63014930
9.552	0.63063435
9.553	0.63069556
9.554	0.63087679
9.555	0.63117363
9.556	0.63139100
9.557	0.63134968
9.558	0.63179137
9.559	0.63191150
9.560	0.63217606
9.561	0.63218731
9.562	0.63219579
9.563	0.63199943
9.564	0.63204731
9.565	0.63241907
9.566	0.63187094
9.567	0.63246999
9.568	0.63217013
9.569	0.63230244
9.570	0.63189837
9.571	0.63246928
9.572	0.63311711
9.573	0.63317965
9.574	0.63379726
9.575	0.63380683
9.576	0.63345678
9.577	0.63301810
9.578	0.63298499
9.579	0.63321170
9.580	0.63309970
9.581	0.63334819
9.582	0.63333081
9.583	0.63326420
9.584	0.63336055
9.585	0.63308958
9.586	0.63289871
9.587	0.63259156
9.588	0.63292963
9.589	0.63263310
9.590	0.63256829
9.591	0.63278230
9.592	0.63243556
9.593	0.63176508
9.594	0.63129715
9.595	0.63133719
9.596	0.63160624
9.597	0.63160838
9.598	0.63120616
9.599	0.63145715
9.600	0.63160866
9.601	0.63157518
9.602	0.63129124
9.603	0.63158254
9.604	0.63159019
9.605	0.63167988
9.606	0.63136708
9.607	0.63159795
9.608	0.63161391
9.609	0.63125483
9.610	0.63108719
9.611	0.63123306
9.612	0.63156276
9.613	0.63105293
9.614	0.63121387
9.615	0.63116651
9.616	0.63095892
9.617	0.63119771
9.618	0.63102817
9.619	0.63057708
9.620	0.63085186
9.621	0.63089086
9.622	0.63042008
9.623	0.63010590
9.624	0.62996106
9.625	0.62956251
9.626	0.62986265
9.627	0.63041099
9.628	0.62981673
9.629	0.62990405
9.630	0.63001052
9.631	0.63007767
9.632	0.63032241
9.633	0.63047428
9.634	0.63068886
9.635	0.63104702
9.636	0.63127944
9.637	0.63179877
9.638	0.63168391
9.639	0.63204081
9.640	0.63185466
9.641	0.63193553
9.642	0.63165533
9.643	0.63143277
9.644	0.63123460
9.645	0.63140461
9.646	0.63107972
9.647	0.63080565
9.648	0.63093727
9.649	0.63118079
9.650	0.63103705
9.651	0.63117474
9.652	0.63106602
9.653	0.63113166
9.654	0.63051598
9.655	0.63013924
9.656	0.63001362
9.657	0.62962680
9.658	0.62935682
9.659	0.62942146
9.660	0.62920278
9.661	0.62920968
9.662	0.62875643
9.663	0.62883937
9.664	0.62887621
9.665	0.62903767
9.666	0.62891055
9.667	0.62891243
9.668	0.62866532
9.669	0.62847895
9.670	0.62818547
9.671	0.62771199
9.672	0.62794929
9.673	0.62777808
9.674	0.62809722
9.675	0.62831865
9.676	0.62818161
9.677	0.62784692
9.678	0.62778715
9.679	0.62772412
9.680	0.62801367
9.681	0.62811344
9.682	0.62815691
9.683	0.62766959
9.684	0.62739045
9.685	0.62732077
9.686	0.62717778
9.687	0.62692552
9.688	0.62644882
9.689	0.62625071
9.690	0.62597590
9.691	0.62619079
9.692	0.62628968
9.693	0.62624704
9.694	0.62593626
9.695	0.62573464
9.696	0.62530346
9.697	0.62520216
9.698	0.62543524
9.699	0.62541080
9.700	0.62547247
9.701	0.62512794
9.702	0.62556381
9.703	0.62550273
9.704	0.62584966
9.705	0.62637504
9.706	0.62641167
9.707	0.62626266
9.708	0.62648528
9.709	0.62633437
9.710	0.62652956
9.711	0.62663896
9.712	0.62686197
9.713	0.62683688
9.714	0.62651299
9.715	0.62623738
9.716	0.62658257
9.717	0.62627484
9.718	0.62627766
9.719	0.62688200
9.720	0.62654518
9.721	0.62648819
9.722	0.62674429
9.723	0.62697920
9.724	0.62673564
9.725	0.62635644
9.726	0.62675141
9.727	0.62719698
9.728	0.62751610
9.729	0.62748064
9.730	0.62731679
9.731	0.62780139
9.732	0.62800004
9.733	0.62764070
9.734	0.62761078
9.735	0.62772298
9.736	0.62730910
9.737	0.62716180
9.738	0.62708374
9.739	0.62727115
9.740	0.62713179
9.741	0.62654648
9.742	0.62658798
9.743	0.62653907
9.744	0.62680407
9.745	0.62669712
9.746	0.62673215
9.747	0.62674630
9.748	0.62687503
9.749	0.62635748
9.750	0.62661142
9.751	0.62642851
9.752	0.62678393
9.753	0.62695995
9.754	0.62672824
9.755	0.62627540
9.756	0.62602723
9.757	0.62601589
9.758	0.62622511
9.759	0.62662144
9.760	0.62709168
9.761	0.62751627
9.762	0.62727202
9.763	0.62713115
9.764	0.62705129
9.765	0.62670528
9.766	0.62666451
9.767	0.62667804
9.768	0.62718659
9.769	0.62703325
9.770	0.62688214
9.771	0.62698990
9.772	0.62704857
9.773	0.62725218
9.774	0.62714219
9.775	0.62709611
9.776	0.62702752
9.777	0.62681517
9.778	0.62649497
9.779	0.62642777
9.780	0.62624049
9.781	0.62611691
9.782	0.62591181
9.783	0.62614020
9.784	0.62598136
9.785	0.62619697
9.786	0.62622403
9.787	0.62602671
9.788	0.62597220
9.789	0.62653741
9.790	0.62673254
9.791	0.62637163
9.792	0.62668572
9.793	0.62652913
9.794	0.62627904
9.795	0.62660225
9.796	0.62698130
9.797	0.62670821
9.798	0.62658104
9.799	0.62640423
9.800	0.62658636
9.801	0.62674178
9.802	0.62686612
9.803	0.62658806
9.804	0.62653284
9.805	0.62622848
9.806	0.62650950
9.807	0.62626834
9.808	0.62614634
9.809	0.62640873
9.810	0.62655631
9.811	0.62587683
9.812	0.62567615
9.813	0.62549339
9.814	0.62529991
9.815	0.62514637
9.816	0.62512093
9.817	0.62510847
9.818	0.62520436
9.819	0.62510336
9.820	0.62518000
9.821	0.62499102
9.822	0.62501422
9.823	0.62506058
9.824	0.62507210
9.825	0.62541591
9.826	0.62517177
9.827	0.62526517
9.828	0.62457499
9.829	0.62437080
9.830	0.62450711
9.831	0.62468768
9.832	0.62546110
9.833	0.62510223
9.834	0.62560072
9.835	0.62538860
9.836	0.62550263
9.837	0.62566660
9.838	0.62622813
9.839	0.62656732
9.840	0.62718821
9.841	0.62722027
9.842	0.62703572
9.843	0.62727786
9.844	0.62719838
9.845	0.62762813
9.846	0.62762995
9.847	0.62773180
9.848	0.62759316
9.849	0.62690491
9.850	0.62626106
9.851	0.62648837
9.852	0.62662466
9.853	0.62655187
9.854	0.62632805
9.855	0.62629351
9.856	0.62690944
9.857	0.62685894
9.858	0.62661687
9.859	0.62643268
9.860	0.62647323
9.861	0.62664994
9.862	0.62702043
9.863	0.62710637
9.864	0.62747661
9.865	0.62742331
9.866	0.62694238
9.867	0.62700093
9.868	0.62690481
9.869	0.62724314
9.870	0.62702419
9.871	0.62708836
9.872	0.62669773
9.873	0.62654576
9.874	0.62651217
9.875	0.62663609
9.876	0.62664403
9.877	0.62704135
9.878	0.62694336
9.879	0.62716802
9.880	0.62706749
9.881	0.62688315
9.882	0.62662978
9.883	0.62651223
9.884	0.62665099
9.885	0.62656915
9.886	0.62644820
9.887	0.62632256
9.888	0.62632535
9.889	0.62633864
9.890	0.62692583
9.891	0.62741195
9.892	0.62752749
9.893	0.62763935
9.894	0.62770341
9.895	0.62786784
9.896	0.62816324
9.897	0.62788047
9.898	0.62806988
9.899	0.62793173
9.900	0.62771100
9.901	0.62731594
9.902	0.62759513
9.903	0.62754193
9.904	0.62790984
9.905	0.62807443
9.906	0.62806329
9.907	0.62821579
9.908	0.62829514
9.909	0.62788698
9.910	0.62796512
9.911	0.62790827
9.912	0.62729514
9.913	0.62726231
9.914	0.62729338
9.915	0.62693621
9.916	0.62665180
9.917	0.62656345
9.918	0.62642255
9.919	0.62613393
9.920	0.62621637
9.921	0.62620419
9.922	0.62597381
9.923	0.62584608
9.924	0.62585781
9.925	0.62592352
9.926	0.62595524
9.927	0.62541500
9.928	0.62544013
9.929	0.62565479
9.930	0.62555683
9.931	0.62561029
9.932	0.62551624
9.933	0.62520355
9.934	0.62502882
9.935	0.62496468
9.936	0.62516641
9.937	0.62537030
9.938	0.62539238
9.939	0.62552290
9.940	0.62549229
9.941	0.62549614
9.942	0.62475306
9.943	0.62433545
9.944	0.62469254
9.945	0.62475295
9.946	0.62436518
9.947	0.62431222
9.948	0.62430594
9.949	0.62457128
9.950	0.62468050
9.951	0.62462242
9.952	0.62439673
9.953	0.62428742
9.954	0.62445425
9.955	0.62504373
9.956	0.62538508
9.957	0.62513047
9.958	0.62515921
9.959	0.62474943
9.960	0.62507642
9.961	0.62473961
9.962	0.62509612
9.963	0.62492582
9.964	0.62486828
9.965	0.62485078
9.966	0.62466076
9.967	0.62447014
9.968	0.62425918
9.969	0.62479880
9.970	0.62473031
9.971	0.62427539
9.972	0.62446764
9.973	0.62423941
9.974	0.62399522
9.975	0.62403407
9.976	0.62359779
9.977	0.62377440
9.978	0.62339566
9.979	0.62337771
9.980	0.62310463
9.981	0.62307552
9.982	0.62306410
9.983	0.62303943
9.984	0.62293005
9.985	0.62268827
9.986	0.62276991
9.987	0.62235827
9.988	0.62282693
9.989	0.62282928
9.990	0.62265485
9.991	0.62240725
9.992	0.62184455
9.993	0.62210989
9.994	0.62236459
9.995	0.62260219
9.996	0.62232701
9.997	0.62211846
9.998	0.62189544
9.999	0.62172569
