0.000	0.00000000
0.001	0.00000000
0.002	0.00000000
0.003	0.00000000
0.004	0.00000000
0.005	0.00000000
0.006	0.00000001
0.007	0.00000001
0.008	0.00000002
0.009	0.00000003
0.010	0.00000004
0.011	0.00000005
0.012	0.00000007
0.013	0.00000009
0.014	0.00000011
0.015	0.00000013
0.016	0.00000016
0.017	0.00000019
0.018	0.00000023
0.019	0.00000027
0.020	0.00000032
0.021	0.00000037
0.022	0.00000042
0.023	0.00000048
0.024	0.00000055
0.025	0.00000062
0.026	0.00000069
0.027	0.00000078
0.028	0.00000087
0.029	0.00000096
0.030	0.00000106
0.031	0.00000117
0.032	0.00000129
0.033	0.00000141
0.034	0.00000155
0.035	0.00000169
0.036	0.00000183
0.037	0.00000199
0.038	0.00000215
0.039	0.00000233
0.040	0.00000251
0.041	0.00000270
0.042	0.00000290
0.043	0.00000311
0.044	0.00000333
0.045	0.00000356
0.046	0.00000381
0.047	0.00000406
0.048	0.00000432
0.049	0.00000459
0.050	0.00000488
0.051	0.00000517
0.052	0.00000548
0.053	0.00000580
0.054	0.00000613
0.055	0.00000648
0.056	0.00000683
0.057	0.00000720
0.058	0.00000758
0.059	0.00000798
0.060	0.00000839
0.061	0.00000881
0.062	0.00000924
0.063	0.00000969
0.064	0.00001016
0.065	0.00001064
0.066	0.00001113
0.067	0.00001164
0.068	0.00001216
0.069	0.00001270
0.070	0.00001325
0.071	0.00001382
0.072	0.00001440
0.073	0.00001500
0.074	0.00001562
0.075	0.00001626
0.076	0.00001691
0.077	0.00001757
0.078	0.00001826
0.079	0.00001896
0.080	0.00001968
0.081	0.00002041
0.082	0.00002117
0.083	0.00002194
0.084	0.00002273
0.085	0.00002354
0.086	0.00002437
0.087	0.00002522
0.088	0.00002609
0.089	0.00002697
0.090	0.00002788
0.091	0.00002880
0.092	0.00002975
0.093	0.00003071
0.094	0.00003170
0.095	0.00003270
0.096	0.00003373
0.097	0.00003478
0.098	0.00003584
0.099	0.00003693
0.100	0.00003805
0.101	0.00003918
0.102	0.00004033
0.103	0.00004151
0.104	0.00004271
0.105	0.00004393
0.106	0.00004517
0.107	0.00004644
0.108	0.00004773
0.109	0.00004904
0.110	0.00005038
0.111	0.00005174
0.112	0.00005313
0.113	0.00005453
0.114	0.00005597
0.115	0.00005742
0.116	0.00005890
0.117	0.00006041
0.118	0.00006194
0.119	0.00006350
0.120	0.00006508
0.121	0.00006668
0.122	0.00006831
0.123	0.00006997
0.124	0.00007166
0.125	0.00007337
0.126	0.00007510
0.127	0.00007687
0.128	0.00007866
0.129	0.00008047
0.130	0.00008232
0.131	0.00008419
0.132	0.00008609
0.133	0.00008801
0.134	0.00008997
0.135	0.00009195
0.136	0.00009396
0.137	0.00009600
0.138	0.00009807
0.139	0.00010016
0.140	0.00010229
0.141	0.00010444
0.142	0.00010663
0.143	0.00010884
0.144	0.00011108
0.145	0.00011335
0.146	0.00011566
0.147	0.00011799
0.148	0.00012035
0.149	0.00012274
0.150	0.00012517
0.151	0.00012762
0.152	0.00013011
0.153	0.00013263
0.154	0.00013517
0.155	0.00013775
0.156	0.00014037
0.157	0.00014301
0.158	0.00014568
0.159	0.00014839
0.160	0.00015113
0.161	0.00015390
0.162	0.00015671
0.163	0.00015955
0.164	0.00016242
0.165	0.00016532
0.166	0.00016826
0.167	0.00017123
0.168	0.00017424
0.169	0.00017728
0.170	0.00018035
0.171	0.00018346
0.172	0.00018660
0.173	0.00018977
0.174	0.00019298
0.175	0.00019623
0.176	0.00019951
0.177	0.00020282
0.178	0.00020618
0.179	0.00020956
0.180	0.00021298
0.181	0.00021644
0.182	0.00021994
0.183	0.00022347
0.184	0.00022703
0.185	0.00023064
0.186	0.00023428
0.187	0.00023795
0.188	0.00024167
0.189	0.00024542
0.190	0.00024920
0.191	0.00025303
0.192	0.00025689
0.193	0.00026079
0.194	0.00026473
0.195	0.00026871
0.196	0.00027272
0.197	0.00027677
0.198	0.00028086
0.199	0.00028499
0.200	0.00028916
0.201	0.00029337
0.202	0.00029762
0.203	0.00030190
0.204	0.00030623
0.205	0.00031059
0.206	0.00031500
0.207	0.00031944
0.208	0.00032393
0.209	0.00032845
0.210	0.00033302
0.211	0.00033762
0.212	0.00034227
0.213	0.00034696
0.214	0.00035168
0.215	0.00035645
0.216	0.00036126
0.217	0.00036611
0.218	0.00037101
0.219	0.00037594
0.220	0.00038092
0.221	0.00038593
0.222	0.00039099
0.223	0.00039610
0.224	0.00040124
0.225	0.00040643
0.226	0.00041166
0.227	0.00041693
0.228	0.00042225
0.229	0.00042760
0.230	0.00043301
0.231	0.00043845
0.232	0.00044394
0.233	0.00044947
0.234	0.00045505
0.235	0.00046067
0.236	0.00046633
0.237	0.00047204
0.238	0.00047779
0.239	0.00048359
0.240	0.00048943
0.241	0.00049531
0.242	0.00050124
0.243	0.00050722
0.244	0.00051324
0.245	0.00051931
0.246	0.00052542
0.247	0.00053158
0.248	0.00053778
0.249	0.00054403
0.250	0.00055032
0.251	0.00055666
0.252	0.00056305
0.253	0.00056948
0.254	0.00057596
0.255	0.00058249
0.256	0.00058906
0.257	0.00059568
0.258	0.00060234
0.259	0.00060906
0.260	0.00061582
0.261	0.00062263
0.262	0.00062948
0.263	0.00063639
0.264	0.00064334
0.265	0.00065034
0.266	0.00065738
0.267	0.00066448
0.268	0.00067162
0.269	0.00067881
0.270	0.00068605
0.271	0.00069334
0.272	0.00070068
0.273	0.00070807
0.274	0.00071550
0.275	0.00072299
0.276	0.00073052
0.277	0.00073810
0.278	0.00074574
0.279	0.00075342
0.280	0.00076115
0.281	0.00076893
0.282	0.00077677
0.283	0.00078465
0.284	0.00079258
0.285	0.00080056
0.286	0.00080860
0.287	0.00081668
0.288	0.00082481
0.289	0.00083300
0.290	0.00084124
0.291	0.00084952
0.292	0.00085786
0.293	0.00086625
0.294	0.00087469
0.295	0.00088319
0.296	0.00089173
0.297	0.00090033
0.298	0.00090897
0.299	0.00091767
0.300	0.00092643
0.301	0.00093523
0.302	0.00094409
0.303	0.00095300
0.304	0.00096196
0.305	0.00097097
0.306	0.00098004
0.307	0.00098916
0.308	0.00099833
0.309	0.00100756
0.310	0.00101684
0.311	0.00102617
0.312	0.00103556
0.313	0.00104500
0.314	0.00105449
0.315	0.00106404
0.316	0.00107364
0.317	0.00108329
0.318	0.00109300
0.319	0.00110276
0.320	0.00111258
0.321	0.00112245
0.322	0.00113238
0.323	0.00114236
0.324	0.00115240
0.325	0.00116249
0.326	0.00117263
0.327	0.00118283
0.328	0.00119309
0.329	0.00120340
0.330	0.00121377
0.331	0.00122419
0.332	0.00123467
0.333	0.00124520
0.334	0.00125579
0.335	0.00126643
0.336	0.00127713
0.337	0.00128789
0.338	0.00129871
0.339	0.00130957
0.340	0.00132050
0.341	0.00133148
0.342	0.00134252
0.343	0.00135362
0.344	0.00136477
0.345	0.00137598
0.346	0.00138725
0.347	0.00139857
0.348	0.00140995
0.349	0.00142139
0.350	0.00143288
0.351	0.00144443
0.352	0.00145604
0.353	0.00146771
0.354	0.00147944
0.355	0.00149122
0.356	0.00150306
0.357	0.00151496
0.358	0.00152692
0.359	0.00153894
0.360	0.00155101
0.361	0.00156314
0.362	0.00157533
0.363	0.00158758
0.364	0.00159989
0.365	0.00161226
0.366	0.00162469
0.367	0.00163717
0.368	0.00164971
0.369	0.00166232
0.370	0.00167498
0.371	0.00168770
0.372	0.00170048
0.373	0.00171332
0.374	0.00172622
0.375	0.00173918
0.376	0.00175220
0.377	0.00176528
0.378	0.00177842
0.379	0.00179162
0.380	0.00180488
0.381	0.00181820
0.382	0.00183158
0.383	0.00184502
0.384	0.00185852
0.385	0.00187208
0.386	0.00188571
0.387	0.00189939
0.388	0.00191313
0.389	0.00192694
0.390	0.00194080
0.391	0.00195473
0.392	0.00196872
0.393	0.00198277
0.394	0.00199688
0.395	0.00201105
0.396	0.00202528
0.397	0.00203958
0.398	0.00205393
0.399	0.00206835
0.400	0.00208283
0.401	0.00209737
0.402	0.00211198
0.403	0.00212664
0.404	0.00214137
0.405	0.00215616
0.406	0.00217101
0.407	0.00218593
0.408	0.00220090
0.409	0.00221594
0.410	0.00223104
0.411	0.00224621
0.412	0.00226144
0.413	0.00227673
0.414	0.00229208
0.415	0.00230749
0.416	0.00232297
0.417	0.00233851
0.418	0.00235412
0.419	0.00236979
0.420	0.00238552
0.421	0.00240132
0.422	0.00241717
0.423	0.00243310
0.424	0.00244908
0.425	0.00246513
0.426	0.00248124
0.427	0.00249742
0.428	0.00251366
0.429	0.00252997
0.430	0.00254634
0.431	0.00256277
0.432	0.00257927
0.433	0.00259583
0.434	0.00261245
0.435	0.00262914
0.436	0.00264590
0.437	0.00266272
0.438	0.00267960
0.439	0.00269655
0.440	0.00271356
0.441	0.00273064
0.442	0.00274778
0.443	0.00276499
0.444	0.00278226
0.445	0.00279960
0.446	0.00281700
0.447	0.00283447
0.448	0.00285200
0.449	0.00286960
0.450	0.00288727
0.451	0.00290500
0.452	0.00292279
0.453	0.00294065
0.454	0.00295858
0.455	0.00297657
0.456	0.00299463
0.457	0.00301275
0.458	0.00303094
0.459	0.00304919
0.460	0.00306751
0.461	0.00308590
0.462	0.00310435
0.463	0.00312287
0.464	0.00314146
0.465	0.00316011
0.466	0.00317883
0.467	0.00319762
0.468	0.00321647
0.469	0.00323539
0.470	0.00325437
0.471	0.00327342
0.472	0.00329254
0.473	0.00331172
0.474	0.00333097
0.475	0.00335029
0.476	0.00336968
0.477	0.00338913
0.478	0.00340865
0.479	0.00342824
0.480	0.00344789
0.481	0.00346761
0.482	0.00348740
0.483	0.00350726
0.484	0.00352718
0.485	0.00354717
0.486	0.00356723
0.487	0.00358735
0.488	0.00360755
0.489	0.00362781
0.490	0.00364813
0.491	0.00366853
0.492	0.00368899
0.493	0.00370953
0.494	0.00373013
0.495	0.00375079
0.496	0.00377153
0.497	0.00379233
0.498	0.00381320
0.499	0.00383414
0.500	0.00385515
0.501	0.00387623
0.502	0.00389737
0.503	0.00391859
0.504	0.00393987
0.505	0.00396122
0.506	0.00398264
0.507	0.00400412
0.508	0.00402568
0.509	0.00404730
0.510	0.00406900
0.511	0.00409076
0.512	0.00411259
0.513	0.00413449
0.514	0.00415646
0.515	0.00417849
0.516	0.00420060
0.517	0.00422278
0.518	0.00424502
0.519	0.00426733
0.520	0.00428972
0.521	0.00431217
0.522	0.00433469
0.523	0.00435728
0.524	0.00437994
0.525	0.00440267
0.526	0.00442546
0.527	0.00444833
0.528	0.00447127
0.529	0.00449427
0.530	0.00451735
0.531	0.00454050
0.532	0.00456371
0.533	0.00458700
0.534	0.00461035
0.535	0.00463378
0.536	0.00465727
0.537	0.00468083
0.538	0.00470447
0.539	0.00472817
0.540	0.00475195
0.541	0.00477579
0.542	0.00479970
0.543	0.00482369
0.544	0.00484774
0.545	0.00487187
0.546	0.00489606
0.547	0.00492033
0.548	0.00494466
0.549	0.00496907
0.550	0.00499354
0.551	0.00501809
0.552	0.00504270
0.553	0.00506739
0.554	0.00509215
0.555	0.00511697
0.556	0.00514187
0.557	0.00516684
0.558	0.00519188
0.559	0.00521699
0.560	0.00524217
0.561	0.00526742
0.562	0.00529274
0.563	0.00531814
0.564	0.00534360
0.565	0.00536914
0.566	0.00539474
0.567	0.00542042
0.568	0.00544616
0.569	0.00547198
0.570	0.00549787
0.571	0.00552383
0.572	0.00554986
0.573	0.00557596
0.574	0.00560214
0.575	0.00562838
0.576	0.00565470
0.577	0.00568108
0.578	0.00570754
0.579	0.00573407
0.580	0.00576067
0.581	0.00578734
0.582	0.00581408
0.583	0.00584090
0.584	0.00586778
0.585	0.00589474
0.586	0.00592177
0.587	0.00594887
0.588	0.00597604
0.589	0.00600328
0.590	0.00603060
0.591	0.00605798
0.592	0.00608544
0.593	0.00611297
0.594	0.00614057
0.595	0.00616824
0.596	0.00619599
0.597	0.00622380
0.598	0.00625169
0.599	0.00627965
0.600	0.00630768
0.601	0.00633578
0.602	0.00636396
0.603	0.00639220
0.604	0.00642052
0.605	0.00644891
0.606	0.00647737
0.607	0.00650591
0.608	0.00653451
0.609	0.00656319
0.610	0.00659194
0.611	0.00662076
0.612	0.00664965
0.613	0.00667862
0.614	0.00670766
0.615	0.00673677
0.616	0.00676595
0.617	0.00679520
0.618	0.00682453
0.619	0.00685393
0.620	0.00688340
0.621	0.00691294
0.622	0.00694255
0.623	0.00697224
0.624	0.00700200
0.625	0.00703183
0.626	0.00706173
0.627	0.00709171
0.628	0.00712176
0.629	0.00715188
0.630	0.00718207
0.631	0.00721234
0.632	0.00724267
0.633	0.00727308
0.634	0.00730356
0.635	0.00733412
0.636	0.00736474
0.637	0.00739544
0.638	0.00742622
0.639	0.00745706
0.640	0.00748798
0.641	0.00751896
0.642	0.00755003
0.643	0.00758116
0.644	0.00761237
0.645	0.00764364
0.646	0.00767500
0.647	0.00770642
0.648	0.00773792
0.649	0.00776949
0.650	0.00780113
0.651	0.00783284
0.652	0.00786463
0.653	0.00789649
0.654	0.00792842
0.655	0.00796042
0.656	0.00799250
0.657	0.00802465
0.658	0.00805687
0.659	0.00808917
0.660	0.00812153
0.661	0.00815397
0.662	0.00818649
0.663	0.00821907
0.664	0.00825173
0.665	0.00828446
0.666	0.00831727
0.667	0.00835014
0.668	0.00838309
0.669	0.00841611
0.670	0.00844921
0.671	0.00848237
0.672	0.00851561
0.673	0.00854893
0.674	0.00858231
0.675	0.00861577
0.676	0.00864930
0.677	0.00868290
0.678	0.00871658
0.679	0.00875033
0.680	0.00878415
0.681	0.00881804
0.682	0.00885201
0.683	0.00888605
0.684	0.00892016
0.685	0.00895435
0.686	0.00898861
0.687	0.00902294
0.688	0.00905734
0.689	0.00909182
0.690	0.00912637
0.691	0.00916099
0.692	0.00919568
0.693	0.00923045
0.694	0.00926529
0.695	0.00930020
0.696	0.00933519
0.697	0.00937025
0.698	0.00940538
0.699	0.00944058
0.700	0.00947586
0.701	0.00951121
0.702	0.00954663
0.703	0.00958213
0.704	0.00961770
0.705	0.00965334
0.706	0.00968905
0.707	0.00972484
0.708	0.00976070
0.709	0.00979663
0.710	0.00983263
0.711	0.00986871
0.712	0.00990486
0.713	0.00994108
0.714	0.00997738
0.715	0.01001374
0.716	0.01005019
0.717	0.01008670
0.718	0.01012328
0.719	0.01015994
0.720	0.01019668
0.721	0.01023348
0.722	0.01027036
0.723	0.01030731
0.724	0.01034433
0.725	0.01038142
0.726	0.01041859
0.727	0.01045583
0.728	0.01049314
0.729	0.01053053
0.730	0.01056799
0.731	0.01060552
0.732	0.01064312
0.733	0.01068080
0.734	0.01071855
0.735	0.01075637
0.736	0.01079426
0.737	0.01083223
0.738	0.01087027
0.739	0.01090838
0.740	0.01094656
0.741	0.01098482
0.742	0.01102315
0.743	0.01106155
0.744	0.01110002
0.745	0.01113857
0.746	0.01117719
0.747	0.01121588
0.748	0.01125464
0.749	0.01129348
0.750	0.01133239
0.751	0.01137137
0.752	0.01141042
0.753	0.01144955
0.754	0.01148875
0.755	0.01152802
0.756	0.01156736
0.757	0.01160678
0.758	0.01164626
0.759	0.01168582
0.760	0.01172546
0.761	0.01176516
0.762	0.01180494
0.763	0.01184479
0.764	0.01188471
0.765	0.01192470
0.766	0.01196477
0.767	0.01200490
0.768	0.01204512
0.769	0.01208540
0.770	0.01212575
0.771	0.01216618
0.772	0.01220668
0.773	0.01224725
0.774	0.01228789
0.775	0.01232861
0.776	0.01236939
0.777	0.01241025
0.778	0.01245118
0.779	0.01249219
0.780	0.01253326
0.781	0.01257441
0.782	0.01261563
0.783	0.01265692
0.784	0.01269828
0.785	0.01273972
0.786	0.01278122
0.787	0.01282280
0.788	0.01286445
0.789	0.01290617
0.790	0.01294797
0.791	0.01298983
0.792	0.01303177
0.793	0.01307378
0.794	0.01311586
0.795	0.01315801
0.796	0.01320024
0.797	0.01324253
0.798	0.01328490
0.799	0.01332734
0.800	0.01336985
0.801	0.01341243
0.802	0.01345508
0.803	0.01349781
0.804	0.01354061
0.805	0.01358347
0.806	0.01362641
0.807	0.01366942
0.808	0.01371251
0.809	0.01375566
0.810	0.01379889
0.811	0.01384218
0.812	0.01388555
0.813	0.01392899
0.814	0.01397250
0.815	0.01401608
0.816	0.01405973
0.817	0.01410346
0.818	0.01414725
0.819	0.01419112
0.820	0.01423506
0.821	0.01427907
0.822	0.01432315
0.823	0.01436730
0.824	0.01441152
0.825	0.01445581
0.826	0.01450017
0.827	0.01454461
0.828	0.01458911
0.829	0.01463369
0.830	0.01467834
0.831	0.01472306
0.832	0.01476785
0.833	0.01481270
0.834	0.01485764
0.835	0.01490264
0.836	0.01494771
0.837	0.01499285
0.838	0.01503806
0.839	0.01508335
0.840	0.01512870
0.841	0.01517413
0.842	0.01521962
0.843	0.01526519
0.844	0.01531082
0.845	0.01535653
0.846	0.01540231
0.847	0.01544816
0.848	0.01549407
0.849	0.01554006
0.850	0.01558612
0.851	0.01563225
0.852	0.01567845
0.853	0.01572472
0.854	0.01577106
0.855	0.01581747
0.856	0.01586395
0.857	0.01591050
0.858	0.01595711
0.859	0.01600380
0.860	0.01605056
0.861	0.01609739
0.862	0.01614429
0.863	0.01619126
0.864	0.01623830
0.865	0.01628541
0.866	0.01633259
0.867	0.01637984
0.868	0.01642715
0.869	0.01647454
0.870	0.01652200
0.871	0.01656953
0.872	0.01661712
0.873	0.01666479
0.874	0.01671253
0.875	0.01676033
0.876	0.01680820
0.877	0.01685615
0.878	0.01690416
0.879	0.01695224
0.880	0.01700040
0.881	0.01704862
0.882	0.01709691
0.883	0.01714527
0.884	0.01719370
0.885	0.01724219
0.886	0.01729076
0.887	0.01733940
0.888	0.01738810
0.889	0.01743687
0.890	0.01748572
0.891	0.01753463
0.892	0.01758361
0.893	0.01763266
0.894	0.01768178
0.895	0.01773096
0.896	0.01778022
0.897	0.01782954
0.898	0.01787893
0.899	0.01792840
0.900	0.01797793
0.901	0.01802752
0.902	0.01807719
0.903	0.01812693
0.904	0.01817673
0.905	0.01822660
0.906	0.01827654
0.907	0.01832655
0.908	0.01837663
0.909	0.01842677
0.910	0.01847699
0.911	0.01852727
0.912	0.01857762
0.913	0.01862803
0.914	0.01867852
0.915	0.01872907
0.916	0.01877969
0.917	0.01883038
0.918	0.01888114
0.919	0.01893197
0.920	0.01898286
0.921	0.01903382
0.922	0.01908485
0.923	0.01913594
0.924	0.01918710
0.925	0.01923834
0.926	0.01928963
0.927	0.01934100
0.928	0.01939243
0.929	0.01944393
0.930	0.01949550
0.931	0.01954714
0.932	0.01959884
0.933	0.01965061
0.934	0.01970244
0.935	0.01975435
0.936	0.01980632
0.937	0.01985836
0.938	0.01991046
0.939	0.01996263
0.940	0.02001487
0.941	0.02006718
0.942	0.02011955
0.943	0.02017199
0.944	0.02022449
0.945	0.02027707
0.946	0.02032971
0.947	0.02038241
0.948	0.02043518
0.949	0.02048802
0.950	0.02054093
0.951	0.02059390
0.952	0.02064694
0.953	0.02070004
0.954	0.02075321
0.955	0.02080645
0.956	0.02085975
0.957	0.02091312
0.958	0.02096655
0.959	0.02102005
0.960	0.02107362
0.961	0.02112725
0.962	0.02118095
0.963	0.02123471
0.964	0.02128854
0.965	0.02134244
0.966	0.02139640
0.967	0.02145043
0.968	0.02150452
0.969	0.02155868
0.970	0.02161290
0.971	0.02166719
0.972	0.02172155
0.973	0.02177597
0.974	0.02183045
0.975	0.02188500
0.976	0.02193962
0.977	0.02199430
0.978	0.02204904
0.979	0.02210386
0.980	0.02215873
0.981	0.02221367
0.982	0.02226868
0.983	0.02232375
0.984	0.02237888
0.985	0.02243408
0.986	0.02248935
0.987	0.02254468
0.988	0.02260007
0.989	0.02265553
0.990	0.02271105
0.991	0.02276664
0.992	0.02282229
0.993	0.02287801
0.994	0.02293379
0.995	0.02298963
0.996	0.02304554
0.997	0.02310152
0.998	0.02315755
0.999	0.02321365
1.000	0.02326982
1.001	0.02332605
1.002	0.02338234
1.003	0.02343870
1.004	0.02349512
1.005	0.02355160
1.006	0.02360815
1.007	0.02366476
1.008	0.02372144
1.009	0.02377817
1.010	0.02383498
1.011	0.02389184
1.012	0.02394877
1.013	0.02400576
1.014	0.02406282
1.015	0.02411994
1.016	0.02417712
1.017	0.02423436
1.018	0.02429167
1.019	0.02434904
1.020	0.02440647
1.021	0.02446397
1.022	0.02452153
1.023	0.02457915
1.024	0.02463683
1.025	0.02469458
1.026	0.02475239
1.027	0.02481026
1.028	0.02486820
1.029	0.02492619
1.030	0.02498425
1.031	0.02504238
1.032	0.02510056
1.033	0.02515880
1.034	0.02521711
1.035	0.02527548
1.036	0.02533392
1.037	0.02539241
1.038	0.02545097
1.039	0.02550958
1.040	0.02556826
1.041	0.02562700
1.042	0.02568581
1.043	0.02574467
1.044	0.02580360
1.045	0.02586259
1.046	0.02592163
1.047	0.02598074
1.048	0.02603992
1.049	0.02609915
1.050	0.02615844
1.051	0.02621780
1.052	0.02627722
1.053	0.02633669
1.054	0.02639623
1.055	0.02645583
1.056	0.02651549
1.057	0.02657521
1.058	0.02663499
1.059	0.02669483
1.060	0.02675474
1.061	0.02681470
1.062	0.02687472
1.063	0.02693481
1.064	0.02699495
1.065	0.02705516
1.066	0.02711542
1.067	0.02717575
1.068	0.02723613
1.069	0.02729658
1.070	0.02735709
1.071	0.02741765
1.072	0.02747828
1.073	0.02753896
1.074	0.02759971
1.075	0.02766051
1.076	0.02772138
1.077	0.02778230
1.078	0.02784328
1.079	0.02790433
1.080	0.02796543
1.081	0.02802659
1.082	0.02808781
1.083	0.02814909
1.084	0.02821043
1.085	0.02827183
1.086	0.02833329
1.087	0.02839480
1.088	0.02845638
1.089	0.02851801
1.090	0.02857971
1.091	0.02864146
1.092	0.02870327
1.093	0.02876514
1.094	0.02882706
1.095	0.02888905
1.096	0.02895109
1.097	0.02901320
1.098	0.02907536
1.099	0.02913758
1.100	0.02919985
1.101	0.02926219
1.102	0.02932458
1.103	0.02938704
1.104	0.02944954
1.105	0.02951211
1.106	0.02957474
1.107	0.02963742
1.108	0.02970016
1.109	0.02976296
1.110	0.02982581
1.111	0.02988873
1.112	0.02995170
1.113	0.03001472
1.114	0.03007781
1.115	0.03014095
1.116	0.03020415
1.117	0.03026741
1.118	0.03033072
1.119	0.03039409
1.120	0.03045752
1.121	0.03052100
1.122	0.03058454
1.123	0.03064814
1.124	0.03071179
1.125	0.03077550
1.126	0.03083927
1.127	0.03090309
1.128	0.03096697
1.129	0.03103091
1.130	0.03109490
1.131	0.03115895
1.132	0.03122305
1.133	0.03128721
1.134	0.03135143
1.135	0.03141570
1.136	0.03148003
1.137	0.03154441
1.138	0.03160885
1.139	0.03167335
1.140	0.03173790
1.141	0.03180250
1.142	0.03186716
1.143	0.03193188
1.144	0.03199665
1.145	0.03206148
1.146	0.03212636
1.147	0.03219130
1.148	0.03225629
1.149	0.03232134
1.150	0.03238644
1.151	0.03245160
1.152	0.03251681
1.153	0.03258208
1.154	0.03264740
1.155	0.03271277
1.156	0.03277820
1.157	0.03284369
1.158	0.03290922
1.159	0.03297482
1.160	0.03304046
1.161	0.03310616
1.162	0.03317192
1.163	0.03323773
1.164	0.03330359
1.165	0.03336951
1.166	0.03343548
1.167	0.03350150
1.168	0.03356758
1.169	0.03363371
1.170	0.03369990
1.171	0.03376614
1.172	0.03383243
1.173	0.03389877
1.174	0.03396517
1.175	0.03403162
1.176	0.03409813
1.177	0.03416468
1.178	0.03423129
1.179	0.03429796
1.180	0.03436467
1.181	0.03443144
1.182	0.03449826
1.183	0.03456514
1.184	0.03463206
1.185	0.03469904
1.186	0.03476608
1.187	0.03483316
1.188	0.03490029
1.189	0.03496748
1.190	0.03503472
1.191	0.03510201
1.192	0.03516936
1.193	0.03523676
1.194	0.03530420
1.195	0.03537170
1.196	0.03543925
1.197	0.03550686
1.198	0.03557451
1.199	0.03564222
1.200	0.03570997
1.201	0.03577778
1.202	0.03584564
1.203	0.03591355
1.204	0.03598152
1.205	0.03604953
1.206	0.03611759
1.207	0.03618571
1.208	0.03625387
1.209	0.03632209
1.210	0.03639036
1.211	0.03645867
1.212	0.03652704
1.213	0.03659546
1.214	0.03666393
1.215	0.03673245
1.216	0.03680102
1.217	0.03686964
1.218	0.03693831
1.219	0.03700703
1.220	0.03707580
1.221	0.03714462
1.222	0.03721349
1.223	0.03728240
1.224	0.03735137
1.225	0.03742039
1.226	0.03748946
1.227	0.03755858
1.228	0.03762774
1.229	0.03769696
1.230	0.03776622
1.231	0.03783554
1.232	0.03790490
1.233	0.03797431
1.234	0.03804377
1.235	0.03811328
1.236	0.03818284
1.237	0.03825245
1.238	0.03832210
1.239	0.03839181
1.240	0.03846156
1.241	0.03853136
1.242	0.03860121
1.243	0.03867111
1.244	0.03874105
1.245	0.03881105
1.246	0.03888109
1.247	0.03895118
1.248	0.03902132
1.249	0.03909150
1.250	0.03916174
1.251	0.03923202
1.252	0.03930234
1.253	0.03937272
1.254	0.03944314
1.255	0.03951361
1.256	0.03958413
1.257	0.03965470
1.258	0.03972531
1.259	0.03979597
1.260	0.03986667
1.261	0.03993743
1.262	0.04000823
1.263	0.04007907
1.264	0.04014997
1.265	0.04022091
1.266	0.04029189
1.267	0.04036293
1.268	0.04043400
1.269	0.04050513
1.270	0.04057630
1.271	0.04064752
1.272	0.04071878
1.273	0.04079009
1.274	0.04086145
1.275	0.04093285
1.276	0.04100430
1.277	0.04107579
1.278	0.04114733
1.279	0.04121891
1.280	0.04129054
1.281	0.04136222
1.282	0.04143394
1.283	0.04150570
1.284	0.04157751
1.285	0.04164937
1.286	0.04172127
1.287	0.04179321
1.288	0.04186520
1.289	0.04193724
1.290	0.04200932
1.291	0.04208144
1.292	0.04215361
1.293	0.04222583
1.294	0.04229808
1.295	0.04237039
1.296	0.04244273
1.297	0.04251512
1.298	0.04258756
1.299	0.04266004
1.300	0.04273256
1.301	0.04280512
1.302	0.04287773
1.303	0.04295039
1.304	0.04302309
1.305	0.04309583
1.306	0.04316861
1.307	0.04324144
1.308	0.04331431
1.309	0.04338722
1.310	0.04346018
1.311	0.04353318
1.312	0.04360622
1.313	0.04367931
1.314	0.04375244
1.315	0.04382561
1.316	0.04389883
1.317	0.04397208
1.318	0.04404538
1.319	0.04411872
1.320	0.04419211
1.321	0.04426554
1.322	0.04433900
1.323	0.04441251
1.324	0.04448607
1.325	0.04455966
1.326	0.04463330
1.327	0.04470698
1.328	0.04478070
1.329	0.04485446
1.330	0.04492826
1.331	0.04500211
1.332	0.04507599
1.333	0.04514992
1.334	0.04522389
1.335	0.04529790
1.336	0.04537195
1.337	0.04544605
1.338	0.04552018
1.339	0.04559435
1.340	0.04566857
1.341	0.04574282
1.342	0.04581712
1.343	0.04589146
1.344	0.04596583
1.345	0.04604025
1.346	0.04611471
1.347	0.04618921
1.348	0.04626375
1.349	0.04633832
1.350	0.04641294
1.351	0.04648760
1.352	0.04656230
1.353	0.04663704
1.354	0.04671181
1.355	0.04678663
1.356	0.04686149
1.357	0.04693638
1.358	0.04701132
1.359	0.04708629
1.360	0.04716131
1.361	0.04723636
1.362	0.04731145
1.363	0.04738658
1.364	0.04746175
1.365	0.04753696
1.366	0.04761221
1.367	0.04768749
1.368	0.04776282
1.369	0.04783818
1.370	0.04791358
1.371	0.04798902
1.372	0.04806450
1.373	0.04814002
1.374	0.04821557
1.375	0.04829116
1.376	0.04836679
1.377	0.04844246
1.378	0.04851817
1.379	0.04859391
1.380	0.04866969
1.381	0.04874551
1.382	0.04882137
1.383	0.04889726
1.384	0.04897319
1.385	0.04904916
1.386	0.04912516
1.387	0.04920121
1.388	0.04927728
1.389	0.04935340
1.390	0.04942955
1.391	0.04950574
1.392	0.04958197
1.393	0.04965823
1.394	0.04973453
1.395	0.04981086
1.396	0.04988724
1.397	0.04996364
1.398	0.05004009
1.399	0.05011657
1.400	0.05019308
1.401	0.05026964
1.402	0.05034622
1.403	0.05042285
1.404	0.05049951
1.405	0.05057620
1.406	0.05065293
1.407	0.05072970
1.408	0.05080650
1.409	0.05088334
1.410	0.05096021
1.411	0.05103711
1.412	0.05111406
1.413	0.05119103
1.414	0.05126804
1.415	0.05134509
1.416	0.05142217
1.417	0.05149929
1.418	0.05157644
1.419	0.05165362
1.420	0.05173084
1.421	0.05180809
1.422	0.05188538
1.423	0.05196270
1.424	0.05204006
1.425	0.05211745
1.426	0.05219487
1.427	0.05227233
1.428	0.05234982
1.429	0.05242734
1.430	0.05250490
1.431	0.05258249
1.432	0.05266012
1.433	0.05273778
1.434	0.05281547
1.435	0.05289319
1.436	0.05297095
1.437	0.05304874
1.438	0.05312656
1.439	0.05320442
1.440	0.05328231
1.441	0.05336023
1.442	0.05343819
1.443	0.05351617
1.444	0.05359419
1.445	0.05367224
1.446	0.05375033
1.447	0.05382845
1.448	0.05390659
1.449	0.05398477
1.450	0.05406299
1.451	0.05414123
1.452	0.05421951
1.453	0.05429781
1.454	0.05437615
1.455	0.05445452
1.456	0.05453293
1.457	0.05461136
1.458	0.05468982
1.459	0.05476832
1.460	0.05484685
1.461	0.05492540
1.462	0.05500399
1.463	0.05508261
1.464	0.05516126
1.465	0.05523995
1.466	0.05531866
1.467	0.05539740
1.468	0.05547617
1.469	0.05555498
1.470	0.05563381
1.471	0.05571267
1.472	0.05579157
1.473	0.05587049
1.474	0.05594945
1.475	0.05602843
1.476	0.05610744
1.477	0.05618649
1.478	0.05626556
1.479	0.05634466
1.480	0.05642380
1.481	0.05650296
1.482	0.05658215
1.483	0.05666137
1.484	0.05674062
1.485	0.05681990
1.486	0.05689920
1.487	0.05697854
1.488	0.05705790
1.489	0.05713730
1.490	0.05721672
1.491	0.05729617
1.492	0.05737565
1.493	0.05745516
1.494	0.05753470
1.495	0.05761426
1.496	0.05769385
1.497	0.05777347
1.498	0.05785312
1.499	0.05793280
1.500	0.05801250
1.501	0.05809224
1.502	0.05817200
1.503	0.05825178
1.504	0.05833160
1.505	0.05841144
1.506	0.05849131
1.507	0.05857121
1.508	0.05865113
1.509	0.05873108
1.510	0.05881106
1.511	0.05889107
1.512	0.05897110
1.513	0.05905116
1.514	0.05913124
1.515	0.05921136
1.516	0.05929150
1.517	0.05937166
1.518	0.05945185
1.519	0.05953207
1.520	0.05961231
1.521	0.05969258
1.522	0.05977288
1.523	0.05985320
1.524	0.05993355
1.525	0.06001392
1.526	0.06009432
1.527	0.06017475
1.528	0.06025520
1.529	0.06033568
1.530	0.06041618
1.531	0.06049671
1.532	0.06057726
1.533	0.06065783
1.534	0.06073844
1.535	0.06081906
1.536	0.06089972
1.537	0.06098039
1.538	0.06106110
1.539	0.06114182
1.540	0.06122257
1.541	0.06130335
1.542	0.06138415
1.543	0.06146497
1.544	0.06154582
1.545	0.06162669
1.546	0.06170759
1.547	0.06178851
1.548	0.06186945
1.549	0.06195042
1.550	0.06203141
1.551	0.06211243
1.552	0.06219347
1.553	0.06227453
1.554	0.06235562
1.555	0.06243673
1.556	0.06251786
1.557	0.06259902
1.558	0.06268020
1.559	0.06276140
1.560	0.06284262
1.561	0.06292387
1.562	0.06300514
1.563	0.06308643
1.564	0.06316775
1.565	0.06324909
1.566	0.06333045
1.567	0.06341183
1.568	0.06349324
1.569	0.06357467
1.570	0.06365612
1.571	0.06373759
1.572	0.06381908
1.573	0.06390060
1.574	0.06398213
1.575	0.06406369
1.576	0.06414527
1.577	0.06422688
1.578	0.06430850
1.579	0.06439014
1.580	0.06447181
1.581	0.06455350
1.582	0.06463521
1.583	0.06471694
1.584	0.06479869
1.585	0.06488046
1.586	0.06496225
1.587	0.06504406
1.588	0.06512590
1.589	0.06520775
1.590	0.06528963
1.591	0.06537152
1.592	0.06545344
1.593	0.06553537
1.594	0.06561733
1.595	0.06569930
1.596	0.06578130
1.597	0.06586332
1.598	0.06594535
1.599	0.06602741
1.600	0.06610948
1.601	0.06619158
1.602	0.06627369
1.603	0.06635582
1.604	0.06643798
1.605	0.06652015
1.606	0.06660234
1.607	0.06668455
1.608	0.06676678
1.609	0.06684903
1.610	0.06693129
1.611	0.06701358
1.612	0.06709588
1.613	0.06717821
1.614	0.06726055
1.615	0.06734291
1.616	0.06742529
1.617	0.06750768
1.618	0.06759010
1.619	0.06767253
1.620	0.06775498
1.621	0.06783745
1.622	0.06791994
1.623	0.06800244
1.624	0.06808497
1.625	0.06816751
1.626	0.06825006
1.627	0.06833264
1.628	0.06841523
1.629	0.06849784
1.630	0.06858047
1.631	0.06866311
1.632	0.06874577
1.633	0.06882845
1.634	0.06891115
1.635	0.06899386
1.636	0.06907659
1.637	0.06915933
1.638	0.06924209
1.639	0.06932487
1.640	0.06940767
1.641	0.06949048
1.642	0.06957331
1.643	0.06965615
1.644	0.06973901
1.645	0.06982188
1.646	0.06990478
1.647	0.06998768
1.648	0.07007061
1.649	0.07015355
1.650	0.07023650
1.651	0.07031947
1.652	0.07040246
1.653	0.07048546
1.654	0.07056847
1.655	0.07065150
1.656	0.07073455
1.657	0.07081761
1.658	0.07090069
1.659	0.07098378
1.660	0.07106689
1.661	0.07115001
1.662	0.07123314
1.663	0.07131629
1.664	0.07139946
1.665	0.07148264
1.666	0.07156583
1.667	0.07164904
1.668	0.07173226
1.669	0.07181550
1.670	0.07189875
1.671	0.07198201
1.672	0.07206529
1.673	0.07214858
1.674	0.07223188
1.675	0.07231520
1.676	0.07239854
1.677	0.07248188
1.678	0.07256524
1.679	0.07264861
1.680	0.07273200
1.681	0.07281540
1.682	0.07289881
1.683	0.07298223
1.684	0.07306567
1.685	0.07314912
1.686	0.07323258
1.687	0.07331606
1.688	0.07339955
1.689	0.07348305
1.690	0.07356656
1.691	0.07365009
1.692	0.07373363
1.693	0.07381718
1.694	0.07390074
1.695	0.07398431
1.696	0.07406790
1.697	0.07415150
1.698	0.07423511
1.699	0.07431873
1.700	0.07440236
1.701	0.07448601
1.702	0.07456966
1.703	0.07465333
1.704	0.07473701
1.705	0.07482070
1.706	0.07490440
1.707	0.07498811
1.708	0.07507184
1.709	0.07515557
1.710	0.07523931
1.711	0.07532307
1.712	0.07540684
1.713	0.07549061
1.714	0.07557440
1.715	0.07565820
1.716	0.07574201
1.717	0.07582583
1.718	0.07590965
1.719	0.07599349
1.720	0.07607734
1.721	0.07616120
1.722	0.07624507
1.723	0.07632895
1.724	0.07641284
1.725	0.07649673
1.726	0.07658064
1.727	0.07666456
1.728	0.07674849
1.729	0.07683242
1.730	0.07691637
1.731	0.07700032
1.732	0.07708428
1.733	0.07716826
1.734	0.07725224
1.735	0.07733623
1.736	0.07742023
1.737	0.07750423
1.738	0.07758825
1.739	0.07767228
1.740	0.07775631
1.741	0.07784035
1.742	0.07792440
1.743	0.07800846
1.744	0.07809252
1.745	0.07817660
1.746	0.07826068
1.747	0.07834477
1.748	0.07842887
1.749	0.07851298
1.750	0.07859709
1.751	0.07868121
1.752	0.07876534
1.753	0.07884948
1.754	0.07893362
1.755	0.07901777
1.756	0.07910193
1.757	0.07918610
1.758	0.07927027
1.759	0.07935445
1.760	0.07943863
1.761	0.07952283
1.762	0.07960703
1.763	0.07969123
1.764	0.07977545
1.765	0.07985967
1.766	0.07994389
1.767	0.08002813
1.768	0.08011237
1.769	0.08019661
1.770	0.08028086
1.771	0.08036512
1.772	0.08044938
1.773	0.08053365
1.774	0.08061793
1.775	0.08070221
1.776	0.08078650
1.777	0.08087079
1.778	0.08095509
1.779	0.08103939
1.780	0.08112370
1.781	0.08120801
1.782	0.08129233
1.783	0.08137666
1.784	0.08146099
1.785	0.08154532
1.786	0.08162966
1.787	0.08171400
1.788	0.08179835
1.789	0.08188271
1.790	0.08196707
1.791	0.08205143
1.792	0.08213580
1.793	0.08222017
1.794	0.08230454
1.795	0.08238892
1.796	0.08247331
1.797	0.08255770
1.798	0.08264209
1.799	0.08272649
1.800	0.08281089
1.801	0.08289529
1.802	0.08297970
1.803	0.08306411
1.804	0.08314853
1.805	0.08323295
1.806	0.08331737
1.807	0.08340179
1.808	0.08348622
1.809	0.08357065
1.810	0.08365509
1.811	0.08373953
1.812	0.08382397
1.813	0.08390841
1.814	0.08399286
1.815	0.08407731
1.816	0.08416176
1.817	0.08424621
1.818	0.08433067
1.819	0.08441513
1.820	0.08449959
1.821	0.08458406
1.822	0.08466852
1.823	0.08475299
1.824	0.08483746
1.825	0.08492193
1.826	0.08500641
1.827	0.08509089
1.828	0.08517536
1.829	0.08525984
1.830	0.08534432
1.831	0.08542881
1.832	0.08551329
1.833	0.08559778
1.834	0.08568226
1.835	0.08576675
1.836	0.08585124
1.837	0.08593573
1.838	0.08602022
1.839	0.08610472
1.840	0.08618921
1.841	0.08627370
1.842	0.08635820
1.843	0.08644269
1.844	0.08652719
1.845	0.08661169
1.846	0.08669618
1.847	0.08678068
1.848	0.08686518
1.849	0.08694968
1.850	0.08703417
1.851	0.08711867
1.852	0.08720317
1.853	0.08728767
1.854	0.08737217
1.855	0.08745666
1.856	0.08754116
1.857	0.08762566
1.858	0.08771015
1.859	0.08779465
1.860	0.08787915
1.861	0.08796364
1.862	0.08804813
1.863	0.08813263
1.864	0.08821712
1.865	0.08830161
1.866	0.08838610
1.867	0.08847059
1.868	0.08855508
1.869	0.08863956
1.870	0.08872405
1.871	0.08880853
1.872	0.08889302
1.873	0.08897750
1.874	0.08906198
1.875	0.08914645
1.876	0.08923093
1.877	0.08931540
1.878	0.08939988
1.879	0.08948435
1.880	0.08956881
1.881	0.08965328
1.882	0.08973774
1.883	0.08982220
1.884	0.08990666
1.885	0.08999112
1.886	0.09007557
1.887	0.09016003
1.888	0.09024448
1.889	0.09032892
1.890	0.09041337
1.891	0.09049781
1.892	0.09058224
1.893	0.09066668
1.894	0.09075111
1.895	0.09083554
1.896	0.09091997
1.897	0.09100439
1.898	0.09108881
1.899	0.09117322
1.900	0.09125763
1.901	0.09134204
1.902	0.09142645
1.903	0.09151085
1.904	0.09159525
1.905	0.09167964
1.906	0.09176403
1.907	0.09184841
1.908	0.09193280
1.909	0.09201717
1.910	0.09210155
1.911	0.09218592
1.912	0.09227028
1.913	0.09235464
1.914	0.09243900
1.915	0.09252335
1.916	0.09260769
1.917	0.09269204
1.918	0.09277637
1.919	0.09286071
1.920	0.09294503
1.921	0.09302936
1.922	0.09311367
1.923	0.09319799
1.924	0.09328229
1.925	0.09336660
1.926	0.09345089
1.927	0.09353518
1.928	0.09361947
1.929	0.09370375
1.930	0.09378803
1.931	0.09387229
1.932	0.09395656
1.933	0.09404082
1.934	0.09412507
1.935	0.09420931
1.936	0.09429355
1.937	0.09437779
1.938	0.09446201
1.939	0.09454624
1.940	0.09463045
1.941	0.09471466
1.942	0.09479886
1.943	0.09488306
1.944	0.09496725
1.945	0.09505143
1.946	0.09513561
1.947	0.09521977
1.948	0.09530394
1.949	0.09538809
1.950	0.09547224
1.951	0.09555638
1.952	0.09564052
1.953	0.09572464
1.954	0.09580876
1.955	0.09589288
1.956	0.09597698
1.957	0.09606108
1.958	0.09614517
1.959	0.09622925
1.960	0.09631333
1.961	0.09639740
1.962	0.09648146
1.963	0.09656551
1.964	0.09664955
1.965	0.09673359
1.966	0.09681762
1.967	0.09690164
1.968	0.09698565
1.969	0.09706965
1.970	0.09715364
1.971	0.09723763
1.972	0.09732161
1.973	0.09740558
1.974	0.09748954
1.975	0.09757349
1.976	0.09765744
1.977	0.09774137
1.978	0.09782530
1.979	0.09790921
1.980	0.09799312
1.981	0.09807702
1.982	0.09816091
1.983	0.09824479
1.984	0.09832866
1.985	0.09841253
1.986	0.09849638
1.987	0.09858022
1.988	0.09866405
1.989	0.09874788
1.990	0.09883169
1.991	0.09891550
1.992	0.09899929
1.993	0.09908308
1.994	0.09916685
1.995	0.09925062
1.996	0.09933437
1.997	0.09941812
1.998	0.09950185
1.999	0.09958558
2.000	0.09966929
2.001	0.09975300
2.002	0.09983669
2.003	0.09992037
2.004	0.10000405
2.005	0.10008771
2.006	0.10017136
2.007	0.10025500
2.008	0.10033863
2.009	0.10042225
2.010	0.10050585
2.011	0.10058945
2.012	0.10067304
2.013	0.10075661
2.014	0.10084017
2.015	0.10092372
2.016	0.10100727
2.017	0.10109079
2.018	0.10117431
2.019	0.10125782
2.020	0.10134131
2.021	0.10142479
2.022	0.10150827
2.023	0.10159172
2.024	0.10167517
2.025	0.10175861
2.026	0.10184203
2.027	0.10192544
2.028	0.10200884
2.029	0.10209223
2.030	0.10217560
2.031	0.10225896
2.032	0.10234231
2.033	0.10242565
2.034	0.10250898
2.035	0.10259229
2.036	0.10267559
2.037	0.10275888
2.038	0.10284215
2.039	0.10292541
2.040	0.10300866
2.041	0.10309190
2.042	0.10317512
2.043	0.10325833
2.044	0.10334152
2.045	0.10342471
2.046	0.10350788
2.047	0.10359103
2.048	0.10367418
2.049	0.10375731
2.050	0.10384042
2.051	0.10392353
2.052	0.10400662
2.053	0.10408969
2.054	0.10417275
2.055	0.10425580
2.056	0.10433883
2.057	0.10442185
2.058	0.10450486
2.059	0.10458785
2.060	0.10467083
2.061	0.10475379
2.062	0.10483674
2.063	0.10491968
2.064	0.10500260
2.065	0.10508550
2.066	0.10516840
2.067	0.10525127
2.068	0.10533413
2.069	0.10541698
2.070	0.10549981
2.071	0.10558263
2.072	0.10566544
2.073	0.10574822
2.074	0.10583100
2.075	0.10591376
2.076	0.10599650
2.077	0.10607923
2.078	0.10616194
2.079	0.10624464
2.080	0.10632732
2.081	0.10640998
2.082	0.10649264
2.083	0.10657527
2.084	0.10665789
2.085	0.10674050
2.086	0.10682308
2.087	0.10690566
2.088	0.10698821
2.089	0.10707075
2.090	0.10715328
2.091	0.10723579
2.092	0.10731828
2.093	0.10740076
2.094	0.10748322
2.095	0.10756566
2.096	0.10764809
2.097	0.10773050
2.098	0.10781290
2.099	0.10789527
2.100	0.10797764
2.101	0.10805998
2.102	0.10814231
2.103	0.10822462
2.104	0.10830692
2.105	0.10838920
2.106	0.10847146
2.107	0.10855370
2.108	0.10863593
2.109	0.10871814
2.110	0.10880033
2.111	0.10888251
2.112	0.10896467
2.113	0.10904681
2.114	0.10912893
2.115	0.10921104
2.116	0.10929313
2.117	0.10937520
2.118	0.10945725
2.119	0.10953929
2.120	0.10962130
2.121	0.10970330
2.122	0.10978529
2.123	0.10986725
2.124	0.10994920
2.125	0.11003113
2.126	0.11011304
2.127	0.11019493
2.128	0.11027680
2.129	0.11035866
2.130	0.11044050
2.131	0.11052232
2.132	0.11060412
2.133	0.11068590
2.134	0.11076766
2.135	0.11084941
2.136	0.11093113
2.137	0.11101284
2.138	0.11109453
2.139	0.11117620
2.140	0.11125785
2.141	0.11133948
2.142	0.11142110
2.143	0.11150269
2.144	0.11158427
2.145	0.11166582
2.146	0.11174736
2.147	0.11182888
2.148	0.11191037
2.149	0.11199185
2.150	0.11207331
2.151	0.11215475
2.152	0.11223617
2.153	0.11231757
2.154	0.11239895
2.155	0.11248031
2.156	0.11256166
2.157	0.11264298
2.158	0.11272428
2.159	0.11280556
2.160	0.11288682
2.161	0.11296806
2.162	0.11304929
2.163	0.11313049
2.164	0.11321167
2.165	0.11329283
2.166	0.11337397
2.167	0.11345509
2.168	0.11353619
2.169	0.11361727
2.170	0.11369833
2.171	0.11377936
2.172	0.11386038
2.173	0.11394138
2.174	0.11402235
2.175	0.11410331
2.176	0.11418424
2.177	0.11426515
2.178	0.11434605
2.179	0.11442692
2.180	0.11450777
2.181	0.11458860
2.182	0.11466940
2.183	0.11475019
2.184	0.11483095
2.185	0.11491170
2.186	0.11499242
2.187	0.11507312
2.188	0.11515380
2.189	0.11523446
2.190	0.11531509
2.191	0.11539571
2.192	0.11547630
2.193	0.11555687
2.194	0.11563742
2.195	0.11571795
2.196	0.11579845
2.197	0.11587893
2.198	0.11595939
2.199	0.11603983
2.200	0.11612025
2.201	0.11620064
2.202	0.11628101
2.203	0.11636136
2.204	0.11644169
2.205	0.11652200
2.206	0.11660228
2.207	0.11668254
2.208	0.11676278
2.209	0.11684299
2.210	0.11692318
2.211	0.11700335
2.212	0.11708350
2.213	0.11716362
2.214	0.11724372
2.215	0.11732380
2.216	0.11740385
2.217	0.11748389
2.218	0.11756389
2.219	0.11764388
2.220	0.11772384
2.221	0.11780378
2.222	0.11788370
2.223	0.11796359
2.224	0.11804346
2.225	0.11812330
2.226	0.11820312
2.227	0.11828292
2.228	0.11836270
2.229	0.11844245
2.230	0.11852217
2.231	0.11860188
2.232	0.11868156
2.233	0.11876121
2.234	0.11884084
2.235	0.11892045
2.236	0.11900003
2.237	0.11907959
2.238	0.11915913
2.239	0.11923864
2.240	0.11931813
2.241	0.11939759
2.242	0.11947703
2.243	0.11955644
2.244	0.11963583
2.245	0.11971520
2.246	0.11979454
2.247	0.11987385
2.248	0.11995315
2.249	0.12003241
2.250	0.12011165
2.251	0.12019087
2.252	0.12027006
2.253	0.12034923
2.254	0.12042837
2.255	0.12050749
2.256	0.12058658
2.257	0.12066565
2.258	0.12074469
2.259	0.12082371
2.260	0.12090270
2.261	0.12098167
2.262	0.12106061
2.263	0.12113953
2.264	0.12121842
2.265	0.12129728
2.266	0.12137612
2.267	0.12145494
2.268	0.12153373
2.269	0.12161249
2.270	0.12169123
2.271	0.12176994
2.272	0.12184862
2.273	0.12192728
2.274	0.12200592
2.275	0.12208453
2.276	0.12216311
2.277	0.12224166
2.278	0.12232019
2.279	0.12239870
2.280	0.12247718
2.281	0.12255563
2.282	0.12263405
2.283	0.12271245
2.284	0.12279082
2.285	0.12286917
2.286	0.12294749
2.287	0.12302578
2.288	0.12310405
2.289	0.12318229
2.290	0.12326050
2.291	0.12333869
2.292	0.12341685
2.293	0.12349498
2.294	0.12357309
2.295	0.12365117
2.296	0.12372922
2.297	0.12380725
2.298	0.12388524
2.299	0.12396322
2.300	0.12404116
2.301	0.12411908
2.302	0.12419697
2.303	0.12427483
2.304	0.12435267
2.305	0.12443047
2.306	0.12450826
2.307	0.12458601
2.308	0.12466373
2.309	0.12474143
2.310	0.12481910
2.311	0.12489675
2.312	0.12497436
2.313	0.12505195
2.314	0.12512951
2.315	0.12520704
2.316	0.12528455
2.317	0.12536202
2.318	0.12543947
2.319	0.12551689
2.320	0.12559429
2.321	0.12567165
2.322	0.12574899
2.323	0.12582630
2.324	0.12590358
2.325	0.12598083
2.326	0.12605805
2.327	0.12613525
2.328	0.12621242
2.329	0.12628955
2.330	0.12636666
2.331	0.12644375
2.332	0.12652080
2.333	0.12659782
2.334	0.12667482
2.335	0.12675179
2.336	0.12682873
2.337	0.12690564
2.338	0.12698252
2.339	0.12705937
2.340	0.12713619
2.341	0.12721299
2.342	0.12728975
2.343	0.12736649
2.344	0.12744320
2.345	0.12751988
2.346	0.12759652
2.347	0.12767314
2.348	0.12774974
2.349	0.12782630
2.350	0.12790283
2.351	0.12797933
2.352	0.12805581
2.353	0.12813225
2.354	0.12820866
2.355	0.12828505
2.356	0.12836140
2.357	0.12843773
2.358	0.12851403
2.359	0.12859029
2.360	0.12866653
2.361	0.12874274
2.362	0.12881891
2.363	0.12889506
2.364	0.12897118
2.365	0.12904727
2.366	0.12912332
2.367	0.12919935
2.368	0.12927535
2.369	0.12935132
2.370	0.12942725
2.371	0.12950316
2.372	0.12957904
2.373	0.12965488
2.374	0.12973070
2.375	0.12980649
2.376	0.12988224
2.377	0.12995797
2.378	0.13003366
2.379	0.13010933
2.380	0.13018496
2.381	0.13026056
2.382	0.13033613
2.383	0.13041168
2.384	0.13048719
2.385	0.13056267
2.386	0.13063812
2.387	0.13071353
2.388	0.13078892
2.389	0.13086428
2.390	0.13093960
2.391	0.13101490
2.392	0.13109016
2.393	0.13116540
2.394	0.13124060
2.395	0.13131577
2.396	0.13139091
2.397	0.13146601
2.398	0.13154109
2.399	0.13161614
2.400	0.13169115
2.401	0.13176613
2.402	0.13184109
2.403	0.13191600
2.404	0.13199089
2.405	0.13206575
2.406	0.13214058
2.407	0.13221537
2.408	0.13229013
2.409	0.13236486
2.410	0.13243956
2.411	0.13251423
2.412	0.13258886
2.413	0.13266346
2.414	0.13273804
2.415	0.13281258
2.416	0.13288708
2.417	0.13296156
2.418	0.13303600
2.419	0.13311041
2.420	0.13318479
2.421	0.13325914
2.422	0.13333345
2.423	0.13340774
2.424	0.13348199
2.425	0.13355620
2.426	0.13363039
2.427	0.13370454
2.428	0.13377867
2.429	0.13385275
2.430	0.13392681
2.431	0.13400083
2.432	0.13407482
2.433	0.13414878
2.434	0.13422271
2.435	0.13429660
2.436	0.13437046
2.437	0.13444429
2.438	0.13451809
2.439	0.13459185
2.440	0.13466558
2.441	0.13473927
2.442	0.13481294
2.443	0.13488657
2.444	0.13496017
2.445	0.13503373
2.446	0.13510726
2.447	0.13518076
2.448	0.13525423
2.449	0.13532766
2.450	0.13540106
2.451	0.13547442
2.452	0.13554775
2.453	0.13562105
2.454	0.13569432
2.455	0.13576755
2.456	0.13584075
2.457	0.13591392
2.458	0.13598705
2.459	0.13606015
2.460	0.13613321
2.461	0.13620624
2.462	0.13627924
2.463	0.13635221
2.464	0.13642514
2.465	0.13649803
2.466	0.13657090
2.467	0.13664373
2.468	0.13671652
2.469	0.13678928
2.470	0.13686201
2.471	0.13693471
2.472	0.13700736
2.473	0.13707999
2.474	0.13715258
2.475	0.13722514
2.476	0.13729766
2.477	0.13737015
2.478	0.13744261
2.479	0.13751503
2.480	0.13758742
2.481	0.13765977
2.482	0.13773209
2.483	0.13780437
2.484	0.13787662
2.485	0.13794884
2.486	0.13802102
2.487	0.13809317
2.488	0.13816528
2.489	0.13823735
2.490	0.13830940
2.491	0.13838141
2.492	0.13845338
2.493	0.13852532
2.494	0.13859722
2.495	0.13866909
2.496	0.13874093
2.497	0.13881273
2.498	0.13888449
2.499	0.13895622
2.500	0.13902792
2.501	0.13909958
2.502	0.13917120
2.503	0.13924280
2.504	0.13931435
2.505	0.13938587
2.506	0.13945736
2.507	0.13952881
2.508	0.13960022
2.509	0.13967160
2.510	0.13974295
2.511	0.13981426
2.512	0.13988553
2.513	0.13995677
2.514	0.14002798
2.515	0.14009914
2.516	0.14017028
2.517	0.14024138
2.518	0.14031244
2.519	0.14038346
2.520	0.14045446
2.521	0.14052541
2.522	0.14059633
2.523	0.14066722
2.524	0.14073807
2.525	0.14080888
2.526	0.14087966
2.527	0.14095040
2.528	0.14102110
2.529	0.14109177
2.530	0.14116241
2.531	0.14123301
2.532	0.14130357
2.533	0.14137410
2.534	0.14144459
2.535	0.14151504
2.536	0.14158546
2.537	0.14165585
2.538	0.14172619
2.539	0.14179650
2.540	0.14186678
2.541	0.14193702
2.542	0.14200722
2.543	0.14207739
2.544	0.14214752
2.545	0.14221761
2.546	0.14228767
2.547	0.14235769
2.548	0.14242767
2.549	0.14249762
2.550	0.14256754
2.551	0.14263741
2.552	0.14270725
2.553	0.14277705
2.554	0.14284682
2.555	0.14291655
2.556	0.14298624
2.557	0.14305590
2.558	0.14312552
2.559	0.14319510
2.560	0.14326465
2.561	0.14333416
2.562	0.14340363
2.563	0.14347307
2.564	0.14354247
2.565	0.14361183
2.566	0.14368116
2.567	0.14375045
2.568	0.14381970
2.569	0.14388892
2.570	0.14395810
2.571	0.14402724
2.572	0.14409634
2.573	0.14416541
2.574	0.14423444
2.575	0.14430343
2.576	0.14437239
2.577	0.14444131
2.578	0.14451019
2.579	0.14457904
2.580	0.14464784
2.581	0.14471662
2.582	0.14478535
2.583	0.14485404
2.584	0.14492270
2.585	0.14499132
2.586	0.14505991
2.587	0.14512845
2.588	0.14519696
2.589	0.14526544
2.590	0.14533387
2.591	0.14540227
2.592	0.14547063
2.593	0.14553895
2.594	0.14560723
2.595	0.14567548
2.596	0.14574369
2.597	0.14581186
2.598	0.14587999
2.599	0.14594809
2.600	0.14601614
2.601	0.14608417
2.602	0.14615215
2.603	0.14622009
2.604	0.14628800
2.605	0.14635587
2.606	0.14642370
2.607	0.14649149
2.608	0.14655925
2.609	0.14662697
2.610	0.14669464
2.611	0.14676229
2.612	0.14682989
2.613	0.14689746
2.614	0.14696498
2.615	0.14703247
2.616	0.14709992
2.617	0.14716734
2.618	0.14723471
2.619	0.14730205
2.620	0.14736935
2.621	0.14743661
2.622	0.14750383
2.623	0.14757101
2.624	0.14763816
2.625	0.14770526
2.626	0.14777233
2.627	0.14783936
2.628	0.14790635
2.629	0.14797331
2.630	0.14804022
2.631	0.14810710
2.632	0.14817394
2.633	0.14824074
2.634	0.14830750
2.635	0.14837422
2.636	0.14844090
2.637	0.14850755
2.638	0.14857415
2.639	0.14864072
2.640	0.14870725
2.641	0.14877374
2.642	0.14884019
2.643	0.14890661
2.644	0.14897298
2.645	0.14903932
2.646	0.14910561
2.647	0.14917187
2.648	0.14923809
2.649	0.14930427
2.650	0.14937041
2.651	0.14943651
2.652	0.14950258
2.653	0.14956860
2.654	0.14963459
2.655	0.14970053
2.656	0.14976644
2.657	0.14983231
2.658	0.14989814
2.659	0.14996393
2.660	0.15002968
2.661	0.15009539
2.662	0.15016106
2.663	0.15022669
2.664	0.15029229
2.665	0.15035784
2.666	0.15042336
2.667	0.15048884
2.668	0.15055427
2.669	0.15061967
2.670	0.15068503
2.671	0.15075035
2.672	0.15081563
2.673	0.15088087
2.674	0.15094607
2.675	0.15101123
2.676	0.15107636
2.677	0.15114144
2.678	0.15120648
2.679	0.15127148
2.680	0.15133645
2.681	0.15140137
2.682	0.15146626
2.683	0.15153110
2.684	0.15159591
2.685	0.15166068
2.686	0.15172540
2.687	0.15179009
2.688	0.15185474
2.689	0.15191935
2.690	0.15198391
2.691	0.15204844
2.692	0.15211293
2.693	0.15217738
2.694	0.15224179
2.695	0.15230616
2.696	0.15237049
2.697	0.15243478
2.698	0.15249902
2.699	0.15256323
2.700	0.15262740
2.701	0.15269153
2.702	0.15275562
2.703	0.15281967
2.704	0.15288368
2.705	0.15294765
2.706	0.15301158
2.707	0.15307547
2.708	0.15313932
2.709	0.15320313
2.710	0.15326690
2.711	0.15333063
2.712	0.15339432
2.713	0.15345797
2.714	0.15352158
2.715	0.15358515
2.716	0.15364868
2.717	0.15371216
2.718	0.15377561
2.719	0.15383902
2.720	0.15390239
2.721	0.15396571
2.722	0.15402900
2.723	0.15409225
2.724	0.15415545
2.725	0.15421862
2.726	0.15428175
2.727	0.15434483
2.728	0.15440788
2.729	0.15447088
2.730	0.15453384
2.731	0.15459677
2.732	0.15465965
2.733	0.15472249
2.734	0.15478529
2.735	0.15484806
2.736	0.15491078
2.737	0.15497346
2.738	0.15503610
2.739	0.15509870
2.740	0.15516125
2.741	0.15522377
2.742	0.15528625
2.743	0.15534869
2.744	0.15541108
2.745	0.15547344
2.746	0.15553575
2.747	0.15559803
2.748	0.15566026
2.749	0.15572245
2.750	0.15578460
2.751	0.15584671
2.752	0.15590878
2.753	0.15597081
2.754	0.15603280
2.755	0.15609475
2.756	0.15615665
2.757	0.15621852
2.758	0.15628034
2.759	0.15634213
2.760	0.15640387
2.761	0.15646557
2.762	0.15652723
2.763	0.15658885
2.764	0.15665043
2.765	0.15671197
2.766	0.15677347
2.767	0.15683493
2.768	0.15689634
2.769	0.15695771
2.770	0.15701905
2.771	0.15708034
2.772	0.15714159
2.773	0.15720280
2.774	0.15726397
2.775	0.15732509
2.776	0.15738618
2.777	0.15744723
2.778	0.15750823
2.779	0.15756919
2.780	0.15763011
2.781	0.15769099
2.782	0.15775183
2.783	0.15781263
2.784	0.15787339
2.785	0.15793410
2.786	0.15799478
2.787	0.15805541
2.788	0.15811600
2.789	0.15817655
2.790	0.15823706
2.791	0.15829752
2.792	0.15835795
2.793	0.15841833
2.794	0.15847868
2.795	0.15853898
2.796	0.15859924
2.797	0.15865946
2.798	0.15871964
2.799	0.15877977
2.800	0.15883987
2.801	0.15889992
2.802	0.15895993
2.803	0.15901990
2.804	0.15907983
2.805	0.15913971
2.806	0.15919956
2.807	0.15925936
2.808	0.15931912
2.809	0.15937884
2.810	0.15943852
2.811	0.15949816
2.812	0.15955776
2.813	0.15961731
2.814	0.15967682
2.815	0.15973629
2.816	0.15979572
2.817	0.15985511
2.818	0.15991445
2.819	0.15997376
2.820	0.16003302
2.821	0.16009224
2.822	0.16015142
2.823	0.16021056
2.824	0.16026965
2.825	0.16032870
2.826	0.16038772
2.827	0.16044669
2.828	0.16050561
2.829	0.16056450
2.830	0.16062334
2.831	0.16068215
2.832	0.16074091
2.833	0.16079963
2.834	0.16085830
2.835	0.16091694
2.836	0.16097553
2.837	0.16103408
2.838	0.16109259
2.839	0.16115106
2.840	0.16120949
2.841	0.16126787
2.842	0.16132621
2.843	0.16138451
2.844	0.16144277
2.845	0.16150099
2.846	0.16155916
2.847	0.16161729
2.848	0.16167538
2.849	0.16173343
2.850	0.16179144
2.851	0.16184940
2.852	0.16190732
2.853	0.16196520
2.854	0.16202304
2.855	0.16208083
2.856	0.16213859
2.857	0.16219630
2.858	0.16225397
2.859	0.16231160
2.860	0.16236918
2.861	0.16242673
2.862	0.16248423
2.863	0.16254169
2.864	0.16259910
2.865	0.16265648
2.866	0.16271381
2.867	0.16277110
2.868	0.16282835
2.869	0.16288555
2.870	0.16294272
2.871	0.16299984
2.872	0.16305692
2.873	0.16311395
2.874	0.16317095
2.875	0.16322790
2.876	0.16328481
2.877	0.16334168
2.878	0.16339851
2.879	0.16345529
2.880	0.16351203
2.881	0.16356873
2.882	0.16362539
2.883	0.16368200
2.884	0.16373857
2.885	0.16379510
2.886	0.16385159
2.887	0.16390803
2.888	0.16396444
2.889	0.16402080
2.890	0.16407712
2.891	0.16413339
2.892	0.16418962
2.893	0.16424582
2.894	0.16430196
2.895	0.16435807
2.896	0.16441413
2.897	0.16447016
2.898	0.16452613
2.899	0.16458207
2.900	0.16463796
2.901	0.16469382
2.902	0.16474963
2.903	0.16480539
2.904	0.16486112
2.905	0.16491680
2.906	0.16497244
2.907	0.16502804
2.908	0.16508359
2.909	0.16513910
2.910	0.16519457
2.911	0.16525000
2.912	0.16530538
2.913	0.16536073
2.914	0.16541602
2.915	0.16547128
2.916	0.16552650
2.917	0.16558167
2.918	0.16563680
2.919	0.16569188
2.920	0.16574693
2.921	0.16580193
2.922	0.16585689
2.923	0.16591181
2.924	0.16596668
2.925	0.16602151
2.926	0.16607630
2.927	0.16613105
2.928	0.16618575
2.929	0.16624041
2.930	0.16629503
2.931	0.16634961
2.932	0.16640414
2.933	0.16645863
2.934	0.16651308
2.935	0.16656749
2.936	0.16662185
2.937	0.16667617
2.938	0.16673045
2.939	0.16678468
2.940	0.16683887
2.941	0.16689302
2.942	0.16694713
2.943	0.16700120
2.944	0.16705522
2.945	0.16710920
2.946	0.16716313
2.947	0.16721703
2.948	0.16727088
2.949	0.16732469
2.950	0.16737845
2.951	0.16743218
2.952	0.16748586
2.953	0.16753949
2.954	0.16759309
2.955	0.16764664
2.956	0.16770015
2.957	0.16775362
2.958	0.16780704
2.959	0.16786042
2.960	0.16791376
2.961	0.16796706
2.962	0.16802031
2.963	0.16807352
2.964	0.16812669
2.965	0.16817981
2.966	0.16823290
2.967	0.16828594
2.968	0.16833893
2.969	0.16839189
2.970	0.16844480
2.971	0.16849767
2.972	0.16855049
2.973	0.16860327
2.974	0.16865601
2.975	0.16870871
2.976	0.16876137
2.977	0.16881398
2.978	0.16886655
2.979	0.16891907
2.980	0.16897156
2.981	0.16902400
2.982	0.16907639
2.983	0.16912875
2.984	0.16918106
2.985	0.16923333
2.986	0.16928556
2.987	0.16933774
2.988	0.16938988
2.989	0.16944198
2.990	0.16949403
2.991	0.16954605
2.992	0.16959802
2.993	0.16964994
2.994	0.16970183
2.995	0.16975367
2.996	0.16980547
2.997	0.16985722
2.998	0.16990893
2.999	0.16996060
3.000	0.17001223
3.001	0.17006382
3.002	0.17011536
3.003	0.17016685
3.004	0.17021831
3.005	0.17026972
3.006	0.17032109
3.007	0.17037242
3.008	0.17042370
3.009	0.17047495
3.010	0.17052614
3.011	0.17057730
3.012	0.17062841
3.013	0.17067948
3.014	0.17073051
3.015	0.17078149
3.016	0.17083243
3.017	0.17088333
3.018	0.17093419
3.019	0.17098500
3.020	0.17103577
3.021	0.17108650
3.022	0.17113718
3.023	0.17118782
3.024	0.17123842
3.025	0.17128898
3.026	0.17133949
3.027	0.17138996
3.028	0.17144039
3.029	0.17149077
3.030	0.17154111
3.031	0.17159141
3.032	0.17164166
3.033	0.17169188
3.034	0.17174205
3.035	0.17179217
3.036	0.17184226
3.037	0.17189230
3.038	0.17194230
3.039	0.17199225
3.040	0.17204216
3.041	0.17209203
3.042	0.17214186
3.043	0.17219164
3.044	0.17224139
3.045	0.17229108
3.046	0.17234074
3.047	0.17239035
3.048	0.17243992
3.049	0.17248945
3.050	0.17253893
3.051	0.17258837
3.052	0.17263777
3.053	0.17268712
3.054	0.17273644
3.055	0.17278571
3.056	0.17283493
3.057	0.17288412
3.058	0.17293326
3.059	0.17298235
3.060	0.17303141
3.061	0.17308042
3.062	0.17312939
3.063	0.17317832
3.064	0.17322720
3.065	0.17327604
3.066	0.17332484
3.067	0.17337359
3.068	0.17342231
3.069	0.17347098
3.070	0.17351960
3.071	0.17356819
3.072	0.17361673
3.073	0.17366522
3.074	0.17371368
3.075	0.17376209
3.076	0.17381046
3.077	0.17385879
3.078	0.17390707
3.079	0.17395531
3.080	0.17400351
3.081	0.17405166
3.082	0.17409978
3.083	0.17414785
3.084	0.17419587
3.085	0.17424386
3.086	0.17429180
3.087	0.17433970
3.088	0.17438755
3.089	0.17443536
3.090	0.17448313
3.091	0.17453086
3.092	0.17457855
3.093	0.17462619
3.094	0.17467379
3.095	0.17472134
3.096	0.17476885
3.097	0.17481632
3.098	0.17486375
3.099	0.17491114
3.100	0.17495848
3.101	0.17500578
3.102	0.17505304
3.103	0.17510025
3.104	0.17514742
3.105	0.17519455
3.106	0.17524163
3.107	0.17528868
3.108	0.17533568
3.109	0.17538263
3.110	0.17542955
3.111	0.17547642
3.112	0.17552325
3.113	0.17557004
3.114	0.17561678
3.115	0.17566348
3.116	0.17571014
3.117	0.17575676
3.118	0.17580333
3.119	0.17584986
3.120	0.17589635
3.121	0.17594279
3.122	0.17598919
3.123	0.17603555
3.124	0.17608187
3.125	0.17612814
3.126	0.17617438
3.127	0.17622056
3.128	0.17626671
3.129	0.17631281
3.130	0.17635888
3.131	0.17640489
3.132	0.17645087
3.133	0.17649680
3.134	0.17654269
3.135	0.17658854
3.136	0.17663435
3.137	0.17668011
3.138	0.17672583
3.139	0.17677151
3.140	0.17681714
3.141	0.17686273
3.142	0.17690828
3.143	0.17695379
3.144	0.17699926
3.145	0.17704468
3.146	0.17709006
3.147	0.17713539
3.148	0.17718069
3.149	0.17722594
3.150	0.17727115
3.151	0.17731632
3.152	0.17736144
3.153	0.17740652
3.154	0.17745156
3.155	0.17749656
3.156	0.17754151
3.157	0.17758642
3.158	0.17763129
3.159	0.17767612
3.160	0.17772090
3.161	0.17776564
3.162	0.17781034
3.163	0.17785500
3.164	0.17789961
3.165	0.17794419
3.166	0.17798872
3.167	0.17803320
3.168	0.17807765
3.169	0.17812205
3.170	0.17816641
3.171	0.17821073
3.172	0.17825500
3.173	0.17829923
3.174	0.17834342
3.175	0.17838757
3.176	0.17843168
3.177	0.17847574
3.178	0.17851976
3.179	0.17856374
3.180	0.17860767
3.181	0.17865157
3.182	0.17869542
3.183	0.17873923
3.184	0.17878299
3.185	0.17882672
3.186	0.17887040
3.187	0.17891404
3.188	0.17895764
3.189	0.17900119
3.190	0.17904470
3.191	0.17908817
3.192	0.17913160
3.193	0.17917499
3.194	0.17921833
3.195	0.17926163
3.196	0.17930489
3.197	0.17934811
3.198	0.17939128
3.199	0.17943442
3.200	0.17947751
3.201	0.17952056
3.202	0.17956356
3.203	0.17960653
3.204	0.17964945
3.205	0.17969233
3.206	0.17973516
3.207	0.17977796
3.208	0.17982071
3.209	0.17986342
3.210	0.17990609
3.211	0.17994872
3.212	0.17999130
3.213	0.18003384
3.214	0.18007634
3.215	0.18011880
3.216	0.18016122
3.217	0.18020359
3.218	0.18024592
3.219	0.18028821
3.220	0.18033046
3.221	0.18037267
3.222	0.18041483
3.223	0.18045695
3.224	0.18049903
3.225	0.18054107
3.226	0.18058307
3.227	0.18062502
3.228	0.18066693
3.229	0.18070880
3.230	0.18075063
3.231	0.18079242
3.232	0.18083416
3.233	0.18087586
3.234	0.18091752
3.235	0.18095914
3.236	0.18100072
3.237	0.18104225
3.238	0.18108374
3.239	0.18112519
3.240	0.18116660
3.241	0.18120797
3.242	0.18124929
3.243	0.18129058
3.244	0.18133182
3.245	0.18137302
3.246	0.18141417
3.247	0.18145529
3.248	0.18149636
3.249	0.18153739
3.250	0.18157838
3.251	0.18161933
3.252	0.18166024
3.253	0.18170110
3.254	0.18174193
3.255	0.18178271
3.256	0.18182345
3.257	0.18186415
3.258	0.18190480
3.259	0.18194542
3.260	0.18198599
3.261	0.18202652
3.262	0.18206701
3.263	0.18210746
3.264	0.18214786
3.265	0.18218823
3.266	0.18222855
3.267	0.18226883
3.268	0.18230907
3.269	0.18234927
3.270	0.18238942
3.271	0.18242954
3.272	0.18246961
3.273	0.18250964
3.274	0.18254963
3.275	0.18258958
3.276	0.18262949
3.277	0.18266935
3.278	0.18270918
3.279	0.18274896
3.280	0.18278870
3.281	0.18282840
3.282	0.18286805
3.283	0.18290767
3.284	0.18294725
3.285	0.18298678
3.286	0.18302627
3.287	0.18306572
3.288	0.18310513
3.289	0.18314450
3.290	0.18318382
3.291	0.18322311
3.292	0.18326235
3.293	0.18330155
3.294	0.18334071
3.295	0.18337983
3.296	0.18341891
3.297	0.18345795
3.298	0.18349694
3.299	0.18353590
3.300	0.18357481
3.301	0.18361368
3.302	0.18365251
3.303	0.18369130
3.304	0.18373005
3.305	0.18376875
3.306	0.18380742
3.307	0.18384604
3.308	0.18388462
3.309	0.18392316
3.310	0.18396166
3.311	0.18400012
3.312	0.18403854
3.313	0.18407692
3.314	0.18411525
3.315	0.18415355
3.316	0.18419180
3.317	0.18423001
3.318	0.18426818
3.319	0.18430631
3.320	0.18434440
3.321	0.18438245
3.322	0.18442046
3.323	0.18445842
3.324	0.18449635
3.325	0.18453423
3.326	0.18457207
3.327	0.18460987
3.328	0.18464763
3.329	0.18468535
3.330	0.18472303
3.331	0.18476067
3.332	0.18479827
3.333	0.18483582
3.334	0.18487334
3.335	0.18491081
3.336	0.18494824
3.337	0.18498564
3.338	0.18502299
3.339	0.18506030
3.340	0.18509757
3.341	0.18513480
3.342	0.18517198
3.343	0.18520913
3.344	0.18524624
3.345	0.18528330
3.346	0.18532033
3.347	0.18535731
3.348	0.18539425
3.349	0.18543116
3.350	0.18546802
3.351	0.18550484
3.352	0.18554162
3.353	0.18557836
3.354	0.18561506
3.355	0.18565172
3.356	0.18568833
3.357	0.18572491
3.358	0.18576145
3.359	0.18579794
3.360	0.18583440
3.361	0.18587081
3.362	0.18590719
3.363	0.18594352
3.364	0.18597981
3.365	0.18601606
3.366	0.18605228
3.367	0.18608845
3.368	0.18612458
3.369	0.18616067
3.370	0.18619672
3.371	0.18623273
3.372	0.18626870
3.373	0.18630462
3.374	0.18634051
3.375	0.18637636
3.376	0.18641217
3.377	0.18644794
3.378	0.18648366
3.379	0.18651935
3.380	0.18655499
3.381	0.18659060
3.382	0.18662617
3.383	0.18666169
3.384	0.18669718
3.385	0.18673262
3.386	0.18676802
3.387	0.18680339
3.388	0.18683871
3.389	0.18687400
3.390	0.18690924
3.391	0.18694444
3.392	0.18697961
3.393	0.18701473
3.394	0.18704981
3.395	0.18708486
3.396	0.18711986
3.397	0.18715482
3.398	0.18718974
3.399	0.18722463
3.400	0.18725947
3.401	0.18729427
3.402	0.18732904
3.403	0.18736376
3.404	0.18739844
3.405	0.18743308
3.406	0.18746769
3.407	0.18750225
3.408	0.18753677
3.409	0.18757125
3.410	0.18760570
3.411	0.18764010
3.412	0.18767446
3.413	0.18770879
3.414	0.18774307
3.415	0.18777731
3.416	0.18781152
3.417	0.18784568
3.418	0.18787981
3.419	0.18791389
3.420	0.18794794
3.421	0.18798194
3.422	0.18801591
3.423	0.18804983
3.424	0.18808372
3.425	0.18811757
3.426	0.18815137
3.427	0.18818514
3.428	0.18821887
3.429	0.18825256
3.430	0.18828620
3.431	0.18831981
3.432	0.18835338
3.433	0.18838691
3.434	0.18842040
3.435	0.18845385
3.436	0.18848726
3.437	0.18852063
3.438	0.18855397
3.439	0.18858726
3.440	0.18862051
3.441	0.18865373
3.442	0.18868690
3.443	0.18872003
3.444	0.18875313
3.445	0.18878619
3.446	0.18881920
3.447	0.18885218
3.448	0.18888512
3.449	0.18891802
3.450	0.18895088
3.451	0.18898370
3.452	0.18901648
3.453	0.18904922
3.454	0.18908192
3.455	0.18911459
3.456	0.18914721
3.457	0.18917980
3.458	0.18921234
3.459	0.18924485
3.460	0.18927732
3.461	0.18930974
3.462	0.18934213
3.463	0.18937448
3.464	0.18940679
3.465	0.18943907
3.466	0.18947130
3.467	0.18950349
3.468	0.18953565
3.469	0.18956777
3.470	0.18959984
3.471	0.18963188
3.472	0.18966388
3.473	0.18969584
3.474	0.18972776
3.475	0.18975964
3.476	0.18979149
3.477	0.18982329
3.478	0.18985506
3.479	0.18988679
3.480	0.18991847
3.481	0.18995012
3.482	0.18998173
3.483	0.19001331
3.484	0.19004484
3.485	0.19007633
3.486	0.19010779
3.487	0.19013921
3.488	0.19017059
3.489	0.19020193
3.490	0.19023323
3.491	0.19026449
3.492	0.19029571
3.493	0.19032690
3.494	0.19035805
3.495	0.19038916
3.496	0.19042023
3.497	0.19045126
3.498	0.19048225
3.499	0.19051320
3.500	0.19054412
3.501	0.19057500
3.502	0.19060584
3.503	0.19063664
3.504	0.19066740
3.505	0.19069812
3.506	0.19072881
3.507	0.19075945
3.508	0.19079006
3.509	0.19082063
3.510	0.19085117
3.511	0.19088166
3.512	0.19091211
3.513	0.19094253
3.514	0.19097291
3.515	0.19100325
3.516	0.19103355
3.517	0.19106382
3.518	0.19109404
3.519	0.19112423
3.520	0.19115438
3.521	0.19118449
3.522	0.19121457
3.523	0.19124460
3.524	0.19127460
3.525	0.19130456
3.526	0.19133448
3.527	0.19136436
3.528	0.19139421
3.529	0.19142402
3.530	0.19145379
3.531	0.19148352
3.532	0.19151321
3.533	0.19154287
3.534	0.19157249
3.535	0.19160207
3.536	0.19163161
3.537	0.19166111
3.538	0.19169058
3.539	0.19172001
3.540	0.19174940
3.541	0.19177875
3.542	0.19180807
3.543	0.19183734
3.544	0.19186658
3.545	0.19189579
3.546	0.19192495
3.547	0.19195408
3.548	0.19198317
3.549	0.19201222
3.550	0.19204123
3.551	0.19207021
3.552	0.19209915
3.553	0.19212805
3.554	0.19215691
3.555	0.19218574
3.556	0.19221453
3.557	0.19224328
3.558	0.19227199
3.559	0.19230067
3.560	0.19232931
3.561	0.19235791
3.562	0.19238647
3.563	0.19241500
3.564	0.19244349
3.565	0.19247194
3.566	0.19250035
3.567	0.19252873
3.568	0.19255707
3.569	0.19258537
3.570	0.19261364
3.571	0.19264187
3.572	0.19267006
3.573	0.19269821
3.574	0.19272633
3.575	0.19275441
3.576	0.19278245
3.577	0.19281046
3.578	0.19283842
3.579	0.19286635
3.580	0.19289425
3.581	0.19292211
3.582	0.19294993
3.583	0.19297771
3.584	0.19300545
3.585	0.19303316
3.586	0.19306084
3.587	0.19308847
3.588	0.19311607
3.589	0.19314363
3.590	0.19317115
3.591	0.19319864
3.592	0.19322609
3.593	0.19325351
3.594	0.19328088
3.595	0.19330822
3.596	0.19333553
3.597	0.19336279
3.598	0.19339002
3.599	0.19341722
3.600	0.19344437
3.601	0.19347149
3.602	0.19349858
3.603	0.19352562
3.604	0.19355263
3.605	0.19357961
3.606	0.19360654
3.607	0.19363344
3.608	0.19366031
3.609	0.19368713
3.610	0.19371392
3.611	0.19374068
3.612	0.19376740
3.613	0.19379408
3.614	0.19382072
3.615	0.19384733
3.616	0.19387390
3.617	0.19390044
3.618	0.19392694
3.619	0.19395340
3.620	0.19397983
3.621	0.19400622
3.622	0.19403257
3.623	0.19405889
3.624	0.19408517
3.625	0.19411141
3.626	0.19413762
3.627	0.19416380
3.628	0.19418993
3.629	0.19421603
3.630	0.19424210
3.631	0.19426813
3.632	0.19429412
3.633	0.19432007
3.634	0.19434599
3.635	0.19437188
3.636	0.19439773
3.637	0.19442354
3.638	0.19444931
3.639	0.19447505
3.640	0.19450076
3.641	0.19452643
3.642	0.19455206
3.643	0.19457766
3.644	0.19460322
3.645	0.19462874
3.646	0.19465423
3.647	0.19467968
3.648	0.19470510
3.649	0.19473048
3.650	0.19475583
3.651	0.19478114
3.652	0.19480641
3.653	0.19483165
3.654	0.19485686
3.655	0.19488202
3.656	0.19490716
3.657	0.19493225
3.658	0.19495731
3.659	0.19498234
3.660	0.19500733
3.661	0.19503228
3.662	0.19505720
3.663	0.19508209
3.664	0.19510693
3.665	0.19513175
3.666	0.19515652
3.667	0.19518127
3.668	0.19520597
3.669	0.19523064
3.670	0.19525528
3.671	0.19527988
3.672	0.19530444
3.673	0.19532897
3.674	0.19535347
3.675	0.19537793
3.676	0.19540235
3.677	0.19542674
3.678	0.19545109
3.679	0.19547541
3.680	0.19549970
3.681	0.19552394
3.682	0.19554816
3.683	0.19557234
3.684	0.19559648
3.685	0.19562059
3.686	0.19564466
3.687	0.19566870
3.688	0.19569270
3.689	0.19571667
3.690	0.19574060
3.691	0.19576450
3.692	0.19578836
3.693	0.19581219
3.694	0.19583599
3.695	0.19585975
3.696	0.19588347
3.697	0.19590716
3.698	0.19593081
3.699	0.19595443
3.700	0.19597802
3.701	0.19600157
3.702	0.19602508
3.703	0.19604857
3.704	0.19607201
3.705	0.19609542
3.706	0.19611880
3.707	0.19614214
3.708	0.19616545
3.709	0.19618872
3.710	0.19621196
3.711	0.19623517
3.712	0.19625834
3.713	0.19628147
3.714	0.19630458
3.715	0.19632764
3.716	0.19635067
3.717	0.19637367
3.718	0.19639664
3.719	0.19641956
3.720	0.19644246
3.721	0.19646532
3.722	0.19648815
3.723	0.19651094
3.724	0.19653370
3.725	0.19655642
3.726	0.19657911
3.727	0.19660176
3.728	0.19662439
3.729	0.19664697
3.730	0.19666953
3.731	0.19669204
3.732	0.19671453
3.733	0.19673698
3.734	0.19675940
3.735	0.19678178
3.736	0.19680413
3.737	0.19682644
3.738	0.19684872
3.739	0.19687097
3.740	0.19689318
3.741	0.19691536
3.742	0.19693751
3.743	0.19695962
3.744	0.19698170
3.745	0.19700374
3.746	0.19702575
3.747	0.19704773
3.748	0.19706967
3.749	0.19709158
3.750	0.19711345
3.751	0.19713530
3.752	0.19715710
3.753	0.19717888
3.754	0.19720062
3.755	0.19722233
3.756	0.19724400
3.757	0.19726564
3.758	0.19728724
3.759	0.19730882
3.760	0.19733036
3.761	0.19735186
3.762	0.19737334
3.763	0.19739477
3.764	0.19741618
3.765	0.19743755
3.766	0.19745889
3.767	0.19748020
3.768	0.19750147
3.769	0.19752271
3.770	0.19754391
3.771	0.19756509
3.772	0.19758623
3.773	0.19760733
3.774	0.19762841
3.775	0.19764945
3.776	0.19767045
3.777	0.19769143
3.778	0.19771237
3.779	0.19773327
3.780	0.19775415
3.781	0.19777499
3.782	0.19779580
3.783	0.19781657
3.784	0.19783732
3.785	0.19785803
3.786	0.19787870
3.787	0.19789935
3.788	0.19791996
3.789	0.19794053
3.790	0.19796108
3.791	0.19798159
3.792	0.19800207
3.793	0.19802252
3.794	0.19804293
3.795	0.19806331
3.796	0.19808366
3.797	0.19810398
3.798	0.19812426
3.799	0.19814451
3.800	0.19816473
3.801	0.19818492
3.802	0.19820507
3.803	0.19822519
3.804	0.19824528
3.805	0.19826533
3.806	0.19828535
3.807	0.19830535
3.808	0.19832530
3.809	0.19834523
3.810	0.19836512
3.811	0.19838498
3.812	0.19840481
3.813	0.19842461
3.814	0.19844437
3.815	0.19846410
3.816	0.19848380
3.817	0.19850347
3.818	0.19852310
3.819	0.19854271
3.820	0.19856228
3.821	0.19858182
3.822	0.19860132
3.823	0.19862080
3.824	0.19864024
3.825	0.19865965
3.826	0.19867903
3.827	0.19869837
3.828	0.19871768
3.829	0.19873697
3.830	0.19875622
3.831	0.19877543
3.832	0.19879462
3.833	0.19881377
3.834	0.19883290
3.835	0.19885199
3.836	0.19887105
3.837	0.19889007
3.838	0.19890907
3.839	0.19892803
3.840	0.19894696
3.841	0.19896586
3.842	0.19898473
3.843	0.19900357
3.844	0.19902237
3.845	0.19904115
3.846	0.19905989
3.847	0.19907860
3.848	0.19909728
3.849	0.19911592
3.850	0.19913454
3.851	0.19915312
3.852	0.19917168
3.853	0.19919020
3.854	0.19920869
3.855	0.19922715
3.856	0.19924557
3.857	0.19926397
3.858	0.19928233
3.859	0.19930066
3.860	0.19931897
3.861	0.19933724
3.862	0.19935548
3.863	0.19937368
3.864	0.19939186
3.865	0.19941001
3.866	0.19942812
3.867	0.19944620
3.868	0.19946426
3.869	0.19948228
3.870	0.19950027
3.871	0.19951823
3.872	0.19953615
3.873	0.19955405
3.874	0.19957192
3.875	0.19958975
3.876	0.19960756
3.877	0.19962533
3.878	0.19964307
3.879	0.19966078
3.880	0.19967846
3.881	0.19969611
3.882	0.19971373
3.883	0.19973132
3.884	0.19974888
3.885	0.19976641
3.886	0.19978390
3.887	0.19980137
3.888	0.19981880
3.889	0.19983621
3.890	0.19985358
3.891	0.19987092
3.892	0.19988824
3.893	0.19990552
3.894	0.19992277
3.895	0.19993999
3.896	0.19995718
3.897	0.19997434
3.898	0.19999147
3.899	0.20000857
3.900	0.20002564
3.901	0.20004267
3.902	0.20005968
3.903	0.20007666
3.904	0.20009361
3.905	0.20011052
3.906	0.20012741
3.907	0.20014427
3.908	0.20016109
3.909	0.20017789
3.910	0.20019466
3.911	0.20021139
3.912	0.20022810
3.913	0.20024477
3.914	0.20026142
3.915	0.20027804
3.916	0.20029462
3.917	0.20031118
3.918	0.20032770
3.919	0.20034420
3.920	0.20036066
3.921	0.20037710
3.922	0.20039350
3.923	0.20040988
3.924	0.20042623
3.925	0.20044254
3.926	0.20045883
3.927	0.20047509
3.928	0.20049131
3.929	0.20050751
3.930	0.20052368
3.931	0.20053982
3.932	0.20055592
3.933	0.20057200
3.934	0.20058805
3.935	0.20060407
3.936	0.20062006
3.937	0.20063602
3.938	0.20065195
3.939	0.20066785
3.940	0.20068372
3.941	0.20069957
3.942	0.20071538
3.943	0.20073116
3.944	0.20074692
3.945	0.20076264
3.946	0.20077834
3.947	0.20079400
3.948	0.20080964
3.949	0.20082525
3.950	0.20084082
3.951	0.20085637
3.952	0.20087189
3.953	0.20088738
3.954	0.20090284
3.955	0.20091828
3.956	0.20093368
3.957	0.20094905
3.958	0.20096440
3.959	0.20097971
3.960	0.20099500
3.961	0.20101026
3.962	0.20102549
3.963	0.20104069
3.964	0.20105586
3.965	0.20107100
3.966	0.20108611
3.967	0.20110120
3.968	0.20111625
3.969	0.20113128
3.970	0.20114627
3.971	0.20116124
3.972	0.20117618
3.973	0.20119109
3.974	0.20120598
3.975	0.20122083
3.976	0.20123566
3.977	0.20125045
3.978	0.20126522
3.979	0.20127996
3.980	0.20129467
3.981	0.20130935
3.982	0.20132401
3.983	0.20133863
3.984	0.20135323
3.985	0.20136780
3.986	0.20138234
3.987	0.20139685
3.988	0.20141133
3.989	0.20142579
3.990	0.20144021
3.991	0.20145461
3.992	0.20146898
3.993	0.20148332
3.994	0.20149764
3.995	0.20151192
3.996	0.20152618
3.997	0.20154041
3.998	0.20155461
3.999	0.20156878
4.000	0.20158292
4.001	0.20159704
4.002	0.20161113
4.003	0.20162519
4.004	0.20163922
4.005	0.20165322
4.006	0.20166720
4.007	0.20168115
4.008	0.20169507
4.009	0.20170896
4.010	0.20172282
4.011	0.20173666
4.012	0.20175047
4.013	0.20176425
4.014	0.20177800
4.015	0.20179173
4.016	0.20180542
4.017	0.20181909
4.018	0.20183273
4.019	0.20184635
4.020	0.20185993
4.021	0.20187349
4.022	0.20188702
4.023	0.20190053
4.024	0.20191400
4.025	0.20192745
4.026	0.20194087
4.027	0.20195427
4.028	0.20196763
4.029	0.20198097
4.030	0.20199428
4.031	0.20200757
4.032	0.20202082
4.033	0.20203405
4.034	0.20204725
4.035	0.20206043
4.036	0.20207357
4.037	0.20208669
4.038	0.20209979
4.039	0.20211285
4.040	0.20212589
4.041	0.20213890
4.042	0.20215188
4.043	0.20216484
4.044	0.20217777
4.045	0.20219067
4.046	0.20220355
4.047	0.20221640
4.048	0.20222922
4.049	0.20224201
4.050	0.20225478
4.051	0.20226752
4.052	0.20228023
4.053	0.20229292
4.054	0.20230558
4.055	0.20231821
4.056	0.20233082
4.057	0.20234339
4.058	0.20235595
4.059	0.20236847
4.060	0.20238097
4.061	0.20239344
4.062	0.20240589
4.063	0.20241831
4.064	0.20243070
4.065	0.20244306
4.066	0.20245540
4.067	0.20246772
4.068	0.20248000
4.069	0.20249226
4.070	0.20250449
4.071	0.20251670
4.072	0.20252888
4.073	0.20254103
4.074	0.20255316
4.075	0.20256526
4.076	0.20257733
4.077	0.20258938
4.078	0.20260140
4.079	0.20261340
4.080	0.20262537
4.081	0.20263731
4.082	0.20264923
4.083	0.20266112
4.084	0.20267298
4.085	0.20268482
4.086	0.20269663
4.087	0.20270842
4.088	0.20272018
4.089	0.20273191
4.090	0.20274362
4.091	0.20275530
4.092	0.20276695
4.093	0.20277858
4.094	0.20279019
4.095	0.20280176
4.096	0.20281332
4.097	0.20282484
4.098	0.20283634
4.099	0.20284782
4.100	0.20285926
4.101	0.20287069
4.102	0.20288208
4.103	0.20289345
4.104	0.20290480
4.105	0.20291612
4.106	0.20292741
4.107	0.20293868
4.108	0.20294992
4.109	0.20296114
4.110	0.20297233
4.111	0.20298350
4.112	0.20299464
4.113	0.20300575
4.114	0.20301684
4.115	0.20302791
4.116	0.20303895
4.117	0.20304996
4.118	0.20306095
4.119	0.20307191
4.120	0.20308285
4.121	0.20309376
4.122	0.20310465
4.123	0.20311551
4.124	0.20312634
4.125	0.20313715
4.126	0.20314794
4.127	0.20315870
4.128	0.20316943
4.129	0.20318014
4.130	0.20319083
4.131	0.20320149
4.132	0.20321212
4.133	0.20322273
4.134	0.20323332
4.135	0.20324388
4.136	0.20325441
4.137	0.20326492
4.138	0.20327541
4.139	0.20328587
4.140	0.20329630
4.141	0.20330671
4.142	0.20331710
4.143	0.20332746
4.144	0.20333779
4.145	0.20334811
4.146	0.20335839
4.147	0.20336865
4.148	0.20337889
4.149	0.20338910
4.150	0.20339929
4.151	0.20340945
4.152	0.20341959
4.153	0.20342971
4.154	0.20343979
4.155	0.20344986
4.156	0.20345990
4.157	0.20346992
4.158	0.20347991
4.159	0.20348987
4.160	0.20349982
4.161	0.20350973
4.162	0.20351963
4.163	0.20352950
4.164	0.20353934
4.165	0.20354916
4.166	0.20355896
4.167	0.20356873
4.168	0.20357848
4.169	0.20358820
4.170	0.20359790
4.171	0.20360758
4.172	0.20361723
4.173	0.20362686
4.174	0.20363646
4.175	0.20364604
4.176	0.20365559
4.177	0.20366512
4.178	0.20367463
4.179	0.20368411
4.180	0.20369357
4.181	0.20370301
4.182	0.20371242
4.183	0.20372181
4.184	0.20373117
4.185	0.20374051
4.186	0.20374983
4.187	0.20375912
4.188	0.20376839
4.189	0.20377763
4.190	0.20378685
4.191	0.20379605
4.192	0.20380522
4.193	0.20381437
4.194	0.20382350
4.195	0.20383260
4.196	0.20384168
4.197	0.20385073
4.198	0.20385977
4.199	0.20386877
4.200	0.20387776
4.201	0.20388672
4.202	0.20389566
4.203	0.20390457
4.204	0.20391346
4.205	0.20392233
4.206	0.20393117
4.207	0.20393999
4.208	0.20394879
4.209	0.20395757
4.210	0.20396632
4.211	0.20397504
4.212	0.20398375
4.213	0.20399243
4.214	0.20400109
4.215	0.20400972
4.216	0.20401833
4.217	0.20402692
4.218	0.20403549
4.219	0.20404403
4.220	0.20405255
4.221	0.20406105
4.222	0.20406952
4.223	0.20407797
4.224	0.20408640
4.225	0.20409480
4.226	0.20410318
4.227	0.20411154
4.228	0.20411988
4.229	0.20412819
4.230	0.20413648
4.231	0.20414475
4.232	0.20415299
4.233	0.20416121
4.234	0.20416941
4.235	0.20417759
4.236	0.20418574
4.237	0.20419387
4.238	0.20420198
4.239	0.20421007
4.240	0.20421813
4.241	0.20422617
4.242	0.20423419
4.243	0.20424218
4.244	0.20425016
4.245	0.20425811
4.246	0.20426603
4.247	0.20427394
4.248	0.20428182
4.249	0.20428968
4.250	0.20429752
4.251	0.20430534
4.252	0.20431313
4.253	0.20432090
4.254	0.20432865
4.255	0.20433638
4.256	0.20434408
4.257	0.20435176
4.258	0.20435942
4.259	0.20436706
4.260	0.20437467
4.261	0.20438227
4.262	0.20438984
4.263	0.20439739
4.264	0.20440492
4.265	0.20441242
4.266	0.20441990
4.267	0.20442736
4.268	0.20443480
4.269	0.20444222
4.270	0.20444962
4.271	0.20445699
4.272	0.20446434
4.273	0.20447167
4.274	0.20447898
4.275	0.20448626
4.276	0.20449353
4.277	0.20450077
4.278	0.20450799
4.279	0.20451519
4.280	0.20452237
4.281	0.20452952
4.282	0.20453665
4.283	0.20454377
4.284	0.20455086
4.285	0.20455792
4.286	0.20456497
4.287	0.20457200
4.288	0.20457900
4.289	0.20458598
4.290	0.20459294
4.291	0.20459988
4.292	0.20460680
4.293	0.20461370
4.294	0.20462057
4.295	0.20462743
4.296	0.20463426
4.297	0.20464107
4.298	0.20464786
4.299	0.20465463
4.300	0.20466138
4.301	0.20466810
4.302	0.20467481
4.303	0.20468149
4.304	0.20468815
4.305	0.20469479
4.306	0.20470141
4.307	0.20470801
4.308	0.20471459
4.309	0.20472115
4.310	0.20472768
4.311	0.20473420
4.312	0.20474069
4.313	0.20474716
4.314	0.20475361
4.315	0.20476004
4.316	0.20476645
4.317	0.20477284
4.318	0.20477921
4.319	0.20478556
4.320	0.20479188
4.321	0.20479819
4.322	0.20480447
4.323	0.20481074
4.324	0.20481698
4.325	0.20482320
4.326	0.20482940
4.327	0.20483558
4.328	0.20484174
4.329	0.20484788
4.330	0.20485400
4.331	0.20486010
4.332	0.20486618
4.333	0.20487224
4.334	0.20487827
4.335	0.20488429
4.336	0.20489029
4.337	0.20489626
4.338	0.20490222
4.339	0.20490815
4.340	0.20491406
4.341	0.20491996
4.342	0.20492583
4.343	0.20493169
4.344	0.20493752
4.345	0.20494333
4.346	0.20494912
4.347	0.20495490
4.348	0.20496065
4.349	0.20496638
4.350	0.20497209
4.351	0.20497778
4.352	0.20498345
4.353	0.20498911
4.354	0.20499474
4.355	0.20500035
4.356	0.20500594
4.357	0.20501151
4.358	0.20501706
4.359	0.20502259
4.360	0.20502811
4.361	0.20503360
4.362	0.20503907
4.363	0.20504452
4.364	0.20504995
4.365	0.20505536
4.366	0.20506076
4.367	0.20506613
4.368	0.20507148
4.369	0.20507681
4.370	0.20508213
4.371	0.20508742
4.372	0.20509270
4.373	0.20509795
4.374	0.20510319
4.375	0.20510840
4.376	0.20511360
4.377	0.20511877
4.378	0.20512393
4.379	0.20512907
4.380	0.20513418
4.381	0.20513928
4.382	0.20514436
4.383	0.20514942
4.384	0.20515446
4.385	0.20515948
4.386	0.20516448
4.387	0.20516946
4.388	0.20517442
4.389	0.20517937
4.390	0.20518429
4.391	0.20518920
4.392	0.20519408
4.393	0.20519895
4.394	0.20520380
4.395	0.20520862
4.396	0.20521343
4.397	0.20521822
4.398	0.20522299
4.399	0.20522774
4.400	0.20523248
4.401	0.20523719
4.402	0.20524188
4.403	0.20524656
4.404	0.20525122
4.405	0.20525585
4.406	0.20526047
4.407	0.20526507
4.408	0.20526965
4.409	0.20527422
4.410	0.20527876
4.411	0.20528328
4.412	0.20528779
4.413	0.20529228
4.414	0.20529674
4.415	0.20530119
4.416	0.20530562
4.417	0.20531004
4.418	0.20531443
4.419	0.20531881
4.420	0.20532316
4.421	0.20532750
4.422	0.20533182
4.423	0.20533612
4.424	0.20534040
4.425	0.20534467
4.426	0.20534891
4.427	0.20535314
4.428	0.20535735
4.429	0.20536154
4.430	0.20536571
4.431	0.20536986
4.432	0.20537399
4.433	0.20537811
4.434	0.20538221
4.435	0.20538629
4.436	0.20539035
4.437	0.20539439
4.438	0.20539842
4.439	0.20540243
4.440	0.20540642
4.441	0.20541039
4.442	0.20541434
4.443	0.20541827
4.444	0.20542219
4.445	0.20542609
4.446	0.20542997
4.447	0.20543383
4.448	0.20543768
4.449	0.20544150
4.450	0.20544531
4.451	0.20544910
4.452	0.20545288
4.453	0.20545663
4.454	0.20546037
4.455	0.20546409
4.456	0.20546779
4.457	0.20547147
4.458	0.20547514
4.459	0.20547879
4.460	0.20548242
4.461	0.20548603
4.462	0.20548962
4.463	0.20549320
4.464	0.20549676
4.465	0.20550030
4.466	0.20550383
4.467	0.20550733
4.468	0.20551082
4.469	0.20551430
4.470	0.20551775
4.471	0.20552119
4.472	0.20552461
4.473	0.20552801
4.474	0.20553139
4.475	0.20553476
4.476	0.20553811
4.477	0.20554144
4.478	0.20554475
4.479	0.20554805
4.480	0.20555133
4.481	0.20555459
4.482	0.20555784
4.483	0.20556107
4.484	0.20556428
4.485	0.20556747
4.486	0.20557065
4.487	0.20557381
4.488	0.20557695
4.489	0.20558008
4.490	0.20558318
4.491	0.20558627
4.492	0.20558935
4.493	0.20559240
4.494	0.20559544
4.495	0.20559847
4.496	0.20560147
4.497	0.20560446
4.498	0.20560743
4.499	0.20561039
4.500	0.20561333
4.501	0.20561625
4.502	0.20561915
4.503	0.20562204
4.504	0.20562491
4.505	0.20562776
4.506	0.20563060
4.507	0.20563342
4.508	0.20563622
4.509	0.20563901
4.510	0.20564178
4.511	0.20564453
4.512	0.20564727
4.513	0.20564999
4.514	0.20565269
4.515	0.20565538
4.516	0.20565805
4.517	0.20566070
4.518	0.20566334
4.519	0.20566596
4.520	0.20566856
4.521	0.20567115
4.522	0.20567372
4.523	0.20567628
4.524	0.20567882
4.525	0.20568134
4.526	0.20568384
4.527	0.20568633
4.528	0.20568881
4.529	0.20569126
4.530	0.20569370
4.531	0.20569613
4.532	0.20569853
4.533	0.20570093
4.534	0.20570330
4.535	0.20570566
4.536	0.20570800
4.537	0.20571033
4.538	0.20571264
4.539	0.20571494
4.540	0.20571721
4.541	0.20571948
4.542	0.20572172
4.543	0.20572395
4.544	0.20572617
4.545	0.20572837
4.546	0.20573055
4.547	0.20573272
4.548	0.20573487
4.549	0.20573700
4.550	0.20573912
4.551	0.20574122
4.552	0.20574331
4.553	0.20574538
4.554	0.20574744
4.555	0.20574948
4.556	0.20575150
4.557	0.20575351
4.558	0.20575550
4.559	0.20575748
4.560	0.20575944
4.561	0.20576138
4.562	0.20576331
4.563	0.20576523
4.564	0.20576712
4.565	0.20576901
4.566	0.20577087
4.567	0.20577273
4.568	0.20577456
4.569	0.20577638
4.570	0.20577819
4.571	0.20577998
4.572	0.20578175
4.573	0.20578351
4.574	0.20578525
4.575	0.20578698
4.576	0.20578870
4.577	0.20579039
4.578	0.20579207
4.579	0.20579374
4.580	0.20579539
4.581	0.20579703
4.582	0.20579865
4.583	0.20580026
4.584	0.20580185
4.585	0.20580342
4.586	0.20580498
4.587	0.20580653
4.588	0.20580806
4.589	0.20580957
4.590	0.20581107
4.591	0.20581255
4.592	0.20581402
4.593	0.20581548
4.594	0.20581692
4.595	0.20581834
4.596	0.20581975
4.597	0.20582115
4.598	0.20582253
4.599	0.20582389
4.600	0.20582524
4.601	0.20582657
4.602	0.20582789
4.603	0.20582920
4.604	0.20583049
4.605	0.20583177
4.606	0.20583303
4.607	0.20583427
4.608	0.20583550
4.609	0.20583672
4.610	0.20583792
4.611	0.20583911
4.612	0.20584028
4.613	0.20584144
4.614	0.20584258
4.615	0.20584371
4.616	0.20584483
4.617	0.20584593
4.618	0.20584701
4.619	0.20584808
4.620	0.20584914
4.621	0.20585018
4.622	0.20585121
4.623	0.20585222
4.624	0.20585322
4.625	0.20585421
4.626	0.20585518
4.627	0.20585613
4.628	0.20585707
4.629	0.20585800
4.630	0.20585891
4.631	0.20585981
4.632	0.20586069
4.633	0.20586156
4.634	0.20586242
4.635	0.20586326
4.636	0.20586409
4.637	0.20586490
4.638	0.20586570
4.639	0.20586649
4.640	0.20586726
4.641	0.20586801
4.642	0.20586876
4.643	0.20586949
4.644	0.20587020
4.645	0.20587090
4.646	0.20587159
4.647	0.20587226
4.648	0.20587292
4.649	0.20587356
4.650	0.20587420
4.651	0.20587481
4.652	0.20587542
4.653	0.20587601
4.654	0.20587658
4.655	0.20587714
4.656	0.20587769
4.657	0.20587823
4.658	0.20587875
4.659	0.20587926
4.660	0.20587975
4.661	0.20588023
4.662	0.20588069
4.663	0.20588115
4.664	0.20588159
4.665	0.20588201
4.666	0.20588242
4.667	0.20588282
4.668	0.20588320
4.669	0.20588358
4.670	0.20588393
4.671	0.20588428
4.672	0.20588461
4.673	0.20588493
4.674	0.20588523
4.675	0.20588552
4.676	0.20588580
4.677	0.20588606
4.678	0.20588631
4.679	0.20588655
4.680	0.20588677
4.681	0.20588698
4.682	0.20588718
4.683	0.20588736
4.684	0.20588753
4.685	0.20588769
4.686	0.20588783
4.687	0.20588797
4.688	0.20588808
4.689	0.20588819
4.690	0.20588828
4.691	0.20588836
4.692	0.20588842
4.693	0.20588848
4.694	0.20588852
4.695	0.20588854
4.696	0.20588855
4.697	0.20588856
4.698	0.20588854
4.699	0.20588852
4.700	0.20588848
4.701	0.20588843
4.702	0.20588836
4.703	0.20588829
4.704	0.20588820
4.705	0.20588809
4.706	0.20588798
4.707	0.20588785
4.708	0.20588771
4.709	0.20588755
4.710	0.20588739
4.711	0.20588721
4.712	0.20588702
4.713	0.20588681
4.714	0.20588660
4.715	0.20588637
4.716	0.20588612
4.717	0.20588587
4.718	0.20588560
4.719	0.20588532
4.720	0.20588503
4.721	0.20588472
4.722	0.20588440
4.723	0.20588407
4.724	0.20588373
4.725	0.20588338
4.726	0.20588301
4.727	0.20588263
4.728	0.20588224
4.729	0.20588183
4.730	0.20588141
4.731	0.20588098
4.732	0.20588054
4.733	0.20588009
4.734	0.20587962
4.735	0.20587914
4.736	0.20587865
4.737	0.20587815
4.738	0.20587763
4.739	0.20587711
4.740	0.20587657
4.741	0.20587601
4.742	0.20587545
4.743	0.20587487
4.744	0.20587429
4.745	0.20587369
4.746	0.20587307
4.747	0.20587245
4.748	0.20587181
4.749	0.20587116
4.750	0.20587050
4.751	0.20586983
4.752	0.20586915
4.753	0.20586845
4.754	0.20586774
4.755	0.20586702
4.756	0.20586629
4.757	0.20586555
4.758	0.20586479
4.759	0.20586402
4.760	0.20586324
4.761	0.20586245
4.762	0.20586165
4.763	0.20586083
4.764	0.20586001
4.765	0.20585917
4.766	0.20585832
4.767	0.20585746
4.768	0.20585658
4.769	0.20585570
4.770	0.20585480
4.771	0.20585389
4.772	0.20585297
4.773	0.20585204
4.774	0.20585110
4.775	0.20585014
4.776	0.20584918
4.777	0.20584820
4.778	0.20584721
4.779	0.20584621
4.780	0.20584520
4.781	0.20584418
4.782	0.20584314
4.783	0.20584209
4.784	0.20584104
4.785	0.20583997
4.786	0.20583889
4.787	0.20583780
4.788	0.20583669
4.789	0.20583558
4.790	0.20583445
4.791	0.20583332
4.792	0.20583217
4.793	0.20583101
4.794	0.20582984
4.795	0.20582865
4.796	0.20582746
4.797	0.20582626
4.798	0.20582504
4.799	0.20582382
4.800	0.20582258
4.801	0.20582133
4.802	0.20582007
4.803	0.20581880
4.804	0.20581752
4.805	0.20581622
4.806	0.20581492
4.807	0.20581361
4.808	0.20581228
4.809	0.20581094
4.810	0.20580960
4.811	0.20580824
4.812	0.20580687
4.813	0.20580549
4.814	0.20580410
4.815	0.20580269
4.816	0.20580128
4.817	0.20579986
4.818	0.20579842
4.819	0.20579698
4.820	0.20579552
4.821	0.20579405
4.822	0.20579258
4.823	0.20579109
4.824	0.20578959
4.825	0.20578808
4.826	0.20578656
4.827	0.20578503
4.828	0.20578349
4.829	0.20578193
4.830	0.20578037
4.831	0.20577880
4.832	0.20577721
4.833	0.20577562
4.834	0.20577401
4.835	0.20577240
4.836	0.20577077
4.837	0.20576914
4.838	0.20576749
4.839	0.20576583
4.840	0.20576416
4.841	0.20576249
4.842	0.20576080
4.843	0.20575910
4.844	0.20575739
4.845	0.20575567
4.846	0.20575394
4.847	0.20575220
4.848	0.20575045
4.849	0.20574869
4.850	0.20574692
4.851	0.20574513
4.852	0.20574334
4.853	0.20574154
4.854	0.20573973
4.855	0.20573791
4.856	0.20573607
4.857	0.20573423
4.858	0.20573238
4.859	0.20573052
4.860	0.20572864
4.861	0.20572676
4.862	0.20572487
4.863	0.20572296
4.864	0.20572105
4.865	0.20571913
4.866	0.20571719
4.867	0.20571525
4.868	0.20571330
4.869	0.20571134
4.870	0.20570936
4.871	0.20570738
4.872	0.20570539
4.873	0.20570338
4.874	0.20570137
4.875	0.20569935
4.876	0.20569732
4.877	0.20569528
4.878	0.20569322
4.879	0.20569116
4.880	0.20568909
4.881	0.20568701
4.882	0.20568492
4.883	0.20568282
4.884	0.20568071
4.885	0.20567859
4.886	0.20567646
4.887	0.20567432
4.888	0.20567217
4.889	0.20567002
4.890	0.20566785
4.891	0.20566567
4.892	0.20566348
4.893	0.20566129
4.894	0.20565908
4.895	0.20565687
4.896	0.20565464
4.897	0.20565241
4.898	0.20565016
4.899	0.20564791
4.900	0.20564565
4.901	0.20564338
4.902	0.20564109
4.903	0.20563880
4.904	0.20563650
4.905	0.20563419
4.906	0.20563188
4.907	0.20562955
4.908	0.20562721
4.909	0.20562486
4.910	0.20562251
4.911	0.20562014
4.912	0.20561777
4.913	0.20561538
4.914	0.20561299
4.915	0.20561059
4.916	0.20560818
4.917	0.20560576
4.918	0.20560333
4.919	0.20560089
4.920	0.20559844
4.921	0.20559599
4.922	0.20559352
4.923	0.20559105
4.924	0.20558856
4.925	0.20558607
4.926	0.20558357
4.927	0.20558106
4.928	0.20557854
4.929	0.20557601
4.930	0.20557347
4.931	0.20557093
4.932	0.20556837
4.933	0.20556581
4.934	0.20556324
4.935	0.20556065
4.936	0.20555806
4.937	0.20555546
4.938	0.20555285
4.939	0.20555024
4.940	0.20554761
4.941	0.20554498
4.942	0.20554233
4.943	0.20553968
4.944	0.20553702
4.945	0.20553435
4.946	0.20553167
4.947	0.20552899
4.948	0.20552629
4.949	0.20552359
4.950	0.20552088
4.951	0.20551815
4.952	0.20551542
4.953	0.20551269
4.954	0.20550994
4.955	0.20550718
4.956	0.20550442
4.957	0.20550165
4.958	0.20549887
4.959	0.20549608
4.960	0.20549328
4.961	0.20549047
4.962	0.20548766
4.963	0.20548484
4.964	0.20548200
4.965	0.20547916
4.966	0.20547632
4.967	0.20547346
4.968	0.20547059
4.969	0.20546772
4.970	0.20546484
4.971	0.20546195
4.972	0.20545905
4.973	0.20545615
4.974	0.20545323
4.975	0.20545031
4.976	0.20544738
4.977	0.20544444
4.978	0.20544149
4.979	0.20543854
4.980	0.20543557
4.981	0.20543260
4.982	0.20542962
4.983	0.20542663
4.984	0.20542364
4.985	0.20542063
4.986	0.20541762
4.987	0.20541460
4.988	0.20541157
4.989	0.20540854
4.990	0.20540549
4.991	0.20540244
4.992	0.20539938
4.993	0.20539631
4.994	0.20539324
4.995	0.20539016
4.996	0.20538706
4.997	0.20538396
4.998	0.20538086
4.999	0.20537774
5.001	0.20537462
5.002	0.20537149
5.003	0.20536835
5.004	0.20536520
5.005	0.20536205
5.006	0.20535889
5.007	0.20535572
5.008	0.20535254
5.009	0.20534936
5.010	0.20534616
5.011	0.20534296
5.012	0.20533975
5.013	0.20533654
5.014	0.20533332
5.015	0.20533008
5.016	0.20532685
5.017	0.20532360
5.018	0.20532035
5.019	0.20531708
5.020	0.20531382
5.021	0.20531054
5.022	0.20530726
5.023	0.20530396
5.024	0.20530067
5.025	0.20529736
5.026	0.20529405
5.027	0.20529072
5.028	0.20528740
5.029	0.20528406
5.030	0.20528072
5.031	0.20527737
5.032	0.20527401
5.033	0.20527064
5.034	0.20526727
5.035	0.20526389
5.036	0.20526050
5.037	0.20525711
5.038	0.20525370
5.039	0.20525030
5.040	0.20524688
5.041	0.20524346
5.042	0.20524002
5.043	0.20523659
5.044	0.20523314
5.045	0.20522969
5.046	0.20522623
5.047	0.20522276
5.048	0.20521929
5.049	0.20521581
5.050	0.20521232
5.051	0.20520882
5.052	0.20520532
5.053	0.20520181
5.054	0.20519829
5.055	0.20519477
5.056	0.20519124
5.057	0.20518770
5.058	0.20518416
5.059	0.20518061
5.060	0.20517705
5.061	0.20517348
5.062	0.20516991
5.063	0.20516633
5.064	0.20516275
5.065	0.20515915
5.066	0.20515555
5.067	0.20515195
5.068	0.20514833
5.069	0.20514471
5.070	0.20514109
5.071	0.20513745
5.072	0.20513381
5.073	0.20513016
5.074	0.20512651
5.075	0.20512285
5.076	0.20511918
5.077	0.20511551
5.078	0.20511183
5.079	0.20510814
5.080	0.20510444
5.081	0.20510074
5.082	0.20509704
5.083	0.20509332
5.084	0.20508960
5.085	0.20508587
5.086	0.20508214
5.087	0.20507840
5.088	0.20507465
5.089	0.20507090
5.090	0.20506714
5.091	0.20506337
5.092	0.20505960
5.093	0.20505582
5.094	0.20505203
5.095	0.20504824
5.096	0.20504444
5.097	0.20504063
5.098	0.20503682
5.099	0.20503300
5.100	0.20502918
5.101	0.20502535
5.102	0.20502151
5.103	0.20501767
5.104	0.20501382
5.105	0.20500996
5.106	0.20500610
5.107	0.20500223
5.108	0.20499835
5.109	0.20499447
5.110	0.20499058
5.111	0.20498669
5.112	0.20498279
5.113	0.20497888
5.114	0.20497497
5.115	0.20497105
5.116	0.20496713
5.117	0.20496319
5.118	0.20495926
5.119	0.20495531
5.120	0.20495136
5.121	0.20494741
5.122	0.20494345
5.123	0.20493948
5.124	0.20493551
5.125	0.20493153
5.126	0.20492754
5.127	0.20492355
5.128	0.20491955
5.129	0.20491555
5.130	0.20491154
5.131	0.20490752
5.132	0.20490350
5.133	0.20489947
5.134	0.20489544
5.135	0.20489140
5.136	0.20488735
5.137	0.20488330
5.138	0.20487924
5.139	0.20487518
5.140	0.20487111
5.141	0.20486704
5.142	0.20486296
5.143	0.20485887
5.144	0.20485478
5.145	0.20485068
5.146	0.20484658
5.147	0.20484247
5.148	0.20483836
5.149	0.20483423
5.150	0.20483011
5.151	0.20482598
5.152	0.20482184
5.153	0.20481770
5.154	0.20481355
5.155	0.20480939
5.156	0.20480523
5.157	0.20480107
5.158	0.20479689
5.159	0.20479272
5.160	0.20478853
5.161	0.20478435
5.162	0.20478015
5.163	0.20477595
5.164	0.20477175
5.165	0.20476754
5.166	0.20476332
5.167	0.20475910
5.168	0.20475487
5.169	0.20475064
5.170	0.20474640
5.171	0.20474216
5.172	0.20473791
5.173	0.20473366
5.174	0.20472940
5.175	0.20472514
5.176	0.20472087
5.177	0.20471659
5.178	0.20471231
5.179	0.20470802
5.180	0.20470373
5.181	0.20469943
5.182	0.20469513
5.183	0.20469083
5.184	0.20468651
5.185	0.20468219
5.186	0.20467787
5.187	0.20467354
5.188	0.20466921
5.189	0.20466487
5.190	0.20466053
5.191	0.20465618
5.192	0.20465182
5.193	0.20464746
5.194	0.20464310
5.195	0.20463873
5.196	0.20463436
5.197	0.20462998
5.198	0.20462559
5.199	0.20462120
5.200	0.20461680
5.201	0.20461240
5.202	0.20460800
5.203	0.20460359
5.204	0.20459917
5.205	0.20459475
5.206	0.20459033
5.207	0.20458590
5.208	0.20458146
5.209	0.20457702
5.210	0.20457258
5.211	0.20456813
5.212	0.20456367
5.213	0.20455921
5.214	0.20455475
5.215	0.20455028
5.216	0.20454580
5.217	0.20454132
5.218	0.20453684
5.219	0.20453235
5.220	0.20452786
5.221	0.20452336
5.222	0.20451885
5.223	0.20451434
5.224	0.20450983
5.225	0.20450531
5.226	0.20450079
5.227	0.20449626
5.228	0.20449173
5.229	0.20448719
5.230	0.20448265
5.231	0.20447811
5.232	0.20447356
5.233	0.20446900
5.234	0.20446444
5.235	0.20445988
5.236	0.20445531
5.237	0.20445073
5.238	0.20444615
5.239	0.20444157
5.240	0.20443698
5.241	0.20443239
5.242	0.20442779
5.243	0.20442319
5.244	0.20441858
5.245	0.20441397
5.246	0.20440936
5.247	0.20440474
5.248	0.20440011
5.249	0.20439548
5.250	0.20439085
5.251	0.20438621
5.252	0.20438157
5.253	0.20437693
5.254	0.20437227
5.255	0.20436762
5.256	0.20436296
5.257	0.20435830
5.258	0.20435363
5.259	0.20434895
5.260	0.20434428
5.261	0.20433959
5.262	0.20433491
5.263	0.20433022
5.264	0.20432552
5.265	0.20432083
5.266	0.20431612
5.267	0.20431141
5.268	0.20430670
5.269	0.20430199
5.270	0.20429727
5.271	0.20429254
5.272	0.20428781
5.273	0.20428308
5.274	0.20427834
5.275	0.20427360
5.276	0.20426886
5.277	0.20426411
5.278	0.20425935
5.279	0.20425460
5.280	0.20424983
5.281	0.20424507
5.282	0.20424030
5.283	0.20423552
5.284	0.20423074
5.285	0.20422596
5.286	0.20422118
5.287	0.20421638
5.288	0.20421159
5.289	0.20420679
5.290	0.20420199
5.291	0.20419718
5.292	0.20419237
5.293	0.20418756
5.294	0.20418274
5.295	0.20417792
5.296	0.20417309
5.297	0.20416826
5.298	0.20416342
5.299	0.20415859
5.300	0.20415374
5.301	0.20414890
5.302	0.20414405
5.303	0.20413920
5.304	0.20413434
5.305	0.20412948
5.306	0.20412461
5.307	0.20411974
5.308	0.20411487
5.309	0.20410999
5.310	0.20410511
5.311	0.20410023
5.312	0.20409534
5.313	0.20409045
5.314	0.20408556
5.315	0.20408066
5.316	0.20407575
5.317	0.20407085
5.318	0.20406594
5.319	0.20406102
5.320	0.20405611
5.321	0.20405119
5.322	0.20404626
5.323	0.20404133
5.324	0.20403640
5.325	0.20403147
5.326	0.20402653
5.327	0.20402159
5.328	0.20401664
5.329	0.20401169
5.330	0.20400674
5.331	0.20400178
5.332	0.20399682
5.333	0.20399186
5.334	0.20398689
5.335	0.20398192
5.336	0.20397694
5.337	0.20397197
5.338	0.20396698
5.339	0.20396200
5.340	0.20395701
5.341	0.20395202
5.342	0.20394703
5.343	0.20394203
5.344	0.20393703
5.345	0.20393202
5.346	0.20392701
5.347	0.20392200
5.348	0.20391699
5.349	0.20391197
5.350	0.20390695
5.351	0.20390192
5.352	0.20389689
5.353	0.20389186
5.354	0.20388683
5.355	0.20388179
5.356	0.20387675
5.357	0.20387170
5.358	0.20386665
5.359	0.20386160
5.360	0.20385655
5.361	0.20385149
5.362	0.20384643
5.363	0.20384137
5.364	0.20383630
5.365	0.20383123
5.366	0.20382616
5.367	0.20382108
5.368	0.20381600
5.369	0.20381092
5.370	0.20380583
5.371	0.20380074
5.372	0.20379565
5.373	0.20379056
5.374	0.20378546
5.375	0.20378036
5.376	0.20377525
5.377	0.20377015
5.378	0.20376504
5.379	0.20375992
5.380	0.20375481
5.381	0.20374969
5.382	0.20374456
5.383	0.20373944
5.384	0.20373431
5.385	0.20372918
5.386	0.20372405
5.387	0.20371891
5.388	0.20371377
5.389	0.20370863
5.390	0.20370348
5.391	0.20369833
5.392	0.20369318
5.393	0.20368803
5.394	0.20368287
5.395	0.20367771
5.396	0.20367255
5.397	0.20366738
5.398	0.20366221
5.399	0.20365704
5.400	0.20365187
5.401	0.20364669
5.402	0.20364151
5.403	0.20363633
5.404	0.20363115
5.405	0.20362596
5.406	0.20362077
5.407	0.20361558
5.408	0.20361038
5.409	0.20360518
5.410	0.20359998
5.411	0.20359478
5.412	0.20358957
5.413	0.20358436
5.414	0.20357915
5.415	0.20357393
5.416	0.20356872
5.417	0.20356350
5.418	0.20355828
5.419	0.20355305
5.420	0.20354782
5.421	0.20354259
5.422	0.20353736
5.423	0.20353213
5.424	0.20352689
5.425	0.20352165
5.426	0.20351641
5.427	0.20351116
5.428	0.20350591
5.429	0.20350066
5.430	0.20349541
5.431	0.20349016
5.432	0.20348490
5.433	0.20347964
5.434	0.20347438
5.435	0.20346911
5.436	0.20346384
5.437	0.20345857
5.438	0.20345330
5.439	0.20344803
5.440	0.20344275
5.441	0.20343747
5.442	0.20343219
5.443	0.20342691
5.444	0.20342162
5.445	0.20341633
5.446	0.20341104
5.447	0.20340575
5.448	0.20340045
5.449	0.20339515
5.450	0.20338985
5.451	0.20338455
5.452	0.20337924
5.453	0.20337394
5.454	0.20336863
5.455	0.20336332
5.456	0.20335800
5.457	0.20335269
5.458	0.20334737
5.459	0.20334205
5.460	0.20333672
5.461	0.20333140
5.462	0.20332607
5.463	0.20332074
5.464	0.20331541
5.465	0.20331008
5.466	0.20330474
5.467	0.20329940
5.468	0.20329406
5.469	0.20328872
5.470	0.20328338
5.471	0.20327803
5.472	0.20327268
5.473	0.20326733
5.474	0.20326198
5.475	0.20325662
5.476	0.20325127
5.477	0.20324591
5.478	0.20324055
5.479	0.20323518
5.480	0.20322982
5.481	0.20322445
5.482	0.20321908
5.483	0.20321371
5.484	0.20320834
5.485	0.20320297
5.486	0.20319759
5.487	0.20319221
5.488	0.20318683
5.489	0.20318145
5.490	0.20317606
5.491	0.20317068
5.492	0.20316529
5.493	0.20315990
5.494	0.20315450
5.495	0.20314911
5.496	0.20314371
5.497	0.20313832
5.498	0.20313292
5.499	0.20312751
5.500	0.20312211
5.501	0.20311671
5.502	0.20311130
5.503	0.20310589
5.504	0.20310048
5.505	0.20309507
5.506	0.20308965
5.507	0.20308424
5.508	0.20307882
5.509	0.20307340
5.510	0.20306798
5.511	0.20306255
5.512	0.20305713
5.513	0.20305170
5.514	0.20304627
5.515	0.20304084
5.516	0.20303541
5.517	0.20302998
5.518	0.20302454
5.519	0.20301911
5.520	0.20301367
5.521	0.20300823
5.522	0.20300279
5.523	0.20299734
5.524	0.20299190
5.525	0.20298645
5.526	0.20298100
5.527	0.20297555
5.528	0.20297010
5.529	0.20296465
5.530	0.20295920
5.531	0.20295374
5.532	0.20294828
5.533	0.20294282
5.534	0.20293736
5.535	0.20293190
5.536	0.20292644
5.537	0.20292097
5.538	0.20291550
5.539	0.20291003
5.540	0.20290456
5.541	0.20289909
5.542	0.20289362
5.543	0.20288815
5.544	0.20288267
5.545	0.20287719
5.546	0.20287171
5.547	0.20286623
5.548	0.20286075
5.549	0.20285527
5.550	0.20284978
5.551	0.20284430
5.552	0.20283881
5.553	0.20283332
5.554	0.20282783
5.555	0.20282234
5.556	0.20281685
5.557	0.20281135
5.558	0.20280586
5.559	0.20280036
5.560	0.20279486
5.561	0.20278936
5.562	0.20278386
5.563	0.20277836
5.564	0.20277286
5.565	0.20276735
5.566	0.20276185
5.567	0.20275634
5.568	0.20275083
5.569	0.20274532
5.570	0.20273981
5.571	0.20273430
5.572	0.20272878
5.573	0.20272327
5.574	0.20271775
5.575	0.20271224
5.576	0.20270672
5.577	0.20270120
5.578	0.20269568
5.579	0.20269016
5.580	0.20268463
5.581	0.20267911
5.582	0.20267358
5.583	0.20266806
5.584	0.20266253
5.585	0.20265700
5.586	0.20265147
5.587	0.20264594
5.588	0.20264041
5.589	0.20263488
5.590	0.20262934
5.591	0.20262381
5.592	0.20261827
5.593	0.20261274
5.594	0.20260720
5.595	0.20260166
5.596	0.20259612
5.597	0.20259058
5.598	0.20258503
5.599	0.20257949
5.600	0.20257395
5.601	0.20256840
5.602	0.20256286
5.603	0.20255731
5.604	0.20255176
5.605	0.20254621
5.606	0.20254066
5.607	0.20253511
5.608	0.20252956
5.609	0.20252401
5.610	0.20251845
5.611	0.20251290
5.612	0.20250734
5.613	0.20250179
5.614	0.20249623
5.615	0.20249067
5.616	0.20248511
5.617	0.20247955
5.618	0.20247399
5.619	0.20246843
5.620	0.20246287
5.621	0.20245731
5.622	0.20245174
5.623	0.20244618
5.624	0.20244061
5.625	0.20243505
5.626	0.20242948
5.627	0.20242391
5.628	0.20241834
5.629	0.20241277
5.630	0.20240720
5.631	0.20240163
5.632	0.20239606
5.633	0.20239049
5.634	0.20238492
5.635	0.20237934
5.636	0.20237377
5.637	0.20236820
5.638	0.20236262
5.639	0.20235704
5.640	0.20235147
5.641	0.20234589
5.642	0.20234031
5.643	0.20233473
5.644	0.20232915
5.645	0.20232357
5.646	0.20231799
5.647	0.20231241
5.648	0.20230683
5.649	0.20230124
5.650	0.20229566
5.651	0.20229008
5.652	0.20228449
5.653	0.20227891
5.654	0.20227332
5.655	0.20226774
5.656	0.20226215
5.657	0.20225656
5.658	0.20225098
5.659	0.20224539
5.660	0.20223980
5.661	0.20223421
5.662	0.20222862
5.663	0.20222303
5.664	0.20221744
5.665	0.20221185
5.666	0.20220626
5.667	0.20220067
5.668	0.20219507
5.669	0.20218948
5.670	0.20218389
5.671	0.20217829
5.672	0.20217270
5.673	0.20216710
5.674	0.20216151
5.675	0.20215591
5.676	0.20215032
5.677	0.20214472
5.678	0.20213913
5.679	0.20213353
5.680	0.20212793
5.681	0.20212233
5.682	0.20211674
5.683	0.20211114
5.684	0.20210554
5.685	0.20209994
5.686	0.20209434
5.687	0.20208874
5.688	0.20208314
5.689	0.20207754
5.690	0.20207194
5.691	0.20206634
5.692	0.20206074
5.693	0.20205514
5.694	0.20204954
5.695	0.20204394
5.696	0.20203833
5.697	0.20203273
5.698	0.20202713
5.699	0.20202153
5.700	0.20201593
5.701	0.20201032
5.702	0.20200472
5.703	0.20199912
5.704	0.20199351
5.705	0.20198791
5.706	0.20198230
5.707	0.20197670
5.708	0.20197110
5.709	0.20196549
5.710	0.20195989
5.711	0.20195428
5.712	0.20194868
5.713	0.20194307
5.714	0.20193747
5.715	0.20193186
5.716	0.20192626
5.717	0.20192065
5.718	0.20191504
5.719	0.20190944
5.720	0.20190383
5.721	0.20189823
5.722	0.20189262
5.723	0.20188701
5.724	0.20188141
5.725	0.20187580
5.726	0.20187019
5.727	0.20186459
5.728	0.20185898
5.729	0.20185337
5.730	0.20184777
5.731	0.20184216
5.732	0.20183655
5.733	0.20183095
5.734	0.20182534
5.735	0.20181973
5.736	0.20181413
5.737	0.20180852
5.738	0.20180291
5.739	0.20179731
5.740	0.20179170
5.741	0.20178609
5.742	0.20178049
5.743	0.20177488
5.744	0.20176927
5.745	0.20176367
5.746	0.20175806
5.747	0.20175245
5.748	0.20174685
5.749	0.20174124
5.750	0.20173564
5.751	0.20173003
5.752	0.20172442
5.753	0.20171882
5.754	0.20171321
5.755	0.20170761
5.756	0.20170200
5.757	0.20169639
5.758	0.20169079
5.759	0.20168518
5.760	0.20167958
5.761	0.20167397
5.762	0.20166837
5.763	0.20166277
5.764	0.20165716
5.765	0.20165156
5.766	0.20164595
5.767	0.20164035
5.768	0.20163475
5.769	0.20162914
5.770	0.20162354
5.771	0.20161794
5.772	0.20161233
5.773	0.20160673
5.774	0.20160113
5.775	0.20159553
5.776	0.20158992
5.777	0.20158432
5.778	0.20157872
5.779	0.20157312
5.780	0.20156752
5.781	0.20156192
5.782	0.20155632
5.783	0.20155072
5.784	0.20154512
5.785	0.20153952
5.786	0.20153392
5.787	0.20152832
5.788	0.20152272
5.789	0.20151712
5.790	0.20151153
5.791	0.20150593
5.792	0.20150033
5.793	0.20149473
5.794	0.20148914
5.795	0.20148354
5.796	0.20147794
5.797	0.20147235
5.798	0.20146675
5.799	0.20146116
5.800	0.20145556
5.801	0.20144997
5.802	0.20144438
5.803	0.20143878
5.804	0.20143319
5.805	0.20142760
5.806	0.20142200
5.807	0.20141641
5.808	0.20141082
5.809	0.20140523
5.810	0.20139964
5.811	0.20139405
5.812	0.20138846
5.813	0.20138287
5.814	0.20137728
5.815	0.20137169
5.816	0.20136610
5.817	0.20136052
5.818	0.20135493
5.819	0.20134934
5.820	0.20134376
5.821	0.20133817
5.822	0.20133258
5.823	0.20132700
5.824	0.20132142
5.825	0.20131583
5.826	0.20131025
5.827	0.20130467
5.828	0.20129908
5.829	0.20129350
5.830	0.20128792
5.831	0.20128234
5.832	0.20127676
5.833	0.20127118
5.834	0.20126560
5.835	0.20126002
5.836	0.20125444
5.837	0.20124887
5.838	0.20124329
5.839	0.20123771
5.840	0.20123214
5.841	0.20122656
5.842	0.20122099
5.843	0.20121541
5.844	0.20120984
5.845	0.20120427
5.846	0.20119869
5.847	0.20119312
5.848	0.20118755
5.849	0.20118198
5.850	0.20117641
5.851	0.20117084
5.852	0.20116528
5.853	0.20115971
5.854	0.20115414
5.855	0.20114857
5.856	0.20114301
5.857	0.20113744
5.858	0.20113188
5.859	0.20112632
5.860	0.20112075
5.861	0.20111519
5.862	0.20110963
5.863	0.20110407
5.864	0.20109851
5.865	0.20109295
5.866	0.20108739
5.867	0.20108184
5.868	0.20107628
5.869	0.20107072
5.870	0.20106517
5.871	0.20105961
5.872	0.20105406
5.873	0.20104851
5.874	0.20104296
5.875	0.20103740
5.876	0.20103185
5.877	0.20102630
5.878	0.20102076
5.879	0.20101521
5.880	0.20100966
5.881	0.20100411
5.882	0.20099857
5.883	0.20099302
5.884	0.20098748
5.885	0.20098194
5.886	0.20097640
5.887	0.20097085
5.888	0.20096531
5.889	0.20095977
5.890	0.20095424
5.891	0.20094870
5.892	0.20094316
5.893	0.20093762
5.894	0.20093209
5.895	0.20092656
5.896	0.20092102
5.897	0.20091549
5.898	0.20090996
5.899	0.20090443
5.900	0.20089890
5.901	0.20089337
5.902	0.20088784
5.903	0.20088232
5.904	0.20087679
5.905	0.20087126
5.906	0.20086574
5.907	0.20086022
5.908	0.20085470
5.909	0.20084917
5.910	0.20084366
5.911	0.20083814
5.912	0.20083262
5.913	0.20082710
5.914	0.20082159
5.915	0.20081607
5.916	0.20081056
5.917	0.20080504
5.918	0.20079953
5.919	0.20079402
5.920	0.20078851
5.921	0.20078300
5.922	0.20077749
5.923	0.20077199
5.924	0.20076648
5.925	0.20076098
5.926	0.20075547
5.927	0.20074997
5.928	0.20074447
5.929	0.20073897
5.930	0.20073347
5.931	0.20072797
5.932	0.20072248
5.933	0.20071698
5.934	0.20071149
5.935	0.20070599
5.936	0.20070050
5.937	0.20069501
5.938	0.20068952
5.939	0.20068403
5.940	0.20067854
5.941	0.20067305
5.942	0.20066757
5.943	0.20066208
5.944	0.20065660
5.945	0.20065112
5.946	0.20064564
5.947	0.20064016
5.948	0.20063468
5.949	0.20062920
5.950	0.20062373
5.951	0.20061825
5.952	0.20061278
5.953	0.20060731
5.954	0.20060183
5.955	0.20059636
5.956	0.20059090
5.957	0.20058543
5.958	0.20057996
5.959	0.20057450
5.960	0.20056903
5.961	0.20056357
5.962	0.20055811
5.963	0.20055265
5.964	0.20054719
5.965	0.20054173
5.966	0.20053628
5.967	0.20053082
5.968	0.20052537
5.969	0.20051992
5.970	0.20051447
5.971	0.20050902
5.972	0.20050357
5.973	0.20049812
5.974	0.20049267
5.975	0.20048723
5.976	0.20048179
5.977	0.20047635
5.978	0.20047090
5.979	0.20046547
5.980	0.20046003
5.981	0.20045459
5.982	0.20044916
5.983	0.20044372
5.984	0.20043829
5.985	0.20043286
5.986	0.20042743
5.987	0.20042200
5.988	0.20041657
5.989	0.20041115
5.990	0.20040572
5.991	0.20040030
5.992	0.20039488
5.993	0.20038946
5.994	0.20038404
5.995	0.20037862
5.996	0.20037321
5.997	0.20036779
5.998	0.20036238
5.999	0.20035696
6.000	0.20035155
6.001	0.20034615
6.002	0.20034074
6.003	0.20033533
6.004	0.20032993
6.005	0.20032452
6.006	0.20031912
6.007	0.20031372
6.008	0.20030832
6.009	0.20030292
6.010	0.20029753
6.011	0.20029213
6.012	0.20028674
6.013	0.20028135
6.014	0.20027596
6.015	0.20027057
6.016	0.20026518
6.017	0.20025979
6.018	0.20025441
6.019	0.20024903
6.020	0.20024364
6.021	0.20023826
6.022	0.20023288
6.023	0.20022751
6.024	0.20022213
6.025	0.20021676
6.026	0.20021138
6.027	0.20020601
6.028	0.20020064
6.029	0.20019528
6.030	0.20018991
6.031	0.20018454
6.032	0.20017918
6.033	0.20017382
6.034	0.20016846
6.035	0.20016310
6.036	0.20015774
6.037	0.20015238
6.038	0.20014703
6.039	0.20014168
6.040	0.20013633
6.041	0.20013098
6.042	0.20012563
6.043	0.20012028
6.044	0.20011494
6.045	0.20010959
6.046	0.20010425
6.047	0.20009891
6.048	0.20009357
6.049	0.20008824
6.050	0.20008290
6.051	0.20007757
6.052	0.20007223
6.053	0.20006690
6.054	0.20006157
6.055	0.20005625
6.056	0.20005092
6.057	0.20004560
6.058	0.20004027
6.059	0.20003495
6.060	0.20002963
6.061	0.20002432
6.062	0.20001900
6.063	0.20001369
6.064	0.20000837
6.065	0.20000306
6.066	0.19999775
6.067	0.19999244
6.068	0.19998714
6.069	0.19998183
6.070	0.19997653
6.071	0.19997123
6.072	0.19996593
6.073	0.19996063
6.074	0.19995533
6.075	0.19995004
6.076	0.19994475
6.077	0.19993946
6.078	0.19993417
6.079	0.19992888
6.080	0.19992359
6.081	0.19991831
6.082	0.19991303
6.083	0.19990774
6.084	0.19990246
6.085	0.19989719
6.086	0.19989191
6.087	0.19988664
6.088	0.19988136
6.089	0.19987609
6.090	0.19987082
6.091	0.19986556
6.092	0.19986029
6.093	0.19985503
6.094	0.19984977
6.095	0.19984451
6.096	0.19983925
6.097	0.19983399
6.098	0.19982873
6.099	0.19982348
6.100	0.19981823
6.101	0.19981298
6.102	0.19980773
6.103	0.19980248
6.104	0.19979724
6.105	0.19979200
6.106	0.19978676
6.107	0.19978152
6.108	0.19977628
6.109	0.19977104
6.110	0.19976581
6.111	0.19976058
6.112	0.19975535
6.113	0.19975012
6.114	0.19974489
6.115	0.19973967
6.116	0.19973444
6.117	0.19972922
6.118	0.19972400
6.119	0.19971878
6.120	0.19971357
6.121	0.19970835
6.122	0.19970314
6.123	0.19969793
6.124	0.19969272
6.125	0.19968752
6.126	0.19968231
6.127	0.19967711
6.128	0.19967191
6.129	0.19966671
6.130	0.19966151
6.131	0.19965632
6.132	0.19965112
6.133	0.19964593
6.134	0.19964074
6.135	0.19963555
6.136	0.19963037
6.137	0.19962518
6.138	0.19962000
6.139	0.19961482
6.140	0.19960964
6.141	0.19960447
6.142	0.19959929
6.143	0.19959412
6.144	0.19958895
6.145	0.19958378
6.146	0.19957861
6.147	0.19957345
6.148	0.19956828
6.149	0.19956312
6.150	0.19955796
6.151	0.19955281
6.152	0.19954765
6.153	0.19954250
6.154	0.19953734
6.155	0.19953220
6.156	0.19952705
6.157	0.19952190
6.158	0.19951676
6.159	0.19951162
6.160	0.19950648
6.161	0.19950134
6.162	0.19949620
6.163	0.19949107
6.164	0.19948594
6.165	0.19948081
6.166	0.19947568
6.167	0.19947055
6.168	0.19946543
6.169	0.19946031
6.170	0.19945519
6.171	0.19945007
6.172	0.19944495
6.173	0.19943984
6.174	0.19943473
6.175	0.19942962
6.176	0.19942451
6.177	0.19941940
6.178	0.19941430
6.179	0.19940920
6.180	0.19940410
6.181	0.19939900
6.182	0.19939390
6.183	0.19938881
6.184	0.19938372
6.185	0.19937863
6.186	0.19937354
6.187	0.19936845
6.188	0.19936337
6.189	0.19935829
6.190	0.19935321
6.191	0.19934813
6.192	0.19934306
6.193	0.19933798
6.194	0.19933291
6.195	0.19932784
6.196	0.19932277
6.197	0.19931771
6.198	0.19931265
6.199	0.19930758
6.200	0.19930253
6.201	0.19929747
6.202	0.19929241
6.203	0.19928736
6.204	0.19928231
6.205	0.19927726
6.206	0.19927222
6.207	0.19926717
6.208	0.19926213
6.209	0.19925709
6.210	0.19925205
6.211	0.19924702
6.212	0.19924198
6.213	0.19923695
6.214	0.19923192
6.215	0.19922689
6.216	0.19922187
6.217	0.19921684
6.218	0.19921182
6.219	0.19920680
6.220	0.19920179
6.221	0.19919677
6.222	0.19919176
6.223	0.19918675
6.224	0.19918174
6.225	0.19917674
6.226	0.19917173
6.227	0.19916673
6.228	0.19916173
6.229	0.19915673
6.230	0.19915174
6.231	0.19914675
6.232	0.19914175
6.233	0.19913677
6.234	0.19913178
6.235	0.19912679
6.236	0.19912181
6.237	0.19911683
6.238	0.19911185
6.239	0.19910688
6.240	0.19910191
6.241	0.19909693
6.242	0.19909197
6.243	0.19908700
6.244	0.19908203
6.245	0.19907707
6.246	0.19907211
6.247	0.19906715
6.248	0.19906220
6.249	0.19905724
6.250	0.19905229
6.251	0.19904734
6.252	0.19904240
6.253	0.19903745
6.254	0.19903251
6.255	0.19902757
6.256	0.19902263
6.257	0.19901769
6.258	0.19901276
6.259	0.19900783
6.260	0.19900290
6.261	0.19899797
6.262	0.19899305
6.263	0.19898813
6.264	0.19898320
6.265	0.19897829
6.266	0.19897337
6.267	0.19896846
6.268	0.19896355
6.269	0.19895864
6.270	0.19895373
6.271	0.19894883
6.272	0.19894392
6.273	0.19893902
6.274	0.19893413
6.275	0.19892923
6.276	0.19892434
6.277	0.19891945
6.278	0.19891456
6.279	0.19890967
6.280	0.19890479
6.281	0.19889990
6.282	0.19889503
6.283	0.19889015
6.284	0.19888527
6.285	0.19888040
6.286	0.19887553
6.287	0.19887066
6.288	0.19886580
6.289	0.19886093
6.290	0.19885607
6.291	0.19885121
6.292	0.19884635
6.293	0.19884150
6.294	0.19883665
6.295	0.19883180
6.296	0.19882695
6.297	0.19882211
6.298	0.19881726
6.299	0.19881242
6.300	0.19880758
6.301	0.19880275
6.302	0.19879791
6.303	0.19879308
6.304	0.19878825
6.305	0.19878343
6.306	0.19877860
6.307	0.19877378
6.308	0.19876896
6.309	0.19876414
6.310	0.19875933
6.311	0.19875452
6.312	0.19874971
6.313	0.19874490
6.314	0.19874009
6.315	0.19873529
6.316	0.19873049
6.317	0.19872569
6.318	0.19872089
6.319	0.19871610
6.320	0.19871131
6.321	0.19870652
6.322	0.19870173
6.323	0.19869695
6.324	0.19869217
6.325	0.19868739
6.326	0.19868261
6.327	0.19867784
6.328	0.19867306
6.329	0.19866829
6.330	0.19866352
6.331	0.19865876
6.332	0.19865400
6.333	0.19864924
6.334	0.19864448
6.335	0.19863972
6.336	0.19863497
6.337	0.19863022
6.338	0.19862547
6.339	0.19862072
6.340	0.19861598
6.341	0.19861124
6.342	0.19860650
6.343	0.19860176
6.344	0.19859703
6.345	0.19859229
6.346	0.19858756
6.347	0.19858284
6.348	0.19857811
6.349	0.19857339
6.350	0.19856867
6.351	0.19856395
6.352	0.19855924
6.353	0.19855453
6.354	0.19854981
6.355	0.19854511
6.356	0.19854040
6.357	0.19853570
6.358	0.19853100
6.359	0.19852630
6.360	0.19852160
6.361	0.19851691
6.362	0.19851222
6.363	0.19850753
6.364	0.19850285
6.365	0.19849816
6.366	0.19849348
6.367	0.19848880
6.368	0.19848413
6.369	0.19847945
6.370	0.19847478
6.371	0.19847011
6.372	0.19846545
6.373	0.19846078
6.374	0.19845612
6.375	0.19845146
6.376	0.19844680
6.377	0.19844215
6.378	0.19843750
6.379	0.19843285
6.380	0.19842820
6.381	0.19842356
6.382	0.19841892
6.383	0.19841428
6.384	0.19840964
6.385	0.19840500
6.386	0.19840037
6.387	0.19839574
6.388	0.19839112
6.389	0.19838649
6.390	0.19838187
6.391	0.19837725
6.392	0.19837263
6.393	0.19836802
6.394	0.19836340
6.395	0.19835880
6.396	0.19835419
6.397	0.19834958
6.398	0.19834498
6.399	0.19834038
6.400	0.19833578
6.401	0.19833119
6.402	0.19832660
6.403	0.19832201
6.404	0.19831742
6.405	0.19831283
6.406	0.19830825
6.407	0.19830367
6.408	0.19829910
6.409	0.19829452
6.410	0.19828995
6.411	0.19828538
6.412	0.19828081
6.413	0.19827625
6.414	0.19827168
6.415	0.19826712
6.416	0.19826257
6.417	0.19825801
6.418	0.19825346
6.419	0.19824891
6.420	0.19824436
6.421	0.19823982
6.422	0.19823528
6.423	0.19823074
6.424	0.19822620
6.425	0.19822167
6.426	0.19821713
6.427	0.19821260
6.428	0.19820808
6.429	0.19820355
6.430	0.19819903
6.431	0.19819451
6.432	0.19819000
6.433	0.19818548
6.434	0.19818097
6.435	0.19817646
6.436	0.19817195
6.437	0.19816745
6.438	0.19816295
6.439	0.19815845
6.440	0.19815395
6.441	0.19814946
6.442	0.19814497
6.443	0.19814048
6.444	0.19813599
6.445	0.19813151
6.446	0.19812703
6.447	0.19812255
6.448	0.19811808
6.449	0.19811360
6.450	0.19810913
6.451	0.19810466
6.452	0.19810020
6.453	0.19809573
6.454	0.19809127
6.455	0.19808682
6.456	0.19808236
6.457	0.19807791
6.458	0.19807346
6.459	0.19806901
6.460	0.19806456
6.461	0.19806012
6.462	0.19805568
6.463	0.19805125
6.464	0.19804681
6.465	0.19804238
6.466	0.19803795
6.467	0.19803352
6.468	0.19802910
6.469	0.19802468
6.470	0.19802026
6.471	0.19801584
6.472	0.19801143
6.473	0.19800701
6.474	0.19800261
6.475	0.19799820
6.476	0.19799380
6.477	0.19798939
6.478	0.19798500
6.479	0.19798060
6.480	0.19797621
6.481	0.19797182
6.482	0.19796743
6.483	0.19796304
6.484	0.19795866
6.485	0.19795428
6.486	0.19794990
6.487	0.19794553
6.488	0.19794116
6.489	0.19793679
6.490	0.19793242
6.491	0.19792805
6.492	0.19792369
6.493	0.19791933
6.494	0.19791498
6.495	0.19791062
6.496	0.19790627
6.497	0.19790192
6.498	0.19789758
6.499	0.19789323
6.500	0.19788889
6.501	0.19788455
6.502	0.19788022
6.503	0.19787588
6.504	0.19787155
6.505	0.19786723
6.506	0.19786290
6.507	0.19785858
6.508	0.19785426
6.509	0.19784994
6.510	0.19784563
6.511	0.19784131
6.512	0.19783700
6.513	0.19783270
6.514	0.19782839
6.515	0.19782409
6.516	0.19781979
6.517	0.19781550
6.518	0.19781120
6.519	0.19780691
6.520	0.19780262
6.521	0.19779834
6.522	0.19779406
6.523	0.19778977
6.524	0.19778550
6.525	0.19778122
6.526	0.19777695
6.527	0.19777268
6.528	0.19776841
6.529	0.19776415
6.530	0.19775989
6.531	0.19775563
6.532	0.19775137
6.533	0.19774712
6.534	0.19774287
6.535	0.19773862
6.536	0.19773437
6.537	0.19773013
6.538	0.19772589
6.539	0.19772165
6.540	0.19771741
6.541	0.19771318
6.542	0.19770895
6.543	0.19770473
6.544	0.19770050
6.545	0.19769628
6.546	0.19769206
6.547	0.19768784
6.548	0.19768363
6.549	0.19767942
6.550	0.19767521
6.551	0.19767100
6.552	0.19766680
6.553	0.19766260
6.554	0.19765840
6.555	0.19765421
6.556	0.19765002
6.557	0.19764583
6.558	0.19764164
6.559	0.19763745
6.560	0.19763327
6.561	0.19762909
6.562	0.19762492
6.563	0.19762074
6.564	0.19761657
6.565	0.19761240
6.566	0.19760824
6.567	0.19760408
6.568	0.19759991
6.569	0.19759576
6.570	0.19759160
6.571	0.19758745
6.572	0.19758330
6.573	0.19757915
6.574	0.19757501
6.575	0.19757087
6.576	0.19756673
6.577	0.19756259
6.578	0.19755846
6.579	0.19755433
6.580	0.19755020
6.581	0.19754608
6.582	0.19754195
6.583	0.19753783
6.584	0.19753372
6.585	0.19752960
6.586	0.19752549
6.587	0.19752138
6.588	0.19751728
6.589	0.19751317
6.590	0.19750907
6.591	0.19750497
6.592	0.19750088
6.593	0.19749679
6.594	0.19749269
6.595	0.19748861
6.596	0.19748452
6.597	0.19748044
6.598	0.19747636
6.599	0.19747229
6.600	0.19746821
6.601	0.19746414
6.602	0.19746007
6.603	0.19745601
6.604	0.19745194
6.605	0.19744788
6.606	0.19744383
6.607	0.19743977
6.608	0.19743572
6.609	0.19743167
6.610	0.19742762
6.611	0.19742358
6.612	0.19741954
6.613	0.19741550
6.614	0.19741146
6.615	0.19740743
6.616	0.19740340
6.617	0.19739937
6.618	0.19739535
6.619	0.19739133
6.620	0.19738731
6.621	0.19738329
6.622	0.19737928
6.623	0.19737526
6.624	0.19737126
6.625	0.19736725
6.626	0.19736325
6.627	0.19735925
6.628	0.19735525
6.629	0.19735125
6.630	0.19734726
6.631	0.19734327
6.632	0.19733929
6.633	0.19733530
6.634	0.19733132
6.635	0.19732734
6.636	0.19732337
6.637	0.19731939
6.638	0.19731542
6.639	0.19731146
6.640	0.19730749
6.641	0.19730353
6.642	0.19729957
6.643	0.19729561
6.644	0.19729166
6.645	0.19728771
6.646	0.19728376
6.647	0.19727982
6.648	0.19727587
6.649	0.19727193
6.650	0.19726800
6.651	0.19726406
6.652	0.19726013
6.653	0.19725620
6.654	0.19725227
6.655	0.19724835
6.656	0.19724443
6.657	0.19724051
6.658	0.19723660
6.659	0.19723268
6.660	0.19722877
6.661	0.19722487
6.662	0.19722096
6.663	0.19721706
6.664	0.19721316
6.665	0.19720927
6.666	0.19720537
6.667	0.19720148
6.668	0.19719759
6.669	0.19719371
6.670	0.19718983
6.671	0.19718595
6.672	0.19718207
6.673	0.19717820
6.674	0.19717432
6.675	0.19717046
6.676	0.19716659
6.677	0.19716273
6.678	0.19715887
6.679	0.19715501
6.680	0.19715115
6.681	0.19714730
6.682	0.19714345
6.683	0.19713961
6.684	0.19713576
6.685	0.19713192
6.686	0.19712808
6.687	0.19712425
6.688	0.19712041
6.689	0.19711658
6.690	0.19711276
6.691	0.19710893
6.692	0.19710511
6.693	0.19710129
6.694	0.19709747
6.695	0.19709366
6.696	0.19708985
6.697	0.19708604
6.698	0.19708223
6.699	0.19707843
6.700	0.19707463
6.701	0.19707083
6.702	0.19706704
6.703	0.19706325
6.704	0.19705946
6.705	0.19705567
6.706	0.19705189
6.707	0.19704811
6.708	0.19704433
6.709	0.19704056
6.710	0.19703678
6.711	0.19703301
6.712	0.19702925
6.713	0.19702548
6.714	0.19702172
6.715	0.19701796
6.716	0.19701421
6.717	0.19701045
6.718	0.19700670
6.719	0.19700295
6.720	0.19699921
6.721	0.19699547
6.722	0.19699173
6.723	0.19698799
6.724	0.19698426
6.725	0.19698052
6.726	0.19697680
6.727	0.19697307
6.728	0.19696935
6.729	0.19696563
6.730	0.19696191
6.731	0.19695819
6.732	0.19695448
6.733	0.19695077
6.734	0.19694707
6.735	0.19694336
6.736	0.19693966
6.737	0.19693596
6.738	0.19693227
6.739	0.19692857
6.740	0.19692488
6.741	0.19692120
6.742	0.19691751
6.743	0.19691383
6.744	0.19691015
6.745	0.19690647
6.746	0.19690280
6.747	0.19689913
6.748	0.19689546
6.749	0.19689179
6.750	0.19688813
6.751	0.19688447
6.752	0.19688081
6.753	0.19687716
6.754	0.19687351
6.755	0.19686986
6.756	0.19686621
6.757	0.19686257
6.758	0.19685893
6.759	0.19685529
6.760	0.19685165
6.761	0.19684802
6.762	0.19684439
6.763	0.19684077
6.764	0.19683714
6.765	0.19683352
6.766	0.19682990
6.767	0.19682628
6.768	0.19682267
6.769	0.19681906
6.770	0.19681545
6.771	0.19681185
6.772	0.19680824
6.773	0.19680464
6.774	0.19680105
6.775	0.19679745
6.776	0.19679386
6.777	0.19679027
6.778	0.19678669
6.779	0.19678310
6.780	0.19677952
6.781	0.19677594
6.782	0.19677237
6.783	0.19676880
6.784	0.19676523
6.785	0.19676166
6.786	0.19675809
6.787	0.19675453
6.788	0.19675097
6.789	0.19674742
6.790	0.19674386
6.791	0.19674031
6.792	0.19673676
6.793	0.19673322
6.794	0.19672968
6.795	0.19672614
6.796	0.19672260
6.797	0.19671907
6.798	0.19671553
6.799	0.19671200
6.800	0.19670848
6.801	0.19670496
6.802	0.19670143
6.803	0.19669792
6.804	0.19669440
6.805	0.19669089
6.806	0.19668738
6.807	0.19668387
6.808	0.19668037
6.809	0.19667687
6.810	0.19667337
6.811	0.19666987
6.812	0.19666638
6.813	0.19666289
6.814	0.19665940
6.815	0.19665591
6.816	0.19665243
6.817	0.19664895
6.818	0.19664548
6.819	0.19664200
6.820	0.19663853
6.821	0.19663506
6.822	0.19663160
6.823	0.19662813
6.824	0.19662467
6.825	0.19662121
6.826	0.19661776
6.827	0.19661431
6.828	0.19661086
6.829	0.19660741
6.830	0.19660397
6.831	0.19660053
6.832	0.19659709
6.833	0.19659365
6.834	0.19659022
6.835	0.19658679
6.836	0.19658336
6.837	0.19657994
6.838	0.19657651
6.839	0.19657310
6.840	0.19656968
6.841	0.19656626
6.842	0.19656285
6.843	0.19655945
6.844	0.19655604
6.845	0.19655264
6.846	0.19654924
6.847	0.19654584
6.848	0.19654245
6.849	0.19653905
6.850	0.19653566
6.851	0.19653228
6.852	0.19652889
6.853	0.19652551
6.854	0.19652214
6.855	0.19651876
6.856	0.19651539
6.857	0.19651202
6.858	0.19650865
6.859	0.19650529
6.860	0.19650193
6.861	0.19649857
6.862	0.19649521
6.863	0.19649186
6.864	0.19648851
6.865	0.19648516
6.866	0.19648181
6.867	0.19647847
6.868	0.19647513
6.869	0.19647180
6.870	0.19646846
6.871	0.19646513
6.872	0.19646180
6.873	0.19645848
6.874	0.19645515
6.875	0.19645183
6.876	0.19644851
6.877	0.19644520
6.878	0.19644189
6.879	0.19643858
6.880	0.19643527
6.881	0.19643197
6.882	0.19642867
6.883	0.19642537
6.884	0.19642207
6.885	0.19641878
6.886	0.19641549
6.887	0.19641220
6.888	0.19640892
6.889	0.19640564
6.890	0.19640236
6.891	0.19639908
6.892	0.19639581
6.893	0.19639254
6.894	0.19638927
6.895	0.19638600
6.896	0.19638274
6.897	0.19637948
6.898	0.19637622
6.899	0.19637297
6.900	0.19636972
6.901	0.19636647
6.902	0.19636322
6.903	0.19635998
6.904	0.19635674
6.905	0.19635350
6.906	0.19635027
6.907	0.19634704
6.908	0.19634381
6.909	0.19634058
6.910	0.19633736
6.911	0.19633413
6.912	0.19633092
6.913	0.19632770
6.914	0.19632449
6.915	0.19632128
6.916	0.19631807
6.917	0.19631487
6.918	0.19631166
6.919	0.19630846
6.920	0.19630527
6.921	0.19630207
6.922	0.19629888
6.923	0.19629570
6.924	0.19629251
6.925	0.19628933
6.926	0.19628615
6.927	0.19628297
6.928	0.19627980
6.929	0.19627663
6.930	0.19627346
6.931	0.19627029
6.932	0.19626713
6.933	0.19626397
6.934	0.19626081
6.935	0.19625766
6.936	0.19625450
6.937	0.19625135
6.938	0.19624821
6.939	0.19624506
6.940	0.19624192
6.941	0.19623878
6.942	0.19623565
6.943	0.19623252
6.944	0.19622938
6.945	0.19622626
6.946	0.19622313
6.947	0.19622001
6.948	0.19621689
6.949	0.19621377
6.950	0.19621066
6.951	0.19620755
6.952	0.19620444
6.953	0.19620134
6.954	0.19619823
6.955	0.19619513
6.956	0.19619203
6.957	0.19618894
6.958	0.19618585
6.959	0.19618276
6.960	0.19617967
6.961	0.19617659
6.962	0.19617351
6.963	0.19617043
6.964	0.19616735
6.965	0.19616428
6.966	0.19616121
6.967	0.19615814
6.968	0.19615508
6.969	0.19615201
6.970	0.19614895
6.971	0.19614590
6.972	0.19614284
6.973	0.19613979
6.974	0.19613674
6.975	0.19613370
6.976	0.19613065
6.977	0.19612761
6.978	0.19612457
6.979	0.19612154
6.980	0.19611851
6.981	0.19611548
6.982	0.19611245
6.983	0.19610942
6.984	0.19610640
6.985	0.19610338
6.986	0.19610037
6.987	0.19609735
6.988	0.19609434
6.989	0.19609133
6.990	0.19608833
6.991	0.19608532
6.992	0.19608232
6.993	0.19607933
6.994	0.19607633
6.995	0.19607334
6.996	0.19607035
6.997	0.19606736
6.998	0.19606438
6.999	0.19606140
7.000	0.19605842
7.001	0.19605544
7.002	0.19605247
7.003	0.19604950
7.004	0.19604653
7.005	0.19604356
7.006	0.19604060
7.007	0.19603764
7.008	0.19603468
7.009	0.19603173
7.010	0.19602878
7.011	0.19602583
7.012	0.19602288
7.013	0.19601994
7.014	0.19601699
7.015	0.19601406
7.016	0.19601112
7.017	0.19600819
7.018	0.19600525
7.019	0.19600233
7.020	0.19599940
7.021	0.19599648
7.022	0.19599356
7.023	0.19599064
7.024	0.19598773
7.025	0.19598481
7.026	0.19598190
7.027	0.19597900
7.028	0.19597609
7.029	0.19597319
7.030	0.19597029
7.031	0.19596739
7.032	0.19596450
7.033	0.19596161
7.034	0.19595872
7.035	0.19595583
7.036	0.19595295
7.037	0.19595007
7.038	0.19594719
7.039	0.19594432
7.040	0.19594144
7.041	0.19593857
7.042	0.19593571
7.043	0.19593284
7.044	0.19592998
7.045	0.19592712
7.046	0.19592426
7.047	0.19592141
7.048	0.19591856
7.049	0.19591571
7.050	0.19591286
7.051	0.19591002
7.052	0.19590717
7.053	0.19590434
7.054	0.19590150
7.055	0.19589867
7.056	0.19589583
7.057	0.19589301
7.058	0.19589018
7.059	0.19588736
7.060	0.19588454
7.061	0.19588172
7.062	0.19587890
7.063	0.19587609
7.064	0.19587328
7.065	0.19587047
7.066	0.19586767
7.067	0.19586486
7.068	0.19586206
7.069	0.19585927
7.070	0.19585647
7.071	0.19585368
7.072	0.19585089
7.073	0.19584810
7.074	0.19584532
7.075	0.19584254
7.076	0.19583976
7.077	0.19583698
7.078	0.19583421
7.079	0.19583143
7.080	0.19582866
7.081	0.19582590
7.082	0.19582313
7.083	0.19582037
7.084	0.19581762
7.085	0.19581486
7.086	0.19581211
7.087	0.19580936
7.088	0.19580661
7.089	0.19580386
7.090	0.19580112
7.091	0.19579838
7.092	0.19579564
7.093	0.19579291
7.094	0.19579017
7.095	0.19578744
7.096	0.19578472
7.097	0.19578199
7.098	0.19577927
7.099	0.19577655
7.100	0.19577383
7.101	0.19577112
7.102	0.19576841
7.103	0.19576570
7.104	0.19576299
7.105	0.19576029
7.106	0.19575758
7.107	0.19575489
7.108	0.19575219
7.109	0.19574950
7.110	0.19574680
7.111	0.19574412
7.112	0.19574143
7.113	0.19573875
7.114	0.19573607
7.115	0.19573339
7.116	0.19573071
7.117	0.19572804
7.118	0.19572537
7.119	0.19572270
7.120	0.19572004
7.121	0.19571737
7.122	0.19571471
7.123	0.19571206
7.124	0.19570940
7.125	0.19570675
7.126	0.19570410
7.127	0.19570145
7.128	0.19569881
7.129	0.19569616
7.130	0.19569352
7.131	0.19569089
7.132	0.19568825
7.133	0.19568562
7.134	0.19568299
7.135	0.19568037
7.136	0.19567774
7.137	0.19567512
7.138	0.19567250
7.139	0.19566988
7.140	0.19566727
7.141	0.19566466
7.142	0.19566205
7.143	0.19565944
7.144	0.19565684
7.145	0.19565424
7.146	0.19565164
7.147	0.19564904
7.148	0.19564645
7.149	0.19564386
7.150	0.19564127
7.151	0.19563869
7.152	0.19563610
7.153	0.19563352
7.154	0.19563094
7.155	0.19562837
7.156	0.19562580
7.157	0.19562323
7.158	0.19562066
7.159	0.19561809
7.160	0.19561553
7.161	0.19561297
7.162	0.19561041
7.163	0.19560786
7.164	0.19560530
7.165	0.19560275
7.166	0.19560021
7.167	0.19559766
7.168	0.19559512
7.169	0.19559258
7.170	0.19559004
7.171	0.19558751
7.172	0.19558498
7.173	0.19558245
7.174	0.19557992
7.175	0.19557740
7.176	0.19557487
7.177	0.19557235
7.178	0.19556984
7.179	0.19556732
7.180	0.19556481
7.181	0.19556230
7.182	0.19555980
7.183	0.19555729
7.184	0.19555479
7.185	0.19555229
7.186	0.19554980
7.187	0.19554730
7.188	0.19554481
7.189	0.19554232
7.190	0.19553984
7.191	0.19553735
7.192	0.19553487
7.193	0.19553239
7.194	0.19552992
7.195	0.19552744
7.196	0.19552497
7.197	0.19552250
7.198	0.19552004
7.199	0.19551757
7.200	0.19551511
7.201	0.19551265
7.202	0.19551020
7.203	0.19550775
7.204	0.19550529
7.205	0.19550285
7.206	0.19550040
7.207	0.19549796
7.208	0.19549552
7.209	0.19549308
7.210	0.19549064
7.211	0.19548821
7.212	0.19548578
7.213	0.19548335
7.214	0.19548093
7.215	0.19547850
7.216	0.19547608
7.217	0.19547367
7.218	0.19547125
7.219	0.19546884
7.220	0.19546643
7.221	0.19546402
7.222	0.19546161
7.223	0.19545921
7.224	0.19545681
7.225	0.19545441
7.226	0.19545202
7.227	0.19544963
7.228	0.19544724
7.229	0.19544485
7.230	0.19544246
7.231	0.19544008
7.232	0.19543770
7.233	0.19543532
7.234	0.19543294
7.235	0.19543057
7.236	0.19542820
7.237	0.19542583
7.238	0.19542347
7.239	0.19542110
7.240	0.19541874
7.241	0.19541639
7.242	0.19541403
7.243	0.19541168
7.244	0.19540933
7.245	0.19540698
7.246	0.19540463
7.247	0.19540229
7.248	0.19539995
7.249	0.19539761
7.250	0.19539527
7.251	0.19539294
7.252	0.19539061
7.253	0.19538828
7.254	0.19538595
7.255	0.19538363
7.256	0.19538131
7.257	0.19537899
7.258	0.19537668
7.259	0.19537436
7.260	0.19537205
7.261	0.19536974
7.262	0.19536743
7.263	0.19536513
7.264	0.19536283
7.265	0.19536053
7.266	0.19535823
7.267	0.19535594
7.268	0.19535365
7.269	0.19535136
7.270	0.19534907
7.271	0.19534679
7.272	0.19534451
7.273	0.19534223
7.274	0.19533995
7.275	0.19533767
7.276	0.19533540
7.277	0.19533313
7.278	0.19533086
7.279	0.19532860
7.280	0.19532634
7.281	0.19532408
7.282	0.19532182
7.283	0.19531956
7.284	0.19531731
7.285	0.19531506
7.286	0.19531281
7.287	0.19531057
7.288	0.19530832
7.289	0.19530608
7.290	0.19530385
7.291	0.19530161
7.292	0.19529938
7.293	0.19529715
7.294	0.19529492
7.295	0.19529269
7.296	0.19529047
7.297	0.19528825
7.298	0.19528603
7.299	0.19528381
7.300	0.19528160
7.301	0.19527938
7.302	0.19527717
7.303	0.19527497
7.304	0.19527276
7.305	0.19527056
7.306	0.19526836
7.307	0.19526616
7.308	0.19526397
7.309	0.19526178
7.310	0.19525959
7.311	0.19525740
7.312	0.19525521
7.313	0.19525303
7.314	0.19525085
7.315	0.19524867
7.316	0.19524649
7.317	0.19524432
7.318	0.19524215
7.319	0.19523998
7.320	0.19523781
7.321	0.19523565
7.322	0.19523349
7.323	0.19523133
7.324	0.19522917
7.325	0.19522702
7.326	0.19522487
7.327	0.19522272
7.328	0.19522057
7.329	0.19521842
7.330	0.19521628
7.331	0.19521414
7.332	0.19521200
7.333	0.19520987
7.334	0.19520773
7.335	0.19520560
7.336	0.19520347
7.337	0.19520135
7.338	0.19519922
7.339	0.19519710
7.340	0.19519498
7.341	0.19519287
7.342	0.19519075
7.343	0.19518864
7.344	0.19518653
7.345	0.19518442
7.346	0.19518232
7.347	0.19518021
7.348	0.19517811
7.349	0.19517602
7.350	0.19517392
7.351	0.19517183
7.352	0.19516973
7.353	0.19516765
7.354	0.19516556
7.355	0.19516348
7.356	0.19516139
7.357	0.19515931
7.358	0.19515724
7.359	0.19515516
7.360	0.19515309
7.361	0.19515102
7.362	0.19514895
7.363	0.19514689
7.364	0.19514482
7.365	0.19514276
7.366	0.19514071
7.367	0.19513865
7.368	0.19513660
7.369	0.19513454
7.370	0.19513250
7.371	0.19513045
7.372	0.19512840
7.373	0.19512636
7.374	0.19512432
7.375	0.19512228
7.376	0.19512025
7.377	0.19511822
7.378	0.19511619
7.379	0.19511416
7.380	0.19511213
7.381	0.19511011
7.382	0.19510809
7.383	0.19510607
7.384	0.19510405
7.385	0.19510204
7.386	0.19510003
7.387	0.19509802
7.388	0.19509601
7.389	0.19509400
7.390	0.19509200
7.391	0.19509000
7.392	0.19508800
7.393	0.19508601
7.394	0.19508401
7.395	0.19508202
7.396	0.19508003
7.397	0.19507805
7.398	0.19507606
7.399	0.19507408
7.400	0.19507210
7.401	0.19507012
7.402	0.19506815
7.403	0.19506618
7.404	0.19506421
7.405	0.19506224
7.406	0.19506027
7.407	0.19505831
7.408	0.19505635
7.409	0.19505439
7.410	0.19505243
7.411	0.19505048
7.412	0.19504852
7.413	0.19504657
7.414	0.19504463
7.415	0.19504268
7.416	0.19504074
7.417	0.19503880
7.418	0.19503686
7.419	0.19503492
7.420	0.19503299
7.421	0.19503106
7.422	0.19502913
7.423	0.19502720
7.424	0.19502528
7.425	0.19502335
7.426	0.19502143
7.427	0.19501951
7.428	0.19501760
7.429	0.19501569
7.430	0.19501377
7.431	0.19501186
7.432	0.19500996
7.433	0.19500805
7.434	0.19500615
7.435	0.19500425
7.436	0.19500235
7.437	0.19500046
7.438	0.19499857
7.439	0.19499667
7.440	0.19499479
7.441	0.19499290
7.442	0.19499102
7.443	0.19498913
7.444	0.19498725
7.445	0.19498538
7.446	0.19498350
7.447	0.19498163
7.448	0.19497976
7.449	0.19497789
7.450	0.19497602
7.451	0.19497416
7.452	0.19497230
7.453	0.19497044
7.454	0.19496858
7.455	0.19496673
7.456	0.19496487
7.457	0.19496302
7.458	0.19496118
7.459	0.19495933
7.460	0.19495749
7.461	0.19495565
7.462	0.19495381
7.463	0.19495197
7.464	0.19495013
7.465	0.19494830
7.466	0.19494647
7.467	0.19494464
7.468	0.19494282
7.469	0.19494099
7.470	0.19493917
7.471	0.19493735
7.472	0.19493554
7.473	0.19493372
7.474	0.19493191
7.475	0.19493010
7.476	0.19492829
7.477	0.19492649
7.478	0.19492468
7.479	0.19492288
7.480	0.19492108
7.481	0.19491929
7.482	0.19491749
7.483	0.19491570
7.484	0.19491391
7.485	0.19491212
7.486	0.19491034
7.487	0.19490855
7.488	0.19490677
7.489	0.19490499
7.490	0.19490321
7.491	0.19490144
7.492	0.19489967
7.493	0.19489790
7.494	0.19489613
7.495	0.19489436
7.496	0.19489260
7.497	0.19489084
7.498	0.19488908
7.499	0.19488732
7.500	0.19488557
7.501	0.19488381
7.502	0.19488206
7.503	0.19488031
7.504	0.19487857
7.505	0.19487682
7.506	0.19487508
7.507	0.19487334
7.508	0.19487160
7.509	0.19486987
7.510	0.19486813
7.511	0.19486640
7.512	0.19486467
7.513	0.19486295
7.514	0.19486122
7.515	0.19485950
7.516	0.19485778
7.517	0.19485606
7.518	0.19485435
7.519	0.19485263
7.520	0.19485092
7.521	0.19484921
7.522	0.19484750
7.523	0.19484580
7.524	0.19484409
7.525	0.19484239
7.526	0.19484069
7.527	0.19483900
7.528	0.19483730
7.529	0.19483561
7.530	0.19483392
7.531	0.19483223
7.532	0.19483055
7.533	0.19482886
7.534	0.19482718
7.535	0.19482550
7.536	0.19482382
7.537	0.19482215
7.538	0.19482047
7.539	0.19481880
7.540	0.19481713
7.541	0.19481547
7.542	0.19481380
7.543	0.19481214
7.544	0.19481048
7.545	0.19480882
7.546	0.19480716
7.547	0.19480551
7.548	0.19480386
7.549	0.19480221
7.550	0.19480056
7.551	0.19479891
7.552	0.19479727
7.553	0.19479563
7.554	0.19479399
7.555	0.19479235
7.556	0.19479072
7.557	0.19478908
7.558	0.19478745
7.559	0.19478582
7.560	0.19478420
7.561	0.19478257
7.562	0.19478095
7.563	0.19477933
7.564	0.19477771
7.565	0.19477609
7.566	0.19477448
7.567	0.19477287
7.568	0.19477126
7.569	0.19476965
7.570	0.19476804
7.571	0.19476644
7.572	0.19476484
7.573	0.19476324
7.574	0.19476164
7.575	0.19476005
7.576	0.19475845
7.577	0.19475686
7.578	0.19475527
7.579	0.19475368
7.580	0.19475210
7.581	0.19475051
7.582	0.19474893
7.583	0.19474735
7.584	0.19474578
7.585	0.19474420
7.586	0.19474263
7.587	0.19474106
7.588	0.19473949
7.589	0.19473792
7.590	0.19473636
7.591	0.19473479
7.592	0.19473323
7.593	0.19473168
7.594	0.19473012
7.595	0.19472856
7.596	0.19472701
7.597	0.19472546
7.598	0.19472391
7.599	0.19472237
7.600	0.19472082
7.601	0.19471928
7.602	0.19471774
7.603	0.19471620
7.604	0.19471466
7.605	0.19471313
7.606	0.19471160
7.607	0.19471007
7.608	0.19470854
7.609	0.19470701
7.610	0.19470549
7.611	0.19470397
7.612	0.19470245
7.613	0.19470093
7.614	0.19469941
7.615	0.19469790
7.616	0.19469638
7.617	0.19469487
7.618	0.19469337
7.619	0.19469186
7.620	0.19469036
7.621	0.19468885
7.622	0.19468735
7.623	0.19468585
7.624	0.19468436
7.625	0.19468286
7.626	0.19468137
7.627	0.19467988
7.628	0.19467839
7.629	0.19467691
7.630	0.19467542
7.631	0.19467394
7.632	0.19467246
7.633	0.19467098
7.634	0.19466951
7.635	0.19466803
7.636	0.19466656
7.637	0.19466509
7.638	0.19466362
7.639	0.19466215
7.640	0.19466069
7.641	0.19465923
7.642	0.19465777
7.643	0.19465631
7.644	0.19465485
7.645	0.19465340
7.646	0.19465194
7.647	0.19465049
7.648	0.19464904
7.649	0.19464760
7.650	0.19464615
7.651	0.19464471
7.652	0.19464327
7.653	0.19464183
7.654	0.19464039
7.655	0.19463896
7.656	0.19463753
7.657	0.19463610
7.658	0.19463467
7.659	0.19463324
7.660	0.19463181
7.661	0.19463039
7.662	0.19462897
7.663	0.19462755
7.664	0.19462613
7.665	0.19462472
7.666	0.19462331
7.667	0.19462189
7.668	0.19462048
7.669	0.19461908
7.670	0.19461767
7.671	0.19461627
7.672	0.19461487
7.673	0.19461347
7.674	0.19461207
7.675	0.19461067
7.676	0.19460928
7.677	0.19460789
7.678	0.19460650
7.679	0.19460511
7.680	0.19460372
7.681	0.19460234
7.682	0.19460096
7.683	0.19459958
7.684	0.19459820
7.685	0.19459682
7.686	0.19459545
7.687	0.19459407
7.688	0.19459270
7.689	0.19459133
7.690	0.19458997
7.691	0.19458860
7.692	0.19458724
7.693	0.19458588
7.694	0.19458452
7.695	0.19458316
7.696	0.19458181
7.697	0.19458045
7.698	0.19457910
7.699	0.19457775
7.700	0.19457640
7.701	0.19457506
7.702	0.19457371
7.703	0.19457237
7.704	0.19457103
7.705	0.19456969
7.706	0.19456836
7.707	0.19456702
7.708	0.19456569
7.709	0.19456436
7.710	0.19456303
7.711	0.19456170
7.712	0.19456038
7.713	0.19455905
7.714	0.19455773
7.715	0.19455641
7.716	0.19455510
7.717	0.19455378
7.718	0.19455247
7.719	0.19455116
7.720	0.19454985
7.721	0.19454854
7.722	0.19454723
7.723	0.19454593
7.724	0.19454463
7.725	0.19454332
7.726	0.19454203
7.727	0.19454073
7.728	0.19453943
7.729	0.19453814
7.730	0.19453685
7.731	0.19453556
7.732	0.19453427
7.733	0.19453299
7.734	0.19453171
7.735	0.19453042
7.736	0.19452914
7.737	0.19452787
7.738	0.19452659
7.739	0.19452532
7.740	0.19452404
7.741	0.19452277
7.742	0.19452150
7.743	0.19452024
7.744	0.19451897
7.745	0.19451771
7.746	0.19451645
7.747	0.19451519
7.748	0.19451393
7.749	0.19451267
7.750	0.19451142
7.751	0.19451017
7.752	0.19450892
7.753	0.19450767
7.754	0.19450642
7.755	0.19450518
7.756	0.19450394
7.757	0.19450270
7.758	0.19450146
7.759	0.19450022
7.760	0.19449898
7.761	0.19449775
7.762	0.19449652
7.763	0.19449529
7.764	0.19449406
7.765	0.19449283
7.766	0.19449161
7.767	0.19449039
7.768	0.19448917
7.769	0.19448795
7.770	0.19448673
7.771	0.19448552
7.772	0.19448430
7.773	0.19448309
7.774	0.19448188
7.775	0.19448067
7.776	0.19447947
7.777	0.19447826
7.778	0.19447706
7.779	0.19447586
7.780	0.19447466
7.781	0.19447346
7.782	0.19447227
7.783	0.19447107
7.784	0.19446988
7.785	0.19446869
7.786	0.19446750
7.787	0.19446632
7.788	0.19446513
7.789	0.19446395
7.790	0.19446277
7.791	0.19446159
7.792	0.19446041
7.793	0.19445924
7.794	0.19445806
7.795	0.19445689
7.796	0.19445572
7.797	0.19445455
7.798	0.19445338
7.799	0.19445222
7.800	0.19445106
7.801	0.19444990
7.802	0.19444874
7.803	0.19444758
7.804	0.19444642
7.805	0.19444527
7.806	0.19444411
7.807	0.19444296
7.808	0.19444182
7.809	0.19444067
7.810	0.19443952
7.811	0.19443838
7.812	0.19443724
7.813	0.19443610
7.814	0.19443496
7.815	0.19443382
7.816	0.19443269
7.817	0.19443155
7.818	0.19443042
7.819	0.19442929
7.820	0.19442816
7.821	0.19442704
7.822	0.19442591
7.823	0.19442479
7.824	0.19442367
7.825	0.19442255
7.826	0.19442143
7.827	0.19442032
7.828	0.19441921
7.829	0.19441809
7.830	0.19441698
7.831	0.19441587
7.832	0.19441477
7.833	0.19441366
7.834	0.19441256
7.835	0.19441146
7.836	0.19441036
7.837	0.19440926
7.838	0.19440816
7.839	0.19440707
7.840	0.19440597
7.841	0.19440488
7.842	0.19440379
7.843	0.19440271
7.844	0.19440162
7.845	0.19440053
7.846	0.19439945
7.847	0.19439837
7.848	0.19439729
7.849	0.19439621
7.850	0.19439514
7.851	0.19439406
7.852	0.19439299
7.853	0.19439192
7.854	0.19439085
7.855	0.19438978
7.856	0.19438872
7.857	0.19438766
7.858	0.19438659
7.859	0.19438553
7.860	0.19438447
7.861	0.19438342
7.862	0.19438236
7.863	0.19438131
7.864	0.19438026
7.865	0.19437921
7.866	0.19437816
7.867	0.19437711
7.868	0.19437606
7.869	0.19437502
7.870	0.19437398
7.871	0.19437294
7.872	0.19437190
7.873	0.19437086
7.874	0.19436983
7.875	0.19436880
7.876	0.19436776
7.877	0.19436673
7.878	0.19436571
7.879	0.19436468
7.880	0.19436365
7.881	0.19436263
7.882	0.19436161
7.883	0.19436059
7.884	0.19435957
7.885	0.19435855
7.886	0.19435754
7.887	0.19435653
7.888	0.19435551
7.889	0.19435450
7.890	0.19435350
7.891	0.19435249
7.892	0.19435148
7.893	0.19435048
7.894	0.19434948
7.895	0.19434848
7.896	0.19434748
7.897	0.19434648
7.898	0.19434549
7.899	0.19434449
7.900	0.19434350
7.901	0.19434251
7.902	0.19434152
7.903	0.19434054
7.904	0.19433955
7.905	0.19433857
7.906	0.19433759
7.907	0.19433661
7.908	0.19433563
7.909	0.19433465
7.910	0.19433368
7.911	0.19433270
7.912	0.19433173
7.913	0.19433076
7.914	0.19432979
7.915	0.19432882
7.916	0.19432786
7.917	0.19432689
7.918	0.19432593
7.919	0.19432497
7.920	0.19432401
7.921	0.19432305
7.922	0.19432210
7.923	0.19432114
7.924	0.19432019
7.925	0.19431924
7.926	0.19431829
7.927	0.19431734
7.928	0.19431639
7.929	0.19431545
7.930	0.19431451
7.931	0.19431356
7.932	0.19431262
7.933	0.19431169
7.934	0.19431075
7.935	0.19430981
7.936	0.19430888
7.937	0.19430795
7.938	0.19430702
7.939	0.19430609
7.940	0.19430516
7.941	0.19430424
7.942	0.19430331
7.943	0.19430239
7.944	0.19430147
7.945	0.19430055
7.946	0.19429963
7.947	0.19429872
7.948	0.19429780
7.949	0.19429689
7.950	0.19429598
7.951	0.19429507
7.952	0.19429416
7.953	0.19429325
7.954	0.19429235
7.955	0.19429144
7.956	0.19429054
7.957	0.19428964
7.958	0.19428874
7.959	0.19428784
7.960	0.19428695
7.961	0.19428605
7.962	0.19428516
7.963	0.19428427
7.964	0.19428338
7.965	0.19428249
7.966	0.19428160
7.967	0.19428072
7.968	0.19427984
7.969	0.19427895
7.970	0.19427807
7.971	0.19427719
7.972	0.19427632
7.973	0.19427544
7.974	0.19427457
7.975	0.19427369
7.976	0.19427282
7.977	0.19427195
7.978	0.19427108
7.979	0.19427022
7.980	0.19426935
7.981	0.19426849
7.982	0.19426763
7.983	0.19426677
7.984	0.19426591
7.985	0.19426505
7.986	0.19426419
7.987	0.19426334
7.988	0.19426249
7.989	0.19426163
7.990	0.19426078
7.991	0.19425994
7.992	0.19425909
7.993	0.19425824
7.994	0.19425740
7.995	0.19425656
7.996	0.19425571
7.997	0.19425487
7.998	0.19425404
7.999	0.19425320
8.000	0.19425237
8.001	0.19425153
8.002	0.19425070
8.003	0.19424987
8.004	0.19424904
8.005	0.19424821
8.006	0.19424739
8.007	0.19424656
8.008	0.19424574
8.009	0.19424492
8.010	0.19424409
8.011	0.19424328
8.012	0.19424246
8.013	0.19424164
8.014	0.19424083
8.015	0.19424002
8.016	0.19423920
8.017	0.19423839
8.018	0.19423758
8.019	0.19423678
8.020	0.19423597
8.021	0.19423517
8.022	0.19423436
8.023	0.19423356
8.024	0.19423276
8.025	0.19423196
8.026	0.19423117
8.027	0.19423037
8.028	0.19422958
8.029	0.19422878
8.030	0.19422799
8.031	0.19422720
8.032	0.19422641
8.033	0.19422563
8.034	0.19422484
8.035	0.19422406
8.036	0.19422328
8.037	0.19422249
8.038	0.19422171
8.039	0.19422094
8.040	0.19422016
8.041	0.19421938
8.042	0.19421861
8.043	0.19421784
8.044	0.19421707
8.045	0.19421630
8.046	0.19421553
8.047	0.19421476
8.048	0.19421399
8.049	0.19421323
8.050	0.19421247
8.051	0.19421171
8.052	0.19421095
8.053	0.19421019
8.054	0.19420943
8.055	0.19420868
8.056	0.19420792
8.057	0.19420717
8.058	0.19420642
8.059	0.19420567
8.060	0.19420492
8.061	0.19420417
8.062	0.19420343
8.063	0.19420268
8.064	0.19420194
8.065	0.19420120
8.066	0.19420046
8.067	0.19419972
8.068	0.19419898
8.069	0.19419825
8.070	0.19419751
8.071	0.19419678
8.072	0.19419605
8.073	0.19419532
8.074	0.19419459
8.075	0.19419386
8.076	0.19419314
8.077	0.19419241
8.078	0.19419169
8.079	0.19419097
8.080	0.19419025
8.081	0.19418953
8.082	0.19418881
8.083	0.19418810
8.084	0.19418738
8.085	0.19418667
8.086	0.19418596
8.087	0.19418525
8.088	0.19418454
8.089	0.19418383
8.090	0.19418312
8.091	0.19418242
8.092	0.19418172
8.093	0.19418101
8.094	0.19418031
8.095	0.19417961
8.096	0.19417892
8.097	0.19417822
8.098	0.19417752
8.099	0.19417683
8.100	0.19417614
8.101	0.19417545
8.102	0.19417476
8.103	0.19417407
8.104	0.19417338
8.105	0.19417270
8.106	0.19417201
8.107	0.19417133
8.108	0.19417065
8.109	0.19416997
8.110	0.19416929
8.111	0.19416861
8.112	0.19416794
8.113	0.19416726
8.114	0.19416659
8.115	0.19416592
8.116	0.19416525
8.117	0.19416458
8.118	0.19416391
8.119	0.19416324
8.120	0.19416258
8.121	0.19416191
8.122	0.19416125
8.123	0.19416059
8.124	0.19415993
8.125	0.19415927
8.126	0.19415862
8.127	0.19415796
8.128	0.19415731
8.129	0.19415665
8.130	0.19415600
8.131	0.19415535
8.132	0.19415470
8.133	0.19415406
8.134	0.19415341
8.135	0.19415277
8.136	0.19415212
8.137	0.19415148
8.138	0.19415084
8.139	0.19415020
8.140	0.19414956
8.141	0.19414893
8.142	0.19414829
8.143	0.19414766
8.144	0.19414702
8.145	0.19414639
8.146	0.19414576
8.147	0.19414514
8.148	0.19414451
8.149	0.19414388
8.150	0.19414326
8.151	0.19414264
8.152	0.19414201
8.153	0.19414139
8.154	0.19414077
8.155	0.19414016
8.156	0.19413954
8.157	0.19413893
8.158	0.19413831
8.159	0.19413770
8.160	0.19413709
8.161	0.19413648
8.162	0.19413587
8.163	0.19413526
8.164	0.19413466
8.165	0.19413405
8.166	0.19413345
8.167	0.19413285
8.168	0.19413225
8.169	0.19413165
8.170	0.19413105
8.171	0.19413046
8.172	0.19412986
8.173	0.19412927
8.174	0.19412868
8.175	0.19412808
8.176	0.19412749
8.177	0.19412691
8.178	0.19412632
8.179	0.19412573
8.180	0.19412515
8.181	0.19412457
8.182	0.19412398
8.183	0.19412340
8.184	0.19412282
8.185	0.19412225
8.186	0.19412167
8.187	0.19412109
8.188	0.19412052
8.189	0.19411995
8.190	0.19411937
8.191	0.19411880
8.192	0.19411823
8.193	0.19411767
8.194	0.19411710
8.195	0.19411653
8.196	0.19411597
8.197	0.19411541
8.198	0.19411485
8.199	0.19411429
8.200	0.19411373
8.201	0.19411317
8.202	0.19411261
8.203	0.19411206
8.204	0.19411150
8.205	0.19411095
8.206	0.19411040
8.207	0.19410985
8.208	0.19410930
8.209	0.19410875
8.210	0.19410821
8.211	0.19410766
8.212	0.19410712
8.213	0.19410657
8.214	0.19410603
8.215	0.19410549
8.216	0.19410495
8.217	0.19410442
8.218	0.19410388
8.219	0.19410334
8.220	0.19410281
8.221	0.19410228
8.222	0.19410175
8.223	0.19410122
8.224	0.19410069
8.225	0.19410016
8.226	0.19409963
8.227	0.19409911
8.228	0.19409858
8.229	0.19409806
8.230	0.19409754
8.231	0.19409702
8.232	0.19409650
8.233	0.19409598
8.234	0.19409546
8.235	0.19409495
8.236	0.19409443
8.237	0.19409392
8.238	0.19409341
8.239	0.19409290
8.240	0.19409239
8.241	0.19409188
8.242	0.19409137
8.243	0.19409087
8.244	0.19409036
8.245	0.19408986
8.246	0.19408936
8.247	0.19408885
8.248	0.19408835
8.249	0.19408786
8.250	0.19408736
8.251	0.19408686
8.252	0.19408637
8.253	0.19408587
8.254	0.19408538
8.255	0.19408489
8.256	0.19408440
8.257	0.19408391
8.258	0.19408342
8.259	0.19408293
8.260	0.19408245
8.261	0.19408196
8.262	0.19408148
8.263	0.19408100
8.264	0.19408052
8.265	0.19408004
8.266	0.19407956
8.267	0.19407908
8.268	0.19407860
8.269	0.19407813
8.270	0.19407765
8.271	0.19407718
8.272	0.19407671
8.273	0.19407624
8.274	0.19407577
8.275	0.19407530
8.276	0.19407483
8.277	0.19407437
8.278	0.19407390
8.279	0.19407344
8.280	0.19407298
8.281	0.19407252
8.282	0.19407205
8.283	0.19407160
8.284	0.19407114
8.285	0.19407068
8.286	0.19407022
8.287	0.19406977
8.288	0.19406932
8.289	0.19406886
8.290	0.19406841
8.291	0.19406796
8.292	0.19406751
8.293	0.19406707
8.294	0.19406662
8.295	0.19406617
8.296	0.19406573
8.297	0.19406528
8.298	0.19406484
8.299	0.19406440
8.300	0.19406396
8.301	0.19406352
8.302	0.19406308
8.303	0.19406265
8.304	0.19406221
8.305	0.19406178
8.306	0.19406134
8.307	0.19406091
8.308	0.19406048
8.309	0.19406005
8.310	0.19405962
8.311	0.19405919
8.312	0.19405876
8.313	0.19405834
8.314	0.19405791
8.315	0.19405749
8.316	0.19405707
8.317	0.19405665
8.318	0.19405623
8.319	0.19405581
8.320	0.19405539
8.321	0.19405497
8.322	0.19405456
8.323	0.19405414
8.324	0.19405373
8.325	0.19405331
8.326	0.19405290
8.327	0.19405249
8.328	0.19405208
8.329	0.19405167
8.330	0.19405127
8.331	0.19405086
8.332	0.19405046
8.333	0.19405005
8.334	0.19404965
8.335	0.19404925
8.336	0.19404885
8.337	0.19404845
8.338	0.19404805
8.339	0.19404765
8.340	0.19404725
8.341	0.19404686
8.342	0.19404646
8.343	0.19404607
8.344	0.19404568
8.345	0.19404529
8.346	0.19404490
8.347	0.19404451
8.348	0.19404412
8.349	0.19404373
8.350	0.19404335
8.351	0.19404296
8.352	0.19404258
8.353	0.19404220
8.354	0.19404182
8.355	0.19404144
8.356	0.19404106
8.357	0.19404068
8.358	0.19404030
8.359	0.19403993
8.360	0.19403955
8.361	0.19403918
8.362	0.19403880
8.363	0.19403843
8.364	0.19403806
8.365	0.19403769
8.366	0.19403732
8.367	0.19403695
8.368	0.19403659
8.369	0.19403622
8.370	0.19403586
8.371	0.19403549
8.372	0.19403513
8.373	0.19403477
8.374	0.19403441
8.375	0.19403405
8.376	0.19403369
8.377	0.19403333
8.378	0.19403298
8.379	0.19403262
8.380	0.19403227
8.381	0.19403191
8.382	0.19403156
8.383	0.19403121
8.384	0.19403086
8.385	0.19403051
8.386	0.19403016
8.387	0.19402982
8.388	0.19402947
8.389	0.19402913
8.390	0.19402878
8.391	0.19402844
8.392	0.19402810
8.393	0.19402776
8.394	0.19402742
8.395	0.19402708
8.396	0.19402674
8.397	0.19402640
8.398	0.19402607
8.399	0.19402573
8.400	0.19402540
8.401	0.19402506
8.402	0.19402473
8.403	0.19402440
8.404	0.19402407
8.405	0.19402374
8.406	0.19402342
8.407	0.19402309
8.408	0.19402276
8.409	0.19402244
8.410	0.19402211
8.411	0.19402179
8.412	0.19402147
8.413	0.19402115
8.414	0.19402083
8.415	0.19402051
8.416	0.19402019
8.417	0.19401988
8.418	0.19401956
8.419	0.19401925
8.420	0.19401893
8.421	0.19401862
8.422	0.19401831
8.423	0.19401800
8.424	0.19401769
8.425	0.19401738
8.426	0.19401707
8.427	0.19401676
8.428	0.19401646
8.429	0.19401615
8.430	0.19401585
8.431	0.19401555
8.432	0.19401524
8.433	0.19401494
8.434	0.19401464
8.435	0.19401434
8.436	0.19401405
8.437	0.19401375
8.438	0.19401345
8.439	0.19401316
8.440	0.19401286
8.441	0.19401257
8.442	0.19401228
8.443	0.19401199
8.444	0.19401170
8.445	0.19401141
8.446	0.19401112
8.447	0.19401083
8.448	0.19401055
8.449	0.19401026
8.450	0.19400998
8.451	0.19400969
8.452	0.19400941
8.453	0.19400913
8.454	0.19400885
8.455	0.19400857
8.456	0.19400829
8.457	0.19400801
8.458	0.19400774
8.459	0.19400746
8.460	0.19400718
8.461	0.19400691
8.462	0.19400664
8.463	0.19400637
8.464	0.19400609
8.465	0.19400582
8.466	0.19400555
8.467	0.19400529
8.468	0.19400502
8.469	0.19400475
8.470	0.19400449
8.471	0.19400422
8.472	0.19400396
8.473	0.19400370
8.474	0.19400343
8.475	0.19400317
8.476	0.19400291
8.477	0.19400265
8.478	0.19400240
8.479	0.19400214
8.480	0.19400188
8.481	0.19400163
8.482	0.19400137
8.483	0.19400112
8.484	0.19400087
8.485	0.19400062
8.486	0.19400036
8.487	0.19400011
8.488	0.19399987
8.489	0.19399962
8.490	0.19399937
8.491	0.19399912
8.492	0.19399888
8.493	0.19399863
8.494	0.19399839
8.495	0.19399815
8.496	0.19399791
8.497	0.19399767
8.498	0.19399743
8.499	0.19399719
8.500	0.19399695
8.501	0.19399671
8.502	0.19399648
8.503	0.19399624
8.504	0.19399601
8.505	0.19399577
8.506	0.19399554
8.507	0.19399531
8.508	0.19399508
8.509	0.19399485
8.510	0.19399462
8.511	0.19399439
8.512	0.19399416
8.513	0.19399394
8.514	0.19399371
8.515	0.19399348
8.516	0.19399326
8.517	0.19399304
8.518	0.19399282
8.519	0.19399259
8.520	0.19399237
8.521	0.19399215
8.522	0.19399194
8.523	0.19399172
8.524	0.19399150
8.525	0.19399129
8.526	0.19399107
8.527	0.19399086
8.528	0.19399064
8.529	0.19399043
8.530	0.19399022
8.531	0.19399001
8.532	0.19398980
8.533	0.19398959
8.534	0.19398938
8.535	0.19398917
8.536	0.19398897
8.537	0.19398876
8.538	0.19398856
8.539	0.19398835
8.540	0.19398815
8.541	0.19398795
8.542	0.19398775
8.543	0.19398755
8.544	0.19398735
8.545	0.19398715
8.546	0.19398695
8.547	0.19398675
8.548	0.19398656
8.549	0.19398636
8.550	0.19398617
8.551	0.19398597
8.552	0.19398578
8.553	0.19398559
8.554	0.19398540
8.555	0.19398521
8.556	0.19398502
8.557	0.19398483
8.558	0.19398464
8.559	0.19398445
8.560	0.19398427
8.561	0.19398408
8.562	0.19398390
8.563	0.19398371
8.564	0.19398353
8.565	0.19398335
8.566	0.19398317
8.567	0.19398299
8.568	0.19398281
8.569	0.19398263
8.570	0.19398245
8.571	0.19398227
8.572	0.19398210
8.573	0.19398192
8.574	0.19398175
8.575	0.19398157
8.576	0.19398140
8.577	0.19398123
8.578	0.19398106
8.579	0.19398089
8.580	0.19398072
8.581	0.19398055
8.582	0.19398038
8.583	0.19398021
8.584	0.19398004
8.585	0.19397988
8.586	0.19397971
8.587	0.19397955
8.588	0.19397939
8.589	0.19397922
8.590	0.19397906
8.591	0.19397890
8.592	0.19397874
8.593	0.19397858
8.594	0.19397842
8.595	0.19397827
8.596	0.19397811
8.597	0.19397795
8.598	0.19397780
8.599	0.19397764
8.600	0.19397749
8.601	0.19397734
8.602	0.19397718
8.603	0.19397703
8.604	0.19397688
8.605	0.19397673
8.606	0.19397658
8.607	0.19397643
8.608	0.19397629
8.609	0.19397614
8.610	0.19397599
8.611	0.19397585
8.612	0.19397571
8.613	0.19397556
8.614	0.19397542
8.615	0.19397528
8.616	0.19397514
8.617	0.19397500
8.618	0.19397486
8.619	0.19397472
8.620	0.19397458
8.621	0.19397444
8.622	0.19397431
8.623	0.19397417
8.624	0.19397403
8.625	0.19397390
8.626	0.19397377
8.627	0.19397363
8.628	0.19397350
8.629	0.19397337
8.630	0.19397324
8.631	0.19397311
8.632	0.19397298
8.633	0.19397285
8.634	0.19397273
8.635	0.19397260
8.636	0.19397248
8.637	0.19397235
8.638	0.19397223
8.639	0.19397210
8.640	0.19397198
8.641	0.19397186
8.642	0.19397174
8.643	0.19397162
8.644	0.19397150
8.645	0.19397138
8.646	0.19397126
8.647	0.19397114
8.648	0.19397102
8.649	0.19397091
8.650	0.19397079
8.651	0.19397068
8.652	0.19397057
8.653	0.19397045
8.654	0.19397034
8.655	0.19397023
8.656	0.19397012
8.657	0.19397001
8.658	0.19396990
8.659	0.19396979
8.660	0.19396968
8.661	0.19396958
8.662	0.19396947
8.663	0.19396936
8.664	0.19396926
8.665	0.19396915
8.666	0.19396905
8.667	0.19396895
8.668	0.19396885
8.669	0.19396875
8.670	0.19396865
8.671	0.19396855
8.672	0.19396845
8.673	0.19396835
8.674	0.19396825
8.675	0.19396815
8.676	0.19396806
8.677	0.19396796
8.678	0.19396787
8.679	0.19396777
8.680	0.19396768
8.681	0.19396759
8.682	0.19396750
8.683	0.19396741
8.684	0.19396732
8.685	0.19396723
8.686	0.19396714
8.687	0.19396705
8.688	0.19396696
8.689	0.19396688
8.690	0.19396679
8.691	0.19396670
8.692	0.19396662
8.693	0.19396654
8.694	0.19396645
8.695	0.19396637
8.696	0.19396629
8.697	0.19396621
8.698	0.19396613
8.699	0.19396605
8.700	0.19396597
8.701	0.19396589
8.702	0.19396581
8.703	0.19396574
8.704	0.19396566
8.705	0.19396559
8.706	0.19396551
8.707	0.19396544
8.708	0.19396536
8.709	0.19396529
8.710	0.19396522
8.711	0.19396515
8.712	0.19396508
8.713	0.19396501
8.714	0.19396494
8.715	0.19396487
8.716	0.19396480
8.717	0.19396474
8.718	0.19396467
8.719	0.19396461
8.720	0.19396454
8.721	0.19396448
8.722	0.19396441
8.723	0.19396435
8.724	0.19396429
8.725	0.19396423
8.726	0.19396417
8.727	0.19396411
8.728	0.19396405
8.729	0.19396399
8.730	0.19396393
8.731	0.19396387
8.732	0.19396382
8.733	0.19396376
8.734	0.19396371
8.735	0.19396365
8.736	0.19396360
8.737	0.19396354
8.738	0.19396349
8.739	0.19396344
8.740	0.19396339
8.741	0.19396334
8.742	0.19396329
8.743	0.19396324
8.744	0.19396319
8.745	0.19396314
8.746	0.19396309
8.747	0.19396305
8.748	0.19396300
8.749	0.19396296
8.750	0.19396291
8.751	0.19396287
8.752	0.19396283
8.753	0.19396278
8.754	0.19396274
8.755	0.19396270
8.756	0.19396266
8.757	0.19396262
8.758	0.19396258
8.759	0.19396254
8.760	0.19396250
8.761	0.19396247
8.762	0.19396243
8.763	0.19396239
8.764	0.19396236
8.765	0.19396232
8.766	0.19396229
8.767	0.19396226
8.768	0.19396222
8.769	0.19396219
8.770	0.19396216
8.771	0.19396213
8.772	0.19396210
8.773	0.19396207
8.774	0.19396204
8.775	0.19396201
8.776	0.19396199
8.777	0.19396196
8.778	0.19396193
8.779	0.19396191
8.780	0.19396188
8.781	0.19396186
8.782	0.19396183
8.783	0.19396181
8.784	0.19396179
8.785	0.19396177
8.786	0.19396174
8.787	0.19396172
8.788	0.19396170
8.789	0.19396168
8.790	0.19396167
8.791	0.19396165
8.792	0.19396163
8.793	0.19396161
8.794	0.19396160
8.795	0.19396158
8.796	0.19396157
8.797	0.19396155
8.798	0.19396154
8.799	0.19396152
8.800	0.19396151
8.801	0.19396150
8.802	0.19396149
8.803	0.19396148
8.804	0.19396147
8.805	0.19396146
8.806	0.19396145
8.807	0.19396144
8.808	0.19396143
8.809	0.19396143
8.810	0.19396142
8.811	0.19396141
8.812	0.19396141
8.813	0.19396141
8.814	0.19396140
8.815	0.19396140
8.816	0.19396139
8.817	0.19396139
8.818	0.19396139
8.819	0.19396139
8.820	0.19396139
8.821	0.19396139
8.822	0.19396139
8.823	0.19396139
8.824	0.19396139
8.825	0.19396140
8.826	0.19396140
8.827	0.19396140
8.828	0.19396141
8.829	0.19396141
8.830	0.19396142
8.831	0.19396142
8.832	0.19396143
8.833	0.19396144
8.834	0.19396145
8.835	0.19396145
8.836	0.19396146
8.837	0.19396147
8.838	0.19396148
8.839	0.19396149
8.840	0.19396150
8.841	0.19396152
8.842	0.19396153
8.843	0.19396154
8.844	0.19396155
8.845	0.19396157
8.846	0.19396158
8.847	0.19396160
8.848	0.19396161
8.849	0.19396163
8.850	0.19396165
8.851	0.19396167
8.852	0.19396168
8.853	0.19396170
8.854	0.19396172
8.855	0.19396174
8.856	0.19396176
8.857	0.19396178
8.858	0.19396180
8.859	0.19396183
8.860	0.19396185
8.861	0.19396187
8.862	0.19396189
8.863	0.19396192
8.864	0.19396194
8.865	0.19396197
8.866	0.19396199
8.867	0.19396202
8.868	0.19396205
8.869	0.19396207
8.870	0.19396210
8.871	0.19396213
8.872	0.19396216
8.873	0.19396219
8.874	0.19396222
8.875	0.19396225
8.876	0.19396228
8.877	0.19396231
8.878	0.19396235
8.879	0.19396238
8.880	0.19396241
8.881	0.19396244
8.882	0.19396248
8.883	0.19396251
8.884	0.19396255
8.885	0.19396259
8.886	0.19396262
8.887	0.19396266
8.888	0.19396270
8.889	0.19396273
8.890	0.19396277
8.891	0.19396281
8.892	0.19396285
8.893	0.19396289
8.894	0.19396293
8.895	0.19396297
8.896	0.19396301
8.897	0.19396306
8.898	0.19396310
8.899	0.19396314
8.900	0.19396318
8.901	0.19396323
8.902	0.19396327
8.903	0.19396332
8.904	0.19396336
8.905	0.19396341
8.906	0.19396346
8.907	0.19396350
8.908	0.19396355
8.909	0.19396360
8.910	0.19396365
8.911	0.19396370
8.912	0.19396375
8.913	0.19396380
8.914	0.19396385
8.915	0.19396390
8.916	0.19396395
8.917	0.19396400
8.918	0.19396405
8.919	0.19396411
8.920	0.19396416
8.921	0.19396421
8.922	0.19396427
8.923	0.19396432
8.924	0.19396438
8.925	0.19396443
8.926	0.19396449
8.927	0.19396455
8.928	0.19396460
8.929	0.19396466
8.930	0.19396472
8.931	0.19396478
8.932	0.19396484
8.933	0.19396490
8.934	0.19396496
8.935	0.19396502
8.936	0.19396508
8.937	0.19396514
8.938	0.19396520
8.939	0.19396526
8.940	0.19396532
8.941	0.19396539
8.942	0.19396545
8.943	0.19396551
8.944	0.19396558
8.945	0.19396564
8.946	0.19396571
8.947	0.19396578
8.948	0.19396584
8.949	0.19396591
8.950	0.19396598
8.951	0.19396604
8.952	0.19396611
8.953	0.19396618
8.954	0.19396625
8.955	0.19396632
8.956	0.19396639
8.957	0.19396646
8.958	0.19396653
8.959	0.19396660
8.960	0.19396667
8.961	0.19396675
8.962	0.19396682
8.963	0.19396689
8.964	0.19396697
8.965	0.19396704
8.966	0.19396712
8.967	0.19396719
8.968	0.19396727
8.969	0.19396734
8.970	0.19396742
8.971	0.19396750
8.972	0.19396757
8.973	0.19396765
8.974	0.19396773
8.975	0.19396781
8.976	0.19396789
8.977	0.19396797
8.978	0.19396805
8.979	0.19396813
8.980	0.19396821
8.981	0.19396829
8.982	0.19396837
8.983	0.19396846
8.984	0.19396854
8.985	0.19396862
8.986	0.19396871
8.987	0.19396879
8.988	0.19396888
8.989	0.19396896
8.990	0.19396905
8.991	0.19396913
8.992	0.19396922
8.993	0.19396931
8.994	0.19396939
8.995	0.19396948
8.996	0.19396957
8.997	0.19396966
8.998	0.19396975
8.999	0.19396984
9.000	0.19396993
9.001	0.19397002
9.002	0.19397011
9.003	0.19397020
9.004	0.19397029
9.005	0.19397038
9.006	0.19397048
9.007	0.19397057
9.008	0.19397066
9.009	0.19397076
9.010	0.19397085
9.011	0.19397095
9.012	0.19397104
9.013	0.19397114
9.014	0.19397123
9.015	0.19397133
9.016	0.19397143
9.017	0.19397153
9.018	0.19397162
9.019	0.19397172
9.020	0.19397182
9.021	0.19397192
9.022	0.19397202
9.023	0.19397212
9.024	0.19397222
9.025	0.19397232
9.026	0.19397242
9.027	0.19397252
9.028	0.19397262
9.029	0.19397273
9.030	0.19397283
9.031	0.19397293
9.032	0.19397304
9.033	0.19397314
9.034	0.19397325
9.035	0.19397335
9.036	0.19397346
9.037	0.19397356
9.038	0.19397367
9.039	0.19397377
9.040	0.19397388
9.041	0.19397399
9.042	0.19397410
9.043	0.19397420
9.044	0.19397431
9.045	0.19397442
9.046	0.19397453
9.047	0.19397464
9.048	0.19397475
9.049	0.19397486
9.050	0.19397497
9.051	0.19397508
9.052	0.19397520
9.053	0.19397531
9.054	0.19397542
9.055	0.19397553
9.056	0.19397565
9.057	0.19397576
9.058	0.19397588
9.059	0.19397599
9.060	0.19397611
9.061	0.19397622
9.062	0.19397634
9.063	0.19397645
9.064	0.19397657
9.065	0.19397669
9.066	0.19397680
9.067	0.19397692
9.068	0.19397704
9.069	0.19397716
9.070	0.19397728
9.071	0.19397740
9.072	0.19397752
9.073	0.19397764
9.074	0.19397776
9.075	0.19397788
9.076	0.19397800
9.077	0.19397812
9.078	0.19397824
9.079	0.19397836
9.080	0.19397849
9.081	0.19397861
9.082	0.19397873
9.083	0.19397886
9.084	0.19397898
9.085	0.19397911
9.086	0.19397923
9.087	0.19397936
9.088	0.19397948
9.089	0.19397961
9.090	0.19397973
9.091	0.19397986
9.092	0.19397999
9.093	0.19398011
9.094	0.19398024
9.095	0.19398037
9.096	0.19398050
9.097	0.19398063
9.098	0.19398076
9.099	0.19398089
9.100	0.19398102
9.101	0.19398115
9.102	0.19398128
9.103	0.19398141
9.104	0.19398154
9.105	0.19398167
9.106	0.19398181
9.107	0.19398194
9.108	0.19398207
9.109	0.19398220
9.110	0.19398234
9.111	0.19398247
9.112	0.19398261
9.113	0.19398274
9.114	0.19398288
9.115	0.19398301
9.116	0.19398315
9.117	0.19398328
9.118	0.19398342
9.119	0.19398356
9.120	0.19398369
9.121	0.19398383
9.122	0.19398397
9.123	0.19398411
9.124	0.19398425
9.125	0.19398439
9.126	0.19398452
9.127	0.19398466
9.128	0.19398480
9.129	0.19398494
9.130	0.19398509
9.131	0.19398523
9.132	0.19398537
9.133	0.19398551
9.134	0.19398565
9.135	0.19398579
9.136	0.19398594
9.137	0.19398608
9.138	0.19398622
9.139	0.19398637
9.140	0.19398651
9.141	0.19398665
9.142	0.19398680
9.143	0.19398694
9.144	0.19398709
9.145	0.19398724
9.146	0.19398738
9.147	0.19398753
9.148	0.19398767
9.149	0.19398782
9.150	0.19398797
9.151	0.19398812
9.152	0.19398826
9.153	0.19398841
9.154	0.19398856
9.155	0.19398871
9.156	0.19398886
9.157	0.19398901
9.158	0.19398916
9.159	0.19398931
9.160	0.19398946
9.161	0.19398961
9.162	0.19398976
9.163	0.19398991
9.164	0.19399007
9.165	0.19399022
9.166	0.19399037
9.167	0.19399052
9.168	0.19399068
9.169	0.19399083
9.170	0.19399098
9.171	0.19399114
9.172	0.19399129
9.173	0.19399145
9.174	0.19399160
9.175	0.19399176
9.176	0.19399191
9.177	0.19399207
9.178	0.19399223
9.179	0.19399238
9.180	0.19399254
9.181	0.19399270
9.182	0.19399285
9.183	0.19399301
9.184	0.19399317
9.185	0.19399333
9.186	0.19399349
9.187	0.19399365
9.188	0.19399381
9.189	0.19399396
9.190	0.19399412
9.191	0.19399429
9.192	0.19399445
9.193	0.19399461
9.194	0.19399477
9.195	0.19399493
9.196	0.19399509
9.197	0.19399525
9.198	0.19399542
9.199	0.19399558
9.200	0.19399574
9.201	0.19399590
9.202	0.19399607
9.203	0.19399623
9.204	0.19399640
9.205	0.19399656
9.206	0.19399673
9.207	0.19399689
9.208	0.19399706
9.209	0.19399722
9.210	0.19399739
9.211	0.19399755
9.212	0.19399772
9.213	0.19399789
9.214	0.19399805
9.215	0.19399822
9.216	0.19399839
9.217	0.19399856
9.218	0.19399873
9.219	0.19399889
9.220	0.19399906
9.221	0.19399923
9.222	0.19399940
9.223	0.19399957
9.224	0.19399974
9.225	0.19399991
9.226	0.19400008
9.227	0.19400025
9.228	0.19400042
9.229	0.19400060
9.230	0.19400077
9.231	0.19400094
9.232	0.19400111
9.233	0.19400128
9.234	0.19400146
9.235	0.19400163
9.236	0.19400180
9.237	0.19400198
9.238	0.19400215
9.239	0.19400233
9.240	0.19400250
9.241	0.19400267
9.242	0.19400285
9.243	0.19400303
9.244	0.19400320
9.245	0.19400338
9.246	0.19400355
9.247	0.19400373
9.248	0.19400391
9.249	0.19400408
9.250	0.19400426
9.251	0.19400444
9.252	0.19400462
9.253	0.19400479
9.254	0.19400497
9.255	0.19400515
9.256	0.19400533
9.257	0.19400551
9.258	0.19400569
9.259	0.19400587
9.260	0.19400605
9.261	0.19400623
9.262	0.19400641
9.263	0.19400659
9.264	0.19400677
9.265	0.19400695
9.266	0.19400713
9.267	0.19400731
9.268	0.19400749
9.269	0.19400768
9.270	0.19400786
9.271	0.19400804
9.272	0.19400823
9.273	0.19400841
9.274	0.19400859
9.275	0.19400878
9.276	0.19400896
9.277	0.19400914
9.278	0.19400933
9.279	0.19400951
9.280	0.19400970
9.281	0.19400988
9.282	0.19401007
9.283	0.19401025
9.284	0.19401044
9.285	0.19401063
9.286	0.19401081
9.287	0.19401100
9.288	0.19401119
9.289	0.19401137
9.290	0.19401156
9.291	0.19401175
9.292	0.19401194
9.293	0.19401213
9.294	0.19401231
9.295	0.19401250
9.296	0.19401269
9.297	0.19401288
9.298	0.19401307
9.299	0.19401326
9.300	0.19401345
9.301	0.19401364
9.302	0.19401383
9.303	0.19401402
9.304	0.19401421
9.305	0.19401440
9.306	0.19401460
9.307	0.19401479
9.308	0.19401498
9.309	0.19401517
9.310	0.19401536
9.311	0.19401556
9.312	0.19401575
9.313	0.19401594
9.314	0.19401614
9.315	0.19401633
9.316	0.19401652
9.317	0.19401672
9.318	0.19401691
9.319	0.19401711
9.320	0.19401730
9.321	0.19401750
9.322	0.19401769
9.323	0.19401789
9.324	0.19401808
9.325	0.19401828
9.326	0.19401847
9.327	0.19401867
9.328	0.19401887
9.329	0.19401906
9.330	0.19401926
9.331	0.19401946
9.332	0.19401965
9.333	0.19401985
9.334	0.19402005
9.335	0.19402025
9.336	0.19402045
9.337	0.19402064
9.338	0.19402084
9.339	0.19402104
9.340	0.19402124
9.341	0.19402144
9.342	0.19402164
9.343	0.19402184
9.344	0.19402204
9.345	0.19402224
9.346	0.19402244
9.347	0.19402264
9.348	0.19402284
9.349	0.19402304
9.350	0.19402325
9.351	0.19402345
9.352	0.19402365
9.353	0.19402385
9.354	0.19402405
9.355	0.19402426
9.356	0.19402446
9.357	0.19402466
9.358	0.19402486
9.359	0.19402507
9.360	0.19402527
9.361	0.19402548
9.362	0.19402568
9.363	0.19402588
9.364	0.19402609
9.365	0.19402629
9.366	0.19402650
9.367	0.19402670
9.368	0.19402691
9.369	0.19402711
9.370	0.19402732
9.371	0.19402752
9.372	0.19402773
9.373	0.19402794
9.374	0.19402814
9.375	0.19402835
9.376	0.19402856
9.377	0.19402876
9.378	0.19402897
9.379	0.19402918
9.380	0.19402939
9.381	0.19402959
9.382	0.19402980
9.383	0.19403001
9.384	0.19403022
9.385	0.19403043
9.386	0.19403064
9.387	0.19403084
9.388	0.19403105
9.389	0.19403126
9.390	0.19403147
9.391	0.19403168
9.392	0.19403189
9.393	0.19403210
9.394	0.19403231
9.395	0.19403252
9.396	0.19403273
9.397	0.19403295
9.398	0.19403316
9.399	0.19403337
9.400	0.19403358
9.401	0.19403379
9.402	0.19403400
9.403	0.19403421
9.404	0.19403443
9.405	0.19403464
9.406	0.19403485
9.407	0.19403507
9.408	0.19403528
9.409	0.19403549
9.410	0.19403570
9.411	0.19403592
9.412	0.19403613
9.413	0.19403635
9.414	0.19403656
9.415	0.19403677
9.416	0.19403699
9.417	0.19403720
9.418	0.19403742
9.419	0.19403763
9.420	0.19403785
9.421	0.19403806
9.422	0.19403828
9.423	0.19403849
9.424	0.19403871
9.425	0.19403893
9.426	0.19403914
9.427	0.19403936
9.428	0.19403957
9.429	0.19403979
9.430	0.19404001
9.431	0.19404022
9.432	0.19404044
9.433	0.19404066
9.434	0.19404088
9.435	0.19404109
9.436	0.19404131
9.437	0.19404153
9.438	0.19404175
9.439	0.19404197
9.440	0.19404219
9.441	0.19404240
9.442	0.19404262
9.443	0.19404284
9.444	0.19404306
9.445	0.19404328
9.446	0.19404350
9.447	0.19404372
9.448	0.19404394
9.449	0.19404416
9.450	0.19404438
9.451	0.19404460
9.452	0.19404482
9.453	0.19404504
9.454	0.19404526
9.455	0.19404548
9.456	0.19404570
9.457	0.19404592
9.458	0.19404615
9.459	0.19404637
9.460	0.19404659
9.461	0.19404681
9.462	0.19404703
9.463	0.19404725
9.464	0.19404748
9.465	0.19404770
9.466	0.19404792
9.467	0.19404814
9.468	0.19404837
9.469	0.19404859
9.470	0.19404881
9.471	0.19404904
9.472	0.19404926
9.473	0.19404948
9.474	0.19404971
9.475	0.19404993
9.476	0.19405015
9.477	0.19405038
9.478	0.19405060
9.479	0.19405083
9.480	0.19405105
9.481	0.19405128
9.482	0.19405150
9.483	0.19405173
9.484	0.19405195
9.485	0.19405218
9.486	0.19405240
9.487	0.19405263
9.488	0.19405285
9.489	0.19405308
9.490	0.19405331
9.491	0.19405353
9.492	0.19405376
9.493	0.19405398
9.494	0.19405421
9.495	0.19405444
9.496	0.19405466
9.497	0.19405489
9.498	0.19405512
9.499	0.19405535
9.500	0.19405557
9.501	0.19405580
9.502	0.19405603
9.503	0.19405626
9.504	0.19405648
9.505	0.19405671
9.506	0.19405694
9.507	0.19405717
9.508	0.19405740
9.509	0.19405763
9.510	0.19405785
9.511	0.19405808
9.512	0.19405831
9.513	0.19405854
9.514	0.19405877
9.515	0.19405900
9.516	0.19405923
9.517	0.19405946
9.518	0.19405969
9.519	0.19405992
9.520	0.19406015
9.521	0.19406038
9.522	0.19406061
9.523	0.19406084
9.524	0.19406107
9.525	0.19406130
9.526	0.19406153
9.527	0.19406176
9.528	0.19406199
9.529	0.19406222
9.530	0.19406245
9.531	0.19406268
9.532	0.19406292
9.533	0.19406315
9.534	0.19406338
9.535	0.19406361
9.536	0.19406384
9.537	0.19406407
9.538	0.19406431
9.539	0.19406454
9.540	0.19406477
9.541	0.19406500
9.542	0.19406524
9.543	0.19406547
9.544	0.19406570
9.545	0.19406593
9.546	0.19406617
9.547	0.19406640
9.548	0.19406663
9.549	0.19406687
9.550	0.19406710
9.551	0.19406733
9.552	0.19406757
9.553	0.19406780
9.554	0.19406803
9.555	0.19406827
9.556	0.19406850
9.557	0.19406874
9.558	0.19406897
9.559	0.19406920
9.560	0.19406944
9.561	0.19406967
9.562	0.19406991
9.563	0.19407014
9.564	0.19407038
9.565	0.19407061
9.566	0.19407085
9.567	0.19407108
9.568	0.19407132
9.569	0.19407155
9.570	0.19407179
9.571	0.19407202
9.572	0.19407226
9.573	0.19407249
9.574	0.19407273
9.575	0.19407297
9.576	0.19407320
9.577	0.19407344
9.578	0.19407367
9.579	0.19407391
9.580	0.19407415
9.581	0.19407438
9.582	0.19407462
9.583	0.19407486
9.584	0.19407509
9.585	0.19407533
9.586	0.19407557
9.587	0.19407580
9.588	0.19407604
9.589	0.19407628
9.590	0.19407652
9.591	0.19407675
9.592	0.19407699
9.593	0.19407723
9.594	0.19407747
9.595	0.19407770
9.596	0.19407794
9.597	0.19407818
9.598	0.19407842
9.599	0.19407865
9.600	0.19407889
9.601	0.19407913
9.602	0.19407937
9.603	0.19407961
9.604	0.19407985
9.605	0.19408008
9.606	0.19408032
9.607	0.19408056
9.608	0.19408080
9.609	0.19408104
9.610	0.19408128
9.611	0.19408152
9.612	0.19408176
9.613	0.19408200
9.614	0.19408224
9.615	0.19408247
9.616	0.19408271
9.617	0.19408295
9.618	0.19408319
9.619	0.19408343
9.620	0.19408367
9.621	0.19408391
9.622	0.19408415
9.623	0.19408439
9.624	0.19408463
9.625	0.19408487
9.626	0.19408511
9.627	0.19408535
9.628	0.19408559
9.629	0.19408583
9.630	0.19408607
9.631	0.19408631
9.632	0.19408656
9.633	0.19408680
9.634	0.19408704
9.635	0.19408728
9.636	0.19408752
9.637	0.19408776
9.638	0.19408800
9.639	0.19408824
9.640	0.19408848
9.641	0.19408872
9.642	0.19408897
9.643	0.19408921
9.644	0.19408945
9.645	0.19408969
9.646	0.19408993
9.647	0.19409017
9.648	0.19409042
9.649	0.19409066
9.650	0.19409090
9.651	0.19409114
9.652	0.19409138
9.653	0.19409163
9.654	0.19409187
9.655	0.19409211
9.656	0.19409235
9.657	0.19409260
9.658	0.19409284
9.659	0.19409308
9.660	0.19409332
9.661	0.19409357
9.662	0.19409381
9.663	0.19409405
9.664	0.19409430
9.665	0.19409454
9.666	0.19409478
9.667	0.19409502
9.668	0.19409527
9.669	0.19409551
9.670	0.19409575
9.671	0.19409600
9.672	0.19409624
9.673	0.19409648
9.674	0.19409673
9.675	0.19409697
9.676	0.19409722
9.677	0.19409746
9.678	0.19409770
9.679	0.19409795
9.680	0.19409819
9.681	0.19409844
9.682	0.19409868
9.683	0.19409892
9.684	0.19409917
9.685	0.19409941
9.686	0.19409966
9.687	0.19409990
9.688	0.19410014
9.689	0.19410039
9.690	0.19410063
9.691	0.19410088
9.692	0.19410112
9.693	0.19410137
9.694	0.19410161
9.695	0.19410186
9.696	0.19410210
9.697	0.19410235
9.698	0.19410259
9.699	0.19410284
9.700	0.19410308
9.701	0.19410333
9.702	0.19410357
9.703	0.19410382
9.704	0.19410406
9.705	0.19410431
9.706	0.19410455
9.707	0.19410480
9.708	0.19410504
9.709	0.19410529
9.710	0.19410554
9.711	0.19410578
9.712	0.19410603
9.713	0.19410627
9.714	0.19410652
9.715	0.19410676
9.716	0.19410701
9.717	0.19410726
9.718	0.19410750
9.719	0.19410775
9.720	0.19410799
9.721	0.19410824
9.722	0.19410849
9.723	0.19410873
9.724	0.19410898
9.725	0.19410923
9.726	0.19410947
9.727	0.19410972
9.728	0.19410997
9.729	0.19411021
9.730	0.19411046
9.731	0.19411071
9.732	0.19411095
9.733	0.19411120
9.734	0.19411145
9.735	0.19411169
9.736	0.19411194
9.737	0.19411219
9.738	0.19411243
9.739	0.19411268
9.740	0.19411293
9.741	0.19411317
9.742	0.19411342
9.743	0.19411367
9.744	0.19411391
9.745	0.19411416
9.746	0.19411441
9.747	0.19411466
9.748	0.19411490
9.749	0.19411515
9.750	0.19411540
9.751	0.19411565
9.752	0.19411589
9.753	0.19411614
9.754	0.19411639
9.755	0.19411664
9.756	0.19411688
9.757	0.19411713
9.758	0.19411738
9.759	0.19411763
9.760	0.19411787
9.761	0.19411812
9.762	0.19411837
9.763	0.19411862
9.764	0.19411887
9.765	0.19411911
9.766	0.19411936
9.767	0.19411961
9.768	0.19411986
9.769	0.19412011
9.770	0.19412035
9.771	0.19412060
9.772	0.19412085
9.773	0.19412110
9.774	0.19412135
9.775	0.19412159
9.776	0.19412184
9.777	0.19412209
9.778	0.19412234
9.779	0.19412259
9.780	0.19412284
9.781	0.19412309
9.782	0.19412333
9.783	0.19412358
9.784	0.19412383
9.785	0.19412408
9.786	0.19412433
9.787	0.19412458
9.788	0.19412483
9.789	0.19412507
9.790	0.19412532
9.791	0.19412557
9.792	0.19412582
9.793	0.19412607
9.794	0.19412632
9.795	0.19412657
9.796	0.19412682
9.797	0.19412706
9.798	0.19412731
9.799	0.19412756
9.800	0.19412781
9.801	0.19412806
9.802	0.19412831
9.803	0.19412856
9.804	0.19412881
9.805	0.19412906
9.806	0.19412931
9.807	0.19412956
9.808	0.19412980
9.809	0.19413005
9.810	0.19413030
9.811	0.19413055
9.812	0.19413080
9.813	0.19413105
9.814	0.19413130
9.815	0.19413155
9.816	0.19413180
9.817	0.19413205
9.818	0.19413230
9.819	0.19413255
9.820	0.19413280
9.821	0.19413305
9.822	0.19413330
9.823	0.19413355
9.824	0.19413379
9.825	0.19413404
9.826	0.19413429
9.827	0.19413454
9.828	0.19413479
9.829	0.19413504
9.830	0.19413529
9.831	0.19413554
9.832	0.19413579
9.833	0.19413604
9.834	0.19413629
9.835	0.19413654
9.836	0.19413679
9.837	0.19413704
9.838	0.19413729
9.839	0.19413754
9.840	0.19413779
9.841	0.19413804
9.842	0.19413829
9.843	0.19413854
9.844	0.19413879
9.845	0.19413904
9.846	0.19413929
9.847	0.19413954
9.848	0.19413979
9.849	0.19414004
9.850	0.19414029
9.851	0.19414054
9.852	0.19414079
9.853	0.19414104
9.854	0.19414129
9.855	0.19414154
9.856	0.19414179
9.857	0.19414204
9.858	0.19414229
9.859	0.19414254
9.860	0.19414279
9.861	0.19414304
9.862	0.19414329
9.863	0.19414354
9.864	0.19414379
9.865	0.19414404
9.866	0.19414429
9.867	0.19414454
9.868	0.19414479
9.869	0.19414504
9.870	0.19414529
9.871	0.19414554
9.872	0.19414579
9.873	0.19414604
9.874	0.19414629
9.875	0.19414654
9.876	0.19414679
9.877	0.19414704
9.878	0.19414729
9.879	0.19414754
9.880	0.19414779
9.881	0.19414804
9.882	0.19414829
9.883	0.19414854
9.884	0.19414879
9.885	0.19414904
9.886	0.19414929
9.887	0.19414954
9.888	0.19414979
9.889	0.19415004
9.890	0.19415029
9.891	0.19415054
9.892	0.19415079
9.893	0.19415104
9.894	0.19415129
9.895	0.19415154
9.896	0.19415179
9.897	0.19415204
9.898	0.19415229
9.899	0.19415254
9.900	0.19415279
9.901	0.19415304
9.902	0.19415329
9.903	0.19415354
9.904	0.19415378
9.905	0.19415403
9.906	0.19415428
9.907	0.19415453
9.908	0.19415478
9.909	0.19415503
9.910	0.19415528
9.911	0.19415553
9.912	0.19415578
9.913	0.19415603
9.914	0.19415628
9.915	0.19415653
9.916	0.19415678
9.917	0.19415703
9.918	0.19415728
9.919	0.19415753
9.920	0.19415778
9.921	0.19415803
9.922	0.19415828
9.923	0.19415853
9.924	0.19415878
9.925	0.19415903
9.926	0.19415928
9.927	0.19415953
9.928	0.19415978
9.929	0.19416003
9.930	0.19416027
9.931	0.19416052
9.932	0.19416077
9.933	0.19416102
9.934	0.19416127
9.935	0.19416152
9.936	0.19416177
9.937	0.19416202
9.938	0.19416227
9.939	0.19416252
9.940	0.19416277
9.941	0.19416302
9.942	0.19416327
9.943	0.19416352
9.944	0.19416376
9.945	0.19416401
9.946	0.19416426
9.947	0.19416451
9.948	0.19416476
9.949	0.19416501
9.950	0.19416526
9.951	0.19416551
9.952	0.19416576
9.953	0.19416601
9.954	0.19416626
9.955	0.19416650
9.956	0.19416675
9.957	0.19416700
9.958	0.19416725
9.959	0.19416750
9.960	0.19416775
9.961	0.19416800
9.962	0.19416825
9.963	0.19416849
9.964	0.19416874
9.965	0.19416899
9.966	0.19416924
9.967	0.19416949
9.968	0.19416974
9.969	0.19416999
9.970	0.19417023
9.971	0.19417048
9.972	0.19417073
9.973	0.19417098
9.974	0.19417123
9.975	0.19417148
9.976	0.19417172
9.977	0.19417197
9.978	0.19417222
9.979	0.19417247
9.980	0.19417272
9.981	0.19417297
9.982	0.19417321
9.983	0.19417346
9.984	0.19417371
9.985	0.19417396
9.986	0.19417421
9.987	0.19417445
9.988	0.19417470
9.989	0.19417495
9.990	0.19417520
9.991	0.19417544
9.992	0.19417569
9.993	0.19417594
9.994	0.19417619
9.995	0.19417644
9.996	0.19417668
9.997	0.19417693
9.998	0.19417718
9.999	0.19417743
10.000	0.19417767
