0.99645437
0.99692142
0.99669818
0.99938729
0.96331900
0.83470166
0.84947768
0.98817459
0.87011348
0.99370121
0.80319909
0.99681581
0.93406376
0.88543855
0.88424041
0.99801869
0.99093678
0.93156873
0.97320112
0.98124568
0.82715983
0.97401876
0.94297457
0.98641425
0.86325854
0.94399247
0.97222642
0.99142183
0.86473116
0.81131519
0.94949320
0.96771620
0.94110565
0.81959485
0.99843029
0.99492001
0.98419209
0.85677643
0.88020469
0.91402096
0.90046259
0.99404765
0.86658477
0.88292002
0.99406926
0.99166789
0.93902096
0.99713745
0.93285675
0.89927833
0.99458834
0.99385993
0.80267112
0.99446859
0.89407413
0.85904822
0.89507415
0.99733802
0.84463751
0.81094154
0.98229732
0.79520602
0.99803130
0.85538150
0.99609616
0.91067841
0.96689110
0.86522671
0.98866762
0.91224846
0.98102169
0.98974591
0.92861117
0.99650286
0.90653091
0.89962327
0.96617484
0.98221941
0.99369923
0.83278919
0.97400852
0.96879129
0.86025326
0.99239711
0.97506142
0.96764705
0.98407097
0.91077924
0.97287107
0.99628009
0.98817168
0.95980162
0.97817422
0.96748056
0.87991468
0.82118815
0.80073885
0.99574375
0.93172023
0.96881223
0.89831373
0.89979490
0.99259231
0.99641075
0.99394448
0.86318068
0.92098676
0.90725105
0.86409849
0.99044021
0.97188256
0.99641766
0.92633594
0.98496827
0.97810615
0.97790894
0.83168755
0.86170078
0.98909165
0.86855951
0.98838567
0.99330324
0.98325254
0.93681865
0.99166956
0.95633559
0.83217221
0.84407381
0.82314411
0.99801887
0.99334366
0.88219998
0.99084592
0.97590128
0.99718606
0.98148284
0.94432268
0.96356239
0.96642310
0.96259140
0.99567065
0.83386585
0.99813497
0.87950352
0.98141380
0.93412323
0.97250816
0.81916244
0.91536965
0.94907029
0.82073108
0.97547027
0.98962232
0.94391853
0.85229626
0.98418132
0.97271032
0.99230628
0.98834300
0.97591081
0.97741250
0.88318669
0.92838934
0.85349820
0.98607602
0.90512396
0.98605020
0.94945648
0.98384849
0.99603885
0.95570180
0.85865068
0.98952165
0.99933565
0.97276805
0.99188784
0.99175483
0.95816136
0.99894255
0.98520918
0.92278181
0.99192001
0.99915671
0.93172634
0.96362752
0.94707397
0.96650304
0.99723536
0.99339159
0.80961658
0.97442037
0.97566780
0.98610934
0.99392765
0.87709408
0.98206307
0.98724469
0.91876483
0.89331438
0.86148577
0.83086305
0.93285586
0.96911097
0.80652050
0.99099469
0.87921698
0.97877689
0.89301880
0.86237068
0.98938386
0.91520791
0.99542205
0.99335883
0.85310862
0.99174066
0.96514222
0.89762421
0.94025769
0.99692623
0.97738487
0.96912990
0.81550759
0.96438144
0.95467562
0.98757226
0.99397325
0.98394573
0.97819376
0.83099140
0.98971915
0.99430548
0.80615894
0.99265357
0.94396650
0.92948405
0.99526073
0.99063278
0.94505105
0.99778016
0.92106266
0.99082833
0.95608523
0.99377098
0.97687550
0.91423969
0.92428082
0.98220225
0.98039726
0.89242188
0.96372199
0.98360588
0.92035924
0.98702129
0.86216739
0.98365575
0.98150773
0.80786331
0.95432399
0.85134492
0.93569222
0.84428347
0.80174755
0.98542781
0.83674551
0.98352264
0.98788908
0.98154559
0.94718370
0.90481232
0.95943348
0.99472685
0.98660224
0.89832642
0.83508605
0.85587763
0.91877677
0.92213964
0.87013709
0.99658621
0.93026180
0.87946979
0.88225118
0.93620530
0.99607757
0.87600858
0.98690009
0.96647579
0.98705243
0.95353121
0.93328789
0.84145898
0.98069254
0.98018898
0.99787052
0.96334402
0.99759546
0.97109126
0.97621474
0.98487162
0.92898696
0.99636188
0.99729527
0.83732566
0.99901226
0.94626802
0.95634337
0.97441967
0.97813357
0.90374442
0.94064348
0.90313383
0.94828830
0.88306335
0.80927613
0.90221719
0.98362467
0.96184416
0.93325727
0.96929945
0.99005176
0.95817077
0.94888310
0.99310350
0.97577814
0.99779372
0.98395944
0.97865178
0.85570678
0.94566264
0.88286934
0.86089419
0.99710654
0.99889421
0.92267018
0.95535284
0.83349528
0.95369332
0.87367905
0.94470208
0.91182368
0.99758103
0.88392335
0.94215573
0.84707048
0.94389440
0.98987833
0.99578401
0.95256887
0.98058752
0.82264732
0.94014470
0.99870454
0.98109394
0.99097312
0.87845935
0.99277423
0.89836945
0.99361563
0.97783976
0.97006651
0.97749657
0.98232018
0.98289952
0.99161563
0.93308868
0.97143604
0.97674461
0.99541283
0.88349767
0.96420653
0.92856812
0.94238996
0.84388962
0.94927111
0.94919387
0.87908396
0.81980186
0.97951959
0.81115280
0.97934674
0.93845101
0.96194874
0.82803722
0.93504207
0.98749713
0.97000743
0.91657958
0.84427924
0.96004114
0.99860482
0.90306667
0.94351738
0.93708909
0.97120917
0.98309863
0.98097270
0.84850563
0.87754026
0.87121690
0.93898921
0.85919731
0.97436785
0.89423507
0.98712496
0.86250252
0.99515895
0.99501139
0.91518724
0.93365720
0.87378184
0.94926864
0.98709818
0.98396871
0.81380958
0.95085010
0.93936474
0.97477634
0.98850760
0.90208766
0.82317547
0.92033788
0.99253809
0.85574556
0.97997457
0.98598592
0.83726326
0.96367050
0.98196341
0.96263217
0.98396958
0.96262516
0.91746136
0.98990392
0.97735723
0.94353868
0.99705339
0.91264235
0.90153536
0.98930042
0.95108634
0.99152545
0.99807524
0.99352212
0.98950950
0.95864390
0.86521278
0.98338478
0.99605423
0.85867164
0.95596699
0.99715638
0.96757242
0.98520324
0.99334640
0.97909110
0.95081465
0.98833189
0.96832723
0.86850180
0.92989596
0.99762485
0.98764525
0.81844311
0.88382390
0.98523985
0.99052764
0.96501897
0.96643981
0.92880133
0.99102742
0.97577829
0.89010642
0.99518075
0.88134831
0.97160661
0.97449587
0.93904501
0.97560427
0.98849705
0.97217449
0.96354009
0.97144293
0.84709863
0.92732741
0.99419074
0.99889018
0.98426316
0.96346265
0.98594519
0.99061084
0.99358814
0.98625194
0.91281593
0.98876118
0.98011392
0.91421435
0.99634680
0.87681993
0.84882948
0.99046314
0.83115811
0.97270529
0.93104289
0.98200932
0.99897326
0.97686754
0.98824667
0.81411357
0.83020715
0.93605233
0.88688509
0.82185582
0.85846961
0.89986195
0.99121070
0.99567549
0.81783911
0.80044076
0.99628751
0.89164166
0.95304790
0.82173316
0.91915320
0.86044951
0.95874677
0.90922928
0.98391800
0.93984322
0.99362466
0.98603145
0.95784144
0.98769265
0.87138166
0.84778399
0.96175911
0.99243372
0.99047443
0.99308021
0.98638190
0.91793139
0.84691318
0.99264141
0.95288407
0.95051160
0.96025638
0.96552380
0.99254700
0.99932187
0.98479201
0.98987434
0.96589842
0.94461038
0.97493609
0.96116358
0.96685184
0.85314789
0.85150562
0.93482135
0.96161505
0.83201693
0.84661612
0.80815824
0.98825228
0.98267973
0.99226819
0.97804494
0.99279904
0.97898183
0.88440064
0.98215160
0.97797801
0.97293587
0.98612213
0.99215476
0.89237046
0.98526503
0.98364602
0.85064031
0.81465601
0.98853702
0.93989837
0.98132264
0.91898024
0.99527271
0.98792953
0.98702487
0.99606622
0.97036936
0.94653377
0.99317541
0.99504632
0.90227705
0.89492629
0.98539971
0.98118779
0.96263833
0.88496065
0.88338869
0.98736402
0.98966847
0.97167544
0.97594336
0.99194333
0.99843856
0.98992458
0.96774647
0.82478284
0.98729542
0.97894644
0.87398527
0.98743317
0.96920810
0.97988916
0.95195239
0.81472137
0.99771626
0.81837231
0.90053554
0.98638117
0.93412352
0.95946974
0.98573546
0.99599802
0.88011874
0.84809058
0.97681314
0.98288411
0.90526860
0.98964375
0.99877935
0.99418451
0.96635413
0.99376865
0.92331906
0.98603658
0.95887287
0.98094257
0.97327037
0.83312155
0.89695221
0.88188408
0.97544397
0.93127899
0.87341044
0.91686000
0.82658222
0.98562520
0.98524854
0.99081444
0.99814170
0.92464828
0.88739879
0.92992644
0.98055896
0.99382152
0.98934837
0.98858215
0.98936925
0.96215845
0.98861567
0.86452295
0.81777595
0.98137837
0.83154268
0.99155080
0.98920664
0.80313469
0.85610838
0.93785685
0.98608097
0.81223830
0.99811152
0.82477611
0.86386492
0.93536657
0.97647704
0.89004582
0.99701881
0.99157749
0.93956557
0.89992022
0.92947179
0.86866625
0.93612678
0.98740616
0.96160838
0.93318901
0.98807244
0.93762485
0.89662928
0.99215686
0.94306806
0.97742844
0.98615939
0.93641326
0.96830869
0.94865680
0.99884672
0.97232971
0.79739388
0.95105301
0.91560232
0.98960859
0.98069445
0.98710895
0.94093819
0.83846492
0.98586443
0.92520304
0.96366397
0.98996433
0.89252347
0.89844454
0.92153852
0.96875899
0.88163842
0.92461690
0.95202687
0.97577708
0.92616248
0.98343637
0.96622953
0.98499838
0.83227225
0.86322370
0.96815802
0.97680241
0.93133517
0.99925630
0.99516209
0.84208893
0.97703227
0.93593942
0.99273731
0.91349284
0.97941336
0.99559621
0.97388290
0.99502177
0.99476501
0.83556938
0.99031669
0.86189695
0.93724578
0.86028617
0.96972817
0.98352516
0.98743542
0.98036700
0.94781520
0.94802494
0.95310020
0.92271164
0.95048657
0.96045972
0.96719111
0.94948696
0.98953830
0.95991471
0.87596788
0.99099295
0.98992018
0.99899886
0.99899756
0.95190847
0.88094475
0.99869243
0.82969517
0.91196877
0.90825786
0.94914600
0.95441819
0.96337037
0.98942093
0.95949009
0.90273496
0.94260740
0.96608458
0.85865415
0.88487066
0.94267143
0.98599007
0.87181921
0.95893911
0.97354007
0.99806955
0.98213402
0.97122690
0.97473089
0.96510044
0.98374345
0.94604282
0.95500209
0.98769032
0.97880801
0.98416101
0.98622885
0.97806140
0.94485025
0.96432126
0.99133874
0.95148031
0.99617418
0.92502356
0.93885115
0.87905496
0.99447537
0.90830511
0.96419644
0.99311119
0.99585899
0.99735412
0.99511728
0.98364108
0.89960331
0.92587139
0.96806906
0.92838360
0.92566373
0.81236572
0.86342635
0.85191437
0.99130969
0.99519215
0.97799118
0.85734240
0.95201184
0.99207067
0.99872357
0.99049262
0.99130162
0.99096023
0.98233673
0.81887563
0.97294147
0.86610815
0.98980562
0.97771360
0.90935134
0.92613590
0.99670912
0.99746163
0.98138707
0.99832988
0.97939267
0.93281674
0.94265225
0.81431119
0.95296347
0.99400469
0.98656830
0.89683588
0.86538297
0.98727770
0.98955177
0.86140910
0.99583105
0.97039860
0.93149289
0.95238819
0.92481644
0.87679614
0.89880513
0.93215968
0.99577611
0.98917032
0.99267356
0.92541778
0.83643580
0.99473382
0.99771220
0.99566854
0.96625446
0.82046171
0.85656901
0.85654720
0.97689860
0.80848980
0.85773112
0.99875883
0.99758743
0.93260088
0.97786149
0.96531820
0.93867486
0.98949921
0.99882484
0.99285873
0.99388126
0.93707154
0.98640378
0.86458171
0.98853815
0.99538252
0.89643390
0.99714296
0.96908702
0.99849199
0.99534858
0.99624355
0.96602528
0.85288093
0.83816410
0.97626460
0.99733641
0.87789625
0.94112935
0.89546019
0.96433062
0.97079173
0.87219853
0.96942168
0.93334366
0.92013048
0.99468721
0.88600926
0.92640974
0.88393819
0.84596846
0.97305093
0.99628690
0.99086998
0.80404999
0.97565531
0.90282097
0.94939912
0.89111696
0.92441999
0.92814452
0.97556781
0.98322759
0.99415222
0.98580035
0.91568676
0.94146598
0.84509282
0.79351432
0.89064232
0.92542016
0.99293289
0.95985980
0.96950337
0.88223191
0.95792362
0.99612778
0.93280928
0.98743252
0.91061603
0.94902008
0.99277360
0.87016460
0.98364691
0.89004044
0.97256349
0.95169493
0.99486631
0.99780402
0.99416286
0.98150777
0.98665165
0.84209879
0.96936735
0.97948043
0.79118792
0.98441500
0.90779886
0.93249064
0.92449839
0.95080223
0.99898209
0.89982699
0.94088612
0.99158230
0.89356016
0.98667626
0.95292734
0.94494283
0.98449389
0.99576727
0.99464831
0.96179593
0.94857647
0.98181757
0.98140296
0.96849035
0.93020953
0.99185037
0.99845711
0.96264694
0.86054945
0.89685252
0.99667561
0.99747552
0.98133802
0.99852401
0.94361046
0.99231982
0.95481190
0.95835152
0.99574206
0.97221904
0.99572149
0.99131095
0.92073575
0.98416659
0.89281282
0.97851610
0.99692153
0.90740159
0.98378065
0.98520269
0.92426685
0.86783226
0.92888744
0.98306668
0.99579883
0.99335898
0.99453691
0.99222884
0.81379255
0.86360217
0.94130356
0.98873266
0.98534791
0.83013403
0.81506937
0.85106378
0.87084385
0.95674196
0.89974244
0.82688891
0.94485779
0.99195794
0.98516074
0.87089079
0.90912734
0.87168515
0.99566281
0.88737485
0.99870416
0.99964824
0.99376819
0.99826795
0.99395230
0.99496397
0.84727357
0.92088961
0.98890166
0.97859269
0.98826286
0.92542993
0.89636483
0.99822578
0.93160963
0.80151031
0.94648825
0.86912078
0.98869719
0.97455114
0.91129767
0.95318411
0.96534159
0.98977818
0.90141655
0.98181050
0.81781144
0.91183631
0.96818790
0.91225241
0.97120200
0.89013992
0.98778657
0.99778722
0.95028045
0.79066247
0.99508506
0.90379425
0.96408581
0.96024318
0.99909816
0.95374668
0.99743725
0.87830759
0.93447841
0.94763632
0.98024754
0.97322039
0.92219971
0.97595914
0.97099046
0.94279381
0.98965251
0.95575130
0.83696493
0.86993948
0.99120188
0.99176783
0.98141943
0.99855816
0.96904397
0.98635792
0.95316985
0.93160001
0.98874336
0.99139135
0.99028382
0.99537234
0.87629526
0.99455805
0.87666568
0.90783348
0.86641045
0.99528479
0.96314450
0.93360488
0.91083217
0.91525598
0.99775849
0.93426146
0.82916127
0.91992654
0.90155576
0.90191713
0.97591454
0.88374424
0.80335849
0.92094051
0.94815646
0.96139242
0.82576380
0.98929916
0.90025986
0.93888813
0.91598516
0.95980360
0.99431429
0.99456069
0.96555989
0.85328674
0.80828433
0.95772173
0.98991742
0.89050695
0.98595984
0.86167204
0.99528793
0.97064092
0.95724317
0.90685524
0.98538350
0.96687702
0.96986061
0.94827306
0.89360691
0.86030072
0.99534335
0.99845962
0.91742330
0.97592700
0.93775734
0.95218766
0.98515276
0.84361424
0.80904028
0.98126167
0.99711020
0.86935418
0.94792305
0.98809188
0.85467778
0.90437143
0.94572630
0.98443508
0.97939906
0.98478738
0.82205990
0.98986302
0.96229021
0.96178104
0.99933938
0.99490877
0.97511643
0.91510953
0.84953268
0.91807367
0.85067624
0.96671617
0.92388723
0.99635654
0.95084144
0.81020013
0.97190298
0.99542577
0.98904893
0.98690046
0.98577925
0.99252227
0.87537672
0.98109582
0.98546404
0.80851244
0.95954009
0.91120481
0.99444487
0.92083852
0.97402293
0.99413263
0.86253224
0.97788529
0.97487914
0.98999331
0.96976871
0.90686254
0.99268507
0.83283734
0.88627887
0.98639318
0.92773672
0.90869984
0.99036552
0.99678767
0.98693348
0.98494932
0.99681532
0.93696461
0.96634083
0.99800085
0.90042178
0.79653288
0.99471037
0.99478423
0.99479167
0.92808363
0.98624559
0.96635116
0.84616137
0.96980562
0.99443280
0.88278687
0.95471730
0.96687216
0.99278250
0.89253411
0.97622043
0.81311756
0.95608896
0.93786595
0.92265455
0.94752648
0.92896929
0.83424761
0.89633156
0.92806540
0.86632593
0.98892906
0.98835156
0.90957800
0.99115039
0.87210386
0.89399408
0.99304443
0.98770089
0.95910316
0.95568463
0.92059806
0.82994941
0.84673868
0.92629900
0.98619893
0.90208088
0.98859770
0.99027899
0.99083169
0.95038002
0.98093313
0.96486057
0.98413852
0.99259844
0.99398406
0.92698119
0.87939657
0.99112797
0.97583931
0.97413015
0.99094314
0.99740616
0.94368981
0.99274983
0.98394252
0.88800950
0.94235469
0.83271601
0.83782355
0.99210579
0.98833658
0.95323331
0.91949925
0.99886387
0.81910627
0.86526246
0.97570752
0.81608071
0.99723492
0.92600906
0.91999858
0.98128498
0.84461749
0.87310726
0.99671151
0.97890135
0.95986197
0.99654298
0.94143650
0.90903868
0.84994723
0.98167894
0.98107453
0.99233203
0.99370791
0.93532036
0.99418874
0.96517976
0.81659101
0.99186409
0.99638093
0.91446377
0.99679631
0.94386019
0.98354983
0.98909991
0.99205168
0.98429587
0.98107467
0.92753044
0.98872572
0.95903150
0.96972841
0.85874062
0.89223457
0.94947991
0.84793542
0.98206538
0.95844552
0.97770634
0.88663909
0.99535695
0.83254397
0.88968786
0.86062301
0.95753623
0.93601361
0.89151961
0.83495254
0.85484545
0.98355292
0.91315828
0.99171644
0.92552887
0.97251591
0.94526703
0.99457133
0.98659731
0.99603273
0.97285339
0.98663228
0.93146250
0.99784688
0.98219232
0.96831626
0.96362309
0.95911226
0.99060489
0.82361217
0.94969213
0.97711917
0.95889163
0.98204704
0.91982481
0.98501585
0.95032188
0.87002294
0.99587771
0.98250962
0.99068906
0.99449564
0.94321419
0.92764995
0.94721175
0.97672388
0.99024698
0.99499356
0.87808846
0.99871571
0.99643792
0.99499562
0.90353515
0.83851618
0.99863782
0.95483475
0.87817347
0.98854173
0.87480968
0.98222365
0.97423250
0.92043455
0.98616841
0.99274805
0.95692505
0.93709756
0.80532252
0.98492712
0.94960275
0.97481765
0.98635096
0.82854059
0.97330956
0.99172803
0.94168774
0.96745286
0.99362521
0.99777972
0.82001064
0.87442491
0.99402814
0.86746656
0.99220799
0.99008153
0.93105925
0.97151843
0.89638662
0.83203889
0.99073212
0.98001584
0.99047775
0.97040138
0.97972989
0.99098240
0.99551033
0.92430511
0.99930816
0.84610042
0.99632241
0.92440061
0.85570095
0.87620695
0.95866948
0.97936963
0.95867599
0.92270150
0.89075255
0.93920657
0.84045746
0.99113262
0.98036520
0.88791035
0.90207374
0.99861434
0.99477346
0.81262865
0.99484970
0.86764973
0.94026606
0.99044006
0.88599805
0.98550187
0.99015882
0.97888967
0.94204421
0.83839110
0.98293290
0.85066180
0.92288991
0.96465120
0.96543389
0.97616964
0.98423141
0.97796688
0.86837572
0.95657949
0.99027584
0.96185749
0.96822464
0.98832704
0.98077284
0.82594545
0.97039216
0.98209004
0.93343694
0.96579032
0.88920344
0.88811947
0.94662927
0.88676180
0.98406113
0.87070504
0.98411901
0.99745950
0.95923359
0.99257732
0.91211576
0.99756859
0.99741767
0.90078462
0.98577422
0.88756675
0.82578736
0.88948037
0.93413666
0.93202274
0.88828431
0.96304690
0.99037222
0.99758174
0.97491659
0.95920938
0.84233552
0.94540074
0.99828873
0.96801758
0.92125171
0.80215146
0.80372861
0.92542334
0.99896416
0.97368935
0.93721027
0.97007591
0.97239885
0.90086396
0.81015228
0.97720513
0.97840185
0.91536462
0.86739318
0.96397433
0.92406895
0.97278830
0.97654125
0.80687671
0.96063315
0.83842889
0.98824466
0.80939696
0.97307266
0.91783624
0.85226458
0.99671146
0.99463517
0.99768306
0.96056718
0.94134978
0.97571844
0.89457232
0.97220739
0.78951716
0.94097726
0.92739290
0.93869843
0.99420485
0.89476459
0.98755355
0.94584353
0.93625387
0.95744521
0.82159339
0.99935436
0.99354676
0.99696167
0.87821643
0.98926124
0.98733433
0.93649968
0.92699150
0.99052889
0.91866485
0.99164144
0.97949997
0.88314829
0.89848424
0.91507988
0.98802750
0.83491382
0.96308739
0.95800698
0.97723960
0.82289529
0.98016566
0.94777409
0.82558285
0.99666647
0.99483623
0.82869891
0.91987271
0.92626114
0.95772557
0.98154332
0.91971882
0.99427701
0.97070713
0.99123757
0.98595896
0.99174707
0.99013218
0.92052737
0.98649723
0.95767125
0.98870063
0.97307749
0.99302631
0.99691544
0.92470238
0.91969724
0.89748658
0.81806212
0.99109655
0.86670852
0.97419514
0.99171398
0.95536931
0.80117381
0.94833399
0.92819908
0.83953054
0.98780577
0.99233335
0.82403288
0.94049320
0.99689886
0.84320677
0.99951047
0.96057073
0.97790740
0.82903908
0.99669859
0.99130635
0.87360683
0.87240829
0.97986806
0.82629343
0.97074599
0.99816869
0.99150035
0.96566032
0.99665501
0.99763392
0.89606066
0.82526732
0.99768483
0.92569260
0.88550387
0.99698153
0.81718963
0.90064449
0.94818886
0.99207760
0.99563739
0.98637841
0.98484144
0.99791361
0.94978835
0.98310715
0.99646087
0.90397124
0.80883067
0.97845116
0.98207731
0.88272461
0.96480576
0.98402667
0.94866974
0.96021949
0.98705917
0.87989278
0.85028183
0.99018768
0.91925974
0.99019339
0.91912917
0.93313505
0.97573733
0.93938342
0.92385878
0.91635821
0.99261152
0.81045142
0.81444933
0.99924195
0.92761156
0.90524436
0.99926169
0.79474532
0.97228824
0.97775258
0.92479778
0.89459911
0.89783512
0.97482113
0.98805729
0.98542450
0.98049843
0.96517795
0.97805877
0.98423320
0.96623735
0.80356374
0.94051315
0.98834957
0.93098763
0.88639767
0.98656186
0.96470491
0.91755509
0.83455905
0.92942751
0.95789428
0.92142507
0.87268664
0.95734192
0.99526151
0.95789421
0.96614090
0.94599161
0.97802722
0.96467238
0.95578502
0.92963034
0.88586914
0.90490484
0.90302839
0.99428854
0.98296644
0.99313997
0.82874785
0.84391319
0.86753150
0.95260684
0.98985710
0.97677821
0.94867935
0.96703241
0.90589660
0.80653573
0.97245077
0.83456602
0.96320515
0.83146991
0.94509339
0.94597059
0.96716555
0.93017339
0.94591913
0.88356470
0.98618801
0.89283068
0.92989230
0.99585131
0.96580699
0.98878064
0.99157385
0.99157742
0.96538552
0.89720199
0.91500372
0.99941746
0.96253797
0.83921292
0.94655751
0.90149762
0.97742588
0.93565138
0.82734907
0.98798052
0.91279791
0.92951381
0.98164954
0.98209789
0.99229663
0.99327723
0.98312162
0.97118755
0.92150330
0.86136121
0.98819256
0.98980213
0.86712580
0.86649620
0.98246557
0.93152735
0.98053928
0.83117046
0.97539747
0.91608452
0.96648049
0.99440073
0.95371314
0.92577873
0.89657152
0.99644196
0.92062323
0.99243657
0.91202196
0.89876948
0.91095299
0.99561136
0.91260338
0.93238834
0.99422959
0.99492587
0.97453637
0.97895980
0.99803146
0.84689319
0.93389841
0.91311194
0.91592406
0.79308397
0.94452513
0.83326707
0.90062962
0.84096983
0.96866787
0.98161728
0.89983102
0.97522063
0.92326406
0.97016554
0.81495402
0.98456945
0.99047705
0.95044170
0.96823278
0.99109765
0.97392028
0.94217502
0.96574708
0.95187319
0.98928615
0.98930128
0.86420448
0.99834313
0.93893032
0.90065982
0.99686304
0.99091903
0.98215532
0.81793821
0.97101893
0.98885364
0.95715893
0.96717472
0.99314396
0.93883795
0.98361782
0.80544677
0.99648039
0.98842861
0.97051347
0.94298058
0.83722241
0.91617607
0.95260685
0.99287525
0.90316981
0.99427351
0.97338834
0.87502637
0.87054006
0.99337671
0.97841356
0.89384362
0.99731285
0.98790349
0.96830593
0.96777616
0.96990146
0.98681667
0.98277945
0.85251458
0.93797189
0.96334627
0.81724902
0.97529820
0.98782494
0.96682978
0.96142501
0.96750645
0.82886662
0.82142331
0.90356184
0.94613532
0.99303468
0.92640700
0.96430743
0.83743389
0.93256564
0.79246886
0.98828061
0.99185898
0.80943311
0.85732040
0.84902302
0.98929872
0.93913463
0.99774111
0.97756398
0.99926926
0.93008476
0.90888474
0.82841253
0.89250560
0.99113094
0.80433657
0.95529009
0.81251291
0.81097374
0.96825664
0.85212524
0.97690149
0.98657201
0.98622068
0.96166046
0.83010653
0.96535556
0.89309893
0.94027309
0.86866060
0.99472221
0.82425767
0.97837732
0.98783757
0.95347803
0.97281699
0.96102664
0.99694689
0.99067966
0.89669267
0.87427221
0.84832067
0.79149982
0.98078009
0.82689733
0.84346724
0.92745434
0.99637276
0.91402789
0.98672965
0.99764000
0.84527603
0.95616515
0.92013452
0.91648201
0.99262401
0.98254652
0.96446300
0.80798079
0.86556091
0.98953990
0.95839558
0.82745224
0.98443255
0.99719782
0.98608880
0.99606734
0.97267188
0.82770545
0.99738296
0.88644536
0.93958836
0.99910590
0.98510463
0.89661375
0.99219841
0.80815480
0.99455658
0.78618367
0.95787514
0.96462965
0.99629225
0.85483378
0.97519524
0.92847495
0.88211640
0.79485749
0.87201039
0.97017060
0.97047243
0.94053884
0.98158480
0.96056066
0.87847973
0.91648294
0.94561470
0.96552984
0.84560216
0.90914201
0.97938285
0.89976009
0.96918254
0.99545639
0.98976272
0.98479322
0.88967738
0.88117891
0.99222273
0.83958092
0.85916443
0.95712140
0.90220327
0.99605399
0.97437941
0.99361982
0.98594790
0.91658409
0.94580192
0.98582907
0.99772520
0.98911013
0.89506512
0.85559496
0.92558882
0.89809576
0.87966622
0.99553617
0.99484064
0.86621801
0.84989704
0.85628426
0.99730118
0.96668870
0.98497458
0.85310172
0.97847488
0.84562444
0.98568442
0.90943979
0.98580999
0.79941044
0.91823717
0.97273637
0.89527919
0.96661999
0.97347028
0.96707983
0.99696252
0.98089520
0.97638912
0.87381221
0.94297253
0.99734957
0.97895934
0.94728046
0.94490284
0.97815425
0.96596734
0.93716560
0.98953805
0.93133372
0.95945892
0.88772785
0.94296449
0.98864059
0.87769368
0.93200304
0.85682251
0.97756413
0.95760088
0.99684737
0.91307588
0.99204118
0.99158365
0.92733368
0.95247054
0.86142238
0.97195633
0.96566871
0.99502607
0.98705128
0.93684633
0.97296927
0.96381121
0.99689338
0.99247254
0.95616690
0.96988202
0.83653095
0.97191678
0.83109687
0.98533603
0.99367013
0.98663866
0.98077020
0.91911512
0.88872316
0.99401839
0.99583659
0.85000552
0.97812592
0.97228677
0.98694586
0.81148914
0.98093625
0.95034145
0.98753088
0.84399992
0.96604282
0.89994681
0.86995071
0.82937536
0.98828479
0.91019475
0.98020916
0.94710406
0.99610335
0.89954560
0.95758773
0.99638054
0.92658835
0.92937473
0.97937051
0.93490155
0.96454844
0.97579715
0.99192902
0.91248012
0.85104249
0.98668248
0.99194207
0.95722432
0.97444546
0.96636584
0.98306550
0.98494416
0.91992620
0.91159059
0.98260236
0.84281606
0.82080090
0.97986702
0.99231374
0.99187717
0.81180430
0.91622499
0.92813975
0.98839839
0.79051754
0.94089822
0.94765453
0.96897376
0.91640270
0.99809648
0.97954145
0.98378721
0.99552570
0.88753778
0.95303776
0.98856356
0.86284656
0.98928079
0.97278907
0.98358180
0.93096499
0.99525363
0.82940353
0.86049133
0.99184756
0.98863797
0.95631591
0.98335487
0.95700134
0.98794163
0.87256512
0.93605599
0.97203092
0.99363740
0.98370900
0.90995203
0.98156017
0.95348019
0.97930644
0.99453804
0.96861854
0.99688776
0.97708486
0.95358884
0.86641788
0.99687471
0.93272188
0.99026399
0.97149747
0.97518807
0.86469297
0.96646074
0.83834987
0.96227212
0.99176032
0.97494736
0.98896738
0.93595722
0.95826483
0.98245123
0.93214269
0.81272399
0.96530119
0.98439528
0.97203353
0.94803998
0.97470625
0.98114795
0.93366290
0.96036862
0.89578166
0.99462610
0.99782975
0.90379854
0.97380567
0.96638206
0.94237475
0.92255418
0.91193226
0.91738994
0.99124784
0.99130686
0.97646209
0.98937883
0.99527674
0.92372002
0.89063638
0.91182979
0.97703232
0.95771897
0.88786744
0.83290651
0.80655179
0.94577698
0.95722949
0.95188333
0.82939956
0.86814084
0.99536069
0.87229543
0.96745707
0.98951140
0.98706864
0.99720982
0.95470340
0.99347278
0.93230956
0.82498348
0.81886499
0.99786470
0.99383479
0.85736717
0.98515934
0.93049167
0.99504867
0.98706094
0.95168534
0.94211756
0.99660233
0.82401864
0.80841392
0.95590182
0.97183947
0.94569639
0.80642136
0.96406802
0.91421013
0.88750981
0.82391446
0.99065177
0.97998602
0.97552524
0.99545774
0.89232026
0.99490613
0.89439586
0.98782579
0.95753641
0.95934166
0.95824760
0.91113158
0.97191235
0.94122812
0.99731131
0.85778561
0.85818626
0.99593572
0.94216368
0.95542235
0.89615015
0.94218396
0.98781399
0.93207002
0.87663120
0.99530490
0.96254055
0.91175698
0.94516761
0.88615164
0.98727083
0.98685806
0.85241593
0.99206872
0.99528459
0.96080415
0.90899531
0.99024799
0.97979055
0.91266600
0.92209635
0.92246388
0.99599060
0.97451174
0.90819639
0.98371256
0.97457804
0.99549835
0.88540241
0.99135342
0.97391015
0.97240668
0.91631238
0.96706109
0.94918090
0.99663266
0.98698130
0.99450373
0.98253455
0.80011133
0.96019261
0.98879258
0.91231366
0.81375972
0.98565137
0.95123370
0.91143952
0.95390351
0.99010149
0.95692711
0.87277394
0.87824566
0.99238569
0.91389090
0.99076946
0.99534299
0.89557913
0.98578204
0.99200493
0.91919987
0.97920616
0.99024259
0.99918842
0.96733900
0.99101655
0.98971159
0.92002335
0.99720572
0.92579084
0.99281849
0.98743886
0.91001051
0.99867712
0.95653476
0.85501371
0.98674276
0.99220159
0.97298506
0.98808601
0.94297271
0.95297130
0.89761752
0.81339912
0.99201795
0.95402523
0.98492679
0.80674156
0.89152425
0.99313343
0.93179288
0.99894888
0.99056076
0.90406272
0.98990411
0.91672506
0.91000223
0.93798209
0.85273797
0.97618054
0.99127331
0.99777451
0.94845819
0.83532859
0.86943539
0.98977417
0.93776825
0.85597803
0.80639174
0.85614613
0.97635661
0.89154914
0.89412386
0.95178415
0.84210801
0.90403605
0.91033111
0.99533133
0.99650527
0.83086338
0.96662666
0.99809597
0.99226422
0.99449148
0.92342700
0.86073296
0.87605913
0.84015036
0.98485854
0.85018571
0.92778232
0.97037796
0.97125019
0.99477343
0.83966117
0.99900130
0.91266389
0.96552149
0.93278964
0.82765114
0.90738668
0.95555232
0.99736078
0.87695953
0.96504391
0.94116413
0.89690450
0.98274065
0.90710993
0.89823268
0.99796396
0.98164453
0.98628504
0.80447893
0.98561488
0.97742116
0.86647162
0.96962342
0.83322681
0.94804092
0.98804839
0.99903903
0.98689630
0.92530797
0.91054130
0.99552942
0.98843338
0.99749163
0.98956452
0.80887253
0.87508940
0.79432909
0.82219141
0.83573470
0.98037657
0.98898293
0.97749989
0.93644318
0.95268144
0.99849585
0.99668458
0.87090460
0.86672048
0.99443474
0.94008167
0.93038382
0.98016838
0.82977791
0.99134000
0.99277745
0.92948773
0.86818512
0.99823213
0.99264821
0.95051756
0.89979146
0.98951994
0.99796168
0.86137484
0.97089668
0.94672792
0.88707924
0.94710713
0.98633931
0.94928588
0.96169424
0.99633306
0.99878675
0.98398870
0.82574501
0.99530127
0.96902241
0.96910491
0.95074247
0.89938653
0.88448320
0.95581874
0.99460845
0.99873599
0.99551380
0.99567066
0.93376001
0.96757869
0.99332717
0.97195598
0.85656430
0.96464892
0.98762444
0.86342578
0.99661407
0.98296771
0.98051763
0.97714388
0.91020731
0.99621881
0.96438841
0.99826801
0.99721522
0.99730750
0.97250100
0.84712403
0.95122868
0.99822215
0.93349240
0.92580396
0.86201740
0.80269204
0.91336391
0.95434343
0.81404691
0.92882940
0.82376164
0.93845733
0.99430171
0.88615776
0.83816973
0.99000540
0.99080495
0.99153065
0.99649244
0.99628066
0.81861471
0.83398807
0.97940131
0.89656778
0.94019348
0.99351463
0.90985904
0.98130178
0.97238188
0.99368915
0.88753785
0.89373350
0.98376585
0.86500848
0.87524132
0.98447112
0.98489962
0.93319101
0.91529231
0.97150866
0.83088343
0.97927570
0.89955701
0.89797870
0.99760875
0.95323444
0.84033086
0.99876486
0.95148812
0.80671304
0.99059993
0.99558299
0.96889677
0.95152925
0.99931825
0.99186155
0.99453260
0.99232027
0.98824037
0.99263013
0.98449684
0.98956136
0.89734041
0.96634032
0.97886855
0.94771177
0.91301667
0.98222063
0.96695972
0.95918523
0.84339696
0.99630368
0.98067921
0.83644460
0.84333495
0.93750176
0.99761917
0.99796040
0.90994613
0.94446684
0.91729205
0.95530198
0.98769401
0.85596462
0.85123089
0.87004668
0.98554612
0.96822824
0.87663223
0.96147908
0.82042004
0.88491335
0.97248870
0.96703051
0.92658130
0.99143715
0.93998463
0.99237673
0.97053062
0.94514126
0.99034063
0.81291392
0.97780913
0.98102984
0.97958339
0.99271199
0.92663642
0.84626848
0.79985118
0.99004842
0.96531221
0.98856643
0.89878227
0.97820694
0.83809647
0.99786071
0.99660182
0.96878452
0.96373830
0.83379422
0.92650488
0.98214714
0.90503076
0.96165789
0.98458598
0.86650143
0.98202849
0.98885703
0.86194314
0.99430605
0.98695051
0.80366957
0.90857436
0.97808266
0.99618862
0.99849258
0.93025128
0.82186146
0.95716849
0.99197611
0.98871119
0.94110454
0.94376967
0.99572137
0.88626148
0.90083547
0.93120648
0.97322558
0.99379381
0.94831700
0.88949163
0.98321391
0.95058958
0.98904331
0.80478612
0.83484063
0.99711925
0.95646634
0.81646945
0.99052845
0.99446965
0.98810127
0.99752431
0.99509821
0.83893908
0.98804933
0.98457323
0.88369844
0.85667315
0.99620939
0.97642018
0.99210508
0.91788422
0.96382753
0.98547749
0.86136842
0.98941183
0.99400047
0.92205940
0.96169229
0.91257906
0.99775978
0.95134506
0.80371252
0.98032569
0.99021249
0.92604511
0.97556811
0.93575489
0.99464755
0.99742347
0.87472898
0.94293719
0.99302622
0.87342575
0.99263605
0.99622857
0.98627779
0.99315027
0.99258016
0.94451617
0.98395681
0.83478882
0.99675771
0.99502242
0.99535645
0.99901046
0.98980555
0.98367662
0.92809273
0.99674138
0.98678958
0.83335973
0.98605676
0.94162245
0.96204117
0.94238813
0.96610209
0.99829618
0.94802115
0.88556406
0.87591257
0.86761123
0.96425817
0.99329326
0.88105973
0.98659824
0.94021130
0.99391326
0.98409196
0.99934350
0.91240730
0.87362184
0.98162807
0.96658974
0.94671826
0.97114750
0.94946265
0.99468723
0.93215590
0.95204437
0.92808346
0.99947928
0.98505165
0.99264088
0.82967930
0.86408853
0.97706104
0.93742857
0.96335132
0.97984292
0.94872388
0.97419926
0.98702768
0.87107481
0.98502225
0.99461417
0.99074068
0.94920717
0.91886247
0.99588259
0.92612620
0.88811014
0.89525602
0.99621632
0.99585203
0.95022836
0.98694677
0.99889494
0.99783072
0.88245864
0.94800516
0.99384858
0.98629024
0.99273996
0.93738767
0.98409185
0.97942148
0.93701725
0.98766816
0.99294763
0.90055666
0.97456696
0.92209829
0.91227104
0.85996238
0.81887556
0.99091244
0.96970270
0.80886189
0.95721534
0.88376051
0.84265690
0.98636128
0.96092600
0.91343020
0.98877773
0.93992325
0.97790824
0.97343931
0.92945856
0.87688836
0.99242277
0.99355354
0.96681795
0.80727625
0.81447041
0.92809199
0.91991893
0.96369919
0.99610903
0.99015469
0.86150573
0.94972419
0.89214069
0.82336375
0.93636230
0.96574744
0.96372589
0.91993263
0.97789145
0.98162229
0.97432632
0.98980124
0.97166560
0.97614686
0.93595025
0.96957671
0.80118890
0.95412346
0.93287368
0.99490862
0.99716700
0.84006016
0.99734507
0.98137626
0.96960744
0.98359068
0.96936626
0.95883741
0.99210764
0.99842632
0.97076736
0.98187571
0.99899439
0.92217305
0.92220936
0.95975388
0.96941101
0.98749496
0.98728579
0.96411707
0.95908951
0.98173725
0.87370682
0.94230168
0.92850884
0.85056024
0.81179602
0.96514305
0.99312115
0.98026108
0.85718135
0.98516640
0.98485414
0.99502289
0.99381002
0.99851177
0.97835885
0.85658834
0.97626306
0.99423166
0.85272488
0.80602542
0.99346423
0.99478257
0.99857515
0.99427628
0.82447504
0.93092397
0.94822303
0.95059039
0.92070414
0.95360373
0.95642489
0.79505145
0.85783688
0.91847151
0.98450686
0.79755177
0.96568407
0.82776921
0.89446415
0.81296969
0.96394945
0.82110597
0.92747062
0.99120476
0.97803113
0.98087556
0.97508748
0.96895093
0.96336490
0.86057630
0.97586779
0.99783416
0.87322049
0.98553543
0.97957544
0.94426202
0.98758379
0.93870008
0.97955343
0.99808373
0.95006282
0.92775031
0.98427712
0.90719644
0.81222569
0.99626108
0.94954678
0.99853833
0.95226020
0.98434226
0.95570594
0.99741120
0.82144467
0.97292159
0.97083091
0.98500275
0.96634688
0.92971420
0.98124195
0.87765672
0.97441300
0.90198442
0.97694997
0.98264337
0.95743662
0.87448166
0.87603501
0.90105014
0.99769688
0.97572662
0.97082804
0.98996134
0.95598210
0.97219770
0.99132491
0.83691004
0.94984605
0.99900787
0.91625028
0.98176229
0.89427534
0.93060536
0.96848312
0.98998543
0.99532441
0.99581902
0.98916084
0.93543761
0.99690482
0.79527237
0.98597609
0.85929877
0.89706419
0.99799181
0.87814024
0.99798883
0.98586249
0.85993767
0.88724812
0.85187775
0.98993943
0.89306606
0.97425278
0.96152600
0.99608977
0.97915821
0.96837313
0.92020842
0.98459485
0.95657155
0.99145047
0.94663104
0.99133726
0.99151365
0.85886282
0.93305039
0.92872725
0.94999516
0.95482611
0.86205857
0.98721364
0.91494994
0.86860337
0.98859744
0.98565151
0.98144224
0.99552750
0.99533729
0.89859386
0.83930456
0.98583049
0.97137829
0.88452916
0.90817725
0.99881763
0.98800607
0.98498930
0.98277850
0.83650356
0.98315400
0.95554966
0.98703760
0.97125473
0.83225920
0.97646873
0.94872258
0.99184021
0.99287218
0.98992794
0.98767781
0.96546424
0.93746758
0.98496574
0.84157611
0.86001599
0.92079603
0.99887997
0.81579226
0.82087963
0.99254153
0.90421043
0.87549789
0.81080366
0.99668046
0.99794257
0.89608270
0.97590861
0.98175684
0.90472816
0.99771215
0.95130730
0.97031867
0.94659050
0.92653296
0.96384060
0.95158894
0.90307817
0.98669276
0.99016244
0.99526473
0.97702085
0.99476613
0.98548792
0.98930472
0.80374866
0.99933469
0.98333272
0.81890377
0.96555581
0.96630733
0.98710063
0.93422838
0.97757519
0.92417344
0.90417712
0.93847051
0.96554092
0.96485742
0.97038920
0.84357006
0.87698620
0.99337027
0.99738191
0.97417524
0.89200618
0.88521443
0.83414619
0.81831081
0.99586941
0.97907009
0.97934422
0.95271580
0.87477905
0.98751228
0.89370773
0.95394405
0.98064460
0.97647599
0.82096470
0.85788117
0.81381543
0.97249583
0.85478349
0.94780034
0.94584240
0.95841576
0.99813449
0.98950807
0.87920061
0.96589733
0.99691940
0.97421557
0.88699733
0.96694499
0.95489906
0.99646014
0.97703760
0.95304767
0.98050891
0.95366884
0.98738342
0.98762934
0.98561083
0.88466016
0.88933535
0.86408398
0.95569702
0.87251299
0.98405763
0.96446506
0.84131222
0.99804588
0.87292667
0.99367387
0.99496003
0.84041088
0.97705185
0.99303118
0.86886341
0.98993850
0.98646814
0.99684921
0.99463137
0.89808325
0.83397834
0.98308056
0.93812901
0.89334702
0.83121793
0.93032449
0.92123622
0.99562308
0.84669189
0.90956250
0.98693778
0.93955903
0.99147995
0.93185247
0.99093151
0.99489499
0.97717372
0.98254599
0.93641175
0.99138919
0.98963839
0.94432221
0.97255379
0.99847498
0.91565102
0.88137663
0.88787763
0.81759609
0.96318330
0.95561186
0.99560722
0.98937794
0.99841512
0.98732136
0.97190022
0.96110123
0.90387584
0.98989273
0.98981896
0.98368104
0.97833140
0.96223839
0.98364356
0.85244748
0.98162062
0.83288775
0.99273386
0.99675380
0.99078483
0.89401932
0.88190765
0.92112053
0.99857779
0.95019651
0.98668805
0.89524244
0.92137101
0.96058216
0.98368480
0.99232945
0.99893228
0.98678057
0.98588416
0.97508408
0.85135614
0.93784164
0.98927252
0.99792556
0.98830630
0.98186707
0.92952210
0.98347705
0.84436358
0.99619384
0.95105420
0.97959356
0.91487384
0.92439790
0.90058615
0.98075420
0.89238592
0.99267374
0.89136517
0.99514753
0.99735754
0.99731314
0.99448509
0.99937939
0.84556119
0.83084112
0.98601058
0.99331325
0.98193456
0.82317527
0.94817465
0.84241315
0.99451752
0.91380198
0.95995787
0.97050496
0.98926815
0.98435771
0.82635007
0.98873259
0.95889228
0.98547031
0.96124081
0.97880042
0.92260703
0.99585080
0.98814359
0.97507534
0.96910334
0.99778751
0.99667914
0.97951116
0.90721062
0.98251985
0.88923399
0.92302360
0.90774849
0.99084055
0.99709859
0.87141565
0.82631386
0.83991142
0.98303755
0.81524387
0.92933281
0.84819859
0.93311707
0.93188495
0.99777124
0.99532773
0.97799813
0.95825051
0.80711990
0.92408939
0.91693566
0.93788468
0.99134307
0.94473790
0.99647892
0.98616530
0.83345998
0.99272358
0.95705570
0.96447893
0.92945450
0.97065388
0.98097840
0.99449086
0.92842599
0.97879954
0.89552794
0.83493760
0.91351805
0.99742043
0.98578908
0.98311619
0.99806908
0.99399458
0.97906970
0.97297086
0.98852528
0.99580232
0.98006405
0.98441079
0.99431507
0.95642334
0.94307379
0.99958225
0.98197507
0.97128102
0.93924616
0.95460736
0.93949556
0.93949797
0.96387214
0.97564455
0.93414739
0.84552583
0.81519270
0.88305074
0.95616781
0.98798700
0.96031113
0.98850768
0.99025287
0.99918619
0.99586005
0.96745764
0.94864113
0.99380417
0.99507967
0.80674462
0.98190147
0.95893683
0.98914886
0.99767609
0.99616047
0.98241066
0.98916087
0.83843862
0.95065403
0.94518877
0.98431582
0.96184385
0.85585532
0.97523595
0.88545758
0.97973375
0.97115925
0.99117424
0.96672257
0.80801609
0.90061825
0.83134955
0.96764299
0.91772274
0.95545276
0.97079948
0.97194424
0.98384281
0.96020630
0.90876283
0.97550330
0.96150254
0.99802508
0.96429652
0.96455220
0.87267878
0.79959612
0.91037464
0.98964406
0.92296892
0.92190174
0.96577118
0.85605923
0.97930212
0.97756863
0.96033504
0.99579078
0.98521799
0.99295143
0.97804797
0.81295792
0.97117826
0.80553431
0.97292781
0.81553561
0.99913948
0.97795831
0.98932867
0.99499069
0.86295280
0.85423798
0.99819295
0.99377622
0.96950065
0.96625252
0.98649050
0.90567983
0.96718529
0.84737063
0.98625511
0.98722139
0.89583599
0.99480295
0.96881490
0.99466835
0.99403963
0.89371108
0.97113431
0.98591460
0.82990973
0.97016228
0.92155096
0.99494622
0.90871249
0.98772345
0.96784159
0.95048619
0.99224859
0.92010557
0.90900411
0.99903051
0.96759547
0.99283744
0.95184065
0.82868287
0.98842815
0.95917655
0.94222591
0.97853530
0.86755199
0.99634451
0.97357809
0.81923486
0.98537834
0.97740134
0.98784905
0.82512222
0.94492888
0.98836379
0.99675445
0.93252025
0.98734043
0.96196203
0.98715201
0.96624072
0.95562972
0.91296353
0.96758279
0.98863088
0.98000454
0.83003031
0.99798197
0.95475765
0.95987415
0.99212472
0.94434133
0.92496150
0.85035604
0.99130318
0.97540096
0.98741949
0.99000712
0.88311540
0.97366559
0.86868088
0.93620293
0.96925669
0.83570341
0.99785814
0.98721606
0.99478662
0.99291475
0.97856316
0.92626884
0.86818970
0.82004800
0.99542240
0.92107723
0.99795195
0.98836779
0.92214080
0.99601585
0.97660499
0.90073462
0.80855730
0.97757456
0.88430402
0.94935132
0.99807197
0.96302205
0.99342729
0.97211703
0.99502967
0.99784330
0.82821782
0.94300911
0.97880169
0.92793362
0.99793427
0.94094909
0.95672634
0.91996986
0.82468478
0.98685241
0.95303064
0.96184057
0.97576554
0.99609938
0.88802588
0.99465361
0.99480638
0.98289706
0.97914890
0.96629657
0.98035808
0.95725908
0.95780252
0.84251995
0.96519821
0.98345175
0.88907409
0.99637795
0.99391509
0.85248028
0.85376378
0.95571673
0.97229198
0.90469669
0.87500235
0.97778731
0.92526729
0.90566804
0.98227623
0.99364119
0.99378923
0.97293852
0.85799981
0.93892808
0.94308446
0.99626172
0.94190144
0.95914210
0.96446749
0.92240723
0.99206458
0.87212908
0.98820310
0.92495099
0.97680304
0.86562809
0.96630113
0.85792556
0.95773690
0.96096094
0.94851172
0.93500451
0.99735747
0.94244372
0.97783168
0.81157040
0.79071666
0.96374997
0.93641208
0.91380119
0.98296479
0.99796547
0.99107952
0.99880796
0.97518286
0.98282816
0.99521459
0.99710791
0.98444797
0.92941125
0.93410085
0.87759347
0.79581126
0.93629815
0.97725546
0.85730794
0.99395182
0.83252965
0.99265148
0.97650686
0.98269952
0.99080103
0.97746056
0.97500607
0.99066771
0.91447554
0.96038587
0.91371989
0.99341815
0.96709779
0.93090311
0.98262933
0.95551725
0.84110193
0.99300620
0.99885282
0.85900651
0.89593968
0.98036750
0.99869625
0.79662820
0.89599381
0.99575563
0.99655717
0.85410257
0.99523352
0.97865510
0.91661842
0.82502170
0.99808839
0.98065124
0.99551066
0.98383857
0.82781774
0.97502646
0.98289397
0.99889401
0.95289773
0.99633880
0.98727170
0.93686655
0.99527885
0.96625216
0.99431420
0.93049120
0.91478718
0.95380756
0.96670941
0.97220119
0.92013055
0.95129722
0.98883139
0.85524988
0.99142829
0.99635513
0.96012988
0.91184389
0.98450092
0.90630200
0.81967211
0.94237557
0.92437038
0.99483857
0.81172489
0.98301541
0.95382509
0.99407176
0.95126295
0.99347486
0.92804763
0.91659522
0.86908442
0.99351582
0.97554383
0.84933073
0.96832492
0.90150889
0.87473099
0.81027283
0.97672105
0.98935304
0.90155913
0.94038105
0.99211551
0.96312790
0.97005445
0.99633418
0.99648931
0.84824756
0.92475091
0.89487899
0.99304596
0.97723399
0.91006014
0.94077862
0.97415928
0.96836511
0.95771662
0.98962785
0.91972744
0.98007860
0.97918553
0.97740946
0.99585481
0.99139786
0.98538177
0.97293803
0.98737955
0.87740130
0.90721566
0.98108867
0.97963940
0.98754637
0.87404725
0.94517705
0.99527336
0.99702039
0.92003762
0.99200500
0.99842127
0.95982359
0.79805893
0.92230419
0.91897286
0.97192422
0.99377362
0.93467341
0.83395461
0.99804596
0.94830306
0.97886589
0.93418009
0.97150184
0.99434512
0.85463393
0.93762502
0.86267738
0.95740806
0.98244799
0.85828641
0.97462802
0.99038871
0.96325101
0.95571441
0.99775813
0.94095547
0.98742095
0.99384592
0.96592510
0.98670296
0.88423314
0.99240903
0.88808884
0.94792378
0.98017162
0.91068493
0.99222060
0.96163047
0.85532680
0.99735971
0.86847414
0.91975174
0.84755284
0.93779767
0.98757555
0.99879251
0.99051085
0.90639714
0.98759803
0.94840034
0.85860403
0.95758282
0.99720625
0.99179496
0.99103661
0.98985758
0.99281977
0.99538253
0.97936071
0.96639811
0.91924465
0.84710014
0.85029505
0.96503088
0.90343641
0.98257810
0.99743349
0.98198503
0.97183986
0.97414372
0.94795912
0.99857559
0.81698323
0.98817940
0.96296992
0.97525320
0.97613380
0.98811720
0.90392210
0.88293352
0.95309317
0.99762235
0.92686071
0.97863233
0.81406752
0.91911341
0.94858653
0.98777106
0.98793961
0.96157279
0.91766069
0.99704086
0.82693543
0.90964211
0.98765431
0.99928746
0.86724815
0.97686464
0.97636545
0.91363164
0.85734163
0.90591465
0.95939391
0.99119700
0.92484597
0.80808814
0.95973907
0.99788880
0.84286821
0.91664574
0.83904796
0.99298283
0.99902872
0.95435849
0.90824400
0.98430165
0.93268849
0.99090434
0.87706196
0.95682532
0.80994813
0.80843063
0.98425115
0.95266926
0.90133962
0.99896684
0.96692283
0.84289316
0.99567147
0.88055779
0.89048108
0.99867653
0.97713603
0.94313085
0.95235908
0.99698728
0.94631884
0.88149386
0.97252788
0.86280948
0.98796352
0.99517874
0.96220641
0.97768203
0.93075034
0.87373916
0.99725934
0.80035576
0.99514869
0.98769482
0.99708631
0.99652290
0.99528426
0.97240147
0.91670836
0.94916258
0.96862751
0.99863413
0.99198024
0.99380268
0.99824381
0.92544273
0.87294867
0.87375758
0.96215069
0.92728947
0.99448168
0.79357774
0.95910388
0.96472313
0.85782888
0.90243946
0.99307896
0.99143848
0.99182394
0.97377757
0.83050898
0.89779992
0.99876279
0.88409808
0.98600151
0.99228357
0.98358365
0.98439896
0.83989528
0.99958633
0.98097245
0.93779249
0.92541275
0.91539800
0.99506019
0.99776429
0.90976611
0.99809482
0.97732421
0.97586629
0.98785568
0.98857205
0.99721362
0.97297178
0.95483643
0.81100364
0.91009801
0.98566946
0.99672498
0.99369289
0.97314616
0.99579569
0.97673303
0.93019676
0.90408218
0.97938916
0.97445330
0.99240769
0.99659289
0.90402162
0.99528682
0.80743546
0.94751850
0.91381811
0.98310336
0.94777471
0.98295947
0.97215352
0.80854047
0.84729894
0.95627229
0.99192831
0.98802182
0.98701623
0.86261691
0.91340646
0.98894652
0.95026440
0.96946533
0.98209166
0.84630810
0.99278008
0.98678664
0.96125374
0.94467622
0.98796171
0.95911642
0.90060020
0.99431508
0.94791485
0.83534808
0.91104422
0.97859819
0.83591845
0.94542271
0.99377476
0.89602927
0.88393996
0.98623456
0.96445210
0.98848079
0.85653585
0.99245056
0.90385919
0.91320097
0.96052083
0.99426739
0.91336909
0.96174844
0.98082732
0.92987723
0.95924662
0.95907272
0.97287488
0.99474278
0.98507806
0.98566042
0.90105209
0.99443245
0.91643164
0.99855813
0.97735648
0.98094626
0.97130060
0.96890377
0.89825440
0.91238663
0.99094624
0.97058626
0.99298156
0.97392235
0.88224447
0.90865900
0.96611258
0.84572860
0.99419429
0.97792690
0.91493422
0.95544194
0.87709586
0.97979058
0.92115198
0.98950009
0.99542741
0.99796263
0.92603642
0.96408512
0.98407776
0.97289087
0.81465276
0.95942447
0.97593097
0.98329802
0.97134884
0.97957435
0.98630660
0.90465487
0.82872621
0.96596747
0.89479296
0.97406493
0.99887681
0.99885368
0.99346444
0.84912046
0.82226520
0.97941714
0.97015580
0.98805865
0.95340100
0.99499944
0.99604541
0.96068086
0.98046406
0.99545285
0.99597844
0.99675276
0.99696170
0.85378134
0.88281360
0.98684814
0.95335727
0.93806984
0.88178760
0.86847296
0.96925361
0.97799219
0.97957033
0.96070326
0.98809347
0.92633409
0.94813525
0.99662863
0.98949164
0.96692683
0.99369608
0.98845435
0.99627697
0.99032939
0.89194368
0.98356679
0.99814628
0.99147524
0.98326180
0.95102802
0.98877385
0.93084709
0.90539972
0.98161406
0.99837673
0.98675046
0.96610451
0.91256547
0.98636385
0.98410890
0.85324586
0.96789386
0.96229954
0.98248420
0.99718128
0.96714876
0.94734844
0.95475611
0.95116742
0.85418459
0.84660144
0.91276478
0.95002921
0.99605430
0.85088374
0.94878596
0.98702144
0.99885030
0.97655774
0.99707837
0.90644274
0.97654334
0.91359870
0.82614584
0.98182519
0.90816765
0.98805945
0.84954176
0.99489233
0.85543539
0.86162855
0.99826263
0.97406192
0.98002406
0.82252849
0.98500851
0.99690408
0.83260410
0.98922890
0.90178010
0.97512313
0.92498708
0.99653009
0.98436171
0.98882588
0.86863127
0.96914058
0.99668459
0.94933229
0.95527680
0.98408994
0.99160888
0.94534741
0.89514969
0.94918196
0.86700617
0.95708907
0.90958076
0.89564384
0.88979151
0.98739437
0.97650913
0.98163973
0.99395028
0.98715729
0.80700096
0.94905038
0.98219143
0.99457450
0.98359963
0.94625740
0.97823937
0.98779589
0.92165748
0.98930902
0.99050065
0.98852340
0.97459244
0.93155288
0.83570557
0.99118386
0.97681602
0.99609650
0.95389625
0.85303921
0.99886421
0.93623295
0.95471988
0.95952492
0.98777892
0.99538970
0.91480702
0.90446853
0.96070431
0.99475904
0.97873132
0.97666872
0.80381130
0.98519906
0.98227256
0.81998979
0.94549394
0.99306714
0.97310537
0.99129483
0.98957454
0.83224884
0.99187228
0.90426521
0.97812262
0.97393245
0.99046028
0.91142933
0.99026589
0.98494766
0.95639619
0.91662206
0.98993385
0.95926433
0.93505772
0.99780758
0.79565521
0.96606484
0.93852077
0.87494711
0.98244194
0.90235676
0.98741014
0.89051118
0.98949190
0.99242730
0.82156618
0.99103356
0.94425034
0.98505944
0.94446475
0.97962092
0.96341114
0.97120462
0.85750834
0.99329231
0.94096623
0.84237691
0.97463411
0.89184000
0.99213656
0.99598083
0.99358592
0.97581581
0.90917710
0.99038512
0.99280564
0.98071814
0.94734132
0.88543194
0.93229847
0.97509869
0.97100812
0.99654918
0.96904522
0.97778824
0.95839150
0.87594115
0.88371594
0.98703567
0.91514335
0.81692223
0.96749523
0.98622892
0.99297096
0.99756480
0.97154543
0.97776096
0.99029213
0.99732884
0.97724072
0.97099025
0.86334173
0.93319272
0.90573889
0.85340266
0.94594896
0.98031561
0.99434315
0.86616499
0.92362127
0.95817128
0.95238532
0.94248833
0.97107488
0.98642840
0.98616620
0.93743574
0.95840040
0.94705016
0.88400127
0.99186329
0.87291443
0.99790294
0.96362780
0.99162007
0.99373167
0.94776445
0.99925899
0.99352580
0.91946938
0.95512702
0.94882835
0.85850365
0.80899114
0.99873877
0.94168905
0.96557037
0.99265399
0.99146371
0.93894226
0.99271024
0.79768131
0.92965957
0.99286380
0.91894349
0.99352056
0.89293443
0.98825228
0.99544451
0.98255763
0.81300429
0.99372202
0.96189123
0.82458988
0.98879085
0.95521097
0.98870719
0.91690107
0.83805754
0.97397083
0.95046228
0.89448627
0.92388337
0.85715299
0.99830611
0.96241767
0.99543017
0.83246092
0.98280307
0.98879658
0.99169656
0.97330339
0.85514379
0.98677715
0.97926343
0.88699420
0.95503952
0.98540411
0.98385717
0.89892162
0.99232440
0.99905204
0.85741086
0.81553391
0.82930443
0.94649606
0.99824097
0.99550681
0.97387445
0.86998491
0.99831111
0.83993032
0.98803315
0.99642172
0.91250479
0.94727024
0.98548986
0.99938462
0.98939000
0.87867296
0.99188819
0.83748110
0.89717786
0.85439536
0.98283990
0.99073093
0.94670836
0.99753226
0.95517082
0.99775047
0.98251215
0.97806184
0.93546524
0.81603133
0.99484854
0.89267833
0.84817586
0.86602644
0.98805784
0.93287429
0.99652306
0.96685954
0.83024130
0.98694211
0.99906184
0.88781130
0.99759970
0.99256826
0.84631924
0.95220907
0.94422819
0.87453141
0.99822653
0.98569123
0.99870337
0.96695742
0.86262647
0.99795348
0.82358999
0.99028453
0.87715038
0.84504579
0.99903443
0.92858276
0.83638229
0.92601125
0.99816341
0.97048641
0.90302708
0.98634546
0.87523126
0.99566780
0.84993044
0.94457191
0.98940648
0.84499768
0.98690815
0.81226080
0.83202844
0.84811741
0.99729764
0.98045136
0.99133637
0.96645450
0.99281429
0.99413676
0.93577158
0.96816573
0.96263699
0.98546354
0.85186611
0.99493788
0.80161785
0.99861286
0.91241591
0.84659605
0.92776632
0.79682959
0.93877542
0.99516907
0.99944491
0.96428618
0.97006632
0.94483252
0.86112603
0.95183575
0.97142297
0.83383689
0.88018980
0.99608426
0.99550361
0.99581003
0.98025611
0.89615533
0.99926977
0.93544263
0.91952458
0.93832461
0.99747828
0.83572772
0.97842411
0.92007648
0.99438754
0.97580716
0.96680557
0.93917472
0.88503987
0.94669578
0.99474451
0.84134289
0.99603812
0.99659096
0.98686220
0.98841195
0.97699687
0.97454422
0.87603383
0.95756034
0.91629611
0.95517045
0.93596783
0.99741822
0.93969297
0.90962658
0.91030051
0.98088681
0.99402690
0.99573852
0.98609003
0.96858845
0.94555048
0.85371357
0.97502855
0.99128719
0.98431243
0.99909454
0.93843101
0.93571910
0.99551626
0.85207787
0.89860873
0.96449360
0.99561184
0.92814193
0.99545418
0.92955497
0.80112911
0.94012526
0.88782345
0.90733825
0.97575625
0.97391586
0.98752320
0.98612064
0.97530684
0.98415373
0.84444988
0.90468720
0.92401445
0.83746758
0.99914525
0.96346671
0.86985939
0.83941557
0.96137251
0.99587847
0.82576617
0.97714710
0.99137131
0.81460500
0.99360793
0.90953830
0.99808406
0.94742674
0.99829679
0.85550086
0.96088997
0.97297642
0.95780395
0.88765011
0.90714561
0.96943882
0.98466378
0.96241669
0.98489773
0.95850924
0.96523429
0.99330500
0.97809513
0.95611207
0.87778145
0.98080690
0.93950047
0.98619818
0.87579428
0.97004817
0.94413943
0.98773897
0.95240039
0.86550988
0.95843605
0.82115017
0.99462320
0.96471830
0.98397709
0.86505703
0.98703125
0.94611167
0.86012307
0.99292984
0.96625384
0.80966594
0.83676413
0.92877064
0.87306557
0.97915492
0.86443426
0.99274849
0.99672387
0.97407123
0.86392205
0.99655199
0.95365151
0.82492703
0.97451687
0.93374301
0.99128604
0.95389822
0.92965004
0.99467473
0.99778101
0.86225050
0.99491695
0.97258642
0.85629511
0.93529228
0.99926653
0.99606903
0.98040724
0.98189607
0.95576225
0.99536723
0.99951295
0.87030096
0.99198334
0.99659546
0.89396507
0.99835940
0.92873127
0.91661097
0.92784266
0.96205889
0.85982620
0.97493144
0.93308771
0.93973559
0.99281674
0.98536984
0.98954693
0.96561585
0.94753477
0.97432012
0.86576165
0.99631725
0.92187012
0.98824471
0.99382135
0.99093909
0.99029598
0.92460376
0.95357691
0.95136512
0.88984295
0.97726828
0.94756064
0.98614221
0.99351899
0.94755236
0.89609664
0.89913742
0.99435544
0.98645049
0.97022596
0.94083398
0.87740467
0.99747882
0.81883715
0.97126065
0.93962252
0.85204507
0.98098662
0.96332280
0.99418627
0.98298733
0.89372058
0.97890591
0.95370480
0.98825466
0.99774704
0.99544290
0.89081439
0.98630141
0.92424754
0.91955064
0.96301749
0.93121477
0.97477133
0.92145194
0.87968082
0.94742263
0.98789801
0.94209304
0.99637315
0.81559445
0.85498173
0.96582794
0.97279410
0.99797959
0.99444174
0.90319255
0.80043306
0.97407778
0.85168979
0.99309454
0.80216859
0.99237158
0.86576667
0.97525585
0.83532332
0.97054478
0.97367621
0.86472578
0.99081238
0.94529272
0.98561711
0.96634732
0.96703531
0.97266197
0.91605126
0.99701642
0.98038854
0.99595602
0.80589642
0.82430090
0.93323680
0.94609031
0.95318940
0.99300335
0.96910179
0.95538071
0.99212843
0.94580541
0.81143142
0.99194503
0.99000844
0.97346722
0.88705702
0.99289578
0.91119610
0.95677881
0.99176983
0.96915022
0.92417466
0.80908357
0.84241842
0.99798919
0.97606177
0.97336360
0.97058878
0.93422298
0.94120661
0.89623391
0.95917773
0.99382482
0.99609764
0.91456678
0.96704349
0.99535084
0.93052051
0.99006670
0.87154003
0.93494693
0.97881281
0.88691312
0.95848476
0.96904644
0.99790211
0.97965610
0.99858187
0.99359814
0.98165693
0.98638392
0.97318382
0.97823248
0.96265781
0.94741001
0.99692652
0.86479351
0.88940926
0.89351453
0.99689913
0.91408978
0.99444671
0.92359134
0.93894478
0.99786546
0.99382553
0.89315692
0.91959220
0.94349865
0.97725953
0.98413100
0.97877342
0.99562704
0.93545587
0.97645392
0.98377124
0.95516931
0.89971618
0.89855166
0.88172836
0.99533158
0.79794868
0.86773418
0.99129420
0.99617073
0.83645320
0.93834775
0.99099228
0.85995956
0.99567376
0.95488142
0.98576655
0.93121324
0.96924600
0.97677225
0.97566679
0.91065541
0.83177372
0.86210753
0.98795305
0.99053145
0.85606995
0.97956270
0.95810488
0.88005691
0.94406048
0.99779912
0.96333480
0.95352260
0.86711746
0.97167539
0.94165983
0.99893510
0.81511898
0.97925757
0.99634685
0.93396077
0.99674189
0.96829914
0.95673657
0.84599106
0.89278846
0.98735644
0.99413184
0.99346621
0.99796655
0.97149717
0.97204107
0.83905034
0.97992348
0.94036606
0.99582691
0.99711979
0.89594877
0.99608165
0.87871319
0.81731222
0.83794628
0.89780941
0.94748390
0.95361490
0.99780556
0.83159555
0.99273767
0.92299606
0.99514647
0.95714759
0.98898928
0.89626775
0.99697008
0.94278715
0.92053468
0.92258454
0.90540490
0.93483099
0.83826864
0.89670318
0.84345854
0.96230381
0.99618746
0.88687681
0.92099388
0.97899455
0.81929438
0.94486212
0.96755138
0.99543080
0.99870002
0.99481477
0.83742954
0.95856843
0.87785955
0.98989787
0.98899677
0.94351034
0.89724708
0.98439889
0.91786902
0.99553404
0.85450972
0.98839311
0.98168529
0.83317527
0.97356413
0.99691329
0.98307422
0.98438576
0.86664736
0.84025433
0.87763768
0.99446790
0.99849416
0.96987928
0.99405315
0.84669279
0.89433898
0.95881371
0.95873021
0.98911450
0.89877276
0.99546000
0.94659359
0.99275587
0.80072138
0.98708613
0.85989934
0.98501566
0.99166001
0.92115277
0.99679454
0.96077211
0.98302001
0.99603883
0.98421087
0.96110458
0.99311751
0.94877146
0.97806750
0.87969805
0.96325873
0.91492370
0.97564893
0.99272049
0.98997415
0.96238780
0.91308328
0.80976376
0.99797380
0.88143695
0.86019143
0.89494116
0.96920396
0.92450459
0.99165625
0.95784291
0.81378505
0.99674536
0.95167694
0.87124098
0.94203727
0.97850077
0.92243263
0.90469089
0.92281610
0.99229374
0.94148762
0.99361484
0.92078531
0.91773198
0.93699675
0.99685983
0.98303331
0.90883886
0.99709479
0.93528944
0.95220442
0.80831144
0.98675904
0.93221557
0.98152129
0.98579854
0.94742335
0.84852627
0.79150126
0.99634233
0.98998136
0.98885014
0.81942241
0.82750347
0.98982437
0.96238637
0.98803896
0.94533516
0.95007074
0.95770722
0.97241674
0.99308750
0.98451382
0.98653046
0.98891278
0.98378475
0.98358219
0.93582645
0.91265653
0.99516463
0.98817828
0.84166525
0.87302061
0.97073081
0.93968852
0.93926741
0.99779711
0.86389033
0.92470727
0.87394266
0.97905207
0.98812902
0.99694150
0.97743820
0.99690061
0.98869671
0.97926577
0.90303865
0.93844612
0.99007666
0.99612995
0.80052573
0.92437300
0.99542320
0.99903343
0.99548152
0.99156159
0.99143485
0.94380869
0.81146066
0.98560130
0.93474669
0.81829794
0.99274256
0.99015239
0.96961463
0.99251543
0.99505124
0.97482323
0.92649091
0.99352420
0.85458759
0.89411547
0.99661321
0.99753315
0.97409660
0.90617074
0.99483150
0.98437713
0.98998638
0.98492435
0.96085739
0.87950101
0.99156642
0.99320244
0.87502436
0.97342267
0.99694308
0.95617408
0.93250486
0.98633056
0.89339956
0.90361422
0.95834641
0.95147516
0.94516370
0.86888403
0.93091941
0.99651624
0.99867089
0.80056344
0.96274938
0.98780215
0.99785923
0.92831910
0.98572903
0.98278905
0.98784470
0.99436973
0.94402395
0.99654753
0.95050059
0.92209360
0.88255388
0.88324798
0.99160908
0.82264065
0.95211762
0.96446084
0.93611976
0.98943030
0.91259984
0.82495227
0.94916156
0.89947497
0.98132608
0.86806965
0.98063394
0.99688039
0.97774664
0.80805928
0.99870017
0.92782099
0.96667998
0.98455252
0.98891082
0.99158305
0.94739218
0.99765495
0.99531043
0.89994142
0.99160163
0.91076418
0.88759931
0.82360867
0.95229602
0.80506419
0.93551657
0.89700312
0.97406175
0.85085991
0.98260193
0.77977438
0.95777321
0.97170970
0.98603162
0.94322241
0.80827004
0.99674482
0.92313962
0.90390727
0.94677007
0.99816393
0.83477349
0.86053266
0.98446861
0.95580515
0.98981748
0.94212580
0.99287552
0.96079160
0.96031858
0.99077925
0.97983338
0.98833325
0.86332046
0.98382643
0.90514415
0.94361287
0.99294906
0.98278340
0.99819266
0.90318118
0.98500321
0.94718423
0.96367201
0.96989484
0.88036430
0.98713664
0.97717841
0.83248779
0.92150183
0.99248017
0.80696285
0.86138618
0.85069142
0.94037972
0.96433132
0.95148540
0.92645776
0.84091130
0.94147444
0.95848004
0.95996569
0.88418292
0.94667211
0.98733458
0.98473858
0.99075812
0.99344954
0.99965075
0.99931724
0.84280102
0.97946366
0.99191209
0.98735995
0.80615853
0.99679372
0.95719881
0.99674847
0.88471245
0.93252799
0.98083605
0.82434176
0.97167824
0.87577286
0.99247084
0.98089651
0.98697919
0.98551946
0.95734780
0.89896759
0.89759561
0.98255699
0.95490204
0.99755250
0.81945918
0.98790567
0.86015452
0.99613197
0.96423041
0.98239009
0.99126120
0.98915916
0.97121163
0.95586646
0.97683586
0.99799930
0.85827504
0.92490983
0.98086977
0.99397583
0.94557306
0.83671010
0.98913583
0.99851249
0.98753633
0.80667563
0.99361384
0.99441079
0.99660576
0.99937896
0.97764497
0.98329220
0.96342373
0.96732986
0.99878511
0.96689619
0.98042980
0.97299676
0.94531038
0.96847479
0.98396713
0.93964781
0.94360504
0.95010145
0.83671059
0.98993062
0.95329704
0.90348919
0.94788844
0.98846049
0.98123597
0.82452487
0.98407929
0.97127035
0.99585318
0.92476503
0.98870316
0.99278106
0.98978178
0.87092427
0.99382722
0.99122577
0.99500918
0.86410697
0.94171056
0.95020753
0.96850279
0.94806463
0.96473863
0.92086122
0.98936076
0.95572778
0.94286034
0.98193631
0.98773205
0.84169907
0.88836261
0.98664473
0.99800454
0.98191727
0.92878194
0.84240725
0.92995992
0.87149852
0.92890452
0.84947721
0.93511423
0.99814812
0.94365422
0.97904737
0.97601802
0.95480338
0.92357209
0.97365139
0.99143169
0.97872177
0.99467124
0.82441553
0.86342604
0.99641867
0.98322393
0.83207827
0.97678227
0.94623442
0.80750962
0.82405660
0.99917951
0.99951851
0.95057707
0.97275481
0.84197959
0.84126362
0.94846124
0.88447656
0.97965475
0.91252110
0.98469675
0.99221206
0.97465523
0.99942551
0.97611511
0.96042009
0.79850201
0.98336601
0.93183631
0.83749233
0.95836442
0.85121081
0.98849338
0.90659439
0.84807666
0.95775284
0.97592451
0.95607202
0.86457668
0.97989054
0.94397378
0.91407858
0.96593270
0.99485231
0.99118508
0.92380250
0.81557325
0.97928052
0.93760081
0.99410403
0.99802517
0.98766402
0.99875312
0.98465388
0.94326233
0.89562218
0.96159988
0.89199336
0.98981793
0.94237736
0.87849174
0.99404491
0.99331247
0.93857594
0.81854059
0.89978815
0.97801089
0.86011960
0.99473320
0.98491589
0.98313562
0.92656086
0.97744104
0.88332224
0.93993962
0.98519148
0.92421703
0.99070373
0.97875577
0.93903888
0.99871780
0.99379308
0.95270245
0.99801252
0.96115862
0.99462806
0.96459497
0.94553783
0.97616014
0.98706159
0.98802735
0.99334708
0.94456552
0.85578295
0.95938770
0.86833852
0.81029451
0.91295070
0.99587581
0.95201126
0.90858094
0.96302954
0.99107476
0.99509351
0.89848144
0.79747335
0.97747431
0.96780213
0.99354999
0.90492812
0.97212878
0.87891973
0.99688121
0.99270094
0.99438428
0.99406766
0.96775937
0.94586237
0.98380387
0.99470138
0.98875003
0.99481645
0.98702042
0.86237978
0.98283467
0.98793568
0.98631179
0.91717025
0.85496081
0.99797852
0.88224347
0.94782915
0.94707684
0.98177289
0.97687629
0.81357262
0.98552119
0.81715038
0.99240331
0.90347619
0.82489823
0.91695239
0.97833471
0.96747732
0.97274608
0.82388890
0.97915953
0.90286393
0.97761997
0.96212464
0.89958343
0.99463227
0.99838110
0.81244774
0.95126298
0.95511219
0.98449630
0.98882268
0.87574435
0.99695653
0.99016772
0.98505135
0.83409169
0.87841720
0.96480123
0.95682265
0.98935586
0.98487540
0.96328133
0.97184488
0.98423525
0.95907959
0.93292925
0.83007917
0.89268750
0.96601495
0.96217994
0.99090704
0.88046561
0.97801644
0.94410103
0.97247201
0.88425131
0.83958215
0.95020642
0.86667471
0.95685131
0.92011605
0.94943202
0.94389046
0.84038348
0.98503850
0.92665967
0.87131497
0.86571853
0.96453430
0.92208999
0.88031910
0.99581345
0.80149826
0.86825181
0.98196692
0.98984875
0.85404014
0.99147498
0.93751635
0.91101725
0.85907334
0.99176002
0.83505896
0.97444742
0.99349114
0.98200797
0.98626498
0.99404368
0.91682854
0.97362473
0.96631523
0.99274914
0.98067198
0.98583665
0.99251647
0.95460997
0.85845890
0.91106743
0.98216145
0.89110478
0.90622682
0.99860593
0.98740100
0.83696281
0.90710014
0.98996048
0.97506464
0.99324379
0.99775866
0.97237004
0.99314982
0.83612957
0.91821427
0.96175285
0.83385079
0.97007303
0.89299063
0.99335854
0.98740711
0.99835979
0.94128914
0.94291577
0.99398621
0.97989588
0.87822580
0.98166018
0.98419998
0.99038267
0.93786783
0.97142902
0.81476262
0.98471291
0.96849403
0.86489126
0.93254280
0.79933772
0.86951847
0.89377446
0.97469042
0.99804467
0.99481534
0.96624129
0.96973465
0.96838322
0.90027031
0.99607457
0.86172149
0.95917123
0.93644785
0.96467355
0.92108163
0.98304989
0.99452699
0.99235363
0.99169440
0.86992174
0.95356301
0.81472061
0.91097231
0.92904297
0.95845308
0.88268684
0.99000451
0.97984666
0.97033576
0.84798449
0.99093426
0.95226379
0.87614006
0.99816283
0.99395232
0.94410244
0.93652055
0.99723106
0.86957420
0.99804140
0.98787150
0.99872948
0.81034824
0.99262263
0.96767588
0.89026143
0.86875474
0.97816758
0.99598113
0.99909536
0.99833601
0.98981701
0.97467984
0.98602758
0.98201823
0.98182364
0.87040626
0.86735674
0.98464389
0.94162473
0.97370815
0.85824246
0.90985840
0.97648636
0.97805321
0.92467089
0.95600814
0.98989249
0.99778682
0.97795189
0.93160617
0.98847375
0.98661960
0.90736644
0.92721147
0.96524225
0.82265413
0.87870461
0.91514738
0.98253486
0.84120884
0.91169943
0.98854046
0.97699700
0.98410193
0.82537892
0.90907290
0.84934392
0.98482890
0.97960768
0.86510888
0.99110423
0.89306792
0.86021942
0.99892804
0.90523915
0.85827309
0.97965783
0.99922800
0.88645564
0.89224590
0.99726024
0.99816431
0.99632749
0.99683451
0.99594451
0.96469970
0.86284381
0.92090438
0.84302864
0.92378364
0.99216805
0.87894640
0.99386306
0.87747565
0.89967816
0.96370414
0.99481960
0.98363079
0.94850271
0.99453984
0.98961995
0.91904459
0.94720180
0.90306835
0.99770165
0.87762330
0.99219875
0.89404733
0.94598424
0.96353482
0.94085272
0.99698250
0.99277758
0.94333039
0.96228363
0.97405847
0.95337173
0.96641735
0.96034164
0.95494407
0.96890672
0.99056104
0.95176739
0.80151374
0.96639877
0.99768812
0.82316863
0.91612885
0.99348413
0.89561665
0.99245579
0.90707209
0.90767119
0.99594136
0.98104566
0.99634093
0.89578216
0.83658865
0.97413222
0.91519334
0.96928686
0.99297711
0.97728514
0.99430411
0.97214834
0.81621495
0.89932040
0.99805140
0.98994618
0.99092303
0.97985789
0.95427798
0.91761710
0.93395350
0.96774687
0.99636762
0.94253612
0.97887554
0.93783253
0.99706142
0.97777737
0.98795859
0.98956170
0.94243841
0.99107298
0.99714314
0.98141743
0.99259077
0.99489441
0.98611088
0.99760996
0.96091591
0.99075455
0.98123123
0.83026224
0.98931693
0.92824957
0.95682620
0.85885638
0.92868674
0.93532395
0.96868051
0.92348726
0.92561535
0.86718923
0.96453451
0.93415661
0.99503515
0.98261019
0.87773321
0.95857092
0.97720740
0.99615888
0.81908658
0.96984909
0.92430112
0.96568761
0.98728244
0.97633857
0.89160322
0.88425203
0.99128617
0.98979505
0.96500692
0.97228237
0.92788311
0.99869069
0.97455869
0.99275048
0.95457652
0.81387046
0.95029003
0.85029118
0.99883479
0.94637354
0.93808234
0.94183703
0.91611996
0.99314483
0.98066572
0.85915793
0.84018887
0.94841719
0.96372843
0.99206602
0.99888733
0.91819810
0.99718739
0.99665960
0.90099602
0.86508399
0.87118685
0.95794947
0.99212967
0.95962019
0.98481875
0.96821866
0.99212709
0.89208896
0.96679525
0.97677462
0.96974976
0.94754448
0.95445017
0.88750810
0.99960524
0.98227071
0.95889117
0.96650101
0.99915770
0.98606969
0.94096355
0.99305757
0.98733295
0.86298794
0.84157976
0.97645134
0.84395572
0.91425661
0.99549121
0.85536779
0.98866675
0.83865786
0.97350584
0.79524150
0.97678395
0.97819237
0.97044259
0.83966771
0.99065911
0.98938896
0.98303078
0.96407765
0.90886420
0.99459653
0.99772237
0.97823846
0.95502691
0.91788582
0.92489117
0.95058329
0.97813900
0.91223952
0.99472268
0.86789171
0.99751446
0.98468999
0.99903329
0.98613509
0.98064629
0.99942761
0.99738441
0.97364741
0.92876239
0.93814518
0.94999384
0.85959844
0.98772730
0.86505129
0.99858271
0.98374466
0.99172349
0.95365944
0.95033045
0.98270226
0.93260420
0.94099054
0.98559842
0.91838799
0.90899642
0.85986563
0.94553201
0.99701245
0.93416533
0.97637257
0.81068213
0.93655056
0.99425409
0.85258010
0.98908934
0.96769155
0.94489401
0.98287968
0.92062618
0.99224990
0.87921376
0.90481957
0.94379821
0.99389133
0.96652702
0.91718553
0.90727927
0.84434398
0.99867240
0.81101894
0.82310242
0.96592395
0.96707351
0.92359005
0.99446128
0.88119235
0.83852065
0.98317680
0.99882096
0.99278488
0.96662415
0.97357754
0.99616679
0.97051549
0.96684077
0.98575248
0.89316843
0.89955744
0.99744586
0.97238314
0.90563156
0.88908287
0.98422598
0.88748447
0.99836342
0.93040548
0.96692423
0.99108953
0.88672312
0.98827432
0.94166702
0.99678126
0.91406963
0.93018889
0.92895386
0.93308461
0.99059094
0.87577571
0.92316552
0.96348941
0.86837864
0.86799358
0.84268514
0.97367880
0.93499971
0.91558111
0.94911142
0.80192098
0.98865145
0.99421072
0.99250178
0.91310515
0.92178717
0.93217759
0.89798560
0.95064555
0.98407010
0.80819925
0.97160689
0.95393030
0.80463214
0.99245154
0.99461596
0.98151494
0.92221381
0.84189457
0.98689314
0.88260320
0.88416502
0.90704812
0.99109781
0.98442294
0.87560713
0.97573659
0.85185022
0.98578426
0.99684622
0.88214143
0.92020611
0.87994314
0.95195176
0.85822743
0.99765352
0.84803804
0.98175330
0.91824680
0.86848017
0.93646016
0.93157444
0.87662453
0.86563086
0.90238141
0.80921563
0.94230006
0.98462647
0.96956282
0.83656122
0.98818061
0.98385793
0.99677543
0.95288968
0.97550496
0.88366803
0.95580186
0.96164644
0.84482919
0.90851248
0.99297362
0.90448639
0.91274514
0.92260221
0.95868607
0.90825166
0.82342393
0.97662983
0.99703586
0.98665760
0.97532769
0.98963592
0.99351690
0.99211564
0.89233701
0.97710350
0.99857228
0.97787654
0.95824131
0.92779631
0.95077946
0.99460256
0.85039448
0.98743340
0.99974962
0.93821704
0.86394087
0.97321677
0.97999940
0.95005575
0.90219538
0.97599045
0.99773327
0.98829428
0.98125646
0.99742913
0.99776394
0.90179893
0.90179483
0.99781346
0.97548901
0.99369324
0.97963853
0.98302210
0.98117437
0.98734035
0.81636548
0.99810361
0.99362704
0.99389486
0.89101088
0.99650127
0.95783282
0.91368021
0.98085770
0.92821350
0.91763012
0.97632536
0.98744298
0.99949244
0.97486907
0.93754781
0.94426498
0.94822143
0.83319238
0.81027842
0.97235514
0.99022393
0.98591516
0.96178492
0.98796507
0.95854383
0.96920988
0.98289686
0.81996898
0.95415008
0.97122998
0.95041118
0.95710583
0.99818724
0.99927604
0.86993252
0.98782583
0.88429601
0.94172662
0.98824666
0.81588511
0.96086698
0.96910254
0.86249188
0.99306992
0.99741830
0.99800961
0.99815557
0.89245349
0.98907526
0.97442860
0.99919475
0.99131858
0.99782691
0.99617026
0.98623518
0.84107460
0.99109017
0.94509793
0.99436366
0.80997625
0.99317098
0.80733549
0.91071233
0.96688682
0.99487084
0.99766193
0.97258366
0.93657709
0.99447378
0.98787242
0.94058251
0.80653779
0.95752480
0.99348878
0.97509824
0.96010795
0.95967604
0.91260636
0.99329593
0.98747391
0.88616260
0.97433859
0.96887080
0.97314377
0.83118288
0.92182353
0.97662769
0.95522782
0.99354367
0.99217705
0.92818077
0.85581233
0.97725873
0.81359723
0.86059654
0.99666405
0.97184834
0.86421719
0.91771200
0.88505951
0.90221824
0.95342394
0.99697985
0.98868116
0.89381952
0.91243274
0.87847324
0.99924323
0.97873714
0.79722827
0.99072052
0.96830461
0.99165622
0.98140286
0.91763646
0.82970293
0.99852526
0.95218801
0.98512454
0.94663420
0.90883090
0.91529907
0.94745353
0.99777862
0.97507765
0.93507273
0.96612358
0.95623701
0.93598669
0.86967544
0.91270685
0.94174363
0.92525742
0.84520441
0.94194434
0.97852721
0.90980244
0.97119270
0.90529265
0.99050389
0.91542164
0.81524108
0.97717281
0.98851310
0.98803864
0.84966442
0.97975651
0.90750674
0.95558088
0.99863941
0.98960963
0.92063865
0.94442401
0.97719872
0.98733279
0.95750976
0.93366780
0.97322764
0.85118165
0.98172471
0.88492635
0.93890407
0.93668975
0.96402928
0.99423178
0.92343254
0.99291567
0.99489877
0.94450776
0.97230591
0.98791599
0.93504613
0.99102735
0.91423966
0.93376317
0.95956814
0.99368175
0.97242449
0.89361964
0.96624998
0.98762453
0.98766415
0.94803840
0.95631504
0.99632101
0.96264621
0.85480051
0.94509896
0.92422349
0.85043404
0.99530239
0.96856417
0.99782464
0.97680916
0.98179163
0.99711318
0.99190201
0.98560443
0.92222289
0.99454653
0.97459135
0.98512362
0.98447244
0.96601406
0.80648446
0.87094021
0.99769323
0.94310628
0.91581311
0.87674543
0.83182186
0.90597464
0.99842258
0.97680209
0.95372890
0.96362109
0.97544794
0.95401145
0.90803318
0.86144200
0.96618644
0.85274081
0.94634425
0.98916175
0.92243308
0.80330094
0.90308459
0.97680241
0.99870195
0.91640577
0.94669410
0.89334249
0.99626434
0.96580341
0.93862115
0.93488912
0.96771240
0.97765475
0.99526879
0.99820026
0.97481324
0.96238712
0.99815325
0.99653894
0.97923346
0.98595144
0.96769354
0.99299517
0.96783781
0.95163338
0.97949762
0.98618460
0.98916197
0.91187610
0.87988041
0.97888547
0.98571678
0.85300946
0.98445188
0.95508280
0.99068508
0.99123805
0.84212426
0.97358950
0.93230392
0.91044612
0.99193390
0.99468565
0.99008700
0.88132876
0.98330232
0.93684675
0.99233281
0.98728020
0.94600920
0.95294903
0.95820873
0.96619286
0.98718268
0.85374129
0.99436825
0.96263235
0.99493237
0.84502685
0.99004866
0.99484709
0.99538245
0.96199692
0.96756059
0.97900254
0.98189396
0.99776476
0.96819849
0.88993058
0.98749413
0.99610112
0.98839954
0.98894710
0.99335098
0.88597664
0.98962203
0.96824257
0.99239974
0.99699633
0.95142508
0.96290340
0.96877188
0.81440011
0.96805408
0.95638197
0.98658123
0.80867482
0.96061918
0.98075917
0.88427709
0.98334798
0.82859094
0.99265447
0.91591374
0.96345747
0.86396660
0.99052469
0.93538794
0.98477346
0.98022182
0.99249774
0.80853426
0.99930462
0.88267083
0.87965357
0.99329450
0.97902095
0.93294736
0.99659518
0.91013189
0.99259484
0.98862785
0.79440643
0.79300852
0.90274551
0.97509493
0.85357276
0.96102187
0.97785839
0.99585206
0.99119656
0.85605152
0.98494367
0.98444639
0.91642060
0.96816804
0.93190855
0.99658161
0.81407940
0.96970029
0.87518639
0.99370185
0.91444026
0.96794207
0.81328436
0.99115111
0.88691640
0.95639248
0.98209400
0.90722668
0.99667939
0.98226844
0.98377525
0.99564402
0.96334601
0.94756608
0.99705280
0.96208901
0.99272812
0.99645894
0.99802714
0.99341942
0.95785825
0.96314521
0.98355790
0.99445825
0.97119201
0.90457085
0.91574149
0.98736759
0.99167368
0.92942705
0.92705016
0.95195461
0.87906463
0.96818260
0.97514959
0.99519822
0.99555610
0.95619631
0.95920259
0.96730303
0.97966177
0.96236824
0.96110604
0.99610644
0.99732877
0.99614910
0.99557903
0.97195968
0.97812764
0.99825958
0.98641441
0.99212132
0.97069421
0.98256406
0.97987595
0.89740179
0.88909058
0.99861135
0.99498091
0.99625816
0.88335694
0.86001224
0.89026722
0.84086689
0.91281008
0.98402047
0.96897573
0.95530968
0.98235347
0.96895062
0.98899987
0.95574527
0.99571236
0.84332042
0.98621252
0.90924389
0.91249131
0.87583604
0.99642907
0.99146605
0.94992808
0.99591148
0.98005561
0.97702846
0.86554372
0.98723999
0.92513393
0.94508525
0.84154732
0.98532656
0.88724522
0.88538349
0.95297712
0.99201161
0.82959818
0.83656574
0.81446332
0.99831513
0.90707096
0.98951001
0.94130274
0.98688101
0.97684662
0.99142372
0.89001978
0.97320358
0.99019574
0.98392339
0.83713502
0.95283185
0.98498961
0.99880369
0.93150405
0.83742254
0.97832414
0.98804491
0.95343470
0.84671134
0.99456490
0.99293731
0.88469591
0.91670355
0.94470661
0.93407796
0.99937277
0.93009631
0.99178527
0.99420701
0.99513554
0.98768891
0.83465250
0.99620892
0.99128325
0.94968169
0.95945254
0.99056448
0.98612320
0.80570310
0.90304057
0.97040407
0.84688244
0.81168636
0.87335215
0.98973036
0.98953813
0.99413124
0.83580663
0.93281986
0.83844991
0.95167408
0.81027204
0.98201718
0.98040741
0.99091746
0.99807905
0.99629333
0.98308413
0.95614573
0.99292165
0.99877225
0.84383970
0.88672211
0.98972361
0.93450594
0.92182828
0.99877290
0.97155064
0.99727837
0.98045780
0.95603191
0.89311725
0.91527403
0.98781993
0.80338138
0.95718213
0.91936526
0.99278356
0.92522023
0.99068496
0.88465187
0.99429453
0.84213075
0.97369842
0.99765963
0.97278677
0.86122894
0.99852729
0.98197906
0.99224403
0.94485379
0.98884775
0.99850375
0.99732620
0.98728902
0.99162114
0.84576779
0.81410626
0.98709716
0.90437792
0.98694874
0.92803822
0.99327000
0.90627008
0.98441958
0.99673921
0.99777330
0.92090369
0.93958303
0.90751937
0.99174354
0.99333499
0.94289712
0.99891942
0.83152080
0.97334633
0.96465897
0.97185642
0.95636382
0.95691178
0.99634164
0.99585657
0.97817407
0.98059566
0.95341634
0.93566222
0.84064082
0.91617841
0.98968081
0.89452544
0.98999790
0.96245548
0.98152524
0.83877195
0.98445959
0.99582506
0.97988971
0.89823420
0.88078901
0.87328111
0.99425127
0.83190324
0.81345754
0.97986478
0.93456902
0.94764704
0.99174420
0.99369344
0.92343149
0.88257127
0.99495810
0.99156948
0.96707912
0.99742464
0.94218211
0.94300893
0.98538962
0.90381188
0.99526038
0.82064269
0.97828735
0.91182244
0.86698110
0.90056254
0.91974886
0.99268329
0.88916988
0.88108041
0.99029432
0.98200139
0.91652006
0.97590645
0.89063502
0.88169503
0.96799638
0.82417170
0.99727011
0.99171960
0.99376825
0.90543345
0.86384784
0.98387708
0.96000875
0.98043546
0.97556222
0.87828866
0.87078651
0.81104008
0.98944051
0.94866420
0.92731362
0.95584076
0.96603214
0.97612857
0.92203198
0.97511570
0.84775270
0.88398427
0.99393056
0.99979896
0.97434048
0.83320018
0.98681980
0.91748914
0.99433762
0.98259563
0.89209630
0.92410670
0.95657096
0.95335042
0.90484666
0.99166098
0.97886210
0.96639330
0.93795432
0.97585673
0.94334798
0.99520751
0.97352930
0.98589821
0.94771079
0.89848548
0.98763987
0.99724357
0.99100432
0.99344317
0.98831670
0.99534565
0.90251277
0.92876931
0.97661485
0.95970646
0.99676400
0.95257820
0.99691022
0.99534718
0.99521389
0.89567932
0.94905834
0.95625071
0.88671156
0.97406183
0.97625878
0.95034821
0.99064023
0.84619601
0.85832219
0.98949632
0.81299320
0.97679100
0.91760877
0.97823343
0.95610366
0.99930100
0.98239365
0.96004305
0.93362959
0.98729548
0.96602122
0.99386923
0.95509510
0.90226743
0.98319155
0.93396846
0.95181963
0.99390216
0.83333099
0.99422670
0.99015831
0.97189983
0.86156820
0.88494736
0.97878424
0.96570693
0.96467395
0.99298610
0.98401447
0.96079423
0.96225014
0.96812226
0.99819251
0.98124771
0.81868294
0.91801933
0.95235024
0.96961158
0.93774656
0.99280196
0.84726742
0.81144813
0.87127816
0.96334420
0.99169211
0.99758291
0.84556622
0.98760179
0.98716293
0.98248640
0.98809394
0.84243145
0.97454347
0.95038521
0.98285130
0.98724960
0.84096026
0.95237543
0.98972308
0.87381209
0.89903872
0.80893211
0.99127617
0.99561803
0.97053533
0.99343953
0.82255847
0.99108626
0.90162921
0.97244206
0.84862093
0.92198710
0.97478733
0.91639241
0.85461887
0.96066101
0.97058282
0.98939328
0.81385586
0.93435471
0.86363119
0.98506137
0.93039933
0.99321271
0.99650658
0.89700462
0.79712095
0.85612235
0.81871358
0.99817583
0.82012378
0.99288133
0.99683387
0.99661429
0.89392619
0.98475379
0.99929132
0.90656268
0.99835708
0.99469130
0.99226174
0.99923734
0.84928386
0.96074145
0.99046565
0.84623020
0.81591067
0.98600851
0.95736593
0.97367414
0.98941181
0.95619138
0.99551623
0.88374060
0.98850889
0.85451865
0.94472946
0.92005912
0.97496168
0.95519463
0.98714818
0.83919831
0.83230171
0.99122335
0.98160803
0.93484863
0.91043772
0.91067396
0.98135023
0.89890025
0.87835826
0.93800577
0.98768939
0.91167057
0.99620357
0.82495037
0.86839792
0.99328993
0.80995244
0.99825397
0.91113452
0.99557393
0.98439895
0.96792420
0.94438511
0.96167980
0.85776882
0.91447672
0.98731936
0.96223276
0.89026881
0.98939442
0.87146757
0.99586741
0.83798155
0.89832220
0.99632413
0.99460913
0.81175705
0.99567304
0.99402407
0.99212320
0.99281904
0.93100701
0.92421765
0.89522436
0.95978927
0.89150274
0.85535736
0.97976886
0.93063656
0.99050689
0.94613789
0.96457864
0.98393518
0.96913170
0.96385354
0.98056734
0.83749822
0.98729966
0.97516734
0.90230240
0.97400087
0.85874289
0.99592037
0.88150515
0.97945375
0.98316816
0.80777056
0.88496528
0.87035162
0.99420442
0.99526920
0.91454829
0.94386276
0.99429924
0.98116556
0.99571288
0.98846108
0.99318581
0.98337689
0.99439788
0.94471353
0.99782980
0.96484127
0.81113170
0.99951734
0.99674629
0.97399655
0.95952415
0.85254264
0.97678751
0.98336268
0.99094484
0.99373787
0.93121730
0.96856333
0.98585501
0.97543712
0.91326831
0.89774100
0.96701859
0.99584255
0.97924484
0.99192695
0.99283783
0.99396627
0.96123691
0.99634621
0.99773251
0.99441315
0.88805816
0.99695893
0.97875873
0.97545489
0.95348235
0.88288680
0.92488268
0.89416487
0.98746600
0.98841665
0.97300848
0.81994497
0.98312794
0.96765090
0.98266084
0.95757103
0.88245770
0.84844221
0.95293391
0.99677613
0.99396628
0.94886159
0.93283620
0.84745767
0.95370958
0.81860875
0.95748538
0.81884691
0.91152137
0.99123815
0.99261471
0.85941772
0.99677522
0.99731026
0.98582605
0.96678247
0.96862095
0.99264073
0.92522093
0.96632607
0.89444011
0.96288658
0.99685593
0.99036147
0.97060051
0.96876687
0.99692583
0.94510232
0.99837825
0.87268690
0.96443265
0.94927185
0.92341162
0.99193483
0.93342056
0.80741584
0.96906273
0.99664756
0.99309279
0.97762610
0.85249863
0.94242428
0.99742391
0.89428004
0.94004765
0.90771167
0.96764458
0.98591866
0.83174732
0.92258886
0.99531735
0.98054029
0.94534494
0.89969741
0.98852781
0.86904262
0.91357704
0.87767766
0.98999010
0.96722093
0.84872929
0.91150466
0.84124002
0.89593167
0.98929961
0.99284280
0.99279747
0.90545593
0.84502343
0.99846099
0.98407134
0.96379597
0.96354756
0.99187353
0.82211575
0.99577323
0.93051822
0.85900984
0.93035625
0.88480070
0.99506438
0.96582018
0.99842532
0.90920712
0.87234147
0.93812553
0.96189034
0.85841524
0.99648966
0.98898600
0.87567421
0.97437145
0.95140369
0.85412131
0.90564158
0.92662350
0.84845433
0.89364981
0.83280715
0.91353573
0.96329164
0.98622324
0.89348338
0.99291769
0.99648876
0.96799317
0.99413453
0.98999999
0.98841897
0.99539975
0.88679079
0.94748990
0.99515062
0.99579327
0.89821924
0.97890349
0.94761256
0.88002517
0.99157225
0.95969781
0.99643623
0.93908217
0.95271661
0.82928219
0.87945320
0.93244517
0.99206654
0.87152597
0.96545531
0.95569823
0.96613292
0.99592170
0.98933073
0.97146256
0.99518154
0.88040227
0.99263227
0.99603129
0.94505430
0.99316866
0.98439840
0.99139542
0.95494054
0.84884713
0.87549804
0.98565829
0.84455537
0.99513848
0.98080303
0.99887067
0.84338942
0.81046124
0.98060273
0.89023572
0.98269513
0.98015270
0.92050144
0.98053167
0.93020430
0.83878889
0.88835071
0.89875457
0.96151197
0.96987834
0.97502152
0.99572838
0.80446281
0.92894297
0.96378786
0.98943473
0.95768147
0.97568432
0.99111039
0.99008902
0.85442392
0.97597193
0.99565965
0.98875407
0.99285459
0.99728580
0.93457517
0.82713384
0.97738370
0.85547973
0.94805190
0.83172847
0.89081540
0.99778245
0.98377734
0.98132359
0.99493192
0.99738214
0.97047723
0.92320564
0.88367216
0.99074842
0.84722345
0.99351681
0.92867065
0.94821169
0.99426595
0.91049572
0.98606818
0.99822588
0.79540885
0.94808785
0.98293095
0.88531259
0.99601784
0.80786376
0.96937062
0.92383951
0.99196754
0.94032182
0.99845933
0.96705455
0.96689660
0.97116148
0.89309502
0.85811475
0.90915872
0.89285132
0.99103556
0.94611803
0.88730420
0.99527230
0.99253849
0.83256662
0.99058192
0.99466114
0.93724950
0.97958262
0.92211128
0.98903962
0.99361155
0.93644810
0.97443425
0.82315086
0.95684754
0.95307329
0.99888202
0.98042162
0.97071149
0.99224665
0.98957406
0.86117010
0.99711895
0.90118213
0.97237986
0.84210885
0.94923409
0.81672368
0.87564912
0.91377408
0.95876845
0.95034874
0.95694589
0.95229166
0.91849343
0.97928699
0.97910797
0.97693581
0.95794648
0.81563119
0.98649942
0.97775378
0.99108577
0.99606961
0.82442386
0.81513344
0.99562409
0.96945164
0.99428139
0.85063399
0.99260756
0.94956500
0.98488277
0.98472118
0.97590592
0.94896749
0.98563203
0.95351023
0.98881281
0.97833271
0.97990638
0.90088127
0.87124037
0.99694806
0.97699395
0.95345932
0.88800628
0.96758308
0.88069710
0.98663191
0.86128880
0.87694663
0.86541390
0.99000876
0.96422311
0.84958941
0.97656312
0.99494153
0.96678462
0.96929102
0.99036632
0.96621541
0.88284404
0.98216141
0.97181442
0.97447943
0.97177585
0.97981274
0.99002090
0.80044414
0.91258618
0.96186155
0.95984883
0.90113187
0.99346699
0.99005314
0.88548028
0.99509670
0.91267383
0.93216461
0.98872567
0.80319454
0.90899659
0.98991450
0.97649399
0.99058449
0.97130040
0.98728696
0.90823934
0.99374036
0.98173669
0.98965377
0.89721290
0.99012106
0.95962590
0.99065738
0.96437841
0.99509274
0.97391789
0.91147622
0.98521186
0.97516128
0.91466336
0.92280197
0.94536265
0.94204635
0.79970712
0.99029320
0.94735767
0.98531822
0.93459937
0.99381069
0.79352489
0.98261134
0.86578521
0.97834255
0.94323894
0.98661971
0.95417712
0.97319587
0.92188070
0.98708047
0.97985485
0.96510509
0.98175934
0.99283506
0.82599471
0.83950338
0.97671669
0.96318029
0.99749577
0.97636453
0.99621927
0.83459660
0.96438982
0.94901628
0.98894843
0.99948172
0.99837203
0.96673547
0.99043336
0.95777543
0.85718199
0.98154874
0.86656396
0.93895693
0.96583212
0.99538258
0.82179801
0.92239079
0.99751771
0.95945625
0.98875707
0.96741567
0.98069603
0.98556117
0.97997815
0.97698324
0.98066785
0.86056181
0.96369662
0.98874716
0.99536277
0.97635569
0.82647852
0.99093161
0.83181312
0.89602033
0.97029546
0.92614428
0.98847372
0.99895535
0.99867672
0.99158242
0.97830418
0.87493990
0.87651266
0.83235039
0.88226673
0.92376744
0.92655851
0.83348801
0.92090045
0.97114336
0.83241456
0.92148269
0.97639094
0.96312129
0.95592408
0.96587273
0.91392073
0.81399981
0.92044966
0.80993817
0.83606878
0.83248487
0.94092737
0.81863977
0.84526623
0.92787044
0.99477525
0.96382144
0.94567167
0.86568091
0.94411284
0.81460980
0.97882791
0.99548762
0.99726743
0.97273884
0.90938720
0.86737826
0.83260426
0.90281623
0.89482375
0.99664154
0.86502585
0.82898356
0.97770823
0.86819402
0.97406169
0.97944201
0.97431429
0.88187779
0.90850024
0.99419721
0.98168337
0.92824575
0.85177073
0.99320346
0.86763468
0.93838503
0.99467628
0.96255631
0.96291755
0.97251345
0.97140955
0.98935673
0.91141969
0.81176047
0.99399571
0.90403145
0.96737934
0.99492151
0.89092831
0.90959492
0.96518485
0.97643804
0.99592968
0.98633541
0.90048642
0.95189467
0.98980759
0.96597080
0.86509735
0.89088953
0.99028830
0.99484612
0.99052908
0.93927959
0.91282955
0.82565798
0.99831765
0.87701055
0.99030066
0.83758530
0.81140199
0.92306142
0.84302742
0.96941837
0.98353409
0.91079738
0.94142115
0.94746131
0.97108026
0.85106092
0.99103880
0.86099538
0.99612822
0.98874516
0.98034143
0.99571413
0.99960110
0.82674294
0.97364519
0.98961880
0.81694120
0.99626647
0.81301541
0.99442525
0.99333455
0.99075491
0.97889895
0.81455240
0.97126739
0.96652917
0.89506138
0.99662388
0.94239186
0.97278531
0.87233525
0.99571087
0.92954520
0.98838561
0.85297606
0.98072783
0.89813807
0.99695272
0.85136984
0.99677641
0.99458748
0.99068455
0.96435163
0.90869658
0.82442477
0.96386153
0.99717464
0.84963496
0.97583734
0.89609741
0.97470119
0.99527713
0.97367029
0.93756016
0.98940289
0.90328212
0.98977271
0.99043479
0.94307487
0.92619070
0.94222051
0.89260566
0.99669588
0.89805615
0.99713513
0.98145866
0.90561759
0.98710278
0.93911035
0.82673653
0.98057634
0.98822294
0.96265488
0.99850611
0.88335186
0.93747872
0.99248832
0.99004468
0.86011216
0.99726974
0.97535996
0.99641703
0.95747567
0.84173923
0.98919433
0.94015650
0.78526892
0.96647373
0.83459659
0.99372851
0.98832527
0.98218860
0.96722567
0.91729331
0.95506788
0.85255331
0.97646655
0.99775505
0.96102085
0.94798968
0.86500514
0.99778928
0.89053295
0.96711805
0.92751536
0.99068365
0.99037443
0.82322262
0.84843188
0.89209344
0.96012629
0.98542827
0.98881095
0.94978349
0.99355560
0.97920663
0.96089538
0.99488699
0.82493281
0.98260878
0.98283672
0.99710912
0.97870530
0.98631818
0.89406269
0.98827960
0.91660947
0.97695307
0.85031572
0.93617164
0.99243615
0.99088170
0.96712958
0.99203939
0.96792017
0.98884785
0.99547516
0.86397757
0.98818010
0.97427241
0.99847313
0.99567389
0.80375200
0.89549644
0.99287345
0.87838842
0.82619951
0.92241219
0.97802351
0.97340122
0.84272463
0.96470845
0.86910802
0.99731294
0.97419010
0.99153347
0.94734375
0.95141139
0.97036578
0.88347719
0.98796348
0.89580876
0.99301384
0.91221437
0.97243959
0.88580599
0.99718664
0.99106737
0.99321413
0.96979963
0.97088574
0.93915759
0.98939411
0.99071184
0.85007821
0.96180158
0.99151990
0.87190803
0.94349238
0.82302412
0.94985947
0.96258216
0.94374817
0.95621506
0.98992132
0.91916565
0.96739187
0.80604042
0.97819441
0.99418996
0.99434724
0.97098192
0.98768590
0.95413001
0.99637224
0.99704679
0.85160660
0.98845541
0.84689713
0.99328205
0.89094775
0.96356666
0.97378785
0.98154658
0.99627076
0.93139859
0.98284454
0.87701154
0.84008360
0.93470418
0.87817098
0.84895446
0.99527964
0.98803860
0.89018585
0.98610738
0.99889168
0.82775754
0.99286168
0.93572603
0.95848665
0.90047157
0.96306527
0.99174577
0.91906421
0.99315630
0.98934994
0.98753360
0.94453286
0.99843670
0.88504770
0.99266456
0.98229493
0.95359244
0.99093979
0.89282880
0.99250495
0.92161379
0.98602658
0.91848930
0.92312307
0.89904868
0.99678526
0.95754038
0.99874607
0.92169201
0.98565705
0.88780513
0.96437270
0.98888352
0.92447916
0.99838678
0.98821343
0.86842643
0.95573570
0.95389312
0.94411989
0.97600700
0.95364230
0.99563037
0.87124521
0.95682472
0.92992908
0.94106256
0.96450919
0.83139077
0.90590147
0.81267151
0.99609055
0.85584352
0.98839318
0.99869870
0.98975037
0.96148843
0.91036702
0.97559198
0.99656186
0.87267144
0.87909770
0.98092230
0.88087535
0.98193790
0.99604758
0.97793291
0.99594201
0.83967274
0.97375974
0.92481956
0.99697934
0.91452333
0.97035647
0.97148894
0.91513284
0.99437935
0.99781846
0.90755474
0.95877715
0.98400876
0.92201800
0.89454285
0.99891135
0.97737655
0.99532946
0.88969877
0.97333528
0.97376426
0.99611563
0.98110937
0.99270375
0.99167005
0.97398955
0.99308171
0.97478555
0.98449580
0.98215637
0.87204305
0.89669598
0.98824979
0.97111354
0.92905381
0.84151730
0.98402990
0.96986662
0.92662163
0.97667672
0.84932988
0.98104221
0.89819216
0.80180924
0.97821608
0.80195037
0.91170960
0.99063485
0.96744176
0.97620045
0.96295841
0.99352738
0.87481901
0.98807974
0.95771970
0.95663470
0.99715757
0.96328992
0.93609728
0.93929525
0.99602817
0.83249960
0.97324996
0.91883413
0.96662730
0.96990227
0.98225632
0.86835144
0.97415927
0.90381165
0.98408879
0.99155673
0.96080824
0.98734407
0.96707323
0.99747432
0.79973889
0.90793066
0.99919605
0.92206315
0.99022955
0.99179803
0.97316981
0.98726370
0.97622797
0.98167650
0.98865380
0.97757796
0.91182502
0.95766848
0.94451881
0.93697414
0.93969642
0.81482551
0.98464486
0.97658502
0.89758535
0.83721282
0.83146431
0.99612238
0.84836125
0.99929367
0.86793882
0.87084123
0.85506761
0.99564098
0.93147440
0.95901711
0.98250202
0.83435846
0.98557502
0.86024531
0.87725589
0.96789395
0.99391322
0.87828244
0.93744900
0.97896588
0.98689203
0.79762683
0.95697656
0.82664311
0.96983082
0.92244397
0.98618138
0.99290282
0.99590454
0.99142673
0.83389787
0.95181401
0.96071036
0.97883567
0.80586135
0.90572418
0.98588200
0.90066895
0.99109834
0.98318802
0.96236843
0.84809595
0.89036749
0.92157702
0.99822078
0.93446544
0.88230569
0.99642413
0.91054831
0.99421380
0.97778621
0.85034040
0.98225920
0.96861689
0.99235713
0.97535789
0.88328478
0.98990793
0.98294541
0.86590062
0.83081055
0.99546151
0.98193856
0.99835666
0.85287650
0.91279718
0.88367383
0.91735992
0.95177968
0.82776211
0.93452419
0.99654507
0.83925825
0.99794757
0.99336724
0.98671248
0.98466439
0.99411527
0.91932193
0.98465174
0.92625101
0.89935653
0.98762428
0.84620422
0.88453014
0.95755250
0.93650282
0.82120850
0.97558200
0.96301608
0.94910189
0.92960898
0.97945328
0.96827001
0.97133393
0.88732031
0.96108894
0.99165322
0.98654081
0.97592998
0.99144535
0.86194843
0.83522463
0.92469422
0.99726306
0.94952341
0.82944284
0.92433021
0.86349854
0.99415231
0.98302915
0.86035980
0.91892526
0.80776445
0.83217470
0.99900679
0.98752875
0.98870536
0.92218263
0.97668100
0.99210668
0.96050984
0.96657004
0.81748858
0.93647220
0.98904416
0.95717807
0.99862484
0.99330476
0.99085925
0.87376404
0.99160237
0.88034964
0.82261157
0.95098533
0.99848379
0.96590753
0.99306513
0.89099668
0.90236680
0.95122273
0.85602906
0.98807997
0.92071932
0.87573199
0.93432875
0.94627488
0.99558513
0.79114832
0.91265549
0.92548934
0.85519792
0.98317461
0.83400108
0.98365274
0.91412931
0.97596468
0.80905267
0.99037209
0.99877615
0.99383505
0.99018102
0.92580162
0.99784003
0.86626953
0.99529625
0.97972963
0.98790827
0.87281492
0.99644965
0.86989019
0.96071534
0.95638896
0.87486812
0.87871988
0.99199990
0.85225775
0.98751216
0.95298336
0.89097337
0.98857783
0.96031485
0.98906323
0.98992981
0.96165666
0.87838349
0.97358318
0.99559860
0.98646393
0.99710943
0.99574735
0.97459633
0.99381156
0.87038229
0.95881643
0.98947899
0.92958515
0.95314973
0.84382669
0.99676924
0.92904189
0.93614322
0.95639804
0.98695000
0.96796227
0.99305712
0.97670734
0.96450860
0.92506462
0.97842670
0.93357618
0.99830681
0.98666954
0.99191112
0.99494810
0.88508588
0.86725815
0.97823359
0.96643907
0.81637953
0.98940817
0.99160427
0.89439483
0.98248072
0.97505201
0.93428545
0.99540115
0.93978954
0.98232777
0.92530462
0.99735374
0.96729058
0.99218871
0.98024895
0.97504628
0.97839457
0.89658324
0.98645801
0.99045491
0.90588785
0.98305263
0.88635700
0.85082959
0.93398200
0.97553086
0.99905060
0.88113741
0.95512556
0.96205794
0.93969539
0.95344414
0.94881019
0.99627913
0.97978834
0.90951337
0.91703421
0.88978049
0.99478429
0.94605070
0.97995370
0.80789593
0.99662656
0.83711974
0.99269830
0.95772997
0.94630202
0.84726999
0.98759186
0.90436180
0.96254017
0.84862049
0.98854215
0.88201789
0.98703178
0.94195870
0.99375006
0.99623948
0.96525067
0.95259497
0.95473530
0.97062972
0.89475965
0.97917926
0.90213294
0.91235516
0.98086439
0.98852073
0.98148560
0.99000712
0.98755705
0.97906339
0.82727992
0.88925473
0.89398968
0.98684935
0.86223051
0.95079886
0.89439131
0.94697795
0.99914293
0.90257835
0.99742047
0.85591333
0.96828777
0.98991212
0.92910885
0.99345244
0.96994255
0.99623648
0.92845789
0.93102874
0.86262292
0.87099249
0.89796975
0.96560612
0.99425607
0.99632114
0.88008854
0.89974360
0.95120294
0.87755142
0.84776822
0.99339077
0.99851997
0.91215100
0.85505488
0.96116050
0.96382366
0.97686354
0.79751297
0.99594042
0.99216943
0.99432419
0.98602541
0.98965363
0.98917482
0.81759250
0.91755915
0.82931050
0.94557187
0.99899159
0.99668554
0.87599487
0.98509750
0.96927861
0.84817499
0.94564798
0.94076895
0.91662935
0.99323903
0.91174972
0.97178715
0.84353364
0.97636669
0.92598945
0.85820449
0.99951311
0.92428661
0.89705057
0.97796674
0.87777842
0.91178061
0.90676471
0.98265452
0.97774005
0.99862841
0.92509036
0.99676854
0.81507607
0.90149479
0.99141486
0.94701877
0.94580072
0.97384419
0.96108535
0.96730146
0.99348342
0.99789742
0.98079096
0.97802940
0.83545710
0.95096001
0.83328249
0.97008736
0.99290135
0.97495021
0.93915877
0.98923145
0.80319905
0.99744029
0.97497673
0.98207178
0.98978990
0.99354479
0.96842364
0.82797963
0.99213711
0.97290471
0.90327557
0.99956586
0.96720180
0.99352287
0.98212969
0.99140261
0.99783927
0.85757017
0.99252008
0.84503953
0.89650167
0.94826092
0.98994033
0.99278578
0.99432943
0.95115075
0.84460441
0.93840534
0.99183649
0.98975220
0.97753720
0.95675540
0.92109129
0.97175146
0.85103751
0.99697660
0.99380686
0.90887917
0.86270147
0.99213687
0.97642376
0.99273796
0.92813521
0.99342078
0.90627340
0.87006646
0.88653107
0.85505548
0.98386132
0.99749032
0.97869633
0.97555303
0.92358482
0.91830064
0.81174721
0.98678884
0.99487824
0.88071079
0.90302942
0.98577383
0.97709359
0.98873393
0.80198290
0.98391262
0.84406993
0.90607786
0.88436127
0.82373682
0.88018979
0.98916097
0.96077396
0.88439595
0.90252011
0.99888905
0.84972556
0.92030802
0.95170603
0.83821232
0.97647090
0.97866708
0.80611437
0.92287378
0.99676611
0.99197517
0.92707827
0.98024611
0.80621619
0.87811861
0.95768228
0.99549663
0.81074170
0.95474653
0.96695464
0.99229307
0.98880037
0.99060350
0.93752803
0.93880473
0.81838404
0.95471577
0.96462537
0.99167457
0.99345161
0.98639670
0.92537695
0.98684337
0.98962283
0.96175313
0.86569270
0.79219129
0.89460551
0.98845658
0.97730331
0.95153059
0.95878966
0.89752094
0.98725401
0.98453308
0.98856386
0.92520703
0.99025345
0.88353803
0.94680399
0.98482394
0.85676125
0.96131392
0.97350248
0.97002608
0.90374626
0.99746548
0.98563154
0.96796516
0.98898809
0.80484889
0.79477919
0.93434066
0.94545725
0.91280277
0.90703140
0.99201347
0.87684592
0.96777596
0.97192956
0.87632163
0.88960085
0.88798110
0.90884125
0.90969861
0.81977864
0.85967918
0.98780920
0.96611955
0.88552359
0.86244346
0.96093129
0.98192438
0.97523097
0.87578475
0.87839907
0.98383039
0.98808712
0.98062699
0.87980145
0.98078869
0.93451303
0.95442960
0.93276771
0.98517988
0.80177030
0.98740978
0.98434779
0.86824573
0.99070903
0.88030953
0.95571555
0.83386118
0.92973890
0.95513120
0.84981587
0.97391599
0.97888027
0.85068661
0.99706516
0.91074341
0.99921320
0.94645401
0.99277614
0.88792491
0.97477666
0.96605807
0.89960598
0.97353576
0.84380244
0.85860432
0.94400446
0.81278312
0.98131152
0.97344188
0.98937645
0.88579878
0.89232964
0.99545461
0.99638605
0.88546665
0.95837770
0.99505768
0.95944078
0.99331713
0.99415398
0.93144896
0.98180068
0.87579559
0.98023101
0.99429032
0.96174160
0.90303714
0.98922764
0.94412377
0.87642665
0.99227203
0.98994160
0.95630979
0.98986145
0.98089828
0.97695586
0.98368180
0.97672087
0.99118506
0.95402242
0.94596021
0.99587957
0.95788521
0.91558730
0.98989530
0.79476968
0.87989650
0.80644246
0.98644372
0.97832325
0.99369584
0.96356088
0.79686681
0.99401288
0.98003079
0.94144568
0.99051981
0.97104800
0.84925695
0.97354137
0.95981151
0.98918165
0.90924072
0.81345926
0.98900120
0.84134189
0.99759555
0.98468987
0.99011945
0.97580434
0.95579603
0.98854658
0.93460816
0.97425476
0.82809288
0.99175075
0.97476995
0.99073305
0.96070164
0.87409501
0.99674426
0.86890464
0.98844224
0.95401733
0.98666532
0.95163584
0.88928489
0.98512094
0.83654046
0.99567528
0.98811244
0.84753255
0.92382582
0.95895137
0.86493942
0.96799055
0.95987825
0.94128152
0.91367641
0.94469923
0.97945898
0.98170050
0.98773603
0.99642989
0.84731473
0.86834084
0.93216202
0.98113014
0.98153064
0.99498794
0.92892492
0.99824720
0.98514596
0.98672691
0.99697072
0.95184680
0.97654395
0.99804070
0.99261182
0.98501799
0.89245082
0.98014068
0.94790618
0.93945018
0.86298819
0.95803086
0.93775464
0.98731203
0.99224261
0.97661927
0.99468813
0.95121221
0.98654429
0.98920571
0.97836025
0.97266515
0.87828969
0.95100346
0.96272148
0.99539332
0.99662177
0.96551683
0.90424450
0.86250206
0.98835288
0.94377345
0.95530380
0.92034324
0.98030890
0.90098034
0.96690303
0.99479122
0.99005836
0.99123443
0.95645519
0.94319760
0.96510620
0.97457316
0.99131286
0.94495934
0.95612003
0.93950682
0.95431026
0.94206452
0.83866775
0.93261554
0.94598311
0.87705927
0.92278196
0.96883212
0.98791987
0.98885129
0.96936211
0.92424246
0.99658861
0.99009491
0.95324862
0.94181079
0.95885877
0.99785838
0.98819697
0.98969034
0.83916192
0.96980362
0.93171401
0.96579352
0.83675373
0.89774478
0.95854877
0.98260419
0.98839491
0.84217419
0.92005881
0.95237976
0.97976489
0.92395868
0.99523286
0.84216405
0.90969973
0.98855376
0.94551522
0.99559616
0.99523691
0.98364361
0.93551063
0.97674372
0.97868502
0.99354026
0.94661722
0.97572451
0.95146024
0.94166522
0.92552386
0.97419550
0.99589501
0.98202058
0.98101164
0.98587081
0.99067549
0.99864190
0.99017756
0.98403086
0.89922735
0.99714693
0.94112520
0.96578640
0.88399459
0.99237634
0.84674283
0.88360854
0.95457021
0.98635316
0.96212525
0.98024794
0.83087897
0.96507689
0.99845606
0.89780582
0.98158499
0.99598284
0.99015546
0.90993812
0.94239842
0.81117307
0.86497804
0.98550614
0.92460049
0.99365362
0.85189889
0.96743744
0.99032776
0.89729025
0.84847264
0.84140502
0.88831579
0.84954839
0.98075811
0.92809202
0.81201477
0.91690904
0.96733146
0.84465609
0.97466534
0.94751025
0.99275363
0.96777029
0.93445602
0.99242292
0.99290852
0.86759997
0.84954876
0.99777630
0.91704589
0.95412966
0.92898241
0.99643099
0.96106853
0.84498750
0.97005209
0.98879169
0.99776291
0.94665379
0.99248515
0.97968935
0.98657408
0.90428314
0.99700804
0.99405272
0.86688531
0.97431928
0.96429815
0.94847927
0.92977392
0.81299951
0.96832464
0.83047229
0.96293878
0.97003877
0.94282570
0.96102269
0.95647600
0.94713008
0.94837958
0.99353799
0.99596916
0.98354210
0.99726362
0.99377757
0.91651407
0.99349819
0.99299433
0.97468473
0.94400422
0.91507795
0.84578750
0.98565234
0.96569262
0.85901452
0.99170109
0.96427706
0.97281529
0.98663586
0.85487255
0.90690135
0.96193520
0.99724933
0.79631083
0.93237749
0.97437026
0.97579903
0.88658123
0.98701098
0.98222964
0.96083200
0.90606529
0.99753002
0.92446948
0.98553419
0.95639939
0.93329203
0.94169561
0.98844123
0.99379318
0.94246529
0.97729590
0.97214273
0.97833129
0.98554063
0.99544825
0.97286820
0.99835474
0.98298436
0.98801982
0.99406661
0.96137684
0.81447598
0.81891238
0.97423702
0.98821203
0.90437312
0.95188992
0.99621103
0.96690058
0.92335104
0.98348652
0.95801284
0.90421140
0.93818111
0.99551951
0.99579758
0.86319821
0.93403402
0.98750946
0.98898715
0.97466912
0.99605442
0.99854870
0.99246951
0.98687020
0.99530668
0.99792817
0.92687365
0.86613544
0.96542333
0.99915181
0.83233286
0.97358096
0.91631378
0.98576984
0.99105132
0.98623399
0.96537165
0.94638641
0.97682931
0.94040698
0.99873034
0.99809875
0.86595589
0.93022315
0.86265520
0.94174309
0.79205138
0.95709467
0.99144452
0.92878621
0.92752476
0.95319597
0.86222343
0.98205387
0.99429309
0.98125014
0.97578716
0.87545491
0.97854978
0.96729006
0.86058365
0.87901901
0.99593773
0.98316176
0.96563266
0.97402825
0.99187900
0.96769540
0.97161838
0.98864655
0.87501013
0.97363393
0.96574499
0.97493373
0.96332937
0.98140505
0.96653130
0.87350222
0.99733120
0.95099345
0.97801524
0.95783247
0.92355212
0.98696165
0.99380621
0.97752116
0.96099386
0.97162941
0.97332182
0.96868189
0.83836545
0.97628499
0.89319659
0.98763917
0.97329728
0.83974355
0.90815009
0.99676602
0.99449507
0.99854293
0.87620441
0.98651453
0.82334314
0.99051544
0.99211659
0.99171963
0.95805787
0.88066848
0.98930085
0.97287274
0.85164829
0.99200856
0.94364301
0.89335705
0.98207303
0.97546461
0.88732577
0.88238116
0.99604099
0.97411521
0.98369225
0.88323314
0.88562108
0.97046041
0.91866457
0.98519205
0.98353826
0.94859355
0.94639521
0.93098520
0.97414486
0.99107439
0.99879902
0.83207713
0.99292951
0.98429906
0.99605157
0.89452745
0.99216539
0.98829118
0.90005804
0.98381537
0.92770967
0.82203388
0.87849275
0.93283029
0.92716511
0.99221369
0.80599253
0.81894986
0.88815827
0.86993686
0.98910538
0.96382472
0.98507072
0.94912501
0.99494253
0.96440762
0.98174733
0.99206165
0.95701174
0.98055358
0.84708817
0.99696150
0.92683748
0.92227616
0.99467642
0.92224915
0.97852017
0.93626275
0.81461425
0.98631363
0.96559156
0.95888380
0.99394161
0.97737527
0.92717619
0.98930521
0.99532280
0.97801140
0.95223788
0.95448581
0.97297681
0.99634596
0.98477163
0.97342356
0.92249763
0.95693759
0.88538721
0.99811111
0.93885030
0.88615735
0.99359715
0.99044090
0.98839767
0.88638964
0.99867895
0.99737231
0.98632843
0.97370687
0.98374031
0.99835088
0.87264775
0.90764824
0.92450180
0.99927482
0.99495505
0.95526658
0.96458192
0.98608145
0.92602188
0.95107724
0.99160673
0.99054323
0.99572137
0.86551001
0.97512220
0.98079862
0.94191520
0.99799731
0.95864204
0.92369277
0.97383202
0.99833916
0.97807025
0.88397920
0.94413182
0.87916189
0.99061827
0.98524028
0.88154836
0.98339960
0.94560879
0.89505575
0.97587517
0.84556443
0.98507800
0.97399441
0.98490526
0.99577396
0.99869407
0.98277073
0.98146413
0.85804556
0.99663618
0.94224065
0.94133603
0.89855259
0.81949251
0.88905766
0.85733158
0.98643383
0.99877054
0.99784617
0.94454769
0.95435974
0.86606053
0.99398799
0.98371884
0.79880473
0.97838560
0.95381451
0.90501265
0.99669418
0.99348142
0.97284605
0.95367310
0.99292068
0.99536669
0.96147817
0.94080238
0.98006918
0.95571016
0.98667957
0.92664180
0.99429766
0.83431199
0.81310902
0.95717917
0.99252122
0.99095522
0.82217679
0.98242542
0.99171698
0.90052888
0.88197957
0.99252968
0.93442417
0.99236926
0.82442636
0.92945928
0.85366186
0.99559128
0.93126731
0.98649243
0.98783235
0.96776345
0.99510992
0.97742476
0.89018465
0.98507851
0.98988920
0.95776385
0.98957997
0.91395370
0.95936483
0.98558103
0.98522323
0.93026654
0.98259541
0.83456110
0.99886610
0.99447725
0.88137962
0.96747809
0.97701864
0.98908636
0.97346450
0.98255445
0.81283078
0.82087012
0.85186133
0.93598393
0.99711981
0.97278553
0.91321772
0.96918407
0.96132917
0.86428911
0.86933463
0.99912001
0.94254336
0.84883610
0.95914868
0.97385326
0.98203261
0.99807503
0.88993202
0.96594727
0.93513292
0.85558530
0.95140933
0.94131194
0.99889419
0.97953584
0.89963732
0.93060274
0.99335109
0.81059393
0.97975741
0.96631212
0.99729067
0.94385809
0.88831941
0.86515292
0.92692194
0.97792929
0.99077927
0.85719414
0.84081046
0.99442400
0.94838032
0.99330604
0.86552353
0.98350125
0.92485282
0.96407838
0.90722637
0.97985137
0.94357839
0.84484729
0.95501782
0.99703052
0.96066446
0.93268215
0.94901240
0.98934598
0.98105570
0.98836158
0.97117776
0.96966275
0.92957403
0.99448693
0.87029707
0.81881267
0.98651866
0.80617481
0.86718533
0.91276552
0.99240657
0.91157781
0.93752773
0.94259374
0.98538921
0.87186730
0.97508805
0.92965843
0.98381577
0.98725987
0.89275704
0.92480579
0.99234273
0.87792924
0.98712008
0.95719746
0.95548225
0.97281105
0.81863699
0.89753969
0.99257674
0.91673577
0.99134776
0.98482481
0.97336768
0.84970743
0.99016067
0.99267518
0.86484506
0.96478907
0.87848753
0.89443249
0.99487288
0.86548641
0.89974523
0.81077562
0.86603295
0.98452941
0.84318236
0.94540366
0.97420506
0.99675674
0.94962853
0.97144393
0.94436769
0.95727584
0.84893563
0.99649869
0.99572555
0.92410493
0.90665219
0.96382589
0.97855054
0.96610538
0.94524578
0.83926099
0.91196224
0.99460640
0.99607073
0.99402834
0.79624496
0.89039297
0.91345172
0.91361680
0.96796426
0.99331269
0.95506106
0.98161976
0.96710959
0.92977570
0.96350970
0.96720610
0.99479741
0.89424785
0.95759087
0.94542643
0.99716763
0.94585092
0.99505850
0.97670739
0.93118098
0.86806365
0.85772536
0.98702673
0.99492299
0.96557980
0.85433543
0.95633201
0.97425170
0.97222991
0.98791883
0.99317549
0.91965505
0.98524009
0.85276679
0.87343733
0.96056121
0.90659211
0.94829814
0.99827740
0.95323041
0.98249500
0.99926436
0.82111343
0.96016511
0.93616299
0.81018515
0.98129315
0.99752379
0.98753374
0.99726202
0.97218162
0.99534651
0.92049699
0.84926459
0.98579841
0.96751918
0.99883984
0.99746446
0.97664254
0.95892364
0.99690903
0.86036162
0.99197851
0.94752013
0.99745213
0.96716238
0.83196374
0.84351910
0.91601919
0.99574518
0.92750927
0.99538816
0.87230858
0.98924899
0.87797488
0.95140498
0.96756070
0.99535303
0.96900104
0.94029057
0.98774949
0.86002115
0.98407205
0.87741373
0.93697092
0.97504278
0.91327513
0.99147980
0.93440516
0.87977195
0.98924597
0.94489475
0.97723632
0.97815190
0.90405302
0.99593578
0.98999301
0.91177392
0.85714968
0.90045985
0.99740820
0.99329472
0.94784418
0.98916447
0.97994547
0.87736301
0.95591216
0.93785397
0.80173248
0.96266267
0.84665644
0.86370551
0.99517300
0.81484871
0.79697271
0.97093239
0.99876062
0.99573503
0.99204912
0.97334688
0.99808222
0.95715122
0.80215795
0.98604318
0.92624669
0.95384279
0.93251442
0.99123438
0.87959040
0.98752224
0.94130734
0.89153965
0.98628828
0.99409500
0.94567748
0.96106144
0.79999464
0.99602565
0.88665807
0.92222414
0.86634220
0.98474207
0.98089315
0.98382988
0.99254617
0.99119083
0.99843784
0.96612018
0.90281467
0.97962414
0.96671048
0.94191006
0.97224711
0.93001217
0.92789267
0.89960212
0.98972596
0.83271203
0.95078342
0.82643680
0.96714058
0.97933665
0.87553501
0.85784618
0.98792785
0.96341218
0.99134909
0.93065602
0.99341233
0.99806589
0.98748171
0.98225851
0.98301003
0.81906289
0.85870006
0.98063283
0.96327798
0.80695488
0.98194749
0.99433070
0.85830807
0.97393333
0.83158319
0.92619751
0.96337263
0.93944591
0.89277574
0.89892196
0.83070781
0.98665080
0.88674481
0.98679854
0.97706233
0.99223317
0.98494665
0.89340693
0.93523280
0.95852771
0.80447986
0.91062359
0.89043545
0.84501555
0.94711894
0.82199574
0.99492025
0.98475922
0.94045780
0.97888929
0.96555383
0.97661836
0.98121075
0.83485955
0.88749859
0.98888537
0.84983121
0.98325559
0.92560065
0.97405915
0.88841258
0.97520383
0.98299155
0.94273563
0.95809106
0.98364779
0.92784277
0.98766449
0.99728039
0.99386960
0.93345665
0.98921666
0.99742901
0.99190985
0.90034391
0.96293690
0.99808230
0.98180802
0.93948651
0.93289310
0.94635797
0.96971735
0.98892818
0.99203650
0.99393800
0.99295553
0.99396185
0.85824593
0.82581757
0.83230399
0.99290124
0.79770598
0.84349446
0.99901690
0.84408818
0.99624427
0.92466638
0.97178693
0.93592513
0.99329206
0.92308529
0.98881035
0.97539508
0.98291526
0.99746980
0.89021126
0.98805300
0.85519556
0.92650658
0.99692467
0.84678361
0.99274055
0.98499957
0.98489012
0.85152381
0.92194655
0.98143366
0.98440675
0.82039734
0.96976588
0.99141785
0.99763362
0.98341854
0.96378904
0.98142253
0.99222603
0.94900471
0.92545141
0.99143599
0.91323235
0.87021907
0.90145327
0.94864844
0.99532209
0.90820048
0.85046105
0.85837329
0.99427931
0.96707710
0.93401342
0.99384663
0.93636226
0.86695607
0.97821907
0.98702508
0.98573338
0.99870475
0.80670697
0.93564467
0.83911631
0.91518648
0.99771058
0.87740583
0.98320653
0.97373572
0.97766723
0.97855466
0.88874268
0.95646975
0.98616789
0.95037892
0.99139001
0.99717183
0.90993415
0.97425395
0.96315865
0.93940580
0.94426486
0.91290749
0.83746282
0.95292269
0.97223937
0.90900147
0.89452906
0.99240098
0.97626799
0.97854119
0.82892504
0.98510881
0.98884570
0.91743120
0.98814524
0.81476895
0.99871776
0.99061158
0.84232107
0.98614675
0.96780342
0.90512270
0.98576206
0.93080289
0.96564558
0.98671489
0.93865042
0.82030327
0.94501862
0.93890142
0.99570789
0.98863383
0.98580930
0.96777840
0.88383833
0.93940796
0.89642749
0.95192995
0.94837513
0.99307739
0.98472247
0.91682827
0.99640058
0.95458342
0.99544355
0.97186612
0.98701877
0.94797159
0.85159696
0.82293890
0.88346128
0.94661550
0.94078104
0.80331099
0.99307686
0.83548557
0.98474061
0.99357060
0.95854833
0.91746531
0.95955636
0.94034269
0.97382487
0.98574134
0.95351404
0.92419151
0.99273133
0.99259560
0.99752936
0.91181384
0.85511764
0.81574790
0.96637702
0.82992511
0.88954734
0.99845725
0.80374201
0.99202922
0.97913693
0.98520700
0.92084612
0.99571771
0.99099762
0.83440253
0.98124299
0.90632269
0.96119165
0.96482238
0.99266626
0.99748198
0.82415890
0.91586396
0.96792483
0.99248754
0.85405441
0.99934418
0.93079901
0.93412008
0.85447345
0.96485237
0.97239665
0.94324616
0.99560726
0.87050962
0.98457712
0.98385398
0.99835848
0.91537238
0.99127390
0.99840278
0.99672615
0.87869895
0.95922444
0.99332106
0.86814174
0.94727454
0.91978945
0.96953177
0.97095012
0.91939813
0.98700860
0.97482835
0.83576655
0.93244699
0.90683540
0.99426451
0.94203810
0.87320359
0.96325788
0.85672406
0.86426253
0.94557656
0.81888849
0.99059838
0.94661887
0.99745882
0.89002367
0.98539079
0.97994510
0.90544286
0.99526481
0.90606153
0.93229710
0.87131444
0.99279180
0.99754850
0.99083777
0.90552555
0.99909635
0.99382515
0.95031080
0.99052010
0.99904883
0.89401010
0.80578677
0.99636942
0.91129719
0.94965489
0.98079058
0.85951741
0.99638175
0.98487635
0.99922491
0.98311232
0.90383515
0.94824034
0.97792707
0.80928272
0.93431484
0.99590126
0.97393996
0.92443727
0.87871522
0.98500703
0.91117692
0.95640528
0.81567662
0.94986121
0.99792619
0.92277082
0.98967024
0.80781391
0.99260334
0.79878904
0.94912330
0.96438001
0.97272659
0.85396883
0.90352517
0.98561323
0.95632860
0.94463050
0.87063942
0.92929860
0.98524511
0.99348172
0.95516966
0.90354352
0.90932195
0.88058634
0.97831712
0.93400391
0.99328890
0.99146634
0.98674634
0.88299852
0.96570719
0.97839651
0.87630506
0.98124641
0.93602948
0.91756752
0.99332223
0.99746515
0.99635115
0.92247098
0.98984865
0.84574566
0.92855523
0.85106089
0.90204139
0.89671338
0.89838548
0.88569212
0.79895810
0.99825929
0.99833369
0.98728544
0.79769207
0.81207263
0.96438977
0.99040413
0.96514142
0.99784004
0.97150493
0.90573079
0.95745931
0.84641778
0.98675288
0.99484860
0.98220223
0.98970542
0.97291424
0.91652837
0.79507058
0.99820606
0.98355974
0.97072196
0.98119130
0.87915980
0.94909168
0.92427812
0.98348341
0.84237138
0.99660719
0.94229548
0.99427042
0.95749574
0.95173624
0.94528447
0.96712025
0.81838004
0.89099886
0.85658877
0.98409167
0.99512193
0.99831082
0.90619242
0.84291517
0.98598258
0.92091071
0.98671856
0.95360935
0.97527037
0.93092447
0.95853191
0.94861502
0.92281036
0.93642473
0.98430716
0.98651655
0.99909864
0.97455158
0.98746942
0.91386248
0.93623324
0.82822825
0.94261658
0.97596442
0.93407910
0.94898372
0.99467044
0.98802892
0.95323261
0.82682768
0.91861181
0.96416895
0.83762248
0.99806807
0.89187872
0.99798761
0.97818952
0.95853705
0.99762302
0.89410011
0.99739936
0.88574839
0.94764741
0.85384502
0.97323169
0.98933129
0.99040148
0.82508696
0.98505915
0.82413719
0.82649952
0.94879075
0.95620034
0.83334335
0.99859424
0.98774084
0.98903511
0.84674555
0.97412144
0.97786367
0.99396987
0.80296845
0.89708017
0.98068285
0.98874948
0.99384908
0.93805069
0.95770516
0.98086716
0.99392855
0.97156487
0.99338216
0.90554117
0.96391756
0.99084414
0.84586562
0.95607605
0.91826973
0.90878741
0.89013793
0.86476986
0.93671398
0.83283391
0.98879220
0.83644189
0.95651611
0.93517301
0.98628795
0.87219053
0.93594982
0.98400187
0.99121770
0.83210264
0.96393966
0.90477725
0.91995456
0.98730500
0.99133013
0.84549829
0.81848410
0.98908982
0.83836364
0.87815482
0.92855457
0.96413032
0.86607859
0.99185708
0.99821873
0.98499329
0.98499560
0.94668364
0.96520626
0.99846739
0.97729270
0.81220204
0.91385301
0.99028378
0.93475663
0.93284073
0.84710182
0.93703008
0.98004861
0.92719550
0.98757151
0.90182679
0.96543908
0.99472449
0.99729668
0.89293344
0.98093307
0.95492110
0.97939925
0.88664441
0.86349359
0.97996312
0.99593735
0.98907705
0.96760831
0.86833764
0.91684988
0.87711346
0.85175732
0.96170298
0.99398413
0.98591081
0.86544647
0.81285332
0.97077969
0.99740023
0.99261165
0.98758540
0.89293139
0.98780394
0.90269084
0.92583993
0.98072560
0.98529931
0.95658568
0.90552334
0.88159000
0.96518069
0.93386313
0.99651631
0.97992443
0.94590744
0.98704874
0.96458826
0.86986027
0.81932174
0.95654157
0.93106227
0.97716429
0.93649753
0.97424144
0.98587258
0.92608100
0.95341341
0.95548272
0.98030332
0.99743902
0.83537300
0.96215170
0.95421603
0.99401050
0.97086596
0.98989569
0.99709011
0.93521193
0.95271308
0.84401880
0.99630351
0.99076041
0.99493400
0.91482554
0.95027040
0.83114779
0.98306677
0.93087746
0.87482736
0.98258736
0.97357596
0.96059225
0.98474547
0.99431387
0.95833976
0.94958306
0.97723761
0.84086144
0.94596565
0.99315034
0.91806206
0.87880505
0.99228086
0.98644431
0.91576126
0.99814765
0.93559887
0.93151193
0.90642538
0.99864953
0.99428602
0.99917270
0.98786026
0.84304906
0.88731251
0.91887728
0.92294528
0.96133169
0.82107603
0.80121693
0.98066941
0.98703947
0.98226725
0.98493537
0.98785781
0.91423295
0.99191295
0.88187058
0.98325519
0.99610648
0.92617758
0.98936505
0.85457418
0.89530595
0.81048539
0.90964922
0.91708744
0.97945723
0.84540485
0.91297838
0.82764175
0.83581752
0.98865336
0.98984723
0.99729157
0.98394396
0.97247081
0.98425342
0.95293077
0.85231969
0.95932528
0.93576742
0.95145586
0.99403990
0.92492509
0.91457510
0.98211047
0.99179615
0.95743336
0.83125525
0.94484145
0.90178304
0.98342799
0.99467616
0.94815539
0.96116472
0.98972867
0.91186398
0.96647902
0.99611448
0.97915503
0.93069583
0.95522510
0.87841332
0.89414736
0.99092398
0.92513962
0.97757061
0.92979059
0.91797261
0.95058653
0.99196179
0.94362877
0.99547149
0.97444282
0.84568379
0.96843930
0.99237497
0.98270216
0.99363087
0.92200800
0.96263201
0.85120234
0.93595491
0.96892236
0.94032047
0.96263730
0.86941772
0.95883527
0.99486551
0.97280419
0.98160615
0.87640496
0.93789608
0.98809071
0.99503068
0.91439251
0.80303956
0.99877527
0.98106928
0.99744737
0.99207273
0.99647211
0.97948752
0.98269395
0.97984809
0.95232925
0.99726360
0.96700090
0.99215363
0.99465846
0.90861633
0.90537940
0.97399954
0.97831413
0.97548642
0.93209181
0.89945017
0.95070190
0.99006158
0.99778701
0.92596815
0.97558690
0.98985769
0.93444934
0.90339860
0.87136720
0.98050321
0.98991622
0.93431908
0.98991114
0.96237358
0.94237113
0.98420531
0.84462509
0.79927646
0.93778851
0.95440566
0.87201064
0.82726432
0.97703588
0.85838398
0.99580593
0.95081227
0.92937070
0.82842610
0.92262975
0.95414121
0.98554004
0.98977878
0.94631055
0.90528889
0.96573313
0.98297493
0.96144699
0.87448442
0.82425587
0.82062391
0.99866520
0.95206256
0.91780926
0.82164952
0.88596485
0.96710435
0.95321741
0.91348009
0.98381428
0.98772852
0.98440234
0.99845486
0.96336490
0.99108584
0.92351452
0.84100379
0.89693781
0.99413529
0.99801904
0.97191670
0.92657620
0.98390956
0.99375604
0.99544224
0.98078195
0.92303012
0.99028752
0.98948843
0.99046414
0.99200049
0.95836565
0.98301184
0.99676925
0.91333367
0.94079067
0.99376605
0.95307995
0.97743830
0.96176895
0.99798288
0.86607015
0.99513048
0.82346878
0.99327865
0.92561407
0.99873282
0.93975865
0.91457151
0.98105613
0.97457381
0.97898144
0.93617014
0.88395271
0.94541128
0.94194716
0.97300279
0.98106353
0.99576831
0.89767647
0.93653158
0.96448949
0.99597671
0.98933968
0.98811979
0.95830766
0.84299948
0.98272840
0.87808645
0.87442910
0.84601603
0.99240483
0.93605607
0.99011550
0.79808990
0.96475770
0.98893417
0.84916161
0.99483694
0.98741892
0.87632915
0.79578310
0.99591016
0.99429082
0.92172584
0.99898067
0.81724491
0.80634846
0.99153747
0.97692621
0.97568385
0.92179213
0.99675446
0.98087171
0.85550141
0.99282495
0.96550324
0.97792935
0.91482309
0.96627414
0.98139774
0.98663317
0.89531039
0.99462933
0.98534936
0.98718355
0.85286644
0.89607127
0.93406398
0.97551427
0.86690185
0.90210736
0.99191345
0.83051969
0.95654167
0.95950374
0.97976597
0.96962633
0.91386653
0.97529745
0.98329585
0.88007537
0.99461602
0.94284324
0.92079921
0.99622178
0.98074064
0.92406776
0.81273286
0.88595158
0.95158186
0.98936005
0.81501983
0.99467819
0.99456240
0.80313455
0.94851852
0.91275444
0.98674086
0.99373621
0.98761834
0.97536861
0.99850872
0.95245492
0.88998685
0.93327945
0.97401427
0.97014259
0.89567118
0.90048170
0.83458842
0.99604743
0.98624303
0.94690274
0.95438382
0.98749993
0.97270952
0.96803299
0.99146563
0.92338152
0.97215695
0.92164599
0.99463403
0.99577027
0.99336932
0.97866882
0.99755610
0.84704054
0.98869528
0.98918884
0.88259901
0.95144426
0.97051957
0.87967681
0.97761358
0.99555445
0.81477580
0.86062944
0.92424017
0.96225608
0.80971610
0.93394066
0.92221268
0.97155646
0.97784114
0.97427645
0.96389538
0.83891855
0.84699668
0.82048038
0.91801785
0.99187221
0.88472829
0.98898647
0.99735223
0.96302128
0.96975888
0.92467134
0.96104263
0.99866664
0.97530971
0.97719915
0.99574184
0.97661061
0.97415517
0.84316631
0.86457988
0.94810867
0.99437166
0.97784123
0.95973940
0.98052707
0.84961834
0.99677447
0.98126515
0.96809912
0.82910440
0.93406765
0.99019216
0.82050030
0.92317377
0.89677743
0.97974283
0.87228397
0.98314804
0.94821294
0.97422709
0.99281832
0.98450914
0.93731751
0.99640922
0.89396346
0.99749384
0.97025758
0.94607180
0.98851237
0.97602411
0.99310710
0.89311491
0.97164759
0.94389430
0.86012641
0.79891911
0.95697492
0.84131391
0.94084458
0.98184540
0.98623744
0.83985146
0.96874622
0.98746409
0.99839573
0.99802133
0.97465438
0.79175601
0.98830642
0.90806008
0.99311793
0.98932582
0.99057362
0.99034325
0.99655137
0.99490745
0.99297958
0.98589395
0.85603115
0.98089656
0.97744852
0.99135489
0.87062762
0.92312439
0.98568890
0.96416730
0.97149803
0.98490001
0.97521325
0.98879071
0.80761102
0.96491080
0.79272306
0.98669408
0.99469362
0.82786458
0.92912159
0.99512975
0.91669377
0.99903922
0.97485669
0.97740016
0.97192367
0.89588983
0.92753948
0.94555876
0.98743918
0.96047097
0.92839630
0.99188439
0.95917829
0.98870980
0.97905915
0.81774138
0.99454595
0.95114887
0.89605923
0.99163505
0.98384705
0.98668605
0.91482951
0.94340279
0.99230824
0.99283602
0.94030021
0.88988562
0.93583792
0.98467122
0.90667725
0.84010474
0.97945857
0.97306074
0.98865859
0.92888714
0.99401196
0.98180911
0.82426523
0.96897209
0.92077591
0.99731093
0.99144033
0.97055374
0.98727326
0.98655222
0.84735496
0.91476035
0.98144795
0.95522083
0.91346782
0.99603362
0.94763091
0.94749759
0.92577024
0.96772499
0.84842448
0.80034542
0.98453412
0.88653318
0.94853225
0.95424417
0.99082782
0.85256276
0.94905382
0.83536842
0.83831948
0.96896168
0.98125921
0.99509458
0.90557940
0.99323440
0.83988006
0.86789151
0.97922265
0.97431414
0.97413793
0.98998114
0.94349377
0.99100707
0.89672948
0.94145017
0.83534533
0.96306451
0.90647938
0.98650658
0.94197625
0.98879237
0.99695396
0.83475813
0.92871714
0.99893383
0.87394087
0.96534743
0.97140769
0.87476995
0.98959551
0.90675421
0.96998594
0.91537126
0.96191605
0.81859496
0.91042669
0.95830699
0.99510951
0.92715188
0.98589550
0.90627817
0.98806135
0.89330727
0.86864341
0.85745794
0.96207859
0.93975994
0.93742891
0.82620719
0.83381978
0.88080479
0.99504503
0.84027396
0.85573128
0.98287973
0.99293396
0.97842261
0.96891264
0.93735262
0.86869449
0.85441339
0.91333626
0.91880754
0.94578144
0.90317847
0.87019702
0.89205198
0.92830404
0.98434946
0.93654058
0.92034458
0.79982541
0.96917025
0.93375757
0.99858600
0.89718821
0.93416007
0.98478006
0.85707093
0.98494861
0.85190721
0.99114021
0.98963448
0.93705396
0.94304419
0.96657008
0.98681240
0.99589480
0.91473746
0.93708912
0.97532597
0.99777152
0.87984792
0.96366148
0.98136656
0.89202270
0.91747790
0.99526949
0.93527741
0.99913370
0.98995041
0.99494087
0.99477098
0.95293477
0.86745116
0.89879490
0.98902213
0.82169654
0.99870726
0.83745721
0.98020957
0.99425908
0.99504244
0.91193224
0.99162015
0.86914982
0.99751500
0.99868215
0.86642842
0.99760483
0.94127254
0.99337879
0.99853940
0.97959349
0.95060912
0.99571648
0.97187358
0.98625350
0.99007624
0.99254757
0.97802233
0.96775812
0.96829793
0.92011712
0.99365928
0.95990288
0.99776463
0.97427156
0.99898392
0.97847658
0.99353980
0.98533691
0.89571280
0.99354944
0.99553100
0.79918897
0.98591631
0.79990765
0.85539513
0.93701714
0.98934256
0.94668347
0.88370831
0.96105847
0.94969825
0.96238743
0.99568654
0.99977096
0.95280242
0.97377273
0.97441099
0.88750516
0.96093777
0.89563831
0.85335221
0.99332855
0.86713322
0.85299064
0.95748277
0.96968888
0.88887979
0.96690838
0.89571136
0.99726215
0.97897240
0.97668343
0.85336062
0.94398794
0.96655742
0.95780567
0.96737173
0.88981352
0.95967370
0.89744881
0.83276935
0.95120899
0.85706237
0.98059336
0.95450402
0.96359159
0.88578949
0.96302115
0.98351556
0.99706477
0.97844537
0.98286161
0.94419765
0.99503258
0.98430658
0.89868504
0.89208752
0.97212859
0.88544565
0.97112075
0.87950628
0.99532472
0.99643055
0.98566827
0.89466125
0.99276152
0.88566581
0.97341628
0.98923676
0.85787073
0.91663301
0.92649050
0.99737706
0.96149092
0.98797672
0.91021113
0.98879969
0.98503327
0.99454691
0.82705526
0.83854069
0.99662964
0.96404551
0.99130713
0.99169438
0.91696672
0.90454415
0.87466679
0.98738669
0.95425709
0.95399858
0.96602362
0.98286336
0.94465749
0.97227828
0.80681399
0.99586136
0.99804974
0.96986690
0.96549960
0.96679288
0.82334057
0.86325814
0.85445239
0.91969696
0.91600650
0.83863090
0.95352452
0.96243415
0.98921767
0.81971598
0.94849881
0.99225288
0.96973374
0.85822440
0.93296095
0.99753976
0.99759642
0.84337950
0.86631958
0.94259141
0.99658730
0.99721605
0.87590645
0.98349294
0.88536504
0.98394973
0.99780328
0.94264630
0.85316208
0.98110088
0.90418431
0.99663087
0.87884994
0.93306622
0.97433193
0.91078794
0.98876272
0.90294234
0.88240719
0.98955441
0.89904724
0.99026850
0.86827137
0.87339821
0.97463235
0.96038694
0.97571067
0.94263877
0.94362523
0.96398210
0.95344739
0.99445051
0.99422974
0.96171958
0.99892601
0.94619982
0.99381820
0.97416988
0.94926434
0.96910329
0.90813923
0.96582089
0.95415103
0.95827467
0.98150112
0.91353552
0.97920483
0.96210012
0.87686640
0.89865633
0.96121627
0.98450983
0.86074771
0.98497438
0.98341419
0.97327020
0.99367963
0.92406479
0.99015479
0.82463056
0.95516262
0.99374162
0.86879721
0.82276566
0.97516977
0.92730094
0.93781820
0.99163253
0.97919647
0.97967323
0.92993893
0.98392410
0.95134389
0.93054875
0.99210350
0.98807919
0.89328344
0.99690980
0.81801578
0.98438618
0.99730199
0.82859190
0.96837754
0.93864096
0.96561576
0.93002751
0.99093175
0.99580238
0.88703818
0.94005783
0.98840102
0.89681260
0.99795564
0.99616924
0.94435703
0.95767597
0.94891357
0.99802653
0.87714343
0.98463152
0.99893735
0.99583589
0.99770548
0.93654135
0.96998583
0.97903248
0.93183127
0.80520476
0.90902828
0.98483323
0.87444147
0.99058354
0.82698541
0.80693342
0.85857319
0.92306160
0.96670852
0.83184201
0.95281766
0.98716567
0.96432421
0.99789403
0.99312852
0.98519851
0.92217001
0.96439042
0.98949034
0.96659843
0.94388202
0.94648431
0.98576603
0.99919869
0.95880509
0.86460458
0.96496035
0.92967263
0.96652524
0.81896949
0.98699303
0.99775065
0.81515861
0.96507638
0.80907279
0.86613806
0.90675362
0.96365873
0.98836523
0.98291722
0.99529361
0.96884070
0.96162325
0.86244651
0.99743749
0.99611066
0.99290996
0.98374398
0.86569741
0.98790717
0.97008987
0.98500310
0.97901580
0.95886968
0.79698934
0.97278264
0.94671224
0.85854842
0.99273822
0.86202399
0.99044315
0.93849684
0.81536799
0.93703966
0.93837256
0.98920553
0.83656367
0.88712477
0.98064950
0.99852836
0.96684496
0.94823408
0.96022111
0.97636494
0.99839820
0.98434017
0.94877982
0.85977232
0.97863898
0.85698943
0.98986400
0.95829071
0.99205196
0.99618564
0.97355306
0.96123910
0.84629440
0.98199476
0.98936295
0.92159752
0.98382706
0.97726513
0.99740426
0.83013754
0.93359698
0.94823677
0.99473961
0.99647595
0.94777468
0.98026659
0.95202243
0.99673307
0.99428993
0.95467748
0.99489443
0.92911195
0.97051217
0.81775912
0.97459783
0.81861811
0.79243267
0.85372326
0.99362267
0.99140577
0.85462218
0.92361080
0.98968728
0.88546148
0.97979685
0.95187342
0.97708163
0.92710856
0.98644243
0.98783452
0.98084630
0.96104761
0.99614517
0.84426634
0.96965653
0.84524541
0.99709967
0.98254779
0.89860174
0.96592683
0.97826689
0.94937345
0.95257635
0.98561376
0.81102926
0.98510502
0.93875014
0.99771280
0.92835657
0.90964839
0.93181704
0.99301933
0.91008664
0.82517821
0.92151933
0.95420699
0.96162865
0.99577573
0.81153930
0.99381734
0.87713991
0.88678916
0.98973313
0.94145589
0.84933047
0.99896940
0.81003794
0.87481240
0.98409531
0.99303678
0.99642096
0.86086115
0.97827866
0.87544770
0.98496934
0.88079115
0.85924978
0.97349922
0.96849247
0.99496510
0.98832398
0.81036463
0.98938419
0.94729118
0.98779204
0.98266903
0.80841366
0.98723952
0.97946874
0.99566135
0.89083092
0.87762671
0.98809729
0.99187967
0.83953684
0.97197651
0.95738615
0.98246258
0.99321380
0.99157415
0.97671706
0.80509160
0.94026277
0.91256802
0.80682348
0.97437772
0.98809036
0.98908670
0.89851781
0.83005161
0.94787727
0.97479765
0.98621456
0.99360989
0.96775427
0.99148584
0.85731470
0.80080512
0.85539693
0.98089632
0.94518598
0.86108382
0.84019986
0.97485113
0.98370795
0.97658575
0.98589430
0.90240899
0.95567737
0.98644779
0.99231198
0.98942130
0.88524972
0.95684049
0.91718780
0.96481084
0.99703208
0.95884788
0.97632996
0.98568068
0.97284783
0.99044775
0.88095125
0.96567028
0.95936112
0.91185139
0.89029948
0.99256946
0.88537971
0.98491312
0.91148571
0.99887023
0.96908602
0.96220994
0.95653101
0.98601286
0.99449376
0.99724946
0.90665185
0.90861795
0.96418144
0.87190458
0.97354836
0.99377874
0.97203415
0.95790041
0.96725264
0.96256640
0.92988236
0.97247907
0.97386138
0.97072447
0.88740356
0.98429802
0.99892118
0.92339166
0.92974449
0.99585222
0.92623206
0.98728540
0.86769300
0.93962516
0.78238994
0.94293809
0.81826550
0.96291061
0.96082596
0.98681883
0.97304763
0.98928563
0.89843187
0.96128718
0.94944119
0.97410406
0.85471012
0.98278903
0.95234102
0.98203594
0.88289911
0.97287764
0.98354123
0.98937591
0.98862523
0.94627684
0.99495270
0.99888682
0.91466270
0.98357775
0.98832776
0.86980776
0.97130404
0.97569124
0.99121931
0.85514796
0.92372360
0.82500928
0.97371279
0.93046945
0.99348995
0.93828592
0.87908192
0.98792178
0.99400038
0.98260117
0.91546275
0.95988562
0.96809263
0.98125534
0.98041805
0.97066628
0.96340223
0.97462813
0.99673424
0.95519424
0.99132637
0.99106160
0.96586147
0.98547628
0.98468803
0.98929577
0.99268985
0.96279063
0.94076238
0.96941610
0.83386709
0.86991240
0.98441157
0.94769325
0.99717438
0.80590547
0.96421282
0.84363217
0.99020396
0.99073556
0.96759253
0.96345994
0.92721312
0.98175113
0.89421538
0.95910259
0.86642084
0.99073428
0.99946303
0.99833582
0.99463767
0.94158121
0.99408143
0.99675330
0.90873914
0.96430395
0.96696604
0.98513563
0.98505426
0.97715904
0.85512477
0.99901983
0.98443923
0.94534887
0.86702112
0.98437212
0.99861468
0.94643452
0.89184859
0.98448106
0.97421416
0.98796213
0.82191936
0.97759776
0.88514289
0.99320718
0.97597780
0.99361927
0.95767649
0.93505947
0.97251374
0.97532141
0.97234037
0.99139590
0.93391242
0.99708459
0.94755264
0.81261507
0.81574008
0.86617950
0.97289662
0.97493750
0.94218633
0.95383927
0.90642401
0.99513304
0.99634165
0.99754210
0.97197953
0.82451330
0.99005865
0.84040669
0.98450193
0.97692528
0.91126744
0.98745323
0.85953829
0.99080767
0.95715753
0.82470436
0.95950961
0.81506307
0.96672656
0.99263783
0.96993227
0.95841616
0.82051594
0.88701531
0.97513571
0.99820014
0.93627823
0.83471534
0.98216595
0.97613775
0.93050514
0.96742811
0.98073509
0.99293736
0.97637840
0.80612971
0.81625291
0.97159746
0.87579491
0.95933483
0.96034831
0.82093425
0.99742364
0.98730536
0.99015154
0.99689689
0.98590161
0.97086515
0.98586601
0.99668201
0.99018231
0.90558141
0.99436219
0.99179767
0.99905722
0.99186791
0.98740952
0.86453938
0.88361681
0.97708082
0.97222378
0.83372830
0.91951001
0.93606812
0.99783588
0.99555109
0.93967367
0.92095398
0.99333973
0.91165840
0.86191369
0.97043279
0.94394016
0.97868276
0.87053009
0.95118237
0.94028874
0.84052246
0.97320833
0.90535883
0.96181397
0.94463191
0.98451806
0.98127273
0.90683602
0.87391563
0.98212327
0.79684457
0.92127920
0.81297398
0.83815774
0.88990760
0.85808936
0.93781599
0.97763631
0.99845080
0.98048583
0.92018582
0.98985215
0.95982854
0.99700056
0.98832418
0.98091482
0.92147029
0.98109274
0.98019948
0.96091851
0.99085337
0.99160426
0.96097736
0.89345230
0.83846945
0.99374473
0.97084065
0.94970545
0.89800496
0.78905469
0.97356706
0.87697472
0.98905602
0.96754757
0.91655950
0.99037610
0.98219136
0.97166421
0.86555431
0.95121088
0.98956153
0.98249871
0.99456897
0.92779793
0.82547034
0.99915327
0.90345826
0.97531759
0.96716021
0.99480658
0.98927432
0.98888630
0.82570084
0.98614404
0.99505628
0.99340506
0.94157858
0.92814356
0.96894184
0.96115293
0.83078882
0.98627781
0.98445342
0.99671653
0.99801245
0.98041246
0.98988058
0.99507497
0.99795877
0.86976459
0.85537604
0.83155939
0.97864696
0.98663881
0.87849045
0.99684121
0.99901084
0.99660936
0.86121573
0.98394448
0.93686487
0.95565970
0.99654969
0.99702598
0.87589926
0.94096657
0.98200047
0.99461434
0.92550587
0.97750275
0.98199557
0.99936297
0.90885816
0.92165087
0.94854810
0.87755774
0.99488939
0.99903876
0.81787284
0.91837786
0.81235270
0.95563236
0.99354579
0.86188697
0.86558890
0.96664846
0.85233060
0.81759669
0.94741822
0.86141489
0.99465539
0.98758570
0.94399668
0.98059873
0.83973851
0.99030804
0.95190125
0.85113678
0.94579069
0.86052352
0.99816357
0.99708536
0.95306990
0.97018254
0.99015456
0.86780179
0.97251427
0.98120868
0.98927194
0.94780714
0.96820836
0.93105792
0.98981758
0.98850111
0.86134559
0.98992637
0.90408905
0.86488370
0.98610587
0.87065394
0.80315456
0.95769492
0.89357408
0.98851197
0.99878701
0.91423316
0.91896389
0.90234665
0.99762262
0.99721531
0.90059538
0.97810124
0.93040521
0.95268817
0.93922187
0.99267994
0.98264248
0.99711898
0.98015453
0.99647238
0.79949414
0.99278681
0.99285261
0.95441118
0.96919818
0.99021964
0.99028113
0.95955710
0.80176446
0.96482977
0.97155341
0.97625871
0.88430666
0.92621853
0.91410184
0.83054396
0.81584827
0.98858880
0.93333393
0.99016240
0.80376287
0.94999693
0.97828295
0.98664745
0.98481541
0.92965906
0.99579671
0.98839477
0.83343730
0.97319375
0.88670134
0.97688758
0.95335058
0.98153816
0.99473880
0.96386024
0.95693423
0.97661173
0.97083636
0.99078310
0.92498863
0.98785947
0.92036120
0.96553244
0.99189184
0.84488646
0.99941558
0.99698684
0.99741510
0.85845667
0.94251142
0.87145735
0.99782682
0.94830189
0.98911174
0.99466994
0.99008277
0.98584510
0.87014185
0.99751120
0.96895005
0.98422475
0.98486793
0.99404914
0.97521407
0.97677267
0.86810327
0.99183490
0.96825593
0.84948878
0.97874576
0.98644863
0.94423271
0.99784106
0.87106298
0.91152470
0.98952842
0.91553121
0.99618469
0.95829087
0.97146069
0.99261605
0.99754857
0.99835401
0.95831290
0.99772837
0.95441248
0.96438614
0.94468226
0.99111569
0.90517582
0.95793788
0.88317251
0.91291888
0.98616196
0.99036078
0.92400315
0.96218462
0.92974537
0.87020116
0.89428929
0.92432813
0.98831064
0.83388385
0.94430469
0.98944359
0.99490000
0.82956169
0.88780965
0.99412073
0.91537429
0.99752700
0.96181290
0.99421944
0.99434193
0.96884599
0.99260755
0.83334153
0.99107914
0.91174068
0.98999585
0.98560783
0.95737392
0.79216681
0.98336488
0.90726001
0.98572688
0.87521138
0.93774014
0.91476849
0.98086012
0.87239154
0.86395797
0.97033344
0.99497605
0.99944059
0.97486517
0.93265570
0.91883603
0.81166190
0.95139923
0.97518347
0.98096997
0.94797202
0.90381550
0.99341285
0.99885204
0.94650159
0.99012131
0.81949798
0.91257650
0.91134226
0.95231327
0.97345658
0.90026697
0.94657286
0.92746525
0.79759162
0.98983397
0.82399190
0.88893515
0.92324502
0.98397716
0.80597691
0.93994995
0.94829156
0.97500390
0.79276636
0.97697037
0.97383957
0.94497373
0.98818536
0.99705056
0.99561149
0.96662153
0.89155302
0.97011446
0.93827409
0.99519530
0.98559198
0.80684526
0.99434684
0.98836724
0.99789275
0.96010845
0.98930897
0.91015571
0.95190335
0.94358977
0.93394690
0.93677303
0.82450352
0.95691786
0.99674560
0.90261287
0.90862763
0.97747834
0.98632998
0.95014418
0.96456666
0.89680264
0.97216308
0.96479493
0.96272517
0.98050680
0.99045960
0.99902435
0.87215673
0.99835787
0.99459450
0.97488467
0.85490649
0.82652612
0.98436623
0.92349120
0.93168200
0.94308899
0.81240155
0.99623854
0.99847658
0.98410844
0.98745835
0.96038447
0.97921738
0.80651521
0.98125221
0.97020154
0.81219631
0.83729644
0.97823742
0.98848371
0.96574264
0.98414762
0.98383610
0.94600166
0.91468646
0.86010025
0.97523170
0.98574891
0.87905024
0.78844934
0.94806688
0.93592110
0.95010445
0.94962359
0.97284947
0.98139946
0.98892061
0.89667267
0.97081869
0.96782314
0.92128554
0.92180355
0.88902268
0.85292489
0.94268914
0.95112840
0.81513509
0.96312303
0.80846373
0.99367778
0.85503175
0.99581618
0.94372461
0.80516958
0.97873276
0.97872894
0.99604741
0.99381082
0.99228226
0.97989404
0.96440148
0.99657582
0.95491603
0.93251746
0.94183445
0.97677008
0.89493726
0.81906123
0.90441056
0.94545089
0.98618447
0.92565808
0.90633190
0.95036677
0.96845349
0.92946322
0.98823460
0.97950678
0.91336720
0.94934674
0.99386206
0.98395663
0.99612833
0.80415942
0.99585860
0.90138286
0.98378125
0.97354569
0.99641340
0.82462104
0.98634050
0.92899666
0.86063297
0.94894985
0.93707812
0.88485923
0.98192097
0.79963134
0.80244772
0.91789725
0.99675381
0.90219310
0.88037482
0.99113291
0.96369875
0.93337220
0.83394025
0.99173658
0.92553571
0.98757316
0.80850742
0.91218711
0.94704326
0.90761561
0.98066520
0.96875868
0.99619977
0.98913077
0.99126684
0.97431557
0.89534005
0.87552976
0.91086638
0.97249420
0.96217117
0.99392208
0.89668754
0.98670355
0.86670628
0.99004661
0.96981365
0.98717089
0.99605591
0.99435767
0.97214019
0.98904643
0.81970884
0.98290234
0.97893811
0.93083024
0.99587240
0.98401868
0.99838506
0.94568698
0.85194771
0.97430928
0.80606884
0.93904995
0.98655739
0.93272144
0.99805666
0.94631018
0.99200611
0.99661078
0.89367288
0.95450599
0.99923815
0.97265579
0.84985195
0.99434816
0.86390936
0.93323363
0.91011871
0.79683323
0.99343515
0.99505668
0.99186729
0.98268779
0.85631527
0.97110388
0.99822404
0.89821765
0.98393689
0.92265038
0.97315891
0.93393672
0.90685958
0.98565811
0.83595413
0.99695902
0.99847079
0.98309728
0.89915096
0.93406707
0.83346853
0.88632838
0.94597405
0.90155522
0.96779833
0.88381912
0.95556570
0.95088903
0.98999537
0.99586473
0.99317058
0.91556161
0.99042259
0.96838427
0.95449249
0.97832880
0.89959418
0.98426482
0.96734015
0.95641690
0.94724312
0.96087487
0.89833028
0.89175920
0.99477115
0.84687060
0.90598522
0.88111862
0.94660520
0.84597294
0.99294762
0.99665800
0.99565547
0.99687788
0.97220011
0.87996635
0.92740989
0.89412872
0.99310351
0.95874611
0.83994043
0.98619334
0.99267231
0.99860718
0.99599777
0.91115323
0.84964516
0.95380570
0.99864713
0.96840040
0.89096980
0.86133078
0.84088667
0.92937833
0.92506808
0.93311625
0.94597195
0.86856171
0.98956877
0.90165300
0.99743015
0.96684325
0.96454472
0.92009487
0.98506517
0.80579811
0.98755358
0.89526382
0.99424948
0.90702505
0.93734518
0.99847417
0.86136765
0.97037983
0.99238479
0.95417702
0.97903630
0.87122549
0.94709380
0.88320324
0.99434035
0.98295102
0.95738191
0.99693938
0.99308979
0.99599387
0.91277547
0.98886817
0.91704462
0.98616088
0.96278477
0.98610637
0.89328147
0.96955357
0.95279424
0.95708785
0.93732226
0.98299780
0.99345535
0.97205479
0.95596461
0.99432836
0.86424107
0.90123454
0.90774375
0.96975300
0.96930353
0.98614945
0.96596129
0.93178585
0.98138183
0.93068418
0.89521047
0.87031964
0.87850330
0.82855632
0.98190796
0.88656522
0.80991939
0.94095242
0.81469533
0.96656901
0.90830646
0.82043002
0.99576203
0.83254584
0.99622206
0.99544970
0.91744988
0.88597830
0.98993975
0.94103002
0.91127703
0.90786820
0.96082310
0.99128321
0.83277658
0.99497705
0.90674365
0.99791246
0.92530041
0.93023481
0.85822512
0.91696565
0.81070694
0.97919866
0.95340844
0.98286089
0.99643898
0.85429469
0.85418865
0.99537654
0.96744009
0.99571595
0.96380637
0.84219428
0.91028312
0.95346419
0.92398655
0.95873230
0.94306616
0.82452111
0.99433088
0.99051977
0.97558327
0.95886785
0.84853943
0.97455918
0.94627604
0.88164683
0.98154751
0.96366138
0.84608139
0.99432203
0.99786055
0.98797686
0.98669345
0.97668263
0.94855112
0.96872695
0.94703617
0.98093449
0.98046641
0.98269217
0.98948842
0.86571517
0.99639964
0.98380006
0.90549209
0.93435905
0.99236298
0.99702732
0.99289495
0.88198699
0.97128722
0.99269362
0.95376829
0.94650406
0.98451592
0.99334395
0.91664701
0.99831265
0.84280869
0.88414779
0.90604160
0.96848753
0.93332560
0.97300969
0.98945137
0.90941439
0.97671093
0.97622735
0.98587546
0.99801583
0.93808962
0.95808162
0.87290211
0.85145967
0.94270294
0.95011765
0.96867856
0.99735670
0.99497341
0.97784364
0.97683724
0.98301880
0.99668197
0.96543534
0.97999151
0.95947488
0.96292444
0.99747588
0.98763720
0.99855793
0.89497826
0.99598314
0.98289731
0.97042839
0.98740264
0.96142065
0.99795574
0.97496762
0.98475838
0.99939081
0.80648190
0.95674242
0.94682928
0.97156457
0.88824456
0.99682957
0.90607502
0.98737711
0.81412018
0.99524280
0.91415663
0.94219222
0.92814126
0.93885824
0.93852858
0.83890072
0.95952721
0.95696940
0.97931271
0.88866778
0.81283855
0.89837053
0.95236109
0.93958878
0.99838616
0.95223881
0.97450722
0.97368551
0.92431063
0.95125771
0.99020217
0.96034728
0.96484621
0.96103480
0.99560720
0.99138213
0.81612265
0.90302467
0.94989252
0.98376654
0.93656411
0.99773454
0.95768087
0.94905500
0.91092227
0.92316143
0.90408764
0.99203629
0.99704410
0.94284764
0.89012597
0.99623958
0.99354175
0.97220729
0.97859728
0.85132183
0.81952007
0.96840506
0.98247440
0.84979845
0.98871357
0.90448906
0.95292803
0.88787239
0.98888256
0.95623750
0.97908055
0.90207851
0.89260215
0.98637515
0.82979488
0.99480120
0.99280124
0.99686481
0.92451474
0.98478751
0.98328939
0.99613334
0.98919164
0.84520581
0.97829050
0.98402312
0.99805219
0.98656834
0.83672867
0.99699708
0.96965293
0.97494518
0.99151896
0.90499934
0.96253349
0.99130571
0.92826610
0.94207529
0.99686874
0.92413826
0.87468217
0.91792227
0.80003235
0.88999643
0.84860435
0.81197901
0.99772311
0.99435313
0.99494939
0.94934995
0.97711110
0.96974372
0.91479410
0.96731249
0.99228359
0.83445368
0.83728404
0.98581651
0.85473380
0.92267080
0.96968971
0.99234846
0.96952105
0.99035103
0.85454867
0.95991003
0.94615212
0.92762140
0.98372660
0.99910528
0.84909151
0.94875784
0.99285202
0.99769611
0.99224889
0.99621736
0.98962273
0.99826962
0.81144867
0.99637913
0.80554503
0.89869267
0.96153949
0.90574879
0.97350653
0.85104464
0.99336948
0.80046964
0.92162754
0.99799311
0.99592966
0.93318981
0.95443602
0.85806307
0.96167604
0.90653230
0.96582826
0.99379347
0.98887865
0.98037451
0.93288214
0.93767097
0.99601686
0.89382193
0.94098643
0.84069988
0.98697620
0.90727697
0.90251924
0.91369532
0.96694251
0.97479948
0.97399075
0.97180346
0.97657279
0.95640692
0.99097505
0.94818700
0.99617087
0.91671107
0.96072631
0.99891426
0.99811573
0.82662649
0.90834550
0.99669155
0.96180462
0.95232374
0.83958093
0.84561607
0.97126627
0.85827390
0.89549494
0.99367504
0.99549684
0.88090167
0.90377770
0.97782796
0.83221938
0.98568224
0.80371077
0.99499428
0.99895205
0.99510159
0.91078767
0.79956087
0.84922827
0.95080743
0.99374703
0.94691922
0.93917043
0.87885428
0.99262583
0.99782130
0.83626163
0.93685626
0.98919318
0.99788842
0.99660475
0.99375782
0.96034376
0.97904798
0.86558219
0.97947507
0.82998195
0.88381811
0.99662679
0.80112330
0.79274482
0.99864668
0.88339031
0.98489095
0.80953097
0.88148217
0.99534444
0.99156401
0.96777881
0.99907151
0.89871749
0.98014893
0.82971514
0.97906360
0.97782358
0.98734036
0.99670315
0.96969586
0.97581316
0.99717972
0.99639370
0.98945505
0.99532540
0.95143061
0.88774039
0.97655994
0.99832929
0.83528105
0.89289962
0.93322535
0.86655745
0.94024776
0.93815079
0.99644961
0.98387040
0.95269965
0.99546502
0.99517913
0.99289951
0.97804243
0.95049365
0.84054813
0.82464352
0.98268143
0.86239518
0.84245258
0.93948398
0.94611142
0.83085070
0.96145838
0.91101883
0.99247620
0.99422737
0.99702282
0.92309595
0.96176822
0.87466567
0.97483879
0.98693418
0.96611574
0.94352845
0.99950299
0.98851045
0.86470170
0.82359845
0.90083107
0.96362438
0.87393778
0.98708256
0.84484249
0.99555562
0.93313669
0.99394144
0.97590927
0.98756158
0.87015916
0.97182597
0.88525223
0.99555016
0.96291059
0.99550135
0.94040522
0.97195239
0.81651200
0.89065860
0.99093913
0.85263000
0.91497767
0.95869475
0.99311657
0.99398258
0.98574270
0.97289150
0.89275642
0.96253483
0.93473051
0.94995347
0.97364337
0.98685972
0.95013604
0.99895103
0.85624572
0.97003268
0.98896421
0.96572556
0.97217998
0.89994169
0.96163570
0.84852799
0.99434763
0.99925501
0.80523881
0.99717714
0.85518903
0.87861312
0.92397131
0.97086084
0.97030064
0.99723141
0.91176282
0.88956489
0.85568838
0.95969113
0.97171065
0.95747135
0.80871892
0.99438334
0.80399647
0.99803131
0.98987980
0.95624768
0.90868627
0.96307219
0.89824388
0.98699920
0.89763504
0.98405033
0.98586749
0.96007926
0.97139869
0.79644926
0.99282173
0.82038756
0.97502536
0.99211342
0.97820479
0.91896970
0.80790026
0.99534260
0.99609170
0.90514082
0.97347557
0.99215484
0.98382131
0.99272748
0.99516987
0.94453522
0.96603015
0.91892648
0.90316675
0.79627117
0.99832645
0.96431425
0.98462537
0.87860103
0.97332560
0.98552504
0.98154293
0.96342534
0.99237733
0.99534536
0.99146455
0.85807558
0.99446726
0.88397294
0.87834307
0.80167178
0.99433399
0.86330017
0.95913367
0.98148701
0.97413334
0.81547792
0.98499186
0.98695331
0.89818862
0.99732141
0.98868982
0.88426940
0.82790026
0.87689995
0.91710424
0.89986273
0.93721167
0.91700696
0.91641662
0.96475023
0.97204222
0.98791786
0.96594750
0.99165883
0.99641578
0.98344591
0.86478025
0.95347034
0.98841181
0.99623661
0.88895282
0.99306835
0.90509688
0.97836749
0.91185400
0.98841527
0.99062847
0.89966682
0.96279934
0.98251902
0.86724659
0.99961528
0.88033993
0.89360094
0.83610707
0.97077230
0.99211040
0.99566893
0.99604690
0.96506052
0.87065065
0.97757476
0.93097086
0.98042782
0.83406806
0.94773065
0.80024179
0.97188105
0.95386045
0.99722635
0.83454932
0.99468986
0.96984894
0.93295889
0.97985574
0.99841953
0.99701665
0.98457219
0.95520995
0.80849349
0.89785311
0.97944772
0.99466791
0.90559431
0.96163411
0.95941655
0.98957329
0.99059308
0.99638650
0.99255433
0.98886829
0.86071210
0.99469186
0.97041447
0.93563948
0.94302083
0.96523894
0.99886801
0.79997133
0.93466853
0.92440181
0.98744052
0.93716239
0.88015441
0.96488607
0.86141610
0.95674999
0.88102739
0.98704231
0.98760054
0.93053551
0.83598242
0.81449258
0.98836259
0.99555071
0.93210991
0.97517404
0.97677212
0.90098093
0.96609217
0.96097682
0.96595523
0.95339818
0.91739705
0.99076354
0.99522778
0.98944032
0.99138264
0.83975196
0.98573471
0.96635333
0.93080200
0.97353255
0.98539421
0.99370762
0.99307452
0.94963147
0.82379121
0.80670262
0.99343617
0.99423424
0.99489987
0.99046891
0.95185893
0.99314160
0.98997650
0.99586781
0.99666907
0.86026062
0.96229557
0.94618978
0.93559563
0.93818503
0.98885468
0.94995816
0.85834268
0.91261588
0.89673114
0.95702099
0.99256248
0.94276353
0.97471522
0.96770304
0.98172923
0.81991682
0.98984168
0.87776032
0.97517188
0.92679072
0.99233132
0.81511632
0.99697515
0.99389159
0.94056673
0.97039024
0.97826045
0.90108894
0.96390510
0.92393247
0.86222226
0.99929177
0.86132851
0.97468915
0.99645067
0.99477270
0.95074397
0.90301922
0.91905557
0.92930070
0.99533644
0.94074181
0.99682791
0.96679552
0.99444682
0.97785663
0.87200348
0.99127708
0.94650967
0.90222515
0.93664100
0.95930324
0.92665055
0.98881124
0.99761225
0.95215076
0.96689594
0.98743053
0.95121753
0.87053059
0.95803617
0.86210971
0.84873650
0.90703145
0.98647580
0.85662421
0.86719693
0.96517523
0.95736773
0.83267880
0.93127452
0.93210085
0.82748053
0.97537504
0.82183611
0.93154140
0.94297074
0.99773449
0.89874383
0.98870153
0.99522443
0.97038697
0.99086267
0.81145298
0.98864457
0.96559663
0.96372895
0.97056454
0.96627451
0.94467635
0.98626652
0.91302150
0.99804322
0.92974620
0.96506089
0.99583318
0.98910825
0.91074454
0.88948904
0.99928621
0.93838225
0.99324743
0.97287876
0.98906480
0.99542260
0.85261308
0.83613412
0.85383102
0.96712302
0.87052829
0.81537734
0.99294001
0.93023262
0.96234282
0.83653202
0.98805836
0.94408829
0.79388081
0.95779872
0.95584591
0.97678291
0.99498362
0.97310602
0.95972501
0.83531681
0.84695105
0.97687934
0.92700725
0.98203780
0.87083561
0.98026368
0.91578907
0.94044583
0.98274800
0.96946448
0.97878413
0.99509598
0.91412090
0.99724672
0.99174556
0.87918847
0.99572411
0.82176738
0.92116523
0.97530651
0.99560301
0.83899546
0.80302165
0.95124655
0.85509612
0.94272163
0.99807328
0.82495948
0.94350383
0.98788495
0.99646223
0.98522201
0.99322293
0.83031454
0.99790436
0.96661742
0.99746377
0.91302695
0.84752643
0.99780050
0.85150129
0.99388931
0.97672867
0.98077578
0.98162711
0.99711068
0.89517210
0.99141643
0.95833896
0.99459820
0.99513507
0.80266282
0.99723088
0.98911376
0.87527982
0.85714717
0.98896677
0.94029334
0.97564755
0.96227660
0.93385343
0.99866439
0.98494083
0.96181881
0.98946596
0.99544975
0.96873724
0.99429820
0.81852279
0.92067573
0.99650704
0.95513986
0.98130944
0.94587218
0.98690059
0.90588197
0.85817026
0.97984726
0.92934476
0.94156858
0.82579324
0.99660336
0.84460860
0.98733105
0.99896792
0.98903779
0.99280789
0.87252519
0.96330271
0.99641703
0.77967271
0.98902600
0.99033325
0.99176636
0.97350121
0.95821056
0.99751635
0.99001350
0.83821520
0.95875153
0.99033595
0.88937266
0.98683995
0.81121057
0.96407825
0.82354738
0.97179895
0.89284284
0.96817643
0.99676546
0.96683088
0.99658757
0.90600543
0.93758830
0.97561303
0.98987429
0.97391166
0.99168899
0.93039578
0.99627439
0.99023758
0.99724206
0.99598191
0.85903514
0.97353269
0.92783795
0.98713125
0.99333502
0.84012051
0.79758040
0.99356131
0.79732965
0.90978357
0.97089856
0.88822798
0.99811836
0.99445700
0.88756721
0.88937216
0.94554396
0.99482763
0.98758545
0.83044491
0.90205697
0.98577378
0.98048081
0.97791863
0.94507220
0.99737006
0.99846252
0.88942534
0.95232835
0.84426232
0.97245754
0.89627529
0.98132061
0.80956309
0.99356950
0.98095992
0.94592383
0.93401807
0.82803225
0.94488613
0.89376081
0.98577986
0.90508406
0.99819790
0.97078103
0.87365152
0.95540801
0.85587319
0.97523349
0.81597020
0.99146307
0.99613802
0.93487412
0.96046615
0.95196294
0.97966419
0.81455153
0.99549865
0.97665305
0.99736704
0.93246235
0.97602892
0.99832211
0.91198311
0.99276531
0.98913939
0.99403024
0.99778336
0.99505316
0.99332871
0.93376654
0.98560113
0.83317892
0.86185956
0.99751980
0.98324435
0.97729189
0.80539339
0.99662995
0.81630995
0.97705746
0.90890398
0.83175314
0.99744598
0.99309885
0.98722237
0.96746280
0.98437009
0.90800416
0.96043191
0.86485690
0.83883664
0.94090376
0.99759125
0.99476739
0.95332135
0.88366333
0.98089297
0.96351663
0.91946799
0.93569031
0.98123733
0.99419883
0.99060300
0.88287257
0.93503197
0.88142277
0.88284677
0.95472938
0.97911927
0.98938138
0.86411288
0.86697902
0.84488437
0.98343254
0.90265125
0.90364460
0.97911047
0.92954889
0.84060574
0.98850647
0.96297542
0.99336745
0.99754570
0.99231925
0.81113261
0.95537755
0.99894551
0.97426128
0.83541109
0.95504290
0.91498993
0.94817974
0.98735055
0.98008103
0.88187165
0.98903930
0.95070123
0.91172819
0.92190128
0.98192679
0.82480748
0.98524065
0.99593657
0.99177771
0.92743820
0.98535301
0.99331599
0.89651640
0.99300024
0.98814513
0.99702711
0.99586541
0.98876489
0.94059814
0.94924896
0.83019094
0.99093054
0.86869518
0.86237205
0.98136239
0.98473878
0.97947548
0.98852982
0.99849435
0.99323642
0.97582762
0.91640250
0.92378859
0.83207016
0.99515193
0.85278769
0.85473081
0.92032208
0.98513546
0.99401579
0.90885707
0.99589959
0.84129299
0.99123112
0.99339577
0.96699093
0.99336956
0.89360921
0.85942276
0.93169904
0.98616938
0.98492196
0.96402181
0.97704300
0.96533494
0.79072062
0.99166417
0.99135221
0.94475477
0.90016356
0.94136566
0.90311530
0.95166590
0.87529861
0.88131309
0.99207747
0.94829609
0.84979299
0.85765229
0.89490109
0.91578409
0.95475436
0.88603767
0.94841480
0.98521134
0.97954830
0.92103563
0.87342247
0.98618612
0.97913921
0.99457909
0.98024872
0.99560690
0.97437138
0.98847821
0.98846803
0.98565762
0.99622361
0.91556377
0.95637851
0.89832808
0.86888986
0.84274633
0.98931909
0.88314955
0.99692369
0.87970406
0.96791674
0.96920799
0.99617820
0.90123655
0.97763144
0.93460731
0.95549940
0.99163030
0.99475651
0.89771094
0.88537351
0.93860189
0.87338373
0.94842741
0.88785306
0.95584778
0.99607926
0.93369974
0.86052850
0.97091650
0.99442732
0.89418659
0.85772283
0.94431946
0.98921094
0.99556955
0.96854620
0.95327280
0.99371658
0.99696594
0.81385780
0.90662064
0.97765229
0.99498673
0.89410312
0.95886711
0.81020555
0.95925756
0.98917224
0.99629816
0.90565385
0.97809041
0.92020335
0.99825791
0.99245512
0.99342512
0.99841626
0.96374540
0.98782070
0.85738587
0.91574722
0.97532524
0.99609817
0.99391681
0.98910836
0.99404855
0.99660955
0.98113928
0.81253526
0.98549973
0.93360586
0.88633160
0.95656573
0.91125535
0.98448063
0.99176707
0.81711864
0.98247185
0.84200644
0.94293609
0.84142097
0.99943645
0.98789317
0.95584491
0.96674690
0.85038920
0.97016043
0.98761459
0.92430193
0.86052491
0.81087706
0.82746104
0.97350084
0.97912908
0.80825211
0.97782235
0.92639447
0.84435751
0.98102585
0.99794924
0.84914483
0.98465329
0.99644227
0.93435527
0.96013119
0.99332785
0.85064971
0.82792642
0.87828286
0.89068052
0.96505594
0.96760615
0.98525693
0.99771381
0.99643999
0.99102234
0.89156612
0.94127888
0.99274709
0.87822737
0.97540987
0.96135207
0.99449614
0.95234975
0.97471782
0.85531850
0.91104425
0.98200814
0.98910804
0.98152671
0.81016160
0.98474780
0.99687506
0.89095039
0.95351291
0.81560504
0.91042935
0.99540902
0.97891575
0.83506813
0.89752789
0.99239800
0.85234241
0.99586725
0.99527954
0.89700087
0.83574979
0.96724688
0.96350364
0.83390282
0.97416064
0.99267658
0.93308240
0.91877049
0.89784004
0.99305856
0.89617288
0.99501540
0.92308827
0.96192412
0.98243028
0.98955335
0.99738929
0.99710455
0.96946827
0.94177563
0.98468328
0.99090202
0.98959984
0.94440500
0.96489275
0.88998725
0.97707164
0.81303809
0.82011425
0.88259368
0.96729183
0.92783222
0.97827876
0.99392256
0.86494590
0.99501900
0.99707895
0.88924147
0.87982098
0.92377920
0.81983040
0.97899899
0.92595602
0.99882353
0.99899088
0.96195193
0.93972766
0.96571256
0.88409954
0.98413654
0.97358029
0.99932796
0.99223015
0.97835713
0.99230504
0.92363081
0.89494420
0.80666004
0.99502248
0.92722216
0.87888131
0.99439805
0.81105680
0.98262836
0.95955632
0.94494932
0.91895588
0.97087287
0.99363791
0.97922827
0.86710462
0.98605093
0.85860734
0.99041975
0.95799323
0.93131880
0.97920211
0.97760753
0.80173830
0.93498378
0.99116299
0.89679637
0.86175066
0.98037283
0.85130697
0.96546518
0.79115549
0.88596623
0.97370292
0.92787550
0.99581762
0.99826119
0.99766271
0.98478123
0.96037152
0.96498167
0.97443595
0.83348157
0.97081754
0.97815932
0.99953796
0.96638265
0.96264106
0.94689099
0.98270207
0.99582953
0.96303522
0.92479290
0.98093300
0.99038869
0.91845476
0.92245747
0.94894062
0.99716632
0.97381231
0.83620243
0.96839391
0.97721433
0.95187105
0.99530332
0.99703975
0.88345594
0.98195039
0.98141761
0.92358774
0.99571978
0.87981615
0.99412776
0.95462350
0.94384510
0.94923302
0.99454770
0.99280149
0.99339698
0.84975576
0.94182944
0.98413193
0.81951067
0.87177233
0.98739184
0.99475339
0.99386076
0.98197675
0.93917606
0.97728799
0.98262382
0.85050420
0.96106432
0.99641573
0.86159455
0.81132443
0.93146475
0.97134763
0.86160988
0.98851025
0.98905056
0.99215973
0.89435352
0.96623406
0.90292972
0.96746157
0.83499962
0.99452864
0.92870423
0.96237965
0.87588028
0.98510360
0.88592663
0.81241767
0.86913379
0.86738164
0.93928485
0.82538415
0.97283542
0.95179676
0.97998839
0.91303557
0.99839279
0.97457878
0.98690931
0.97573681
0.95944420
0.82699366
0.90109253
0.86615508
0.87895094
0.92985081
0.92031011
0.80329544
0.96340403
0.97521657
0.94765986
0.99720654
0.99223526
0.95308931
0.97351846
0.96165902
0.99428803
0.95248007
0.94080187
0.94771418
0.99468337
0.97329489
0.98848136
0.94403416
0.84211480
0.99552948
0.83683746
0.96470265
0.98746066
0.95056783
0.85501955
0.97730843
0.98780680
0.95589297
0.97142164
0.99433657
0.98759505
0.98241176
0.99698158
0.94821291
0.93876488
0.92638132
0.99199223
0.97607574
0.99772632
0.82586894
0.83938245
0.99186590
0.99779397
0.98878679
0.98092936
0.99613668
0.98733647
0.99591605
0.97077852
0.82861021
0.98951329
0.98625531
0.90527344
0.98050911
0.95692012
0.99915166
0.99369504
0.95319239
0.94846324
0.97687224
0.87548140
0.97664459
0.97687765
0.81195048
0.81433293
0.99902708
0.81062695
0.97808692
0.95942449
0.96756232
0.96851885
0.89001721
0.86368254
0.99844959
0.98006835
0.88788861
0.94038483
0.85039979
0.99760927
0.94755389
0.97593498
0.81448169
0.90948309
0.94022398
0.98490798
0.90138040
0.96080500
0.99861922
0.97739028
0.95881202
0.98401517
0.81641145
0.99704473
0.88610128
0.99760416
0.93858980
0.99460929
0.94095186
0.97590914
0.97858865
0.96059523
0.98583394
0.99194341
0.98407730
0.99505863
0.85048138
0.90085107
0.99468195
0.98818837
0.86369728
0.97007563
0.97921030
0.99013137
0.99249409
0.97844760
0.96831375
0.99502783
0.99663961
0.99206170
0.82077394
0.97536859
0.98020098
0.93785674
0.94321719
0.96313868
0.99375973
0.99680404
0.88067974
0.92268750
0.99685940
0.99789816
0.94838477
0.90703531
0.99012031
0.97361643
0.99286301
0.91467947
0.92997397
0.94710337
0.99577877
0.97493284
0.97342245
0.91335140
0.97118457
0.94430431
0.98343594
0.97902561
0.86817019
0.99426758
0.99532340
0.99874686
0.92790315
0.99228759
0.99008221
0.99403474
0.95409767
0.99634489
0.96850157
0.96878335
0.97212486
0.85385643
0.99547738
0.89111050
0.93825221
0.88690184
0.97940802
0.99449769
0.82750350
0.97555334
0.97068069
0.83197174
0.98782256
0.97246751
0.99822318
0.84274707
0.99439094
0.99660534
0.84344367
0.99317090
0.99649732
0.86110700
0.98244166
0.95241503
0.99757328
0.98239523
0.88655250
0.94751955
0.94394649
0.99840002
0.94784311
0.94069041
0.99469965
0.99369330
0.91582812
0.93210990
0.96402251
0.99243144
0.88874323
0.99801773
0.93590843
0.99768909
0.99832115
0.97967306
0.98216466
0.96023321
0.88341927
0.98055548
0.88047460
0.88828584
0.99126095
0.98742355
0.97346522
0.92263107
0.89948321
0.99439385
0.94865250
0.81547847
0.94574940
0.91406367
0.99233185
0.94991455
0.98071579
0.95805489
0.91794452
0.97309881
0.82593850
0.97379468
0.93268422
0.94538313
0.99031307
0.96437427
0.99044607
0.94270026
0.95851644
0.98991989
0.83256983
0.99391771
0.98349587
0.94882252
0.90412713
0.89753604
0.98827171
0.99298636
0.96918564
0.85982174
0.94574028
0.92822302
0.94545592
0.96956036
0.85372695
0.99411145
0.95360440
0.93474277
0.85296972
0.87545886
0.90627642
0.90968445
0.98900671
0.94568595
0.81724852
0.91040213
0.92777562
0.89950829
0.84036304
0.88628814
0.98197139
0.99423870
0.99850013
0.99215422
0.97396949
0.95971556
0.89193956
0.99278249
0.97081058
0.98173787
0.81597244
0.99596118
0.98866232
0.92794996
0.99077669
0.97678784
0.84111270
0.91299965
0.99416786
0.99029657
0.99724693
0.87780932
0.98102022
0.94772548
0.96650778
0.81961769
0.86150882
0.99149666
0.89953114
0.88186456
0.99715036
0.85139879
0.90308604
0.98992489
0.94252541
0.99711719
0.98318660
0.97102283
0.91820513
0.96544708
0.98516586
0.99304036
0.84179490
0.91818012
0.99337422
0.96973960
0.90733145
0.99111040
0.81135198
0.93625422
0.99657442
0.91473633
0.99251440
0.95156669
0.99372110
0.97250157
0.90813141
0.96642261
0.87507747
0.97338190
0.99563683
0.97205382
0.99652017
0.97760065
0.96449421
0.89785267
0.98478607
0.97343063
0.98797390
0.96407862
0.99854094
0.84465995
0.87359818
0.93718601
0.95297695
0.94147995
0.91524626
0.97591553
0.99939728
0.98989295
0.99425866
0.99057342
0.89797317
0.98514444
0.97670862
0.84000976
0.98337055
0.97919169
0.96967417
0.94854331
0.98330321
0.81408195
0.98184857
0.82443267
0.80716317
0.84982585
0.80059400
0.99809559
0.99045688
0.90597168
0.98406761
0.88933725
0.99396068
0.99353849
0.99664303
0.98048428
0.93602752
0.99716308
0.98679688
0.83559154
0.92257562
0.99536084
0.98791695
0.99445576
0.87928770
0.98975539
0.99324084
0.99033764
0.91892131
0.94163258
0.99560344
0.99011709
0.99763657
0.94260948
0.88231664
0.81845751
0.98989179
0.98616715
0.84010433
0.92779841
0.97458899
0.97483098
0.99535016
0.85262175
0.98152687
0.85903972
0.93915170
0.97021550
0.99069125
0.96239522
0.81021437
0.99492843
0.91135102
0.96771939
0.97459954
0.99407622
0.97590474
0.98529500
0.91619368
0.80732423
0.97484357
0.82061217
0.91918770
0.97969735
0.98553114
0.84373396
0.93656469
0.99601719
0.97548399
0.97195214
0.99381755
0.89897275
0.99627312
0.99556934
0.94418261
0.90324115
0.87512802
0.89096322
0.93352646
0.99902136
0.96372803
0.98726115
0.84361081
0.92043713
0.98921305
0.92524982
0.99830464
0.94970591
0.81233045
0.98068015
0.99392682
0.99403317
0.99716273
0.87684838
0.88334678
0.91520341
0.96492004
0.94338178
0.97771714
0.99357572
0.97414094
0.98060175
0.92308238
0.84700213
0.99538948
0.99488420
0.99732178
0.92822391
0.99801131
0.98832259
0.98449694
0.96439957
0.99718025
0.98046778
0.99413365
0.99780064
0.94216313
0.82993452
0.92095667
0.98861084
0.95546930
0.96992833
0.99350769
0.97279004
0.97531667
0.90191256
0.96461423
0.81589867
0.92273347
0.98547927
0.93341568
0.97642467
0.89922313
0.97292510
0.92341813
0.82317191
0.99217673
0.98323286
0.89950412
0.92273530
0.98647420
0.98349073
0.94476417
0.98410218
0.85312240
0.92825234
0.98797165
0.92456456
0.97602995
0.97838224
0.85560974
0.99568310
0.98370885
0.96388930
0.95874929
0.95933374
0.84465330
0.97629642
0.99798145
0.95588712
0.89188828
0.97524738
0.98101018
0.99380507
0.89778942
0.97731788
0.99869967
0.97116706
0.98348881
0.99411223
0.97289312
0.92368765
0.98119463
0.98446538
0.92700879
0.99639556
0.93037257
0.90077021
0.81008240
0.95099943
0.88641674
0.87628832
0.99197137
0.83561179
0.94061665
0.94000202
0.91177579
0.97292542
0.99781091
0.88756487
0.97564088
0.83172919
0.88579864
0.99900446
0.92774413
0.84201607
0.99297172
0.97664121
0.98889994
0.96706885
0.98966988
0.84860282
0.88503725
0.92873047
0.99765448
0.81448698
0.99643703
0.97288024
0.82212102
0.86310605
0.99225935
0.99506283
0.98663950
0.92736013
0.82529207
0.96073506
0.91323938
0.99277756
0.95525516
0.80324372
0.98954545
0.86921403
0.97274013
0.96068565
0.99720374
0.81022776
0.97274362
0.98392659
0.96600806
0.97937465
0.99077310
0.96945298
0.95306787
0.97977491
0.90164925
0.95312408
0.98767007
0.85510658
0.81560777
0.97631672
0.83516340
0.94328228
0.99614437
0.97265036
0.82714722
0.99925641
0.90703830
0.96464455
0.90499311
0.97127588
0.95033112
0.98968351
0.95322697
0.97056743
0.93482041
0.99031270
0.84333757
0.99468622
0.86875248
0.98274687
0.86174852
0.88294694
0.99480496
0.99605475
0.99208167
0.88524939
0.98624046
0.99324915
0.99668380
0.94926863
0.99831250
0.90701885
0.96051832
0.99331657
0.98657692
0.97137222
0.94134205
0.93442032
0.97164378
0.94681652
0.91743537
0.96332221
0.98809515
0.84378164
0.86914160
0.99377006
0.96534983
0.94872718
0.99550417
0.96957003
0.82701727
0.99414728
0.96485541
0.98755153
0.92539264
0.99285796
0.99369954
0.98900084
0.80283696
0.92598341
0.99658591
0.98687621
0.88462207
0.98728073
0.95444861
0.99058146
0.95627616
0.88481769
0.94556819
0.90889003
0.99783331
0.79876361
0.95923590
0.99149892
0.99344951
0.98062415
0.83865376
0.92847774
0.89203748
0.96840290
0.87715874
0.99740858
0.96476206
0.98354750
0.92677961
0.80364186
0.82516240
0.99105188
0.98665187
0.97012106
0.92585698
0.88565943
0.97643013
0.87983581
0.99781054
0.80040890
0.98516534
0.93916866
0.83851972
0.86057320
0.84933001
0.95523804
0.99747917
0.93886715
0.97620138
0.93130066
0.92229819
0.83974915
0.85419037
0.95209770
0.98831862
0.99005174
0.95089951
0.92013133
0.98164741
0.84824722
0.94417700
0.98545924
0.90881526
0.98312347
0.93043225
0.91238019
0.87634155
0.93515206
0.93592179
0.88047785
0.91261438
0.80473590
0.99031671
0.98918613
0.99107696
0.96988341
0.86262648
0.98223182
0.88897664
0.97883706
0.91509412
0.95130913
0.94834796
0.98959901
0.99484880
0.93513795
0.97413165
0.99811379
0.99534790
0.96900714
0.98702931
0.93998242
0.95021971
0.96958838
0.98538538
0.95247642
0.89892978
0.97764715
0.90809083
0.93153863
0.99634493
0.96929131
0.91226103
0.96071880
0.99468970
0.98614163
0.97844616
0.93345071
0.99877447
0.92135140
0.99615843
0.81069315
0.96429194
0.98350634
0.99843268
0.82129246
0.86893624
0.98223552
0.99282764
0.98284583
0.97010923
0.92967486
0.99541299
0.97150374
0.99649014
0.83002577
0.86116877
0.99629294
0.88054554
0.94233348
0.97667618
0.99669139
0.98813773
0.83955833
0.98580452
0.98507514
0.99944316
0.99775276
0.95035053
0.85510471
0.98133190
0.97889046
0.94064797
0.82357690
0.97833787
0.82393708
0.98955152
0.99254895
0.93968576
0.99097077
0.99255512
0.92146234
0.86028093
0.94520574
0.87404283
0.92897688
0.98890181
0.85544535
0.98681906
0.92502797
0.98988895
0.85458824
0.94245227
0.99102934
0.83004399
0.92821942
0.84965587
0.97621898
0.96171213
0.92396297
0.96391685
0.98431579
0.89143379
0.96786770
0.96864117
0.94470933
0.99553134
0.83230055
0.95131738
0.89486061
0.93298585
0.85631677
0.99659408
0.99597105
0.98618018
0.98963452
0.97750473
0.97945616
0.99240461
0.82814434
0.96437603
0.90509395
0.94335449
0.99877260
0.98354220
0.96818755
0.89759998
0.97375538
0.97537934
0.93055399
0.99428641
0.99823661
0.84004063
0.81343254
0.86729241
0.96482979
0.99686509
0.99320498
0.84972015
0.99756654
0.93887208
0.99637837
0.99866033
0.98035215
0.92624578
0.98871588
0.99781190
0.95420453
0.91588592
0.99687945
0.96201629
0.97888731
0.92144480
0.96751929
0.93345833
0.99583876
0.98787650
0.87717153
0.88762744
0.95259547
0.96146444
0.96687145
0.87673613
0.87551948
0.83745623
0.81205923
0.99939961
0.98321434
0.81600256
0.94455281
0.84089334
0.95824151
0.98720504
0.97261138
0.99307968
0.99879856
0.96620650
0.99432330
0.97404998
0.99216509
0.99104250
0.96219561
0.99326979
0.99170793
0.99274920
0.98926547
0.95351251
0.99815310
0.99196834
0.92082834
0.98533674
0.98310069
0.85481377
0.97466979
0.89185168
0.98598226
0.99255519
0.96835903
0.89159184
0.99482804
0.98881583
0.99158206
0.99320634
0.97327410
0.93266694
0.99863205
0.97741953
0.99687118
0.80604031
0.94956764
0.82831671
0.90815316
0.82561105
0.97968645
0.95822068
0.93630973
0.92129927
0.86747268
0.98263209
0.90122878
0.94400579
0.94814321
0.98335590
0.87838148
0.99641028
0.95572424
0.98983127
0.99095582
0.99240124
0.93841395
0.98787509
0.99728508
0.99742134
0.93641288
0.93300635
0.90541358
0.98493699
0.98456715
0.82397314
0.99324053
0.90835105
0.81548228
0.99619793
0.79893664
0.99467781
0.89055235
0.96622425
0.98444134
0.95908072
0.91071858
0.97259177
0.81677204
0.97006908
0.82625820
0.81987390
0.98506670
0.83856719
0.97612205
0.97198925
0.79889525
0.98888993
0.99564295
0.99086587
0.92941712
0.99843117
0.92390634
0.99649316
0.97575704
0.99833762
0.94395876
0.98460934
0.99415415
0.96096050
0.97402648
0.93274211
0.97555959
0.98755903
0.94239490
0.84843634
0.99549820
0.98391017
0.96839925
0.88432064
0.94468368
0.93796493
0.97708794
0.99078607
0.94353980
0.88868019
0.98150709
0.98916401
0.82138254
0.98780045
0.99252613
0.88749227
0.96648649
0.92363051
0.97544516
0.98043153
0.99368729
0.98846891
0.86367603
0.99305084
0.99249124
0.82005069
0.94282643
0.97393824
0.98063694
0.95296447
0.92025761
0.96758069
0.98554604
0.94887462
0.96956010
0.84705155
0.98032513
0.99416306
0.91800313
0.85291621
0.94307062
0.82546494
0.99556075
0.97804329
0.95895043
0.97715442
0.98136479
0.97974088
0.91698751
0.95117788
0.98038167
0.99018678
0.88416682
0.99689486
0.95592485
0.99575920
0.82051426
0.99823369
0.99383733
0.99310385
0.81807835
0.99383315
0.98859947
0.99711457
0.95631221
0.91688844
0.99772482
0.98133005
0.99025937
0.86503550
0.94435147
0.82274184
0.91346662
0.98999546
0.99607935
0.98780262
0.94401153
0.98696917
0.92296127
0.97917220
0.99721973
0.83538075
0.99139682
0.99304642
0.99719438
0.97088236
0.88523109
0.99750839
0.82153832
0.99114918
0.99472822
0.95420585
0.97527990
0.99860391
0.99232242
0.80072666
0.98983942
0.90707254
0.99218824
0.94703347
0.99100233
0.94135097
0.89110549
0.99465023
0.99022387
0.98163875
0.96052589
0.95549184
0.98792830
0.98392383
0.89248052
0.98235698
0.99350509
0.88818282
0.99883765
0.85025331
0.96562402
0.99674405
0.98815519
0.98978764
0.99479505
0.99970307
0.94984647
0.83725112
0.80362480
0.99672250
0.96298498
0.99846418
0.99520298
0.97522678
0.96716492
0.92993639
0.99713522
0.99127268
0.95621034
0.96471246
0.85167707
0.93890053
0.99426191
0.99751744
0.92349606
0.96385476
0.88853156
0.99902743
0.83755412
0.86547745
0.99277301
0.98966618
0.91849128
0.87757766
0.94861653
0.94168045
0.84291542
0.93787214
0.94351148
0.82550710
0.97425145
0.97156899
0.99272784
0.84117930
0.99401976
0.99487223
0.99714538
0.85917430
0.83828197
0.98383153
0.87366932
0.87370851
0.96977275
0.85384895
0.99766835
0.96880899
0.97950241
0.95823057
0.94949942
0.94400614
0.98756937
0.99471279
0.81610039
0.99761928
0.98968655
0.97482203
0.93644238
0.88781683
0.79536833
0.98264961
0.99404448
0.91931841
0.95962567
0.99424182
0.87931001
0.88697371
0.84892501
0.99517349
0.89200316
0.97719494
0.86685809
0.98496125
0.85512937
0.99670069
0.99532940
0.90436187
0.96926906
0.99603254
0.99908447
0.87989323
0.97430253
0.89610378
0.87515173
0.99348079
0.99601120
0.82796727
0.95352330
0.97477603
0.84381353
0.97269393
0.98876516
0.92477141
0.84740247
0.98168423
0.99302029
0.79067946
0.97126090
0.99870181
0.99702117
0.97500962
0.99570505
0.99465005
0.80325638
0.98567620
0.97499666
0.99582420
0.85030939
0.84882265
0.99172093
0.94234141
0.99893327
0.93104998
0.81535250
0.85546047
0.84606339
0.96407719
0.99631319
0.97894704
0.96686569
0.85368535
0.82079890
0.99410498
0.90490396
0.80484111
0.91628738
0.99775899
0.85102661
0.88358758
0.99470753
0.99535368
0.94771714
0.84964572
0.99086321
0.89795516
0.99682219
0.89707277
0.92925669
0.91749400
0.92136051
0.96257880
0.90952392
0.98864919
0.97411285
0.99246901
0.91826890
0.97296062
0.83491784
0.80281409
0.97881049
0.97045292
0.98985354
0.99064727
0.99859945
0.97795253
0.99888603
0.99474139
0.99722500
0.97652856
0.95529820
0.97071953
0.96767587
0.85608898
0.82177750
0.97227876
0.94341463
0.93862378
0.96732489
0.99577965
0.84322899
0.99669243
0.88221231
0.98840797
0.93485984
0.92260529
0.96154892
0.85491743
0.99586783
0.81015710
0.99393928
0.84598561
0.96712440
0.89427384
0.96780715
0.95501414
0.99870216
0.79825253
0.99469991
0.97416923
0.95107762
0.84989443
0.92326680
0.80676360
0.99565877
0.95938300
0.94209076
0.86421648
0.92010101
0.91767611
0.98907164
0.99709096
0.94638057
0.87321680
0.91040442
0.97057839
0.97144314
0.97818472
0.99151297
0.92585518
0.95677914
0.94719449
0.98793918
0.98771340
0.81886404
0.85595683
0.99740366
0.98909786
0.82856831
0.99785698
0.94103139
0.98136877
0.98754100
0.93508407
0.98195118
0.81403285
0.96737283
0.96638234
0.92028524
0.92183028
0.97055674
0.97640989
0.98834607
0.96861164
0.99630385
0.93972209
0.96956224
0.96390785
0.99279365
0.98720439
0.98508042
0.81105485
0.92129028
0.96473986
0.95740908
0.99760212
0.93067582
0.89466551
0.99357959
0.96292172
0.95721987
0.96706506
0.97779202
0.97514397
0.94593568
0.93906215
0.99074695
0.82222199
0.94656417
0.85125853
0.98438676
0.99163318
0.91121272
0.99653749
0.99176526
0.98869198
0.99649858
0.97128721
0.96247660
0.98938107
0.97128225
0.98715852
0.99026495
0.99240747
0.99051010
0.98676293
0.92763943
0.99869982
0.90637751
0.88793513
0.93373329
0.99616510
0.97331173
0.96570406
0.96873057
0.99285597
0.98616399
0.86451623
0.96099755
0.98620305
0.97817090
0.94089515
0.85232586
0.92076473
0.97913512
0.94495154
0.99714405
0.83606504
0.91198054
0.97382449
0.91211919
0.99729745
0.99583318
0.97008367
0.99756254
0.92986305
0.99740230
0.94003489
0.99535883
0.85653412
0.98566705
0.98367719
0.91784600
0.99976827
0.98988171
0.80763548
0.96392027
0.95016453
0.96448398
0.89481946
0.95600152
0.99587455
0.93478613
0.93290880
0.97470199
0.98436082
0.99689002
0.98935835
0.97292567
0.99397799
0.86666061
0.99563867
0.96817183
0.88651762
0.96188965
0.96947520
0.86013643
0.90608681
0.98571656
0.98686806
0.87259519
0.98463441
0.86629143
0.98584869
0.99436220
0.99724880
0.97387042
0.98504295
0.94245487
0.90534932
0.97676400
0.90895256
0.98747255
0.92839131
0.95484470
0.97705496
0.91135065
0.99312560
0.92590306
0.99078701
0.98953977
0.95134160
0.95660814
0.82306064
0.96379414
0.95750405
0.98398008
0.95129655
0.91456756
0.95563350
0.83001633
0.99597999
0.95341617
0.91405037
0.99738604
0.93467280
0.96839786
0.95922007
0.93744408
0.99155251
0.92626313
0.99462598
0.99478782
0.96591223
0.99667016
0.95824215
0.95881738
0.99600298
0.90709721
0.90679328
0.98553905
0.95066180
0.93957521
0.94297565
0.87774566
0.99020888
0.98359538
0.82728735
0.96534790
0.98865385
0.99059104
0.92020987
0.97245685
0.89341793
0.84186885
0.97454341
0.87827469
0.98460283
0.92935485
0.97083943
0.93858979
0.95062479
0.98952507
0.92298272
0.95576113
0.99479121
0.83345960
0.98544829
0.92544310
0.87388778
0.91666829
0.92798687
0.98720617
0.86346288
0.95093843
0.99440225
0.95692313
0.96763926
0.92807252
0.95726414
0.81088432
0.92149495
0.98152795
0.90672987
0.94452077
0.92434206
0.99712707
0.90282442
0.94815316
0.97664704
0.94320196
0.99139004
0.98830530
0.96559604
0.93331824
0.96690624
0.96086763
0.96961449
0.93134677
0.98525766
0.95644795
0.87240345
0.98132898
0.97603170
0.98350768
0.99635929
0.93306363
0.85402040
0.89120505
0.94483799
0.90015445
0.98467594
0.99713412
0.99728209
0.98268284
0.98477492
0.85317469
0.99652339
0.99504625
0.98520459
0.97547318
0.98700686
0.98524315
0.86633906
0.97166364
0.96963715
0.94365493
0.96686575
0.95417451
0.98241358
0.99281076
0.86837403
0.99254823
0.91062526
0.99802108
0.93341467
0.99917918
0.95640852
0.98927718
0.97782318
0.82430283
0.87275425
0.94008764
0.94520167
0.84496111
0.96443699
0.86131145
0.96028589
0.82073690
0.80820303
0.99110557
0.99677328
0.89963259
0.99537793
0.99112018
0.99852228
0.98684494
0.99565150
0.95196708
0.98736471
0.99204682
0.98399682
0.97861061
0.93951901
0.98353443
0.98986464
0.92472649
0.98450754
0.99023214
0.97615861
0.83741845
0.98800944
0.97743418
0.82058653
0.94920337
0.84451502
0.99467894
0.90508324
0.99521822
0.87701475
0.99449795
0.93487895
0.94414538
0.80043435
0.95027511
0.97826061
0.98727656
0.98221867
0.97203304
0.89779276
0.99490556
0.98940027
0.98490119
0.98682516
0.92740252
0.99819166
0.99229919
0.96849117
0.96180351
0.98615683
0.97481223
0.85292585
0.90260450
0.89647352
0.99567226
0.99662054
0.98646452
0.90419070
0.95732779
0.95532322
0.99754922
0.99554609
0.97378428
0.98983993
0.99402050
0.99242265
0.99548023
0.97135924
0.94625467
0.90276668
0.98163656
0.97592304
0.99121894
0.88633412
0.95482409
0.80992395
0.97998027
0.99543736
0.98860991
0.98366272
0.95932280
0.95922818
0.91272903
0.94579456
0.94643191
0.99593099
0.97965230
0.96642476
0.95283146
0.98264591
0.92000447
0.96095440
0.97494229
0.96969192
0.97989349
0.82723331
0.89010462
0.83711611
0.88709993
0.99856934
0.98746623
0.96880295
0.84875126
0.89649899
0.95892928
0.91350550
0.95372095
0.97575092
0.99511481
0.99921841
0.82826946
0.98261283
0.97482051
0.99000024
0.96161062
0.93460105
0.97300039
0.99259364
0.94155774
0.96592711
0.84490765
0.99851901
0.99233263
0.99295838
0.89440298
0.98985190
0.99410903
0.98114274
0.99024984
0.95342570
0.94413263
0.89523666
0.99752004
0.82336619
0.97175017
0.99407116
0.99731381
0.90536515
0.95224733
0.99258634
0.93056010
0.87987365
0.91845894
0.85325289
0.98945411
0.95365464
0.81865485
0.97302385
0.96993978
0.99100218
0.99411002
0.97034700
0.95859419
0.95251720
0.98968035
0.96911710
0.99810756
0.99275489
0.96439409
0.95352489
0.99459065
0.81995842
0.98104287
0.89596301
0.97651474
0.99905820
0.91010032
0.96914275
0.84210588
0.96103946
0.99533731
0.97998599
0.87282995
0.82397628
0.93432040
0.98374612
0.99874417
0.91960263
0.98311639
0.89293776
0.99636396
0.99202049
0.94594286
0.80411025
0.91378130
0.97665874
0.99369761
0.97889002
0.85377830
0.99645678
0.99698914
0.88203703
0.91285156
0.97799706
0.91681667
0.97625505
0.93853765
0.99108350
0.96933642
0.98790768
0.94722609
0.99004226
0.98260588
0.93477293
0.96429483
0.91013383
0.81272741
0.98093213
0.99627765
0.88418952
0.94942302
0.79081216
0.98875995
0.84767415
0.97413781
0.98659475
0.97323500
0.97211800
0.99787435
0.80182016
0.88745856
0.90545725
0.97399713
0.98602264
0.84081540
0.96902116
0.90025674
0.91390413
0.87870084
0.96971801
0.89902458
0.98881982
0.97308816
0.94665247
0.86943676
0.98382059
0.99051665
0.91121453
0.99146114
0.98673110
0.99122071
0.98265287
0.96288820
0.96936456
0.94452211
0.80962815
0.98734875
0.99594006
0.98306710
0.94364065
0.97415824
0.91547094
0.94738387
0.99516564
0.81505999
0.93597089
0.91592903
0.96461976
0.99164594
0.84501600
0.93881892
0.92636622
0.85859789
0.98943944
0.96113244
0.88603965
0.92669351
0.98876813
0.98185596
0.90953134
0.99534639
0.94184631
0.81632018
0.99645547
0.93964837
0.98673712
0.98813841
0.96788660
0.98991046
0.98263402
0.99855045
0.79715302
0.83082300
0.99742008
0.85449868
0.95265112
0.83093123
0.99606496
0.99613668
0.99011496
0.99421842
0.83877959
0.98995540
0.94839076
0.81706424
0.81673856
0.91499039
0.84786452
0.93952916
0.99706646
0.93109529
0.99367095
0.89891277
0.92106298
0.95261767
0.99827421
0.99449345
0.84047792
0.99786551
0.84761269
0.99579963
0.99577900
0.99204368
0.84866570
0.98962266
0.99889540
0.92586350
0.88790047
0.84858743
0.98774449
0.84478973
0.88277617
0.79923214
0.87593895
0.98458798
0.97111443
0.89159118
0.99798389
0.99159525
0.96464315
0.97263957
0.98984190
0.98912230
0.99941407
0.99864849
0.99256242
0.93253364
0.91974355
0.97904672
0.91278424
0.98577531
0.95848477
0.94673687
0.82298282
0.99065093
0.98646952
0.94847225
0.99619446
0.93140883
0.86559538
0.80905578
0.95473756
0.91405139
0.86617576
0.99487392
0.96145771
0.95209037
0.98136478
0.96228939
0.87022102
0.86397659
0.98781977
0.80972645
0.95891111
0.85474526
0.89178561
0.93158924
0.89825094
0.99832266
0.98815240
0.99236416
0.93446364
0.96677690
0.96098983
0.97288610
0.81064384
0.97212513
0.95771994
0.96222139
0.92940647
0.89685397
0.81714557
0.98709983
0.92530954
0.98478724
0.99735026
0.97071951
0.99123008
0.84501259
0.94893929
0.82110767
0.93908537
0.98133654
0.99079784
0.97751691
0.99826763
0.81801281
0.97172459
0.87464703
0.97215422
0.98392607
0.82290641
0.90895056
0.98889081
0.82104574
0.99615852
0.79665496
0.99107893
0.97329494
0.88339758
0.99269903
0.97825105
0.97894147
0.94819498
0.90705928
0.89991974
0.96720996
0.98596460
0.97441729
0.81128275
0.98581120
0.92674964
0.99616916
0.98089333
0.99832652
0.97123386
0.87812618
0.84656044
0.99501776
0.98602612
0.99182882
0.87399546
0.87545153
0.98162354
0.85134156
0.99648728
0.91304902
0.80249081
0.82503784
0.82418244
0.99334524
0.99526428
0.82047836
0.95988282
0.98597583
0.99750040
0.98617675
0.97906634
0.95083206
0.87801872
0.91890583
0.94952317
0.99026808
0.99737313
0.95291888
0.87474634
0.99569825
0.95537860
0.99462117
0.87365426
0.90565114
0.98933183
0.94317761
0.81297418
0.99665956
0.97208439
0.88668500
0.98531287
0.98567696
0.99830268
0.97629703
0.87710077
0.97018152
0.86705966
0.93107113
0.95296588
0.81948567
0.99034783
0.91463781
0.96412881
0.99555016
0.93213161
0.83070097
0.98385300
0.89978342
0.98732805
0.97842662
0.98794554
0.86272394
0.99849412
0.89012283
0.98914124
0.97415410
0.95621949
0.94506194
0.92235369
0.86196862
0.97611620
0.85756281
0.90702932
0.83982570
0.98042775
0.99456663
0.93388483
0.99103114
0.98392091
0.98286073
0.95496434
0.99778687
0.87820286
0.90233742
0.98934306
0.98155811
0.99161728
0.98856185
0.95450069
0.98321132
0.84310967
0.98088672
0.99501953
0.93328911
0.97835018
0.96461458
0.94850567
0.98713093
0.96474870
0.99779989
0.90201403
0.87930871
0.99293963
0.84484467
0.96665719
0.95288539
0.99885372
0.81433504
0.83269956
0.99151000
0.86522138
0.99450561
0.94170480
0.97599202
0.91944896
0.98636714
0.90738124
0.95474180
0.96657026
0.99796616
0.86265281
0.89356391
0.93785594
0.99769958
0.90344182
0.98742610
0.98955085
0.97333123
0.92913429
0.99575978
0.85918861
0.96512027
0.94169015
0.97828853
0.98636390
0.98144465
0.94821188
0.89638101
0.99655845
0.99420134
0.95998625
0.90758090
0.99752318
0.98873255
0.99948429
0.96769635
0.99493887
0.92775598
0.98469238
0.94369723
0.84757637
0.97399829
0.95072509
0.98279438
0.99460850
0.95532233
0.99866912
0.99476529
0.96056085
0.98965814
0.99302753
0.99592996
0.82599837
0.99760737
0.97190346
0.94515361
0.87017850
0.89890548
0.99781442
0.86769847
0.95845086
0.99390146
0.89410758
0.98132194
0.84722966
0.80105640
0.80578647
0.90658242
0.97151234
0.97855442
0.98727306
0.96258709
0.80285760
0.97200670
0.84575603
0.87933154
0.98665605
0.88896618
0.89224291
0.85909842
0.98981132
0.96839667
0.97487201
0.92264517
0.90748483
0.81082428
0.86689524
0.87165363
0.96851425
0.91773151
0.99315880
0.89611396
0.99442686
0.87936545
0.88448671
0.95874298
0.98495087
0.80299356
0.99838305
0.84851260
0.94428716
0.93373734
0.99320705
0.93845149
0.90624483
0.91743414
0.99050205
0.82891472
0.99133310
0.96659759
0.95189340
0.94548694
0.99694317
0.96461215
0.98568753
0.89270866
0.95431726
0.91030950
0.96017604
0.84744352
0.98327397
0.98042375
0.86747589
0.92568300
0.98640097
0.94571088
0.98945364
0.99533678
0.99793574
0.96387541
0.98427134
0.91431931
0.86293159
0.98887075
0.87856715
0.97458713
0.99503393
0.95663378
0.98999211
0.83331472
0.94198048
0.93396117
0.98726408
0.97859547
0.81426335
0.96229741
0.97611415
0.98999397
0.99112284
0.98335016
0.90896841
0.83407000
0.99082990
0.87677076
0.98225932
0.96762539
0.87971061
0.93573128
0.98407535
0.97720755
0.99787674
0.98221213
0.98828697
0.98813648
0.99541128
0.96725076
0.99110070
0.99807815
0.96832399
0.97613985
0.99385709
0.98438292
0.95899114
0.99889795
0.99844416
0.93262797
0.99585003
0.94297534
0.98975416
0.95529614
0.84589941
0.93182237
0.82200525
0.96642352
0.92473048
0.92197645
0.99635648
0.99514211
0.98803850
0.80090314
0.94261645
0.97609646
0.83192623
0.86634457
0.99541928
0.89626049
0.97767171
0.99905294
0.95386377
0.93105675
0.99791584
0.82741624
0.88483331
0.98565078
0.85763379
0.96240988
0.98114881
0.86782490
0.97545226
0.98870842
0.99532930
0.98322030
0.99504393
0.93854554
0.88789788
0.97116465
0.99576582
0.99791389
0.98153634
0.98788842
0.80002256
0.86509763
0.87244248
0.99184151
0.99670376
0.91192581
0.96012826
0.85834124
0.93985989
0.97954451
0.82253310
0.85591194
0.97476059
0.99377154
0.97246045
0.83331628
0.98914894
0.98703194
0.96067756
0.94430136
0.97181752
0.98864767
0.98784689
0.83474330
0.94765163
0.96497342
0.90937897
0.97614518
0.97904866
0.89891378
0.98330479
0.93821416
0.99705002
0.88130803
0.95610671
0.99119816
0.86085968
0.86218476
0.90342984
0.94419881
0.99863354
0.96070706
0.97886817
0.93313150
0.98128382
0.99745059
0.98991584
0.98117350
0.91170589
0.99587204
0.98570497
0.98867678
0.98449323
0.87600934
0.96803112
0.84679432
0.99897170
0.93286952
0.87545567
0.98812779
0.79855009
0.95238679
0.96329514
0.95358945
0.97759281
0.99203834
0.94712157
0.97540912
0.99378841
0.86227290
0.90734979
0.95394475
0.95789092
0.99559492
0.91334462
0.88861251
0.95596156
0.82512742
0.93709192
0.91389298
0.81868325
0.95548680
0.99062049
0.99329810
0.95297893
0.90628389
0.88339367
0.97417189
0.83215680
0.94163684
0.92251247
0.98712999
0.88200081
0.96941341
0.98633339
0.96712676
0.95071317
0.93031276
0.98919155
0.99667161
0.98754657
0.96224648
0.98132439
0.99635279
0.81117071
0.88219352
0.99349343
0.92447959
0.80857506
0.88188337
0.92476567
0.99963907
0.96021828
0.95112915
0.88255576
0.87344420
0.82062569
0.99859291
0.98969404
0.90997567
0.98449371
0.96741190
0.96097694
0.86719252
0.84738170
0.84714186
0.93232513
0.98266369
0.99726668
0.92222931
0.81044196
0.95494277
0.97650778
0.98821790
0.93272244
0.99625223
0.98015642
0.99544852
0.96789157
0.99441306
0.92186142
0.87141486
0.95588882
0.93653157
0.99110241
0.81887778
0.95390670
0.97394872
0.98129323
0.99637231
0.86922958
0.93425405
0.97269387
0.82203795
0.97110025
0.94158135
0.90969012
0.87446968
0.79679962
0.97938650
0.93094204
0.90081915
0.96012324
0.95057316
0.96643890
0.94629328
0.98826581
0.89128339
0.93147139
0.97116713
0.88643748
0.85450075
0.98853033
0.84047440
0.95827305
0.98424075
0.99462635
0.98932011
0.96997890
0.91209000
0.99288403
0.93750555
0.93123907
0.99505892
0.99778493
0.96835334
0.85997304
0.80955630
0.99162936
0.97626750
0.95503146
0.88977807
0.89687860
0.99377192
0.98149548
0.93250958
0.99706531
0.86312430
0.95423431
0.95812207
0.96730093
0.98589934
0.97789315
0.98821748
0.86220715
0.98798946
0.85070883
0.92295662
0.98216576
0.97862002
0.98990309
0.98542607
0.99500714
0.93946686
0.98864829
0.86010095
0.99500762
0.96881969
0.99425022
0.88045909
0.99527099
0.82461266
0.82861589
0.97751785
0.95834633
0.99100502
0.99807442
0.84967721
0.99790443
0.88162078
0.99673521
0.91807366
0.99701093
0.97924891
0.81747338
0.96586061
0.98870975
0.97854124
0.99678694
0.99532692
0.99200492
0.98715265
0.93445412
0.92654949
0.98818661
0.89524106
0.95414128
0.98792438
0.82472418
0.82507517
0.98202935
0.99350659
0.99813043
0.91056672
0.98161482
0.92352543
0.97166519
0.99306606
0.99342698
0.99591908
0.94605405
0.81101900
0.80357080
0.99381769
0.94538351
0.96893304
0.97768577
0.99932793
0.80991211
0.95360766
0.99639144
0.96202679
0.93224990
0.99838318
0.99171963
0.99759803
0.96600007
0.96722022
0.88500951
0.99462568
0.96288912
0.92364645
0.88845207
0.99340819
0.90170305
0.99833736
0.93384731
0.90157835
0.97835418
0.92933765
0.83658989
0.93666288
0.84876414
0.81895216
0.82956921
0.86068772
0.92173679
0.84869087
0.99261604
0.98986156
0.95491436
0.89464877
0.99025409
0.99632560
0.95994025
0.81256009
0.98858481
0.93995356
0.96115714
0.99048501
0.83978842
0.92572105
0.93959934
0.80008985
0.96152669
0.92442151
0.97632041
0.83029768
0.98620029
0.90290039
0.93382924
0.80928403
0.94246600
0.81652354
0.95880603
0.85002640
0.97420549
0.98910994
0.87543832
0.90654227
0.99462018
0.99120037
0.99776304
0.98967610
0.87424039
0.82750366
0.95519728
0.96088149
0.98342554
0.93050920
0.93068797
0.99643343
0.97677238
0.97792333
0.88966752
0.88752256
0.91425618
0.99171613
0.99458534
0.90587030
0.93553050
0.93234904
0.91716531
0.91522731
0.96175658
0.95580702
0.95925698
0.98429262
0.93831732
0.89517429
0.80296550
0.97696575
0.92811045
0.98392817
0.97881911
0.95785127
0.99637685
0.81996849
0.96704924
0.97178031
0.91560337
0.99930547
0.89988279
0.99762419
0.92356890
0.98405839
0.95055085
0.95068148
0.92840554
0.89073820
0.99604242
0.96611074
0.92549346
0.96985630
0.86533092
0.89607750
0.99482865
0.99442715
0.99486130
0.94438047
0.98740917
0.88096193
0.86010569
0.99354465
0.98772814
0.94609108
0.90418605
0.96224306
0.80692973
0.98798120
0.97345394
0.97905286
0.87362156
0.98723955
0.95921909
0.93591262
0.90934692
0.85512980
0.80864277
0.99348332
0.97681281
0.97299172
0.95592504
0.87540817
0.87915464
0.97608935
0.92783596
0.96172432
0.91202919
0.84619096
0.99063269
0.93100050
0.97280868
0.98512375
0.97095539
0.99923157
0.98634082
0.83824189
0.96662286
0.99895037
0.88297346
0.93992504
0.99933116
0.99667787
0.87342579
0.99087463
0.95613255
0.99711297
0.99586111
0.97552887
0.79916073
0.97510680
0.98038932
0.91632919
0.92813460
0.94541018
0.80933556
0.99647636
0.89990145
0.99611388
0.99585135
0.98198083
0.98427185
0.98190984
0.94567214
0.97220294
0.83174268
0.82422942
0.99486270
0.90564381
0.95611410
0.97976986
0.88364960
0.93093246
0.81860248
0.97967737
0.85523841
0.91438929
0.94453936
0.98779992
0.97570522
0.85958050
0.93052696
0.88138820
0.84162505
0.87853474
0.94749355
0.97798414
0.97575849
0.90197359
0.97236773
0.99709517
0.99123594
0.81817740
0.97185576
0.99771606
0.99852942
0.82590759
0.98540648
0.96731429
0.98270259
0.96035219
0.98935977
0.92451470
0.99510891
0.99491683
0.94885668
0.88641021
0.87719801
0.93663876
0.96890880
0.95670354
0.99472529
0.81994586
0.95656520
0.99429460
0.99805722
0.91933307
0.95899173
0.97142155
0.99804819
0.98121113
0.97670366
0.98776587
0.98585142
0.83386037
0.83863590
0.96675050
0.97906305
0.93567615
0.97193070
0.99519088
0.90889018
0.99179279
0.92546148
0.99731951
0.94289833
0.97842067
0.86288132
0.96266212
0.95708213
0.89576388
0.97764441
0.88329771
0.99224337
0.97836172
0.90826205
0.99832524
0.99573668
0.89659693
0.93438806
0.94188840
0.92796560
0.81954967
0.98266834
0.99728450
0.99429048
0.98866243
0.95572949
0.87138334
0.82440605
0.99515036
0.91680257
0.98754768
0.93216862
0.95630287
0.83196499
0.98878501
0.85877548
0.99421109
0.94581921
0.83051616
0.99225770
0.80242677
0.96670727
0.93875242
0.99313187
0.99115692
0.88557847
0.92629789
0.89507134
0.90566410
0.97972724
0.96980501
0.93900987
0.85853148
0.96667962
0.87034406
0.87272435
0.97828891
0.78508373
0.97411614
0.98885226
0.98758520
0.99832463
0.97191160
0.98377296
0.97985345
0.93803950
0.98946727
0.99030686
0.93108023
0.98152386
0.99779021
0.97998295
0.85526419
0.99460852
0.96930929
0.95960143
0.94245139
0.78813937
0.81097351
0.99620581
0.87336258
0.92074681
0.82376831
0.92044966
0.99590354
0.79838642
0.82437676
0.92147865
0.96590165
0.99079583
0.97186833
0.94538968
0.99802543
0.99553409
0.96025379
0.96258639
0.98706430
0.99857406
0.83441906
0.97977612
0.94441977
0.83532090
0.99362703
0.96200494
0.99531486
0.98873775
0.96732797
0.99746445
0.98398914
0.92588794
0.81089675
0.99566270
0.98855119
0.99461601
0.96507424
0.81836376
0.81850856
0.79908904
0.99629670
0.97000956
0.92165724
0.92322860
0.96388684
0.91092755
0.97478088
0.96079421
0.93135714
0.99903284
0.99413646
0.95983126
0.91693972
0.92325145
0.99889179
0.92993839
0.83526585
0.93826612
0.97908039
0.98175944
0.97118148
0.86773837
0.96752738
0.99033399
0.90266412
0.96851882
0.88583773
0.99488271
0.79290572
0.99587443
0.92972578
0.86426272
0.99083724
0.99722017
0.95124942
0.92486361
0.98632569
0.79820831
0.90545871
0.98799549
0.91779580
0.99243261
0.99025966
0.82032212
0.99593976
0.96863554
0.94883186
0.96487633
0.93218183
0.99197305
0.95068274
0.98696650
0.96503773
0.87054359
0.98865313
0.99657014
0.83249250
0.98844573
0.95948273
0.98643728
0.94629205
0.98232587
0.97848922
0.92875654
0.98998703
0.99214539
0.98981533
0.83421965
0.82198552
0.98660037
0.97417928
0.98519018
0.99672342
0.88386558
0.97591565
0.81570377
0.97614663
0.97974063
0.98502084
0.94835930
0.96014762
0.99564424
0.96510432
0.91786209
0.99168384
0.82578122
0.85686621
0.83295155
0.97682278
0.92618789
0.97684813
0.86231503
0.99217232
0.98026846
0.92732959
0.80967305
0.99062506
0.86682430
0.91196519
0.93469294
0.88978282
0.91051923
0.91615788
0.97158665
0.99782602
0.91998075
0.99875863
0.96398058
0.98908843
0.96363126
0.84739419
0.99813334
0.99473354
0.95051411
0.82738876
0.94419727
0.92942620
0.98123664
0.79738185
0.99737546
0.94404233
0.97745236
0.97716284
0.88355864
0.96191856
0.88843457
0.83535761
0.79982844
0.83175150
0.98606872
0.99873248
0.93401791
0.99089636
0.97738861
0.99515247
0.99674185
0.96858206
0.88305249
0.80708111
0.98746299
0.99187690
0.93523899
0.93522557
0.99755346
0.97267343
0.98424044
0.95110360
0.96184397
0.99378357
0.96970672
0.89717951
0.99598500
0.83792191
0.99160922
0.86269903
0.97200957
0.80034564
0.99491043
0.99841936
0.97276867
0.99840959
0.96998674
0.99172946
0.87161579
0.99185460
0.94075513
0.91974172
0.87614508
0.96211851
0.98812003
0.98566145
0.97443805
0.83612037
0.98297465
0.97744645
0.99279443
0.98498459
0.98864419
0.94555648
0.98933622
0.95880322
0.97958192
0.92362379
0.99309885
0.90288520
0.99766333
0.93451867
0.79547885
0.81893774
0.94211021
0.84248390
0.95827179
0.97504741
0.98203253
0.97475801
0.99702277
0.94791522
0.99206179
0.99855338
0.99041188
0.99582940
0.98149678
0.99479942
0.88487925
0.99240636
0.87716831
0.98558668
0.98611429
0.99397428
0.83565750
0.95309327
0.94367329
0.92734899
0.94636557
0.98114329
0.99590842
0.88114367
0.98621606
0.99674801
0.99621166
0.93857202
0.94635758
0.96657168
0.96326583
0.94361833
0.99292661
0.88856983
0.98436263
0.88307633
0.99603334
0.93202385
0.99422838
0.97836575
0.99645841
0.86891745
0.96017301
0.79993693
0.99835605
0.81463263
0.99847989
0.97219363
0.99165897
0.91420708
0.95335021
0.92544002
0.99772259
0.80921684
0.99462248
0.84803640
0.99695348
0.97427214
0.95019810
0.99530951
0.95869682
0.83424646
0.94844843
0.86189171
0.97315648
0.91833326
0.99739540
0.97420985
0.99585294
0.97174083
0.96447430
0.90221212
0.95635288
0.85013416
0.98778042
0.99311192
0.90395210
0.99414206
0.97217403
0.93321468
0.88137189
0.82298740
0.99825528
0.96900347
0.96561797
0.83731851
0.98535062
0.90125478
0.97803330
0.94258881
0.93697389
0.99673737
0.99049738
0.99845399
0.92267262
0.98943734
0.99426890
0.99929435
0.99004582
0.82730810
0.97713870
0.96358954
0.98405828
0.97666377
0.85278369
0.92048099
0.79259995
0.97896372
0.98920162
0.99055217
0.99784626
0.98867897
0.99677198
0.98347659
0.99823416
0.94701500
0.85533522
0.98705323
0.85794332
0.98434639
0.99793477
0.82245873
0.95754070
0.96962149
0.95446496
0.94213000
0.95625272
0.89044210
0.99244774
0.99743545
0.98880287
0.93444641
0.98852888
0.96445182
0.98736086
0.99844420
0.86118204
0.98630369
0.99673365
0.99375227
0.99712481
0.96911796
0.81713482
0.97298435
0.97308747
0.97148571
0.97978051
0.88984738
0.97005763
0.98581733
0.89234286
0.87492317
0.99784019
0.87307719
0.98105343
0.94962530
0.96830246
0.99916595
0.99413627
0.99223668
0.96888297
0.99303761
0.96935006
0.96194282
0.86910747
0.99595899
0.99754273
0.99152460
0.99890817
0.98657142
0.83049024
0.98227145
0.96225947
0.95493485
0.93249990
0.99697145
0.98425795
0.99438109
0.98919570
0.99515649
0.98242773
0.91960595
0.99046441
0.97699349
0.95614693
0.96825632
0.90408765
0.94534447
0.93247162
0.99485612
0.97147654
0.95996118
0.83155640
0.97451654
0.99639910
0.96846600
0.99869450
0.81578885
0.91960397
0.96667078
0.92176546
0.89323764
0.99504356
0.94965334
0.88063645
0.99076253
0.85247407
0.99409365
0.91437729
0.99434477
0.99590479
0.87364305
0.95240284
0.98369174
0.98394788
0.99583235
0.97383336
0.98385120
0.82918641
0.89109289
0.98863368
0.85849668
0.99741142
0.96705995
0.79129132
0.99202971
0.99696653
0.94575952
0.82948455
0.94801231
0.79344198
0.97887139
0.93463302
0.82545312
0.98199943
0.96415469
0.99411137
0.99638389
0.99871633
0.81074293
0.81053079
0.99928797
0.96404707
0.91090789
0.94030663
0.97649893
0.98486618
0.97600222
0.85508362
0.98418754
0.98635971
0.97677744
0.99814230
0.83175456
0.95397919
0.91262409
0.98114991
0.93240156
0.95175488
0.97237680
0.93607084
0.98311526
0.91508117
0.92667125
0.81874982
0.92534293
0.98601297
0.95408407
0.89180554
0.97881719
0.98700646
0.82803308
0.98320769
0.97251110
0.84106525
0.96428444
0.90361319
0.81051889
0.99134333
0.98058497
0.93010155
0.85243823
0.83817861
0.92260413
0.93831390
0.90117990
0.99217649
0.89136751
0.97250466
0.99795784
0.97734186
0.93827722
0.99253924
0.98165654
0.87733616
0.93988735
0.97324572
0.83062092
0.99551081
0.95475919
0.82454641
0.99576066
0.99768341
0.99155670
0.98210970
0.99211368
0.84651372
0.89034491
0.97997839
0.97640385
0.90383101
0.98899502
0.87843319
0.98433629
0.96073647
0.81961584
0.99087006
0.99604420
0.85666082
0.99230439
0.87751490
0.98064875
0.85601234
0.97539828
0.91954908
0.98342695
0.84966485
0.96312031
0.81300842
0.99378740
0.94708621
0.97281515
0.98759080
0.97752393
0.98433700
0.96099488
0.96076063
0.97721830
0.96222513
0.98957425
0.99742459
0.99660790
0.98780903
0.99883856
0.94714864
0.97217378
0.97023299
0.92811115
0.99123759
0.91545053
0.95570761
0.99510824
0.86781048
0.84687667
0.86723169
0.99109981
0.98496451
0.89586594
0.99037695
0.99005082
0.96215188
0.93308376
0.90597557
0.83130878
0.80119942
0.91254535
0.97338621
0.82036987
0.98404499
0.85641575
0.99229892
0.99750359
0.96620751
0.99640356
0.99708266
0.91171551
0.98655085
0.97080080
0.99029461
0.81993515
0.96659706
0.99290680
0.98110782
0.98309899
0.96078975
0.91155938
0.99645323
0.94276123
0.99446659
0.96029612
0.99401523
0.97494716
0.96548578
0.99799059
0.97082446
0.98505668
0.96091183
0.83275723
0.99799372
0.98247699
0.97222250
0.96435641
0.89559973
0.81443895
0.98987147
0.99465723
0.96831499
0.91490503
0.88413983
0.94258439
0.99748395
0.93119964
0.99301087
0.97743227
0.97582258
0.98504693
0.98689817
0.90120083
0.99170912
0.97449522
0.88127394
0.98977419
0.85599707
0.99861237
0.99653031
0.80196750
0.99009097
0.92547132
0.98735042
0.99268705
0.98445081
0.96171512
0.85590865
0.98871393
0.99107545
0.98960402
0.80367167
0.98807389
0.91450899
0.82290103
0.96636738
0.99261836
0.99480740
0.90554180
0.84520377
0.83754882
0.99815786
0.99047316
0.94086348
0.99920861
0.98851499
0.99147010
0.96626742
0.99789046
0.87018946
0.86358878
0.99604716
0.98410012
0.98532951
0.99602036
0.95304199
0.89924804
0.97963820
0.98680569
0.99022378
0.86282157
0.98001247
0.95630628
0.98456077
0.91715778
0.95791639
0.95962614
0.99172760
0.90482078
0.90662970
0.99831972
0.98565826
0.84176549
0.98210017
0.97703588
0.99241852
0.97061849
0.97541462
0.95190303
0.84993683
0.99392139
0.94145169
0.82897266
0.99589489
0.97626033
0.95521596
0.97362635
0.83605631
0.83022514
0.83406894
0.93864138
0.89740232
0.99468341
0.95005756
0.90695168
0.99752117
0.91669035
0.92342564
0.92064024
0.99145245
0.99852890
0.87903942
0.86970474
0.99096446
0.97156272
0.98262689
0.99764810
0.92192418
0.99592267
0.89115927
0.92255299
0.90129768
0.94956242
0.93979184
0.96726405
0.99741692
0.86896479
0.87163708
0.96791239
0.94421045
0.99636947
0.83678676
0.97903518
0.99390897
0.93701610
0.85928861
0.83232912
0.86780196
0.91488624
0.98961395
0.85492858
0.91151028
0.98504276
0.99250953
0.83832433
0.98583587
0.93571532
0.96735909
0.85725243
0.95254546
0.80971190
0.82449347
0.94797227
0.94584030
0.81657675
0.96496853
0.93511634
0.98322183
0.97016703
0.88362500
0.97730761
0.98229685
0.95321223
0.85920283
0.98200977
0.84826342
0.91510002
0.93343279
0.99251480
0.99818381
0.89811744
0.82316948
0.94867800
0.82690142
0.91059556
0.93538893
0.95618748
0.84541503
0.98500269
0.98166192
0.98343578
0.93589705
0.97073892
0.93743690
0.93022454
0.80424475
0.83256128
0.99681548
0.99580476
0.99556468
0.90229552
0.95618617
0.95342543
0.98920833
0.99008927
0.99816923
0.93427596
0.96589588
0.86223408
0.90429370
0.99456525
0.95720288
0.96527929
0.99092213
0.97363356
0.91757214
0.95561316
0.97711353
0.98841828
0.87294133
0.93926019
0.98147297
0.95565076
0.86034764
0.95798090
0.97394458
0.92475583
0.81929119
0.97455294
0.96410711
0.98486693
0.97071466
0.94261317
0.99050666
0.98541161
0.97590261
0.99362729
0.91859737
0.96767071
0.97816493
0.94010367
0.98404918
0.98819329
0.98756166
0.96167163
0.99255523
0.99699527
0.98537698
0.99744913
0.98838791
0.91052468
0.99432702
0.99640182
0.98752005
0.96818469
0.99423018
0.89176819
0.95790826
0.97226627
0.97203313
0.99085718
0.93640009
0.99407280
0.98135228
0.98652020
0.97596089
0.99474013
0.94596184
0.97511206
0.89504807
0.97170721
0.97191358
0.99310318
0.99320452
0.94984037
0.96262108
0.94149577
0.92849482
0.93345691
0.91915838
0.98849055
0.95653281
0.98566385
0.96972417
0.83201629
0.98024656
0.99741443
0.95328819
0.98086787
0.99086269
0.93745315
0.95006406
0.99633622
0.80881840
0.87107993
0.99779415
0.98361230
0.93228218
0.93496647
0.97396210
0.99533663
0.87556742
0.99584457
0.97553179
0.99210501
0.79923623
0.84747953
0.93263616
0.81324302
0.92746208
0.96708559
0.99036055
0.88635158
0.78598460
0.93749284
0.99098710
0.82375917
0.98961356
0.98054034
0.95160672
0.99577906
0.91682095
0.99204012
0.95658781
0.87578163
0.98466842
0.96307767
0.94621607
0.99466534
0.82833554
0.90039932
0.99116676
0.93191969
0.99788884
0.83283848
0.87016309
0.97258867
0.79455177
0.98140824
0.99620612
0.98394935
0.99169564
0.96542197
0.98045540
0.88188508
0.98147606
0.97861433
0.96339546
0.94722414
0.99089580
0.94120054
0.98317334
0.94721984
0.97288891
0.99428724
0.95888479
0.99589379
0.91364076
0.99786620
0.98722290
0.98702405
0.99841885
0.95747260
0.85489494
0.98790869
0.98789183
0.91600037
0.95641985
0.98559884
0.93466183
0.98538226
0.98859507
0.92561570
0.91587424
0.85096298
0.96832223
0.94233048
0.98940369
0.96091773
0.87486487
0.99427853
0.96225596
0.87123915
0.96444556
0.95956039
0.98181871
0.94775523
0.92812082
0.99179774
0.99766402
0.84569335
0.98663639
0.95217841
0.91374932
0.91461000
0.98607054
0.98637902
0.80988654
0.98294500
0.96320204
0.81632794
0.96872239
0.97758982
0.81371814
0.88953086
0.77922486
0.99478621
0.90888308
0.87868206
0.99663392
0.97928949
0.94549351
0.98424029
0.97539462
0.98812311
0.99905609
0.86385738
0.84544164
0.99886616
0.94113163
0.97310885
0.98463872
0.94822908
0.82428854
0.98592626
0.97719420
0.98458817
0.97891340
0.99928957
0.91822085
0.99400594
0.89509192
0.97014356
0.98080230
0.99322294
0.99803247
0.98585567
0.92253500
0.94837700
0.93805187
0.96634260
0.84347347
0.83587631
0.94549598
0.96770899
0.97034592
0.98256340
0.80730381
0.99364576
0.99712646
0.89778449
0.98186731
0.84733501
0.95687531
0.98546172
0.96952063
0.96066837
0.99799153
0.92736702
0.90028121
0.99225310
0.97341984
0.79221899
0.96424382
0.99397378
0.88868347
0.99202695
0.85401663
0.99902468
0.90253888
0.92413986
0.90545732
0.95812048
0.91411406
0.81409156
0.97938748
0.96276638
0.99709247
0.86267485
0.96973052
0.98407263
0.97033334
0.98970695
0.85625190
0.86812418
0.90068771
0.91625414
0.99745516
0.92837069
0.92372375
0.98691340
0.99390041
0.98964450
0.95072158
0.83044641
0.99422456
0.88820781
0.91896241
0.98012899
0.92755927
0.83585738
0.85860662
0.96339476
0.84203938
0.99394361
0.93470723
0.97340428
0.95299515
0.93856820
0.96126018
0.99832754
0.98402575
0.90936395
0.81840041
0.84703783
0.98726493
0.97676287
0.86790165
0.98162101
0.99198647
0.88066701
0.88431032
0.85945368
0.90128866
0.97527817
0.98353746
0.88466985
0.98457668
0.92833699
0.98921265
0.85717385
0.86690971
0.98802068
0.99736144
0.83613629
0.99291380
0.96259403
0.97323806
0.95555569
0.99381102
0.88160343
0.82630961
0.89210591
0.99552060
0.87300359
0.98329542
0.99202895
0.99687491
0.97923111
0.93801448
0.99362461
0.95348789
0.90477668
0.99242765
0.97936248
0.92336874
0.99419632
0.86367101
0.99417165
0.86766209
0.87945361
0.87564525
0.94916080
0.98995900
0.97598141
0.99009550
0.97384607
0.94351239
0.90031883
0.98983418
0.90539035
0.98801761
0.89232337
0.99395057
0.96629561
0.99661323
0.99510102
0.97372698
0.94987593
0.84893837
0.96801473
0.91224660
0.88158274
0.97636377
0.99888262
0.97097132
0.97044703
0.91623842
0.94444111
0.86111874
0.96534866
0.98492754
0.94680536
0.97101769
0.91857275
0.99002395
0.97869824
0.96425482
0.93237386
0.91435346
0.89180775
0.97826635
0.88304189
0.98732511
0.95279371
0.99467672
0.91307024
0.99870072
0.98704352
0.90916683
0.91698500
0.98385484
0.97303024
0.97831560
0.99219833
0.97676944
0.99906398
0.89055149
0.93787543
0.99198591
0.86936482
0.95842375
0.86422892
0.92091578
0.99766343
0.94167228
0.92689406
0.94350022
0.99087474
0.98778770
0.99611574
0.89054611
0.99554563
0.98999239
0.95990541
0.94120794
0.99816372
0.80280934
0.98207768
0.99828704
0.98640245
0.99570056
0.93532437
0.79674551
0.95348327
0.90950402
0.79911051
0.99458317
0.90582724
0.98626934
0.99422890
0.89884697
0.95192733
0.99552043
0.97901304
0.86737810
0.92181739
0.98911682
0.99793127
0.84012110
0.99836042
0.99152048
0.96015299
0.89225401
0.98079594
0.99714974
0.83767339
0.96770355
0.95606485
0.87495707
0.98539816
0.86026326
0.99814588
0.99370090
0.96325208
0.95603371
0.97799130
0.88487711
0.87705780
0.99403820
0.95487562
0.98829351
0.96711917
0.99854378
0.93707270
0.83927266
0.95353286
0.93818423
0.98306804
0.97110028
0.99086306
0.97507279
0.98876526
0.99647000
0.98956812
0.96724288
0.87299237
0.86276257
0.89724331
0.96153215
0.97481674
0.99405078
0.81404794
0.97016052
0.97560244
0.98784756
0.98140731
0.91757422
0.92922231
0.95961521
0.98944355
0.95399308
0.88197744
0.96194273
0.93353748
0.98054187
0.99546358
0.97379638
0.96525813
0.99684741
0.80301819
0.98339598
0.98175001
0.99925520
0.95284925
0.91068154
0.99447306
0.93215291
0.94444664
0.99314154
0.91440394
0.83218062
0.82359849
0.92617137
0.91745321
0.99634102
0.96457415
0.99628109
0.96540714
0.99567497
0.89648834
0.99364729
0.98084371
0.99591220
0.80787379
0.99146715
0.99370440
0.98707812
0.98639526
0.91190101
0.94931547
0.87189576
0.95948202
0.99882212
0.94188548
0.98026286
0.99438454
0.92414597
0.98770884
0.80706624
0.96955176
0.93554835
0.79678997
0.89897810
0.99731963
0.83374133
0.92534221
0.99205729
0.97224799
0.99813233
0.95462774
0.84020146
0.98049982
0.99529064
0.94649299
0.80625638
0.84520187
0.99743951
0.89014356
0.96974302
0.97260057
0.98923154
0.83280218
0.97315500
0.99258793
0.89834606
0.91276899
0.96965549
0.96439478
0.88300359
0.97995105
0.98757590
0.99155013
0.87084434
0.91438099
0.87493640
0.94757529
0.99334741
0.99267531
0.93919708
0.98799980
0.85824503
0.84625805
0.80876898
0.86949129
0.88453098
0.96998259
0.98311145
0.94687914
0.97443304
0.96488076
0.93103407
0.94114641
0.99391019
0.92985573
0.99873328
0.87426554
0.95926392
0.92361991
0.84851417
0.99631187
0.97291676
0.91011043
0.99521855
0.97814342
0.97905918
0.93044653
0.94004560
0.98842223
0.99865354
0.98738713
0.98295627
0.99568393
0.98046302
0.98354278
0.96587887
0.97445061
0.99859614
0.96789325
0.84279627
0.96080201
0.91234920
0.98039153
0.96839435
0.99707352
0.92689265
0.98195203
0.91319522
0.97622374
0.88025388
0.88114470
0.87699007
0.82320196
0.97508187
0.83054305
0.99716205
0.99592262
0.94469007
0.97650460
0.98841409
0.99055247
0.98219687
0.97304642
0.88867627
0.99417997
0.98808902
0.98307705
0.91455351
0.86053179
0.97217916
0.87314650
0.94171107
0.99672607
0.85709589
0.86877058
0.94399282
0.96149340
0.98494882
0.97980360
0.89191696
0.96993094
0.91622968
0.95460348
0.89448783
0.95898028
0.84213325
0.94709292
0.98998671
0.89521023
0.88232544
0.98867098
0.99558055
0.99265952
0.87988912
0.99645504
0.92979928
0.99581259
0.89875901
0.90631484
0.97279243
0.90505969
0.98956497
0.84215882
0.99731204
0.86537064
0.97217235
0.95355944
0.98435882
0.88775397
0.97225594
0.98159502
0.84696589
0.97871244
0.82675426
0.97856109
0.86734312
0.98746750
0.99742544
0.99024816
0.92016506
0.84695414
0.92550324
0.98542323
0.90351638
0.99510717
0.96015479
0.97712957
0.96725626
0.95537289
0.94546985
0.99601044
0.97906099
0.97194689
0.79145304
0.90313269
0.96738267
0.93597241
0.97026903
0.99535531
0.98803429
0.98053119
0.97605298
0.83481371
0.97928747
0.93021983
0.99447007
0.96377702
0.98248555
0.90690098
0.92248736
0.98758734
0.94911801
0.99805152
0.88201314
0.94592483
0.92774678
0.93352607
0.97781531
0.85488927
0.78396499
0.95524118
0.90980295
0.99559092
0.98991454
0.98940029
0.99035183
0.80464692
0.98338398
0.86298582
0.90664649
0.99328125
0.94741388
0.80267943
0.96087449
0.96011910
0.99301359
0.86333290
0.98617349
0.97841978
0.88367746
0.98694499
0.96713324
0.98559474
0.87991112
0.97900737
0.99559617
0.87624338
0.98060822
0.98701524
0.99127502
0.98953866
0.87221248
0.93633921
0.99533840
0.86118157
0.94611084
0.87705296
0.81241729
0.95957369
0.98903184
0.99174233
0.98983690
0.80163872
0.85859050
0.88718691
0.98130624
0.96114231
0.91002246
0.95057224
0.90806352
0.93113069
0.99658327
0.98969150
0.98773357
0.94676205
0.90519493
0.88562917
0.89197856
0.99809129
0.87676353
0.96547131
0.86342028
0.97290321
0.96351128
0.85521311
0.86905283
0.97883727
0.98842273
0.93419540
0.92613079
0.99617484
0.98115588
0.94558624
0.83485071
0.99758983
0.93460677
0.90806034
0.94821194
0.97426346
0.79491662
0.87912777
0.99647575
0.95814375
0.94975687
0.96106596
0.99855813
0.93698738
0.89520403
0.89060619
0.96495986
0.96292591
0.94245081
0.85114079
0.97448386
0.82321678
0.98579234
0.93044811
0.96232669
0.97575903
0.96553096
0.94809167
0.99905701
0.98404414
0.98039517
0.99641200
0.90834053
0.90738353
0.90401302
0.96954444
0.99064889
0.94576589
0.96130186
0.99170201
0.97772845
0.94868558
0.99689238
0.98900736
0.87838558
0.88196426
0.84697133
0.96192622
0.84213902
0.99548131
0.82591031
0.92391089
0.94212780
0.99776483
0.98325308
0.95595420
0.99762076
0.94438745
0.95065221
0.99903318
0.99101964
0.94023246
0.88594537
0.89099290
0.99144529
0.97520444
0.83526969
0.98284637
0.88074296
0.99955365
0.99635991
0.99407870
0.99537776
0.97514489
0.97987153
0.99329063
0.99764806
0.85643405
0.99522526
0.98293627
0.98716406
0.99886514
0.92787004
0.94238305
0.92841603
0.98833805
0.95353556
0.85279709
0.91940212
0.83466716
0.99243252
0.90281989
0.98632914
0.99114661
0.99056221
0.99688523
0.93725135
0.88694395
0.93155749
0.87027642
0.96780074
0.91234229
0.91639299
0.82424843
0.80610628
0.97984418
0.91738497
0.81988966
0.95467854
0.91359072
0.98812385
0.98577181
0.97405258
0.99824994
0.85645902
0.95997443
0.96921185
0.90919437
0.88574787
0.98311038
0.96190697
0.90342333
0.99869649
0.91430846
0.99476036
0.88480576
0.92290019
0.85170796
0.99693190
0.99540042
0.93651231
0.99354603
0.98349087
0.88880415
0.99588272
0.99929764
0.97461547
0.96344441
0.94461615
0.94591902
0.99151523
0.98889456
0.82229888
0.97275726
0.99157952
0.98576992
0.99296721
0.99652220
0.99449379
0.96406570
0.94789573
0.99779118
0.89516701
0.83183927
0.99187512
0.98070984
0.99851751
0.97547992
0.98659169
0.99546286
0.95386741
0.99627580
0.99345721
0.95433128
0.85762505
0.99744742
0.96191650
0.92832554
0.99680029
0.99666388
0.96485144
0.99688288
0.82386048
0.90019682
0.97934864
0.81038783
0.98161297
0.86867550
0.98586826
0.99272116
0.99405115
0.99586587
0.96873632
0.98684603
0.99500717
0.82139816
0.95939210
0.79792538
0.99666744
0.82492315
0.94905367
0.99492454
0.82158986
0.95898571
0.98088912
0.96650388
0.97743489
0.99190977
0.99490051
0.88379499
0.93392914
0.94809216
0.98542542
0.85837867
0.83393140
0.95381543
0.86551540
0.96779818
0.98816303
0.97110763
0.93679453
0.97801408
0.99349382
0.90169615
0.99344414
0.87924814
0.90364690
0.99679921
0.98347316
0.92528290
0.98502958
0.99638317
0.98373922
0.96824850
0.93477322
0.99540050
0.98119220
0.99718490
0.99394182
0.98746869
0.81840295
0.83751019
0.98545392
0.91319064
0.91939946
0.95460404
0.83941520
0.81466441
0.95105366
0.93267562
0.97134234
0.93174706
0.94638060
0.94107353
0.99675870
0.91679686
0.96302986
0.94963968
0.99176862
0.91161247
0.99532866
0.95651958
0.98630523
0.96934077
0.88343852
0.92931575
0.95066735
0.98633103
0.99156667
0.94477965
0.98039860
0.93390578
0.91713594
0.92960292
0.82440307
0.86204408
0.99066429
0.85941806
0.99006375
0.99269926
0.97077632
0.99095217
0.98589871
0.96759259
0.81459516
0.99662040
0.95049031
0.99833767
0.97219925
0.90772428
0.99978417
0.91164392
0.97381791
0.91366420
0.91327647
0.99736498
0.80739465
0.99172389
0.84033190
0.99803423
0.89923289
0.99082816
0.91001171
0.97067471
0.95684836
0.89408455
0.80167496
0.82541370
0.98276978
0.98416304
0.85929103
0.99797046
0.99608702
0.89019282
0.86226006
0.99771092
0.98481676
0.97756249
0.86114670
0.95516838
0.98493592
0.86316022
0.80870140
0.84263560
0.92068064
0.97831757
0.97368689
0.87264136
0.83033586
0.96233520
0.92786795
0.98968295
0.93166749
0.90174367
0.97147226
0.91254437
0.88422159
0.94946357
0.99441838
0.98664177
0.91540346
0.84368230
0.90360622
0.93852600
0.99234841
0.81535284
0.90523811
0.87293136
0.97736132
0.99512318
0.88954302
0.99505007
0.81383136
0.99312597
0.97776807
0.81874584
0.99420622
0.99405919
0.92677612
0.96220524
0.98998112
0.98775581
0.99222223
0.94397485
0.93781406
0.97288076
0.99244180
0.88490363
0.96023273
0.88245533
0.99569676
0.95218056
0.96966131
0.88479161
0.99201777
0.99520665
0.97720020
0.99827997
0.97962316
0.80682684
0.99699529
0.98978282
0.97719059
0.97403457
0.95182228
0.95820722
0.99078917
0.98221599
0.97602145
0.99590475
0.97032944
0.96651658
0.97001647
0.99677404
0.89956325
0.94845927
0.92487797
0.98303832
0.93288233
0.99725262
0.98361601
0.95076736
0.89401258
0.99751317
0.93057859
0.93140385
0.98227194
0.81819841
0.99388907
0.99476784
0.99744399
0.93120376
0.89353563
0.84726800
0.84601353
0.92402505
0.85342464
0.91829586
0.92268891
0.99236560
0.81062861
0.97551364
0.97882942
0.91221955
0.96648318
0.98992841
0.82618926
0.96738585
0.93223158
0.97956105
0.86545289
0.95251998
0.99662881
0.99242877
0.99238400
0.99496129
0.97253184
0.87819113
0.79366726
0.91029442
0.82995817
0.98505030
0.89723659
0.97829434
0.93683570
0.97398417
0.98992758
0.93524179
0.99530188
0.98242406
0.98879126
0.98812562
0.81055107
0.98042887
0.97391478
0.98955868
0.97913578
0.86759406
0.83988602
0.98571766
0.82798429
0.92234415
0.98616007
0.87073395
0.95636314
0.97502881
0.97902195
0.85283503
0.86691681
0.99492413
0.99776938
0.83573246
0.86536222
0.90611246
0.98062492
0.94830653
0.97465360
0.99414285
0.79958540
0.92737267
0.99438276
0.98296305
0.99072772
0.96743377
0.99493531
0.99893231
0.94792441
0.97360648
0.97052832
0.99366765
0.94647593
0.94025210
0.98916866
0.82174158
0.97534955
0.99815534
0.93077198
0.86686887
0.99384255
0.98215789
0.87058832
0.99305547
0.94504186
0.85260424
0.99346898
0.79979068
0.91685853
0.89070940
0.96433870
0.97890587
0.81572773
0.99461404
0.96940522
0.84743772
0.97340859
0.83461983
0.81920486
0.99824007
0.99937264
0.99314465
0.98861432
0.94326256
0.95848592
0.90344125
0.99840583
0.94562070
0.84990641
0.81403402
0.83363530
0.98599670
0.98889984
0.97448236
0.91483208
0.98252052
0.99521550
0.97178076
0.84770998
0.99968096
0.98996688
0.98308633
0.96830449
0.98606041
0.99174065
0.98165693
0.98536284
0.99619194
0.98500616
0.98425658
0.99779536
0.92567928
0.83665662
0.83990076
0.90442941
0.99665786
0.99771129
0.99175304
0.89528581
0.93902303
0.80914551
0.99658998
0.99060329
0.96118800
0.99018016
0.91494566
0.91620780
0.93784890
0.93345983
0.99853291
0.93925805
0.88787311
0.86722753
0.96073374
0.98603920
0.98526354
0.99820750
0.96842029
0.96579910
0.98728466
0.96624095
0.99091079
0.97661666
0.97348919
0.97985032
0.99503940
0.96747328
0.85318375
0.98964327
0.98291267
0.95854513
0.98631168
0.90551863
0.82285486
0.99719310
0.98961925
0.99202955
0.79501489
0.80704382
0.97805315
0.97521316
0.97430479
0.96533113
0.93020508
0.97996076
0.95382903
0.99650378
0.91050402
0.98096871
0.99135797
0.99560162
0.91134924
0.90307866
0.94567959
0.99617820
0.88220926
0.90978858
0.96114662
0.82922007
0.98073394
0.95743512
0.87715512
0.99749835
0.91672316
0.94769835
0.88655680
0.98978002
0.94986134
0.93092823
0.83818571
0.93578039
0.99036880
0.85090318
0.99734610
0.96871901
0.99708290
0.94234787
0.98967370
0.99113849
0.98166349
0.97683768
0.98730451
0.94918003
0.90520974
0.83992056
0.94357046
0.94892955
0.99445440
0.91999131
0.99866664
0.91613981
0.83248142
0.87264700
0.90718636
0.98860103
0.99547102
0.99401204
0.88793151
0.99160139
0.99417379
0.84357249
0.96967517
0.99952787
0.86540411
0.97773846
0.95465216
0.98042455
0.98655087
0.99385402
0.96019234
0.90119406
0.87695244
0.99972056
0.98621748
0.98191615
0.99718158
0.88673291
0.99354555
0.91357474
0.99493534
0.99445836
0.99937204
0.99490802
0.99706438
0.89942790
0.96143860
0.97585688
0.99774909
0.99408734
0.96824801
0.99042677
0.98629318
0.98916634
0.97402511
0.98766881
0.96607719
0.97178892
0.94981036
0.90858735
0.93049683
0.97446449
0.99788302
0.99924448
0.99095784
0.98352951
0.94296548
0.95952973
0.98144505
0.79892856
0.87747147
0.99553297
0.96373501
0.90149308
0.84148009
0.97689801
0.88101017
0.97141654
0.99048255
0.91235250
0.85520853
0.94002905
0.99260513
0.99206570
0.93934057
0.95405954
0.99677779
0.98762677
0.81555139
0.91612367
0.94631979
0.99780210
0.97558887
0.98550157
0.98724638
0.98795015
0.81608866
0.85144364
0.92990938
0.89737369
0.95752888
0.95965881
0.99262669
0.99373108
0.93174458
0.96253597
0.82225409
0.99134604
0.97513466
0.80456647
0.97402177
0.99831799
0.82242626
0.97328953
0.83717957
0.94340473
0.99749569
0.99119132
0.99794400
0.89776981
0.96382918
0.98793226
0.97921524
0.96745698
0.80467755
0.99239037
0.94543162
0.97038389
0.99901370
0.86557842
0.95074043
0.93423068
0.98737778
0.94643347
0.86646265
0.91740630
0.96483884
0.87298553
0.99706442
0.98227715
0.92341774
0.83558446
0.99675051
0.89549564
0.90104189
0.95924484
0.90422244
0.95331763
0.99713945
0.85549911
0.96586034
0.99237450
0.87774253
0.98416372
0.92237583
0.99346241
0.99428015
0.91216846
0.99220078
0.98656477
0.99398901
0.96207694
0.88022126
0.89641659
0.99636272
0.99479193
0.92695629
0.95967381
0.88167421
0.98763680
0.91529226
0.93039288
0.89516407
0.99460919
0.91021743
0.93951151
0.99014599
0.90024332
0.98647050
0.95268911
0.87717086
0.91218219
0.92283661
0.97375594
0.93785478
0.98914202
0.90081195
0.95475773
0.83489668
0.99482246
0.97806332
0.97594459
0.89131636
0.98895122
0.98714702
0.96126618
0.99040321
0.94900337
0.91906071
0.99216086
0.89758626
0.91740978
0.94387560
0.99128890
0.98288340
0.86270177
0.99481991
0.96538198
0.91993184
0.84737974
0.99454020
0.87599520
0.96858065
0.84014252
0.99560727
0.98139595
0.98858002
0.98662114
0.99740040
0.98009955
0.93096951
0.97529851
0.99249086
0.81889892
0.95433675
0.99488591
0.95131726
0.98474030
0.97749517
0.87493680
0.99735432
0.96379266
0.94156861
0.97554381
0.99364733
0.99552263
0.99884031
0.98423676
0.99732151
0.98164691
0.97518581
0.92689320
0.94448068
0.89945422
0.98318280
0.98060822
0.82380606
0.95550155
0.99179453
0.82525973
0.99944515
0.99247110
0.95248745
0.98374268
0.94736212
0.85279754
0.96410386
0.93462758
0.96265359
0.96297474
0.88601508
0.86089432
0.95789426
0.87553836
0.99238421
0.99660543
0.87199902
0.91552972
0.99719372
0.88834229
0.96113780
0.94710132
0.83640974
0.99457846
0.97402583
0.96913589
0.96700909
0.85593022
0.99783626
0.95631418
0.98362126
0.99694917
0.98988572
0.86810103
0.95359478
0.99174786
0.99682799
0.98276469
0.83751755
0.99426372
0.88042349
0.83887316
0.90268065
0.99632423
0.97306658
0.97114430
0.98674192
0.93185489
0.99782979
0.95079770
0.98836693
0.96137261
0.83825297
0.90756444
0.89753872
0.90746735
0.97870568
0.99076696
0.99709845
0.96637962
0.94575643
0.90693186
0.95672797
0.99815800
0.97618134
0.99519029
0.90482368
0.89295442
0.99365746
0.99098399
0.98406452
0.97199933
0.94752849
0.89342492
0.89702919
0.99824394
0.97178561
0.96971945
0.87558706
0.93872770
0.97605564
0.99832245
0.99829119
0.99450769
0.90699086
0.92331476
0.95039052
0.99751771
0.97851895
0.80773737
0.92280804
0.96258993
0.83175006
0.82555519
0.99766188
0.99678395
0.86896375
0.94697735
0.99515155
0.99203359
0.98772841
0.97392848
0.97235864
0.91935082
0.89733170
0.93711449
0.86388602
0.89719101
0.96225766
0.85441827
0.99846094
0.99172454
0.92086658
0.96127868
0.97021910
0.86346665
0.94950388
0.94365684
0.98388704
0.98805105
0.97296816
0.98927029
0.98555124
0.99288481
0.99826992
0.99439746
0.93923172
0.98561963
0.99536621
0.99000074
0.87955783
0.99677725
0.98900641
0.99384647
0.97952265
0.97642881
0.99770603
0.99414629
0.87530210
0.80330081
0.94617875
0.95401087
0.81386959
0.97408591
0.98207840
0.97914024
0.96152776
0.82443838
0.88078171
0.99883588
0.92657502
0.90829099
0.87750564
0.97835864
0.95962060
0.98257951
0.96395648
0.99028887
0.94348038
0.99053662
0.96460302
0.96057474
0.97464292
0.98685448
0.89840755
0.81853386
0.97832640
0.93996507
0.99765941
0.95985320
0.99492491
0.98097860
0.98111000
0.95651103
0.99875491
0.99924382
0.93818699
0.89681031
0.93155404
0.99050224
0.86132134
0.98564248
0.93381919
0.98436762
0.90671614
0.95039445
0.99218926
0.99538523
0.84961080
0.99184467
0.85133939
0.85812427
0.84561482
0.99674464
0.86534008
0.94616276
0.96447791
0.99960187
0.90168925
0.84347016
0.98468232
0.99868339
0.99855657
0.95415090
0.98617364
0.94340249
0.99311170
0.94176456
0.81701785
0.97965123
0.98784822
0.96848028
0.90517871
0.99247583
0.96166690
0.99813410
0.97134668
0.98575650
0.93261873
0.96937360
0.92290185
0.98266268
0.98859431
0.88263199
0.96757353
0.96598475
0.99240024
0.96628624
0.91951488
0.91313401
0.99416498
0.85803479
0.97852819
0.92274714
0.93657051
0.99696502
0.99591438
0.99580855
0.91166709
0.93850494
0.97745404
0.94553674
0.96010300
0.93012652
0.96734526
0.96583183
0.98733173
0.96425317
0.93524494
0.86837132
0.98199496
0.95381398
0.98908358
0.99318741
0.99703424
0.92800106
0.88728121
0.98668269
0.85193559
0.95162713
0.80670330
0.99707238
0.85175927
0.83310815
0.99811328
0.99143830
0.95648597
0.94715694
0.99114493
0.98431307
0.95199776
0.99664152
0.93471819
0.97723510
0.94087475
0.99530553
0.91152312
0.94251827
0.95392870
0.99539860
0.86122009
0.98329159
0.83045584
0.92075017
0.95728820
0.99262271
0.99452319
0.95825861
0.91367201
0.99143400
0.86636015
0.99485786
0.99488697
0.95200470
0.88858975
0.97914890
0.82369695
0.99264474
0.87606287
0.95957069
0.99033413
0.99314264
0.96568053
0.83491354
0.98451070
0.99021144
0.96363877
0.98303686
0.91861852
0.96126452
0.98176229
0.96144276
0.88320958
0.98478474
0.98391530
0.96413914
0.87856026
0.98605360
0.80617257
0.95442702
0.94837997
0.91183356
0.83153168
0.90801414
0.98538170
0.99699712
0.96907271
0.99740814
0.86753662
0.91897953
0.88740605
0.98867431
0.98533874
0.99094670
0.87572629
0.99563140
0.99806607
0.88182162
0.98970716
0.97577197
0.97946318
0.85093787
0.92640428
0.99564966
0.87139952
0.84728183
0.83218496
0.98532378
0.86785373
0.99368535
0.98223885
0.95393536
0.97722243
0.95515078
0.88820306
0.96271218
0.98259123
0.93455509
0.99445523
0.99161078
0.97076636
0.98591320
0.94100951
0.95375922
0.84069389
0.87778858
0.98062839
0.93951577
0.97147912
0.99253142
0.86646412
0.82557347
0.97323006
0.96999753
0.99725128
0.99631984
0.91984170
0.99519757
0.95226347
0.98622410
0.84736007
0.99101751
0.99432559
0.93669370
0.95156830
0.88916227
0.98715518
0.96699348
0.99277932
0.98381068
0.93902677
0.99871939
0.89880073
0.93555820
0.99552640
0.95018632
0.99565201
0.89104550
0.88668238
0.98465493
0.83827024
0.86470951
0.81997339
0.99175127
0.94232523
0.97397817
0.98145292
0.98412848
0.96807498
0.85937614
0.81661696
0.99793288
0.99602021
0.96032981
0.81223043
0.92732034
0.93531586
0.93210949
0.96110928
0.94172404
0.91726716
0.98207569
0.90809534
0.94126097
0.99725926
0.95688367
0.98465602
0.96731992
0.95420459
0.95863597
0.85223780
0.94087396
0.99253666
0.96998070
0.99448630
0.99262669
0.96480180
0.94236172
0.96936336
0.98498202
0.94413232
0.84031474
0.98705811
0.98776784
0.96347784
0.99715774
0.98665610
0.99575710
0.92178931
0.99916745
0.96477213
0.98877953
0.88330284
0.87995210
0.98595910
0.84627710
0.98955311
0.85958891
0.99437232
0.79963292
0.93647718
0.84605250
0.98281618
0.96947679
0.83201410
0.99495795
0.99613045
0.94018182
0.89134969
0.95693015
0.92473300
0.94979173
0.92473814
0.98448542
0.97322220
0.98240785
0.85733836
0.88209470
0.98488978
0.98926168
0.92538640
0.98678306
0.89123341
0.96735703
0.96411288
0.97507474
0.98423834
0.99747144
0.90674046
0.94685894
0.85360466
0.98233954
0.89038461
0.99809589
0.99880704
0.99560390
0.97986461
0.98742378
0.81267080
0.88628200
0.98307176
0.85211886
0.95759936
0.85921090
0.99636600
0.98149354
0.78308780
0.99676107
0.99151388
0.89270901
0.98175617
0.80332693
0.96117753
0.99099736
0.98075157
0.97712964
0.95449229
0.97401359
0.98586161
0.98015746
0.96210244
0.96091648
0.99416418
0.99058674
0.86863590
0.83451737
0.80757509
0.99724618
0.95965736
0.92727508
0.99732946
0.84712926
0.91352652
0.98500061
0.99725120
0.99411030
0.94237760
0.99201133
0.93756091
0.91528074
0.86230852
0.96102184
0.99562360
0.86738328
0.99813462
0.95709325
0.98879546
0.91250057
0.87818668
0.99404031
0.82468780
0.99029852
0.86658226
0.99760856
0.94634143
0.98849178
0.99833837
0.99444418
0.85042607
0.95082270
0.97962499
0.98584852
0.87077485
0.89749469
0.99584018
0.98518214
0.90100377
0.87341955
0.99850112
0.93145418
0.96079379
0.88931480
0.99642349
0.95502504
0.97695372
0.99053158
0.89982357
0.95924710
0.98161056
0.99366012
0.91179309
0.95537093
0.84165937
0.89684293
0.85835004
0.96084720
0.80582053
0.99173349
0.86595643
0.99244329
0.91471536
0.99649157
0.86168408
0.97882605
0.94021258
0.99092101
0.99340896
0.84528776
0.98751515
0.91334186
0.98701980
0.81971018
0.99798834
0.96075081
0.99697133
0.87852841
0.92818229
0.93883645
0.89824623
0.90978234
0.92636417
0.95316271
0.98805861
0.91399988
0.93673690
0.99310274
0.93276150
0.98475066
0.98911855
0.94353467
0.98592241
0.98893637
0.98019854
0.99949435
0.98590823
0.95409301
0.95920699
0.95476669
0.98570759
0.88359817
0.91088681
0.88955433
0.88531069
0.99333676
0.88829207
0.96659462
0.91550694
0.95602688
0.93272645
0.98946284
0.93862496
0.98695084
0.87871196
0.97365271
0.82630592
0.99051330
0.92700793
0.99909756
0.96625913
0.85322348
0.98182575
0.98281412
0.95379180
0.96696103
0.99375206
0.92940061
0.96006605
0.94160793
0.97787031
0.94386610
0.82486057
0.98293369
0.83035088
0.80279386
0.96005290
0.96698595
0.98354880
0.98569212
0.90046529
0.97950029
0.95095254
0.99001325
0.98775653
0.94076874
0.99404693
0.99854145
0.91929569
0.99046723
0.98000081
0.85380434
0.98872284
0.99677289
0.92330311
0.98615654
0.97401007
0.99203918
0.98892802
0.85415970
0.96192506
0.97566150
0.99396654
0.98605322
0.96418794
0.80465521
0.93995626
0.99304265
0.97177035
0.96343657
0.99572075
0.97461577
0.80009533
0.93298033
0.99915322
0.84967258
0.88759199
0.87610313
0.80332977
0.96619867
0.97457706
0.99029418
0.83746952
0.90142751
0.99202710
0.98591679
0.98650900
0.98059856
0.99401699
0.99807914
0.99128828
0.92330103
0.99175334
0.98266942
0.97048843
0.94470845
0.88191159
0.90640266
0.99819187
0.99413699
0.91017630
0.99301838
0.96333445
0.97387281
0.84371403
0.98098652
0.98959777
0.98589028
0.99348622
0.97949384
0.89927534
0.86087047
0.96236227
0.93152490
0.99835146
0.87516843
0.87045636
0.85023118
0.99592600
0.99213445
0.82295437
0.95633013
0.98184721
0.99149236
0.91002455
0.99747264
0.81282823
0.97433266
0.98743981
0.99598859
0.99249455
0.96700191
0.93087719
0.98866268
0.98774049
0.96345290
0.99474258
0.98786258
0.93630527
0.93973158
0.98713136
0.85050402
0.93053574
0.97252008
0.98692141
0.92041909
0.99325074
0.92989578
0.90055070
0.96199978
0.99334299
0.90577145
0.96719259
0.98039707
0.90151323
0.94453080
0.96231595
0.99630737
0.81827689
0.84556130
0.99527987
0.93016831
0.96809616
0.86083354
0.96418341
0.99442814
0.97929491
0.98507589
0.91894966
0.99415275
0.97234674
0.99339165
0.99104590
0.99550131
0.92195289
0.98664029
0.93386323
0.87130826
0.98975988
0.91907892
0.97721763
0.99113768
0.97010585
0.99769841
0.99052266
0.88198691
0.96232595
0.94085882
0.97349590
0.95319276
0.96025236
0.98766245
0.95284220
0.85139818
0.95996002
0.90695901
0.99650615
0.93510862
0.82469092
0.91056290
0.99195264
0.87273311
0.94439206
0.99109649
0.98462350
0.96365496
0.88713623
0.98901260
0.97356341
0.98682052
0.96448162
0.95903606
0.98354421
0.91725454
0.86375126
0.98922960
0.97472272
0.97015683
0.97631901
0.99756005
0.98629918
0.99169853
0.93640995
0.92196554
0.98630706
0.97670809
0.99830151
0.98996016
0.95318151
0.99839193
0.93764742
0.99003314
0.90100219
0.94356666
0.97182247
0.99425043
0.80325251
0.97082820
0.91386502
0.99559157
0.83508566
0.87099480
0.95500054
0.99176378
0.99280298
0.99353708
0.98519080
0.84433641
0.97931316
0.97935261
0.97641283
0.93378111
0.90905165
0.96315521
0.96982503
0.82493047
0.91179109
0.99631808
0.84531165
0.95660873
0.99790826
0.90328945
0.94875183
0.95692495
0.85118965
0.91361485
0.97237488
0.92785464
0.79246641
0.98943488
0.96552000
0.97106098
0.96564972
0.82824803
0.92013342
0.99783060
0.80207435
0.92723191
0.91017420
0.87451662
0.99193617
0.94498377
0.99557403
0.99577955
0.98455310
0.97423625
0.97115437
0.91157069
0.91343643
0.82172864
0.99166778
0.99675422
0.99129461
0.96288707
0.99771793
0.93811051
0.93403299
0.99369853
0.92885126
0.96569925
0.91598039
0.95986249
0.92545556
0.81672340
0.95988525
0.84201190
0.89233850
0.98987448
0.99411691
0.93153788
0.94224240
0.97399221
0.99250178
0.86912123
0.80404476
0.93651020
0.98716011
0.89617131
0.91091498
0.89861163
0.91608956
0.99378461
0.97617337
0.85319787
0.99604805
0.92942573
0.98430936
0.99605990
0.93676511
0.98418774
0.81503511
0.91425279
0.99076103
0.96480085
0.97545985
0.88471922
0.98596712
0.99439290
0.95740279
0.96556507
0.93719665
0.99803074
0.98859053
0.89740386
0.97408624
0.98639356
0.95637575
0.97288613
0.95895562
0.99903486
0.84567345
0.99221759
0.96275434
0.99417658
0.88424507
0.94648552
0.81796255
0.96983037
0.97784889
0.97724174
0.97036062
0.86748513
0.94071831
0.97572804
0.98555239
0.96525173
0.94975919
0.98823982
0.93547274
0.86222863
0.96410377
0.97073217
0.94562355
0.88917538
0.91492087
0.99780381
0.98923729
0.94701168
0.87112865
0.85666043
0.99448837
0.99545550
0.98253303
0.99626542
0.99710622
0.99313372
0.93959259
0.86345693
0.97517805
0.85513055
0.99702549
0.99388869
0.99778426
0.99789786
0.94622979
0.87432691
0.98714026
0.99876386
0.94745426
0.99364917
0.95011451
0.87509795
0.98757715
0.94375573
0.98994310
0.98695874
0.98140783
0.81722087
0.91132617
0.80070204
0.82144161
0.97518458
0.85797626
0.99603028
0.99845582
0.98220753
0.96287358
0.99846715
0.85096929
0.93580522
0.96078509
0.97496639
0.94715153
0.86052344
0.99901983
0.98586821
0.88009454
0.95640143
0.80466778
0.94966141
0.87873388
0.82619618
0.98335127
0.98108304
0.99225550
0.98474550
0.84016887
0.89661441
0.99417611
0.96586367
0.98992201
0.97079642
0.81659404
0.98189570
0.99408341
0.97498390
0.88423273
0.96443584
0.92534822
0.83498209
0.97259336
0.86525284
0.99084744
0.98455637
0.99674888
0.92246651
0.95459992
0.98565362
0.99359516
0.99569122
0.91528533
0.99248655
0.86416340
0.97400257
0.96246958
0.97391834
0.99841946
0.94992883
0.89200907
0.98264797
0.92140473
0.96063747
0.94925623
0.95411700
0.92831407
0.95780152
0.98710884
0.94455504
0.99503326
0.86010742
0.96684383
0.99565352
0.97837074
0.98803298
0.86962289
0.84059510
0.99020855
0.88895532
0.92514259
0.99434396
0.99239569
0.99374605
0.97547753
0.96440661
0.90305361
0.99161263
0.97118243
0.83711995
0.97915881
0.99379950
0.99069026
0.97506657
0.99382154
0.97109245
0.99177440
0.95071564
0.98396988
0.99620300
0.98525544
0.99700268
0.80147490
0.91708870
0.98925430
0.93862382
0.99017147
0.99333865
0.99506124
0.98675428
0.98122522
0.88785756
0.89727799
0.99720485
0.85562190
0.98437260
0.82934869
0.93186464
0.99176019
0.85679180
0.98703097
0.98314886
0.83389223
0.98354423
0.96502786
0.99121171
0.84691257
0.86057336
0.99012094
0.94348891
0.98985864
0.95718834
0.99673106
0.85198596
0.89240668
0.99743834
0.99129073
0.98095811
0.92786161
0.99259479
0.99310192
0.84113025
0.99645963
0.95555415
0.80488162
0.91461442
0.94541388
0.98010636
0.96114625
0.98855685
0.96734910
0.99849347
0.96446908
0.82729898
0.99645580
0.93569711
0.97943238
0.96890868
0.88152670
0.85502960
0.98139861
0.88418434
0.98576208
0.87487954
0.84121999
0.97186603
0.97141806
0.92574876
0.99245549
0.79766911
0.97911298
0.98297129
0.88798807
0.99605852
0.96406769
0.84790867
0.82346985
0.99012354
0.99118691
0.99035757
0.94239768
0.93267310
0.98085786
0.98025813
0.98536938
0.93389525
0.97733311
0.98563302
0.92218599
0.99383100
0.96590873
0.99639911
0.96383494
0.96849668
0.91660438
0.86614278
0.98112904
0.82225015
0.98178501
0.85877981
0.85562863
0.95470450
0.97831974
0.99807407
0.98590027
0.85685003
0.97178661
0.99082714
0.92049407
0.91488047
0.98581348
0.99353701
0.81421319
0.99798533
0.99565475
0.99664372
0.96400380
0.98818021
0.99077384
0.86180699
0.90107284
0.99691153
0.94563678
0.96977169
0.95225024
0.98536234
0.99512385
0.97546744
0.97292887
0.90497152
0.93603038
0.96940638
0.95657038
0.84222427
0.89417874
0.98399496
0.97160194
0.95179557
0.97828325
0.99888969
0.80258373
0.99714237
0.98811892
0.87654224
0.96679223
0.88519025
0.99673527
0.80815897
0.99344536
0.85999408
0.94656617
0.99376648
0.95577217
0.99293637
0.97463409
0.99648971
0.99432163
0.97856152
0.93481670
0.97704821
0.98984828
0.85708229
0.96561988
0.99785608
0.99093281
0.83841815
0.99593141
0.91135869
0.85599442
0.98735266
0.96266079
0.91590885
0.98554954
0.95736268
0.86122703
0.94064322
0.93315618
0.98841183
0.86919464
0.81659469
0.98132459
0.98238616
0.98448153
0.89496523
0.97767049
0.95362730
0.97413673
0.90391871
0.91476705
0.98960848
0.98476904
0.95555075
0.96840982
0.99444888
0.97537645
0.93814372
0.98998971
0.79701255
0.94433785
0.94561644
0.99245804
0.94425251
0.85614768
0.98876664
0.95095537
0.97640688
0.99565234
0.92485701
0.95163323
0.99787505
0.96396632
0.99276870
0.80260247
0.94881840
0.99896396
0.94557473
0.96764786
0.97818105
0.99164131
0.82808720
0.98205911
0.95124728
0.89566757
0.81246409
0.93495028
0.99521880
0.98941205
0.99827559
0.87115115
0.97154258
0.99199810
0.85653957
0.81871304
0.92501333
0.92420278
0.96105895
0.97182272
0.96424068
0.94256996
0.98981217
0.98154361
0.93053931
0.93500489
0.99649465
0.97991345
0.98998811
0.94001568
0.98983349
0.93512702
0.88372791
0.98039100
0.98201646
0.98135848
0.94447116
0.79375905
0.98737686
0.99800250
0.94464709
0.99584633
0.92501687
0.80821830
0.98105659
0.97639306
0.99476488
0.99595777
0.88137891
0.99331572
0.99528126
0.98063613
0.84715295
0.98704208
0.96574972
0.98358968
0.99404258
0.99198837
0.81868329
0.97066149
0.98817264
0.95008972
0.87377032
0.98805045
0.99648075
0.97468494
0.98550912
0.99726845
0.93697273
0.98409622
0.99121066
0.97334545
0.98866155
0.97980495
0.83076892
0.99622874
0.83500930
0.93112395
0.85702324
0.94142647
0.87643133
0.87747567
0.97642213
0.99104213
0.98536401
0.92044163
0.99500739
0.99445447
0.98653637
0.99310932
0.98655993
0.99491338
0.98514292
0.99738497
0.98810228
0.97665644
0.99693975
0.97388709
0.98884628
0.98859272
0.99456067
0.87764433
0.96298364
0.99222074
0.92050582
0.99661046
0.95446728
0.96823304
0.97325534
0.96704819
0.92533266
0.90972946
0.99048539
0.93001126
0.93405656
0.95503276
0.88903859
0.97569228
0.99666205
0.98292694
0.96442586
0.99657495
0.89282632
0.87176659
0.98696536
0.90188400
0.99073569
0.97887730
0.96940804
0.97083356
0.96461897
0.82217842
0.98045435
0.99810991
0.98685692
0.98824135
0.91531021
0.93173036
0.99505023
0.96105747
0.99823982
0.96417905
0.80512122
0.98657789
0.98433243
0.98461486
0.97979528
0.95705736
0.90923639
0.99768266
0.99595621
0.83996145
0.98059369
0.98508702
0.99673408
0.84540629
0.95147010
0.98118898
0.96889726
0.84783647
0.99453592
0.90819589
0.96493053
0.80931939
0.99202722
0.99761573
0.82306567
0.98128734
0.98973590
0.89807368
0.99427210
0.81170361
0.97860455
0.99105651
0.98470485
0.99195041
0.96086497
0.94842734
0.97877911
0.95973276
0.98270289
0.95444431
0.98567956
0.99072054
0.95459321
0.98432608
0.95823837
0.98732272
0.97312903
0.99531831
0.82748118
0.88715669
0.97362333
0.97695922
0.99219150
0.87698834
0.87617566
0.97531305
0.84019161
0.99435305
0.92491309
0.87690588
0.99780905
0.96153600
0.98823584
0.99581806
0.91701758
0.95293264
0.98555260
0.92911018
0.96206982
0.97581026
0.87753601
0.88096404
0.93783405
0.99081903
0.95453269
0.94790883
0.94380952
0.95826538
0.98991126
0.97226852
0.97416119
0.90578601
0.99459329
0.99415534
0.92525903
0.91765478
0.90244629
0.99247638
0.82383941
0.89598840
0.93215189
0.92268780
0.87674731
0.98741438
0.85733382
0.98239595
0.99509928
0.96477846
0.98405257
0.99076786
0.94317549
0.95663019
0.99304743
0.92441301
0.96917490
0.82850413
0.98191556
0.88292525
0.86681158
0.96368292
0.98229860
0.98909437
0.99898482
0.86757255
0.99881134
0.98989944
0.86244013
0.93255253
0.99555456
0.99126123
0.95342559
0.99798366
0.97918630
0.97881395
0.84037594
0.86846080
0.98892403
0.92187327
0.94504847
0.92209205
0.98379557
0.99707591
0.81718343
0.99187022
0.98792823
0.85493333
0.82328649
0.99531900
0.86936458
0.92003508
0.88379233
0.86013799
0.99910302
0.91732678
0.98715347
0.90560363
0.86982435
0.95730509
0.97084362
0.97067778
0.89401723
0.97061044
0.99757621
0.96412913
0.97085499
0.97754887
0.92402636
0.89013408
0.98490494
0.88095057
0.84694825
0.81084286
0.92065160
0.98320523
0.89986118
0.99160422
0.95434205
0.99739319
0.96431899
0.94158273
0.97751754
0.99483145
0.82201349
0.97624951
0.90439898
0.94599291
0.85465585
0.99339528
0.97703801
0.95720048
0.97956791
0.99500099
0.96179092
0.99160820
0.91167459
0.97673583
0.93557450
0.85657089
0.99504027
0.83163382
0.97852150
0.99711589
0.95370596
0.96236237
0.98014623
0.79216195
0.99459481
0.98725262
0.98129581
0.82839129
0.98205081
0.95934010
0.86507444
0.97273608
0.99547974
0.98942635
0.99146321
0.94680409
0.99585207
0.99277582
0.91183071
0.97231551
0.99491518
0.98347305
0.98740957
0.98983558
0.99162810
0.87524920
0.99522173
0.95315929
0.85605780
0.99413970
0.99435493
0.90624933
0.97568964
0.93123858
0.96874595
0.99781656
0.90672926
0.99836468
0.95907345
0.98361175
0.99104409
0.85284289
0.99640875
0.90589868
0.96798170
0.99333776
0.92836364
0.99558677
0.99597560
0.96891563
0.89279606
0.98367463
0.96663373
0.95977630
0.85207151
0.86002777
0.96233768
0.89013527
0.83486267
0.94938246
0.91487687
0.99363744
0.98783986
0.96003699
0.97250453
0.93779906
0.83542831
0.97423111
0.92737537
0.84517971
0.98133809
0.93709096
0.79479487
0.99247730
0.94994222
0.99760739
0.94886478
0.94447430
0.98625811
0.94974332
0.90991449
0.81167034
0.97738744
0.86330639
0.88765691
0.98783865
0.95180099
0.94521745
0.99362874
0.97260659
0.96294519
0.96246867
0.99739596
0.93608859
0.89473788
0.95316268
0.99690419
0.99786547
0.99517893
0.99268759
0.97610940
0.98623914
0.88066692
0.99639676
0.93851990
0.99595899
0.99483817
0.99832559
0.98667164
0.95611385
0.94630737
0.89923538
0.98746578
0.99447347
0.91579068
0.98972393
0.94834909
0.92797922
0.98958182
0.98491646
0.97153901
0.95754240
0.87508500
0.99572255
0.97883691
0.80841064
0.89092075
0.94055082
0.99745071
0.96475265
0.98996652
0.88388608
0.98951970
0.99042553
0.82846202
0.83150127
0.99122203
0.98207308
0.98087921
0.98718850
0.98335408
0.90844515
0.94472380
0.99471478
0.93223029
0.99934224
0.83011718
0.79711710
0.91161390
0.92849301
0.95165152
0.97865573
0.80908075
0.97891722
0.99179840
0.95160086
0.87261453
0.94018807
0.99436486
0.89709102
0.99875609
0.85961632
0.81185107
0.95403633
0.84538512
0.97584411
0.92733226
0.80959591
0.98927082
0.88757916
0.94668465
0.90300352
0.98327264
0.80486035
0.97601648
0.99867075
0.98638800
0.93947939
0.99182552
0.80612865
0.98666939
0.97414813
0.97190836
0.98797116
0.99838767
0.99154349
0.99407930
0.89804860
0.94847996
0.99734853
0.84961000
0.97904964
0.95635986
0.99258015
0.96942390
0.96372277
0.99858818
0.98784033
0.97648812
0.95953850
0.99518296
0.98746759
0.91716180
0.94610736
0.79958894
0.99521642
0.99803910
0.98489769
0.85192509
0.97342091
0.99513899
0.99288422
0.81772586
0.91805361
0.85260668
0.94545259
0.99176509
0.99828053
0.99565394
0.99177002
0.82718496
0.99442221
0.96996908
0.81293727
0.99595945
0.96690544
0.99549500
0.92524019
0.86591163
0.95391650
0.93880324
0.97393966
0.99808185
0.98054790
0.84889621
0.99098147
0.95402359
0.97632477
0.99901882
0.88622926
0.96996290
0.94024256
0.83081955
0.97636566
0.90459654
0.99677834
0.98307754
0.95661059
0.94833785
0.95404111
0.90106707
0.98520210
0.95827865
0.96983342
0.82966556
0.99749378
0.88865637
0.92170799
0.99719913
0.90593788
0.96810762
0.96741858
0.87533002
0.84050902
0.99891481
0.99808540
0.92222007
0.99791343
0.97674840
0.84030011
0.91367825
0.95383200
0.99091999
0.98616193
0.94743973
0.97610551
0.99870338
0.92404427
0.99820917
0.92638254
0.99702180
0.97899179
0.93101510
0.98601505
0.98014206
0.98698705
0.99913777
0.92639140
0.97639396
0.95528872
0.84423981
0.96784974
0.96383209
0.99631283
0.96518735
0.98655666
0.97074655
0.98543137
0.99738247
0.98637716
0.94664346
0.91480115
0.98617652
0.97314188
0.99601082
0.81522826
0.93406402
0.94579257
0.83106908
0.96736528
0.96705668
0.96435138
0.97768378
0.80184290
0.94652785
0.95845263
0.94208920
0.97769562
0.92648741
0.91196354
0.92655477
0.81673875
0.96626137
0.96095307
0.99500389
0.93477261
0.99668477
0.98479192
0.89246588
0.93281601
0.95126975
0.89349445
0.95355621
0.82928433
0.98301178
0.99502693
0.97943707
0.98503656
0.97022752
0.98868212
0.99041826
0.97206870
0.99581099
0.94694509
0.90910717
0.87906422
0.95251415
0.90770100
0.98727940
0.88832042
0.82568162
0.94633426
0.97053420
0.98938817
0.91482872
0.94993661
0.83913963
0.96247723
0.95583951
0.98088102
0.96961588
0.97247152
0.82057888
0.80968080
0.92842077
0.93185232
0.99339295
0.93922152
0.99590151
0.98728418
0.85430258
0.96355041
0.92866666
0.96949895
0.98956422
0.99822689
0.96017896
0.99623256
0.99679162
0.95229821
0.96755044
0.93291860
0.98305969
0.94883647
0.99911567
0.97198960
0.94356234
0.86807357
0.99072883
0.98531097
0.99331607
0.99874577
0.99217604
0.92906578
0.98045585
0.98558623
0.93872926
0.96567344
0.99305990
0.98737839
0.90662635
0.92885848
0.95917715
0.86101808
0.99193385
0.97575547
0.83256026
0.80076749
0.99607778
0.94593428
0.83103473
0.99196594
0.90569734
0.98222602
0.99106779
0.96978448
0.96921937
0.97932950
0.90352761
0.99658741
0.99858206
0.83976777
0.82892020
0.99547426
0.86742479
0.91379196
0.94232647
0.97352654
0.95593814
0.99443872
0.96705705
0.92065073
0.89699954
0.94934540
0.96940804
0.97783518
0.98118525
0.99592223
0.99597362
0.96400650
0.97479564
0.94488363
0.93949761
0.90417549
0.97269047
0.92543639
0.86740476
0.98590150
0.98245538
0.83567217
0.96580464
0.93277865
0.99834654
0.94242345
0.99898528
0.89928348
0.94396547
0.99466512
0.78536655
0.99399113
0.91400996
0.97476768
0.98243221
0.98272967
0.86617066
0.88264256
0.99920214
0.91475476
0.99233543
0.99802123
0.99157472
0.98386939
0.99025783
0.96319017
0.93562265
0.96665702
0.93829603
0.87905238
0.98799940
0.99461090
0.92716270
0.99268165
0.92577286
0.98209613
0.89980764
0.96057256
0.93192214
0.99806588
0.96769445
0.95624007
0.93653239
0.83543459
0.84505504
0.89021854
0.98324878
0.89032305
0.98726501
0.98682162
0.99682892
0.96107035
0.81054938
0.84467421
0.94967839
0.99413692
0.90967001
0.85957002
0.92390277
0.79551904
0.83325555
0.95035276
0.96335388
0.84765507
0.85987528
0.96535952
0.90564600
0.92993027
0.99793011
0.94264270
0.89971630
0.90929399
0.88323750
0.98188532
0.96304516
0.96005344
0.83157538
0.96924888
0.97688684
0.98171321
0.99839211
0.97598660
0.99475799
0.94086684
0.98519625
0.85099936
0.79536246
0.97719730
0.89805890
0.99836543
0.99577441
0.91077851
0.83291829
0.98178229
0.98898618
0.89349698
0.97653233
0.95899655
0.98686167
0.93586886
0.99571640
0.85088694
0.92121247
0.96975905
0.99561988
0.89632122
0.83929039
0.93820725
0.96555531
0.99213390
0.85341304
0.86643874
0.89291858
0.98235566
0.98552709
0.99405492
0.91552550
0.82277394
0.94401348
0.89189802
0.96102316
0.98948520
0.97957710
0.98240567
0.96670100
0.98046756
0.88618725
0.85794094
0.94398444
0.98185750
0.99005601
0.96529858
0.99308267
0.99604580
0.92987047
0.96182241
0.96872882
0.86534687
0.99354183
0.99020120
0.83716658
0.84172161
0.89322051
0.98771439
0.88700120
0.90263487
0.81998740
0.97374595
0.99602613
0.98939608
0.99357543
0.97866950
0.85853890
0.99304972
0.89270316
0.87927185
0.95359832
0.87714817
0.94533221
0.93476246
0.99597249
0.95517768
0.99698801
0.92157381
0.93005085
0.99051322
0.85460653
0.96674101
0.88282285
0.93450963
0.99254248
0.78149853
0.91225926
0.94059226
0.93534335
0.85042725
0.98249726
0.99627718
0.99410658
0.96327340
0.85730769
0.82903319
0.93352159
0.91910005
0.91734549
0.89042862
0.89802505
0.80946455
0.95293721
0.99149656
0.99275065
0.99666050
0.99682820
0.83441127
0.98503627
0.92113123
0.98451298
0.97051306
0.97782623
0.98144222
0.82667106
0.82417175
0.94581432
0.86948910
0.99543691
0.98730620
0.90855478
0.88653053
0.98616063
0.99736398
0.89022772
0.93640196
0.84906155
0.92288953
0.89778564
0.95479664
0.99320086
0.93576026
0.97793778
0.98187548
0.97490108
0.91469147
0.88186026
0.83358322
0.83097800
0.92876164
0.81046902
0.88783924
0.88160226
0.91615120
0.93595838
0.95297170
0.89033563
0.95738039
0.90131216
0.81608445
0.99691163
0.90404952
0.94471870
0.86654299
0.84803859
0.99021187
0.93152047
0.91355439
0.99269871
0.97703986
0.96772986
0.89828090
0.82513629
0.99114909
0.89905234
0.91969038
0.80679022
0.92257947
0.86896384
0.82158696
0.97590828
0.99278607
0.95962772
0.83454745
0.98415867
0.98729577
0.94898194
0.82311775
0.98508167
0.97136020
0.96183311
0.99047292
0.94019612
0.87196120
0.85726616
0.88320198
0.81455683
0.90874629
0.99335365
0.83334044
0.87410990
0.99197461
0.80036331
0.98363975
0.98584999
0.85070504
0.98744954
0.98330622
0.96848770
0.96403578
0.99605943
0.82900485
0.99637568
0.85573413
0.93096062
0.89988759
0.82156167
0.91134094
0.96701447
0.98665304
0.97587290
0.99680924
0.98704392
0.96121751
0.90739723
0.99549369
0.95389065
0.99346662
0.99642530
0.98889844
0.97497243
0.98141069
0.99019173
0.93535152
0.96168480
0.97863650
0.98947739
0.99287312
0.96170339
0.99340942
0.97288111
0.90859677
0.99291370
0.97367712
0.92793341
0.97542679
0.86140657
0.99111150
0.85667046
0.99039624
0.97381331
0.98438322
0.92584460
0.97934388
0.80703112
0.98874787
0.93752926
0.99156167
0.99432170
0.79297345
0.99008716
0.99842867
0.95746713
0.99838313
0.97861608
0.83768743
0.99725043
0.99450861
0.97943773
0.99806217
0.91647398
0.84416915
0.86010626
0.96370707
0.99126520
0.98218751
0.99447213
0.85601474
0.97342535
0.96671645
0.85932902
0.89382169
0.99271213
0.88061096
0.99072167
0.91771299
0.86815104
0.92587417
0.94374687
0.87760741
0.97236888
0.98398116
0.79014152
0.99760422
0.95521992
0.99751367
0.96501857
0.90734141
0.98731951
0.93716305
0.97001768
0.99054445
0.99293360
0.97843542
0.92025869
0.95711324
0.96950578
0.97300605
0.94354555
0.97797199
0.81721998
0.97554643
0.80777992
0.90677900
0.84491606
0.97206623
0.91893951
0.98211593
0.83181518
0.96913067
0.93374633
0.98266910
0.99264802
0.94075069
0.98417711
0.84978490
0.99591282
0.99372640
0.97647763
0.99814920
0.99490934
0.89104082
0.97843328
0.90106155
0.89925033
0.95562323
0.97198179
0.83402402
0.99031818
0.93413046
0.98950980
0.93912441
0.99257428
0.99739727
0.98748047
0.99640861
0.92811947
0.99647034
0.88944036
0.91143223
0.98523590
0.99677601
0.88992293
0.85769778
0.98986498
0.97840105
0.95484090
0.98679828
0.92753856
0.99360037
0.85911877
0.93255744
0.98482487
0.94278026
0.88804983
0.85636003
0.81051133
0.97560624
0.98969238
0.98758328
0.98131853
0.97908361
0.94879161
0.99865573
0.82698718
0.95903908
0.86518314
0.89774172
0.89852732
0.89444580
0.91856791
0.98270269
0.99180617
0.93716040
0.99101679
0.85604522
0.99304579
0.95123164
0.93131199
0.81638281
0.99145639
0.80121519
0.98910229
0.92312807
0.99525456
0.87358136
0.94955084
0.96491808
0.98780280
0.98707994
0.99268331
0.96609048
0.98489595
0.97004000
0.96231038
0.87837426
0.90454998
0.97402369
0.91331932
0.99821230
0.86766708
0.95028205
0.97584709
0.96938512
0.94718553
0.97748403
0.98674523
0.95409936
0.87215153
0.97801321
0.99531831
0.91486574
0.94951763
0.99433165
0.98623722
0.99261387
0.95376656
0.98722818
0.96024863
0.82510531
0.79018491
0.98187625
0.99610706
0.92708071
0.97572617
0.99254708
0.79104883
0.88102193
0.98863561
0.94480898
0.94474633
0.79954509
0.99382202
0.99618099
0.95649284
0.95523299
0.99731753
0.96526465
0.91498100
0.97864850
0.99362249
0.90388929
0.92879289
0.87890430
0.92217866
0.93635809
0.99739295
0.99629372
0.98392650
0.99659154
0.97562971
0.89409621
0.79860357
0.99149176
0.98083982
0.96434128
0.99668340
0.99555371
0.98563328
0.96639038
0.93338948
0.98922388
0.98669943
0.98713133
0.96680186
0.97490399
0.97083287
0.98973456
0.80348034
0.90052866
0.95509779
0.98172162
0.99667949
0.98891549
0.90822029
0.95417227
0.85139416
0.99646348
0.91910388
0.98019338
0.92459018
0.96752657
0.96520183
0.97722302
0.99823282
0.89527676
0.99455798
0.93768937
0.80954318
0.99038671
0.98189485
0.82018384
0.96139889
0.81364411
0.98971017
0.95582567
0.80458366
0.99596098
0.98488340
0.88704358
0.98454060
0.95254762
0.95214093
0.96161853
0.97520480
0.97222732
0.96913640
0.96521959
0.97621843
0.91717343
0.97105362
0.97923016
0.99386137
0.95325756
0.89980027
0.89457643
0.89693304
0.98448616
0.99299799
0.98711107
0.95394139
0.98556869
0.97502513
0.93104065
0.97559455
0.87437141
0.95317712
0.98037644
0.99648938
0.84973390
0.95602482
0.98144913
0.95302645
0.97186390
0.93732555
0.90554471
0.98929646
0.98928225
0.98979150
0.94102198
0.94036355
0.98885164
0.91577324
0.98863043
0.82659559
0.95675706
0.96712373
0.91139040
0.98812862
0.99069247
0.99672787
0.82434082
0.95955864
0.99315445
0.97731534
0.94202579
0.83732200
0.99716773
0.97999933
0.98107143
0.82559844
0.97567655
0.99627003
0.94871702
0.97133027
0.87575504
0.98323566
0.99657422
0.86073567
0.86154439
0.99598523
0.95095760
0.97843081
0.99661121
0.94656807
0.98978785
0.79789381
0.96292054
0.98110297
0.99333795
0.92476863
0.99115168
0.96397218
0.99119955
0.97894232
0.99745749
0.91528854
0.99643735
0.97085185
0.96123274
0.99393833
0.97814398
0.98570090
0.99159638
0.93596223
0.81755068
0.98399549
0.98900934
0.94594801
0.97818363
0.88701371
0.99751888
0.98431401
0.98703714
0.98687192
0.82909550
0.98738855
0.92756062
0.97868258
0.97334855
0.92400594
0.98095752
0.93243805
0.94838381
0.99718517
0.97154286
0.93658446
0.96939468
0.98554963
0.96559591
0.83716927
0.97692218
0.99007882
0.99918782
0.87456695
0.91135488
0.83861660
0.99168061
0.91452696
0.83231404
0.99236676
0.96509794
0.79366002
0.81342598
0.88210961
0.98585369
0.99467028
0.97808495
0.86321671
0.98580012
0.99540149
0.99578476
0.96814883
0.90642634
0.90782680
0.99043118
0.98710246
0.93473463
0.96294365
0.97952116
0.99731974
0.97314357
0.80752772
0.95472301
0.93670339
0.98599465
0.89423059
0.98944244
0.83662844
0.82242163
0.96393321
0.98215776
0.94284278
0.86559645
0.97557290
0.86287275
0.99701055
0.99611283
0.96076247
0.99116514
0.98735672
0.86339340
0.99785207
0.98093387
0.87562009
0.99616182
0.94540309
0.83954558
0.97885504
0.98466992
0.89205562
0.97631033
0.93571114
0.81702155
0.93670218
0.99783147
0.92452329
0.91975812
0.99136855
0.99402606
0.93469713
0.88378577
0.94846825
0.82719754
0.98923838
0.99051133
0.90257228
0.95296526
0.97544868
0.99590031
0.99425234
0.96777312
0.96711414
0.86806180
0.98338162
0.88729345
0.98103919
0.99851315
0.98621310
0.97665590
0.96924324
0.98376889
0.91765716
0.98435972
0.84352244
0.99834179
0.98366603
0.88590048
0.99294051
0.96218803
0.89420436
0.96563149
0.85353491
0.99185127
0.97191934
0.99025565
0.98850866
0.98460755
0.95923375
0.99289583
0.99622907
0.82517024
0.81916549
0.98237945
0.99615877
0.95389219
0.97764063
0.91939247
0.99241736
0.98496148
0.99624681
0.90302927
0.85615024
0.83959579
0.88216237
0.99363142
0.97575005
0.99417889
0.96766158
0.86464037
0.99868431
0.84338153
0.91050384
0.82606213
0.82990381
0.99032480
0.95900446
0.84441108
0.99152339
0.95212171
0.88977154
0.99639828
0.97121619
0.90500805
0.79301195
0.98092736
0.99623858
0.99463521
0.97256534
0.96413907
0.98817890
0.97498964
0.98528576
0.83124756
0.91085792
0.87196430
0.90686656
0.96451410
0.99092785
0.91882934
0.95803059
0.92518987
0.88795224
0.95797597
0.94876746
0.94848447
0.99061209
0.95029019
0.95675970
0.97173574
0.88765001
0.98540310
0.90220403
0.86872863
0.85954684
0.90501465
0.83939816
0.93113481
0.97282600
0.98292369
0.86972827
0.97282034
0.98642683
0.89745347
0.94462274
0.87793567
0.94315288
0.81873681
0.99713922
0.99669191
0.86160960
0.86374078
0.97113541
0.99633996
0.88706272
0.97151654
0.99518219
0.98867491
0.94124435
0.97091258
0.98865175
0.99521557
0.98712636
0.91698325
0.98124518
0.93285206
0.94800901
0.95500710
0.92489857
0.84043781
0.99664777
0.98677858
0.91673655
0.81919714
0.93770899
0.93487007
0.97434851
0.95354571
0.96210859
0.98493927
0.88863713
0.98857797
0.99660183
0.97503345
0.99842477
0.98518477
0.99194319
0.86191016
0.98891792
0.96383706
0.99522602
0.97857043
0.95018432
0.93323037
0.99766588
0.89209235
0.80990709
0.85882819
0.93459199
0.96144658
0.95096028
0.93834101
0.87630244
0.93666603
0.99289057
0.99398674
0.99275139
0.95535793
0.96578993
0.85568971
0.96911488
0.99521327
0.96407583
0.86498294
0.98918730
0.90250621
0.99606118
0.99672839
0.95001607
0.92891281
0.85810958
0.86797512
0.92397705
0.98915363
0.99532491
0.96555288
0.97606678
0.94473990
0.91330124
0.99333125
0.99349585
0.99504365
0.92523755
0.97865709
0.97759835
0.98525112
0.97690304
0.83538139
0.97165961
0.82177860
0.98704708
0.95827596
0.88850858
0.92559111
0.97641350
0.98789242
0.96104833
0.97765578
0.99607892
0.98971822
0.99243426
0.97522967
0.91215111
0.80431131
0.99846999
0.97581367
0.99025877
0.90551852
0.90521835
0.94275832
0.96655369
0.99051354
0.94125702
0.99771709
0.98826498
0.94060861
0.95706640
0.99629952
0.95873060
0.98205488
0.97005919
0.80451309
0.85208850
0.81724382
0.96172060
0.93768161
0.99917765
0.92525464
0.99641481
0.97018351
0.90483463
0.99778964
0.81794907
0.92903357
0.94340896
0.98382530
0.91951991
0.93033265
0.95170764
0.98925694
0.96457461
0.97798343
0.91966250
0.99759805
0.99622123
0.79654389
0.98892857
0.83194767
0.80916666
0.98939248
0.89184554
0.89118597
0.95854964
0.81778222
0.99208627
0.99281343
0.99327678
0.95308528
0.85459896
0.99469573
0.93652935
0.99654391
0.91379945
0.83872172
0.92931017
0.99730956
0.97088595
0.97019809
0.97427045
0.97191001
0.99920834
0.98498166
0.88891043
0.79680907
0.98063492
0.99717911
0.93072147
0.96922311
0.84359145
0.88871930
0.89712547
0.88172306
0.99546013
0.99145721
0.98495619
0.99750804
0.93855714
0.95842027
0.92540767
0.89226740
0.96145692
0.89392430
0.84166710
0.98083351
0.98558921
0.94766198
0.93906874
0.97546288
0.98998881
0.90269336
0.84081264
0.97935134
0.90338813
0.98874506
0.95702146
0.80514855
0.99624166
0.83868904
0.98128710
0.99698163
0.96517460
0.83376762
0.97671520
0.98794930
0.95476634
0.94536010
0.98892577
0.99625588
0.98948310
0.97758701
0.87216786
0.88880919
0.89067235
0.98836262
0.99924668
0.91414259
0.95117132
0.99227209
0.99635106
0.92678798
0.99208036
0.98025911
0.93665611
0.99177896
0.97673407
0.98192403
0.94324550
0.91747431
0.99733305
0.86910699
0.95037289
0.93057202
0.99865415
0.80971788
0.98096391
0.98788949
0.88883510
0.98380581
0.95771135
0.94808099
0.96618559
0.92392394
0.86197109
0.98320169
0.96391787
0.92651283
0.95393510
0.90181884
0.80460010
0.97971605
0.96605250
0.97848128
0.96839428
0.95961604
0.83962262
0.98766079
0.99911003
0.87294502
0.88314240
0.99470624
0.98303731
0.95913042
0.96158501
0.90922118
0.96282369
0.85888936
0.90581689
0.80657556
0.81513050
0.97890495
0.99076579
0.94265316
0.99145313
0.84274040
0.94431483
0.93768667
0.98126828
0.94102071
0.95260695
0.99882246
0.95997744
0.99712092
0.97324658
0.93838310
0.88812029
0.92624750
0.97273806
0.85229818
0.84627438
0.91994199
0.97286827
0.87319226
0.99055598
0.98466142
0.96046338
0.99611775
0.86829774
0.95977101
0.99457145
0.83987155
0.99307097
0.99770350
0.98020801
0.99405248
0.98294392
0.98830032
0.99684278
0.90853365
0.98400206
0.88951865
0.95291050
0.99474796
0.88211440
0.99486690
0.87540748
0.96505472
0.99103175
0.98894498
0.98735178
0.98236606
0.90963348
0.97503406
0.98162230
0.83098674
0.95573193
0.88703374
0.94247048
0.80854566
0.99315230
0.99729293
0.90988255
0.91552796
0.85705846
0.98850908
0.99729398
0.90261364
0.97257615
0.98177555
0.99387518
0.99827833
0.84614492
0.99383481
0.91471674
0.98079584
0.95563525
0.96166455
0.94663374
0.97292614
0.95408653
0.85567195
0.98776511
0.96793057
0.84173131
0.89509240
0.99350713
0.98151608
0.96682117
0.89737802
0.99603983
0.92152391
0.82463678
0.98157568
0.99708989
0.87143488
0.92929323
0.96666981
0.99464027
0.79863105
0.96549048
0.99263711
0.98780042
0.99412746
0.98684199
0.92774800
0.89208352
0.98588827
0.96094190
0.90826052
0.81763811
0.94201088
0.99132134
0.99200747
0.99279815
0.79204336
0.98603666
0.95392333
0.96928644
0.99141537
0.99317498
0.96562563
0.90569608
0.98688525
0.98072206
0.87545906
0.99394934
0.97620049
0.90033285
0.99691167
0.94669691
0.88473311
0.96744764
0.97953669
0.99430275
0.98843755
0.97703437
0.98400601
0.99536214
0.87312430
0.90959550
0.83770333
0.99505694
0.99031607
0.86033029
0.99617981
0.97933344
0.94651557
0.99170919
0.90236968
0.95731898
0.96685982
0.81462951
0.94674963
0.97640022
0.82673263
0.83935730
0.95387674
0.99807074
0.97037070
0.99290899
0.96714271
0.99331762
0.94663614
0.90912597
0.99620226
0.91968769
0.98512362
0.94114188
0.99618766
0.87992148
0.99638786
0.94436028
0.97171422
0.94880453
0.89397338
0.99350072
0.84781598
0.83115162
0.94043314
0.92807544
0.94009598
0.99053675
0.96187663
0.98947068
0.99223745
0.99275529
0.99211375
0.81088134
0.99316960
0.96532682
0.99339830
0.99675249
0.93104688
0.95825355
0.97422600
0.95457276
0.96574302
0.96362692
0.96420345
0.98885454
0.90644653
0.99652934
0.85401725
0.99166090
0.99112789
0.97254016
0.98721199
0.99871720
0.82813391
0.93513180
0.94372685
0.99289845
0.96538164
0.93070603
0.97089184
0.80264858
0.85730339
0.84942716
0.96061332
0.97519477
0.81172378
0.98171679
0.93539008
0.79032395
0.98034009
0.89012349
0.98705574
0.99481097
0.98668816
0.99786055
0.93044684
0.81829144
0.97748804
0.99034799
0.82113556
0.99509017
0.97088861
0.95339454
0.83552980
0.96387799
0.99048319
0.99274064
0.95432290
0.93805808
0.94276883
0.92709088
0.95986860
0.92020642
0.88970192
0.82979695
0.97538028
0.98900875
0.99467008
0.90221201
0.98108185
0.99053223
0.81929663
0.97584708
0.90802427
0.88831804
0.97671393
0.84936509
0.95211885
0.93084337
0.93886966
0.95205711
0.99429423
0.99623682
0.85826766
0.94737845
0.95061776
0.91937448
0.99905968
0.99038259
0.99796501
0.98235424
0.85156990
0.99194371
0.99729471
0.83411978
0.85411576
0.97925454
0.99556183
0.83997025
0.98502326
0.99104692
0.99293305
0.88242406
0.99403792
0.99378246
0.98529256
0.98172917
0.99500033
0.91961654
0.98604592
0.98877139
0.97416339
0.91895005
0.97134997
0.99250838
0.85825226
0.98982565
0.98743917
0.99486916
0.99085845
0.99580417
0.93574618
0.99156519
0.95760959
0.99460537
0.93081934
0.82796203
0.88145752
0.96387142
0.98612938
0.90380826
0.85260899
0.90712124
0.81013494
0.97833333
0.93938893
0.99820230
0.92275262
0.95713959
0.93469912
0.98404525
0.84510632
0.92858358
0.94134835
0.97577067
0.97733546
0.86313135
0.86343538
0.97583837
0.99610916
0.99280660
0.89313510
0.99274538
0.81290849
0.99817398
0.90700722
0.96343761
0.83889196
0.99410844
0.96734738
0.94524806
0.85579443
0.99778384
0.90600597
0.95929088
0.93169969
0.96940417
0.79040788
0.80417949
0.92519818
0.94094287
0.91315174
0.92530236
0.80432974
0.97330341
0.99723393
0.87444988
0.98176169
0.99235105
0.98353418
0.99136955
0.87826252
0.99488173
0.96591707
0.88680317
0.99960910
0.99232590
0.98661326
0.88350599
0.82650398
0.97362999
0.91631660
0.99249429
0.87539620
0.82382334
0.87598799
0.94296379
0.99810878
0.99741283
0.98950275
0.99439670
0.96314710
0.92377902
0.99724371
0.98853176
0.92004386
0.83969871
0.99370860
0.97665041
0.90928225
0.99527043
0.99108359
0.99733006
0.82704439
0.98146623
0.86596746
0.94744795
0.99202367
0.92053264
0.94023464
0.96543287
0.93290914
0.91186802
0.98641624
0.92259956
0.94398685
0.98083504
0.99124078
0.99742653
0.96279766
0.89305880
0.98031953
0.95012543
0.90626713
0.94789439
0.97250297
0.82421178
0.98166839
0.99029190
0.99033738
0.94137643
0.88463235
0.86393065
0.87834182
0.99217863
0.99313854
0.94995966
0.97349040
0.98327620
0.98897699
0.81291190
0.98928155
0.96242467
0.99749746
0.93572644
0.87329573
0.99646250
0.87013335
0.92705009
0.98064410
0.99863277
0.96640529
0.93939414
0.87766423
0.99351671
0.98995831
0.98865469
0.96584363
0.93732091
0.98993041
0.94579094
0.91900592
0.87500029
0.81572324
0.91452508
0.97759573
0.96881265
0.99128422
0.84552381
0.89632789
0.77810686
0.99830585
0.96156173
0.97978425
0.99525460
0.96975905
0.79889577
0.99347891
0.89087515
0.99829841
0.97006010
0.95360166
0.99127852
0.95102109
0.90014826
0.98470346
0.95503841
0.81345207
0.96734315
0.97619264
0.92366740
0.82127864
0.96868799
0.99370894
0.94456445
0.99207420
0.94404891
0.80646081
0.99335783
0.99390970
0.94220698
0.86604612
0.99832727
0.99471176
0.99567391
0.82280451
0.99513607
0.97963317
0.98129134
0.98196892
0.99473903
0.99390728
0.98464840
0.98308417
0.98924495
0.94338666
0.98312107
0.97832701
0.99760577
0.95794751
0.84573976
0.97281975
0.90025873
0.94499421
0.96619588
0.97090463
0.93268059
0.97924129
0.86094980
0.96701134
0.98352642
0.95121185
0.97830836
0.98516892
0.99718082
0.90733299
0.99621953
0.98554021
0.91685172
0.98085639
0.93444118
0.83047661
0.83918760
0.99138735
0.99923267
0.85213029
0.80252627
0.99583363
0.97627305
0.91539734
0.94937941
0.99349960
0.94198964
0.99053575
0.92597265
0.93287798
0.88626333
0.98989431
0.80703467
0.94378802
0.89634189
0.98153494
0.99706686
0.99745482
0.99410071
0.89343994
0.99231611
0.99124031
0.97090550
0.99408992
0.90392323
0.97630800
0.97335931
0.98205669
0.92263249
0.96908374
0.96578066
0.99799009
0.90703509
0.99821768
0.83646207
0.98784195
0.90512420
0.97607158
0.99875378
0.97382280
0.99636730
0.99238099
0.96610456
0.95384795
0.89545794
0.95060439
0.98694196
0.96950936
0.98305101
0.98072514
0.98539116
0.98684139
0.87716463
0.98142181
0.99436497
0.94381141
0.89540968
0.97099977
0.83221242
0.99343124
0.93733387
0.82421652
0.99162741
0.96289196
0.98314623
0.95402139
0.95782295
0.83432025
0.98581555
0.95411780
0.96890379
0.88902737
0.94203708
0.89393989
0.94786903
0.97733327
0.87730192
0.94838099
0.96252482
0.95929078
0.85609149
0.81989286
0.85153338
0.96516088
0.98134051
0.99473232
0.94875324
0.99709053
0.99525786
0.98445205
0.96284300
0.99368778
0.94878909
0.97291396
0.96269008
0.99503980
0.95279538
0.84279226
0.91188413
0.97561795
0.98943715
0.96326219
0.99417809
0.86920652
0.99040291
0.89777922
0.98127911
0.99457745
0.98082696
0.99743491
0.81431301
0.86563810
0.81072345
0.92930724
0.88534707
0.95984659
0.97323723
0.87144139
0.99633974
0.87341504
0.95634385
0.99919165
0.99679381
0.99083062
0.98852815
0.98620209
0.94856914
0.98950210
0.95209315
0.90194405
0.96302599
0.98334757
0.98148439
0.98520009
0.99774669
0.85425703
0.98490890
0.91819728
0.97356335
0.88128790
0.98622834
0.99370790
0.97281581
0.99917575
0.93724803
0.90516850
0.96131728
0.98084314
0.98562984
0.95024932
0.89517044
0.81241003
0.96748188
0.96275422
0.99810085
0.97261895
0.83162245
0.91481419
0.99196215
0.95279609
0.84960815
0.99712334
0.96943124
0.97330344
0.99675466
0.95158992
0.99010919
0.97757118
0.99898540
0.99870650
0.96104758
0.95425081
0.86632892
0.99556225
0.99516855
0.97327135
0.99707273
0.96238392
0.91914530
0.99461245
0.97246739
0.86481177
0.99469341
0.92654742
0.94464983
0.99856583
0.93546950
0.93561342
0.88455968
0.96647866
0.88779165
0.98289274
0.89695024
0.99449720
0.99646506
0.98624530
0.91394136
0.99330325
0.97598494
0.95809712
0.80095945
0.88829229
0.97178286
0.98535015
0.85685030
0.99729692
0.97558996
0.83801065
0.94500765
0.98933148
0.98244687
0.97904973
0.93709835
0.90727739
0.99837232
0.94272902
0.98643539
0.99347918
0.97696639
0.84629647
0.84187752
0.88871907
0.95564651
0.88832351
0.97111773
0.96878024
0.94167683
0.99673841
0.99565351
0.99326180
0.86891717
0.89671480
0.95867018
0.98526148
0.92308131
0.99098347
0.92176678
0.95775174
0.98023020
0.96370523
0.89872546
0.94769732
0.99874727
0.96437053
0.88520514
0.98287429
0.93531045
0.93088567
0.79742443
0.96033894
0.83779213
0.87735300
0.89169145
0.99011021
0.99105099
0.99697045
0.93088486
0.99846455
0.90477402
0.96476944
0.99150193
0.88258678
0.99270165
0.90770787
0.89632947
0.99438811
0.95845213
0.90720781
0.91830756
0.98519492
0.93187039
0.92755138
0.84409929
0.94188870
0.99415673
0.92307780
0.93008002
0.82623049
0.87853148
0.82282717
0.90259659
0.96336630
0.97173731
0.99050995
0.94080078
0.96711081
0.93499448
0.89194152
0.99650677
0.99535285
0.99329598
0.93375057
0.95026708
0.90474759
0.93210850
0.99715626
0.99702829
0.97339148
0.80624919
0.97325496
0.87381613
0.99254361
0.91573463
0.83246018
0.91989979
0.98053067
0.96769727
0.85864968
0.94046013
0.96708112
0.98588011
0.80044217
0.97761459
0.97248898
0.99052850
0.97779581
0.85043480
0.92920258
0.91051689
0.91374576
0.80221040
0.98424056
0.99060177
0.94008028
0.99231855
0.99696506
0.88771457
0.86897115
0.97658458
0.97823413
0.92407767
0.85508708
0.90821799
0.99403042
0.87450022
0.87387464
0.95565912
0.99469732
0.99895874
0.80863587
0.82604615
0.90925523
0.99139712
0.89586131
0.96843455
0.99821839
0.97684850
0.99219911
0.85632715
0.85756024
0.82237595
0.97259922
0.97502594
0.91939748
0.95222969
0.99091757
0.98416811
0.99338804
0.98972332
0.98841946
0.98811891
0.92356801
0.98998126
0.94823011
0.99758593
0.95830478
0.96041306
0.94546421
0.98121717
0.99595234
0.99615573
0.99766950
0.91165153
0.97534651
0.99287622
0.99515084
0.99054008
0.98724516
0.88219287
0.98328291
0.98806631
0.86493173
0.90706624
0.96037113
0.94940209
0.82940033
0.92077730
0.96855521
0.99962283
0.98899189
0.86104681
0.79432922
0.99763310
0.98494248
0.83805667
0.93831795
0.88683153
0.96065056
0.95063568
0.96172992
0.90515277
0.83575644
0.98717222
0.99780553
0.96202158
0.97787993
0.98936604
0.99711389
0.97853890
0.91737842
0.97612630
0.99496183
0.90945723
0.99482820
0.97558148
0.82203982
0.97423710
0.80172341
0.98902267
0.99566545
0.90208329
0.79926214
0.98182172
0.99763910
0.88926307
0.97344063
0.94192575
0.80109574
0.84396018
0.93717251
0.88075473
0.82189408
0.98593063
0.95909113
0.99694355
0.99449821
0.97438281
0.93606138
0.84577486
0.98342353
0.90578662
0.95210708
0.97337142
0.89588552
0.98881456
0.99620092
0.90287871
0.92139633
0.99656120
0.80000816
0.79711727
0.98677645
0.84293631
0.99383415
0.88326096
0.99597614
0.95639005
0.94770032
0.99393622
0.98373795
0.93454703
0.99901191
0.98325331
0.99484232
0.96842587
0.98772667
0.85759578
0.92916148
0.85352921
0.99828817
0.98684609
0.94728777
0.97457184
0.81104603
0.96373264
0.98633669
0.92082016
0.99215546
0.98656752
0.91204116
0.81859049
0.98787188
0.82076996
0.92434857
0.98921254
0.98965701
0.99373819
0.89026026
0.99105549
0.82629341
0.88853363
0.80955857
0.86279878
0.84472838
0.95683956
0.99319315
0.83129938
0.96444237
0.98826281
0.96431629
0.98680241
0.98047014
0.99309127
0.84446309
0.94584079
0.96619775
0.99345071
0.86748345
0.98547213
0.91768069
0.85104342
0.96846375
0.96376897
0.81371667
0.82597795
0.98233859
0.89240586
0.81235590
0.99791017
0.98861205
0.99566383
0.99902125
0.99774695
0.94547566
0.89341245
0.97479891
0.83623472
0.93313980
0.90568511
0.95576186
0.98986312
0.81004579
0.81547152
0.97126318
0.99097667
0.97407710
0.91758410
0.93627662
0.89581874
0.90586043
0.95480111
0.89686055
0.99723765
0.86281903
0.97519204
0.95292116
0.89164724
0.88863921
0.99624631
0.82086627
0.91213659
0.85994741
0.99423374
0.98232730
0.91798093
0.97541357
0.91743959
0.98893300
0.96801800
0.87571058
0.94942518
0.98755235
0.97387358
0.95366120
0.91698776
0.84260355
0.99004352
0.86785292
0.89412243
0.95346836
0.91184100
0.95752013
0.81123044
0.97841143
0.95021684
0.93455557
0.99754934
0.92860490
0.83693535
0.85862189
0.95591109
0.97843657
0.82424898
0.90230063
0.87772035
0.97213105
0.93225921
0.96895124
0.98240853
0.97251427
0.99678577
0.99547114
0.96713618
0.93935728
0.98715808
0.91268275
0.81968868
0.97641020
0.87101928
0.99311347
0.96366004
0.91857936
0.84572440
0.87148161
0.97913602
0.98870164
0.96007823
0.99437327
0.94976546
0.86102415
0.88570106
0.96353625
0.99581658
0.93778897
0.95315929
0.99655473
0.97716107
0.99668401
0.99890144
0.93403719
0.86534979
0.99367200
0.99155061
0.92125356
0.98823811
0.98132260
0.99479093
0.98603849
0.99426306
0.90386293
0.81768707
0.98741840
0.96986755
0.88782865
0.93734114
0.95351491
0.99450477
0.99219658
0.96226349
0.94157186
0.97837911
0.98713467
0.95047086
0.97324139
0.98704599
0.99177340
0.99080730
0.91981678
0.98499672
0.93080101
0.89175843
0.99775352
0.99192125
0.86895108
0.98434151
0.89542272
0.92153510
0.94262759
0.97769683
0.95145487
0.80425772
0.98365713
0.99210264
0.99440328
0.95598793
0.98193750
0.99508699
0.88814782
0.98443215
0.98576247
0.94268547
0.86218394
0.94869160
0.96844310
0.92883073
0.95615931
0.99811753
0.98303727
0.99716851
0.87398861
0.97944247
0.99553391
0.95962164
0.97899462
0.85605363
0.97083607
0.94153145
0.82745840
0.99435111
0.98194884
0.96828925
0.99460126
0.98761499
0.98129640
0.99542529
0.83046061
0.95015146
0.99306866
0.87749455
0.82837447
0.82654440
0.99849309
0.98500516
0.94838611
0.96667839
0.90312981
0.99575140
0.99189901
0.89105995
0.82044123
0.99885370
0.91198202
0.91226330
0.88466724
0.99577544
0.97417564
0.94751066
0.98762856
0.82229573
0.96906863
0.94365797
0.98742371
0.99828474
0.88592188
0.86916890
0.93559912
0.96048810
0.99803115
0.79303612
0.99506094
0.96584774
0.99491402
0.99760332
0.99598355
0.98942181
0.98851242
0.86691049
0.98882211
0.88376949
0.97845434
0.94630116
0.95207430
0.98740749
0.99316224
0.99445283
0.99914303
0.89835550
0.99878459
0.98727332
0.95303694
0.83143851
0.90867205
0.99308130
0.85266997
0.95907500
0.94485044
0.94448173
0.92995369
0.99437932
0.94482825
0.95203705
0.89379512
0.99039641
0.85228695
0.97627510
0.99212325
0.94250266
0.98187651
0.99520455
0.98981850
0.96857653
0.94468293
0.99171564
0.97995658
0.97621969
0.91022222
0.94885041
0.98948045
0.99224361
0.89657813
0.99599298
0.92132343
0.97598262
0.99344422
0.87377752
0.90162185
0.99540930
0.96618470
0.91578292
0.98298255
0.96054419
0.97954562
0.97915582
0.93584997
0.99500249
0.93537341
0.95642662
0.85176853
0.99547653
0.98344033
0.80331034
0.99791872
0.95362851
0.98466396
0.84154641
0.97020173
0.99109490
0.97075303
0.97922590
0.99670350
0.88413160
0.95911555
0.98339614
0.91714389
0.99719662
0.98957447
0.89264245
0.99461523
0.99527748
0.88613456
0.84834793
0.83614145
0.99852672
0.99295513
0.99416438
0.98818713
0.94023616
0.86949957
0.98606502
0.87836495
0.98997581
0.99281797
0.92988535
0.98853633
0.98710011
0.88696689
0.97252962
0.86950889
0.99451490
0.81743392
0.79887284
0.97947217
0.88428688
0.96734376
0.84754666
0.98916523
0.99345472
0.81213868
0.98877264
0.99073133
0.90860592
0.81489457
0.98980966
0.92722813
0.80584158
0.99821733
0.99650789
0.82311750
0.98374047
0.98630857
0.87789756
0.97719528
0.98344143
0.98948682
0.97555874
0.90831257
0.92546844
0.96002088
0.90847137
0.92181389
0.97501554
0.90817990
0.89857156
0.99471309
0.93865980
0.95253282
0.81009625
0.81383712
0.89483571
0.93559063
0.94352323
0.99338884
0.99761391
0.94247880
0.97069053
0.95498715
0.99365464
0.83792655
0.95112844
0.89776597
0.99095522
0.99793050
0.81578620
0.96331036
0.98018727
0.98088898
0.98638458
0.95777706
0.94929275
0.95785063
0.92715919
0.99632222
0.94224724
0.94422508
0.99541937
0.97863728
0.97037686
0.79797056
0.96731920
0.98140216
0.94710177
0.99209256
0.99504325
0.99330267
0.97726211
0.89939238
0.86913069
0.99188550
0.88349721
0.93304324
0.91490829
0.96806064
0.99723888
0.98685238
0.99680059
0.98599391
0.98914828
0.99704708
0.99613410
0.99505238
0.98731166
0.98912887
0.99163411
0.99203077
0.95992727
0.91795002
0.98881613
0.87774077
0.93385290
0.90843110
0.99136398
0.92195338
0.99045878
0.93024968
0.87088087
0.98365165
0.89896735
0.98387182
0.94542243
0.93883616
0.99374763
0.84767865
0.99569992
0.96753226
0.88191666
0.96059155
0.99823625
0.94016533
0.89222774
0.93413034
0.92451837
0.99791011
0.99546554
0.99827774
0.94813890
0.98405785
0.85832284
0.93176029
0.91673442
0.99199752
0.99738597
0.99568070
0.87918660
0.91578592
0.99174657
0.82794132
0.98507831
0.98661447
0.86198487
0.96518382
0.98428729
0.85429422
0.92337260
0.90540670
0.96333488
0.89002398
0.85271482
0.99699935
0.97433323
0.98390702
0.89630758
0.99366890
0.89959429
0.80031960
0.96447571
0.88791696
0.95960972
0.97012549
0.99758129
0.96025907
0.98941704
0.84343486
0.99013064
0.98415577
0.83653914
0.96254298
0.99484552
0.99270220
0.97452234
0.97383585
0.90783893
0.99720201
0.95026774
0.96401761
0.95394910
0.98087527
0.99170584
0.93545911
0.96529041
0.84295007
0.99282265
0.94071913
0.99663458
0.94543091
0.80768011
0.99763469
0.82272409
0.99157634
0.99458622
0.98196266
0.79972196
0.98612764
0.93608040
0.98391670
0.92940151
0.91730914
0.99363729
0.95402986
0.95866334
0.95943760
0.94683006
0.97021553
0.97029246
0.95738091
0.99135774
0.98423485
0.98716463
0.99603198
0.98218022
0.98368871
0.99639038
0.82371326
0.98585454
0.99394852
0.96679413
0.83544791
0.98920481
0.95734457
0.94975411
0.99539844
0.94792951
0.91678247
0.94102463
0.83267399
0.97573133
0.99754290
0.97029527
0.93352478
0.91861541
0.80957841
0.84275375
0.99434919
0.90125728
0.92334319
0.95769508
0.91888564
0.82498007
0.95216310
0.93663153
0.90566453
0.96750076
0.86627013
0.99886894
0.99345065
0.89009893
0.89557535
0.99236555
0.99515859
0.97361710
0.93946903
0.99448951
0.99278365
0.96325497
0.99012928
0.96150873
0.98994888
0.99142784
0.94315059
0.92370256
0.99808239
0.86269448
0.99856791
0.99864258
0.91430337
0.94132488
0.86312767
0.99544329
0.92806124
0.91234480
0.84847255
0.98300576
0.98910355
0.98235632
0.98449429
0.81649789
0.98905672
0.91107332
0.92560619
0.97441700
0.95466590
0.87586413
0.93034302
0.98264173
0.93237570
0.81750782
0.98256818
0.93574355
0.88539128
0.95387556
0.95486731
0.97840190
0.81686763
0.99623575
0.89007562
0.97702570
0.98122262
0.97986435
0.96545470
0.98166308
0.99501547
0.97263749
0.99174932
0.94189157
0.96621358
0.91212849
0.98825357
0.97540344
0.99583607
0.94397007
0.93229045
0.93551249
0.98426444
0.99472858
0.98916515
0.98867591
0.85701136
0.99213037
0.96302678
0.99470292
0.98829708
0.99487693
0.99663589
0.99518845
0.97835354
0.99182363
0.99784107
0.98617942
0.99313784
0.97170895
0.99360513
0.96236912
0.99610060
0.98693014
0.99508888
0.98314780
0.80767727
0.96870600
0.89982426
0.99474091
0.98589756
0.96803952
0.97412414
0.99522504
0.80936466
0.82675209
0.99899945
0.98517914
0.83252569
0.97451930
0.82622913
0.99604892
0.90250467
0.95248093
0.98777308
0.86578780
0.99797176
0.98556528
0.84007900
0.98364998
0.99869580
0.99740484
0.96056629
0.90288317
0.95562145
0.84220053
0.92455680
0.95672960
0.99887513
0.96850306
0.99498066
0.94874261
0.98262338
0.98584667
0.82494256
0.99684982
0.98781168
0.99690493
0.91167817
0.83419994
0.98728535
0.81525127
0.97568921
0.93984191
0.81730671
0.84777712
0.96324462
0.99484179
0.83972027
0.88467851
0.92618162
0.85843886
0.95162938
0.94041079
0.82931690
0.93772861
0.99488460
0.97717040
0.96890534
0.94662576
0.97233684
0.95877499
0.91317985
0.91772743
0.89962175
0.98508643
0.95093767
0.99645128
0.85139346
0.99382871
0.97004862
0.90621663
0.98909004
0.98775404
0.92805749
0.96683773
0.99035487
0.99277551
0.98217913
0.99066307
0.99749289
0.88798639
0.99959073
0.88805317
0.98180441
0.93081929
0.99822260
0.97817337
0.95507507
0.99602854
0.79774228
0.97254020
0.83631541
0.92493696
0.94992356
0.89320616
0.89572621
0.99783166
0.94162872
0.83766557
0.85903610
0.95563142
0.96997462
0.98543803
0.89513549
0.98425973
0.95478591
0.98403326
0.96878443
0.90396057
0.91899181
0.94191110
0.99912802
0.94573503
0.98143184
0.93765668
0.87032767
0.82560021
0.99124051
0.97822845
0.92769157
0.92081956
0.99749616
0.98137606
0.99795313
0.99823896
0.99824983
0.80077371
0.90389000
0.99727649
0.97984489
0.99077334
0.93582162
0.92870750
0.94900607
0.98763843
0.83802014
0.95481717
0.96367956
0.91618442
0.88038688
0.98662752
0.99582598
0.99481611
0.99253210
0.98000561
0.94785821
0.93732292
0.95956366
0.99226619
0.99499085
0.95547234
0.97268637
0.97793296
0.93014851
0.98155594
0.99139686
0.97708478
0.92909866
0.99236025
0.85137813
0.97760189
0.97512017
0.99005635
0.97636138
0.91242559
0.93559689
0.99771458
0.96797292
0.99841362
0.81249387
0.80542949
0.95910824
0.99080341
0.99459794
0.94121868
0.97856952
0.82036506
0.80735021
0.82002077
0.98957231
0.99391106
0.99532822
0.89910594
0.99251272
0.99022889
0.97615777
0.99184429
0.98139331
0.98192234
0.99298429
0.96040652
0.98420309
0.97277686
0.95683779
0.92564515
0.95724276
0.95756612
0.89631932
0.96509770
0.97578079
0.80913359
0.97358088
0.94120388
0.82444543
0.86953537
0.98306637
0.96723101
0.98437877
0.91389218
0.98539134
0.99605623
0.98564312
0.99107325
0.92178642
0.97633432
0.97807748
0.92464577
0.96868681
0.87908765
0.99800951
0.99474106
0.95960679
0.97731695
0.88300326
0.85858143
0.97186472
0.90453762
0.97837482
0.91344982
0.99091142
0.88322146
0.99413403
0.98926638
0.93576413
0.99373555
0.92427292
0.80679640
0.79914068
0.97649440
0.96564015
0.94056590
0.88271414
0.96281731
0.96440184
0.98070145
0.99652981
0.83385036
0.98909400
0.87061680
0.87962446
0.97417674
0.96730354
0.80407800
0.96177260
0.83585483
0.90141543
0.97877733
0.90333506
0.93677343
0.98557500
0.89210269
0.97738361
0.84258016
0.96054888
0.85567961
0.87423992
0.99727136
0.99698541
0.91221947
0.97254021
0.97753808
0.99304915
0.97501338
0.98463945
0.98071619
0.94781923
0.91438430
0.95341229
0.93006723
0.95000449
0.99577392
0.99657332
0.99722151
0.94392626
0.92737693
0.99678584
0.87929145
0.98940293
0.99453148
0.90290345
0.96445837
0.85565260
0.98026554
0.99806742
0.94931525
0.96996938
0.82365982
0.99584858
0.98394528
0.95331274
0.98196682
0.98879739
0.98714245
0.98294386
0.99710824
0.99414541
0.90175248
0.99826208
0.95983704
0.99626931
0.98757919
0.97789481
0.97582100
0.99681755
0.81800406
0.96733876
0.98920854
0.89675895
0.98984873
0.99088148
0.85555276
0.95562847
0.99631581
0.92272837
0.95301063
0.88504501
0.96122237
0.96132146
0.98525937
0.97963998
0.99638254
0.98956173
0.98946339
0.97158252
0.86424407
0.81920525
0.90349292
0.89079374
0.99596577
0.97855193
0.91009828
0.97185583
0.97000268
0.99033929
0.96800001
0.99732196
0.99773597
0.99048065
0.83077238
0.92260000
0.98417769
0.97604124
0.93912038
0.94209108
0.98372964
0.98412805
0.95346606
0.94171479
0.99289764
0.94990758
0.84127746
0.94356820
0.98315304
0.97862556
0.84655057
0.95826612
0.81097626
0.96078295
0.98592256
0.99005406
0.89753673
0.92458487
0.82529252
0.97127154
0.99667512
0.96694344
0.94633231
0.89855088
0.88117645
0.99052926
0.95207994
0.97709703
0.99752404
0.86993777
0.98960271
0.99293482
0.99091018
0.97356854
0.82286189
0.86960516
0.89625652
0.98481517
0.82194684
0.95490120
0.80099304
0.99832965
0.99670767
0.99426719
0.78850801
0.99411485
0.99014427
0.98705605
0.99282188
0.96953404
0.93986232
0.95128392
0.99425545
0.98122728
0.98521515
0.98929416
0.99871991
0.94168862
0.99606649
0.94804449
0.99132443
0.96603219
0.96675932
0.88334222
0.96502901
0.90939045
0.98682291
0.86052673
0.99471316
0.82626699
0.98927181
0.81220985
0.96888898
0.82711357
0.93981205
0.95414835
0.99892065
0.97891487
0.91223471
0.84522652
0.99732039
0.91759803
0.99484059
0.88404651
0.97112469
0.97715195
0.87792478
0.97606496
0.99737812
0.99690896
0.96510191
0.99050765
0.80547052
0.99116967
0.86052694
0.98074840
0.87400600
0.98280227
0.80127822
0.91013603
0.95867221
0.95307737
0.94344728
0.95579551
0.97744595
0.88271879
0.97726143
0.81316868
0.91182862
0.97781609
0.96604280
0.86344469
0.96222851
0.87296951
0.92750419
0.81935722
0.97855993
0.99345308
0.98047596
0.98505259
0.85157439
0.99565360
0.98847891
0.94596241
0.93532196
0.86029654
0.89840259
0.98063865
0.93670480
0.99173560
0.91606191
0.99276865
0.94905566
0.98163055
0.99808152
0.97817046
0.99350392
0.89692452
0.94634928
0.99220632
0.98917240
0.97277857
0.99453522
0.90439219
0.98208013
0.89687030
0.97887833
0.96625500
0.85375661
0.99600020
0.98517766
0.90576026
0.96618812
0.93239034
0.99637873
0.97932632
0.98687355
0.85462268
0.91207425
0.98757481
0.97480606
0.95091687
0.94008548
0.97228346
0.98704033
0.98164595
0.99656946
0.99898932
0.99584322
0.95089506
0.99407585
0.99097796
0.99278631
0.93447049
0.93000108
0.93023920
0.88032097
0.97578655
0.99097726
0.90623306
0.79534774
0.82531624
0.94817052
0.98412653
0.81053124
0.82996645
0.98997229
0.90001348
0.93543401
0.98821666
0.92378890
0.89948043
0.99473907
0.90035171
0.98422734
0.99352808
0.81689416
0.98850065
0.94903549
0.85394289
0.96755471
0.98921502
0.81588595
0.97449005
0.92050503
0.97787719
0.89416963
0.98764532
0.89368998
0.91026157
0.90487582
0.99345226
0.97615304
0.90254608
0.96823396
0.94100887
0.91530830
0.94710590
0.81102551
0.86576281
0.99135101
0.99434823
0.98983780
0.99832753
0.98586099
0.97557126
0.93030265
0.97706581
0.84348854
0.99940355
0.88483152
0.98349808
0.96676887
0.99509360
0.95369873
0.97183901
0.97736215
0.94097827
0.99337146
0.92618050
0.98836152
0.99689267
0.98906363
0.89866558
0.99462319
0.82357802
0.85018051
0.99548083
0.94691818
0.99547339
0.85448665
0.98734324
0.98397071
0.92130157
0.83423852
0.99858049
0.93506036
0.92651264
0.99648971
0.99733285
0.90194393
0.97244563
0.97351824
0.98643940
0.99469217
0.97920278
0.95679781
0.92164098
0.93335355
0.82158900
0.94890960
0.95489690
0.99779778
0.96513194
0.93209787
0.97421080
0.97306435
0.92201596
0.83294820
0.82150832
0.98786803
0.95298013
0.99538554
0.82831167
0.88757987
0.97882474
0.86118711
0.90767482
0.96734180
0.91325698
0.89554337
0.92648651
0.85633802
0.98963324
0.95216533
0.98747732
0.98776831
0.99630455
0.99179850
0.98321689
0.96161244
0.97918838
0.97987134
0.96214819
0.99500398
0.99919310
0.99637236
0.93468006
0.84548085
0.99978848
0.82821180
0.99709209
0.99803325
0.90728726
0.92815767
0.90104872
0.96299251
0.93842537
0.99483126
0.86092997
0.98799975
0.98892979
0.99727409
0.98343642
0.88765407
0.89820026
0.97162747
0.91940365
0.93287451
0.88501176
0.99614989
0.99819873
0.98581231
0.98345769
0.99048004
0.99631961
0.97923996
0.92359607
0.99136299
0.86058281
0.95514174
0.92877009
0.89655702
0.99285274
0.92874785
0.96850511
0.99525467
0.81559998
0.98690237
0.99007965
0.94611853
0.96573270
0.98355366
0.97858373
0.98757504
0.99763345
0.99300712
0.88692106
0.96376966
0.94550926
0.89044142
0.98132937
0.86115861
0.99937402
0.99259887
0.97649007
0.94966288
0.92789155
0.85287641
0.88504099
0.98034540
0.96263251
0.83949129
0.96743518
0.94443476
0.99352811
0.99709427
0.99494375
0.99648506
0.99418125
0.92535161
0.98296720
0.82470389
0.90884326
0.99328924
0.96485098
0.99314278
0.96381906
0.99544214
0.93354475
0.98755217
0.96651677
0.81584979
0.98059036
0.97959584
0.99436517
0.99044196
0.92243665
0.84583670
0.98681507
0.99501477
0.87573601
0.99818142
0.81990532
0.79179268
0.99513080
0.86337814
0.85533647
0.99490698
0.98810412
0.92788239
0.97820927
0.91237741
0.99915643
0.99300378
0.95096830
0.95170324
0.99834027
0.96463349
0.97896368
0.96200904
0.99512941
0.86367723
0.85463083
0.90817086
0.98660695
0.98805737
0.99653138
0.90658476
0.99304752
0.97846610
0.83428802
0.92365648
0.82135078
0.81832330
0.83781740
0.99255698
0.99239731
0.96316343
0.90625712
0.96291387
0.91550544
0.98358717
0.96010233
0.98696140
0.98004740
0.96906681
0.95665747
0.97566661
0.99806148
0.82356539
0.88722497
0.92521497
0.99144738
0.86937469
0.87294510
0.97227722
0.94888126
0.99439576
0.99574984
0.87643076
0.89771595
0.99189353
0.94451847
0.92054794
0.82169036
0.99114026
0.92192491
0.92672992
0.93905252
0.93132981
0.81665077
0.94081195
0.94753477
0.99063055
0.87257057
0.98046279
0.91914764
0.95839234
0.99443130
0.95212664
0.99820178
0.93352309
0.94584081
0.92802764
0.98959687
0.96200989
0.95286676
0.92964567
0.99809765
0.90434064
0.81332000
0.94369875
0.90264350
0.99826340
0.89230934
0.98321264
0.99582183
0.90700318
0.97272526
0.98327929
0.85435427
0.94990589
0.96092891
0.99520215
0.99421995
0.99624460
0.98668206
0.84199263
0.97950273
0.97734362
0.82380025
0.88871037
0.93974815
0.95285965
0.86986023
0.81877515
0.96124790
0.99246340
0.94863647
0.96028502
0.83352546
0.99432455
0.95875604
0.98619999
0.81617600
0.98291260
0.97490986
0.85135126
0.97604264
0.81117440
0.98417180
0.88195748
0.97587381
0.99151471
0.99742690
0.99518361
0.99788766
0.88570828
0.94415825
0.98862418
0.99156455
0.98550713
0.97821374
0.97503914
0.98983709
0.96587183
0.99498864
0.97577120
0.97870475
0.99060263
0.86345149
0.99883079
0.84036464
0.99271634
0.99021205
0.86757350
0.97567378
0.90476211
0.98312061
0.86380612
0.98641806
0.89187541
0.86387188
0.93224471
0.95435713
0.92379778
0.98402670
0.82927339
0.98606738
0.99656764
0.97831293
0.99626776
0.99100375
0.97202169
0.90788936
0.96141062
0.97899408
0.87269151
0.92401499
0.97892235
0.99659964
0.99778835
0.97998877
0.83514924
0.97867440
0.91973425
0.99688430
0.97995420
0.90543435
0.85882233
0.88426722
0.97487761
0.99421426
0.99083705
0.97356302
0.99627155
0.92689210
0.99332847
0.98756296
0.94466261
0.98278152
0.87702107
0.94013766
0.99296592
0.96572416
0.99310914
0.93185279
0.98025875
0.86875486
0.98088645
0.99627204
0.94666515
0.85667638
0.98266566
0.91609184
0.99775966
0.91842683
0.97432698
0.97899621
0.97516077
0.99819987
0.99647936
0.96924313
0.94518705
0.99581460
0.87135560
0.91247591
0.98849762
0.97758203
0.86228628
0.99452490
0.97238677
0.97813107
0.79823395
0.99582077
0.88107801
0.81629168
0.93942021
0.94424687
0.95596875
0.97176150
0.94817456
0.99674449
0.99213432
0.98113989
0.95407857
0.98822711
0.91912169
0.93235765
0.98416464
0.99765165
0.80248236
0.83124793
0.98545504
0.97686700
0.96136258
0.88060686
0.91317460
0.93432652
0.99429486
0.81597797
0.99339266
0.98017242
0.99179367
0.90641450
0.99829045
0.94889755
0.97944326
0.97620645
0.94133502
0.82767388
0.94189988
0.93423153
0.94849287
0.90047094
0.99137550
0.82684688
0.99494961
0.90241493
0.98537458
0.97185931
0.98851689
0.94886260
0.98670014
0.93026821
0.92638116
0.82469229
0.98797216
0.95818691
0.99584858
0.96820463
0.93245304
0.88940353
0.98579133
0.89770092
0.95856840
0.98065523
0.94817150
0.97796629
0.80279955
0.92447759
0.93941617
0.96639827
0.98232655
0.95701318
0.99807765
0.92611918
0.82768736
0.98913833
0.96537427
0.83876677
0.95155547
0.85196787
0.99103282
0.99732292
0.97618998
0.92951238
0.93235341
0.86349730
0.97232131
0.91603886
0.82839585
0.88767291
0.98256061
0.98394168
0.99517283
0.87043908
0.96739040
0.99543637
0.84121390
0.97708212
0.93888073
0.98318325
0.99168696
0.83486010
0.88652584
0.96159081
0.98818736
0.97939802
0.97969105
0.97813487
0.98692887
0.89158651
0.81857531
0.92348484
0.98803674
0.99650773
0.96868127
0.85547088
0.94745433
0.94040432
0.80461219
0.97503738
0.98976281
0.89842477
0.93081365
0.82465057
0.97996969
0.95805680
0.99717108
0.89852736
0.94654704
0.98070043
0.95281237
0.93817345
0.99238159
0.99142500
0.95229633
0.98858088
0.97314608
0.99658143
0.86903543
0.96369074
0.99329106
0.98686482
0.94506608
0.96073622
0.99939533
0.94044821
0.80159072
0.97544508
0.99422642
0.88896284
0.97109595
0.93489900
0.98864877
0.96935402
0.99247886
0.85511967
0.95751607
0.85194950
0.88608279
0.96653513
0.98517910
0.98851818
0.94426911
0.97447672
0.97778247
0.90032979
0.82623417
0.98240316
0.98687766
0.99368209
0.93038708
0.97097534
0.88374371
0.99941076
0.98933870
0.97921402
0.87384047
0.90599152
0.91542118
0.98451639
0.99556694
0.99187602
0.96072376
0.99468452
0.90840458
0.94738131
0.97641574
0.81401533
0.99059276
0.85889461
0.98794280
0.81485642
0.99030184
0.98149647
0.98336487
0.99197585
0.86410266
0.86545419
0.81716603
0.99498077
0.80370453
0.96954150
0.94586074
0.85698220
0.95996660
0.92952379
0.90776581
0.99063098
0.82813046
0.86424688
0.94308141
0.86688942
0.95528558
0.98096444
0.88798559
0.96021754
0.98246582
0.80425750
0.98302764
0.87671478
0.95673938
0.99797274
0.91188646
0.99490890
0.93602703
0.90636412
0.99684345
0.85902761
0.97729600
0.90896146
0.95377973
0.98339779
0.89371211
0.81703625
0.89710652
0.91986894
0.99013028
0.98167914
0.93909207
0.82484292
0.83002754
0.94367013
0.96762532
0.98254866
0.84989731
0.91457840
0.97067444
0.84810705
0.87095155
0.96494876
0.89222857
0.99215773
0.81243866
0.99048071
0.99415309
0.99639124
0.95349281
0.99627997
0.98149701
0.93277428
0.92890148
0.99290703
0.99491090
0.98847125
0.88151169
0.80348042
0.97173128
0.99028206
0.99462066
0.95759687
0.97757926
0.98183690
0.96998548
0.99111069
0.98695479
0.99518974
0.91581206
0.98501121
0.99840765
0.99384109
0.99770863
0.98044865
0.83730339
0.97560573
0.95379834
0.86620662
0.98906214
0.99003679
0.88980554
0.99423593
0.96839585
0.90994076
0.95384419
0.81660761
0.96976451
0.95739863
0.97620904
0.91053829
0.99215613
0.92785136
0.98077644
0.95773997
0.83464631
0.93503137
0.82606755
0.99226718
0.93777486
0.95654505
0.99547579
0.88614892
0.86147895
0.89043258
0.99478361
0.89143913
0.98775344
0.95004461
0.94290619
0.99754997
0.82920929
0.89295257
0.96917649
0.85698940
0.95607488
0.89628432
0.98557613
0.97875623
0.99917505
0.96755527
0.95503731
0.98712579
0.99549278
0.96884488
0.99893766
0.93901784
0.96911964
0.94869391
0.97403432
0.99258205
0.89682327
0.90678977
0.99262574
0.96045934
0.99560672
0.99103830
0.87442894
0.94972546
0.80469046
0.98809583
0.98434789
0.92393531
0.89022466
0.89514359
0.96595372
0.98112611
0.96146111
0.92978212
0.98643565
0.87536329
0.98672943
0.98745748
0.87637326
0.99289076
0.99169180
0.88041863
0.96164805
0.93811571
0.98447925
0.95046992
0.98044194
0.82704541
0.96782414
0.99320872
0.85937196
0.96824344
0.87719945
0.98624279
0.99236159
0.99392683
0.99672111
0.99324006
0.89238124
0.98964516
0.98737261
0.97647367
0.99589244
0.98219363
0.99959679
0.98408752
0.81063214
0.86854200
0.94086030
0.98045489
0.99275002
0.96527943
0.83090687
0.97862643
0.92125734
0.97576929
0.80405908
0.96569476
0.96910409
0.99283394
0.95417645
0.97095001
0.99331800
0.99473041
0.97211563
0.99623965
0.86443998
0.88065843
0.84561973
0.99473143
0.87437330
0.80889247
0.96412224
0.93982724
0.99556007
0.98957854
0.96260908
0.94922057
0.88560670
0.82112664
0.85847700
0.99842520
0.94295772
0.80174848
0.89693683
0.98549624
0.88830419
0.99547361
0.92100369
0.99185207
0.99504553
0.98681421
0.92945227
0.86786679
0.91281168
0.99736554
0.98788046
0.98913232
0.86072044
0.88244367
0.97647311
0.97833476
0.99052180
0.98038575
0.93612889
0.97183739
0.98056138
0.98188669
0.89347433
0.98817897
0.87339990
0.98783244
0.99850895
0.98508674
0.99510255
0.97705463
0.97857162
0.91850862
0.80238884
0.82606000
0.81789078
0.94834508
0.99907867
0.94960590
0.98290689
0.87550240
0.98223598
0.93286699
0.81687321
0.96839020
0.86687845
0.94405280
0.99680149
0.97494813
0.99465351
0.81426612
0.95424809
0.98411445
0.90557892
0.95388916
0.87708094
0.99487797
0.99526172
0.99221684
0.88136676
0.94048161
0.89501774
0.96962069
0.98446391
0.81595551
0.89162549
0.98331492
0.99419378
0.88088954
0.98991895
0.96285879
0.89114566
0.99905907
0.90595100
0.91673309
0.93470410
0.96495532
0.93092537
0.96762600
0.99820490
0.95793385
0.99559371
0.87374538
0.89182624
0.88141405
0.93605136
0.98271857
0.95390391
0.95036708
0.88281139
0.98450623
0.92177944
0.91016227
0.98317211
0.93313156
0.98557623
0.99080353
0.86679290
0.98947755
0.99683657
0.90640803
0.82480939
0.99705079
0.95929575
0.80111164
0.89470120
0.89406030
0.99709184
0.82434896
0.89734639
0.99207285
0.93977355
0.87033707
0.98564922
0.84629261
0.98261370
0.95769189
0.98856978
0.95343063
0.99789551
0.92219689
0.84365871
0.98483103
0.93568130
0.93904983
0.83919280
0.95609834
0.98564868
0.95363471
0.86649772
0.99413682
0.87623127
0.90908566
0.96173438
0.89606897
0.98576327
0.99756241
0.81950334
0.96817312
0.89538602
0.97052318
0.96304615
0.94777509
0.91348142
0.81507606
0.82333051
0.98820896
0.99667494
0.82603797
0.90999911
0.79734988
0.99748958
0.93413409
0.99197622
0.98417738
0.96302116
0.99525747
0.97799109
0.97934405
0.85293009
0.85380866
0.96174521
0.98542257
0.99290313
0.93334576
0.97391893
0.99832771
0.96827366
0.96502980
0.85485583
0.99139948
0.97039618
0.97492629
0.93686354
0.93879901
0.94973426
0.98179270
0.91213797
0.99414865
0.99781643
0.95240681
0.96071251
0.99603891
0.96815847
0.98268613
0.85847773
0.88191949
0.91806403
0.94665202
0.88614401
0.96319334
0.95001202
0.99716038
0.94530854
0.81448380
0.95410680
0.98554909
0.83922551
0.94157850
0.94841693
0.94551135
0.82855968
0.92805348
0.98858843
0.93203898
0.94251465
0.99056706
0.96708489
0.99286964
0.95677503
0.93324007
0.99602687
0.84461325
0.98963332
0.99756323
0.91847294
0.82316664
0.85184030
0.85871642
0.98138009
0.97792488
0.99777143
0.96047177
0.99681744
0.99377386
0.98846110
0.84343828
0.93536941
0.94524744
0.99441933
0.98884638
0.95688962
0.98422446
0.81141203
0.87147680
0.92027964
0.90823447
0.97239191
0.95910822
0.91080270
0.98612088
0.99732373
0.99353272
0.98209400
0.96124020
0.78355083
0.93055517
0.99327667
0.97987153
0.92238642
0.93114710
0.98976235
0.81595609
0.98657328
0.96896294
0.87142650
0.98805262
0.99001747
0.90910630
0.99301990
0.96627857
0.99584779
0.86293853
0.99451454
0.99592688
0.99639848
0.97415569
0.99584657
0.94247635
0.97247175
0.87891570
0.98503985
0.92544054
0.98380549
0.93091958
0.98178743
0.99408743
0.99766255
0.96191359
0.98925840
0.99520709
0.96075109
0.99675241
0.99654751
0.88887315
0.93919987
0.97246235
0.99132954
0.90911532
0.99111350
0.94128364
0.92384471
0.99363893
0.99038651
0.97336587
0.80011040
0.88915940
0.99680808
0.98600971
0.83372933
0.98908050
0.95833284
0.99346630
0.89682493
0.89928814
0.92811874
0.78767221
0.89674561
0.96311852
0.94306770
0.96312496
0.98298493
0.96750336
0.99504060
0.99317653
0.98016596
0.99146521
0.88385662
0.98374220
0.80863414
0.82946561
0.99384417
0.88941816
0.97499194
0.93687158
0.98703399
0.94691656
0.97683703
0.98908537
0.89415456
0.99390869
0.99155484
0.92070120
0.85391371
0.98540638
0.97337034
0.96004745
0.97706848
0.97871713
0.97614126
0.99695149
0.98197031
0.97976693
0.99397167
0.94514256
0.99427672
0.96943469
0.93612131
0.98042349
0.97413477
0.84978972
0.89432465
0.93465503
0.98963643
0.96025717
0.86840001
0.90802913
0.99728377
0.83486489
0.80743015
0.92953455
0.82341382
0.89303333
0.99307850
0.92256963
0.97471822
0.99899423
0.97711790
0.85585331
0.86116367
0.93166089
0.99740573
0.98077432
0.94241860
0.94005107
0.99734398
0.81220102
0.94812072
0.90095041
0.80329436
0.95108625
0.98588428
0.80952910
0.99349923
0.91230476
0.97727410
0.94622781
0.99442266
0.93369977
0.99683157
0.98969449
0.97461096
0.99789354
0.96572366
0.99555803
0.95710093
0.93030850
0.86606168
0.86535754
0.98882395
0.99557663
0.99287015
0.89659125
0.97761249
0.94457147
0.99163900
0.99832170
0.80861993
0.98300459
0.83764920
0.98698513
0.89447584
0.95802997
0.94091105
0.98752202
0.86889550
0.94566132
0.95603086
0.95994204
0.97429762
0.99311434
0.91468896
0.96372985
0.99546936
0.87904852
0.99808424
0.99385924
0.97200551
0.99567924
0.83377408
0.99192114
0.98952503
0.99483247
0.98008206
0.98600040
0.98794783
0.87760038
0.99200582
0.97277150
0.99733256
0.93258690
0.93645584
0.99571676
0.99700606
0.90744317
0.95079486
0.93866110
0.99009904
0.95329097
0.95706066
0.86268107
0.97971842
0.87738516
0.96201377
0.97048486
0.99018304
0.99720510
0.99107462
0.98263115
0.97645009
0.97251282
0.96090047
0.93950551
0.98796465
0.99443034
0.96152743
0.93731447
0.98209219
0.99070027
0.95825752
0.91274627
0.99830951
0.96703488
0.99126819
0.98025956
0.95080348
0.98268723
0.99026062
0.99389130
0.99433511
0.95212670
0.99483321
0.92010486
0.98298614
0.90034786
0.93195308
0.81428838
0.98059422
0.82453422
0.99017685
0.99551108
0.99929174
0.99674054
0.92191949
0.94490937
0.80762288
0.93682106
0.97445346
0.90930984
0.95654048
0.95986518
0.87072993
0.99089347
0.98753693
0.89964189
0.98783702
0.97230938
0.87014509
0.88956310
0.89481663
0.97775717
0.91599771
0.99469506
0.92353814
0.98215758
0.99601300
0.94936324
0.91932067
0.98506996
0.83814589
0.99685041
0.92730619
0.98959883
0.98176382
0.83519599
0.99533401
0.79896331
0.88706708
0.97659929
0.99883766
0.99758784
0.95408593
0.97800448
0.96264179
0.96623939
0.96854961
0.96344402
0.99909718
0.96690456
0.99052528
0.92246018
0.99776849
0.92718066
0.97883280
0.99305352
0.98558089
0.92172783
0.98825717
0.94511838
0.98431362
0.98790783
0.95665224
0.97461237
0.98688509
0.99180859
0.86276374
0.99896984
0.96351293
0.93034428
0.99764326
0.88194794
0.98617726
0.96565373
0.98903690
0.84909021
0.99441962
0.98484511
0.94146350
0.98239819
0.96981331
0.99031344
0.98922119
0.87378245
0.88951095
0.94305335
0.91598788
0.99011252
0.99645514
0.90711923
0.93673549
0.97721284
0.97635172
0.98711528
0.81183477
0.81051528
0.97200894
0.93632144
0.87160302
0.91989730
0.91296555
0.99494235
0.99190507
0.94453287
0.98268155
0.99853530
0.83165076
0.90915416
0.98309892
0.99566403
0.99658734
0.95848806
0.92928210
0.98446726
0.86971058
0.92577497
0.99866519
0.98203418
0.96956775
0.80636206
0.99073521
0.98071583
0.97516843
0.91748784
0.98102321
0.99540399
0.99564687
0.99840613
0.88544148
0.91794748
0.99264890
0.99701816
0.96415648
0.88838845
0.80171377
0.98815360
0.87784755
0.97771895
0.98529306
0.98906459
0.91244462
0.96525003
0.99383847
0.95947066
0.89414689
0.90492932
0.92481903
0.98629705
0.93781498
0.95746506
0.87934484
0.99333642
0.90825005
0.92641941
0.94793323
0.97861617
0.93200166
0.81512373
0.99810295
0.91016824
0.80087891
0.81428150
0.97286940
0.92561099
0.99816263
0.97876244
0.98351808
0.97338512
0.96040387
0.98455246
0.80673392
0.94226483
0.97751170
0.97657343
0.89768089
0.94455703
0.83621521
0.99503957
0.84420229
0.98499819
0.98146310
0.99884383
0.99310704
0.97976282
0.84888210
0.96061804
0.99152874
0.97199649
0.83028229
0.99794273
0.97350426
0.91238261
0.98823229
0.97148421
0.95289988
0.88196888
0.99132491
0.92210040
0.89949973
0.98493182
0.99618699
0.82850678
0.98292301
0.96253394
0.95319064
0.99531121
0.87055046
0.99683226
0.99278050
0.87006631
0.99128275
0.93959575
0.96863424
0.99341359
0.98961897
0.98769608
0.96534615
0.85980838
0.97157395
0.99445872
0.99247963
0.93346846
0.93726481
0.99902049
0.95361739
0.85027262
0.90271456
0.98457347
0.91151221
0.98265318
0.95620995
0.86196139
0.99094986
0.95084925
0.98993464
0.86357429
0.97269750
0.90706900
0.96469419
0.83661720
0.98583437
0.94727029
0.93215481
0.95351691
0.92958892
0.93755565
0.93815029
0.88368312
0.97269646
0.99564199
0.82185799
0.96484884
0.96712911
0.97922996
0.89394568
0.97903167
0.79650062
0.87612966
0.99191713
0.97766768
0.92524262
0.93090900
0.91497773
0.98288249
0.94116465
0.95952283
0.99289941
0.90126829
0.96575856
0.86813491
0.81796322
0.92362452
0.96196961
0.85168518
0.98460026
0.92771304
0.99063266
0.91914731
0.97388656
0.98933948
0.99442803
0.94015649
0.97859699
0.97193565
0.84684288
0.92387982
0.99788581
0.98193744
0.94907657
0.86966780
0.99841522
0.92680672
0.97494586
0.98598219
0.95399310
0.98152332
0.80124552
0.88765069
0.98638066
0.99780198
0.94099322
0.95304707
0.99661985
0.87082422
0.97058704
0.98797466
0.96269727
0.89421367
0.80827537
0.95577213
0.98184174
0.89221234
0.91788809
0.89687876
0.99783978
0.95783671
0.99206347
0.91657690
0.99538989
0.98951722
0.98002245
0.96487295
0.96893179
0.95975968
0.98411756
0.95434617
0.87115634
0.96815192
0.95096434
0.99087803
0.99156352
0.98151576
0.99278540
0.92918187
0.96622727
0.85325484
0.99504099
0.96320676
0.98467833
0.99787188
0.99421721
0.99725487
0.99872638
0.99634076
0.93640499
0.99552608
0.94631141
0.87010976
0.99435704
0.87059032
0.80601893
0.97517815
0.93993369
0.86642152
0.88555209
0.98218497
0.94266712
0.90406859
0.82548470
0.99140660
0.87300271
0.86485098
0.99712894
0.99195429
0.88601558
0.91547552
0.91282554
0.97911225
0.99299183
0.92022169
0.87367125
0.93834041
0.97798591
0.99821787
0.97996679
0.96346588
0.92846187
0.81176984
0.99185071
0.89318457
0.89986108
0.96645763
0.98485972
0.96375296
0.91945497
0.94695415
0.97792252
0.92693711
0.99685651
0.89577765
0.95044833
0.99019421
0.99039864
0.98562671
0.97946897
0.98677164
0.89290603
0.87480739
0.90331657
0.92980553
0.99063424
0.96507065
0.92296467
0.96875305
0.85770415
0.94326771
0.95180029
0.99303078
0.95773753
0.85094243
0.85149944
0.90232663
0.99461595
0.99011704
0.95800290
0.99440632
0.98674462
0.96105505
0.97773961
0.99840192
0.97244036
0.95417749
0.95300247
0.99279649
0.89137311
0.99610986
0.87950507
0.96919396
0.99317647
0.93160892
0.98025003
0.85554445
0.81729100
0.98489191
0.84945422
0.99706086
0.99383873
0.93563376
0.90407601
0.99273066
0.93958616
0.99014066
0.96522830
0.90328772
0.79124751
0.88677413
0.80840112
0.99814535
0.95337065
0.99339416
0.85764909
0.96609601
0.99533979
0.99536403
0.93056079
0.89281374
0.92690947
0.96747861
0.96438871
0.96179719
0.98873248
0.94566193
0.94288574
0.88067813
0.90377832
0.95284648
0.93016919
0.81033705
0.95284277
0.99371286
0.99138452
0.95019398
0.99709074
0.98378012
0.95495745
0.91245039
0.98306871
0.96820384
0.85164130
0.99590298
0.93522582
0.98689516
0.99536509
0.96991370
0.99593383
0.90795259
0.89428841
0.99929536
0.99022661
0.86864947
0.99410242
0.84324448
0.84860324
0.90482491
0.93157611
0.99890048
0.99739062
0.81428891
0.96394079
0.91772289
0.89848054
0.83065496
0.87997780
0.98987552
0.97932597
0.97707431
0.85542073
0.85184644
0.99662327
0.99805254
0.98018344
0.81360266
0.99254024
0.92988475
0.96572318
0.94900137
0.99848957
0.99841269
0.94270241
0.97671389
0.99636495
0.84376601
0.95749146
0.99329961
0.92355999
0.96782580
0.97935339
0.92630070
0.99276096
0.96878194
0.98430110
0.99012797
0.95131479
0.99313451
0.93952668
0.98768484
0.98808346
0.87017825
0.98811425
0.93976057
0.83695013
0.97878186
0.95066339
0.99443136
0.93842950
0.91436637
0.99479951
0.97764404
0.91155842
0.81245271
0.82092666
0.97313386
0.98984070
0.97719535
0.96844500
0.96064597
0.91096736
0.99589280
0.98688537
0.95321353
0.93866768
0.97583741
0.96963511
0.87709759
0.83379309
0.99698730
0.81802184
0.84044501
0.88396913
0.98595633
0.99360372
0.95962853
0.90890785
0.99026690
0.87401927
0.92339499
0.95134179
0.98774678
0.89390100
0.95912637
0.99273466
0.94823855
0.99061551
0.98247221
0.88515703
0.99631979
0.89898791
0.91000394
0.99423055
0.99223110
0.96659486
0.99549582
0.84852891
0.99631431
0.98959394
0.97977264
0.99370696
0.86875118
0.81068236
0.99514943
0.99315196
0.99085913
0.85440283
0.87249072
0.99803976
0.84392467
0.93405438
0.85436710
0.94986623
0.99341028
0.87026236
0.92311688
0.88046094
0.95770603
0.95271832
0.97666442
0.94655755
0.81605103
0.88304759
0.98919739
0.92855306
0.96137224
0.82231315
0.83226943
0.94093014
0.99120981
0.80197099
0.86932510
0.98955289
0.99027699
0.95495121
0.86077320
0.98688050
0.99390401
0.86108581
0.81132748
0.99497601
0.99544959
0.89698586
0.90716211
0.81685768
0.97795655
0.96954807
0.94142050
0.97487811
0.95359256
0.88037802
0.80054790
0.97228928
0.99368342
0.99382358
0.83912718
0.85954043
0.95673077
0.86884165
0.86502742
0.98391805
0.96348261
0.98581842
0.99813969
0.99085029
0.95544684
0.99546595
0.96580162
0.96560320
0.93613988
0.87871694
0.95607790
0.96542039
0.98674324
0.99311606
0.98992836
0.95312164
0.96324828
0.81296686
0.99809653
0.96880908
0.97634218
0.99291829
0.98983712
0.99250982
0.90922480
0.96227736
0.99635594
0.97698368
0.96155089
0.96626249
0.98516570
0.99187367
0.89242439
0.99962163
0.84446015
0.94591746
0.94563453
0.97992358
0.99435718
0.81985977
0.96850712
0.95868649
0.92030708
0.98783918
0.94549184
0.95821989
0.88957739
0.95731375
0.88620935
0.99131501
0.99218323
0.94906472
0.87987503
0.88750802
0.87262098
0.99094056
0.82181186
0.98610538
0.99083836
0.95163486
0.99676366
0.90318024
0.98662453
0.97575065
0.85533766
0.98719444
0.85140624
0.96812339
0.99747036
0.98526276
0.91430875
0.81627406
0.95999729
0.98238025
0.83440456
0.86006262
0.97924171
0.99806350
0.98741211
0.98804101
0.87930258
0.99681066
0.92888933
0.96319507
0.84615076
0.93746383
0.95622467
0.99495664
0.87678114
0.92177727
0.87347308
0.95819162
0.87907457
0.99778029
0.92087144
0.88439688
0.98038565
0.83685794
0.99373957
0.96849955
0.99667109
0.96541004
0.89963946
0.86790364
0.81245229
0.93983392
0.80067959
0.89340483
0.94148266
0.99583319
0.87417779
0.89129953
0.88788540
0.94765430
0.99727260
0.96753281
0.98769645
0.99014688
0.99893357
0.99456076
0.92539539
0.96605751
0.93073535
0.93045239
0.96745088
0.99245838
0.98916495
0.98917821
0.97859325
0.96471332
0.87015584
0.79212123
0.98452395
0.98656399
0.97179006
0.98987899
0.82017240
0.87475885
0.84145832
0.82452702
0.98366272
0.95560113
0.82936605
0.99605634
0.97077645
0.88852277
0.82022897
0.98659493
0.98509634
0.90123710
0.82395298
0.87983027
0.97681425
0.97095605
0.99594817
0.97310004
0.99913404
0.84231326
0.99748648
0.93670138
0.92208262
0.91903266
0.99302369
0.83385279
0.88754364
0.97856477
0.99581848
0.96638674
0.94720339
0.98671111
0.99154081
0.99636755
0.92239322
0.99270880
0.99111153
0.99862350
0.98236001
0.94043066
0.98935600
0.85953488
0.98098657
0.97112277
0.99543191
0.98344391
0.96692582
0.85214874
0.98113458
0.79855529
0.99812920
0.91420872
0.99922164
0.78677784
0.87371284
0.97019832
0.90385840
0.85800243
0.97065575
0.98671752
0.99538350
0.99705078
0.96487011
0.99732206
0.85389627
0.87222667
0.97542533
0.92217415
0.99358767
0.87309972
0.99397181
0.99983017
0.99950029
0.99130229
0.99549347
0.98555166
0.99145144
0.83746133
0.99209806
0.94931494
0.93165024
0.80617745
0.99556282
0.98339733
0.96688784
0.89172037
0.99528488
0.92626951
0.97330230
0.96201175
0.86742915
0.95422528
0.90114319
0.92377256
0.94901836
0.87051264
0.98201982
0.95238886
0.96815575
0.82563677
0.90198077
0.83463917
0.99922481
0.84789789
0.99802277
0.99684750
0.96780255
0.99558789
0.94864316
0.98693541
0.99766194
0.96540220
0.95559128
0.99620225
0.93176793
0.86363242
0.89958393
0.93782953
0.92977669
0.99577381
0.85662658
0.85285953
0.99632962
0.99406974
0.99046444
0.91306780
0.95808068
0.98658578
0.89695321
0.97722456
0.87105164
0.98307080
0.82047037
0.99724382
0.82871291
0.96872745
0.83571557
0.94636875
0.97733179
0.85734773
0.98660444
0.83110855
0.94590560
0.84151123
0.89367007
0.94057061
0.98525632
0.80481472
0.96874464
0.98027577
0.98972555
0.98675922
0.96680303
0.98272936
0.97511861
0.84530007
0.96924879
0.96801219
0.99354316
0.97409901
0.93281239
0.98195227
0.98796226
0.94627236
0.97597153
0.90471414
0.98391801
0.98971501
0.98048557
0.89987541
0.98076593
0.97100142
0.96182667
0.98680123
0.95109327
0.84566271
0.99431737
0.95167898
0.96996670
0.84931424
0.99521441
0.97918972
0.99302264
0.98617579
0.92929486
0.98837467
0.89570464
0.99687161
0.98726764
0.99284417
0.91340374
0.99484029
0.95615357
0.96784266
0.85006770
0.95045704
0.93496027
0.96275684
0.97295428
0.98407848
0.98906895
0.99758108
0.99510233
0.88712040
0.93433251
0.99197705
0.91060167
0.98630245
0.95082231
0.88831098
0.86108382
0.99126939
0.97741679
0.85660372
0.96621642
0.88440400
0.87759572
0.79971367
0.98605276
0.88203348
0.95010713
0.80775826
0.81766987
0.84647947
0.98624746
0.90811522
0.98695407
0.86545205
0.93653423
0.87326402
0.99223286
0.98378745
0.96349206
0.87315646
0.98370727
0.85479109
0.85439646
0.97111074
0.98088206
0.98628763
0.97910402
0.99066545
0.84510423
0.88259586
0.96668683
0.99770096
0.98846804
0.96602817
0.95701284
0.80028101
0.92175569
0.85465177
0.88956714
0.99322835
0.91154590
0.90425832
0.94443807
0.99472071
0.87188201
0.99463158
0.93858374
0.99526874
0.94357560
0.99048119
0.98467157
0.99133460
0.99289142
0.86589856
0.91044512
0.98270486
0.93174348
0.91097472
0.99423630
0.98432182
0.98254137
0.83647435
0.98357643
0.97190969
0.81040176
0.97899630
0.99905889
0.89023246
0.98409669
0.87896743
0.78908839
0.89849476
0.91163205
0.99353367
0.85754524
0.90070957
0.93474670
0.92846476
0.89536070
0.96537924
0.93313958
0.94493078
0.86565999
0.91351516
0.95612775
0.99170850
0.99763198
0.99572703
0.92031147
0.97564685
0.96870159
0.80961081
0.99653301
0.97659992
0.94961860
0.83417521
0.99922983
0.95879416
0.99253563
0.98187305
0.97029713
0.99692762
0.94047365
0.99417785
0.94885180
0.96517450
0.99251833
0.97086529
0.97781031
0.95201835
0.98227779
0.89957712
0.91318792
0.99656256
0.98929964
0.99211797
0.94312795
0.93226260
0.98607570
0.83629848
0.99441823
0.95635798
0.97628080
0.96567888
0.80131806
0.97293329
0.97937795
0.99513674
0.97769617
0.96279025
0.97728047
0.93320508
0.99682188
0.90918068
0.98743061
0.98968620
0.98100192
0.98324475
0.99025003
0.97641223
0.99472519
0.88111882
0.89930511
0.92224469
0.98457709
0.86897613
0.98668034
0.96235855
0.92634024
0.96883120
0.87301806
0.90450147
0.99332907
0.98939401
0.89958580
0.99484015
0.92693928
0.98653953
0.98699326
0.98512986
0.99411422
0.98668931
0.89249251
0.99463554
0.98318000
0.96113360
0.97992898
0.98279185
0.87970706
0.98496478
0.91050865
0.96823834
0.99648101
0.99110817
0.88111875
0.99670541
0.99584308
0.96330285
0.99624784
0.98013806
0.87420403
0.96588648
0.99682831
0.89140361
0.88792322
0.98943648
0.97516950
0.80615299
0.94757142
0.98204569
0.98794134
0.90330502
0.93494564
0.94773162
0.93596408
0.97283440
0.97045302
0.81531838
0.99418938
0.88431617
0.90767084
0.98267998
0.96962231
0.93443156
0.97980410
0.95899410
0.94105456
0.98115176
0.96065987
0.99826412
0.98988462
0.96300321
0.92445665
0.90468206
0.99854991
0.93774156
0.89476824
0.99605419
0.97539209
0.86692220
0.95053912
0.97242392
0.86912061
0.99767792
0.98832908
0.94945777
0.89692054
0.88582687
0.99930312
0.93825083
0.82408477
0.91940892
0.90906545
0.95231154
0.91950317
0.98303907
0.97093261
0.87824053
0.99732577
0.99123418
0.97272634
0.93479352
0.97942785
0.98565685
0.90860241
0.91721446
0.94840803
0.97219496
0.99746657
0.94495863
0.98897501
0.93067563
0.93932769
0.98922422
0.97216015
0.93502563
0.97418926
0.99828508
0.95167569
0.94723658
0.94108038
0.96534954
0.87178864
0.99418999
0.99669884
0.92495534
0.96946385
0.99823666
0.96428682
0.84104429
0.97927438
0.98809578
0.99223678
0.86821542
0.90601351
0.81981287
0.83156637
0.99171239
0.95176981
0.85377346
0.86831911
0.92449988
0.88757547
0.94466935
0.88421115
0.88117613
0.89325481
0.99704602
0.99747671
0.99173392
0.81721155
0.97551348
0.99814112
0.97605514
0.89736542
0.95380420
0.96508498
0.96298540
0.98279946
0.99519820
0.99457943
0.95893387
0.90674174
0.87638715
0.91176608
0.92319934
0.98458033
0.99188775
0.98916520
0.82605367
0.86097838
0.83173135
0.95604381
0.99359979
0.98654525
0.81668402
0.96255868
0.82650326
0.91151619
0.91080769
0.99417870
0.96518768
0.98905737
0.97927278
0.97409809
0.99092215
0.93644570
0.95893342
0.99789079
0.96257863
0.85882494
0.99112040
0.99206952
0.93559152
0.87620423
0.99786279
0.82619792
0.94924423
0.95657972
0.92761592
0.97886662
0.93129027
0.99834352
0.90287430
0.93303179
0.94748188
0.90812611
0.99105100
0.86931282
0.98921688
0.88281334
0.99566868
0.98749235
0.91099598
0.98437190
0.84760523
0.93966878
0.98506381
0.98454463
0.99694717
0.89036438
0.98809806
0.99769007
0.99371859
0.96903338
0.84837830
0.96543461
0.95269351
0.89085898
0.98137163
0.91330070
0.83155237
0.97268323
0.96072852
0.91796322
0.79953782
0.99748928
0.98676360
0.92197542
0.81326528
0.81572766
0.88740261
0.99435765
0.92101364
0.89403535
0.89403669
0.98130886
0.87303998
0.85454452
0.96042645
0.97413272
0.92378464
0.96069979
0.88095224
0.99776234
0.93127316
0.98267837
0.93213612
0.98558654
0.95321400
0.97363043
0.94451443
0.91098187
0.97928383
0.99151086
0.98747690
0.98829741
0.94176025
0.85722945
0.80945682
0.89868273
0.98092422
0.99585119
0.93476603
0.97608540
0.90758582
0.97013382
0.82905970
0.98669721
0.90121713
0.97513737
0.94643606
0.98296523
0.94814792
0.97572953
0.94698448
0.91000323
0.93900534
0.80187578
0.98159709
0.83726880
0.97481862
0.95531836
0.99105169
0.99041898
0.96056885
0.90176409
0.96829907
0.98807419
0.99913467
0.99791001
0.86366522
0.99918117
0.98397991
0.92539091
0.92867002
0.85336352
0.98346136
0.96042049
0.96302361
0.96811958
0.96353450
0.90381895
0.82849820
0.92583969
0.81917950
0.97429649
0.96783349
0.98733101
0.94203065
0.94991645
0.82177380
0.80469788
0.96574973
0.99239486
0.99551653
0.94269220
0.99845927
0.99610478
0.93958932
0.99646539
0.98678809
0.97819392
0.95862424
0.84428464
0.99553073
0.98736114
0.91785277
0.98844874
0.96711994
0.92857502
0.92246438
0.95010148
0.98593721
0.97034875
0.90367419
0.97492329
0.92150564
0.86212200
0.93167215
0.87374905
0.84233305
0.99725858
0.85109578
0.83940618
0.98005428
0.89604804
0.96131881
0.88444482
0.98244939
0.91838502
0.95791905
0.87698657
0.88756694
0.92458191
0.81511834
0.85739160
0.99047556
0.99587773
0.99328354
0.89797401
0.97793709
0.99213685
0.96621384
0.95269654
0.90519826
0.87024735
0.89466794
0.99310105
0.98332559
0.97843643
0.96374562
0.93353819
0.98129535
0.84230312
0.95145597
0.96617680
0.98439401
0.99144547
0.97171467
0.81629732
0.99162303
0.89596498
0.91148213
0.98585909
0.82628486
0.95263223
0.99691743
0.88933193
0.97974897
0.96358990
0.99762274
0.98757539
0.99029113
0.92798463
0.91660632
0.96664553
0.98985386
0.85021803
0.95892008
0.99206253
0.91175910
0.98677239
0.99128104
0.99410983
0.93550004
0.96271040
0.99263391
0.96345141
0.99205054
0.87819007
0.99972572
0.95350169
0.97800779
0.98756495
0.97041593
0.97088804
0.90921055
0.98285267
0.99556565
0.98007349
0.99357942
0.99294996
0.86260846
0.80334961
0.98586133
0.92162252
0.99448884
0.90901217
0.96146186
0.90487941
0.98682832
0.87502165
0.99734461
0.99082417
0.97363114
0.94904213
0.84131856
0.93733400
0.83588890
0.99198904
0.97565262
0.99717981
0.99647516
0.96572955
0.91368226
0.98162069
0.82296760
0.99333851
0.99869146
0.92821106
0.84316893
0.89387981
0.99622169
0.88620891
0.94060143
0.95603838
0.99653259
0.99066403
0.82775935
0.92844341
0.99678078
0.99603743
0.98950188
0.93504924
0.98807448
0.89921899
0.94584101
0.98343433
0.89774053
0.99437396
0.91235623
0.96214174
0.96396119
0.81369046
0.87450866
0.95615636
0.99142939
0.98467490
0.99479962
0.97970193
0.86920073
0.83847541
0.85225689
0.83674298
0.93628967
0.99434736
0.99280585
0.95663071
0.99802562
0.99373677
0.91474308
0.79715440
0.99535469
0.96363839
0.84563260
0.94713431
0.97274079
0.82141881
0.97965507
0.83004218
0.89304932
0.94314332
0.99673285
0.94828232
0.99830687
0.98791722
0.99632716
0.97947075
0.90767323
0.98714331
0.99594546
0.99146782
0.98597461
0.97724334
0.97192495
0.91185009
0.99719702
0.97633486
0.96575926
0.95912655
0.98694718
0.98680365
0.98053198
0.99644170
0.88921306
0.99004640
0.97201597
0.92134984
0.93304736
0.93124011
0.96284046
0.97999234
0.98987910
0.97938954
0.85948459
0.95539066
0.99568800
0.98022758
0.97052253
0.90187138
0.83926637
0.99658954
0.90907416
0.90249851
0.88650967
0.95204424
0.97066002
0.98789874
0.99332042
0.97320430
0.97900254
0.99468363
0.99578316
0.98919199
0.94531683
0.84855518
0.92806108
0.99444339
0.85987259
0.99585199
0.93883513
0.90633573
0.98492858
0.97048858
0.91883104
0.95630964
0.86633360
0.95749671
0.99632532
0.99223827
0.99817861
0.94407876
0.99211219
0.98788249
0.91929053
0.99049422
0.99016700
0.88261282
0.84449778
0.95820381
0.98968989
0.95504889
0.99088052
0.81254371
0.97446820
0.96635399
0.96294901
0.99041336
0.98090850
0.98189759
0.91803563
0.99232337
0.93057108
0.95124367
0.90895187
0.98139383
0.81228031
0.99723584
0.99754349
0.82675369
0.93443678
0.93238318
0.99695433
0.87995457
0.84164474
0.99748617
0.99270242
0.99934499
0.97074593
0.98468757
0.97932649
0.99242090
0.98780741
0.97387222
0.84119124
0.94629117
0.99436354
0.95278461
0.96786597
0.94207437
0.95848863
0.95330604
0.99960064
0.99130303
0.81844569
0.85635397
0.99732114
0.93336403
0.80070501
0.98562656
0.95732582
0.82023897
0.96892907
0.84704445
0.90026707
0.99643080
0.98109432
0.98144195
0.98184186
0.99532638
0.97728185
0.88922744
0.99128230
0.82053416
0.99094959
0.86184121
0.97460749
0.97138247
0.94985523
0.83400816
0.99012708
0.99050187
0.99849043
0.84205869
0.91994131
0.89358321
0.95926388
0.99448542
0.96732239
0.99552956
0.97190037
0.84215002
0.98854618
0.98374367
0.95281013
0.99183512
0.88899491
0.99127576
0.98348164
0.92202786
0.98632491
0.91963283
0.99023144
0.91905812
0.99669391
0.98586610
0.86091973
0.99398841
0.97490422
0.84288628
0.86237123
0.97736181
0.91815905
0.99370670
0.84670188
0.99493283
0.97511696
0.98914499
0.87306838
0.98448566
0.91929496
0.95163639
0.95071696
0.99907766
0.99851396
0.94958169
0.97910214
0.97626124
0.99651657
0.90339296
0.99137289
0.99583633
0.96787954
0.96296576
0.96753410
0.98501298
0.97190673
0.86775264
0.98960695
0.95780124
0.80165100
0.83657154
0.99025815
0.85980184
0.98888744
0.97860043
0.81102696
0.97987158
0.93838105
0.96075201
0.96432109
0.99529386
0.90805201
0.82609317
0.96427374
0.80367186
0.87999041
0.99749506
0.79644686
0.97323510
0.79293813
0.99090854
0.88088497
0.97359776
0.83806676
0.99051131
0.93571944
0.98984445
0.89342293
0.87852807
0.99768244
0.83091513
0.99159539
0.96892132
0.93575541
0.94521231
0.99697393
0.86557777
0.99000928
0.91656606
0.93671913
0.98805532
0.98917723
0.82845472
0.99186932
0.99735197
0.96059418
0.99577574
0.97402507
0.99675725
0.81638783
0.93786824
0.87441874
0.99605349
0.91496867
0.99959636
0.87994447
0.98991534
0.99892505
0.98784047
0.96554078
0.99093921
0.97154517
0.97790342
0.79381762
0.89566698
0.97309468
0.93723841
0.95506193
0.90446025
0.99707653
0.83490441
0.99496791
0.91491186
0.89716114
0.97654775
0.99890498
0.99630872
0.99319349
0.99846996
0.87340822
0.94456908
0.96381596
0.80069370
0.92906334
0.79799118
0.89884939
0.98663737
0.98357893
0.97445764
0.90869123
0.96774450
0.98520662
0.87175606
0.98803476
0.94366459
0.81532740
0.98002204
0.96895936
0.99931138
0.98828137
0.88543973
0.91271380
0.86426639
0.98834856
0.97536051
0.81218302
0.97156964
0.98183757
0.92964136
0.90729524
0.95974095
0.98147173
0.87907281
0.94609099
0.96799294
0.97133827
0.98044347
0.94112315
0.99694755
0.90662354
0.95176638
0.94922256
0.98055625
0.90281333
0.89829246
0.95782486
0.94457009
0.80724956
0.82994944
0.99218993
0.91756788
0.98406838
0.97984233
0.96092838
0.98013900
0.99682234
0.93530457
0.99561584
0.99490848
0.97184655
0.91204186
0.86056467
0.97197151
0.98124167
0.94040705
0.99088179
0.96127334
0.90276456
0.91631764
0.84102384
0.99216294
0.98594601
0.93089394
0.92290627
0.81023991
0.97947159
0.94420724
0.98760595
0.99726178
0.98529516
0.99304640
0.97967245
0.98598529
0.96791838
0.98899932
0.99721468
0.99737554
0.99515060
0.99267553
0.99343491
0.90585257
0.97777629
0.90057656
0.90437466
0.87573098
0.97308613
0.96412254
0.96352444
0.97153227
0.81991750
0.98982766
0.94078032
0.80174919
0.86668582
0.98594917
0.96823318
0.85995919
0.94892968
0.98265309
0.99407674
0.97248123
0.93568098
0.84519111
0.96646338
0.98259023
0.99352229
0.93162919
0.92545725
0.96544121
0.87342758
0.98828940
0.98519988
0.97127742
0.79649535
0.98349106
0.95187348
0.82392623
0.82655323
0.97116506
0.91077028
0.99880948
0.84748586
0.96062570
0.97896602
0.91953478
0.98606822
0.99392478
0.95539844
0.79292349
0.81620790
0.92918632
0.90567268
0.92691035
0.99452411
0.99445471
0.87513273
0.92166004
0.90905414
0.99097147
0.97326940
0.90600128
0.99690613
0.91119669
0.99575151
0.98247325
0.82836970
0.99319565
0.99341275
0.98920434
0.97971127
0.99216148
0.99287872
0.96665359
0.98778979
0.91947883
0.98419316
0.82539402
0.98998432
0.96675078
0.91992574
0.97885607
0.85895658
0.97415226
0.93245611
0.98955043
0.99040727
0.83767350
0.98467275
0.85474911
0.96041122
0.97723464
0.85481471
0.92233172
0.97737619
0.96450516
0.84512373
0.98738473
0.93433514
0.97777258
0.90471317
0.92503121
0.99486317
0.98770710
0.95697405
0.99704308
0.92796432
0.99206964
0.99693485
0.97283539
0.99208331
0.99138682
0.97663301
0.99453480
0.97391971
0.99765181
0.97548478
0.93715509
0.98561828
0.97473694
0.99964660
0.99514821
0.98905194
0.83173030
0.81684958
0.82138333
0.99132767
0.99576429
0.95402535
0.90319184
0.92239085
0.95542782
0.91794740
0.81660777
0.94854525
0.93525046
0.98265211
0.95049030
0.93458259
0.99367514
0.91569512
0.98388157
0.97992799
0.97019860
0.95423322
0.92189069
0.94179920
0.87545372
0.98186134
0.99572849
0.89550417
0.92735374
0.98467885
0.98711951
0.99152112
0.98439317
0.98906237
0.98179996
0.90663413
0.99098726
0.84436460
0.97873810
0.86631290
0.87552939
0.99897899
0.96224468
0.93843552
0.94065844
0.87828384
0.80185881
0.83230299
0.98683510
0.99251731
0.82735947
0.96093909
0.99459741
0.99763177
0.80857864
0.97631260
0.97646502
0.98661818
0.92969910
0.98481402
0.98276637
0.92302003
0.98743349
0.83888544
0.90717077
0.97873284
0.98969590
0.95365568
0.98581491
0.97778124
0.97420544
0.98361672
0.96306848
0.98590771
0.95685000
0.98389004
0.99834977
0.84075369
0.99234714
0.90472780
0.98604264
0.97574540
0.90232125
0.93900594
0.95242377
0.85556279
0.97208210
0.95540717
0.99810497
0.93205352
0.97367694
0.95727507
0.99157262
0.94003358
0.99329804
0.98241527
0.81275377
0.98015939
0.97496656
0.99349846
0.83026558
0.83617996
0.90680819
0.92135950
0.98311832
0.85196998
0.99040523
0.98699857
0.98530583
0.99594657
0.95087902
0.97276140
0.86049706
0.85890963
0.93834019
0.97146273
0.98765021
0.98524802
0.94392729
0.89709909
0.92784860
0.95323343
0.87200255
0.88384845
0.98284280
0.87182536
0.98409387
0.96714890
0.97288413
0.96730440
0.97177119
0.99884386
0.97368425
0.84595817
0.86000770
0.96610411
0.98279937
0.91195841
0.85840265
0.99669702
0.82749790
0.96325763
0.95162604
0.98321695
0.96141578
0.98009063
0.97610680
0.84301464
0.97662297
0.99473882
0.92787784
0.98514807
0.98196825
0.91315616
0.98088774
0.98188305
0.99373964
0.94281565
0.96678135
0.81928214
0.87453351
0.95300324
0.98973967
0.97216229
0.87624533
0.82933374
0.93302375
0.94659551
0.87171901
0.97269514
0.99046643
0.92609004
0.97883971
0.99868559
0.99641691
0.95990356
0.99261198
0.94472671
0.89167253
0.92376728
0.87582817
0.97133858
0.99185892
0.99542849
0.99427028
0.94073127
0.96950602
0.96432541
0.85812778
0.98511881
0.95890771
0.99504903
0.95375124
0.99936185
0.82213535
0.83396368
0.98598373
0.98932914
0.92118988
0.96121037
0.84610353
0.82992257
0.99502027
0.97356199
0.80693282
0.98056453
0.98887758
0.92610726
0.98629858
0.96635226
0.99805983
0.99466074
0.91264727
0.98317057
0.99299018
0.97740763
0.99214408
0.89502975
0.99795690
0.94836049
0.91894587
0.83244361
0.92097040
0.99250434
0.93888881
0.99059775
0.97215135
0.88749382
0.93314004
0.84894772
0.98264842
0.94154522
0.99216141
0.96981030
0.97280645
0.90356278
0.87866848
0.92784171
0.86767922
0.99537676
0.97784178
0.88752561
0.96625474
0.87524032
0.98261544
0.98163772
0.86938255
0.97629011
0.99705208
0.99575450
0.99761275
0.94984883
0.90796548
0.99381667
0.84497852
0.96951653
0.97381263
0.96294002
0.99706973
0.98805553
0.99881210
0.96676148
0.92680637
0.99698827
0.83421216
0.81592551
0.96818580
0.88101207
0.83768253
0.99050651
0.98173546
0.98428819
0.94582069
0.98455371
0.99575679
0.95494042
0.81531525
0.98703993
0.94371997
0.86599547
0.93960486
0.86285373
0.98788581
0.99463048
0.98667440
0.95386003
0.80432486
0.94758997
0.95329619
0.86108604
0.94077712
0.95146758
0.99535283
0.99324906
0.92723551
0.93183694
0.96870717
0.97572015
0.94236365
0.88630230
0.98109830
0.99184868
0.93160800
0.96662242
0.95731196
0.99316329
0.96350613
0.86018141
0.85444366
0.93596087
0.93584674
0.96907308
0.98978198
0.95021177
0.99336013
0.98888179
0.98674872
0.88899622
0.87190567
0.99650365
0.99292388
0.99660463
0.99838873
0.99437247
0.98868830
0.86267657
0.99079967
0.89959419
0.91013075
0.98221182
0.98114865
0.98414677
0.99075288
0.90101459
0.81973218
0.99521073
0.90121739
0.89421552
0.98322025
0.99686943
0.94579910
0.98037400
0.99736725
0.98677482
0.98004766
0.96333653
0.92073482
0.94281222
0.99706248
0.99588952
0.90454916
0.96718632
0.99350397
0.99212545
0.97577964
0.97480753
0.96397463
0.99174563
0.99823109
0.95132014
0.98819873
0.93702499
0.99818432
0.98774120
0.94739130
0.82752015
0.99576880
0.87323040
0.87392984
0.85412150
0.99602523
0.94602933
0.88407363
0.86462699
0.80538792
0.99445588
0.89010691
0.96304900
0.86005634
0.91118710
0.88349798
0.99410644
0.99693795
0.99634227
0.99441114
0.96268859
0.98626007
0.99791825
0.94303845
0.92767187
0.82793467
0.92866268
0.95481824
0.98992806
0.94189561
0.98078622
0.85945782
0.98099407
0.90168498
0.97243677
0.96106559
0.96494313
0.88308695
0.94412025
0.95636510
0.96069690
0.97214779
0.90271167
0.87807997
0.98638377
0.98232060
0.82625834
0.97683351
0.98713132
0.89612076
0.96180822
0.95155488
0.98541002
0.99551137
0.89744860
0.91732833
0.99824455
0.99647008
0.84634335
0.96788026
0.88532211
0.79862599
0.98811972
0.91180225
0.85820029
0.99704527
0.85101969
0.99828595
0.96735068
0.98500978
0.94311669
0.97588381
0.93589463
0.97969483
0.80990028
0.93730650
0.98920860
0.97330402
0.99426547
0.98946568
0.83962747
0.87035773
0.99811309
0.88158980
0.95710668
0.98919298
0.99579626
0.96337427
0.99405800
0.99560392
0.98721315
0.95177722
0.97901884
0.99321387
0.99232034
0.86696655
0.99832798
0.83850909
0.87721172
0.99225971
0.88467134
0.97491842
0.96481797
0.98601687
0.82086818
0.97409650
0.99473640
0.99549693
0.97262003
0.85570109
0.83653286
0.99483226
0.95479769
0.86300209
0.96626032
0.96635305
0.96231722
0.81270182
0.97455935
0.89098587
0.99500774
0.79830825
0.99064028
0.97311510
0.90571612
0.99372010
0.98777742
0.90985239
0.96475306
0.99362117
0.97685987
0.94630047
0.98429338
0.98158821
0.94462155
0.94379641
0.81535437
0.88140701
0.97726990
0.89467697
0.94513782
0.92991741
0.99682797
0.99659693
0.86438618
0.96313822
0.89739264
0.82404081
0.91460339
0.99588595
0.82551328
0.87555013
0.80455601
0.96679843
0.94953485
0.80697841
0.98791230
0.94381572
0.90066008
0.98234041
0.99348530
0.92827251
0.97603948
0.98220730
0.84623798
0.98207256
0.98335138
0.93329794
0.84094980
0.99570002
0.99453755
0.99746914
0.91407581
0.98787542
0.95218542
0.85158396
0.83265232
0.97112394
0.96764242
0.99750464
0.99933928
0.99221664
0.93151400
0.99687384
0.88768080
0.88171711
0.90462940
0.97702011
0.99588117
0.91866415
0.83652127
0.99444916
0.99668784
0.82192972
0.96400155
0.98764015
0.82420797
0.97708302
0.82088388
0.91733280
0.91613167
0.99820651
0.99444651
0.99710680
0.91165892
0.90029123
0.96935288
0.99632682
0.88308579
0.94629274
0.98733690
0.97446414
0.99630484
0.84691465
0.84279573
0.92056758
0.85584926
0.99408260
0.93396471
0.97671627
0.92673862
0.99584917
0.93918763
0.99839371
0.98224156
0.95832733
0.90518918
0.94751036
0.88892366
0.99153458
0.83447433
0.80101207
0.97099465
0.98828527
0.88384733
0.94564583
0.99209886
0.98729827
0.99653946
0.97518512
0.81564161
0.95728946
0.97896043
0.99471910
0.96167105
0.97120906
0.98053206
0.96279346
0.90958257
0.89781127
0.94570211
0.95569900
0.99747130
0.98203272
0.91549069
0.95983211
0.81241070
0.98866443
0.94953825
0.97061265
0.98822152
0.97644216
0.97861552
0.99069621
0.95382784
0.98009568
0.87258655
0.96774134
0.81425975
0.97363673
0.82040299
0.97080024
0.98757865
0.96007067
0.95775084
0.97729866
0.94687102
0.96917958
0.93857515
0.89266743
0.99661184
0.98434435
0.86933475
0.94495445
0.95720070
0.94084560
0.99127194
0.98037071
0.88657411
0.97669001
0.99013477
0.95186801
0.99700081
0.99917739
0.98170569
0.87089167
0.79972214
0.97881243
0.97459177
0.97131568
0.95970816
0.98783624
0.96128737
0.95746481
0.97781949
0.96437977
0.99588815
0.99328831
0.95128177
0.97075825
0.99722573
0.94088209
0.97151957
0.98994097
0.99189438
0.96484865
0.93969814
0.98363072
0.87262073
0.98629840
0.99853725
0.97337893
0.96299000
0.94409794
0.99858562
0.99583714
0.99707309
0.90453700
0.96158348
0.98194756
0.96763431
0.98813678
0.98211739
0.95419082
0.97925278
0.84276579
0.90870503
0.87479664
0.97613471
0.84805566
0.89697224
0.99493088
0.97636850
0.95297546
0.85847735
0.84839208
0.85606684
0.92694775
0.98964149
0.95492452
0.97733442
0.99748351
0.84223473
0.93288492
0.98437392
0.98296528
0.96223304
0.90216134
0.98165595
0.91614687
0.99876522
0.98195275
0.97469175
0.96914710
0.99633432
0.98579653
0.99445040
0.99841763
0.83378550
0.99852778
0.95690630
0.95148166
0.99767729
0.96756686
0.98650665
0.98312627
0.97739736
0.97620521
0.99554549
0.94844079
0.96950835
0.94709371
0.97146821
0.97962282
0.95103907
0.82376654
0.91970001
0.95455192
0.99778918
0.98846279
0.98911622
0.98995217
0.97236336
0.99385526
0.98085883
0.98735292
0.98901462
0.98234968
0.83037358
0.93695443
0.99018769
0.96252298
0.99804019
0.99253611
0.91391460
0.94701611
0.99494556
0.94424394
0.98684554
0.99018987
0.99398399
0.99505427
0.93030290
0.93262464
0.95838192
0.81995086
0.93759193
0.86638673
0.98484631
0.99523176
0.90079330
0.99515856
0.98339308
0.94310472
0.98899206
0.87854046
0.95293245
0.97984450
0.99622651
0.98216669
0.89781507
0.96888303
0.95971859
0.99758048
0.97074791
0.98559605
0.86697626
0.99484134
0.91348585
0.99322943
0.91285042
0.93060434
0.99347462
0.97126887
0.87290281
0.91447932
0.98450615
0.99283096
0.98715135
0.98710189
0.99382785
0.99309205
0.81924928
0.96579406
0.98401801
0.83390194
0.87902219
0.99423850
0.80918230
0.99749848
0.99520279
0.99269827
0.98893795
0.83281753
0.99041447
0.90671355
0.92885190
0.95468089
0.99615591
0.98180204
0.86592490
0.95184189
0.81624815
0.94096630
0.98300132
0.83023488
0.98386297
0.98325272
0.97717679
0.99803030
0.98544689
0.97583304
0.89477020
0.98596896
0.79840117
0.98694072
0.95547557
0.99644119
0.99890095
0.96718065
0.97060189
0.97098476
0.93222889
0.97424129
0.95643440
0.94207365
0.86409529
0.97643016
0.89262308
0.99246995
0.99878656
0.98927200
0.98835978
0.94594143
0.95655249
0.97244063
0.98385774
0.88149670
0.79052115
0.99697015
0.97518887
0.84295244
0.93799775
0.88058488
0.93051314
0.95529198
0.99639873
0.99688743
0.93024424
0.97315843
0.97138921
0.96729610
0.97020754
0.90208376
0.99146054
0.87778163
0.95580367
0.99794876
0.95234987
0.98427791
0.98813673
0.99284549
0.89698031
0.95961802
0.99604699
0.94355333
0.97764760
0.99625386
0.99597217
0.88793990
0.92890744
0.98901357
0.90752421
0.87265751
0.99697782
0.85101576
0.97496135
0.97456960
0.98487113
0.99647983
0.99678730
0.99535180
0.96959041
0.93350654
0.81695945
0.79730907
0.97985348
0.97236419
0.98301440
0.90294209
0.80953565
0.80700909
0.98024168
0.98212228
0.99219078
0.94818889
0.99732859
0.99018166
0.89827753
0.98168458
0.91755061
0.83066503
0.99489971
0.94659434
0.94030793
0.90237289
0.98454299
0.92516436
0.98349503
0.81951333
0.98993213
0.97597758
0.97777064
0.98776244
0.93346910
0.97611163
0.99917658
0.92809161
0.94805567
0.91955489
0.84949850
0.95433135
0.99505830
0.99026130
0.81814577
0.86904937
0.98929372
0.86688159
0.98743208
0.93884301
0.88967064
0.88137447
0.93540248
0.95763313
0.98413841
0.98437937
0.95761330
0.93100063
0.99151545
0.99368126
0.96061344
0.98758136
0.83696424
0.99363596
0.96240706
0.99850963
0.91889773
0.81056481
0.94718059
0.99279780
0.95446940
0.98518512
0.99474593
0.98994822
0.91539930
0.99815448
0.99031244
0.81475188
0.83560467
0.95147741
0.91684642
0.97748105
0.93781865
0.95724076
0.96294970
0.94183863
0.99793238
0.82629760
0.96314803
0.95470202
0.99336017
0.99540774
0.93957489
0.99250606
0.86842755
0.93153398
0.91296627
0.98360484
0.99029365
0.99549266
0.81496428
0.98588735
0.99336512
0.99525153
0.99628568
0.96057812
0.98337139
0.91072346
0.99597285
0.81591232
0.99798449
0.94983267
0.80858180
0.97581450
0.85638397
0.99450103
0.90371652
0.98835643
0.80572334
0.94070535
0.93338893
0.96988384
0.89952496
0.93627714
0.94319188
0.96529045
0.96749717
0.95745952
0.99755062
0.99848140
0.80728003
0.98488088
0.87500866
0.92545924
0.99608243
0.90281915
0.98015477
0.98391015
0.89847489
0.94598477
0.94757287
0.97610088
0.98798175
0.99026227
0.99485746
0.94898434
0.99632109
0.99136494
0.93998807
0.97881746
0.98725317
0.99375725
0.99101227
0.97310177
0.99298956
0.86077190
0.93995109
0.93324847
0.98125420
0.96268740
0.97230470
0.98651530
0.98167308
0.98112097
0.98333467
0.97207556
0.88481328
0.91475174
0.99430368
0.86592502
0.93074793
0.84326796
0.97815569
0.99552693
0.94748792
0.99772945
0.99863531
0.93080641
0.80244971
0.96618755
0.90983098
0.91145493
0.93669782
0.81808211
0.95980558
0.96624565
0.98251124
0.96107836
0.96421744
0.93777425
0.87242072
0.98249666
0.98801188
0.98717127
0.80143175
0.94898163
0.83799909
0.95701076
0.98667645
0.87048041
0.80108917
0.94303040
0.98768899
0.94857086
0.84218148
0.89312705
0.98072799
0.99044755
0.99288400
0.96144478
0.98523506
0.99291964
0.79555309
0.88572988
0.95788115
0.96689160
0.99108012
0.83807824
0.99798732
0.99943977
0.99593214
0.98157209
0.97496359
0.82418691
0.94279301
0.99206770
0.98665449
0.97465704
0.97021157
0.89026941
0.97235664
0.99111207
0.98250450
0.98502741
0.85634238
0.99822516
0.95194588
0.82968192
0.84052005
0.99430951
0.96277480
0.92403585
0.92354090
0.91711014
0.99558243
0.90244437
0.97349697
0.89106862
0.82930924
0.96556077
0.97546247
0.99629733
0.90781789
0.95297269
0.99607250
0.99584008
0.98370445
0.88459734
0.96499852
0.95839453
0.85498115
0.99028460
0.99758712
0.99527618
0.97576248
0.92748599
0.90628013
0.87878462
0.99648218
0.98091780
0.96688189
0.92581616
0.98149962
0.99501332
0.96237237
0.85863697
0.84944897
0.97511319
0.99358777
0.97201858
0.90036546
0.98476317
0.99109911
0.82303859
0.98955235
0.91253364
0.98740550
0.96799171
0.91946106
0.97638936
0.90559122
0.99462901
0.96477955
0.96973084
0.98293721
0.97907838
0.87302139
0.85961320
0.99641366
0.99593801
0.99075637
0.97907728
0.99525719
0.99891995
0.81753946
0.99788640
0.83911485
0.82183697
0.82327561
0.96068015
0.98220929
0.98264736
0.87226399
0.93432081
0.97669251
0.99554312
0.83530291
0.88597313
0.99553246
0.98398145
0.83243852
0.83594405
0.97484241
0.89934658
0.96505064
0.98980315
0.95145205
0.98809961
0.99496364
0.99371982
0.86601608
0.98579975
0.97767683
0.98796122
0.87881220
0.98162491
0.96438167
0.81916468
0.99476554
0.99440320
0.92232432
0.98200983
0.96790035
0.91758477
0.83581931
0.95032161
0.86093347
0.96727301
0.93906237
0.95319769
0.94561463
0.97866723
0.86532634
0.98293603
0.88380265
0.99848227
0.99001115
0.99403161
0.95612271
0.95378055
0.89007716
0.88958720
0.99049372
0.94239382
0.80025348
0.97142261
0.98430805
0.98409705
0.87634534
0.93042805
0.99343282
0.98734703
0.99181495
0.97449258
0.85435384
0.93949761
0.93420033
0.99745167
0.94901992
0.96314008
0.99497985
0.98888719
0.98357895
0.82976145
0.99045058
0.97339148
0.99801148
0.93660367
0.99460622
0.91992165
0.99907674
0.95564009
0.99817055
0.98285208
0.97425665
0.97638281
0.99128018
0.98284516
0.90862386
0.95245664
0.86859334
0.95833948
0.98539522
0.98517915
0.98010143
0.98865730
0.92857098
0.99014243
0.98989389
0.94104809
0.91321064
0.95722034
0.99352495
0.99237880
0.83371231
0.98929428
0.94835013
0.95107980
0.94092809
0.88214603
0.84791591
0.98082349
0.96622923
0.99896702
0.95702875
0.99466893
0.88449947
0.98518681
0.95960825
0.95022204
0.98541660
0.99041222
0.86577134
0.99201248
0.99545283
0.96682611
0.99046267
0.98109153
0.99701812
0.95044040
0.96089533
0.99792205
0.93986501
0.99103798
0.99690161
0.95290136
0.98601279
0.94699601
0.93665579
0.98401157
0.99729748
0.88928753
0.94603440
0.87582591
0.85305007
0.84251188
0.91180609
0.94556552
0.97044340
0.91879077
0.85282982
0.99701386
0.99906344
0.99666023
0.99651209
0.95927994
0.86272932
0.94917330
0.93012052
0.82742016
0.97314461
0.82361548
0.96150053
0.92297285
0.99328435
0.99582908
0.95676331
0.97642349
0.99793919
0.99897817
0.82760093
0.98223600
0.82301989
0.89095786
0.99000689
0.95958622
0.82733152
0.98432783
0.99353695
0.86268996
0.93434561
0.98178808
0.82110138
0.86584196
0.99788911
0.94616737
0.94862337
0.96019490
0.99629163
0.97002536
0.98849670
0.93233010
0.93923916
0.98841114
0.91450759
0.95055491
0.99678507
0.99650844
0.94182649
0.98455593
0.95558549
0.97705146
0.97979870
0.99775929
0.88165221
0.97972078
0.97447566
0.99337670
0.87499651
0.86990205
0.95134982
0.90774047
0.89649519
0.82959079
0.86997055
0.89497653
0.86055246
0.97569225
0.99775747
0.95312110
0.84801399
0.91493301
0.93298363
0.99823829
0.88660490
0.92715455
0.98711937
0.91049914
0.78727685
0.99431788
0.99229657
0.98652062
0.85694292
0.99336430
0.96443410
0.93277549
0.83303936
0.88538325
0.99111525
0.82776053
0.86727409
0.98821719
0.99847705
0.98974119
0.99447778
0.98011273
0.99307545
0.96396505
0.84774623
0.96327592
0.99662981
0.92394526
0.93447326
0.99219783
0.93806156
0.98269014
0.99770133
0.99643703
0.99260100
0.97791789
0.96207190
0.84582367
0.99136443
0.95104212
0.95941934
0.86388093
0.82573525
0.80492112
0.91006142
0.90693917
0.94510111
0.98244679
0.96715328
0.96894322
0.85491393
0.93733157
0.84480293
0.90707760
0.98693436
0.99922206
0.88062013
0.97199892
0.99459762
0.96165307
0.95270198
0.95726032
0.98658787
0.96945072
0.99777752
0.99661261
0.90361782
0.78516192
0.94347574
0.99847293
0.98949829
0.97713597
0.98720829
0.89029810
0.93521455
0.99635515
0.87653339
0.94506344
0.97905664
0.99667954
0.99499631
0.95803864
0.91252777
0.88663158
0.89829765
0.99812294
0.93836318
0.94030197
0.99186964
0.99682876
0.98981756
0.99360750
0.88948314
0.97915827
0.99457574
0.84431087
0.92270582
0.99201432
0.98978683
0.99139977
0.98236799
0.87236657
0.98396890
0.98692076
0.99229467
0.99338291
0.99865320
0.81713866
0.93553087
0.86981051
0.99529694
0.83706889
0.96546591
0.99397303
0.98002869
0.88075251
0.98239656
0.97300278
0.99193602
0.92351310
0.99370681
0.99504718
0.97079002
0.98857183
0.97502314
0.80063778
0.89640420
0.96253820
0.98654518
0.98402295
0.98180287
0.98608227
0.99430550
0.99179883
0.91539733
0.81536300
0.99557835
0.93128744
0.98642764
0.99408739
0.96315701
0.96180837
0.99660833
0.80644122
0.89354336
0.99341588
0.88367282
0.95214910
0.99625177
0.98062304
0.82049218
0.99552618
0.87384906
0.98290315
0.86122534
0.97274904
0.96092887
0.81525336
0.97490878
0.93137379
0.97379487
0.95062196
0.98077153
0.83442005
0.94065679
0.96994954
0.88364457
0.96333944
0.99626860
0.98555136
0.95256852
0.91212601
0.94994812
0.96368965
0.99512871
0.84889911
0.99624029
0.99802112
0.87447839
0.97875098
0.96462153
0.99524047
0.95910285
0.87061101
0.85047497
0.99062799
0.98669002
0.99576183
0.98146382
0.92317394
0.93149442
0.99766449
0.92937071
0.81221652
0.88849038
0.90739852
0.98299583
0.98940415
0.95955482
0.99053375
0.97386887
0.99327424
0.90318277
0.98745206
0.88988796
0.95453946
0.92396370
0.87701116
0.98014268
0.83903151
0.98867520
0.92363666
0.99724237
0.94815092
0.95384242
0.99653840
0.98759685
0.95683855
0.99781043
0.98882681
0.99407927
0.94213237
0.96486878
0.99755232
0.97052043
0.85791278
0.90971603
0.99098113
0.90685808
0.97846440
0.88303642
0.99930895
0.92941212
0.93449427
0.99685866
0.96966527
0.98224052
0.98844399
0.97843810
0.94076657
0.99524177
0.98554492
0.91369299
0.87263174
0.99406917
0.91689463
0.98844990
0.97763723
0.87444327
0.95993867
0.97555749
0.96761947
0.80930593
0.92338137
0.99556484
0.90418416
0.83565817
0.80025880
0.92713221
0.91881228
0.93797650
0.96377773
0.98532657
0.99321859
0.90572307
0.99084857
0.83447322
0.98828727
0.97514454
0.94868818
0.99864230
0.93975814
0.95119698
0.90834107
0.99906687
0.96874159
0.99861385
0.93656309
0.95831727
0.83855950
0.80192982
0.99190463
0.91088757
0.84801883
0.96485141
0.94741215
0.94065602
0.98116391
0.99625231
0.99949074
0.98940002
0.93587840
0.88554187
0.86261100
0.99699179
0.98989938
0.94547653
0.96293586
0.83503556
0.99695477
0.97368006
0.99567823
0.92739119
0.97226382
0.96956720
0.85709984
0.89047332
0.90253910
0.95995817
0.99087900
0.97055067
0.95489403
0.83598281
0.83302037
0.97127735
0.94149469
0.98628227
0.98168195
0.84069258
0.95642847
0.95918140
0.82637498
0.92333957
0.88362803
0.98388484
0.98708927
0.98237991
0.91982882
0.85260907
0.99548284
0.99386121
0.81727484
0.96485926
0.99433013
0.99323636
0.95871664
0.92687244
0.98502964
0.99852248
0.98099247
0.96194964
0.82630724
0.97415302
0.97755124
0.98113285
0.97417927
0.99571933
0.99649843
0.89202366
0.95317349
0.99192371
0.94386437
0.99185994
0.99636578
0.92192659
0.86248998
0.96489353
0.99701779
0.92205872
0.97915087
0.98801559
0.96793922
0.98786169
0.98303860
0.97074550
0.97798854
0.98627688
0.98457288
0.99497746
0.89584351
0.99453590
0.95611199
0.96279549
0.98626008
0.97514733
0.98348210
0.82590267
0.91820805
0.97556043
0.94392879
0.99649906
0.80832275
0.92667114
0.98530799
0.98826972
0.98825813
0.97561809
0.91459726
0.99834574
0.80648762
0.93896200
0.99507779
0.99172262
0.96045784
0.91760916
0.90577766
0.97558802
0.83583372
0.96344921
0.93384236
0.91113535
0.99295039
0.97217655
0.99527313
0.93819412
0.96713622
0.98757863
0.93810876
0.98492376
0.91915858
0.90332849
0.84003098
0.80509660
0.91428672
0.87155282
0.91763004
0.91959331
0.88641767
0.94545684
0.98342264
0.91648075
0.97815611
0.96161592
0.98860022
0.94296733
0.98227178
0.98864697
0.99421739
0.99586749
0.93498552
0.96262936
0.91939772
0.91517000
0.85853623
0.98380774
0.97182679
0.98953407
0.93790738
0.79264783
0.99238946
0.93038837
0.98130343
0.89613111
0.90425689
0.87063780
0.82470666
0.99492980
0.94225371
0.95376628
0.98093994
0.99531829
0.87927259
0.98372717
0.81537300
0.96905793
0.90111616
0.85065450
0.81486539
0.98608492
0.95993758
0.97683335
0.99313531
0.93638474
0.98525126
0.99070425
0.98985271
0.98572893
0.98164511
0.88924823
0.87873319
0.99755500
0.93046013
0.94055344
0.93181830
0.93842259
0.98274952
0.95418217
0.93976896
0.95642887
0.96069411
0.95111574
0.98860377
0.84677563
0.94623344
0.96210284
0.99961249
0.95747630
0.96335157
0.87085048
0.82273348
0.92813424
0.94441906
0.81017406
0.99135597
0.94270734
0.98872482
0.95698128
0.99472033
0.99338393
0.93228998
0.90225057
0.85709590
0.98254940
0.95781049
0.89086236
0.99531532
0.98951638
0.97394714
0.99164361
0.99780112
0.97003197
0.84658064
0.98193064
0.98644469
0.94827413
0.97729371
0.96972589
0.80251590
0.82220779
0.99718259
0.97630229
0.99616355
0.85309272
0.98926731
0.98473260
0.99500440
0.93991781
0.99904670
0.97509778
0.94231704
0.99415730
0.97702863
0.98827077
0.94613631
0.99321803
0.93888820
0.99711810
0.92447179
0.95356003
0.99132106
0.99658265
0.99353052
0.82724986
0.99655587
0.99602115
0.99796739
0.96426768
0.87624595
0.96493078
0.99556862
0.94611617
0.99737104
0.93546945
0.97132228
0.86945363
0.99527695
0.97465440
0.99167199
0.94477402
0.92594714
0.86295591
0.92093830
0.99461408
0.99902356
0.94972640
0.98741695
0.92860137
0.98833055
0.99262343
0.99604563
0.80820264
0.98882973
0.99400804
0.99681770
0.99685050
0.99124699
0.85700158
0.92769363
0.86955838
0.92724329
0.91915658
0.94741182
0.87658024
0.99811754
0.99540973
0.93283855
0.98570635
0.98941577
0.96440960
0.94735430
0.97673745
0.94309411
0.99005758
0.98339181
0.93477834
0.98761605
0.99704702
0.97942078
0.95856999
0.91918417
0.99817288
0.98634611
0.87573972
0.98949730
0.85626985
0.92727351
0.98747299
0.99675295
0.99199851
0.99820781
0.98567459
0.95034034
0.98022986
0.91043093
0.97059846
0.91990159
0.99013018
0.94785990
0.96050892
0.99003381
0.96354231
0.98751200
0.81461878
0.99392321
0.98644767
0.83396710
0.94857568
0.94314144
0.98967372
0.97322086
0.82596481
0.99407929
0.99799202
0.96594531
0.95172198
0.99170731
0.80312455
0.95161159
0.92926711
0.99290028
0.98282301
0.99362336
0.96072875
0.87547015
0.99071971
0.96231869
0.94022046
0.98700620
0.98244111
0.83667359
0.95262609
0.80837274
0.98444132
0.99250378
0.95648264
0.85620288
0.98772099
0.99839603
0.97429344
0.96322940
0.93879623
0.93610144
0.88051714
0.95169610
0.99500381
0.86321301
0.85593673
0.93193044
0.99428513
0.90090694
0.99597731
0.93875464
0.85663504
0.96007843
0.99520134
0.99280063
0.97227823
0.94087914
0.90241315
0.98827564
0.86948325
0.98427028
0.87900623
0.82890842
0.92797908
0.99630746
0.84637200
0.98027299
0.83833872
0.91539647
0.91040671
0.99796904
0.99116470
0.96476247
0.99953425
0.90630024
0.89704257
0.84729361
0.98234185
0.98316937
0.96215087
0.92339034
0.99558414
0.98200114
0.97086990
0.80226160
0.96646377
0.95849225
0.99483732
0.96054711
0.95167866
0.99907136
0.97865794
0.98925195
0.95050866
0.92948570
0.96861514
0.99007328
0.95050218
0.89054244
0.97302938
0.97161913
0.99063551
0.99832016
0.90539850
0.80997834
0.93795880
0.90561126
0.97873269
0.85483472
0.98187386
0.97112849
0.89018972
0.92419775
0.97449934
0.86413590
0.99159175
0.97830064
0.98936095
0.80292679
0.92379664
0.99096825
0.91891459
0.97292988
0.82850243
0.88534717
0.99156690
0.88842130
0.98925853
0.85116932
0.99185497
0.82826042
0.99781328
0.98914025
0.99440667
0.98545759
0.98890656
0.98723631
0.90071292
0.93010827
0.82246891
0.99439795
0.81509338
0.99881693
0.92296779
0.91415053
0.97361955
0.96499483
0.93568971
0.87520988
0.97263566
0.90668212
0.87539112
0.80375736
0.82184196
0.94370639
0.99800417
0.98781584
0.97943508
0.96471445
0.94836055
0.95036065
0.99737470
0.88761463
0.85654922
0.99710810
0.96584031
0.98098411
0.84422604
0.95953433
0.80222786
0.98172951
0.98409096
0.99091319
0.96406370
0.98721214
0.97450830
0.99710166
0.95699372
0.98194637
0.93068413
0.99328267
0.91266292
0.99291354
0.95608863
0.85008501
0.90399723
0.99311151
0.99795481
0.96962511
0.81075988
0.95294493
0.98883414
0.86869413
0.98707274
0.92596684
0.93296334
0.99729207
0.98116076
0.90168886
0.97806987
0.98094410
0.97007586
0.89261268
0.98405577
0.99079143
0.90208161
0.84888005
0.95351457
0.99403259
0.82921189
0.99702106
0.79399361
0.83121919
0.99585354
0.98863199
0.96024889
0.81770096
0.94011089
0.99914891
0.97302093
0.85824967
0.99148702
0.98339235
0.85566205
0.98923602
0.91626019
0.97656319
0.81146596
0.82019217
0.94431114
0.99432395
0.95833583
0.99146959
0.91471760
0.96918015
0.96988535
0.89963152
0.99881530
0.93104528
0.94665463
0.88988779
0.85433889
0.95012998
0.88980269
0.96566191
0.99765982
0.93676494
0.96790470
0.95922924
0.99548196
0.97975194
0.93981291
0.99103409
0.85667191
0.94885448
0.98280833
0.95409122
0.99332376
0.99557252
0.99339042
0.87956212
0.99037496
0.92324450
0.96344318
0.93829411
0.92855177
0.94859419
0.98900139
0.89261291
0.95050997
0.90789658
0.99585801
0.95023911
0.93789066
0.84831010
0.99266610
0.93377049
0.99165755
0.90529037
0.99566327
0.83778452
0.90522581
0.88496271
0.99198249
0.99475957
0.90556786
0.99571358
0.92588641
0.99943166
0.79996866
0.96782925
0.96797493
0.95672382
0.95090697
0.85794550
0.97272371
0.99312778
0.95620973
0.96188219
0.99394123
0.97729917
0.91843761
0.96084323
0.89654178
0.98534362
0.93945076
0.93815602
0.86762825
0.95280752
0.96153628
0.98291133
0.91303897
0.88698777
0.96771582
0.93482395
0.99557067
0.94957181
0.86492976
0.98369533
0.98346212
0.85131135
0.96807649
0.97982440
0.88171165
0.81632946
0.82511546
0.96214256
0.99591954
0.99069749
0.95360884
0.99657809
0.93856442
0.88539709
0.96120925
0.94548921
0.92916242
0.98117954
0.96336054
0.94128428
0.99830250
0.92033158
0.98366365
0.98916964
0.85478916
0.98595601
0.99101472
0.86922140
0.92890430
0.99238135
0.99347651
0.79207024
0.90245416
0.99755306
0.93729504
0.99575764
0.99154887
0.99826339
0.92653392
0.82317941
0.84524009
0.98220970
0.99547615
0.97582607
0.82716598
0.86360119
0.89631277
0.98795881
0.97189753
0.95988972
0.99239961
0.99339014
0.97659525
0.97893433
0.96963702
0.87030734
0.94233902
0.99484500
0.98997446
0.83513236
0.98248839
0.98661631
0.92797740
0.98791033
0.89457862
0.97239986
0.91532271
0.89071698
0.99321407
0.90742131
0.87927351
0.95604426
0.87156748
0.95477391
0.95651493
0.96747755
0.85483146
0.95345342
0.95693004
0.95015722
0.97168334
0.96562004
0.99546804
0.95857498
0.87660018
0.98121114
0.97540354
0.87895218
0.90312180
0.96936047
0.99509938
0.99677277
0.98618388
0.97036385
0.97096857
0.97060380
0.89300838
0.99116307
0.99402298
0.80219879
0.95409140
0.81916286
0.99725865
0.99141555
0.97603329
0.99077448
0.92374002
0.83737919
0.98815228
0.94329162
0.98986177
0.91595582
0.98056705
0.97993645
0.94974577
0.98594840
0.95525722
0.94882402
0.99819043
0.99771346
0.98866475
0.97923933
0.99924588
0.92855746
0.84543843
0.93387908
0.96483073
0.97120149
0.93676614
0.98702396
0.97043949
0.99609584
0.96026778
0.89642250
0.98039667
0.80221251
0.95381945
0.98558952
0.99949412
0.91727202
0.98633231
0.98018063
0.97613479
0.99378307
0.89016026
0.97998971
0.99755275
0.93553615
0.95267355
0.94103399
0.98296920
0.98678302
0.99781094
0.99667004
0.92438798
0.81451181
0.90167659
0.83440160
0.95002114
0.93479534
0.87412461
0.94643380
0.98519046
0.93223773
0.90478355
0.89959142
0.99555809
0.98494643
0.99187723
0.97591264
0.99729943
0.93529526
0.91929118
0.99104228
0.79230918
0.99496367
0.81568316
0.98895007
0.99561964
0.98774587
0.98654818
0.96379255
0.99719881
0.96483794
0.98438271
0.97889721
0.97947583
0.91559297
0.92314140
0.95384344
0.91410759
0.96828417
0.94061812
0.93100978
0.93235284
0.98990322
0.97803236
0.98982854
0.97893432
0.88519367
0.98970493
0.93182194
0.98996189
0.94807502
0.98526048
0.97757435
0.98586727
0.95510420
0.83647431
0.85979142
0.99872111
0.82886290
0.97676902
0.96109135
0.88991103
0.92426364
0.96157134
0.96807997
0.85931491
0.97557694
0.95838048
0.98315767
0.98717816
0.98918145
0.92593392
0.92961404
0.94957405
0.98907543
0.91590159
0.99725082
0.98428394
0.99912474
0.97197918
0.83026550
0.97433125
0.87170801
0.89223360
0.80017876
0.99605352
0.94883848
0.99274944
0.98333760
0.83813358
0.86265788
0.96132987
0.91950266
0.99141894
0.85426066
0.96620104
0.97729636
0.99142630
0.98416225
0.97982845
0.85572213
0.99305407
0.96963438
0.98991597
0.99003476
0.98195246
0.80196582
0.92757763
0.99497963
0.80782021
0.87601970
0.87913799
0.89865620
0.95260557
0.96232783
0.96507299
0.96312036
0.92129589
0.99653619
0.94469556
0.99291837
0.86901970
0.96746879
0.98910279
0.99491971
0.97825736
0.81508882
0.93547897
0.97597373
0.94135058
0.90925796
0.99678894
0.82974823
0.91653272
0.90626594
0.87359493
0.93745803
0.91244194
0.85542869
0.82892169
0.98293957
0.92481363
0.96947102
0.88997230
0.97870773
0.98848542
0.97648861
0.87508759
0.98480172
0.99161432
0.91455377
0.98572056
0.86443305
0.99742335
0.98407252
0.98586464
0.93044790
0.98857519
0.93489346
0.98190162
0.92276983
0.95733554
0.92674458
0.86433571
0.98724494
0.99494746
0.99903361
0.97710646
0.94886405
0.94716879
0.89194998
0.93740313
0.96789289
0.97628557
0.85908778
0.98936914
0.95295513
0.85526831
0.97727888
0.98185297
0.99159096
0.93655324
0.94362241
0.90704883
0.98592238
0.83852372
0.96832370
0.88255101
0.92445261
0.85201579
0.98549006
0.93346036
0.99903114
0.92322772
0.83187183
0.99599057
0.89864967
0.97033390
0.89780459
0.99688517
0.99799037
0.99592983
0.99722727
0.86082275
0.97448574
0.99420034
0.96497532
0.86572190
0.81931805
0.87736784
0.99835379
0.95537962
0.97801279
0.98613045
0.98509434
0.99561403
0.99343944
0.96773082
0.97140215
0.85315173
0.85311037
0.84691350
0.99349485
0.99665323
0.96129235
0.91879357
0.96153541
0.97767397
0.93460981
0.99186468
0.98171948
0.99126495
0.99515435
0.88366147
0.99619039
0.81571973
0.96391214
0.98317383
0.99525523
0.87015973
0.85817925
0.94699548
0.99741496
0.93179759
0.86917577
0.84187360
0.96148266
0.94573030
0.85839147
0.97747016
0.86070203
0.97736654
0.92005639
0.86058904
0.98912513
0.93569610
0.89620324
0.82703621
0.88778297
0.90501153
0.85963888
0.99686035
0.99901464
0.94067778
0.97367283
0.96219614
0.87843940
0.96870199
0.99643054
0.96755721
0.99682642
0.99709073
0.82339335
0.92941077
0.99743390
0.89601588
0.99037645
0.96069047
0.93169695
0.95576015
0.96427423
0.99775248
0.99671532
0.98898086
0.97203770
0.99144153
0.96677513
0.99836054
0.98384930
0.90740656
0.99045561
0.92468338
0.91584269
0.85141934
0.91937399
0.97984188
0.98683765
0.96630671
0.93374105
0.83496295
0.99872069
0.82351371
0.99755140
0.99308307
0.93647125
0.91460501
0.87209065
0.83863028
0.91383939
0.98636447
0.96836840
0.97867175
0.99066677
0.99696961
0.93927620
0.94032103
0.97028378
0.96535231
0.99130085
0.99614936
0.87251491
0.89117235
0.99820612
0.99131882
0.96836043
0.92512774
0.99143749
0.81491956
0.93660311
0.94784862
0.97180657
0.99388422
0.98149676
0.94126234
0.91302743
0.99255284
0.96682676
0.86821810
0.99548224
0.84081898
0.81071609
0.88328145
0.98206096
0.92927062
0.98953776
0.86304409
0.99638195
0.98623162
0.89945297
0.96815415
0.99270281
0.88888848
0.91416680
0.83836004
0.90891228
0.99690300
0.99603008
0.93524666
0.88442574
0.90834808
0.98429347
0.98574911
0.94610697
0.99223712
0.99025116
0.97420560
0.96038290
0.96827754
0.93301812
0.99351813
0.83313891
0.86502180
0.84073877
0.99815142
0.96425889
0.96786505
0.86544075
0.95657512
0.98669868
0.99792855
0.97518118
0.95088261
0.97003616
0.95618541
0.99563116
0.97631944
0.98336436
0.99778041
0.85519516
0.99155210
0.85584267
0.98056111
0.96230310
0.90931241
0.99614356
0.99686687
0.86139518
0.91175109
0.95218726
0.92583649
0.86986604
0.98751644
0.97497940
0.94337756
0.87798735
0.96613728
0.99526686
0.97628674
0.99093596
0.99727207
0.99035119
0.95679809
0.95394360
0.99683264
0.92496838
0.99203503
0.97425709
0.98630994
0.83097884
0.96668871
0.95516253
0.97422443
0.82411495
0.99404859
0.94873871
0.85827445
0.93131447
0.80693821
0.97017758
0.96732347
0.98662076
0.90470206
0.93018442
0.85674829
0.91417594
0.87973889
0.92066372
0.95631202
0.96089639
0.96624848
0.99525773
0.87995796
0.86280562
0.95746274
0.98756842
0.99574080
0.90697102
0.94487719
0.95830876
0.99305581
0.99227191
0.99433778
0.99953631
0.95799932
0.94175644
0.96868104
0.93304411
0.99147850
0.93059448
0.86322130
0.95162566
0.99333146
0.99723821
0.92021307
0.90773566
0.82045686
0.99031244
0.99519544
0.99377910
0.99656002
0.88599411
0.86674627
0.94355954
0.89607406
0.87056438
0.99260464
0.92876044
0.97073760
0.90749119
0.99524758
0.94280111
0.95485971
0.99407843
0.98112952
0.97638781
0.99336570
0.99480068
0.99526208
0.97287824
0.87595432
0.99146520
0.93140803
0.93070889
0.98635404
0.91513698
0.81441911
0.97948588
0.79147376
0.84562128
0.92271356
0.98686909
0.98810087
0.92621529
0.92515184
0.97369889
0.97681911
0.98597045
0.98732007
0.86204339
0.94468626
0.95100264
0.95348221
0.96498663
0.97639920
0.98665140
0.96397899
0.98601252
0.93553768
0.98894874
0.99321642
0.89148647
0.92980789
0.99421032
0.98113997
0.98826293
0.98043853
0.80811144
0.95160286
0.99687055
0.95230306
0.98126608
0.99864715
0.95400969
0.98947326
0.90606392
0.85707945
0.98248152
0.92134204
0.98273881
0.89946133
0.84248166
0.79167750
0.94478373
0.85721892
0.99513076
0.96370091
0.99177941
0.95928952
0.82725804
0.99125518
0.85812826
0.99838496
0.88858046
0.90870069
0.97321918
0.98028553
0.97281176
0.99559587
0.84835028
0.97516403
0.94844947
0.97910532
0.85477291
0.98557237
0.92073430
0.96330760
0.94918286
0.98140312
0.99195968
0.92740348
0.97670830
0.98341389
0.88448463
0.98384426
0.96200929
0.83226062
0.99725224
0.95566042
0.95873137
0.94362488
0.96606234
0.99206078
0.99641813
0.97816174
0.82255692
0.99287880
0.93741621
0.79760599
0.98669083
0.88947694
0.97994264
0.99025089
0.98971980
0.99628435
0.99668550
0.98278870
0.89990360
0.97423661
0.99635067
0.98059434
0.90171456
0.88443562
0.99069473
0.86492854
0.94564654
0.98955750
0.97841218
0.99507855
0.97919962
0.93437408
0.99135498
0.85241993
0.97799224
0.99211131
0.93789974
0.97090419
0.99523121
0.99889405
0.97824199
0.99378249
0.96491299
0.81047678
0.92693443
0.91060989
0.98312636
0.89406422
0.92396406
0.99917637
0.91220791
0.99183035
0.99687784
0.94831624
0.97226315
0.97431396
0.99343223
0.99511789
0.89232768
0.96993199
0.93246912
0.97543626
0.97279617
0.87704032
0.85370190
0.99249976
0.91755236
0.99890860
0.99763789
0.83609619
0.92989111
0.98670413
0.99114138
0.90753540
0.99729355
0.95602564
0.98343892
0.96210559
0.99720676
0.99497253
0.95646160
0.84908181
0.99607871
0.98917298
0.93222201
0.99230205
0.99069149
0.96823600
0.98731154
0.92375436
0.97895344
0.96433499
0.99080707
0.99029960
0.99632294
0.98615727
0.96373677
0.86497275
0.84009065
0.98818674
0.97963581
0.98906092
0.98681404
0.95721848
0.89469454
0.99330566
0.94783622
0.95985352
0.96053094
0.98631117
0.98661812
0.99588165
0.99398972
0.98468471
0.95301884
0.98232047
0.99164322
0.98787212
0.98700658
0.96157323
0.94445166
0.93321329
0.98262783
0.97975895
0.99421861
0.91509970
0.99755921
0.95863597
0.97864928
0.78978867
0.99872173
0.92381941
0.87180798
0.96043882
0.87659676
0.97162049
0.99817135
0.96676729
0.99568726
0.99273233
0.96754917
0.99730333
0.84604799
0.97273318
0.92116609
0.92169599
0.99420984
0.82045527
0.90194241
0.89775961
0.95734773
0.86829184
0.99550745
0.99307481
0.86779550
0.98783772
0.98628919
0.94415796
0.99622349
0.99238903
0.99848755
0.98908095
0.87998777
0.90712350
0.96473974
0.97217639
0.87311799
0.99678502
0.93107580
0.96485391
0.81828966
0.98724463
0.98256626
0.80853912
0.99444381
0.97446438
0.87553759
0.90120710
0.88498449
0.94259071
0.99553815
0.92915069
0.91822721
0.90897139
0.96085875
0.96027453
0.96359258
0.97921173
0.84503082
0.94241192
0.98313391
0.97624806
0.99233886
0.99456222
0.98798485
0.81037769
0.91347261
0.94165365
0.96921941
0.98676725
0.97435725
0.91441542
0.99207240
0.95622463
0.82517829
0.86081836
0.98983162
0.99438234
0.99011519
0.80852797
0.93794393
0.97717182
0.99707644
0.92452388
0.99128179
0.90600162
0.99712681
0.99466107
0.86590827
0.96860749
0.81030513
0.91555930
0.99561473
0.86366426
0.95196377
0.90218682
0.81741090
0.90609825
0.99114886
0.89652555
0.92768605
0.98960029
0.99759466
0.99532814
0.98624383
0.98122017
0.97380865
0.91778017
0.98639701
0.86078476
0.88232401
0.91239844
0.88388268
0.93605901
0.99655852
0.96002198
0.99245831
0.96175696
0.83791626
0.99168981
0.99764413
0.85141081
0.98406491
0.97845735
0.99194733
0.98281606
0.96249193
0.91638156
0.98333312
0.99820418
0.88126138
0.99206620
0.98270839
0.96095139
0.98607631
0.99492679
0.91445301
0.83762424
0.97299019
0.94992295
0.80203654
0.86960879
0.89695080
0.98903014
0.99034702
0.92835289
0.99836693
0.95224940
0.85379481
0.99605917
0.98162149
0.94879347
0.99713097
0.94460775
0.98828771
0.98306974
0.96466330
0.97142283
0.92185575
0.99220074
0.98552471
0.93287766
0.99564831
0.81207401
0.99434657
0.84781728
0.97386038
0.90851074
0.99457410
0.96501234
0.99095725
0.98766489
0.97253596
0.86298584
0.90006523
0.98431922
0.93174372
0.92338039
0.82274859
0.93740869
0.85070315
0.96324048
0.97544852
0.97217184
0.97823924
0.98584459
0.99008286
0.89890390
0.99152640
0.80825577
0.88268133
0.81702135
0.99458396
0.97556593
0.94671822
0.94800711
0.93383237
0.99531750
0.94488041
0.99225960
0.97547693
0.91932097
0.98138444
0.90007770
0.98190758
0.91157769
0.99604998
0.82946347
0.83626957
0.97967486
0.97603074
0.98096963
0.97250003
0.99707107
0.86932904
0.99580611
0.86172899
0.98239629
0.99250085
0.98950004
0.87516347
0.86841476
0.99125223
0.99966236
0.96343889
0.91296144
0.94301168
0.99412372
0.99478642
0.90199029
0.86390589
0.99539929
0.95383453
0.99902368
0.86908156
0.95763902
0.97968293
0.98597519
0.86395464
0.99528939
0.96026846
0.90156063
0.97977266
0.96047088
0.86723803
0.97451214
0.99834046
0.87661417
0.98083912
0.99014271
0.94161817
0.98410827
0.79204406
0.90529642
0.87736930
0.98251692
0.99418388
0.96838914
0.99219300
0.82307927
0.97627961
0.99147067
0.99774619
0.95318068
0.99311949
0.99200857
0.94790528
0.99141416
0.99084614
0.88637870
0.99731197
0.98065731
0.99700976
0.84940418
0.98229577
0.97004834
0.85244629
0.84641883
0.96640322
0.94716326
0.99865994
0.92542890
0.97217847
0.93507345
0.93444947
0.85987124
0.90249558
0.92268956
0.99143154
0.99761796
0.97224838
0.92951700
0.87895298
0.99656978
0.83415328
0.99547326
0.96658744
0.98493447
0.90168086
0.95643316
0.98805812
0.94562922
0.81790638
0.99270193
0.80657331
0.95531510
0.91577845
0.99917541
0.90613952
0.97999233
0.83966029
0.99434824
0.91610562
0.99623126
0.90118930
0.84438091
0.97632525
0.98536920
0.89854126
0.96779880
0.96649343
0.99786121
0.98255613
0.99320679
0.87861114
0.91148132
0.98669901
0.97413163
0.99428847
0.99023601
0.91341491
0.87136673
0.83305072
0.91836794
0.99407521
0.98755433
0.99296337
0.96840522
0.84923298
0.89234535
0.83837439
0.99409618
0.97366158
0.92189380
0.98260429
0.93915699
0.98121650
0.89038310
0.99817984
0.92569319
0.98569493
0.99071321
0.99322917
0.92424307
0.99614832
0.90719577
0.95772214
0.87589322
0.98281382
0.88846759
0.93594885
0.99669128
0.96913507
0.94427272
0.89130373
0.88907086
0.95608986
0.92729315
0.79536022
0.95546255
0.99237067
0.96721404
0.94735983
0.91644449
0.94219437
0.97898184
0.99503127
0.99751013
0.97209224
0.80748006
0.85883267
0.99560946
0.97994691
0.99132102
0.93403354
0.85668586
0.84907026
0.79914007
0.99412631
0.96580276
0.98559102
0.88836419
0.95594943
0.97965903
0.98724386
0.99479638
0.86668370
0.96308095
0.93798523
0.98087344
0.92030401
0.99738541
0.88287632
0.81927400
0.99446318
0.93152263
0.97362332
0.99247764
0.94503959
0.84443547
0.97700051
0.99228400
0.99734390
0.87551930
0.95596732
0.94967927
0.88641435
0.97130407
0.99714212
0.94386514
0.81454230
0.89859582
0.97543405
0.99644583
0.96418993
0.88656870
0.99114861
0.99139850
0.89302970
0.96896245
0.81553678
0.95973505
0.83628709
0.98829950
0.98492503
0.99531842
0.81684516
0.94908717
0.86424249
0.99889972
0.96955061
0.98995037
0.90382984
0.85695037
0.96463284
0.99583166
0.92735097
0.99377112
0.93277343
0.98449805
0.97748760
0.99860720
0.99917862
0.99508757
0.95943485
0.95145656
0.97089517
0.98490255
0.99059305
0.94440478
0.99048732
0.84183781
0.98722601
0.92302696
0.91835490
0.86066516
0.89903051
0.99775154
0.99878964
0.89286664
0.98822510
0.92411365
0.98682919
0.99079861
0.98235939
0.98877882
0.84995234
0.90008798
0.95548266
0.92756215
0.97905117
0.97517027
0.96526122
0.99715013
0.85833676
0.78856170
0.96769432
0.95121121
0.97213225
0.82173649
0.92571969
0.97466033
0.84043205
0.87979351
0.98961135
0.85416219
0.97317787
0.94880776
0.83361579
0.98525963
0.95779346
0.98396121
0.99422417
0.96884239
0.91803102
0.81006656
0.98344267
0.86350194
0.99708364
0.99475955
0.97365815
0.96707438
0.90665162
0.82004394
0.86489696
0.99253273
0.82006100
0.85327108
0.83756400
0.99289495
0.81016068
0.90357888
0.83420160
0.97540789
0.98719532
0.98284771
0.80485004
0.97567419
0.88900352
0.84224020
0.90356720
0.97345475
0.97615137
0.91302130
0.99311547
0.95606394
0.89958251
0.99566339
0.84331888
0.93673360
0.98386490
0.83118772
0.98375830
0.92723664
0.98678402
0.99781815
0.98646601
0.94097446
0.98525058
0.97355777
0.81450374
0.94471080
0.97423214
0.99280346
0.99805469
0.87342700
0.92396461
0.95900534
0.83956213
0.99530164
0.97763878
0.97199222
0.99527998
0.87216314
0.94760771
0.85369826
0.99438324
0.96181694
0.99607928
0.82863041
0.92373487
0.83510301
0.85711264
0.99326779
0.99933703
0.93991827
0.96758284
0.99112149
0.97276153
0.93153923
0.97639132
0.98122333
0.97618952
0.96856732
0.86298189
0.85153685
0.95589645
0.94334177
0.96971225
0.82922754
0.90947315
0.86635904
0.97528252
0.98975726
0.94179282
0.99121031
0.87762707
0.99289862
0.99248342
0.97298179
0.83101364
0.91600939
0.81260362
0.83571114
0.95799560
0.99314078
0.82600503
0.96577617
0.93875514
0.90675235
0.92800915
0.97153415
0.94280399
0.82051640
0.98734609
0.92727133
0.95510049
0.99354149
0.91477495
0.99004304
0.99437741
0.87716074
0.95242192
0.94288496
0.98794228
0.92617067
0.98746774
0.82724074
0.90680653
0.97963157
0.99842253
0.92300374
0.88413195
0.86212740
0.98057716
0.98988560
0.95232955
0.95413928
0.93825342
0.89334077
0.97021986
0.96812515
0.98624659
0.89594546
0.97933437
0.83647857
0.81750750
0.98604162
0.97669576
0.85625485
0.92507880
0.96661791
0.94318389
0.93747143
0.99026035
0.96972771
0.90695057
0.94746193
0.98854678
0.99600682
0.81853998
0.93295993
0.97329943
0.94265823
0.99900813
0.99479648
0.94144057
0.93646517
0.99562039
0.99150354
0.99376590
0.93588851
0.98569515
0.99910705
0.98047648
0.92535536
0.99095543
0.97944262
0.91150170
0.91142135
0.86040648
0.93866182
0.96125648
0.85118295
0.97145166
0.89248141
0.99591230
0.99267292
0.98681159
0.96294603
0.88660338
0.93376543
0.88390383
0.98008542
0.99408881
0.98996887
0.95606515
0.97743063
0.99658108
0.98515960
0.95869434
0.95581175
0.94642830
0.97037194
0.85456220
0.92618196
0.97161000
0.96543203
0.90748861
0.99738616
0.99789170
0.93520092
0.94181537
0.95065614
0.85569450
0.96994655
0.88030234
0.99727873
0.98731668
0.94292878
0.98876730
0.90286891
0.97903716
0.99606555
0.81710376
0.99360908
0.99392397
0.87981457
0.86064335
0.98758043
0.91394640
0.98889494
0.97221713
0.98179263
0.96564832
0.97191577
0.99304045
0.99193773
0.98420882
0.97871115
0.98906376
0.94557062
0.92774045
0.98439919
0.98750855
0.98693675
0.99486824
0.94004339
0.98663450
0.87103392
0.99374713
0.81216047
0.95602902
0.99092362
0.95693043
0.81927678
0.99149204
0.89675865
0.98129908
0.94668252
0.99796801
0.98285383
0.85884207
0.94909103
0.99065041
0.99734608
0.97840696
0.97024465
0.97076103
0.98119651
0.89221541
0.94253147
0.99672441
0.98365091
0.99334390
0.94144247
0.95346621
0.97938853
0.95699648
0.96984831
0.98255145
0.82670360
0.96546056
0.93637652
0.98378784
0.91363940
0.99736027
0.94944220
0.87371603
0.98735897
0.97105600
0.82145553
0.79755202
0.90301224
0.97528393
0.97129451
0.91387986
0.99495480
0.90080754
0.94585349
0.97461864
0.98805142
0.82486863
0.95544742
0.98103666
0.97342270
0.99544575
0.93405433
0.82534024
0.92390313
0.84564490
0.98798012
0.96327528
0.98045653
0.98664333
0.91316694
0.99907832
0.98397362
0.97744538
0.99123812
0.79434790
0.95778772
0.96853011
0.93599898
0.86765887
0.83730459
0.95871487
0.99652706
0.97379761
0.96092374
0.87026695
0.98877286
0.95727757
0.86766611
0.98696450
0.98101687
0.98399531
0.96298425
0.99522161
0.93010408
0.99227598
0.82944972
0.99277602
0.99227549
0.97072930
0.94134639
0.99047764
0.99057634
0.99843386
0.99369894
0.98754767
0.98822506
0.96792930
0.99058657
0.93365321
0.86909076
0.96790447
0.99610197
0.91537483
0.87847911
0.94629883
0.89912138
0.98741060
0.86548720
0.99882126
0.87873887
0.94327423
0.99331048
0.99040488
0.99805075
0.99883547
0.94848089
0.84174450
0.97224817
0.93225499
0.97328240
0.98262463
0.98170108
0.99415050
0.99593713
0.96213525
0.99625235
0.99581933
0.94495350
0.99637676
0.81476714
0.98246108
0.96666131
0.98400378
0.80551644
0.95901439
0.97327895
0.97965686
0.90929817
0.95390911
0.99880164
0.98776403
0.97525693
0.88600589
0.96329560
0.97877911
0.99425146
0.98628494
0.98777513
0.95679963
0.98538929
0.98308440
0.86048340
0.99502101
0.81233359
0.80795183
0.99148204
0.95235954
0.97707544
0.99651255
0.98873680
0.89687703
0.93515165
0.93861882
0.97389278
0.99441773
0.99561282
0.98561747
0.90417242
0.90262340
0.91913368
0.98257997
0.99086997
0.97281539
0.96331084
0.99517133
0.97689210
0.97889664
0.97771083
0.98554724
0.87843734
0.94747370
0.97813569
0.98939883
0.94022939
0.88909736
0.93595522
0.96632325
0.95882742
0.89283512
0.97375099
0.97736416
0.84543883
0.80984695
0.98886728
0.89164639
0.90632961
0.99821144
0.95600380
0.97037795
0.99607836
0.94422256
0.93704511
0.99585568
0.99307678
0.98864784
0.98656879
0.92758887
0.97538252
0.96407892
0.99460154
0.94612666
0.84828951
0.99664462
0.83858873
0.99156850
0.99300314
0.97863357
0.98865824
0.79738835
0.92031272
0.99466820
0.82927618
0.95141823
0.84992167
0.98536199
0.92613222
0.98964656
0.98822489
0.90304182
0.97068262
0.97499675
0.80220107
0.98187673
0.97414045
0.86742039
0.85146676
0.98357104
0.94679932
0.99207223
0.90594858
0.83769974
0.89906945
0.92915881
0.99201484
0.96093459
0.91461514
0.88391988
0.99561955
0.94913778
0.87141542
0.98559260
0.97995866
0.98270891
0.95603117
0.99689421
0.97329429
0.87398688
0.99661134
0.97220787
0.99303957
0.83784916
0.99123707
0.83422036
0.95850406
0.94947796
0.97645155
0.99429749
0.97289681
0.98890348
0.91412426
0.80917653
0.96796567
0.98618185
0.97976031
0.99711989
0.99413328
0.96485180
0.97447580
0.98980344
0.89502626
0.85135161
0.86565980
0.95896331
0.90179070
0.95283454
0.82806992
0.95775325
0.94842629
0.99042823
0.86733032
0.82007468
0.99326167
0.88621365
0.89537665
0.95907531
0.99667312
0.96744889
0.97652834
0.99340964
0.97995917
0.99549938
0.96211375
0.87035977
0.94896052
0.84137366
0.99469253
0.93245997
0.95767101
0.82955651
0.99477048
0.99446757
0.95904666
0.91251887
0.98905214
0.90560080
0.96595841
0.99557485
0.81985332
0.85614890
0.89983439
0.93460540
0.84319823
0.86208124
0.99672463
0.91917864
0.86473451
0.92977993
0.96654985
0.90238014
0.94442080
0.99487380
0.94264113
0.94724722
0.83718983
0.95768925
0.91643964
0.89264892
0.82419163
0.88055125
0.97808827
0.98891181
0.96277828
0.81967639
0.96999968
0.91241371
0.98980390
0.83654042
0.99376945
0.91947032
0.97561388
0.87821530
0.99462931
0.97008641
0.98319183
0.94200869
0.82531782
0.99012579
0.98072522
0.98580296
0.98953617
0.94373674
0.98955350
0.91445914
0.94646248
0.89280911
0.96506337
0.96643033
0.82971245
0.98607419
0.97950060
0.93190000
0.97290150
0.95557123
0.93890856
0.82707588
0.98439475
0.90680943
0.99719318
0.81523255
0.83121405
0.85563314
0.92236080
0.96985218
0.88782653
0.98528838
0.87303498
0.95932440
0.97738934
0.92757182
0.84421137
0.84586821
0.88188868
0.87593200
0.95083033
0.99139743
0.96610316
0.93082891
0.89824209
0.90405102
0.99394611
0.90487607
0.97490705
0.91664897
0.98362424
0.98997903
0.86124041
0.87333208
0.97194788
0.93663699
0.85469848
0.99354311
0.92804608
0.84602319
0.86173707
0.88770172
0.94075703
0.96360193
0.93201863
0.93589619
0.92811954
0.92925545
0.95439771
0.82726091
0.97903630
0.87864000
0.98572362
0.97884119
0.97072705
0.94374634
0.97490504
0.99874589
0.96866329
0.98970307
0.99793171
0.99542331
0.95083197
0.94896696
0.86839754
0.81131130
0.98973830
0.84048215
0.96033637
0.99680581
0.89222104
0.98025886
0.86575686
0.89474171
0.89788184
0.99208343
0.99822275
0.94738517
0.96649422
0.93962687
0.80919106
0.98342814
0.96379323
0.99352152
0.90150360
0.95623491
0.93256517
0.83941364
0.82261319
0.84680529
0.96040930
0.87034020
0.96206634
0.80727099
0.99916810
0.98237302
0.87001824
0.96972889
0.99225221
0.97154838
0.99059870
0.80682644
0.99348018
0.82403389
0.99187799
0.98488748
0.99598456
0.82383918
0.92762780
0.99582461
0.99235181
0.98259456
0.88524813
0.95946127
0.86938524
0.96209378
0.88204752
0.98971861
0.98135758
0.83405411
0.99314744
0.93676258
0.98675463
0.99385064
0.91383123
0.96660872
0.99261874
0.95018369
0.88578588
0.98916898
0.92348476
0.98867973
0.96816655
0.99478859
0.99162415
0.97525683
0.91097488
0.93727815
0.99371146
0.97815856
0.85812318
0.97678825
0.99654164
0.99544139
0.99545203
0.98499833
0.85076069
0.93039160
0.99874606
0.96194480
0.96426119
0.98775084
0.99735912
0.98570956
0.99246794
0.82799549
0.95102116
0.80677970
0.94361546
0.98851136
0.90359568
0.98663454
0.81892261
0.99650198
0.95245316
0.92946427
0.94754999
0.90500661
0.90658144
0.97829187
0.85695104
0.99536565
0.98950942
0.87381568
0.99067208
0.96135802
0.89648312
0.99551843
0.99585416
0.97836969
0.88167374
0.93148959
0.82992937
0.92727925
0.81099697
0.97641818
0.99446085
0.93386082
0.91296418
0.99551007
0.97435499
0.99836971
0.94215339
0.93109048
0.98925827
0.98518463
0.86102247
0.95945608
0.96191107
0.79868384
0.96632718
0.95629152
0.99679158
0.98761316
0.93799546
0.98657735
0.94640366
0.92738572
0.92649650
0.98735935
0.95266419
0.99464887
0.98920960
0.93644253
0.96157502
0.91451859
0.81781112
0.93977725
0.99002883
0.95525792
0.97746639
0.91450874
0.97189540
0.99683162
0.90066687
0.98921306
0.88557981
0.92025165
0.86980087
0.90808519
0.93234575
0.90501414
0.98032617
0.90697188
0.99818661
0.97289065
0.98798877
0.90889988
0.99697471
0.98574818
0.88607039
0.99367991
0.84306901
0.99021865
0.99625567
0.81318150
0.94606787
0.95343342
0.94832580
0.98159353
0.86678262
0.96008833
0.94885545
0.99859841
0.92386028
0.86672009
0.90764427
0.96809793
0.98523416
0.99512985
0.99913903
0.98230630
0.99780322
0.86526869
0.98739447
0.99659170
0.96557013
0.93748120
0.98075850
0.96134804
0.85565258
0.90966471
0.92157310
0.97185114
0.99588871
0.97023796
0.93448846
0.97130380
0.95542694
0.99840324
0.99374198
0.99527992
0.99901120
0.89943399
0.90882711
0.82847795
0.90563597
0.99838298
0.97770573
0.98469357
0.97449293
0.99315867
0.98250980
0.96655142
0.95122319
0.97127751
0.98029749
0.96265062
0.89757758
0.99361623
0.94353828
0.96635014
0.89349782
0.96504258
0.89438122
0.98366255
0.96469200
0.84166559
0.99096178
0.90914896
0.98972104
0.99313828
0.95504921
0.98769993
0.95225085
0.98005366
0.98096100
0.97248598
0.88855590
0.79460383
0.99368092
0.97288205
0.93997305
0.99609065
0.97523152
0.99031515
0.81888728
0.86133296
0.98356514
0.99197606
0.99759695
0.85617666
0.92972893
0.98845403
0.93646518
0.91178710
0.90724417
0.98637688
0.89886208
0.97043825
0.94784185
0.99587983
0.85285252
0.93761813
0.94881438
0.99789665
0.80202372
0.98031428
0.98856813
0.79693777
0.94894295
0.92649649
0.98223994
0.94660740
0.80491538
0.90805474
0.90072421
0.90839198
0.99116647
0.95007477
0.98394035
0.99571031
0.90228426
0.98166978
0.96698721
0.82236837
0.90454722
0.94284635
0.92198931
0.99433124
0.98185152
0.95610151
0.98266597
0.90486957
0.98432673
0.98919823
0.97933891
0.98896511
0.95347117
0.89949376
0.97993499
0.97930052
0.88423910
0.83268146
0.97643533
0.99751836
0.97729497
0.99694104
0.99119290
0.92273811
0.80486439
0.99264926
0.95613537
0.84247731
0.99228860
0.98867446
0.99583169
0.95861574
0.99225805
0.96326457
0.93736271
0.88919606
0.93957608
0.99435600
0.96862862
0.97635394
0.98797447
0.96171826
0.97731060
0.98656829
0.99640219
0.97220466
0.94780273
0.99554810
0.91798890
0.97582558
0.95964917
0.89668757
0.98360930
0.98575912
0.97656599
0.96238781
0.99511618
0.92540203
0.98959995
0.88374993
0.93910713
0.94259544
0.98322459
0.98799879
0.90867230
0.94832617
0.98697882
0.98779665
0.95567690
0.98103850
0.93614907
0.90701547
0.98475099
0.99439705
0.95737243
0.97513662
0.94687573
0.92851094
0.88425921
0.96384148
0.90488702
0.98572590
0.98985568
0.98352487
0.91070215
0.84627484
0.99362590
0.97570448
0.99273596
0.87715193
0.99436416
0.90100807
0.89911364
0.99769479
0.97701318
0.98602007
0.96735145
0.83722395
0.97223395
0.98375076
0.95419514
0.86113056
0.99418112
0.98822812
0.98265441
0.99210777
0.92611893
0.99391182
0.97727797
0.98409216
0.92379807
0.94291740
0.97264342
0.99187126
0.93119613
0.99043170
0.95209835
0.99534836
0.99716981
0.82597877
0.98525931
0.98236864
0.97984559
0.91332013
0.90689293
0.98346114
0.94743297
0.94910971
0.99649450
0.97576881
0.97212974
0.92774035
0.97536546
0.99329659
0.87698607
0.99148131
0.99429808
0.98351869
0.96471350
0.97350458
0.87313006
0.99730134
0.96597395
0.80887775
0.95549067
0.99696485
0.88794301
0.99528673
0.97957033
0.86455360
0.99791189
0.83474654
0.95882626
0.92705823
0.91854414
0.99723196
0.99645086
0.98830417
0.95835986
0.90960597
0.96633214
0.99103554
0.87798775
0.92551467
0.95940996
0.91657561
0.99056891
0.98935944
0.99287749
0.98219879
0.93502299
0.99725206
0.98433830
0.99701996
0.95130184
0.98366693
0.98262056
0.87615194
0.94554681
0.99393692
0.95406066
0.99376908
0.99104396
0.95617494
0.87451342
0.92937801
0.84875948
0.99810179
0.99563013
0.92562352
0.99615288
0.99173403
0.99881803
0.94308572
0.94068870
0.80362105
0.87039825
0.97180210
0.97533672
0.99484286
0.95500570
0.97947616
0.99834780
0.97912054
0.88627085
0.88804772
0.99503537
0.89674424
0.88706980
0.82049304
0.97478534
0.96249710
0.98878146
0.84740573
0.94563149
0.84181520
0.98970254
0.96280922
0.99748011
0.95672031
0.97720596
0.99780542
0.98539225
0.94301656
0.90429272
0.98744678
0.81604030
0.96632619
0.80781759
0.99549332
0.81984374
0.96742613
0.99194308
0.99368876
0.91611742
0.92657972
0.87820660
0.90492753
0.92818666
0.91220131
0.86483148
0.98375723
0.87917311
0.95454386
0.91934529
0.98647888
0.91808896
0.99430352
0.99592352
0.99345883
0.81291030
0.91649322
0.98922547
0.92461396
0.99796973
0.81523899
0.99566419
0.95291442
0.99252207
0.97233513
0.99670063
0.96320226
0.93215804
0.98865652
0.88165004
0.97107124
0.87891730
0.98344991
0.97871980
0.90101569
0.87977762
0.84021592
0.88418599
0.99333865
0.94498750
0.98254074
0.96604505
0.93971946
0.95991808
0.99385157
0.98934349
0.95321402
0.87117154
0.95411214
0.84732881
0.85143877
0.93842094
0.89567700
0.82917433
0.90416917
0.98800279
0.99860238
0.99572333
0.99175318
0.99854060
0.89854086
0.99607058
0.87542997
0.93802028
0.91925174
0.99280889
0.94187337
0.98518320
0.92564331
0.98267332
0.99029211
0.83761444
0.97783655
0.83086597
0.98078380
0.89605657
0.99592848
0.97664647
0.99556866
0.99308322
0.82122402
0.95772050
0.99703147
0.81150593
0.83618579
0.97468889
0.99953538
0.92569960
0.99332276
0.93849048
0.95204367
0.95414153
0.99148302
0.91089843
0.81741841
0.95437136
0.94873160
0.89944881
0.99496904
0.95560496
0.97961789
0.95652077
0.95266373
0.80491817
0.98172739
0.99438229
0.99451854
0.90851708
0.91205939
0.89768573
0.99712431
0.98806192
0.92761765
0.99678670
0.92351419
0.99906639
0.89773787
0.99848100
0.95798036
0.93330408
0.97002819
0.86191948
0.91474194
0.85652725
0.96755946
0.98942373
0.96861123
0.99541734
0.85328105
0.99090429
0.99813184
0.82007353
0.86862846
0.85931125
0.82962082
0.93735873
0.96225045
0.90547971
0.83044533
0.99569752
0.97351925
0.99165678
0.93172510
0.97647247
0.99595259
0.98604959
0.95989257
0.89573927
0.99124828
0.94596750
0.93926540
0.93561016
0.92341089
0.98568026
0.94046565
0.84793379
0.95051644
0.81635062
0.98172714
0.98003726
0.96655672
0.90295209
0.95767348
0.87694381
0.99278870
0.98743615
0.97407628
0.99216583
0.97507624
0.97011030
0.94703470
0.88800234
0.99655346
0.94146694
0.90629259
0.98962426
0.97584520
0.99658327
0.86819519
0.99621481
0.99762733
0.91374818
0.96688487
0.88567018
0.97454420
0.90196912
0.98009197
0.84508198
0.98761332
0.98128708
0.96713920
0.97971679
0.98666893
0.84871351
0.92793374
0.98405373
0.98022125
0.81496869
0.99776051
0.97026207
0.97909746
0.98867113
0.99000453
0.99906868
0.99243060
0.97615254
0.96905258
0.97452477
0.89980741
0.89662448
0.99775395
0.97868276
0.98382463
0.85137285
0.84960975
0.92112342
0.99791437
0.83237124
0.99683774
0.98588841
0.99068493
0.99701001
0.99120880
0.97309060
0.86270856
0.87180693
0.83665884
0.98877763
0.83731331
0.96598068
0.88922936
0.99071582
0.99929739
0.97251016
0.96994745
0.88639345
0.97455314
0.98572862
0.97265467
0.88624335
0.98895563
0.90399751
0.97986185
0.99842012
0.99853056
0.97318908
0.99290291
0.96486028
0.96192744
0.96839830
0.82040637
0.81142406
0.98798352
0.99257435
0.83377884
0.98509870
0.87876707
0.92089923
0.90373564
0.99096661
0.96084303
0.99728654
0.99865624
0.86998477
0.98527729
0.93284800
0.89344952
0.87783852
0.83611686
0.95715832
0.98479976
0.99183240
0.98960650
0.82944513
0.98857418
0.89111749
0.87032615
0.96949621
0.98458327
0.99305378
0.99356506
0.96995067
0.99115208
0.98964279
0.94241629
0.98059701
0.94062454
0.94321420
0.93317753
0.99151972
0.87087933
0.82601834
0.97569065
0.99403856
0.99212183
0.87982473
0.97127533
0.93120397
0.99811194
0.97723344
0.98430385
0.99289444
0.97246506
0.99259105
0.97721698
0.99228541
0.91966765
0.89987772
0.93866199
0.99890292
0.99197889
0.98421442
0.89558783
0.98487557
0.98904141
0.87308569
0.97695199
0.99827624
0.96955263
0.96682376
0.98291428
0.98748678
0.97822545
0.85446805
0.95904115
0.99024188
0.98257901
0.99488661
0.90660082
0.92363353
0.97749881
0.91887098
0.99264575
0.99459659
0.86989703
0.92680119
0.97985886
0.88800736
0.85469428
0.89291103
0.84683414
0.99249920
0.92909264
0.84017694
0.98767616
0.99336285
0.88676500
0.99168487
0.84434079
0.90712479
0.91821235
0.98631509
0.99812218
0.99393422
0.96188425
0.99845745
0.97790085
0.98381956
0.96606466
0.95625258
0.91452248
0.96696311
0.99521528
0.96275141
0.94229145
0.82399468
0.95272056
0.91867345
0.95268130
0.98261222
0.84023779
0.97708416
0.98943233
0.90872347
0.98748034
0.98701238
0.98958123
0.83058286
0.91822667
0.91874103
0.91149792
0.97565568
0.84973568
0.88160912
0.91489922
0.99549085
0.99472828
0.98079120
0.87115945
0.80833052
0.97042101
0.98057780
0.95607270
0.99826285
0.99111790
0.94347464
0.96523092
0.84161640
0.96246397
0.96925572
0.99704196
0.99422851
0.94914301
0.99126228
0.99491132
0.99164108
0.98525008
0.92585211
0.99186130
0.95881502
0.99537614
0.94249710
0.98991047
0.87648621
0.98169328
0.99148427
0.89882645
0.99483485
0.99304305
0.99090159
0.99151696
0.94326704
0.84362496
0.98602239
0.99006353
0.98310887
0.96320590
0.88135273
0.99742000
0.95435509
0.99773592
0.95833412
0.93443121
0.98734207
0.86654498
0.98358869
0.87368795
0.98724409
0.98711175
0.94832700
0.96055629
0.88514563
0.98455242
0.99880056
0.96306877
0.99673831
0.98383828
0.93029271
0.93177572
0.99557738
0.97221552
0.91262761
0.98286162
0.92438151
0.94086168
0.98456613
0.89774211
0.98751370
0.99790545
0.90130824
0.99411127
0.98301372
0.94174923
0.95499332
0.98320196
0.95709142
0.88043582
0.97620025
0.99701878
0.87790441
0.98669068
0.88878019
0.95289724
0.94274126
0.99599847
0.85822316
0.97184120
0.93231028
0.91119453
0.99111969
0.93814809
0.94721703
0.99501871
0.99029059
0.89424723
0.94736527
0.85380934
0.99537175
0.99859514
0.97707447
0.97981406
0.91487505
0.96345899
0.91899331
0.94636711
0.95038720
0.98883921
0.95773749
0.96733076
0.94053070
0.95873598
0.88259234
0.81131601
0.96621312
0.98016181
0.95501153
0.94180105
0.90744850
0.99275407
0.95158898
0.93490708
0.98097800
0.99535921
0.79642122
0.98533241
0.97289104
0.84365657
0.99451115
0.98170989
0.90150076
0.97774396
0.89303153
0.82943186
0.95023782
0.95415704
0.97959268
0.83038135
0.86127800
0.85775074
0.99257387
0.97998618
0.99765573
0.95184101
0.94964887
0.99675046
0.91625527
0.94327528
0.98725034
0.98732451
0.78622829
0.98565839
0.99346215
0.81835394
0.97962922
0.99337266
0.98548758
0.98690235
0.95305845
0.97144348
0.96106099
0.83300260
0.93198163
0.99787293
0.98335201
0.83485357
0.81405282
0.85976116
0.99188092
0.95749435
0.94593096
0.83480390
0.99405618
0.99538623
0.80785472
0.97279443
0.82315611
0.98461365
0.92035829
0.85983802
0.89238291
0.97753218
0.98168991
0.92508435
0.99415794
0.89794005
0.94513137
0.96469190
0.99340064
0.98529559
0.96923920
0.97250927
0.92950632
0.99706493
0.99768579
0.97183878
0.89497744
0.88417947
0.84650317
0.98275265
0.94981865
0.99463090
0.98718914
0.88405736
0.98506762
0.85726743
0.98563809
0.94418096
0.92183497
0.99125341
0.92004443
0.84201480
0.97463153
0.90140207
0.98050489
0.99030572
0.98022228
0.85109678
0.93351368
0.98314392
0.84760687
0.92796472
0.99739502
0.98701583
0.84119428
0.88191374
0.98579306
0.95495207
0.98732647
0.99716821
0.80556902
0.99560059
0.99862550
0.98952368
0.92449360
0.99778959
0.95993195
0.99611763
0.84377539
0.99227909
0.97470587
0.90867829
0.82458766
0.99621352
0.99522011
0.96559841
0.81813116
0.96449385
0.98510954
0.84362328
0.80911021
0.90824146
0.98756036
0.95992692
0.93616321
0.99376305
0.99934183
0.97276765
0.99457791
0.94496935
0.83128726
0.95570641
0.80170366
0.99079703
0.96525324
0.96791878
0.92087164
0.93397467
0.92671710
0.85936765
0.91879956
0.94965072
0.99511478
0.97612711
0.95272400
0.92638440
0.98093568
0.96896607
0.99873205
0.98504891
0.98531466
0.93438862
0.79524085
0.94042922
0.91000684
0.86870012
0.99477203
0.99190043
0.88388419
0.95183780
0.95341535
0.99431788
0.96484614
0.99291954
0.98722135
0.99466969
0.99040128
0.90653231
0.95048863
0.80455332
0.86126913
0.96545508
0.98143682
0.94902283
0.89182998
0.94331890
0.87119012
0.98665774
0.99738069
0.96261288
0.98260131
0.87182506
0.94792886
0.93665749
0.99719378
0.99676038
0.99508732
0.86309012
0.98932290
0.98330317
0.98966209
0.94636381
0.89560257
0.99406068
0.98679331
0.97991682
0.84080293
0.80829315
0.98967555
0.83851826
0.99029855
0.95983771
0.98333738
0.93297309
0.95455235
0.91334940
0.96060640
0.86544652
0.86745644
0.92655661
0.89730818
0.99897202
0.98702810
0.99464829
0.98309523
0.99446438
0.99280587
0.96365149
0.92470172
0.89635962
0.98763042
0.99817059
0.95763720
0.89281805
0.98658589
0.99771270
0.96356909
0.99386006
0.94656660
0.98894977
0.99518607
0.98883675
0.98849600
0.93667755
0.89878972
0.92933983
0.98869025
0.86410591
0.97954750
0.87407537
0.80788748
0.98819671
0.94023803
0.97409783
0.95028122
0.99556822
0.97005661
0.97400875
0.95128915
0.99754546
0.95742136
0.95522119
0.82908545
0.95693237
0.94564251
0.93483492
0.99955800
0.86939315
0.81516453
0.90665079
0.99652909
0.97962391
0.82966348
0.91299481
0.98359833
0.99377780
0.98399470
0.99033448
0.90679482
0.98302396
0.98610169
0.91866645
0.97910894
0.86332152
0.95494487
0.99537378
0.99344820
0.99050492
0.98903351
0.90218072
0.79623354
0.98276517
0.98934175
0.99794835
0.99548581
0.93281142
0.85636795
0.96662447
0.80978047
0.98621577
0.92850435
0.98333152
0.99331930
0.94675592
0.99606509
0.92420170
0.80238770
0.99489572
0.97365550
0.99106302
0.98680612
0.99197105
0.94621429
0.93688076
0.97057042
0.90383654
0.80507921
0.99070115
0.83310774
0.96906088
0.91133214
0.99824424
0.99567329
0.98081311
0.98333977
0.99592305
0.85214840
0.99152744
0.99929152
0.99406397
0.98018262
0.98543876
0.97996954
0.84115137
0.80970967
0.98993545
0.96429812
0.97614119
0.83026176
0.98911066
0.84368931
0.92766145
0.97940650
0.85249357
0.80726935
0.90669712
0.99923072
0.99517977
0.84680042
0.90660214
0.98084785
0.98385881
0.98424331
0.98873895
0.98612850
0.83018844
0.97107078
0.97661501
0.98846988
0.89932459
0.99659589
0.98933712
0.96723838
0.86977355
0.99542157
0.87367198
0.96948846
0.98996122
0.96847593
0.97339258
0.81675674
0.91066729
0.88013448
0.98591569
0.87179777
0.91008121
0.96044839
0.83353174
0.99866248
0.94637513
0.97528363
0.99561999
0.89939384
0.94934430
0.98590788
0.80564300
0.82363027
0.98472651
0.97872853
0.93818189
0.91574641
0.84811070
0.97973206
0.96210742
0.99173499
0.99571214
0.89636883
0.87864715
0.91792307
0.98379399
0.97175125
0.93397694
0.84514762
0.98218123
0.94484234
0.98742718
0.81002233
0.89169587
0.98721732
0.88831398
0.99312483
0.96937826
0.99744899
0.92170520
0.96854168
0.91555185
0.90696912
0.99028521
0.98805601
0.90720619
0.96624648
0.81348440
0.90751565
0.99483734
0.99136648
0.99643802
0.99278937
0.86603191
0.96437847
0.92599120
0.97236473
0.99562454
0.97536863
0.98773977
0.88413352
0.79328541
0.87895543
0.91341156
0.99651087
0.93359874
0.96717001
0.98073586
0.93658704
0.99573850
0.99289826
0.96552691
0.87610277
0.94989497
0.94144566
0.99687968
0.99917328
0.83610057
0.98644844
0.89333792
0.99298123
0.99027513
0.82222718
0.98473084
0.99519392
0.96781761
0.96583561
0.99543280
0.97557705
0.90399621
0.95025553
0.99526952
0.82569875
0.99155818
0.97579595
0.99189627
0.97673114
0.80003419
0.90131211
0.95275875
0.91765338
0.94148816
0.89547563
0.96993755
0.92194037
0.98105663
0.98072063
0.99694029
0.93469147
0.94208780
0.99722325
0.89484143
0.92440239
0.92946586
0.81860128
0.99737605
0.99776249
0.99337398
0.98384164
0.98823591
0.83428124
0.99576986
0.95014453
0.83159307
0.92543403
0.99102704
0.97441409
0.99929505
0.97656575
0.98890049
0.81653673
0.90928013
0.99207233
0.89682363
0.96613767
0.99788251
0.95311307
0.92347612
0.99772540
0.80246932
0.97430118
0.99360376
0.97552139
0.98180732
0.96702687
0.98912838
0.89484389
0.96176684
0.94723687
0.99887743
0.99907990
0.92790068
0.99171045
0.85474258
0.93875023
0.95480195
0.93957078
0.80832041
0.89919478
0.99366329
0.97008870
0.85401176
0.98888179
0.98972899
0.95026901
0.89886768
0.96603081
0.97753524
0.99380564
0.93196408
0.81022256
0.94859938
0.93592649
0.86652142
0.98065107
0.93637332
0.95215724
0.84792104
0.91284332
0.92651383
0.79397208
0.93843500
0.98799390
0.90865814
0.96446411
0.93963722
0.95101475
0.98513233
0.98364482
0.89706175
0.99698547
0.94582068
0.92423994
0.80234708
0.99517298
0.86194087
0.93730657
0.89536604
0.79218508
0.84037133
0.92980645
0.98850479
0.86026795
0.94946705
0.99387720
0.87523407
0.99508055
0.91435523
0.97981767
0.86543522
0.94783382
0.99930379
0.99732605
0.86101445
0.98308929
0.96722121
0.89018999
0.99061113
0.89266167
0.95640348
0.85073362
0.98806557
0.89122183
0.89336896
0.95283228
0.99953862
0.87311154
0.90670485
0.86677660
0.97898286
0.99638206
0.79068535
0.96452790
0.96613847
0.99374646
0.91086074
0.99407511
0.85206450
0.99302163
0.98650746
0.99360036
0.88032275
0.99544696
0.89004329
0.99722047
0.82405681
0.99025136
0.96642386
0.97826945
0.94800371
0.97507840
0.99078807
0.99797542
0.87924450
0.88861404
0.90031420
0.99565489
0.82664208
0.97593472
0.97987791
0.94515440
0.93888964
0.98729857
0.98175081
0.97659864
0.96944482
0.99375635
0.89096033
0.92202613
0.83231976
0.98903064
0.94465319
0.87819538
0.97472723
0.97950260
0.98082130
0.99293590
0.99794881
0.93005339
0.99560515
0.91736296
0.92498481
0.96323234
0.99333323
0.91199246
0.97825718
0.99240621
0.93335504
0.98311602
0.93790408
0.95704717
0.82236405
0.89888813
0.86967112
0.99628374
0.91944542
0.92810081
0.99114632
0.81245447
0.97782927
0.87089655
0.88613085
0.93000376
0.88221545
0.94716851
0.96047010
0.98646897
0.98089614
0.96942288
0.99815255
0.93894158
0.95398173
0.85516732
0.96141080
0.85455416
0.99466417
0.83049891
0.83772373
0.99589225
0.99214293
0.86935234
0.92578291
0.99467371
0.98652799
0.97252748
0.99242516
0.99226138
0.86652403
0.99132461
0.98876566
0.99192907
0.99625797
0.91097375
0.99424803
0.88461197
0.97857092
0.86226714
0.82867255
0.90142994
0.99906326
0.94125504
0.87242336
0.99735480
0.89035579
0.92357850
0.95468279
0.96051569
0.92321792
0.99652346
0.80603557
0.96474032
0.99793489
0.99607323
0.98296232
0.95427368
0.97416871
0.98504028
0.95845099
0.97179890
0.94593096
0.89753404
0.91665098
0.86701289
0.98373461
0.98043421
0.96649381
0.96378713
0.98648511
0.99426482
0.86320865
0.83133298
0.99170111
0.96112662
0.99962892
0.99100192
0.96461856
0.95534512
0.87008723
0.98647857
0.93526957
0.97476263
0.95773103
0.99392749
0.90746655
0.99487722
0.82743095
0.88851584
0.97866615
0.96605744
0.99494931
0.99302239
0.99688845
0.97911004
0.95007052
0.88200889
0.98101370
0.98720871
0.99516372
0.98785277
0.94734666
0.99221401
0.97600428
0.92950444
0.98664860
0.87801184
0.88799230
0.85575023
0.95554113
0.82474189
0.79592398
0.89829856
0.91502265
0.99352148
0.80711410
0.87685832
0.97846345
0.98000663
0.81428498
0.93160688
0.83806987
0.83348540
0.83113692
0.89315133
0.97480399
0.99090408
0.98623459
0.98848497
0.98759276
0.93285497
0.97823351
0.97201857
0.98046889
0.99648346
0.95940229
0.92169468
0.97388032
0.83960133
0.88172704
0.96421298
0.98598689
0.99613194
0.98026399
0.99566593
0.85315403
0.90368200
0.93287076
0.82939829
0.99573607
0.95361378
0.99358703
0.95969565
0.97007271
0.96626460
0.81595284
0.99752080
0.97944841
0.97680093
0.88350248
0.82100556
0.96303847
0.97027693
0.94784753
0.99612861
0.96212004
0.86582062
0.99845912
0.96915690
0.92120254
0.98213199
0.97001548
0.96554596
0.99743744
0.96693901
0.96311118
0.94401705
0.92791203
0.98301236
0.82869646
0.99792151
0.97215927
0.99068966
0.99790415
0.98044383
0.94658236
0.98672434
0.97533157
0.99752471
0.98845067
0.97755642
0.98920794
0.99464456
0.96025389
0.99555545
0.88965343
0.96849604
0.95632308
0.98866445
0.91689959
0.91094246
0.98421249
0.97919818
0.83890540
0.85610152
0.98342250
0.93484534
0.94181614
0.90574671
0.98369915
0.98712428
0.96147522
0.99077244
0.81402375
0.98736213
0.96950762
0.90766828
0.99230778
0.99900077
0.98513366
0.97558875
0.99042176
0.95946651
0.98532083
0.87186256
0.84427436
0.94544498
0.83701065
0.95224029
0.93274436
0.91330483
0.88709813
0.99516907
0.99552197
0.84282558
0.98404894
0.82373076
0.96358030
0.99206256
0.83575418
0.98908129
0.84076682
0.99667525
0.89943504
0.97265735
0.93546261
0.90264425
0.98167865
0.99221984
0.98272402
0.87664194
0.97974939
0.98264756
0.95057723
0.94777647
0.89890558
0.80514043
0.91615394
0.84012843
0.96063717
0.84465713
0.88779229
0.94253050
0.99574495
0.82263556
0.99023121
0.99470947
0.84056420
0.97932029
0.80594832
0.99809171
0.99950221
0.99942765
0.88425354
0.97354553
0.88190833
0.99538056
0.83737652
0.93147736
0.89272515
0.82487873
0.94251903
0.81942119
0.95313249
0.99382812
0.95416243
0.96616899
0.99126437
0.97384016
0.99476340
0.94665835
0.92071223
0.83213459
0.86296932
0.99585486
0.99305432
0.95808266
0.96141023
0.86791245
0.97246907
0.96032495
0.99317595
0.98443809
0.94305051
0.97681569
0.95377195
0.91163351
0.97908904
0.95081034
0.99512646
0.90989252
0.80230612
0.92378610
0.99062734
0.99425443
0.96222773
0.99529796
0.93009660
0.98253673
0.93764940
0.96580825
0.98209197
0.97471922
0.91388150
0.99525141
0.80086245
0.84029872
0.93577962
0.84047514
0.99552266
0.82393021
0.98573155
0.99445930
0.98582292
0.99725037
0.98173323
0.99865133
0.98377166
0.87616297
0.97321317
0.81112301
0.88628058
0.96770418
0.82270151
0.91898881
0.88285814
0.97753447
0.85222108
0.95860768
0.83438224
0.88782872
0.99630190
0.89745639
0.86958817
0.97526146
0.98400089
0.99049901
0.92802119
0.97931832
0.99924924
0.91078819
0.82116921
0.96584074
0.96571677
0.98101516
0.91853435
0.98153711
0.92654921
0.95598097
0.89029009
0.99895088
0.97328354
0.81366082
0.97717034
0.98809664
0.99293992
0.81648481
0.94973021
0.92763198
0.99757358
0.97261912
0.98451162
0.96777469
0.98314061
0.92827278
0.99407861
0.97924910
0.97236363
0.98355929
0.93289743
0.92932726
0.99824004
0.91581299
0.94903458
0.89594893
0.81395364
0.91387550
0.81915540
0.97995733
0.99099750
0.99467589
0.86093023
0.99710790
0.93348637
0.96974541
0.91264579
0.89667178
0.82559642
0.98012427
0.89662748
0.99604387
0.87666370
0.95977125
0.99834445
0.82230932
0.99394689
0.96108771
0.99746633
0.97557432
0.91573831
0.96022683
0.93719020
0.96614933
0.99494735
0.95743969
0.98379658
0.99296712
0.95174604
0.95530009
0.96593350
0.98568749
0.98376279
0.99177017
0.98735069
0.94318486
0.98932039
0.99274860
0.89013579
0.92885135
0.96773537
0.99039418
0.87801815
0.99666154
0.95114045
0.98036737
0.97179775
0.98906675
0.96418010
0.94703103
0.82344094
0.98769583
0.86115716
0.90653226
0.90575232
0.94276554
0.92747208
0.85885982
0.99552393
0.99225489
0.90501019
0.98436624
0.98820705
0.98815208
0.96317950
0.92122428
0.97647706
0.81426323
0.89549953
0.97655978
0.98632894
0.91429836
0.92689836
0.98382339
0.94758821
0.97652609
0.99333820
0.95686149
0.93612771
0.91735192
0.96942728
0.93878204
0.89287599
0.99729761
0.88727710
0.88467616
0.87247097
0.80538581
0.98691664
0.98476194
0.99806646
0.98067286
0.89372011
0.97906894
0.91841511
0.95080568
0.99085838
0.99832826
0.92330373
0.90058725
0.84782215
0.92900803
0.84036128
0.98291543
0.96190417
0.92652338
0.91242226
0.83768395
0.97128052
0.97695869
0.99458033
0.92892282
0.97334768
0.99064282
0.99132542
0.94363374
0.80358583
0.99755717
0.81585259
0.98378604
0.97935175
0.96603384
0.97561087
0.98781870
0.99875443
0.98242930
0.89073976
0.99727122
0.90135847
0.99820177
0.87416392
0.97283615
0.98973176
0.99365731
0.86077266
0.89985013
0.97662152
0.95350147
0.88032643
0.91969122
0.98697060
0.96591984
0.94600839
0.99714509
0.93914248
0.96389223
0.97451211
0.98643060
0.99534931
0.97947195
0.87035356
0.99930231
0.98093496
0.85500213
0.96592898
0.98394508
0.91388647
0.97501085
0.99147384
0.98107852
0.96056788
0.99782745
0.99212148
0.93706556
0.85694631
0.83010075
0.96624208
0.79572206
0.99840525
0.95830663
0.99457842
0.98457042
0.87171733
0.97589878
0.94928868
0.84799434
0.84053265
0.89464670
0.99153783
0.90854457
0.91691660
0.96405562
0.98266325
0.97222024
0.93071366
0.81518604
0.88391136
0.99516849
0.98672036
0.97041652
0.95348863
0.99756775
0.89898685
0.94781205
0.98086400
0.99827654
0.90089332
0.82371962
0.99311933
0.95846991
0.86540746
0.99721620
0.91407090
0.96880271
0.95115709
0.93367438
0.83041104
0.81865258
0.82465313
0.99509545
0.99463629
0.97044583
0.90858638
0.98478988
0.87170247
0.90732531
0.97858517
0.98167774
0.98045724
0.99107018
0.96983636
0.99238392
0.89980621
0.83880274
0.98864393
0.98098753
0.83019968
0.97154408
0.99029991
0.97613291
0.80887768
0.98379040
0.99170200
0.86710074
0.98839772
0.85236278
0.93003088
0.87783799
0.85791504
0.99350061
0.91027728
0.97103400
0.99518076
0.99332828
0.96265828
0.97777934
0.95525667
0.90226123
0.90492007
0.94142885
0.98552067
0.98949139
0.99666212
0.97714225
0.98848978
0.86068259
0.79976596
0.92134933
0.99213317
0.98362818
0.95736555
0.99860182
0.97435345
0.98145743
0.90638832
0.96472611
0.81781139
0.93366725
0.97999690
0.95995939
0.99071116
0.90213798
0.96117262
0.98552411
0.89550998
0.99436353
0.94599492
0.97111687
0.99548426
0.99874473
0.96998269
0.85779932
0.91416763
0.97399113
0.98892314
0.87439141
0.94729061
0.96952325
0.98529018
0.96019782
0.96899579
0.95789368
0.80977420
0.90185794
0.98897012
0.82046585
0.96022192
0.82328701
0.93808774
0.89853961
0.97630064
0.89242836
0.99531902
0.98885176
0.94261348
0.98983883
0.99189275
0.98022208
0.95692369
0.93655121
0.99500800
0.96822720
0.98174977
0.95761168
0.99579052
0.94590665
0.93879032
0.92351412
0.94280674
0.97838772
0.91485517
0.93918405
0.94871507
0.85229613
0.92343701
0.99202176
0.92239550
0.99330069
0.91533661
0.98245787
0.80993091
0.91387056
0.98637096
0.99070389
0.95995744
0.94891421
0.99035639
0.83931145
0.96161067
0.95062451
0.83131461
0.99512079
0.96758498
0.88216841
0.96582562
0.85880821
0.92697215
0.93019273
0.98849912
0.99220538
0.95380079
0.82927275
0.97520112
0.98052686
0.99108923
0.99603639
0.88028486
0.96299109
0.81273748
0.95088892
0.98292737
0.93249591
0.99165491
0.90395045
0.99605770
0.83417115
0.93991883
0.99580785
0.97562639
0.99945235
0.98894888
0.92019077
0.97471105
0.81353046
0.98578267
0.91598315
0.95701317
0.99579173
0.97931774
0.98344694
0.91767053
0.96053879
0.98771651
0.90653743
0.87478588
0.96524652
0.99906522
0.96134218
0.97590711
0.96849730
0.94157843
0.96416829
0.96002851
0.99743874
0.94839013
0.94316721
0.98678298
0.99661249
0.84108180
0.87204163
0.84532232
0.89879400
0.92005818
0.98274514
0.94159179
0.86467827
0.84571828
0.85271962
0.90863178
0.94399805
0.98985214
0.99250556
0.83279712
0.99261068
0.82658201
0.88863459
0.99227769
0.97342704
0.98126092
0.86311882
0.86256000
0.99357674
0.93973472
0.87881988
0.98039161
0.85290448
0.86437985
0.96876709
0.96642591
0.99818297
0.98945431
0.95109859
0.97486315
0.99034681
0.98543759
0.94866030
0.89064204
0.99200996
0.95162936
0.81764365
0.99111522
0.99315691
0.96569253
0.95503342
0.92722783
0.99744345
0.96445473
0.96566576
0.87213454
0.90415274
0.99360312
0.98376701
0.91446958
0.86447814
0.97166639
0.99162161
0.98955949
0.93529296
0.98607074
0.94227011
0.91529820
0.96258200
0.98341213
0.94680191
0.95512206
0.98917989
0.94150961
0.98939711
0.89619230
0.88656453
0.92204281
0.99795052
0.98794116
0.85935753
0.96771860
0.91078757
0.99372670
0.96157686
0.97805027
0.81966354
0.83960481
0.90909880
0.80746251
0.82777902
0.99243106
0.89589614
0.98415831
0.98586023
0.95084721
0.99471197
0.99870733
0.96447218
0.89185033
0.83303540
0.94351423
0.96718902
0.96559399
0.99160544
0.97882294
0.89020063
0.89068057
0.89250961
0.97000824
0.99502660
0.93463977
0.98251466
0.98443068
0.99498187
0.85457245
0.98188087
0.98177806
0.99328143
0.95496461
0.99796410
0.86072870
0.82965629
0.97793785
0.98675309
0.97853201
0.99795865
0.91193056
0.98296345
0.94803655
0.94314978
0.99806009
0.92342120
0.99610425
0.97560694
0.85529596
0.97448349
0.99903383
0.99902665
0.92440029
0.90989003
0.85409613
0.97171336
0.92642747
0.97641644
0.97819914
0.99231091
0.91865345
0.96663964
0.99106786
0.99651888
0.94560410
0.91924264
0.92196098
0.99066943
0.89425645
0.99840522
0.99478409
0.87364615
0.99369532
0.99211692
0.84961430
0.79801763
0.94657010
0.84136800
0.91457685
0.84767112
0.80510039
0.92458841
0.99631399
0.98149197
0.82256614
0.93845571
0.80350311
0.99380492
0.96503695
0.99720507
0.94982866
0.86439542
0.99712387
0.95647570
0.90983413
0.90445041
0.91378886
0.98845632
0.83776987
0.96652057
0.91378278
0.95040837
0.80353932
0.95708464
0.99224309
0.98764904
0.93433449
0.99336310
0.89725399
0.96817251
0.97679399
0.83069366
0.97908386
0.98049173
0.99145896
0.99391023
0.95604112
0.89359200
0.81748755
0.99773281
0.79921708
0.84167859
0.99598848
0.87099671
0.96830819
0.94469733
0.99578262
0.97085266
0.87591486
0.97313124
0.90149564
0.98218890
0.99351875
0.97041799
0.89451801
0.89354665
0.98054798
0.89111556
0.99832442
0.99517631
0.99696219
0.85137383
0.79884006
0.97403071
0.99404230
0.95819135
0.85391415
0.99378284
0.97859983
0.99567789
0.81654359
0.97991267
0.98035635
0.88344524
0.98135900
0.97917718
0.96674844
0.99571462
0.97489309
0.93910927
0.94651805
0.99566727
0.83073749
0.98659493
0.88805170
0.90186930
0.85721098
0.98376560
0.96816667
0.96842917
0.83517444
0.90375525
0.99924416
0.83448049
0.96696157
0.96536060
0.96651677
0.97460531
0.94840852
0.99301807
0.94106306
0.99518185
0.99785141
0.96662711
0.99659014
0.97376723
0.99800559
0.98515240
0.86678029
0.84726534
0.87809447
0.98632732
0.92377097
0.90725505
0.92205188
0.98967812
0.96550881
0.88144353
0.99452929
0.99615204
0.99032316
0.87627779
0.96218676
0.89200492
0.91126866
0.95855183
0.93993970
0.82017335
0.98968083
0.84660953
0.92823952
0.99114257
0.99770889
0.87353691
0.94261024
0.99725596
0.86824991
0.96045430
0.97503079
0.98019309
0.99103524
0.98685024
0.89911824
0.98144338
0.92215249
0.99500595
0.98171148
0.99902977
0.99578169
0.96529118
0.93264396
0.83271232
0.99367961
0.79428185
0.98647455
0.99304534
0.89443069
0.99443280
0.80393386
0.99162968
0.98397513
0.99855989
0.86720750
0.99060250
0.99433920
0.99812657
0.99605193
0.97348005
0.97437956
0.96770897
0.99842030
0.98938871
0.95870548
0.97474445
0.99242519
0.97793397
0.95622813
0.95653130
0.95312432
0.98970649
0.98095775
0.97921794
0.98097535
0.98061363
0.86837762
0.98075195
0.96425905
0.90391269
0.98574331
0.87566595
0.96004356
0.98109112
0.95610855
0.86828782
0.99285659
0.88010653
0.99822526
0.95517399
0.98899183
0.94954410
0.99387803
0.99724951
0.93430778
0.99079015
0.93641610
0.85557750
0.95766528
0.99539323
0.99507069
0.96368214
0.81985555
0.87342474
0.99264333
0.86051278
0.98138985
0.99634758
0.88020486
0.98516799
0.87202039
0.99702081
0.92246043
0.98925603
0.91300064
0.97390101
0.91238461
0.94002407
0.98470755
0.91522490
0.87283831
0.99345589
0.98018030
0.98117835
0.99372074
0.98979032
0.96407549
0.95243125
0.99331581
0.99275119
0.90004980
0.95618581
0.98426098
0.96693446
0.80038285
0.87999947
0.99036982
0.99434060
0.99780604
0.79690414
0.93971225
0.98677769
0.89314653
0.85599720
0.97434910
0.96716515
0.86831935
0.99174153
0.99568309
0.99162514
0.81674139
0.98916427
0.98297089
0.97685244
0.96600972
0.98821194
0.95614507
0.95645557
0.98995230
0.97459654
0.96968669
0.92032201
0.98533291
0.99241962
0.98789936
0.79817457
0.92676576
0.90294146
0.98828702
0.93402700
0.98255234
0.92521821
0.92095369
0.98285605
0.94363648
0.98828218
0.95573965
0.94022276
0.93297701
0.92929534
0.91077484
0.99623321
0.99351262
0.97954628
0.99467839
0.91824846
0.86205817
0.85012361
0.94673242
0.80162111
0.98840907
0.86756504
0.97093239
0.84258185
0.98602280
0.97521667
0.85796009
0.99219036
0.98012127
0.95769183
0.96635510
0.87531951
0.95328447
0.87911958
0.96139137
0.94279023
0.98879427
0.95744709
0.99614801
0.92875575
0.89719396
0.94504657
0.99327898
0.96545501
0.93238093
0.92606111
0.98638813
0.96524827
0.92613289
0.99920316
0.96511013
0.83705305
0.97047374
0.90022109
0.99112499
0.92050841
0.94876624
0.99593871
0.98594629
0.80737688
0.91238243
0.99565676
0.99199164
0.87530252
0.99550991
0.99932845
0.92735634
0.87934856
0.93033415
0.99548541
0.98566457
0.92931930
0.99353517
0.86074533
0.91436894
0.94430805
0.99014397
0.99415002
0.99356519
0.97415760
0.97844595
0.97584224
0.96450369
0.81560414
0.86283664
0.98017578
0.99939296
0.98748292
0.99901805
0.97971163
0.80853835
0.98090931
0.94487842
0.86455074
0.96465538
0.98842933
0.88964256
0.99845726
0.88892061
0.93544595
0.94895040
0.82548951
0.85772341
0.98022218
0.85554112
0.91051326
0.95174459
0.98177307
0.79618965
0.97066639
0.98925447
0.95499614
0.95204768
0.85929934
0.90923106
0.95687093
0.97506329
0.80331410
0.98533909
0.99391843
0.95890917
0.96393623
0.92584608
0.95724175
0.79720671
0.97568069
0.80609290
0.99622621
0.98283700
0.99566222
0.82727404
0.99820571
0.99416990
0.98261437
0.81163281
0.97982713
0.98897340
0.99317069
0.97844309
0.96316924
0.99345348
0.99360381
0.93792871
0.99692144
0.96900952
0.99344417
0.99267658
0.98402713
0.96995464
0.99503322
0.90905420
0.85347086
0.97787105
0.86671169
0.92026387
0.97495420
0.84462965
0.99520287
0.99344796
0.98792211
0.93253735
0.83660962
0.99173489
0.99305544
0.99590592
0.91922198
0.97687578
0.89151678
0.94565290
0.97967548
0.96235512
0.95579915
0.97446702
0.98978914
0.94627203
0.91558548
0.98285287
0.98101694
0.96876245
0.97408467
0.97594284
0.88255343
0.99738888
0.97609195
0.87917203
0.91711938
0.86594070
0.96477559
0.96262951
0.96114642
0.99190741
0.99375166
0.85230636
0.94298350
0.94503565
0.99418890
0.99937481
0.94809915
0.86646927
0.83858491
0.99485477
0.99329603
0.90393938
0.96135993
0.84361958
0.88798913
0.97679195
0.90705216
0.99767152
0.80184975
0.98260553
0.98627523
0.81769048
0.99562569
0.97172725
0.98082802
0.82347205
0.96130709
0.98165966
0.97884491
0.99584967
0.98179554
0.98797513
0.86620249
0.98157356
0.82499192
0.98122521
0.98823336
0.86601716
0.99351889
0.99447191
0.93672962
0.98566818
0.99071956
0.94774381
0.99272628
0.89504443
0.96873238
0.99638311
0.99023413
0.96785485
0.97565829
0.99896474
0.96706803
0.99927415
0.85661521
0.99393549
0.80069140
0.86693264
0.99230734
0.94324501
0.89932948
0.85018675
0.83395192
0.96320053
0.99389396
0.97909544
0.88098413
0.97670743
0.90007460
0.96141495
0.96483641
0.97156149
0.91359138
0.94711752
0.96199389
0.87887665
0.85075877
0.98912774
0.99487484
0.98838696
0.97888656
0.91816042
0.98592719
0.98688224
0.83610621
0.94227528
0.98754621
0.99065250
0.99000006
0.97361313
0.89087202
0.89159996
0.92962873
0.98610412
0.96446736
0.95153682
0.87067937
0.98325176
0.89743496
0.97865563
0.80619688
0.88229151
0.90135372
0.96628026
0.99465414
0.86281221
0.82699391
0.98627027
0.96713504
0.94338493
0.91718753
0.99209696
0.97396792
0.88827606
0.99729842
0.81677891
0.94277136
0.79548650
0.85189565
0.86395272
0.98975875
0.97497621
0.97883094
0.97943818
0.85306747
0.98305415
0.93420470
0.84893084
0.86154466
0.96223900
0.92218131
0.98774979
0.93699842
0.99572163
0.99257848
0.89808198
0.98194929
0.85362703
0.99419814
0.98940041
0.89913611
0.96250024
0.98274921
0.91919499
0.99762948
0.81598959
0.97217571
0.93718985
0.81779182
0.90521472
0.82825658
0.99736396
0.99302365
0.98142370
0.97238062
0.97110683
0.98982548
0.98005205
0.97985839
0.97702349
0.96082141
0.97997858
0.83756934
0.96550720
0.99075871
0.98348666
0.93373802
0.82095380
0.85339763
0.83593212
0.98478014
0.98644667
0.89849632
0.99043344
0.97250918
0.95186485
0.99953618
0.82033755
0.99815504
0.94926002
0.98017226
0.99306302
0.99746397
0.99731629
0.94163227
0.89565882
0.83156793
0.98814940
0.99894713
0.98763605
0.98720752
0.86190956
0.98646715
0.99714564
0.98292527
0.94442621
0.97401391
0.94818626
0.96873759
0.88178004
0.98278704
0.99078664
0.92176603
0.99815365
0.97112128
0.99616061
0.81412140
0.99607378
0.95465300
0.96387881
0.83880171
0.86244543
0.99260063
0.88854714
0.95674352
0.99224004
0.99132728
0.85716596
0.89665676
0.93126891
0.85892502
0.82803930
0.98285175
0.98921503
0.95775269
0.99294160
0.98778652
0.87349038
0.91261754
0.95953633
0.98110284
0.82868043
0.90851336
0.95124278
0.98915814
0.96511511
0.82868243
0.98420522
0.86537329
0.98398305
0.86955851
0.94812645
0.98763297
0.99614384
0.89785890
0.93603952
0.99636097
0.96393679
0.94991228
0.98076798
0.93982562
0.80921558
0.99432981
0.97330159
0.89115131
0.98227225
0.83020333
0.85389662
0.91275981
0.97065980
0.99658622
0.80707443
0.93504286
0.83248774
0.97092156
0.88540385
0.92623324
0.95215850
0.93895385
0.83762968
0.85735147
0.99760838
0.97352842
0.91147952
0.91359995
0.99515943
0.81007946
0.82997435
0.94922667
0.98190647
0.95243328
0.98129824
0.95717447
0.98920096
0.98908131
0.93591795
0.83466917
0.99427021
0.99805853
0.99479170
0.99825321
0.98432719
0.98949192
0.96263497
0.88438682
0.80445787
0.97178731
0.87494239
0.98259383
0.90130223
0.99786502
0.88609584
0.98298963
0.99788419
0.98582803
0.93840243
0.96238384
0.98449941
0.98039713
0.98959093
0.88050973
0.94468704
0.97545056
0.97255527
0.96590790
0.93758833
0.98970096
0.99236542
0.80749226
0.94526165
0.83999487
0.91760969
0.92804089
0.89525989
0.97249704
0.97940761
0.92672940
0.97491297
0.91801923
0.81161605
0.93029263
0.89458532
0.84641239
0.94169537
0.97369886
0.92011241
0.93156227
0.86541399
0.97766334
0.98638690
0.97945422
0.98785563
0.97249657
0.91964745
0.96267606
0.91505267
0.95404176
0.88552341
0.79489475
0.93590076
0.94874856
0.82519468
0.87790286
0.81508116
0.92615540
0.97934457
0.85835638
0.86803228
0.99452535
0.80511768
0.91918114
0.98474974
0.91810305
0.98487976
0.98767218
0.95539697
0.97310072
0.96473962
0.93809366
0.90647501
0.79424252
0.95990809
0.80486136
0.99109691
0.84514708
0.87398782
0.96026662
0.85103389
0.88471428
0.98335460
0.99372049
0.96018248
0.95680853
0.98705320
0.90169680
0.97618045
0.88093186
0.90972109
0.99881454
0.94059448
0.83775026
0.99379555
0.97151875
0.89660050
0.91291076
0.99208985
0.94326419
0.98422605
0.90005214
0.98901525
0.94472709
0.95617564
0.91797211
0.90333466
0.86712620
0.99254655
0.99377637
0.96040274
0.99165862
0.88815193
0.95246263
0.94946913
0.92297401
0.94415795
0.86103992
0.99005713
0.90844153
0.91385855
0.94314216
0.99571647
0.97244120
0.99869942
0.89172176
0.97669890
0.94681476
0.99253035
0.96178144
0.98685139
0.89935608
0.94190736
0.99703081
0.98432165
0.98511136
0.96610755
0.98291719
0.96242805
0.98031634
0.99249978
0.96032336
0.94210676
0.98297421
0.97931876
0.98874255
0.90439797
0.88469446
0.99607902
0.99652056
0.99677763
0.92407508
0.96556164
0.95880579
0.99596944
0.89562412
0.98083809
0.96398152
0.89075750
0.90803393
0.96682499
0.87765018
0.99036825
0.98835305
0.92625978
0.95840788
0.99037083
0.99444091
0.99593926
0.98035190
0.98197490
0.88979243
0.99271522
0.82485108
0.88303258
0.97278989
0.89820305
0.82384306
0.91878808
0.94637380
0.80086258
0.98658868
0.96495807
0.98927740
0.99249634
0.83687381
0.96556781
0.97273392
0.97002593
0.97410679
0.99500528
0.95071231
0.80926402
0.95701270
0.98844731
0.99804570
0.95438772
0.97100098
0.99743847
0.99247329
0.97309695
0.92490376
0.99852731
0.79609852
0.92375681
0.99639509
0.95899183
0.97491409
0.99818672
0.91558716
0.96598558
0.98752377
0.98028767
0.87004485
0.91741241
0.97059505
0.99691187
0.87405702
0.96820766
0.96346555
0.86154868
0.99058309
0.93891415
0.93324870
0.98564550
0.96043885
0.83470739
0.88018150
0.91686766
0.99380539
0.98918249
0.98283782
0.97680716
0.90772188
0.99363742
0.91547106
0.96107181
0.90727390
0.87941295
0.81617232
0.92193669
0.94532836
0.99942033
0.97921451
0.97685029
0.94622708
0.88008131
0.91208721
0.91442576
0.99549751
0.93814424
0.89497536
0.81330498
0.98174953
0.89262231
0.95819121
0.89363876
0.99383850
0.85469299
0.98653914
0.98343434
0.91217866
0.94425372
0.89469739
0.99327961
0.99823783
0.98599728
0.91067740
0.95965731
0.98134128
0.98378371
0.98336415
0.97038748
0.95899132
0.99569563
0.94368301
0.98106764
0.99690673
0.96698937
0.90477037
0.99550201
0.99483945
0.84963413
0.99053199
0.99712861
0.99793006
0.99859071
0.98606777
0.99716781
0.81219409
0.82247319
0.97028397
0.99126678
0.98950099
0.87177571
0.85147460
0.99199342
0.81842244
0.93534055
0.97175803
0.94718582
0.88719690
0.97018049
0.97606375
0.91509742
0.94450917
0.95482228
0.91390500
0.98714299
0.99587930
0.98057715
0.89021433
0.98073251
0.95919219
0.95903834
0.91028552
0.99453681
0.89011328
0.90501496
0.97337086
0.99248316
0.90125069
0.99462349
0.90185658
0.83866521
0.98866132
0.94639334
0.97841244
0.99676940
0.91696644
0.95812451
0.99730970
0.85289772
0.96116379
0.85741242
0.98162803
0.96212281
0.99369357
0.94797725
0.99676193
0.81818426
0.85557520
0.98367465
0.98070778
0.87529668
0.98975403
0.95683709
0.98885505
0.85322200
0.98113863
0.98962438
0.90317423
0.99452532
0.99576137
0.91861975
0.99650361
0.98973191
0.94243546
0.90401373
0.97385714
0.96204885
0.99640745
0.99586764
0.99523906
0.99313317
0.85735654
0.80873689
0.99727032
0.97542945
0.89689898
0.86126154
0.81849096
0.96965675
0.80447673
0.94549240
0.91275112
0.99819916
0.99434153
0.89271407
0.90067571
0.98395294
0.98260425
0.93919507
0.81411812
0.96140684
0.99948954
0.86592276
0.91377337
0.94922147
0.82636046
0.98595859
0.99747886
0.98700684
0.96747925
0.99775931
0.79761508
0.99630823
0.99540022
0.87894583
0.99128748
0.99757023
0.98081094
0.92740753
0.98862078
0.96521849
0.94233172
0.84560463
0.98952259
0.82191707
0.98959337
0.88924727
0.95554478
0.85671697
0.97877860
0.90573324
0.88105931
0.99810366
0.98437564
0.89047868
0.97908568
0.98844493
0.98589682
0.97461847
0.96241461
0.98042873
0.95609747
0.97760819
0.97551548
0.99491521
0.99025339
0.92774894
0.82319111
0.99535328
0.90534288
0.98687791
0.99871393
0.91275745
0.83788941
0.86975402
0.99145994
0.99780324
0.99811613
0.80352142
0.87747991
0.97897807
0.89290248
0.81322273
0.98286293
0.99416386
0.99727757
0.98459435
0.80214862
0.99158946
0.96780633
0.98349397
0.99128014
0.98124855
0.93351533
0.99500844
0.98590086
0.96973159
0.93086331
0.88809941
0.94534125
0.95457160
0.99513443
0.96126411
0.92307618
0.93711542
0.86124455
0.99144031
0.99037609
0.90622681
0.96088915
0.97617967
0.98624148
0.99086992
0.89559194
0.87352726
0.98905735
0.96315787
0.98252414
0.84772730
0.94569550
0.99124899
0.95950390
0.97190624
0.92477317
0.89388423
0.91578773
0.96874918
0.90593263
0.89050438
0.84538309
0.94132972
0.89485579
0.95724874
0.96805173
0.94154507
0.94254956
0.86058088
0.84394092
0.98499546
0.98765916
0.89309446
0.93020133
0.96759429
0.94560710
0.87152309
0.99877539
0.96710564
0.99543534
0.99306377
0.84685404
0.98692005
0.99019410
0.91723422
0.91548322
0.95507106
0.81222339
0.97880172
0.83669073
0.90458222
0.99704225
0.99141516
0.99429165
0.96804988
0.85565783
0.96374778
0.95632795
0.94647520
0.97371827
0.99454713
0.96847306
0.95869888
0.95646540
0.99832157
0.92717274
0.99527078
0.99791676
0.93774923
0.97855198
0.99030988
0.98749598
0.99253487
0.87943710
0.95761984
0.98525632
0.82329100
0.92947413
0.90273730
0.99348141
0.82396350
0.94925092
0.98901713
0.95442537
0.98911614
0.90212619
0.93952270
0.97869864
0.95819226
0.83748209
0.98783820
0.96791937
0.96352004
0.98135829
0.97850925
0.97098217
0.98522299
0.95655821
0.99731984
0.98791406
0.89818428
0.91869879
0.98333265
0.82585163
0.99820100
0.96409346
0.93123445
0.99128862
0.88289894
0.97766809
0.87974713
0.94114214
0.99660401
0.86874970
0.99595857
0.95990419
0.86823560
0.97095371
0.99361623
0.98829214
0.99806120
0.89506499
0.99818419
0.94939449
0.93456681
0.90499396
0.89629814
0.95631182
0.99501041
0.85337152
0.86485600
0.84592843
0.99308897
0.96453854
0.89245920
0.98105526
0.98913665
0.90995002
0.92846519
0.99779754
0.99117499
0.95029317
0.99658390
0.97830146
0.95055281
0.96875454
0.98557647
0.98188848
0.81099459
0.95981265
0.81337847
0.92656968
0.98817965
0.98067762
0.99142601
0.80943519
0.95127878
0.88284050
0.96084276
0.99064722
0.97939840
0.98594834
0.99684958
0.97668540
0.87062376
0.99385701
0.89431518
0.99325653
0.99357893
0.97078716
0.98532886
0.85473858
0.99305409
0.92514856
0.80749373
0.91115400
0.98765512
0.90782363
0.99183916
0.95148283
0.97610591
0.98123617
0.98852569
0.92949422
0.92969257
0.99639307
0.80244996
0.99059122
0.85752157
0.98530073
0.88989821
0.98621141
0.92340189
0.99269270
0.89032471
0.98597588
0.97736603
0.82136903
0.97421073
0.82498273
0.99543583
0.99632469
0.99379396
0.96683045
0.98953124
0.92032123
0.93100034
0.98153611
0.89290165
0.99766311
0.99611028
0.96897877
0.99675289
0.90607424
0.98750428
0.96509787
0.90247327
0.88980689
0.99915073
0.93979167
0.90182555
0.93415805
0.95318437
0.99754935
0.86331883
0.92134636
0.99455285
0.98916428
0.97181789
0.99473402
0.80592819
0.90720072
0.97120873
0.94495343
0.97041691
0.88029828
0.80391061
0.94617504
0.90240600
0.91336878
0.95051166
0.97593509
0.97651476
0.99442971
0.98254227
0.97994952
0.97702338
0.98509322
0.93644916
0.99743903
0.96574413
0.87279949
0.97309804
0.99378812
0.99247034
0.94862718
0.97438866
0.97971657
0.99367811
0.82950317
0.99880851
0.84155988
0.99577292
0.86438342
0.95103932
0.99212051
0.99694560
0.97222440
0.95442147
0.91926652
0.94428918
0.99764801
0.99558324
0.99184367
0.85387071
0.93753945
0.80440660
0.98318881
0.97498187
0.91578540
0.81402363
0.97386487
0.98428048
0.98822111
0.94184202
0.93745156
0.90667504
0.99540553
0.94316255
0.89159069
0.97447554
0.99615909
0.97388012
0.86603218
0.99600911
0.94496492
0.99338470
0.81837304
0.98258259
0.80013331
0.92421253
0.93438485
0.90258385
0.96107639
0.95832963
0.99570946
0.88373048
0.91971387
0.84489189
0.99810146
0.98542595
0.97528840
0.99847887
0.89161644
0.99079655
0.84064529
0.97372286
0.97690463
0.99187685
0.98993323
0.86576464
0.96541486
0.98984001
0.96055762
0.95871593
0.99236403
0.83920926
0.89384109
0.98374139
0.96855965
0.96104744
0.98504119
0.97997430
0.87497570
0.93476027
0.98578180
0.99538717
0.98224563
0.98857881
0.97560832
0.96795353
0.98239437
0.99727824
0.85383229
0.98559921
0.99326234
0.97323383
0.99463682
0.99081561
0.90933924
0.83173669
0.99593889
0.94735654
0.96252924
0.85918688
0.86500320
0.93317860
0.95835865
0.93235286
0.97013635
0.88996458
0.94934961
0.79682176
0.99660165
0.93799874
0.98779116
0.99397900
0.82499297
0.99796358
0.87769304
0.98929739
0.93982500
0.91992927
0.94868533
0.97246627
0.97373742
0.99055646
0.99687485
0.95311771
0.97856137
0.83283040
0.89933941
0.99812382
0.84185708
0.91001055
0.88222938
0.97667502
0.96386200
0.98906155
0.95400501
0.99228819
0.99263831
0.84966958
0.99392478
0.98221200
0.99542349
0.85278003
0.99276119
0.86123179
0.90403664
0.97933658
0.90560769
0.96140470
0.88800170
0.85483689
0.99288495
0.97841129
0.99480597
0.98694682
0.96895612
0.94989535
0.99400627
0.99331473
0.90864216
0.99173897
0.95930347
0.92810792
0.89691533
0.98333117
0.99597168
0.99600045
0.97777332
0.99522142
0.99405584
0.96637418
0.82910162
0.98595729
0.97936232
0.98951787
0.95671774
0.94712772
0.97658112
0.98372374
0.97488166
0.98943408
0.89603265
0.93677510
0.97220951
0.91522937
0.99844859
0.83167912
0.97604531
0.99310621
0.87492337
0.99464041
0.99122606
0.96970838
0.98706591
0.99638587
0.92892369
0.91319501
0.83242037
0.99925546
0.82261595
0.95441258
0.99536497
0.80214497
0.93352467
0.99455847
0.81614047
0.98954496
0.98920264
0.84827863
0.84934750
0.92939005
0.88953766
0.99520227
0.98159763
0.81958162
0.81686850
0.88326224
0.93703464
0.87504261
0.95463796
0.99948572
0.95098267
0.95601280
0.95898389
0.98634601
0.90775815
0.94982294
0.99787192
0.96424369
0.84941055
0.98751857
0.98548549
0.98241735
0.97388201
0.98797988
0.99395884
0.98218030
0.94034428
0.85247043
0.92712887
0.99614382
0.97120886
0.80893647
0.93566450
0.90296418
0.99373396
0.81213653
0.99805889
0.97035209
0.99406850
0.94205863
0.98623611
0.83360698
0.98702987
0.98131634
0.99859931
0.99065205
0.96402108
0.98796060
0.81949509
0.88050413
0.97733829
0.84736512
0.92821818
0.94901839
0.86225224
0.99340479
0.99081443
0.91254298
0.96313557
0.98986753
0.98334742
0.94617862
0.81242181
0.98604557
0.90916482
0.98702787
0.81635046
0.96509599
0.86812642
0.99489383
0.97590790
0.84564845
0.98183828
0.98357301
0.96923785
0.98222347
0.99049088
0.99580437
0.97153692
0.99074933
0.93032488
0.99535009
0.89602263
0.99580764
0.80696221
0.98486543
0.98273162
0.99148755
0.93944066
0.90518086
0.99536802
0.99484718
0.95518476
0.92957826
0.97524502
0.97390907
0.99934967
0.90038640
0.98283794
0.99454223
0.99784517
0.97111139
0.83241440
0.95503297
0.93563245
0.97080411
0.95717093
0.97913750
0.81499247
0.89256214
0.95971215
0.99600052
0.96193650
0.98040026
0.99404710
0.95417075
0.95214823
0.92209797
0.99548344
0.86097351
0.87624446
0.93369550
0.94090028
0.84342848
0.84785517
0.99562920
0.89370847
0.91289170
0.87038265
0.95315564
0.93332210
0.97707286
0.84671403
0.96742987
0.96468790
0.94454030
0.90435031
0.99397504
0.98630919
0.97875497
0.98253069
0.96889012
0.81338447
0.96767759
0.89407426
0.97022115
0.95416550
0.94798777
0.98436007
0.87768287
0.98767292
0.99097887
0.99122506
0.87421537
0.87755820
0.92004507
0.96608707
0.96036267
0.84166078
0.98064377
0.82200730
0.92974379
0.98472063
0.85790558
0.99648287
0.99410843
0.84370072
0.98769114
0.96596195
0.86553334
0.85730115
0.93123827
0.96751830
0.98972237
0.98021290
0.98931748
0.89051409
0.95795263
0.85594480
0.97030189
0.95406607
0.97173021
0.96202964
0.93192402
0.90476724
0.98604861
0.90002754
0.97533968
0.95966000
0.85527175
0.96578900
0.97487446
0.99786521
0.99676464
0.97436230
0.99104737
0.99861635
0.99527690
0.99741690
0.89058397
0.98699174
0.88521176
0.98739439
0.91773780
0.95741294
0.90661449
0.99740392
0.96176135
0.97597613
0.98186098
0.97358866
0.81117886
0.98540474
0.84901745
0.96277875
0.99841516
0.98856370
0.93952793
0.90445541
0.93227281
0.88205286
0.95115903
0.90901641
0.99870026
0.99520402
0.96012798
0.99465329
0.88193883
0.97113502
0.95570560
0.97506484
0.94885535
0.98477846
0.95703357
0.94554030
0.96259799
0.87358956
0.99410032
0.95780290
0.95135732
0.93077079
0.96182723
0.83656261
0.90653962
0.98307109
0.89150815
0.96203506
0.91615819
0.90024437
0.79010500
0.99147694
0.90704298
0.99677802
0.95520114
0.99810548
0.99142300
0.98501400
0.91719562
0.97592039
0.95950253
0.98274954
0.95578327
0.81651524
0.98888923
0.88403606
0.88143242
0.99858303
0.98437967
0.98989515
0.87644672
0.98776846
0.93893614
0.97218263
0.81352173
0.99720402
0.97893280
0.96581192
0.98029318
0.90878968
0.88078308
0.92338463
0.99588680
0.96660588
0.93094987
0.95910805
0.94555889
0.90390632
0.99513318
0.99133255
0.98798967
0.97962359
0.83158327
0.99444185
0.99299614
0.82684336
0.99839842
0.99015241
0.88417040
0.98708592
0.94288542
0.99273687
0.89292771
0.99785676
0.84137530
0.91267120
0.95381868
0.97449279
0.98991664
0.98210983
0.99429633
0.98492966
0.99870889
0.99093909
0.96854895
0.96985358
0.99456828
0.96097990
0.93283450
0.99845693
0.98941083
0.84535063
0.98479574
0.86200458
0.97644940
0.95698574
0.81051204
0.96697763
0.95433100
0.97746907
0.89778453
0.85281963
0.90194123
0.94920501
0.80237219
0.78449453
0.96245288
0.90541538
0.97600448
0.97937115
0.96397664
0.96355296
0.99599338
0.90192046
0.83747346
0.96287655
0.96886264
0.99366445
0.98973355
0.97953382
0.87095030
0.96072077
0.99773479
0.91775935
0.99476937
0.95145813
0.99766823
0.98512956
0.87491675
0.92057471
0.97433932
0.99521778
0.90220192
0.97511762
0.97158996
0.98465139
0.92620433
0.99339887
0.84336669
0.81441274
0.80014694
0.98818999
0.96964818
0.90249988
0.99639199
0.97877028
0.98349931
0.97258820
0.98658403
0.98448186
0.79448171
0.98738168
0.96971928
0.93683784
0.92126729
0.82139138
0.95269009
0.84810383
0.99861978
0.92579317
0.99692708
0.98710469
0.99850676
0.99428514
0.97813254
0.97036098
0.95908020
0.99752801
0.77648925
0.98404478
0.98054588
0.96586242
0.95410721
0.96183532
0.97284485
0.93675843
0.94768262
0.94439851
0.94439002
0.89012151
0.88308984
0.99718291
0.90002378
0.99770104
0.98264373
0.95838380
0.99421966
0.93205189
0.83035244
0.97458713
0.97097288
0.96116166
0.95517071
0.92583859
0.99853729
0.97032693
0.79647588
0.99372297
0.85527964
0.99724334
0.95310872
0.98143054
0.85819231
0.91930565
0.98512737
0.86197347
0.98390795
0.97322846
0.99045078
0.98282497
0.99717036
0.84485600
0.99882522
0.86793121
0.99876536
0.95150293
0.99007483
0.93588500
0.99002344
0.91680213
0.96427898
0.93390845
0.81850296
0.93694602
0.92089556
0.88102106
0.92500560
0.98178163
0.98306737
0.93420006
0.99506065
0.85497071
0.87870702
0.99368284
0.99291138
0.92448621
0.81768628
0.96340804
0.96632598
0.99664993
0.99628188
0.97730373
0.97199354
0.90399989
0.97268642
0.91110451
0.82512814
0.98209642
0.89037213
0.99746844
0.94955183
0.87914833
0.88712604
0.99910693
0.99916088
0.97483625
0.97203149
0.93322907
0.95188513
0.99433149
0.82731367
0.99441652
0.98594773
0.98027297
0.99679940
0.99442143
0.98750190
0.99135899
0.98995718
0.94997367
0.98392108
0.99692119
0.81801300
0.96922403
0.99324955
0.97703954
0.99036182
0.98405352
0.87939686
0.97951601
0.84957119
0.97689821
0.96770532
0.98862934
0.92417130
0.98961779
0.98157333
0.98002777
0.88176288
0.87921590
0.99284695
0.98823113
0.86250623
0.81285370
0.94772560
0.96684567
0.85786299
0.89512841
0.94152366
0.97444435
0.99292378
0.92466087
0.99076663
0.89687646
0.87803258
0.95430141
0.99505346
0.89018496
0.91551778
0.95105283
0.98489900
0.97730418
0.83888132
0.99860868
0.94329085
0.92182505
0.99199265
0.98458299
0.99132954
0.95658534
0.90456519
0.95649279
0.99170421
0.99533203
0.97985172
0.97935303
0.96805183
0.83846891
0.95153621
0.99014829
0.99001545
0.99702857
0.89995736
0.92390623
0.99556243
0.99422705
0.94970455
0.97285577
0.84574612
0.98907929
0.94658759
0.97844433
0.99185462
0.97708344
0.98602688
0.98643766
0.99691449
0.99653003
0.99327060
0.91231330
0.93592744
0.99562504
0.95268863
0.98732961
0.85518492
0.98195122
0.99022262
0.93703467
0.97373312
0.92609902
0.88849917
0.97429050
0.99519709
0.83714448
0.97766073
0.91445796
0.84508345
0.97942135
0.97707431
0.97199547
0.96755500
0.98675359
0.96073523
0.93436702
0.86503370
0.98609108
0.81742659
0.93104304
0.83968978
0.99855378
0.97904241
0.99903245
0.97546565
0.97506711
0.98982506
0.90626728
0.99427346
0.98511732
0.89846094
0.98193075
0.99639556
0.99440089
0.98606665
0.95231872
0.88748136
0.96113686
0.99422218
0.80293343
0.83049922
0.85904033
0.97618922
0.92838852
0.90066572
0.91570158
0.87809484
0.96834606
0.79068224
0.97369687
0.93434833
0.99562877
0.98265479
0.82003725
0.99111549
0.98417645
0.96512897
0.96476614
0.94650094
0.97087519
0.99491977
0.82442224
0.80711049
0.80176894
0.94070408
0.82913010
0.92445934
0.86978186
0.98110588
0.91268348
0.98860152
0.98130353
0.97327581
0.87097321
0.97038533
0.97837324
0.80973030
0.98631854
0.96174169
0.98392219
0.97671990
0.99785310
0.83398023
0.89893845
0.98051479
0.98978767
0.91510019
0.99552410
0.96754606
0.97332481
0.99478481
0.99551009
0.92676962
0.96363374
0.92046406
0.96533910
0.81083643
0.97911077
0.99602064
0.92348719
0.99426735
0.85034266
0.95481443
0.90952138
0.80429546
0.86094874
0.95240765
0.98709282
0.99428209
0.85304806
0.99701175
0.84038080
0.88812671
0.91950930
0.93738250
0.98892184
0.98425049
0.98911620
0.81648208
0.95201658
0.97061784
0.83851831
0.89536080
0.91370345
0.98549623
0.99500672
0.82848857
0.97227490
0.99794213
0.97035000
0.82043087
0.98157398
0.89582007
0.98011669
0.97317730
0.99092455
0.99721041
0.95502780
0.93077632
0.83652446
0.84928080
0.98913434
0.84864607
0.92219834
0.86326875
0.92152286
0.93420988
0.99027392
0.98734793
0.91768686
0.98533603
0.98619253
0.97298790
0.92040982
0.81353377
0.97840681
0.89017313
0.89427006
0.95946720
0.99732817
0.97271205
0.98300213
0.97053952
0.85151402
0.99622352
0.96695942
0.91964811
0.98617953
0.99818196
0.82819071
0.95265129
0.96903907
0.85749212
0.98619609
0.99411317
0.98035473
0.95340022
0.95807089
0.99042706
0.99710650
0.81347366
0.99318480
0.99632359
0.92852193
0.92218192
0.94471880
0.97897670
0.98302476
0.84682055
0.93779578
0.98265819
0.95421717
0.94308539
0.92080979
0.97887039
0.99735594
0.98907611
0.98447592
0.83086584
0.98162559
0.81613626
0.88122235
0.98858279
0.91931555
0.89084312
0.99495923
0.92050143
0.85838093
0.97488370
0.95455414
0.83484625
0.99057333
0.91417490
0.98741068
0.88734294
0.82440752
0.89563745
0.99775896
0.99094083
0.98563018
0.86669156
0.99694012
0.82507415
0.99043975
0.99583222
0.99445146
0.94329200
0.97576755
0.96955203
0.85012287
0.85733583
0.93279238
0.96817739
0.98738515
0.94183873
0.99310178
0.97078152
0.99797181
0.99061228
0.98728416
0.85967452
0.91044829
0.96873441
0.96085366
0.99390242
0.97681738
0.82890426
0.97271500
0.98888104
0.87866453
0.86447343
0.97777818
0.98346116
0.99689821
0.83467393
0.93013645
0.95860782
0.99731217
0.94069784
0.87741146
0.82184424
0.98183905
0.93560701
0.99116178
0.99942638
0.99275794
0.96579630
0.96595143
0.80965685
0.99208757
0.95776136
0.93646637
0.95985391
0.80958196
0.96393349
0.93409406
0.96627135
0.95317476
0.88181505
0.84012700
0.83230310
0.96203006
0.79044595
0.99289645
0.94746564
0.96163516
0.98511855
0.99269756
0.98053017
0.85919841
0.98200195
0.87449887
0.95482590
0.93394594
0.99507418
0.99625417
0.97007294
0.98836688
0.99053072
0.94849478
0.95854514
0.98527786
0.99606017
0.94913165
0.94765275
0.95111880
0.96786466
0.90223115
0.98595759
0.85604289
0.97411187
0.93755541
0.86583819
0.94450910
0.82843976
0.99067398
0.98841911
0.83097211
0.81411693
0.92968801
0.79854835
0.97665680
0.80284014
0.98553389
0.94963180
0.98693534
0.99906158
0.88193587
0.98699725
0.79647157
0.96867001
0.99821762
0.97868372
0.98878739
0.87945222
0.87245787
0.99849356
0.94656118
0.99237632
0.95109696
0.98938182
0.99767205
0.98575153
0.95337111
0.90394014
0.84270021
0.99120562
0.98336182
0.92939546
0.80146538
0.98134113
0.89302771
0.98133762
0.99878040
0.98800415
0.98652161
0.83680724
0.98644823
0.99933902
0.88909631
0.98191808
0.98036285
0.88667319
0.97430547
0.90537698
0.93466691
0.94421821
0.95573311
0.96981816
0.96870283
0.81806426
0.99678507
0.99511513
0.95508464
0.88961397
0.97260292
0.96728430
0.98689581
0.99743924
0.99601790
0.99016129
0.89940655
0.99336657
0.97854992
0.99717488
0.99452824
0.89231175
0.99843924
0.98306951
0.99475157
0.86025992
0.96909181
0.93532558
0.94110977
0.99641819
0.98539532
0.99163222
0.98856456
0.98716631
0.94624915
0.88652952
0.99451430
0.98698212
0.91138176
0.81273033
0.99670163
0.80844613
0.96782529
0.98681164
0.95315168
0.98858427
0.89855957
0.99431512
0.99755486
0.96671352
0.88785444
0.99899192
0.89686844
0.99283427
0.98491204
0.95017987
0.94954102
0.96956325
0.99469753
0.93884604
0.97544425
0.97304307
0.99570357
0.98907869
0.95527756
0.91954921
0.96585523
0.99306496
0.98742368
0.89650878
0.91299289
0.92766240
0.88455660
0.99326902
0.87843091
0.99019933
0.98349433
0.92555805
0.90580421
0.87234949
0.99490901
0.96874484
0.99011752
0.99765700
0.97282593
0.97817403
0.95408005
0.87376056
0.94312983
0.95015470
0.97382448
0.93833503
0.96850914
0.82154747
0.99234690
0.96022343
0.97947923
0.89627123
0.98996081
0.99231800
0.98992925
0.99644734
0.97873918
0.99021359
0.98867000
0.99577735
0.85164476
0.96189746
0.93246167
0.89099733
0.94590161
0.96381483
0.95393988
0.92487575
0.87758335
0.97986575
0.89085595
0.98156597
0.99363348
0.99836079
0.94312936
0.91037609
0.95952846
0.79022995
0.98517268
0.99075002
0.89685173
0.87896779
0.92099480
0.93763163
0.82024220
0.99891704
0.97249864
0.99547726
0.96586847
0.98773080
0.89712504
0.97669764
0.82768822
0.95175412
0.99845340
0.99178957
0.98792800
0.97155582
0.98312256
0.99843285
0.99771119
0.96932235
0.84527255
0.98278135
0.88035323
0.97395405
0.86636873
0.99829258
0.92339761
0.82233343
0.81671160
0.91930262
0.95312965
0.99625482
0.97897029
0.97906851
0.98390242
0.99743423
0.89481601
0.86286319
0.90186867
0.83313864
0.94898410
0.99005151
0.98889115
0.86349542
0.99290211
0.95373439
0.80348914
0.94501543
0.99212857
0.99617690
0.86234789
0.99623727
0.92531718
0.99257718
0.83700122
0.91353930
0.78507766
0.89342485
0.97868866
0.79116823
0.87925713
0.98545830
0.98742604
0.99785038
0.97329529
0.88101605
0.91115141
0.97454109
0.92586590
0.97127186
0.98102678
0.98112774
0.81301248
0.99594454
0.96416038
0.94540809
0.98901990
0.99446007
0.89615331
0.97672686
0.92181102
0.99235014
0.91552022
0.95802457
0.87529510
0.81056509
0.98460540
0.97777019
0.94394048
0.92048937
0.99262900
0.88831009
0.99586476
0.97914478
0.88237002
0.91266476
0.92438341
0.99066957
0.99582247
0.83468732
0.92202117
0.98844745
0.95705537
0.92376178
0.86212410
0.95339105
0.91541206
0.99350001
0.81967326
0.99004886
0.97639449
0.98866762
0.94316409
0.94579805
0.97425487
0.85295540
0.99715288
0.95797066
0.96610995
0.98412057
0.89319302
0.98130876
0.96903075
0.91660261
0.98261948
0.86227763
0.99344150
0.98647947
0.95452378
0.99559782
0.99002878
0.88833537
0.99119359
0.99218568
0.99193076
0.95785452
0.97895128
0.97088201
0.99037146
0.95935939
0.80053335
0.98308523
0.98963924
0.99517228
0.81355998
0.99893531
0.86856397
0.89286545
0.85011305
0.98327877
0.81441326
0.97121046
0.98065500
0.84984039
0.99588132
0.95444742
0.98868599
0.94276934
0.94063572
0.97222193
0.88599787
0.97627407
0.98719516
0.96478187
0.92564130
0.87968878
0.93060853
0.99698687
0.98363469
0.94818011
0.99797932
0.93217666
0.94478086
0.95145371
0.81542407
0.99373688
0.94743084
0.91687436
0.96677136
0.88359362
0.92357668
0.95881953
0.81510071
0.95663883
0.97670924
0.90071864
0.82472027
0.98717058
0.92382634
0.99144482
0.98464985
0.99781365
0.99409935
0.99446146
0.92503904
0.88435401
0.79994070
0.99529322
0.96740273
0.98745746
0.90847711
0.89851008
0.96877223
0.99277781
0.93976493
0.99550392
0.99078868
0.86140361
0.85428555
0.95197547
0.97371690
0.96502774
0.96888639
0.99830742
0.93884670
0.98881830
0.83678989
0.99663339
0.90095313
0.83526137
0.80002052
0.99499631
0.96947969
0.99578982
0.97793598
0.98426803
0.86116754
0.86719755
0.99309402
0.92343981
0.97032918
0.96582328
0.97975450
0.81970664
0.99613290
0.98698497
0.96484135
0.99808617
0.96615009
0.88266541
0.80213773
0.99214528
0.85915513
0.81344596
0.97016853
0.98792555
0.87014218
0.95488002
0.90107902
0.97911377
0.93272968
0.95970569
0.91989494
0.95153108
0.80983843
0.85579870
0.97362565
0.96719374
0.95874797
0.91229421
0.90904595
0.97387036
0.98622576
0.99708589
0.91392114
0.93089334
0.81718089
0.85707519
0.99389144
0.99088446
0.87115625
0.98722441
0.86125929
0.85831694
0.95123347
0.96153857
0.85976950
0.96837316
0.86350661
0.89124506
0.98715302
0.90954004
0.94798358
0.99551735
0.79449300
0.82001065
0.88474114
0.97528874
0.81840838
0.94998683
0.98493305
0.99753363
0.94776946
0.99756282
0.99450175
0.99727292
0.99961389
0.99401165
0.97164795
0.88161479
0.80089427
0.96831694
0.99283700
0.92335231
0.94487159
0.84974779
0.99429103
0.95827664
0.91700755
0.98941173
0.86427695
0.99835785
0.98579768
0.98441898
0.93549378
0.97898928
0.84583589
0.93520079
0.98529858
0.98136041
0.99181932
0.88066431
0.96601890
0.95762669
0.98366753
0.99196742
0.98681339
0.99062505
0.96007851
0.94688133
0.94694744
0.92847934
0.98189451
0.86165833
0.97837706
0.90344538
0.98468837
0.90103439
0.82429258
0.97315700
0.99650223
0.98433838
0.98882150
0.95532875
0.96122747
0.97124580
0.98245901
0.89682743
0.98477954
0.99350225
0.91344197
0.88232305
0.87486705
0.94190308
0.90927666
0.94792832
0.99304579
0.97710151
0.98634480
0.85546146
0.91400575
0.95820409
0.98843405
0.88778321
0.99469950
0.98853858
0.99368909
0.99868508
0.99576125
0.98479652
0.97199420
0.99456245
0.91851174
0.97945917
0.98674503
0.85269084
0.94163126
0.89700440
0.89042828
0.98334594
0.81657107
0.99874773
0.95634566
0.93871003
0.88409245
0.98907399
0.80466449
0.81133465
0.99621325
0.97920846
0.96534786
0.90265570
0.87679500
0.97986420
0.87956599
0.98687161
0.98692791
0.96571650
0.97710533
0.92030603
0.99832402
0.99262432
0.82816833
0.93444805
0.98304320
0.99531937
0.86838764
0.96965621
0.81879392
0.98450878
0.84171368
0.97977788
0.96138581
0.95723953
0.97530222
0.97913050
0.83610905
0.83151924
0.96891337
0.98935183
0.81990967
0.93148270
0.81506569
0.90244087
0.89931342
0.99686685
0.87918921
0.91303350
0.96142573
0.97166697
0.95660397
0.98899817
0.88287581
0.98030986
0.88457543
0.99262405
0.80484100
0.99020246
0.86690700
0.85392426
0.99542526
0.97274864
0.89054223
0.99893301
0.98524266
0.97915983
0.95653216
0.90310953
0.92701933
0.87539896
0.97779130
0.86913459
0.94559880
0.87383887
0.90663097
0.90590411
0.84896078
0.84704734
0.93417198
0.98380520
0.99451610
0.98413355
0.83110000
0.99318053
0.83147151
0.86381523
0.99334759
0.94953568
0.99226187
0.99817311
0.91200915
0.99687532
0.98365228
0.99851650
0.87220014
0.99138543
0.98471811
0.94694268
0.94570890
0.98272408
0.97418162
0.93603814
0.94481619
0.95538565
0.98901941
0.94971798
0.91584615
0.98384798
0.91788844
0.84741117
0.96213520
0.93328678
0.90136966
0.95395537
0.98762877
0.98745434
0.99341458
0.96663303
0.82779426
0.86161160
0.95798444
0.93598250
0.99516391
0.95888959
0.98989996
0.99159794
0.87689500
0.92457972
0.97754318
0.83770861
0.98841225
0.92849829
0.90651609
0.84084140
0.98726059
0.91906126
0.99188848
0.99356486
0.83962064
0.97540327
0.80680345
0.84248585
0.98841053
0.99450824
0.88357200
0.91481353
0.88373224
0.89929288
0.99225145
0.98199000
0.98005584
0.91154007
0.98495857
0.97508703
0.97249082
0.99377504
0.92247192
0.97070535
0.98371394
0.98793339
0.82164209
0.98107086
0.97822996
0.99566479
0.99615436
0.98064497
0.94494966
0.98136411
0.84966636
0.99525987
0.94554429
0.97778138
0.96267941
0.94025952
0.91742930
0.94349940
0.98963929
0.82198620
0.98500615
0.99088393
0.91557326
0.98049032
0.91726393
0.94807512
0.98967657
0.94703273
0.94121731
0.99287103
0.96279300
0.98401462
0.95930880
0.97895722
0.82342374
0.99582961
0.99670090
0.98732704
0.88414114
0.99884386
0.97424535
0.96090013
0.98250884
0.83241701
0.95093208
0.98288558
0.98930960
0.99285666
0.89970768
0.97663218
0.98274679
0.97487555
0.89137229
0.96152993
0.99365405
0.80475986
0.98953715
0.99655111
0.96246668
0.99401757
0.94544464
0.95819313
0.91768304
0.89045818
0.80281708
0.99301873
0.89692078
0.99243429
0.99082331
0.98984624
0.85169203
0.82586154
0.84958470
0.99355726
0.99103133
0.99057116
0.82172556
0.90195715
0.98272090
0.79023616
0.96224823
0.98316559
0.81215084
0.79623291
0.89043593
0.98654947
0.98158348
0.92519388
0.99786120
0.92016355
0.97784280
0.86384291
0.99491833
0.97162266
0.98774136
0.97033376
0.87641163
0.98422552
0.99824046
0.99106949
0.87511069
0.99624248
0.97820270
0.96981031
0.99673407
0.99651285
0.96649221
0.91946341
0.99146467
0.95417571
0.99258155
0.98648824
0.97992310
0.93788604
0.90822244
0.99856112
0.86315320
0.98345543
0.97047343
0.86636223
0.97889511
0.94717808
0.91258330
0.97093250
0.88768556
0.99558818
0.96755722
0.95733582
0.98153605
0.99737319
0.97962294
0.99946541
0.97976443
0.99632946
0.99775668
0.98727219
0.98680486
0.97455712
0.96269227
0.97352256
0.85661772
0.99090031
0.99405347
0.80094554
0.96712091
0.89521882
0.88714658
0.93292839
0.97726256
0.90581654
0.98884130
0.99176021
0.94673529
0.99710412
0.99361079
0.95390498
0.99330681
0.93618195
0.99745098
0.92977491
0.99620435
0.94608683
0.84912930
0.87623587
0.98193287
0.83688664
0.85617729
0.97876836
0.99429094
0.97388141
0.99419644
0.98142925
0.96866153
0.99791136
0.98874875
0.98854929
0.84890719
0.85990179
0.98752940
0.99047238
0.95648622
0.99807340
0.94643822
0.98123173
0.97033547
0.96755564
0.97409749
0.82926777
0.96465226
0.92936278
0.92569218
0.97538658
0.94059546
0.98285157
0.89722500
0.95073436
0.97600845
0.98616451
0.89951275
0.95761222
0.81757186
0.99429368
0.86486085
0.97118107
0.96343419
0.99127372
0.96746824
0.98429526
0.99855364
0.94833791
0.88303724
0.99450408
0.98952681
0.96624987
0.82914018
0.98171697
0.92842676
0.94565789
0.81923827
0.90727886
0.94955629
0.98755277
0.97084419
0.99384343
0.83768784
0.99386615
0.95619513
0.99804456
0.99645007
0.99767217
0.91415794
0.99582014
0.97125365
0.91418348
0.97874622
0.99731594
0.98910170
0.83603602
0.96468678
0.96107315
0.96658419
0.99640641
0.99886622
0.99553428
0.98816789
0.99784514
0.98532168
0.98820011
0.88668861
0.87141356
0.85407740
0.81525274
0.95663462
0.84518352
0.96403835
0.99518150
0.82828065
0.96222118
0.86022189
0.83881429
0.99627839
0.99382737
0.84400337
0.81673719
0.88381906
0.98504898
0.99299715
0.99623561
0.94402107
0.99567606
0.88895977
0.99374575
0.89545680
0.98824005
0.80078866
0.82449394
0.99860791
0.98010588
0.99320519
0.98639426
0.93329665
0.97373787
0.99527790
0.97328716
0.99441354
0.99785437
0.98282702
0.96897881
0.95566378
0.99716626
0.99240814
0.88839656
0.98610143
0.98923670
0.93956336
0.84491413
0.96218050
0.88321965
0.84969606
0.99277199
0.80266736
0.98741701
0.99125094
0.89850361
0.98159275
0.99484405
0.88765172
0.98717217
0.83231897
0.97626299
0.96915698
0.86931282
0.99486508
0.83507396
0.98946847
0.97695171
0.99150975
0.99120441
0.99565978
0.98615040
0.96712790
0.96921106
0.86518840
0.86634617
0.97443471
0.99558744
0.88926156
0.84786349
0.80831485
0.99591518
0.90826556
0.99019300
0.87183168
0.79974885
0.98056754
0.87912828
0.97507982
0.95649644
0.81176588
0.91641522
0.91615466
0.99491910
0.94767639
0.89499040
0.98532730
0.91818463
0.97524964
0.99918102
0.98456548
0.80815641
0.98620663
0.95908425
0.99297737
0.98945393
0.89681272
0.99187481
0.95058061
0.99384991
0.95877592
0.98854399
0.89565156
0.97661122
0.99439428
0.99409625
0.99632358
0.96637103
0.88496611
0.97430007
0.95337106
0.83781113
0.99442748
0.98936340
0.96581857
0.99846111
0.97393900
0.99867989
0.93610550
0.96263699
0.92857951
0.82632000
0.82019132
0.96635809
0.98233876
0.89829410
0.95368166
0.97733051
0.99929811
0.97189731
0.95520972
0.99154877
0.97323097
0.98609746
0.99433758
0.87521862
0.79800200
0.97256888
0.94406495
0.98100131
0.94625535
0.94544111
0.99803533
0.99445422
0.89621326
0.98220355
0.84847512
0.99756528
0.82053558
0.92779741
0.87484246
0.89316133
0.94789661
0.97387424
0.92917365
0.99233908
0.94554804
0.91276448
0.92416714
0.95702926
0.99923793
0.95450118
0.98989453
0.99803236
0.93998978
0.85040053
0.98515937
0.83231004
0.93884127
0.99294874
0.97628232
0.92617297
0.82914122
0.80179724
0.97643584
0.98543172
0.98992012
0.97965903
0.98759217
0.99286227
0.99387362
0.96799643
0.99211492
0.93451649
0.98965067
0.99293577
0.98298628
0.96368804
0.98389478
0.99827724
0.98961838
0.91032849
0.98953769
0.80124183
0.97622176
0.96612110
0.99028737
0.99946651
0.90477067
0.85485843
0.89325976
0.89950965
0.94320768
0.95326597
0.99100584
0.91037062
0.97282560
0.85529012
0.81584521
0.99600656
0.94006440
0.99559947
0.92997317
0.90487318
0.97341827
0.98604846
0.99195608
0.98668307
0.98710940
0.89985518
0.97455295
0.92177021
0.91119455
0.90692442
0.82957048
0.87811422
0.91769916
0.95443333
0.91720203
0.99716113
0.98430430
0.94804754
0.98579709
0.98614655
0.89065089
0.84806158
0.98572691
0.99182843
0.88888200
0.99657983
0.81693848
0.96328100
0.96463790
0.99804839
0.97390208
0.98486260
0.96515428
0.96363365
0.92711705
0.91268881
0.98072982
0.99871868
0.99957923
0.92226900
0.81604977
0.95865567
0.96986324
0.98686345
0.97541789
0.98927254
0.93361406
0.97757269
0.96547611
0.98954636
0.81545244
0.88769748
0.90159941
0.97701878
0.94991908
0.95024019
0.80998782
0.78533503
0.99125548
0.99385585
0.98216556
0.95729944
0.88013842
0.83116626
0.98387489
0.97531380
0.80767878
0.94591448
0.86817990
0.84999442
0.93875446
0.95678489
0.98393352
0.98642209
0.99684989
0.99255801
0.93154572
0.95620668
0.97224975
0.97443604
0.99319746
0.98335981
0.99579259
0.98710283
0.97077193
0.87359169
0.97548671
0.97144165
0.91280604
0.88299217
0.92064229
0.97781818
0.82319410
0.92250180
0.97097350
0.83472739
0.92589210
0.94213572
0.99688793
0.92257171
0.97656159
0.97927497
0.81990999
0.99674511
0.83250558
0.84399970
0.98848886
0.86535248
0.99597185
0.99475734
0.87530198
0.85001938
0.85167186
0.94085875
0.97642439
0.93690260
0.99852387
0.95910208
0.83920726
0.95694482
0.93749717
0.99836472
0.90951441
0.99671726
0.95632431
0.90689521
0.99927544
0.99341374
0.92964134
0.97426543
0.95262134
0.99786484
0.87589575
0.98747450
0.83955018
0.95555249
0.93536346
0.93126364
0.94653207
0.89894039
0.94939556
0.90019926
0.92936585
0.99074619
0.98734785
0.99251557
0.95452711
0.92124803
0.96605313
0.97877941
0.99580602
0.99332919
0.99002833
0.99146907
0.97396451
0.98574786
0.94665101
0.93499593
0.99069622
0.91203625
0.99415523
0.88703937
0.95327376
0.93919987
0.89579040
0.97484050
0.99473843
0.99767360
0.93299202
0.99289285
0.97136667
0.99180510
0.99049320
0.98713133
0.96878150
0.95641644
0.82133185
0.97248841
0.97383720
0.90843098
0.83948476
0.98999551
0.93987746
0.96779998
0.90329212
0.99382007
0.99038405
0.94697336
0.99616508
0.98788032
0.98963040
0.96107032
0.98002089
0.98921478
0.92858476
0.99280284
0.93525182
0.92048625
0.96329274
0.96868238
0.98867349
0.92732983
0.99037701
0.87384943
0.98738170
0.84231032
0.97943757
0.98269026
0.97786039
0.93448306
0.91077049
0.96854115
0.99134120
0.81328247
0.98943567
0.97317412
0.98288790
0.97964262
0.99666143
0.98817046
0.94516746
0.99517672
0.99523599
0.98410081
0.95704948
0.82305903
0.84649450
0.99639090
0.98512369
0.99570340
0.95912172
0.87473465
0.95094897
0.88799967
0.98918038
0.99577892
0.99952379
0.98771807
0.96535597
0.99710612
0.98368387
0.84987169
0.99882105
0.99164003
0.99193873
0.99299856
0.97591775
0.99018400
0.96236086
0.99754628
0.82799485
0.90922608
0.84359880
0.83499704
0.97280843
0.97526233
0.81838952
0.98747568
0.96386838
0.99090812
0.99561520
0.95936840
0.91336936
0.90061937
0.98861214
0.94566625
0.97289638
0.88178191
0.85517815
0.93636384
0.93520506
0.97593989
0.99225287
0.97270408
0.98603108
0.90421280
0.98552496
0.93243770
0.97239865
0.88736304
0.98969030
0.88947819
0.99798526
0.98882480
0.89194695
0.98777655
0.93573938
0.93260023
0.99095763
0.94963986
0.99446928
0.99364513
0.92051885
0.98382378
0.84107366
0.94210410
0.88754128
0.97996739
0.99606598
0.97970529
0.98167006
0.99583356
0.95640596
0.98248029
0.84512429
0.82261323
0.83376778
0.99068254
0.98055029
0.79630175
0.98250159
0.93947831
0.98021000
0.94005129
0.93913367
0.98638775
0.98180425
0.88325326
0.97242522
0.83789443
0.96162466
0.82761651
0.83135632
0.93926708
0.98139399
0.98655970
0.88523151
0.99241564
0.97835048
0.97476932
0.97703604
0.89421000
0.90130484
0.99287607
0.92461452
0.99209594
0.97442605
0.97989568
0.91123519
0.95187267
0.98865015
0.82391894
0.97401452
0.99844250
0.97042211
0.87743997
0.97923531
0.96704086
0.98380532
0.99545137
0.90169206
0.80865002
0.85328550
0.83788793
0.96551410
0.96839385
0.84268170
0.99607180
0.94366868
0.97869834
0.91350747
0.90026362
0.97053871
0.99893099
0.99539231
0.95075181
0.95793598
0.81767617
0.97580959
0.97813209
0.99208718
0.87093184
0.87004497
0.97445325
0.90474680
0.98597892
0.99148815
0.88079934
0.96541986
0.96364320
0.90276590
0.81169185
0.92148119
0.98401568
0.96086343
0.94543497
0.83844360
0.83414522
0.94647001
0.81609665
0.96521678
0.99051088
0.97592228
0.97167248
0.94583934
0.80246798
0.91212049
0.97521829
0.99523500
0.84202268
0.95781824
0.98882659
0.84865822
0.90565699
0.99863298
0.97278578
0.97827331
0.99581031
0.86517862
0.99325652
0.98659554
0.98803850
0.80843830
0.99236487
0.99834063
0.97082722
0.91910142
0.96081099
0.97434661
0.98895835
0.99609684
0.99839772
0.98893858
0.98999497
0.95215867
0.92182254
0.95784750
0.79972092
0.92911145
0.92858710
0.97482840
0.94494622
0.98348788
0.99089141
0.97217448
0.98543377
0.99810012
0.98366985
0.96918061
0.98671657
0.99650937
0.96608502
0.97811013
0.92267722
0.99018499
0.97944392
0.89734945
0.98911834
0.82855114
0.85201893
0.80760449
0.99671202
0.97685967
0.85637507
0.97607624
0.96207335
0.82743665
0.90558530
0.92273165
0.91553024
0.94235356
0.95024315
0.99010453
0.94155683
0.81433809
0.99256397
0.98004781
0.95224391
0.91044161
0.94954191
0.83308876
0.99389273
0.96014518
0.99779600
0.97019393
0.95476919
0.85705809
0.91964701
0.95016383
0.99536161
0.83538223
0.94528121
0.98402210
0.94585306
0.88583776
0.85135434
0.94174878
0.96627093
0.80075133
0.86773948
0.98939901
0.95665965
0.99523400
0.94752034
0.99847755
0.99593206
0.93101085
0.94331581
0.85047945
0.99584424
0.99483416
0.82690699
0.99200321
0.98229981
0.92608251
0.97055405
0.96313890
0.97755222
0.83423724
0.99732771
0.99802791
0.93680035
0.96463085
0.88955791
0.99484496
0.99022985
0.99088676
0.92924294
0.97315794
0.97421152
0.84166834
0.99121861
0.92392164
0.93400603
0.89651632
0.92652396
0.95615058
0.81882934
0.98725891
0.99313657
0.88841701
0.96660747
0.92892193
0.98954690
0.98265176
0.93734940
0.95412994
0.97229886
0.97323684
0.96600867
0.81904540
0.84972738
0.98486887
0.98575460
0.99590742
0.92045241
0.97390051
0.92852351
0.93739009
0.88576391
0.95043780
0.98444173
0.85890446
0.92969159
0.91969253
0.81200578
0.78568189
0.98680071
0.85162492
0.99910479
0.94308810
0.98070006
0.96935162
0.92144818
0.96585882
0.99440795
0.99533743
0.99590090
0.90890307
0.84664862
0.88623974
0.99190214
0.79763596
0.99013188
0.85642527
0.96082313
0.87252649
0.98018365
0.99804427
0.81472821
0.92370035
0.94612257
0.98840559
0.87152641
0.97085350
0.97102682
0.94778341
0.98182263
0.99502408
0.88105830
0.92147975
0.98012772
0.91970656
0.99615598
0.91184805
0.87510397
0.99226277
0.81345013
0.99534407
0.96578422
0.91195796
0.99094526
0.88462994
0.98408831
0.88896457
0.91287502
0.98980239
0.92718646
0.97520424
0.99168527
0.98803530
0.86366723
0.99847034
0.97594291
0.99604596
0.98748114
0.97267659
0.92016807
0.98493627
0.87016484
0.90498054
0.97517148
0.81085896
0.98317738
0.99367368
0.83615651
0.96422096
0.99405889
0.86396503
0.96629984
0.95900507
0.99055900
0.85006113
0.85086335
0.99594786
0.97780668
0.82971486
0.99517375
0.96814713
0.99308363
0.80951213
0.81787554
0.85296792
0.82561947
0.99639572
0.88787783
0.92796328
0.86159123
0.80801045
0.97045061
0.85632698
0.96007728
0.96606473
0.92593652
0.96862684
0.99906836
0.99619321
0.98531685
0.87786135
0.98067338
0.83809133
0.99168857
0.99503210
0.97416900
0.95908631
0.99196967
0.86491672
0.99135635
0.97880043
0.99174101
0.97895866
0.98817115
0.97314112
0.99591174
0.99750494
0.80460721
0.86015386
0.93758243
0.86756526
0.84253029
0.90905983
0.97697172
0.92279244
0.99597607
0.87775327
0.99565492
0.98953501
0.89683150
0.95793785
0.98901802
0.82125153
0.99277767
0.98596557
0.81143671
0.95298885
0.99318225
0.92872088
0.92302523
0.90305455
0.85223527
0.94379198
0.78857275
0.98283147
0.99370220
0.98358281
0.97414667
0.94182536
0.99310642
0.93178920
0.94477136
0.99568808
0.80552496
0.97863627
0.85237459
0.80761884
0.99418975
0.95409034
0.87327604
0.82146646
0.99855141
0.94985013
0.97320773
0.95394919
0.79753199
0.91873176
0.86779529
0.97088622
0.91888658
0.96563627
0.97017879
0.82537806
0.97157031
0.98688805
0.93346010
0.91915636
0.86682592
0.96835620
0.99436622
0.96421771
0.87768268
0.99735100
0.90987384
0.96784943
0.96858466
0.93946596
0.99189881
0.87130776
0.97533604
0.90714454
0.87033010
0.94932125
0.99087398
0.99701399
0.97219573
0.96208084
0.98429323
0.96170314
0.99632264
0.95569475
0.87877152
0.98574095
0.94602344
0.97891388
0.84336489
0.96068058
0.81110588
0.91880666
0.99107542
0.99640979
0.99753476
0.87983786
0.99390377
0.92080444
0.93273154
0.84037635
0.97615861
0.95371921
0.92106844
0.84140413
0.90432860
0.93150747
0.89944144
0.99270831
0.82066857
0.82157803
0.81542452
0.99800262
0.99129857
0.86858982
0.96935431
0.99502863
0.98614433
0.98650859
0.84589842
0.98862064
0.96337873
0.81195194
0.99662568
0.81055483
0.99748022
0.82464800
0.88570088
0.98514101
0.98361677
0.91078352
0.90044742
0.97744417
0.93692534
0.98407707
0.97948798
0.83934679
0.94355626
0.93347099
0.96485105
0.97188524
0.92446743
0.87192893
0.86093057
0.99620316
0.99298195
0.99383218
0.93523269
0.97441974
0.96265305
0.94978220
0.80583790
0.90500696
0.99652200
0.93667804
0.99627864
0.90885327
0.94764629
0.98537535
0.98065115
0.92404554
0.99857379
0.97483433
0.98828485
0.94143341
0.99612562
