0.37614882
0.11984723
0.35280366
0.30258815
0.26606241
0.24016363
0.19704485
0.36799205
0.32126096
0.26832535
0.14768558
0.50803082
0.11660344
0.40127832
0.40377365
0.27976062
0.35855002
0.13109961
0.37765985
0.31641844
0.21715614
0.30845456
0.22320647
0.32802869
0.20299476
0.23241089
0.37795897
0.18402736
0.14099453
0.23672258
0.30643689
0.28093721
0.13949402
0.11499163
0.26077859
0.41142466
0.27230599
0.18215169
0.34595644
0.21536153
0.19971528
0.16483606
0.43070265
0.34029733
0.20310188
0.25045843
0.25148257
0.22278242
0.29494401
0.26738409
0.43559142
0.19997552
0.39607584
0.29073165
0.41150251
0.24931500
0.34596853
0.49827461
0.32196348
0.35714097
0.38746524
0.12533342
0.29274413
0.33658083
0.13902440
0.42477389
0.38904969
0.42314767
0.49072671
0.42056238
0.31122407
0.13601264
0.20802334
0.19310130
0.13651254
0.32618687
0.19904433
0.52449082
0.49032311
0.24019590
0.45745195
0.35380461
0.30120487
0.41340291
0.35520655
0.16842000
0.26234266
0.29803007
0.45491552
0.20812698
0.09338642
0.19821665
0.39986725
0.44413462
0.13972868
0.10258034
0.23631037
0.23124701
0.23259105
0.33420792
0.34381816
0.16473879
0.22276403
0.15415693
0.14598653
0.17925865
0.13184351
0.32444007
0.42175448
0.15370534
0.29116060
0.18613939
0.30231180
0.23640470
0.44951306
0.42553787
0.30229227
0.38094391
0.30726655
0.38842242
0.22822805
0.19778096
0.46643941
0.29310154
0.33487196
0.32528373
0.27100409
0.43500770
0.45680150
0.50616532
0.34048353
0.39983021
0.16613001
0.17828938
0.20871161
0.41109647
0.23772132
0.30573706
0.44498104
0.21536508
0.19900869
0.26495071
0.32432280
0.46910409
0.18923250
0.49358731
0.22245580
0.40399704
0.30354657
0.17516578
0.14502640
0.15797840
0.45231084
0.27300996
0.22132596
0.10897833
0.33238817
0.21413528
0.41586608
0.22169125
0.21660331
0.15516214
0.13422898
0.16051871
0.29760199
0.50296387
0.38190422
0.21306130
0.18274468
0.12082440
0.24494251
0.43440834
0.24874051
0.22326581
0.17498019
0.14490352
0.30730091
0.10856838
0.24912133
0.22854187
0.43112919
0.18080332
0.38039237
0.36204802
0.41371555
0.12517569
0.47920051
0.37258113
0.41807179
0.21125900
0.30298480
0.15871398
0.19303316
0.15767923
0.23684982
0.33027806
0.29310250
0.13133515
0.12052160
0.37536830
0.41178315
0.25173323
0.20130789
0.35830160
0.26272907
0.27973350
0.30097155
0.25653312
0.44938908
0.33752759
0.22571808
0.41670284
0.15358852
0.12460449
0.28900197
0.37389749
0.21435740
0.17853797
0.26008349
0.59016651
0.46230249
0.36651445
0.23189896
0.29455125
0.50982906
0.14895601
0.25483857
0.18761997
0.17429479
0.29893566
0.37782198
0.20585360
0.38257538
0.28529210
0.23555888
0.13914977
0.08876733
0.08152311
0.26382448
0.13850889
0.20802138
0.18623217
0.16890771
0.53926295
0.16584364
0.13589946
0.22614430
0.39347141
0.15616658
0.14993312
0.20176623
0.36398831
0.15050524
0.23873273
0.26800202
0.39596245
0.28764896
0.13910798
0.28521366
0.15865552
0.28226979
0.21869158
0.17991843
0.28319785
0.23113440
0.41718371
0.41488851
0.18987907
0.44490127
0.37478646
0.48186832
0.30357349
0.35324976
0.24434307
0.23978249
0.08278258
0.23134669
0.39117711
0.40681628
0.38961147
0.16194168
0.25948411
0.41987085
0.12376395
0.12400680
0.31695259
0.21190437
0.55456672
0.38994558
0.26900404
0.34249175
0.31714753
0.25496764
0.41631348
0.12120316
0.24143995
0.22239539
0.30724719
0.08936325
0.27068369
0.18666878
0.24080110
0.40983348
0.23809879
0.18175615
0.25177305
0.19083480
0.22367548
0.41365296
0.45434019
0.37880388
0.33745990
0.46987126
0.24268386
0.17186131
0.33455034
0.26426035
0.26980166
0.29997741
0.46748384
0.21136124
0.27029046
0.20628183
0.42015142
0.43941640
0.27567601
0.17024000
0.14076003
0.19192210
0.43815451
0.38167232
0.39080935
0.30187366
0.47697880
0.33676846
0.10656117
0.39860869
0.43592994
0.15229316
0.10494722
0.19057840
0.19913787
0.27208570
0.16656107
0.28482041
0.16848434
0.09878495
0.27422049
0.29162700
0.09303434
0.35570557
0.33319228
0.14477977
0.45255337
0.15039225
0.18839721
0.15909004
0.23741029
0.29007473
0.41416342
0.19771756
0.44124879
0.26233355
0.27045461
0.19827346
0.25386765
0.33256934
0.22944347
0.35141974
0.42139680
0.19283371
0.40477680
0.19887158
0.49342166
0.24154059
0.31772170
0.22517055
0.32220173
0.20101999
0.37090479
0.18482489
0.16940674
0.20432709
0.29327979
0.36463907
0.21303227
0.25423746
0.33260722
0.52628540
0.12826130
0.22223388
0.17575561
0.42407627
0.34532445
0.22957199
0.19446971
0.16428747
0.37131237
0.19163110
0.36069379
0.44603139
0.31621683
0.46158883
0.38644489
0.36120581
0.33930987
0.38515887
0.24289400
0.32685154
0.10252625
0.36050500
0.40483673
0.44548505
0.28618311
0.16965349
0.34000852
0.14333351
0.16450026
0.14983638
0.36393383
0.26609440
0.36229388
0.27541346
0.26973408
0.27957488
0.15823634
0.24579886
0.15260076
0.26906543
0.17427841
0.13267058
0.17105901
0.30446001
0.24595967
0.44099280
0.24537086
0.28129289
0.51025643
0.34338841
0.35562062
0.24006899
0.21154631
0.31144768
0.35720284
0.16557295
0.15499284
0.33397627
0.18244643
0.38886194
0.09946749
0.29560476
0.40308516
0.48283722
0.29161351
0.26585647
0.27084381
0.54394054
0.24980644
0.21444823
0.32795515
0.20026989
0.43928953
0.12323005
0.30186541
0.36555058
0.35271921
0.43519397
0.34557291
0.33728841
0.29307567
0.20901329
0.27563377
0.38090917
0.14972435
0.33827450
0.37442592
0.20472878
0.25443226
0.16484264
0.44969607
0.42738170
0.30903479
0.18658215
0.15120681
0.39367577
0.20908537
0.20045041
0.18888712
0.24767631
0.41210042
0.39987225
0.21189912
0.29841038
0.27865058
0.12962674
0.32564613
0.38053624
0.36413006
0.17409498
0.17188134
0.27212112
0.23396920
0.15194063
0.21526345
0.48933211
0.26317340
0.14124135
0.19104071
0.36121049
0.27282058
0.12715480
0.32026655
0.32362809
0.38906969
0.27101289
0.26625866
0.38651092
0.43151066
0.10563921
0.14924573
0.16753544
0.26662383
0.21138825
0.24996907
0.23456564
0.20276305
0.36562079
0.34160618
0.44498436
0.17824468
0.40088971
0.24960680
0.19227592
0.37998903
0.35466537
0.20717063
0.49248907
0.20764885
0.28717467
0.44663049
0.30667621
0.14511417
0.20639565
0.37328538
0.23015760
0.34999156
0.20782252
0.40860722
0.36094031
0.26933211
0.39881159
0.45819303
0.18079735
0.48289867
0.19401476
0.19956356
0.42343698
0.16979907
0.21432515
0.13684449
0.27685467
0.24060535
0.23278180
0.38414451
0.34827012
0.21308269
0.23137372
0.20226857
0.40621764
0.26768843
0.19425471
0.30747041
0.19144685
0.14531010
0.19299786
0.28344173
0.24173330
0.27649657
0.24661926
0.14349196
0.29542441
0.14210884
0.16563183
0.27693405
0.22473588
0.34068986
0.13148510
0.21986278
0.22484598
0.34429515
0.26310420
0.36407222
0.23164213
0.44261036
0.24428799
0.14158161
0.21947654
0.20430252
0.48152746
0.18394526
0.26431436
0.28137947
0.45878108
0.20913897
0.28113225
0.24720158
0.40169082
0.35955001
0.23553375
0.24986603
0.15337101
0.34346967
0.50198253
0.21032032
0.27264283
0.16840494
0.26810182
0.14993255
0.11520756
0.46781893
0.12055726
0.29898449
0.19239863
0.31148887
0.39128840
0.44562892
0.38790874
0.28502229
0.33624951
0.16467344
0.41370806
0.29173021
0.14520194
0.35460164
0.28033942
0.41845833
0.41208944
0.23561221
0.16574013
0.24470902
0.26563233
0.46497281
0.46237461
0.31586319
0.41200323
0.44560046
0.36737364
0.21204746
0.30482755
0.37815038
0.14811871
0.40286582
0.08648728
0.21417186
0.20358492
0.23967393
0.32581690
0.18485087
0.15775723
0.26561093
0.18455597
0.17078538
0.35193217
0.24396451
0.26642266
0.24771489
0.13426471
0.15186330
0.32500686
0.23644433
0.27751363
0.22206304
0.20888995
0.41770064
0.34731729
0.25080484
0.10016256
0.27277142
0.29246359
0.27810727
0.45486603
0.29982376
0.19726850
0.30739108
0.44491184
0.17657332
0.23939257
0.40828934
0.19026435
0.25432120
0.28650779
0.16163621
0.26620471
0.22138654
0.47541515
0.24891890
0.35341095
0.18782883
0.24847298
0.14699046
0.32809997
0.31255225
0.14267751
0.20164185
0.15039038
0.23960843
0.24343715
0.41981189
0.13438065
0.11555697
0.30149153
0.46779521
0.20409356
0.27523458
0.34746235
0.16731635
0.15143978
0.37820020
0.15318023
0.20908713
0.19392915
0.25915408
0.24057169
0.37478103
0.30078469
0.10997804
0.42405496
0.29353124
0.33549175
0.28213577
0.27348455
0.30922367
0.32369343
0.40779279
0.25919073
0.32113852
0.24213394
0.25888429
0.19050864
0.34867823
0.13252146
0.47181074
0.18804544
0.46015862
0.14871944
0.38977170
0.15621225
0.10940225
0.17869685
0.39112572
0.16615951
0.24671117
0.39486332
0.43245094
0.36496200
0.47436240
0.18439252
0.36867096
0.39077749
0.15816826
0.23578982
0.28884363
0.19707468
0.32604838
0.46315733
0.19496131
0.17523502
0.22689022
0.34182922
0.16976621
0.19406022
0.32723863
0.42749236
0.21405164
0.37718612
0.27998512
0.12671568
0.09768684
0.18192205
0.30808019
0.15917532
0.22333352
0.33420243
0.34789355
0.26182839
0.26187325
0.28299177
0.52566064
0.14285172
0.22776258
0.40918857
0.36153792
0.27269821
0.27145290
0.41804474
0.25915505
0.13834338
0.33248661
0.37467472
0.19273261
0.18225095
0.14629936
0.29822339
0.13258634
0.33553979
0.22352246
0.39237003
0.24470697
0.32038523
0.25299435
0.19100164
0.45770058
0.31683181
0.14907767
0.19498206
0.20909339
0.18140170
0.18299841
0.24183621
0.11542662
0.17275990
0.33272494
0.17150332
0.21093655
0.22597620
0.13733857
0.21762859
0.21565433
0.38432531
0.15296747
0.08170574
0.40468048
0.28955287
0.25302413
0.20661158
0.23711415
0.17478146
0.12870174
0.24993430
0.45126860
0.18972392
0.15564712
0.17205937
0.31618622
0.38109671
0.20378554
0.32008501
0.43113874
0.24985581
0.39185406
0.37893449
0.48705132
0.23622651
0.28846647
0.17660172
0.12529540
0.29562376
0.16698742
0.37190950
0.36828928
0.26543276
0.41118836
0.29009389
0.19676098
0.23441567
0.26258851
0.24444800
0.30186399
0.24267117
0.23054459
0.46511936
0.15242523
0.35336782
0.29156342
0.17051295
0.17470775
0.37066423
0.20571793
0.46047825
0.40728699
0.30405719
0.20233931
0.21000745
0.13398333
0.33398553
0.37897033
0.23331443
0.38357480
0.15951680
0.22455727
0.14324956
0.19355498
0.23083047
0.50105042
0.30725487
0.26523658
0.33731651
0.37934286
0.09009239
0.52624236
0.24042373
0.37884704
0.31698594
0.18888568
0.22741739
0.24901753
0.27290289
0.17067577
0.35808359
0.32967557
0.23787609
0.10961293
0.30504021
0.32145227
0.19666284
0.19093286
0.13099743
0.24562747
0.30978841
0.21568991
0.33046617
0.50592549
0.13610215
0.34777781
0.24119963
0.23604727
0.41385372
0.17182981
0.22592367
0.35025024
0.11069867
0.32074785
0.33607396
0.34382555
0.47032277
0.19910040
0.34634576
0.41274698
0.15798758
0.15831018
0.31565743
0.18993673
0.53340880
0.23903914
0.16618564
0.28713355
0.13977680
0.12286617
0.25711975
0.34440933
0.36527464
0.16421326
0.26216289
0.15758335
0.48259957
0.23501946
0.30432194
0.38397200
0.12131538
0.09754094
0.45107603
0.19944102
0.19584965
0.33442010
0.20883795
0.13166618
0.29628103
0.42927003
0.25809227
0.32628543
0.12037686
0.13901493
0.22800643
0.09739553
0.40389960
0.24926047
0.18695532
0.37455842
0.57729525
0.30413839
0.25212342
0.44710816
0.16690764
0.35558252
0.41189045
0.16271969
0.29613430
0.41261691
0.11640855
0.26008751
0.25818638
0.42273894
0.23704964
0.23564856
0.33854411
0.35667841
0.41720676
0.28764272
0.20656811
0.11305279
0.16530308
0.43162514
0.31670647
0.30486777
0.37429149
0.37141280
0.42206116
0.26012285
0.16948462
0.23673456
0.18611712
0.20633508
0.09604708
0.26580567
0.09741893
0.42210086
0.18241598
0.29954757
0.39422352
0.17911264
0.26090391
0.32786853
0.20320269
0.16985585
0.14280931
0.19965137
0.14832052
0.22909908
0.24029612
0.11146619
0.39869463
0.23581101
0.20839974
0.32596430
0.24642256
0.29252674
0.23324950
0.12301931
0.37404606
0.37558007
0.30265842
0.12425442
0.34930350
0.35901087
0.43269284
0.45333773
0.11868813
0.43369828
0.39600291
0.20444391
0.27421241
0.10616792
0.33016112
0.36628975
0.30733309
0.17828336
0.38672535
0.22890345
0.20507226
0.39360302
0.31832499
0.34113777
0.31933332
0.44178803
0.13057348
0.15646726
0.13734233
0.20161084
0.14065633
0.32236546
0.20948026
0.36581652
0.38547785
0.38143076
0.14261656
0.37668632
0.28493086
0.20916987
0.45110929
0.32257637
0.08610683
0.13052995
0.31501259
0.35355176
0.15444078
0.46367929
0.23079861
0.37024717
0.27434984
0.28039613
0.25737000
0.23640845
0.42865961
0.47177766
0.20582573
0.44457021
0.28599958
0.21206016
0.27032464
0.43309499
0.19977669
0.24906915
0.35985175
0.41956709
0.37687899
0.40841632
0.47695781
0.13062453
0.13064702
0.16688382
0.44186042
0.44948509
0.23084687
0.51524744
0.16394581
0.21488343
0.24282598
0.22852497
0.25095840
0.44679257
0.42458342
0.23162018
0.29295785
0.41451650
0.31119658
0.32174326
0.40525959
0.44383930
0.20657862
0.39225761
0.28651494
0.36085886
0.25609516
0.39146417
0.11039423
0.47492804
0.30688994
0.31515173
0.16486726
0.24129117
0.37810397
0.33193962
0.13182118
0.10104195
0.21888639
0.28324015
0.29938103
0.27439315
0.38598311
0.48691235
0.42453086
0.45935449
0.20257160
0.33664898
0.17755238
0.42102730
0.15334620
0.27761697
0.46952726
0.35700417
0.26561330
0.37428419
0.26728989
0.14098185
0.51379901
0.27569921
0.24472693
0.28466132
0.38893399
0.19515538
0.26020374
0.43267608
0.22931961
0.31080411
0.33336266
0.31099379
0.32222677
0.20628360
0.12235039
0.39794228
0.36248646
0.20493486
0.45318310
0.24783742
0.29243540
0.36718115
0.40588733
0.17120311
0.26294273
0.51136396
0.35500516
0.16314404
0.28524351
0.43005580
0.19186509
0.20446024
0.17766723
0.22603699
0.37661948
0.25225695
0.41738021
0.16013230
0.44108149
0.30752381
0.43071187
0.19920418
0.11518604
0.35633194
0.36625844
0.44240270
0.19556710
0.23537564
0.21143605
0.16540701
0.33493941
0.30711277
0.59371163
0.21068291
0.30099430
0.11121675
0.24801769
0.35895560
0.34260519
0.20764627
0.26067839
0.11398184
0.27207306
0.09227897
0.35024578
0.23352686
0.32813375
0.32167012
0.13180809
0.47757809
0.09482600
0.16732915
0.23287266
0.22603789
0.46839070
0.16414249
0.36849971
0.37810071
0.49202906
0.32001550
0.42357027
0.36023730
0.14409089
0.32575638
0.17253061
0.34075816
0.44233226
0.07082439
0.25835175
0.17797923
0.13664165
0.24923056
0.21699125
0.14061156
0.31398108
0.14791895
0.37825369
0.23660695
0.37555497
0.23976358
0.40860221
0.16302292
0.34680189
0.14482948
0.14717909
0.51516537
0.31170937
0.39878814
0.57557795
0.45210163
0.13210409
0.29517464
0.40033148
0.39311117
0.48476786
0.11714713
0.17066417
0.11664179
0.44315355
0.27736643
0.25717788
0.25145996
0.27060679
0.18698628
0.18337407
0.19694113
0.15552453
0.17730619
0.34989967
0.29281923
0.53751523
0.24196026
0.33586936
0.20137455
0.42325148
0.16088402
0.23926160
0.18072990
0.11181078
0.43928387
0.41691152
0.07310416
0.29302487
0.13330131
0.19801150
0.22548657
0.35027075
0.31192080
0.30565455
0.27308936
0.31529958
0.09740278
0.43429780
0.13406513
0.32150843
0.35569371
0.30460347
0.09279007
0.28060292
0.18007866
0.38912412
0.35512443
0.24122575
0.22249018
0.13882378
0.19151140
0.10060197
0.17028137
0.37549597
0.25215156
0.18421224
0.29948287
0.27713896
0.23529900
0.38791145
0.22832453
0.33785875
0.25893046
0.47769322
0.48566398
0.11493209
0.17360772
0.15859557
0.10991166
0.22602853
0.19875900
0.28859244
0.23260722
0.27640335
0.42765959
0.21992064
0.16916214
0.14654878
0.22141428
0.32666582
0.21868362
0.49006227
0.20962742
0.09961182
0.24621483
0.35270946
0.17407897
0.18584330
0.33208439
0.47135598
0.13966054
0.37729572
0.33104509
0.28118968
0.43413194
0.34390707
0.22383623
0.38071281
0.28654024
0.27751825
0.46644720
0.35166948
0.23879853
0.46370867
0.42496029
0.31633344
0.38718710
0.16011800
0.12690571
0.16491054
0.39534437
0.43329877
0.33727181
0.27766618
0.17864686
0.28588049
0.27117541
0.19754523
0.13609207
0.25290536
0.39545744
0.21141041
0.17578165
0.33629646
0.17935417
0.39171487
0.21594531
0.20699810
0.30663811
0.44060319
0.24410577
0.21222623
0.31192515
0.34235895
0.37260560
0.18890370
0.22675745
0.15465818
0.35970197
0.24763590
0.24213717
0.33062434
0.26905163
0.37698675
0.35956928
0.44194751
0.42283269
0.15814277
0.25080773
0.37666472
0.19846065
0.33159392
0.52383899
0.33761165
0.19255853
0.25091370
0.42304759
0.44588100
0.26210134
0.30223256
0.20875902
0.30834903
0.24250067
0.32478788
0.44622963
0.08929370
0.27970311
0.55029786
0.20248991
0.10897817
0.15689084
0.32034362
0.33698622
0.37476607
0.23326514
0.18844548
0.24707546
0.30678661
0.28556960
0.42017869
0.48349753
0.22805113
0.39620823
0.22812526
0.30587336
0.19852311
0.32518784
0.13711536
0.34652185
0.47635585
0.39888438
0.27050228
0.36714824
0.15059585
0.32559323
0.19019111
0.23697579
0.30710788
0.36446711
0.19422932
0.41293143
0.16858479
0.32602685
0.33700888
0.29509935
0.18580055
0.35957394
0.32949616
0.42757448
0.12119784
0.17067672
0.28160913
0.37023684
0.35294022
0.11201920
0.19429718
0.16498498
0.28880399
0.22439250
0.27632618
0.25887767
0.16583238
0.32573093
0.24053115
0.28260701
0.45813764
0.29806667
0.19412716
0.14648086
0.40140814
0.24427089
0.54850616
0.29897922
0.33548454
0.25779631
0.17748121
0.12626695
0.34044140
0.34702132
0.23970283
0.49184948
0.22748443
0.42762128
0.30481974
0.28801405
0.25949446
0.39005990
0.52490785
0.19805944
0.40008303
0.23189032
0.26009001
0.12030750
0.36921976
0.22178696
0.40279592
0.31197815
0.20223468
0.25551650
0.22080466
0.14653385
0.11536115
0.45742545
0.40054548
0.21518914
0.30727352
0.21889273
0.23979047
0.15760292
0.22066816
0.20208253
0.53289423
0.12370969
0.11617650
0.35959293
0.19571796
0.30175241
0.11716822
0.37817269
0.19666986
0.11749405
0.44065020
0.28119042
0.22953297
0.24172871
0.42022401
0.36757376
0.38281833
0.42487437
0.42653257
0.29380135
0.18468201
0.34631575
0.33698528
0.16675501
0.44807195
0.40205895
0.19461297
0.25971003
0.11520543
0.30638052
0.49775233
0.10989522
0.27186154
0.42781152
0.19004779
0.39902725
0.56672153
0.33677121
0.43104167
0.08363225
0.18538797
0.11953884
0.18442506
0.27794042
0.12003184
0.22907278
0.23689803
0.25046927
0.24845804
0.21049231
0.43793276
0.42015931
0.35767300
0.33857006
0.31753005
0.22820862
0.35365047
0.12129386
0.38011428
0.34343095
0.37977253
0.23081553
0.41522144
0.19286906
0.34162198
0.16093669
0.23260234
0.33251904
0.31950976
0.35626758
0.34230888
0.10653251
0.18826704
0.43394787
0.24024012
0.12027254
0.23109166
0.34847326
0.37055104
0.22415415
0.14671663
0.38977610
0.16844548
0.43862773
0.36315245
0.12253268
0.31414804
0.24949327
0.34022025
0.29317650
0.29970023
0.49859022
0.24935968
0.29502460
0.19843808
0.32797575
0.12275203
0.24523753
0.26934964
0.28572946
0.24618889
0.08367455
0.11720952
0.22519760
0.43389937
0.37590702
0.23456866
0.37321457
0.25338634
0.16930624
0.38352075
0.15835487
0.22583104
0.42855410
0.47637089
0.22866318
0.19845569
0.23159119
0.15855130
0.44722851
0.15352792
0.42223981
0.44629812
0.33548533
0.18516047
0.30862543
0.33947767
0.22996568
0.18990132
0.22214936
0.41752683
0.39313471
0.10681612
0.39793206
0.25094478
0.24890879
0.21649021
0.22331538
0.16287729
0.20653361
0.31877371
0.21771232
0.13665213
0.17606221
0.24042426
0.38694369
0.17023903
0.40252307
0.13742583
0.15535983
0.10386762
0.18293230
0.36475147
0.27194543
0.38527580
0.18493624
0.48759919
0.28891642
0.11837659
0.37632088
0.24181200
0.41830855
0.11345402
0.39715446
0.34686785
0.43155918
0.07673619
0.26511535
0.33803825
0.27948259
0.31521055
0.39298442
0.10856400
0.46961719
0.31152112
0.45624118
0.08204230
0.17615436
0.12223488
0.30172844
0.25699189
0.33506195
0.41609802
0.16606193
0.09684082
0.36665406
0.40777665
0.23786691
0.31734712
0.19242924
0.34193686
0.30145791
0.38944071
0.21498173
0.13764132
0.34782244
0.43594246
0.18410321
0.32732963
0.37129426
0.28218706
0.24582415
0.14344366
0.29890121
0.28219323
0.15604072
0.12531559
0.38443220
0.18320409
0.47243852
0.26309645
0.36467721
0.29267962
0.17308953
0.39654585
0.17589097
0.13305100
0.22726702
0.52211059
0.10843758
0.24597672
0.27772829
0.17040656
0.42832717
0.16132173
0.27223467
0.47640318
0.28018441
0.21424034
0.36889497
0.14944277
0.26202447
0.12043476
0.25676690
0.44587928
0.39891855
0.25759338
0.45006131
0.35558852
0.29405580
0.32897966
0.14397760
0.21532118
0.26544025
0.13449070
0.31418376
0.08262194
0.14908077
0.33904691
0.17315166
0.42685710
0.41812679
0.42261669
0.24652497
0.20823487
0.28426070
0.44150081
0.17060097
0.34483721
0.27263372
0.37832499
0.25068940
0.31489130
0.24611970
0.17220636
0.14188388
0.23862608
0.22621742
0.26225223
0.19209553
0.45893857
0.16462948
0.24259575
0.41193756
0.46310462
0.13896057
0.16384430
0.15904770
0.47913019
0.20566555
0.18923628
0.35965510
0.28223317
0.37703327
0.35942153
0.29022736
0.12463692
0.48406400
0.38946758
0.17415615
0.17926703
0.25276702
0.25556315
0.23904289
0.38486055
0.12873399
0.13219599
0.17007637
0.52395809
0.17834917
0.26886388
0.32023841
0.22768419
0.17300949
0.10740244
0.21346758
0.28969722
0.20922988
0.40383683
0.24973299
0.24060154
0.30082190
0.45988959
0.41563835
0.39404497
0.18357120
0.48564064
0.23557813
0.21739090
0.34907118
0.14542856
0.24275770
0.45277042
0.28304428
0.41261594
0.27831487
0.12710368
0.13173604
0.25446966
0.46263747
0.40216807
0.37782910
0.25016923
0.42565949
0.25798348
0.13841988
0.26855918
0.24593118
0.49441929
0.18526031
0.47391305
0.28590873
0.23558622
0.18696631
0.31139925
0.21725310
0.26125790
0.33790289
0.22105242
0.18400544
0.14608616
0.14610292
0.38547941
0.38341704
0.24906433
0.16869114
0.42167881
0.50555064
0.35508371
0.18759334
0.23627900
0.19760958
0.22882275
0.37315004
0.32182922
0.44681399
0.31712694
0.19669165
0.17314638
0.30503086
0.26074310
0.33602313
0.19258023
0.23819577
0.35410196
0.14488126
0.34160552
0.32838139
0.37259146
0.26318204
0.21389616
0.37097531
0.24489649
0.25716164
0.23156412
0.22595666
0.29249608
0.11747083
0.14122032
0.20812276
0.16104382
0.14865677
0.16201823
0.36852169
0.16588880
0.19286006
0.33443047
0.22259842
0.44644678
0.44214157
0.14699040
0.32130398
0.33729263
0.30780546
0.45328435
0.31517563
0.29708173
0.19365259
0.08213116
0.31009488
0.17122386
0.16105321
0.31599347
0.39103877
0.42532705
0.19241348
0.29798942
0.32672497
0.27974339
0.43980852
0.46328909
0.31114104
0.17875086
0.20446715
0.28631832
0.40414089
0.15500320
0.28602026
0.20157876
0.38667479
0.24637646
0.20081161
0.39403486
0.44391847
0.23727757
0.10236361
0.39090343
0.33393297
0.19050181
0.16065990
0.24114375
0.27945009
0.37015464
0.25543514
0.28243830
0.33389244
0.21939085
0.17928165
0.40706352
0.24875773
0.25592526
0.14887903
0.31657827
0.48042071
0.17906453
0.13389754
0.15559755
0.20501430
0.31261735
0.38242835
0.37492288
0.30699577
0.15562761
0.14151350
0.50262592
0.35250240
0.20484599
0.17552518
0.28380400
0.34740072
0.23447271
0.43905171
0.16512566
0.48664586
0.31147652
0.43568868
0.30573401
0.31504886
0.14162930
0.22662157
0.32767883
0.17836911
0.22869505
0.25712522
0.19631077
0.47443503
0.20813581
0.17093311
0.21712083
0.43407553
0.29018409
0.29517034
0.22456017
0.50132698
0.23765993
0.26330189
0.28613210
0.17300242
0.30326477
0.31251291
0.36566384
0.11320440
0.29472026
0.11099283
0.24247107
0.28709191
0.51606774
0.27528189
0.17904354
0.22603425
0.27842196
0.18189666
0.25870285
0.26573797
0.30958525
0.33058356
0.18758971
0.23864427
0.17809840
0.46031391
0.11237380
0.37739426
0.26582879
0.45797336
0.26152090
0.29101066
0.36135057
0.13198954
0.37391784
0.13793286
0.40949279
0.25796866
0.33625188
0.32495736
0.28207818
0.24950364
0.16366014
0.13185203
0.26461573
0.30662324
0.39961166
0.46578157
0.26324508
0.18644693
0.34205079
0.35895839
0.13976356
0.27957419
0.37933601
0.19345992
0.22372267
0.21981193
0.51576758
0.23128301
0.46881944
0.31488117
0.35365268
0.16288600
0.34306033
0.22163780
0.30539059
0.16910490
0.39671233
0.34605788
0.27579448
0.40484314
0.23216589
0.34852176
0.12883242
0.21521892
0.36631116
0.11259907
0.33923505
0.41595558
0.25444712
0.47293503
0.28020041
0.46673940
0.12712130
0.42920587
0.39002783
0.16782625
0.22297814
0.24284212
0.18911267
0.32839293
0.30020052
0.20506088
0.16699893
0.21847990
0.16844839
0.31537278
0.40210681
0.19073153
0.14919764
0.17675204
0.32030198
0.26715022
0.10134384
0.12568349
0.18393521
0.27169967
0.38411499
0.19249157
0.29043952
0.26681081
0.20240655
0.32101650
0.35849595
0.44291081
0.10556243
0.22237715
0.13233772
0.14135078
0.26913322
0.15234319
0.14733587
0.42430518
0.18618160
0.36682487
0.19868301
0.43429656
0.39286597
0.27904750
0.19404870
0.38729521
0.18872787
0.20950622
0.20244081
0.52433577
0.19575939
0.29353335
0.43670818
0.13278625
0.44471018
0.11415172
0.43561424
0.11285919
0.34113884
0.19265559
0.17686483
0.16077984
0.11754715
0.37079669
0.46689672
0.25411540
0.47299388
0.37325077
0.43120897
0.24941548
0.25460412
0.09909470
0.15644350
0.23686939
0.34401953
0.21344374
0.14581478
0.25845433
0.17047454
0.13432747
0.14673597
0.24337780
0.35854034
0.11041560
0.11440101
0.17901823
0.26399446
0.16883531
0.23088840
0.14708907
0.34915767
0.44461889
0.12219090
0.40228879
0.32990896
0.42216172
0.29161469
0.14268896
0.32937552
0.43667818
0.41563177
0.21810471
0.37650046
0.43069273
0.24576459
0.10441676
0.28546173
0.49473838
0.38675998
0.25444932
0.33184516
0.46299503
0.21308039
0.18419100
0.18784397
0.32858021
0.22780198
0.32617118
0.30449599
0.11491377
0.18940055
0.40127005
0.25198107
0.25230173
0.48687404
0.22097720
0.20126815
0.24704400
0.16656040
0.27668665
0.32724613
0.33979797
0.11453943
0.29444271
0.29249837
0.15628974
0.20027130
0.42306766
0.31161995
0.21661634
0.46528150
0.32342902
0.23877958
0.15812029
0.28512379
0.25285145
0.34158155
0.21291270
0.14409705
0.26761609
0.12718370
0.31410935
0.30986792
0.18186525
0.42576919
0.20493794
0.27146941
0.29417200
0.19829757
0.18070241
0.36321090
0.30838832
0.39789312
0.28261786
0.23147728
0.17895328
0.13510622
0.33127868
0.34561539
0.24668892
0.34677580
0.16002071
0.21029024
0.18256593
0.25236194
0.37473662
0.51179528
0.15081146
0.51831750
0.43198831
0.34183605
0.23655641
0.12577394
0.13477936
0.37491203
0.12220655
0.41405747
0.21955732
0.20201252
0.37794377
0.10681027
0.30699816
0.29137914
0.28352214
0.30773503
0.17461400
0.35068266
0.34009783
0.41724182
0.13484554
0.14716868
0.12297773
0.22504628
0.45062035
0.33923280
0.23459381
0.14238760
0.18728377
0.25853754
0.30309556
0.15229851
0.16714996
0.15709317
0.26632400
0.39604463
0.37763129
0.16202456
0.40533756
0.18722465
0.17741697
0.17035682
0.33151824
0.27573518
0.29856690
0.38925772
0.09566274
0.15579887
0.25529500
0.22007067
0.22919185
0.23995214
0.17912260
0.22258973
0.23205037
0.29807774
0.27139459
0.51934537
0.10093599
0.25113270
0.29456582
0.28807988
0.20152349
0.18242311
0.13506552
0.33119984
0.43579916
0.33838521
0.24070120
0.37673470
0.15696959
0.25550425
0.31577938
0.20904111
0.13356719
0.51500812
0.22204168
0.20506563
0.41164325
0.34281776
0.15750772
0.46951046
0.37669780
0.24064754
0.20892915
0.26365869
0.46343254
0.27779722
0.19414089
0.46067035
0.42669424
0.19930478
0.17854577
0.41110398
0.21417599
0.07675325
0.31781560
0.37893787
0.17509366
0.15723103
0.09547057
0.31792726
0.32257402
0.40969154
0.17725427
0.32348905
0.11274815
0.39756848
0.34101346
0.31685019
0.12195276
0.41010836
0.19230456
0.11668884
0.18526645
0.35846931
0.35236624
0.40675973
0.34009665
0.11901435
0.15919298
0.37275940
0.33758942
0.17151633
0.48747906
0.42232498
0.14524270
0.15890316
0.33453205
0.29370756
0.35595582
0.53487426
0.41821874
0.21739230
0.42863516
0.20374688
0.17979496
0.31060964
0.29253126
0.41058126
0.26069513
0.16593076
0.40518768
0.38023358
0.30571844
0.24865735
0.35484914
0.17593701
0.31815430
0.46814088
0.18592833
0.36494262
0.18034472
0.19002197
0.21392065
0.38188048
0.20984034
0.15825640
0.21899557
0.31782381
0.14827027
0.14652646
0.13658448
0.44888615
0.27364708
0.39410238
0.35922630
0.26688099
0.27138063
0.09732758
0.28700355
0.16155360
0.31361658
0.21649139
0.24156354
0.28962156
0.30153916
0.17127061
0.17992516
0.22293562
0.29013885
0.20259514
0.22693564
0.17921946
0.28037752
0.44140253
0.29703766
0.30210244
0.18373528
0.31678410
0.13405063
0.08587972
0.21044797
0.37257141
0.48348914
0.29746212
0.36718112
0.38692365
0.46105918
0.20087939
0.35184427
0.16511006
0.19256361
0.35690800
0.32258406
0.15803480
0.21865431
0.17506058
0.51133649
0.35025976
0.29721216
0.28445729
0.25418805
0.16229170
0.17541234
0.33083489
0.14458568
0.23379081
0.19956362
0.10292389
0.40523202
0.31019176
0.11242549
0.25633735
0.40975818
0.29297326
0.16287568
0.31541242
0.34018762
0.18166924
0.14599813
0.13833401
0.19581953
0.22209746
0.13594597
0.36115749
0.49303373
0.21581765
0.20779471
0.47739628
0.09517684
0.17484473
0.51805727
0.33445177
0.23059487
0.18981766
0.19904287
0.29706429
0.49423833
0.18342044
0.30366632
0.33725495
0.28023082
0.36504676
0.30581070
0.28139628
0.38488144
0.37464588
0.44594330
0.20608887
0.44063936
0.23751009
0.14679720
0.32015894
0.12032948
0.23068689
0.46529631
0.44531192
0.27766459
0.37276742
0.20272004
0.17075323
0.20217061
0.17237465
0.37742855
0.27750168
0.26383666
0.22157330
0.10212550
0.34437291
0.42005371
0.20781085
0.25734381
0.17940707
0.20242206
0.31814293
0.45215409
0.52794048
0.47111154
0.24584811
0.16695256
0.43997270
0.15764499
0.27044904
0.19630567
0.08319509
0.17888536
0.35785363
0.14680648
0.28006037
0.18139226
0.18182211
0.26139839
0.25067428
0.17664844
0.27075568
0.25170201
0.29591552
0.44727076
0.45374969
0.11867598
0.49636158
0.10622068
0.17763265
0.16622148
0.28456207
0.17854204
0.44208498
0.25990842
0.46136497
0.31708346
0.34851817
0.43211666
0.37086723
0.22978654
0.21687398
0.37242203
0.34013087
0.35250451
0.14266100
0.37943941
0.42149022
0.10434162
0.23522390
0.25570888
0.26022141
0.20406217
0.52362203
0.19502538
0.28235941
0.39771259
0.17534018
0.32814588
0.32248611
0.39699312
0.26888525
0.30262075
0.10230705
0.41930171
0.32617328
0.13774583
0.24558799
0.42407174
0.52443064
0.29955003
0.22380384
0.31301927
0.20613592
0.18262213
0.14513352
0.40023680
0.12512739
0.10439469
0.31410747
0.15171507
0.10514341
0.27813172
0.15744890
0.40654815
0.42794839
0.21651755
0.20988552
0.18700627
0.31881445
0.24056925
0.36668801
0.42142959
0.34314281
0.34575435
0.36827950
0.39044733
0.23725783
0.10487924
0.13965862
0.39850836
0.27872711
0.50669593
0.12322159
0.36091413
0.18659567
0.59900889
0.16111992
0.44839508
0.12141635
0.22833047
0.33641117
0.29126297
0.20768261
0.15075864
0.46294026
0.29854662
0.42198786
0.43539859
0.23263753
0.48114098
0.33718663
0.37294451
0.38248298
0.09631468
0.35261554
0.16874420
0.42203208
0.24496005
0.44784678
0.21311946
0.17700441
0.38931627
0.45600397
0.19743121
0.19133020
0.33793457
0.41080574
0.23545004
0.34701511
0.17851999
0.11015534
0.40537122
0.37870618
0.27192925
0.38115445
0.30679342
0.37952366
0.25704505
0.38644062
0.16768738
0.36643977
0.24259926
0.38788827
0.26951906
0.29195681
0.46462354
0.24374569
0.32304515
0.25426987
0.37214511
0.45016499
0.24154715
0.24126094
0.37936572
0.11589482
0.20846706
0.18984764
0.17233754
0.30473475
0.12462496
0.40596531
0.42990333
0.17159671
0.24462359
0.23745127
0.26900913
0.35546769
0.21961062
0.52204072
0.30688985
0.09543320
0.13138078
0.19032788
0.18399001
0.44093567
0.20974544
0.45144303
0.27759929
0.12771569
0.35124020
0.51428231
0.20049693
0.31147267
0.38763711
0.40320382
0.25682286
0.28963595
0.43211244
0.19961671
0.42481812
0.34218861
0.43876880
0.13348093
0.11993105
0.32270904
0.26517576
0.14912218
0.13081024
0.22195649
0.17281012
0.30933642
0.32110691
0.18239298
0.22477347
0.36502284
0.10985642
0.28718510
0.14951327
0.41548406
0.27144488
0.39255801
0.27842529
0.38019675
0.33187016
0.25370538
0.31718871
0.43757585
0.20350734
0.29655839
0.20990019
0.14389491
0.37936240
0.33200679
0.36055258
0.30948411
0.11328005
0.27167449
0.41552084
0.26720247
0.41249496
0.24489035
0.40740030
0.52757439
0.39186607
0.49156628
0.13162000
0.18919312
0.15611403
0.48454382
0.24924948
0.13859935
0.15024920
0.36377674
0.20322763
0.17666094
0.29574595
0.36742750
0.11215587
0.21595158
0.44586996
0.46583113
0.22032009
0.24952628
0.25250757
0.17308934
0.30490751
0.13909106
0.38338142
0.15951786
0.37913882
0.27383735
0.17686116
0.35892713
0.26709667
0.28945206
0.12356299
0.30709933
0.22231309
0.17071211
0.31519257
0.16377989
0.35077877
0.32839995
0.14335068
0.23333047
0.15873751
0.17957190
0.10051052
0.34942023
0.19362882
0.24295799
0.26168660
0.12102514
0.37337288
0.38381684
0.15366215
0.46967725
0.31992425
0.18987139
0.37533586
0.41706964
0.16682808
0.16700925
0.30324252
0.33288161
0.45417469
0.32948439
0.13747323
0.26142858
0.21828618
0.20485448
0.52953980
0.19270606
0.30705996
0.11644795
0.14944008
0.45286666
0.35156820
0.24729104
0.42468586
0.32007190
0.12156550
0.38134026
0.15947966
0.32429482
0.26159014
0.34005530
0.46744106
0.21137221
0.24422250
0.30501733
0.07546305
0.29524688
0.32440707
0.19612784
0.18635761
0.49263814
0.34157674
0.17362047
0.28448019
0.39264445
0.34297026
0.21582988
0.17637831
0.27924624
0.35790742
0.12003205
0.16987674
0.31127205
0.34315458
0.24165315
0.31935789
0.23259138
0.17995532
0.35281409
0.24723428
0.24432983
0.17917672
0.45278992
0.34784209
0.28998271
0.28316217
0.46620739
0.53359521
0.39963131
0.29746096
0.27270670
0.23707792
0.11909910
0.39361107
0.16606340
0.08610927
0.15273535
0.43800113
0.14958395
0.15441069
0.28597348
0.29775818
0.33518956
0.49780126
0.49384722
0.47556527
0.35977932
0.19717418
0.21468985
0.28210004
0.32602831
0.12532399
0.13280394
0.44637793
0.13898912
0.20474522
0.33891045
0.32131245
0.34041215
0.20694672
0.35142192
0.23013205
0.33998745
0.28305001
0.29856533
0.10297455
0.39920232
0.40571250
0.30563628
0.19902297
0.25934960
0.37745192
0.35237365
0.24338745
0.27109569
0.31967703
0.15525647
0.20866082
0.20435294
0.30587520
0.12486326
0.31031517
0.37283297
0.28065328
0.21314824
0.34599500
0.41885963
0.15528962
0.16238187
0.11792872
0.44768369
0.08266696
0.24885412
0.33393200
0.26800004
0.13002014
0.39901856
0.37590931
0.12348098
0.26969274
0.19123220
0.27222385
0.27515403
0.41900383
0.22454208
0.23638281
0.33589548
0.34730982
0.23131816
0.20589821
0.25323385
0.39483946
0.31206396
0.27849399
0.11302666
0.33210840
0.27097404
0.19957744
0.36271023
0.46230077
0.25370697
0.48720907
0.27329886
0.42658935
0.15116165
0.40236934
0.20059476
0.24367625
0.39159361
0.28708182
0.19188395
0.24595126
0.10597512
0.26638819
0.23652977
0.22234712
0.12087987
0.23802257
0.08923776
0.33077442
0.09372875
0.21977719
0.41395320
0.27703192
0.34264663
0.45773514
0.41175505
0.33872703
0.38051222
0.36808402
0.29232997
0.31963743
0.34968911
0.22296412
0.17547973
0.31585635
0.29826036
0.25592925
0.24123455
0.40883573
0.15831335
0.14573330
0.15904256
0.25149068
0.23828423
0.26018402
0.35048788
0.34474926
0.18960989
0.32646266
0.31219929
0.26742028
0.21512763
0.13799846
0.38420164
0.33032649
0.37488190
0.28618206
0.33023075
0.13857103
0.20701085
0.29665548
0.22791318
0.38233585
0.42077118
0.47144551
0.12746220
0.10053048
0.23907917
0.27808667
0.14001028
0.43847591
0.28758531
0.19749778
0.34210054
0.27447230
0.14127238
0.40085295
0.36629640
0.39326569
0.40597300
0.26131039
0.22190931
0.39623297
0.15698824
0.32547106
0.16320325
0.34001777
0.21545794
0.24403064
0.24097920
0.31300808
0.50240075
0.29431273
0.18426687
0.17404476
0.14794508
0.49333713
0.42485307
0.08676301
0.27856533
0.21442293
0.22754061
0.24774205
0.37599784
0.41819006
0.39627943
0.40548213
0.26555315
0.38791153
0.34699046
0.38069777
0.23460342
0.26576812
0.37382303
0.24865289
0.46219277
0.29024420
0.30133706
0.16399325
0.11907601
0.24874104
0.50160765
0.17475913
0.24831403
0.31886306
0.20985626
0.12045974
0.19100528
0.29643234
0.15281763
0.30420821
0.36019695
0.20686408
0.51330841
0.35331605
0.25001856
0.30009636
0.44353750
0.38389691
0.23214369
0.25017541
0.26644934
0.14867312
0.15881308
0.34213098
0.28658281
0.26005650
0.47748438
0.21168531
0.42275349
0.18285371
0.23081625
0.39204192
0.26437171
0.19055409
0.36609772
0.18693057
0.26644541
0.27306932
0.11120465
0.42779229
0.33174645
0.38513154
0.36346604
0.38268533
0.43984020
0.26946679
0.41709952
0.38021891
0.48035796
0.31070431
0.35684007
0.16973621
0.39495979
0.16237405
0.19278460
0.36397319
0.12112993
0.28675947
0.44496204
0.29016440
0.24136306
0.30594296
0.43021641
0.13673972
0.18736185
0.21679007
0.09642966
0.20420937
0.27486738
0.31369165
0.17073273
0.13556044
0.39627076
0.28936590
0.41030938
0.14926915
0.15852636
0.28913442
0.44757471
0.33819764
0.22915167
0.15446108
0.44963951
0.25108596
0.44848771
0.33160827
0.32784765
0.24997730
0.40373778
0.12491939
0.27676178
0.20452159
0.41998063
0.19687968
0.36491598
0.15846682
0.16961557
0.22791242
0.36794279
0.33385015
0.15445012
0.31957238
0.32795501
0.35365053
0.10680564
0.10702559
0.20386513
0.26958660
0.14535523
0.31911553
0.38664783
0.37796738
0.42620588
0.26765606
0.40816165
0.30066702
0.29582388
0.41244387
0.40546564
0.31824064
0.20327081
0.18929228
0.25893825
0.27401589
0.21637823
0.13430982
0.44294410
0.15634434
0.09554334
0.20233639
0.46028850
0.25470942
0.37053344
0.15826854
0.38480682
0.11969210
0.20745616
0.31269545
0.41120978
0.30148771
0.12907116
0.31057729
0.35599631
0.15199420
0.23518223
0.45553664
0.47453422
0.18504215
0.28037319
0.40700197
0.44941957
0.18915389
0.38814989
0.27043833
0.32857533
0.17529004
0.36996152
0.34674697
0.11653122
0.26835665
0.48493989
0.19485563
0.31163556
0.32094015
0.40661881
0.23995660
0.15726757
0.20797556
0.13726949
0.19007701
0.38680654
0.15522607
0.40774639
0.33004143
0.23886980
0.27707220
0.35401024
0.28189389
0.17160877
0.15336447
0.32322414
0.24989629
0.08173661
0.32310629
0.12850392
0.19474336
0.28287801
0.11787470
0.12718827
0.39266743
0.26266860
0.30597522
0.29864612
0.26955627
0.30581716
0.48539299
0.15052708
0.41442524
0.24571170
0.23456273
0.31537022
0.47945672
0.12863864
0.19095337
0.43799876
0.21259921
0.49105844
0.50040922
0.17870164
0.38824211
0.22554523
0.29113551
0.23172776
0.13365709
0.28032435
0.18259937
0.25499111
0.47359031
0.30346027
0.23269141
0.13321893
0.20255550
0.22006678
0.18570941
0.12774998
0.32457715
0.17144236
0.37051957
0.25644979
0.21794012
0.30374051
0.27408196
0.15188103
0.28755173
0.24840600
0.22708013
0.14041615
0.35109915
0.39231930
0.31888100
0.38811755
0.17348273
0.45039123
0.37506175
0.16529672
0.34284753
0.24235663
0.28909228
0.11649322
0.53263380
0.27305411
0.23806695
0.11259689
0.25688554
0.19638625
0.16367321
0.50369773
0.28967156
0.25863963
0.12503053
0.19003230
0.21238540
0.24500928
0.31637207
0.36024552
0.15762449
0.41372822
0.41528861
0.18359409
0.25301326
0.26722834
0.27866255
0.24905008
0.41467785
0.22313782
0.37043196
0.30759714
0.10137208
0.30576906
0.35237486
0.35253076
0.31979417
0.49365328
0.48821140
0.16158593
0.29842945
0.24962064
0.39103069
0.38393097
0.46617918
0.12018131
0.41823035
0.27496754
0.38623974
0.29605222
0.32077479
0.23251717
0.20751722
0.18833584
0.25833696
0.42529775
0.12452639
0.34758081
0.27422617
0.24890456
0.21133769
0.25352427
0.26748816
0.42825288
0.32941856
0.34564927
0.27160340
0.18237828
0.16978186
0.20083800
0.15608940
0.36977647
0.41842948
0.29559712
0.52178968
0.40348928
0.31559570
0.15974299
0.29818294
0.30767473
0.16695396
0.24713648
0.18421633
0.23022073
0.33832558
0.25865622
0.20068611
0.48841816
0.23477615
0.28962052
0.22597344
0.11369299
0.26596383
0.23679660
0.19959983
0.35518260
0.44908178
0.31627227
0.24794233
0.10723419
0.21750225
0.51889422
0.27371067
0.35887814
0.33865961
0.20673009
0.14251375
0.23866771
0.24609409
0.36811720
0.13991147
0.15165555
0.18208363
0.22332414
0.19444352
0.26481562
0.27652457
0.32285343
0.21204039
0.19141354
0.25390928
0.39823870
0.22272916
0.16750015
0.13089640
0.14652916
0.40043837
0.24424644
0.46746683
0.21444813
0.45134829
0.23199522
0.21110850
0.39526498
0.38525850
0.30322933
0.28868845
0.49779803
0.30850458
0.10938244
0.36323509
0.25409391
0.54559410
0.27661561
0.35662757
0.21323561
0.15493844
0.19308783
0.12855103
0.09289420
0.33800081
0.21974710
0.14282075
0.26759724
0.18521120
0.11456074
0.33187802
0.38458113
0.22502758
0.21645572
0.32497488
0.42252372
0.33709653
0.34036648
0.17246747
0.36195582
0.14666338
0.16296587
0.18451249
0.10632601
0.19359184
0.39330279
0.27631702
0.28206502
0.45496044
0.35513865
0.34842787
0.20171272
0.21369430
0.24808853
0.25204882
0.46010611
0.44696259
0.43804189
0.23725585
0.22134473
0.17532202
0.47655062
0.25294623
0.22320147
0.37681573
0.16774896
0.42324497
0.36315612
0.42181242
0.18151674
0.30629389
0.27883768
0.27676170
0.27045858
0.14106616
0.21677262
0.44281687
0.22739497
0.26886813
0.21593386
0.31805067
0.19285508
0.31236859
0.16470597
0.22178174
0.17520511
0.15727472
0.12048763
0.16804174
0.24159391
0.25824214
0.32995184
0.30211337
0.40622334
0.21644156
0.34351381
0.31822447
0.27464888
0.47655843
0.50592292
0.23033531
0.08969736
0.14028967
0.23645295
0.29458351
0.36336517
0.31731397
0.38100076
0.16593301
0.29978493
0.42200251
0.43137071
0.42562006
0.11296792
0.45674396
0.35868814
0.32021790
0.33963541
0.31749968
0.25708232
0.17873180
0.37138042
0.26174620
0.40962798
0.29770366
0.12330299
0.12739585
0.12953648
0.39344614
0.15742577
0.29404001
0.38763646
0.42344118
0.34710929
0.17351667
0.09308854
0.16224066
0.24736641
0.17845044
0.19769238
0.16799931
0.44505358
0.24256607
0.15550433
0.17104509
0.36487360
0.13970179
0.50472514
0.45160353
0.11059870
0.27887226
0.36578787
0.17562865
0.49111718
0.22896232
0.38132290
0.12366063
0.23512247
0.19844031
0.34743213
0.13026534
0.51308227
0.20613942
0.17046478
0.21459840
0.12180152
0.15813315
0.21045875
0.15200960
0.17406160
0.07651678
0.42699471
0.25962849
0.25253982
0.32297556
0.18890364
0.30272802
0.28921859
0.28152943
0.14494147
0.28790768
0.48006523
0.27831048
0.24531591
0.31803835
0.22555802
0.45231945
0.08174646
0.19593989
0.31763962
0.39647683
0.31736087
0.36075630
0.45001926
0.23837070
0.41931401
0.27368002
0.40346147
0.41822584
0.31776382
0.20160917
0.28027748
0.32205622
0.19737809
0.19616009
0.28616397
0.18742578
0.45297053
0.31778361
0.50746013
0.45001354
0.34463698
0.39157265
0.33899989
0.18949129
0.48972849
0.37198522
0.33212833
0.36817156
0.33772779
0.24447224
0.10606823
0.17536301
0.15776017
0.23206651
0.19216457
0.12168460
0.46997529
0.46987762
0.25935444
0.35722978
0.19827075
0.42809219
0.31878655
0.23435665
0.15620817
0.20720495
0.47524376
0.35871227
0.25909656
0.41657417
0.31378585
0.25253290
0.29358560
0.35572878
0.44952831
0.24014166
0.19535430
0.42954135
0.38031902
0.16885466
0.33735999
0.27407865
0.28608038
0.40127339
0.17469743
0.11153304
0.34058641
0.21734102
0.36321510
0.21884369
0.27359481
0.37692118
0.14914532
0.27515663
0.30977621
0.10304309
0.30545896
0.26206224
0.44216894
0.20093677
0.27957995
0.26055453
0.34519056
0.12298121
0.29627979
0.31141278
0.42858057
0.25889375
0.30973890
0.21719982
0.43373816
0.26222056
0.33212822
0.47031165
0.14097991
0.19446614
0.17681158
0.11087514
0.45143727
0.27426260
0.37530488
0.11945151
0.21794774
0.12483506
0.22632644
0.08828731
0.19837481
0.21327519
0.21811026
0.21683399
0.49449175
0.46037483
0.28669160
0.09009662
0.10493866
0.23710293
0.32151178
0.24135944
0.37146617
0.29067575
0.21921108
0.09909294
0.47202368
0.16492651
0.38350051
0.29583891
0.38315436
0.18879550
0.23290035
0.40326869
0.30931811
0.25629958
0.43972262
0.35489109
0.11374395
0.37079123
0.24397802
0.16331395
0.20119371
0.18848087
0.20506942
0.14884463
0.28777221
0.17416638
0.29017223
0.41844058
0.43861665
0.27697362
0.23573773
0.23043738
0.13143600
0.33017868
0.52160210
0.29215885
0.47615313
0.29369595
0.30717781
0.35635153
0.35053051
0.22839285
0.27002945
0.10482363
0.11390736
0.17998813
0.12074947
0.25435194
0.20902624
0.09153415
0.42775178
0.09717896
0.12799122
0.27551712
0.11079200
0.21487718
0.40111198
0.34939974
0.25535331
0.30162917
0.24520310
0.28771725
0.14498664
0.20641489
0.18057112
0.23224103
0.30708126
0.30876462
0.36083939
0.35001107
0.13477453
0.16523315
0.36373096
0.16528483
0.35867120
0.08651842
0.26676683
0.31788045
0.26886591
0.50335685
0.30103780
0.28663126
0.30718095
0.24736592
0.31802203
0.16580132
0.21146187
0.30831852
0.32540270
0.26372284
0.49673628
0.28662819
0.20512930
0.14378426
0.18990321
0.38286975
0.17168886
0.27767204
0.46664277
0.15509834
0.16481118
0.16547107
0.20112171
0.07262298
0.15799767
0.17576098
0.14954491
0.09960709
0.29479031
0.12636070
0.43262792
0.26791824
0.35156354
0.29397217
0.28544526
0.47661238
0.31097894
0.11681092
0.44699879
0.18993663
0.18215914
0.36225431
0.28072371
0.40086887
0.15420377
0.13705197
0.25035600
0.15262429
0.18140019
0.38595138
0.18111448
0.13720646
0.21073320
0.28419785
0.24001673
0.24300609
0.19361336
0.36447871
0.27664645
0.34033083
0.13522870
0.22938856
0.31123652
0.11301719
0.20576960
0.22722934
0.23435413
0.34375649
0.16448719
0.38009979
0.28764585
0.11664158
0.32211495
0.30878262
0.33674828
0.36189997
0.14138283
0.26827473
0.28501032
0.09705711
0.49731547
0.19154046
0.14462776
0.35070907
0.35885670
0.17679381
0.43285857
0.22758234
0.46748423
0.18350997
0.27826026
0.23634320
0.26924861
0.17885324
0.17963343
0.15729397
0.17484419
0.28646329
0.38331989
0.22028807
0.31065950
0.39301611
0.21223308
0.18089391
0.34316200
0.23000954
0.17235746
0.35957914
0.21770084
0.27816446
0.23637012
0.18990501
0.26216835
0.24316499
0.37054495
0.13636172
0.29898249
0.20697740
0.13326486
0.18942555
0.37000753
0.24718563
0.23419136
0.33059053
0.27824790
0.27309459
0.28257541
0.42324702
0.19579917
0.16329998
0.49227804
0.19362681
0.32096343
0.33488729
0.24662357
0.14213367
0.15530016
0.35676821
0.22771383
0.16550908
0.24108711
0.45556006
0.44700175
0.28869758
0.34307462
0.27890169
0.25922974
0.13963569
0.23744983
0.27588289
0.42662260
0.27468543
0.24874221
0.41184108
0.16216994
0.10967355
0.11867179
0.21018853
0.16984684
0.39324803
0.17114044
0.18119902
0.46876776
0.18467463
0.35164985
0.18935732
0.17028024
0.37845792
0.20384983
0.42355705
0.25737852
0.33948425
0.20670538
0.20093781
0.15693465
0.20472069
0.24763328
0.16885408
0.36593059
0.34642116
0.43236691
0.28506901
0.53071784
0.27747143
0.31324809
0.31789151
0.24472964
0.36682083
0.35438871
0.15292450
0.28040570
0.41489192
0.16254691
0.32599134
0.23283887
0.16709689
0.45189677
0.41550552
0.36728470
0.36059878
0.12841637
0.17018207
0.21092544
0.38674490
0.22962203
0.43605026
0.12305445
0.33325596
0.33415642
0.38280638
0.17697606
0.14696635
0.16902360
0.34155464
0.34813750
0.24980828
0.25397468
0.23036135
0.34298693
0.19910709
0.27446383
0.20001009
0.47664998
0.19897010
0.22547819
0.28163686
0.16789447
0.25100355
0.15957410
0.10487985
0.15483265
0.31928672
0.21788911
0.27236611
0.18300208
0.29652438
0.32918075
0.35541865
0.38750690
0.17842868
0.26433154
0.17316230
0.40783570
0.40623907
0.39070532
0.20033944
0.17294549
0.33373025
0.39535189
0.10850336
0.47449541
0.34734763
0.22885568
0.36898361
0.18079284
0.14596158
0.19061595
0.14595622
0.20141465
0.46785045
0.16741257
0.34553324
0.38861478
0.21703386
0.33502993
0.14251563
0.20421424
0.20421286
0.23564576
0.46465113
0.23814944
0.30340767
0.44468886
0.30466741
0.29727260
0.26124966
0.22919590
0.29347288
0.47992543
0.46691263
0.21712756
0.44118554
0.40305127
0.24699076
0.14021793
0.13267978
0.27861911
0.33537463
0.19350471
0.36985883
0.20705305
0.12621191
0.33011670
0.39151479
0.27795810
0.24535918
0.10264538
0.30410603
0.32434516
0.17818590
0.38642988
0.10605984
0.25342636
0.24061247
0.14259935
0.36696386
0.23328456
0.24758487
0.15382079
0.42633876
0.31485686
0.49350877
0.17580720
0.34488798
0.08607824
0.29018876
0.24944240
0.28888269
0.44287778
0.25206578
0.26472324
0.14137950
0.26427393
0.20833345
0.32328829
0.21866641
0.24989609
0.36013943
0.37897769
0.31988389
0.15721892
0.11797267
0.44789978
0.12016261
0.29472258
0.55198514
0.43104465
0.23138510
0.16029013
0.09798918
0.44466516
0.25301325
0.31083039
0.20755509
0.25949293
0.21701359
0.19515879
0.30753141
0.10121294
0.21653709
0.34820978
0.60154176
0.17730211
0.28819601
0.14991968
0.18798900
0.38910967
0.11761778
0.31024897
0.18927220
0.35607855
0.16708741
0.34296022
0.32857639
0.09724652
0.40782582
0.18704802
0.18024093
0.24460021
0.45132427
0.38709217
0.18142665
0.15023849
0.33178397
0.30632153
0.37348590
0.31923783
0.34592124
0.28168753
0.12012303
0.30670399
0.18509208
0.20681251
0.41837538
0.12679287
0.21730408
0.10665291
0.37541392
0.30646264
0.14368457
0.29077577
0.20398106
0.37031611
0.44275312
0.24722186
0.30410042
0.25891340
0.30215166
0.22728946
0.36986784
0.24108368
0.45036508
0.28954190
0.33304666
0.16281371
0.41355343
0.29923033
0.24476540
0.21779801
0.35172512
0.11436244
0.15882541
0.38748829
0.30781597
0.27315697
0.39209921
0.42774792
0.34111394
0.13632750
0.25687075
0.33402301
0.43296580
0.38888366
0.40819576
0.37544785
0.44121504
0.34393879
0.19267628
0.38004029
0.42394373
0.11778163
0.20330444
0.19886330
0.22419552
0.18147726
0.08434511
0.43312046
0.23088533
0.20504928
0.37824536
0.20271094
0.39999333
0.18763395
0.21982437
0.38813920
0.34816912
0.17591312
0.12667237
0.28663734
0.27519691
0.17191055
0.26448264
0.32193408
0.25757826
0.35491760
0.45761024
0.29854170
0.30596052
0.09693298
0.34880558
0.14587507
0.43958791
0.18090020
0.34390232
0.20746951
0.24786336
0.35189636
0.26346755
0.11431221
0.27431411
0.29244831
0.46451314
0.14502483
0.43903593
0.42313857
0.35122765
0.26402488
0.18633868
0.23256278
0.36747659
0.31061202
0.28423094
0.30427336
0.27618751
0.32195689
0.15763860
0.29843548
0.17639238
0.14054426
0.24583801
0.27164107
0.40625318
0.12626874
0.23124258
0.26551327
0.16347071
0.22801654
0.28840406
0.26786479
0.18268681
0.34633200
0.21116376
0.23106271
0.24652852
0.40400787
0.11256358
0.38088246
0.32671135
0.48726209
0.27198222
0.41494339
0.40525974
0.21314001
0.30452293
0.15185997
0.16390649
0.28228548
0.33569062
0.47292882
0.20811073
0.25755504
0.21385655
0.30259552
0.34792022
0.20456493
0.30174394
0.40869799
0.17423082
0.22278908
0.09607660
0.43084678
0.36891320
0.21199277
0.28503968
0.32293046
0.22294979
0.38747600
0.12320453
0.13628211
0.37566713
0.34876402
0.38150520
0.39706438
0.39649869
0.21217471
0.24313106
0.22518671
0.46355697
0.34226820
0.34287520
0.15989282
0.36324244
0.15881356
0.25854740
0.20051794
0.40513768
0.45303900
0.32969965
0.09631860
0.27875930
0.24054322
0.34697037
0.34334917
0.11847847
0.43168247
0.24177264
0.13107560
0.37966659
0.18436466
0.16588789
0.26517258
0.45366472
0.27993185
0.32875379
0.31951721
0.41349675
0.30814546
0.25356009
0.36554219
0.34302483
0.19627471
0.48212057
0.36004673
0.44481524
0.09958255
0.17177778
0.36434989
0.09697185
0.17877125
0.24440657
0.32140136
0.09518835
0.07677899
0.22106481
0.18688058
0.28543571
0.43715830
0.27376452
0.29787542
0.10808059
0.32733617
0.37870328
0.11192745
0.26276204
0.43425533
0.33267417
0.25338828
0.45932733
0.21214124
0.21132392
0.14860973
0.22473232
0.38518882
0.47355828
0.46388847
0.24011170
0.23720703
0.40271109
0.29900173
0.30207589
0.36037028
0.31769953
0.34183049
0.28347011
0.41770117
0.18122385
0.45420061
0.21127748
0.20778276
0.31015387
0.44248645
0.13174977
0.33833877
0.36371418
0.21380681
0.35450787
0.36194075
0.31912082
0.50648340
0.31977484
0.18245856
0.18897275
0.32659321
0.29249833
0.27005512
0.25918290
0.18967735
0.19380955
0.15584534
0.15733662
0.25773633
0.21143167
0.44808743
0.27513819
0.20969064
0.22759970
0.23991555
0.21011370
0.25697169
0.32768406
0.15916417
0.39435934
0.17659461
0.35694728
0.21789263
0.38611322
0.46574489
0.37077396
0.45405996
0.27605670
0.37129619
0.20082518
0.24571307
0.09065989
0.37822944
0.19889133
0.23965779
0.27008371
0.41939164
0.27765355
0.13202443
0.27525352
0.18759657
0.24569054
0.45301515
0.18083087
0.23664053
0.18813446
0.23311660
0.12888995
0.31349191
0.08973256
0.21479556
0.11640135
0.23240256
0.12504959
0.30343344
0.35908400
0.30898324
0.23696807
0.16047787
0.40776942
0.28827667
0.28902227
0.23061471
0.29016007
0.44329029
0.34475132
0.32780106
0.41622792
0.48699976
0.31939107
0.31705601
0.20596478
0.44838942
0.24017598
0.45856968
0.33236426
0.45913388
0.43399266
0.28660017
0.23243796
0.44944245
0.22705038
0.21058558
0.20878488
0.12083790
0.43560848
0.28128774
0.45077471
0.40603884
0.15046475
0.26590620
0.14154029
0.13367848
0.19191311
0.17211737
0.19570014
0.34274356
0.43880870
0.23857612
0.15513149
0.09812158
0.22374292
0.46725784
0.31998133
0.48150869
0.36580799
0.32854093
0.24254117
0.39825987
0.34134210
0.44427869
0.20805768
0.18055642
0.27131345
0.41652547
0.33401232
0.23841475
0.13042542
0.22380115
0.11236370
0.37437682
0.40912850
0.35391049
0.14017622
0.12825800
0.42936224
0.42415924
0.20323598
0.11988996
0.21006240
0.36948434
0.18286045
0.34990624
0.18468008
0.38646278
0.49544346
0.17978089
0.15645285
0.35821850
0.11730250
0.14973478
0.11845855
0.32999278
0.25765131
0.56181255
0.17156407
0.17218401
0.27343366
0.35052077
0.23988146
0.26154931
0.15072966
0.17790415
0.16483829
0.14899756
0.18927150
0.28302599
0.44034023
0.16759178
0.32284543
0.35399106
0.33412692
0.28813510
0.31601359
0.36654632
0.17311064
0.27283998
0.25794882
0.33743105
0.29749790
0.17971822
0.45905696
0.45274164
0.32790307
0.42942827
0.27795717
0.21665917
0.24882498
0.25918802
0.33326621
0.25253198
0.30795752
0.11015612
0.14724386
0.43732219
0.41996038
0.15358622
0.31980152
0.14220196
0.27316151
0.23695586
0.25113316
0.38852300
0.28518131
0.23184531
0.14166123
0.18410722
0.32178760
0.37816090
0.52118173
0.14092492
0.49105257
0.16033636
0.24705367
0.27384542
0.35651263
0.14526491
0.45444440
0.48906612
0.14100053
0.36263485
0.39055258
0.36713031
0.49503597
0.26866416
0.33942517
0.43182822
0.11842929
0.23763633
0.25854649
0.11338522
0.28588726
0.34672435
0.28042654
0.22522897
0.30119248
0.47527870
0.08719913
0.25731597
0.40914679
0.16593603
0.30851242
0.25892158
0.41809947
0.41443682
0.42419088
0.19584549
0.25826571
0.38016512
0.18038310
0.30165664
0.17758826
0.27677341
0.24295204
0.42671970
0.26290020
0.48709475
0.14960489
0.13227360
0.28777094
0.22438851
0.20339651
0.41521159
0.24814547
0.16829214
0.23142056
0.34988435
0.20556131
0.21088291
0.14117553
0.12478352
0.16782998
0.31290482
0.27762982
0.40386052
0.10316933
0.28312461
0.20573703
0.24043615
0.26422949
0.47380404
0.13405573
0.45327438
0.18257884
0.34530674
0.43717194
0.12574028
0.28399302
0.51700208
0.11890963
0.17766922
0.41480276
0.37972703
0.15585823
0.18899374
0.42404649
0.22063197
0.39689341
0.33087124
0.24131684
0.35743223
0.29101640
0.14714968
0.27703674
0.26085201
0.30339525
0.25538900
0.33509547
0.49824711
0.10437035
0.46161930
0.24918965
0.36108916
0.10280446
0.37543771
0.28254423
0.31522436
0.34829379
0.16229753
0.34728755
0.36733435
0.12404443
0.25085211
0.14593207
0.15196276
0.34866772
0.18675925
0.34684930
0.14398702
0.30200656
0.24172802
0.26973371
0.33841817
0.25488214
0.24327512
0.31407989
0.22342781
0.39136039
0.37528063
0.14979053
0.23239909
0.17548779
0.37249149
0.08279654
0.38813425
0.23135061
0.13761600
0.34328089
0.18821601
0.25338610
0.27290288
0.12492401
0.11088117
0.19518019
0.27700607
0.20719602
0.17789466
0.33149334
0.43278060
0.22309490
0.47366998
0.43249179
0.14391826
0.30085162
0.14791128
0.16613624
0.21563761
0.36007546
0.30139564
0.20994602
0.38305211
0.10310335
0.35768773
0.32812425
0.49461846
0.37754732
0.26320587
0.27201741
0.22066790
0.29077497
0.37006674
0.12996605
0.29463456
0.31483053
0.39985823
0.45376681
0.25147825
0.23609675
0.45574510
0.20758346
0.18543638
0.25509974
0.38398524
0.23658036
0.32940609
0.33586376
0.29930121
0.17118719
0.10296545
0.48383330
0.34587650
0.13312888
0.18179268
0.25033133
0.09326087
0.40415286
0.11570402
0.18456061
0.25600537
0.53119040
0.36388399
0.35239073
0.18904222
0.15864741
0.33132677
0.38428113
0.31053245
0.40173480
0.19980716
0.28516378
0.47803427
0.38264493
0.27262204
0.43171309
0.07971517
0.38177907
0.24065965
0.34928663
0.27312632
0.29604713
0.38626506
0.20827778
0.47536262
0.24428391
0.21287072
0.46072743
0.07247744
0.38831406
0.37160297
0.24128772
0.28276508
0.34946566
0.15973126
0.14473779
0.39636492
0.23614149
0.30349501
0.35391485
0.49351994
0.16860297
0.20698176
0.19077511
0.15017356
0.22002944
0.35852504
0.20821865
0.24172556
0.46241068
0.20869738
0.37995088
0.13920515
0.29032270
0.24265569
0.15283017
0.19817630
0.51395253
0.15794890
0.21534017
0.26406210
0.28939707
0.48805372
0.22219328
0.41122642
0.43647096
0.21710154
0.33954124
0.28977737
0.19407495
0.43602361
0.19037150
0.25073535
0.33421048
0.28853314
0.16071162
0.12365934
0.41494919
0.17432991
0.18356558
0.19545558
0.28441511
0.33384213
0.33954320
0.39291057
0.33559158
0.29789594
0.45959627
0.46816917
0.17567069
0.22975138
0.11463516
0.29746092
0.28739976
0.28322546
0.22493071
0.28893624
0.32585765
0.28308759
0.30198945
0.30956071
0.18547947
0.34993432
0.28915291
0.32321271
0.44635201
0.36375803
0.28913873
0.31213707
0.23161873
0.44832782
0.44469366
0.18471088
0.29057835
0.16585955
0.28514016
0.10940472
0.14464974
0.16099739
0.23557949
0.54416266
0.39163975
0.28306135
0.25640281
0.22221125
0.16489208
0.17341577
0.24813770
0.19303321
0.21093682
0.30148112
0.23562995
0.26270058
0.53965582
0.22142719
0.12630271
0.29425951
0.08152135
0.23565991
0.39542016
0.33143916
0.19768256
0.15640676
0.40799194
0.36806131
0.15328843
0.34311111
0.14104436
0.19151441
0.15949421
0.23816126
0.16234248
0.18804794
0.25714808
0.31196511
0.22637385
0.26118288
0.31926691
0.33671855
0.42296453
0.25795480
0.57549416
0.40814817
0.28727083
0.32890259
0.38506846
0.43870772
0.31104330
0.35314824
0.43604954
0.32141173
0.13497076
0.21728563
0.26420536
0.21693763
0.35249082
0.08788946
0.22726012
0.26005998
0.28910931
0.22301312
0.22804777
0.27615575
0.13421913
0.38305918
0.25652619
0.35162203
0.30084764
0.30945955
0.20575994
0.19612301
0.28979640
0.37295332
0.20643062
0.15409230
0.21560231
0.28330445
0.54527560
0.35029030
0.09793981
0.48888802
0.15568906
0.36088102
0.17067444
0.44339689
0.31745178
0.41453344
0.25694283
0.46340902
0.40628508
0.36976652
0.34678512
0.18463573
0.15322682
0.41715275
0.24956711
0.49756591
0.30763576
0.29771060
0.23126594
0.11713623
0.23888880
0.18119865
0.28936851
0.37601617
0.48969914
0.23654411
0.26627672
0.47498796
0.15336631
0.16797582
0.29487450
0.38220010
0.26295369
0.12116214
0.28366558
0.12375478
0.35144026
0.51181631
0.36692777
0.29746665
0.28283383
0.29845065
0.15642024
0.42481401
0.13333396
0.15846512
0.31571348
0.32070272
0.21330448
0.30858807
0.18815152
0.26617309
0.16053424
0.09917604
0.31102483
0.34861041
0.52561420
0.13497646
0.25447612
0.25150218
0.25212595
0.21596796
0.42195038
0.53643993
0.26837997
0.42541123
0.32362679
0.20690162
0.34087790
0.26540333
0.54882213
0.20312591
0.50572014
0.20221423
0.25618219
0.21347012
0.16302037
0.18057637
0.14554112
0.43490093
0.42179066
0.35019581
0.28253038
0.25596676
0.11000278
0.41874180
0.41731111
0.37563247
0.21856637
0.12517684
0.26188609
0.27973064
0.32042534
0.36656737
0.35708178
0.28304166
0.20912025
0.23038149
0.27269490
0.34521492
0.40392964
0.45290077
0.31349295
0.25661494
0.31422572
0.18751689
0.34807283
0.16020831
0.36533463
0.48498464
0.35507134
0.37279817
0.36800271
0.16404823
0.17582310
0.14062659
0.21486200
0.37736895
0.39116625
0.18109618
0.19669773
0.32258766
0.18881326
0.17629979
0.13219956
0.16772883
0.28228979
0.17386390
0.49565107
0.48287245
0.14478692
0.36950937
0.28494528
0.36948530
0.51369576
0.42791029
0.16336829
0.17689740
0.21240710
0.29086617
0.16288982
0.30628219
0.24170751
0.18140808
0.14609091
0.17740033
0.43748441
0.17709297
0.25301724
0.42635675
0.20335882
0.44234274
0.27033284
0.35821919
0.23322137
0.18866802
0.26531047
0.21044024
0.27372266
0.45841601
0.39327766
0.42842047
0.22165066
0.24230547
0.23117275
0.25670810
0.16380478
0.27213256
0.47100333
0.26186063
0.12841647
0.35848818
0.25225204
0.28991009
0.25399889
0.41990253
0.12472989
0.29398763
0.32374471
0.19944324
0.13585810
0.35245660
0.16756998
0.42630523
0.24781430
0.41191771
0.17368361
0.37982574
0.20469540
0.25615618
0.29422881
0.31468887
0.33111444
0.54028307
0.16053017
0.27985762
0.21486842
0.46761184
0.20765126
0.16816604
0.26741567
0.17502725
0.13283400
0.21061743
0.33360978
0.20404325
0.38823295
0.32299367
0.34721607
0.44114053
0.22879034
0.41955334
0.26587182
0.16591459
0.29111520
0.35496307
0.39728243
0.17313301
0.28804545
0.25673105
0.36116547
0.46196429
0.32470366
0.38372055
0.32706660
0.39481432
0.23686834
0.46216979
0.26778427
0.19004407
0.21203330
0.41562239
0.30608127
0.15568454
0.16380410
0.18190199
0.24532100
0.19546016
0.26171210
0.40622434
0.36006195
0.35963703
0.28995041
0.21527865
0.29216444
0.18059656
0.27272060
0.13559262
0.27157973
0.12577778
0.47314591
0.34984698
0.20699859
0.23676626
0.24397440
0.29738220
0.25462591
0.20057665
0.46635499
0.10150392
0.33142632
0.28141112
0.21465731
0.17613213
0.34181487
0.13519242
0.44102358
0.46621896
0.32837711
0.55298383
0.43239494
0.34491214
0.24459153
0.42370982
0.28586073
0.22529644
0.31574868
0.13322378
0.37837999
0.08691686
0.20543817
0.24422718
0.17648984
0.22727198
0.17865857
0.28400118
0.17046567
0.17074135
0.26064412
0.18878381
0.20953409
0.41914015
0.13556984
0.43340587
0.43399266
0.42942585
0.37523428
0.35115531
0.28732075
0.18513497
0.15703589
0.35535699
0.44391666
0.34424164
0.27122158
0.38496567
0.18562740
0.22007162
0.12350405
0.13626976
0.12421881
0.26734322
0.28155540
0.20444294
0.38452129
0.17297607
0.11090397
0.15956855
0.15533635
0.30670556
0.28448765
0.18717572
0.19661696
0.31200135
0.14246928
0.44461305
0.36280683
0.14431177
0.31826237
0.33586000
0.30021357
0.35911590
0.29707432
0.44849465
0.39920478
0.24245460
0.35932660
0.21794720
0.36993906
0.31112456
0.34723606
0.34834036
0.15335153
0.35732994
0.33646539
0.30023336
0.23148969
0.33575604
0.49706237
0.23876618
0.34403580
0.34395973
0.10894861
0.35046596
0.39144504
0.37467858
0.53999825
0.50885703
0.23397174
0.40373002
0.30229453
0.10574451
0.45994317
0.27007348
0.17823730
0.29209470
0.27710330
0.13405470
0.31739759
0.34039456
0.38293257
0.39274229
0.42271212
0.37820454
0.45057887
0.13444551
0.32281864
0.26563074
0.25565307
0.17500546
0.16440885
0.48067720
0.41307794
0.39520571
0.47167614
0.26299224
0.23562923
0.24436885
0.36878073
0.27908929
0.21762815
0.28479834
0.30607244
0.33234931
0.21818995
0.16317863
0.09739602
0.21130009
0.21934306
0.31437998
0.17772062
0.27025005
0.28505302
0.30212213
0.30716796
0.19428005
0.36951941
0.39181431
0.29137234
0.10981321
0.14612644
0.17530140
0.10808626
0.21222397
0.46317786
0.17835109
0.14711436
0.35005980
0.48588604
0.19624811
0.35086804
0.41491789
0.47318949
0.07296003
0.11859108
0.29834795
0.11918215
0.28205434
0.29851759
0.11890514
0.29454475
0.38397395
0.23709202
0.46017031
0.31978234
0.17701227
0.35062682
0.22273335
0.17702335
0.24393573
0.40890904
0.32642997
0.40301598
0.33083609
0.47142745
0.11750031
0.44797999
0.34120792
0.22411709
0.24362688
0.25894376
0.47076095
0.17596692
0.29684271
0.24028930
0.21736065
0.37128236
0.13760318
0.28143582
0.41711372
0.18735427
0.13736750
0.24414780
0.41460170
0.23748850
0.25633146
0.19508180
0.16652213
0.42587445
0.29440911
0.40231528
0.42452954
0.23963137
0.33594916
0.45468458
0.27507017
0.23762517
0.17263288
0.18914696
0.21535084
0.32877851
0.12574695
0.33067294
0.46940698
0.10226276
0.36136882
0.19425154
0.12543958
0.17198788
0.36702575
0.34999489
0.24800360
0.43444347
0.14279240
0.20689259
0.27351153
0.39302140
0.30926272
0.14203505
0.40128720
0.42845940
0.10464142
0.19468247
0.34323814
0.26561533
0.44221938
0.10588545
0.36299182
0.45439622
0.15698834
0.38094469
0.14028887
0.23922231
0.22031380
0.27578390
0.24212313
0.46766400
0.18068408
0.14808198
0.34810854
0.40906190
0.15882262
0.34875960
0.50572901
0.11917848
0.45447186
0.31953129
0.10407944
0.34809937
0.16225440
0.56352068
0.30908437
0.11018197
0.34189665
0.21995442
0.31275410
0.32333160
0.09906811
0.22200838
0.26865508
0.24339232
0.10663715
0.09588812
0.32703714
0.31858561
0.11081963
0.17047694
0.34110886
0.26818181
0.40787485
0.33149482
0.35214109
0.26231041
0.26949595
0.22831742
0.32630184
0.42435942
0.26288367
0.15086457
0.14965381
0.26474772
0.26091424
0.26452849
0.25055406
0.10008924
0.15950482
0.17179040
0.22700807
0.46823569
0.13904674
0.17551689
0.25474849
0.38637870
0.44327164
0.34087230
0.25164676
0.20944113
0.33642104
0.25006873
0.27088599
0.35139671
0.23088321
0.49235544
0.31862947
0.56296148
0.34211678
0.19809258
0.13575739
0.13484998
0.35906226
0.17967057
0.38470168
0.23916831
0.32198028
0.12896502
0.46191871
0.18899904
0.11355276
0.29425903
0.48688138
0.35110737
0.22275937
0.20464912
0.46425353
0.11169832
0.45410245
0.50272648
0.39234275
0.46681521
0.17205938
0.10732986
0.48201203
0.10174665
0.22123284
0.19137118
0.29642428
0.12801019
0.39936723
0.22840261
0.26888894
0.17917670
0.39447592
0.27456281
0.32623330
0.23066673
0.18026087
0.38179509
0.27839708
0.28826620
0.24915358
0.16866008
0.16909320
0.14935543
0.22560106
0.48332272
0.34079839
0.47222626
0.30915819
0.25423260
0.20497281
0.42648935
0.25919626
0.49761140
0.24322347
0.37480778
0.34079372
0.24078081
0.37465216
0.13011817
0.40750417
0.22054811
0.45942634
0.23031786
0.42362085
0.25112697
0.22161136
0.16885168
0.15613914
0.24688699
0.29264459
0.24378146
0.26158136
0.26030925
0.25827341
0.35799754
0.21586118
0.37222165
0.39893935
0.28707006
0.10957559
0.17157590
0.41338904
0.33643536
0.31827348
0.45887123
0.22160371
0.41842699
0.09274187
0.14886047
0.31202309
0.45525562
0.13243239
0.18315706
0.24317151
0.30651667
0.25442955
0.19390879
0.22195251
0.35585471
0.23100519
0.26656196
0.09249392
0.40912448
0.13389443
0.18075646
0.36738472
0.36084064
0.17787739
0.20207056
0.20289181
0.55485421
0.43077098
0.19996929
0.10505338
0.17605989
0.32865567
0.19676548
0.26359262
0.17859554
0.38944583
0.46768607
0.38739483
0.28159219
0.41871020
0.14837368
0.11245006
0.22703985
0.10605441
0.34731539
0.25824942
0.18905318
0.53680574
0.37949829
0.38900487
0.11110161
0.12160484
0.13261485
0.21303036
0.22474936
0.27174966
0.25985090
0.28708985
0.17844696
0.21981646
0.28856551
0.32109572
0.33648112
0.14416002
0.38915610
0.41499326
0.36035815
0.53839788
0.23099527
0.32120295
0.31064885
0.37146031
0.31982343
0.27716059
0.37690637
0.15453185
0.20163936
0.38956340
0.41438707
0.26036334
0.25715276
0.40590804
0.22793551
0.49965685
0.30944067
0.32847892
0.43259962
0.34992986
0.28771163
0.12171887
0.46395974
0.17369601
0.24266815
0.39308662
0.19594272
0.25544096
0.09895092
0.32845316
0.21353591
0.20637006
0.20480460
0.17399274
0.38423336
0.39417761
0.22403168
0.39227112
0.24413171
0.34009002
0.13265955
0.19417069
0.37072144
0.21660291
0.31297856
0.30822695
0.13013582
0.55232663
0.21080526
0.31779287
0.08555327
0.16255403
0.23207851
0.39568669
0.16715921
0.41284314
0.39848542
0.19320959
0.32267813
0.41528418
0.34919613
0.38085783
0.37599923
0.31030639
0.15661313
0.23589388
0.26116132
0.17541134
0.42221623
0.43051661
0.39453814
0.28034448
0.33280216
0.30449635
0.18765674
0.12718553
0.51334793
0.38294096
0.16673049
0.32651575
0.10781904
0.38071210
0.18815337
0.20638549
0.39032829
0.24623351
0.32398093
0.19587371
0.33451044
0.15733828
0.37149102
0.30723228
0.10816105
0.22226841
0.19677674
0.41053257
0.17953167
0.19982026
0.39004961
0.28086940
0.25243205
0.10610611
0.33390163
0.15542841
0.18495888
0.13179292
0.53598055
0.31043015
0.41100103
0.38189531
0.34045178
0.27518867
0.37583691
0.20395538
0.36728810
0.18069863
0.46479495
0.16774935
0.30176505
0.20890438
0.41547276
0.44573981
0.27055732
0.18772596
0.39192662
0.32647222
0.27838835
0.43906177
0.20529015
0.26106728
0.22267753
0.40936225
0.12916907
0.38727260
0.10395416
0.33276615
0.13098308
0.19064190
0.15385725
0.23203443
0.18556393
0.19018875
0.26018993
0.42342877
0.33710652
0.20255334
0.47476535
0.12854802
0.34175606
0.15285454
0.39652658
0.20608649
0.29034458
0.43040767
0.23132381
0.23107860
0.35011381
0.21872711
0.36081775
0.31377207
0.43373925
0.26970887
0.26664687
0.17891748
0.19778866
0.16869892
0.29185130
0.42427816
0.52703095
0.22678756
0.42732648
0.40988809
0.25848594
0.37683000
0.19387383
0.18618184
0.14298185
0.30405579
0.39118389
0.28223239
0.23531904
0.25170265
0.34208800
0.36680787
0.40084104
0.21460733
0.50968407
0.43144424
0.19566683
0.30261280
0.36856171
0.29121242
0.24133684
0.22951609
0.32319176
0.18010311
0.13811432
0.39651394
0.39260643
0.20828568
0.18280639
0.24581820
0.30265518
0.16865919
0.43144472
0.15858125
0.23851933
0.13313319
0.16071155
0.27165881
0.17407391
0.37527628
0.33391940
0.40689800
0.18229442
0.27488771
0.29432128
0.34760800
0.32402366
0.46421934
0.30628254
0.13811625
0.22652612
0.30597200
0.34192168
0.16049570
0.31007786
0.44493416
0.19505144
0.33346532
0.28036430
0.33357622
0.10998985
0.21735910
0.18873962
0.23402798
0.17366374
0.42194275
0.18437543
0.31901002
0.26134809
0.46335093
0.29575910
0.20680557
0.23057107
0.44281953
0.43284949
0.18985606
0.40536064
0.16865843
0.34789439
0.28377540
0.29446791
0.21778527
0.45073241
0.12927900
0.23357941
0.11238596
0.09909544
0.16285761
0.27009974
0.18540316
0.42504046
0.36091682
0.19028353
0.41551280
0.25421836
0.24951426
0.29633238
0.31335813
0.14174959
0.33795143
0.14275249
0.21538104
0.30557776
0.32076886
0.16491674
0.25730420
0.21538283
0.37535139
0.33923673
0.43194026
0.37256080
0.32198807
0.23086605
0.34667794
0.31062891
0.40527680
0.24578411
0.23003079
0.34040264
0.41124881
0.51345114
0.25676374
0.24113825
0.16451221
0.21769555
0.19090837
0.39425994
0.19157417
0.37625114
0.41322172
0.28022230
0.32535225
0.25222839
0.23168676
0.35093461
0.43029748
0.49230054
0.09663136
0.30098646
0.27132394
0.28748090
0.18518844
0.46995598
0.28002404
0.23420884
0.26754580
0.36488121
0.10995474
0.13335846
0.23014986
0.23812031
0.44839433
0.29172898
0.14360842
0.41685621
0.15286386
0.20235381
0.15806884
0.21194618
0.20777723
0.38810624
0.08604748
0.25832155
0.18544647
0.13827595
0.17858124
0.20894383
0.35786232
0.34733633
0.25503912
0.22737992
0.32176136
0.21086617
0.11645391
0.14187183
0.13289533
0.46517528
0.20572767
0.25849130
0.10270029
0.23185497
0.41880208
0.21985663
0.40029698
0.33459770
0.41033457
0.19912533
0.24413057
0.31633546
0.27625597
0.23619708
0.33217501
0.14622769
0.17209002
0.20914728
0.28833041
0.31603768
0.29307803
0.14124137
0.34763437
0.36371919
0.26215733
0.37709138
0.08306403
0.45631899
0.25903405
0.23975361
0.32807275
0.18242268
0.27962393
0.28883246
0.20650028
0.25734138
0.28030489
0.13105722
0.26068134
0.24918259
0.17337806
0.15942221
0.44219490
0.13468530
0.34020416
0.36139537
0.19893142
0.28672494
0.23447933
0.31792542
0.16978780
0.21791197
0.16124958
0.38243754
0.25229484
0.19612012
0.40086198
0.22030863
0.47714446
0.33923016
0.31069851
0.23259349
0.24548492
0.10895167
0.30275344
0.34964796
0.24324192
0.37906225
0.19534962
0.11217513
0.37754717
0.15364908
0.25620815
0.38047587
0.37195112
0.37529954
0.21296086
0.29410385
0.30588806
0.39373853
0.30033160
0.20474887
0.15940246
0.21533984
0.37084257
0.37468778
0.18194642
0.40790739
0.29110917
0.14522956
0.31796983
0.40220151
0.11517011
0.30876140
0.28446308
0.28950620
0.17291440
0.21057021
0.48092946
0.26315005
0.42054623
0.41272615
0.17627875
0.43013002
0.34692677
0.15770856
0.14389482
0.25772068
0.46060595
0.16390181
0.34016456
0.41758194
0.43559787
0.16732781
0.26574226
0.35118341
0.17017995
0.39790929
0.48467709
0.25592224
0.28305412
0.37389904
0.31170584
0.56710110
0.43036881
0.09510670
0.15460768
0.56640835
0.20102222
0.23833044
0.19762262
0.25074765
0.25481163
0.19879876
0.23969397
0.20859679
0.20066231
0.21118403
0.38757193
0.11791304
0.12915769
0.20100556
0.33898188
0.39348375
0.12730110
0.43666316
0.21332326
0.35985292
0.26261911
0.16728849
0.32992746
0.15203253
0.34290151
0.15158845
0.43712079
0.25594377
0.16608325
0.39858802
0.10852057
0.30418235
0.13131754
0.28079956
0.27001911
0.09428484
0.22313739
0.36594860
0.40780441
0.28312370
0.26835585
0.19372152
0.22070419
0.19334417
0.28282349
0.16487453
0.44601155
0.26254152
0.30488545
0.47445032
0.31284366
0.24040661
0.26679559
0.29679717
0.43779352
0.15412348
0.44865789
0.15640798
0.27945486
0.27457864
0.23546744
0.35682134
0.44642002
0.47960191
0.33519730
0.39763829
0.24875381
0.44853213
0.49183458
0.19920159
0.45361223
0.35539037
0.18798365
0.12959881
0.41088398
0.37014548
0.40009101
0.17328816
0.34598767
0.15350931
0.50047642
0.14287076
0.28231404
0.42167578
0.38034325
0.10543628
0.47579342
0.36117177
0.13644189
0.24728395
0.41575537
0.11923606
0.21800866
0.31635718
0.51203699
0.27402160
0.45131342
0.28257215
0.15684160
0.22100649
0.30010593
0.41049515
0.27449224
0.41101019
0.16025586
0.28238955
0.41829713
0.13243344
0.21666232
0.44802434
0.41054169
0.20021610
0.44203084
0.28640048
0.42086192
0.42977212
0.21512723
0.46912267
0.34003232
0.20722514
0.21466108
0.31973030
0.33115685
0.12686217
0.20858468
0.21935430
0.35433288
0.33872817
0.24820752
0.47991606
0.34273680
0.30592258
0.20704109
0.10374824
0.24943278
0.23122828
0.41676150
0.18698759
0.18219011
0.34568106
0.21355727
0.21489689
0.23504548
0.45072871
0.11830000
0.11475203
0.39813784
0.32157989
0.45991920
0.22989409
0.34717055
0.29620843
0.36051092
0.17940896
0.31516297
0.13583364
0.17547145
0.15057172
0.27415479
0.42701007
0.38499146
0.21941894
0.45850604
0.28329328
0.36372191
0.41813664
0.26961473
0.30233548
0.28154832
0.20290712
0.23651153
0.46159395
0.40678265
0.22828113
0.20247786
0.37521868
0.17612966
0.47863402
0.25362622
0.19582657
0.48471003
0.16522618
0.31752593
0.13032510
0.41199843
0.19073214
0.24236641
0.16706544
0.23070053
0.18401885
0.09062172
0.41525984
0.17447176
0.38662762
0.37134130
0.30488899
0.20001426
0.23994986
0.31006859
0.28512230
0.36157219
0.18267567
0.27725406
0.38201063
0.31182215
0.42917346
0.36159692
0.25411549
0.33325633
0.23560482
0.24361997
0.40859435
0.14259876
0.46094882
0.12867062
0.52105872
0.31696827
0.33456613
0.23962428
0.18931566
0.28266332
0.23865782
0.32226967
0.21698101
0.19483763
0.17177050
0.16650629
0.30169370
0.41360738
0.44337236
0.29518491
0.19003528
0.29214201
0.23861410
0.40570248
0.32317338
0.54703407
0.31275212
0.35384348
0.27298739
0.17088222
0.30268429
0.13080411
0.22215653
0.19998989
0.54859456
0.24568948
0.33573276
0.18889658
0.23981323
0.13726250
0.34004775
0.20587902
0.41904135
0.18887894
0.16612264
0.32550274
0.18136041
0.18526364
0.36056093
0.12999170
0.37489374
0.30492308
0.32805253
0.16210251
0.48008194
0.34615960
0.39549487
0.28682163
0.22932913
0.15178456
0.25479277
0.32631828
0.35219125
0.25552205
0.30187673
0.31825735
0.32781937
0.27845719
0.34617124
0.17016109
0.21099583
0.39415529
0.33411605
0.12879787
0.17761155
0.28641081
0.27009717
0.11619096
0.29385716
0.24613677
0.53167251
0.30727534
0.24326888
0.16997412
0.24423129
0.23581059
0.28985843
0.41622814
0.28228214
0.15033110
0.12668215
0.34006930
0.28016902
0.33184994
0.40018020
0.22220900
0.14189830
0.18595609
0.17400614
0.31440362
0.26652977
0.28262172
0.12641780
0.23837098
0.14091278
0.25059787
0.20966800
0.12403018
0.19465741
0.36145725
0.44023372
0.18848277
0.16664985
0.36028284
0.37779090
0.18877426
0.22494488
0.19456649
0.39607765
0.29403641
0.28854987
0.32638548
0.17552593
0.23453656
0.22594607
0.20537455
0.22729128
0.37221096
0.32049858
0.16684084
0.11885837
0.31520860
0.26280863
0.31636701
0.11915654
0.38189304
0.33098667
0.14799105
0.26299672
0.19123046
0.15043927
0.42985909
0.21118591
0.33705950
0.40874871
0.40290754
0.23721197
0.26626822
0.31379347
0.37773495
0.44716095
0.32816716
0.25227522
0.39491757
0.28640505
0.31479165
0.51235726
0.35040481
0.22375011
0.12066177
0.11927253
0.24491412
0.25638865
0.41988658
0.23549920
0.47501983
0.21081088
0.41034807
0.31875294
0.31380500
0.10719493
0.12809116
0.31987887
0.14875243
0.18521952
0.22110549
0.31525049
0.34914746
0.34035153
0.28575650
0.48866506
0.46325471
0.37762631
0.39552284
0.25839813
0.34591930
0.10413535
0.37399399
0.14106346
0.09505057
0.35344696
0.56798381
0.35215942
0.25112633
0.38514553
0.25819669
0.36655679
0.26890750
0.45608888
0.21578915
0.27271789
0.35830382
0.37164101
0.46462801
0.22181212
0.18396863
0.26276305
0.27686601
0.21336323
0.28718577
0.36546570
0.18324543
0.33449456
0.20526768
0.19873335
0.42863585
0.19458066
0.16604548
0.28902149
0.18093397
0.50781134
0.28895732
0.21284842
0.20406419
0.13683133
0.32224135
0.47186191
0.34929809
0.40299074
0.25882453
0.17545695
0.13779219
0.30877981
0.12165136
0.48437985
0.40798563
0.39596594
0.17655316
0.37825853
0.14941670
0.38960892
0.12561324
0.24552613
0.25281776
0.39636912
0.10880610
0.14254811
0.32963614
0.29388643
0.44747300
0.29127590
0.25228667
0.35988002
0.52458434
0.21635889
0.26248840
0.23601299
0.19307820
0.25828529
0.23831367
0.21889951
0.24959197
0.15326486
0.23033043
0.14816368
0.18822620
0.22624116
0.30241892
0.36782947
0.28537239
0.22708526
0.32374641
0.25879567
0.17757434
0.39884736
0.44190397
0.24597847
0.37204831
0.31907377
0.16330368
0.38135072
0.28459028
0.30096112
0.13742645
0.27288167
0.13970258
0.28571422
0.44303703
0.17483664
0.15904516
0.43524928
0.29575674
0.30532380
0.26944195
0.39192851
0.19524835
0.30005058
0.31988853
0.17410196
0.34244585
0.20044374
0.16971165
0.16098792
0.28910751
0.18130673
0.42166615
0.17175925
0.12922848
0.18279823
0.30907972
0.40731105
0.30726733
0.43762677
0.47348284
0.11938851
0.34656642
0.18649747
0.21459106
0.29309257
0.46514025
0.45874097
0.26047549
0.47510092
0.25825685
0.34101011
0.18298135
0.34334844
0.21113824
0.12447622
0.46508689
0.12519467
0.43464366
0.37578919
0.25955181
0.36745414
0.12909907
0.34814436
0.15950636
0.35168333
0.22559483
0.37395885
0.40306976
0.32034013
0.25369129
0.46204053
0.46926184
0.45345981
0.40435792
0.13177080
0.11603294
0.31034022
0.37055065
0.19224585
0.17844679
0.15858369
0.43377920
0.27906568
0.22601535
0.47374207
0.28089763
0.28645321
0.46644624
0.53390607
0.41799869
0.17411186
0.28388536
0.38532606
0.28776743
0.12663857
0.34571492
0.15666994
0.14979861
0.16900877
0.22781764
0.18677822
0.24818849
0.29969284
0.28261158
0.19117091
0.18212199
0.47484116
0.18218910
0.30060034
0.29890656
0.17846365
0.17794824
0.37529164
0.15068753
0.27744114
0.26525117
0.37105437
0.15245503
0.30244390
0.44806604
0.13229374
0.40717782
0.45498856
0.28975094
0.24807633
0.23263142
0.31452214
0.15655676
0.23624173
0.42004685
0.27169636
0.28642974
0.29837300
0.37923629
0.27589645
0.37264532
0.29337253
0.12054671
0.17663928
0.20266506
0.22553374
0.10746102
0.34736155
0.38615386
0.41625808
0.21395203
0.23813583
0.27492057
0.33037608
0.43494072
0.30112260
0.28275701
0.17719346
0.23637329
0.15062079
0.14063758
0.30725501
0.21092904
0.45128460
0.22886329
0.22258724
0.30354083
0.26418158
0.32167369
0.30244865
0.15475823
0.28191078
0.15074643
0.22257856
0.32075734
0.16633331
0.49600232
0.19473819
0.19051262
0.40262843
0.40445396
0.25532186
0.35897768
0.18377755
0.32326886
0.26972262
0.42070308
0.34291962
0.20615467
0.29150032
0.25354957
0.27602395
0.30368681
0.31205730
0.35364500
0.13959943
0.09944555
0.32430549
0.43578950
0.37066947
0.21394852
0.29711938
0.20680852
0.36007332
0.25873334
0.38671632
0.30694059
0.43558853
0.50025996
0.36948689
0.17159679
0.24180888
0.20116210
0.35944150
0.51228241
0.51017471
0.39434026
0.22278723
0.19937501
0.15660498
0.15607817
0.31560391
0.11284644
0.43873696
0.23394814
0.21175797
0.47401949
0.12642829
0.36303238
0.13417601
0.37621569
0.24876737
0.16217743
0.28871807
0.50958784
0.27402273
0.26375676
0.29249444
0.42682213
0.20526420
0.34721157
0.22810268
0.29886919
0.43126146
0.42295078
0.10558832
0.31548829
0.39252723
0.14791647
0.47754074
0.12355938
0.42334092
0.31009397
0.28642252
0.38011443
0.21115381
0.38126064
0.39027302
0.29868305
0.22524317
0.48428949
0.45631463
0.12659104
0.16456411
0.20278472
0.28689063
0.21999821
0.17024288
0.43249601
0.32644197
0.34877020
0.34083030
0.17962779
0.31447425
0.29995974
0.15848873
0.36094691
0.12800002
0.41306121
0.32157207
0.30825917
0.24685505
0.15541068
0.26804543
0.18047960
0.33635579
0.30475709
0.32235201
0.37452737
0.39468620
0.19092358
0.36155906
0.07612639
0.37594805
0.38041745
0.41422670
0.18753053
0.28320570
0.10698155
0.12246707
0.38069318
0.37030528
0.41498112
0.52990716
0.11654129
0.14447315
0.37844043
0.38932391
0.30763369
0.27487681
0.42783899
0.25502410
0.38471542
0.34363944
0.33181942
0.37668624
0.29713775
0.37737088
0.32942165
0.16482016
0.12331919
0.40568097
0.19823944
0.31767317
0.28636048
0.43228381
0.27175868
0.18288377
0.28307577
0.56567309
0.36582950
0.20498082
0.42727331
0.33750997
0.45065264
0.30978269
0.27865208
0.21050404
0.34915442
0.13720557
0.25941565
0.33255579
0.20294080
0.21000286
0.27477495
0.16827702
0.37206846
0.35152235
0.34624687
0.28987562
0.48712862
0.22142967
0.12683431
0.31064636
0.46405949
0.23793886
0.31018642
0.36016762
0.43863470
0.25204874
0.20799874
0.27015170
0.13901453
0.30680083
0.27469574
0.33336830
0.36232347
0.15078799
0.11290711
0.33737370
0.18783662
0.38674273
0.39605069
0.19758447
0.13204944
0.40117211
0.41843246
0.17915210
0.27715383
0.33488593
0.18708247
0.15275336
0.40421649
0.47130937
0.20634678
0.43706447
0.19423201
0.32524069
0.32783252
0.10535308
0.38257613
0.43927272
0.36787187
0.10127564
0.17958439
0.21746061
0.35755708
0.15634823
0.53061373
0.17802931
0.20479021
0.41676757
0.21108877
0.16974840
0.40344734
0.20474089
0.14216922
0.30172942
0.23358454
0.40970414
0.26908288
0.18381445
0.17282574
0.35355184
0.24759544
0.15313778
0.32306604
0.43043640
0.34572756
0.16654150
0.31120452
0.24275825
0.34739029
0.26534382
0.19097196
0.09035672
0.30589036
0.19833645
0.19089949
0.53382169
0.44802381
0.55669833
0.43684478
0.16713116
0.34584126
0.44600479
0.29982911
0.32245965
0.53222888
0.33596452
0.31766665
0.39464580
0.34435975
0.44501964
0.08919615
0.19148712
0.13590108
0.21103919
0.24680164
0.30672766
0.36550608
0.22321308
0.21944862
0.15064462
0.40240123
0.18464275
0.45817697
0.42822220
0.11681898
0.13096461
0.43970125
0.15303436
0.26872486
0.24686794
0.44996293
0.17307355
0.25451699
0.50683672
0.43838146
0.36370378
0.21198162
0.21028665
0.23606874
0.29198508
0.27278858
0.42168188
0.29615040
0.18564720
0.26635778
0.13740718
0.09481227
0.12309293
0.31390018
0.10897849
0.37301521
0.34733344
0.32705622
0.32612696
0.21023949
0.16292964
0.34706021
0.33251898
0.32588833
0.35529519
0.42389324
0.26100064
0.38583279
0.25965952
0.12825022
0.12141266
0.24455233
0.14526627
0.18347612
0.43741311
0.17505716
0.23247598
0.31916649
0.30391432
0.10253845
0.25726496
0.39144320
0.15995868
0.12806171
0.30174210
0.12205548
0.35571233
0.11359574
0.29951516
0.35935989
0.40379712
0.38474867
0.17750861
0.36046273
0.30392814
0.39010207
0.24950370
0.25180662
0.13359783
0.20598750
0.27066288
0.34447392
0.31968700
0.13332330
0.17781665
0.37744120
0.16950762
0.18766818
0.37523386
0.35217577
0.23230599
0.34113674
0.28137677
0.33727753
0.52622023
0.19425347
0.24180647
0.31405977
0.14494521
0.41296001
0.47060334
0.25316339
0.12145796
0.33130790
0.17744693
0.39679667
0.23962122
0.28081818
0.40997221
0.35014643
0.46111402
0.23194712
0.12775727
0.25579949
0.35506688
0.29902964
0.24857128
0.18843767
0.34551675
0.17320036
0.33423924
0.40349510
0.28882434
0.36681170
0.15199228
0.23218865
0.24270779
0.20473287
0.43546574
0.19378568
0.30453504
0.25844675
0.17986776
0.20628195
0.22047452
0.31921413
0.30006024
0.37432023
0.51908729
0.28744578
0.13236365
0.21750079
0.17475900
0.32033049
0.32589212
0.30723348
0.37284009
0.26698464
0.19263492
0.42302281
0.08798048
0.36409764
0.14748919
0.20410818
0.25444101
0.31229046
0.39598905
0.48491968
0.43290157
0.38638536
0.40005141
0.38134899
0.24497203
0.36983297
0.28831119
0.21180059
0.28507682
0.34109564
0.15589525
0.32027978
0.32218700
0.28077020
0.40743772
0.16080676
0.50847203
0.14836730
0.41662248
0.36910527
0.28119203
0.45587298
0.22530476
0.33493092
0.48060512
0.19637112
0.23598744
0.21617655
0.14974796
0.31297686
0.18369495
0.18555051
0.30542034
0.38229505
0.34383171
0.35976805
0.09135548
0.36378783
0.26943793
0.41603191
0.21647707
0.17731831
0.24028378
0.24964792
0.22820189
0.39320344
0.43153596
0.22383733
0.25054633
0.32917800
0.29976948
0.21018153
0.41209005
0.44163754
0.13618489
0.11306322
0.16471561
0.29571024
0.30219115
0.15488626
0.19544906
0.49189434
0.25923217
0.30667390
0.34927852
0.25212022
0.22034255
0.25545926
0.32577164
0.44602537
0.39888360
0.25317384
0.42388550
0.22128296
0.37754192
0.22395472
0.45380600
0.35856400
0.33664815
0.41582020
0.28100964
0.43852214
0.44709541
0.19227912
0.10270630
0.34312196
0.10779103
0.31565343
0.30649749
0.18703409
0.47954250
0.47194829
0.51910451
0.29011682
0.36025576
0.20502166
0.50616646
0.14748219
0.26169544
0.36016930
0.10452145
0.44762057
0.13942034
0.26211258
0.24384325
0.47544910
0.31303524
0.45359099
0.30436122
0.30376471
0.40735403
0.16254962
0.43446747
0.32153020
0.17826786
0.40437782
0.39781143
0.36113489
0.15884052
0.30051247
0.39752267
0.27725146
0.27719383
0.23547817
0.14552184
0.18077393
0.18038277
0.25291947
0.26450171
0.41278996
0.38852487
0.35611471
0.28211570
0.26074325
0.33674299
0.30344442
0.14744989
0.21560201
0.16058943
0.20940620
0.38680422
0.16503268
0.41032003
0.14329628
0.33880159
0.11262351
0.24901218
0.35808506
0.30234221
0.34116879
0.25777525
0.61266252
0.33304495
0.14487392
0.45327020
0.21238978
0.26169629
0.16393077
0.24742714
0.44834330
0.44225989
0.40817775
0.41611188
0.19471251
0.10111068
0.35749072
0.31642059
0.29915324
0.31051674
0.29879131
0.31695396
0.25724852
0.28606071
0.27413617
0.12765676
0.26896885
0.11919836
0.35413019
0.23810041
0.40478298
0.40904039
0.10601652
0.15717166
0.16245261
0.18490390
0.18097322
0.19830401
0.14454419
0.16649201
0.18395766
0.12427860
0.33028506
0.33702732
0.12509691
0.19728065
0.29348216
0.30155721
0.11861138
0.20739865
0.15876974
0.28813800
0.21055027
0.46010982
0.29915530
0.24810082
0.39509390
0.38850956
0.13650187
0.10397852
0.10919736
0.26222259
0.16822070
0.23807693
0.41285549
0.15081118
0.20134962
0.16156466
0.44548337
0.31648258
0.14972980
0.38092606
0.21748623
0.35860091
0.42220439
0.51420884
0.48057636
0.14015156
0.15196403
0.29421002
0.40020185
0.30376049
0.41226385
0.25028125
0.25483355
0.30796891
0.39621279
0.38467321
0.41392171
0.17175780
0.25529446
0.20892102
0.28986894
0.31946099
0.32178406
0.27848784
0.23607737
0.22385590
0.18437113
0.11474329
0.38160963
0.30317908
0.41264729
0.16563109
0.27160695
0.16954353
0.23241386
0.24357752
0.24394928
0.40803737
0.27317642
0.38548918
0.32816941
0.43403164
0.22941891
0.12806487
0.35193816
0.41121532
0.36639867
0.28693218
0.25815776
0.24082326
0.18744080
0.38023753
0.23597958
0.14926776
0.38309597
0.31779171
0.25550634
0.30164916
0.28108228
0.35168008
0.39372376
0.13946269
0.16498807
0.41977598
0.19365347
0.20014995
0.34214716
0.23731206
0.21521098
0.17741067
0.28801170
0.31276467
0.28599690
0.20641773
0.33186001
0.23143024
0.31727309
0.27641033
0.24307093
0.39035035
0.24684812
0.31231224
0.16848064
0.25533022
0.25760790
0.38381708
0.21611181
0.16983377
0.31839688
0.18295219
0.17892460
0.23841641
0.17306280
0.15384392
0.28778044
0.36661578
0.12859672
0.31954444
0.45040875
0.26149917
0.31504293
0.44825150
0.36361230
0.29874308
0.29438286
0.16786254
0.12613861
0.39869560
0.12848288
0.24364909
0.16306162
0.44301155
0.26514329
0.15877133
0.20592980
0.19345994
0.46739548
0.30287959
0.22026173
0.40736228
0.23719509
0.22286858
0.17518754
0.18888879
0.16829848
0.28497722
0.27566463
0.31854969
0.22710658
0.31721169
0.19216298
0.46060540
0.28779595
0.38794932
0.25094068
0.15419148
0.23920642
0.19439635
0.22497081
0.45271915
0.35884212
0.31969639
0.38260226
0.29405168
0.22807722
0.28904267
0.49938840
0.30833678
0.11719093
0.30399200
0.43614712
0.27250804
0.42107254
0.18392163
0.46989353
0.47697367
0.27222162
0.38222887
0.32400862
0.18066025
0.13868469
0.46433230
0.39378258
0.26547717
0.27380597
0.20105745
0.33955443
0.29904921
0.49177863
0.21452540
0.18884754
0.43014013
0.23206359
0.16964024
0.42170086
0.23347667
0.39811077
0.21009059
0.21755735
0.26027676
0.11259499
0.37839222
0.18355794
0.22181224
0.34722268
0.30654165
0.19323217
0.17508515
0.48007445
0.14083482
0.24682531
0.15327644
0.16758253
0.24141470
0.13944031
0.13649687
0.44032036
0.23835547
0.14992829
0.33535942
0.33042274
0.42105394
0.39568607
0.12029813
0.24444694
0.27836591
0.32221041
0.19125971
0.37700911
0.40064596
0.31634692
0.16120268
0.36881276
0.18528440
0.35591830
0.24998720
0.20064373
0.08997958
0.20102811
0.27910162
0.15532293
0.21068455
0.22141622
0.15503070
0.15604025
0.28375778
0.29927317
0.21594666
0.35492675
0.24628042
0.27313774
0.21373146
0.39101779
0.18385234
0.45949616
0.23530244
0.18609417
0.17869191
0.33428884
0.14476087
0.30056767
0.24532996
0.19016307
0.38590585
0.14954297
0.19358128
0.42615654
0.44907996
0.40383125
0.33073628
0.23488984
0.27716592
0.20514882
0.42388536
0.35428648
0.29151010
0.16595619
0.26063458
0.29707734
0.23835269
0.33118188
0.31205919
0.28122733
0.30189451
0.15843731
0.22268355
0.17118811
0.24143777
0.27276185
0.19325260
0.32633858
0.19268963
0.37799209
0.16357083
0.19128792
0.11823641
0.16641802
0.38690722
0.27729101
0.27013552
0.28323196
0.41215366
0.42415768
0.18523093
0.31445590
0.13403289
0.23031334
0.16728555
0.20044043
0.15424227
0.36981135
0.12616163
0.21899300
0.38291831
0.17003383
0.16314810
0.17833883
0.16108015
0.15458899
0.14094173
0.56223399
0.26668884
0.34529555
0.30076342
0.25899726
0.31241213
0.27348074
0.28325367
0.12387499
0.34294565
0.11151335
0.41643253
0.13257227
0.32849238
0.19713507
0.23190833
0.30026048
0.26756222
0.42634442
0.27003946
0.30981427
0.40940504
0.28228392
0.44420960
0.36973035
0.24101500
0.12095053
0.32845178
0.12659252
0.17799712
0.44936946
0.42293580
0.24848940
0.19774689
0.24352845
0.25105936
0.15306137
0.31596303
0.15044337
0.19237782
0.18895146
0.15919170
0.47455640
0.30546058
0.34238188
0.26192298
0.18358630
0.11979964
0.10235763
0.26234862
0.29565661
0.16819217
0.06794725
0.29701595
0.56129461
0.34492801
0.30490579
0.19580261
0.25301304
0.23234511
0.27564708
0.16786255
0.40890442
0.47898758
0.27741607
0.23347207
0.27677281
0.14326084
0.25687590
0.22531472
0.15308508
0.13162243
0.28530253
0.24253772
0.29210303
0.29275781
0.25704383
0.32070049
0.29694641
0.16374918
0.28747045
0.10768472
0.44559863
0.21335785
0.43294380
0.41651676
0.39730314
0.22315457
0.16844819
0.33719338
0.17249079
0.12928417
0.38788954
0.41762950
0.27553107
0.47584259
0.30579528
0.18104406
0.28978989
0.46656670
0.19157903
0.14122111
0.41718519
0.39967825
0.44084381
0.34617625
0.37990543
0.37036768
0.32554170
0.25453487
0.30424156
0.10073689
0.26834957
0.16989751
0.29101513
0.27225058
0.13102119
0.13022761
0.49393881
0.31551338
0.39360794
0.30979557
0.23496238
0.53721042
0.19533322
0.24644989
0.18476646
0.18857937
0.27922244
0.15254277
0.35585733
0.41753858
0.22482672
0.28398941
0.46832445
0.20441224
0.17630852
0.28877076
0.32342746
0.28923233
0.28309066
0.08786367
0.17446293
0.23047017
0.09091398
0.34190816
0.28616249
0.31490768
0.19336293
0.24255793
0.16170780
0.41197044
0.15876794
0.41187944
0.15545995
0.14702338
0.44553832
0.39886825
0.36966753
0.14325184
0.34681465
0.49960116
0.12802179
0.39580938
0.48347092
0.34278196
0.27890894
0.23129776
0.40608295
0.45077696
0.36939096
0.25529852
0.15455648
0.38106564
0.10073465
0.28582455
0.54388547
0.27088727
0.15376145
0.36807783
0.36216610
0.15295802
0.33196704
0.26224858
0.16569972
0.27742477
0.34099955
0.49786238
0.20099833
0.29782633
0.19919598
0.31302902
0.25006504
0.27472602
0.20386317
0.32362842
0.34093671
0.32080135
0.49607200
0.39975615
0.41069617
0.24004795
0.26385117
0.12506279
0.19477834
0.13989188
0.36890836
0.40067241
0.11039386
0.30182331
0.33937392
0.19235012
0.42276438
0.45653827
0.32826184
0.20070606
0.29373156
0.21800696
0.23864014
0.14423943
0.44864993
0.18908811
0.25033397
0.39060130
0.43661673
0.32312885
0.20890437
0.53145192
0.30470001
0.11177065
0.13452058
0.28186543
0.34139052
0.10444282
0.26554006
0.28254389
0.36560353
0.42910072
0.45040655
0.32016282
0.29843734
0.22865490
0.33167256
0.40271012
0.18796310
0.22456917
0.27860489
0.20196866
0.29351334
0.15128607
0.16186202
0.29490902
0.36849174
0.35872320
0.20766680
0.27667807
0.45671565
0.47787715
0.22248957
0.21781301
0.21576520
0.20550280
0.29137000
0.24683925
0.27374656
0.18514420
0.25067346
0.32726280
0.41334354
0.28168321
0.22025401
0.28897347
0.34907105
0.12758360
0.25846819
0.18821345
0.15647867
0.38767323
0.24884997
0.31782295
0.14587343
0.48967759
0.24264238
0.30501495
0.31734922
0.35311280
0.15980926
0.22871799
0.23769354
0.34276158
0.17810818
0.41235684
0.23326867
0.43457023
0.27699401
0.39386601
0.35609039
0.53957533
0.22719133
0.46190380
0.22276459
0.21107453
0.34202679
0.38654497
0.51882884
0.33335030
0.36310640
0.48668619
0.22241345
0.46226543
0.16502642
0.20215442
0.29233329
0.44384092
0.41962647
0.22986591
0.38809519
0.42047535
0.34497111
0.26016692
0.36659242
0.33746455
0.27263089
0.19866928
0.41510491
0.37734375
0.38549995
0.18258220
0.24051044
0.30531178
0.22571926
0.17210071
0.22861023
0.23845143
0.45117890
0.36109138
0.37104039
0.34986910
0.34055784
0.11328784
0.35598394
0.40407582
0.21480817
0.23961508
0.36387364
0.14147915
0.26492526
0.13430295
0.41052238
0.14771125
0.44063418
0.23726422
0.30433483
0.14805011
0.32471776
0.30719180
0.15301734
0.25936930
0.20885795
0.33611541
0.43566701
0.18828732
0.27493014
0.21562105
0.28753833
0.24198597
0.19350524
0.17611114
0.25707408
0.23703751
0.28784235
0.39360506
0.14356418
0.38005029
0.25337214
0.27234684
0.15602004
0.18462669
0.26939750
0.32898359
0.35976780
0.26479744
0.32275126
0.35516174
0.48117072
0.31755997
0.15645569
0.27728385
0.18983795
0.29652084
0.20635347
0.26725689
0.30154568
0.33930422
0.28726126
0.08535722
0.50126880
0.17713463
0.30291760
0.37367211
0.08972064
0.44944122
0.18681631
0.31945963
0.38310439
0.28689790
0.45699351
0.28388380
0.27508140
0.48493285
0.15349462
0.41637240
0.27868509
0.46197865
0.11232924
0.15991785
0.31508373
0.17672098
0.10429213
0.22938088
0.35204914
0.41527380
0.31913022
0.22384943
0.20867022
0.31034709
0.34717613
0.24545976
0.13420348
0.30484551
0.15453235
0.36258310
0.18984415
0.31018114
0.16724459
0.42846800
0.18562047
0.22454148
0.24908982
0.34849705
0.44995118
0.44716791
0.40326810
0.42856147
0.36352201
0.23432131
0.11788410
0.43258523
0.22620748
0.43131855
0.39058550
0.44196353
0.21076068
0.13023241
0.15336878
0.35390264
0.21268251
0.43036383
0.21489613
0.35633662
0.42456385
0.17750367
0.26219634
0.24315144
0.19003554
0.19439640
0.20627189
0.39878752
0.40550494
0.18180032
0.43051352
0.22188765
0.35009609
0.12520716
0.19903316
0.19832834
0.42835118
0.27436429
0.16209469
0.29960993
0.32739505
0.11220847
0.53361231
0.30981948
0.20184580
0.36354022
0.44575492
0.41942223
0.36469981
0.30723051
0.15284994
0.47988433
0.15423738
0.43322465
0.33784123
0.34793475
0.34563848
0.46994979
0.35825931
0.25870743
0.47490281
0.25494636
0.32381288
0.41295606
0.22230251
0.14045158
0.31982558
0.21815099
0.34608047
0.18653763
0.30734222
0.47861712
0.22750008
0.13865043
0.07350358
0.21137368
0.37112593
0.14518579
0.23411732
0.18457617
0.25332141
0.42341478
0.24583691
0.21283226
0.17846962
0.45660432
0.38645107
0.25389515
0.13842586
0.33344404
0.41950584
0.11701979
0.30017693
0.38138382
0.36155140
0.39255960
0.31295503
0.50722912
0.40167413
0.25522638
0.32813860
0.10045281
0.40146376
0.43224213
0.38084865
0.38587361
0.22168209
0.28507694
0.21044207
0.30914102
0.16757431
0.16373539
0.10904998
0.19051359
0.20728891
0.27478112
0.19709079
0.25315583
0.30687577
0.20976805
0.27304994
0.43126674
0.43883263
0.17075012
0.14029018
0.24558344
0.19957727
0.45567000
0.20142337
0.19453939
0.31627858
0.25982055
0.14326133
0.19281726
0.26551433
0.12051088
0.42150001
0.16599542
0.20460949
0.31960567
0.44185675
0.47832514
0.13618463
0.37671026
0.18135797
0.25735027
0.32860505
0.18997455
0.29306168
0.35668784
0.43519072
0.28635169
0.22767167
0.29005010
0.19685802
0.18915051
0.25184893
0.46097492
0.33876325
0.32160283
0.38898611
0.39414698
0.41584495
0.18190845
0.28645820
0.26647674
0.36186446
0.26216789
0.35340063
0.17873308
0.27185077
0.20677012
0.32721511
0.37070705
0.12048603
0.11525921
0.28308529
0.25244308
0.24963024
0.19037239
0.34760167
0.38312736
0.24522121
0.20036445
0.17708297
0.25977245
0.11004991
0.42716520
0.16794322
0.29107410
0.25173933
0.41036041
0.21437505
0.11567827
0.13111018
0.32295394
0.24710465
0.22317358
0.23891814
0.15230332
0.22597330
0.43973169
0.41993399
0.29986220
0.21699843
0.22118729
0.38464842
0.30191789
0.14780560
0.43465286
0.22956564
0.20159798
0.32394167
0.28138337
0.33451321
0.49400233
0.53114141
0.26448715
0.15895212
0.33551106
0.16119017
0.36602625
0.25704833
0.39999319
0.42046120
0.23935984
0.10042632
0.20320822
0.28934753
0.54205596
0.14115139
0.32170717
0.44356148
0.20515550
0.42202083
0.48007520
0.27201212
0.14493986
0.22920744
0.29142448
0.17203621
0.14721276
0.16689809
0.17428285
0.25441862
0.15001094
0.25671222
0.43393599
0.46781181
0.42976687
0.41781461
0.27835758
0.16281644
0.16593663
0.07019393
0.35635644
0.33892095
0.11922991
0.42098385
0.24504551
0.24824291
0.27869699
0.30614055
0.17029209
0.16466138
0.34278307
0.30168677
0.25037263
0.16804182
0.37459820
0.20624548
0.39092532
0.13835274
0.46512750
0.19764249
0.39667625
0.22221673
0.26541579
0.19593209
0.23168005
0.37859280
0.36073595
0.20210459
0.28673819
0.12110966
0.41777849
0.14081061
0.40091643
0.13834358
0.44048525
0.21902670
0.44588529
0.12933901
0.24371190
0.17186070
0.19898950
0.31099015
0.44692420
0.29591583
0.18064659
0.19761151
0.14726923
0.17995740
0.33152293
0.45283811
0.21390775
0.24491961
0.22303503
0.25459065
0.44996906
0.15786683
0.06885727
0.12833903
0.12367795
0.27564137
0.34307885
0.16851770
0.14591631
0.44542846
0.23783766
0.40081472
0.41448659
0.15053852
0.21425402
0.33063424
0.41343052
0.38014944
0.36710028
0.27077853
0.20276202
0.44580667
0.23608964
0.18496487
0.16485099
0.58440167
0.20222967
0.13763251
0.43194279
0.36201699
0.24828623
0.44942082
0.42431675
0.33617030
0.29825296
0.23770754
0.18692856
0.39475737
0.28186278
0.28357156
0.16493241
0.39945977
0.18522002
0.29261217
0.19940917
0.31328446
0.32897886
0.14466352
0.31775691
0.29872428
0.45042643
0.22957371
0.09821334
0.18571446
0.29922843
0.46185663
0.24896932
0.36666877
0.23718865
0.27606956
0.17067557
0.37498525
0.13831187
0.15348626
0.19569541
0.14935626
0.29290104
0.40657209
0.14608428
0.28639809
0.35616207
0.18167344
0.43337324
0.29496300
0.12210151
0.15739711
0.40621881
0.11523106
0.38801588
0.27383358
0.18010196
0.55639480
0.43383365
0.40441017
0.52347651
0.17274597
0.15787045
0.33714054
0.23738326
0.28342394
0.40062388
0.32518950
0.34212529
0.57706765
0.30319456
0.47792097
0.44803549
0.36060808
0.29850301
0.15574130
0.32568615
0.23396358
0.19434630
0.35807113
0.11465538
0.24733696
0.22185287
0.41841293
0.33085598
0.08577547
0.23469827
0.08297309
0.13582412
0.35237384
0.28151351
0.40857463
0.45365784
0.31633767
0.51926586
0.30150161
0.42845567
0.21931204
0.44078676
0.19341850
0.40197507
0.27772709
0.36954537
0.25342440
0.30106015
0.46983371
0.26767068
0.39193329
0.17139792
0.23676607
0.24569682
0.23557489
0.16862661
0.15784882
0.18870584
0.30324214
0.39046584
0.40781311
0.38886202
0.29410877
0.32841888
0.34946030
0.19747176
0.24557059
0.14882407
0.30287954
0.25480084
0.24586666
0.36680898
0.26087901
0.20861758
0.13511512
0.13310102
0.11284964
0.26082071
0.35342393
0.28516632
0.40511089
0.18607235
0.44216700
0.34491742
0.31326904
0.24524382
0.31305379
0.21395159
0.27384266
0.40477849
0.37376848
0.27387701
0.16161865
0.24216818
0.51416219
0.37417145
0.35367723
0.39657640
0.26022197
0.15389509
0.22754237
0.11681048
0.39169050
0.23344140
0.34179755
0.22129974
0.17559325
0.15710304
0.46172648
0.14217822
0.10215893
0.30686223
0.20097397
0.25730759
0.14028265
0.17932396
0.36826405
0.35347507
0.21126535
0.23930777
0.41977276
0.56148618
0.33603371
0.25081700
0.11345252
0.26616958
0.17195734
0.14809248
0.39722972
0.52301513
0.28341794
0.39833356
0.19083650
0.18161865
0.27179449
0.20190220
0.26036680
0.33851311
0.08735633
0.24099731
0.43563505
0.30431029
0.25295426
0.41180684
0.51666357
0.23445496
0.16749468
0.52431665
0.23720009
0.20852364
0.30804052
0.17679914
0.37954245
0.29742244
0.23627536
0.21900409
0.31696026
0.18568146
0.45931581
0.41581919
0.23056337
0.33791820
0.39346651
0.28496676
0.13000683
0.36197994
0.37741922
0.50178724
0.15400183
0.13335383
0.12912790
0.18023801
0.31403844
0.12195296
0.32851416
0.30186135
0.14968677
0.45071046
0.42221382
0.14197222
0.21252996
0.17612843
0.20450814
0.37550263
0.35910728
0.41118885
0.43923046
0.15264378
0.30140258
0.28202525
0.26621262
0.36203790
0.11688766
0.30609074
0.22665903
0.34877308
0.21571579
0.36595076
0.34824914
0.12793929
0.25285253
0.33644113
0.12600882
0.28483558
0.24055387
0.32932924
0.29115063
0.35872135
0.24654273
0.26342156
0.45918500
0.15978222
0.20976919
0.27102475
0.14567594
0.17813039
0.39700694
0.33844299
0.39534576
0.19542284
0.32216649
0.29169509
0.16661503
0.43728358
0.29855595
0.42117364
0.28982966
0.26233842
0.35597561
0.13555563
0.40456868
0.11310571
0.35965380
0.31938515
0.18811195
0.31768510
0.23463633
0.21019969
0.23093832
0.17549573
0.39296620
0.18504884
0.31705170
0.46480010
0.21693330
0.09693881
0.18727235
0.33986627
0.14663543
0.12808216
0.16842609
0.10372287
0.32397874
0.34811829
0.15513652
0.20980859
0.14532428
0.26710981
0.33147443
0.14795906
0.30139005
0.16613868
0.23303028
0.35274194
0.32170048
0.29248425
0.39491168
0.47572196
0.39591552
0.49128806
0.24395550
0.18233939
0.20214068
0.25065841
0.28905264
0.33802131
0.23621853
0.22634851
0.43020411
0.17173907
0.30607465
0.31133572
0.16441671
0.31880118
0.37640164
0.23803911
0.24525398
0.41804463
0.32190384
0.13289880
0.40462296
0.21267696
0.42667665
0.11273641
0.12615327
0.35214732
0.40625475
0.26339001
0.17348166
0.33334087
0.11594576
0.18003944
0.34710816
0.39286586
0.46742537
0.31903896
0.21667260
0.26467648
0.10606772
0.13235117
0.37456389
0.37502867
0.23870296
0.27500374
0.50932428
0.10929354
0.36710325
0.32907423
0.26784616
0.36160060
0.32880918
0.38518234
0.15746552
0.26719220
0.17467092
0.35076078
0.37020071
0.37692493
0.16689836
0.24125728
0.25317887
0.15093442
0.17646806
0.15236428
0.15293321
0.18561613
0.16585384
0.18662314
0.33310583
0.35072139
0.38653804
0.34439717
0.43355214
0.33008178
0.52457059
0.34670415
0.22104834
0.19260328
0.25194774
0.46682330
0.32633214
0.46182573
0.37111055
0.36933869
0.17488694
0.15869816
0.25889167
0.28333150
0.30165539
0.38171448
0.24387431
0.23306393
0.30991928
0.27697858
0.27879045
0.51997233
0.35030025
0.23064908
0.13471523
0.52082540
0.26413950
0.40450175
0.46724347
0.27215430
0.42871935
0.32366152
0.15431533
0.27329052
0.24990457
0.19265168
0.15929425
0.29236709
0.13907965
0.38921127
0.19663150
0.36783974
0.31853517
0.43996323
0.26883789
0.18719882
0.46631133
0.22799827
0.32491577
0.13173042
0.23754212
0.16315911
0.29409860
0.14202255
0.18053204
0.29539243
0.12630907
0.52989031
0.10669916
0.14305364
0.16801895
0.33516935
0.37243983
0.30302252
0.22859939
0.36734301
0.27788840
0.25946266
0.21387569
0.13589684
0.36430190
0.33923719
0.23594297
0.19616583
0.14959581
0.12926806
0.26651179
0.31666012
0.16125875
0.27494663
0.16665441
0.11590395
0.25655166
0.24648735
0.45074072
0.26332578
0.43082206
0.11237613
0.11746577
0.19455751
0.10235971
0.16489346
0.25032035
0.15545951
0.30519492
0.41663096
0.13176157
0.41791719
0.16885894
0.16400350
0.35656763
0.16814153
0.15058398
0.36194089
0.30876174
0.30960962
0.19257528
0.36915312
0.25286129
0.34912485
0.24573638
0.24269441
0.31614991
0.36211873
0.17603808
0.22340466
0.16645527
0.32852676
0.35431791
0.15936887
0.24408502
0.40528055
0.34746636
0.17033317
0.19779253
0.50269954
0.23688619
0.23507752
0.17798406
0.30082478
0.34971710
0.42019065
0.15825965
0.41590738
0.31768646
0.08645706
0.18684314
0.10586741
0.13306138
0.25218633
0.18840197
0.39178891
0.19534984
0.27473563
0.19791529
0.12071593
0.11466958
0.22721956
0.23248938
0.35167669
0.26149122
0.29496885
0.12971528
0.22565652
0.17259640
0.45070860
0.35200561
0.40788049
0.34477970
0.26154551
0.24291481
0.27124649
0.20462643
0.51133460
0.36842188
0.42049027
0.26999274
0.24083149
0.25925048
0.19877949
0.20998745
0.36448930
0.27831533
0.17321683
0.46204235
0.25185369
0.17617927
0.24943086
0.29111730
0.23476929
0.18623699
0.16364886
0.31538201
0.43691622
0.11682056
0.17199629
0.10640191
0.21766434
0.36419533
0.37175455
0.30425678
0.37021058
0.18588331
0.13850435
0.28751723
0.13721599
0.32008981
0.12417199
0.16607302
0.41765663
0.15922930
0.12868562
0.34546255
0.37351732
0.38255862
0.16016858
0.18319927
0.22841651
0.20934117
0.24280094
0.18108839
0.42022580
0.39531169
0.27755932
0.16206474
0.16485005
0.33325195
0.30049868
0.32881503
0.41284629
0.25820923
0.29209195
0.23689905
0.21547583
0.13852783
0.18999562
0.26278690
0.14521998
0.21942760
0.37872217
0.41716233
0.44785942
0.28124387
0.23985484
0.17689201
0.11678170
0.44491408
0.11973140
0.21376625
0.42736344
0.41695584
0.25317828
0.27313716
0.09053606
0.33645092
0.45059512
0.24062859
0.15313758
0.32354999
0.24557112
0.16082866
0.13352404
0.19282955
0.40764898
0.22901853
0.31901044
0.18699567
0.34356471
0.51711008
0.38701002
0.19248147
0.11210424
0.15019749
0.17477921
0.32132245
0.21234447
0.19672992
0.25922994
0.31770649
0.33398328
0.21162170
0.12427507
0.29352925
0.14641697
0.32145478
0.33294762
0.23693835
0.33142231
0.40383882
0.08771226
0.36127594
0.26946618
0.08585876
0.15864129
0.16385104
0.25482641
0.26680118
0.16002393
0.19448813
0.40281761
0.36634421
0.33027372
0.16332469
0.34194565
0.19016367
0.26482515
0.15470390
0.49931463
0.17547899
0.42928565
0.38592822
0.20767914
0.19895211
0.27148833
0.46181704
0.18030425
0.14702879
0.16859135
0.15098616
0.33513924
0.33896761
0.40774718
0.34230292
0.25966305
0.35687466
0.27548297
0.36238138
0.22854990
0.30960738
0.25512993
0.35025644
0.26788307
0.25169803
0.41218001
0.11634476
0.29230412
0.35748672
0.28796095
0.18389073
0.46137615
0.10681475
0.44506412
0.32247449
0.29630582
0.33978185
0.14306656
0.46868029
0.28975257
0.43093856
0.39988729
0.49690374
0.43262062
0.23174108
0.43945411
0.33164868
0.26958183
0.16055451
0.41921195
0.30366784
0.27533767
0.16066397
0.19155517
0.33756253
0.28887443
0.31674719
0.28171164
0.25704516
0.09051558
0.31918502
0.17371424
0.43298596
0.37100614
0.15428780
0.46020898
0.23987159
0.44628807
0.28208077
0.35325837
0.20350970
0.32115066
0.47132875
0.19353957
0.39766984
0.17062421
0.20364574
0.35914014
0.39819721
0.25934697
0.46187909
0.34934121
0.51319417
0.38511923
0.33192640
0.42824386
0.30313820
0.17243587
0.14136991
0.10728405
0.17571346
0.18746948
0.27982399
0.19546396
0.32711665
0.14886190
0.21132527
0.14125764
0.22573124
0.41540560
0.38928770
0.53430664
0.27227473
0.10736685
0.24050237
0.36113290
0.17919067
0.35909408
0.33534508
0.48047505
0.27017976
0.45137797
0.38455273
0.13867684
0.38520400
0.34751450
0.08809811
0.25791000
0.33438473
0.29748259
0.37381365
0.49063568
0.41438539
0.22694335
0.28865158
0.30884173
0.25033347
0.30937467
0.23498630
0.23796344
0.20356603
0.27840086
0.33905931
0.18268456
0.32661625
0.29123534
0.45798568
0.30784941
0.18640861
0.43228558
0.20117387
0.19756326
0.39415394
0.18436590
0.29593674
0.48238922
0.29116575
0.21693621
0.18070855
0.41736367
0.18360290
0.46099378
0.09433606
0.24376693
0.12752838
0.20880025
0.21228321
0.18910744
0.19467195
0.24479769
0.30863252
0.51696510
0.25554321
0.37555873
0.23173417
0.53985459
0.18679450
0.17190794
0.22050261
0.33938383
0.19952091
0.43656912
0.30541111
0.33474890
0.15278551
0.11121258
0.22931503
0.14635810
0.36776834
0.25693656
0.51439641
0.42756999
0.14750416
0.30296320
0.15818947
0.40360031
0.17125157
0.13365751
0.25969559
0.14674715
0.23807661
0.13482996
0.49617979
0.28301299
0.10368732
0.23717531
0.35933471
0.42514058
0.20020764
0.26558458
0.13517089
0.37522706
0.31665386
0.37107686
0.48095780
0.29399574
0.24989971
0.25489179
0.15356194
0.26625500
0.50774104
0.32657599
0.36926644
0.15568100
0.52819825
0.20645696
0.12664942
0.25845059
0.43800242
0.23484039
0.34053528
0.10875708
0.34221037
0.13013218
0.32578435
0.18895938
0.29839123
0.39189172
0.11529497
0.32408977
0.54751535
0.29186480
0.35511459
0.34466889
0.29176565
0.42190218
0.43762231
0.16498000
0.25856614
0.22885988
0.49448432
0.34856034
0.42975413
0.14834745
0.26880114
0.26345319
0.16987644
0.43559607
0.24919865
0.17764642
0.31897015
0.17284697
0.38988308
0.15919062
0.47821713
0.34716204
0.34945483
0.45735910
0.12894504
0.32442496
0.29909817
0.23722802
0.30850676
0.20701423
0.16895706
0.23602224
0.40779282
0.43887389
0.21283574
0.28389686
0.18932001
0.27240007
0.32128491
0.34570732
0.38730798
0.28241411
0.29580261
0.45576608
0.43252015
0.33849318
0.49928728
0.24964897
0.31841801
0.22744978
0.29257619
0.31215125
0.27898017
0.40851016
0.15154946
0.16729137
0.29092547
0.15913470
0.26134599
0.18594549
0.38923037
0.20481216
0.27270027
0.31474882
0.30424167
0.47799066
0.32022914
0.29848054
0.25542362
0.22604367
0.42477099
0.28076728
0.34053260
0.20700851
0.32736549
0.29581471
0.43615498
0.15043796
0.39141430
0.39030840
0.38679133
0.38843832
0.15788169
0.23643194
0.19139950
0.38835315
0.23166119
0.22011300
0.20895422
0.19220902
0.21213324
0.24207729
0.31265618
0.19904047
0.32424020
0.36168936
0.18531159
0.42878841
0.37371869
0.27875629
0.43437330
0.20784077
0.24184661
0.29398210
0.33799615
0.13586116
0.21477858
0.26461588
0.24667359
0.52841845
0.30712703
0.30558916
0.23206610
0.52814820
0.29414058
0.38528561
0.18387016
0.37970023
0.10988180
0.17437696
0.23858769
0.32568132
0.20258063
0.45293845
0.18611182
0.14536569
0.41576665
0.42861656
0.43042624
0.32435841
0.32964312
0.16567081
0.41835880
0.43881292
0.43541982
0.34993406
0.51329137
0.36593273
0.27397559
0.29682813
0.16381235
0.19298427
0.42200047
0.19725323
0.10949471
0.24512121
0.29167806
0.10984336
0.23345592
0.21130175
0.27919871
0.44960636
0.21005046
0.46894265
0.30711741
0.31802012
0.19145938
0.21076572
0.36145472
0.18696019
0.27109340
0.38881628
0.20346730
0.14754131
0.35690449
0.28036628
0.20085135
0.20380836
0.38456742
0.14192167
0.26006624
0.08676395
0.11927789
0.49282623
0.20760287
0.11305496
0.12521191
0.21178484
0.17955548
0.23580399
0.22423549
0.20109086
0.10751388
0.24419134
0.16508502
0.20003030
0.55907532
0.45302293
0.14739037
0.16728378
0.16584586
0.31925323
0.13255657
0.48257631
0.14330471
0.13649405
0.14040031
0.40081456
0.35446331
0.14742150
0.23193566
0.33818749
0.13403784
0.34942895
0.21297650
0.35272035
0.13135649
0.19757935
0.35318986
0.26461850
0.34377582
0.28678789
0.41042381
0.33655619
0.26007238
0.34786120
0.22061275
0.46035322
0.13625203
0.40780367
0.33774025
0.22727027
0.33810181
0.33627584
0.27754953
0.15759431
0.46619145
0.22292999
0.17538720
0.20490330
0.22163845
0.12900230
0.41874227
0.15053247
0.24358126
0.23131673
0.28021368
0.12246865
0.10899090
0.07362956
0.18387898
0.44263455
0.35762051
0.32696234
0.19868527
0.17146253
0.21993075
0.19419474
0.16440152
0.36891405
0.46552277
0.27155858
0.35768447
0.38360729
0.43018543
0.15942265
0.14883897
0.16238025
0.33425109
0.18414332
0.17377260
0.29264566
0.25200648
0.21697867
0.47676840
0.33506399
0.28308919
0.23357303
0.30719922
0.16633315
0.33649191
0.25244508
0.15062002
0.39478462
0.21868950
0.08471280
0.29240931
0.12960657
0.34378317
0.39591348
0.25990494
0.16510326
0.21473068
0.30604096
0.30079158
0.27132888
0.21348374
0.23536846
0.26262417
0.37114792
0.25273079
0.18622519
0.34417181
0.41849630
0.31746163
0.33260771
0.25022751
0.22492986
0.34262138
0.29122694
0.13750154
0.14096548
0.16360308
0.28875884
0.22806958
0.33705135
0.29525882
0.43002145
0.37504873
0.32938512
0.24006938
0.22301777
0.38451586
0.16993191
0.41735593
0.35492398
0.22359607
0.20346301
0.26875679
0.09456126
0.49141177
0.19749154
0.36907075
0.26017260
0.39821378
0.30799814
0.39397540
0.24130556
0.35070660
0.27143439
0.31187261
0.22480732
0.32567198
0.37456143
0.36765888
0.40272902
0.08252335
0.29846814
0.45945078
0.34042669
0.20382263
0.35801970
0.39560494
0.15768336
0.09890399
0.20471656
0.39860497
0.40137716
0.21983479
0.41061987
0.29313772
0.38622646
0.08414689
0.28482050
0.22882638
0.28396772
0.38417523
0.25769733
0.21769484
0.40330673
0.34037021
0.35667286
0.29639031
0.24293266
0.42958446
0.15908665
0.16871307
0.26992684
0.40912788
0.33756106
0.09693878
0.40691466
0.31273179
0.43397981
0.46210416
0.35582276
0.40232389
0.47373002
0.21343801
0.11469030
0.19378222
0.28287563
0.21069343
0.37102337
0.42781331
0.42123152
0.43253752
0.18106390
0.24750339
0.29880021
0.12973963
0.25156256
0.35465134
0.35304032
0.40429234
0.12569204
0.11928015
0.29278197
0.42108709
0.47639746
0.32097566
0.29216290
0.43491968
0.37295589
0.37759686
0.42299497
0.30123565
0.25007716
0.57161806
0.24350990
0.21547516
0.34884480
0.31388225
0.41009148
0.19978308
0.16706282
0.36772456
0.26837588
0.14386951
0.17877498
0.36197884
0.22900447
0.16136856
0.32624300
0.13332297
0.20050358
0.34880789
0.29225071
0.34516869
0.26355720
0.41179552
0.26804967
0.25708284
0.26188343
0.18447201
0.30829311
0.12623396
0.35019680
0.34914419
0.34076144
0.48954427
0.14516099
0.10094637
0.37532079
0.39777170
0.20489687
0.23799259
0.31596952
0.33966530
0.33427741
0.22119716
0.16662731
0.15075263
0.17759177
0.33761355
0.30369801
0.32666141
0.44047113
0.24127101
0.26023626
0.43714187
0.34225334
0.36741310
0.33686530
0.17073611
0.16578045
0.47375394
0.43822421
0.31312414
0.29199202
0.19280447
0.24448525
0.28056453
0.27817836
0.37187179
0.30760450
0.17671514
0.46403748
0.15768054
0.26405515
0.16167553
0.22932292
0.35071865
0.46563620
0.13281677
0.20629310
0.49018018
0.18431202
0.15134434
0.24686462
0.37198797
0.29647405
0.21054616
0.51178774
0.39536378
0.13612391
0.19214760
0.10564224
0.59827895
0.41335171
0.36701463
0.18066706
0.22125451
0.10378088
0.50420185
0.25108382
0.30342784
0.31125678
0.16015508
0.16569396
0.34026930
0.24462910
0.15698492
0.52851495
0.15501585
0.18819550
0.39796569
0.19325594
0.26435280
0.17397643
0.26493899
0.13466984
0.11408559
0.49784443
0.30967501
0.30130792
0.28762419
0.24114133
0.37040864
0.32211973
0.16226112
0.21372943
0.34330967
0.17777651
0.14573882
0.28333784
0.25429399
0.30889961
0.38284022
0.13096967
0.34613814
0.25746876
0.38487225
0.13036924
0.29577912
0.25114267
0.41885648
0.30200733
0.34925724
0.33092378
0.22710856
0.32310305
0.25457204
0.42274277
0.29720606
0.16998226
0.14855931
0.14477975
0.30010044
0.21442356
0.29314479
0.34456427
0.17339662
0.38829776
0.34565685
0.28049324
0.29139786
0.45070612
0.17076567
0.24134160
0.32288704
0.29242657
0.44908910
0.24685091
0.47417596
0.46646359
0.23275190
0.27377133
0.23534962
0.47315639
0.38384178
0.20126764
0.28597280
0.27659123
0.11401601
0.32525795
0.21299723
0.23516837
0.47952977
0.29018015
0.10602182
0.15424912
0.13190662
0.34621106
0.32979284
0.25833386
0.19735716
0.46971533
0.39764029
0.22547597
0.31127833
0.32708865
0.27821662
0.22381284
0.33809081
0.48674080
0.35220186
0.12198829
0.49854763
0.30296883
0.35569896
0.39998792
0.12939056
0.13177482
0.39131181
0.09107388
0.47104431
0.15966479
0.41319513
0.27644911
0.39821489
0.18015407
0.20616009
0.26572326
0.30364205
0.25692015
0.31713424
0.30034617
0.19295266
0.30074713
0.50985235
0.14587583
0.11780708
0.45686823
0.36595584
0.22165547
0.37892668
0.34823961
0.37450362
0.17641483
0.33712248
0.38492968
0.40060205
0.14965102
0.24195099
0.31547926
0.37694372
0.12633954
0.17217372
0.16851848
0.23229395
0.37738398
0.25601357
0.23978283
0.44294819
0.12189877
0.27300255
0.34375335
0.26737851
0.36547812
0.14724169
0.32109635
0.36299785
0.17611913
0.27240976
0.31329064
0.13636190
0.44438101
0.45197745
0.23780988
0.18678359
0.18311444
0.48729014
0.46948676
0.40548697
0.27144996
0.37369714
0.32025963
0.20568781
0.40262332
0.32973653
0.21898993
0.09535806
0.33278955
0.11368050
0.49391496
0.15512621
0.17370057
0.17462735
0.24142475
0.46996653
0.26096405
0.13916736
0.23670944
0.14110125
0.10038493
0.35623467
0.28305947
0.22599618
0.38137859
0.25758774
0.17728964
0.13705809
0.12854638
0.23542761
0.35032182
0.20572861
0.19623287
0.08687088
0.28613735
0.11117442
0.23615993
0.21090041
0.38781761
0.50384168
0.26637004
0.13262962
0.27876673
0.20831361
0.35975746
0.38519454
0.24449847
0.11280650
0.19765139
0.31940439
0.13819888
0.35212998
0.41120287
0.10936608
0.32587957
0.21244859
0.24232668
0.46082434
0.19545299
0.22382013
0.36676661
0.21332829
0.36578153
0.35799930
0.22327929
0.27339928
0.18609453
0.23780962
0.46171523
0.33474887
0.16791294
0.13728288
0.40238370
0.18864519
0.26084674
0.36352276
0.12568341
0.19315971
0.32361821
0.17304258
0.37040477
0.44920072
0.47174703
0.27158610
0.11411490
0.24315115
0.42237636
0.49793114
0.12666616
0.16311347
0.12689112
0.43650175
0.26372398
0.10123634
0.12306710
0.38529377
0.11466479
0.11768309
0.44181184
0.31813590
0.21000651
0.36164180
0.36038744
0.20308958
0.36439094
0.22706225
0.25129830
0.20182267
0.39559370
0.42201617
0.21068270
0.11514936
0.25507725
0.15341807
0.13485734
0.19932592
0.16752364
0.18048595
0.23979534
0.37640823
0.41555976
0.34936063
0.41303467
0.40269939
0.10333189
0.22126484
0.37513465
0.46254761
0.38513179
0.39731090
0.26719956
0.48465502
0.10428214
0.31829474
0.20273607
0.17770107
0.26874509
0.31441733
0.51335909
0.14709447
0.22109839
0.46891791
0.14131131
0.31733508
0.24115362
0.43968850
0.36774026
0.38448414
0.45758166
0.18793270
0.26615762
0.20625498
0.37045724
0.17542248
0.30479329
0.23557881
0.43267541
0.25160548
0.27415663
0.28028751
0.20154980
0.11073810
0.17536920
0.28261223
0.52104356
0.26287670
0.47813455
0.15488811
0.43431926
0.26283973
0.21928582
0.15099748
0.38617470
0.12598994
0.14669846
0.19217262
0.14208112
0.26768989
0.17751339
0.24323295
0.25976579
0.39790381
0.20272870
0.22253307
0.28019192
0.20207349
0.54771579
0.21099357
0.30538620
0.14859029
0.19292240
0.21867344
0.15800850
0.35282301
0.48208438
0.24400789
0.12285496
0.30869310
0.47423062
0.41071290
0.16538163
0.29234556
0.30766619
0.48937996
0.19116967
0.44871126
0.33244478
0.43868128
0.28812581
0.34963162
0.20780032
0.29967092
0.24636424
0.32655726
0.30367066
0.27502103
0.49796098
0.20494909
0.36211123
0.27487191
0.12980230
0.19553027
0.34568855
0.14014365
0.32141471
0.22138064
0.20514151
0.37582736
0.23159743
0.13957316
0.27920845
0.39807086
0.14883956
0.41350090
0.10746220
0.17211886
0.30974121
0.31946592
0.32083543
0.26394403
0.44377165
0.15540823
0.36105011
0.26554804
0.13551674
0.27665495
0.21977793
0.20702107
0.20407666
0.16132590
0.40318422
0.26735254
0.24741239
0.41532556
0.39990437
0.32815702
0.31932263
0.36013260
0.34251850
0.33328606
0.47290697
0.08776800
0.26983167
0.14746537
0.40932991
0.40273266
0.27329366
0.33975902
0.24109969
0.22702029
0.33086305
0.35988569
0.18486061
0.18578299
0.24872870
0.19189366
0.10993014
0.28803578
0.22135476
0.34377594
0.25758122
0.23301202
0.32112582
0.17203472
0.12132486
0.38724805
0.45566082
0.25751110
0.41570612
0.31375758
0.28604036
0.33666927
0.07068360
0.16988754
0.15783703
0.11043691
0.22612465
0.34672737
0.11923133
0.40606062
0.14964110
0.45982039
0.22566991
0.16990884
0.38376232
0.25712920
0.45677079
0.47304431
0.41229712
0.19113669
0.25620365
0.13650382
0.50895232
0.21768474
0.37236932
0.40448648
0.30475895
0.15828663
0.16607950
0.19706319
0.53350195
0.17843733
0.32748815
0.22127398
0.29946878
0.15170939
0.16334565
0.38155299
0.26654789
0.30038203
0.34773869
0.23050709
0.26046901
0.44775447
0.26700405
0.36212793
0.24590019
0.36989370
0.44704123
0.16694839
0.37120677
0.36153909
0.50332145
0.45477083
0.13365244
0.21503018
0.29234189
0.16510870
0.26910122
0.12302403
0.12466459
0.18331807
0.48867154
0.29664382
0.15860057
0.19260074
0.28377845
0.33705903
0.09015785
0.23148809
0.28755506
0.14053404
0.12182370
0.19978653
0.31138592
0.31757519
0.13920987
0.24723454
0.28607280
0.41144479
0.27905277
0.08193042
0.06979280
0.41899338
0.38159963
0.31858051
0.47471206
0.41868309
0.20821974
0.37351251
0.20519073
0.17491216
0.38270484
0.22291160
0.23028981
0.31387481
0.25932299
0.40560670
0.40149765
0.08976359
0.23470597
0.14454975
0.23047910
0.27296532
0.44010732
0.20568304
0.37570815
0.20137033
0.24048550
0.25652093
0.13901373
0.24690744
0.38106280
0.45993253
0.13386159
0.46803278
0.14611349
0.23347300
0.18708900
0.24802963
0.30864419
0.17443247
0.30719694
0.14597215
0.26362420
0.32426531
0.21425571
0.18979253
0.22089441
0.18682203
0.22592315
0.23396646
0.22895213
0.20726089
0.22645907
0.14252845
0.17127346
0.37372372
0.31815332
0.33773963
0.10095232
0.25572880
0.33268215
0.14269649
0.41998456
0.17628045
0.23796133
0.34185249
0.29846191
0.43129621
0.23805380
0.34425667
0.22873142
0.22597052
0.35359023
0.36612407
0.16413752
0.22145092
0.32671859
0.25324152
0.34695999
0.28860810
0.50480052
0.29203718
0.28254097
0.35495409
0.19071093
0.32591192
0.25591704
0.31230700
0.26720041
0.27199602
0.25075574
0.23015416
0.27406255
0.16205683
0.50642677
0.23181181
0.46329266
0.22506963
0.35866261
0.31821224
0.25075331
0.49270033
0.38175021
0.28428558
0.33442130
0.31215495
0.18813604
0.31594327
0.53378553
0.31967318
0.45243674
0.20666537
0.17589379
0.13957168
0.29788344
0.37315886
0.25947751
0.29944940
0.35783421
0.14470549
0.23473141
0.23684355
0.13167997
0.31603456
0.26524205
0.11451413
0.41108121
0.46423201
0.28905211
0.39402578
0.21810793
0.21418931
0.18742486
0.39757560
0.49432695
0.41516834
0.45400599
0.36807483
0.46416094
0.19255258
0.16943124
0.20272262
0.21668933
0.14816595
0.37212746
0.33062347
0.39391777
0.34347711
0.18879599
0.45216678
0.17601658
0.36193488
0.45184197
0.45316839
0.27739868
0.16227359
0.27584224
0.23797346
0.12467318
0.10629554
0.17167726
0.17508819
0.47127138
0.45934927
0.18804853
0.07471951
0.16778764
0.23054874
0.31787763
0.34501563
0.35368653
0.34239769
0.13950592
0.26892183
0.27989140
0.15058578
0.40356341
0.18882002
0.23979562
0.36465189
0.47240635
0.42584593
0.45933869
0.42341744
0.36150749
0.09474319
0.15164398
0.48780037
0.15738938
0.12794272
0.32126694
0.18257478
0.47216679
0.31444465
0.44681523
0.54180184
0.15637685
0.18260904
0.25809731
0.42674382
0.19323461
0.28603785
0.46008435
0.30663622
0.30585225
0.32891601
0.28894696
0.25915560
0.16575130
0.41865054
0.17615762
0.13096651
0.49840639
0.08531612
0.32999179
0.40417261
0.31303950
0.11584486
0.47005159
0.39954393
0.27940345
0.22406757
0.06507823
0.27269924
0.35443081
0.25723225
0.34507350
0.24588133
0.45429368
0.37232639
0.14560558
0.29659800
0.28117456
0.37041337
0.44800196
0.19024003
0.23672567
0.47269978
0.18178080
0.22598859
0.35271259
0.37362895
0.28713524
0.43087618
0.10259520
0.38444150
0.35948765
0.33070983
0.23970893
0.17586979
0.36649499
0.23071557
0.35483178
0.16986342
0.32980792
0.25249634
0.44050456
0.22490609
0.13881663
0.14457704
0.25158320
0.20621095
0.43913107
0.46734859
0.21885793
0.25794205
0.24951535
0.37009155
0.10489044
0.17456977
0.34038886
0.27919711
0.15486553
0.17437536
0.25068584
0.40710629
0.34088895
0.37971013
0.41891233
0.25945388
0.14658359
0.26439768
0.35778590
0.19169961
0.54099458
0.36580619
0.24370311
0.33893068
0.10585087
0.28585807
0.21617355
0.20013895
0.33484438
0.55316728
0.47089235
0.35903142
0.21739866
0.34631943
0.24977335
0.21469331
0.34112937
0.29371568
0.34730133
0.21623010
0.17011832
0.36590209
0.07134855
0.24626994
0.38488485
0.36134700
0.18808518
0.27502379
0.24850851
0.25221981
0.27514342
0.23513248
0.26211977
0.48968652
0.20245389
0.43324842
0.31110099
0.09736563
0.31068975
0.32611929
0.15644366
0.14549256
0.29244171
0.45775268
0.28556552
0.13077904
0.22957339
0.19165623
0.39720385
0.39266787
0.42262379
0.33040688
0.35858217
0.48041752
0.31087620
0.33330435
0.16382114
0.39238084
0.17445774
0.21818138
0.49796226
0.31611631
0.13841642
0.24627052
0.44583772
0.10347120
0.29319283
0.16228988
0.38944968
0.26554928
0.27386811
0.35832388
0.18533053
0.46358029
0.56873925
0.40360778
0.15944585
0.16588478
0.22103553
0.10119425
0.31992347
0.11340360
0.29778595
0.29685331
0.28200974
0.19157520
0.20460198
0.22404736
0.10698265
0.21016916
0.33102138
0.37431663
0.44519504
0.17213355
0.12063215
0.43398730
0.35102544
0.17923463
0.31549809
0.29444437
0.17742829
0.34699734
0.31596936
0.26635367
0.20868850
0.39122448
0.23833016
0.29651521
0.26410680
0.17474656
0.17979275
0.32707871
0.22474346
0.42767752
0.44287165
0.24024784
0.22694930
0.15612900
0.21550345
0.14853898
0.43761437
0.33333893
0.32992764
0.42940722
0.34303357
0.34419369
0.26358672
0.11464332
0.16240193
0.11814248
0.38606210
0.16814276
0.25066593
0.28111100
0.23500295
0.34616776
0.13053351
0.42423356
0.36519575
0.36326108
0.31591522
0.17808173
0.33809118
0.29172543
0.35404411
0.44596618
0.22170512
0.22922460
0.44101924
0.28583364
0.38952674
0.36668000
0.22874442
0.21879626
0.35698250
0.30750108
0.34174031
0.19985692
0.16701662
0.23305385
0.33108689
0.16866987
0.44029870
0.40481471
0.25749684
0.11066018
0.26184373
0.29172554
0.22180871
0.42226117
0.14231749
0.14231734
0.21033126
0.38246969
0.28857760
0.32631270
0.18425721
0.46309406
0.23279832
0.43484665
0.13981277
0.44747287
0.34126424
0.34159361
0.20878111
0.43470600
0.16027254
0.21418788
0.43370103
0.28188054
0.48485643
0.21548861
0.18820111
0.30385776
0.32872816
0.31972585
0.42601621
0.32486863
0.22962121
0.37504674
0.42850295
0.14256169
0.30523745
0.28536519
0.45713521
0.46513527
0.23977616
0.24108351
0.30812444
0.16260412
0.19670776
0.51633012
0.45880624
0.33681461
0.20881804
0.36938666
0.41142751
0.22845520
0.36790304
0.14249319
0.12232249
0.39599125
0.21343072
0.51565629
0.36921929
0.20178936
0.46405925
0.34315127
0.46837232
0.18683441
0.19350704
0.23668866
0.35367108
0.22837018
0.23465672
0.24024202
0.38338329
0.37998479
0.28709875
0.16287277
0.28403365
0.17576833
0.25989748
0.25932493
0.31755467
0.22245399
0.29737504
0.21325112
0.22965443
0.14168742
0.39884039
0.11992040
0.21932973
0.34708868
0.19354258
0.37810457
0.29413597
0.32659980
0.11668084
0.50006702
0.22241867
0.32878064
0.29705515
0.25747951
0.33916039
0.36812143
0.55944212
0.18754132
0.39593923
0.30712545
0.19929283
0.57585682
0.39503035
0.45688067
0.33081560
0.13923742
0.31180225
0.30342516
0.15458084
0.20020915
0.23236781
0.38585306
0.47587404
0.45918462
0.18919837
0.18530684
0.27203867
0.37944340
0.31528843
0.18788084
0.20720028
0.31169513
0.38695368
0.31293969
0.45638978
0.16078325
0.38501857
0.36220608
0.19867898
0.28305172
0.41808585
0.15626006
0.48552891
0.14952498
0.33957706
0.33745985
0.31625768
0.22245353
0.19015510
0.18564795
0.13546855
0.13774508
0.31357994
0.24774735
0.15695241
0.45483851
0.47317628
0.16399257
0.37094136
0.51333298
0.42741254
0.14068597
0.36519628
0.31753303
0.12123437
0.29358793
0.20425093
0.21700500
0.25141039
0.33567514
0.22258060
0.39704004
0.14632755
0.38157685
0.13249679
0.42399946
0.11224460
0.39933229
0.20303754
0.20316841
0.28631322
0.42238534
0.38849019
0.19581407
0.16823720
0.24741495
0.24198179
0.17120702
0.24286566
0.12503455
0.26837729
0.21255753
0.41746822
0.15527462
0.35990223
0.29053823
0.10360809
0.43931860
0.18650046
0.09907689
0.43852113
0.39335245
0.44827054
0.11944734
0.25555259
0.37185286
0.27564026
0.08856301
0.23714581
0.27590680
0.29361533
0.34693699
0.13727672
0.30028732
0.14103479
0.31475347
0.29745468
0.14224463
0.33456334
0.41437888
0.35100662
0.22479821
0.30056765
0.25384829
0.19413306
0.47674204
0.20900530
0.24510744
0.12631945
0.34059117
0.32986771
0.45203532
0.44351084
0.25215034
0.18366886
0.15592447
0.32246717
0.42743194
0.34481799
0.29021106
0.42951094
0.38797931
0.27045370
0.16400535
0.29948568
0.52261883
0.15866732
0.10779565
0.19459183
0.17167852
0.38371766
0.32875052
0.22834674
0.12679636
0.30627721
0.14964602
0.39507092
0.37077003
0.32516030
0.17795963
0.43844922
0.30118341
0.50747848
0.23381711
0.45921929
0.14973610
0.22991933
0.27231452
0.14994119
0.32737220
0.20040645
0.25873343
0.32443099
0.27868310
0.25049128
0.21225447
0.14527518
0.27915481
0.31376095
0.26609985
0.19245498
0.14020905
0.42486733
0.11568953
0.40215885
0.20194567
0.11609329
0.43665862
0.37458732
0.41829778
0.29328750
0.28576226
0.40275720
0.18134680
0.34112940
0.24100706
0.41313315
0.09927146
0.31354067
0.17115383
0.14156038
0.39160763
0.33129948
0.38305560
0.32776083
0.16208374
0.36762976
0.38167300
0.34857502
0.19113394
0.13958548
0.37869399
0.17153325
0.21017828
0.16686846
0.43603252
0.31014602
0.47126680
0.14806067
0.43978092
0.28933122
0.11844047
0.18204395
0.40089431
0.36401653
0.08760736
0.24975580
0.30089360
0.31267471
0.59516118
0.44658725
0.22863557
0.39539947
0.28023735
0.41778577
0.41807990
0.09769822
0.13664546
0.24304445
0.31643486
0.38886437
0.30756656
0.22586940
0.44103242
0.37107282
0.19204327
0.25245504
0.24998675
0.15761592
0.17862610
0.19434565
0.44681003
0.14746053
0.19466916
0.28281630
0.37962846
0.25267016
0.47875782
0.15275637
0.17448997
0.44184776
0.40326722
0.42848406
0.12800571
0.15147253
0.14945840
0.30178045
0.21585332
0.13394432
0.14730897
0.40872985
0.18704947
0.36509091
0.21229140
0.33247613
0.16701469
0.24112242
0.18186437
0.39152475
0.19090328
0.19231431
0.37099256
0.31442570
0.17785257
0.44825339
0.50646608
0.31370647
0.18997702
0.28576697
0.16398609
0.29820438
0.17185194
0.34431185
0.26347015
0.20577993
0.48725653
0.10727691
0.16929232
0.28525086
0.27142090
0.10516520
0.26699533
0.33858062
0.20191503
0.20334187
0.24428780
0.14256322
0.29038076
0.34399973
0.08048280
0.32999957
0.43074548
0.19952443
0.46442355
0.49210560
0.19834998
0.23420301
0.19102449
0.20362019
0.19957878
0.21029818
0.33396682
0.24044686
0.31640416
0.12953343
0.40199729
0.31427847
0.34844739
0.13060412
0.19648262
0.41999836
0.26528640
0.26051638
0.13380927
0.14096806
0.16031732
0.15655628
0.37579568
0.32973823
0.20843575
0.14683316
0.20214601
0.15861713
0.42493300
0.20914645
0.17555521
0.42692596
0.29821014
0.36431526
0.46331397
0.26928251
0.34790118
0.37914195
0.37176040
0.16685521
0.25064463
0.25099878
0.21166422
0.39632586
0.14459789
0.34500921
0.19660882
0.35623268
0.23237423
0.51309313
0.16105887
0.26057661
0.40453807
0.29166015
0.11233426
0.40800799
0.31234561
0.29178578
0.24371804
0.16832926
0.37553202
0.33372312
0.49752313
0.28794366
0.12681567
0.17317898
0.41672326
0.31247202
0.28993269
0.48301034
0.46099161
0.24447932
0.33281421
0.54607351
0.29717077
0.36159848
0.31856789
0.35484754
0.11128401
0.11845973
0.45801026
0.15380055
0.14598010
0.24061904
0.47129595
0.36392994
0.44621857
0.25738427
0.35609060
0.43518931
0.38619081
0.32108194
0.22622488
0.39587953
0.33349882
0.15684883
0.27761323
0.12582437
0.21806897
0.36293664
0.39050427
0.40102049
0.20234160
0.23057851
0.33784213
0.28381569
0.29638295
0.10628982
0.16623640
0.47383601
0.25070312
0.30392063
0.07637193
0.15170902
0.30658214
0.32104038
0.35841280
0.33678728
0.13719973
0.25347439
0.51453844
0.33246684
0.48648899
0.38219957
0.31168564
0.09716343
0.34436399
0.45897417
0.17514454
0.21730684
0.17426764
0.30170417
0.10329514
0.14162457
0.45559414
0.42565566
0.30825434
0.28907725
0.14274637
0.15770673
0.14687854
0.38478686
0.41461470
0.22683371
0.20890310
0.35132719
0.42905924
0.40987024
0.27659547
0.37548904
0.25634618
0.22300338
0.20159632
0.27014334
0.15177233
0.21056618
0.31969813
0.11827795
0.28629439
0.27924143
0.26550533
0.27927141
0.49838303
0.29181494
0.18749161
0.28444360
0.31346712
0.19211838
0.18725463
0.14163291
0.31709382
0.10509250
0.35946552
0.11588006
0.39552329
0.40388158
0.20108754
0.17123689
0.40449395
0.17428597
0.35691711
0.30457738
0.28061485
0.18693621
0.16873744
0.44233464
0.26546745
0.17006591
0.18456774
0.29809907
0.43263575
0.29846177
0.18271440
0.21537907
0.22808807
0.10929885
0.46228797
0.24235584
0.37682768
0.59999746
0.27389421
0.25690043
0.13928584
0.26031246
0.31696756
0.44262323
0.15302305
0.34528667
0.31383118
0.10954413
0.24316011
0.43010533
0.37795456
0.23302506
0.20452525
0.28609540
0.25992335
0.11116100
0.18445167
0.18084134
0.35056592
0.45475329
0.29608411
0.38294588
0.13208697
0.31032599
0.24960576
0.12386780
0.18740537
0.39478693
0.14639947
0.33683852
0.26904130
0.38975826
0.40526441
0.14026630
0.24736409
0.10122768
0.27599624
0.10259719
0.33968745
0.35955797
0.20046497
0.20517085
0.24766070
0.33984066
0.27000513
0.17424814
0.23564752
0.39933869
0.27559453
0.32527476
0.38813584
0.14491297
0.15768295
0.36934112
0.43591405
0.27039426
0.33045548
0.18937185
0.12658734
0.25426024
0.29583487
0.33777737
0.30487964
0.29794745
0.38942579
0.32234213
0.42728402
0.20300155
0.50469276
0.25640495
0.40949230
0.18248876
0.27892241
0.33982779
0.44730953
0.40668876
0.15826583
0.29149037
0.35690647
0.29054075
0.30614652
0.20806570
0.19373777
0.45726713
0.11526608
0.26204804
0.31788336
0.19525116
0.16821133
0.21476610
0.35179312
0.32706753
0.27991907
0.15783625
0.28981107
0.39964756
0.20328643
0.43145153
0.30706939
0.20123660
0.48347036
0.37434783
0.32686435
0.11981106
0.44417751
0.11219754
0.25252162
0.18684702
0.21321976
0.48009975
0.31427239
0.39031786
0.25383152
0.26408554
0.41036837
0.41380877
0.41700356
0.14160214
0.26422615
0.10016588
0.17631057
0.41153995
0.23759198
0.22676118
0.14993473
0.41073847
0.31592931
0.15248699
0.30364092
0.19185583
0.47085008
0.17834215
0.20497292
0.46985945
0.26697144
0.19769235
0.23018990
0.24053223
0.35591899
0.30939768
0.21023477
0.18729531
0.17860731
0.35088084
0.10894832
0.30519017
0.26059843
0.17040408
0.09268443
0.38580990
0.24673569
0.40274483
0.34357954
0.46011170
0.21311461
0.38765116
0.30328532
0.49698071
0.28650947
0.10064299
0.39966593
0.46258164
0.37140332
0.40917649
0.48178250
0.15217721
0.07306967
0.36193788
0.33349549
0.44206516
0.44929332
0.48974461
0.42251629
0.18744904
0.13889322
0.27766515
0.25190830
0.20925834
0.43300787
0.33010318
0.29616493
0.21622936
0.45182947
0.24753196
0.36800037
0.28359093
0.17491906
0.22430149
0.15047603
0.13783705
0.34409314
0.34577209
0.31048346
0.25172099
0.11696168
0.34336305
0.45299126
0.32713357
0.30509937
0.42391228
0.37602490
0.41459532
0.38967028
0.29933539
0.30554384
0.40702007
0.18701587
0.41960793
0.24656300
0.31542582
0.41277834
0.39439627
0.43687608
0.21541006
0.32629710
0.31995786
0.23340640
0.36448343
0.24295685
0.39676963
0.32568199
0.20969461
0.22074794
0.16924281
0.19901196
0.15117967
0.12605686
0.20802875
0.39041371
0.40919887
0.40030637
0.11670890
0.40056433
0.11365018
0.30250021
0.19763080
0.23764793
0.20103219
0.22945342
0.30823654
0.10033541
0.47911653
0.16753426
0.08040969
0.21003608
0.31990112
0.28459351
0.11072155
0.18228580
0.32721882
0.32776271
0.11971811
0.25290948
0.29086179
0.11533229
0.22055734
0.19627200
0.41420063
0.18529707
0.18965347
0.20546305
0.34788235
0.21004323
0.38754797
0.36446009
0.37881288
0.10746056
0.24311049
0.24373582
0.54495237
0.40554107
0.27702656
0.18137231
0.18120877
0.18620401
0.12378872
0.15452296
0.16151264
0.26696540
0.24010935
0.36548600
0.20955279
0.44035542
0.15224496
0.29554026
0.28662451
0.47232431
0.39320848
0.14671964
0.27154343
0.21307378
0.10627507
0.19038144
0.29929383
0.48483500
0.18238409
0.47003103
0.17598258
0.46408580
0.13872233
0.34877439
0.47161405
0.25401973
0.16510213
0.14314263
0.46839856
0.20371603
0.49464703
0.16124752
0.41533129
0.21642695
0.33045169
0.32917222
0.22602499
0.26884799
0.13369984
0.20397033
0.11947834
0.38058542
0.37902768
0.15701890
0.26103968
0.26157270
0.28163360
0.21077852
0.31419697
0.28227109
0.19460707
0.39480572
0.28936407
0.31132807
0.43093798
0.35711042
0.35243069
0.14772947
0.15427845
0.47725735
0.36473795
0.44434558
0.25635923
0.40593823
0.19917176
0.31195793
0.36050021
0.29284342
0.25117307
0.13019478
0.38114481
0.33077600
0.29900490
0.38315861
0.19928356
0.36022333
0.40051973
0.45789495
0.30638468
0.26220948
0.18047895
0.24800179
0.16730227
0.23406857
0.23887555
0.34396779
0.50446010
0.36713578
0.33820977
0.32123033
0.44455645
0.27694963
0.34066394
0.37390389
0.11389358
0.31610564
0.30524819
0.24072600
0.23774749
0.28842007
0.46894352
0.33663543
0.36141217
0.11278832
0.19730080
0.11039193
0.35961366
0.39033855
0.28851817
0.12932500
0.40369221
0.36917982
0.30106741
0.34373109
0.31522405
0.15257278
0.37483228
0.20658678
0.41052068
0.28157099
0.11163684
0.31078445
0.20523399
0.30402301
0.31634150
0.10756598
0.32278391
0.35359835
0.35647022
0.47462620
0.14311801
0.17352756
0.19485339
0.23430335
0.18846869
0.39185109
0.47486077
0.19712758
0.31430541
0.42768514
0.36423655
0.49020433
0.16415638
0.15370180
0.12234928
0.16548178
0.37807301
0.38028062
0.40801446
0.47715939
0.21169537
0.40751550
0.33149423
0.24902936
0.32122248
0.30058195
0.14504969
0.41696815
0.19316549
0.37087362
0.43948567
0.20032480
0.33484433
0.10077672
0.39422571
0.17419542
0.15554540
0.24861052
0.36103810
0.11012918
0.15307776
0.31701187
0.18989597
0.27493847
0.42153751
0.27068792
0.13991352
0.14952949
0.40426946
0.26370297
0.39584420
0.24553426
0.31707975
0.42635859
0.35745486
0.49496665
0.46338456
0.26299857
0.26683846
0.23872802
0.17468677
0.31834349
0.22398138
0.42705468
0.24378678
0.12086840
0.27580442
0.17297790
0.19413175
0.41125176
0.30066846
0.51579613
0.40805082
0.45055733
0.33281969
0.18516721
0.09527564
0.38723676
0.17461493
0.44246066
0.37191712
0.22812050
0.14733852
0.24897377
0.24022954
0.09216506
0.19546223
0.27957677
0.27272160
0.34354963
0.32347462
0.21242033
0.24721755
0.26650364
0.36319727
0.14517201
0.28487532
0.13625288
0.21287429
0.21159975
0.10007326
0.26022949
0.24604458
0.27013092
0.37433947
0.27833460
0.26059376
0.48701076
0.13602010
0.34556094
0.40524926
0.24264090
0.22945556
0.29488772
0.11501045
0.47659929
0.40693863
0.34469990
0.14048240
0.31614778
0.20725076
0.56795976
0.25107129
0.33656261
0.31073408
0.17903244
0.09374210
0.32144023
0.18416773
0.15277374
0.31129683
0.17102955
0.41354087
0.43446603
0.22567085
0.12710490
0.34096638
0.23647499
0.37817705
0.26815241
0.50169644
0.30483683
0.23987399
0.42449567
0.29082902
0.26234452
0.15462902
0.20907804
0.39659031
0.18176821
0.28480430
0.19387784
0.21710485
0.21250430
0.30483578
0.13442194
0.16689491
0.43413056
0.35174268
0.30851592
0.40597081
0.26703898
0.27455286
0.21099953
0.24037280
0.34805727
0.12270401
0.37957774
0.36131240
0.41097247
0.24444079
0.43281685
0.28569960
0.19717781
0.24319378
0.12635439
0.18221880
0.18253021
0.48199585
0.13384428
0.17323508
0.26777186
0.29758179
0.49930575
0.29124942
0.30550569
0.45565157
0.32848685
0.38966869
0.18608673
0.21311249
0.45980812
0.36782610
0.38040003
0.28433397
0.20318701
0.32586088
0.28224826
0.46180492
0.19441917
0.15358111
0.16100287
0.45943997
0.29360016
0.42759334
0.28608384
0.19002204
0.16730531
0.32125752
0.39161211
0.44609055
0.17105694
0.17956066
0.30982244
0.21616095
0.38155580
0.15734882
0.25643244
0.12206860
0.35527562
0.24952172
0.18724953
0.23607436
0.22248323
0.29096807
0.18660522
0.42118009
0.48877960
0.39882386
0.46916148
0.36380556
0.15226867
0.50127595
0.20684833
0.38531443
0.40260705
0.48474446
0.22180662
0.45294548
0.17221132
0.51843341
0.26414314
0.40317785
0.45016033
0.25410550
0.45161339
0.46760775
0.35659047
0.22673390
0.28345853
0.28612842
0.25742462
0.14832405
0.28335566
0.31074621
0.39207959
0.22808824
0.23257731
0.17881433
0.19970852
0.32234117
0.24958257
0.30675660
0.11486046
0.29307897
0.36608715
0.34209125
0.27633068
0.41131115
0.38502883
0.35714938
0.11739820
0.11764329
0.33791988
0.47479257
0.36971456
0.21524789
0.34984063
0.41586607
0.32706339
0.27915950
0.34815495
0.15968704
0.16877589
0.30351293
0.25453894
0.38235546
0.48652357
0.29192047
0.13259492
0.28143413
0.29776319
0.30987063
0.54594674
0.37811156
0.28492146
0.37077363
0.30042547
0.25514697
0.37361166
0.33672071
0.22822969
0.41161106
0.31727461
0.41925255
0.19216851
0.29024602
0.45341352
0.35673860
0.18164327
0.16342842
0.20447855
0.21603553
0.41062725
0.21058529
0.14393922
0.35861907
0.20565242
0.11487641
0.14542590
0.47867544
0.21358307
0.37066516
0.46935695
0.17314830
0.08291073
0.42394339
0.18496313
0.19006402
0.13495165
0.29106379
0.16696222
0.53258808
0.19590088
0.13370008
0.44047008
0.28105791
0.50310433
0.46296541
0.36245601
0.40376086
0.19553183
0.29734192
0.28727640
0.17070738
0.16440466
0.33251781
0.35920762
0.24020066
0.36645363
0.11877073
0.19647608
0.44880946
0.25250587
0.35935238
0.32864791
0.31972990
0.22107626
0.33635456
0.32753911
0.27275464
0.24328172
0.21806086
0.22657552
0.12087077
0.40077981
0.11905543
0.12865401
0.25269786
0.25254970
0.18049650
0.31393751
0.16540154
0.16667788
0.34812864
0.12627753
0.31691338
0.39607051
0.13934504
0.34552263
0.47147292
0.23574314
0.16184909
0.30983965
0.42056232
0.38438273
0.28351897
0.21358872
0.41914254
0.19921574
0.48218629
0.35716219
0.45124705
0.14591642
0.32157719
0.42589870
0.40920108
0.54037294
0.34216614
0.25863498
0.26034214
0.22560652
0.28598764
0.31390405
0.41481312
0.14942545
0.08831788
0.32378683
0.43234999
0.43462615
0.21760210
0.10846585
0.14912381
0.39377721
0.50050245
0.16915882
0.41820041
0.25276114
0.13597643
0.13974315
0.30662245
0.14370667
0.11100862
0.29130093
0.20872852
0.28107686
0.26436589
0.18692232
0.12945921
0.31478807
0.21648925
0.23011432
0.38542802
0.45230016
0.31818184
0.28146931
0.40686567
0.41868495
0.10864255
0.15452376
0.12251289
0.22500363
0.09144033
0.14815358
0.32991496
0.25118816
0.20704378
0.42962817
0.22784383
0.13718355
0.18580355
0.16284980
0.31958642
0.26960958
0.21271530
0.16575648
0.40755565
0.14066262
0.13206533
0.16237784
0.23217860
0.31375673
0.11915374
0.18852889
0.14708648
0.15562326
0.23879167
0.37531949
0.19064563
0.47204849
0.37014148
0.13647210
0.11094246
0.26837890
0.25518268
0.26138958
0.47722633
0.40914845
0.22092891
0.20426463
0.29990402
0.25479681
0.34499863
0.34917379
0.12165126
0.18419462
0.31672087
0.19181132
0.22471755
0.18015395
0.37852599
0.31036094
0.26168445
0.33669304
0.29187910
0.31733226
0.21082441
0.47828696
0.36666393
0.24786725
0.21283915
0.27830895
0.16153916
0.25484516
0.43578985
0.16146311
0.18785605
0.15588474
0.46463680
0.20038710
0.23042504
0.46688134
0.32187849
0.13006619
0.27248541
0.45361078
0.12488826
0.41796215
0.37668822
0.22179441
0.25162643
0.25586224
0.19148080
0.40843124
0.37792305
0.38736439
0.25146051
0.30419670
0.37358871
0.11607346
0.36220804
0.15042246
0.40147951
0.29756342
0.33562622
0.16082819
0.33486805
0.27669499
0.23066451
0.21230885
0.27651509
0.36404660
0.20010681
0.20373259
0.13185688
0.26524212
0.28826779
0.24230296
0.45688868
0.15527362
0.13772069
0.32020609
0.24818559
0.24806122
0.21815862
0.23011605
0.11448489
0.20285217
0.07253629
0.24051111
0.34558371
0.20609973
0.28350257
0.27285196
0.15384145
0.19312577
0.54379697
0.29716667
0.39072994
0.14430132
0.15822784
0.39815491
0.29104971
0.34765101
0.15279334
0.42005891
0.14233468
0.33272529
0.37064542
0.11457709
0.13196284
0.35705664
0.16099424
0.21410871
0.23073977
0.29167427
0.27148840
0.25402433
0.35495835
0.33560357
0.29612047
0.27643805
0.28296527
0.35090249
0.26637795
0.53751803
0.18340252
0.31593768
0.15172386
0.30234144
0.14104641
0.41355346
0.27259824
0.41992585
0.43997503
0.40907776
0.40779636
0.46352009
0.26602742
0.23410200
0.21697629
0.40513301
0.47023135
0.30392838
0.15900481
0.20577771
0.29675946
0.42782031
0.13941804
0.21335744
0.15531531
0.23537944
0.13662859
0.32740885
0.31955982
0.29726100
0.19177441
0.44650337
0.40571456
0.31832373
0.11325531
0.18407721
0.13503963
0.21784423
0.16700882
0.08781186
0.47100513
0.24603160
0.39791418
0.19998999
0.20184315
0.19326328
0.38759005
0.21023754
0.21385739
0.29041991
0.17423733
0.20563732
0.20088390
0.29474356
0.35866082
0.38272594
0.29588876
0.50888084
0.42491355
0.39091713
0.36506848
0.17977658
0.44535060
0.37037780
0.40912458
0.38193315
0.24923460
0.19200085
0.20879527
0.46425674
0.27209462
0.14026693
0.23354599
0.44259155
0.28023446
0.17701854
0.42111331
0.12686556
0.15178796
0.45121556
0.28141450
0.19448868
0.32563854
0.18635879
0.19047029
0.19165504
0.21454447
0.24979984
0.34806953
0.28480440
0.16474565
0.34081558
0.17769716
0.25105439
0.19895507
0.18012505
0.19366300
0.21678424
0.23856925
0.20156620
0.14356457
0.10763358
0.23011715
0.19931472
0.50738984
0.41293124
0.34162637
0.29293094
0.20920034
0.41908047
0.31984071
0.08600785
0.21994161
0.24768302
0.13557344
0.30781653
0.34351329
0.16174274
0.28754009
0.21508759
0.18266327
0.28855951
0.19744206
0.10514179
0.41788228
0.18324186
0.30254064
0.38756467
0.16511745
0.41517928
0.22413592
0.10854299
0.17132401
0.35677500
0.18858874
0.20761427
0.45170765
0.23619304
0.13382705
0.32327375
0.18952963
0.11834295
0.43470586
0.12465568
0.10037130
0.31458705
0.22866954
0.17245865
0.08478063
0.31280762
0.31544428
0.17546920
0.28616482
0.28932593
0.18666329
0.15875309
0.22233640
0.22729845
0.45301980
0.42255365
0.13191050
0.13570473
0.15311405
0.18648439
0.37084740
0.20137059
0.33480569
0.41030960
0.21454827
0.37985693
0.25108860
0.28730402
0.28334823
0.40021318
0.19796145
0.32594835
0.36558785
0.12744166
0.29575122
0.16645489
0.21599656
0.20406797
0.27320654
0.30509790
0.23659136
0.40379605
0.35829775
0.43876376
0.30647818
0.16047871
0.52529980
0.10297307
0.40929792
0.43249262
0.31295360
0.40905862
0.25002024
0.25567078
0.15402378
0.48923857
0.37356163
0.24646976
0.14063822
0.24041942
0.43625383
0.32040381
0.29555054
0.43507726
0.27352022
0.16171679
0.24074388
0.35313980
0.32199554
0.20965366
0.19529990
0.30567625
0.11726529
0.30838950
0.22500006
0.32284830
0.29044470
0.15810784
0.33679712
0.40502843
0.30802597
0.44106478
0.27019435
0.27718467
0.23120421
0.33273676
0.44891327
0.19839568
0.21399309
0.25655536
0.38019010
0.42608923
0.36944506
0.43163573
0.36157251
0.41890166
0.12312961
0.44020779
0.16291421
0.32788238
0.15742325
0.22604160
0.27499424
0.44949282
0.16137237
0.35072733
0.20184817
0.51427427
0.40940443
0.23510809
0.19956446
0.25041790
0.46470005
0.21997457
0.18738977
0.26271445
0.35512037
0.19149578
0.22428192
0.18067040
0.14797521
0.17811622
0.11905032
0.20612555
0.43218458
0.18848314
0.35864250
0.19462250
0.14415754
0.28028990
0.39277436
0.24202798
0.10620872
0.35841751
0.23490819
0.11901248
0.30719467
0.21569164
0.19186508
0.30763879
0.30659473
0.27109296
0.22519045
0.33116265
0.20677976
0.17430023
0.36362269
0.21646166
0.29134802
0.26643810
0.17574255
0.26579478
0.23299926
0.50316519
0.24088175
0.19432790
0.31083365
0.50174444
0.41972676
0.32092197
0.28730264
0.25611256
0.30163895
0.20787386
0.08437700
0.43027307
0.31560237
0.46299613
0.19173063
0.43398210
0.43031528
0.24123676
0.22319896
0.23801100
0.23997047
0.41246475
0.20865787
0.17884088
0.15035714
0.40041372
0.40930137
0.21230883
0.21380741
0.35094993
0.17365521
0.31879387
0.24664557
0.12631286
0.30141631
0.39281047
0.13649714
0.08418653
0.16443596
0.29182312
0.45715082
0.15919586
0.38814701
0.37100346
0.42764602
0.33728953
0.18320951
0.31255658
0.23499623
0.44254894
0.32173029
0.13133816
0.36408158
0.27514199
0.16567633
0.27986295
0.12868683
0.10607650
0.19394823
0.24887717
0.29673809
0.19720136
0.11007726
0.40531307
0.42515726
0.43541863
0.38216307
0.14077268
0.19104688
0.16592503
0.35020912
0.29466370
0.25934558
0.15896423
0.16698896
0.29404885
0.34186952
0.15033039
0.24551433
0.16665382
0.27062356
0.36008576
0.24914738
0.37232272
0.13014837
0.43904572
0.17101762
0.25025616
0.39163643
0.23509390
0.41761615
0.19102971
0.14981603
0.32045777
0.32838378
0.21282485
0.43203051
0.16180302
0.19015322
0.41189025
0.36061991
0.19927019
0.36422959
0.35034301
0.40523668
0.19028767
0.40837263
0.29741418
0.35196034
0.14037409
0.34142507
0.31757038
0.32972643
0.35933302
0.26186312
0.42833557
0.11841497
0.36387359
0.23589002
0.33625915
0.32906784
0.35219023
0.48822597
0.22799572
0.14053099
0.46268149
0.16943732
0.20329540
0.21821173
0.32952374
0.26635740
0.26047898
0.33861129
0.17374326
0.13497425
0.22107987
0.29654418
0.13550088
0.10321249
0.17096451
0.26934747
0.25879075
0.42717281
0.13285755
0.33440325
0.29862835
0.32344383
0.39466808
0.20267266
0.19332280
0.22394333
0.28735837
0.35704876
0.33773827
0.38997827
0.18597346
0.17069552
0.23850591
0.32824096
0.16270292
0.18904341
0.27618937
0.20445596
0.15409676
0.12008922
0.10822385
0.15559721
0.41191478
0.25549390
0.30215964
0.20397436
0.37930236
0.42770256
0.41000325
0.32750530
0.32985628
0.43396337
0.41585148
0.13917765
0.17002113
0.44697663
0.47365893
0.24267093
0.13343591
0.38949059
0.41308923
0.14136599
0.12726567
0.27824326
0.17033434
0.22626700
0.18621031
0.45857581
0.44812821
0.26000578
0.21585651
0.18657007
0.12178333
0.18161609
0.27730367
0.35793372
0.34977466
0.17263787
0.34199951
0.13177228
0.22003202
0.20585015
0.42764923
0.27243994
0.22946342
0.18394642
0.23969790
0.52466886
0.34552056
0.21915608
0.24117517
0.21657601
0.31500689
0.48290331
0.45518465
0.54986798
0.16420253
0.35683721
0.24476063
0.15250068
0.27924985
0.38543451
0.33405321
0.25129437
0.26490421
0.16704506
0.27235458
0.38444685
0.15365083
0.18128275
0.36754068
0.27032710
0.13891018
0.35752096
0.39620070
0.15831071
0.21576795
0.21459569
0.25561478
0.45237018
0.24811220
0.43663634
0.43792554
0.39137103
0.41237225
0.33072621
0.09528888
0.12923093
0.28651086
0.16326746
0.30590203
0.28525685
0.38338661
0.22105123
0.24998589
0.16352475
0.14649369
0.30917788
0.33459415
0.17969547
0.15821958
0.23464090
0.21541331
0.18272818
0.19269453
0.14993935
0.24129186
0.33975727
0.31530613
0.31342592
0.23564279
0.12080938
0.41667241
0.32229984
0.15858695
0.14774120
0.18707491
0.24959306
0.09472850
0.19386931
0.28738997
0.26325312
0.44658094
0.12750500
0.20709130
0.37522524
0.40632542
0.36265425
0.25713135
0.08562912
0.34124590
0.47986804
0.14420461
0.30585401
0.48532242
0.38113714
0.12490301
0.15637724
0.16421177
0.42159737
0.37735761
0.42047593
0.13553494
0.23483406
0.23762954
0.25234080
0.15678462
0.26063157
0.25460555
0.26174139
0.25243412
0.15526134
0.21312181
0.20960188
0.20141101
0.26428401
0.11281513
0.37065103
0.25492139
0.33650559
0.33682890
0.30430843
0.10047890
0.32436297
0.23499886
0.42532186
0.23113173
0.51891547
0.19134301
0.29134166
0.45836254
0.43593492
0.37390355
0.24700991
0.44889402
0.30229955
0.25925304
0.50284877
0.36695414
0.31178519
0.29866417
0.32802083
0.30384728
0.29016121
0.33689138
0.21796392
0.41969677
0.28853000
0.42106379
0.19925157
0.44675903
0.11126641
0.31973728
0.40361763
0.38309780
0.15555708
0.19956340
0.24376312
0.15540233
0.12820538
0.12485399
0.42791949
0.52216977
0.17189153
0.29329622
0.26349260
0.40620884
0.48073797
0.50292743
0.36087293
0.33767607
0.44949462
0.39543423
0.41271632
0.33243506
0.38960446
0.09573727
0.15863470
0.24647061
0.08770230
0.20193374
0.18830281
0.20443258
0.16704533
0.47900791
0.32003678
0.18857346
0.49666396
0.36108602
0.16244496
0.09241748
0.20215167
0.26542160
0.24976536
0.30695006
0.24894570
0.38512342
0.23965567
0.44784973
0.37092743
0.34952899
0.38006407
0.43121727
0.13647153
0.43991272
0.41977368
0.26367361
0.18732857
0.11878976
0.27353625
0.14173347
0.16669143
0.26836238
0.23895171
0.32067144
0.18655580
0.23793556
0.19767402
0.12854156
0.28258421
0.40909106
0.41720684
0.17733568
0.09378583
0.17184131
0.15556028
0.36167504
0.14302740
0.48496906
0.18418440
0.24112405
0.15598395
0.17615138
0.32096664
0.23040156
0.37592666
0.32579476
0.43366850
0.46900034
0.22374605
0.29954688
0.47952569
0.40354025
0.15846260
0.33534449
0.37220853
0.27446508
0.26235503
0.19713448
0.29042402
0.26886944
0.40411463
0.27041697
0.29867982
0.50573894
0.27742966
0.43637663
0.43331942
0.22749747
0.36028905
0.25522169
0.22440531
0.17781088
0.17434320
0.24636152
0.12547783
0.21015379
0.29184148
0.46939261
0.21606362
0.23804354
0.41353144
0.26859125
0.18653720
0.19651106
0.25865185
0.33743518
0.24065506
0.12997243
0.35879321
0.44230685
0.44209052
0.41467043
0.26744356
0.30578656
0.20951465
0.16369477
0.40519255
0.20289708
0.35019675
0.53074721
0.18201968
0.26380919
0.11674599
0.44451019
0.19568088
0.13581443
0.11472654
0.35458202
0.39702131
0.31258395
0.22013896
0.21548958
0.33260084
0.22314326
0.12410765
0.36884935
0.37278807
0.39797150
0.26907064
0.22065539
0.21276490
0.31160423
0.38606398
0.24316811
0.41131360
0.48175550
0.23515173
0.33291210
0.29141448
0.36546004
0.16774959
0.12744111
0.51014064
0.38517403
0.17994713
0.16446943
0.13475252
0.24985144
0.36151804
0.45203597
0.39798552
0.34826293
0.34965570
0.10213818
0.35857872
0.27276572
0.40590981
0.25634984
0.40965641
0.35676386
0.23213464
0.53277176
0.17421594
0.32010860
0.33435877
0.30528502
0.16426831
0.12993805
0.26394630
0.29881885
0.34453533
0.28472249
0.38804616
0.44899960
0.12133942
0.16128955
0.30818542
0.17183098
0.20948188
0.37116808
0.31842544
0.39078088
0.16375074
0.54432358
0.22468113
0.32491457
0.28463373
0.43683692
0.34846359
0.13500822
0.33681717
0.49014103
0.46121759
0.15578501
0.11583124
0.33121471
0.23568502
0.16411506
0.29369779
0.16357950
0.17658766
0.15790646
0.33884107
0.19212721
0.11230042
0.22162725
0.29654389
0.24894397
0.34102551
0.26127494
0.17442518
0.54322826
0.39098356
0.37002410
0.21892299
0.20174783
0.21300387
0.30401966
0.10390708
0.15534426
0.32919044
0.34629302
0.17158323
0.14218928
0.35370866
0.39303963
0.38808862
0.22218722
0.09682763
0.18763254
0.39419224
0.13155525
0.18085125
0.12450597
0.30764519
0.34773569
0.45366800
0.26428875
0.24208369
0.06457717
0.16150980
0.26544163
0.37055647
0.28494652
0.22789736
0.18704471
0.12991069
0.27038016
0.24555521
0.46948061
0.20620785
0.43191900
0.24285170
0.40008253
0.14135962
0.16251928
0.35243447
0.15204180
0.35872360
0.09342641
0.36074555
0.28219836
0.13379867
0.08795774
0.24008604
0.35195046
0.14546219
0.25844631
0.11655008
0.30361839
0.50178329
0.47851430
0.18442259
0.31557933
0.40387875
0.34688682
0.36301115
0.17255324
0.28882806
0.40308161
0.28541976
0.26963535
0.32963603
0.22649985
0.25818539
0.20791131
0.24562172
0.25956081
0.09154563
0.21871336
0.37534289
0.36451253
0.33332906
0.33311862
0.18660981
0.10253698
0.35102985
0.46495014
0.37895120
0.35194617
0.21880471
0.24777994
0.24379511
0.30852379
0.19391821
0.15688151
0.26164294
0.26893538
0.22138626
0.20977431
0.12588397
0.23767850
0.23134942
0.31022817
0.46395364
0.23313192
0.28532446
0.51552871
0.10513407
0.32027834
0.13433250
0.34147810
0.10975946
0.34262590
0.27859782
0.48413627
0.19892674
0.56782797
0.17827672
0.20562671
0.21711196
0.33835489
0.25714073
0.17534221
0.20572356
0.15778655
0.13876334
0.40862561
0.46491574
0.29889222
0.36444206
0.52231732
0.17469067
0.10398245
0.32707611
0.19835957
0.13521112
0.16433455
0.17852045
0.34594844
0.38894202
0.16734328
0.47869442
0.31590986
0.32358118
0.44573708
0.13813922
0.44208939
0.17100173
0.16310316
0.33077906
0.31902039
0.40643667
0.13918279
0.13614714
0.32496717
0.15051796
0.19147339
0.30623525
0.13873131
0.37191866
0.29673072
0.09603918
0.41228109
0.37448649
0.43648323
0.35502225
0.20628346
0.18887998
0.40907025
0.17574966
0.24458002
0.21792203
0.46029985
0.09233973
0.12371988
0.17005639
0.37158501
0.26932160
0.23251804
0.39304644
0.40567837
0.18306312
0.22481749
0.19814754
0.30930591
0.31319731
0.08998249
0.41725755
0.19944382
0.19998252
0.26637647
0.39091672
0.16161354
0.41510161
0.39868337
0.30824986
0.27705526
0.23546830
0.09851269
0.22852850
0.11088163
0.18070524
0.28834112
0.32717998
0.22109418
0.36731701
0.31884379
0.15823385
0.31476350
0.50998027
0.38200111
0.15673219
0.24761955
0.34071239
0.09224242
0.15175805
0.22249711
0.18829818
0.15365108
0.20141939
0.24793807
0.24737624
0.29370661
0.20841937
0.12421585
0.37015136
0.14355965
0.17234199
0.40360822
0.48365405
0.35697162
0.15863620
0.10848076
0.19659184
0.41385498
0.28628846
0.21683284
0.46132619
0.16386366
0.42307902
0.38437254
0.20071185
0.23177930
0.12466074
0.21387743
0.32188654
0.28015284
0.20568752
0.28448573
0.12460203
0.29244332
0.20727432
0.43650615
0.40160354
0.27235408
0.36919142
0.31365809
0.23309476
0.43282369
0.37235666
0.35600083
0.34920044
0.28770032
0.16149868
0.44353490
0.30306791
0.28116991
0.14800582
0.17449960
0.38630902
0.19003510
0.12121975
0.20359264
0.33960833
0.17232277
0.29625877
0.44643725
0.15792512
0.28384387
0.32095961
0.34585450
0.33643648
0.21855882
0.40027613
0.28413291
0.29173863
0.22615516
0.09901185
0.18147914
0.14034927
0.48415946
0.16286040
0.10190899
0.12378998
0.22434235
0.19109612
0.17120042
0.21661398
0.18502806
0.32887033
0.16826522
0.43816867
0.19559519
0.19485481
0.35922268
0.31098594
0.50232054
0.21621226
0.33316016
0.28740500
0.38046679
0.38265732
0.19208978
0.16664290
0.28652628
0.27214762
0.40643145
0.38338937
0.29180799
0.18366017
0.11155075
0.19976206
0.19908065
0.31635316
0.24922560
0.47961925
0.45193525
0.21202263
0.49325314
0.19283459
0.21938403
0.40838624
0.23131185
0.25089534
0.30243465
0.40628730
0.37828143
0.24397196
0.25844314
0.46206461
0.30296136
0.38539810
0.18990565
0.08478713
0.46466302
0.31004718
0.37385491
0.45606982
0.41241215
0.25900223
0.28389558
0.41510399
0.25613837
0.39155113
0.23374059
0.24699584
0.25315057
0.20723686
0.14519214
0.35988053
0.40830390
0.14125644
0.23056027
0.35458181
0.17504924
0.37400342
0.23242153
0.24446128
0.30907732
0.20285298
0.17705357
0.46196167
0.22329185
0.40222718
0.17667229
0.11282018
0.21190542
0.13491882
0.26727876
0.25180645
0.22015526
0.27709364
0.10967826
0.32929346
0.12769135
0.25077294
0.15278077
0.26152228
0.28469861
0.22388609
0.13860241
0.47550920
0.15515703
0.48330138
0.36289073
0.33296027
0.22929633
0.32924343
0.25234598
0.23586174
0.32280989
0.18111799
0.36122848
0.26974610
0.43403448
0.41006292
0.20521869
0.16708477
0.17281128
0.40695544
0.19867157
0.19625113
0.16272215
0.52695154
0.12138699
0.40501225
0.27601178
0.20013406
0.22763948
0.20165300
0.37354239
0.42156326
0.27403989
0.15348532
0.13771232
0.38343537
0.31388631
0.28029670
0.27526732
0.22226157
0.30587328
0.47126857
0.23382833
0.20107077
0.11580354
0.08962893
0.33692330
0.35953645
0.33156205
0.12261610
0.33174366
0.32528167
0.11548523
0.43815303
0.28695562
0.11118290
0.14914428
0.26488442
0.45036486
0.30436023
0.32726124
0.48379655
0.15951318
0.19084069
0.20163361
0.41212828
0.19594895
0.24265914
0.13001266
0.44267732
0.14651682
0.21560506
0.29233255
0.19714136
0.26592426
0.24208008
0.11643485
0.44486670
0.11180359
0.32712394
0.20257827
0.13628256
0.11878838
0.18681709
0.11983919
0.27162039
0.17180786
0.21702630
0.23257760
0.10091119
0.19955060
0.40052779
0.24397816
0.24919763
0.23039814
0.23541890
0.36330958
0.39851620
0.37419143
0.28562016
0.31104304
0.15676355
0.19703574
0.17372678
0.49088618
0.35995772
0.23895918
0.23163794
0.27962393
0.34678449
0.27256049
0.29922183
0.49297134
0.36762015
0.26111233
0.15811543
0.18085741
0.15608181
0.11378304
0.50488573
0.33861936
0.26603407
0.25212872
0.35270935
0.22563072
0.44222478
0.14294336
0.26132090
0.30540304
0.11666361
0.31275180
0.20030448
0.18999908
0.25169805
0.31024131
0.57056965
0.28581483
0.16936711
0.23990174
0.50133128
0.34515509
0.23225329
0.20558353
0.30533813
0.13962120
0.32050713
0.34549482
0.39356737
0.24816217
0.21685773
0.20412521
0.33534019
0.15058384
0.09747153
0.27719996
0.37217332
0.62972377
0.28539368
0.41517632
0.34858675
0.34035209
0.29063586
0.45189796
0.33943851
0.54621033
0.13923754
0.35825988
0.35358277
0.31902995
0.36036237
0.35473289
0.39251790
0.29312716
0.43168254
0.31269445
0.21909392
0.22402378
0.19697672
0.37477293
0.26503918
0.20115342
0.25839238
0.30545448
0.45006594
0.22130917
0.35844066
0.16075910
0.28640494
0.15295277
0.18712947
0.10297901
0.12985753
0.39090639
0.19141316
0.29506493
0.18318201
0.16160686
0.33029016
0.47774692
0.25802473
0.10461625
0.14266853
0.41393104
0.15210213
0.40717001
0.46468327
0.13217945
0.21541225
0.44403118
0.23550719
0.24427631
0.21124733
0.18457075
0.28068660
0.27634435
0.34495166
0.24966807
0.26978771
0.18208451
0.37032513
0.24419671
0.31493271
0.28508713
0.22674188
0.50737333
0.29216503
0.35984240
0.20925266
0.19211509
0.29784271
0.27648602
0.24931333
0.16814617
0.11008810
0.18733073
0.44132081
0.15035272
0.43502564
0.30201395
0.38007623
0.14332842
0.22730837
0.16257815
0.36340517
0.33799158
0.39557739
0.21056876
0.35683177
0.30483985
0.37685133
0.09742959
0.41282438
0.38824308
0.16593355
0.12445411
0.11439425
0.37126412
0.19808247
0.42640886
0.40537350
0.32215855
0.45080945
0.21579105
0.37551252
0.40866964
0.30961134
0.44309103
0.41922453
0.23793790
0.17468559
0.34403391
0.21064610
0.45629970
0.38289409
0.21719544
0.21316486
0.37318213
0.21516995
0.24401838
0.28888510
0.38713160
0.22844549
0.42505353
0.22505521
0.31758646
0.24164170
0.27379037
0.31647235
0.28146231
0.36706611
0.34057082
0.48717982
0.28980688
0.33503816
0.19561546
0.22755793
0.39705133
0.21612185
0.33534404
0.18996129
0.37815065
0.46121259
0.28843986
0.18936463
0.17049170
0.15921554
0.37213877
0.26471613
0.22186324
0.30684260
0.52021217
0.09973494
0.21851774
0.16591942
0.24360382
0.17848081
0.13033985
0.19187449
0.46197067
0.10768516
0.29035610
0.14609296
0.17021135
0.41682424
0.46047283
0.43268123
0.17543610
0.17029192
0.24494075
0.08864260
0.28056045
0.30361066
0.18793695
0.44894844
0.39914121
0.15796422
0.41683349
0.25057745
0.20428423
0.19787086
0.35363310
0.27988009
0.30968477
0.18798838
0.23223275
0.20735006
0.17623948
0.20921011
0.13642809
0.34852725
0.25737651
0.26363135
0.31134158
0.37666380
0.15094601
0.40171360
0.33450811
0.11074321
0.29294712
0.39232578
0.35338364
0.23101694
0.21262237
0.40246028
0.26983263
0.29301957
0.28905066
0.30305242
0.15399942
0.29400513
0.36694946
0.41840625
0.18171363
0.16116533
0.17286609
0.16986043
0.35867474
0.20597362
0.23561171
0.47241558
0.11032588
0.21683273
0.46484388
0.27562528
0.16765538
0.52714151
0.31565551
0.28182382
0.27997061
0.15395273
0.29986634
0.32498711
0.17627206
0.17142985
0.11696460
0.33004842
0.37511242
0.07461678
0.21840783
0.15293235
0.42615487
0.25813650
0.38093361
0.44449897
0.35163628
0.14851663
0.29249978
0.39557653
0.38198173
0.33480866
0.18296521
0.42929551
0.18816022
0.28620730
0.45429572
0.23962474
0.19547262
0.31423713
0.23101817
0.28870124
0.24980243
0.18764435
0.27690009
0.34125207
0.42670815
0.18831753
0.21196714
0.11492068
0.14399301
0.41028901
0.31635767
0.37507862
0.21603133
0.15591875
0.33575453
0.15544312
0.44776478
0.39010875
0.47810631
0.36277240
0.34657480
0.22996028
0.24596549
0.23027016
0.17745406
0.23443293
0.14214643
0.19387184
0.53711458
0.10826541
0.42200620
0.29533630
0.17285566
0.19680575
0.09782987
0.15152906
0.19737606
0.25060703
0.35583214
0.27538566
0.18238500
0.22090336
0.43764941
0.39666679
0.13461919
0.22835237
0.24046273
0.26944293
0.19266221
0.19143659
0.27801141
0.06906549
0.12850985
0.44344705
0.23732280
0.13653870
0.15419176
0.43623929
0.14773545
0.26880640
0.23521962
0.13969697
0.23375739
0.36010246
0.22552293
0.47452226
0.28654393
0.26453903
0.31107280
0.26861322
0.25406980
0.43032980
0.22995579
0.48228268
0.24038148
0.14670185
0.17227944
0.49235356
0.36781224
0.23272601
0.44647469
0.17750417
0.17300788
0.32767378
0.23278081
0.18769556
0.38857992
0.16665531
0.55390814
0.15612410
0.17955297
0.33260369
0.25298493
0.20168958
0.43076597
0.26814867
0.20566289
0.42129351
0.28446438
0.36116991
0.36873849
0.37032060
0.22181541
0.19748815
0.40779275
0.21739297
0.38723428
0.14537054
0.36485064
0.46528643
0.29741495
0.19734383
0.31643357
0.26535212
0.34558352
0.09246344
0.29807165
0.36178538
0.31810281
0.24301441
0.27201247
0.16962298
0.40332834
0.44369513
0.24456936
0.10307948
0.14404085
0.16851135
0.49908491
0.40555070
0.17594290
0.20237015
0.49970778
0.21939159
0.27961785
0.28870995
0.19535217
0.37112500
0.14608270
0.15922910
0.23783511
0.40995965
0.35887770
0.53428116
0.27710925
0.16151245
0.23808264
0.22989922
0.20335364
0.15584083
0.24349860
0.22746312
0.09541542
0.27954454
0.34294437
0.14986888
0.33929942
0.13637982
0.17093836
0.15059761
0.20816262
0.36435731
0.39375235
0.26167451
0.12702430
0.22421612
0.16473650
0.45735019
0.10072444
0.32885363
0.20560440
0.31115150
0.23404490
0.36907762
0.19506299
0.28158826
0.25387913
0.13283094
0.40304121
0.13946713
0.31255216
0.51790741
0.19231393
0.17860457
0.35941022
0.32209638
0.29661964
0.21707688
0.25929907
0.39532054
0.30379461
0.23331551
0.24808935
0.18315825
0.35018099
0.22490638
0.39171063
0.33572809
0.44625976
0.48081270
0.11830330
0.35515967
0.47319017
0.30337277
0.35655012
0.26592821
0.20677334
0.29072477
0.27203782
0.17047374
0.30514922
0.32858226
0.41814680
0.20635471
0.32221793
0.26675426
0.32556549
0.11042110
0.36524076
0.46447798
0.26830829
0.23687131
0.31011278
0.21029057
0.39526072
0.19974170
0.21271298
0.27523232
0.20393168
0.16780797
0.21987586
0.30496999
0.48428083
0.25818389
0.17948834
0.20159032
0.14653639
0.15915586
0.36432569
0.42446571
0.17113467
0.27320662
0.23958462
0.40908339
0.22659628
0.10000911
0.29808665
0.22874467
0.22293307
0.22334220
0.22254864
0.43189847
0.39281519
0.36271021
0.13025657
0.25552034
0.33644831
0.38278856
0.37053463
0.12746497
0.12718340
0.39808314
0.13195047
0.19408733
0.21710516
0.24969687
0.18836640
0.24871898
0.15650598
0.15357184
0.32197488
0.28676501
0.43828479
0.35691819
0.29238664
0.47831282
0.19753562
0.24080379
0.40311491
0.32529430
0.24862550
0.39400211
0.35219813
0.35801443
0.09010335
0.41934502
0.28706589
0.36998352
0.32091604
0.31240837
0.18312098
0.11770206
0.30883415
0.29406172
0.38964820
0.44338631
0.49469912
0.12327917
0.19635694
0.24661456
0.43806806
0.36364718
0.22645136
0.34546663
0.07300907
0.29892208
0.17533507
0.36244620
0.39559766
0.23269650
0.21762889
0.24465100
0.20477684
0.44447366
0.20711376
0.29706982
0.33120513
0.47617014
0.27557010
0.41767164
0.45070913
0.10168653
0.40274386
0.37949993
0.32726133
0.25172780
0.34411505
0.27934570
0.29214149
0.34262013
0.32525782
0.28236157
0.19015104
0.18490716
0.48640826
0.17075972
0.16741698
0.16319971
0.41930316
0.13204799
0.40079610
0.08465172
0.39269330
0.44522090
0.46128874
0.22330284
0.13755192
0.37308584
0.21559854
0.28676762
0.33757217
0.16631865
0.11054155
0.25541206
0.36671426
0.26253533
0.13952984
0.16549733
0.42787936
0.39797380
0.10516993
0.22622125
0.34869977
0.33572774
0.15948147
0.14162362
0.24861822
0.37885372
0.43905263
0.33747748
0.28907834
0.27038817
0.25871802
0.31070436
0.25347185
0.16436347
0.30590690
0.13871589
0.33456503
0.26954956
0.21166685
0.27882052
0.27891701
0.25457941
0.35231227
0.48723401
0.18962572
0.32090486
0.16325303
0.33117883
0.22317405
0.32236304
0.40538577
0.21100955
0.22869298
0.34206501
0.39621553
0.38513737
0.16670333
0.17353140
0.37379936
0.19459300
0.13439773
0.29006994
0.40483132
0.40648118
0.28243159
0.22849689
0.28048320
0.37346916
0.41043121
0.19206392
0.42509573
0.17868489
0.27429773
0.26241819
0.23019064
0.18814381
0.43915542
0.14069481
0.06812161
0.19107188
0.39211804
0.29333459
0.32680503
0.36206463
0.26159827
0.21759385
0.16979940
0.13139052
0.50537550
0.41627684
0.36042063
0.33987984
0.43072464
0.28063104
0.11859047
0.45647185
0.17542282
0.10039172
0.23201605
0.14261476
0.19402184
0.20815951
0.11557928
0.28508194
0.22401791
0.37567494
0.29877238
0.15342828
0.09330282
0.33804451
0.32881545
0.20604099
0.17133163
0.33584156
0.21094980
0.41372784
0.36424022
0.32590287
0.25814493
0.28669697
0.30474401
0.40287817
0.36517280
0.48537485
0.16001268
0.24135607
0.33858659
0.48313136
0.34946942
0.22919081
0.18474172
0.20629039
0.28011222
0.38794089
0.42309501
0.43182877
0.36219742
0.40812193
0.39018854
0.44933220
0.15157197
0.29543257
0.49066265
0.25269914
0.06984893
0.21802045
0.34010524
0.17516409
0.51089578
0.12799845
0.43005413
0.30258972
0.33461945
0.13814282
0.32820571
0.25853476
0.30567431
0.29093256
0.39775274
0.12740280
0.13966695
0.21018439
0.40208249
0.16670853
0.39321427
0.34178294
0.20022540
0.14689255
0.28599668
0.34096299
0.41708293
0.46914108
0.47301301
0.21608244
0.08166186
0.31475821
0.24635228
0.40888061
0.15339735
0.46893735
0.23088862
0.24324287
0.20706863
0.31263833
0.14781805
0.29596634
0.22195798
0.41037076
0.48981724
0.24250048
0.11880128
0.35176364
0.44958097
0.33621687
0.23360016
0.40084387
0.21140605
0.43910665
0.37672381
0.32583001
0.22925259
0.25212564
0.38357076
0.17593751
0.34622394
0.30904618
0.39979939
0.41175393
0.20912014
0.37036003
0.17156887
0.40206838
0.26521347
0.22322318
0.24281539
0.29621403
0.24889992
0.38249096
0.28331281
0.11808826
0.16506144
0.18141910
0.15744207
0.17245131
0.24168724
0.25299011
0.36643483
0.15979075
0.44941383
0.07157256
0.28228090
0.43166400
0.31845880
0.23073994
0.35717681
0.06173892
0.21059112
0.24946194
0.38860759
0.42495443
0.31552945
0.46578917
0.36826165
0.25650625
0.35040168
0.38025548
0.29143874
0.19149640
0.09070794
0.31351239
0.10825052
0.11207790
0.49729084
0.24641330
0.38877667
0.53626481
0.32238596
0.22100760
0.24419899
0.09415992
0.36228835
0.13733267
0.30055472
0.51500993
0.19769560
0.30007712
0.23783063
0.23612131
0.13141660
0.26678419
0.32688083
0.38493010
0.24952188
0.11786693
0.41370447
0.36653586
0.13090007
0.32477467
0.12123246
0.29630748
0.24167348
0.40610426
0.15635318
0.11745435
0.30706104
0.14624072
0.17664696
0.33021300
0.45994867
0.16688476
0.20942070
0.29936452
0.21572690
0.28014481
0.20768178
0.14052446
0.19225378
0.15525788
0.49652638
0.21535500
0.20462469
0.26176110
0.47465719
0.26997136
0.24915043
0.39858345
0.26325656
0.10248794
0.41500851
0.40228872
0.16419039
0.14394892
0.19487948
0.12290434
0.12627553
0.27885440
0.43986148
0.27498670
0.38914113
0.37062794
0.14334206
0.19063378
0.20604649
0.20556631
0.22451571
0.23640759
0.42408388
0.17045321
0.34789465
0.42577961
0.34089501
0.41207253
0.19504753
0.45052120
0.29751651
0.09661298
0.15002002
0.13108250
0.16957387
0.16301514
0.29186138
0.42790122
0.37885860
0.15062920
0.17098535
0.24360199
0.16488405
0.35645084
0.32383892
0.38133399
0.19843678
0.41449843
0.32319500
0.36465220
0.31021563
0.43673879
0.11541706
0.22165353
0.33293978
0.28812605
0.29434997
0.28429410
0.23060875
0.31107529
0.27094130
0.12504030
0.11717001
0.34008527
0.13518203
0.36137672
0.39821521
0.31282405
0.18097901
0.27508565
0.19445396
0.40984308
0.44185839
0.30742344
0.14909764
0.38207422
0.36645941
0.19723919
0.41426801
0.38558891
0.19515219
0.33868109
0.23357890
0.39138674
0.49480661
0.37068892
0.14670412
0.20000585
0.17724999
0.15907236
0.27523274
0.21764767
0.45712299
0.18586923
0.37854650
0.11834513
0.22384000
0.24743739
0.34802115
0.36167194
0.42175776
0.27285441
0.25414535
0.10115741
0.33806676
0.48801917
0.31827344
0.16071376
0.21919402
0.10729139
0.24759713
0.21538433
0.33224473
0.54001274
0.47015701
0.30459327
0.47135526
0.41320138
0.14663441
0.18804184
0.21621850
0.16148361
0.39722931
0.37437283
0.37922165
0.15756637
0.21688424
0.39184976
0.32190961
0.21570121
0.17239092
0.35376583
0.37011176
0.54604876
0.46609699
0.25119967
0.45572830
0.50832154
0.35923268
0.15747736
0.17625987
0.32491897
0.13341200
0.53086513
0.43959312
0.51020040
0.18429042
0.33626773
0.21478641
0.18014828
0.41906041
0.23889074
0.30986452
0.21523165
0.24666162
0.33652174
0.43222948
0.25211171
0.46576656
0.24009627
0.40574756
0.17836699
0.23162064
0.28293598
0.33027381
0.13965233
0.24748228
0.37627918
0.08685593
0.19109084
0.40021865
0.27009278
0.18636182
0.43823245
0.24652803
0.31277570
0.19554392
0.42395324
0.24950116
0.21879627
0.46090347
0.37248024
0.33215396
0.11265554
0.37339331
0.10762676
0.43843886
0.27874722
0.30187996
0.23288088
0.26267839
0.24986199
0.40668379
0.26697897
0.19374349
0.34976671
0.29833263
0.36711658
0.21177199
0.38862118
0.31425832
0.16811060
0.29040324
0.12607501
0.16428823
0.45002940
0.18392268
0.34623852
0.15870564
0.42570009
0.44661806
0.32914173
0.29633103
0.29101966
0.28360786
0.39499976
0.20802680
0.34900877
0.23463264
0.39513292
0.15237144
0.38861891
0.19168386
0.29006531
0.19957793
0.22743168
0.28848840
0.42684806
0.20368579
0.44738319
0.14590116
0.28026807
0.30171421
0.33503630
0.29335465
0.25427947
0.39072377
0.16944869
0.21467033
0.36566001
0.41427725
0.38975227
0.16912419
0.24064281
0.35110541
0.27325277
0.23477013
0.10050416
0.11176973
0.20842003
0.29060298
0.29910030
0.60264201
0.18775492
0.16940215
0.16592907
0.43463421
0.24793876
0.20709047
0.27652922
0.43372281
0.25959835
0.22208572
0.32875240
0.21543025
0.09005780
0.26085727
0.25592494
0.15407548
0.48678033
0.20223160
0.12845916
0.16295187
0.34168831
0.16405349
0.30627402
0.32113233
0.17277703
0.44198209
0.20357164
0.17937060
0.19726179
0.38147321
0.48384498
0.27277376
0.21629968
0.35932738
0.28056335
0.22649269
0.21362013
0.26437726
0.24722735
0.37211975
0.21057929
0.34287794
0.22476471
0.36162391
0.30095770
0.35335727
0.15010580
0.27589062
0.25556470
0.20448872
0.24750288
0.21865661
0.17184791
0.40780832
0.36490938
0.30971195
0.22908262
0.27326601
0.29778244
0.34538131
0.30558302
0.18801023
0.15419063
0.32976710
0.26757178
0.37088746
0.09771256
0.42221647
0.32894675
0.17586924
0.15214282
0.22041846
0.32261126
0.28888721
0.20106970
0.40236674
0.33086983
0.11073256
0.27347974
0.45350210
0.17564634
0.10654467
0.32880116
0.24335773
0.22099152
0.26945453
0.31407815
0.34298078
0.42326867
0.39384240
0.23420335
0.14185268
0.08106805
0.21363343
0.28746685
0.34392810
0.43904779
0.32487114
0.50881911
0.34014793
0.31408877
0.18217458
0.11117916
0.20849049
0.22550787
0.36496653
0.29428868
0.17999379
0.11835148
0.47854854
0.36199558
0.12700875
0.52392233
0.40013853
0.45550458
0.37069541
0.30211248
0.31018218
0.25793449
0.32747940
0.23417927
0.17562590
0.10918996
0.42145521
0.14021987
0.41255633
0.48369337
0.15510145
0.43944400
0.29111164
0.15573455
0.15577157
0.25759471
0.21956777
0.20347275
0.27871684
0.08311244
0.15898204
0.16177400
0.34040864
0.16444544
0.38929838
0.15136101
0.38939594
0.13147880
0.41563032
0.33699845
0.47510902
0.47295814
0.13716622
0.32564806
0.42976717
0.19549911
0.21593497
0.18878635
0.30149977
0.41583143
0.25061530
0.48115781
0.39557752
0.26647875
0.11596922
0.28088089
0.46360567
0.15465863
0.39304370
0.40608863
0.19793423
0.25727325
0.34390978
0.44674741
0.15412915
0.28611542
0.23696682
0.34564486
0.26491823
0.39134945
0.33995880
0.29942562
0.14507054
0.24819500
0.15713330
0.20740544
0.15982513
0.17620380
0.40343785
0.47663632
0.24837805
0.15658726
0.18959093
0.27612642
0.42275711
0.41152564
0.34231179
0.13985931
0.34766608
0.40203909
0.34752920
0.27623512
0.34569356
0.13107266
0.30107182
0.31750475
0.23940101
0.38891404
0.42324902
0.39114912
0.16028430
0.40260952
0.44675803
0.13268579
0.38258279
0.28687925
0.18011187
0.31478419
0.15127173
0.42705686
0.36922265
0.31474377
0.45078649
0.27259037
0.35461212
0.38380269
0.38205476
0.15125830
0.21921093
0.36838613
0.27005269
0.38643045
0.50973067
0.18793652
0.26816498
0.22643846
0.27561205
0.44205074
0.10053123
0.20698741
0.26852609
0.41263548
0.12455909
0.26392038
0.33298105
0.15514063
0.26962044
0.30214492
0.21471024
0.39721367
0.26822521
0.44247774
0.30045158
0.19991506
0.40270138
0.22244032
0.16661870
0.26050487
0.27386214
0.16564409
0.17681769
0.56125083
0.37933663
0.20698954
0.13267556
0.22766214
0.24643978
0.22971833
0.38083829
0.30318449
0.22013748
0.16318943
0.40493098
0.32211328
0.43318433
0.24227745
0.15707276
0.22738304
0.14133399
0.39425126
0.47462792
0.17234226
0.24372114
0.11428123
0.22597486
0.31513585
0.27174862
0.17864343
0.23160506
0.15130286
0.23312418
0.32007442
0.28105498
0.48622026
0.38276146
0.36263167
0.18919947
0.20105905
0.24349874
0.28374362
0.28062422
0.17280190
0.25528752
0.15115212
0.30974791
0.29957350
0.49543096
0.27008243
0.30184513
0.12531595
0.11886001
0.31991516
0.31479782
0.20013419
0.14999855
0.33654261
0.36113689
0.31281443
0.40665080
0.24805071
0.35508079
0.31632013
0.36043651
0.22491276
0.42873953
0.34502428
0.21861561
0.18384748
0.23718475
0.44840732
0.30525357
0.15329961
0.28548915
0.37157715
0.32936508
0.42926273
0.20331782
0.38871041
0.14534729
0.12291936
0.43137184
0.36121225
0.26094340
0.18727156
0.34141784
0.32380274
0.37288519
0.20398774
0.34366496
0.13196050
0.38220663
0.29205465
0.51496712
0.23037958
0.48036625
0.16375723
0.48944931
0.37723711
0.21709329
0.19362101
0.09688245
0.28398926
0.23200585
0.26745750
0.24016313
0.29872628
0.45483474
0.53319762
0.27430145
0.30386591
0.31314221
0.10908875
0.20970670
0.35968800
0.22792035
0.28704458
0.17997202
0.14894146
0.35129670
0.21270179
0.40456624
0.15414143
0.24815624
0.31094664
0.13430686
0.35920399
0.28362473
0.21148997
0.43432979
0.40739391
0.31098768
0.33604285
0.43461352
0.19446424
0.38284298
0.34736182
0.22354195
0.25563402
0.13870819
0.35780817
0.22716016
0.14744778
0.17195584
0.43023332
0.37161976
0.18744121
0.42997623
0.14788815
0.42542321
0.31568180
0.30283045
0.48472413
0.38903556
0.37185724
0.30638351
0.29715688
0.39036925
0.41599445
0.42119545
0.41360872
0.28971430
0.52658570
0.17975693
0.42738736
0.34206911
0.45843123
0.20890832
0.24228057
0.25943455
0.27912386
0.15591523
0.32486967
0.31955148
0.20377212
0.13778798
0.32310443
0.46865284
0.25670450
0.18281641
0.26403313
0.23429274
0.31701511
0.34556789
0.38326704
0.17574351
0.42682340
0.22808159
0.21704164
0.44397746
0.20553413
0.11980329
0.20955429
0.33345521
0.07433743
0.31076298
0.35678388
0.17453582
0.19957910
0.32803871
0.35253357
0.32576424
0.43085458
0.35155936
0.35449875
0.31035288
0.21636166
0.10989920
0.36171108
0.24593620
0.31688159
0.50370966
0.33426022
0.23983717
0.19997976
0.23261457
0.19151611
0.21708684
0.15031346
0.39597412
0.15214981
0.25360976
0.15090799
0.19881316
0.21933566
0.37110531
0.11779566
0.21203950
0.17289079
0.39838135
0.26651177
0.33006854
0.31687606
0.17499882
0.34371239
0.41160896
0.41946202
0.41459848
0.26697900
0.41172891
0.24654355
0.16808343
0.18751251
0.37440255
0.11235932
0.20536535
0.25839936
0.27314399
0.24656804
0.30853591
0.32316793
0.34116308
0.25995256
0.21008191
0.22331113
0.17458625
0.15178474
0.16891078
0.40804941
0.12845731
0.17903039
0.22868069
0.33732319
0.32771537
0.14749415
0.27784847
0.16774845
0.18154198
0.54736041
0.46911972
0.15422500
0.27229194
0.38682336
0.13882436
0.29909895
0.28348386
0.36273632
0.40624181
0.34215333
0.40673267
0.16523275
0.21133870
0.24109428
0.13070839
0.48377882
0.25603897
0.37276587
0.14928232
0.26010885
0.14334518
0.40415540
0.29644184
0.26454648
0.50667741
0.18631083
0.32838257
0.42702671
0.24945786
0.32190305
0.20495239
0.31324554
0.22549011
0.31525235
0.12018022
0.11963897
0.29569507
0.39568461
0.36810120
0.21569101
0.45628533
0.14835429
0.19455711
0.42819119
0.18451450
0.37486064
0.27709574
0.21918549
0.26461428
0.11174146
0.16929826
0.35743000
0.19870409
0.33297515
0.34932258
0.26148329
0.35071956
0.28120060
0.27539844
0.23387492
0.38995541
0.11283415
0.36132632
0.54683953
0.37609154
0.33672659
0.43834335
0.25306522
0.23589829
0.17791823
0.19890902
0.37376869
0.14117095
0.28360237
0.39734136
0.35326115
0.18377117
0.12751769
0.28297832
0.29789584
0.16987671
0.19071174
0.30347255
0.32305755
0.22597514
0.26352259
0.10835819
0.28907601
0.41369372
0.18676857
0.41751284
0.37635888
0.20720144
0.21463897
0.28294322
0.41102597
0.21773642
0.14085636
0.17907039
0.23253986
0.12241856
0.20177498
0.44940640
0.32070327
0.40567632
0.25439748
0.22701360
0.36054494
0.21095573
0.29614316
0.23842029
0.10884819
0.16270836
0.11733352
0.17703604
0.37607254
0.34262161
0.25058874
0.37357624
0.33558548
0.48355228
0.32419135
0.45982954
0.37643216
0.22222039
0.35398008
0.31607484
0.11834288
0.26226669
0.26175108
0.29695669
0.18505577
0.39344513
0.18166274
0.37814111
0.30577944
0.14647735
0.23883841
0.38090679
0.47085761
0.13993539
0.27119022
0.23373902
0.33272947
0.31025339
0.19422406
0.39321694
0.27636348
0.27247978
0.20499236
0.36204090
0.22356415
0.06833441
0.38477250
0.23184392
0.31305626
0.35765287
0.31043317
0.20798863
0.19064597
0.18474098
0.12557958
0.21135966
0.46383247
0.16266564
0.43753066
0.36492504
0.33250702
0.19545507
0.22032665
0.21304070
0.46168471
0.21181896
0.25881336
0.20530775
0.36082287
0.32512104
0.34349186
0.31046718
0.18688819
0.17821460
0.30385530
0.23746450
0.23687121
0.31537622
0.26110484
0.29722954
0.21532210
0.41286301
0.23380575
0.35948251
0.39686327
0.15567690
0.27488663
0.50102380
0.26957309
0.14226302
0.33930368
0.41807150
0.20600060
0.45783140
0.43775068
0.38221139
0.10995021
0.34935881
0.18022790
0.25093144
0.36984781
0.12376407
0.40858097
0.26866217
0.15886460
0.23338153
0.18654009
0.43121215
0.16230536
0.22273364
0.11836184
0.19903619
0.15095863
0.30774590
0.29518382
0.27201597
0.17821478
0.44624310
0.13621391
0.21478452
0.26282837
0.14011303
0.14946020
0.22985533
0.34133786
0.11829879
0.26872008
0.18903218
0.23487885
0.15887119
0.26080780
0.39162614
0.13450902
0.41532320
0.31123006
0.41862597
0.44265386
0.17995582
0.16477949
0.26464654
0.23067162
0.28631252
0.21308740
0.27700547
0.20095559
0.18520016
0.10508436
0.24298718
0.47178792
0.23105870
0.35096231
0.24079860
0.35600581
0.23076608
0.13344447
0.31478256
0.35432931
0.36578108
0.32493230
0.22055292
0.28777101
0.38779117
0.36618135
0.15577430
0.32721593
0.44978747
0.11141330
0.56454355
0.32586087
0.15141703
0.18935830
0.44127360
0.27351153
0.23855796
0.16416757
0.35149007
0.16159904
0.42255338
0.09340680
0.39418931
0.17767433
0.25118193
0.14172457
0.26491008
0.43449827
0.18450063
0.34385499
0.44112366
0.22548027
0.22493859
0.43851249
0.20498505
0.22871800
0.33586310
0.41848884
0.40869340
0.20464566
0.25334353
0.30590104
0.34641037
0.25122481
0.29284508
0.38035665
0.19698178
0.10370439
0.21620385
0.31952245
0.41500786
0.28587400
0.35726463
0.27604435
0.16124251
0.17159867
0.28079201
0.15465211
0.37752782
0.18774628
0.23939609
0.18068047
0.19964772
0.22005431
0.31075737
0.32078410
0.17876379
0.14318965
0.14746382
0.19648612
0.25883004
0.15093380
0.40132551
0.19199500
0.38442743
0.28291744
0.09310090
0.44606709
0.22448220
0.19547916
0.25666855
0.48269429
0.27569601
0.17552647
0.23877074
0.44580970
0.16123587
0.42661704
0.18277842
0.12693046
0.14269184
0.25163036
0.19173444
0.39198910
0.36316074
0.23848615
0.26539429
0.21243352
0.29531731
0.28651374
0.10158774
0.16956810
0.22442253
0.19443268
0.27112220
0.11843657
0.38315659
0.14287400
0.47992597
0.17497329
0.29413438
0.10769272
0.38336086
0.15134828
0.24353114
0.14959694
0.28403355
0.21482339
0.28500832
0.10010829
0.44569515
0.11737574
0.49952229
0.30955384
0.32146350
0.14564372
0.32188280
0.28908603
0.36144615
0.42175031
0.29598041
0.40158908
0.28748535
0.09973300
0.18023534
0.10541235
0.37431193
0.38463965
0.24235457
0.26279537
0.21151352
0.21905294
0.42571801
0.37203272
0.43203153
0.34796720
0.21073068
0.49544282
0.32228887
0.14037247
0.21155024
0.27930621
0.21669924
0.19075637
0.44911923
0.09565647
0.44495972
0.40546520
0.24269761
0.10472918
0.31338600
0.16689738
0.16768623
0.15552542
0.29883783
0.18932487
0.15439852
0.22733869
0.23297813
0.40574909
0.09442732
0.19696749
0.29030045
0.37356797
0.35328315
0.46631143
0.43192535
0.42079469
0.19097270
0.33087793
0.21747835
0.27062272
0.15063651
0.41440747
0.13236180
0.21085822
0.25483352
0.28829930
0.32689482
0.09819920
0.34677169
0.45974595
0.42947008
0.40423137
0.40935109
0.45231154
0.36348145
0.32522481
0.18407815
0.19447243
0.34397363
0.44673306
0.22374056
0.16476979
0.45236423
0.21086395
0.12365728
0.22220222
0.21368138
0.31459305
0.14723717
0.12821394
0.24741015
0.36798522
0.31418680
0.18755326
0.49622837
0.20829922
0.20157371
0.12662413
0.20703264
0.24664579
0.41480931
0.32218297
0.18834886
0.20138660
0.30329690
0.34619270
0.11715725
0.43492791
0.31962506
0.15579703
0.25272379
0.39349585
0.21858392
0.36637888
0.13714001
0.45201587
0.12125039
0.42440580
0.26550882
0.22017754
0.41588040
0.29622958
0.34338929
0.49354957
0.46492785
0.14803213
0.35342474
0.22765359
0.40394746
0.41807258
0.37897378
0.19926415
0.32757739
0.46366967
0.18327935
0.31290639
0.16013681
0.26338320
0.38242886
0.34952138
0.30159699
0.28577163
0.31740868
0.19447037
0.14346419
0.31697456
0.15782770
0.35420484
0.45174306
0.20750925
0.47172926
0.39169729
0.39196859
0.47843828
0.40127372
0.42372880
0.29566663
0.41380781
0.31302922
0.27768597
0.43244172
0.41895901
0.31010271
0.17447279
0.40807384
0.29955827
0.17340221
0.37615328
0.16828333
0.27481957
0.30018955
0.29460717
0.10166966
0.29505954
0.39146826
0.25079899
0.34657099
0.25341694
0.45580245
0.43657434
0.21814701
0.19764369
0.16207168
0.16229293
0.19662135
0.12379273
0.19790938
0.47063307
0.28648912
0.39434380
0.41158377
0.43918841
0.17220218
0.23420179
0.17237214
0.23429006
0.35114606
0.26262948
0.27634217
0.14359864
0.28472486
0.18844458
0.13997959
0.29581974
0.22174044
0.24453602
0.34108678
0.21683492
0.15052218
0.32561784
0.39068690
0.17825191
0.39299433
0.53799357
0.20047616
0.31970441
0.32337180
0.36041918
0.31989529
0.19981989
0.36046561
0.20393344
0.23186183
0.23958788
0.46527514
0.44375797
0.14077650
0.34259993
0.19615266
0.27513740
0.38180682
0.33303842
0.43696850
0.26124742
0.24320321
0.36737948
0.29678199
0.34193289
0.26253282
0.19554879
0.35292996
0.08234236
0.14840276
0.37833446
0.09975919
0.19393921
0.27804485
0.37649354
0.43923200
0.24558445
0.17580062
0.19838867
0.36927660
0.17455271
0.40386347
0.15330662
0.12503432
0.30668051
0.30550223
0.18115695
0.11360709
0.18933281
0.16346181
0.22380453
0.14093309
0.38451874
0.24679630
0.48522037
0.28165678
0.25958096
0.17385885
0.27805867
0.13317350
0.30013939
0.40942688
0.27341464
0.28377341
0.12026257
0.34761552
0.18414711
0.08056109
0.27238347
0.28861798
0.18181341
0.32782632
0.20321318
0.38350396
0.13133378
0.37556502
0.34652257
0.44484859
0.23744512
0.44207521
0.39249947
0.16339223
0.22558429
0.24055568
0.11864360
0.46391281
0.40700126
0.25968004
0.28443691
0.24738650
0.19459361
0.28417859
0.42001197
0.34711084
0.40554201
0.20368929
0.48027103
0.49252348
0.24572228
0.23775776
0.44576224
0.11826547
0.21233221
0.08603203
0.31910394
0.40150569
0.27778805
0.29080028
0.42862561
0.23128002
0.34180189
0.30723561
0.30214107
0.31863051
0.20423107
0.42514220
0.16026390
0.24328272
0.15067751
0.27212941
0.21615916
0.16780143
0.33159725
0.29811130
0.21449023
0.19110670
0.25419582
0.22231269
0.12818790
0.36080973
0.15581642
0.14097856
0.22372662
0.24070681
0.24177049
0.12859658
0.40262801
0.31478576
0.17234484
0.18564286
0.32914544
0.26577714
0.29678851
0.11518305
0.31596290
0.27053066
0.39020586
0.34764418
0.24292861
0.23104894
0.27770291
0.25335272
0.32339546
0.16567779
0.15342029
0.39300769
0.39400886
0.20525194
0.27583152
0.25070477
0.41024297
0.32409960
0.29321636
0.20744289
0.24948024
0.27553725
0.23056729
0.25744004
0.24784964
0.20195089
0.39054393
0.11800669
0.21614015
0.31494087
0.29024701
0.45362407
0.14815341
0.35950029
0.15472437
0.21941044
0.39410247
0.29544282
0.27259304
0.20595812
0.43670779
0.34889364
0.17559423
0.14580570
0.44121258
0.33551708
0.17055603
0.13393602
0.22024421
0.17691802
0.33337316
0.32346654
0.17745490
0.27487440
0.20355325
0.15411358
0.27287570
0.25363433
0.37531716
0.29420790
0.44555537
0.48064654
0.29071907
0.14347187
0.53977128
0.22452156
0.49804688
0.38684218
0.53536680
0.36175246
0.29890915
0.43392403
0.43408151
0.31405418
0.41096167
0.38317620
0.16707558
0.33508462
0.17959344
0.18313283
0.49511319
0.26070856
0.19886378
0.21235381
0.35901453
0.38234124
0.15247344
0.23747407
0.45561250
0.54619619
0.18594944
0.33959472
0.35949704
0.13402567
0.43048691
0.27768530
0.20220119
0.36214459
0.20038517
0.25977507
0.27918864
0.24391098
0.40846409
0.16292301
0.42683192
0.07322421
0.20643771
0.17406430
0.31324140
0.29861643
0.25125483
0.27598800
0.20511361
0.07952606
0.35512557
0.36565378
0.38055086
0.13024485
0.11388993
0.22484988
0.16120263
0.39836243
0.47539403
0.37585939
0.29196290
0.26430856
0.36926589
0.22752368
0.26593117
0.14284066
0.28788149
0.23527130
0.15694269
0.22133299
0.35986954
0.25366734
0.43728512
0.27248431
0.15440391
0.16082432
0.27699651
0.30255742
0.12397474
0.27071473
0.15798815
0.28715820
0.40042773
0.44871516
0.39801487
0.19486460
0.20241915
0.23371523
0.12533342
0.31532255
0.41745935
0.43282775
0.12250775
0.11974242
0.17878539
0.14402996
0.14915437
0.38278753
0.16569248
0.27742149
0.14308426
0.08024261
0.58107560
0.31200808
0.28686292
0.39885018
0.36798979
0.12889896
0.15966407
0.16961552
0.39194061
0.16203249
0.23784315
0.28502051
0.35778831
0.33656336
0.18868886
0.20657167
0.42753989
0.35868228
0.29836980
0.31565578
0.35476318
0.22667151
0.31987904
0.25423708
0.44471479
0.35541461
0.21764514
0.15745273
0.43233985
0.40704312
0.23492074
0.26725233
0.39605753
0.23180977
0.23040848
0.27234874
0.27931116
0.42073546
0.16317112
0.26567405
0.15781579
0.17729899
0.13881562
0.23376457
0.24026379
0.35761776
0.33410661
0.43229223
0.28333390
0.46581722
0.35343602
0.14322970
0.16007895
0.11872348
0.20915360
0.15599302
0.23972748
0.34153766
0.29748546
0.12974480
0.33872786
0.28243623
0.37314753
0.20034972
0.31951676
0.26098215
0.11270777
0.09586218
0.37951841
0.52291401
0.42885001
0.36377275
0.28366676
0.42256990
0.28944701
0.20545641
0.29563561
0.16914784
0.20334935
0.50387162
0.13957277
0.25195747
0.15829211
0.27731175
0.43594416
0.51849839
0.18917386
0.32592248
0.18137076
0.12651065
0.43250322
0.10536633
0.18900233
0.49004083
0.36948950
0.08023568
0.45761490
0.28995940
0.43276884
0.21560618
0.44239349
0.29343661
0.19327364
0.35296669
0.18737464
0.37000532
0.18033373
0.20854045
0.40498333
0.29673018
0.37148916
0.38787740
0.18191362
0.41786049
0.27663561
0.49791614
0.19451484
0.10412148
0.15985309
0.30558183
0.21532449
0.31223990
0.13799195
0.54595798
0.08516537
0.14074628
0.39790260
0.35910676
0.17680298
0.16221037
0.25979336
0.16196339
0.13361264
0.34426444
0.15120529
0.21418826
0.15405545
0.23923793
0.45152976
0.32259050
0.29988090
0.32718142
0.31716377
0.32509242
0.34007255
0.42977584
0.36920360
0.33293840
0.23191493
0.20059790
0.31098884
0.33124170
0.37652205
0.50205172
0.40531400
0.26577662
0.39844426
0.18808526
0.25786883
0.19970867
0.40897039
0.50315237
0.26893669
0.26521220
0.23499082
0.30818280
0.45074112
0.30120564
0.21266803
0.35297300
0.48783632
0.50040613
0.42915036
0.24690584
0.44671670
0.31871752
0.24129663
0.26961641
0.50190259
0.44901311
0.26648044
0.33512151
0.43887253
0.29683882
0.13958929
0.33509106
0.32345549
0.14966208
0.17152902
0.29805070
0.14199051
0.32199760
0.35184453
0.38895977
0.13323957
0.23109698
0.40553168
0.20345887
0.43362652
0.31466751
0.25334297
0.42917202
0.19899642
0.43241498
0.46991004
0.21207939
0.19655386
0.26288797
0.32654448
0.22537294
0.14167317
0.27559838
0.17475931
0.41269338
0.33425899
0.10814752
0.51827621
0.19621345
0.19507807
0.11794935
0.16257346
0.29314944
0.19885783
0.31781210
0.17517217
0.53066933
0.33465842
0.17973921
0.13840806
0.39472127
0.49559878
0.14840500
0.10881424
0.17926724
0.40004420
0.34356029
0.25820609
0.26707600
0.14043854
0.18121173
0.47315738
0.21036062
0.39856478
0.23942881
0.46642112
0.19459204
0.35490541
0.27295875
0.53694836
0.36028872
0.34128809
0.36946421
0.21153927
0.38126497
0.36694679
0.16941889
0.47511801
0.32047185
0.15829276
0.31230360
0.20312773
0.13188073
0.46365604
0.37624270
0.19897250
0.26892705
0.41841602
0.51893880
0.30904458
0.53480975
0.41749888
0.34669900
0.33344568
0.32653743
0.19876807
0.24584455
0.40227370
0.50951631
0.10922400
0.16361098
0.32628140
0.44906136
0.28382595
0.16159945
0.37207754
0.27371660
0.22061520
0.14644336
0.16648519
0.25529663
0.42101270
0.42590091
0.52728126
0.26405009
0.45970897
0.23241875
0.23940050
0.30333265
0.19811118
0.37419147
0.19149639
0.46388398
0.37936386
0.12262550
0.17313411
0.20609712
0.19416649
0.17075451
0.59547694
0.18423145
0.38381487
0.22290141
0.51018480
0.18298485
0.14691346
0.30480559
0.41837597
0.47049092
0.21094783
0.32041454
0.08369149
0.21870128
0.11676480
0.21523813
0.20085178
0.37709894
0.16748150
0.27199651
0.40341576
0.29885567
0.22070967
0.24790535
0.35553811
0.30924955
0.27332345
0.47846852
0.25108201
0.35352505
0.19464891
0.36970206
0.45725635
0.49199273
0.44025099
0.25015089
0.12492884
0.21449935
0.37638779
0.40775501
0.32676477
0.31942164
0.16675681
0.32488825
0.42885824
0.24459654
0.13795916
0.44620467
0.29955287
0.21208103
0.13544646
0.31934074
0.12590509
0.34489328
0.19912129
0.14413541
0.29835820
0.36230068
0.23771677
0.42054162
0.40006383
0.30811621
0.22415640
0.41881740
0.35508120
0.47269048
0.42741688
0.42651369
0.11439583
0.46088025
0.16787994
0.13679255
0.34594715
0.17954905
0.27954179
0.19999823
0.09910948
0.43992211
0.39752423
0.14602753
0.30364820
0.25267558
0.27253871
0.42729337
0.29350073
0.17947392
0.34500037
0.54688643
0.29142958
0.40292397
0.34641599
0.25840077
0.32524871
0.35130087
0.33471152
0.17642091
0.35460724
0.30254542
0.27942832
0.39722756
0.22216224
0.28558518
0.49687646
0.27773785
0.14286245
0.32001731
0.16030498
0.33167232
0.29522374
0.29862561
0.24986905
0.28076183
0.21190021
0.45381153
0.17686019
0.34217863
0.36528861
0.33860572
0.28448465
0.14543098
0.18424025
0.16740681
0.32920954
0.32389911
0.15735406
0.21376921
0.36711921
0.31078708
0.22217619
0.22391488
0.22180236
0.36813139
0.21539153
0.11810146
0.19564841
0.22903128
0.20980363
0.35324903
0.29122242
0.13037294
0.18592330
0.43315659
0.16281230
0.29967925
0.30130236
0.18970365
0.34654255
0.19305073
0.21087498
0.40572785
0.27620347
0.45272298
0.38070438
0.13235752
0.13230513
0.27500026
0.26128671
0.09931608
0.36957183
0.22174579
0.19530798
0.17666033
0.23648341
0.40533617
0.30452576
0.22419207
0.31362122
0.15210783
0.25761141
0.08777007
0.11098186
0.20908035
0.32064788
0.42145288
0.25730572
0.13569324
0.18317433
0.30433301
0.24057870
0.10487794
0.37919622
0.22518814
0.12260800
0.14838849
0.18631099
0.26339138
0.18578806
0.22887258
0.41632412
0.31310660
0.31174056
0.40222399
0.31278020
0.30082109
0.14050411
0.50646418
0.51453768
0.18886373
0.27628134
0.44584096
0.26717838
0.26584104
0.33144231
0.31819435
0.14679559
0.38308123
0.10641236
0.25109654
0.31657535
0.15791651
0.33774944
0.38023303
0.35518256
0.26172459
0.24565787
0.23670404
0.39458615
0.35538217
0.37062519
0.27383371
0.35435501
0.27812786
0.45380681
0.18802865
0.18606346
0.32576051
0.37844365
0.19406555
0.34326046
0.19219449
0.28823096
0.20473440
0.22379140
0.16798713
0.34798651
0.21247405
0.26806137
0.43145842
0.36439894
0.28306275
0.26897092
0.23274454
0.36856964
0.25347016
0.44967021
0.40017287
0.18030663
0.47347803
0.36632490
0.11521722
0.40949772
0.30265141
0.31341492
0.21884166
0.21084779
0.33322991
0.39409264
0.12685212
0.19402009
0.38371565
0.40654986
0.43240935
0.13538707
0.28941618
0.16516461
0.13816704
0.20032927
0.20696146
0.23104785
0.25052274
0.37975040
0.26947656
0.37804048
0.22098242
0.46671039
0.14180675
0.25084337
0.15745988
0.37553709
0.30794485
0.45601200
0.33463250
0.18451351
0.27051459
0.19600495
0.43383863
0.19625541
0.27644159
0.24800601
0.35111744
0.11947204
0.30334140
0.21584709
0.43144175
0.31222762
0.19362058
0.25495457
0.14569209
0.27906838
0.36556546
0.39217951
0.31208494
0.21587416
0.37276360
0.15960717
0.17369527
0.28185433
0.38167227
0.12163248
0.34003423
0.14632703
0.50398486
0.30215683
0.21599024
0.34233682
0.15037685
0.32576673
0.34783776
0.28321395
0.30420494
0.39728972
0.21736928
0.37365044
0.28383725
0.37838211
0.30372617
0.22835229
0.13096988
0.14520336
0.42257500
0.22612252
0.33454419
0.40504347
0.22183734
0.10785035
0.15074311
0.30826818
0.10832372
0.36598894
0.38885739
0.36327540
0.44525088
0.34643694
0.37018262
0.09641070
0.11986548
0.27403857
0.13758803
0.31028258
0.25093030
0.23298569
0.21588044
0.14850959
0.19136959
0.21074613
0.19182278
0.25827639
0.15089560
0.14342292
0.32876704
0.29720922
0.09099323
0.26156128
0.39922059
0.30112665
0.35696469
0.36912659
0.30717137
0.45906551
0.19738930
0.35856625
0.32895567
0.38613036
0.14170258
0.17626052
0.20948957
0.14115893
0.32499748
0.10173701
0.55997630
0.15359937
0.35599964
0.45869141
0.37880321
0.22289960
0.10810078
0.30066803
0.35737290
0.13040955
0.33746746
0.25499983
0.20995694
0.11899651
0.32780069
0.23208815
0.51858861
0.13104989
0.27189603
0.36308312
0.26751346
0.26755478
0.27649827
0.29168168
0.34327464
0.14996222
0.25022045
0.35993535
0.17013418
0.24954438
0.23909045
0.10874714
0.09410482
0.29345279
0.14692742
0.34466364
0.23610757
0.54704322
0.25565423
0.19672567
0.28267622
0.35740109
0.22174899
0.26037180
0.22703044
0.40398095
0.38466083
0.15622282
0.34502694
0.20338325
0.32213411
0.22584852
0.19442083
0.30232316
0.35836399
0.12178508
0.39656085
0.20034842
0.25364476
0.36514546
0.36840338
0.35262536
0.34277936
0.31944331
0.14355248
0.34648726
0.20047910
0.40601563
0.14662762
0.23271035
0.12986712
0.42722146
0.25175765
0.16136629
0.29112579
0.23108025
0.16159604
0.10497012
0.44757174
0.30907910
0.42013744
0.16818911
0.16294808
0.29058621
0.17804118
0.22003248
0.21865098
0.30950933
0.22884122
0.22887452
0.21656912
0.18212951
0.21417665
0.30587366
0.21869447
0.37516867
0.29654116
0.27484663
0.25914088
0.17686455
0.24466692
0.20301755
0.28937148
0.32326049
0.40287172
0.27024928
0.50606502
0.18784687
0.15878246
0.33940629
0.32832540
0.22095939
0.41634797
0.11597351
0.45177594
0.25516100
0.31881971
0.47889672
0.21966788
0.27204498
0.12453398
0.21820007
0.47216430
0.18565441
0.34952047
0.31374854
0.14665383
0.34793474
0.22038741
0.18091023
0.24601796
0.14718989
0.38269511
0.27738094
0.41510718
0.15019559
0.20815552
0.43967614
0.30888411
0.10272332
0.35630692
0.15766158
0.20691029
0.15905400
0.24444271
0.22134423
0.35009705
0.21356967
0.27227653
0.13496920
0.41109107
0.31147005
0.32857380
0.22886129
0.19062527
0.43027997
0.37862719
0.44037974
0.16148139
0.20425023
0.12980776
0.22665193
0.19432209
0.40728400
0.22464303
0.22172294
0.16601064
0.21891363
0.28493187
0.24826845
0.30707399
0.26507924
0.21836090
0.31733804
0.26189468
0.42222426
0.26762638
0.27767951
0.11597805
0.22929471
0.20745623
0.25478733
0.23196376
0.18632844
0.22496687
0.09443245
0.47413102
0.23427066
0.48379528
0.40922826
0.54227603
0.31366233
0.12691131
0.28037866
0.41747775
0.15922744
0.37116561
0.23785135
0.13959682
0.29928511
0.21959923
0.28501038
0.36615953
0.30582477
0.14455422
0.13746087
0.43897600
0.41154819
0.30554596
0.26174420
0.14185509
0.30226152
0.12747302
0.30143555
0.28535884
0.19574180
0.22671849
0.12500373
0.21796855
0.29254460
0.31345857
0.20389886
0.23952088
0.39956775
0.13783363
0.22400477
0.34350379
0.26852889
0.38376809
0.31541516
0.29128474
0.18605036
0.25765854
0.19365903
0.26350726
0.22834977
0.51491297
0.37742343
0.23801257
0.32415336
0.13658225
0.26460420
0.48625513
0.30194318
0.26745808
0.17096916
0.30180815
0.14408604
0.24422542
0.19829812
0.49380715
0.28103698
0.38692965
0.27867989
0.24980091
0.26028265
0.42789266
0.28360529
0.33562975
0.21832726
0.36356456
0.43470760
0.32257150
0.53488351
0.15429111
0.43677074
0.47143158
0.26358264
0.18774065
0.19703440
0.22320081
0.41650999
0.24684585
0.20392353
0.25271253
0.16322120
0.10709530
0.24258746
0.31906378
0.22166640
0.32939383
0.14376718
0.34668003
0.39571975
0.43942605
0.27779028
0.44065341
0.26403985
0.27469109
0.15916588
0.32916414
0.10783265
0.16571953
0.46487028
0.40720100
0.20851369
0.26007149
0.16915107
0.42134224
0.38600489
0.39647038
0.21982966
0.51359274
0.26883512
0.11369563
0.32978260
0.20494623
0.20659595
0.34116380
0.26262863
0.32951976
0.44178934
0.18038997
0.45132386
0.42665418
0.49421247
0.13497321
0.14056565
0.26906163
0.20038150
0.45842619
0.42731874
0.40765340
0.38733148
0.40397711
0.12379324
0.40697825
0.26556251
0.27948075
0.54064776
0.44707020
0.35302076
0.48911075
0.31613779
0.11430266
0.29362483
0.24231957
0.47490094
0.36060962
0.21314210
0.40198150
0.22295866
0.31100032
0.18176489
0.36022359
0.45270852
0.14076091
0.19621722
0.35094809
0.14860457
0.26255730
0.19149065
0.12518797
0.12999900
0.19065716
0.28809263
0.22289770
0.33940551
0.46251317
0.24802680
0.37754201
0.19560652
0.34890876
0.16574265
0.45089206
0.20913807
0.18780542
0.16084811
0.21500856
0.13153263
0.29940886
0.19914864
0.17904043
0.49332853
0.17999440
0.24001665
0.34681610
0.24693975
0.47186206
0.29150969
0.38671954
0.11068171
0.20304168
0.11870073
0.45773540
0.09392649
0.31360588
0.29024904
0.41392599
0.26619937
0.19349477
0.43860439
0.33464421
0.20950788
0.49496034
0.18867536
0.20865987
0.27679020
0.29285448
0.46875409
0.17814323
0.21144109
0.15232389
0.44901849
0.28180509
0.14733142
0.23698805
0.38006865
0.18826635
0.19900355
0.20888247
0.41223211
0.11198579
0.44851739
0.13305489
0.18455767
0.37490426
0.10902382
0.29321413
0.24885560
0.45613839
0.44376043
0.15650415
0.26980694
0.27480134
0.46178533
0.32229595
0.17011416
0.11154239
0.14747378
0.16157514
0.16967818
0.35396684
0.37724493
0.33831716
0.12120669
0.06294947
0.44838809
0.11483851
0.19843934
0.15627404
0.44117439
0.16886812
0.52258218
0.25161721
0.25941000
0.31012089
0.19145695
0.37225077
0.18749362
0.21952947
0.10228109
0.40002884
0.26376749
0.19316194
0.14112293
0.34961536
0.42457367
0.42108964
0.24020167
0.38845236
0.16115294
0.33051395
0.11154834
0.22970657
0.33367842
0.43368906
0.28383143
0.42455448
0.16949083
0.14164721
0.16827801
0.22036606
0.43742588
0.16069114
0.49941238
0.21073013
0.36025981
0.22564052
0.39564095
0.24422960
0.21015666
0.20698356
0.35976275
0.34562161
0.24226651
0.32316675
0.21824162
0.20873657
0.38531507
0.21973966
0.28650819
0.31375609
0.32569774
0.25399114
0.40299750
0.15254155
0.28459435
0.19612704
0.37971128
0.28377815
0.26891445
0.45779900
0.30108141
0.21723768
0.27851761
0.13398000
0.47470179
0.45158772
0.25512667
0.29544899
0.29713352
0.42806446
0.27941930
0.13097292
0.39686500
0.31237890
0.46833615
0.19894159
0.21121359
0.42189112
0.32265611
0.13221515
0.31258057
0.45387822
0.39307626
0.39641932
0.25384531
0.22677979
0.21794612
0.34015590
0.08104914
0.19008311
0.53673525
0.13656615
0.31517059
0.39898202
0.28762348
0.15526361
0.13482937
0.13953121
0.33607564
0.32822923
0.25741564
0.33185153
0.36546861
0.31065431
0.24933706
0.17603884
0.14129986
0.18765818
0.44285416
0.17203742
0.40935500
0.17157946
0.12916331
0.19377100
0.34291324
0.37828064
0.24204378
0.22156243
0.23082909
0.35853080
0.47630023
0.26997454
0.29740885
0.15158201
0.27767243
0.35015535
0.32239017
0.34161739
0.37658851
0.08770156
0.36827311
0.23854728
0.41700672
0.20903092
0.34885984
0.38928444
0.42402708
0.32329369
0.17664128
0.42158444
0.16025603
0.15105129
0.12699091
0.17026983
0.46563645
0.40047827
0.44339503
0.43039181
0.20088307
0.35785934
0.12902861
0.17805484
0.18059075
0.30639204
0.17662905
0.12356335
0.30730136
0.14670405
0.33913582
0.34560602
0.31143969
0.35495780
0.30354345
0.26986010
0.26054684
0.16260907
0.25244192
0.28593802
0.17599357
0.16629389
0.49220351
0.20974235
0.27796925
0.13199397
0.29994665
0.43443977
0.38900756
0.16637113
0.33685219
0.19743012
0.43215449
0.14742410
0.41779962
0.41955316
0.20506097
0.13940227
0.36656605
0.24048257
0.44454000
0.29949756
0.36274959
0.41489006
0.27214488
0.26993111
0.26125753
0.19076850
0.20492935
0.34968649
0.25720669
0.32093738
0.30245056
0.14402612
0.30806852
0.44481686
0.21538372
0.45841349
0.37608189
0.39490741
0.20543006
0.15729322
0.40766001
0.23055844
0.37821129
0.25085853
0.27505904
0.31348748
0.52863792
0.21743762
0.40877246
0.54095840
0.23410631
0.36823566
0.34252340
0.24177101
0.28778138
0.28474326
0.22906301
0.40054407
0.23752068
0.14934168
0.25320060
0.14589965
0.50575724
0.47446318
0.40750141
0.41473515
0.10261040
0.29974312
0.36890837
0.34896762
0.11872214
0.16326261
0.43877105
0.42362857
0.37335843
0.24175652
0.26756264
0.39550610
0.15037899
0.19924708
0.32322952
0.21630458
0.40600200
0.26044112
0.17843773
0.34915906
0.27544176
0.24083491
0.26991540
0.21445431
0.34833304
0.25025828
0.17538154
0.28416912
0.23209249
0.24944825
0.13495555
0.32436805
0.25232662
0.45099566
0.33216045
0.43591728
0.41479221
0.20714507
0.27251440
0.20636663
0.20526463
0.45055325
0.26100863
0.22730756
0.35789514
0.31976701
0.34844845
0.20465105
0.38160838
0.32537984
0.20935123
0.20068201
0.24845176
0.27275672
0.25102626
0.12627067
0.46808353
0.18937971
0.42870082
0.13780002
0.12350837
0.39792152
0.18951255
0.19798242
0.38117600
0.24878072
0.17409961
0.24129449
0.32178224
0.42436736
0.44062267
0.16188858
0.23276267
0.29848602
0.28950072
0.08967310
0.22378454
0.41555701
0.18403513
0.19256985
0.48041967
0.44940620
0.27304365
0.28624625
0.42053416
0.15926837
0.34124649
0.14205544
0.32233287
0.29251868
0.17136508
0.34679483
0.15104458
0.36340593
0.30554040
0.13107428
0.14917641
0.35263711
0.48829573
0.18169963
0.21615649
0.48217126
0.09981802
0.14847876
0.33368227
0.10556520
0.30825891
0.34728124
0.34110522
0.38108813
0.31353668
0.28642186
0.32676766
0.25549305
0.32857881
0.32078812
0.10696229
0.14378462
0.17179189
0.46127823
0.46027270
0.39409872
0.49395685
0.27952183
0.23801571
0.13639537
0.18112332
0.47546653
0.19450866
0.21300904
0.15320391
0.26777337
0.28464537
0.08337400
0.13362374
0.25992936
0.09993176
0.10740950
0.15675699
0.37067737
0.32447994
0.19291787
0.11178020
0.26841885
0.44294020
0.22679989
0.30185102
0.11912439
0.46229469
0.17496841
0.19486030
0.15027230
0.31977738
0.45053336
0.38376972
0.33302590
0.34782618
0.30251899
0.21442211
0.22418402
0.15458646
0.20377531
0.21232903
0.24261158
0.22065077
0.11815585
0.30542704
0.27978764
0.29845567
0.38144440
0.34654070
0.45621550
0.13876249
0.24513987
0.38996288
0.17969258
0.17282429
0.15383275
0.14126353
0.38328047
0.21624673
0.10233221
0.19037474
0.17303349
0.48338479
0.22245096
0.23139153
0.20716442
0.33963610
0.23347590
0.14260153
0.20505401
0.23070456
0.32583540
0.32082485
0.42004571
0.37879710
0.38448310
0.24620649
0.15172505
0.43224953
0.11540666
0.37853331
0.38537821
0.15047269
0.33038696
0.16012760
0.24425483
0.13638942
0.43681697
0.25246432
0.14011866
0.40908588
0.10047896
0.23310827
0.35910660
0.36130613
0.42020335
0.32950285
0.46621207
0.34135384
0.29654257
0.26953374
0.39596315
0.25424006
0.39628729
0.21573430
0.50838323
0.15592232
0.29060656
0.19970792
0.20448134
0.20752738
0.36766769
0.32602027
0.40228384
0.33474363
0.15626125
0.38222787
0.35783184
0.38117033
0.35589923
0.29469713
0.18997592
0.49026994
0.22952120
0.26024545
0.30616148
0.09509869
0.39570001
0.35283591
0.27834183
0.27365273
0.33906263
0.38304868
0.35627657
0.31040194
0.15347047
0.11505591
0.33877423
0.20299360
0.31902171
0.31266690
0.43942062
0.30102175
0.23140371
0.46217655
0.33782408
0.36085321
0.23368233
0.25718864
0.26843462
0.19252419
0.21236899
0.28673445
0.25244777
0.06848593
0.21954981
0.34180027
0.47862084
0.30982090
0.45188487
0.30644955
0.39182583
0.28345387
0.33011744
0.27191761
0.22852478
0.33158564
0.24191259
0.51957043
0.46037271
0.48913937
0.17363875
0.36032442
0.15611252
0.21204002
0.26627449
0.30532513
0.33711573
0.28237377
0.10610478
0.13991372
0.33879216
0.16130267
0.16555539
0.41575673
0.37353699
0.20839489
0.43439781
0.31099887
0.35173594
0.24534768
0.36612589
0.22929643
0.09121626
0.30083203
0.51629159
0.46191321
0.24335074
0.16976776
0.18724473
0.12132850
0.24065864
0.10038483
0.29455765
0.48213408
0.55984096
0.33729293
0.36329611
0.16002405
0.15645017
0.35775791
0.22211141
0.27380935
0.23197934
0.24514789
0.22105791
0.53973312
0.44576470
0.17447423
0.34206574
0.40421784
0.43876196
0.07734885
0.30242501
0.46341713
0.20933824
0.20978103
0.12874344
0.17492559
0.34238162
0.21815468
0.35358019
0.16260542
0.11773865
0.40374363
0.39450344
0.31082661
0.47643297
0.41317987
0.35761636
0.39818356
0.30718983
0.18673924
0.37546701
0.55778772
0.48086824
0.13399620
0.17559292
0.18997578
0.33990975
0.22310555
0.38816611
0.35684917
0.30684397
0.28708448
0.23491936
0.19606859
0.25606912
0.29422508
0.14770191
0.25210201
0.21819043
0.41307711
0.25984932
0.31392139
0.39136748
0.47706649
0.13416965
0.14960658
0.36112398
0.24374276
0.36053333
0.36014979
0.11753008
0.23798023
0.17670414
0.16017808
0.35308590
0.25321714
0.25263933
0.34320648
0.14402572
0.21627396
0.30260659
0.28700146
0.17309164
0.33184169
0.44387192
0.36346650
0.41132699
0.23738108
0.18415763
0.13851519
0.35285268
0.35395671
0.14432899
0.21134024
0.20689175
0.27719877
0.19810558
0.36037660
0.34094968
0.09420950
0.24520728
0.45191590
0.10829989
0.44491900
0.40407437
0.26851004
0.30942905
0.17757493
0.29340666
0.31660198
0.09862819
0.12795854
0.28648077
0.50619565
0.49800691
0.29189976
0.16800448
0.21377138
0.21618091
0.19523389
0.42332832
0.47946338
0.27274317
0.26648773
0.09463920
0.35408796
0.44540604
0.17198287
0.32603735
0.15755111
0.29570311
0.17179628
0.41192029
0.47685160
0.33343651
0.48516381
0.44224016
0.49701775
0.25623567
0.25114115
0.37408757
0.22319428
0.28334859
0.27930237
0.12100380
0.31563073
0.35705411
0.23905059
0.23801073
0.26327118
0.58081874
0.29243260
0.11111209
0.11327741
0.16812419
0.31123937
0.41150439
0.24197006
0.38452506
0.25426710
0.29107466
0.17666448
0.34623224
0.23943518
0.22661927
0.28313241
0.25414367
0.47739918
0.15903582
0.41651053
0.55998850
0.11791977
0.09777194
0.25845155
0.28338284
0.28838506
0.05849169
0.18328591
0.32946422
0.15178831
0.30104181
0.36685670
0.38627712
0.21013497
0.35948607
0.44832183
0.26665575
0.27161460
0.22645630
0.34375120
0.22159673
0.28358557
0.17318953
0.45036470
0.30419407
0.16672080
0.43660956
0.27352603
0.23571366
0.41981486
0.21433060
0.22992409
0.41811519
0.16953708
0.22420327
0.48707557
0.09282553
0.17298516
0.13545341
0.10401955
0.39157471
0.31336189
0.26946838
0.17012322
0.40453535
0.56632797
0.24413828
0.17670361
0.38763540
0.29068289
0.28076371
0.28980878
0.42244524
0.28615185
0.24231534
0.27313857
0.23338122
0.44461465
0.46081756
0.44209640
0.24466466
0.24324589
0.44566995
0.18558060
0.39294695
0.47595801
0.13086937
0.20816787
0.16384690
0.19943996
0.29518011
0.35093593
0.20347876
0.36008804
0.16522410
0.18741290
0.18889482
0.33718773
0.37580856
0.25694500
0.16111772
0.43093607
0.30903773
0.31206354
0.35632334
0.49825690
0.31068218
0.35522809
0.26835102
0.54945549
0.13500952
0.28651557
0.18162408
0.23600070
0.42197974
0.36395356
0.16130096
0.14993906
0.17308635
0.45414218
0.51551355
0.25394230
0.25822354
0.14253769
0.10352272
0.15736985
0.28043055
0.38797605
0.16345878
0.25562767
0.37649831
0.24822562
0.32476337
0.21458663
0.19041159
0.16967402
0.28779195
0.50920973
0.25024361
0.48880212
0.38361818
0.37932923
0.44067287
0.25334612
0.19704988
0.12327323
0.09921546
0.37497506
0.49485917
0.31645115
0.25430507
0.38799319
0.09860575
0.27793121
0.18153527
0.40276583
0.14976167
0.14265684
0.53757184
0.15192743
0.20445212
0.39522801
0.19421775
0.38862729
0.13439769
0.42304386
0.15676011
0.12806444
0.16964027
0.45252968
0.25607984
0.27535027
0.42367651
0.43827603
0.13736404
0.29604928
0.20991525
0.21125822
0.40991816
0.41264041
0.53389455
0.14055207
0.25823891
0.19393579
0.42619514
0.42445001
0.13952061
0.13147396
0.35617315
0.20173297
0.36534058
0.29235516
0.30940630
0.43553636
0.42245836
0.34799093
0.14557644
0.14057209
0.24907557
0.35492819
0.26959010
0.33542696
0.19862900
0.35203788
0.21329288
0.25304173
0.20778816
0.41813261
0.34653462
0.25474812
0.35384661
0.16514203
0.21109341
0.22338419
0.30584146
0.29098079
0.24254298
0.41456543
0.22545534
0.28876355
0.12115795
0.29627997
0.35746858
0.23672706
0.20878458
0.22145527
0.25924377
0.40841448
0.31253948
0.15597005
0.21726176
0.42454792
0.36366859
0.46901922
0.31715261
0.36529826
0.49068507
0.45593613
0.41526579
0.21878773
0.15209604
0.51944616
0.25180837
0.28459692
0.34548108
0.38385170
0.14843465
0.14289994
0.48837998
0.36478414
0.34631740
0.22025582
0.29507382
0.17629665
0.31302051
0.25716315
0.33240971
0.39392909
0.23813036
0.20846296
0.11364503
0.26943866
0.16683590
0.44023050
0.31736101
0.35604210
0.34600231
0.31262308
0.37750886
0.45555581
0.17682153
0.40778185
0.36787535
0.49603028
0.23813099
0.46537391
0.23845978
0.14695274
0.41080490
0.26320799
0.20032316
0.17718665
0.17695043
0.13805983
0.15788968
0.19741165
0.20528878
0.13541549
0.43809294
0.28136298
0.08897401
0.19165514
0.31783163
0.42772917
0.35151552
0.16288097
0.24071204
0.26921272
0.11847998
0.41638716
0.17192632
0.09781560
0.37854410
0.24847066
0.50975343
0.30724504
0.19373460
0.17284673
0.15974637
0.38080744
0.13726708
0.24398869
0.23282257
0.23061861
0.29076496
0.28521482
0.33747023
0.22504445
0.22434880
0.26637386
0.16900893
0.49569380
0.10021717
0.32906671
0.36756231
0.10783305
0.34900053
0.13422306
0.23919552
0.29392743
0.41684014
0.33463967
0.13314123
0.22271636
0.32248497
0.25684172
0.45610836
0.23784490
0.37508348
0.11982624
0.47832534
0.29802604
0.38017953
0.11791900
0.16861284
0.25647461
0.11631829
0.45091400
0.52561360
0.47405981
0.19736380
0.42609388
0.19281242
0.39672456
0.30429464
0.33355071
0.35996545
0.24706791
0.28647929
0.25219226
0.43402194
0.14246257
0.34981665
0.28838223
0.28185488
0.23905258
0.36286445
0.08824822
0.47365863
0.12249232
0.39833020
0.28744485
0.34902184
0.32034129
0.15141044
0.33137295
0.16514301
0.36715690
0.17147302
0.41945951
0.41433155
0.14017093
0.17256605
0.18708666
0.31635992
0.45990872
0.14456796
0.30707219
0.47375955
0.15610282
0.35999960
0.23683533
0.23632799
0.34893804
0.42609234
0.42624369
0.22230780
0.31115037
0.21202732
0.33872756
0.35010293
0.22751737
0.15370608
0.33683386
0.35455008
0.21817312
0.29533199
0.21216392
0.31564256
0.21804101
0.28835949
0.42102527
0.29919620
0.27896118
0.18808465
0.44385226
0.13344943
0.15389755
0.17228863
0.41330872
0.15336446
0.36678919
0.23818657
0.21525534
0.32042022
0.07985945
0.35315810
0.26012048
0.14344097
0.24572304
0.32082731
0.11649480
0.20180013
0.45048661
0.28161075
0.41460819
0.27741140
0.23280115
0.36363306
0.32335789
0.40881266
0.25396847
0.16242821
0.35440236
0.24790885
0.47988062
0.41675490
0.55366865
0.18494185
0.18522237
0.08447798
0.29127174
0.16898912
0.10405380
0.13734298
0.36279292
0.15591720
0.11209724
0.19561667
0.36553433
0.25434942
0.24802979
0.39315029
0.32538164
0.10647573
0.15504184
0.37600337
0.27517308
0.07785251
0.24869188
0.21988982
0.39599718
0.22583245
0.33247629
0.32969693
0.27649133
0.41671145
0.41362082
0.24581278
0.29084441
0.25725523
0.26715619
0.19864022
0.20926138
0.32444176
0.38692081
0.12903599
0.18836130
0.15938656
0.38413574
0.38165510
0.25777589
0.24656280
0.26411708
0.18442635
0.40134143
0.19450840
0.19425561
0.12823853
0.49044539
0.27127053
0.21184415
0.07723836
0.34635431
0.19894709
0.31076295
0.19431653
0.19321977
0.33889120
0.20896747
0.16396355
0.32817516
0.28490801
0.48721608
0.38942062
0.26152731
0.20486014
0.28396162
0.22111752
0.22707806
0.50257853
0.18534234
0.23622337
0.20333587
0.40778855
0.21172091
0.11072814
0.41392140
0.44761443
0.24013934
0.40340093
0.12358796
0.14338770
0.26239592
0.17319725
0.32258242
0.12657874
0.18006311
0.16453163
0.19222239
0.23958753
0.41583303
0.44505224
0.23674255
0.35468749
0.07146579
0.29758086
0.37566095
0.39804486
0.11293563
0.27392439
0.30398710
0.48427024
0.28924245
0.21204892
0.11091490
0.28904939
0.14437540
0.26154540
0.18681792
0.25807890
0.41650238
0.19693671
0.28491951
0.26836289
0.29994000
0.26417061
0.16432766
0.38570623
0.26573566
0.33115119
0.33567944
0.11626980
0.21002634
0.45604832
0.29641396
0.18307269
0.17602165
0.23643605
0.32484187
0.30368260
0.34455183
0.26607304
0.41653833
0.48776412
0.20264093
0.20116382
0.26434853
0.16256101
0.39560731
0.41804108
0.11209194
0.38331169
0.19914810
0.33601988
0.32880260
0.16068244
0.15569707
0.38371211
0.30055268
0.35133887
0.31338720
0.19373807
0.09398015
0.15941029
0.17483548
0.31144569
0.20739531
0.17967948
0.41878206
0.27125356
0.45322537
0.24532730
0.27402960
0.27229068
0.17152000
0.23159000
0.45984600
0.17497853
0.22915276
0.19444243
0.49942160
0.17537815
0.29820626
0.25413577
0.23383254
0.31461691
0.27346440
0.28033135
0.36676818
0.37146620
0.19660441
0.40157977
0.18508709
0.44912755
0.24695261
0.23854402
0.33418871
0.12616907
0.25588399
0.43651544
0.26651512
0.24096057
0.28775572
0.46583390
0.13074966
0.20842155
0.36584636
0.23136430
0.31725770
0.33266965
0.33124121
0.34490199
0.23728956
0.37204756
0.45685974
0.45417819
0.36938118
0.31219109
0.21094515
0.39822691
0.09857102
0.18836002
0.35122668
0.10809742
0.44606372
0.25921179
0.15903152
0.13765185
0.43742021
0.31589309
0.13834137
0.28304991
0.25052354
0.22538671
0.24834010
0.30038901
0.37042200
0.25829559
0.29772255
0.48765552
0.22194779
0.36812892
0.11611453
0.15237215
0.15167009
0.13910432
0.31571505
0.11709761
0.48694942
0.18986826
0.35135176
0.22752620
0.11783098
0.12404876
0.32179112
0.19896211
0.24088588
0.41001512
0.43857834
0.28335642
0.29515717
0.14199958
0.16635439
0.42391443
0.18675922
0.10223209
0.36182710
0.37381769
0.23365600
0.18495083
0.12704971
0.37969237
0.38875406
0.24089404
0.32816066
0.17178856
0.47313487
0.27730892
0.37011587
0.39668604
0.50652171
0.26715709
0.42372399
0.32992640
0.34004139
0.29732968
0.47968060
0.24968680
0.22185203
0.22321991
0.35316232
0.24487211
0.28114477
0.21146540
0.32976353
0.10392654
0.32865877
0.21564649
0.45023136
0.46463467
0.41885014
0.27623083
0.23629245
0.17148340
0.09797768
0.17678579
0.41602242
0.28920437
0.44209196
0.25563783
0.46091449
0.26270786
0.13169069
0.34156909
0.30092109
0.20390674
0.28975871
0.38961210
0.17056121
0.12606526
0.30549009
0.18603779
0.42750318
0.15272409
0.34069806
0.20050019
0.27928722
0.37102093
0.22655220
0.19748978
0.41337544
0.15298460
0.20123974
0.47498295
0.32956601
0.41208917
0.17346664
0.30550216
0.34535519
0.37314763
0.20791327
0.36108580
0.33684083
0.35839760
0.10718834
0.12713648
0.17256037
0.17749917
0.36482838
0.34392866
0.39331654
0.16230498
0.12415188
0.11572593
0.24235616
0.41141892
0.19576062
0.22213508
0.33864375
0.34479567
0.11944817
0.21423732
0.13466226
0.13898424
0.45570609
0.22136834
0.18780100
0.13094976
0.17302936
0.10930086
0.18062413
0.23878565
0.38114462
0.09601849
0.41368150
0.37356918
0.15427530
0.10805470
0.34075854
0.27172147
0.17413325
0.25198004
0.46616759
0.36546413
0.26228274
0.40755534
0.17278992
0.20743040
0.46027936
0.24338131
0.38491508
0.19311225
0.25654802
0.11010056
0.24699067
0.17142616
0.35569836
0.25274129
0.11853926
0.29041074
0.30665252
0.55775659
0.31265205
0.33714619
0.35393042
0.16181829
0.11713555
0.17642990
0.24975638
0.40592813
0.34061679
0.34838618
0.28804039
0.17163158
0.23764657
0.34672040
0.33014559
0.17508871
0.28762603
0.47833811
0.39699994
0.28603111
0.44322286
0.14263469
0.27029257
0.18097591
0.27112366
0.34343221
0.18033908
0.16740855
0.12072518
0.40496517
0.33491213
0.34027756
0.19920265
0.19235075
0.22829034
0.28894834
0.25639042
0.34706147
0.20037170
0.10380971
0.31239329
0.44610286
0.43643273
0.10256133
0.28985642
0.35221741
0.34357122
0.33114407
0.17877620
0.23618749
0.30153048
0.40400900
0.11739895
0.09562479
0.38016760
0.45964058
0.34723664
0.24057279
0.37778010
0.27983839
0.10955519
0.23760666
0.35361717
0.28425187
0.55099279
0.26075646
0.24347723
0.24173960
0.21233476
0.21726762
0.17402299
0.14156897
0.31608913
0.22300585
0.24521497
0.39065273
0.41311673
0.44133526
0.11081897
0.32442239
0.32810407
0.24365930
0.18413675
0.20687788
0.19300056
0.50524516
0.43193773
0.07570697
0.22350317
0.44298290
0.19173128
0.31520956
0.38037946
0.33928522
0.38710740
0.16449952
0.15629774
0.35638009
0.19561800
0.31121427
0.16374381
0.27034937
0.36269536
0.33466790
0.18360364
0.13592540
0.31431988
0.30139601
0.12195406
0.13059447
0.40538680
0.17121452
0.14865293
0.23063758
0.42131798
0.13804570
0.09506660
0.40085695
0.39181922
0.08829416
0.25583371
0.29114406
0.31611397
0.42465078
0.12222282
0.19680324
0.22984062
0.11486475
0.18384838
0.31797217
0.11883533
0.37428126
0.39393951
0.30115357
0.34319875
0.26692335
0.12721481
0.11828695
0.20207466
0.15431190
0.36051061
0.22124428
0.16460590
0.20230160
0.36839767
0.35283812
0.22491554
0.26381249
0.18175377
0.39587839
0.24483544
0.41428750
0.18257909
0.19406264
0.17699719
0.37891839
0.21109267
0.19954023
0.26380178
0.26364590
0.44862077
0.16764077
0.33095687
0.36691497
0.55355171
0.42580593
0.25458711
0.29735052
0.45592382
0.47660117
0.19054068
0.20047257
0.24139351
0.26706053
0.37059723
0.17849394
0.31384512
0.36273302
0.36437456
0.11703174
0.55256161
0.20909363
0.51503057
0.49773596
0.29201530
0.23253022
0.13340853
0.43371975
0.23675168
0.19139690
0.34691009
0.16224655
0.11969176
0.27788900
0.12975946
0.25704715
0.41799228
0.19043545
0.39905927
0.21696579
0.26081216
0.14231683
0.27730633
0.28565033
0.23925359
0.27862805
0.17343514
0.32305265
0.29939339
0.24486329
0.19291719
0.26331160
0.27590906
0.32055383
0.54147042
0.42351200
0.48375726
0.26178594
0.44891789
0.46749711
0.17203978
0.32786841
0.29806850
0.27007645
0.43736972
0.37152322
0.31769336
0.22992729
0.19696089
0.23087819
0.42447814
0.30250132
0.18965664
0.27033616
0.39225706
0.25151801
0.20981510
0.17720639
0.47515942
0.10719296
0.23778817
0.41243111
0.14779177
0.48498460
0.28810056
0.42837038
0.28895489
0.25736355
0.26706233
0.17604540
0.24078558
0.29856630
0.25974251
0.26434188
0.15117497
0.34776515
0.32321384
0.27683861
0.45020414
0.42007402
0.27776420
0.21254890
0.36316033
0.16662140
0.28981456
0.46219871
0.40097629
0.36538080
0.20054075
0.27225349
0.16236439
0.34949866
0.20379603
0.20884430
0.27914482
0.11394073
0.46056756
0.30937072
0.19783873
0.19188888
0.24185419
0.29286093
0.33625794
0.07536082
0.16702638
0.19436101
0.26690910
0.12483413
0.25517762
0.40024807
0.37462430
0.43328079
0.36131784
0.14799468
0.24220291
0.25039700
0.42333512
0.30466459
0.39286881
0.45905899
0.27004932
0.39192317
0.51725124
0.26231635
0.24325501
0.47960117
0.30435698
0.29476050
0.21254535
0.15563929
0.42311462
0.27963469
0.38847161
0.36482913
0.33698729
0.43004389
0.42736015
0.15054239
0.18370353
0.21178417
0.35130736
0.15259195
0.35534666
0.22510175
0.36327237
0.19213308
0.35843928
0.23101052
0.24840879
0.14034857
0.35408863
0.44193073
0.18165081
0.23618492
0.07463402
0.23808659
0.23475400
0.16594075
0.33585549
0.23663979
0.18291333
0.11801482
0.43729723
0.10675891
0.23576825
0.23151477
0.31011364
0.34604035
0.38512700
0.34086871
0.31357423
0.48937213
0.33458859
0.38068188
0.32885333
0.45427593
0.15433014
0.37637836
0.24436215
0.15943358
0.14974360
0.19726246
0.50401429
0.25222763
0.12015708
0.32506472
0.29397554
0.25784134
0.29899007
0.14721465
0.12330353
0.21924232
0.44818306
0.21361123
0.35459322
0.07410984
0.31094435
0.43062028
0.52360141
0.26897004
0.30547647
0.33516763
0.09413390
0.39559497
0.25517859
0.42415634
0.20651690
0.22670344
0.45428299
0.24393829
0.23182630
0.45493443
0.19404409
0.32359351
0.27795671
0.39952700
0.35220968
0.33312163
0.18540540
0.11294977
0.20784278
0.17113259
0.26436572
0.26624000
0.13890621
0.33160289
0.44162967
0.40193545
0.20462853
0.20017409
0.33986817
0.40588855
0.26752314
0.27711721
0.34318394
0.35999426
0.31523980
0.17898633
0.17591965
0.37403180
0.18803682
0.27795146
0.19450727
0.29402707
0.27707909
0.39344633
0.20054490
0.13543944
0.31011479
0.35642138
0.29621921
0.32575043
0.39975139
0.24030908
0.30987462
0.40115980
0.23823461
0.39729977
0.37208527
0.18143175
0.32250529
0.21966954
0.55254915
0.36919615
0.44023699
0.09684342
0.32119141
0.13512070
0.39470623
0.16373125
0.31719545
0.15593110
0.38991360
0.33453831
0.15269540
0.20702097
0.21978741
0.30806203
0.26779754
0.28911102
0.39631500
0.23817531
0.23566354
0.15237089
0.34308862
0.17171781
0.31762273
0.41173673
0.32794390
0.41782056
0.21817062
0.11349799
0.17617510
0.34552429
0.24423459
0.24473718
0.22391058
0.13910712
0.45613619
0.30629676
0.34165711
0.18034839
0.35065420
0.25124427
0.16820585
0.34447243
0.34622810
0.21378682
0.16241814
0.16827519
0.36391649
0.39670813
0.27867886
0.44627648
0.29980995
0.23094620
0.29358074
0.18563799
0.37017923
0.20244195
0.21235464
0.12838158
0.19264080
0.16961155
0.45135476
0.29068217
0.37305503
0.22515169
0.18135159
0.25208548
0.11921224
0.10018676
0.48932737
0.33131018
0.44068130
0.17170444
0.42455921
0.43916583
0.48304604
0.28511804
0.38421281
0.41227938
0.22009089
0.15138480
0.29744401
0.47308287
0.19925342
0.25015715
0.40319278
0.35724513
0.11761805
0.17355885
0.44524852
0.18184676
0.44022255
0.23319669
0.36501700
0.45811513
0.18155390
0.33846423
0.23029136
0.25018944
0.47143851
0.22596077
0.20465280
0.20800515
0.27226964
0.15561440
0.26797011
0.45979944
0.11716255
0.50915799
0.15584869
0.12639731
0.16015416
0.31128227
0.32483192
0.15017203
0.42312532
0.26994431
0.21475398
0.29306423
0.12306487
0.21630336
0.14429168
0.27971337
0.32848025
0.23818234
0.30255195
0.28295680
0.41081899
0.14747757
0.51819163
0.27215575
0.22135733
0.37132971
0.37720005
0.19608287
0.16783213
0.30206189
0.17012152
0.25104057
0.30312051
0.29580121
0.29768648
0.24427429
0.26126549
0.49044493
0.15605237
0.14513855
0.18205578
0.14530081
0.44565873
0.37487045
0.22299374
0.38403064
0.40131976
0.13405927
0.27611143
0.16040062
0.09808147
0.25813259
0.17342520
0.33726901
0.43113371
0.20153693
0.15569960
0.41096576
0.22872459
0.09731271
0.53591304
0.17059796
0.20904437
0.26926834
0.44499302
0.46923765
0.21298275
0.25933240
0.38353291
0.35519818
0.32589468
0.43011745
0.43398689
0.12494855
0.41317283
0.29866606
0.17487519
0.21518998
0.37103060
0.44746084
0.27560124
0.28000430
0.19935815
0.33062248
0.32822064
0.13746620
0.30892601
0.13265856
0.17803545
0.19844757
0.24487949
0.14217437
0.29716302
0.53014351
0.31796270
0.22045259
0.32245140
0.16579698
0.42078358
0.46541256
0.13339331
0.46656577
0.17545205
0.27372781
0.14274163
0.46170976
0.40165310
0.27246055
0.41508986
0.36314430
0.44786393
0.14045099
0.31029918
0.28494433
0.34848641
0.48801360
0.16797339
0.16091545
0.17193392
0.17592214
0.11950590
0.12005756
0.49902942
0.11104716
0.26557909
0.13636326
0.32498025
0.32480139
0.38926018
0.38853605
0.12956730
0.31017947
0.32283546
0.37055013
0.39423585
0.12059817
0.26794846
0.44662974
0.18648384
0.34394830
0.32101921
0.29730626
0.54509153
0.21305696
0.25528819
0.34906750
0.41537288
0.32374732
0.16594673
0.44940156
0.38199423
0.56496897
0.18990560
0.24389308
0.21162251
0.40028358
0.38379906
0.17746333
0.14623561
0.20808255
0.21429743
0.29505306
0.42021555
0.40860887
0.24804506
0.09758571
0.30754214
0.15946484
0.13035567
0.40373326
0.32588645
0.18741281
0.21425801
0.18226418
0.38011270
0.25957878
0.43921927
0.35349109
0.34968167
0.37561146
0.41269136
0.14637588
0.37378449
0.17066150
0.18227190
0.24127190
0.39288367
0.33888381
0.20950888
0.32950835
0.21970762
0.42480049
0.40842238
0.32567463
0.13544856
0.23350758
0.16715123
0.25169252
0.34742716
0.18911921
0.35932070
0.22285886
0.27224155
0.21270572
0.19261000
0.56865278
0.27138088
0.41197726
0.31930419
0.18036045
0.30835280
0.14371669
0.21294169
0.26034420
0.15682382
0.36662539
0.09098501
0.26290025
0.22155186
0.45427682
0.25033435
0.24527325
0.38867445
0.40823810
0.42700337
0.20131205
0.21255751
0.20614460
0.17792163
0.16936837
0.26124231
0.38588759
0.30429015
0.27348934
0.35888750
0.12300953
0.33430874
0.18803629
0.15372958
0.37919341
0.38759630
0.30894164
0.20434453
0.23787706
0.18453548
0.38936244
0.35033331
0.27859123
0.17854691
0.45879924
0.21445075
0.18434311
0.09594629
0.20598320
0.15869205
0.21121023
0.11593432
0.15129501
0.17437850
0.35214899
0.25029330
0.46290322
0.51351447
0.43999120
0.26837450
0.16950441
0.20989206
0.20412716
0.48284622
0.38545789
0.22008229
0.44558489
0.11843699
0.22294143
0.15700970
0.35389309
0.30898969
0.18139939
0.27529263
0.50105942
0.30333519
0.19689335
0.39491940
0.27968627
0.19084002
0.37627307
0.51907178
0.46373682
0.27126129
0.17290947
0.49918185
0.10656474
0.25509547
0.40999158
0.36267797
0.12515569
0.17051278
0.20492825
0.41425607
0.07330157
0.30137724
0.14979507
0.19109220
0.07760189
0.12603406
0.38018269
0.36001324
0.22228641
0.36765799
0.23991162
0.33729499
0.20408305
0.21940704
0.29652510
0.08989106
0.20739281
0.21732123
0.17505238
0.20995917
0.18808174
0.16336150
0.14014359
0.27291879
0.29489833
0.19226875
0.22508329
0.31662553
0.16974479
0.19835454
0.28204183
0.29955261
0.14805123
0.22841881
0.23746069
0.47923145
0.28321819
0.12005746
0.36055816
0.11665649
0.24179648
0.43942388
0.26202358
0.15978584
0.11367374
0.14577477
0.33773141
0.26247442
0.40670897
0.30066995
0.36258624
0.08322781
0.37671238
0.19201471
0.16661082
0.26908114
0.18544989
0.38422172
0.42885897
0.38180406
0.33017017
0.19592306
0.45145874
0.33741441
0.15804527
0.31318184
0.25075008
0.46207683
0.18010065
0.36630654
0.32103175
0.15013114
0.31548980
0.20491082
0.40662869
0.20185644
0.30197406
0.33979172
0.24627011
0.30511611
0.12158213
0.33191040
0.40255885
0.38359655
0.37045816
0.25133771
0.18214358
0.38885156
0.15446254
0.26077387
0.23627208
0.25169182
0.22471102
0.23756704
0.41790330
0.30326698
0.20683423
0.27579186
0.10390280
0.14593940
0.13799904
0.25923666
0.29050666
0.20968178
0.32976387
0.14218923
0.33700930
0.15587198
0.35107617
0.37064465
0.19601925
0.19473261
0.32771839
0.33497827
0.30643636
0.33349707
0.33425512
0.35084317
0.24048348
0.22942243
0.17276097
0.43394068
0.48339332
0.44203049
0.13506194
0.33069254
0.10490561
0.25999610
0.30861919
0.42980281
0.17597868
0.13910944
0.21235263
0.27235525
0.22493447
0.09768591
0.43649532
0.44302265
0.31564984
0.43757582
0.41703637
0.23593581
0.20106816
0.25139096
0.37740330
0.20360131
0.11712660
0.39341110
0.30875464
0.29492609
0.43579109
0.17534456
0.19759256
0.22933481
0.19633121
0.20010100
0.13857626
0.09960925
0.30512982
0.28843333
0.14933963
0.22349936
0.31487865
0.14141571
0.15901603
0.37127695
0.21759839
0.25935544
0.18731775
0.16485086
0.24953428
0.33853619
0.30445520
0.37562169
0.27492315
0.15424023
0.07955153
0.26864469
0.49598854
0.27902652
0.18395189
0.27227352
0.16474749
0.27215533
0.35766390
0.16809672
0.14806865
0.15302850
0.41083346
0.29876988
0.26631984
0.14162923
0.26092772
0.15562898
0.16591591
0.42361017
0.18120694
0.19783347
0.39636641
0.42660401
0.18819570
0.12202916
0.18927617
0.35593828
0.15846143
0.23146221
0.41808094
0.16415669
0.28083586
0.15017321
0.39003802
0.31356531
0.21837324
0.15407651
0.22553277
0.21760317
0.30708248
0.29042858
0.28203280
0.21731754
0.33854118
0.38908985
0.07630048
0.16894142
0.45995998
0.35157578
0.20760302
0.12168400
0.14587706
0.18560301
0.33900770
0.35269596
0.29513965
0.56389735
0.32726845
0.12288942
0.39925217
0.09798168
0.40592086
0.15099939
0.33218412
0.16648125
0.50286692
0.27822914
0.21339319
0.16248794
0.23843925
0.33115026
0.24447364
0.34191201
0.17579066
0.37591341
0.31127493
0.26868730
0.31588648
0.25523827
0.23063646
0.17334884
0.12931337
0.43836992
0.17205476
0.36866632
0.29793620
0.32566989
0.19403058
0.16813607
0.17622525
0.20909670
0.43205826
0.35076997
0.23222568
0.38871390
0.43280200
0.25746620
0.37491047
0.33490153
0.28657924
0.16520701
0.28563283
0.36289094
0.23213647
0.44651126
0.22285376
0.24755951
0.30241741
0.30720309
0.26604584
0.36196171
0.17616029
0.23443355
0.25550161
0.28136240
0.14181405
0.27855611
0.21185997
0.28025870
0.27694930
0.24728474
0.28647887
0.14700181
0.28046516
0.14407421
0.17110056
0.33932025
0.42054103
0.35877690
0.25840836
0.46103702
0.21793860
0.24397860
0.37960431
0.24306196
0.18470750
0.29110269
0.29590521
0.42523172
0.21575318
0.47508703
0.33750392
0.39285605
0.31581788
0.11098403
0.21289407
0.22653175
0.19446115
0.12862134
0.24775539
0.16645804
0.09706004
0.22255266
0.24124483
0.14177598
0.30625953
0.33232991
0.49341672
0.18760858
0.31722681
0.27996483
0.42270549
0.31000849
0.53845490
0.10101442
0.18368468
0.49414743
0.24837651
0.16869691
0.31769980
0.27285485
0.20972519
0.14003615
0.29106151
0.21798603
0.40498862
0.26051194
0.46630042
0.08894068
0.42633100
0.21265256
0.26739470
0.18863660
0.13401931
0.40631585
0.42861129
0.19985661
0.17328566
0.34026779
0.30643512
0.22143500
0.18194007
0.40578583
0.28054844
0.16646250
0.22899330
0.16343250
0.20002722
0.42693242
0.19575723
0.47794854
0.25695922
0.23225486
0.34501402
0.33465237
0.18533559
0.39295317
0.14147488
0.15619060
0.20207798
0.34875036
0.38486083
0.18357350
0.50193003
0.29320364
0.14873167
0.55037069
0.19320750
0.18392210
0.27169686
0.39956423
0.36915564
0.27857060
0.44976863
0.24877797
0.15041261
0.35006025
0.34379347
0.19926600
0.39297404
0.50202193
0.52843325
0.33699708
0.45764443
0.21419453
0.16410973
0.16720851
0.19297148
0.36484732
0.14631639
0.19316494
0.44916449
0.15615546
0.28466563
0.42388894
0.38023871
0.25198732
0.09691020
0.33802013
0.40354454
0.26424350
0.14768891
0.31896529
0.37625496
0.22905543
0.20205832
0.15864468
0.25371348
0.33773173
0.42587927
0.20261942
0.27905675
0.40947562
0.34453039
0.29412652
0.26018268
0.31836708
0.13859410
0.18246330
0.21647718
0.08428898
0.16724094
0.24671426
0.17635230
0.20624281
0.32213729
0.43207672
0.13410809
0.18945225
0.29222780
0.31321609
0.39452989
0.31332151
0.42769876
0.15419788
0.22022503
0.40239549
0.28592381
0.25133127
0.17857643
0.34126463
0.30765318
0.35872159
0.11649278
0.30701404
0.27717224
0.31928084
0.20235507
0.47573867
0.15842223
0.21155240
0.30238867
0.36890390
0.19635272
0.20360408
0.36791707
0.47369202
0.39742600
0.24346564
0.13521076
0.17285830
0.26282897
0.38233068
0.18464538
0.25549109
0.29561355
0.13988272
0.16758980
0.15539993
0.26793427
0.41782294
0.24150180
0.36578149
0.42547195
0.16494426
0.37055375
0.13531979
0.15608845
0.35741793
0.43604015
0.17636519
0.39655553
0.11080811
0.14188500
0.22926701
0.19466042
0.29769082
0.21629227
0.41177690
0.40969308
0.12909640
0.23632092
0.38232079
0.24437245
0.24732204
0.24243476
0.26113947
0.30043984
0.10938136
0.19608798
0.21813633
0.21108547
0.30409378
0.28082402
0.24316819
0.41806823
0.26042330
0.36373987
0.31240264
0.27442191
0.27891951
0.16522903
0.36360405
0.11375551
0.25663654
0.46341468
0.15707283
0.10281146
0.32277186
0.17988668
0.20394087
0.19648179
0.39372613
0.19179413
0.09211743
0.20750015
0.24010097
0.34751136
0.24063493
0.09250995
0.27958322
0.20173101
0.10253786
0.38182588
0.21115832
0.40624668
0.25030881
0.34265640
0.47892095
0.14567025
0.20007664
0.14339125
0.15748444
0.17862451
0.38622778
0.21954306
0.32936558
0.48056996
0.20428747
0.30358454
0.29925567
0.52982384
0.21855436
0.17772347
0.23944836
0.11268090
0.28974442
0.27643457
0.38467931
0.14160455
0.38296918
0.33567901
0.41338015
0.28064699
0.21902125
0.11843201
0.35748265
0.21883763
0.12989557
0.37884586
0.16685648
0.22854802
0.13859507
0.23035317
0.21324625
0.46313073
0.10519564
0.32677531
0.48516796
0.22878824
0.13038042
0.36735862
0.15140386
0.20450458
0.48281131
0.17616821
0.36665909
0.31086145
0.25442913
0.23709850
0.45673637
0.10113214
0.26357603
0.14395441
0.30032834
0.23845951
0.27218041
0.13839995
0.15578372
0.31266917
0.43524606
0.14291525
0.20724794
0.26399849
0.45726899
0.36602599
0.35674420
0.37094007
0.26922475
0.25261904
0.23284286
0.18343200
0.24953249
0.24765383
0.42268764
0.14137824
0.29117734
0.18646818
0.14930144
0.26868455
0.27332240
0.29343103
0.25449055
0.23973626
0.39782921
0.29206444
0.16724110
0.33378090
0.37466318
0.12667062
0.24282841
0.30389213
0.38251736
0.18867282
0.28728899
0.28819625
0.15261693
0.23721974
0.33458703
0.34857817
0.35779168
0.31435519
0.44680368
0.26266701
0.23695899
0.20499105
0.13578814
0.32280136
0.27007717
0.32492460
0.33910336
0.15134978
0.10201704
0.12379202
0.36613345
0.50181604
0.45349314
0.27938259
0.32509975
0.41394873
0.23566339
0.19505542
0.22609645
0.21296551
0.19883703
0.25229845
0.32862027
0.20965221
0.48187308
0.29065126
0.19850927
0.21034872
0.17277391
0.13717193
0.50912017
0.21926105
0.28125213
0.29028027
0.12098374
0.28200288
0.10381586
0.44125572
0.36455697
0.46237092
0.33521416
0.39832287
0.22299908
0.10654425
0.35904438
0.30208227
0.25461653
0.52115358
0.36909132
0.32856318
0.19345441
0.37481495
0.15552377
0.44520691
0.31677403
0.13502854
0.40536708
0.48796536
0.46340902
0.42353307
0.41602463
0.45707513
0.18460600
0.19305204
0.23865066
0.28698718
0.20229987
0.33569364
0.20639672
0.21826393
0.34464031
0.15145381
0.30745297
0.35409100
0.48739026
0.44900685
0.44582034
0.12269103
0.13537750
0.29707671
0.31509800
0.32471105
0.17734962
0.36671313
0.27569642
0.15377255
0.18127925
0.10032224
0.52244832
0.31471331
0.39111019
0.32971227
0.13074377
0.40082353
0.34742477
0.44775037
0.41503924
0.35211744
0.42679373
0.29493875
0.17077173
0.48327549
0.30356709
0.26490392
0.13369226
0.30201646
0.48885553
0.15238395
0.43539808
0.24324575
0.14583268
0.23751729
0.42620831
0.27279359
0.16387904
0.32452897
0.14696812
0.19525948
0.20582034
0.45116777
0.28739022
0.20685120
0.21162138
0.45294531
0.12944754
0.17642769
0.32215451
0.25846670
0.27749654
0.20902836
0.20841415
0.35772772
0.44018597
0.27304568
0.16651578
0.19605921
0.40725480
0.28198289
0.26124867
0.22663452
0.38105802
0.22064191
0.54738590
0.23626503
0.18599791
0.16450125
0.23309355
0.31244553
0.30305855
0.34619675
0.15411333
0.28874319
0.39926115
0.46950018
0.44795799
0.30353554
0.14092594
0.42381994
0.20336264
0.11267829
0.29260221
0.42947388
0.43970844
0.18334738
0.30671724
0.26307368
0.14579684
0.29260225
0.34021827
0.12339655
0.32164607
0.11828124
0.11961831
0.15470436
0.18761966
0.29545206
0.28155016
0.33788176
0.15727961
0.14516130
0.28961351
0.39195218
0.49177571
0.17688079
0.35116174
0.31200270
0.33430845
0.19577694
0.26031744
0.28889287
0.36008408
0.16190518
0.20207725
0.35518427
0.32764090
0.19232823
0.24730190
0.32625878
0.35841150
0.44698120
0.42609461
0.35816009
0.14950678
0.30192247
0.39583535
0.38596637
0.32770439
0.23637242
0.31764559
0.24203771
0.41463641
0.10853846
0.25157950
0.11900329
0.33931571
0.27728260
0.38544827
0.14029297
0.14932720
0.24440251
0.36292950
0.12366870
0.40651611
0.30330829
0.18720523
0.44025562
0.32866798
0.14690640
0.22374406
0.22050655
0.31964959
0.18239877
0.22480122
0.20109439
0.20702164
0.42754761
0.40055432
0.25459993
0.28752321
0.37653798
0.24441992
0.24504259
0.15380656
0.36152772
0.41499030
0.14897003
0.16050964
0.28286841
0.48384857
0.35394963
0.30054348
0.53421038
0.16683513
0.14536142
0.33587274
0.22166619
0.30086883
0.10490145
0.36592276
0.41047234
0.46255786
0.10473785
0.33503513
0.40054976
0.24408117
0.50652682
0.24936267
0.24088214
0.19752848
0.40132003
0.29912448
0.21961352
0.46408478
0.43649508
0.22508397
0.21886023
0.20570981
0.36380211
0.30124064
0.28501756
0.47442060
0.22148477
0.49886599
0.49730935
0.23832562
0.41502682
0.12975284
0.27777282
0.20499530
0.37122222
0.28446358
0.16492899
0.32344514
0.42124999
0.27752839
0.27148974
0.21247669
0.33569667
0.39258394
0.20661784
0.28637182
0.20232950
0.27952868
0.25265561
0.20237108
0.17626483
0.25115703
0.10349455
0.33342884
0.24146126
0.17130580
0.12978740
0.21570128
0.16637462
0.29430189
0.21227453
0.09485757
0.27888063
0.34835106
0.51458935
0.28528440
0.27612140
0.13387576
0.20216851
0.22374857
0.26593181
0.13274333
0.25851811
0.35420778
0.25492926
0.28580416
0.21460396
0.37287798
0.31415904
0.30114424
0.13198223
0.37954833
0.13384128
0.26354067
0.22438518
0.18872915
0.15577083
0.23338581
0.42050812
0.38290090
0.43619288
0.45062514
0.37112901
0.19668006
0.28579134
0.38634810
0.26024121
0.41549822
0.40143045
0.36497638
0.18078893
0.18380781
0.45273651
0.27412692
0.23782508
0.35192167
0.22248656
0.41480609
0.45004959
0.42465690
0.21294603
0.34246419
0.22238370
0.31644371
0.24115200
0.30878618
0.27493742
0.33062308
0.14024233
0.15807817
0.24267288
0.27340754
0.25122159
0.20036724
0.19636932
0.48989531
0.44817554
0.49164508
0.39696067
0.19757548
0.33065558
0.24935529
0.31695866
0.25591151
0.23881701
0.16274048
0.41241495
0.14160108
0.18491761
0.30805152
0.32670243
0.08675608
0.24092281
0.30670532
0.23208823
0.22565375
0.35456041
0.29907865
0.36117793
0.30246961
0.36830821
0.44169493
0.26935638
0.22429770
0.20622182
0.18348612
0.27793350
0.19101151
0.48571002
0.09751274
0.45656715
0.22636185
0.39083899
0.21467990
0.13508481
0.29915375
0.21006080
0.15260419
0.32097634
0.24543366
0.13911198
0.42986343
0.48021259
0.15434809
0.25221220
0.41615821
0.19218712
0.15289274
0.14306213
0.16612320
0.15199434
0.24177905
0.12989895
0.25300310
0.22815204
0.42791776
0.18724896
0.54148164
0.39621222
0.42055429
0.49786107
0.42292572
0.36162925
0.21971185
0.18169745
0.35163459
0.35635722
0.23119637
0.21019228
0.48369118
0.38455430
0.16830974
0.47307262
0.32969952
0.14086442
0.23786581
0.25672300
0.13706441
0.10704423
0.16701503
0.18036390
0.28929632
0.14746957
0.20182674
0.15651589
0.13654298
0.38140597
0.28667582
0.31542960
0.21679341
0.18360285
0.44194018
0.31934603
0.26960475
0.23160308
0.10693416
0.35120645
0.27149817
0.27049831
0.29939076
0.43202429
0.56738577
0.22315896
0.22376454
0.20167543
0.28980616
0.23013175
0.24225096
0.19832954
0.21963163
0.38285523
0.15987639
0.35638079
0.34991720
0.41391153
0.12486763
0.20984917
0.29210919
0.17893039
0.18389412
0.08518512
0.14792184
0.26169580
0.20066226
0.38233568
0.44104238
0.24777273
0.23700690
0.40614908
0.44635209
0.27490862
0.38904013
0.31343180
0.46299174
0.24451111
0.35504075
0.20000778
0.30224094
0.50361705
0.36434948
0.21577655
0.30251062
0.27064470
0.28516692
0.36313479
0.26950862
0.37880055
0.25990571
0.27625893
0.18718091
0.38160114
0.58153078
0.26383329
0.37844018
0.28813382
0.17256301
0.19935578
0.31247866
0.15661646
0.24047652
0.21771878
0.38180878
0.23053250
0.24785060
0.28296336
0.23688425
0.22500883
0.44892931
0.26069038
0.38846546
0.21678236
0.26123426
0.20386667
0.19680255
0.13409926
0.41759374
0.38817400
0.19826570
0.16792623
0.20999424
0.38208193
0.38333920
0.17783116
0.19449810
0.20266506
0.41271763
0.46952994
0.23586860
0.19933976
0.48757460
0.27052506
0.43677369
0.28758743
0.22375027
0.20558576
0.28793221
0.34847795
0.48481695
0.41522005
0.13300524
0.30550326
0.44960865
0.18499752
0.18460824
0.29620349
0.25628036
0.30247496
0.39573432
0.20116584
0.40211386
0.34473676
0.44014162
0.40062046
0.17051568
0.17532515
0.26676317
0.25932010
0.44222462
0.27243683
0.23583454
0.23794591
0.23129220
0.14524888
0.13986264
0.24667334
0.12285086
0.38580965
0.42384826
0.38660611
0.24437208
0.38842990
0.16223594
0.41758291
0.12866318
0.27882064
0.24161834
0.41824257
0.21027013
0.43803978
0.17017123
0.45959474
0.08732062
0.45739780
0.29759467
0.27838952
0.23859749
0.29845815
0.10864573
0.31947397
0.32138420
0.29271917
0.26722866
0.19303517
0.29099497
0.20985681
0.42714140
0.14646595
0.23480312
0.36713177
0.20193816
0.34045044
0.15932908
0.31842177
0.39161156
0.17547914
0.38206207
0.24764823
0.25477010
0.29540339
0.30118133
0.13017761
0.21153696
0.28892324
0.14525101
0.28681064
0.25567205
0.32709714
0.14990526
0.17321370
0.08075224
0.38861230
0.36959046
0.22800439
0.32901057
0.35175345
0.26750194
0.26704065
0.37887260
0.38893538
0.24944301
0.21490747
0.21133444
0.14017075
0.37534514
0.35767718
0.35354731
0.18530950
0.21959874
0.48378813
0.19983435
0.18345433
0.36839183
0.30994125
0.31678034
0.39178720
0.23711284
0.35334650
0.34997806
0.28135619
0.29655940
0.17699893
0.36510843
0.29524371
0.20486373
0.21966693
0.21694013
0.28003005
0.32888521
0.19248756
0.17777710
0.29033124
0.41048718
0.30954809
0.22629430
0.47056227
0.42467259
0.28081100
0.47832696
0.43181132
0.22859019
0.20369371
0.49796495
0.27507614
0.42401728
0.14830826
0.18182229
0.31872719
0.25493671
0.20740638
0.30979607
0.24829717
0.31010055
0.41069855
0.32541232
0.44042494
0.31420737
0.26413311
0.15653136
0.15035259
0.12872987
0.49024804
0.32696454
0.23495752
0.16728526
0.18375933
0.43414707
0.33761106
0.26259422
0.09319842
0.22400710
0.48014241
0.15228567
0.40854318
0.39406042
0.39856463
0.24767215
0.38340601
0.14590488
0.23232336
0.16287935
0.42609488
0.40432391
0.42634480
0.32809634
0.13599237
0.12142967
0.13224462
0.46875596
0.11633627
0.19047206
0.16600533
0.10379420
0.37904166
0.41751862
0.41118636
0.29851068
0.10894411
0.16356011
0.24287978
0.51290285
0.57743477
0.16077728
0.26330446
0.32008430
0.17485933
0.14266483
0.40415588
0.16230345
0.36915195
0.23912959
0.13498166
0.31722816
0.18029854
0.28332213
0.28407235
0.18675701
0.27233832
0.17322629
0.24044086
0.14556674
0.37050564
0.25010078
0.30478253
0.28032787
0.30476017
0.17342809
0.20909564
0.16906823
0.24598342
0.30576579
0.42892129
0.33903484
0.14650776
0.25109476
0.14439450
0.35563843
0.14817897
0.28658228
0.13699531
0.21547263
0.41006571
0.44716478
0.21696034
0.41173794
0.49113571
0.19684737
0.24606997
0.14033013
0.13918725
0.09556636
0.27276343
0.36841449
0.26773076
0.28778433
0.15870016
0.14293185
0.23590982
0.19656047
0.42776515
0.39007221
0.32586309
0.43704140
0.26231424
0.21564317
0.20009743
0.22876454
0.26212175
0.37548793
0.42391671
0.32775404
0.39055664
0.11399898
0.24852656
0.26194006
0.15833439
0.35205132
0.18008963
0.28241381
0.25941971
0.31238764
0.16516563
0.13559705
0.31578237
0.33388618
0.17405716
0.14215226
0.35830899
0.27089083
0.35268310
0.21483977
0.21860195
0.42413484
0.13570256
0.40309273
0.08721897
0.45652671
0.37993450
0.22912317
0.30635998
0.44090905
0.40419049
0.17822083
0.17987295
0.38944174
0.33833866
0.17942658
0.29021251
0.35922465
0.31367480
0.20019241
0.29881094
0.27418106
0.19251184
0.11220988
0.34264489
0.14600299
0.22824495
0.26765271
0.18367554
0.26901006
0.35385777
0.43556078
0.14467300
0.47723174
0.21947272
0.12740401
0.37109600
0.37340342
0.29604382
0.14950864
0.16206586
0.18395305
0.31324644
0.50535782
0.22149253
0.12606741
0.14317423
0.25167972
0.14629317
0.27524693
0.36162771
0.40806085
0.33696077
0.21418579
0.34689850
0.13789127
0.12040428
0.20736947
0.47506234
0.11737783
0.46946653
0.18133450
0.43633362
0.30615444
0.19125810
0.30365254
0.47483495
0.41272918
0.29315491
0.45168698
0.31370340
0.25686807
0.17568513
0.30125933
0.30176885
0.35042732
0.20445504
0.50894987
0.37463932
0.19733771
0.31144916
0.17033927
0.43422363
0.22532689
0.27858064
0.41436700
0.11950504
0.26984280
0.40045560
0.17409194
0.13825492
0.27802401
0.22497659
0.43455638
0.34020194
0.10795987
0.15172220
0.14650706
0.28273175
0.23934165
0.17827944
0.44746063
0.19960253
0.45164739
0.26188402
0.11457698
0.37065646
0.32175047
0.11519065
0.08995872
0.15163568
0.31067701
0.34588049
0.23125792
0.34946233
0.33239608
0.10585374
0.16705980
0.16386958
0.15183917
0.41375173
0.36560448
0.09183135
0.38005674
0.38244103
0.28392036
0.27308978
0.17265821
0.28903369
0.11064381
0.34808249
0.33245776
0.12315194
0.50189107
0.50877702
0.17427781
0.19726568
0.31463022
0.16241292
0.46980064
0.31063203
0.19515545
0.18987792
0.16188886
0.52751752
0.18565664
0.44946834
0.42296302
0.30205924
0.43612461
0.38689946
0.11799089
0.22791787
0.17251461
0.42008689
0.32920346
0.16010825
0.41478669
0.27116743
0.39547944
0.33842541
0.11425301
0.43102181
0.23667133
0.40200110
0.22589062
0.36801595
0.25786744
0.33532854
0.16589766
0.20608591
0.45050257
0.08585840
0.11072263
0.16976508
0.37620853
0.14846556
0.37922484
0.32806848
0.55538923
0.12375702
0.27980840
0.26297947
0.33355775
0.29765864
0.11903501
0.31585582
0.24755617
0.24671044
0.20088793
0.16360077
0.14881455
0.18734917
0.40558102
0.25860882
0.21728307
0.45535862
0.39333180
0.34306712
0.28166327
0.37586882
0.41995442
0.30868322
0.18438294
0.35647283
0.13922306
0.22145117
0.35062247
0.17563050
0.10157115
0.41322254
0.46526045
0.39079058
0.40207651
0.38430640
0.25829245
0.36600068
0.21492862
0.16866106
0.06337942
0.19620679
0.28280229
0.14825942
0.34533518
0.28495923
0.08350765
0.14843053
0.09729490
0.24521060
0.26438857
0.32684023
0.25810496
0.26201679
0.36797869
0.18319545
0.13621320
0.14577719
0.28883105
0.43314573
0.26235995
0.36420379
0.21442182
0.25640731
0.22833531
0.27151024
0.36392591
0.46551205
0.24138245
0.11810252
0.34093603
0.31290965
0.26856789
0.11889121
0.37715454
0.21071908
0.27274881
0.27744741
0.23130650
0.24243968
0.28328523
0.42793668
0.34572568
0.26849769
0.16468874
0.44675760
0.28267887
0.40294466
0.11502907
0.28056049
0.11945616
0.26051866
0.18788854
0.28064963
0.38017116
0.14632782
0.15692676
0.28824756
0.27760837
0.16447294
0.39204054
0.49406150
0.38095822
0.16043582
0.49836833
0.26592615
0.15084699
0.23670531
0.52356763
0.29876094
0.37083179
0.49573323
0.10556799
0.21633112
0.15604527
0.38923462
0.12532038
0.17135300
0.25722000
0.29642067
0.27520444
0.32552716
0.30532393
0.34603461
0.30081274
0.38956090
0.17166133
0.47902361
0.53653950
0.26556486
0.29189864
0.37187704
0.30564611
0.13368335
0.23599027
0.29929178
0.37072753
0.24312744
0.35091955
0.22164519
0.28980801
0.25103580
0.38779261
0.41158403
0.29124817
0.16832827
0.37507100
0.21808989
0.29763618
0.33721876
0.32206231
0.47954793
0.24739909
0.19806565
0.17805382
0.42486724
0.14369527
0.23414661
0.39285452
0.18106885
0.26388946
0.32419005
0.18012967
0.18594376
0.31745308
0.29877643
0.25760589
0.31259820
0.47944409
0.48259061
0.29421032
0.41510541
0.13086970
0.10645300
0.16952343
0.20092473
0.25622607
0.35292331
0.14773836
0.40990000
0.19142562
0.30601839
0.17873818
0.24340283
0.14872608
0.16970070
0.28696602
0.44386110
0.23890146
0.17139098
0.17756617
0.22621509
0.18558700
0.15978679
0.38241849
0.37026914
0.20510246
0.32446483
0.12439317
0.40513471
0.32476859
0.35402886
0.17552068
0.42456216
0.10449877
0.28276650
0.43441076
0.39231355
0.16306178
0.20287928
0.45943181
0.27384183
0.18769811
0.16432169
0.30224337
0.34737080
0.21211588
0.13473916
0.13442048
0.14680746
0.17910121
0.25785962
0.15045831
0.40781299
0.22672401
0.30477152
0.41094633
0.18318065
0.27085450
0.22338709
0.13446215
0.24071888
0.33298489
0.27631393
0.40793202
0.29069884
0.18717523
0.23874143
0.25636687
0.39853067
0.16721291
0.46707342
0.16843704
0.36036141
0.12179421
0.14773522
0.34456902
0.09383561
0.22457687
0.32066050
0.38009103
0.17246011
0.40284502
0.45451695
0.22274115
0.27206939
0.17520159
0.21348540
0.30238429
0.44832733
0.32809665
0.47554190
0.18818477
0.27640948
0.18723511
0.17635576
0.30543441
0.19580915
0.35748953
0.27970779
0.31788683
0.18805812
0.42470094
0.08489384
0.36265836
0.38425620
0.13393723
0.24986471
0.30524506
0.31700946
0.28192607
0.42880201
0.18136898
0.36371255
0.23320373
0.14407989
0.16728870
0.18616232
0.28418402
0.45238576
0.32048508
0.14418360
0.42945595
0.46136594
0.50585576
0.14416722
0.33372801
0.14566770
0.22559812
0.21632245
0.18109248
0.15840505
0.15477343
0.30202153
0.37897952
0.43620567
0.37107599
0.51638953
0.53427017
0.18553322
0.39888876
0.29733925
0.24946969
0.26256246
0.20349794
0.35705444
0.36104231
0.20065510
0.21260058
0.26244972
0.16674258
0.23508380
0.29745341
0.19512882
0.26751106
0.26761734
0.17435838
0.37995473
0.18830712
0.31872221
0.33337678
0.17226931
0.09927334
0.35355199
0.32900474
0.23259214
0.44128424
0.34695410
0.42414479
0.25595551
0.45855440
0.36792477
0.09294233
0.28722702
0.30911439
0.33878484
0.35575639
0.33090410
0.43346258
0.16967530
0.14617167
0.37997584
0.28607336
0.37851535
0.15631598
0.37514223
0.29388359
0.18811113
0.43486493
0.12997399
0.24393107
0.13088520
0.44147831
0.33890688
0.40077744
0.46226150
0.26857447
0.41123173
0.26069607
0.26763420
0.20546704
0.36991932
0.18456649
0.36530087
0.39962103
0.21217532
0.26871452
0.29619705
0.22692701
0.25607234
0.53778699
0.11125262
0.52852212
0.22385019
0.46556397
0.09912151
0.40149535
0.44449303
0.34417307
0.15389504
0.34580455
0.15104256
0.15408018
0.31002333
0.20643155
0.54248872
0.11792423
0.28115760
0.18306521
0.36835134
0.25132280
0.42783477
0.16546451
0.29321383
0.41610121
0.32589349
0.26380109
0.48457981
0.10867464
0.50003944
0.37223379
0.28134172
0.33019747
0.19832987
0.20209108
0.54210369
0.25957869
0.31909228
0.27144511
0.28536396
0.38504979
0.26021469
0.35509667
0.20496572
0.12266904
0.44817957
0.29968714
0.19036713
0.29017403
0.19738578
0.31204299
0.28831257
0.23020333
0.29819091
0.12658978
0.21182757
0.20526856
0.12254036
0.33456172
0.28593137
0.13642760
0.41240817
0.12412326
0.30577764
0.15151215
0.41879776
0.18978053
0.17582507
0.27352404
0.41844155
0.19195687
0.35753850
0.17508636
0.19703137
0.34128073
0.16349147
0.38270434
0.11449007
0.50014162
0.33982815
0.12694233
0.24292644
0.28629908
0.39947618
0.16244036
0.25539300
0.26559468
0.45975390
0.22659810
0.25641475
0.36435115
0.42425504
0.34744639
0.34635613
0.19925963
0.11532349
0.19479442
0.25535205
0.27227245
0.18901570
0.29530262
0.44739980
0.37909025
0.21257770
0.45801701
0.19131226
0.12987070
0.15847316
0.29900831
0.44593768
0.21277155
0.15518906
0.13867968
0.16268943
0.18740994
0.16858628
0.25922169
0.19189114
0.21893954
0.38338653
0.35199282
0.25325520
0.22133337
0.25333301
0.31304401
0.37437315
0.33858649
0.14731217
0.12023790
0.15392796
0.25716498
0.43370338
0.29916511
0.41506908
0.16164974
0.48265415
0.40286375
0.15888200
0.18278979
0.24481537
0.34407879
0.36020752
0.29758418
0.42689776
0.13964473
0.12990230
0.21257704
0.19513088
0.11593536
0.16846025
0.31589908
0.21641431
0.32525633
0.16263851
0.16269697
0.34570492
0.27067618
0.32313139
0.36907758
0.25211568
0.26087636
0.29422192
0.18049483
0.14171570
0.30925010
0.23631049
0.14458896
0.20855752
0.33613089
0.39757047
0.15601433
0.17493437
0.38454785
0.31143628
0.16640320
0.27234906
0.45176202
0.39751134
0.38773928
0.22011246
0.16120707
0.11301825
0.30026408
0.35848377
0.17781365
0.19657313
0.10657701
0.19474011
0.25478086
0.42000138
0.31871270
0.27135374
0.30957665
0.25057331
0.23858330
0.44463328
0.20420437
0.55780764
0.27378746
0.39971815
0.32623960
0.42770880
0.22399739
0.10426688
0.49774848
0.31093244
0.18056874
0.42858890
0.30652088
0.13306731
0.21482994
0.15106858
0.22038413
0.28355760
0.15295422
0.25508660
0.21929193
0.18625825
0.22464692
0.33641646
0.41551580
0.23159648
0.32662119
0.15795394
0.43627132
0.14820915
0.30544565
0.38296473
0.40644449
0.37335522
0.17498553
0.24000479
0.24090739
0.21739912
0.26449010
0.23184050
0.13545373
0.26226169
0.23298400
0.45905544
0.16189037
0.39270828
0.23903185
0.13637564
0.34042523
0.41492416
0.16120434
0.20284635
0.16537711
0.33177815
0.14870437
0.23912616
0.43957897
0.16874364
0.39244225
0.32120729
0.25976859
0.48210362
0.43748984
0.12482384
0.24685038
0.17204401
0.27553119
0.34226873
0.34482210
0.47882182
0.13859869
0.38618745
0.39872918
0.24330418
0.28870782
0.18839783
0.09333429
0.16226337
0.16815663
0.13693898
0.32134405
0.21994481
0.40446821
0.34456827
0.46533132
0.29458428
0.35718503
0.13951844
0.35994232
0.22276756
0.24299568
0.14065192
0.24654720
0.22907433
0.32752587
0.20102031
0.19955369
0.11538792
0.24604690
0.31487802
0.13583218
0.19739095
0.21078629
0.27516395
0.27767610
0.55424037
0.30534599
0.29170283
0.30654191
0.30846072
0.35926188
0.32701209
0.20759864
0.25817241
0.29687216
0.37292014
0.46164311
0.11159090
0.08366271
0.19001887
0.28376787
0.39915793
0.22575434
0.44841845
0.54325875
0.31847195
0.14434957
0.10892637
0.37022793
0.21939730
0.42041467
0.13525497
0.34898757
0.19484951
0.21766505
0.17714133
0.11168490
0.15071327
0.30795171
0.22338296
0.24966737
0.43079037
0.20688799
0.25299000
0.35591204
0.35656041
0.33753858
0.35900043
0.25093058
0.36820665
0.34376932
0.19372944
0.11758814
0.29064369
0.41641674
0.19296725
0.17461851
0.30822760
0.31369273
0.17553824
0.29682605
0.39762840
0.23197550
0.13001931
0.30701034
0.24785819
0.34049507
0.25663114
0.41727743
0.45780660
0.29438001
0.23291038
0.38646227
0.20867526
0.45113128
0.24821950
0.30324036
0.13491286
0.34854267
0.44949991
0.35469026
0.23899580
0.45839420
0.37449656
0.32032066
0.14939453
0.23031053
0.17239154
0.23559926
0.20331706
0.17420711
0.33120503
0.15438725
0.47052849
0.23458916
0.49396275
0.10366898
0.17783177
0.36415874
0.39360036
0.14312977
0.32315245
0.28605506
0.14227722
0.31438705
0.44110943
0.30767320
0.36063538
0.48291212
0.26611608
0.09771253
0.16608661
0.15370176
0.45020778
0.25792175
0.18189325
0.37156909
0.26472717
0.24850909
0.41845088
0.33129425
0.32772829
0.14871691
0.27065774
0.19227239
0.22029446
0.24045384
0.31504052
0.23770596
0.37883712
0.22099800
0.32511112
0.37420430
0.13988644
0.26514890
0.20006432
0.24888396
0.36279514
0.17449209
0.17414405
0.25319749
0.51405314
0.33405817
0.10164802
0.26638747
0.28808787
0.20447481
0.32751334
0.11907390
0.34904804
0.25381993
0.19450417
0.32906897
0.22123008
0.28396509
0.36169905
0.35435681
0.22552489
0.21218327
0.13537299
0.35821123
0.22971145
0.15763525
0.17150760
0.34231555
0.30223534
0.33648691
0.21826471
0.22747556
0.46951505
0.12081752
0.20462643
0.25081657
0.41473867
0.32474456
0.33949336
0.20099435
0.31669235
0.44219683
0.31964761
0.38415633
0.26324911
0.34801429
0.28040071
0.34890715
0.32584316
0.34231216
0.26498990
0.19072605
0.35008597
0.36514438
0.32415360
0.22246091
0.31952297
0.15841935
0.20940473
0.16156075
0.19698749
0.20663940
0.37812167
0.43084729
0.29181299
0.45443431
0.45252291
0.13836766
0.17680092
0.32083869
0.19325761
0.28892021
0.25726461
0.46944592
0.23605938
0.51023907
0.45506840
0.36440149
0.34691137
0.26076636
0.46331831
0.50245156
0.27823820
0.43656232
0.33367696
0.16813282
0.43118085
0.25716560
0.40643748
0.13354422
0.12829643
0.24451281
0.16713905
0.48769660
0.24362006
0.32700143
0.23945348
0.13291922
0.25796087
0.28063715
0.22472821
0.26944267
0.19809163
0.26773809
0.34662601
0.43066612
0.32949798
0.45888533
0.42578088
0.14095487
0.13659149
0.19346567
0.19140770
0.43589095
0.29122167
0.44968379
0.40961470
0.43096558
0.22771797
0.31721563
0.36477649
0.18931689
0.13129146
0.30283840
0.20544314
0.36513124
0.45897642
0.12654696
0.31571455
0.28138823
0.19857552
0.52795398
0.30699688
0.42747460
0.31523929
0.14620972
0.42126358
0.23038399
0.33329404
0.26280161
0.38391957
0.17759623
0.29217137
0.13167236
0.19047652
0.18368455
0.36844142
0.44908685
0.27239793
0.16798948
0.17074234
0.39514150
0.15624738
0.56001305
0.24563384
0.48160964
0.20728750
0.16042571
0.30875244
0.21005803
0.19690871
0.45068809
0.13685515
0.41910806
0.42767507
0.32809835
0.17627227
0.23598095
0.08226206
0.48134278
0.37226779
0.28483592
0.28631439
0.28789764
0.32294308
0.21912064
0.22051854
0.35533190
0.33904641
0.22455287
0.30469866
0.43958727
0.43957077
0.11522808
0.21773675
0.38498118
0.28286299
0.34358899
0.22336819
0.35784821
0.35310290
0.08626962
0.13217206
0.41528783
0.30747698
0.32876531
0.36791361
0.20714986
0.38292327
0.12713440
0.28468401
0.27839441
0.18255594
0.29895172
0.36618491
0.32588050
0.40355783
0.19117457
0.22797375
0.20219619
0.38008073
0.11852175
0.36178211
0.29480862
0.35033104
0.26345503
0.32213005
0.16065070
0.36591626
0.35597256
0.31520139
0.48166984
0.28899760
0.20164018
0.29309848
0.36912166
0.14473005
0.09998218
0.42835565
0.15915888
0.36564580
0.26592666
0.29215443
0.38005235
0.39983656
0.22460635
0.17386567
0.14085054
0.28645324
0.38638742
0.29617680
0.15806561
0.24495461
0.15661295
0.11260516
0.41450464
0.44372697
0.42755769
0.41255846
0.23924488
0.20292285
0.52286029
0.16028281
0.26741369
0.31620035
0.31835398
0.42551825
0.17521769
0.19444182
0.28144684
0.28358860
0.33558679
0.11670932
0.48283926
0.14667571
0.29390309
0.12260465
0.19390579
0.11830394
0.43792402
0.43355085
0.36988974
0.14208054
0.39276110
0.38912307
0.24073240
0.40490673
0.24039115
0.43224200
0.38534191
0.21047859
0.26329361
0.36093625
0.51487420
0.32506228
0.23477087
0.13472849
0.19624002
0.19317752
0.30643933
0.39279966
0.19534087
0.18041582
0.11408202
0.14111294
0.12239338
0.38947348
0.22465177
0.14353230
0.30160180
0.13275653
0.42198525
0.26726065
0.44934722
0.17548676
0.25389660
0.21402183
0.35679722
0.34154094
0.40638952
0.11757867
0.27192810
0.22337981
0.41588526
0.25239479
0.44809404
0.16099049
0.41772954
0.34730011
0.35796621
0.27600724
0.17780148
0.27006706
0.45959558
0.31541031
0.23606920
0.12518684
0.31439328
0.46533711
0.22114203
0.16281026
0.18237587
0.06994153
0.34409478
0.32226801
0.22549695
0.21998199
0.27479745
0.21150349
0.08776449
0.15902289
0.18886458
0.50185479
0.37547461
0.26763135
0.42149926
0.29299608
0.32090668
0.32559674
0.19485913
0.23824494
0.38874058
0.11008141
0.14350337
0.35792549
0.26924002
0.26588739
0.10400486
0.48309797
0.30158892
0.38627988
0.15648859
0.13431437
0.30866772
0.10551733
0.14401005
0.39608375
0.39777888
0.10731137
0.33038709
0.44970658
0.27619561
0.13804908
0.22901258
0.43320150
0.09609104
0.23789630
0.14346375
0.36722086
0.24149833
0.37498929
0.18667668
0.19983636
0.44162907
0.41898535
0.37906810
0.37177008
0.26446405
0.21719556
0.36858901
0.17727100
0.34140581
0.35466547
0.37983833
0.20158971
0.42221403
0.29911305
0.08924786
0.23268894
0.26072540
0.35142495
0.25687482
0.46659983
0.41207950
0.43795896
0.19890995
0.30674441
0.54197866
0.35071352
0.37746800
0.24071746
0.42717350
0.17999545
0.40684928
0.43581873
0.28378251
0.48614504
0.15217256
0.19757049
0.28878388
0.15539963
0.32618035
0.29879038
0.27016951
0.11290404
0.20306730
0.34553189
0.20956133
0.34845596
0.53326106
0.46518242
0.28063512
0.27876645
0.28327653
0.16200648
0.14612814
0.24510419
0.21132333
0.19738657
0.11900909
0.26083534
0.16150218
0.45868543
0.09180073
0.22996663
0.33310076
0.16634870
0.43218316
0.38468614
0.28189071
0.11724749
0.57472959
0.24758203
0.21019708
0.25163679
0.45402354
0.39440714
0.25823958
0.32117459
0.39348709
0.38236896
0.26188061
0.13360192
0.25145468
0.11984680
0.29709295
0.32815101
0.52200349
0.48516578
0.41015114
0.16614629
0.22621679
0.20921862
0.41887022
0.25415602
0.24677814
0.38309447
0.46383353
0.27970718
0.40822555
0.25075562
0.40863803
0.22946271
0.24510099
0.27188599
0.27457295
0.12932531
0.37804980
0.18756342
0.40055328
0.29080887
0.34778341
0.15752867
0.23352445
0.49611428
0.18274439
0.27414316
0.34051001
0.31301371
0.24808293
0.29693710
0.16819090
0.46076107
0.14097279
0.41140171
0.34170815
0.26222183
0.17947836
0.17410273
0.22118104
0.28026553
0.20247440
0.16253898
0.22772434
0.25019829
0.34354779
0.30275671
0.27219534
0.22511848
0.16752216
0.15026555
0.19187925
0.30193774
0.43417779
0.12276420
0.21335094
0.36037116
0.10377556
0.27175915
0.21003354
0.20882174
0.09999963
0.41755722
0.14987670
0.13314103
0.45394431
0.31276242
0.15744974
0.29753238
0.08690253
0.20054911
0.17270811
0.31451010
0.29499075
0.13974190
0.39992055
0.37135557
0.31064031
0.30022823
0.32538796
0.34656043
0.30373406
0.47482521
0.42151915
0.23949244
0.14272839
0.47653459
0.38184255
0.25550460
0.27896070
0.14088855
0.21812599
0.22774799
0.39696386
0.13063466
0.20270414
0.39998289
0.23925142
0.19022975
0.24777561
0.10952173
0.37596590
0.34557315
0.24076994
0.31999765
0.34798440
0.37287175
0.19999679
0.24327333
0.27885454
0.21313631
0.20300967
0.34462783
0.31074558
0.30688337
0.35289616
0.44508908
0.39702711
0.22957639
0.23214521
0.27775242
0.32879860
0.13775285
0.20774257
0.27690267
0.20415240
0.43370454
0.20099558
0.15492810
0.09209008
0.20797388
0.34719673
0.10769817
0.15502721
0.15802515
0.20190374
0.21165260
0.20431881
0.34585230
0.40763269
0.45643529
0.08771725
0.45116285
0.32221513
0.34873168
0.21416740
0.13756060
0.16793082
0.27592461
0.11640592
0.26158363
0.32530128
0.19029839
0.40754460
0.15224561
0.15735139
0.17208990
0.44123449
0.10039615
0.37329564
0.12575607
0.41961122
0.37830805
0.27059139
0.23145998
0.27584378
0.25578598
0.17423419
0.22849484
0.25424249
0.33428605
0.30780119
0.39239563
0.37377076
0.28956527
0.23831636
0.35199122
0.23936860
0.18621480
0.33264317
0.19372134
0.10393752
0.23994175
0.27671083
0.31740400
0.33179907
0.12964597
0.32766447
0.31688505
0.18545543
0.32421002
0.29989484
0.38737424
0.31187361
0.22966627
0.32344951
0.09355503
0.23929392
0.31435851
0.22103273
0.17602139
0.44227345
0.37421459
0.22671356
0.23135260
0.28485909
0.42510025
0.16281401
0.14839336
0.28336952
0.30285632
0.32804712
0.18181853
0.53316933
0.27227922
0.27315572
0.26250066
0.10239963
0.22346650
0.22516757
0.46224304
0.20897714
0.25574839
0.46855787
0.30083232
0.36522063
0.11829855
0.10919528
0.14114243
0.34867563
0.24607195
0.21441204
0.23452827
0.40889563
0.24923597
0.40110231
0.21463670
0.27671739
0.42146381
0.46186749
0.16876027
0.17906261
0.36757980
0.44179569
0.37753752
0.29535945
0.44226132
0.13086039
0.31502972
0.37560296
0.42473333
0.47625934
0.16943971
0.40268158
0.44187341
0.22490917
0.17018794
0.39220278
0.16354005
0.26576653
0.23083162
0.32743595
0.40373393
0.18107965
0.26916565
0.11425976
0.26932479
0.14753570
0.29587920
0.12830908
0.26483034
0.21100767
0.43728566
0.16181182
0.19580901
0.22236027
0.29063271
0.36416868
0.21728655
0.30043838
0.50401395
0.44339098
0.38033287
0.23594454
0.34424087
0.19212719
0.34281798
0.23593840
0.32857131
0.09365810
0.18948245
0.23323529
0.52793538
0.18622745
0.19417226
0.32107862
0.29594817
0.43883613
0.28448668
0.17336477
0.31860962
0.23817165
0.19696796
0.34567232
0.22476127
0.24022022
0.20428549
0.21049242
0.14136986
0.35687096
0.30502820
0.28213135
0.14121198
0.25875840
0.09819796
0.49473345
0.52642192
0.31927550
0.22571157
0.37632895
0.20313839
0.14118532
0.40536530
0.42746094
0.19483806
0.44060956
0.14375719
0.18133054
0.32170146
0.41975969
0.18753990
0.19649761
0.26714505
0.26316409
0.28668288
0.09608057
0.23166806
0.40522192
0.20311240
0.50960587
0.21528457
0.24410721
0.22509703
0.37695820
0.39529469
0.31271105
0.33333807
0.42827841
0.23147345
0.32707580
0.28361289
0.22171017
0.11318978
0.19272152
0.13910496
0.16082340
0.32776660
0.28557927
0.33101496
0.37599633
0.40936955
0.20848471
0.28889706
0.32523841
0.32090971
0.16929425
0.24351512
0.41740269
0.42400440
0.42773386
0.17357614
0.14875755
0.26944815
0.29863225
0.14078795
0.30899303
0.13330303
0.12400819
0.25885097
0.32031648
0.11073098
0.13448752
0.27373793
0.22933149
0.42690810
0.49503613
0.32605395
0.21147720
0.10385401
0.18075539
0.27940439
0.37255458
0.46581699
0.39400069
0.30667905
0.26377352
0.39259692
0.18643798
0.29272095
0.14280719
0.22773630
0.20185513
0.16601098
0.26682630
0.18853623
0.11603004
0.13314147
0.32805679
0.20637535
0.24205128
0.20567561
0.32085639
0.09343388
0.38739948
0.27516322
0.20254457
0.22418908
0.42717888
0.34449283
0.27894105
0.25085305
0.31391890
0.33046421
0.19589233
0.39087759
0.39924789
0.33526174
0.23176480
0.13522866
0.08888071
0.21127179
0.21536690
0.16489501
0.30015032
0.41217211
0.28578261
0.26176264
0.31623686
0.23841378
0.21713613
0.32612450
0.29994339
0.26836206
0.16906656
0.26552448
0.07699567
0.09903041
0.14945386
0.29069917
0.15270869
0.56320811
0.23280553
0.46126572
0.19499513
0.10046095
0.36716393
0.43484628
0.13490055
0.29836474
0.28432728
0.20926689
0.42657353
0.08298596
0.22449085
0.23658249
0.09714277
0.20137480
0.15553327
0.30168819
0.19166440
0.48284866
0.22268156
0.31716305
0.46219723
0.32846720
0.24988166
0.40755341
0.46249285
0.47490642
0.18847985
0.27471088
0.33633498
0.35764481
0.49859361
0.53014411
0.38064133
0.42573748
0.36923246
0.28763959
0.49902900
0.13810275
0.32940626
0.18149316
0.37943028
0.28879428
0.37668122
0.20048001
0.21304207
0.18619504
0.17348618
0.25691948
0.39573118
0.17946998
0.33201431
0.25537717
0.14453854
0.45657010
0.26446154
0.23459981
0.32681640
0.47528461
0.38317834
0.15536941
0.18238652
0.48809015
0.24454760
0.12633658
0.31158327
0.31559708
0.29340841
0.43940564
0.23458657
0.24807322
0.20582988
0.33740471
0.40459774
0.16060136
0.11647357
0.37655466
0.21059720
0.21263229
0.29259991
0.31499217
0.16303829
0.22376108
0.18714445
0.40489096
0.43255248
0.36697607
0.28960321
0.19848271
0.30321996
0.37190227
0.27025465
0.09132139
0.29221498
0.43918112
0.15562577
0.37105430
0.16145084
0.12316299
0.41872488
0.35072589
0.47314974
0.19415665
0.46312506
0.41122687
0.14742091
0.26588831
0.20436655
0.38401113
0.43657163
0.27072061
0.42921678
0.25044729
0.27385424
0.34451042
0.17150527
0.32315971
0.23252861
0.27518145
0.34644271
0.35423888
0.34054055
0.13332506
0.37807164
0.29164277
0.39753869
0.48183041
0.22159915
0.24309304
0.23834628
0.13859653
0.48286069
0.21952924
0.31370039
0.11378758
0.28407796
0.36871001
0.37449658
0.35123523
0.32471600
0.19465077
0.16565877
0.16320588
0.15324071
0.29428667
0.13665840
0.36703417
0.41402362
0.47964740
0.38860693
0.15798142
0.18400193
0.37774379
0.58466932
0.18460943
0.30435117
0.18299815
0.23641628
0.45459571
0.16399025
0.42433395
0.28734377
0.22446797
0.32611447
0.37693842
0.17451106
0.13368951
0.24945745
0.21136942
0.20703871
0.16001462
0.43985716
0.46488117
0.32017292
0.16441933
0.37262672
0.44176858
0.45755789
0.46447219
0.25474663
0.29136443
0.40651187
0.41904427
0.21967533
0.30060297
0.12216407
0.34638342
0.30186322
0.20742612
0.08438609
0.48330344
0.18411877
0.17838537
0.09361163
0.17646948
0.17828834
0.20487998
0.32061600
0.30644291
0.22838670
0.13302931
0.28421097
0.20480502
0.36140191
0.19194853
0.14371881
0.35399323
0.18960772
0.22283184
0.36966695
0.32618096
0.37036771
0.19252735
0.16250198
0.36635918
0.39852478
0.40020938
0.12507503
0.14862167
0.36158777
0.27772889
0.24520952
0.30052412
0.31814490
0.39353763
0.29137244
0.36494607
0.45473229
0.32825452
0.38683385
0.21662893
0.24362995
0.24534772
0.53645017
0.24554277
0.34010304
0.26499630
0.24944624
0.09822460
0.18732900
0.35338566
0.35611560
0.39913696
0.33412026
0.39383457
0.39330638
0.21737519
0.39618973
0.32751417
0.45274607
0.39362539
0.32372597
0.18962006
0.20015540
0.37702300
0.54270097
0.45722341
0.07576783
0.28644995
0.16777977
0.25199198
0.29834413
0.16998303
0.19322502
0.38179439
0.22466142
0.09817961
0.29570610
0.31654722
0.30062403
0.50547350
0.21162273
0.24106883
0.37476060
0.21880862
0.36703714
0.13488154
0.21920131
0.16685179
0.35185819
0.25301331
0.42029308
0.24848484
0.28975612
0.34399677
0.26025868
0.20445625
0.28803575
0.29390086
0.38902623
0.31123330
0.45414047
0.22165053
0.22623106
0.29582924
0.25838159
0.24433970
0.44946750
0.37369062
0.28610242
0.19827981
0.36354190
0.39518678
0.34153249
0.28199732
0.23914405
0.37886989
0.17655658
0.19212364
0.22491773
0.22887230
0.33231111
0.14443237
0.26197127
0.21410093
0.21049260
0.42825707
0.24332906
0.44773128
0.23848695
0.22973642
0.27377306
0.31987977
0.18494118
0.31279546
0.21927772
0.29011149
0.17988892
0.23005754
0.16628919
0.24517849
0.33713966
0.40351716
0.24797352
0.26956544
0.40740666
0.19145847
0.26186407
0.15942594
0.09983046
0.42806727
0.17249354
0.13598821
0.33843246
0.11093842
0.43809786
0.20714857
0.21831520
0.36270365
0.18289911
0.13398517
0.17106393
0.47156800
0.33476242
0.41667535
0.19632853
0.30054300
0.28554745
0.29662212
0.24938132
0.13436063
0.39935114
0.20528601
0.21700769
0.15341794
0.47122432
0.36389602
0.26818653
0.27057490
0.43639848
0.39293827
0.18154427
0.34376670
0.23945765
0.33722104
0.30099375
0.25857665
0.50166208
0.15940902
0.20354372
0.25864031
0.16698863
0.21640024
0.11265593
0.48497475
0.19398630
0.28644975
0.22592159
0.25856119
0.39777048
0.22947073
0.30679326
0.31577239
0.14768526
0.21324874
0.14356472
0.39246457
0.35903636
0.24110144
0.20618298
0.28499714
0.21680751
0.26876971
0.31534407
0.20973483
0.30382551
0.27258564
0.15941698
0.34289827
0.16471675
0.16503613
0.49521122
0.26608193
0.13178076
0.18829599
0.32841540
0.52244373
0.49855212
0.24340256
0.30655024
0.12216941
0.56049969
0.18222893
0.35389202
0.23858178
0.24412510
0.21955247
0.15162332
0.33072818
0.32224743
0.25320271
0.23332778
0.18631086
0.22224866
0.35102191
0.16095148
0.22564981
0.12790056
0.15939218
0.25135517
0.17762846
0.26806161
0.24279665
0.22929442
0.14133442
0.44232005
0.20109984
0.10467353
0.28841709
0.20498875
0.31632621
0.41878822
0.29275296
0.42034905
0.52768529
0.39014390
0.24864429
0.31237798
0.20140958
0.20418365
0.32000034
0.11402740
0.15023462
0.24912038
0.46772998
0.33060759
0.23903922
0.14717659
0.33652912
0.36569433
0.43409699
0.25949964
0.24733507
0.27563509
0.15950356
0.29745769
0.25142785
0.13883531
0.28129552
0.16554517
0.13167219
0.09422459
0.48150585
0.28034302
0.34058063
0.33968788
0.37444861
0.56517564
0.45451382
0.12593072
0.17266674
0.23476850
0.21342908
0.46148023
0.45208696
0.18647557
0.09920726
0.24773778
0.42615726
0.45548253
0.20523967
0.31083017
0.26282039
0.22053535
0.32444084
0.15823181
0.30547814
0.14405408
0.42232767
0.34723975
0.42829977
0.34538174
0.34410409
0.32153423
0.25965523
0.32669748
0.16767087
0.33057296
0.33076877
0.21131803
0.13177109
0.22723439
0.36239043
0.31576747
0.16656161
0.16200156
0.39653259
0.15217853
0.21828481
0.31144823
0.26321432
0.42499827
0.41205604
0.39406332
0.13605309
0.24520088
0.33505969
0.42923457
0.45165669
0.22991932
0.35454040
0.29307443
0.19697520
0.12820183
0.23189581
0.21021941
0.19902566
0.10959726
0.12268143
0.27832726
0.40898077
0.15186616
0.11978423
0.39184493
0.48707654
0.25813863
0.28020023
0.25992912
0.41672551
0.39136465
0.17505945
0.35841921
0.51294372
0.13199745
0.29238260
0.16795909
0.45766836
0.13775600
0.13024797
0.32622645
0.35535133
0.32944782
0.31200382
0.26067292
0.43799012
0.41976325
0.25922016
0.31881599
0.34370553
0.32334859
0.39900063
0.25274254
0.29023424
0.31907242
0.26484648
0.27716982
0.39670454
0.17887576
0.14912783
0.29104364
0.24377203
0.26600314
0.35743218
0.30605165
0.42204885
0.17749437
0.21497741
0.18399286
0.11033007
0.36110651
0.44868006
0.39443555
0.18772917
0.46470061
0.27949696
0.54683662
0.16852579
0.18398488
0.21845689
0.48396613
0.12710724
0.49984907
0.20255845
0.28796040
0.24739605
0.31245433
0.37337215
0.16420378
0.29138979
0.18035769
0.36378556
0.31511112
0.15403953
0.26667428
0.31156467
0.16877902
0.19710371
0.16502313
0.32767878
0.30146847
0.33664784
0.18599191
0.37815987
0.34924120
0.12371592
0.40020087
0.45690024
0.48268200
0.27495380
0.15614630
0.24777774
0.40010338
0.24192591
0.21323697
0.33353900
0.30480916
0.27762714
0.17353020
0.19060966
0.35320284
0.26483856
0.43490068
0.14883249
0.21240049
0.43235849
0.21270770
0.17686359
0.14696161
0.18231312
0.19042629
0.29139177
0.17789776
0.28625354
0.26756647
0.13487091
0.22408943
0.21451408
0.26106751
0.16261024
0.22059507
0.34961228
0.15478968
0.23773695
0.19801067
0.25220683
0.15811498
0.24523959
0.16281572
0.44678282
0.31403533
0.10321944
0.34162615
0.17991536
0.18915652
0.14390472
0.11075093
0.22919195
0.15596938
0.24344960
0.25829319
0.44085205
0.44695667
0.29989377
0.24627575
0.27225155
0.36499448
0.37124815
0.19182585
0.12052522
0.15597250
0.30873073
0.27434844
0.22912911
0.31762841
0.17733367
0.29330360
0.13446537
0.32015868
0.33250817
0.32016841
0.26928723
0.30560995
0.40891663
0.36789186
0.07599881
0.45746829
0.46985716
0.32640300
0.34063400
0.18093221
0.35696628
0.36674973
0.28434385
0.14347994
0.26870642
0.13213360
0.49001482
0.33180987
0.38465012
0.14594210
0.45414004
0.14456957
0.32725692
0.47803377
0.12674137
0.34442676
0.28998704
0.21944395
0.26027338
0.32969752
0.14073304
0.20520648
0.19240719
0.39847243
0.41946662
0.23661668
0.38714034
0.19959656
0.17162503
0.33274080
0.46914211
0.16427542
0.33294763
0.29718374
0.38814373
0.15765389
0.15888021
0.24901039
0.38801211
0.22179038
0.29938826
0.29760796
0.20637893
0.44285001
0.11953347
0.10909854
0.35497508
0.35553316
0.45218923
0.30892036
0.35096817
0.17920435
0.45982428
0.21630727
0.34800163
0.29867849
0.25964829
0.41614053
0.26433246
0.13797183
0.12512245
0.45929940
0.22064054
0.14404166
0.26277255
0.41828878
0.33764133
0.21625604
0.20348580
0.16809147
0.19069146
0.13894530
0.10853721
0.32431456
0.38366961
0.28087726
0.08115269
0.33062996
0.20887702
0.43945959
0.15530888
0.33560516
0.16874606
0.29363259
0.14388972
0.16709838
0.26124933
0.38859811
0.40387031
0.17284429
0.18809801
0.10555466
0.29410420
0.18172918
0.20852808
0.33226566
0.24719589
0.29834198
0.21228914
0.27880792
0.27948535
0.17844593
0.11788750
0.13251023
0.25819574
0.41866341
0.20585642
0.26099543
0.21401393
0.26479104
0.24512479
0.21336619
0.17497271
0.40706732
0.16672281
0.46329146
0.12030642
0.42427787
0.25562762
0.35515299
0.38527425
0.44693828
0.30562822
0.25145941
0.33860302
0.50342076
0.24574691
0.31529494
0.29560346
0.24773044
0.14558969
0.31989069
0.32473367
0.25127930
0.17599001
0.37405302
0.33080400
0.26025608
0.18864286
0.40759330
0.33175656
0.30254616
0.40384792
0.21810897
0.24194155
0.50572356
0.21875444
0.20263854
0.50111667
0.38733238
0.15621772
0.38349848
0.26853138
0.37034342
0.24180129
0.12758129
0.08453326
0.26983706
0.22353971
0.25903149
0.21283963
0.12569671
0.38686139
0.10340873
0.31686958
0.34843717
0.25305257
0.31517499
0.23691046
0.22243716
0.29413885
0.36414574
0.14390357
0.25409063
0.44611339
0.17195892
0.42823049
0.43495964
0.21318748
0.09600301
0.20051740
0.33839391
0.22679272
0.49997281
0.47334930
0.35292259
0.10477019
0.15767189
0.17097910
0.11685954
0.11922286
0.15671219
0.40906002
0.21766509
0.20374901
0.38540885
0.29017564
0.23058747
0.18560810
0.18643874
0.33642298
0.18285813
0.30980384
0.38404893
0.25587265
0.28765676
0.13299619
0.15459170
0.53074947
0.33168813
0.15257101
0.37773279
0.36425410
0.16285243
0.26655573
0.38615087
0.30938291
0.10071491
0.46735115
0.41595141
0.40069318
0.38660443
0.27086649
0.14341663
0.42172018
0.29677912
0.37839202
0.35185650
0.32553043
0.26967469
0.41148690
0.16902034
0.32750462
0.21249482
0.16734191
0.13907928
0.26517131
0.18370834
0.31268074
0.20482611
0.21501075
0.34176913
0.31737940
0.48309814
0.14881177
0.17114838
0.22082032
0.25478903
0.24288371
0.34089429
0.38181974
0.32452329
0.43379287
0.25562124
0.16246099
0.23042513
0.25195191
0.37131964
0.28633093
0.26512687
0.14566353
0.42977175
0.16142486
0.30104074
0.23105867
0.21768131
0.37899682
0.27958293
0.46007026
0.32130312
0.22048442
0.36144312
0.42086819
0.35729982
0.16168568
0.25022880
0.31708589
0.27656473
0.30105999
0.18922457
0.23033713
0.23269250
0.32097168
0.14808591
0.15864154
0.39399652
0.17618852
0.13428606
0.42427315
0.28673575
0.35823378
0.24823734
0.38512533
0.18041094
0.35625992
0.15048114
0.36763134
0.23170530
0.36203988
0.40141276
0.30248915
0.22716957
0.15057016
0.14344020
0.47883108
0.18697724
0.13974674
0.32298036
0.14759145
0.29810309
0.24537267
0.25970147
0.38459277
0.15380080
0.35988152
0.41648733
0.49436273
0.33117880
0.32678158
0.26872794
0.19206767
0.41910821
0.34035299
0.24954603
0.22506447
0.31756198
0.15781373
0.40568518
0.15150731
0.19832619
0.43152762
0.16762549
0.24509995
0.14868625
0.35024648
0.08692802
0.26138297
0.31734148
0.14102412
0.30317154
0.37305071
0.15171133
0.19101461
0.33712138
0.37295871
0.18791844
0.52131862
0.38551525
0.30584637
0.19732096
0.13334477
0.20529373
0.42066153
0.18206403
0.23251122
0.38879400
0.37874706
0.24013652
0.42310599
0.36199704
0.32492306
0.18049529
0.33172580
0.11944799
0.45465073
0.45642752
0.34108188
0.10460245
0.21007231
0.13840359
0.40653523
0.36204833
0.55434910
0.33917533
0.17522962
0.17554952
0.29046741
0.18117115
0.33128715
0.21458639
0.18811104
0.11208021
0.14639857
0.38176915
0.33594043
0.19455002
0.24762282
0.11459499
0.33689187
0.27307605
0.21902831
0.17959074
0.46817112
0.50359939
0.17973373
0.42006980
0.13417553
0.35483155
0.19451549
0.28339185
0.18919905
0.29002922
0.15902831
0.19910902
0.43550251
0.29705329
0.31928776
0.11205137
0.43495895
0.42769299
0.40428387
0.18458594
0.19481065
0.23612347
0.26168259
0.30675319
0.17698575
0.22996114
0.29322475
0.10832340
0.20444881
0.34366187
0.27237965
0.33405315
0.21373576
0.22627841
0.38808564
0.16284657
0.10194573
0.23508891
0.17438229
0.26044244
0.23503668
0.33316906
0.30797335
0.14313273
0.39343684
0.12964575
0.26144588
0.33663221
0.19120534
0.20635110
0.25284838
0.28524384
0.11185117
0.17435561
0.26522335
0.07970917
0.46989046
0.49332663
0.41325284
0.26436164
0.44611779
0.41775093
0.29791594
0.32863555
0.46646563
0.29883313
0.37652557
0.17929400
0.24515200
0.13804434
0.27421976
0.24824255
0.46517392
0.15929542
0.17098717
0.28631224
0.11337393
0.46105829
0.20981407
0.41003949
0.31897346
0.36920946
0.28053432
0.37046150
0.22511085
0.29418151
0.27032551
0.22208973
0.21064745
0.23672417
0.17228941
0.36575949
0.22707540
0.14526181
0.32504622
0.19734778
0.10985558
0.37045343
0.34544670
0.14657705
0.19542789
0.26911829
0.24251250
0.42105266
0.24280889
0.38516778
0.18313567
0.17395389
0.26823868
0.29979399
0.19068174
0.56629136
0.51441924
0.46499472
0.13460781
0.34217074
0.30849472
0.45165651
0.50500131
0.17389130
0.32215364
0.41152420
0.20585401
0.37862419
0.31541917
0.48920177
0.28862837
0.25847631
0.35464573
0.43547692
0.31648683
0.40951064
0.19897901
0.10489797
0.19830092
0.17712141
0.48998061
0.30186297
0.52020590
0.29025283
0.24898443
0.43477715
0.17327565
0.15807714
0.40521521
0.18938822
0.21354845
0.20885343
0.35737669
0.27156312
0.24350795
0.21607067
0.12758060
0.40283142
0.30121374
0.39326509
0.35310270
0.21264886
0.27849782
0.15253270
0.38252080
0.19137128
0.35207122
0.28700775
0.29833551
0.26943699
0.38449315
0.26477992
0.17432938
0.29120346
0.43195768
0.43791012
0.43801950
0.14478725
0.15073962
0.48158595
0.10847957
0.38455364
0.30892251
0.17540869
0.27330261
0.22078434
0.30019905
0.17505371
0.40599330
0.26005183
0.14710651
0.19022377
0.26830950
0.38538658
0.18654178
0.37023948
0.29717121
0.14839899
0.21461862
0.28276077
0.42406695
0.14649486
0.25871719
0.22117395
0.22262374
0.40410575
0.26607081
0.18251235
0.25879298
0.38495495
0.45145005
0.26405439
0.23508594
0.43714412
0.26041159
0.28937096
0.33679081
0.19274499
0.20109404
0.39286687
0.31317311
0.36795821
0.23199956
0.21229308
0.26932866
0.32869477
0.20791663
0.22429499
0.20346854
0.41136669
0.36536093
0.26954764
0.25983694
0.18816235
0.43484753
0.49606242
0.14916973
0.15516168
0.35124837
0.29138989
0.15340402
0.35721313
0.34919734
0.31813580
0.17702971
0.14582451
0.34019210
0.19409816
0.45252652
0.13689085
0.32531703
0.35406205
0.31148383
0.43683256
0.23074290
0.18361933
0.41773481
0.23577292
0.43905947
0.45933741
0.33274278
0.18936529
0.23998091
0.28455416
0.34200830
0.24073538
0.24462855
0.11456972
0.34690047
0.25050956
0.45270200
0.21039505
0.33664575
0.13418269
0.47394109
0.43551552
0.20873472
0.19011263
0.41758415
0.36929962
0.20399227
0.37215339
0.28858073
0.13284829
0.45560041
0.28187035
0.49288257
0.19109235
0.44810447
0.35629547
0.35078358
0.35709092
0.17582300
0.14183833
0.13986014
0.43083751
0.21691512
0.25749247
0.17940458
0.42697015
0.27942398
0.12649883
0.19406838
0.18152791
0.45313795
0.15406358
0.14666531
0.33260641
0.25091139
0.44841457
0.18913553
0.24743084
0.21403521
0.13989637
0.10574419
0.35158377
0.48219996
0.20195349
0.21392501
0.19369121
0.27395665
0.12026740
0.30386187
0.19414329
0.37111187
0.35667978
0.43080297
0.34133946
0.32004027
0.26387354
0.33455389
0.32075044
0.20591043
0.12327083
0.37315919
0.22383379
0.35440392
0.36333778
0.22414902
0.41424899
0.23667499
0.21383306
0.34602873
0.24445363
0.42265080
0.43054667
0.27301974
0.45252146
0.14521002
0.34645145
0.36270642
0.52632666
0.40053964
0.50969160
0.51653868
0.25879629
0.33794340
0.33112603
0.28002517
0.37202481
0.12573287
0.17567511
0.24571738
0.12328217
0.19577256
0.38824508
0.24582297
0.37728536
0.30042429
0.21295496
0.18844014
0.18718627
0.09983352
0.32173192
0.47106600
0.26005844
0.40089091
0.36607804
0.11207933
0.37895545
0.36428395
0.18750464
0.39183061
0.16724277
0.34028029
0.44127311
0.24356360
0.37463732
0.13682719
0.11308829
0.33872869
0.26268164
0.17476958
0.13179009
0.28909460
0.18660754
0.26733610
0.53369671
0.27126424
0.35263393
0.14830532
0.25001024
0.37659174
0.09378765
0.23916990
0.16516125
0.44378785
0.26501096
0.51677275
0.22839955
0.26120392
0.24650345
0.52452376
0.21881139
0.21398729
0.50729040
0.21154337
0.38546778
0.16664396
0.36063543
0.25018585
0.17543436
0.10805835
0.36360895
0.46479791
0.42565488
0.20646137
0.30846606
0.08425186
0.14081529
0.31781182
0.39381354
0.23749589
0.44176720
0.19047157
0.33429210
0.20493594
0.36808154
0.22246361
0.16238204
0.22357315
0.25954671
0.12547201
0.22342983
0.20211253
0.24443518
0.27284060
0.20041908
0.47897462
0.27452095
0.16658068
0.17778570
0.26021306
0.25404623
0.12282008
0.34054187
0.41871204
0.29488628
0.28746462
0.50153716
0.54397793
0.44561093
0.22029527
0.13318706
0.11879535
0.40750119
0.28871328
0.12874185
0.21534010
0.31638563
0.27294459
0.14380774
0.18072720
0.28262637
0.36590343
0.31636369
0.27025900
0.10881988
0.12887526
0.20228471
0.35959632
0.48622293
0.08960840
0.30070905
0.22607520
0.17632745
0.42720483
0.19904781
0.09525384
0.15475064
0.54295775
0.22070083
0.20401309
0.35525410
0.36784083
0.23929570
0.49320850
0.42963012
0.22223165
0.12207744
0.29807253
0.23247953
0.22273724
0.18591790
0.35468515
0.25306947
0.17375410
0.33972531
0.17333283
0.23957941
0.43575211
0.40867161
0.37288373
0.39612307
0.27936147
0.25237474
0.16414632
0.29396992
0.51518439
0.30676223
0.15885568
0.40798614
0.24007774
0.13110480
0.10603568
0.17202904
0.15923588
0.22218675
0.16463144
0.49178187
0.18544140
0.25034373
0.24272544
0.24004394
0.43980895
0.16112724
0.19380645
0.27542738
0.24220237
0.37772896
0.34779858
0.42018595
0.30322859
0.22993183
0.22095417
0.33982577
0.10627260
0.49031946
0.28992831
0.37815857
0.16672329
0.43337771
0.15648912
0.28537692
0.46631818
0.15892743
0.31805509
0.12079507
0.22500224
0.40494735
0.43759263
0.41494548
0.33683780
0.38534354
0.35170060
0.49601189
0.24216409
0.42698793
0.29649109
0.13657807
0.14058931
0.45828510
0.46688828
0.13801113
0.27807050
0.45010750
0.27598754
0.19719944
0.18081362
0.42437092
0.15770930
0.40196654
0.13683935
0.27364588
0.32588393
0.33958507
0.35364843
0.20956523
0.42758226
0.28314148
0.50488295
0.23152455
0.40345485
0.23634163
0.35400797
0.26441463
0.23134670
0.29901068
0.31289635
0.41388575
0.36064992
0.13236546
0.30269401
0.11990347
0.14574931
0.44575405
0.14278729
0.12218299
0.38018769
0.40360222
0.19271883
0.22595799
0.38974217
0.28581258
0.32280492
0.15016683
0.11111064
0.11365166
0.32202145
0.13681711
0.20578421
0.12014695
0.36949628
0.17966118
0.35040096
0.43389902
0.22597731
0.15810508
0.21015813
0.24798180
0.34771463
0.45450261
0.15650106
0.27656595
0.12150407
0.32688029
0.37836401
0.41270123
0.20601898
0.35375603
0.18179752
0.16812224
0.40763995
0.22677140
0.17633459
0.14454605
0.39805000
0.22485804
0.42309564
0.11287034
0.46005084
0.27340574
0.39587248
0.33377184
0.14602697
0.43913509
0.16365249
0.21434171
0.18888983
0.12909909
0.41213586
0.13879606
0.19804901
0.33610064
0.17627665
0.41945638
0.26183636
0.52446400
0.37665718
0.32270480
0.28252285
0.59797811
0.30082438
0.26218523
0.22122529
0.50175343
0.24541965
0.47230018
0.28012410
0.30344197
0.13146883
0.14736127
0.44216437
0.22858783
0.25259900
0.30908627
0.32927553
0.21887750
0.30701728
0.37073853
0.35184988
0.37386207
0.08152427
0.31629025
0.13578627
0.26733887
0.27883660
0.42885167
0.15134065
0.46294758
0.37404701
0.20774972
0.25684767
0.32320037
0.23894443
0.38507992
0.14666940
0.47154116
0.12730711
0.35112069
0.37825692
0.30112969
0.22152398
0.23452020
0.40242604
0.53225899
0.29777447
0.35816412
0.29807622
0.22444412
0.27431644
0.26822042
0.52383129
0.24195527
0.28205555
0.51020348
0.15751880
0.18197013
0.40531997
0.19826001
0.34760882
0.46406458
0.40001958
0.21751050
0.38668782
0.08804985
0.13920509
0.32506631
0.31414064
0.11223200
0.15422379
0.40497740
0.53251277
0.23733939
0.40263143
0.31213945
0.38329736
0.32075516
0.44465416
0.31878531
0.12843479
0.19005953
0.28692072
0.40850776
0.13547703
0.38692774
0.34931330
0.38620946
0.32408094
0.12546534
0.13531483
0.12492723
0.19716869
0.35355621
0.15668653
0.37298271
0.26898781
0.42706776
0.41133927
0.26688458
0.41880928
0.27078708
0.15835863
0.40299980
0.17816921
0.38681078
0.15654358
0.27292352
0.17357621
0.20221440
0.50362529
0.16308459
0.17839906
0.41853026
0.31431457
0.24508396
0.27259136
0.11147516
0.23979195
0.26104102
0.15138167
0.18148370
0.11916970
0.32351589
0.19971316
0.35738085
0.34553516
0.28769274
0.35644205
0.10567729
0.38893133
0.30612716
0.36455644
0.18180296
0.45116388
0.13724381
0.46595290
0.15051794
0.47537348
0.21525335
0.45624762
0.33215631
0.27111547
0.20333499
0.34857019
0.16141980
0.44916599
0.10545516
0.39432635
0.43080018
0.27645926
0.23511178
0.37461202
0.47957466
0.12581817
0.32457886
0.18757359
0.13689262
0.17326486
0.19414246
0.38840769
0.53495963
0.39986631
0.16256091
0.39294985
0.50100612
0.15845936
0.23704037
0.35070660
0.18458314
0.31669571
0.24199117
0.09589627
0.38876415
0.19131781
0.45237750
0.18984026
0.14062403
0.35338841
0.28533702
0.29487872
0.49832274
0.16302305
0.23454967
0.23873726
0.09634070
0.39144966
0.36749460
0.27367829
0.25224351
0.16503375
0.24025587
0.48461164
0.38183427
0.35212521
0.42631535
0.17100747
0.43444556
0.45179988
0.34041764
0.26634553
0.25700368
0.35245519
0.20941314
0.27901618
0.32441449
0.12621592
0.23333958
0.31511050
0.48424890
0.34897384
0.24160962
0.24933251
0.20351584
0.33590682
0.50072707
0.45946127
0.35302003
0.23245341
0.35681503
0.34409073
0.36421005
0.13314977
0.32420558
0.39607596
0.24927313
0.36431298
0.18496126
0.10376746
0.11963241
0.17499480
0.32960744
0.24854833
0.12979202
0.30113710
0.16273033
0.24946170
0.45462797
0.16031898
0.39765571
0.16139848
0.34803536
0.33564609
0.14860117
0.36613654
0.46792469
0.19125877
0.26173652
0.52160596
0.44219947
0.32567114
0.30236185
0.21550412
0.25409155
0.20305179
0.16205157
0.28845484
0.24756551
0.22706863
0.19597854
0.46840497
0.29433855
0.29943243
0.41334533
0.15802860
0.46949074
0.22114836
0.34516922
0.20660876
0.42729352
0.25698491
0.13223533
0.34743273
0.35419353
0.08987309
0.20601301
0.53035046
0.26016590
0.24518815
0.39210599
0.29705512
0.18643625
0.13541072
0.42949542
0.10525937
0.38528090
0.11911440
0.19982963
0.36288227
0.38813674
0.41605271
0.25798477
0.17298560
0.46606076
0.21796695
0.32061039
0.15317963
0.24062788
0.38799859
0.11086854
0.21346495
0.08428799
0.38269686
0.18066646
0.15632049
0.18630021
0.16947759
0.26427389
0.26787112
0.28372150
0.34317334
0.10481610
0.41207653
0.48739705
0.14878840
0.32233693
0.24263987
0.34696991
0.15478684
0.22419837
0.39504749
0.48178414
0.21867240
0.15193555
0.34326890
0.21301117
0.24267113
0.32016449
0.26468110
0.42450196
0.32135420
0.19432929
0.11364643
0.24854164
0.28169073
0.29004225
0.24460848
0.11396173
0.45762192
0.17405412
0.40927083
0.13130991
0.20260774
0.23432484
0.13946362
0.14648521
0.31424981
0.19431535
0.32204619
0.39251486
0.17887542
0.16258976
0.42660729
0.32873595
0.43489497
0.29647465
0.23730329
0.43729555
0.43978151
0.20874537
0.35937639
0.11612107
0.25050844
0.26382847
0.19683791
0.13551761
0.23243844
0.17236297
0.43675337
0.13344084
0.32946649
0.36245711
0.22194178
0.28067048
0.30308339
0.20682980
0.21186034
0.29598126
0.35922798
0.14565994
0.26340184
0.29082223
0.17115043
0.11905988
0.18292162
0.17296573
0.20728837
0.44231645
0.40712701
0.10926872
0.23781928
0.33884693
0.08108626
0.31873489
0.14898289
0.29996221
0.30532033
0.24337743
0.36598319
0.09313524
0.25488338
0.28930978
0.20457526
0.40806435
0.09086453
0.23282277
0.35606796
0.41286053
0.31091009
0.35444688
0.33078185
0.20589521
0.46104438
0.35277537
0.14322584
0.19920590
0.17341051
0.20545699
0.15718377
0.12327572
0.41961903
0.18232520
0.46885904
0.30386721
0.33925256
0.27680887
0.36044400
0.27762093
0.20236631
0.22592226
0.19436914
0.17185839
0.14693930
0.16728085
0.12932398
0.10112771
0.17717116
0.46107902
0.33552110
0.23074304
0.12101121
0.11845352
0.21555495
0.31178144
0.15034399
0.40977019
0.38868597
0.25360464
0.25230051
0.39797465
0.15535762
0.17539922
0.42843249
0.42417690
0.30099881
0.25206624
0.19330420
0.29227520
0.32067570
0.16899195
0.35953367
0.19681812
0.10847642
0.38060505
0.44836524
0.24824637
0.18950212
0.47558700
0.23058436
0.18625049
0.34246666
0.20020722
0.25965615
0.24112575
0.25321947
0.13835669
0.18071064
0.48008271
0.41114370
0.37201755
0.35549722
0.18386008
0.19294888
0.26987436
0.21648815
0.29532958
0.24011413
0.13178533
0.33938638
0.16979281
0.41726743
0.50849441
0.23510662
0.38463191
0.35014228
0.32260868
0.27514858
0.13578233
0.19969153
0.25608909
0.11544010
0.30690534
0.18373360
0.15547981
0.16905313
0.18286081
0.26662407
0.24403080
0.28155655
0.15058365
0.16329183
0.16547536
0.23030993
0.20766383
0.35227984
0.19758198
0.42067237
0.25494396
0.23407480
0.20785699
0.17028388
0.23895805
0.31157619
0.41111560
0.32941502
0.41884087
0.29990666
0.27577087
0.12317294
0.25831622
0.25931729
0.40136790
0.47414584
0.17141248
0.48093021
0.31665698
0.15352495
0.43679690
0.42861239
0.29961479
0.28046912
0.35801918
0.21058435
0.27040165
0.44586398
0.46360629
0.37031337
0.18345170
0.25611704
0.24285919
0.35603332
0.11279319
0.42449400
0.46596673
0.15251644
0.37524350
0.19689281
0.30616480
0.13678715
0.36534155
0.35627796
0.15268734
0.28594862
0.07063215
0.11055389
0.37036752
0.45812947
0.30029341
0.17791427
0.32765222
0.10542023
0.32663979
0.15617320
0.23548380
0.42987874
0.12981186
0.14788728
0.33437336
0.39717571
0.12957661
0.42434355
0.15872457
0.19123204
0.35996587
0.38048207
0.44269390
0.25375033
0.19498679
0.36613611
0.39969205
0.28165250
0.15651827
0.11610717
0.37721199
0.41016102
0.20191635
0.45992562
0.24421549
0.10443909
0.25766958
0.33359971
0.32050317
0.29303071
0.26463202
0.30754538
0.18650620
0.19137144
0.13028418
0.22100612
0.40470083
0.16196736
0.21849986
0.28167486
0.33328047
0.22701174
0.31132717
0.15776233
0.18282561
0.29328214
0.15444240
0.16851099
0.34946886
0.32140430
0.42536824
0.26332688
0.14861817
0.32773029
0.14087609
0.41837387
0.44684316
0.18146230
0.14199632
0.39677784
0.14520124
0.08288416
0.10215871
0.22324741
0.48769069
0.31083566
0.48192680
0.13951217
0.22490195
0.19723649
0.38822620
0.17876601
0.24940733
0.40518634
0.16935780
0.21933493
0.39135121
0.27152681
0.16335618
0.26668805
0.15821240
0.13123097
0.28331170
0.28433394
0.36617976
0.32634092
0.13944572
0.21288253
0.30236216
0.14743299
0.11869175
0.52890626
0.29422271
0.30829366
0.18213814
0.38829790
0.34671108
0.21091965
0.23899282
0.23817533
0.41681098
0.37921803
0.27452392
0.46089425
0.19094076
0.20826860
0.11311435
0.43099638
0.30375852
0.11430414
0.22289470
0.16967064
0.45593611
0.18602172
0.17980740
0.28681297
0.41600430
0.26223143
0.19845761
0.52783242
0.40615988
0.17749048
0.40914345
0.47859048
0.19538920
0.39734264
0.31895555
0.34948188
0.07465613
0.15380205
0.33744730
0.34982894
0.19180326
0.29721780
0.33619065
0.42695624
0.21985956
0.38103701
0.49142035
0.34386590
0.26874353
0.24877714
0.43434550
0.17345375
0.31142896
0.14526157
0.17909634
0.26601937
0.23427467
0.11551263
0.39214079
0.20447305
0.27246002
0.45425128
0.45450399
0.42151757
0.24511288
0.23860750
0.18887922
0.46199521
0.47775949
0.18950032
0.31566506
0.40516582
0.48212288
0.15848015
0.40224034
0.10594045
0.15465686
0.26371106
0.33749682
0.11674969
0.30227545
0.37968492
0.24743731
0.24628992
0.40692057
0.38097536
0.41784689
0.30372651
0.18382417
0.37644667
0.48424129
0.34441822
0.25409212
0.27153482
0.12641425
0.37924768
0.33108840
0.33920428
0.25852341
0.22649482
0.35138984
0.25682709
0.11296871
0.17572828
0.18885486
0.17046314
0.28567375
0.28407039
0.51712118
0.12565057
0.44092404
0.45867207
0.16840797
0.16938680
0.15372690
0.30143915
0.31235918
0.15305334
0.18643921
0.29121874
0.35288865
0.33624348
0.52827970
0.22574468
0.18810919
0.17757613
0.28645327
0.42986692
0.28232276
0.23407859
0.18357814
0.31969197
0.40388265
0.24152376
0.10338210
0.32015029
0.45088809
0.19663404
0.14964287
0.27922362
0.50585624
0.32395053
0.13154255
0.26033180
0.51122092
0.24492922
0.20837390
0.35371353
0.16126099
0.23499145
0.40746773
0.34907496
0.11374971
0.13734895
0.58301199
0.41092712
0.43586062
0.20953580
0.27382522
0.41238490
0.33289444
0.23232298
0.35110960
0.17741184
0.28253826
0.26662077
0.31927527
0.26498202
0.21422229
0.15123884
0.19003700
0.45782361
0.37557949
0.24346834
0.37969312
0.45410616
0.28367322
0.37664761
0.27505599
0.31196978
0.19360664
0.44251224
0.18447070
0.40954847
0.24754396
0.27412049
0.29710151
0.39168406
0.10993444
0.19532970
0.25029928
0.19314445
0.24095495
0.24560352
0.27043319
0.54290144
0.27507884
0.40933143
0.22716930
0.21997716
0.18712516
0.50086581
0.33416351
0.56870163
0.11884363
0.18243113
0.18955932
0.16525261
0.26050204
0.45759825
0.18594776
0.20550320
0.25729662
0.16153013
0.09081421
0.35306065
0.19370818
0.18016868
0.08174554
0.50023761
0.17379302
0.35774309
0.19878018
0.13283345
0.39690097
0.24148294
0.16966087
0.20435198
0.48005508
0.11645664
0.33502483
0.53772919
0.34530351
0.20105063
0.19631583
0.20087972
0.19951848
0.44364979
0.47200457
0.19695641
0.47167737
0.27458662
0.13673559
0.21714974
0.19538977
0.40017502
0.20097251
0.18581486
0.21729400
0.20948166
0.55768207
0.27698962
0.27297360
0.37160703
0.36424156
0.27349482
0.35235234
0.13776761
0.21832952
0.32350064
0.27017013
0.14515423
0.30662266
0.46571835
0.30386112
0.21199240
0.31041147
0.35683466
0.28098068
0.26057240
0.34025266
0.21567311
0.40475608
0.27871385
0.25914932
0.36288583
0.27939400
0.22071733
0.47860955
0.23307677
0.27085165
0.47580735
0.34496410
0.20056192
0.14774758
0.47475420
0.26793702
0.33770414
0.29262303
0.23447875
0.45673672
0.16173637
0.44282457
0.38267997
0.26944008
0.28248183
0.14402775
0.16251014
0.24167901
0.13170530
0.25890122
0.15878230
0.28382742
0.38266629
0.13865417
0.13998542
0.29474187
0.21127305
0.36648071
0.13261441
0.39779828
0.31009609
0.31742869
0.36831866
0.36542466
0.13595634
0.31469859
0.49829404
0.33908702
0.31171970
0.18903536
0.16424399
0.25828999
0.21134824
0.18429267
0.40458658
0.15487564
0.22786070
0.19074795
0.39255345
0.49053825
0.31343525
0.26784296
0.35283503
0.18933724
0.34317183
0.26596306
0.16519969
0.13461078
0.27829445
0.44757247
0.26829540
0.47708610
0.47907207
0.29800512
0.17508222
0.26646151
0.36141106
0.28013950
0.40053032
0.14660977
0.22228325
0.24280668
0.34400783
0.34074880
0.27961488
0.37232949
0.15135586
0.23308602
0.44272820
0.21364830
0.13522119
0.29839091
0.27118759
0.11713479
0.19072649
0.48769536
0.28941612
0.28958594
0.21450301
0.14046144
0.35202069
0.09769131
0.39412440
0.27561975
0.14826527
0.21105643
0.32434167
0.16004395
0.23158019
0.10811942
0.18547373
0.28299082
0.25393978
0.49793082
0.38095259
0.45621288
0.36904803
0.38280380
0.28623798
0.21654556
0.25447749
0.26553909
0.23313953
0.45075167
0.17074932
0.12523241
0.11870952
0.11525085
0.15470464
0.36771714
0.20812745
0.37696925
0.36750291
0.17847912
0.16396097
0.23409953
0.12603491
0.18435122
0.32456929
0.38001597
0.33258127
0.47065207
0.16259123
0.36100408
0.28216142
0.41075643
0.31883511
0.34576244
0.22396464
0.19272765
0.39202634
0.26555675
0.28254735
0.31646682
0.37288894
0.27350188
0.42289943
0.26144350
0.32092887
0.18415424
0.32767935
0.26939501
0.34628382
0.28242931
0.32664991
0.42144398
0.43793455
0.23154195
0.25083512
0.18365445
0.19322783
0.29476649
0.18541101
0.14135778
0.15001846
0.35321606
0.15989308
0.12461749
0.13985308
0.30665315
0.28636666
0.22354593
0.29207673
0.13906114
0.19794476
0.57764701
0.27974375
0.24720024
0.31912437
0.21565580
0.36603236
0.32007835
0.25842257
0.11783569
0.39979150
0.15783657
0.17906169
0.37054445
0.40998018
0.14434042
0.37028318
0.32786518
0.13709823
0.26091666
0.27494723
0.45523248
0.35095051
0.13828476
0.15155032
0.10337367
0.16940356
0.18912978
0.21291396
0.23090696
0.19203151
0.39804255
0.42175062
0.31543183
0.32597999
0.19389559
0.35041528
0.39347560
0.46613052
0.18569697
0.17222289
0.19439429
0.28785992
0.30845446
0.21325707
0.14216774
0.47676552
0.17410217
0.41401687
0.48100754
0.31527398
0.19993224
0.24039575
0.25755677
0.26671963
0.30478552
0.37589221
0.34780016
0.21644847
0.18462639
0.26427319
0.36588242
0.42395206
0.14569326
0.42122809
0.39744906
0.46128474
0.55186537
0.43326858
0.24186355
0.45802949
0.21278504
0.29086702
0.34075708
0.38380291
0.41132702
0.42118005
0.12192265
0.33174827
0.17074201
0.22717011
0.15383090
0.21582184
0.36846228
0.30004837
0.42599918
0.45323333
0.26698774
0.22320268
0.19120245
0.22586081
0.37410955
0.12826240
0.16409937
0.19668430
0.21808713
0.38411086
0.09305951
0.37971817
0.18493930
0.26796433
0.31901331
0.30281065
0.24699796
0.30899222
0.13757830
0.28303477
0.32644228
0.46410229
0.11046502
0.18535899
0.26328717
0.22284351
0.26987388
0.28281391
0.22895247
0.46730484
0.36767235
0.30799987
0.20758572
0.21814002
0.17170151
0.26626486
0.24422299
0.19405734
0.33217428
0.10468185
0.16526659
0.26164530
0.15342763
0.12237954
0.36348421
0.29452332
0.40182085
0.29188273
0.31219383
0.19389445
0.42603367
0.33531133
0.09754685
0.23234148
0.18465172
0.37925833
0.10546006
0.11949180
0.27640895
0.52110363
0.15184417
0.36542953
0.25381000
0.26781802
0.23150819
0.06816033
0.44963522
0.20169251
0.40221664
0.17125968
0.20284677
0.34973395
0.40205633
0.17452638
0.28011210
0.27979639
0.18803075
0.16781049
0.10050817
0.15289037
0.20054956
0.19829575
0.44553379
0.10294329
0.33480098
0.42606730
0.24095445
0.25989718
0.41682949
0.12358934
0.15792176
0.25521317
0.39022503
0.50888149
0.15686795
0.45429826
0.10970555
0.14524048
0.26383474
0.15962265
0.29160358
0.33633619
0.32351832
0.28476334
0.45896829
0.17859441
0.43778265
0.21277314
0.09840820
0.44366175
0.29847797
0.14063488
0.11508002
0.10813677
0.44978562
0.22087107
0.25926953
0.39603135
0.34931761
0.17632107
0.24832998
0.44817776
0.38180526
0.27142324
0.46185943
0.29902763
0.11604978
0.18402485
0.28989733
0.56898602
0.17758142
0.38411725
0.15786536
0.11757648
0.39465935
0.14659555
0.40608976
0.12186164
0.15324152
0.29257505
0.12282054
0.45744943
0.29251997
0.22318987
0.28510287
0.25788024
0.19000990
0.49475582
0.33986169
0.19379671
0.17720671
0.30296623
0.37165046
0.14997835
0.49974380
0.25418386
0.19735132
0.39772582
0.08307280
0.39427849
0.30088412
0.18891456
0.11256541
0.41667758
0.41937759
0.10958720
0.35827399
0.40167504
0.44728862
0.24778952
0.19963102
0.10506537
0.31270721
0.10887559
0.36215954
0.19534414
0.23556018
0.40600398
0.35824644
0.44918697
0.31871167
0.38883142
0.41402502
0.34357869
0.37193067
0.23085085
0.08439899
0.28748571
0.42329006
0.17208525
0.19349700
0.38864781
0.22970240
0.24698903
0.27513828
0.16746145
0.28037910
0.42535229
0.31745471
0.22272601
0.39758202
0.37192186
0.21223891
0.42193220
0.35722610
0.23158333
0.24481822
0.15262878
0.35029597
0.35759871
0.36977413
0.47029318
0.44764883
0.31720714
0.14724784
0.48157455
0.42817296
0.48330781
0.31187591
0.19016496
0.14607925
0.16644409
0.28738901
0.24797011
0.31374211
0.28584744
0.15883385
0.26578100
0.16548641
0.49324737
0.24384788
0.13751870
0.17203597
0.37585863
0.15581681
0.22644549
0.19638177
0.32681174
0.38359844
0.48441977
0.24932205
0.20264312
0.40893039
0.44761158
0.32702401
0.23640399
0.24297120
0.35281621
0.17526149
0.57551422
0.25523710
0.34520171
0.15747831
0.19855757
0.29157982
0.35916025
0.13266924
0.18783042
0.20275055
0.26266623
0.50613071
0.42025973
0.15315697
0.27134418
0.10620397
0.23477823
0.39992241
0.26503857
0.13775135
0.22000852
0.34342693
0.29936205
0.36591297
0.41232515
0.16287563
0.18304446
0.24038132
0.40255716
0.23929386
0.25512541
0.27339920
0.23625019
0.26958500
0.23580949
0.37496111
0.09323528
0.18566525
0.26860356
0.08639129
0.25028888
0.44713654
0.42953435
0.40430055
0.21703802
0.19852538
0.24931205
0.17833946
0.33379276
0.35161149
0.26555736
0.15851343
0.16862664
0.16846007
0.13594746
0.33678093
0.27814054
0.34446688
0.23923107
0.44377059
0.16932143
0.16297610
0.34573405
0.21642997
0.23408865
0.21877488
0.12405337
0.31021223
0.42180202
0.16530146
0.30961592
0.14490249
0.28351299
0.17724345
0.41658593
0.22607356
0.45947231
0.20639048
0.46603408
0.28444993
0.27544863
0.20376317
0.34319173
0.12820514
0.12075730
0.28795224
0.14146367
0.33369303
0.30423546
0.43896227
0.35793433
0.25091881
0.25239841
0.20052624
0.28129454
0.31490490
0.18083487
0.24909948
0.24252587
0.36639657
0.40865690
0.38987162
0.24412712
0.23437051
0.19079597
0.30650795
0.21349999
0.19040546
0.26411354
0.33703684
0.21144172
0.33663915
0.39070798
0.38984026
0.17107481
0.21828131
0.33008257
0.17217635
0.16841812
0.36898934
0.26760152
0.40837203
0.20491729
0.32649861
0.11680859
0.09590964
0.28202732
0.21320619
0.28866555
0.19580544
0.15445482
0.24432309
0.13113897
0.41792232
0.22335623
0.31444229
0.25151380
0.40412069
0.50027440
0.45826930
0.19272208
0.36061180
0.29234745
0.36121089
0.12626058
0.38264362
0.36372817
0.23763244
0.33750452
0.34602631
0.22949657
0.11570072
0.21403185
0.46064846
0.32765041
0.22226930
0.23878122
0.41521159
0.21379770
0.37454718
0.28655144
0.23720693
0.10875355
0.26914961
0.14152968
0.20609084
0.23847270
0.35882523
0.36354606
0.15367546
0.17003460
0.48975745
0.20446662
0.14034238
0.24736796
0.11961261
0.36431932
0.33506906
0.22795489
0.14344501
0.08570987
0.27162947
0.47280991
0.34050358
0.22733080
0.24666292
0.37973907
0.36390184
0.26296169
0.25426638
0.19631633
0.42319827
0.24483618
0.28340999
0.43678203
0.20943252
0.24785093
0.31962384
0.34730394
0.46419014
0.23918687
0.17891388
0.13958135
0.12932424
0.18373466
0.22907394
0.23800600
0.51954713
0.23235458
0.46373330
0.17482632
0.47831673
0.13606546
0.37905512
0.53227166
0.19666653
0.36044222
0.33331705
0.25675098
0.36150750
0.50421525
0.37303830
0.13795881
0.25871484
0.06923084
0.36908207
0.21061879
0.40553389
0.26294355
0.34828405
0.21445939
0.07575340
0.35891915
0.16469377
0.38314562
0.25095563
0.32311791
0.46841786
0.17874514
0.17676362
0.22451216
0.18236942
0.12560120
0.31274222
0.28869094
0.14074368
0.28011932
0.34427599
0.21911183
0.23003959
0.28925675
0.13712209
0.24901947
0.25978041
0.19898638
0.24618036
0.20926399
0.36075175
0.33057968
0.38908876
0.21663516
0.21282534
0.20052748
0.32170364
0.20764558
0.24693119
0.27033728
0.29738162
0.19659656
0.40600357
0.22649744
0.31664338
0.18976017
0.45423601
0.35305233
0.37429287
0.35174616
0.55503586
0.10853246
0.20425311
0.17957949
0.18189907
0.46070445
0.25023584
0.14015642
0.23511872
0.38626461
0.22237019
0.32218971
0.14526067
0.37272770
0.18515983
0.15483529
0.51117023
0.14934097
0.46956930
0.42598370
0.21045719
0.32303594
0.25570654
0.36316053
0.26238703
0.23757221
0.23459096
0.09962038
0.12486118
0.35184191
0.36837252
0.15246767
0.37961693
0.22800633
0.16678356
0.40793361
0.42519252
0.25499400
0.13870621
0.20806423
0.46722949
0.32815064
0.39942456
0.27355421
0.28604059
0.27311529
0.35912919
0.18627910
0.21471718
0.14563509
0.23278289
0.37069041
0.36635051
0.38050440
0.15405861
0.38188242
0.30013553
0.29573966
0.50593498
0.38154543
0.41544437
0.19424511
0.45721093
0.33173513
0.41347770
0.37268339
0.41181864
0.08991845
0.28421395
0.48572113
0.29741778
0.47152149
0.31538782
0.42811883
0.50802578
0.28698333
0.19365811
0.21790432
0.44001148
0.31468974
0.19456968
0.44479626
0.40218038
0.32949076
0.33485830
0.36044472
0.18051767
0.24281144
0.55233931
0.17704158
0.18462370
0.19347211
0.26805278
0.29519457
0.46244369
0.17453179
0.39548890
0.27060987
0.12471750
0.16394095
0.22399999
0.20428187
0.35796380
0.23957274
0.49225450
0.48113729
0.36408884
0.18452206
0.33027168
0.31187521
0.20994614
0.16352295
0.38603927
0.37871265
0.38697817
0.38149242
0.22683137
0.36960598
0.22373693
0.24360423
0.35537677
0.21391027
0.44483223
0.08625731
0.16166200
0.29402476
0.33083435
0.13178102
0.32580807
0.32760956
0.28690629
0.16774287
0.20257913
0.38355591
0.11161298
0.23781141
0.29929252
0.11227845
0.16458003
0.20461023
0.18635696
0.29050488
0.12777565
0.44780553
0.44598544
0.37548864
0.32948257
0.30744058
0.47605352
0.47954262
0.39505487
0.43382793
0.41157863
0.10991096
0.41025494
0.25795308
0.20924865
0.50023503
0.16613391
0.40207823
0.48514954
0.29962808
0.45995638
0.26842907
0.17308186
0.14435484
0.31282417
0.10990956
0.11685595
0.11659214
0.25171378
0.30620843
0.35847387
0.37579572
0.07738852
0.11275987
0.33329971
0.45608056
0.26289343
0.31214323
0.50791219
0.23935444
0.42014455
0.19449095
0.22071610
0.39825755
0.25815844
0.27018620
0.07561229
0.27310634
0.20424889
0.38676892
0.32675842
0.15054049
0.35021088
0.10580911
0.17868600
0.13910067
0.29153872
0.17891068
0.32465290
0.37514726
0.42768763
0.19549027
0.16584850
0.44986530
0.37607909
0.23403487
0.12906720
0.39307826
0.43742466
0.42740964
0.27163047
0.53587933
0.19840228
0.17492114
0.38220830
0.19310024
0.35576675
0.52235349
0.40199954
0.40170135
0.22295599
0.17428562
0.11134803
0.26071546
0.14167754
0.10888191
0.40519300
0.33916217
0.17443608
0.38154219
0.35328746
0.39813969
0.34556950
0.19935331
0.26546144
0.35408534
0.36189317
0.37740944
0.17272736
0.41385679
0.18924853
0.39799607
0.15897796
0.28813383
0.15885093
0.18780288
0.21922335
0.38226179
0.42348517
0.29140945
0.14416421
0.20570207
0.13322956
0.19502151
0.17365055
0.25193741
0.20812420
0.17227326
0.38971935
0.46283753
0.38587287
0.28207465
0.49052876
0.20434951
0.44369473
0.22210548
0.30395459
0.40394843
0.21977354
0.33356746
0.26219143
0.13524986
0.39899806
0.17261617
0.36996448
0.11451634
0.15503535
0.21924957
0.37563703
0.29314072
0.33540237
0.43153629
0.53144292
0.50609481
0.18276913
0.21139112
0.39926710
0.26491041
0.39622876
0.26129349
0.28787122
0.39384306
0.22005799
0.34502961
0.31702795
0.27131374
0.40951513
0.42178532
0.24285610
0.28163751
0.34721430
0.13391972
0.13316884
0.19200892
0.26292933
0.19476226
0.40998016
0.23713721
0.41824943
0.39648300
0.16107901
0.33525018
0.19389128
0.21836307
0.31213623
0.20132070
0.11245750
0.19655268
0.21503960
0.53687282
0.36773436
0.15414677
0.17392137
0.19016977
0.16823725
0.37069333
0.15606944
0.40345768
0.30411917
0.28950539
0.18566928
0.21187609
0.35795916
0.11744984
0.31201417
0.39232597
0.33653964
0.36308007
0.22737654
0.15456824
0.16613963
0.15242678
0.40920672
0.22077734
0.34170453
0.31907580
0.17029155
0.32348123
0.37295085
0.44513986
0.33427293
0.13568099
0.31417464
0.28700445
0.21230271
0.31220941
0.36604236
0.15746718
0.26079330
0.17660376
0.28315293
0.41158167
0.16985714
0.29787481
0.44479559
0.35762548
0.11209972
0.26151156
0.18818445
0.31394661
0.23981752
0.22396984
0.22510467
0.11993917
0.46118423
0.48220863
0.25348651
0.22719948
0.21365762
0.24004791
0.38038658
0.29670102
0.30430640
0.32265644
0.25126809
0.34328643
0.46696056
0.15714162
0.21542537
0.35909845
0.20294165
0.26986293
0.27235352
0.18966174
0.09156322
0.43414680
0.29973933
0.42552192
0.23587088
0.44110249
0.27040300
0.11847356
0.32243969
0.16537027
0.13206724
0.32995229
0.18088461
0.32696185
0.43649671
0.44635985
0.38145273
0.15126617
0.29928634
0.42262664
0.39397598
0.13776876
0.11549657
0.32766590
0.18220876
0.20692189
0.12793568
0.09422988
0.16663270
0.38243042
0.22084684
0.43242165
0.11667968
0.27856725
0.18333410
0.18649956
0.31781084
0.41536498
0.27475911
0.28517174
0.26837991
0.21208093
0.19032811
0.21776066
0.12045134
0.24849193
0.30643522
0.31294814
0.32999004
0.19140849
0.27031501
0.28707387
0.14184838
0.21276557
0.35255498
0.42857681
0.25972612
0.16735982
0.20471070
0.10332256
0.35153569
0.33491977
0.49893038
0.16110731
0.42047149
0.27116285
0.32907365
0.23941138
0.10801851
0.42065985
0.46315017
0.17975539
0.28677317
0.22415480
0.28497882
0.22033355
0.41229236
0.32687378
0.30804421
0.24808860
0.21918628
0.17874367
0.10954253
0.57075389
0.20975784
0.47609297
0.17684492
0.17035877
0.22168352
0.39606862
0.26482418
0.18143295
0.27231742
0.39887893
0.26206960
0.23418567
0.31427972
0.41951190
0.22306122
0.31291689
0.17915017
0.19767520
0.40470086
0.42496878
0.37631747
0.20133151
0.24443525
0.40686658
0.27459273
0.42515266
0.34415759
0.32954445
0.20458393
0.16151229
0.13672123
0.34342357
0.22004368
0.40930289
0.33303778
0.41937928
0.14410688
0.37341855
0.33252073
0.20712542
0.20784758
0.43301664
0.19883510
0.15300028
0.33093455
0.21336971
0.38403354
0.39030406
0.28701768
0.33014426
0.19623784
0.33808717
0.30677787
0.31394370
0.32752425
0.45451382
0.32173192
0.46291538
0.17277838
0.29602704
0.10476996
0.26899351
0.43935326
0.44044288
0.30950861
0.27670767
0.27420427
0.22337030
0.23300804
0.26122417
0.46421832
0.17506442
0.14333631
0.30426511
0.44822745
0.28697110
0.22837771
0.43218230
0.20968464
0.26092029
0.38579336
0.12378127
0.30888115
0.20927141
0.34609712
0.35711030
0.13386107
0.32351028
0.27458764
0.17280640
0.20116811
0.38288960
0.20532549
0.38831350
0.26344331
0.21055521
0.29061949
0.22255033
0.32559887
0.12503033
0.33815501
0.47802261
0.47185304
0.45550792
0.30016695
0.20030287
0.32458016
0.23985825
0.29935563
0.34102216
0.46137595
0.32002637
0.08692882
0.11026759
0.37844640
0.21128703
0.43494585
0.19430179
0.11875502
0.13748165
0.21222036
0.45950139
0.10836494
0.28360531
0.27575763
0.12320753
0.26458835
0.13661684
0.17411730
0.44390029
0.38020000
0.45197358
0.36058508
0.25978470
0.35595676
0.21546575
0.39600195
0.20831167
0.32160822
0.44353031
0.24735777
0.29871654
0.34799560
0.14077410
0.32518406
0.43015238
0.39460855
0.29586183
0.15913946
0.17824095
0.18164159
0.27145593
0.24891910
0.13055013
0.32363121
0.22593981
0.32640787
0.21424501
0.17539605
0.19369382
0.34823667
0.50256338
0.34987649
0.22365914
0.29827274
0.30525570
0.49229610
0.26414513
0.13236150
0.17147668
0.22424281
0.16249777
0.17508562
0.35040798
0.21909789
0.31391255
0.33455196
0.31726479
0.35027481
0.25841447
0.23066038
0.44895203
0.15371615
0.20603025
0.18003302
0.26051691
0.26906829
0.16856132
0.12464396
0.37571058
0.12127830
0.25719738
0.34755437
0.21535849
0.27350585
0.16557872
0.17287242
0.22935359
0.44044550
0.26120729
0.47248331
0.27931442
0.27023857
0.32026439
0.14061866
0.21233130
0.18289506
0.26327791
0.33365767
0.15932832
0.27469880
0.14394817
0.38841229
0.17356915
0.14486188
0.29589690
0.09448802
0.27431878
0.27488782
0.21230881
0.14110535
0.20126741
0.24010901
0.21231765
0.34413937
0.42216970
0.37605836
0.17734581
0.16976580
0.23439927
0.41144040
0.25004180
0.31251621
0.35003414
0.25848224
0.25728557
0.37491735
0.49199083
0.43654273
0.34453031
0.23984791
0.23063648
0.44875998
0.29834974
0.20772622
0.27966173
0.42526301
0.23462926
0.36104286
0.16136688
0.22433500
0.28793895
0.47903018
0.23070726
0.26545954
0.29109287
0.21300014
0.32930649
0.21435214
0.37845240
0.35144346
0.35222882
0.30084977
0.49688443
0.45805635
0.21078147
0.42908064
0.44971889
0.22790069
0.09937035
0.30318602
0.35219774
0.19694570
0.40266099
0.23699994
0.20833932
0.35508722
0.17568333
0.33368373
0.18678550
0.32489233
0.25579307
0.13549601
0.46223740
0.42520790
0.24624956
0.30622304
0.36166976
0.33810910
0.34645484
0.40638804
0.38666727
0.29165556
0.25594599
0.18115284
0.40968252
0.36125745
0.22497348
0.17566912
0.27041170
0.18742160
0.32937327
0.23271888
0.16937696
0.37500038
0.38453108
0.48586617
0.35817069
0.23621241
0.10070290
0.14295874
0.13922499
0.15602890
0.20576854
0.25676930
0.35956216
0.48860679
0.26853807
0.17767252
0.25970211
0.21750721
0.38873796
0.51978392
0.21185471
0.43922838
0.17703129
0.30983010
0.23904824
0.48589328
0.28774745
0.26541485
0.20933217
0.34450211
0.24587820
0.12051060
0.34995148
0.22942930
0.13198617
0.13180073
0.24534377
0.34629705
0.48186706
0.18318159
0.23744511
0.29151821
0.19269484
0.09611043
0.23867554
0.26463190
0.29512935
0.33682570
0.31170342
0.27426587
0.43054727
0.24078971
0.40556017
0.10679578
0.42058538
0.20488253
0.17897673
0.38279191
0.38368031
0.38051636
0.26085890
0.15923081
0.16696620
0.34520607
0.18578700
0.37771531
0.14383768
0.40862400
0.13373072
0.43099649
0.24846475
0.42565719
0.40871828
0.36501506
0.23537629
0.46747624
0.44255160
0.19716484
0.30038102
0.42773796
0.22913680
0.40884189
0.26753501
0.44008821
0.13724817
0.28029433
0.36567310
0.26666496
0.18023248
0.28870640
0.18761184
0.40871183
0.17491218
0.23318884
0.14334416
0.18118517
0.19255927
0.15339667
0.25101757
0.34654858
0.28052459
0.16861887
0.42394378
0.18508352
0.33204118
0.41524538
0.24602991
0.35746289
0.30784745
0.13213380
0.23404830
0.31506045
0.35010497
0.39561954
0.45392437
0.47391800
0.45319778
0.35952990
0.20006836
0.41369120
0.32948722
0.36758623
0.23856570
0.29543083
0.14208569
0.22739405
0.22746077
0.22122557
0.12754786
0.17131491
0.19640603
0.44766871
0.29795164
0.19434076
0.22852842
0.12024794
0.10109153
0.27554470
0.36807084
0.38803411
0.15150797
0.23530630
0.39357028
0.27999234
0.42663781
0.46282568
0.31018295
0.18357418
0.25570422
0.21641477
0.34934868
0.39762348
0.16551393
0.21471795
0.25643938
0.49816062
0.43737938
0.18128618
0.14528165
0.23203139
0.33518672
0.22724814
0.35479456
0.18078189
0.14270747
0.35413839
0.26474288
0.44168083
0.22429515
0.39364966
0.28308703
0.49718490
0.21514294
0.22902493
0.38335105
0.25148739
0.32313127
0.31267174
0.19538186
0.35887008
0.29508370
0.16062548
0.45166731
0.37106727
0.39451542
0.26982171
0.27464848
0.34330162
0.08509143
0.50440390
0.31920543
0.30401429
0.15871798
0.22371896
0.11626403
0.08835961
0.11796118
0.20600482
0.19571143
0.24777621
0.40669110
0.39179899
0.34151744
0.16078974
0.21771210
0.38417408
0.18775648
0.26650864
0.21007280
0.23343952
0.15917105
0.24825985
0.38229458
0.29853993
0.41532391
0.37556123
0.34117840
0.49394849
0.57266289
0.29636851
0.39048951
0.23440621
0.24892648
0.22886684
0.32665116
0.43424621
0.44733357
0.30230772
0.12383957
0.30862102
0.14272377
0.35787965
0.26138137
0.45452954
0.16706888
0.23805668
0.26852968
0.16382744
0.25941782
0.38065160
0.34545918
0.31027075
0.20221653
0.32752802
0.27307234
0.26469548
0.38039085
0.22858340
0.46508515
0.13955186
0.24132503
0.37618018
0.50739774
0.42651557
0.31632766
0.23357999
0.14031015
0.36534562
0.15836247
0.13816111
0.22446955
0.36500701
0.14344775
0.26007330
0.30072227
0.21629315
0.17423595
0.37702402
0.18371367
0.10067527
0.40763408
0.22495648
0.39091735
0.24501935
0.37209034
0.39178205
0.29584856
0.28031308
0.22462025
0.36894589
0.27072694
0.24468976
0.43611070
0.25143644
0.23227583
0.26717517
0.16342062
0.42148707
0.34383123
0.24901318
0.28992331
0.31301496
0.29845512
0.12407897
0.15718937
0.25403809
0.41510334
0.21452699
0.20648247
0.26731919
0.26643322
0.41878949
0.51118963
0.18991882
0.23493362
0.49051528
0.31710192
0.35403427
0.17812899
0.22989566
0.23317657
0.32333856
0.12647986
0.30022899
0.18983743
0.33012621
0.16153642
0.20311764
0.34877339
0.32948634
0.32312765
0.08657627
0.47156300
0.37707492
0.39893651
0.29500046
0.25263535
0.17924411
0.25872033
0.32210178
0.35710927
0.33747888
0.17604967
0.16051849
0.28085480
0.33429544
0.24370212
0.33212503
0.25519303
0.22951825
0.38672959
0.42309689
0.23101525
0.34107280
0.31088905
0.20931701
0.43940255
0.23580017
0.17768976
0.25744852
0.22568396
0.08560011
0.31531755
0.38827337
0.33198348
0.23251903
0.11721037
0.44265129
0.17995968
0.16780832
0.38456184
0.46805101
0.41117682
0.45709277
0.36660303
0.22024033
0.35066491
0.20301546
0.31090312
0.17296698
0.11680441
0.14284670
0.35439043
0.29076375
0.27583423
0.12794247
0.24266412
0.29276695
0.38520202
0.28351672
0.41741635
0.29509885
0.14745568
0.45016843
0.29302768
0.52219898
0.53109649
0.19368694
0.13284382
0.42922498
0.11318810
0.29216272
0.14750702
0.48216119
0.44062289
0.20481331
0.19069154
0.19925332
0.14028605
0.26027470
0.08140499
0.27665775
0.37313990
0.35678213
0.18770015
0.44353430
0.13792535
0.15301979
0.35326758
0.35536524
0.20324000
0.16836443
0.21800433
0.14531167
0.40467682
0.37166791
0.30232715
0.42042269
0.25655768
0.34215529
0.19970067
0.34626030
0.12706767
0.17244888
0.28862055
0.46943657
0.54154747
0.44005940
0.54548250
0.31565571
0.15140152
0.53036020
0.27850841
0.29497757
0.39329330
0.18703823
0.30441956
0.33085207
0.41572324
0.25128794
0.17715640
0.21350263
0.17413691
0.17609850
0.13041440
0.44311893
0.40797534
0.42910536
0.38973528
0.36335915
0.35208658
0.28597332
0.20361411
0.15303674
0.40813390
0.13238654
0.28891125
0.30427949
0.25606498
0.17640942
0.14311259
0.35406376
0.09091143
0.16787901
0.16721609
0.25669311
0.37325719
0.30183611
0.46014643
0.15517563
0.28692915
0.39985426
0.32122602
0.28431021
0.44906807
0.37829344
0.43303977
0.28924667
0.09841834
0.23684631
0.45726730
0.22398707
0.28751846
0.37507503
0.23832760
0.49537180
0.21188835
0.11147254
0.34869801
0.22549153
0.29140738
0.30459395
0.25301288
0.17471306
0.48559405
0.25714242
0.10715329
0.12393623
0.12949956
0.13731087
0.47319236
0.11302105
0.27125555
0.37977179
0.28607250
0.19643170
0.40070453
0.32853027
0.13419890
0.27918892
0.15238329
0.23898496
0.44993052
0.53694022
0.33063471
0.42141763
0.30603180
0.44145081
0.14170183
0.27679870
0.21545431
0.18725794
0.40091536
0.28740182
0.17381847
0.38093451
0.29298309
0.36559886
0.35815566
0.22743681
0.30267396
0.27568998
0.56054371
0.11478755
0.32588389
0.17111508
0.46557632
0.22527401
0.11099451
0.33259626
0.28981423
0.21256933
0.12788644
0.24217474
0.43527929
0.17427516
0.33755004
0.19953782
0.28762674
0.16577355
0.38679465
0.21697521
0.15330174
0.26890087
0.13843796
0.28580253
0.45583479
0.36524118
0.18475075
0.38879053
0.19621815
0.33300461
0.33568690
0.19714194
0.20908478
0.11616576
0.18197348
0.35125203
0.43711109
0.36784221
0.14156455
0.20124018
0.17522487
0.13319152
0.17392373
0.23164805
0.21524925
0.18172227
0.42846322
0.29260623
0.23308052
0.44432702
0.29383553
0.36384464
0.11645669
0.55766891
0.18965189
0.32256325
0.36279551
0.39167408
0.46824550
0.28227030
0.41490402
0.43740819
0.45128966
0.36456321
0.21263725
0.10506845
0.11096580
0.29399589
0.43378261
0.17675727
0.09298814
0.25998098
0.13550168
0.21149821
0.17902875
0.12567235
0.25300522
0.13772062
0.26394944
0.17081277
0.43173678
0.48549982
0.14341403
0.29408360
0.10499526
0.29411041
0.23685999
0.45425855
0.45712172
0.13408531
0.28312063
0.24131570
0.18204148
0.41452493
0.18886048
0.43182914
0.14877421
0.41533400
0.42004608
0.30916328
0.25369249
0.23890938
0.19154671
0.29285159
0.36770694
0.17842376
0.17581720
0.41069962
0.33921773
0.36107944
0.14684861
0.29604200
0.28072038
0.35644274
0.41332958
0.42629718
0.34276034
0.12847729
0.19376963
0.28101267
0.40283994
0.27832684
0.29270310
0.14022424
0.24191883
0.42318579
0.37456437
0.35862081
0.34178332
0.34188970
0.23191043
0.43523424
0.16526065
0.13658732
0.10806453
0.14284619
0.40640815
0.22345311
0.45646162
0.28132696
0.28121119
0.16294747
0.19829811
0.30912913
0.37112988
0.34011464
0.36891902
0.27766716
0.27652457
0.39461459
0.49510889
0.41288726
0.16944180
0.33665728
0.24699179
0.30460082
0.28338958
0.08673043
0.43132647
0.48786104
0.25870489
0.16409914
0.20308834
0.18776806
0.41524898
0.14026396
0.12556558
0.40110257
0.31312586
0.45991785
0.35399051
0.12920181
0.34498854
0.44468741
0.27501875
0.34090150
0.33016430
0.30982097
0.24753223
0.36990630
0.16267381
0.44559187
0.18482590
0.42045171
0.22505701
0.20768999
0.25737088
0.24784309
0.36048775
0.12169021
0.36267802
0.33494487
0.11248882
0.28109407
0.21286233
0.40651527
0.27083647
0.10277161
0.26568045
0.24687105
0.17909889
0.21932723
0.15892979
0.16846167
0.38075020
0.19760952
0.18121354
0.16637751
0.13578237
0.20952638
0.28775423
0.12428386
0.40551890
0.44703215
0.21199463
0.23836297
0.34872258
0.17152384
0.19390850
0.28538122
0.16433222
0.27770488
0.30886049
0.17409599
0.23520694
0.29754346
0.27227121
0.32275220
0.28109854
0.43922050
0.24764382
0.35442752
0.30629193
0.15133345
0.16883143
0.44474258
0.21790058
0.30079539
0.53273492
0.29172269
0.24748040
0.12408387
0.58826248
0.38944645
0.39805876
0.12905032
0.23921280
0.39987053
0.32087961
0.30809569
0.17032591
0.32972137
0.30517073
0.23614061
0.33625712
0.45225698
0.18235258
0.19785688
0.35790021
0.35653683
0.13971635
0.16217953
0.40068392
0.28378083
0.11067661
0.22510168
0.19536489
0.40922831
0.32757684
0.23108490
0.16669442
0.13893193
0.36041801
0.38372358
0.26007536
0.17448795
0.17287748
0.39895932
0.27405043
0.46431224
0.11628731
0.30053152
0.35476126
0.14393735
0.15202881
0.09958995
0.32507756
0.07585445
0.29059372
0.36241258
0.26383697
0.27185467
0.41794817
0.27374450
0.19002108
0.16395186
0.23734545
0.37886373
0.34215941
0.14161983
0.16792787
0.45810167
0.39615784
0.30953510
0.09506484
0.22165944
0.09089794
0.26089764
0.47665967
0.20623152
0.25665102
0.31592557
0.36417927
0.20747151
0.36226141
0.41684404
0.40556465
0.28853107
0.15055479
0.15753092
0.23525339
0.20910919
0.22512868
0.33853089
0.11876188
0.07328416
0.34639527
0.44230991
0.21705872
0.33522787
0.28747867
0.30453839
0.31076216
0.28950495
0.09844422
0.28308033
0.33607495
0.24416916
0.33880103
0.18294391
0.25303764
0.45658260
0.45116224
0.19183445
0.21861936
0.42640335
0.30126269
0.12805062
0.14962846
0.24571025
0.18586465
0.28171524
0.33473259
0.15089422
0.19570429
0.25085081
0.40446495
0.22395643
0.24162005
0.48612127
0.15293410
0.24811863
0.17020730
0.20711094
0.30771039
0.36106024
0.27386081
0.22786382
0.20118824
0.19858125
0.32728942
0.25312105
0.38465179
0.36504274
0.36899020
0.37319415
0.39652268
0.16717880
0.35030385
0.33778978
0.34696775
0.30597941
0.31074049
0.30040881
0.20576350
0.35972108
0.20214967
0.30472927
0.30591662
0.25377687
0.28701988
0.33105465
0.14090161
0.17630746
0.31854755
0.28013051
0.21139676
0.20409075
0.43867689
0.54212047
0.18692451
0.48624979
0.16852031
0.42892432
0.17578317
0.17566112
0.25068736
0.31232183
0.43930034
0.22724259
0.14840479
0.35190205
0.36900214
0.28453395
0.24015024
0.08585913
0.15549575
0.25461556
0.25587342
0.44261377
0.25096840
0.25209370
0.16541919
0.23901273
0.16715722
0.26785330
0.43735834
0.30368934
0.36303534
0.21045888
0.25860690
0.36579135
0.27407521
0.39451854
0.26495455
0.24759415
0.16216969
0.32021135
0.22985426
0.37870629
0.15065934
0.20055660
0.29978911
0.15238559
0.20027506
0.15715393
0.15001240
0.31528657
0.35783180
0.35674159
0.44006453
0.48485179
0.23860387
0.20655828
0.42774502
0.16856362
0.15395740
0.36662320
0.38330256
0.28912166
0.16037082
0.33442136
0.39371194
0.16699201
0.15105031
0.33420737
0.21772131
0.27105416
0.10670534
0.17801055
0.34779075
0.14205006
0.13538738
0.38043227
0.42527806
0.17969275
0.11342366
0.23898375
0.43640092
0.29167197
0.32072058
0.22752305
0.33972261
0.25524362
0.47974136
0.32805319
0.25593549
0.17427088
0.14731849
0.35872278
0.09570513
0.24578380
0.24323003
0.15471805
0.14612620
0.09759281
0.19646866
0.20189753
0.27374739
0.20838830
0.28691438
0.49264824
0.19830114
0.36812438
0.18350587
0.26336118
0.45705039
0.38783360
0.32128899
0.34865947
0.10141221
0.26887798
0.53551241
0.40314614
0.24574074
0.41571876
0.30126851
0.27367146
0.34672841
0.15492010
0.20644411
0.22316682
0.35430120
0.12818520
0.41677603
0.50668402
0.42877772
0.21712813
0.34170401
0.41951010
0.30723570
0.46447569
0.16938590
0.43114496
0.25661613
0.36308993
0.24476255
0.29076609
0.37516162
0.26942941
0.20682470
0.19507732
0.29992867
0.21493809
0.43157266
0.28066494
0.36223511
0.53639609
0.13364301
0.34229021
0.21801096
0.14049834
0.40769827
0.25316078
0.24616832
0.41698276
0.47885619
0.14815847
0.30298494
0.26657820
0.20906658
0.41977922
0.12932673
0.13412208
0.21935066
0.25998354
0.30451321
0.17521961
0.19144016
0.16774458
0.21361271
0.12321618
0.14155728
0.30388643
0.15055055
0.15532897
0.40245019
0.37828021
0.26280832
0.39857988
0.34505305
0.23180292
0.26891778
0.34798144
0.36406053
0.11748836
0.46149317
0.17918313
0.21290736
0.11744251
0.39502788
0.31653902
0.21875161
0.22615421
0.29817517
0.16492750
0.23478371
0.35921450
0.28072337
0.22955636
0.39378449
0.44572346
0.37552128
0.43640351
0.16010980
0.21198472
0.19165962
0.32706548
0.30676799
0.24581249
0.23130091
0.34377166
0.16867582
0.41658391
0.28776412
0.31901347
0.33786553
0.21028366
0.44298813
0.15479088
0.27805195
0.42506082
0.25851992
0.18225117
0.33085851
0.52946979
0.29357724
0.40512096
0.33978480
0.39441721
0.19802477
0.14190769
0.09845131
0.41856268
0.54351717
0.27165121
0.26867905
0.40091599
0.41820029
0.10058060
0.15538533
0.31796281
0.41552755
0.20256829
0.24187277
0.37270308
0.30104421
0.38731835
0.20450558
0.16671145
0.33017039
0.17311200
0.12827073
0.20764615
0.27106552
0.15749708
0.32184867
0.34122623
0.26590140
0.23252321
0.21074484
0.42705607
0.43231695
0.40506202
0.29523494
0.39597466
0.32872697
0.24182100
0.27808215
0.17175671
0.21599422
0.21535430
0.12255525
0.36354944
0.40241154
0.41425910
0.23113255
0.29026796
0.38574151
0.13199504
0.14096052
0.25762023
0.30343276
0.34515020
0.15187371
0.36864414
0.22868196
0.20192577
0.23162960
0.48556504
0.29762902
0.26674619
0.23902400
0.10952544
0.27501771
0.21375927
0.20658103
0.37049389
0.39877911
0.38182258
0.27745517
0.45750697
0.36868702
0.34119527
0.21479202
0.38010819
0.20058899
0.29877136
0.34039753
0.23868057
0.30547083
0.16274315
0.53117314
0.45912406
0.24880971
0.29753210
0.38669878
0.26810657
0.22196644
0.09243133
0.43478385
0.41457534
0.09601648
0.25143257
0.27309698
0.34557408
0.12087200
0.21606806
0.11805602
0.16986802
0.26935819
0.42988667
0.33040696
0.35428793
0.07249466
0.19557675
0.32754568
0.20585487
0.14918416
0.18300964
0.18647851
0.22217363
0.26087539
0.24466542
0.37027080
0.24888939
0.32535536
0.27140896
0.25869224
0.13814044
0.23051293
0.29914804
0.23823385
0.14284881
0.35642909
0.13060329
0.24083971
0.23687199
0.41404241
0.21334976
0.38813282
0.46005639
0.42960346
0.35947129
0.41622852
0.29163077
0.39382488
0.49538870
0.23783651
0.27564911
0.08897958
0.26355219
0.21099165
0.16449022
0.24610096
0.36786218
0.37047265
0.42761264
0.17154581
0.12972908
0.24609462
0.43021489
0.29950607
0.31152954
0.40087931
0.12300657
0.27159488
0.26825917
0.29543588
0.36711733
0.46308660
0.38401617
0.29397239
0.40276651
0.21675863
0.34513712
0.26950805
0.41383191
0.43598346
0.11876297
0.22156177
0.39919007
0.16756809
0.20870040
0.18323399
0.29502846
0.21461316
0.23744588
0.33368858
0.33289604
0.45017544
0.10196618
0.30821434
0.40954781
0.17113253
0.34261688
0.45574777
0.45827923
0.33056179
0.25406423
0.44146724
0.43932624
0.48161037
0.16600961
0.28341115
0.20886494
0.51286504
0.33977095
0.35141187
0.22489750
0.26881104
0.26855269
0.41895365
0.28903046
0.12033028
0.28179572
0.54521140
0.31907895
0.38555305
0.28927567
0.19159858
0.19766276
0.41618310
0.22783697
0.24443359
0.43416506
0.33116882
0.18521564
0.16795542
0.38519683
0.17964239
0.22851939
0.46199726
0.19353864
0.44260814
0.10638764
0.22699425
0.27149160
0.16529027
0.42767228
0.43758622
0.21676013
0.36107645
0.47631305
0.27276363
0.18511178
0.22906752
0.29933120
0.31839799
0.43631109
0.15549505
0.38145895
0.13112880
0.30589790
0.47720218
0.13008739
0.19814744
0.38447011
0.20596524
0.14187270
0.12603865
0.18586067
0.27702040
0.52976294
0.41980964
0.08205924
0.45378278
0.39299063
0.38719024
0.13321893
0.37004606
0.40118447
0.39468544
0.31540571
0.20779051
0.28905559
0.23502146
0.31567072
0.33173309
0.35890499
0.11277797
0.18986971
0.31197319
0.32419443
0.12956828
0.18636196
0.32473002
0.22064348
0.34520171
0.23753497
0.13731989
0.13272116
0.45177038
0.34229313
0.14421487
0.24151922
0.29426948
0.33773269
0.14311697
0.37926966
0.10679644
0.24513178
0.15166368
0.35095746
0.13395857
0.55551884
0.14583419
0.42106205
0.35897295
0.21157349
0.42974088
0.43250535
0.16480308
0.28067178
0.12541417
0.24757663
0.23679856
0.22682458
0.36849024
0.19718029
0.44904304
0.35899495
0.12878577
0.29490619
0.35562117
0.19146631
0.13789116
0.25838159
0.22254775
0.25594793
0.20771741
0.16778041
0.19652775
0.33918982
0.17227644
0.37311225
0.28693585
0.30692811
0.09491065
0.41137499
0.35397568
0.19555607
0.27772692
0.25680565
0.43768720
0.26362722
0.34554072
0.44714839
0.29512579
0.16392101
0.23127834
0.37690792
0.46237167
0.24174650
0.22286875
0.41050541
0.27282656
0.21500715
0.14386081
0.31908519
0.15231138
0.10513076
0.32000347
0.28778877
0.24916990
0.15410005
0.30862811
0.20877994
0.24940685
0.15662510
0.28918782
0.33554458
0.27217472
0.27170004
0.41949275
0.27222697
0.19312438
0.45854490
0.31309702
0.27213289
0.41615593
0.32413378
0.35522264
0.08590152
0.38244383
0.29587030
0.36797548
0.16855753
0.30355368
0.18494900
0.16197069
0.35927021
0.20235523
0.47133560
0.37292246
0.29894979
0.17564115
0.16840409
0.18566511
0.22754733
0.29990993
0.38815499
0.14855141
0.20305358
0.08958830
0.43022180
0.22493785
0.37803280
0.39189508
0.18480160
0.13572206
0.28615366
0.18766132
0.38454893
0.21208741
0.22691917
0.36182273
0.31958182
0.09860197
0.19332569
0.41135729
0.37038425
0.12628358
0.13050309
0.21693945
0.32555884
0.44870798
0.31391167
0.16042760
0.40808959
0.24411504
0.14899940
0.15047171
0.18529977
0.42008189
0.32648893
0.26442326
0.40809988
0.13241998
0.23397783
0.16977968
0.21212398
0.38075441
0.28664430
0.33677524
0.12134351
0.12191508
0.38053177
0.15084409
0.46541116
0.47553193
0.24878059
0.25521515
0.40273374
0.38046784
0.20386214
0.16419437
0.16117006
0.30527773
0.49172730
0.17790823
0.35252087
0.28918158
0.12735185
0.30740853
0.11150595
0.22174194
0.20845322
0.46149571
0.18842026
0.15267161
0.39301648
0.39730867
0.20143004
0.35991831
0.12901530
0.41498141
0.24399861
0.16042279
0.17082472
0.29450964
0.23724438
0.27744886
0.36273453
0.13704001
0.17835674
0.25167364
0.27713924
0.20293997
0.35129597
0.41931493
0.29534051
0.16442815
0.20885225
0.43978429
0.12302192
0.18532998
0.14593550
0.33877553
0.17773196
0.40344313
0.36981137
0.15433722
0.40662021
0.12774510
0.37107246
0.33757709
0.29441042
0.36343695
0.05812241
0.34738827
0.20028348
0.32453036
0.17039973
0.11092017
0.31374536
0.45082842
0.23307638
0.24131582
0.14881791
0.38648397
0.33630311
0.31239265
0.22417682
0.37997364
0.37721891
0.42219512
0.32323218
0.30969768
0.50472936
0.30034291
0.34247944
0.32796537
0.26771897
0.25125271
0.22470205
0.35705770
0.10196229
0.36528068
0.19190418
0.24759027
0.36756265
0.38951570
0.46216576
0.18530238
0.37489047
0.19225340
0.43162631
0.19446992
0.39982803
0.30466746
0.29495725
0.34967730
0.28609815
0.21342654
0.27691459
0.31489124
0.41475860
0.20794920
0.39276725
0.17837155
0.25554336
0.16894392
0.25904290
0.25087952
0.22824459
0.49742861
0.26985146
0.38312966
0.39536461
0.47988072
0.24743392
0.35991364
0.11988208
0.35809014
0.38490772
0.37556611
0.23422161
0.16248800
0.19342470
0.48237582
0.10632176
0.17357036
0.32335232
0.25435239
0.25454406
0.22469334
0.17691911
0.17054261
0.38680748
0.36813041
0.30422863
0.15138929
0.20589790
0.20445225
0.18022977
0.12157029
0.37471491
0.16269000
0.56038292
0.36145304
0.25906815
0.32682341
0.36447787
0.17901575
0.20371999
0.31954134
0.25496850
0.36692767
0.17696905
0.22095369
0.13098056
0.36737859
0.16651751
0.08335056
0.26300548
0.31060544
0.21582874
0.17583214
0.41191519
0.26598100
0.41089565
0.22472051
0.32941269
0.44149439
0.11761462
0.07630009
0.16126935
0.36149918
0.49683742
0.13729901
0.50764403
0.12025156
0.25602257
0.44652188
0.22025225
0.36280337
0.17325887
0.24495539
0.32581801
0.13862717
0.25597808
0.11282793
0.42744551
0.23608469
0.23170260
0.20483586
0.30265397
0.30431088
0.39132602
0.32347020
0.29270815
0.27694365
0.12140910
0.20567108
0.16860072
0.15925056
0.10005799
0.22336361
0.52352861
0.27349257
0.44924811
0.46261962
0.30698065
0.36975304
0.38347926
0.34245280
0.09468808
0.11329623
0.12074684
0.41391703
0.28407909
0.48051415
0.36945924
0.29066370
0.38858955
0.32658737
0.26374425
0.40523517
0.32576613
0.15818688
0.25839963
0.36289024
0.12012716
0.33327005
0.45340447
0.28620268
0.28412030
0.32045215
0.32677121
0.26717779
0.18730788
0.32919512
0.42073283
0.44576307
0.38077569
0.17466607
0.24724528
0.34340468
0.19155781
0.26774502
0.19264177
0.30075117
0.26726051
0.22311319
0.32176537
0.37362657
0.28927230
0.38030008
0.10350699
0.36328794
0.20721076
0.21910084
0.10685728
0.20428796
0.26590762
0.30438602
0.13939603
0.34728186
0.11978334
0.05190943
0.16721286
0.11102345
0.30770288
0.31671405
0.17755607
0.19966918
0.42878562
0.33275807
0.38210697
0.23387367
0.51923448
0.18277158
0.32501475
0.26022321
0.33354461
0.21856791
0.21298840
0.15292286
0.28378969
0.47422582
0.39713836
0.25256905
0.19054796
0.41679847
0.42751639
0.42892131
0.37793607
0.23848892
0.14958745
0.38913634
0.18471505
0.44585612
0.23165580
0.18982597
0.33355380
0.21459375
0.22834337
0.21535852
0.42658877
0.17564868
0.27330313
0.25070652
0.41560619
0.53026868
0.17492232
0.39969591
0.39957153
0.10810198
0.24532167
0.23859481
0.26456317
0.32051708
0.29586251
0.14361718
0.43559986
0.40456836
0.32808006
0.10433740
0.26174019
0.34253024
0.19407011
0.18940544
0.17953774
0.22320127
0.29238933
0.17500710
0.38236411
0.26716211
0.28949872
0.19376443
0.28204116
0.24657951
0.40334864
0.40037458
0.34436480
0.16479246
0.20232262
0.19715557
0.49291113
0.29799017
0.13313712
0.39141086
0.18703413
0.19588916
0.31387028
0.31506373
0.28088437
0.07671409
0.08895838
0.26359718
0.17201277
0.21543004
0.28327240
0.36188226
0.14238103
0.30127146
0.28495913
0.34766418
0.49542697
0.32751150
0.10382327
0.33164971
0.26146390
0.26952228
0.15378066
0.23810722
0.38419612
0.48568166
0.31937018
0.13401091
0.24441541
0.31050842
0.31939954
0.32785268
0.19990769
0.16932527
0.17822502
0.35884630
0.21663780
0.20964950
0.27001164
0.29856881
0.09117722
0.25947197
0.26154379
0.34169548
0.39822455
0.29271979
0.23262302
0.39886747
0.20259069
0.23682623
0.39710514
0.38226855
0.34172212
0.16982189
0.37673349
0.36730954
0.16383674
0.22073691
0.42833056
0.45947494
0.15848507
0.41276523
0.20788472
0.38367288
0.35522444
0.21891590
0.14647732
0.31326465
0.38912215
0.36727826
0.24275133
0.40441002
0.52546359
0.19548431
0.22590647
0.35419617
0.37421085
0.23524048
0.32762701
0.16409711
0.23832158
0.41648466
0.31568526
0.33356499
0.18548593
0.32729076
0.35087264
0.22698044
0.31041547
0.31216812
0.22300498
0.26496546
0.46611143
0.36913358
0.13301292
0.39391731
0.27741627
0.29051747
0.37818131
0.24896045
0.13676455
0.40070558
0.12567084
0.25676046
0.32181875
0.25318483
0.38119591
0.26148224
0.49014516
0.28954393
0.29605470
0.45218092
0.36735129
0.22054870
0.36184517
0.14496431
0.27501640
0.17395357
0.28654571
0.15050919
0.33866051
0.36557031
0.55423419
0.14867139
0.29624998
0.24417504
0.16123581
0.10015711
0.42302847
0.17369897
0.26591307
0.12071432
0.17654085
0.29707548
0.38597235
0.16315838
0.42347009
0.40782568
0.33843233
0.37658105
0.47275374
0.18840172
0.15560119
0.27671822
0.47580029
0.37577260
0.15648009
0.39466243
0.30312944
0.38312987
0.38900141
0.42080681
0.30113847
0.17044936
0.26296364
0.14134066
0.20365257
0.33187959
0.29577154
0.09298434
0.17460626
0.14036397
0.20115868
0.40681582
0.19003122
0.23528643
0.26387602
0.33073669
0.48445386
0.13621006
0.20839453
0.24388170
0.22900778
0.31452525
0.31406835
0.17060767
0.44203762
0.29753703
0.31581591
0.15289045
0.32327832
0.08822797
0.20988781
0.22928337
0.26843395
0.37326603
0.15893149
0.21299232
0.21725416
0.23485710
0.23704046
0.35835670
0.15635460
0.22723113
0.14503321
0.20183921
0.22434962
0.35668344
0.23378263
0.42776987
0.23852346
0.23811797
0.14034697
0.52820200
0.46423335
0.36654633
0.27466273
0.30769840
0.11281877
0.32457375
0.20666383
0.39688712
0.20227914
0.22027783
0.13221870
0.18480329
0.25987175
0.23504488
0.16149681
0.40697429
0.22399574
0.10451240
0.46742254
0.49628680
0.17574630
0.38416048
0.19033823
0.21478931
0.16660358
0.17896038
0.09780166
0.15736067
0.20936955
0.33311469
0.45810207
0.19895017
0.21437726
0.27791862
0.33828628
0.34291143
0.45660466
0.18419186
0.21881427
0.17496203
0.36723826
0.36322807
0.37998314
0.18953962
0.50642457
0.26949984
0.24836841
0.40101714
0.32887315
0.28259534
0.49401600
0.44997886
0.32273314
0.22685225
0.20557151
0.40232427
0.12174321
0.30299732
0.37036469
0.30924038
0.23762923
0.39459297
0.21312352
0.14454472
0.15824693
0.39338665
0.49946098
0.26710109
0.26650796
0.18307072
0.12227861
0.44287990
0.30903261
0.40221785
0.14939324
0.43325322
0.23500065
0.25992782
0.09739568
0.42220132
0.30620304
0.21352275
0.44055518
0.38467708
0.21609078
0.24552777
0.29951051
0.17676617
0.16147691
0.26452476
0.35729886
0.14864639
0.16610107
0.22055978
0.31510813
0.41936522
0.16170577
0.16433425
0.15423269
0.22022319
0.22786218
0.22389137
0.46803447
0.10249127
0.37772990
0.17418074
0.34386175
0.29653309
0.10627532
0.22361631
0.30097721
0.30764985
0.14459794
0.37266932
0.26013746
0.22254771
0.24076540
0.24217788
0.30635252
0.36988775
0.33927369
0.12848740
0.20624074
0.21286149
0.18656636
0.14890828
0.16432885
0.38070168
0.35265772
0.39366308
0.32395658
0.14283924
0.12873822
0.11546112
0.31983844
0.30431275
0.25079375
0.42021158
0.12002761
0.16429937
0.21629684
0.23504518
0.14474208
0.36654294
0.22991238
0.18839863
0.18375617
0.31446315
0.14643294
0.23525795
0.28765331
0.50787018
0.24517441
0.20519027
0.45632434
0.48661458
0.46288013
0.13585551
0.27179359
0.31939225
0.35230753
0.12900494
0.12601606
0.09723388
0.19016906
0.16075891
0.17157062
0.32318764
0.26523230
0.23778276
0.15465223
0.39972009
0.24445709
0.18771955
0.35425095
0.46863525
0.12242195
0.33789748
0.33952774
0.18743236
0.47866354
0.22670182
0.33547604
0.28445484
0.15769584
0.31852597
0.26800094
0.13965005
0.28320343
0.32353089
0.29704031
0.38797993
0.15244005
0.37088350
0.24229915
0.26932944
0.27911076
0.17817178
0.28127476
0.12802573
0.31848889
0.13163013
0.37816024
0.36516537
0.51465149
0.43738333
0.19011185
0.25073419
0.17954802
0.15981718
0.23111634
0.23551403
0.27177370
0.33295296
0.36911776
0.36846235
0.09107431
0.16432411
0.35345469
0.22137587
0.30702775
0.16983938
0.20959530
0.39888333
0.14420474
0.20511203
0.14071692
0.43750691
0.22854176
0.38220313
0.39110170
0.51088083
0.46219232
0.13262939
0.40894012
0.32046050
0.31756935
0.23232257
0.20091325
0.25836131
0.41764159
0.41745801
0.19378548
0.29716599
0.15599856
0.13367153
0.17851108
0.51104533
0.22499218
0.24821876
0.22476634
0.27495814
0.26044195
0.19971928
0.22861440
0.18258810
0.34422154
0.38679059
0.11559523
0.23460809
0.33841435
0.24458507
0.12882560
0.40448138
0.16231608
0.20797128
0.36774660
0.16346525
0.14335871
0.29299206
0.16531344
0.32216620
0.29874640
0.21349733
0.43558753
0.36656850
0.16408187
0.34777271
0.12165150
0.26539986
0.27232399
0.28689558
0.26363104
0.25765758
0.30820438
0.29800308
0.14490866
0.36461459
0.36133656
0.36731683
0.36862967
0.23598906
0.33691302
0.20336077
0.38630165
0.26012551
0.18214314
0.21280416
0.18812884
0.49551905
0.28291529
0.17269400
0.47627444
0.19453383
0.15391524
0.14245206
0.09328656
0.28866866
0.23412886
0.12262626
0.12981844
0.41630492
0.32614129
0.41653033
0.22936259
0.17337480
0.37668247
0.44536622
0.16948158
0.13435836
0.16348471
0.14541620
0.19815920
0.18007218
0.43866181
0.09993308
0.28267163
0.17403784
0.52125517
0.12588553
0.15667569
0.41604855
0.31322020
0.38437335
0.16279859
0.33430726
0.18452592
0.43601105
0.16314168
0.30232279
0.20358859
0.21668964
0.15373256
0.38105821
0.36012308
0.36655729
0.32837707
0.48703958
0.21814303
0.40051415
0.14669515
0.38943627
0.08515306
0.26272480
0.47166448
0.41655046
0.36498851
0.28435237
0.43699863
0.24760753
0.37094513
0.12061383
0.15910292
0.14574455
0.34027416
0.21964662
0.18018364
0.18785272
0.18066268
0.09390945
0.18464773
0.21238069
0.14359455
0.35302399
0.19590420
0.37648646
0.23782677
0.41359786
0.28690813
0.47473843
0.15510296
0.29673578
0.44218095
0.08295030
0.40288003
0.11367946
0.29048894
0.10529996
0.29265380
0.29174310
0.42927614
0.43664533
0.32234112
0.28130979
0.16706047
0.21591672
0.24491535
0.31607078
0.34227757
0.30058401
0.24535488
0.40431351
0.34828601
0.23531059
0.34547643
0.31837784
0.43074173
0.43014774
0.31570367
0.15542606
0.31618527
0.35781543
0.14480956
0.22620332
0.30431735
0.27961142
0.23277625
0.14876535
0.32051183
0.08701730
0.33737447
0.32140662
0.41245606
0.14785079
0.16835043
0.24769717
0.16734860
0.13810615
0.22781513
0.22637016
0.19329253
0.31360915
0.45860857
0.45681573
0.27334791
0.35711856
0.26376697
0.32458030
0.16799198
0.12658244
0.37511427
0.33458885
0.38442797
0.09276328
0.30962547
0.48013549
0.26170184
0.27104879
0.34425058
0.33362070
0.14303952
0.28274621
0.25695512
0.30479441
0.23505317
0.15783867
0.37577269
0.23063422
0.14995920
0.21728144
0.30075290
0.16619333
0.20574610
0.16728405
0.16308499
0.35583823
0.36661798
0.27594439
0.23061409
0.16470766
0.23679386
0.24526954
0.52410819
0.54810619
0.19698172
0.18707890
0.23687895
0.35282024
0.26596835
0.18938542
0.23805312
0.27438706
0.31984737
0.27883988
0.14860992
0.42300442
0.42565097
0.36790544
0.24284854
0.20098917
0.37038512
0.33297836
0.25083293
0.16034695
0.50687566
0.22920328
0.29518599
0.29995052
0.17083725
0.10771699
0.23818516
0.16242495
0.33687422
0.35922962
0.42843593
0.40414637
0.25170551
0.31180475
0.37382414
0.33190480
0.20946050
0.33515614
0.36506742
0.36910497
0.23917408
0.23625051
0.35713552
0.18108776
0.14012017
0.23492939
0.20696845
0.13250240
0.38493221
0.27722608
0.16132384
0.10642101
0.18261612
0.27774718
0.25089110
0.41823468
0.19863203
0.41245004
0.23863369
0.25471939
0.43943012
0.14405049
0.12512359
0.26101086
0.12300856
0.14490340
0.19653177
0.26826133
0.26939872
0.43651314
0.46278444
0.20539230
0.18133549
0.22116428
0.23153753
0.25902981
0.40759972
0.31235471
0.10973264
0.18709494
0.31499810
0.19161242
0.21764309
0.19052194
0.24009309
0.26334462
0.24428901
0.28976308
0.19752656
0.32128545
0.15287809
0.16493634
0.44766895
0.26917946
0.22116333
0.09637169
0.35757431
0.34350069
0.38675790
0.45870609
0.19025702
0.21070383
0.27037331
0.14230598
0.21127792
0.44912128
0.45646558
0.27453735
0.19731692
0.31603277
0.16489780
0.22869505
0.11283272
0.24010655
0.15466061
0.14555210
0.39727049
0.26976885
0.25721374
0.21017710
0.27138688
0.20758083
0.34948814
0.32220890
0.41275257
0.46433472
0.27677582
0.49044655
0.31289408
0.22448661
0.28785290
0.43781201
0.28652478
0.16991514
0.35729817
0.36525190
0.15752940
0.29509134
0.56299221
0.29999202
0.37798583
0.38301377
0.24149010
0.26155804
0.37038066
0.16044118
0.32143140
0.26605511
0.23651581
0.54344245
0.18805415
0.36479907
0.18213376
0.28121059
0.26338520
0.29677701
0.47269109
0.45189730
0.17396885
0.17146405
0.11203090
0.30805096
0.30359625
0.22395924
0.16538266
0.45446705
0.55498986
0.26204229
0.18053196
0.20358022
0.13995720
0.13651732
0.21730831
0.44962550
0.24627222
0.13906361
0.16863894
0.38425807
0.23169714
0.43738460
0.28060453
0.15610525
0.18788662
0.35886709
0.31943108
0.39994917
0.43466025
0.19805197
0.31402476
0.11632455
0.17988279
0.18243696
0.22586771
0.18334595
0.29236009
0.21473419
0.30055057
0.35099279
0.22240940
0.24548759
0.27603033
0.42162001
0.12782748
0.37511449
0.11890062
0.21077807
0.38907922
0.41682649
0.31307704
0.41776219
0.29122372
0.23755097
0.26830838
0.27070242
0.12806696
0.32173699
0.24407371
0.40941447
0.42516022
0.33211612
0.27924089
0.16334029
0.21218549
0.15836288
0.43250206
0.35652707
0.16165452
0.17101471
0.26037230
0.27049169
0.23747647
0.20290695
0.31193115
0.19812872
0.36820028
0.12147454
0.16806952
0.13475532
0.52324232
0.38806930
0.16493965
0.19818923
0.26545751
0.11641696
0.23889804
0.46649017
0.34534898
0.17245009
0.29735283
0.16968177
0.24012690
0.37429253
0.25386909
0.31137017
0.39657322
0.33034884
0.30844430
0.22565105
0.24497122
0.17639757
0.29377872
0.31551070
0.20959067
0.37919831
0.41848904
0.35655286
0.17082164
0.23076541
0.24654811
0.22420922
0.22284227
0.18799109
0.36582410
0.44594342
0.16993034
0.33637470
0.15388800
0.40552076
0.16984489
0.49047461
0.28053472
0.39347823
0.09340706
0.20802069
0.19587285
0.33123866
0.28174301
0.32560581
0.12920090
0.11816865
0.23617866
0.27152446
0.13519423
0.45588833
0.38213294
0.35603437
0.13656250
0.24393571
0.20647832
0.26619211
0.36491328
0.21979167
0.19504619
0.27408941
0.28891186
0.27197107
0.27888843
0.10998562
0.11738873
0.29592344
0.33717930
0.33456902
0.46324229
0.48253551
0.17141149
0.15116962
0.17363455
0.37339133
0.24147935
0.55708146
0.25747892
0.26919522
0.14820606
0.24499333
0.42810230
0.26637183
0.34966951
0.12325906
0.37170579
0.15230943
0.44466624
0.25003558
0.31791294
0.55495725
0.22753797
0.13602617
0.34412836
0.28810226
0.31764034
0.30492772
0.17034488
0.34675830
0.24582109
0.54640718
0.37472476
0.34772231
0.23783594
0.15871459
0.14058430
0.14376115
0.50929990
0.17457376
0.32155186
0.16749387
0.28884239
0.17251702
0.24169711
0.12388124
0.25421791
0.35745440
0.34727748
0.18307011
0.30228514
0.25604982
0.43505050
0.34041428
0.19380806
0.46427431
0.16367919
0.16548913
0.42202858
0.09314206
0.27257501
0.20470162
0.25983259
0.45162795
0.34848298
0.45250752
0.18452329
0.37976518
0.22230245
0.33817639
0.17280058
0.22571424
0.33782037
0.51272902
0.41643878
0.10523315
0.21727537
0.40784917
0.43196160
0.26556248
0.35329698
0.27986717
0.38209031
0.08970202
0.25509744
0.14371580
0.23362738
0.36675021
0.37830485
0.13683378
0.14920963
0.35825012
0.22341677
0.12560854
0.19146209
0.13095275
0.49235818
0.28933394
0.27052711
0.43966972
0.45727172
0.21738480
0.30894323
0.31994286
0.12003562
0.20860332
0.22841110
0.32065380
0.11590174
0.13693101
0.38355405
0.36956143
0.10710019
0.26943441
0.50699420
0.39265758
0.23470532
0.18203050
0.31402589
0.39671038
0.37847340
0.33604532
0.16129977
0.28686538
0.32958696
0.17456905
0.17332480
0.27775809
0.21017724
0.15767561
0.27122148
0.16394337
0.37281458
0.31199914
0.22931183
0.31926478
0.33594792
0.31101878
0.21909182
0.29203956
0.31046038
0.44100262
0.38515184
0.09957251
0.11921112
0.20686739
0.35871556
0.47198447
0.40923519
0.15958971
0.26202962
0.18120966
0.23939646
0.34275663
0.38259865
0.54427783
0.27126594
0.33537941
0.11222549
0.34519818
0.19412086
0.39304979
0.24408723
0.28488606
0.21757448
0.41178681
0.31974829
0.20004811
0.26447062
0.42851757
0.14558297
0.15739040
0.14961199
0.45624817
0.29206433
0.42944085
0.38919647
0.20012938
0.27795474
0.23134629
0.13274807
0.41116389
0.07701780
0.27077905
0.32018690
0.48299781
0.52694293
0.42885906
0.43963568
0.16462039
0.12936417
0.16889075
0.46783567
0.16560035
0.37277520
0.16857151
0.20668078
0.35459297
0.35009441
0.10161727
0.46424963
0.22188546
0.25388023
0.38623517
0.43133675
0.31658901
0.19603393
0.15771667
0.20084530
0.14565541
0.44619670
0.20857153
0.34367569
0.27507437
0.29450334
0.34092632
0.37819397
0.26944328
0.40080297
0.18558459
0.08369485
0.32444350
0.14988627
0.15313486
0.16796507
0.36844274
0.30203081
0.28771076
0.19142792
0.17619098
0.22524243
0.31083703
0.21958061
0.54418317
0.32723439
0.19271704
0.29949867
0.13657209
0.22708266
0.41751085
0.19641493
0.24614392
0.46462607
0.34462395
0.20235569
0.32583611
0.34421563
0.31880046
0.25729649
0.24307604
0.50165637
0.34511540
0.23955343
0.21024953
0.44457322
0.37322224
0.39506783
0.26154693
0.16900301
0.16744389
0.39893316
0.14405262
0.33374640
0.41235252
0.41988152
0.22593166
0.39216780
0.53038613
0.14057160
0.21911908
0.12825689
0.46279755
0.14457065
0.19418666
0.20005973
0.09725570
0.54291065
0.25090251
0.17524538
0.19037226
0.37963167
0.37658123
0.20763400
0.13126231
0.25179939
0.33596416
0.42885608
0.38213223
0.14128448
0.17259964
0.12491441
0.40000042
0.18559713
0.29945034
0.37157407
0.31057862
0.16491950
0.39722989
0.37569475
0.14267400
0.31579053
0.22765355
0.35165985
0.15510098
0.40474961
0.32246770
0.33686503
0.32104072
0.40758517
0.29848027
0.16831534
0.27590280
0.32192346
0.38906446
0.17194991
0.13331527
0.30393035
0.37452932
0.39490504
0.32229151
0.24010746
0.15804690
0.28801000
0.27770662
0.50379850
0.18494037
0.46961579
0.20882860
0.26921476
0.17554484
0.14326866
0.25791173
0.18814324
0.12660299
0.17733667
0.26091338
0.41699752
0.17922794
0.28618466
0.19405998
0.36395823
0.12183733
0.43030330
0.38671107
0.41863054
0.50975931
0.39619421
0.34289750
0.30766772
0.57478954
0.42303678
0.48485828
0.39690199
0.20032429
0.33937949
0.25705331
0.20350243
0.41137944
0.13556741
0.22414099
0.16533638
0.43928652
0.24351115
0.25808548
0.41533855
0.49083612
0.44842414
0.14379616
0.15263700
0.33001204
0.42663126
0.11687347
0.10336938
0.26434615
0.29748940
0.21276407
0.32300197
0.39714406
0.18513270
0.55610937
0.30262514
0.13373888
0.41134636
0.13843533
0.27900250
0.20964279
0.25384463
0.41864693
0.18812738
0.12608001
0.15532192
0.44899663
0.16808358
0.21408728
0.27773000
0.47378474
0.18309522
0.19994768
0.34894257
0.27002860
0.19360659
0.28045472
0.11960709
0.23576011
0.28629103
0.13855335
0.23311707
0.33611672
0.18452001
0.14505902
0.31376482
0.32369882
0.26221708
0.36485982
0.31898077
0.19302966
0.18546465
0.47471570
0.41859194
0.29993669
0.34079031
0.43921597
0.29062388
0.18858859
0.13147193
0.24575954
0.50262407
0.21831057
0.25139797
0.24514020
0.12623814
0.33027571
0.34791256
0.12333089
0.34044508
0.29580599
0.19454549
0.25758771
0.13604035
0.11913399
0.24326202
0.15646116
0.17372845
0.14344350
0.24479066
0.12708349
0.39552702
0.17156127
0.46090540
0.41151780
0.25574587
0.12767531
0.40909082
0.16253478
0.13561327
0.25181579
0.14867483
0.17656189
0.34715490
0.21708661
0.39689537
0.14953529
0.26176812
0.20878304
0.08443880
0.34244985
0.20536395
0.38692114
0.16138787
0.14993681
0.42922508
0.14542300
0.18337194
0.43081842
0.11607561
0.29291538
0.24524577
0.26568091
0.22266992
0.23072398
0.19785760
0.30361157
0.32980932
0.25456856
0.23531449
0.26637892
0.16117790
0.32396880
0.18632132
0.14804920
0.43616016
0.40128368
0.20302747
0.19233327
0.36451627
0.26168115
0.13649425
0.48270413
0.27392269
0.25458976
0.17447971
0.34053080
0.27643820
0.27737292
0.29023510
0.26393658
0.30335799
0.18555627
0.07091834
0.36417374
0.17094156
0.27513562
0.43956862
0.11784348
0.35670913
0.28335171
0.37453884
0.14634372
0.37590362
0.31915767
0.46542070
0.27050138
0.44488799
0.29145018
0.16777055
0.41801413
0.17023022
0.30058372
0.21112663
0.39172992
0.37576389
0.45611671
0.39577837
0.51599738
0.25976768
0.23954722
0.46601428
0.47308952
0.23075223
0.32183907
0.31955099
0.32676957
0.26180983
0.29047267
0.23846297
0.20473175
0.41409084
0.18964546
0.46915603
0.13461936
0.14867434
0.11028915
0.53659605
0.45830584
0.12918780
0.29456432
0.21440949
0.18013114
0.13944901
0.16549539
0.12093343
0.45591339
0.42083444
0.23520141
0.13648631
0.24770322
0.25389914
0.37545329
0.33319191
0.25205936
0.36187395
0.43448341
0.28981650
0.22126415
0.35001074
0.32703683
0.09639214
0.42221049
0.28208336
0.33389155
0.21463192
0.13545965
0.37855805
0.41475618
0.29732408
0.11587441
0.18089374
0.28826016
0.47949930
0.46357712
0.35250330
0.17249223
0.51641991
0.24263752
0.41114468
0.42085729
0.23484287
0.24523262
0.41749996
0.18469415
0.32808274
0.40956169
0.16361341
0.48469203
0.28645970
0.38081129
0.14301712
0.19275662
0.33158462
0.27853384
0.17240391
0.26490181
0.18354312
0.54793006
0.17657886
0.48946326
0.21504376
0.35910034
0.27276677
0.34072783
0.14598783
0.32317184
0.19296734
0.20037528
0.34406127
0.34318890
0.23241748
0.29934438
0.28397143
0.27102137
0.32304402
0.24028497
0.17097325
0.15728404
0.29368533
0.14906525
0.42235983
0.13605697
0.17999349
0.15020044
0.27738019
0.38209200
0.33548853
0.36689988
0.39111101
0.39400718
0.18331592
0.21566509
0.27807868
0.20391492
0.33688564
0.20914341
0.19319224
0.30450881
0.32912841
0.42521225
0.19855851
0.20690715
0.45029012
0.16682486
0.35172911
0.28182976
0.33557104
0.20626322
0.21902761
0.21419729
0.18643773
0.33770917
0.43587776
0.18911908
0.41815635
0.33774104
0.15697247
0.27484589
0.36115560
0.45544951
0.21580500
0.20166545
0.30209203
0.35090046
0.36120110
0.32614934
0.29036873
0.44272618
0.33006427
0.21868465
0.11383561
0.25015723
0.52778336
0.29881355
0.29184360
0.46582690
0.38769547
0.47274527
0.15835868
0.21728431
0.20645855
0.38159297
0.26474738
0.36008224
0.24889684
0.13696548
0.38386973
0.13840527
0.26943087
0.10684034
0.23069303
0.14226460
0.19366745
0.15696672
0.36899366
0.16141105
0.12275137
0.27463606
0.16387713
0.22400710
0.36193596
0.37004584
0.27715656
0.22471150
0.24474128
0.30458671
0.38491688
0.16302546
0.32776881
0.45727332
0.18041388
0.34064123
0.14568746
0.36314326
0.09421051
0.50117117
0.21902223
0.22967564
0.19737837
0.23718702
0.43722397
0.22593003
0.22459840
0.37851757
0.13929802
0.42616847
0.50142815
0.13292581
0.28374270
0.23009494
0.38966173
0.24078480
0.31642385
0.15589658
0.14926386
0.35066426
0.43589324
0.38914602
0.48550908
0.13871274
0.14153263
0.15019268
0.40245503
0.38520856
0.27594540
0.32355142
0.44523950
0.42758892
0.31932460
0.41714761
0.13309709
0.18548044
0.23386163
0.45497694
0.33525104
0.22057397
0.53478424
0.45359556
0.20206959
0.23885426
0.21230931
0.41624420
0.25871774
0.32076604
0.30851644
0.46139315
0.18285540
0.34369030
0.18559867
0.47172274
0.32323319
0.24793245
0.42523672
0.18638351
0.14993832
0.18307453
0.43136263
0.23347301
0.28583955
0.15034541
0.40138750
0.23138671
0.18692273
0.20809454
0.45342099
0.19746066
0.23376526
0.18247581
0.35281533
0.14263706
0.19034540
0.11405782
0.42597511
0.28460085
0.17781227
0.36491542
0.34027873
0.26292296
0.12590528
0.22296077
0.34553718
0.11787221
0.20680680
0.22385908
0.34353170
0.26012625
0.44781798
0.17262683
0.12360695
0.16308314
0.22684505
0.14503038
0.23483242
0.46360411
0.43464394
0.24530330
0.24154857
0.33692116
0.49513556
0.29582062
0.48419772
0.38852149
0.34562615
0.47492076
0.41675292
0.31130620
0.38869206
0.38135155
0.27405415
0.29486249
0.27125429
0.36927607
0.39326830
0.31898076
0.14953212
0.33386773
0.25869297
0.39109938
0.15613535
0.21412595
0.12765943
0.31174510
0.28033744
0.41813005
0.18007731
0.18341800
0.30383482
0.45798848
0.35040987
0.23735101
0.23633964
0.42123850
0.21862907
0.19269328
0.34550153
0.17832792
0.39375410
0.41521956
0.29464021
0.37798443
0.32302885
0.20628532
0.26295752
0.19969787
0.20011277
0.15679805
0.42998855
0.31040871
0.37358109
0.21597384
0.39110051
0.48446281
0.33687733
0.14680806
0.41111050
0.09437406
0.33923883
0.43331019
0.26994903
0.27799095
0.26797475
0.45860953
0.24729730
0.47674729
0.41072037
0.45412152
0.43651364
0.36787224
0.07237665
0.29943613
0.45372017
0.41216236
0.48385791
0.37626759
0.39014197
0.22842985
0.15397611
0.17993684
0.37153598
0.46897899
0.20449259
0.30743441
0.24243455
0.35982673
0.33296726
0.38036936
0.13029380
0.23534823
0.20526687
0.36770352
0.51225818
0.21015330
0.18167611
0.12845540
0.15848655
0.15033438
0.31751802
0.10438103
0.26402977
0.33151445
0.41242634
0.19931424
0.27659076
0.37775443
0.19384510
0.48000995
0.41430165
0.21511669
0.48452614
0.44056813
0.32011339
0.16849812
0.28784209
0.33545820
0.26777372
0.16840240
0.39384665
0.24447729
0.14489762
0.36048493
0.40353064
0.34395012
0.20416227
0.17942897
0.35122826
0.22209450
0.38066878
0.15172702
0.36918954
0.53775463
0.50026917
0.29907710
0.47695041
0.17709221
0.11417873
0.38583285
0.21819340
0.18895542
0.46161757
0.34284402
0.10329239
0.37302764
0.43390000
0.28477695
0.26806176
0.15598138
0.39034123
0.38594413
0.14363041
0.47343229
0.37690703
0.19811023
0.21016958
0.27964754
0.36857253
0.40763740
0.37994308
0.31880098
0.37277773
0.45237522
0.17592978
0.13235717
0.26980500
0.25695736
0.40268132
0.41899492
0.37768946
0.34304732
0.22138995
0.18087354
0.43104247
0.18010976
0.40480602
0.12347368
0.27882050
0.41032433
0.16450772
0.30700249
0.20654266
0.11025884
0.18667117
0.41781817
0.48415689
0.47168665
0.25803345
0.42423375
0.18177757
0.47019117
0.18889456
0.24339992
0.36291784
0.12001743
0.26178925
0.36964467
0.12277039
0.38647940
0.20447157
0.15250552
0.14339754
0.13817004
0.13160191
0.22620267
0.47855364
0.36041294
0.20228825
0.24365170
0.11500134
0.27048214
0.10228487
0.35568054
0.44270959
0.40361618
0.32899038
0.30103412
0.12788993
0.15410235
0.37297049
0.14562123
0.38834673
0.19615625
0.16890347
0.41264496
0.28848382
0.26611029
0.21402805
0.26360957
0.13725935
0.30853953
0.26715351
0.30294916
0.22354263
0.18273442
0.39217539
0.37820096
0.16533142
0.12281146
0.36118402
0.38077643
0.40093755
0.45108686
0.34967384
0.12613980
0.13390203
0.24301493
0.28208084
0.37005952
0.30034888
0.46125157
0.40338283
0.43550973
0.40433713
0.36604231
0.15964168
0.35937177
0.35216770
0.23403024
0.16959825
0.40284300
0.23367572
0.34454077
0.26866810
0.17371982
0.35056552
0.21749975
0.13545412
0.27957156
0.17439629
0.43722612
0.24184454
0.18455990
0.51800403
0.22007580
0.34396376
0.48123588
0.11276880
0.31738012
0.39122320
0.28225733
0.31144195
0.14881458
0.12670877
0.30705976
0.31453612
0.23985951
0.19767873
0.26608170
0.40860128
0.13313849
0.25043963
0.37732634
0.37594009
0.29242426
0.17775007
0.21404564
0.34722889
0.17073782
0.17068666
0.13915037
0.25750934
0.41642725
0.31325674
0.15178759
0.35582876
0.49246250
0.20431787
0.27824077
0.51722421
0.18136614
0.34123668
0.43761597
0.11854172
0.37181238
0.11618481
0.19409130
0.19505231
0.18442105
0.34590543
0.26765144
0.31704207
0.27565677
0.40394763
0.33748538
0.32786886
0.21971863
0.27121164
0.44630764
0.37510617
0.46968117
0.17435391
0.33983810
0.42953101
0.30453284
0.46231743
0.23472173
0.28031127
0.37653087
0.30337718
0.34252026
0.50147332
0.18381324
0.14327409
0.17428613
0.19205935
0.35291731
0.53347701
0.25952805
0.31465307
0.23277849
0.32788184
0.38619879
0.33212251
0.12540966
0.34881037
0.09355443
0.33818196
0.39978675
0.16199906
0.37720142
0.38860332
0.30933005
0.39148539
0.39041839
0.44488910
0.19797300
0.39353841
0.26422422
0.33230925
0.09927149
0.22220110
0.12933963
0.20462285
0.16188989
0.44949691
0.08795359
0.29808251
0.27143835
0.17156718
0.23721416
0.23280395
0.34995317
0.18460088
0.39246098
0.25980373
0.18561438
0.22294817
0.14426735
0.22887419
0.22193696
0.46915250
0.31558299
0.34246561
0.38619903
0.16002199
0.25271893
0.33546908
0.42697923
0.31228426
0.17756755
0.35000888
0.14629968
0.41765672
0.37722271
0.13893424
0.45355060
0.40381726
0.15307006
0.31111795
0.18569622
0.47028176
0.28645917
0.44436077
0.16211202
0.12630653
0.24096842
0.24974036
0.35371574
0.15545871
0.17765500
0.33994142
0.33778275
0.17831551
0.35336930
0.21610951
0.43282343
0.34784505
0.39248064
0.18421945
0.35325632
0.31722402
0.18821117
0.21742326
0.44442870
0.30258696
0.12113438
0.37649345
0.22941685
0.23094527
0.46557513
0.28128755
0.16941441
0.34957286
0.20451481
0.27055179
0.23806679
0.20026726
0.27080765
0.34447523
0.35788321
0.37588924
0.18120374
0.32937242
0.12088573
0.17171614
0.19720178
0.26168948
0.46652637
0.41082236
0.38307332
0.28596400
0.17200123
0.37503454
0.30822978
0.38850630
0.38433097
0.17346239
0.31646410
0.48176217
0.17859082
0.36764866
0.30901889
0.20548531
0.08832189
0.32208308
0.13865516
0.41613357
0.37167266
0.20869754
0.32179713
0.49345153
0.29498961
0.22667297
0.42705438
0.38288843
0.18937767
0.27339656
0.29531598
0.47072406
0.45022971
0.42443528
0.20084269
0.21772562
0.39866046
0.16314471
0.24704700
0.40913054
0.24720482
0.27021747
0.34162646
0.43011297
0.25143784
0.47825986
0.16223346
0.44792938
0.20977766
0.44899408
0.45613687
0.24207737
0.19362998
0.29077822
0.28880588
0.15385947
0.38989958
0.36538420
0.29154437
0.33933502
0.21170361
0.17769689
0.33213079
0.46430311
0.26106831
0.39696184
0.18650619
0.30993610
0.34121419
0.41358779
0.20750879
0.21010694
0.26168817
0.27171726
0.37833196
0.21224874
0.16547017
0.18026223
0.42099141
0.42676714
0.12179398
0.30003184
0.45049199
0.29634139
0.41527778
0.37625952
0.45577458
0.47694883
0.31616481
0.11093681
0.15030479
0.22435274
0.51741552
0.29566509
0.21528433
0.42305700
0.11891133
0.18999564
0.39395437
0.14567187
0.15934315
0.20829713
0.06863511
0.25799017
0.22922706
0.45219604
0.14770079
0.15891730
0.27515168
0.48700314
0.15296824
0.42818154
0.20479373
0.18882394
0.18049833
0.34008288
0.09693229
0.28753401
0.39788596
0.15826941
0.46710269
0.15075444
0.42744575
0.31763847
0.52390367
0.18466990
0.25051275
0.22496402
0.10070717
0.17162495
0.27479685
0.24416021
0.26395693
0.35000238
0.24118758
0.13514726
0.12489750
0.35820233
0.27244921
0.18490693
0.45767285
0.41413738
0.12282781
0.24246972
0.27697575
0.24686664
0.18750053
0.24704131
0.34541009
0.45849298
0.36459264
0.22546548
0.20827773
0.42977697
0.22075422
0.17541737
0.31189517
0.17374470
0.17758435
0.32165033
0.44805776
0.43973265
0.44421799
0.26140206
0.19571831
0.26233427
0.32860105
0.26607710
0.11528041
0.13602462
0.22088523
0.27199088
0.24999771
0.23899439
0.08110723
0.31600820
0.49121330
0.20326727
0.12391448
0.27881771
0.26650333
0.25845253
0.30200213
0.22818690
0.21174131
0.24001389
0.27239170
0.17215267
0.33847782
0.22324316
0.26335653
0.32813797
0.21797588
0.12560335
0.22404275
0.13874763
0.15936046
0.20784896
0.23874014
0.32338641
0.31239652
0.33289568
0.34806192
0.38565235
0.33502053
0.26314877
0.16184013
0.24702205
0.21523029
0.46830004
0.30735500
0.23505426
0.46796011
0.25279673
0.34936960
0.15714030
0.18792686
0.40304591
0.39394872
0.37954816
0.43522678
0.14576185
0.26616704
0.13256018
0.31899945
0.21715937
0.51951832
0.11150664
0.29159772
0.33481081
0.30800580
0.12995439
0.32597416
0.32965015
0.27211366
0.14098053
0.25212772
0.21715445
0.35953950
0.29376107
0.29819017
0.27490894
0.47831908
0.32350683
0.09054207
0.33873549
0.12273292
0.37235400
0.16012613
0.35085081
0.29010310
0.27496749
0.35121216
0.27002832
0.19843145
0.35790416
0.14922528
0.23063059
0.39414830
0.22196998
0.40322262
0.18583075
0.30718943
0.35002782
0.30557211
0.26865940
0.32635490
0.49073461
0.45100171
0.09838361
0.25073672
0.25385512
0.26089856
0.21695832
0.32231274
0.20034015
0.33227180
0.22453566
0.25030927
0.19345279
0.33983878
0.13027538
0.24100135
0.42861995
0.22316698
0.12078389
0.24318817
0.40224226
0.41084864
0.30295661
0.11418045
0.25474808
0.21105052
0.42169303
0.32667302
0.20297429
0.22979463
0.19944281
0.15729221
0.25337464
0.15266143
0.14716430
0.37802198
0.12421302
0.38228400
0.21757343
0.23805448
0.39979339
0.48469426
0.47978670
0.36412188
0.13794632
0.28951591
0.20710262
0.39676631
0.24029534
0.50678523
0.22308528
0.16771804
0.12664323
0.20496767
0.22198590
0.10519097
0.08579667
0.30282379
0.16056755
0.18335856
0.25540509
0.22684806
0.11108312
0.28073924
0.10235846
0.20997824
0.06744766
0.39254955
0.44817645
0.09278014
0.22393602
0.31061418
0.23294373
0.32766383
0.25308491
0.14930718
0.40670135
0.28319020
0.16176596
0.16055862
0.31255622
0.32021972
0.25825073
0.16414084
0.13985671
0.22723989
0.28008677
0.41754457
0.16890004
0.31894117
0.41331140
0.26797016
0.20540228
0.20235457
0.36959462
0.18781808
0.23156209
0.33775379
0.28509921
0.29108950
0.16711188
0.29595485
0.18218296
0.12939801
0.13983350
0.16041663
0.13078126
0.09581994
0.26745717
0.47389167
0.13333078
0.26025286
0.27222115
0.08870301
0.33275548
0.19229767
0.23198444
0.33747329
0.11222668
0.23144124
0.25001321
0.20354074
0.16919090
0.32909156
0.35805720
0.32547798
0.42780460
0.31432695
0.47235977
0.24289863
0.50946478
0.19666822
0.26345673
0.32277472
0.27391687
0.16650501
0.29037504
0.19295035
0.27121364
0.21648943
0.23030078
0.12895857
0.15583177
0.26606036
0.20510873
0.38846019
0.26555250
0.42414297
0.37537221
0.36198201
0.42669588
0.18929222
0.12078493
0.36754695
0.32316495
0.17927850
0.08923221
0.20471689
0.32340867
0.19333920
0.45738825
0.48806746
0.27234858
0.52934851
0.43162443
0.41660101
0.30536006
0.24434094
0.38382846
0.32554521
0.17402543
0.39825262
0.26612051
0.28723976
0.25092595
0.18017266
0.12021939
0.30077336
0.43062520
0.20281479
0.34484341
0.11697200
0.30597875
0.22043069
0.34464743
0.19519594
0.36053921
0.29055719
0.15763783
0.21951059
0.38356614
0.20623419
0.36511678
0.23277605
0.27418478
0.38399247
0.20396909
0.17029361
0.41597675
0.13157882
0.27032226
0.14852417
0.10554673
0.35175448
0.12076930
0.09817678
0.33099363
0.16707301
0.11739683
0.34765503
0.23250500
0.17677137
0.37392819
0.36474527
0.46416741
0.45365902
0.37142872
0.29053549
0.28764847
0.28248509
0.31872399
0.40306440
0.40353711
0.36197677
0.39901584
0.15359947
0.19590229
0.14103214
0.09081932
0.42743955
0.45158113
0.34465146
0.29994416
0.11910653
0.38661401
0.20490778
0.33321142
0.19726690
0.37690522
0.19297430
0.36087083
0.42342346
0.32403490
0.17964508
0.45231980
0.06582683
0.14988123
0.21670391
0.50189038
0.38540019
0.16281864
0.45250317
0.46975473
0.31120131
0.30453698
0.46224649
0.17811065
0.19560510
0.45189553
0.19507685
0.46448242
0.21658706
0.31886809
0.15426897
0.29807356
0.22219179
0.36111859
0.35808981
0.33970246
0.16722762
0.15965845
0.16466374
0.55044514
0.23120506
0.14044390
0.31378222
0.19626894
0.41249194
0.28853056
0.09700640
0.26062824
0.46328774
0.31586292
0.29621871
0.25814508
0.29117529
0.27207402
0.35311411
0.29111316
0.43198197
0.18965027
0.29851624
0.16351946
0.15862839
0.31521179
0.15093920
0.20324878
0.27962902
0.21306284
0.12522665
0.23778993
0.40361158
0.35113756
0.10510373
0.12853652
0.43437497
0.30630134
0.29984666
0.19675707
0.42508112
0.10266303
0.13655957
0.21461401
0.33041418
0.29362400
0.41840837
0.35069799
0.42623899
0.43502757
0.40515473
0.29702774
0.24636560
0.47740684
0.20718519
0.31432803
0.31078905
0.10632376
0.32206765
0.17767082
0.26533628
0.40631599
0.29278650
0.24415086
0.23762251
0.19087067
0.35073093
0.18622859
0.10742102
0.28620180
0.34427410
0.35922196
0.30848795
0.36637537
0.33280625
0.31331991
0.08085625
0.16467855
0.29034578
0.27746594
0.33396814
0.20502986
0.38938592
0.26509599
0.21293095
0.17645960
0.44785826
0.10619489
0.43639860
0.23497889
0.29042045
0.41581386
0.37113736
0.44083490
0.26923407
0.44984119
0.42258077
0.49590350
0.35090578
0.27771701
0.27392358
0.20610718
0.45831624
0.30453130
0.17781918
0.22583079
0.19304082
0.23007722
0.30991377
0.31758776
0.33468324
0.31162526
0.43282550
0.29501859
0.12737557
0.45509869
0.09857200
0.31526927
0.41120002
0.38119493
0.29423480
0.57925456
0.22294013
0.17993370
0.18582381
0.31588602
0.21352422
0.49040941
0.42075052
0.28300213
0.30423987
0.28732577
0.30436068
0.10123414
0.18985214
0.28778167
0.24502979
0.13588715
0.30576263
0.15403069
0.28733847
0.26012334
0.49285733
0.24383921
0.09631072
0.28243915
0.16613729
0.16564578
0.26011010
0.22723089
0.22298260
0.42170469
0.40733740
0.44258034
0.27314761
0.34016455
0.37946905
0.15620820
0.40447514
0.17176087
0.25388287
0.31018732
0.45908144
0.41466989
0.26512212
0.28598121
0.29001692
0.37100149
0.29784977
0.31583887
0.19552651
0.21493991
0.25999816
0.43869839
0.43616367
0.41607113
0.51779257
0.30954637
0.28371696
0.13462025
0.22299795
0.14484309
0.29112144
0.28351699
0.25358462
0.19370310
0.24483906
0.35250132
0.11960279
0.16605265
0.21896255
0.35338872
0.23750278
0.37759503
0.40734411
0.24263676
0.17199592
0.30336015
0.15150086
0.51037331
0.31673816
0.21251287
0.36069071
0.09327062
0.43409664
0.48653672
0.44033015
0.27455744
0.39123444
0.19118399
0.35849672
0.33594807
0.14649858
0.29176140
0.13712349
0.17531683
0.30488169
0.32953006
0.22210153
0.26123060
0.22866611
0.10751768
0.35425545
0.32387965
0.18702271
0.32198980
0.40350826
0.15289300
0.13321461
0.48270665
0.13586871
0.29150429
0.28536345
0.44855935
0.21636800
0.30362906
0.26333299
0.33119336
0.11302576
0.29788892
0.26732062
0.23239613
0.27572449
0.37883688
0.40983901
0.47696689
0.24625810
0.22150441
0.23235027
0.22396766
0.41494987
0.35299705
0.33771018
0.35021292
0.28206661
0.19156671
0.21450994
0.14935645
0.34911855
0.27246673
0.21224408
0.35942589
0.34642549
0.52882403
0.23673802
0.12659820
0.39731536
0.30541629
0.17692787
0.34300234
0.12955755
0.36149835
0.18082164
0.13430946
0.21457364
0.37068695
0.33108905
0.34963706
0.11198206
0.17093943
0.31500177
0.36253208
0.27444803
0.14417753
0.43420546
0.13215765
0.22923840
0.28655726
0.17677354
0.18062471
0.24161223
0.38506615
0.18450068
0.26300724
0.19833048
0.18584039
0.18431059
0.25723866
0.26309642
0.26145252
0.13749590
0.16611984
0.32720498
0.33056689
0.15822679
0.12880265
0.19638035
0.36504148
0.31843769
0.35427032
0.31174186
0.19601782
0.35288811
0.29796533
0.20170075
0.45914693
0.28630133
0.35125977
0.39612057
0.21886695
0.16143229
0.34152396
0.32251623
0.26624344
0.14906044
0.32879975
0.12154928
0.20097606
0.46068796
0.26349785
0.33124113
0.21518871
0.18928033
0.13746974
0.21080600
0.23621437
0.33226873
0.19126228
0.22366255
0.28260860
0.14154465
0.26937272
0.22076276
0.38944265
0.38424235
0.41721125
0.17450885
0.44997662
0.45928326
0.18687466
0.47430877
0.21742588
0.15124858
0.40740925
0.31145925
0.12173951
0.21792420
0.27003948
0.39431890
0.23172863
0.37722420
0.20309901
0.33626526
0.29990073
0.31452620
0.39581357
0.12286257
0.49582719
0.34500704
0.29388228
0.42127521
0.37238400
0.24413612
0.40511767
0.34660415
0.28673658
0.43954886
0.40021298
0.45755989
0.35386842
0.45461354
0.09676267
0.14655834
0.22708069
0.14025819
0.28661653
0.14010975
0.11863116
0.13896688
0.19528493
0.09880820
0.40376698
0.12103395
0.13866239
0.32647117
0.29885685
0.37852584
0.21128015
0.35364006
0.09625083
0.35879845
0.26609403
0.20930008
0.39881331
0.50161458
0.36366605
0.26418804
0.19865962
0.23576628
0.25628435
0.17100574
0.30254321
0.27109295
0.36396250
0.14426033
0.25576705
0.23586530
0.12923995
0.14966403
0.27356801
0.11142444
0.23218520
0.24411571
0.25487139
0.18296073
0.33380863
0.08604426
0.14853315
0.26072152
0.16220123
0.48104289
0.41788018
0.06623854
0.17272597
0.28147919
0.45013421
0.38464900
0.15607613
0.19881856
0.19615901
0.12781557
0.40115344
0.29560346
0.40255758
0.25384010
0.31061331
0.18016795
0.50381358
0.50172233
0.31966217
0.23920512
0.40543212
0.16836419
0.46201130
0.16805483
0.33231175
0.27178881
0.23597455
0.48080276
0.35534436
0.19146274
0.14372995
0.21713609
0.16421498
0.22061223
0.43134863
0.14286629
0.22330187
0.31336543
0.24759450
0.26171323
0.29782262
0.32329741
0.23364929
0.44707414
0.49070667
0.15949376
0.13079984
0.37793594
0.30465631
0.33840765
0.11311014
0.11316325
0.18088469
0.18801803
0.14966687
0.10300541
0.33083853
0.40655395
0.14343432
0.25318135
0.16867476
0.12114963
0.12379851
0.34663125
0.31160000
0.21936967
0.40741344
0.31099816
0.25428372
0.20954181
0.46116654
0.43814303
0.25273956
0.43574582
0.12650590
0.40214253
0.22435945
0.38307615
0.22394532
0.33426997
0.28674577
0.37354353
0.39112021
0.36003061
0.48751445
0.21271282
0.33989176
0.09635475
0.19592038
0.23056554
0.33129326
0.39994786
0.20999651
0.39555320
0.30362901
0.33059529
0.38318889
0.19592141
0.32377798
0.35860257
0.23238975
0.22922645
0.16334388
0.29477696
0.21886221
0.19555672
0.34074124
0.50580789
0.10126786
0.21885356
0.41229330
0.21629032
0.25608798
0.15839941
0.26215627
0.20506985
0.22699410
0.40139304
0.44132225
0.13209417
0.32241408
0.25952899
0.33739951
0.31662617
0.27622543
0.11058237
0.43537162
0.20862601
0.36563957
0.48727839
0.36449848
0.45954001
0.19995903
0.12247447
0.34402462
0.32465646
0.35661395
0.14890550
0.16766286
0.17074937
0.47552898
0.08820522
0.14395149
0.31337249
0.17068067
0.43231681
0.19391585
0.26485522
0.10280103
0.19084933
0.33613260
0.29391202
0.25474205
0.15096811
0.15021537
0.32317753
0.31876864
0.38047303
0.35369700
0.28849672
0.35289712
0.36403995
0.17530746
0.34831388
0.49935533
0.16092496
0.41929101
0.23136746
0.41160288
0.36697713
0.44283896
0.29143967
0.38341201
0.20504022
0.35972081
0.43797686
0.40531529
0.25613410
0.17025064
0.31523616
0.38995918
0.41114363
0.35675250
0.27799575
0.19159134
0.31057570
0.30155368
0.41344341
0.39293023
0.45906041
0.38936030
0.31428121
0.39815813
0.14922644
0.37532343
0.22960613
0.25574986
0.14068190
0.42389112
0.37783071
0.28182043
0.21327484
0.33440173
0.11050456
0.45077904
0.39965738
0.31665798
0.18755334
0.35330980
0.14222137
0.21808001
0.26546548
0.22932292
0.15509351
0.39741525
0.15069510
0.16873022
0.11493886
0.18058326
0.10711668
0.29197859
0.22498686
0.37000566
0.33752533
0.23414905
0.15219016
0.23031743
0.14120579
0.31496476
0.21156257
0.20953999
0.47506517
0.43552086
0.19561664
0.19891688
0.30075731
0.16993347
0.25346173
0.23678675
0.15771292
0.14761301
0.32479355
0.47938615
0.25812272
0.22023206
0.36480919
0.40391464
0.23285068
0.17993664
0.19027745
0.20508077
0.15429324
0.38050259
0.46411070
0.18699525
0.28334893
0.12183610
0.15393325
0.36593183
0.19635363
0.51680284
0.35940475
0.28210608
0.20034210
0.31807647
0.29114673
0.34721081
0.26323162
0.11764866
0.41510906
0.24290767
0.39223122
0.49041717
0.11880334
0.31832159
0.35211620
0.26323501
0.38104160
0.47655226
0.27915112
0.08208237
0.17424465
0.41360297
0.26742607
0.43494157
0.28793821
0.11998603
0.34733577
0.18311717
0.12970411
0.10025435
0.31607926
0.31372329
0.35004000
0.29430991
0.14202431
0.18374236
0.23191957
0.20420607
0.38173687
0.12587182
0.23469511
0.49985084
0.47343379
0.48137135
0.36017631
0.24957549
0.15008174
0.46104680
0.30147592
0.18748519
0.11644905
0.37463981
0.23724142
0.46683792
0.13068693
0.47059959
0.26781399
0.40855906
0.24747512
0.48600197
0.19786183
0.26504226
0.38976161
0.18939489
0.22446781
0.14135186
0.27325805
0.10313263
0.36689482
0.14755022
0.16546507
0.14757422
0.22082792
0.15706480
0.23498739
0.22597235
0.33112513
0.36064354
0.24764102
0.33576578
0.12532833
0.33727092
0.29212511
0.09336630
0.45367210
0.20161108
0.29535763
0.35958155
0.44819391
0.22077820
0.43912288
0.24283631
0.22079485
0.34965270
0.26688736
0.33021455
0.46750523
0.35545447
0.31151176
0.45111995
0.28274365
0.12588502
0.20387603
0.32129731
0.30472450
0.24162366
0.07370974
0.33922929
0.20217051
0.45262401
0.54077310
0.41309346
0.46956646
0.26962164
0.32047510
0.10496895
0.35638830
0.14335224
0.30066958
0.37908518
0.25093178
0.29605707
0.25178682
0.33388330
0.36249483
0.35605914
0.12781351
0.52305875
0.21412854
0.12386108
0.24584521
0.51084582
0.13031681
0.38929094
0.14792482
0.19101211
0.25455574
0.19439124
0.26078711
0.33964025
0.34583124
0.16457592
0.46762081
0.27353422
0.15388849
0.27281721
0.28647147
0.22207976
0.39025060
0.40536104
0.10830149
0.27955262
0.28857382
0.33363275
0.24592871
0.32535179
0.39849468
0.11134347
0.24496402
0.31749517
0.12777416
0.24784796
0.25259011
0.09906523
0.27165875
0.36002340
0.21105040
0.25557713
0.43650020
0.24917535
0.33066780
0.18092058
0.21064524
0.23788255
0.46125353
0.37953049
0.46535933
0.35136149
0.29792600
0.23485240
0.37352616
0.21908192
0.24261664
0.14309164
0.38613306
0.38126411
0.23722290
0.40848999
0.35508181
0.42445481
0.28636125
0.39780864
0.13259248
0.34167852
0.41626579
0.23834764
0.33611637
0.10393094
0.24078472
0.17564891
0.14445469
0.26230894
0.26200123
0.24575679
0.14494253
0.15538169
0.14438561
0.46783181
0.20413085
0.39133656
0.16962851
0.40358387
0.18984968
0.11967795
0.28376674
0.30789289
0.17219235
0.24290766
0.15229978
0.31487138
0.31816239
0.39505246
0.35744528
0.34651212
0.47003775
0.44390673
0.20699807
0.29864448
0.15655820
0.53200787
0.33438383
0.17638034
0.23469833
0.42674195
0.38432647
0.23570282
0.23998504
0.21786685
0.23109530
0.35239520
0.06134517
0.44678059
0.28197391
0.20287479
0.32157103
0.44012295
0.45695797
0.30916843
0.33559736
0.35350791
0.16363036
0.35173353
0.33214912
0.46076244
0.36617787
0.32865770
0.33591248
0.19561345
0.15593265
0.33807674
0.16575561
0.44548680
0.27104079
0.36170682
0.35066275
0.22994639
0.30364720
0.32912476
0.17364454
0.10436509
0.28472226
0.12898669
0.39614150
0.26158259
0.13599343
0.19289305
0.49947032
0.10651136
0.15434800
0.08626330
0.31672584
0.25831266
0.24726174
0.21770599
0.26909477
0.27148519
0.40061637
0.42261171
0.25708416
0.44635335
0.35181874
0.13242387
0.33793239
0.23781631
0.23081981
0.09858223
0.46213645
0.36231395
0.20864787
0.41668648
0.24336371
0.44510274
0.28670632
0.55402374
0.23136009
0.13973478
0.44040247
0.10880140
0.27444862
0.21517030
0.51351669
0.23257596
0.30291732
0.14359603
0.17981270
0.23839201
0.35244962
0.35279244
0.25531487
0.14729609
0.31973887
0.31856686
0.31403316
0.23288352
0.27087572
0.45575340
0.25366132
0.20228908
0.26947493
0.14997482
0.30176291
0.23140671
0.18876493
0.41226038
0.25113263
0.20486926
0.18062711
0.14532515
0.31498400
0.44489956
0.12011142
0.13942121
0.22582524
0.40446104
0.11279955
0.31915088
0.40487361
0.30487185
0.52202229
0.28980537
0.29482746
0.17225276
0.15215168
0.15862181
0.19086192
0.24829892
0.23383149
0.29294631
0.27396957
0.26952157
0.43480417
0.32747051
0.27325852
0.17765582
0.26930112
0.33066201
0.28656383
0.42837695
0.24861890
0.18345556
0.39381487
0.28530934
0.43390205
0.41027787
0.39133766
0.30760250
0.17487152
0.35993325
0.09303379
0.37607245
0.18202736
0.22565746
0.35058807
0.11993404
0.28515446
0.37219589
0.15056807
0.40762224
0.36756977
0.14874372
0.38007551
0.34471147
0.35449039
0.27365050
0.11750798
0.19530678
0.16493738
0.17397860
0.42933913
0.24893715
0.18693796
0.26613623
0.29225657
0.14547722
0.27772577
0.23109584
0.28326722
0.39119457
0.44956402
0.26486133
0.38255058
0.28323543
0.37703599
0.44454549
0.20141896
0.11009997
0.31301293
0.37878307
0.42310269
0.33939895
0.57088373
0.27247928
0.28293873
0.12171365
0.30650290
0.26082659
0.34578368
0.12549476
0.10354073
0.37869264
0.23970045
0.40326284
0.17138133
0.33221655
0.34675987
0.25185692
0.22223460
0.37603177
0.16218732
0.26272743
0.34110694
0.27001967
0.26688561
0.29354450
0.30715858
0.28600302
0.16394159
0.13921441
0.36621111
0.29412966
0.14583502
0.38545357
0.18668342
0.34809527
0.31564006
0.37850861
0.19212411
0.17268844
0.16997349
0.34975387
0.16267931
0.28951613
0.19355466
0.14928486
0.09420405
0.19969784
0.42063964
0.42071667
0.23430919
0.18967080
0.41093299
0.17626148
0.16770530
0.19406464
0.37183337
0.31697723
0.24223621
0.30108466
0.21427566
0.24520699
0.36533372
0.30694755
0.34273026
0.32249602
0.38763017
0.24167997
0.33172202
0.34213492
0.24350799
0.28907487
0.18090910
0.21336993
0.38510148
0.24001934
0.16985990
0.17447995
0.45108838
0.15177130
0.27476666
0.35073087
0.12525626
0.20583081
0.19449837
0.21068815
0.46148065
0.12887354
0.35134830
0.24349049
0.20772090
0.22343577
0.26166622
0.30561119
0.36196977
0.33232974
0.31353255
0.08349921
0.14838260
0.23133013
0.38154360
0.31227790
0.16211048
0.13567878
0.41848348
0.30798022
0.36066819
0.41715958
0.37748518
0.34173040
0.40836799
0.27820442
0.43661211
0.16078226
0.11989100
0.36204911
0.16983004
0.29020297
0.28270590
0.16347197
0.29661743
0.42122134
0.24645946
0.34103317
0.37030737
0.54556471
0.06847898
0.26362434
0.19212599
0.18877093
0.21805688
0.29862094
0.34419317
0.43111148
0.29642563
0.15895654
0.20894058
0.43707716
0.26540849
0.10863192
0.24151968
0.44982978
0.26171493
0.31824904
0.24793664
0.28111180
0.24877220
0.26292258
0.12628508
0.19329401
0.23226830
0.33854600
0.15009408
0.46349543
0.26999071
0.44103609
0.11361739
0.19129899
0.28854778
0.13124375
0.17515549
0.18165335
0.24943800
0.18941312
0.36524911
0.15830248
0.14552414
0.24649004
0.20228182
0.36385744
0.23910836
0.31847036
0.30222516
0.39818105
0.35570006
0.24394176
0.20801745
0.42071897
0.16332038
0.34615294
0.35102478
0.13965414
0.43534542
0.20137512
0.58129543
0.11252294
0.16570129
0.30326693
0.36228909
0.23493860
0.19574460
0.16404935
0.30598001
0.25254903
0.27338415
0.32654457
0.41383740
0.25536666
0.50683908
0.15672342
0.25220098
0.34413805
0.16411738
0.18027521
0.49912204
0.14411299
0.24058585
0.28340313
0.23438062
0.16695959
0.37106326
0.25372191
0.27673643
0.20768668
0.26852058
0.29812716
0.13753246
0.13226081
0.19271908
0.34728417
0.28052699
0.32294338
0.30026748
0.20231315
0.32424774
0.19875718
0.16384018
0.21812917
0.27098032
0.48284019
0.31386990
0.24398905
0.15757775
0.19461810
0.37117823
0.24756834
0.20661095
0.26485194
0.51482275
0.28006503
0.30149466
0.19203813
0.20052263
0.36358030
0.22993836
0.25838523
0.35099514
0.34891071
0.11645324
0.07600443
0.19789857
0.50681788
0.18692026
0.23198986
0.19326178
0.40911410
0.20802050
0.41656598
0.33056568
0.27918326
0.35148648
0.28923231
0.15152971
0.22566741
0.43215703
0.39240529
0.37332932
0.42774323
0.26927964
0.30262623
0.31518111
0.40184319
0.31257609
0.14529251
0.21103834
0.33111540
0.17098695
0.16574596
0.35562302
0.28393477
0.13614935
0.32170517
0.23663133
0.17297945
0.16240332
0.20275074
0.17165995
0.33591828
0.22049488
0.17242544
0.20514585
0.33483919
0.09929483
0.23111341
0.28547802
0.33169575
0.23151269
0.41504791
0.18164706
0.16766696
0.14528511
0.16977769
0.08645356
0.36030422
0.20815460
0.29635189
0.23147637
0.19818734
0.41742877
0.14394886
0.15624969
0.26440412
0.30136408
0.13903863
0.29193135
0.21902880
0.11403349
0.26197409
0.31743720
0.23475902
0.37340887
0.18794028
0.10998171
0.45303181
0.09904767
0.28064281
0.20677043
0.13338919
0.18845110
0.38913474
0.14976045
0.32411006
0.10913506
0.22945843
0.23828110
0.35400667
0.15125552
0.34414595
0.30338314
0.19271841
0.15307826
0.17039183
0.14020494
0.21095337
0.20290051
0.15518640
0.38169169
0.20750472
0.40744773
0.44657410
0.24578483
0.28919938
0.36754280
0.40881661
0.25137948
0.38550502
0.37495453
0.12759626
0.49061322
0.41157558
0.11662481
0.47105812
0.41984056
0.12838038
0.33055477
0.15137951
0.48114543
0.57650986
0.25459426
0.20872235
0.17935093
0.25014712
0.16769235
0.32417474
0.40803175
0.35914300
0.08755213
0.29008739
0.22674602
0.50388494
0.24411292
0.20853461
0.19114970
0.23554197
0.34522792
0.27431609
0.33694112
0.18365436
0.42839634
0.19745947
0.25897787
0.33131606
0.38272606
0.13152618
0.31980964
0.14059248
0.29498688
0.17173768
0.38309485
0.35351045
0.13000997
0.22156940
0.17015871
0.48914204
0.50971365
0.09857628
0.46074057
0.25768626
0.38190757
0.16274882
0.26695914
0.17516623
0.20513752
0.22878728
0.22334747
0.36294124
0.15308244
0.41158775
0.47254270
0.34596838
0.44720294
0.44905052
0.38959092
0.30884699
0.42507777
0.43402593
0.11380062
0.47387404
0.28333540
0.28896476
0.42610299
0.16661068
0.47378144
0.30867299
0.15935361
0.45418119
0.23671605
0.37194839
0.35311827
0.12532411
0.31083108
0.25317904
0.12004911
0.14215905
0.24564741
0.41232691
0.39922983
0.42467233
0.25627993
0.35446494
0.28558592
0.11062169
0.23301757
0.15236693
0.44513610
0.26090671
0.12661490
0.22152479
0.38446578
0.20443063
0.55702827
0.29751273
0.43417797
0.21659101
0.38029630
0.38305755
0.28973135
0.45388986
0.28247409
0.12399835
0.20656794
0.32097761
0.17405612
0.21507023
0.25702717
0.25585569
0.36642839
0.20434169
0.27969388
0.39932113
0.15843724
0.19217747
0.41208786
0.29608444
0.39223440
0.20666618
0.19669051
0.16445959
0.24180387
0.14782814
0.34443634
0.15846982
0.23517072
0.18078917
0.29443642
0.14725297
0.18380431
0.38359832
0.29166911
0.48767189
0.17621791
0.21086013
0.27896566
0.43622273
0.15122829
0.37463051
0.33518775
0.23418131
0.26340172
0.24615505
0.17997716
0.21445349
0.42978553
0.42198133
0.24656963
0.34929661
0.13362356
0.21330516
0.17149423
0.48211863
0.29120774
0.29203675
0.18862505
0.15241511
0.44505892
0.14426839
0.21731184
0.09150396
0.34297292
0.25347803
0.37414618
0.21457989
0.15856314
0.41863083
0.47822019
0.28287761
0.29597181
0.46949849
0.14792563
0.26587838
0.13087019
0.37324553
0.11711294
0.35086927
0.41316209
0.07601272
0.14904759
0.41437944
0.18928584
0.15639876
0.27639936
0.37770384
0.40505208
0.20790361
0.26106464
0.12006336
0.30071710
0.29994678
0.26155170
0.44780900
0.14680433
0.10348013
0.29690575
0.28176790
0.42233229
0.37711625
0.32547246
0.30148326
0.30342610
0.24385896
0.23043474
0.18452406
0.29099136
0.22924198
0.15466248
0.27675639
0.11059110
0.11204081
0.22529942
0.11355963
0.21322148
0.47748014
0.34508681
0.22442246
0.32969922
0.40818435
0.20376736
0.48804893
0.30615851
0.21682810
0.23059711
0.33816944
0.31650412
0.26725073
0.24503976
0.20309059
0.24884196
0.21933345
0.31486905
0.21594325
0.24621378
0.42624787
0.15671953
0.19045352
0.22945214
0.13666441
0.34262163
0.24118004
0.14421869
0.40989386
0.13088333
0.22835356
0.17292638
0.37434566
0.25543360
0.45100123
0.21279873
0.18008098
0.32044899
0.21321107
0.20926357
0.19112988
0.40068157
0.40876874
0.41568972
0.47908533
0.49821150
0.15687264
0.19824028
0.14558590
0.17759740
0.39528118
0.28132208
0.32894700
0.14814608
0.32222034
0.34297496
0.16765884
0.08496661
0.37647443
0.39975765
0.21009280
0.15955238
0.32261169
0.31184626
0.20905253
0.21484170
0.43631757
0.54576721
0.36662935
0.15097031
0.27285962
0.30083992
0.22956395
0.27867419
0.29000673
0.42187962
0.40872701
0.18407936
0.28545113
0.31075744
0.42366213
0.25202917
0.31046845
0.34603172
0.30579275
0.27970563
0.30030819
0.45567035
0.29566196
0.28281426
0.21662431
0.30184695
0.14970823
0.42713220
0.13328532
0.44427395
0.16720311
0.08052870
0.22241336
0.23454051
0.38856605
0.21490838
0.22582951
0.13093724
0.44504443
0.23728901
0.21041175
0.29467982
0.36616338
0.27035937
0.30724122
0.28326042
0.23489761
0.28193260
0.27443407
0.45017539
0.24065675
0.29836452
0.19269956
0.35436692
0.35576618
0.25930878
0.32968078
0.16818998
0.30818611
0.38197026
0.25625421
0.29298427
0.21387710
0.27525660
0.43416570
0.54318173
0.32276220
0.47396719
0.54924813
0.19223288
0.36419158
0.27366375
0.11831519
0.29477511
0.08523567
0.26648245
0.18871537
0.21395396
0.23950083
0.19562296
0.42544866
0.28411285
0.32468795
0.47963787
0.20743074
0.25789629
0.23594343
0.35579099
0.44771160
0.24519369
0.28320811
0.20942345
0.16904840
0.11891080
0.32507191
0.30920517
0.25595533
0.42456242
0.23361914
0.33613147
0.31524337
0.31140986
0.18210621
0.26386167
0.51292488
0.29327951
0.24633305
0.20878277
0.28079462
0.36625575
0.39759747
0.23270058
0.32119704
0.22015904
0.20558903
0.47416909
0.21756919
0.27849905
0.32830863
0.42177138
0.40177705
0.17992773
0.19864247
0.13208864
0.14563234
0.24836611
0.16671953
0.18036448
0.20802614
0.16880216
0.15543931
0.10939638
0.44246911
0.15104848
0.46268559
0.18662930
0.32642703
0.34787597
0.21663737
0.27965344
0.27698316
0.26835300
0.19113340
0.25258400
0.32752936
0.19367972
0.28243109
0.12502547
0.26921279
0.37322742
0.44081528
0.39855588
0.20604275
0.28853611
0.30093659
0.34461814
0.20732537
0.43130881
0.31320908
0.16577476
0.17395110
0.14724025
0.27688336
0.33571620
0.31192402
0.37120856
0.47140455
0.27452557
0.54262434
0.20095381
0.11139211
0.26737949
0.21875166
0.35471076
0.17458762
0.46124333
0.22621608
0.35962439
0.19665930
0.18332154
0.38922275
0.17108171
0.20914168
0.15018879
0.11228835
0.12359263
0.20029827
0.17393016
0.47447402
0.27290381
0.37457553
0.08908213
0.16495219
0.31590631
0.17756526
0.17863644
0.32919652
0.29759226
0.35795451
0.44846282
0.40968563
0.56003361
0.42500777
0.26037222
0.29963914
0.37529587
0.44761573
0.11878701
0.45875069
0.12440919
0.38713400
0.18133803
0.37164141
0.16223946
0.12939179
0.28194829
0.49451631
0.21958931
0.18243153
0.15916619
0.23340802
0.33778189
0.28912620
0.27541032
0.18935304
0.17874748
0.24894804
0.10446690
0.14522724
0.23351448
0.17808262
0.35142656
0.33959362
0.45219717
0.24105424
0.15070567
0.41158899
0.11735378
0.31622953
0.28230028
0.18814059
0.22247222
0.30079930
0.29882752
0.15038911
0.28996175
0.45896779
0.44689869
0.26428252
0.27428534
0.20185440
0.23259713
0.23557337
0.14214902
0.25144588
0.17941091
0.15215401
0.13203982
0.21145002
0.22227068
0.22544166
0.18277970
0.19306953
0.32108820
0.32774431
0.09179745
0.49601172
0.31845968
0.25777959
0.33508098
0.15386920
0.24574883
0.30443248
0.40722756
0.09148134
0.42876114
0.21359325
0.17869243
0.25738965
0.16716253
0.26668909
0.17331122
0.09774771
0.41154878
0.30696864
0.55080783
0.15149265
0.46289774
0.35470081
0.20778884
0.19644170
0.54716851
0.12308433
0.35375897
0.53189712
0.25494981
0.17668649
0.29927109
0.22429688
0.34414638
0.15014872
0.17218490
0.33126645
0.50183615
0.31046169
0.27463998
0.19862523
0.32666215
0.19389106
0.10881151
0.23798642
0.31099451
0.45650808
0.37315413
0.28183891
0.31601305
0.33935804
0.18282271
0.16132092
0.24899627
0.29533066
0.35521165
0.10812075
0.46679477
0.40391010
0.18089432
0.21229135
0.20509667
0.11823704
0.28105525
0.22074069
0.29606258
0.14341549
0.29128639
0.11982384
0.38459660
0.45205425
0.42540214
0.22428251
0.13125012
0.30985026
0.35849825
0.12123987
0.32508169
0.25065005
0.38616722
0.36203821
0.25054665
0.16178533
0.17926910
0.19589411
0.41119762
0.23890375
0.22051920
0.32778412
0.42287716
0.48934075
0.17749547
0.28329649
0.27690265
0.45875601
0.35014352
0.19248847
0.35695355
0.21122528
0.13040979
0.41676598
0.40420663
0.14872048
0.24661655
0.39780123
0.36055874
0.20886502
0.24439120
0.22313772
0.42629020
0.44222852
0.26428302
0.42835486
0.35592679
0.27356306
0.37642458
0.22644391
0.46010339
0.28335056
0.24466884
0.16894579
0.28947701
0.23545444
0.35304329
0.11283456
0.10171960
0.10634614
0.17075182
0.16280833
0.08925069
0.20628945
0.16458191
0.21128357
0.41315322
0.32416118
0.23599337
0.20243319
0.19117230
0.36218958
0.14295797
0.29262288
0.21462412
0.44778523
0.36127582
0.28325132
0.29654053
0.08915835
0.14550542
0.33725686
0.20102186
0.23957000
0.30596752
0.20218922
0.24516453
0.14009702
0.40269943
0.21230344
0.22914542
0.58210684
0.19745639
0.38790508
0.26075219
0.19940547
0.47448990
0.39714647
0.37676365
0.54542808
0.20113257
0.35196023
0.34908964
0.37799597
0.09953982
0.19646939
0.20451624
0.31182654
0.16816093
0.47455678
0.32436728
0.48688833
0.13491272
0.36990986
0.11908221
0.15202907
0.46117313
0.28280317
0.18316288
0.47157441
0.13625645
0.38379623
0.23348933
0.38889386
0.29685462
0.20398134
0.43827098
0.32525268
0.14605832
0.18291776
0.29710835
0.13091628
0.16436652
0.43113916
0.44543079
0.11233936
0.32123109
0.50452696
0.38630210
0.19260928
0.26875825
0.37110995
0.32302396
0.40715849
0.37294072
0.15625145
0.39480914
0.35403250
0.15361826
0.30334847
0.44952827
0.20522865
0.37611054
0.36243797
0.17573608
0.17104277
0.21540313
0.36188534
0.23557113
0.18495221
0.21522619
0.40997790
0.15071518
0.52318682
0.28200026
0.32862011
0.33306285
0.16916711
0.20817044
0.32794189
0.28367848
0.17991686
0.30989355
0.23723724
0.23360158
0.22745081
0.26506371
0.13930248
0.34064172
0.50852485
0.42774981
0.30133741
0.40128536
0.19259138
0.26687737
0.28800691
0.24655391
0.19137709
0.10350661
0.54500468
0.42433181
0.50115978
0.21403914
0.26188239
0.22789330
0.17297470
0.23247918
0.26580761
0.17243869
0.16037351
0.30218614
0.44802601
0.32385633
0.45930684
0.23391637
0.43510762
0.53652914
0.41436123
0.29174459
0.16417095
0.30141842
0.42504188
0.31143309
0.31637986
0.45687007
0.13440731
0.25861449
0.38685009
0.33954024
0.18010704
0.41839092
0.27940765
0.36483635
0.42443424
0.36179838
0.42785536
0.26436733
0.15899510
0.34372640
0.28636895
0.43634321
0.34341678
0.38691873
0.48217567
0.11173509
0.30592835
0.21756579
0.25274304
0.37930959
0.10614714
0.31036115
0.18829214
0.32113829
0.18903158
0.32609261
0.12214073
0.27230996
0.42516918
0.31352658
0.33276872
0.36668071
0.20783674
0.40872526
0.18560958
0.17349983
0.46372960
0.23126218
0.38984376
0.32026378
0.39962450
0.40748278
0.34968253
0.16279859
0.27622790
0.42871220
0.11269457
0.17687782
0.34125360
0.49357937
0.22435605
0.28031232
0.24492765
0.55532556
0.32723320
0.50277183
0.30669722
0.09337519
0.36427086
0.11996793
0.43579821
0.48048036
0.13505740
0.25537262
0.15500484
0.20463005
0.20736390
0.31263266
0.35211383
0.12860044
0.21177727
0.43849342
0.21207864
0.37297701
0.25832250
0.19552322
0.23533692
0.31776139
0.20548226
0.40236840
0.33251225
0.38024061
0.15835006
0.32737498
0.17167875
0.18566485
0.12824112
0.36225436
0.24622724
0.32389262
0.30713318
0.30484657
0.07642066
0.12304063
0.12161312
0.27588206
0.17005080
0.17677112
0.19880694
0.42232004
0.17197376
0.31075926
0.26123533
0.43454220
0.27156459
0.49688750
0.31564035
0.35424198
0.12685731
0.17912459
0.31302312
0.32419479
0.31729084
0.09678692
0.32028420
0.32456525
0.15718617
0.28640788
0.34484125
0.25384645
0.27783787
0.24248735
0.31515830
0.25665337
0.39511965
0.13107766
0.13860488
0.28945363
0.14564633
0.18540375
0.18074705
0.14360842
0.19919028
0.14118070
0.44892457
0.11354374
0.28062280
0.20211268
0.29759875
0.30738882
0.20026717
0.19128158
0.12825066
0.22018915
0.30054980
0.23529141
0.17077486
0.40719732
0.15882597
0.16167569
0.16081756
0.16448718
0.31041228
0.27661650
0.24847288
0.44755624
0.30647406
0.22744900
0.14433682
0.36736685
0.21202173
0.25327876
0.24307066
0.18429267
0.37871526
0.40447607
0.20749868
0.35703818
0.13898941
0.19456744
0.39373540
0.36822277
0.10880033
0.25665352
0.32886189
0.19487370
0.45501170
0.29899733
0.17719948
0.11312180
0.28344181
0.37280018
0.16510378
0.35255187
0.27798714
0.43916905
0.20362676
0.20059842
0.45975287
0.28796614
0.18634723
0.28681864
0.32136998
0.41037408
0.23200819
0.09541343
0.56115023
0.46955455
0.35065984
0.15116856
0.33412633
0.44520562
0.35917638
0.20434570
0.30198834
0.36680873
0.24654951
0.33271123
0.19524063
0.43015805
0.20221278
0.19582948
0.19251393
0.10478649
0.32166266
0.33115278
0.31048602
0.30776236
0.30087158
0.21519540
0.29055217
0.15484408
0.36626686
0.17273264
0.46130235
0.25297283
0.31259992
0.12622871
0.36897773
0.28893140
0.32353647
0.37013241
0.27651735
0.14913158
0.09950593
0.13639824
0.37325522
0.51473023
0.09924801
0.25753048
0.14154474
0.31978665
0.28935469
0.50227897
0.24232392
0.16225861
0.32843404
0.23481160
0.18476679
0.31865400
0.21003783
0.19137841
0.49672957
0.41831383
0.14467387
0.30352820
0.40600782
0.20130439
0.23314845
0.39267420
0.18170763
0.23035940
0.30494874
0.14485150
0.14477194
0.26692293
0.41688186
0.39401763
0.25953537
0.26741798
0.25857201
0.36028008
0.18892177
0.12758505
0.31692130
0.45243654
0.36297560
0.23112245
0.46725691
0.33767482
0.24534684
0.13724343
0.19029716
0.36470263
0.18638061
0.50666418
0.24727798
0.15084676
0.33805146
0.24370603
0.14665827
0.38147800
0.12525975
0.44247841
0.25830479
0.10842049
0.13305834
0.21866900
0.27430064
0.10892377
0.27803282
0.21753619
0.22354451
0.19202897
0.49989456
0.19535562
0.31142078
0.31054896
0.41967024
0.19351103
0.41245885
0.08939586
0.09888725
0.26732574
0.12439260
0.24145002
0.21729239
0.30809663
0.26756637
0.29425775
0.22980021
0.40642202
0.41291415
0.42348597
0.13794854
0.41006808
0.14179223
0.17355152
0.33976545
0.17656742
0.28296778
0.18740585
0.19607445
0.17134168
0.46845765
0.07943741
0.49609928
0.33597876
0.46587106
0.20311056
0.38531726
0.16324941
0.32512339
0.39076048
0.31715250
0.11617909
0.22862935
0.18041115
0.17675967
0.26433476
0.29158962
0.19414257
0.21512144
0.44698845
0.47313518
0.50129493
0.40215561
0.21873874
0.24383442
0.20823438
0.44343134
0.18655934
0.33610571
0.13245241
0.23843929
0.17536631
0.26553234
0.29026365
0.24451027
0.43254521
0.29765334
0.08651806
0.33090259
0.29921987
0.27507227
0.34587020
0.17546253
0.17389634
0.12188507
0.32560866
0.33521409
0.31602497
0.39441736
0.18816251
0.18626933
0.31333078
0.42300698
0.34809472
0.35428708
0.14250178
0.22939223
0.28407883
0.17259843
0.23609075
0.24787535
0.45463182
0.08986536
0.15600884
0.36211835
0.51319260
0.40401169
0.44668444
0.17813548
0.43134931
0.26167213
0.10543054
0.34191278
0.16264153
0.37459715
0.22686483
0.19109829
0.40741289
0.18412784
0.35847251
0.17942202
0.36224731
0.25968631
0.11584841
0.39521718
0.36716105
0.31213287
0.19331804
0.10364690
0.12020896
0.35873111
0.46997812
0.32591116
0.31837657
0.29201134
0.41242693
0.44326214
0.22437172
0.14503496
0.14362600
0.24856960
0.13349108
0.42875828
0.21406386
0.26343736
0.24365300
0.25678613
0.10972464
0.16451841
0.24066687
0.24259256
0.44932111
0.31095291
0.20951781
0.24002400
0.29559181
0.19497570
0.39397214
0.18339753
0.42219724
0.45324358
0.16241643
0.43725143
0.26132692
0.38488101
0.19218069
0.11716710
0.27874721
0.35637319
0.43871112
0.19637579
0.42637201
0.49591045
0.44796028
0.21055150
0.18229415
0.31203330
0.09775112
0.15378580
0.32413660
0.34568430
0.32883863
0.28893064
0.34420700
0.35905679
0.17784110
0.36373584
0.36161553
0.28107297
0.42379967
0.19719013
0.25507278
0.48644515
0.13419230
0.41310549
0.40733867
0.24044775
0.11595825
0.34037960
0.12161077
0.42861291
0.20355181
0.27378773
0.19902025
0.22273315
0.27334078
0.17142112
0.42532353
0.23252890
0.23656062
0.48142620
0.45430507
0.08916025
0.23116038
0.17162493
0.17941373
0.26428412
0.47744930
0.15549674
0.10361316
0.29035673
0.31920929
0.39409595
0.25978011
0.16806125
0.52908117
0.17306531
0.27627286
0.12276787
0.47741133
0.26392758
0.25649695
0.35705045
0.31871648
0.11743318
0.26873881
0.24284524
0.21453949
0.17578719
0.38022758
0.25592583
0.22492933
0.18360073
0.32106577
0.24182863
0.23984157
0.10376899
0.38533689
0.18933071
0.18898256
0.16038903
0.47111836
0.34071076
0.12479296
0.29672487
0.17701857
0.13651730
0.42834546
0.23328489
0.31452398
0.23186737
0.24407669
0.26052134
0.17401817
0.41027614
0.41019453
0.47060011
0.14129050
0.21049189
0.26087459
0.42061140
0.34868475
0.19433147
0.17693704
0.17528940
0.25891986
0.23993043
0.38730017
0.19922523
0.32522382
0.27984773
0.25655085
0.17656403
0.13016761
0.47434535
0.30504327
0.49369761
0.53251596
0.12399010
0.45130227
0.33867099
0.41035516
0.19005650
0.19227856
0.19415750
0.38791878
0.27948670
0.21804326
0.54634662
0.40866125
0.14877024
0.36869115
0.17072923
0.11135216
0.16126377
0.37176410
0.09829631
0.47731766
0.41316114
0.24973282
0.18844693
0.24371778
0.08506411
0.30309639
0.23612777
0.42589239
0.25280744
0.34985448
0.29037831
0.26501989
0.43701203
0.42684831
0.41229472
0.12901221
0.10057099
0.24233333
0.09593491
0.16545220
0.32686191
0.40004785
0.24898207
0.17704827
0.17799247
0.36985696
0.39637685
0.23410190
0.41580431
0.32711048
0.10479576
0.17959005
0.19437597
0.33663725
0.21011530
0.30441676
0.22464455
0.26862369
0.22299387
0.20619400
0.38418151
0.41258834
0.26873914
0.12983609
0.51185682
0.35033455
0.31041586
0.43834546
0.45905050
0.24682228
0.47532025
0.34594688
0.25031853
0.19344220
0.34519439
0.15801765
0.34251672
0.31654609
0.48487982
0.17594092
0.26673764
0.18434872
0.14263383
0.39386455
0.25937355
0.42916228
0.36193511
0.12354458
0.19785674
0.15484087
0.28842974
0.22493224
0.39554800
0.31867160
0.43041108
0.32745295
0.37221938
0.42625189
0.19153492
0.14929827
0.35384212
0.44350795
0.21721211
0.10638563
0.39136508
0.44662511
0.42467131
0.34142551
0.42535151
0.25469729
0.33929783
0.23219675
0.44265015
0.25646326
0.29294737
0.26422139
0.29328343
0.44491754
0.38905182
0.38015459
0.38892736
0.20828537
0.16287044
0.20576424
0.28566647
0.31042617
0.30627566
0.20971138
0.28639213
0.36937168
0.24631348
0.33307687
0.09227810
0.32899902
0.27586516
0.36544324
0.53685881
0.45050998
0.41760634
0.28979019
0.18292292
0.39044530
0.41990231
0.36904644
0.32722886
0.32550838
0.28603129
0.13996805
0.28730341
0.33083704
0.37086878
0.50122930
0.21377405
0.19033231
0.23580924
0.46565473
0.22124697
0.23736650
0.20895559
0.28586868
0.42281702
0.41287390
0.48092044
0.31607922
0.48524351
0.25292184
0.13315378
0.08774534
0.30747832
0.36158929
0.36804145
0.41626325
0.47843517
0.13879041
0.30732253
0.15578798
0.33197842
0.28139114
0.17525313
0.37972403
0.38913175
0.17288783
0.46187237
0.26143964
0.30165601
0.31517025
0.41837855
0.36303909
0.27772866
0.29336633
0.21490574
0.40300659
0.24232884
0.32151127
0.24781443
0.42293649
0.25443593
0.15143424
0.17564610
0.31070938
0.34920762
0.14241643
0.17889479
0.28196136
0.15745758
0.21024654
0.29712054
0.28859625
0.20170512
0.30112846
0.31900218
0.21054927
0.19491439
0.19765168
0.23998242
0.49419552
0.15719874
0.27419038
0.20130352
0.16267949
0.15133319
0.35599745
0.42294753
0.16772616
0.30213181
0.12556541
0.42617187
0.11175163
0.33784537
0.31744821
0.24618758
0.29796511
0.29909386
0.19296261
0.37461700
0.32830118
0.26096908
0.32251663
0.13097513
0.35257728
0.16942793
0.21638635
0.13258133
0.25174698
0.49527488
0.24020185
0.19038547
0.44595747
0.26932966
0.46307777
0.18437391
0.30889373
0.26133107
0.30012029
0.20671662
0.21343466
0.26793620
0.47010780
0.27590158
0.41353539
0.25437712
0.35674380
0.32274916
0.36061537
0.22365095
0.12403567
0.39527190
0.23500496
0.36351531
0.28247480
0.27086041
0.35026556
0.18633737
0.21599764
0.23079798
0.12275173
0.24531377
0.12015558
0.26983426
0.41341475
0.50219177
0.47251178
0.39335389
0.25555719
0.52210325
0.15928250
0.33724299
0.46986291
0.40593903
0.51766979
0.29808921
0.38845983
0.33853810
0.29834219
0.25669413
0.30710279
0.16331629
0.13330802
0.41145030
0.12323456
0.34674317
0.30228136
0.35907481
0.35246338
0.30524903
0.18894954
0.20563434
0.20038450
0.25142812
0.48316923
0.24738896
0.11948288
0.31955883
0.40219220
0.27499593
0.40462765
0.41736951
0.39073401
0.35902323
0.23151415
0.23974207
0.35056147
0.26780021
0.23050755
0.26532751
0.19372392
0.28562063
0.46056647
0.21980068
0.20740152
0.27250031
0.24950994
0.20697428
0.16911941
0.29017461
0.20308866
0.29718994
0.42312638
0.20863283
0.32983013
0.17591015
0.16904396
0.21233350
0.27062314
0.10089553
0.14782187
0.13498155
0.48396563
0.39524563
0.22905636
0.34142833
0.36862073
0.19244105
0.12627729
0.34184754
0.12090821
0.25452916
0.29750545
0.14533495
0.18722118
0.27092623
0.19470300
0.39707133
0.17726034
0.10241013
0.26693547
0.20364076
0.27269561
0.16778542
0.42380208
0.32608185
0.19315689
0.24244718
0.19051751
0.41120209
0.22186417
0.25766955
0.24793322
0.27797619
0.34854185
0.10413973
0.17094323
0.46151370
0.31773095
0.23543145
0.45188571
0.45352059
0.33324053
0.19123789
0.27156723
0.22207098
0.20643916
0.34784598
0.45360664
0.33425494
0.31634198
0.33099058
0.36745425
0.23707065
0.14937697
0.37584134
0.12421589
0.25643386
0.18855844
0.21634718
0.42299482
0.23357069
0.20426706
0.31576035
0.22406275
0.27477010
0.22837648
0.36223020
0.13865785
0.15366851
0.40240044
0.13194181
0.27745857
0.30485596
0.36987628
0.17616218
0.38955212
0.46641053
0.32060093
0.20220841
0.30355007
0.21542598
0.21608914
0.33372807
0.57535039
0.32521783
0.46425781
0.24106611
0.26018846
0.19251068
0.24489895
0.30765095
0.40685886
0.31224318
0.31178743
0.30226877
0.18354919
0.25465522
0.44278324
0.42344491
0.34200877
0.38436790
0.11044855
0.37378563
0.18907122
0.09019357
0.46312900
0.31314513
0.37926854
0.18286693
0.21538572
0.45896406
0.24123338
0.43982996
0.31315735
0.15320979
0.35917174
0.34794807
0.13257052
0.36467442
0.21908655
0.14608272
0.26946062
0.38807513
0.43618595
0.25855821
0.22362417
0.31757114
0.25725432
0.13402226
0.26976572
0.24983077
0.27326432
0.40919796
0.28499640
0.26775723
0.34892506
0.43018010
0.13305451
0.42788998
0.39783455
0.30035095
0.20392481
0.14387086
0.31688805
0.32161921
0.18889470
0.19104245
0.08373654
0.32216533
0.44789328
0.33305725
0.19204960
0.20237639
0.15307124
0.18805519
0.30563019
0.33201247
0.51743182
0.44742237
0.36766515
0.40162966
0.33555252
0.21222933
0.26930602
0.21529941
0.18791282
0.12954213
0.08793035
0.10979812
0.15830757
0.27628288
0.46711249
0.11639571
0.35944304
0.34568385
0.14678928
0.14450976
0.27822927
0.22191817
0.41663748
0.10643754
0.45980127
0.46206257
0.12604403
0.28567300
0.33845877
0.16750789
0.31969687
0.14334084
0.19035015
0.38729178
0.28402742
0.14700244
0.11212301
0.37140251
0.37390327
0.42032914
0.14024068
0.11792790
0.20197720
0.41851391
0.44245037
0.16812305
0.40968829
0.36314149
0.37012166
0.20373651
0.35249997
0.24015116
0.26220488
0.36344193
0.24692253
0.42284692
0.24684277
0.23098833
0.15725286
0.25958615
0.26455271
0.33173679
0.28763771
0.18403970
0.41345537
0.29628331
0.39810813
0.23025188
0.22439646
0.18959046
0.26920212
0.26508516
0.15606739
0.23855334
0.26620144
0.27468900
0.33658558
0.31320936
0.43022411
0.17843939
0.20219281
0.44263628
0.24118134
0.13978257
0.23492672
0.24100203
0.36704722
0.18916126
0.37097084
0.47062532
0.33521006
0.09805790
0.15707222
0.14580039
0.40610035
0.26504913
0.14866510
0.21331522
0.24213398
0.43907249
0.33514652
0.11534720
0.16973967
0.26956718
0.40906379
0.14512108
0.18119191
0.49288585
0.20921353
0.21384704
0.18142406
0.22643896
0.20334431
0.22706055
0.38663789
0.20544951
0.22016673
0.12788310
0.26659705
0.26623230
0.23703839
0.20878823
0.40620811
0.44397407
0.14746337
0.16977475
0.23068501
0.46407900
0.35288424
0.22533486
0.13613878
0.33029660
0.36259263
0.22096065
0.34877264
0.22145466
0.29427186
0.38644728
0.42019361
0.33614946
0.16020273
0.24452302
0.29453539
0.09383837
0.20801027
0.35350132
0.37241134
0.33704961
0.10667276
0.40481541
0.19883405
0.28095217
0.49227669
0.11349034
0.31258552
0.17445315
0.36283238
0.32862067
0.34036438
0.43261318
0.23858641
0.16294407
0.44982290
0.15179995
0.44302349
0.35628919
0.26923507
0.22029562
0.32861769
0.22891318
0.39696116
0.53335507
0.10031402
0.21648198
0.25805312
0.38904281
0.17734824
0.19182869
0.30696719
0.29787550
0.15093808
0.12107557
0.28701348
0.45544091
0.16529908
0.25361853
0.30424308
0.25908048
0.42820179
0.37334038
0.17283475
0.22974803
0.42399315
0.52355264
0.49430228
0.26287641
0.32287911
0.38752574
0.20055083
0.32302639
0.33324583
0.30317116
0.23519446
0.25219300
0.22018486
0.44508393
0.45067178
0.22197626
0.21608298
0.47030375
0.30024179
0.46756738
0.16450862
0.51426601
0.41661502
0.30044185
0.15080962
0.18584556
0.23315612
0.11490065
0.27142394
0.44060645
0.39410165
0.40901588
0.24312590
0.35771085
0.17792122
0.37831690
0.07407945
0.30761393
0.13479115
0.21329782
0.35132238
0.13053188
0.38132066
0.28142907
0.23053211
0.29951265
0.22672083
0.19829800
0.32654078
0.26216241
0.29858129
0.26673214
0.28695228
0.23044212
0.30099669
0.42642565
0.13853704
0.11021702
0.30050514
0.35278716
0.18771006
0.40786480
0.46683367
0.28460130
0.36541896
0.17157311
0.41339454
0.28196437
0.28324301
0.29316750
0.37256242
0.18265643
0.26199399
0.13353109
0.38793599
0.29511505
0.08426996
0.29358011
0.20367120
0.40187128
0.41192943
0.14049200
0.21676246
0.28177497
0.27803198
0.19175775
0.19247453
0.20289270
0.12876854
0.37811241
0.24662770
0.28225153
0.32942695
0.48604450
0.30617664
0.21492769
0.37867981
0.21207151
0.33226009
0.32286904
0.23682339
0.42373271
0.21398603
0.30805399
0.28082719
0.45580799
0.22946444
0.19302521
0.22375156
0.34693927
0.44337137
0.44260647
0.46575205
0.11545149
0.30706381
0.38827295
0.46826073
0.19260716
0.25405097
0.37029265
0.26222621
0.22910346
0.32013381
0.35111180
0.46647279
0.33614932
0.24557329
0.28825065
0.36715569
0.20225823
0.23626531
0.37105994
0.13333486
0.22767331
0.32461771
0.22611224
0.12327435
0.43676317
0.40925666
0.21285228
0.36599713
0.25326618
0.36319082
0.13395905
0.19423851
0.18322246
0.27939065
0.16261648
0.36599094
0.42703144
0.37185758
0.29105598
0.32161956
0.26327043
0.20136321
0.39092659
0.10005942
0.16520769
0.22211987
0.21394681
0.35217740
0.23212559
0.41305605
0.23948648
0.41236017
0.17423837
0.26706846
0.28999772
0.46941354
0.18941751
0.25617005
0.30448780
0.20860184
0.16623683
0.32562506
0.30260264
0.12767092
0.17052735
0.25469275
0.31365724
0.37171006
0.33295687
0.24662849
0.17353662
0.16319514
0.28352689
0.15205271
0.30604011
0.27519568
0.21379786
0.27949885
0.42942493
0.40964223
0.33356191
0.34881230
0.24148730
0.24497686
0.21241425
0.10534294
0.29233575
0.28384674
0.18420408
0.44166550
0.23511795
0.37347974
0.13528798
0.25167414
0.15599888
0.15563593
0.19794098
0.24788633
0.25629075
0.10609960
0.34763512
0.45431588
0.22775291
0.42211461
0.19782029
0.21332755
0.12772135
0.28043324
0.46239295
0.33196655
0.19877319
0.47515632
0.18917066
0.20350647
0.20486675
0.13020273
0.33953272
0.33651111
0.19434229
0.13967680
0.45145457
0.19357019
0.20928194
0.19804964
0.30299191
0.17735202
0.48769624
0.36049505
0.29933732
0.36392855
0.38721903
0.33554218
0.22053139
0.18512096
0.32198073
0.26370002
0.17658536
0.21874196
0.16703303
0.29633917
0.42765186
0.41339808
0.10941357
0.09831857
0.16318954
0.43842101
0.21787789
0.49829933
0.18325526
0.48383584
0.36877098
0.21151296
0.43619232
0.34175340
0.36399325
0.50092274
0.31793816
0.42716485
0.23350305
0.47109799
0.39558374
0.34496674
0.22505983
0.28584036
0.14112805
0.40669728
0.24529305
0.35693723
0.48445628
0.36656509
0.15354863
0.29648548
0.20470213
0.22813655
0.22184851
0.40198918
0.29379395
0.10808517
0.15102566
0.15101785
0.42831684
0.17965773
0.35502666
0.21314083
0.15854832
0.11311531
0.14994912
0.16722521
0.35989741
0.16509623
0.16683234
0.23686543
0.12359277
0.19748548
0.23699124
0.22119341
0.12636591
0.11398998
0.40003825
0.25042946
0.27925078
0.28673863
0.21796262
0.32160305
0.17298860
0.40216628
0.48388795
0.22954471
0.24044496
0.24217560
0.39107466
0.44192141
0.26276197
0.19484002
0.29505704
0.25527941
0.22670598
0.22286097
0.20217298
0.38141066
0.13640952
0.11137416
0.19509771
0.30039917
0.33776346
0.39306420
0.30027844
0.37695236
0.33585218
0.29135067
0.10245776
0.32017491
0.29120599
0.20565532
0.41188918
0.33238354
0.31340348
0.15763337
0.27683371
0.21257836
0.47148008
0.11546520
0.43464846
0.47061853
0.43815059
0.17605563
0.33284330
0.19324608
0.22977610
0.26713011
0.19601106
0.24369020
0.28398733
0.25491578
0.41613674
0.21833241
0.22267037
0.27370919
0.20403811
0.30447900
0.45315083
0.39199725
0.24051310
0.21195123
0.25814671
0.17352265
0.25760122
0.23736046
0.19302349
0.37768254
0.31866565
0.34056534
0.36577931
0.12000795
0.12300335
0.52652046
0.36334600
0.22407481
0.14879953
0.59457602
0.39418835
0.51292891
0.14038433
0.48401916
0.22807413
0.39076292
0.24884634
0.09298888
0.20609399
0.37650181
0.10847932
0.23959815
0.17628225
0.41819537
0.07727344
0.16872759
0.18322463
0.34424412
0.10136491
0.10300804
0.53072046
0.14503735
0.24946093
0.24638255
0.16601532
0.19691417
0.13956253
0.14947543
0.14590570
0.19933384
0.21346654
0.29224786
0.13567296
0.39951460
0.31789519
0.30032727
0.25680772
0.20356128
0.37561772
0.16269359
0.42639245
0.26905558
0.27368079
0.37348955
0.25159351
0.49555735
0.32459986
0.33176116
0.07989243
0.16932310
0.17227434
0.26973570
0.46783240
0.31145560
0.33416211
0.30764105
0.27100990
0.13536865
0.15388530
0.41363289
0.33997288
0.27319262
0.30470923
0.28300834
0.35574789
0.19419961
0.25365268
0.39615041
0.23994590
0.37474831
0.48423824
0.38216996
0.46624295
0.21826591
0.41419985
0.31441837
0.30897156
0.40442114
0.46759911
0.36118898
0.17216670
0.23645669
0.14554997
0.15979189
0.36503080
0.27687990
0.26120975
0.34267676
0.30069265
0.20981138
0.46908661
0.18317233
0.14526540
0.28270096
0.44144322
0.21565814
0.13032850
0.11659217
0.15292389
0.42388462
0.16911135
0.21044346
0.33749979
0.09296155
0.24952557
0.45698664
0.22159904
0.31378177
0.19554973
0.23463358
0.29689196
0.18515713
0.36455221
0.15104305
0.43334710
0.35526754
0.40678426
0.22390099
0.10777387
0.27873245
0.21135428
0.13142952
0.41113004
0.38720497
0.33005458
0.14456110
0.27052841
0.41952352
0.20787827
0.40096937
0.23510353
0.13665579
0.21515540
0.22715714
0.22681533
0.26401968
0.39818664
0.12406346
0.29532425
0.21210097
0.23401680
0.35829198
0.41337845
0.30409710
0.10686410
0.19173526
0.18103154
0.43199409
0.44464653
0.22441224
0.12120173
0.30976159
0.22077272
0.40382671
0.18006560
0.41935558
0.18787957
0.37131306
0.29947688
0.35043190
0.38965420
0.46059540
0.41128099
0.28284941
0.24598254
0.30175637
0.42300898
0.15808936
0.40196346
0.38556675
0.39703781
0.42810952
0.10617901
0.09807063
0.24389749
0.14226324
0.30716228
0.13823111
0.21887118
0.14952574
0.19011370
0.37395877
0.25031723
0.24245460
0.33734667
0.13184047
0.18336973
0.37035672
0.35539604
0.19038849
0.12490549
0.20815004
0.22067220
0.13576707
0.40340223
0.33019757
0.41270371
0.14529893
0.16951871
0.42420683
0.35842271
0.22219181
0.11998508
0.26504196
0.16726928
0.15352174
0.38395904
0.35722978
0.09488199
0.38662803
0.19400552
0.33489639
0.34167640
0.38433656
0.26531732
0.10130465
0.26408883
0.20759472
0.26645768
0.45671905
0.12651847
0.30254836
0.22751539
0.26512397
0.09742504
0.16249632
0.24392828
0.23194541
0.15583511
0.17794165
0.31699037
0.47488934
0.32033906
0.21012490
0.13076407
0.23923671
0.37691607
0.17324957
0.41382163
0.29763656
0.28588375
0.23076750
0.12784594
0.21144280
0.13605679
0.44027997
0.21135151
0.38565464
0.44535735
0.31870532
0.22776672
0.21577850
0.46927818
0.35694556
0.24211162
0.22127290
0.18875087
0.23249871
0.17062149
0.21643283
0.46054356
0.43895890
0.20848014
0.23970075
0.15300056
0.17484465
0.26397710
0.22053639
0.54387063
0.44951164
0.11355848
0.42721666
0.28558650
0.43217588
0.38255719
0.50591384
0.18938239
0.48093799
0.44586220
0.53581452
0.14658620
0.31716713
0.42804275
0.23135518
0.43194918
0.22742218
0.18370755
0.20410253
0.36311082
0.25603851
0.17060195
0.41909638
0.33003576
0.24721970
0.50392241
0.26961402
0.28541529
0.34166171
0.28149113
0.22624464
0.24071450
0.15949958
0.24321636
0.41607298
0.25889061
0.32960020
0.16484239
0.24738013
0.28780162
0.16287623
0.19112628
0.12347411
0.28070859
0.38899140
0.41401650
0.35784959
0.16442432
0.18803746
0.12419315
0.44651259
0.30319907
0.22654076
0.33985478
0.39445297
0.35504262
0.35025556
0.40503668
0.34124694
0.31011305
0.26663762
0.45827234
0.22468429
0.38340831
0.24748010
0.16555942
0.38224940
0.40663002
0.22487519
0.36055998
0.15476627
0.15424654
0.11080663
0.45335074
0.17627393
0.43181984
0.44702582
0.18114467
0.27962762
0.22208825
0.15724759
0.23521272
0.20939127
0.25748787
0.15229273
0.27809815
0.26045677
0.26935813
0.30618958
0.38511663
0.37981017
0.18966315
0.10583624
0.49609488
0.46212035
0.24329088
0.31875028
0.26201884
0.28203949
0.14664052
0.12783499
0.39614492
0.45907601
0.37762306
0.46274456
0.22806524
0.47440835
0.12412872
0.33526071
0.44521836
0.21378572
0.32991023
0.14205414
0.37284533
0.38326205
0.28309602
0.22995391
0.26018241
0.29246494
0.45323701
0.48393881
0.38675188
0.37087106
0.26126096
0.31359864
0.27152084
0.37771430
0.39078908
0.24120001
0.15016234
0.11182859
0.24632925
0.34410239
0.28535442
0.23076353
0.53120476
0.34802897
0.15640247
0.23061602
0.11907446
0.20954591
0.10847125
0.48141199
0.24957415
0.25602200
0.11717246
0.21804022
0.18813361
0.18608947
0.15945562
0.40335942
0.18018259
0.20538616
0.17618093
0.20935901
0.19282214
0.28936191
0.26056539
0.50754603
0.35432873
0.19014154
0.20655286
0.25419442
0.38741686
0.39183351
0.45769304
0.15121173
0.30514584
0.10675205
0.34071890
0.08373469
0.29338273
0.17201019
0.22263012
0.18483352
0.28239294
0.13738503
0.33441368
0.22289150
0.44175018
0.25977473
0.19212104
0.43551913
0.37080862
0.38971197
0.35957456
0.38638532
0.19714765
0.29083854
0.33325819
0.36431017
0.17172749
0.41197015
0.35896686
0.34431685
0.40224226
0.26846082
0.42962392
0.30000041
0.23331586
0.19428774
0.12890030
0.11221827
0.31167434
0.31877719
0.23999839
0.14102429
0.45058726
0.19568096
0.36709790
0.16073734
0.17334281
0.42005240
0.16047228
0.34588417
0.24644516
0.18794687
0.28436617
0.25154844
0.17547884
0.22000114
0.30002067
0.14047575
0.26585354
0.16746566
0.36685502
0.36710568
0.16416477
0.09752484
0.11427084
0.46618875
0.23251560
0.14702372
0.11582870
0.40206803
0.13101164
0.18257358
0.27999491
0.10796646
0.34245786
0.35566832
0.28771259
0.23878242
0.34378077
0.20807452
0.24738399
0.27859503
0.32464358
0.21539581
0.27828362
0.39518401
0.29375371
0.31210539
0.22230338
0.25850432
0.16371585
0.20163031
0.46051220
0.20299196
0.12747599
0.31886189
0.39220800
0.40779810
0.20888189
0.28211879
0.23316637
0.18862113
0.19468839
0.13915487
0.46237936
0.31359937
0.41560687
0.49154701
0.31225519
0.19126981
0.23902921
0.47452070
0.25916954
0.26766370
0.22693133
0.22752737
0.32506101
0.32938654
0.31476743
0.14613346
0.40062917
0.20220761
0.16205535
0.37305030
0.14137158
0.39120093
0.36606124
0.21064158
0.28445082
0.26921107
0.12342747
0.27590753
0.17758806
0.14589617
0.36024974
0.46762521
0.19889185
0.17845852
0.24405990
0.34740757
0.25275791
0.20934846
0.28739165
0.13657884
0.18357209
0.22613337
0.42918044
0.19575151
0.44729639
0.16142267
0.14937637
0.14337478
0.28696222
0.28891316
0.24022708
0.32633102
0.23997715
0.29607996
0.25868737
0.35953120
0.42111331
0.22406859
0.43017457
0.30595949
0.10966121
0.53273594
0.20561825
0.41978813
0.38045425
0.37135310
0.16915715
0.36991216
0.28400748
0.29318712
0.42957925
0.17560065
0.43222805
0.12953806
0.21169259
0.27657179
0.24741168
0.37809401
0.35243036
0.35255510
0.07842804
0.50361785
0.18656764
0.31982612
0.26465923
0.19677419
0.35873527
0.21031855
0.30378557
0.10300362
0.18381915
0.40656604
0.24052459
0.17266242
0.14855977
0.14856226
0.34983234
0.36155859
0.42518908
0.39533162
0.24462096
0.47016061
0.35271405
0.23767930
0.24348498
0.32178104
0.18024630
0.10309865
0.10950026
0.18814916
0.27417738
0.23778239
0.42624538
0.18444139
0.24326233
0.10556107
0.23618429
0.33004886
0.49859744
0.21465760
0.30323255
0.25242541
0.41753116
0.17044213
0.44580080
0.34847075
0.33174514
0.41534657
0.27218396
0.39757019
0.47306593
0.43615295
0.18931848
0.36868961
0.28638106
0.28840805
0.43882128
0.35561060
0.37526802
0.11469488
0.29437280
0.35262159
0.40444795
0.28563028
0.19975911
0.47431415
0.20946920
0.30975583
0.28995825
0.14995067
0.16616194
0.35038218
0.15702810
0.45123971
0.22571646
0.24804081
0.49662619
0.46999446
0.19855742
0.32568868
0.33233221
0.34646592
0.42164336
0.26197493
0.20674378
0.56737923
0.15066134
0.20864023
0.19187240
0.37236827
0.30323081
0.10331386
0.33329756
0.15271819
0.35245490
0.20099419
0.21645161
0.14378970
0.33079240
0.12285357
0.22492516
0.26680294
0.18201995
0.35944308
0.18780485
0.46119456
0.41771415
0.41458905
0.42170574
0.34652120
0.14300026
0.38647480
0.36852149
0.20634091
0.28425958
0.11943047
0.25830225
0.24061341
0.14177646
0.35371039
0.37288373
0.47929008
0.34827563
0.41404904
0.22119967
0.42646373
0.38965667
0.45305864
0.22838766
0.23816515
0.33976685
0.39979414
0.42341040
0.29489153
0.26525739
0.20596135
0.26121877
0.29101858
0.28459201
0.29128969
0.47665599
0.40923474
0.18220839
0.39160337
0.27757709
0.16911630
0.35097122
0.16219179
0.34911056
0.21824337
0.32682731
0.11396291
0.45252335
0.11782472
0.45463146
0.22721122
0.17943258
0.19108304
0.33791301
0.45056701
0.29868910
0.17365745
0.40251897
0.22662933
0.19270792
0.44939872
0.22052893
0.60386115
0.12569114
0.22019916
0.34756543
0.26048359
0.30348108
0.33046013
0.08379994
0.19926098
0.25722727
0.42343407
0.44768403
0.31621192
0.13164166
0.34437093
0.26526775
0.44592751
0.12295016
0.32238324
0.25877582
0.27754159
0.13231504
0.08327457
0.30059156
0.22859688
0.21243018
0.39584678
0.28124686
0.18588029
0.24401277
0.40315698
0.31644901
0.38955188
0.20416672
0.42059227
0.43452181
0.20822350
0.27360529
0.33156232
0.12095471
0.36841379
0.26067903
0.12206124
0.29703427
0.19442613
0.12193889
0.39488565
0.42738355
0.20917011
0.42159622
0.44854390
0.17289426
0.33077139
0.32252933
0.19610768
0.31535341
0.51689977
0.35988692
0.10625231
0.38087453
0.31141301
0.30310499
0.38916814
0.18030073
0.16248905
0.22822500
0.28536915
0.33913502
0.11422120
0.43499784
0.44811379
0.17200966
0.33855889
0.23232970
0.22610079
0.22795514
0.30551844
0.37920431
0.37825750
0.21709078
0.33227595
0.46101246
0.29161760
0.29702613
0.39149120
0.22292594
0.20596538
0.29349887
0.26718315
0.36769611
0.42544955
0.39158757
0.19066509
0.20678905
0.33188640
0.24959790
0.28776569
0.11650125
0.10189968
0.31320227
0.38784860
0.16824229
0.31314364
0.15768573
0.24152022
0.34538736
0.17648233
0.17355442
0.16607068
0.37412418
0.14985837
0.13181967
0.28293860
0.14638065
0.41867682
0.42339756
0.40183968
0.29357572
0.13668771
0.27433395
0.12183031
0.28812696
0.33344127
0.24384991
0.25615466
0.19500214
0.41237636
0.26298501
0.10772560
0.15521290
0.33489872
0.16919911
0.26920448
0.38138969
0.08370965
0.35781608
0.15437539
0.38436810
0.14073689
0.39533835
0.42231134
0.25327757
0.21114388
0.26206101
0.39846158
0.33737034
0.33634421
0.37131852
0.20561519
0.33552637
0.34360817
0.29946016
0.29938398
0.29335845
0.43516944
0.26378283
0.35955656
0.38726291
0.21312426
0.15291233
0.40554426
0.10584065
0.17125729
0.38602714
0.20017642
0.18199293
0.14298827
0.28485270
0.33774546
0.23199349
0.11925242
0.24736661
0.31161604
0.25158548
0.14457990
0.32013826
0.16075399
0.30169827
0.32124859
0.22407228
0.38462957
0.46488269
0.48377249
0.15360800
0.19357668
0.33603268
0.14923309
0.23007318
0.37705493
0.13040886
0.25978908
0.23485918
0.15890239
0.16907712
0.19764841
0.30256852
0.20711595
0.36383654
0.17278093
0.34016467
0.40394450
0.36195730
0.23427734
0.43654749
0.22206122
0.27520077
0.35867297
0.34258331
0.34801265
0.17656303
0.24356060
0.17777494
0.26243322
0.26448254
0.12010182
0.13679017
0.21202587
0.20105346
0.15816713
0.29459448
0.31857036
0.40724465
0.22192202
0.35721875
0.24768179
0.38998634
0.29460042
0.22640771
0.42431233
0.29360067
0.22672616
0.21835139
0.30980282
0.23027571
0.34166829
0.32641689
0.18982654
0.53774676
0.22323547
0.17825007
0.34215642
0.30493852
0.40639427
0.12490463
0.45772775
0.14311794
0.23365423
0.24177492
0.36927106
0.31402298
0.25168561
0.14459432
0.24579704
0.14360899
0.18671318
0.49645771
0.19671258
0.28553451
0.36766475
0.38872434
0.41227436
0.15894667
0.17974512
0.40550773
0.34877119
0.26534433
0.22649533
0.14938593
0.11340862
0.15582505
0.14792582
0.35517523
0.28851872
0.17853843
0.23293177
0.12613581
0.31244652
0.22569513
0.23192209
0.11604311
0.20742325
0.28435869
0.25460826
0.30234024
0.38270697
0.09609108
0.26029638
0.45160416
0.17804919
0.24130203
0.29141740
0.14636985
0.19919275
0.24123952
0.32133794
0.31773617
0.22454927
0.08052792
0.34832909
0.17607184
0.25826973
0.17189406
0.23842409
0.11308416
0.36102395
0.18441921
0.13825156
0.21155574
0.10760948
0.09157872
0.32491419
0.29774790
0.35830435
0.36769589
0.50768768
0.19156000
0.40440018
0.42688282
0.09671801
0.25692327
0.25223378
0.28895401
0.11569811
0.17890246
0.28557670
0.18274076
0.45504466
0.11198954
0.19874254
0.49656978
0.20024897
0.44686417
0.39194318
0.17460490
0.28778212
0.22950145
0.20783593
0.32381433
0.27893443
0.38264616
0.33936206
0.20428428
0.10300859
0.27423520
0.40379359
0.09957872
0.17770066
0.11395676
0.29442307
0.35159461
0.38594231
0.21071031
0.18369608
0.28566254
0.46126390
0.24451541
0.31443858
0.28476663
0.27779133
0.32373448
0.30899348
0.23615853
0.26117765
0.11421300
0.30716208
0.26687921
0.36699716
0.21463581
0.40280167
0.25597332
0.27986170
0.45937656
0.15254387
0.09988929
0.19886217
0.28289498
0.27520639
0.23601340
0.27985765
0.16378914
0.25285349
0.25805856
0.40738486
0.37442148
0.38888392
0.36017785
0.28709839
0.13001324
0.20523805
0.28410303
0.44684587
0.36046314
0.45265802
0.42088590
0.38314491
0.32836371
0.30465463
0.37302477
0.25223240
0.31432594
0.24752768
0.43399473
0.44239800
0.39355364
0.12201722
0.49530346
0.12318290
0.31377298
0.30506684
0.37031612
0.12794536
0.09157676
0.44607189
0.28903742
0.22053894
0.13024221
0.15166238
0.43462476
0.14576064
0.25043375
0.35479586
0.33855537
0.08996737
0.16186049
0.52961529
0.19529692
0.30029519
0.16185461
0.46742386
0.21459316
0.21718731
0.40613077
0.22867354
0.42914950
0.20497406
0.14441814
0.44367640
0.47670775
0.39268257
0.26337666
0.43971590
0.41020390
0.18812643
0.47229372
0.39125706
0.34389073
0.24399898
0.32310109
0.50910171
0.32288629
0.53330046
0.25157061
0.37432441
0.39429165
0.29850622
0.30865070
0.42474580
0.18853577
0.21188579
0.15794070
0.13582942
0.14813239
0.32556593
0.24277025
0.45447677
0.31977484
0.27151657
0.18080814
0.20758573
0.23446539
0.30018231
0.24997797
0.32755718
0.32994520
0.27782847
0.24520731
0.39089859
0.31775299
0.15749686
0.30454849
0.30645440
0.08905508
0.19858296
0.36344833
0.23129693
0.38959234
0.26550301
0.27867220
0.23443913
0.44115550
0.11662925
0.15539975
0.14721931
0.33805650
0.42107568
0.16041961
0.26166304
0.35364684
0.33522744
0.43610325
0.33355510
0.25222901
0.23422927
0.07548921
0.24467349
0.28360233
0.27039808
0.32134781
0.30364073
0.17478587
0.16893740
0.35481059
0.52908620
0.13807368
0.22158077
0.12907966
0.38835585
0.34386387
0.39530435
0.33941831
0.28458278
0.15687060
0.11174743
0.18820005
0.19015941
0.34812467
0.11735609
0.30605806
0.40344317
0.34909517
0.27822760
0.25201226
0.22949021
0.18554462
0.13851000
0.24253765
0.20481157
0.29804697
0.25324743
0.20174335
0.25542807
0.32546909
0.15751273
0.23840259
0.61521582
0.22599698
0.11113159
0.29280221
0.28467411
0.24465162
0.26949898
0.22239660
0.37120368
0.32272712
0.41432271
0.39768426
0.31411224
0.18785742
0.36652918
0.20769134
0.15503410
0.43233892
0.18629645
0.36830610
0.31261961
0.27318785
0.22690070
0.23281204
0.28772807
0.19058506
0.30726562
0.14079226
0.32603383
0.27767424
0.38131056
0.38540731
0.35568270
0.28975270
0.17417249
0.21288605
0.33647635
0.37913317
0.13733186
0.20850329
0.20047387
0.25577249
0.20791916
0.16901482
0.46626746
0.42724872
0.21181378
0.10294423
0.45374048
0.16034481
0.25773437
0.27558203
0.34352017
0.21217030
0.16547299
0.19923476
0.45766014
0.12529919
0.20739000
0.36638191
0.18340215
0.37161863
0.25909732
0.20667165
0.34700781
0.27531850
0.11647714
0.24823898
0.26209673
0.15891955
0.17903868
0.17788619
0.07697624
0.20157248
0.44038493
0.42501480
0.29094607
0.33484212
0.16323179
0.38208963
0.47478826
0.14600971
0.18597497
0.40839413
0.23217913
0.38205585
0.17124330
0.22009205
0.23338308
0.27368952
0.30590873
0.12162400
0.24432236
0.17495053
0.23516822
0.34843806
0.33135977
0.36199411
0.41543602
0.41704878
0.34808577
0.25996492
0.20273772
0.24575750
0.35823210
0.41988650
0.41854961
0.14304834
0.10810115
0.19325051
0.32992678
0.16067749
0.17179622
0.27117414
0.28281588
0.41727603
0.39380952
0.33626133
0.34677523
0.31554814
0.38558313
0.32700285
0.20560904
0.44606960
0.28862200
0.27589456
0.25959839
0.24257349
0.21404342
0.43023308
0.34270411
0.34182298
0.10523854
0.14822520
0.16439551
0.29747552
0.21481823
0.12939409
0.29324341
0.46422253
0.18380474
0.28350249
0.43582075
0.31003546
0.16111777
0.16587983
0.32296475
0.14985764
0.36279075
0.22074535
0.13267892
0.36635628
0.26111937
0.20678689
0.39016089
0.23353368
0.16841526
0.15787357
0.25733584
0.27794944
0.37994893
0.38348228
0.30905603
0.31726754
0.29006810
0.19743594
0.36534525
0.21048541
0.13681164
0.50190943
0.24022324
0.33288724
0.23457449
0.24695612
0.14377693
0.45874847
0.25777022
0.31944776
0.21967958
0.16719792
0.18672898
0.31575048
0.25496389
0.27303649
0.21921180
0.43470069
0.37749784
0.12662260
0.52728116
0.32004938
0.14201248
0.22763812
0.39844406
0.26225848
0.30909578
0.17643955
0.46748479
0.18026678
0.40377548
0.37583479
0.15576482
0.42113077
0.19085668
0.23097782
0.44755540
0.25951877
0.40424636
0.22143713
0.48773228
0.18666512
0.27327115
0.39467090
0.13425812
0.21997359
0.23917988
0.08726879
0.42456023
0.15248574
0.16555674
0.27161834
0.47662616
0.38312010
0.35836104
0.28742112
0.16784364
0.09517378
0.43760438
0.16106761
0.08573132
0.15037453
0.50132346
0.32076101
0.17080057
0.33852671
0.21956219
0.27153552
0.21229591
0.37855966
0.24856557
0.16345022
0.25692246
0.13528319
0.26225435
0.20951472
0.26921396
0.29487279
0.30388268
0.47818867
0.41912293
0.26324329
0.21671549
0.35400019
0.45424520
0.42833829
0.45350344
0.21895889
0.27620950
0.41613447
0.31140529
0.25896105
0.32856274
0.16642443
0.13698423
0.23294691
0.21592625
0.30044357
0.44407204
0.37226282
0.37950965
0.49261211
0.27032620
0.19393260
0.18191315
0.19386217
0.31078219
0.29126053
0.35222806
0.37331467
0.19714534
0.22324701
0.23790554
0.40942674
0.23005933
0.16943204
0.25722907
0.19497594
0.29427312
0.30390667
0.19175093
0.15956244
0.40004081
0.36265715
0.30875689
0.23269684
0.27820127
0.17530675
0.34205902
0.43559171
0.32140052
0.26420019
0.22476021
0.18548236
0.46219479
0.38086852
0.41833629
0.46300420
0.31809885
0.38330508
0.23548288
0.47887448
0.13467348
0.12886015
0.26339398
0.22935854
0.26082535
0.38134571
0.39636654
0.23619011
0.14935429
0.16039357
0.20256782
0.27833405
0.17632022
0.17016657
0.15835449
0.42855385
0.47048034
0.37826779
0.33949115
0.26206698
0.16588116
0.15828842
0.19673301
0.28679661
0.44642777
0.44556720
0.21061460
0.38885923
0.28370609
0.12472094
0.22063555
0.21429551
0.37884628
0.36282052
0.22990037
0.25493374
0.26643543
0.32444417
0.20865238
0.31174628
0.18396586
0.24991920
0.18885855
0.48112628
0.26591970
0.45715046
0.30880272
0.20842398
0.31617853
0.36943368
0.32804397
0.18681441
0.41681927
0.32598001
0.34873511
0.17396504
0.18062359
0.33455155
0.39003553
0.24899193
0.17730825
0.14957687
0.18506903
0.28030731
0.10901483
0.30831697
0.20349163
0.42642631
0.24938029
0.45088684
0.12467954
0.25443210
0.20894995
0.52591826
0.38268190
0.19747044
0.45422324
0.20429677
0.45109916
0.39876173
0.26088261
0.12253210
0.15575086
0.10792368
0.21903157
0.31417552
0.25756223
0.16436102
0.33541692
0.35068591
0.13747032
0.09469076
0.30436820
0.21544037
0.12445315
0.49324562
0.35896402
0.12222116
0.49701890
0.36107360
0.27579573
0.36531524
0.39407345
0.10682977
0.14681760
0.28090158
0.19388903
0.19844208
0.20650356
0.26387688
0.20752033
0.31675526
0.23749786
0.39694331
0.14586850
0.49092376
0.30993844
0.34134666
0.20803114
0.23846111
0.24587554
0.18251849
0.15537840
0.32351210
0.33136451
0.34021097
0.12519380
0.49892688
0.21085764
0.19218173
0.28804306
0.51262463
0.40709809
0.25859706
0.32245347
0.10191244
0.31946926
0.28867608
0.30643029
0.19007057
0.12921756
0.31867882
0.22533531
0.24931248
0.16316060
0.09889083
0.17754419
0.30269601
0.41663086
0.12834790
0.21239996
0.15211554
0.29933804
0.21816941
0.26257802
0.13746420
0.20467878
0.38124541
0.14427087
0.14698970
0.20642604
0.46737347
0.12628623
0.26308737
0.44574194
0.20441577
0.40747917
0.42226862
0.10559526
0.37880447
0.31066261
0.14350057
0.28227859
0.47692986
0.16177294
0.16457570
0.21732768
0.37166192
0.31188956
0.31305323
0.26309042
0.31898405
0.15061943
0.42543237
0.23167204
0.27388643
0.19737891
0.32361808
0.25003216
0.16570686
0.33912846
0.44186917
0.28134125
0.20920297
0.26072440
0.21412473
0.22756752
0.28815218
0.27591427
0.32299273
0.18849749
0.24129366
0.20904408
0.44983274
0.20662905
0.12919431
0.14999073
0.16700425
0.20122070
0.27484754
0.32171064
0.20632358
0.10230362
0.39349236
0.40543395
0.46909740
0.20954202
0.48789528
0.15234520
0.16115008
0.26564685
0.27006045
0.49139767
0.25184661
0.14309633
0.20158465
0.22317241
0.06626290
0.24523704
0.49422836
0.33283016
0.27552376
0.34882647
0.20887739
0.52785027
0.15618788
0.16637553
0.37069492
0.32609162
0.20796755
0.26019342
0.20508966
0.21153075
0.21263382
0.15879072
0.07125569
0.12688071
0.37611690
0.22346751
0.27066000
0.15636373
0.30378691
0.28982224
0.21516318
0.32535760
0.15265324
0.41175847
0.36890243
0.37196181
0.33609957
0.35940623
0.31593051
0.28353547
0.40283283
0.12051445
0.47887959
0.26027535
0.26741765
0.16613773
0.16280765
0.21247823
0.22755953
0.15932634
0.20335821
0.24598729
0.12173914
0.18400348
0.19745228
0.16849070
0.30623917
0.23729666
0.29119574
0.26370973
0.47432344
0.20098217
0.31449741
0.20789307
0.27677844
0.42675348
0.09207750
0.28239154
0.41386672
0.31262015
0.15240676
0.29465544
0.15171758
0.17601639
0.23390279
0.18373958
0.27589234
0.16392314
0.13297190
0.16191907
0.26915742
0.33249564
0.30118387
0.28999173
0.18088037
0.45861305
0.42321283
0.42277714
0.13034129
0.45787550
0.37603790
0.20446940
0.18646551
0.25553298
0.39402552
0.22554969
0.18101262
0.22300642
0.16532305
0.10040236
0.49826921
0.38106745
0.26559440
0.16608676
0.47907461
0.23272284
0.38897797
0.47202083
0.41273712
0.45366281
0.27511025
0.18921814
0.21416734
0.19141599
0.20265911
0.31179915
0.34236736
0.26603113
0.23977718
0.13333932
0.20582031
0.18108755
0.30130916
0.16137305
0.22919389
0.24233588
0.19677602
0.28155503
0.19973098
0.43780680
0.13585138
0.26081689
0.14824939
0.38733144
0.22691016
0.17520581
0.07684796
0.13344283
0.46715349
0.12974541
0.26101025
0.33846194
0.43926615
0.37089410
0.38751698
0.20159718
0.17699267
0.21942991
0.26964170
0.28792665
0.31407959
0.36291918
0.19172429
0.31050236
0.36471561
0.31458515
0.26639146
0.30103515
0.23779598
0.51470995
0.31570742
0.12333492
0.13231748
0.20239252
0.28790526
0.45369118
0.42456949
0.14690521
0.18483105
0.25653580
0.19985472
0.36230488
0.20625873
0.09756369
0.19609233
0.36552534
0.42733348
0.12931705
0.45883171
0.22605439
0.39182893
0.27851815
0.47140390
0.27339920
0.22600283
0.34688791
0.36422887
0.36683898
0.23181823
0.41081485
0.34982693
0.35087348
0.28519095
0.10022966
0.41781730
0.39653853
0.16440442
0.44649693
0.42799775
0.38677172
0.21384970
0.20323303
0.33112935
0.39670763
0.29823679
0.28404374
0.23641864
0.22219106
0.26018412
0.41418587
0.27816687
0.16882464
0.29607520
0.39149081
0.42386733
0.14805882
0.20077830
0.36399681
0.44645183
0.14937496
0.25007754
0.25157884
0.21815993
0.31563536
0.10628979
0.29022566
0.24462228
0.23898630
0.42924375
0.41222183
0.34824905
0.16249969
0.23145050
0.22224510
0.31614316
0.36424360
0.14405076
0.47488797
0.40372946
0.24135478
0.20001563
0.24072833
0.26478667
0.25757543
0.30230383
0.12905138
0.28724241
0.28574428
0.50097855
0.20416104
0.46917759
0.20078005
0.31683257
0.13063742
0.11205527
0.26565393
0.22296618
0.33012268
0.16617301
0.25297129
0.16756639
0.23232284
0.14273275
0.17857874
0.46265580
0.42840311
0.19603785
0.08748705
0.32730529
0.24393266
0.16373742
0.29267380
0.37540444
0.21205301
0.23313726
0.33564787
0.31091833
0.18412110
0.41540072
0.58243051
0.16381781
0.40321830
0.10811429
0.23940059
0.22662238
0.22999631
0.26360552
0.33285698
0.17069682
0.23399168
0.11590477
0.33568203
0.32784849
0.16598647
0.34063011
0.26964529
0.40297444
0.39579672
0.24180143
0.22436585
0.23795336
0.22910208
0.34628966
0.13294753
0.30873230
0.13458253
0.30320805
0.18611099
0.10265306
0.46510403
0.27158374
0.27821431
0.36531474
0.55962765
0.33361072
0.15486616
0.30473341
0.29606141
0.36663861
0.28287979
0.41621852
0.38761650
0.15924932
0.39612955
0.42499803
0.16669103
0.44313091
0.30443708
0.32534861
0.30840479
0.15013404
0.39173203
0.15621493
0.36807776
0.17060015
0.25039779
0.34935039
0.38823022
0.32474609
0.32811069
0.27960170
0.38366367
0.39337359
0.26752671
0.16786162
0.27656178
0.08479718
0.22255350
0.22894915
0.33632613
0.34405083
0.30588001
0.35997042
0.24066974
0.18703599
0.28287471
0.10142627
0.14993092
0.27047653
0.16143672
0.16636858
0.42636464
0.32685584
0.19867335
0.23070731
0.17568525
0.36757216
0.16681242
0.12365395
0.23969245
0.25021782
0.37379609
0.32548025
0.37850623
0.32547119
0.44682393
0.40052525
0.23895717
0.20672633
0.16956233
0.28172610
0.37222012
0.27614569
0.36123545
0.28797225
0.44718017
0.29817482
0.54391855
0.16983728
0.42624535
0.32688454
0.24119664
0.22524518
0.52232262
0.29701843
0.19482123
0.16923449
0.16718593
0.34856625
0.23013938
0.39271659
0.07965430
0.12577989
0.27092835
0.33294609
0.17506930
0.35993601
0.21315299
0.16094044
0.39925319
0.44545839
0.24046906
0.48179254
0.46391939
0.30826036
0.47511750
0.27629013
0.41449041
0.34099919
0.25368333
0.31157884
0.25792898
0.21682095
0.35508571
0.27599472
0.38642502
0.18816391
0.33390226
0.51194514
0.36061372
0.42249682
0.19158431
0.15296309
0.41355212
0.33379220
0.15989134
0.31178613
0.35369424
0.13953311
0.41263095
0.19897069
0.36615685
0.13958841
0.52394571
0.26276200
0.33231133
0.42594796
0.46363145
0.27574112
0.40270934
0.27125803
0.31636450
0.22313962
0.24417455
0.35699774
0.21201408
0.31552697
0.45395884
0.29300789
0.42310036
0.45324630
0.28578232
0.26429384
0.26115834
0.24279119
0.32066141
0.18607447
0.32153920
0.47669400
0.34565761
0.40275053
0.28841425
0.27081200
0.21972721
0.30231413
0.23163420
0.31621417
0.18747490
0.28629521
0.35350147
0.43518099
0.40033230
0.33212102
0.13979483
0.12131225
0.38073893
0.30094695
0.17698435
0.26669115
0.18201581
0.31360908
0.21505281
0.18295547
0.14268819
0.41618913
0.53212399
0.21744664
0.23103778
0.42403674
0.15174349
0.19992688
0.29598762
0.17704097
0.20130919
0.42006933
0.39540088
0.25955188
0.21633943
0.43074175
0.26821238
0.29940270
0.10500688
0.40831042
0.43737847
0.24643445
0.43450937
0.28335799
0.23281248
0.42693374
0.16743883
0.43538836
0.60107290
0.31111095
0.49891472
0.38970540
0.27775002
0.13441632
0.24614017
0.31695376
0.10878568
0.23660824
0.38429581
0.45115977
0.43821165
0.26928010
0.38646442
0.30472301
0.21377475
0.38370772
0.17389369
0.24135567
0.45890033
0.54248557
0.26246051
0.20327993
0.39494579
0.23636624
0.18066175
0.23660141
0.30538298
0.10471769
0.34525881
0.31644179
0.21372029
0.11711822
0.47525143
0.33969244
0.33137279
0.19376992
0.22850977
0.14436231
0.28328015
0.30382116
0.28735205
0.29668165
0.29930727
0.31065098
0.14244534
0.28810621
0.41368390
0.34136249
0.46663946
0.29143208
0.27018483
0.44571154
0.22447101
0.40923565
0.34208895
0.30364746
0.46161103
0.22627143
0.35395915
0.35896939
0.24015445
0.27324398
0.23025084
0.42828311
0.39570912
0.24839350
0.40841553
0.12435791
0.13288436
0.18906645
0.33188210
0.16776569
0.14932982
0.16183205
0.31124247
0.27800797
0.15974242
0.43228229
0.38178923
0.40837945
0.37781042
0.16999677
0.21925832
0.23406227
0.10002210
0.12338084
0.37191734
0.15047752
0.23964670
0.26193339
0.36080712
0.30058314
0.26119661
0.34712262
0.18369933
0.40539378
0.41484177
0.40776880
0.47746156
0.31524315
0.17963330
0.25427720
0.10905659
0.45305078
0.25064261
0.29447405
0.41720097
0.28218461
0.41829663
0.25664633
0.23618563
0.34229757
0.41646205
0.25886765
0.21202781
0.29720236
0.36136230
0.25022629
0.16365197
0.32722411
0.19695913
0.28845519
0.31283723
0.26822926
0.13315914
0.30956822
0.33288307
0.19675517
0.16023047
0.18670379
0.21075544
0.34238472
0.19952926
0.27544916
0.22589531
0.21158009
0.25683711
0.23723935
0.18181447
0.28684497
0.33507227
0.43264491
0.31526038
0.24755054
0.21120944
0.18842932
0.40221860
0.26637206
0.10920963
0.58648712
0.28841739
0.23633831
0.13989157
0.29923579
0.30889384
0.16776213
0.37969574
0.27870794
0.34630541
0.39904610
0.16727043
0.24757947
0.25451367
0.36695783
0.34532496
0.55271840
0.17915197
0.34502903
0.43808656
0.34871178
0.18734475
0.22260277
0.27420634
0.18702303
0.21568639
0.38531282
0.13958498
0.38992181
0.37990424
0.41004139
0.32344181
0.43003540
0.27049225
0.28530943
0.26587587
0.29605187
0.10245094
0.37744996
0.20065882
0.22013377
0.11387558
0.29067307
0.46212982
0.34718889
0.31012265
0.25578419
0.24035026
0.35176044
0.40781945
0.37547775
0.43289729
0.23371498
0.18588479
0.23120678
0.27051928
0.50908704
0.17782332
0.27675649
0.47162941
0.50785573
0.20075188
0.39328371
0.28120841
0.28718250
0.40059627
0.17861174
0.21439762
0.27133731
0.16130080
0.21512391
0.49021938
0.26314039
0.28591868
0.32981405
0.19659810
0.34712195
0.13300230
0.22510196
0.26016022
0.10439123
0.29809750
0.34645211
0.39754100
0.36710855
0.28265260
0.21042908
0.35657929
0.13784116
0.34782449
0.51752377
0.30480313
0.41257367
0.47205831
0.36286450
0.12820021
0.40695967
0.14149790
0.21916647
0.21963874
0.32616952
0.33676912
0.51030268
0.19048586
0.24364490
0.38767339
0.26719933
0.30811211
0.50013507
0.20755391
0.43440162
0.19391210
0.54172201
0.45075707
0.18761730
0.12402423
0.22481337
0.21243799
0.42925719
0.12580430
0.34792036
0.42549364
0.32453921
0.08748203
0.21459906
0.27222529
0.24129406
0.31395951
0.31196464
0.31253718
0.25327369
0.24793449
0.17885423
0.30146723
0.29183549
0.20416855
0.35529015
0.47145867
0.33823071
0.28687132
0.14534344
0.38704022
0.08020507
0.19400759
0.35148846
0.34633311
0.37555405
0.43025551
0.11253532
0.18784625
0.28277692
0.12061402
0.31007304
0.13121093
0.19917471
0.15458710
0.37373941
0.22640341
0.22723697
0.18532402
0.50605695
0.18768368
0.19377406
0.29202470
0.39136382
0.39445789
0.16498619
0.26834159
0.38743063
0.24402790
0.39865344
0.25416965
0.26327697
0.27983405
0.42151320
0.16050342
0.24949585
0.53699104
0.32101339
0.29143201
0.28247510
0.26709609
0.44248594
0.44343879
0.29080796
0.23157797
0.19583547
0.21403223
0.21425736
0.39371764
0.16000878
0.26428753
0.29855399
0.45249058
0.24190257
0.08889927
0.37884447
0.30165091
0.33601155
0.17710263
0.46532576
0.21993650
0.31739031
0.35867821
0.21063564
0.46504631
0.30232163
0.22441259
0.31162433
0.45877946
0.30464315
0.30450090
0.25588326
0.24219676
0.38586933
0.32969926
0.10891268
0.48073415
0.43943305
0.19057268
0.42620099
0.43121477
0.28521368
0.29087640
0.27375852
0.12778386
0.24250783
0.34296578
0.45115520
0.26047539
0.53117697
0.27897580
0.25793104
0.45978428
0.23147016
0.28424033
0.30802742
0.32937662
0.26021361
0.15472591
0.12426527
0.24879718
0.27544762
0.19471196
0.18153754
0.27778311
0.16623759
0.18596141
0.26887945
0.25664062
0.12871944
0.31622564
0.33095796
0.17947335
0.41429681
0.26086635
0.19500294
0.43596416
0.19750186
0.37057139
0.20954745
0.25223826
0.34548166
0.21951233
0.34503259
0.38836387
0.25015446
0.40785365
0.29373853
0.19186235
0.28672900
0.41850615
0.36796706
0.28563404
0.21455797
0.15134869
0.39567576
0.24730494
0.30335980
0.34577895
0.33668197
0.57839431
0.36947522
0.14112621
0.17286300
0.38915889
0.16854191
0.21893155
0.29566117
0.09983055
0.24833949
0.14657882
0.22797326
0.12581875
0.52742286
0.10191194
0.13553611
0.30680944
0.21916256
0.22125399
0.34998120
0.21132078
0.36634335
0.24164652
0.35001574
0.30367694
0.19851127
0.31868650
0.29320187
0.24527335
0.40349988
0.31120386
0.31070529
0.13393065
0.37178060
0.38989064
0.30538266
0.24447817
0.20036860
0.33424853
0.13818920
0.53718323
0.15337870
0.29999644
0.20393426
0.31223929
0.13317193
0.25805332
0.23007328
0.26245258
0.34746839
0.17950461
0.21119460
0.10868065
0.28876125
0.43628920
0.27458498
0.24015191
0.39189581
0.19242746
0.44170905
0.41062973
0.15908588
0.14259560
0.15582373
0.22739794
0.38812074
0.30875106
0.36269630
0.22490892
0.36361761
0.18350861
0.10659435
0.20351469
0.30312485
0.39455014
0.31430287
0.31055098
0.12356285
0.28775901
0.45902423
0.52989266
0.42170456
0.14023946
0.27220329
0.13477737
0.28042877
0.17787630
0.17674698
0.11073479
0.13707943
0.41787567
0.11226814
0.28349385
0.25619120
0.20151301
0.14356443
0.45309978
0.16756066
0.13452782
0.23465245
0.11974853
0.27154480
0.43040059
0.30494803
0.25225962
0.14810433
0.51641302
0.49296410
0.35266868
0.12003318
0.38812839
0.16860639
0.21567585
0.24129253
0.12076299
0.42222890
0.10222412
0.47060312
0.30199604
0.38369182
0.42633947
0.21029291
0.45027147
0.26638428
0.22403057
0.15377667
0.24983092
0.14279941
0.25857929
0.29800511
0.23124934
0.22638859
0.33972264
0.42768239
0.39100937
0.38669333
0.19245943
0.28054845
0.44348433
0.24744530
0.13281753
0.24895434
0.20854518
0.29306663
0.31037990
0.23932628
0.31633938
0.27800704
0.40775514
0.44370795
0.51787562
0.42560392
0.19008690
0.23888850
0.30267209
0.24851934
0.33926587
0.28792436
0.29034782
0.40611775
0.19411744
0.26738665
0.32433814
0.38275724
0.19600808
0.14863537
0.32338058
0.31900767
0.27133039
0.48094111
0.19907415
0.41213746
0.45963405
0.14744947
0.35257184
0.35134889
0.38700910
0.29183063
0.28627804
0.33424388
0.28364160
0.23523200
0.20125507
0.13389255
0.16175016
0.25680642
0.24331634
0.33446833
0.23417245
0.25843038
0.35190184
0.13252464
0.15896675
0.17773045
0.37885505
0.32248381
0.34088784
0.34776063
0.43747579
0.20233022
0.29089610
0.25911735
0.34238153
0.28255130
0.33615718
0.50028437
0.18501117
0.18722870
0.30978557
0.22927205
0.41515609
0.31456646
0.34484141
0.37492913
0.47079974
0.30924725
0.15481672
0.26231498
0.52551277
0.43295420
0.23743041
0.13455995
0.46122711
0.17514727
0.29286489
0.39935609
0.39316504
0.39822935
0.14677698
0.14156850
0.32309230
0.36126261
0.38848651
0.13789513
0.30319452
0.47293589
0.46921357
0.31182904
0.15986648
0.23611665
0.23649877
0.33713587
0.49267721
0.33103135
0.38235829
0.20331428
0.30197217
0.39544440
0.37541826
0.16063047
0.39598428
0.22046079
0.49169453
0.38087457
0.28508521
0.20903486
0.42038894
0.21456464
0.36139980
0.13703847
0.28645574
0.18557186
0.34869979
0.25543981
0.35075891
0.11074507
0.17226832
0.25302251
0.48731109
0.48694890
0.40102080
0.34577578
0.22151668
0.24950535
0.16779540
0.19569481
0.31868396
0.13389543
0.42791349
0.19254632
0.16822924
0.29931881
0.23149545
0.28673136
0.48077992
0.16165132
0.19468801
0.36098440
0.36055342
0.15754954
0.52785706
0.14439582
0.25906138
0.26315438
0.17492503
0.18254628
0.34723051
0.35575320
0.39756585
0.24567312
0.22923885
0.37339247
