0.000	0.00000000
0.001	0.00000000
0.002	-0.00000000
0.003	-0.00000000
0.004	-0.00000000
0.005	-0.00000000
0.006	0.00000000
0.007	0.00000000
0.008	0.00000000
0.009	-0.00000000
0.010	0.00000000
0.011	-0.00000000
0.012	0.00000000
0.013	-0.00000000
0.014	0.00000000
0.015	-0.00000000
0.016	0.00000000
0.017	-0.00000000
0.018	-0.00000000
0.019	0.00000000
0.020	-0.00000000
0.021	-0.00000000
0.022	0.00000000
0.023	0.00000000
0.024	0.00000000
0.025	0.00000000
0.026	0.00000000
0.027	0.00000000
0.028	-0.00000000
0.029	-0.00000000
0.030	0.00000000
0.031	0.00000000
0.032	0.00000000
0.033	0.00000000
0.034	-0.00000000
0.035	0.00000000
0.036	-0.00000000
0.037	0.00000000
0.038	0.00000000
0.039	0.00000000
0.040	0.00000000
0.041	0.00000000
0.042	0.00000000
0.043	0.00000000
0.044	-0.00000000
0.045	-0.00000000
0.046	0.00000000
0.047	0.00000000
0.048	0.00000000
0.049	0.00000000
0.050	-0.00000000
0.051	0.00000000
0.052	-0.00000000
0.053	0.00000000
0.054	0.00000000
0.055	-0.00000000
0.056	-0.00000000
0.057	0.00000000
0.058	0.00000000
0.059	-0.00000000
0.060	-0.00000000
0.061	0.00000000
0.062	0.00000000
0.063	0.00000000
0.064	0.00000000
0.065	0.00000000
0.066	0.00000000
0.067	0.00000000
0.068	0.00000000
0.069	0.00000000
0.070	0.00000000
0.071	0.00000000
0.072	0.00000000
0.073	0.00000000
0.074	-0.00000000
0.075	0.00000000
0.076	0.00000000
0.077	0.00000000
0.078	0.00000000
0.079	0.00000000
0.080	0.00000000
0.081	0.00000000
0.082	0.00000000
0.083	0.00000000
0.084	-0.00000000
0.085	-0.00000000
0.086	0.00000000
0.087	-0.00000000
0.088	-0.00000000
0.089	0.00000000
0.090	0.00000000
0.091	-0.00000000
0.092	0.00000000
0.093	0.00000000
0.094	0.00000000
0.095	0.00000000
0.096	0.00000000
0.097	0.00000000
0.098	0.00000000
0.099	0.00000000
0.100	0.00000000
0.101	0.00000000
0.102	0.00000000
0.103	0.00000000
0.104	0.00000000
0.105	0.00000000
0.106	0.00000000
0.107	0.00000000
0.108	0.00000000
0.109	0.00000000
0.110	0.00000000
0.111	0.00000000
0.112	0.00000000
0.113	0.00000000
0.114	0.00000000
0.115	0.00000000
0.116	0.00000000
0.117	0.00000000
0.118	0.00000000
0.119	0.00000000
0.120	0.00000000
0.121	0.00000000
0.122	0.00000000
0.123	0.00000000
0.124	0.00000000
0.125	0.00000000
0.126	0.00000000
0.127	0.00000000
0.128	0.00000000
0.129	0.00000000
0.130	0.00000000
0.131	0.00000000
0.132	0.00000000
0.133	0.00000000
0.134	0.00000000
0.135	0.00000000
0.136	0.00000000
0.137	0.00000000
0.138	0.00000000
0.139	0.00000000
0.140	0.00000000
0.141	0.00000000
0.142	0.00000000
0.143	0.00000000
0.144	0.00000000
0.145	0.00000000
0.146	0.00000000
0.147	0.00000000
0.148	0.00000000
0.149	0.00000000
0.150	0.00000000
0.151	0.00000000
0.152	0.00000000
0.153	0.00000000
0.154	0.00000000
0.155	0.00000000
0.156	0.00000000
0.157	0.00000000
0.158	0.00000000
0.159	0.00000000
0.160	0.00000000
0.161	0.00000000
0.162	0.00000000
0.163	0.00000000
0.164	0.00000000
0.165	0.00000000
0.166	0.00000000
0.167	0.00000000
0.168	0.00000000
0.169	0.00000000
0.170	0.00000000
0.171	0.00000000
0.172	0.00000000
0.173	0.00000000
0.174	0.00000000
0.175	0.00000000
0.176	0.00000000
0.177	0.00000000
0.178	0.00000000
0.179	0.00000000
0.180	0.00000000
0.181	0.00000000
0.182	0.00000000
0.183	0.00000000
0.184	0.00000000
0.185	0.00000000
0.186	0.00000000
0.187	0.00000000
0.188	0.00000000
0.189	0.00000000
0.190	0.00000000
0.191	0.00000000
0.192	0.00000000
0.193	0.00000000
0.194	0.00000000
0.195	0.00000000
0.196	0.00000000
0.197	0.00000000
0.198	0.00000000
0.199	0.00000000
0.200	0.00000000
0.201	0.00000000
0.202	0.00000000
0.203	0.00000000
0.204	0.00000000
0.205	0.00000000
0.206	0.00000000
0.207	0.00000000
0.208	0.00000000
0.209	0.00000000
0.210	0.00000000
0.211	0.00000000
0.212	0.00000000
0.213	0.00000000
0.214	0.00000000
0.215	0.00000000
0.216	0.00000000
0.217	0.00000000
0.218	0.00000000
0.219	0.00000000
0.220	0.00000000
0.221	0.00000000
0.222	0.00000000
0.223	0.00000000
0.224	0.00000000
0.225	0.00000000
0.226	0.00000000
0.227	0.00000000
0.228	0.00000000
0.229	0.00000000
0.230	0.00000000
0.231	0.00000000
0.232	0.00000000
0.233	0.00000000
0.234	0.00000000
0.235	0.00000000
0.236	0.00000000
0.237	0.00000000
0.238	0.00000000
0.239	0.00000000
0.240	0.00000000
0.241	0.00000000
0.242	0.00000000
0.243	0.00000000
0.244	0.00000000
0.245	0.00000000
0.246	0.00000000
0.247	0.00000000
0.248	0.00000000
0.249	0.00000000
0.250	0.00000000
0.251	0.00000000
0.252	0.00000000
0.253	0.00000000
0.254	0.00000000
0.255	0.00000000
0.256	0.00000000
0.257	0.00000000
0.258	0.00000000
0.259	0.00000000
0.260	0.00000000
0.261	0.00000000
0.262	0.00000000
0.263	0.00000000
0.264	0.00000000
0.265	0.00000000
0.266	0.00000000
0.267	0.00000000
0.268	0.00000000
0.269	0.00000000
0.270	0.00000000
0.271	0.00000000
0.272	0.00000000
0.273	0.00000000
0.274	0.00000000
0.275	0.00000000
0.276	0.00000000
0.277	0.00000000
0.278	0.00000000
0.279	0.00000000
0.280	0.00000000
0.281	0.00000000
0.282	0.00000000
0.283	0.00000000
0.284	0.00000000
0.285	0.00000000
0.286	0.00000000
0.287	0.00000000
0.288	0.00000000
0.289	0.00000000
0.290	0.00000000
0.291	0.00000000
0.292	0.00000000
0.293	0.00000000
0.294	0.00000000
0.295	0.00000000
0.296	0.00000000
0.297	0.00000000
0.298	0.00000000
0.299	0.00000000
0.300	0.00000000
0.301	0.00000000
0.302	0.00000000
0.303	0.00000000
0.304	0.00000000
0.305	0.00000000
0.306	0.00000000
0.307	0.00000000
0.308	0.00000000
0.309	0.00000000
0.310	0.00000000
0.311	0.00000000
0.312	0.00000000
0.313	0.00000000
0.314	0.00000000
0.315	0.00000000
0.316	0.00000000
0.317	0.00000000
0.318	0.00000000
0.319	0.00000000
0.320	0.00000000
0.321	0.00000000
0.322	0.00000000
0.323	0.00000000
0.324	0.00000000
0.325	0.00000000
0.326	0.00000000
0.327	0.00000000
0.328	0.00000000
0.329	0.00000000
0.330	0.00000000
0.331	0.00000000
0.332	0.00000000
0.333	0.00000000
0.334	0.00000000
0.335	0.00000001
0.336	0.00000001
0.337	0.00000001
0.338	0.00000001
0.339	0.00000001
0.340	0.00000001
0.341	0.00000001
0.342	0.00000001
0.343	0.00000001
0.344	0.00000001
0.345	0.00000001
0.346	0.00000001
0.347	0.00000001
0.348	0.00000001
0.349	0.00000001
0.350	0.00000001
0.351	0.00000001
0.352	0.00000001
0.353	0.00000001
0.354	0.00000001
0.355	0.00000001
0.356	0.00000001
0.357	0.00000001
0.358	0.00000001
0.359	0.00000001
0.360	0.00000001
0.361	0.00000001
0.362	0.00000001
0.363	0.00000001
0.364	0.00000001
0.365	0.00000001
0.366	0.00000001
0.367	0.00000001
0.368	0.00000002
0.369	0.00000002
0.370	0.00000002
0.371	0.00000002
0.372	0.00000002
0.373	0.00000002
0.374	0.00000002
0.375	0.00000002
0.376	0.00000002
0.377	0.00000002
0.378	0.00000002
0.379	0.00000002
0.380	0.00000002
0.381	0.00000002
0.382	0.00000002
0.383	0.00000002
0.384	0.00000003
0.385	0.00000003
0.386	0.00000003
0.387	0.00000003
0.388	0.00000003
0.389	0.00000003
0.390	0.00000003
0.391	0.00000003
0.392	0.00000003
0.393	0.00000003
0.394	0.00000004
0.395	0.00000004
0.396	0.00000004
0.397	0.00000004
0.398	0.00000004
0.399	0.00000004
0.400	0.00000004
0.401	0.00000004
0.402	0.00000004
0.403	0.00000005
0.404	0.00000005
0.405	0.00000005
0.406	0.00000005
0.407	0.00000005
0.408	0.00000005
0.409	0.00000005
0.410	0.00000006
0.411	0.00000006
0.412	0.00000006
0.413	0.00000006
0.414	0.00000006
0.415	0.00000006
0.416	0.00000006
0.417	0.00000007
0.418	0.00000007
0.419	0.00000007
0.420	0.00000007
0.421	0.00000008
0.422	0.00000008
0.423	0.00000008
0.424	0.00000008
0.425	0.00000008
0.426	0.00000009
0.427	0.00000009
0.428	0.00000009
0.429	0.00000009
0.430	0.00000010
0.431	0.00000010
0.432	0.00000010
0.433	0.00000010
0.434	0.00000011
0.435	0.00000011
0.436	0.00000011
0.437	0.00000011
0.438	0.00000012
0.439	0.00000012
0.440	0.00000012
0.441	0.00000012
0.442	0.00000013
0.443	0.00000013
0.444	0.00000014
0.445	0.00000014
0.446	0.00000014
0.447	0.00000015
0.448	0.00000015
0.449	0.00000015
0.450	0.00000016
0.451	0.00000016
0.452	0.00000016
0.453	0.00000017
0.454	0.00000017
0.455	0.00000018
0.456	0.00000018
0.457	0.00000018
0.458	0.00000019
0.459	0.00000019
0.460	0.00000020
0.461	0.00000020
0.462	0.00000021
0.463	0.00000022
0.464	0.00000022
0.465	0.00000023
0.466	0.00000023
0.467	0.00000024
0.468	0.00000024
0.469	0.00000025
0.470	0.00000025
0.471	0.00000026
0.472	0.00000027
0.473	0.00000027
0.474	0.00000028
0.475	0.00000028
0.476	0.00000029
0.477	0.00000030
0.478	0.00000030
0.479	0.00000031
0.480	0.00000031
0.481	0.00000032
0.482	0.00000032
0.483	0.00000033
0.484	0.00000034
0.485	0.00000035
0.486	0.00000036
0.487	0.00000037
0.488	0.00000038
0.489	0.00000039
0.490	0.00000039
0.491	0.00000040
0.492	0.00000041
0.493	0.00000041
0.494	0.00000043
0.495	0.00000043
0.496	0.00000044
0.497	0.00000045
0.498	0.00000046
0.499	0.00000047
0.500	0.00000048
0.501	0.00000049
0.502	0.00000050
0.503	0.00000052
0.504	0.00000053
0.505	0.00000054
0.506	0.00000056
0.507	0.00000057
0.508	0.00000058
0.509	0.00000059
0.510	0.00000060
0.511	0.00000061
0.512	0.00000063
0.513	0.00000064
0.514	0.00000067
0.515	0.00000068
0.516	0.00000070
0.517	0.00000071
0.518	0.00000073
0.519	0.00000074
0.520	0.00000075
0.521	0.00000077
0.522	0.00000079
0.523	0.00000081
0.524	0.00000083
0.525	0.00000085
0.526	0.00000087
0.527	0.00000088
0.528	0.00000090
0.529	0.00000092
0.530	0.00000093
0.531	0.00000094
0.532	0.00000097
0.533	0.00000098
0.534	0.00000101
0.535	0.00000103
0.536	0.00000105
0.537	0.00000106
0.538	0.00000109
0.539	0.00000110
0.540	0.00000113
0.541	0.00000117
0.542	0.00000119
0.543	0.00000121
0.544	0.00000123
0.545	0.00000126
0.546	0.00000128
0.547	0.00000131
0.548	0.00000133
0.549	0.00000136
0.550	0.00000137
0.551	0.00000139
0.552	0.00000141
0.553	0.00000144
0.554	0.00000148
0.555	0.00000152
0.556	0.00000154
0.557	0.00000156
0.558	0.00000161
0.559	0.00000164
0.560	0.00000167
0.561	0.00000172
0.562	0.00000175
0.563	0.00000179
0.564	0.00000182
0.565	0.00000184
0.566	0.00000188
0.567	0.00000192
0.568	0.00000197
0.569	0.00000201
0.570	0.00000203
0.571	0.00000208
0.572	0.00000212
0.573	0.00000215
0.574	0.00000219
0.575	0.00000223
0.576	0.00000228
0.577	0.00000233
0.578	0.00000238
0.579	0.00000239
0.580	0.00000244
0.581	0.00000249
0.582	0.00000253
0.583	0.00000259
0.584	0.00000262
0.585	0.00000268
0.586	0.00000275
0.587	0.00000281
0.588	0.00000285
0.589	0.00000291
0.590	0.00000294
0.591	0.00000300
0.592	0.00000304
0.593	0.00000309
0.594	0.00000313
0.595	0.00000321
0.596	0.00000329
0.597	0.00000336
0.598	0.00000342
0.599	0.00000347
0.600	0.00000353
0.601	0.00000358
0.602	0.00000364
0.603	0.00000369
0.604	0.00000373
0.605	0.00000379
0.606	0.00000385
0.607	0.00000390
0.608	0.00000395
0.609	0.00000403
0.610	0.00000410
0.611	0.00000416
0.612	0.00000421
0.613	0.00000428
0.614	0.00000435
0.615	0.00000442
0.616	0.00000451
0.617	0.00000463
0.618	0.00000473
0.619	0.00000482
0.620	0.00000489
0.621	0.00000496
0.622	0.00000505
0.623	0.00000510
0.624	0.00000523
0.625	0.00000531
0.626	0.00000539
0.627	0.00000549
0.628	0.00000554
0.629	0.00000564
0.630	0.00000571
0.631	0.00000580
0.632	0.00000586
0.633	0.00000596
0.634	0.00000604
0.635	0.00000612
0.636	0.00000625
0.637	0.00000637
0.638	0.00000648
0.639	0.00000659
0.640	0.00000670
0.641	0.00000687
0.642	0.00000701
0.643	0.00000713
0.644	0.00000726
0.645	0.00000736
0.646	0.00000748
0.647	0.00000758
0.648	0.00000772
0.649	0.00000786
0.650	0.00000796
0.651	0.00000801
0.652	0.00000815
0.653	0.00000826
0.654	0.00000833
0.655	0.00000849
0.656	0.00000863
0.657	0.00000874
0.658	0.00000890
0.659	0.00000906
0.660	0.00000919
0.661	0.00000936
0.662	0.00000941
0.663	0.00000961
0.664	0.00000971
0.665	0.00000987
0.666	0.00001003
0.667	0.00001026
0.668	0.00001035
0.669	0.00001052
0.670	0.00001067
0.671	0.00001078
0.672	0.00001090
0.673	0.00001100
0.674	0.00001113
0.675	0.00001122
0.676	0.00001136
0.677	0.00001159
0.678	0.00001178
0.679	0.00001201
0.680	0.00001220
0.681	0.00001237
0.682	0.00001249
0.683	0.00001262
0.684	0.00001281
0.685	0.00001303
0.686	0.00001320
0.687	0.00001345
0.688	0.00001364
0.689	0.00001376
0.690	0.00001399
0.691	0.00001408
0.692	0.00001434
0.693	0.00001456
0.694	0.00001473
0.695	0.00001497
0.696	0.00001520
0.697	0.00001541
0.698	0.00001559
0.699	0.00001581
0.700	0.00001601
0.701	0.00001616
0.702	0.00001633
0.703	0.00001650
0.704	0.00001677
0.705	0.00001710
0.706	0.00001730
0.707	0.00001752
0.708	0.00001780
0.709	0.00001804
0.710	0.00001823
0.711	0.00001857
0.712	0.00001887
0.713	0.00001928
0.714	0.00001954
0.715	0.00001975
0.716	0.00001996
0.717	0.00002024
0.718	0.00002058
0.719	0.00002087
0.720	0.00002122
0.721	0.00002151
0.722	0.00002175
0.723	0.00002200
0.724	0.00002223
0.725	0.00002262
0.726	0.00002275
0.727	0.00002311
0.728	0.00002337
0.729	0.00002366
0.730	0.00002388
0.731	0.00002424
0.732	0.00002466
0.733	0.00002496
0.734	0.00002516
0.735	0.00002556
0.736	0.00002586
0.737	0.00002642
0.738	0.00002686
0.739	0.00002710
0.740	0.00002737
0.741	0.00002774
0.742	0.00002807
0.743	0.00002837
0.744	0.00002862
0.745	0.00002872
0.746	0.00002918
0.747	0.00002958
0.748	0.00003004
0.749	0.00003025
0.750	0.00003059
0.751	0.00003110
0.752	0.00003160
0.753	0.00003200
0.754	0.00003254
0.755	0.00003327
0.756	0.00003362
0.757	0.00003412
0.758	0.00003454
0.759	0.00003497
0.760	0.00003538
0.761	0.00003597
0.762	0.00003638
0.763	0.00003689
0.764	0.00003763
0.765	0.00003808
0.766	0.00003858
0.767	0.00003893
0.768	0.00003956
0.769	0.00004000
0.770	0.00004032
0.771	0.00004039
0.772	0.00004096
0.773	0.00004159
0.774	0.00004190
0.775	0.00004243
0.776	0.00004290
0.777	0.00004348
0.778	0.00004380
0.779	0.00004436
0.780	0.00004468
0.781	0.00004515
0.782	0.00004561
0.783	0.00004632
0.784	0.00004716
0.785	0.00004792
0.786	0.00004883
0.787	0.00004960
0.788	0.00005019
0.789	0.00005088
0.790	0.00005173
0.791	0.00005254
0.792	0.00005336
0.793	0.00005405
0.794	0.00005447
0.795	0.00005551
0.796	0.00005614
0.797	0.00005666
0.798	0.00005774
0.799	0.00005816
0.800	0.00005883
0.801	0.00005952
0.802	0.00006009
0.803	0.00006047
0.804	0.00006114
0.805	0.00006196
0.806	0.00006260
0.807	0.00006355
0.808	0.00006453
0.809	0.00006553
0.810	0.00006588
0.811	0.00006682
0.812	0.00006747
0.813	0.00006793
0.814	0.00006858
0.815	0.00006904
0.816	0.00006960
0.817	0.00007038
0.818	0.00007116
0.819	0.00007216
0.820	0.00007310
0.821	0.00007400
0.822	0.00007455
0.823	0.00007513
0.824	0.00007584
0.825	0.00007681
0.826	0.00007776
0.827	0.00007887
0.828	0.00007968
0.829	0.00008073
0.830	0.00008163
0.831	0.00008273
0.832	0.00008361
0.833	0.00008468
0.834	0.00008588
0.835	0.00008661
0.836	0.00008759
0.837	0.00008801
0.838	0.00008859
0.839	0.00008962
0.840	0.00009049
0.841	0.00009176
0.842	0.00009328
0.843	0.00009436
0.844	0.00009473
0.845	0.00009611
0.846	0.00009703
0.847	0.00009820
0.848	0.00009939
0.849	0.00010008
0.850	0.00010153
0.851	0.00010268
0.852	0.00010329
0.853	0.00010428
0.854	0.00010510
0.855	0.00010594
0.856	0.00010679
0.857	0.00010781
0.858	0.00010884
0.859	0.00010976
0.860	0.00011119
0.861	0.00011233
0.862	0.00011327
0.863	0.00011473
0.864	0.00011646
0.865	0.00011781
0.866	0.00011964
0.867	0.00012076
0.868	0.00012182
0.869	0.00012242
0.870	0.00012332
0.871	0.00012479
0.872	0.00012601
0.873	0.00012778
0.874	0.00012863
0.875	0.00013039
0.876	0.00013229
0.877	0.00013346
0.878	0.00013496
0.879	0.00013691
0.880	0.00013802
0.881	0.00014003
0.882	0.00014054
0.883	0.00014174
0.884	0.00014279
0.885	0.00014379
0.886	0.00014566
0.887	0.00014727
0.888	0.00014784
0.889	0.00014951
0.890	0.00015074
0.891	0.00015185
0.892	0.00015361
0.893	0.00015542
0.894	0.00015657
0.895	0.00015764
0.896	0.00015963
0.897	0.00016136
0.898	0.00016312
0.899	0.00016455
0.900	0.00016601
0.901	0.00016787
0.902	0.00016944
0.903	0.00017101
0.904	0.00017306
0.905	0.00017496
0.906	0.00017705
0.907	0.00017856
0.908	0.00018034
0.909	0.00018187
0.910	0.00018266
0.911	0.00018430
0.912	0.00018490
0.913	0.00018709
0.914	0.00018793
0.915	0.00019004
0.916	0.00019161
0.917	0.00019387
0.918	0.00019667
0.919	0.00019883
0.920	0.00020107
0.921	0.00020193
0.922	0.00020495
0.923	0.00020658
0.924	0.00020945
0.925	0.00021065
0.926	0.00021267
0.927	0.00021447
0.928	0.00021637
0.929	0.00021838
0.930	0.00021949
0.931	0.00022113
0.932	0.00022263
0.933	0.00022636
0.934	0.00022793
0.935	0.00022949
0.936	0.00023140
0.937	0.00023368
0.938	0.00023568
0.939	0.00023730
0.940	0.00024022
0.941	0.00024221
0.942	0.00024393
0.943	0.00024504
0.944	0.00024727
0.945	0.00024856
0.946	0.00025132
0.947	0.00025423
0.948	0.00025691
0.949	0.00026013
0.950	0.00026158
0.951	0.00026427
0.952	0.00026778
0.953	0.00027124
0.954	0.00027351
0.955	0.00027567
0.956	0.00027667
0.957	0.00027926
0.958	0.00028304
0.959	0.00028481
0.960	0.00028731
0.961	0.00028885
0.962	0.00029162
0.963	0.00029390
0.964	0.00029593
0.965	0.00029856
0.966	0.00030141
0.967	0.00030503
0.968	0.00030800
0.969	0.00030996
0.970	0.00031280
0.971	0.00031349
0.972	0.00031650
0.973	0.00031979
0.974	0.00032114
0.975	0.00032530
0.976	0.00032672
0.977	0.00032821
0.978	0.00033107
0.979	0.00033375
0.980	0.00033622
0.981	0.00033783
0.982	0.00033954
0.983	0.00034240
0.984	0.00034573
0.985	0.00034801
0.986	0.00035180
0.987	0.00035277
0.988	0.00035450
0.989	0.00035872
0.990	0.00036033
0.991	0.00036510
0.992	0.00036642
0.993	0.00036667
0.994	0.00037059
0.995	0.00037379
0.996	0.00037654
0.997	0.00037995
0.998	0.00038405
0.999	0.00038807
1.000	0.00039019
1.001	0.00039541
1.002	0.00040013
1.003	0.00040505
1.004	0.00040948
1.005	0.00041167
1.006	0.00041634
1.007	0.00042140
1.008	0.00042361
1.009	0.00042716
1.010	0.00043147
1.011	0.00043480
1.012	0.00043946
1.013	0.00044196
1.014	0.00044636
1.015	0.00045026
1.016	0.00045312
1.017	0.00045542
1.018	0.00045807
1.019	0.00046249
1.020	0.00046666
1.021	0.00047100
1.022	0.00047613
1.023	0.00047729
1.024	0.00048393
1.025	0.00048763
1.026	0.00049235
1.027	0.00049443
1.028	0.00049887
1.029	0.00050279
1.030	0.00050463
1.031	0.00050806
1.032	0.00050945
1.033	0.00051224
1.034	0.00051527
1.035	0.00052072
1.036	0.00052578
1.037	0.00052804
1.038	0.00052994
1.039	0.00053570
1.040	0.00053833
1.041	0.00054225
1.042	0.00054423
1.043	0.00054625
1.044	0.00054995
1.045	0.00055541
1.046	0.00056086
1.047	0.00056555
1.048	0.00056953
1.049	0.00057410
1.050	0.00057876
1.051	0.00058409
1.052	0.00058660
1.053	0.00059011
1.054	0.00059297
1.055	0.00059839
1.056	0.00060495
1.057	0.00060915
1.058	0.00061467
1.059	0.00061957
1.060	0.00062213
1.061	0.00062655
1.062	0.00063087
1.063	0.00063624
1.064	0.00063879
1.065	0.00064388
1.066	0.00064998
1.067	0.00065357
1.068	0.00065254
1.069	0.00065828
1.070	0.00066321
1.071	0.00066651
1.072	0.00066939
1.073	0.00067435
1.074	0.00068126
1.075	0.00068729
1.076	0.00069215
1.077	0.00069720
1.078	0.00070199
1.079	0.00070485
1.080	0.00070941
1.081	0.00071351
1.082	0.00071488
1.083	0.00072070
1.084	0.00072766
1.085	0.00073281
1.086	0.00073822
1.087	0.00074414
1.088	0.00074986
1.089	0.00075749
1.090	0.00076465
1.091	0.00076842
1.092	0.00077120
1.093	0.00077491
1.094	0.00078202
1.095	0.00078975
1.096	0.00079436
1.097	0.00079766
1.098	0.00080051
1.099	0.00080744
1.100	0.00081608
1.101	0.00082188
1.102	0.00082751
1.103	0.00083539
1.104	0.00084252
1.105	0.00084962
1.106	0.00085153
1.107	0.00085506
1.108	0.00085732
1.109	0.00086053
1.110	0.00086697
1.111	0.00087164
1.112	0.00087712
1.113	0.00088511
1.114	0.00089305
1.115	0.00089966
1.116	0.00090570
1.117	0.00091023
1.118	0.00091475
1.119	0.00092000
1.120	0.00093043
1.121	0.00093842
1.122	0.00094283
1.123	0.00095120
1.124	0.00095903
1.125	0.00096415
1.126	0.00097142
1.127	0.00097521
1.128	0.00098144
1.129	0.00098955
1.130	0.00099711
1.131	0.00100360
1.132	0.00101231
1.133	0.00101638
1.134	0.00102457
1.135	0.00103210
1.136	0.00103979
1.137	0.00104746
1.138	0.00105283
1.139	0.00105714
1.140	0.00106653
1.141	0.00107608
1.142	0.00108360
1.143	0.00109295
1.144	0.00110277
1.145	0.00111037
1.146	0.00111870
1.147	0.00112700
1.148	0.00113156
1.149	0.00113831
1.150	0.00114355
1.151	0.00114625
1.152	0.00114983
1.153	0.00116006
1.154	0.00117218
1.155	0.00117875
1.156	0.00118903
1.157	0.00119544
1.158	0.00120730
1.159	0.00121614
1.160	0.00122171
1.161	0.00122902
1.162	0.00123983
1.163	0.00124478
1.164	0.00125329
1.165	0.00126535
1.166	0.00127821
1.167	0.00128689
1.168	0.00129591
1.169	0.00130478
1.170	0.00131480
1.171	0.00132220
1.172	0.00132858
1.173	0.00133871
1.174	0.00134713
1.175	0.00135484
1.176	0.00136705
1.177	0.00137825
1.178	0.00138532
1.179	0.00139229
1.180	0.00140172
1.181	0.00140531
1.182	0.00140779
1.183	0.00141800
1.184	0.00141859
1.185	0.00142575
1.186	0.00143957
1.187	0.00144344
1.188	0.00144963
1.189	0.00145608
1.190	0.00145957
1.191	0.00147001
1.192	0.00148325
1.193	0.00148871
1.194	0.00149263
1.195	0.00149857
1.196	0.00150841
1.197	0.00151643
1.198	0.00152832
1.199	0.00153405
1.200	0.00154157
1.201	0.00155006
1.202	0.00156444
1.203	0.00157579
1.204	0.00158896
1.205	0.00160384
1.206	0.00160909
1.207	0.00161919
1.208	0.00162715
1.209	0.00164770
1.210	0.00165378
1.211	0.00166321
1.212	0.00166694
1.213	0.00168585
1.214	0.00169486
1.215	0.00170495
1.216	0.00172078
1.217	0.00173622
1.218	0.00174418
1.219	0.00175609
1.220	0.00176055
1.221	0.00176246
1.222	0.00176881
1.223	0.00178325
1.224	0.00179536
1.225	0.00180740
1.226	0.00181758
1.227	0.00183181
1.228	0.00184486
1.229	0.00185127
1.230	0.00186859
1.231	0.00187255
1.232	0.00187805
1.233	0.00188616
1.234	0.00189871
1.235	0.00191264
1.236	0.00191619
1.237	0.00192504
1.238	0.00193334
1.239	0.00194046
1.240	0.00195025
1.241	0.00196371
1.242	0.00197470
1.243	0.00199243
1.244	0.00200441
1.245	0.00201748
1.246	0.00203066
1.247	0.00203708
1.248	0.00204695
1.249	0.00205722
1.250	0.00206742
1.251	0.00208338
1.252	0.00210042
1.253	0.00211289
1.254	0.00212274
1.255	0.00213517
1.256	0.00214173
1.257	0.00215344
1.258	0.00216886
1.259	0.00217439
1.260	0.00218283
1.261	0.00220025
1.262	0.00221462
1.263	0.00222560
1.264	0.00224022
1.265	0.00224545
1.266	0.00225439
1.267	0.00226529
1.268	0.00227697
1.269	0.00228154
1.270	0.00229759
1.271	0.00231064
1.272	0.00233187
1.273	0.00233984
1.274	0.00234558
1.275	0.00236172
1.276	0.00236371
1.277	0.00237974
1.278	0.00238686
1.279	0.00239846
1.280	0.00240933
1.281	0.00242114
1.282	0.00242261
1.283	0.00243025
1.284	0.00244126
1.285	0.00245436
1.286	0.00246275
1.287	0.00247800
1.288	0.00249581
1.289	0.00250902
1.290	0.00251882
1.291	0.00253399
1.292	0.00254665
1.293	0.00255819
1.294	0.00257347
1.295	0.00258661
1.296	0.00261033
1.297	0.00262915
1.298	0.00263366
1.299	0.00264877
1.300	0.00266768
1.301	0.00269353
1.302	0.00270288
1.303	0.00271811
1.304	0.00272926
1.305	0.00275273
1.306	0.00276473
1.307	0.00278657
1.308	0.00279262
1.309	0.00281317
1.310	0.00283680
1.311	0.00284517
1.312	0.00286106
1.313	0.00288208
1.314	0.00289283
1.315	0.00290487
1.316	0.00292090
1.317	0.00293617
1.318	0.00294817
1.319	0.00296370
1.320	0.00297276
1.321	0.00298602
1.322	0.00299228
1.323	0.00300796
1.324	0.00302541
1.325	0.00304972
1.326	0.00306821
1.327	0.00309159
1.328	0.00310498
1.329	0.00312325
1.330	0.00314077
1.331	0.00316781
1.332	0.00318844
1.333	0.00320037
1.334	0.00320295
1.335	0.00321822
1.336	0.00324716
1.337	0.00326038
1.338	0.00327606
1.339	0.00329834
1.340	0.00331742
1.341	0.00333443
1.342	0.00334238
1.343	0.00335632
1.344	0.00336997
1.345	0.00339668
1.346	0.00341293
1.347	0.00343069
1.348	0.00344754
1.349	0.00346341
1.350	0.00348290
1.351	0.00348146
1.352	0.00351726
1.353	0.00353318
1.354	0.00352703
1.355	0.00355629
1.356	0.00357840
1.357	0.00359288
1.358	0.00360187
1.359	0.00361766
1.360	0.00364129
1.361	0.00366096
1.362	0.00367869
1.363	0.00369489
1.364	0.00372126
1.365	0.00372776
1.366	0.00374071
1.367	0.00375622
1.368	0.00377652
1.369	0.00379505
1.370	0.00382794
1.371	0.00385682
1.372	0.00387963
1.373	0.00391575
1.374	0.00393690
1.375	0.00394345
1.376	0.00396221
1.377	0.00399040
1.378	0.00401478
1.379	0.00401148
1.380	0.00402244
1.381	0.00403907
1.382	0.00405652
1.383	0.00407505
1.384	0.00410289
1.385	0.00411599
1.386	0.00414123
1.387	0.00416464
1.388	0.00418476
1.389	0.00419975
1.390	0.00423176
1.391	0.00423385
1.392	0.00425212
1.393	0.00427612
1.394	0.00428659
1.395	0.00430845
1.396	0.00430843
1.397	0.00432898
1.398	0.00434991
1.399	0.00436951
1.400	0.00439486
1.401	0.00440396
1.402	0.00442805
1.403	0.00445306
1.404	0.00445963
1.405	0.00447589
1.406	0.00449224
1.407	0.00450028
1.408	0.00453228
1.409	0.00455623
1.410	0.00456365
1.411	0.00458247
1.412	0.00460314
1.413	0.00464343
1.414	0.00467608
1.415	0.00471114
1.416	0.00474582
1.417	0.00476844
1.418	0.00479710
1.419	0.00481137
1.420	0.00481866
1.421	0.00483963
1.422	0.00486751
1.423	0.00490537
1.424	0.00494030
1.425	0.00496454
1.426	0.00498895
1.427	0.00500292
1.428	0.00504607
1.429	0.00505580
1.430	0.00507154
1.431	0.00509491
1.432	0.00511482
1.433	0.00513249
1.434	0.00516596
1.435	0.00519822
1.436	0.00521162
1.437	0.00520826
1.438	0.00522895
1.439	0.00523743
1.440	0.00526890
1.441	0.00526069
1.442	0.00528557
1.443	0.00528397
1.444	0.00532011
1.445	0.00533825
1.446	0.00535835
1.447	0.00537816
1.448	0.00539927
1.449	0.00542608
1.450	0.00543055
1.451	0.00544132
1.452	0.00547122
1.453	0.00550998
1.454	0.00555244
1.455	0.00559624
1.456	0.00562710
1.457	0.00564062
1.458	0.00566824
1.459	0.00568574
1.460	0.00570858
1.461	0.00574549
1.462	0.00579509
1.463	0.00582594
1.464	0.00585311
1.465	0.00587118
1.466	0.00590085
1.467	0.00590589
1.468	0.00592597
1.469	0.00593546
1.470	0.00595909
1.471	0.00598318
1.472	0.00601176
1.473	0.00605186
1.474	0.00606271
1.475	0.00607993
1.476	0.00613314
1.477	0.00615221
1.478	0.00619606
1.479	0.00621349
1.480	0.00624586
1.481	0.00626826
1.482	0.00630297
1.483	0.00631872
1.484	0.00634662
1.485	0.00638778
1.486	0.00641747
1.487	0.00644777
1.488	0.00647130
1.489	0.00649053
1.490	0.00649978
1.491	0.00652432
1.492	0.00654677
1.493	0.00655580
1.494	0.00659000
1.495	0.00662717
1.496	0.00667276
1.497	0.00667759
1.498	0.00670995
1.499	0.00672355
1.500	0.00672742
1.501	0.00677974
1.502	0.00677922
1.503	0.00678966
1.504	0.00681939
1.505	0.00685491
1.506	0.00688666
1.507	0.00689485
1.508	0.00691580
1.509	0.00695872
1.510	0.00695443
1.511	0.00698468
1.512	0.00702264
1.513	0.00703736
1.514	0.00707500
1.515	0.00712341
1.516	0.00713931
1.517	0.00720478
1.518	0.00721656
1.519	0.00725650
1.520	0.00726797
1.521	0.00731236
1.522	0.00734880
1.523	0.00734994
1.524	0.00738007
1.525	0.00740596
1.526	0.00745196
1.527	0.00748055
1.528	0.00748888
1.529	0.00753694
1.530	0.00756246
1.531	0.00760023
1.532	0.00762706
1.533	0.00762777
1.534	0.00767307
1.535	0.00767866
1.536	0.00770289
1.537	0.00773402
1.538	0.00776553
1.539	0.00779562
1.540	0.00782521
1.541	0.00783189
1.542	0.00786150
1.543	0.00789819
1.544	0.00794865
1.545	0.00800064
1.546	0.00802083
1.547	0.00804660
1.548	0.00805384
1.549	0.00810589
1.550	0.00816201
1.551	0.00818829
1.552	0.00820399
1.553	0.00823328
1.554	0.00824602
1.555	0.00831330
1.556	0.00835177
1.557	0.00836744
1.558	0.00839590
1.559	0.00839286
1.560	0.00843036
1.561	0.00846506
1.562	0.00848561
1.563	0.00850865
1.564	0.00849707
1.565	0.00855813
1.566	0.00862934
1.567	0.00865812
1.568	0.00868821
1.569	0.00872870
1.570	0.00877287
1.571	0.00880006
1.572	0.00884992
1.573	0.00893213
1.574	0.00894652
1.575	0.00895722
1.576	0.00899287
1.577	0.00903277
1.578	0.00904834
1.579	0.00912224
1.580	0.00916003
1.581	0.00922995
1.582	0.00925569
1.583	0.00931116
1.584	0.00936784
1.585	0.00939847
1.586	0.00942265
1.587	0.00943712
1.588	0.00947880
1.589	0.00952857
1.590	0.00958267
1.591	0.00961453
1.592	0.00963279
1.593	0.00967284
1.594	0.00973937
1.595	0.00974623
1.596	0.00981934
1.597	0.00985498
1.598	0.00989123
1.599	0.00994730
1.600	0.00996595
1.601	0.01003265
1.602	0.01009480
1.603	0.01010346
1.604	0.01015974
1.605	0.01017449
1.606	0.01018782
1.607	0.01022369
1.608	0.01021810
1.609	0.01025732
1.610	0.01030540
1.611	0.01035946
1.612	0.01039732
1.613	0.01048242
1.614	0.01048532
1.615	0.01050535
1.616	0.01054614
1.617	0.01056684
1.618	0.01064029
1.619	0.01065203
1.620	0.01071249
1.621	0.01075532
1.622	0.01080234
1.623	0.01080488
1.624	0.01084425
1.625	0.01087383
1.626	0.01091975
1.627	0.01096101
1.628	0.01102108
1.629	0.01104500
1.630	0.01109126
1.631	0.01114469
1.632	0.01120250
1.633	0.01127075
1.634	0.01130281
1.635	0.01134672
1.636	0.01136334
1.637	0.01137079
1.638	0.01139174
1.639	0.01140151
1.640	0.01141879
1.641	0.01146361
1.642	0.01150745
1.643	0.01154797
1.644	0.01160657
1.645	0.01167293
1.646	0.01168733
1.647	0.01168321
1.648	0.01174462
1.649	0.01178158
1.650	0.01180822
1.651	0.01185607
1.652	0.01190596
1.653	0.01194967
1.654	0.01199091
1.655	0.01205635
1.656	0.01212150
1.657	0.01211732
1.658	0.01218018
1.659	0.01222610
1.660	0.01225097
1.661	0.01230194
1.662	0.01232173
1.663	0.01236454
1.664	0.01242604
1.665	0.01245063
1.666	0.01251774
1.667	0.01261775
1.668	0.01262083
1.669	0.01269763
1.670	0.01274398
1.671	0.01277516
1.672	0.01283828
1.673	0.01285439
1.674	0.01288579
1.675	0.01298067
1.676	0.01296876
1.677	0.01300905
1.678	0.01302013
1.679	0.01306897
1.680	0.01306678
1.681	0.01311306
1.682	0.01318154
1.683	0.01323721
1.684	0.01330792
1.685	0.01336023
1.686	0.01336897
1.687	0.01337728
1.688	0.01341810
1.689	0.01348660
1.690	0.01346517
1.691	0.01350112
1.692	0.01353816
1.693	0.01356282
1.694	0.01357770
1.695	0.01362913
1.696	0.01370735
1.697	0.01376043
1.698	0.01380574
1.699	0.01389622
1.700	0.01398340
1.701	0.01403051
1.702	0.01406739
1.703	0.01409201
1.704	0.01409389
1.705	0.01412926
1.706	0.01416815
1.707	0.01424263
1.708	0.01425557
1.709	0.01427851
1.710	0.01430498
1.711	0.01433801
1.712	0.01434623
1.713	0.01438466
1.714	0.01444041
1.715	0.01445113
1.716	0.01448987
1.717	0.01454691
1.718	0.01458356
1.719	0.01461745
1.720	0.01466694
1.721	0.01468788
1.722	0.01473941
1.723	0.01480278
1.724	0.01487665
1.725	0.01493409
1.726	0.01496957
1.727	0.01502135
1.728	0.01508302
1.729	0.01516109
1.730	0.01521579
1.731	0.01525814
1.732	0.01534842
1.733	0.01542124
1.734	0.01543048
1.735	0.01544424
1.736	0.01545887
1.737	0.01548757
1.738	0.01553897
1.739	0.01559186
1.740	0.01568052
1.741	0.01571438
1.742	0.01579827
1.743	0.01586898
1.744	0.01592036
1.745	0.01598374
1.746	0.01606348
1.747	0.01615098
1.748	0.01619788
1.749	0.01617387
1.750	0.01622318
1.751	0.01630457
1.752	0.01635687
1.753	0.01626634
1.754	0.01637376
1.755	0.01639861
1.756	0.01645690
1.757	0.01651043
1.758	0.01655404
1.759	0.01668618
1.760	0.01669267
1.761	0.01678477
1.762	0.01670613
1.763	0.01679887
1.764	0.01678849
1.765	0.01685178
1.766	0.01692810
1.767	0.01695821
1.768	0.01703230
1.769	0.01710796
1.770	0.01720359
1.771	0.01723095
1.772	0.01729148
1.773	0.01731581
1.774	0.01733959
1.775	0.01733667
1.776	0.01736152
1.777	0.01739900
1.778	0.01744423
1.779	0.01743367
1.780	0.01749302
1.781	0.01758367
1.782	0.01770595
1.783	0.01778285
1.784	0.01776913
1.785	0.01786943
1.786	0.01787857
1.787	0.01790279
1.788	0.01790828
1.789	0.01795523
1.790	0.01800721
1.791	0.01804356
1.792	0.01810981
1.793	0.01818765
1.794	0.01822941
1.795	0.01827574
1.796	0.01834451
1.797	0.01849046
1.798	0.01857098
1.799	0.01866307
1.800	0.01865356
1.801	0.01873240
1.802	0.01871921
1.803	0.01871819
1.804	0.01876897
1.805	0.01873294
1.806	0.01883298
1.807	0.01887600
1.808	0.01888703
1.809	0.01895573
1.810	0.01902725
1.811	0.01910862
1.812	0.01921411
1.813	0.01935383
1.814	0.01941693
1.815	0.01953677
1.816	0.01964439
1.817	0.01976472
1.818	0.01981864
1.819	0.01987433
1.820	0.01990807
1.821	0.01995449
1.822	0.02003587
1.823	0.02013392
1.824	0.02016527
1.825	0.02020813
1.826	0.02026736
1.827	0.02031770
1.828	0.02040983
1.829	0.02044349
1.830	0.02050770
1.831	0.02056236
1.832	0.02065692
1.833	0.02069770
1.834	0.02072855
1.835	0.02074634
1.836	0.02087233
1.837	0.02095364
1.838	0.02103403
1.839	0.02111323
1.840	0.02122557
1.841	0.02124045
1.842	0.02123061
1.843	0.02130862
1.844	0.02137970
1.845	0.02143165
1.846	0.02136374
1.847	0.02147403
1.848	0.02155898
1.849	0.02153309
1.850	0.02162866
1.851	0.02163555
1.852	0.02169246
1.853	0.02177606
1.854	0.02180612
1.855	0.02186266
1.856	0.02196614
1.857	0.02199398
1.858	0.02207826
1.859	0.02216448
1.860	0.02217411
1.861	0.02229311
1.862	0.02229781
1.863	0.02232608
1.864	0.02229146
1.865	0.02241725
1.866	0.02247348
1.867	0.02250877
1.868	0.02256712
1.869	0.02256303
1.870	0.02257547
1.871	0.02254290
1.872	0.02266532
1.873	0.02270573
1.874	0.02270984
1.875	0.02283276
1.876	0.02292267
1.877	0.02287979
1.878	0.02297207
1.879	0.02307139
1.880	0.02307864
1.881	0.02319481
1.882	0.02328245
1.883	0.02329640
1.884	0.02334086
1.885	0.02338317
1.886	0.02333694
1.887	0.02341612
1.888	0.02348091
1.889	0.02355970
1.890	0.02355881
1.891	0.02370914
1.892	0.02372787
1.893	0.02374195
1.894	0.02385055
1.895	0.02389740
1.896	0.02400072
1.897	0.02406484
1.898	0.02419263
1.899	0.02417057
1.900	0.02425561
1.901	0.02435033
1.902	0.02439902
1.903	0.02447938
1.904	0.02453535
1.905	0.02457660
1.906	0.02449781
1.907	0.02456420
1.908	0.02466990
1.909	0.02471074
1.910	0.02481317
1.911	0.02482676
1.912	0.02487454
1.913	0.02493869
1.914	0.02501272
1.915	0.02512437
1.916	0.02517817
1.917	0.02528578
1.918	0.02540074
1.919	0.02546475
1.920	0.02544721
1.921	0.02547418
1.922	0.02547622
1.923	0.02550468
1.924	0.02558443
1.925	0.02560044
1.926	0.02560038
1.927	0.02573299
1.928	0.02579424
1.929	0.02582821
1.930	0.02592892
1.931	0.02601589
1.932	0.02605354
1.933	0.02612390
1.934	0.02619752
1.935	0.02629342
1.936	0.02633635
1.937	0.02643064
1.938	0.02650390
1.939	0.02655941
1.940	0.02662468
1.941	0.02665107
1.942	0.02668988
1.943	0.02677947
1.944	0.02685165
1.945	0.02692202
1.946	0.02698698
1.947	0.02712643
1.948	0.02715755
1.949	0.02723294
1.950	0.02733840
1.951	0.02748647
1.952	0.02760200
1.953	0.02772391
1.954	0.02785085
1.955	0.02799197
1.956	0.02811058
1.957	0.02819479
1.958	0.02830144
1.959	0.02828357
1.960	0.02828571
1.961	0.02835234
1.962	0.02846532
1.963	0.02855462
1.964	0.02864064
1.965	0.02873648
1.966	0.02886405
1.967	0.02896976
1.968	0.02909844
1.969	0.02920695
1.970	0.02925831
1.971	0.02930697
1.972	0.02947398
1.973	0.02951094
1.974	0.02970016
1.975	0.02979459
1.976	0.02972946
1.977	0.02979818
1.978	0.02984260
1.979	0.02985104
1.980	0.02993678
1.981	0.02992328
1.982	0.02992582
1.983	0.02986669
1.984	0.02986739
1.985	0.02995498
1.986	0.02994058
1.987	0.03002948
1.988	0.03000257
1.989	0.03000549
1.990	0.03018911
1.991	0.03022059
1.992	0.03029898
1.993	0.03027492
1.994	0.03044485
1.995	0.03065068
1.996	0.03076212
1.997	0.03083784
1.998	0.03086337
1.999	0.03092411
2.000	0.03101720
2.001	0.03104956
2.002	0.03103327
2.003	0.03109841
2.004	0.03114338
2.005	0.03110061
2.006	0.03104952
2.007	0.03115224
2.008	0.03115496
2.009	0.03120525
2.010	0.03123810
2.011	0.03125311
2.012	0.03143489
2.013	0.03154683
2.014	0.03165784
2.015	0.03170713
2.016	0.03170178
2.017	0.03181242
2.018	0.03201315
2.019	0.03205871
2.020	0.03201263
2.021	0.03209805
2.022	0.03216432
2.023	0.03214163
2.024	0.03216384
2.025	0.03218815
2.026	0.03227783
2.027	0.03237643
2.028	0.03238429
2.029	0.03238825
2.030	0.03249603
2.031	0.03245903
2.032	0.03248784
2.033	0.03260449
2.034	0.03266939
2.035	0.03270562
2.036	0.03275745
2.037	0.03271428
2.038	0.03278045
2.039	0.03276389
2.040	0.03281139
2.041	0.03283891
2.042	0.03296595
2.043	0.03317551
2.044	0.03330163
2.045	0.03326984
2.046	0.03335020
2.047	0.03346330
2.048	0.03352830
2.049	0.03361900
2.050	0.03364019
2.051	0.03374557
2.052	0.03375926
2.053	0.03385980
2.054	0.03396693
2.055	0.03415332
2.056	0.03431247
2.057	0.03442542
2.058	0.03449625
2.059	0.03458259
2.060	0.03444331
2.061	0.03447024
2.062	0.03447575
2.063	0.03458205
2.064	0.03458005
2.065	0.03469712
2.066	0.03482153
2.067	0.03490622
2.068	0.03496372
2.069	0.03496371
2.070	0.03510844
2.071	0.03515128
2.072	0.03513729
2.073	0.03516442
2.074	0.03527244
2.075	0.03527517
2.076	0.03538615
2.077	0.03540643
2.078	0.03548398
2.079	0.03552707
2.080	0.03565186
2.081	0.03565550
2.082	0.03584009
2.083	0.03587856
2.084	0.03591271
2.085	0.03605619
2.086	0.03608020
2.087	0.03600408
2.088	0.03602493
2.089	0.03607053
2.090	0.03622345
2.091	0.03642323
2.092	0.03643136
2.093	0.03655992
2.094	0.03663321
2.095	0.03674953
2.096	0.03691877
2.097	0.03698088
2.098	0.03702627
2.099	0.03708933
2.100	0.03720840
2.101	0.03720869
2.102	0.03741510
2.103	0.03741624
2.104	0.03742053
2.105	0.03750385
2.106	0.03745349
2.107	0.03743537
2.108	0.03747955
2.109	0.03762736
2.110	0.03764570
2.111	0.03762979
2.112	0.03762168
2.113	0.03756342
2.114	0.03760354
2.115	0.03776732
2.116	0.03793588
2.117	0.03819286
2.118	0.03831482
2.119	0.03833631
2.120	0.03841349
2.121	0.03845668
2.122	0.03861916
2.123	0.03868001
2.124	0.03884974
2.125	0.03889072
2.126	0.03897258
2.127	0.03895266
2.128	0.03900923
2.129	0.03886401
2.130	0.03900758
2.131	0.03906011
2.132	0.03909448
2.133	0.03925522
2.134	0.03946836
2.135	0.03945196
2.136	0.03940297
2.137	0.03943848
2.138	0.03947143
2.139	0.03950846
2.140	0.03966637
2.141	0.03976313
2.142	0.03985605
2.143	0.03993583
2.144	0.04008127
2.145	0.04010462
2.146	0.04007537
2.147	0.04023321
2.148	0.04020216
2.149	0.04023600
2.150	0.04013137
2.151	0.04018400
2.152	0.04031862
2.153	0.04025380
2.154	0.04032601
2.155	0.04042520
2.156	0.04041184
2.157	0.04042964
2.158	0.04052797
2.159	0.04056958
2.160	0.04058025
2.161	0.04066995
2.162	0.04063785
2.163	0.04077045
2.164	0.04105091
2.165	0.04105822
2.166	0.04121988
2.167	0.04118644
2.168	0.04118661
2.169	0.04135047
2.170	0.04148496
2.171	0.04161111
2.172	0.04155049
2.173	0.04182387
2.174	0.04170659
2.175	0.04168854
2.176	0.04176600
2.177	0.04168789
2.178	0.04183344
2.179	0.04176842
2.180	0.04193502
2.181	0.04210105
2.182	0.04231175
2.183	0.04234895
2.184	0.04229917
2.185	0.04223490
2.186	0.04244905
2.187	0.04254987
2.188	0.04259963
2.189	0.04274296
2.190	0.04290044
2.191	0.04305435
2.192	0.04320702
2.193	0.04326381
2.194	0.04333114
2.195	0.04331547
2.196	0.04348017
2.197	0.04358749
2.198	0.04350377
2.199	0.04364680
2.200	0.04389007
2.201	0.04394711
2.202	0.04405029
2.203	0.04421780
2.204	0.04432588
2.205	0.04438629
2.206	0.04441161
2.207	0.04443996
2.208	0.04443359
2.209	0.04441851
2.210	0.04461758
2.211	0.04462478
2.212	0.04470864
2.213	0.04479304
2.214	0.04461425
2.215	0.04469098
2.216	0.04476741
2.217	0.04474174
2.218	0.04480468
2.219	0.04479503
2.220	0.04466672
2.221	0.04471951
2.222	0.04491002
2.223	0.04510907
2.224	0.04516913
2.225	0.04527397
2.226	0.04537302
2.227	0.04536125
2.228	0.04547431
2.229	0.04533195
2.230	0.04527500
2.231	0.04519315
2.232	0.04502068
2.233	0.04505719
2.234	0.04495213
2.235	0.04503060
2.236	0.04500889
2.237	0.04511003
2.238	0.04526498
2.239	0.04539907
2.240	0.04545491
2.241	0.04543373
2.242	0.04560207
2.243	0.04564542
2.244	0.04567464
2.245	0.04580729
2.246	0.04596761
2.247	0.04587800
2.248	0.04588218
2.249	0.04581142
2.250	0.04583797
2.251	0.04589597
2.252	0.04566132
2.253	0.04561045
2.254	0.04578368
2.255	0.04576062
2.256	0.04566628
2.257	0.04568129
2.258	0.04570216
2.259	0.04574909
2.260	0.04559807
2.261	0.04570822
2.262	0.04594143
2.263	0.04597159
2.264	0.04596283
2.265	0.04615253
2.266	0.04642222
2.267	0.04635450
2.268	0.04622525
2.269	0.04626717
2.270	0.04642969
2.271	0.04646838
2.272	0.04661709
2.273	0.04660654
2.274	0.04681064
2.275	0.04675297
2.276	0.04677836
2.277	0.04684914
2.278	0.04681225
2.279	0.04682134
2.280	0.04686480
2.281	0.04705712
2.282	0.04719620
2.283	0.04741867
2.284	0.04764192
2.285	0.04774168
2.286	0.04785464
2.287	0.04795917
2.288	0.04804233
2.289	0.04795784
2.290	0.04796478
2.291	0.04789987
2.292	0.04799616
2.293	0.04807272
2.294	0.04813601
2.295	0.04814897
2.296	0.04822610
2.297	0.04833569
2.298	0.04844179
2.299	0.04844955
2.300	0.04847089
2.301	0.04834739
2.302	0.04849748
2.303	0.04853994
2.304	0.04864141
2.305	0.04869829
2.306	0.04856738
2.307	0.04859004
2.308	0.04864448
2.309	0.04876388
2.310	0.04873581
2.311	0.04871814
2.312	0.04875451
2.313	0.04893592
2.314	0.04881074
2.315	0.04898653
2.316	0.04929561
2.317	0.04938826
2.318	0.04939132
2.319	0.04947864
2.320	0.04951110
2.321	0.04948563
2.322	0.04945646
2.323	0.04928419
2.324	0.04934915
2.325	0.04939239
2.326	0.04918065
2.327	0.04936044
2.328	0.04949156
2.329	0.04938404
2.330	0.04947800
2.331	0.04954997
2.332	0.04954115
2.333	0.04977311
2.334	0.04977656
2.335	0.04935422
2.336	0.04931343
2.337	0.04935064
2.338	0.04944766
2.339	0.04948192
2.340	0.04977326
2.341	0.04989598
2.342	0.04997575
2.343	0.05001284
2.344	0.05010859
2.345	0.05002343
2.346	0.04997479
2.347	0.04998329
2.348	0.05000636
2.349	0.05017686
2.350	0.05022604
2.351	0.05025755
2.352	0.05021589
2.353	0.05030952
2.354	0.05035463
2.355	0.05025141
2.356	0.05031103
2.357	0.05023738
2.358	0.05029662
2.359	0.05033241
2.360	0.05037057
2.361	0.05046484
2.362	0.05042402
2.363	0.05053313
2.364	0.05061913
2.365	0.05065007
2.366	0.05038979
2.367	0.05041903
2.368	0.05044064
2.369	0.05052298
2.370	0.05061005
2.371	0.05078287
2.372	0.05065001
2.373	0.05060330
2.374	0.05065053
2.375	0.05066284
2.376	0.05077300
2.377	0.05086254
2.378	0.05100981
2.379	0.05098074
2.380	0.05097055
2.381	0.05124047
2.382	0.05111987
2.383	0.05107542
2.384	0.05116521
2.385	0.05132643
2.386	0.05141515
2.387	0.05131797
2.388	0.05142166
2.389	0.05153196
2.390	0.05147928
2.391	0.05136501
2.392	0.05146351
2.393	0.05155841
2.394	0.05155032
2.395	0.05168780
2.396	0.05193533
2.397	0.05185975
2.398	0.05207638
2.399	0.05224919
2.400	0.05221454
2.401	0.05230973
2.402	0.05241634
2.403	0.05248026
2.404	0.05258695
2.405	0.05268466
2.406	0.05251709
2.407	0.05240830
2.408	0.05244926
2.409	0.05216015
2.410	0.05213930
2.411	0.05218106
2.412	0.05249404
2.413	0.05264576
2.414	0.05265627
2.415	0.05265204
2.416	0.05276451
2.417	0.05297540
2.418	0.05291870
2.419	0.05305022
2.420	0.05311988
2.421	0.05317185
2.422	0.05318681
2.423	0.05318610
2.424	0.05306206
2.425	0.05313119
2.426	0.05332463
2.427	0.05307484
2.428	0.05286368
2.429	0.05268752
2.430	0.05255846
2.431	0.05262460
2.432	0.05282461
2.433	0.05277607
2.434	0.05264893
2.435	0.05267686
2.436	0.05251890
2.437	0.05273151
2.438	0.05276167
2.439	0.05292400
2.440	0.05292730
2.441	0.05295899
2.442	0.05308616
2.443	0.05307831
2.444	0.05356835
2.445	0.05363612
2.446	0.05388196
2.447	0.05408058
2.448	0.05388912
2.449	0.05388781
2.450	0.05373289
2.451	0.05367296
2.452	0.05403270
2.453	0.05421718
2.454	0.05418194
2.455	0.05426795
2.456	0.05430165
2.457	0.05457499
2.458	0.05421920
2.459	0.05409668
2.460	0.05413374
2.461	0.05418901
2.462	0.05423228
2.463	0.05430295
2.464	0.05451138
2.465	0.05454376
2.466	0.05455937
2.467	0.05450853
2.468	0.05451850
2.469	0.05422614
2.470	0.05433830
2.471	0.05476449
2.472	0.05473396
2.473	0.05454741
2.474	0.05467020
2.475	0.05442457
2.476	0.05447963
2.477	0.05453001
2.478	0.05452839
2.479	0.05465444
2.480	0.05463067
2.481	0.05454827
2.482	0.05453346
2.483	0.05471784
2.484	0.05471641
2.485	0.05473162
2.486	0.05468706
2.487	0.05452459
2.488	0.05451883
2.489	0.05467329
2.490	0.05471061
2.491	0.05480020
2.492	0.05465868
2.493	0.05467914
2.494	0.05478831
2.495	0.05479055
2.496	0.05445115
2.497	0.05463451
2.498	0.05461836
2.499	0.05446529
2.500	0.05427721
2.501	0.05428593
2.502	0.05433047
2.503	0.05425910
2.504	0.05442042
2.505	0.05454518
2.506	0.05453683
2.507	0.05430980
2.508	0.05434019
2.509	0.05421420
2.510	0.05386167
2.511	0.05385125
2.512	0.05405793
2.513	0.05410171
2.514	0.05394387
2.515	0.05370123
2.516	0.05384380
2.517	0.05386377
2.518	0.05368807
2.519	0.05369368
2.520	0.05381559
2.521	0.05372016
2.522	0.05380586
2.523	0.05365749
2.524	0.05369168
2.525	0.05353686
2.526	0.05358956
2.527	0.05344169
2.528	0.05363963
2.529	0.05370143
2.530	0.05373748
2.531	0.05366305
2.532	0.05353538
2.533	0.05354129
2.534	0.05349959
2.535	0.05356070
2.536	0.05352149
2.537	0.05377045
2.538	0.05370232
2.539	0.05391056
2.540	0.05388897
2.541	0.05384044
2.542	0.05370388
2.543	0.05379965
2.544	0.05401361
2.545	0.05409072
2.546	0.05409218
2.547	0.05426296
2.548	0.05422982
2.549	0.05404610
2.550	0.05412559
2.551	0.05406509
2.552	0.05398856
2.553	0.05389683
2.554	0.05364116
2.555	0.05364698
2.556	0.05383172
2.557	0.05367415
2.558	0.05357014
2.559	0.05361571
2.560	0.05386548
2.561	0.05386525
2.562	0.05376162
2.563	0.05382759
2.564	0.05382902
2.565	0.05380558
2.566	0.05390400
2.567	0.05380115
2.568	0.05384053
2.569	0.05386392
2.570	0.05396491
2.571	0.05377180
2.572	0.05402881
2.573	0.05402574
2.574	0.05411935
2.575	0.05394006
2.576	0.05389800
2.577	0.05391092
2.578	0.05385578
2.579	0.05362988
2.580	0.05360854
2.581	0.05379599
2.582	0.05374446
2.583	0.05384186
2.584	0.05394024
2.585	0.05394169
2.586	0.05361796
2.587	0.05341688
2.588	0.05329611
2.589	0.05340293
2.590	0.05342774
2.591	0.05320710
2.592	0.05329923
2.593	0.05358670
2.594	0.05334701
2.595	0.05349617
2.596	0.05345180
2.597	0.05362913
2.598	0.05357481
2.599	0.05364965
2.600	0.05363204
2.601	0.05348046
2.602	0.05365783
2.603	0.05369414
2.604	0.05353707
2.605	0.05371405
2.606	0.05365301
2.607	0.05408953
2.608	0.05427003
2.609	0.05430570
2.610	0.05432478
2.611	0.05461140
2.612	0.05465967
2.613	0.05459900
2.614	0.05445037
2.615	0.05433204
2.616	0.05440891
2.617	0.05445204
2.618	0.05437908
2.619	0.05433817
2.620	0.05433160
2.621	0.05432926
2.622	0.05444883
2.623	0.05444512
2.624	0.05447050
2.625	0.05439622
2.626	0.05442600
2.627	0.05431765
2.628	0.05444979
2.629	0.05434856
2.630	0.05438641
2.631	0.05434180
2.632	0.05435901
2.633	0.05451389
2.634	0.05459548
2.635	0.05471016
2.636	0.05496240
2.637	0.05494842
2.638	0.05505446
2.639	0.05488570
2.640	0.05479027
2.641	0.05469225
2.642	0.05473865
2.643	0.05482207
2.644	0.05479663
2.645	0.05486559
2.646	0.05487712
2.647	0.05479975
2.648	0.05471208
2.649	0.05453603
2.650	0.05445498
2.651	0.05426903
2.652	0.05414925
2.653	0.05409966
2.654	0.05419293
2.655	0.05418984
2.656	0.05395266
2.657	0.05379012
2.658	0.05361314
2.659	0.05334366
2.660	0.05326843
2.661	0.05335955
2.662	0.05332115
2.663	0.05353994
2.664	0.05374939
2.665	0.05368558
2.666	0.05352134
2.667	0.05349487
2.668	0.05350660
2.669	0.05351756
2.670	0.05340689
2.671	0.05341222
2.672	0.05375228
2.673	0.05370367
2.674	0.05345938
2.675	0.05315570
2.676	0.05346877
2.677	0.05340883
2.678	0.05321978
2.679	0.05316786
2.680	0.05317762
2.681	0.05311289
2.682	0.05313871
2.683	0.05300300
2.684	0.05313410
2.685	0.05330827
2.686	0.05349078
2.687	0.05350060
2.688	0.05354836
2.689	0.05341475
2.690	0.05347840
2.691	0.05363132
2.692	0.05359470
2.693	0.05356202
2.694	0.05377868
2.695	0.05340630
2.696	0.05351238
2.697	0.05339855
2.698	0.05370476
2.699	0.05371159
2.700	0.05380924
2.701	0.05386719
2.702	0.05383627
2.703	0.05360732
2.704	0.05350650
2.705	0.05355430
2.706	0.05354746
2.707	0.05326127
2.708	0.05313241
2.709	0.05312711
2.710	0.05324921
2.711	0.05307221
2.712	0.05332784
2.713	0.05331559
2.714	0.05322746
2.715	0.05312212
2.716	0.05332813
2.717	0.05332079
2.718	0.05303691
2.719	0.05286217
2.720	0.05263269
2.721	0.05283145
2.722	0.05282843
2.723	0.05297338
2.724	0.05304309
2.725	0.05307863
2.726	0.05296989
2.727	0.05270428
2.728	0.05255440
2.729	0.05252227
2.730	0.05251545
2.731	0.05248186
2.732	0.05245194
2.733	0.05253378
2.734	0.05235564
2.735	0.05245517
2.736	0.05228724
2.737	0.05214992
2.738	0.05211609
2.739	0.05205280
2.740	0.05215330
2.741	0.05210410
2.742	0.05219294
2.743	0.05205864
2.744	0.05225680
2.745	0.05223860
2.746	0.05226327
2.747	0.05190969
2.748	0.05207422
2.749	0.05217915
2.750	0.05200673
2.751	0.05222367
2.752	0.05254994
2.753	0.05233522
2.754	0.05229204
2.755	0.05207537
2.756	0.05193521
2.757	0.05205041
2.758	0.05185118
2.759	0.05175079
2.760	0.05180971
2.761	0.05169020
2.762	0.05193476
2.763	0.05215439
2.764	0.05223885
2.765	0.05196538
2.766	0.05178109
2.767	0.05199839
2.768	0.05177753
2.769	0.05190920
2.770	0.05192234
2.771	0.05179069
2.772	0.05173173
2.773	0.05175778
2.774	0.05142073
2.775	0.05134229
2.776	0.05114478
2.777	0.05132488
2.778	0.05141648
2.779	0.05141699
2.780	0.05141181
2.781	0.05141122
2.782	0.05119523
2.783	0.05105891
2.784	0.05113686
2.785	0.05103741
2.786	0.05083666
2.787	0.05058554
2.788	0.05065072
2.789	0.05071317
2.790	0.05076522
2.791	0.05076220
2.792	0.05088929
2.793	0.05091642
2.794	0.05077329
2.795	0.05096100
2.796	0.05088506
2.797	0.05075317
2.798	0.05075971
2.799	0.05081642
2.800	0.05072103
2.801	0.05053240
2.802	0.05057903
2.803	0.05060356
2.804	0.05064708
2.805	0.05062464
2.806	0.05076630
2.807	0.05069360
2.808	0.05076952
2.809	0.05084624
2.810	0.05060130
2.811	0.05058888
2.812	0.05084687
2.813	0.05104599
2.814	0.05088001
2.815	0.05069019
2.816	0.05076432
2.817	0.05060877
2.818	0.05038160
2.819	0.05021869
2.820	0.05022690
2.821	0.05013119
2.822	0.04995689
2.823	0.05028222
2.824	0.05027091
2.825	0.05033191
2.826	0.05033732
2.827	0.05056040
2.828	0.05050719
2.829	0.05050168
2.830	0.05055914
2.831	0.05067507
2.832	0.05069007
2.833	0.05040808
2.834	0.05019533
2.835	0.05009626
2.836	0.05014416
2.837	0.05018110
2.838	0.05047224
2.839	0.05040706
2.840	0.05049247
2.841	0.05051362
2.842	0.05039654
2.843	0.05036419
2.844	0.05027365
2.845	0.05003339
2.846	0.05009751
2.847	0.05023389
2.848	0.05013352
2.849	0.05007561
2.850	0.05014139
2.851	0.05031591
2.852	0.05021761
2.853	0.05020138
2.854	0.05011463
2.855	0.05025611
2.856	0.05007314
2.857	0.04988072
2.858	0.05002980
2.859	0.05011285
2.860	0.04997483
2.861	0.04981431
2.862	0.04982408
2.863	0.04999507
2.864	0.05009684
2.865	0.04981582
2.866	0.04993008
2.867	0.04979538
2.868	0.04991227
2.869	0.04979627
2.870	0.04978876
2.871	0.04983518
2.872	0.04991449
2.873	0.04990273
2.874	0.04982856
2.875	0.04976724
2.876	0.04981739
2.877	0.04980379
2.878	0.04970845
2.879	0.04959536
2.880	0.04931111
2.881	0.04918029
2.882	0.04932220
2.883	0.04937877
2.884	0.04922833
2.885	0.04924357
2.886	0.04935044
2.887	0.04933239
2.888	0.04943136
2.889	0.04929373
2.890	0.04951074
2.891	0.04950812
2.892	0.04917574
2.893	0.04891122
2.894	0.04895914
2.895	0.04893279
2.896	0.04858786
2.897	0.04876482
2.898	0.04871970
2.899	0.04852305
2.900	0.04849844
2.901	0.04844187
2.902	0.04856196
2.903	0.04867974
2.904	0.04873959
2.905	0.04864454
2.906	0.04863082
2.907	0.04883262
2.908	0.04888530
2.909	0.04893291
2.910	0.04887544
2.911	0.04894196
2.912	0.04886362
2.913	0.04883689
2.914	0.04866344
2.915	0.04865057
2.916	0.04856698
2.917	0.04869967
2.918	0.04876034
2.919	0.04873287
2.920	0.04887821
2.921	0.04879329
2.922	0.04869825
2.923	0.04850702
2.924	0.04831390
2.925	0.04843351
2.926	0.04825632
2.927	0.04811280
2.928	0.04825837
2.929	0.04792954
2.930	0.04783137
2.931	0.04786356
2.932	0.04761950
2.933	0.04758150
2.934	0.04739856
2.935	0.04712416
2.936	0.04698397
2.937	0.04695964
2.938	0.04688895
2.939	0.04676123
2.940	0.04656284
2.941	0.04662674
2.942	0.04664721
2.943	0.04666729
2.944	0.04647869
2.945	0.04662921
2.946	0.04697189
2.947	0.04734918
2.948	0.04732531
2.949	0.04729947
2.950	0.04733983
2.951	0.04738222
2.952	0.04710346
2.953	0.04690679
2.954	0.04695210
2.955	0.04704865
2.956	0.04696001
2.957	0.04704857
2.958	0.04697980
2.959	0.04690872
2.960	0.04686281
2.961	0.04706067
2.962	0.04700380
2.963	0.04692115
2.964	0.04699859
2.965	0.04668862
2.966	0.04681463
2.967	0.04702477
2.968	0.04699799
2.969	0.04698953
2.970	0.04719228
2.971	0.04726334
2.972	0.04737547
2.973	0.04719531
2.974	0.04718906
2.975	0.04717211
2.976	0.04695827
2.977	0.04694106
2.978	0.04662591
2.979	0.04665217
2.980	0.04670020
2.981	0.04664393
2.982	0.04650339
2.983	0.04658122
2.984	0.04657474
2.985	0.04655411
2.986	0.04668414
2.987	0.04647856
2.988	0.04657245
2.989	0.04663635
2.990	0.04652020
2.991	0.04660051
2.992	0.04670348
2.993	0.04685105
2.994	0.04684472
2.995	0.04690871
2.996	0.04692003
2.997	0.04696723
2.998	0.04706452
2.999	0.04711563
3.000	0.04701051
3.001	0.04695900
3.002	0.04702872
3.003	0.04703315
3.004	0.04703980
3.005	0.04696969
3.006	0.04681846
3.007	0.04683980
3.008	0.04673792
3.009	0.04672968
3.010	0.04685632
3.011	0.04696730
3.012	0.04675771
3.013	0.04698657
3.014	0.04688117
3.015	0.04716801
3.016	0.04700443
3.017	0.04676671
3.018	0.04672298
3.019	0.04661736
3.020	0.04650147
3.021	0.04660859
3.022	0.04661229
3.023	0.04682320
3.024	0.04677065
3.025	0.04669662
3.026	0.04667069
3.027	0.04651853
3.028	0.04638373
3.029	0.04644793
3.030	0.04649167
3.031	0.04620282
3.032	0.04628780
3.033	0.04653580
3.034	0.04662363
3.035	0.04641065
3.036	0.04632625
3.037	0.04619415
3.038	0.04607984
3.039	0.04596938
3.040	0.04590364
3.041	0.04580029
3.042	0.04583062
3.043	0.04559579
3.044	0.04571831
3.045	0.04557112
3.046	0.04574556
3.047	0.04564644
3.048	0.04564216
3.049	0.04555971
3.050	0.04555840
3.051	0.04543373
3.052	0.04551026
3.053	0.04537331
3.054	0.04537944
3.055	0.04548988
3.056	0.04536659
3.057	0.04508942
3.058	0.04497408
3.059	0.04499633
3.060	0.04501093
3.061	0.04511320
3.062	0.04492895
3.063	0.04505540
3.064	0.04503035
3.065	0.04503514
3.066	0.04505561
3.067	0.04492750
3.068	0.04498204
3.069	0.04503279
3.070	0.04507374
3.071	0.04499656
3.072	0.04480539
3.073	0.04483035
3.074	0.04452918
3.075	0.04434055
3.076	0.04448640
3.077	0.04431254
3.078	0.04443978
3.079	0.04429394
3.080	0.04418589
3.081	0.04399845
3.082	0.04437579
3.083	0.04454492
3.084	0.04467579
3.085	0.04463439
3.086	0.04440626
3.087	0.04426546
3.088	0.04443804
3.089	0.04455728
3.090	0.04442540
3.091	0.04462524
3.092	0.04446923
3.093	0.04455494
3.094	0.04440936
3.095	0.04425665
3.096	0.04429362
3.097	0.04421011
3.098	0.04427519
3.099	0.04421886
3.100	0.04427619
3.101	0.04433076
3.102	0.04409092
3.103	0.04415281
3.104	0.04410251
3.105	0.04398680
3.106	0.04396853
3.107	0.04394025
3.108	0.04375102
3.109	0.04403377
3.110	0.04424572
3.111	0.04436360
3.112	0.04429251
3.113	0.04439296
3.114	0.04431299
3.115	0.04430461
3.116	0.04408239
3.117	0.04407648
3.118	0.04405168
3.119	0.04390122
3.120	0.04375475
3.121	0.04361108
3.122	0.04371355
3.123	0.04370678
3.124	0.04388783
3.125	0.04378431
3.126	0.04370463
3.127	0.04379138
3.128	0.04372012
3.129	0.04370162
3.130	0.04383911
3.131	0.04393115
3.132	0.04393118
3.133	0.04388376
3.134	0.04393931
3.135	0.04393252
3.136	0.04393649
3.137	0.04397579
3.138	0.04380480
3.139	0.04390833
3.140	0.04387230
3.141	0.04387749
3.142	0.04399223
3.143	0.04411053
3.144	0.04392304
3.145	0.04401452
3.146	0.04381470
3.147	0.04388495
3.148	0.04378466
3.149	0.04397341
3.150	0.04391330
3.151	0.04399167
3.152	0.04381298
3.153	0.04371655
3.154	0.04351615
3.155	0.04353761
3.156	0.04341463
3.157	0.04348846
3.158	0.04339157
3.159	0.04347112
3.160	0.04348895
3.161	0.04358777
3.162	0.04372705
3.163	0.04373239
3.164	0.04372297
3.165	0.04361317
3.166	0.04348629
3.167	0.04355619
3.168	0.04365605
3.169	0.04358680
3.170	0.04370235
3.171	0.04369476
3.172	0.04348383
3.173	0.04353959
3.174	0.04349646
3.175	0.04341035
3.176	0.04336031
3.177	0.04319346
3.178	0.04317233
3.179	0.04305454
3.180	0.04304222
3.181	0.04302171
3.182	0.04307671
3.183	0.04301303
3.184	0.04289970
3.185	0.04285656
3.186	0.04275703
3.187	0.04289109
3.188	0.04295628
3.189	0.04283306
3.190	0.04295128
3.191	0.04308247
3.192	0.04304369
3.193	0.04309056
3.194	0.04327612
3.195	0.04336407
3.196	0.04359224
3.197	0.04360287
3.198	0.04385685
3.199	0.04392077
3.200	0.04408755
3.201	0.04399808
3.202	0.04406237
3.203	0.04398001
3.204	0.04403358
3.205	0.04411244
3.206	0.04435868
3.207	0.04453131
3.208	0.04442591
3.209	0.04428157
3.210	0.04442215
3.211	0.04425778
3.212	0.04438031
3.213	0.04453706
3.214	0.04444113
3.215	0.04445627
3.216	0.04444466
3.217	0.04456209
3.218	0.04447878
3.219	0.04458853
3.220	0.04483714
3.221	0.04507050
3.222	0.04530880
3.223	0.04536234
3.224	0.04534627
3.225	0.04543186
3.226	0.04560658
3.227	0.04553334
3.228	0.04549834
3.229	0.04545701
3.230	0.04535656
3.231	0.04528970
3.232	0.04502036
3.233	0.04494831
3.234	0.04505035
3.235	0.04515351
3.236	0.04501275
3.237	0.04495813
3.238	0.04485086
3.239	0.04483546
3.240	0.04513245
3.241	0.04513940
3.242	0.04496503
3.243	0.04487828
3.244	0.04461858
3.245	0.04461950
3.246	0.04455972
3.247	0.04438433
3.248	0.04431783
3.249	0.04443912
3.250	0.04424929
3.251	0.04435821
3.252	0.04443633
3.253	0.04439516
3.254	0.04458957
3.255	0.04472156
3.256	0.04481579
3.257	0.04473266
3.258	0.04471882
3.259	0.04457329
3.260	0.04436622
3.261	0.04428750
3.262	0.04440677
3.263	0.04440225
3.264	0.04436969
3.265	0.04446255
3.266	0.04431821
3.267	0.04420879
3.268	0.04420853
3.269	0.04419437
3.270	0.04398434
3.271	0.04401333
3.272	0.04391321
3.273	0.04412679
3.274	0.04405668
3.275	0.04408461
3.276	0.04411429
3.277	0.04393342
3.278	0.04399116
3.279	0.04404495
3.280	0.04392413
3.281	0.04390724
3.282	0.04376815
3.283	0.04369844
3.284	0.04369153
3.285	0.04382776
3.286	0.04356802
3.287	0.04334443
3.288	0.04330245
3.289	0.04314105
3.290	0.04331511
3.291	0.04340713
3.292	0.04346336
3.293	0.04361808
3.294	0.04336697
3.295	0.04329543
3.296	0.04308939
3.297	0.04315617
3.298	0.04323250
3.299	0.04333180
3.300	0.04339442
3.301	0.04321230
3.302	0.04316633
3.303	0.04334445
3.304	0.04343062
3.305	0.04351083
3.306	0.04372377
3.307	0.04384182
3.308	0.04375747
3.309	0.04375830
3.310	0.04376248
3.311	0.04362716
3.312	0.04341420
3.313	0.04360043
3.314	0.04381471
3.315	0.04376899
3.316	0.04388869
3.317	0.04375568
3.318	0.04358468
3.319	0.04363976
3.320	0.04378236
3.321	0.04387479
3.322	0.04369927
3.323	0.04355417
3.324	0.04338148
3.325	0.04321588
3.326	0.04328606
3.327	0.04334798
3.328	0.04325735
3.329	0.04345596
3.330	0.04343471
3.331	0.04334380
3.332	0.04345161
3.333	0.04351896
3.334	0.04392055
3.335	0.04374093
3.336	0.04392184
3.337	0.04389106
3.338	0.04395706
3.339	0.04394964
3.340	0.04386729
3.341	0.04388474
3.342	0.04402642
3.343	0.04401892
3.344	0.04386088
3.345	0.04372523
3.346	0.04361821
3.347	0.04378391
3.348	0.04368374
3.349	0.04349064
3.350	0.04345589
3.351	0.04338078
3.352	0.04331824
3.353	0.04307428
3.354	0.04297915
3.355	0.04314396
3.356	0.04301056
3.357	0.04299503
3.358	0.04285284
3.359	0.04276403
3.360	0.04281073
3.361	0.04297533
3.362	0.04286883
3.363	0.04303060
3.364	0.04283870
3.365	0.04282803
3.366	0.04285126
3.367	0.04273740
3.368	0.04293083
3.369	0.04299952
3.370	0.04302908
3.371	0.04298802
3.372	0.04306183
3.373	0.04326656
3.374	0.04326354
3.375	0.04309382
3.376	0.04304898
3.377	0.04286103
3.378	0.04269768
3.379	0.04286041
3.380	0.04268286
3.381	0.04262525
3.382	0.04257835
3.383	0.04270987
3.384	0.04263961
3.385	0.04248053
3.386	0.04238981
3.387	0.04234701
3.388	0.04237755
3.389	0.04232657
3.390	0.04234192
3.391	0.04249211
3.392	0.04239533
3.393	0.04252021
3.394	0.04259937
3.395	0.04243020
3.396	0.04237964
3.397	0.04216337
3.398	0.04209134
3.399	0.04208716
3.400	0.04213479
3.401	0.04213474
3.402	0.04224552
3.403	0.04227314
3.404	0.04229752
3.405	0.04225897
3.406	0.04223988
3.407	0.04222097
3.408	0.04230249
3.409	0.04256161
3.410	0.04245597
3.411	0.04260510
3.412	0.04258908
3.413	0.04258270
3.414	0.04267126
3.415	0.04252859
3.416	0.04245911
3.417	0.04238487
3.418	0.04236029
3.419	0.04213522
3.420	0.04184717
3.421	0.04188254
3.422	0.04188010
3.423	0.04195091
3.424	0.04200220
3.425	0.04189377
3.426	0.04198473
3.427	0.04186907
3.428	0.04189780
3.429	0.04175806
3.430	0.04167237
3.431	0.04172624
3.432	0.04146374
3.433	0.04155528
3.434	0.04141109
3.435	0.04142478
3.436	0.04151930
3.437	0.04142139
3.438	0.04138356
3.439	0.04132146
3.440	0.04132650
3.441	0.04127726
3.442	0.04124782
3.443	0.04116715
3.444	0.04117165
3.445	0.04092738
3.446	0.04100675
3.447	0.04113056
3.448	0.04106233
3.449	0.04085516
3.450	0.04096909
3.451	0.04102884
3.452	0.04102277
3.453	0.04093990
3.454	0.04085301
3.455	0.04098235
3.456	0.04094731
3.457	0.04091762
3.458	0.04114111
3.459	0.04124145
3.460	0.04113335
3.461	0.04124681
3.462	0.04128194
3.463	0.04125520
3.464	0.04118052
3.465	0.04136221
3.466	0.04131462
3.467	0.04118940
3.468	0.04125187
3.469	0.04142455
3.470	0.04120887
3.471	0.04125492
3.472	0.04127531
3.473	0.04136376
3.474	0.04129522
3.475	0.04129791
3.476	0.04143615
3.477	0.04147276
3.478	0.04136345
3.479	0.04145054
3.480	0.04152590
3.481	0.04141561
3.482	0.04153682
3.483	0.04124316
3.484	0.04121040
3.485	0.04128020
3.486	0.04112513
3.487	0.04111738
3.488	0.04118846
3.489	0.04114995
3.490	0.04093189
3.491	0.04105072
3.492	0.04102083
3.493	0.04093249
3.494	0.04095680
3.495	0.04092275
3.496	0.04073915
3.497	0.04075013
3.498	0.04072635
3.499	0.04065318
3.500	0.04047219
3.501	0.04049110
3.502	0.04038796
3.503	0.04022362
3.504	0.04021188
3.505	0.04010523
3.506	0.04004937
3.507	0.04017321
3.508	0.03998736
3.509	0.04005001
3.510	0.04004543
3.511	0.04019502
3.512	0.04017982
3.513	0.04030784
3.514	0.04028944
3.515	0.04024596
3.516	0.04029886
3.517	0.04014472
3.518	0.03995222
3.519	0.04000128
3.520	0.04002953
3.521	0.03977964
3.522	0.03980872
3.523	0.03957911
3.524	0.03962770
3.525	0.03958082
3.526	0.03960745
3.527	0.03971355
3.528	0.03979370
3.529	0.03986120
3.530	0.03977424
3.531	0.03986806
3.532	0.03992062
3.533	0.03971390
3.534	0.03962396
3.535	0.03940453
3.536	0.03940358
3.537	0.03919642
3.538	0.03922609
3.539	0.03927617
3.540	0.03921318
3.541	0.03930195
3.542	0.03929064
3.543	0.03936110
3.544	0.03923286
3.545	0.03914799
3.546	0.03912010
3.547	0.03909356
3.548	0.03916500
3.549	0.03919333
3.550	0.03919921
3.551	0.03923227
3.552	0.03919190
3.553	0.03914993
3.554	0.03901000
3.555	0.03898196
3.556	0.03897686
3.557	0.03892958
3.558	0.03896372
3.559	0.03909049
3.560	0.03897453
3.561	0.03906355
3.562	0.03911233
3.563	0.03912723
3.564	0.03907279
3.565	0.03877934
3.566	0.03876206
3.567	0.03879979
3.568	0.03871942
3.569	0.03881786
3.570	0.03880177
3.571	0.03857979
3.572	0.03838246
3.573	0.03859310
3.574	0.03850947
3.575	0.03846128
3.576	0.03856985
3.577	0.03862001
3.578	0.03839880
3.579	0.03849446
3.580	0.03866788
3.581	0.03863182
3.582	0.03859502
3.583	0.03857857
3.584	0.03850780
3.585	0.03866629
3.586	0.03876083
3.587	0.03861130
3.588	0.03860377
3.589	0.03859553
3.590	0.03867826
3.591	0.03862012
3.592	0.03860996
3.593	0.03858258
3.594	0.03866403
3.595	0.03848389
3.596	0.03855824
3.597	0.03839885
3.598	0.03863114
3.599	0.03850032
3.600	0.03845328
3.601	0.03819693
3.602	0.03802305
3.603	0.03803785
3.604	0.03820991
3.605	0.03832952
3.606	0.03818039
3.607	0.03824985
3.608	0.03828916
3.609	0.03817539
3.610	0.03812251
3.611	0.03810516
3.612	0.03807200
3.613	0.03804640
3.614	0.03812828
3.615	0.03794573
3.616	0.03826144
3.617	0.03820192
3.618	0.03805832
3.619	0.03813730
3.620	0.03822121
3.621	0.03827178
3.622	0.03822162
3.623	0.03802129
3.624	0.03809743
3.625	0.03797453
3.626	0.03801284
3.627	0.03786044
3.628	0.03777237
3.629	0.03784513
3.630	0.03786094
3.631	0.03778059
3.632	0.03780925
3.633	0.03768911
3.634	0.03759434
3.635	0.03771949
3.636	0.03772421
3.637	0.03779184
3.638	0.03787244
3.639	0.03792146
3.640	0.03774276
3.641	0.03748363
3.642	0.03740648
3.643	0.03741360
3.644	0.03740441
3.645	0.03727485
3.646	0.03710068
3.647	0.03716478
3.648	0.03730214
3.649	0.03725039
3.650	0.03737270
3.651	0.03736831
3.652	0.03735993
3.653	0.03729430
3.654	0.03719751
3.655	0.03704551
3.656	0.03708223
3.657	0.03687749
3.658	0.03682192
3.659	0.03696797
3.660	0.03701681
3.661	0.03700162
3.662	0.03692696
3.663	0.03673980
3.664	0.03687432
3.665	0.03666478
3.666	0.03645734
3.667	0.03643386
3.668	0.03641303
3.669	0.03620491
3.670	0.03599585
3.671	0.03607003
3.672	0.03615241
3.673	0.03624752
3.674	0.03624178
3.675	0.03642685
3.676	0.03659538
3.677	0.03646550
3.678	0.03644623
3.679	0.03642310
3.680	0.03647709
3.681	0.03664887
3.682	0.03646318
3.683	0.03631705
3.684	0.03635795
3.685	0.03644972
3.686	0.03654288
3.687	0.03658963
3.688	0.03660788
3.689	0.03660843
3.690	0.03652409
3.691	0.03668283
3.692	0.03659993
3.693	0.03671250
3.694	0.03656022
3.695	0.03659339
3.696	0.03661152
3.697	0.03651838
3.698	0.03640667
3.699	0.03638620
3.700	0.03631013
3.701	0.03624404
3.702	0.03630890
3.703	0.03635662
3.704	0.03652811
3.705	0.03664629
3.706	0.03670105
3.707	0.03659526
3.708	0.03677898
3.709	0.03661847
3.710	0.03650100
3.711	0.03632790
3.712	0.03615706
3.713	0.03612187
3.714	0.03601024
3.715	0.03575975
3.716	0.03587937
3.717	0.03594760
3.718	0.03600888
3.719	0.03593697
3.720	0.03597390
3.721	0.03600978
3.722	0.03602335
3.723	0.03600426
3.724	0.03588223
3.725	0.03601751
3.726	0.03601417
3.727	0.03615890
3.728	0.03616297
3.729	0.03612067
3.730	0.03596104
3.731	0.03598728
3.732	0.03609407
3.733	0.03602463
3.734	0.03604253
3.735	0.03593393
3.736	0.03588704
3.737	0.03572080
3.738	0.03578192
3.739	0.03576553
3.740	0.03568445
3.741	0.03566015
3.742	0.03566761
3.743	0.03564101
3.744	0.03569514
3.745	0.03554266
3.746	0.03558570
3.747	0.03535373
3.748	0.03536159
3.749	0.03546184
3.750	0.03577842
3.751	0.03590057
3.752	0.03587116
3.753	0.03577441
3.754	0.03588744
3.755	0.03587765
3.756	0.03578905
3.757	0.03577691
3.758	0.03566340
3.759	0.03566808
3.760	0.03551267
3.761	0.03545042
3.762	0.03536953
3.763	0.03533702
3.764	0.03544390
3.765	0.03559190
3.766	0.03564729
3.767	0.03552825
3.768	0.03539042
3.769	0.03544817
3.770	0.03535877
3.771	0.03542668
3.772	0.03558238
3.773	0.03566490
3.774	0.03565492
3.775	0.03561923
3.776	0.03541100
3.777	0.03513034
3.778	0.03491949
3.779	0.03495162
3.780	0.03479271
3.781	0.03460394
3.782	0.03472388
3.783	0.03462644
3.784	0.03456373
3.785	0.03453841
3.786	0.03441693
3.787	0.03436053
3.788	0.03424895
3.789	0.03429947
3.790	0.03416194
3.791	0.03400333
3.792	0.03393446
3.793	0.03400913
3.794	0.03404083
3.795	0.03410817
3.796	0.03409465
3.797	0.03400251
3.798	0.03403399
3.799	0.03409209
3.800	0.03408774
3.801	0.03421344
3.802	0.03445050
3.803	0.03440829
3.804	0.03431605
3.805	0.03420191
3.806	0.03420043
3.807	0.03425266
3.808	0.03419183
3.809	0.03404138
3.810	0.03386725
3.811	0.03386291
3.812	0.03370173
3.813	0.03374588
3.814	0.03355236
3.815	0.03355075
3.816	0.03341551
3.817	0.03360689
3.818	0.03352523
3.819	0.03349912
3.820	0.03351097
3.821	0.03344863
3.822	0.03345212
3.823	0.03347334
3.824	0.03355085
3.825	0.03366784
3.826	0.03358727
3.827	0.03353441
3.828	0.03344968
3.829	0.03354007
3.830	0.03357328
3.831	0.03374708
3.832	0.03346555
3.833	0.03362433
3.834	0.03367386
3.835	0.03349982
3.836	0.03341006
3.837	0.03339611
3.838	0.03349486
3.839	0.03348540
3.840	0.03368347
3.841	0.03390369
3.842	0.03403388
3.843	0.03392588
3.844	0.03381689
3.845	0.03357456
3.846	0.03337956
3.847	0.03343733
3.848	0.03335748
3.849	0.03343126
3.850	0.03339459
3.851	0.03327465
3.852	0.03332780
3.853	0.03326657
3.854	0.03325467
3.855	0.03324869
3.856	0.03327310
3.857	0.03316028
3.858	0.03321939
3.859	0.03331180
3.860	0.03334515
3.861	0.03335782
3.862	0.03318314
3.863	0.03320813
3.864	0.03330704
3.865	0.03347423
3.866	0.03333763
3.867	0.03331182
3.868	0.03331454
3.869	0.03334341
3.870	0.03332076
3.871	0.03322131
3.872	0.03324312
3.873	0.03305649
3.874	0.03315705
3.875	0.03319461
3.876	0.03312981
3.877	0.03310093
3.878	0.03299373
3.879	0.03289319
3.880	0.03291901
3.881	0.03305746
3.882	0.03300555
3.883	0.03299849
3.884	0.03297837
3.885	0.03301774
3.886	0.03289887
3.887	0.03306303
3.888	0.03305236
3.889	0.03297215
3.890	0.03303153
3.891	0.03291579
3.892	0.03306080
3.893	0.03306476
3.894	0.03312236
3.895	0.03314107
3.896	0.03318382
3.897	0.03314725
3.898	0.03301033
3.899	0.03284050
3.900	0.03281908
3.901	0.03310530
3.902	0.03306057
3.903	0.03316471
3.904	0.03324838
3.905	0.03325818
3.906	0.03341167
3.907	0.03340736
3.908	0.03346575
3.909	0.03354508
3.910	0.03346458
3.911	0.03359365
3.912	0.03364805
3.913	0.03364389
3.914	0.03362214
3.915	0.03344771
3.916	0.03362016
3.917	0.03367744
3.918	0.03361758
3.919	0.03355900
3.920	0.03360342
3.921	0.03344220
3.922	0.03348021
3.923	0.03352591
3.924	0.03337741
3.925	0.03330393
3.926	0.03334982
3.927	0.03342471
3.928	0.03341430
3.929	0.03329549
3.930	0.03334589
3.931	0.03327043
3.932	0.03322376
3.933	0.03330240
3.934	0.03332463
3.935	0.03340181
3.936	0.03336521
3.937	0.03312061
3.938	0.03310662
3.939	0.03309377
3.940	0.03299298
3.941	0.03305875
3.942	0.03317075
3.943	0.03320489
3.944	0.03338882
3.945	0.03322274
3.946	0.03328747
3.947	0.03340351
3.948	0.03336236
3.949	0.03335754
3.950	0.03338307
3.951	0.03360288
3.952	0.03352860
3.953	0.03358660
3.954	0.03350100
3.955	0.03344284
3.956	0.03332142
3.957	0.03319767
3.958	0.03322409
3.959	0.03299854
3.960	0.03289246
3.961	0.03293936
3.962	0.03297779
3.963	0.03277494
3.964	0.03275430
3.965	0.03257358
3.966	0.03257617
3.967	0.03253513
3.968	0.03261226
3.969	0.03250961
3.970	0.03240368
3.971	0.03247565
3.972	0.03240748
3.973	0.03233487
3.974	0.03233945
3.975	0.03226086
3.976	0.03224758
3.977	0.03236143
3.978	0.03238931
3.979	0.03229352
3.980	0.03237513
3.981	0.03245713
3.982	0.03251622
3.983	0.03248352
3.984	0.03253479
3.985	0.03255506
3.986	0.03244924
3.987	0.03246218
3.988	0.03251952
3.989	0.03248756
3.990	0.03251409
3.991	0.03261525
3.992	0.03236487
3.993	0.03245274
3.994	0.03230579
3.995	0.03228242
3.996	0.03225251
3.997	0.03217201
3.998	0.03213078
3.999	0.03214083
4.000	0.03192291
4.001	0.03187816
4.002	0.03177589
4.003	0.03179976
4.004	0.03189860
4.005	0.03185627
4.006	0.03187634
4.007	0.03209717
4.008	0.03210389
4.009	0.03212881
4.010	0.03225817
4.011	0.03217369
4.012	0.03208225
4.013	0.03206552
4.014	0.03206360
4.015	0.03189376
4.016	0.03191513
4.017	0.03196735
4.018	0.03193225
4.019	0.03202343
4.020	0.03217744
4.021	0.03225162
4.022	0.03221710
4.023	0.03227717
4.024	0.03238863
4.025	0.03252094
4.026	0.03253071
4.027	0.03271580
4.028	0.03270754
4.029	0.03260757
4.030	0.03261346
4.031	0.03252590
4.032	0.03257967
4.033	0.03269507
4.034	0.03280752
4.035	0.03277914
4.036	0.03271078
4.037	0.03286419
4.038	0.03277038
4.039	0.03260234
4.040	0.03263073
4.041	0.03269652
4.042	0.03270579
4.043	0.03255373
4.044	0.03266715
4.045	0.03261495
4.046	0.03266786
4.047	0.03272144
4.048	0.03270415
4.049	0.03277890
4.050	0.03278894
4.051	0.03274575
4.052	0.03304055
4.053	0.03311326
4.054	0.03332537
4.055	0.03339840
4.056	0.03334543
4.057	0.03345620
4.058	0.03349729
4.059	0.03354155
4.060	0.03339044
4.061	0.03349142
4.062	0.03359427
4.063	0.03333489
4.064	0.03319998
4.065	0.03325079
4.066	0.03341132
4.067	0.03355350
4.068	0.03353214
4.069	0.03355186
4.070	0.03349164
4.071	0.03342557
4.072	0.03339351
4.073	0.03320400
4.074	0.03321596
4.075	0.03314928
4.076	0.03313166
4.077	0.03311666
4.078	0.03315796
4.079	0.03328699
4.080	0.03326244
4.081	0.03319187
4.082	0.03301925
4.083	0.03304419
4.084	0.03318967
4.085	0.03322818
4.086	0.03319895
4.087	0.03323910
4.088	0.03324791
4.089	0.03323736
4.090	0.03336466
4.091	0.03338486
4.092	0.03354916
4.093	0.03365394
4.094	0.03342837
4.095	0.03333820
4.096	0.03340336
4.097	0.03351750
4.098	0.03353358
4.099	0.03348049
4.100	0.03350060
4.101	0.03351841
4.102	0.03361892
4.103	0.03371747
4.104	0.03379028
4.105	0.03402023
4.106	0.03403575
4.107	0.03405214
4.108	0.03401769
4.109	0.03416231
4.110	0.03402679
4.111	0.03398412
4.112	0.03385345
4.113	0.03376292
4.114	0.03370690
4.115	0.03375362
4.116	0.03380072
4.117	0.03389812
4.118	0.03389279
4.119	0.03395805
4.120	0.03372932
4.121	0.03400310
4.122	0.03401040
4.123	0.03403289
4.124	0.03409431
4.125	0.03413188
4.126	0.03419186
4.127	0.03408962
4.128	0.03399580
4.129	0.03406454
4.130	0.03429053
4.131	0.03422155
4.132	0.03441394
4.133	0.03428482
4.134	0.03436929
4.135	0.03429078
4.136	0.03425683
4.137	0.03433695
4.138	0.03441136
4.139	0.03445894
4.140	0.03441848
4.141	0.03447169
4.142	0.03448829
4.143	0.03447443
4.144	0.03431066
4.145	0.03429541
4.146	0.03445729
4.147	0.03447182
4.148	0.03464843
4.149	0.03460380
4.150	0.03463189
4.151	0.03465984
4.152	0.03465021
4.153	0.03460135
4.154	0.03464156
4.155	0.03467989
4.156	0.03446682
4.157	0.03457227
4.158	0.03463419
4.159	0.03464456
4.160	0.03459458
4.161	0.03451457
4.162	0.03460651
4.163	0.03453864
4.164	0.03463114
4.165	0.03472730
4.166	0.03463951
4.167	0.03459767
4.168	0.03452911
4.169	0.03463491
4.170	0.03451367
4.171	0.03469127
4.172	0.03487637
4.173	0.03483477
4.174	0.03476794
4.175	0.03478179
4.176	0.03473533
4.177	0.03462650
4.178	0.03466376
4.179	0.03473892
4.180	0.03476995
4.181	0.03465781
4.182	0.03456231
4.183	0.03458386
4.184	0.03462016
4.185	0.03456710
4.186	0.03445276
4.187	0.03444987
4.188	0.03466711
4.189	0.03468931
4.190	0.03460044
4.191	0.03459370
4.192	0.03458759
4.193	0.03465621
4.194	0.03460436
4.195	0.03456282
4.196	0.03455216
4.197	0.03458928
4.198	0.03449957
4.199	0.03446530
4.200	0.03444219
4.201	0.03445550
4.202	0.03448323
4.203	0.03444572
4.204	0.03444718
4.205	0.03451505
4.206	0.03444638
4.207	0.03427536
4.208	0.03444626
4.209	0.03436369
4.210	0.03430536
4.211	0.03433941
4.212	0.03437864
4.213	0.03439925
4.214	0.03452571
4.215	0.03449442
4.216	0.03440131
4.217	0.03438609
4.218	0.03414695
4.219	0.03419981
4.220	0.03409587
4.221	0.03397925
4.222	0.03402928
4.223	0.03392445
4.224	0.03396810
4.225	0.03407268
4.226	0.03413336
4.227	0.03425343
4.228	0.03429004
4.229	0.03446568
4.230	0.03435894
4.231	0.03422819
4.232	0.03430319
4.233	0.03427307
4.234	0.03422919
4.235	0.03436083
4.236	0.03420177
4.237	0.03436459
4.238	0.03426006
4.239	0.03423264
4.240	0.03430706
4.241	0.03431562
4.242	0.03423636
4.243	0.03405871
4.244	0.03428366
4.245	0.03421279
4.246	0.03410765
4.247	0.03410076
4.248	0.03410365
4.249	0.03418620
4.250	0.03417161
4.251	0.03412345
4.252	0.03425991
4.253	0.03418019
4.254	0.03411830
4.255	0.03402814
4.256	0.03393503
4.257	0.03391514
4.258	0.03383420
4.259	0.03410664
4.260	0.03421856
4.261	0.03417762
4.262	0.03422763
4.263	0.03406296
4.264	0.03430508
4.265	0.03432629
4.266	0.03440859
4.267	0.03417003
4.268	0.03426353
4.269	0.03417747
4.270	0.03412993
4.271	0.03417389
4.272	0.03416970
4.273	0.03435684
4.274	0.03424238
4.275	0.03431884
4.276	0.03417880
4.277	0.03402251
4.278	0.03396439
4.279	0.03390112
4.280	0.03368716
4.281	0.03368388
4.282	0.03371913
4.283	0.03373210
4.284	0.03383182
4.285	0.03374869
4.286	0.03378463
4.287	0.03378465
4.288	0.03382166
4.289	0.03370019
4.290	0.03359961
4.291	0.03357992
4.292	0.03369448
4.293	0.03369728
4.294	0.03366841
4.295	0.03372052
4.296	0.03374622
4.297	0.03402211
4.298	0.03396704
4.299	0.03417020
4.300	0.03439570
4.301	0.03439437
4.302	0.03433866
4.303	0.03416370
4.304	0.03405798
4.305	0.03403866
4.306	0.03412435
4.307	0.03422022
4.308	0.03434400
4.309	0.03434934
4.310	0.03450841
4.311	0.03465412
4.312	0.03464792
4.313	0.03462507
4.314	0.03468338
4.315	0.03472396
4.316	0.03467687
4.317	0.03474245
4.318	0.03495821
4.319	0.03477291
4.320	0.03481424
4.321	0.03480616
4.322	0.03491462
4.323	0.03483405
4.324	0.03481519
4.325	0.03489831
4.326	0.03477096
4.327	0.03466665
4.328	0.03461116
4.329	0.03470324
4.330	0.03482538
4.331	0.03490410
4.332	0.03497988
4.333	0.03497463
4.334	0.03476891
4.335	0.03475473
4.336	0.03480755
4.337	0.03480240
4.338	0.03474874
4.339	0.03476608
4.340	0.03468993
4.341	0.03465564
4.342	0.03468587
4.343	0.03476775
4.344	0.03467484
4.345	0.03484070
4.346	0.03495721
4.347	0.03476608
4.348	0.03479887
4.349	0.03484947
4.350	0.03502748
4.351	0.03509015
4.352	0.03494454
4.353	0.03489867
4.354	0.03487087
4.355	0.03476243
4.356	0.03468955
4.357	0.03481178
4.358	0.03468253
4.359	0.03477220
4.360	0.03458738
4.361	0.03461142
4.362	0.03463447
4.363	0.03454443
4.364	0.03458384
4.365	0.03461601
4.366	0.03455149
4.367	0.03456456
4.368	0.03466261
4.369	0.03452933
4.370	0.03467645
4.371	0.03474225
4.372	0.03457307
4.373	0.03455312
4.374	0.03468109
4.375	0.03463258
4.376	0.03450177
4.377	0.03438604
4.378	0.03449900
4.379	0.03439737
4.380	0.03456225
4.381	0.03456078
4.382	0.03454771
4.383	0.03447321
4.384	0.03422849
4.385	0.03425735
4.386	0.03434711
4.387	0.03434634
4.388	0.03417235
4.389	0.03430525
4.390	0.03442118
4.391	0.03426724
4.392	0.03428836
4.393	0.03438228
4.394	0.03447027
4.395	0.03451825
4.396	0.03444708
4.397	0.03434934
4.398	0.03446553
4.399	0.03451527
4.400	0.03444703
4.401	0.03430780
4.402	0.03431061
4.403	0.03445328
4.404	0.03439401
4.405	0.03461885
4.406	0.03458842
4.407	0.03472143
4.408	0.03471944
4.409	0.03466324
4.410	0.03456515
4.411	0.03449697
4.412	0.03443491
4.413	0.03460107
4.414	0.03451004
4.415	0.03453250
4.416	0.03458088
4.417	0.03448915
4.418	0.03456248
4.419	0.03463603
4.420	0.03471268
4.421	0.03463136
4.422	0.03482582
4.423	0.03472512
4.424	0.03458531
4.425	0.03456972
4.426	0.03473705
4.427	0.03471891
4.428	0.03473159
4.429	0.03485115
4.430	0.03496904
4.431	0.03508925
4.432	0.03503354
4.433	0.03501195
4.434	0.03513585
4.435	0.03521932
4.436	0.03517182
4.437	0.03517406
4.438	0.03512091
4.439	0.03501033
4.440	0.03515048
4.441	0.03523121
4.442	0.03526213
4.443	0.03531470
4.444	0.03518167
4.445	0.03510567
4.446	0.03500293
4.447	0.03496953
4.448	0.03499884
4.449	0.03492709
4.450	0.03503112
4.451	0.03490742
4.452	0.03489242
4.453	0.03496621
4.454	0.03498772
4.455	0.03480273
4.456	0.03491280
4.457	0.03483304
4.458	0.03494343
4.459	0.03470607
4.460	0.03474622
4.461	0.03475801
4.462	0.03474913
4.463	0.03475779
4.464	0.03470722
4.465	0.03476776
4.466	0.03471358
4.467	0.03467947
4.468	0.03447715
4.469	0.03445613
4.470	0.03440805
4.471	0.03448561
4.472	0.03452775
4.473	0.03440770
4.474	0.03443903
4.475	0.03445971
4.476	0.03439192
4.477	0.03441127
4.478	0.03435162
4.479	0.03434453
4.480	0.03422613
4.481	0.03420899
4.482	0.03411497
4.483	0.03405951
4.484	0.03387771
4.485	0.03384212
4.486	0.03374901
4.487	0.03377112
4.488	0.03390657
4.489	0.03412836
4.490	0.03411085
4.491	0.03405018
4.492	0.03389252
4.493	0.03393530
4.494	0.03398662
4.495	0.03397381
4.496	0.03384773
4.497	0.03383214
4.498	0.03383074
4.499	0.03384755
4.500	0.03383809
4.501	0.03391587
4.502	0.03394186
4.503	0.03393307
4.504	0.03398076
4.505	0.03413497
4.506	0.03408677
4.507	0.03411089
4.508	0.03394237
4.509	0.03397067
4.510	0.03398849
4.511	0.03391561
4.512	0.03399709
4.513	0.03411291
4.514	0.03423683
4.515	0.03417110
4.516	0.03417514
4.517	0.03434296
4.518	0.03433494
4.519	0.03439127
4.520	0.03439613
4.521	0.03426940
4.522	0.03424653
4.523	0.03430521
4.524	0.03437348
4.525	0.03449545
4.526	0.03453234
4.527	0.03439666
4.528	0.03434751
4.529	0.03438274
4.530	0.03447408
4.531	0.03431161
4.532	0.03449222
4.533	0.03444549
4.534	0.03436424
4.535	0.03450136
4.536	0.03448444
4.537	0.03453974
4.538	0.03458863
4.539	0.03439403
4.540	0.03438061
4.541	0.03423023
4.542	0.03435716
4.543	0.03444526
4.544	0.03444700
4.545	0.03439466
4.546	0.03443523
4.547	0.03452806
4.548	0.03444437
4.549	0.03429823
4.550	0.03417256
4.551	0.03424171
4.552	0.03407516
4.553	0.03412895
4.554	0.03422774
4.555	0.03416694
4.556	0.03430515
4.557	0.03432683
4.558	0.03437902
4.559	0.03423597
4.560	0.03423133
4.561	0.03417512
4.562	0.03428887
4.563	0.03420107
4.564	0.03420073
4.565	0.03406046
4.566	0.03421796
4.567	0.03418347
4.568	0.03430350
4.569	0.03445187
4.570	0.03439347
4.571	0.03444197
4.572	0.03427392
4.573	0.03443243
4.574	0.03451041
4.575	0.03460246
4.576	0.03470844
4.577	0.03491425
4.578	0.03490021
4.579	0.03502714
4.580	0.03506095
4.581	0.03505231
4.582	0.03506620
4.583	0.03503912
4.584	0.03497918
4.585	0.03488446
4.586	0.03499895
4.587	0.03497011
4.588	0.03494252
4.589	0.03502597
4.590	0.03501568
4.591	0.03488527
4.592	0.03499354
4.593	0.03496894
4.594	0.03498176
4.595	0.03488466
4.596	0.03501093
4.597	0.03492099
4.598	0.03497017
4.599	0.03512986
4.600	0.03521020
4.601	0.03522112
4.602	0.03533760
4.603	0.03529865
4.604	0.03519181
4.605	0.03530663
4.606	0.03528371
4.607	0.03540735
4.608	0.03551164
4.609	0.03552528
4.610	0.03541858
4.611	0.03558702
4.612	0.03560991
4.613	0.03546957
4.614	0.03545118
4.615	0.03562176
4.616	0.03561498
4.617	0.03559032
4.618	0.03559974
4.619	0.03551222
4.620	0.03542871
4.621	0.03551003
4.622	0.03553459
4.623	0.03563173
4.624	0.03566074
4.625	0.03573650
4.626	0.03555534
4.627	0.03557856
4.628	0.03556374
4.629	0.03559043
4.630	0.03561701
4.631	0.03552649
4.632	0.03563703
4.633	0.03570740
4.634	0.03590520
4.635	0.03572991
4.636	0.03557578
4.637	0.03539564
4.638	0.03545545
4.639	0.03553223
4.640	0.03565752
4.641	0.03562780
4.642	0.03576604
4.643	0.03574623
4.644	0.03570408
4.645	0.03566791
4.646	0.03566602
4.647	0.03573619
4.648	0.03575593
4.649	0.03590073
4.650	0.03582850
4.651	0.03578149
4.652	0.03571722
4.653	0.03556148
4.654	0.03563363
4.655	0.03540031
4.656	0.03552245
4.657	0.03569915
4.658	0.03577808
4.659	0.03579595
4.660	0.03577681
4.661	0.03584824
4.662	0.03579263
4.663	0.03585737
4.664	0.03589471
4.665	0.03601471
4.666	0.03596097
4.667	0.03606740
4.668	0.03599746
4.669	0.03607997
4.670	0.03617431
4.671	0.03631627
4.672	0.03624741
4.673	0.03621893
4.674	0.03644826
4.675	0.03633248
4.676	0.03630021
4.677	0.03632155
4.678	0.03638820
4.679	0.03631416
4.680	0.03630752
4.681	0.03633614
4.682	0.03628509
4.683	0.03630576
4.684	0.03618389
4.685	0.03607587
4.686	0.03611536
4.687	0.03606687
4.688	0.03606609
4.689	0.03596441
4.690	0.03601891
4.691	0.03596662
4.692	0.03611053
4.693	0.03600063
4.694	0.03574200
4.695	0.03579474
4.696	0.03563357
4.697	0.03549038
4.698	0.03537323
4.699	0.03533726
4.700	0.03518809
4.701	0.03516985
4.702	0.03528627
4.703	0.03535465
4.704	0.03530098
4.705	0.03529527
4.706	0.03520510
4.707	0.03516780
4.708	0.03543109
4.709	0.03542660
4.710	0.03558648
4.711	0.03557880
4.712	0.03553480
4.713	0.03545500
4.714	0.03541991
4.715	0.03550437
4.716	0.03550530
4.717	0.03557915
4.718	0.03560286
4.719	0.03552713
4.720	0.03549365
4.721	0.03557375
4.722	0.03547635
4.723	0.03526941
4.724	0.03520351
4.725	0.03528457
4.726	0.03524613
4.727	0.03519799
4.728	0.03525114
4.729	0.03531860
4.730	0.03499785
4.731	0.03524783
4.732	0.03507481
4.733	0.03516345
4.734	0.03520358
4.735	0.03509384
4.736	0.03512652
4.737	0.03503864
4.738	0.03500275
4.739	0.03503039
4.740	0.03516414
4.741	0.03500586
4.742	0.03504702
4.743	0.03510273
4.744	0.03502120
4.745	0.03503633
4.746	0.03494795
4.747	0.03508583
4.748	0.03507890
4.749	0.03515276
4.750	0.03513008
4.751	0.03516058
4.752	0.03503473
4.753	0.03502148
4.754	0.03500127
4.755	0.03490894
4.756	0.03484382
4.757	0.03500286
4.758	0.03487615
4.759	0.03493841
4.760	0.03495597
4.761	0.03497041
4.762	0.03481015
4.763	0.03471259
4.764	0.03481987
4.765	0.03495218
4.766	0.03490315
4.767	0.03504668
4.768	0.03528107
4.769	0.03522646
4.770	0.03523038
4.771	0.03514404
4.772	0.03513747
4.773	0.03533448
4.774	0.03526934
4.775	0.03528800
4.776	0.03528078
4.777	0.03535788
4.778	0.03551891
4.779	0.03553163
4.780	0.03565982
4.781	0.03575797
4.782	0.03564757
4.783	0.03565806
4.784	0.03570526
4.785	0.03555317
4.786	0.03564505
4.787	0.03569625
4.788	0.03576190
4.789	0.03584535
4.790	0.03580662
4.791	0.03590274
4.792	0.03598807
4.793	0.03581808
4.794	0.03587567
4.795	0.03580152
4.796	0.03582796
4.797	0.03584192
4.798	0.03584678
4.799	0.03574650
4.800	0.03560625
4.801	0.03557546
4.802	0.03548656
4.803	0.03559732
4.804	0.03564037
4.805	0.03570341
4.806	0.03558168
4.807	0.03569254
4.808	0.03573993
4.809	0.03593340
4.810	0.03610166
4.811	0.03619148
4.812	0.03628663
4.813	0.03640356
4.814	0.03642501
4.815	0.03629922
4.816	0.03629138
4.817	0.03621247
4.818	0.03628611
4.819	0.03638663
4.820	0.03623359
4.821	0.03609499
4.822	0.03608567
4.823	0.03604699
4.824	0.03610954
4.825	0.03626824
4.826	0.03621789
4.827	0.03629097
4.828	0.03629505
4.829	0.03636724
4.830	0.03646696
4.831	0.03647052
4.832	0.03648780
4.833	0.03661942
4.834	0.03671092
4.835	0.03668405
4.836	0.03668854
4.837	0.03674165
4.838	0.03668680
4.839	0.03666323
4.840	0.03684381
4.841	0.03670760
4.842	0.03656127
4.843	0.03665186
4.844	0.03654245
4.845	0.03648602
4.846	0.03644572
4.847	0.03633033
4.848	0.03627198
4.849	0.03615219
4.850	0.03609364
4.851	0.03608264
4.852	0.03623381
4.853	0.03613530
4.854	0.03604472
4.855	0.03574792
4.856	0.03564810
4.857	0.03555482
4.858	0.03572387
4.859	0.03567494
4.860	0.03564066
4.861	0.03567814
4.862	0.03573873
4.863	0.03577177
4.864	0.03574448
4.865	0.03570273
4.866	0.03577580
4.867	0.03589963
4.868	0.03570969
4.869	0.03563965
4.870	0.03549811
4.871	0.03549876
4.872	0.03562169
4.873	0.03559469
4.874	0.03547714
4.875	0.03558324
4.876	0.03581157
4.877	0.03596307
4.878	0.03594569
4.879	0.03586576
4.880	0.03594752
4.881	0.03589480
4.882	0.03593403
4.883	0.03603279
4.884	0.03617923
4.885	0.03622969
4.886	0.03615744
4.887	0.03624372
4.888	0.03631044
4.889	0.03626018
4.890	0.03624571
4.891	0.03626269
4.892	0.03645127
4.893	0.03646973
4.894	0.03645591
4.895	0.03648754
4.896	0.03654449
4.897	0.03631683
4.898	0.03629525
4.899	0.03620551
4.900	0.03609813
4.901	0.03621165
4.902	0.03601533
4.903	0.03604696
4.904	0.03612235
4.905	0.03625198
4.906	0.03634934
4.907	0.03635479
4.908	0.03636628
4.909	0.03616297
4.910	0.03640649
4.911	0.03641743
4.912	0.03636895
4.913	0.03670659
4.914	0.03670506
4.915	0.03665370
4.916	0.03663114
4.917	0.03669436
4.918	0.03670853
4.919	0.03678671
4.920	0.03677357
4.921	0.03678182
4.922	0.03688305
4.923	0.03690028
4.924	0.03698846
4.925	0.03699801
4.926	0.03706202
4.927	0.03700036
4.928	0.03699945
4.929	0.03705872
4.930	0.03703476
4.931	0.03701243
4.932	0.03702566
4.933	0.03710137
4.934	0.03719321
4.935	0.03725754
4.936	0.03721977
4.937	0.03718735
4.938	0.03717837
4.939	0.03725614
4.940	0.03726938
4.941	0.03738530
4.942	0.03719786
4.943	0.03713849
4.944	0.03732651
4.945	0.03728886
4.946	0.03725352
4.947	0.03715774
4.948	0.03711610
4.949	0.03723227
4.950	0.03707816
4.951	0.03693953
4.952	0.03694319
4.953	0.03694947
4.954	0.03681055
4.955	0.03679094
4.956	0.03647256
4.957	0.03646514
4.958	0.03666186
4.959	0.03671228
4.960	0.03677898
4.961	0.03692647
4.962	0.03707029
4.963	0.03703845
4.964	0.03703375
4.965	0.03710051
4.966	0.03718968
4.967	0.03737512
4.968	0.03741192
4.969	0.03742070
4.970	0.03740725
4.971	0.03741204
4.972	0.03747097
4.973	0.03731711
4.974	0.03719864
4.975	0.03720055
4.976	0.03701497
4.977	0.03698608
4.978	0.03689385
4.979	0.03676323
4.980	0.03682946
4.981	0.03700213
4.982	0.03695235
4.983	0.03707625
4.984	0.03721826
4.985	0.03737428
4.986	0.03742527
4.987	0.03741257
4.988	0.03732636
4.989	0.03719566
4.990	0.03740397
4.991	0.03752409
4.992	0.03743442
4.993	0.03727752
4.994	0.03738874
4.995	0.03739780
4.996	0.03730339
4.997	0.03728853
4.998	0.03725135
4.999	0.03712886
5.000	0.03696418
5.001	0.03699379
5.002	0.03690077
5.003	0.03683353
5.004	0.03698111
5.005	0.03695817
5.006	0.03701081
5.007	0.03693152
5.008	0.03674224
5.009	0.03671957
5.010	0.03669733
5.011	0.03669487
5.012	0.03674788
5.013	0.03673479
5.014	0.03679393
5.015	0.03693055
5.016	0.03703515
5.017	0.03681250
5.018	0.03677877
5.019	0.03693762
5.020	0.03712230
5.021	0.03707405
5.022	0.03722946
5.023	0.03719362
5.024	0.03703025
5.025	0.03704861
5.026	0.03687158
5.027	0.03680755
5.028	0.03675502
5.029	0.03667691
5.030	0.03673596
5.031	0.03659778
5.032	0.03672258
5.033	0.03655079
5.034	0.03647826
5.035	0.03657027
5.036	0.03674829
5.037	0.03671124
5.038	0.03665118
5.039	0.03677398
5.040	0.03672128
5.041	0.03665664
5.042	0.03673129
5.043	0.03679062
5.044	0.03677428
5.045	0.03681929
5.046	0.03664913
5.047	0.03665900
5.048	0.03635708
5.049	0.03615213
5.050	0.03608427
5.051	0.03618177
5.052	0.03605948
5.053	0.03600580
5.054	0.03599857
5.055	0.03607494
5.056	0.03586879
5.057	0.03584457
5.058	0.03564439
5.059	0.03554605
5.060	0.03550505
5.061	0.03553963
5.062	0.03543306
5.063	0.03518214
5.064	0.03509756
5.065	0.03513099
5.066	0.03500431
5.067	0.03500925
5.068	0.03503558
5.069	0.03502040
5.070	0.03481201
5.071	0.03499545
5.072	0.03504375
5.073	0.03507138
5.074	0.03464792
5.075	0.03453462
5.076	0.03454001
5.077	0.03454385
5.078	0.03450460
5.079	0.03448981
5.080	0.03464957
5.081	0.03474196
5.082	0.03465069
5.083	0.03475337
5.084	0.03488492
5.085	0.03499267
5.086	0.03504992
5.087	0.03493936
5.088	0.03490342
5.089	0.03485593
5.090	0.03503020
5.091	0.03512108
5.092	0.03501748
5.093	0.03517752
5.094	0.03500920
5.095	0.03498167
5.096	0.03500923
5.097	0.03485542
5.098	0.03496062
5.099	0.03506974
5.100	0.03500770
5.101	0.03491927
5.102	0.03502534
5.103	0.03504850
5.104	0.03507656
5.105	0.03516108
5.106	0.03514598
5.107	0.03519212
5.108	0.03512390
5.109	0.03498245
5.110	0.03506377
5.111	0.03515990
5.112	0.03523815
5.113	0.03522284
5.114	0.03525447
5.115	0.03522403
5.116	0.03511895
5.117	0.03506513
5.118	0.03504030
5.119	0.03503878
5.120	0.03515316
5.121	0.03516952
5.122	0.03524869
5.123	0.03528898
5.124	0.03518064
5.125	0.03512056
5.126	0.03519225
5.127	0.03547062
5.128	0.03540852
5.129	0.03557665
5.130	0.03548955
5.131	0.03543020
5.132	0.03549160
5.133	0.03542944
5.134	0.03543441
5.135	0.03535360
5.136	0.03537922
5.137	0.03537835
5.138	0.03530037
5.139	0.03538662
5.140	0.03534024
5.141	0.03517397
5.142	0.03519340
5.143	0.03498271
5.144	0.03517305
5.145	0.03528587
5.146	0.03537397
5.147	0.03541027
5.148	0.03536950
5.149	0.03538841
5.150	0.03537699
5.151	0.03523130
5.152	0.03528140
5.153	0.03530217
5.154	0.03518457
5.155	0.03516069
5.156	0.03536916
5.157	0.03543064
5.158	0.03538486
5.159	0.03542917
5.160	0.03536990
5.161	0.03561752
5.162	0.03566366
5.163	0.03597705
5.164	0.03589128
5.165	0.03590497
5.166	0.03579542
5.167	0.03575601
5.168	0.03583727
5.169	0.03572449
5.170	0.03570798
5.171	0.03578050
5.172	0.03573528
5.173	0.03591964
5.174	0.03601611
5.175	0.03594741
5.176	0.03601307
5.177	0.03592673
5.178	0.03585058
5.179	0.03583175
5.180	0.03575535
5.181	0.03566709
5.182	0.03570493
5.183	0.03560787
5.184	0.03560609
5.185	0.03567825
5.186	0.03569925
5.187	0.03589599
5.188	0.03586388
5.189	0.03578225
5.190	0.03590031
5.191	0.03579988
5.192	0.03583771
5.193	0.03582310
5.194	0.03600943
5.195	0.03610387
5.196	0.03615346
5.197	0.03620689
5.198	0.03634487
5.199	0.03627101
5.200	0.03625691
5.201	0.03626138
5.202	0.03631427
5.203	0.03621144
5.204	0.03599281
5.205	0.03592159
5.206	0.03599259
5.207	0.03606082
5.208	0.03600317
5.209	0.03598628
5.210	0.03606445
5.211	0.03618761
5.212	0.03631272
5.213	0.03649686
5.214	0.03645218
5.215	0.03630993
5.216	0.03628580
5.217	0.03636374
5.218	0.03620684
5.219	0.03622249
5.220	0.03623759
5.221	0.03628617
5.222	0.03645177
5.223	0.03647651
5.224	0.03644445
5.225	0.03646390
5.226	0.03657023
5.227	0.03653405
5.228	0.03662192
5.229	0.03673209
5.230	0.03669629
5.231	0.03677435
5.232	0.03670558
5.233	0.03682337
5.234	0.03674762
5.235	0.03662643
5.236	0.03676960
5.237	0.03680451
5.238	0.03690219
5.239	0.03710687
5.240	0.03722860
5.241	0.03720958
5.242	0.03730702
5.243	0.03745047
5.244	0.03737466
5.245	0.03740265
5.246	0.03738422
5.247	0.03725957
5.248	0.03726147
5.249	0.03732896
5.250	0.03720843
5.251	0.03733286
5.252	0.03742917
5.253	0.03745107
5.254	0.03756655
5.255	0.03732127
5.256	0.03734856
5.257	0.03746854
5.258	0.03751104
5.259	0.03741980
5.260	0.03741144
5.261	0.03740683
5.262	0.03755955
5.263	0.03759821
5.264	0.03756102
5.265	0.03761186
5.266	0.03768031
5.267	0.03782833
5.268	0.03785047
5.269	0.03776986
5.270	0.03785810
5.271	0.03816490
5.272	0.03819232
5.273	0.03822276
5.274	0.03813493
5.275	0.03804028
5.276	0.03810739
5.277	0.03824952
5.278	0.03846298
5.279	0.03849165
5.280	0.03841977
5.281	0.03817764
5.282	0.03824554
5.283	0.03842065
5.284	0.03829309
5.285	0.03834025
5.286	0.03838563
5.287	0.03835668
5.288	0.03844685
5.289	0.03871387
5.290	0.03859434
5.291	0.03853541
5.292	0.03858896
5.293	0.03863282
5.294	0.03863364
5.295	0.03859517
5.296	0.03851691
5.297	0.03859352
5.298	0.03860041
5.299	0.03850865
5.300	0.03851995
5.301	0.03852667
5.302	0.03830198
5.303	0.03830010
5.304	0.03832819
5.305	0.03857481
5.306	0.03850543
5.307	0.03862772
5.308	0.03864566
5.309	0.03864272
5.310	0.03878494
5.311	0.03869083
5.312	0.03873961
5.313	0.03862403
5.314	0.03862824
5.315	0.03883032
5.316	0.03882539
5.317	0.03899920
5.318	0.03896449
5.319	0.03908028
5.320	0.03891193
5.321	0.03883044
5.322	0.03885984
5.323	0.03875549
5.324	0.03872031
5.325	0.03884913
5.326	0.03887065
5.327	0.03892891
5.328	0.03880170
5.329	0.03877263
5.330	0.03873342
5.331	0.03867112
5.332	0.03861403
5.333	0.03849151
5.334	0.03858609
5.335	0.03868236
5.336	0.03871532
5.337	0.03882303
5.338	0.03863051
5.339	0.03855626
5.340	0.03860057
5.341	0.03865067
5.342	0.03879042
5.343	0.03878909
5.344	0.03897339
5.345	0.03902125
5.346	0.03921414
5.347	0.03920871
5.348	0.03917541
5.349	0.03907916
5.350	0.03894987
5.351	0.03881100
5.352	0.03881512
5.353	0.03898535
5.354	0.03886614
5.355	0.03885329
5.356	0.03893822
5.357	0.03878235
5.358	0.03899584
5.359	0.03889434
5.360	0.03899066
5.361	0.03881626
5.362	0.03883702
5.363	0.03870746
5.364	0.03880576
5.365	0.03880539
5.366	0.03886462
5.367	0.03887461
5.368	0.03885667
5.369	0.03885277
5.370	0.03894676
5.371	0.03873824
5.372	0.03883086
5.373	0.03876294
5.374	0.03872874
5.375	0.03879942
5.376	0.03898392
5.377	0.03908097
5.378	0.03911248
5.379	0.03913076
5.380	0.03917529
5.381	0.03924076
5.382	0.03946040
5.383	0.03957907
5.384	0.03968202
5.385	0.03981753
5.386	0.03981969
5.387	0.03985255
5.388	0.03995093
5.389	0.03995450
5.390	0.03990800
5.391	0.03987071
5.392	0.03981854
5.393	0.03972568
5.394	0.03970321
5.395	0.03977138
5.396	0.03971377
5.397	0.03987494
5.398	0.03983089
5.399	0.03980905
5.400	0.03963080
5.401	0.03950262
5.402	0.03950018
5.403	0.03943944
5.404	0.03949522
5.405	0.03956835
5.406	0.03954674
5.407	0.03942422
5.408	0.03942662
5.409	0.03926010
5.410	0.03903162
5.411	0.03891876
5.412	0.03887262
5.413	0.03884106
5.414	0.03884925
5.415	0.03879124
5.416	0.03890877
5.417	0.03897053
5.418	0.03901439
5.419	0.03891407
5.420	0.03886430
5.421	0.03883584
5.422	0.03894751
5.423	0.03894526
5.424	0.03888455
5.425	0.03883978
5.426	0.03879468
5.427	0.03875887
5.428	0.03884182
5.429	0.03879685
5.430	0.03870866
5.431	0.03861106
5.432	0.03854526
5.433	0.03842238
5.434	0.03840460
5.435	0.03845821
5.436	0.03835350
5.437	0.03826961
5.438	0.03835635
5.439	0.03855357
5.440	0.03868491
5.441	0.03863233
5.442	0.03868091
5.443	0.03885541
5.444	0.03878314
5.445	0.03881905
5.446	0.03881185
5.447	0.03895221
5.448	0.03900619
5.449	0.03895932
5.450	0.03885125
5.451	0.03887614
5.452	0.03880594
5.453	0.03892549
5.454	0.03889167
5.455	0.03892444
5.456	0.03874725
5.457	0.03872137
5.458	0.03874377
5.459	0.03894290
5.460	0.03881150
5.461	0.03887791
5.462	0.03874090
5.463	0.03860276
5.464	0.03877005
5.465	0.03866202
5.466	0.03866150
5.467	0.03869978
5.468	0.03864126
5.469	0.03865804
5.470	0.03875970
5.471	0.03895463
5.472	0.03899884
5.473	0.03898346
5.474	0.03890339
5.475	0.03881896
5.476	0.03891120
5.477	0.03898772
5.478	0.03896138
5.479	0.03893904
5.480	0.03888666
5.481	0.03884712
5.482	0.03885411
5.483	0.03886177
5.484	0.03900336
5.485	0.03902748
5.486	0.03911705
5.487	0.03916440
5.488	0.03920557
5.489	0.03919996
5.490	0.03929223
5.491	0.03931100
5.492	0.03951681
5.493	0.03952119
5.494	0.03961499
5.495	0.03966050
5.496	0.03972923
5.497	0.03972804
5.498	0.03962185
5.499	0.03966651
5.500	0.03939228
5.501	0.03946215
5.502	0.03932112
5.503	0.03918183
5.504	0.03905380
5.505	0.03908745
5.506	0.03916639
5.507	0.03923896
5.508	0.03929241
5.509	0.03935870
5.510	0.03940897
5.511	0.03961444
5.512	0.03967623
5.513	0.03977115
5.514	0.03985621
5.515	0.03973287
5.516	0.03954286
5.517	0.03954420
5.518	0.03944511
5.519	0.03941781
5.520	0.03949989
5.521	0.03959357
5.522	0.03950829
5.523	0.03955655
5.524	0.03945733
5.525	0.03927383
5.526	0.03956572
5.527	0.03947156
5.528	0.03951488
5.529	0.03959540
5.530	0.03953447
5.531	0.03933679
5.532	0.03940654
5.533	0.03964985
5.534	0.03967644
5.535	0.03969604
5.536	0.03977043
5.537	0.03969716
5.538	0.03980246
5.539	0.04004460
5.540	0.04016631
5.541	0.04007059
5.542	0.03999664
5.543	0.03976141
5.544	0.03975142
5.545	0.03978532
5.546	0.03975479
5.547	0.03971899
5.548	0.03970206
5.549	0.03977763
5.550	0.03994765
5.551	0.03989060
5.552	0.03999730
5.553	0.03996744
5.554	0.03994474
5.555	0.03981869
5.556	0.03995048
5.557	0.03991939
5.558	0.04010387
5.559	0.04023901
5.560	0.04030726
5.561	0.04032320
5.562	0.04008329
5.563	0.04011126
5.564	0.03985236
5.565	0.03959027
5.566	0.03963172
5.567	0.03976221
5.568	0.03970880
5.569	0.03960938
5.570	0.03977398
5.571	0.03992211
5.572	0.04010060
5.573	0.04006426
5.574	0.04017259
5.575	0.04023829
5.576	0.04023653
5.577	0.04032505
5.578	0.04046537
5.579	0.04023435
5.580	0.04017919
5.581	0.03995320
5.582	0.03989095
5.583	0.03975205
5.584	0.03974357
5.585	0.03989516
5.586	0.03983406
5.587	0.03986818
5.588	0.03979265
5.589	0.03982240
5.590	0.03966045
5.591	0.03963952
5.592	0.03966590
5.593	0.03969520
5.594	0.03969094
5.595	0.03953271
5.596	0.03969541
5.597	0.03952919
5.598	0.03957495
5.599	0.03966948
5.600	0.03988097
5.601	0.03988121
5.602	0.04005462
5.603	0.04006101
5.604	0.03999643
5.605	0.03997671
5.606	0.04006218
5.607	0.03992656
5.608	0.03989467
5.609	0.03993472
5.610	0.03974603
5.611	0.03976123
5.612	0.03979895
5.613	0.03975422
5.614	0.03954184
5.615	0.03959776
5.616	0.03972466
5.617	0.03966126
5.618	0.03960417
5.619	0.03955122
5.620	0.03979391
5.621	0.03980101
5.622	0.04001235
5.623	0.03998063
5.624	0.04007338
5.625	0.03993496
5.626	0.03981978
5.627	0.03987307
5.628	0.03966425
5.629	0.03980455
5.630	0.03985423
5.631	0.03994927
5.632	0.04006332
5.633	0.04006411
5.634	0.03986800
5.635	0.03988111
5.636	0.04005055
5.637	0.04016549
5.638	0.03998587
5.639	0.03987610
5.640	0.03971846
5.641	0.03963097
5.642	0.03946003
5.643	0.03932714
5.644	0.03938108
5.645	0.03960537
5.646	0.03955071
5.647	0.03955188
5.648	0.03966688
5.649	0.03968087
5.650	0.03979303
5.651	0.03990764
5.652	0.03999998
5.653	0.03999832
5.654	0.03989402
5.655	0.03974679
5.656	0.03967096
5.657	0.03974321
5.658	0.03966742
5.659	0.03983184
5.660	0.03961455
5.661	0.03950775
5.662	0.03954969
5.663	0.03949330
5.664	0.03941235
5.665	0.03936120
5.666	0.03937516
5.667	0.03937942
5.668	0.03934747
5.669	0.03946535
5.670	0.03953714
5.671	0.03940088
5.672	0.03931235
5.673	0.03928438
5.674	0.03920524
5.675	0.03930626
5.676	0.03922425
5.677	0.03927982
5.678	0.03928400
5.679	0.03939386
5.680	0.03929883
5.681	0.03946242
5.682	0.03956712
5.683	0.03952459
5.684	0.03945106
5.685	0.03930194
5.686	0.03945037
5.687	0.03942667
5.688	0.03956012
5.689	0.03950758
5.690	0.03934622
5.691	0.03939487
5.692	0.03939940
5.693	0.03936470
5.694	0.03934320
5.695	0.03940886
5.696	0.03931831
5.697	0.03923674
5.698	0.03914797
5.699	0.03912132
5.700	0.03921864
5.701	0.03916596
5.702	0.03926486
5.703	0.03933168
5.704	0.03930753
5.705	0.03916221
5.706	0.03910527
5.707	0.03905202
5.708	0.03912838
5.709	0.03911058
5.710	0.03914399
5.711	0.03933133
5.712	0.03922289
5.713	0.03939594
5.714	0.03934875
5.715	0.03935905
5.716	0.03929765
5.717	0.03920983
5.718	0.03930382
5.719	0.03932016
5.720	0.03923136
5.721	0.03900998
5.722	0.03893556
5.723	0.03885806
5.724	0.03880997
5.725	0.03883026
5.726	0.03870727
5.727	0.03877139
5.728	0.03858834
5.729	0.03862218
5.730	0.03859599
5.731	0.03849732
5.732	0.03864714
5.733	0.03868454
5.734	0.03878989
5.735	0.03879801
5.736	0.03895948
5.737	0.03910241
5.738	0.03906616
5.739	0.03901671
5.740	0.03903602
5.741	0.03901220
5.742	0.03910422
5.743	0.03910792
5.744	0.03916455
5.745	0.03923967
5.746	0.03915181
5.747	0.03915108
5.748	0.03909528
5.749	0.03905569
5.750	0.03906561
5.751	0.03918073
5.752	0.03926231
5.753	0.03920864
5.754	0.03906363
5.755	0.03890371
5.756	0.03881691
5.757	0.03902272
5.758	0.03901191
5.759	0.03908792
5.760	0.03927135
5.761	0.03920438
5.762	0.03903504
5.763	0.03914843
5.764	0.03907473
5.765	0.03918467
5.766	0.03916373
5.767	0.03935713
5.768	0.03920948
5.769	0.03914222
5.770	0.03922051
5.771	0.03924077
5.772	0.03918539
5.773	0.03911887
5.774	0.03917375
5.775	0.03926901
5.776	0.03927409
5.777	0.03931600
5.778	0.03929124
5.779	0.03919418
5.780	0.03914125
5.781	0.03921956
5.782	0.03918346
5.783	0.03904054
5.784	0.03909371
5.785	0.03919363
5.786	0.03915752
5.787	0.03920025
5.788	0.03924926
5.789	0.03909671
5.790	0.03907799
5.791	0.03921637
5.792	0.03927674
5.793	0.03909430
5.794	0.03904200
5.795	0.03906203
5.796	0.03920744
5.797	0.03939404
5.798	0.03932519
5.799	0.03923674
5.800	0.03933785
5.801	0.03926436
5.802	0.03923658
5.803	0.03926156
5.804	0.03917375
5.805	0.03935797
5.806	0.03955934
5.807	0.03943891
5.808	0.03922036
5.809	0.03931445
5.810	0.03927754
5.811	0.03912318
5.812	0.03905866
5.813	0.03905992
5.814	0.03888217
5.815	0.03878900
5.816	0.03875500
5.817	0.03876445
5.818	0.03878629
5.819	0.03873948
5.820	0.03896152
5.821	0.03894103
5.822	0.03893690
5.823	0.03909017
5.824	0.03916615
5.825	0.03915841
5.826	0.03915116
5.827	0.03905429
5.828	0.03891366
5.829	0.03902497
5.830	0.03906980
5.831	0.03915374
5.832	0.03925007
5.833	0.03951273
5.834	0.03955176
5.835	0.03943223
5.836	0.03953797
5.837	0.03948227
5.838	0.03969620
5.839	0.03959960
5.840	0.03966705
5.841	0.03972131
5.842	0.03972508
5.843	0.03962199
5.844	0.03977086
5.845	0.03976309
5.846	0.03974678
5.847	0.03987919
5.848	0.03997877
5.849	0.03975848
5.850	0.03998392
5.851	0.03979656
5.852	0.03973036
5.853	0.03986508
5.854	0.03984134
5.855	0.03983775
5.856	0.04014105
5.857	0.04031903
5.858	0.04047525
5.859	0.04042487
5.860	0.04050836
5.861	0.04061728
5.862	0.04058738
5.863	0.04054281
5.864	0.04054192
5.865	0.04057103
5.866	0.04068428
5.867	0.04070794
5.868	0.04086320
5.869	0.04072836
5.870	0.04055522
5.871	0.04051901
5.872	0.04060714
5.873	0.04044371
5.874	0.04038749
5.875	0.04036749
5.876	0.04022943
5.877	0.04014133
5.878	0.04019272
5.879	0.04013923
5.880	0.04006984
5.881	0.04005335
5.882	0.04017830
5.883	0.04009722
5.884	0.04003755
5.885	0.03994637
5.886	0.03995003
5.887	0.04010754
5.888	0.04010287
5.889	0.04016102
5.890	0.04014301
5.891	0.04027371
5.892	0.04019961
5.893	0.04011159
5.894	0.04033357
5.895	0.04042274
5.896	0.04047962
5.897	0.04050648
5.898	0.04042168
5.899	0.04016558
5.900	0.03999483
5.901	0.04002617
5.902	0.03998285
5.903	0.04017419
5.904	0.04027848
5.905	0.04022473
5.906	0.04025757
5.907	0.04016632
5.908	0.04009388
5.909	0.03995651
5.910	0.03990189
5.911	0.03991330
5.912	0.03994761
5.913	0.03997676
5.914	0.03985457
5.915	0.03979844
5.916	0.03997261
5.917	0.03994164
5.918	0.03984199
5.919	0.03970459
5.920	0.03965200
5.921	0.03965025
5.922	0.03972782
5.923	0.03980772
5.924	0.03989455
5.925	0.03985463
5.926	0.04001559
5.927	0.03997451
5.928	0.03997065
5.929	0.04009524
5.930	0.04000517
5.931	0.04005156
5.932	0.04003446
5.933	0.04020135
5.934	0.04020246
5.935	0.04021453
5.936	0.04010142
5.937	0.04008875
5.938	0.03991533
5.939	0.03992171
5.940	0.04003615
5.941	0.04020971
5.942	0.04012261
5.943	0.04007362
5.944	0.04018627
5.945	0.04027265
5.946	0.04037479
5.947	0.04036161
5.948	0.04037266
5.949	0.04029143
5.950	0.04015719
5.951	0.04021728
5.952	0.04022551
5.953	0.04007343
5.954	0.03994751
5.955	0.04009911
5.956	0.04007407
5.957	0.03991176
5.958	0.03986104
5.959	0.03990487
5.960	0.03999392
5.961	0.04007245
5.962	0.04023058
5.963	0.04032028
5.964	0.04009425
5.965	0.03994304
5.966	0.04005787
5.967	0.04000186
5.968	0.03978600
5.969	0.03973337
5.970	0.03964956
5.971	0.03958155
5.972	0.03962809
5.973	0.03940981
5.974	0.03930740
5.975	0.03944230
5.976	0.03960653
5.977	0.03979602
5.978	0.03986718
5.979	0.03987124
5.980	0.03978366
5.981	0.03977653
5.982	0.03959661
5.983	0.03950998
5.984	0.03952424
5.985	0.03970725
5.986	0.03968146
5.987	0.03968007
5.988	0.03981042
5.989	0.03975871
5.990	0.03986299
5.991	0.03990018
5.992	0.03991998
5.993	0.03990275
5.994	0.03988914
5.995	0.04003010
5.996	0.04010195
5.997	0.04027702
5.998	0.04025802
5.999	0.04026467
6.000	0.04006066
6.001	0.04002200
6.002	0.03994339
6.003	0.03999987
6.004	0.04015976
6.005	0.04015275
6.006	0.03984875
6.007	0.04011036
6.008	0.04002045
6.009	0.04007728
6.010	0.04013905
6.011	0.04012002
6.012	0.04030684
6.013	0.04043780
6.014	0.04035999
6.015	0.04036560
6.016	0.04043831
6.017	0.04047117
6.018	0.04035241
6.019	0.04030548
6.020	0.04030782
6.021	0.04014959
6.022	0.04011029
6.023	0.04009768
6.024	0.04011979
6.025	0.04012740
6.026	0.04002148
6.027	0.03999774
6.028	0.03991267
6.029	0.04003625
6.030	0.04006631
6.031	0.04011030
6.032	0.04020564
6.033	0.04011939
6.034	0.04010796
6.035	0.04024815
6.036	0.04028901
6.037	0.04048257
6.038	0.04061200
6.039	0.04058631
6.040	0.04061240
6.041	0.04057193
6.042	0.04039391
6.043	0.04057723
6.044	0.04047626
6.045	0.04050643
6.046	0.04050848
6.047	0.04058848
6.048	0.04069983
6.049	0.04057744
6.050	0.04071430
6.051	0.04075724
6.052	0.04087736
6.053	0.04095836
6.054	0.04091979
6.055	0.04093295
6.056	0.04095324
6.057	0.04083117
6.058	0.04084596
6.059	0.04091230
6.060	0.04070833
6.061	0.04054575
6.062	0.04039178
6.063	0.04031669
6.064	0.04023527
6.065	0.04021491
6.066	0.04030709
6.067	0.04039286
6.068	0.04023939
6.069	0.04036356
6.070	0.04035652
6.071	0.04030161
6.072	0.04028252
6.073	0.04021158
6.074	0.04043307
6.075	0.04031573
6.076	0.04035222
6.077	0.04034951
6.078	0.04026450
6.079	0.04016751
6.080	0.04011533
6.081	0.03992775
6.082	0.04004212
6.083	0.03989992
6.084	0.03992467
6.085	0.03990433
6.086	0.03977887
6.087	0.03977920
6.088	0.03971315
6.089	0.03977598
6.090	0.03994154
6.091	0.03985489
6.092	0.03994825
6.093	0.03981819
6.094	0.03982026
6.095	0.03984604
6.096	0.03983803
6.097	0.03965348
6.098	0.03968976
6.099	0.03975064
6.100	0.03971643
6.101	0.03964704
6.102	0.03981533
6.103	0.03976224
6.104	0.03991757
6.105	0.03994554
6.106	0.03979588
6.107	0.03973027
6.108	0.03969636
6.109	0.03976132
6.110	0.03995900
6.111	0.03990480
6.112	0.03983157
6.113	0.03974825
6.114	0.03971932
6.115	0.03972168
6.116	0.03963851
6.117	0.03981341
6.118	0.03989651
6.119	0.03988442
6.120	0.03985561
6.121	0.03990557
6.122	0.03981723
6.123	0.03989554
6.124	0.03975441
6.125	0.03980024
6.126	0.03968643
6.127	0.03997835
6.128	0.03982990
6.129	0.03966504
6.130	0.03934083
6.131	0.03946139
6.132	0.03920114
6.133	0.03935863
6.134	0.03940904
6.135	0.03944817
6.136	0.03955477
6.137	0.03964145
6.138	0.03942953
6.139	0.03941599
6.140	0.03942539
6.141	0.03933134
6.142	0.03921390
6.143	0.03899107
6.144	0.03888002
6.145	0.03891024
6.146	0.03903668
6.147	0.03909771
6.148	0.03916530
6.149	0.03928226
6.150	0.03932648
6.151	0.03932695
6.152	0.03915922
6.153	0.03942772
6.154	0.03951582
6.155	0.03962948
6.156	0.03947390
6.157	0.03951498
6.158	0.03949503
6.159	0.03949764
6.160	0.03975350
6.161	0.03967536
6.162	0.03967398
6.163	0.03960675
6.164	0.03971293
6.165	0.03962909
6.166	0.03964545
6.167	0.03947577
6.168	0.03954244
6.169	0.03957567
6.170	0.03958381
6.171	0.03964024
6.172	0.03965241
6.173	0.03963077
6.174	0.03976473
6.175	0.03986835
6.176	0.03990871
6.177	0.03993258
6.178	0.04008649
6.179	0.04002453
6.180	0.04004758
6.181	0.04027587
6.182	0.04008134
6.183	0.04017452
6.184	0.04031070
6.185	0.04027796
6.186	0.04037892
6.187	0.04034875
6.188	0.04039516
6.189	0.04045169
6.190	0.04044241
6.191	0.04038962
6.192	0.04042917
6.193	0.04033549
6.194	0.04049444
6.195	0.04060554
6.196	0.04041263
6.197	0.04034820
6.198	0.04044174
6.199	0.04051019
6.200	0.04042026
6.201	0.04067887
6.202	0.04062503
6.203	0.04063318
6.204	0.04033971
6.205	0.04036155
6.206	0.04036263
6.207	0.04035201
6.208	0.04055786
6.209	0.04048978
6.210	0.04042235
6.211	0.04034750
6.212	0.04035582
6.213	0.04031113
6.214	0.04015776
6.215	0.04018803
6.216	0.04029258
6.217	0.04036058
6.218	0.04023228
6.219	0.04014383
6.220	0.03993009
6.221	0.03988560
6.222	0.03999543
6.223	0.03989465
6.224	0.03996759
6.225	0.03994824
6.226	0.03991291
6.227	0.03995319
6.228	0.04010043
6.229	0.04006015
6.230	0.03990339
6.231	0.04001380
6.232	0.03997756
6.233	0.04002055
6.234	0.04028555
6.235	0.04035382
6.236	0.04056243
6.237	0.04059036
6.238	0.04046748
6.239	0.04022144
6.240	0.04010621
6.241	0.04017992
6.242	0.04018993
6.243	0.04023229
6.244	0.04019727
6.245	0.04019954
6.246	0.04028530
6.247	0.04025544
6.248	0.04013316
6.249	0.04012771
6.250	0.04004046
6.251	0.04005243
6.252	0.04001314
6.253	0.03989246
6.254	0.03989659
6.255	0.03992084
6.256	0.03995373
6.257	0.04004821
6.258	0.03987787
6.259	0.03992224
6.260	0.03986546
6.261	0.03983523
6.262	0.03982613
6.263	0.03985946
6.264	0.03966759
6.265	0.03974501
6.266	0.03965959
6.267	0.03974686
6.268	0.03965221
6.269	0.03974378
6.270	0.03979594
6.271	0.03982440
6.272	0.03999287
6.273	0.03999536
6.274	0.04003019
6.275	0.04022092
6.276	0.04023164
6.277	0.04029976
6.278	0.04013253
6.279	0.04019715
6.280	0.04015268
6.281	0.03998751
6.282	0.04006612
6.283	0.04022261
6.284	0.04026384
6.285	0.04006495
6.286	0.04011343
6.287	0.04005167
6.288	0.03998318
6.289	0.03998517
6.290	0.03978671
6.291	0.03972434
6.292	0.03968297
6.293	0.03959161
6.294	0.03953727
6.295	0.03957915
6.296	0.03945347
6.297	0.03949186
6.298	0.03957266
6.299	0.03972901
6.300	0.03951709
6.301	0.03955544
6.302	0.03947251
6.303	0.03913262
6.304	0.03905919
6.305	0.03906475
6.306	0.03893161
6.307	0.03887986
6.308	0.03869966
6.309	0.03862026
6.310	0.03880876
6.311	0.03869376
6.312	0.03850481
6.313	0.03855885
6.314	0.03845628
6.315	0.03861261
6.316	0.03862233
6.317	0.03867093
6.318	0.03860087
6.319	0.03870381
6.320	0.03886284
6.321	0.03863212
6.322	0.03847744
6.323	0.03863353
6.324	0.03859551
6.325	0.03843740
6.326	0.03835515
6.327	0.03842671
6.328	0.03848605
6.329	0.03847198
6.330	0.03851648
6.331	0.03860093
6.332	0.03859362
6.333	0.03862038
6.334	0.03871943
6.335	0.03850308
6.336	0.03869787
6.337	0.03866751
6.338	0.03870413
6.339	0.03870523
6.340	0.03885005
6.341	0.03872080
6.342	0.03862085
6.343	0.03868263
6.344	0.03873775
6.345	0.03896253
6.346	0.03889546
6.347	0.03904363
6.348	0.03924783
6.349	0.03927281
6.350	0.03942068
6.351	0.03940685
6.352	0.03953551
6.353	0.03953508
6.354	0.03953581
6.355	0.03953689
6.356	0.03958593
6.357	0.03960272
6.358	0.03971148
6.359	0.03992755
6.360	0.03997122
6.361	0.04002313
6.362	0.04005499
6.363	0.04002894
6.364	0.04005498
6.365	0.04000424
6.366	0.03984293
6.367	0.03976094
6.368	0.03986544
6.369	0.03989268
6.370	0.03997595
6.371	0.03982362
6.372	0.03994570
6.373	0.03985633
6.374	0.03992310
6.375	0.04007545
6.376	0.04003133
6.377	0.04013159
6.378	0.03997582
6.379	0.04004480
6.380	0.04002194
6.381	0.04005408
6.382	0.04006826
6.383	0.04007570
6.384	0.03996705
6.385	0.04009889
6.386	0.03998134
6.387	0.03994559
6.388	0.03994084
6.389	0.03983885
6.390	0.03984547
6.391	0.03970466
6.392	0.03965560
6.393	0.03975473
6.394	0.03973230
6.395	0.03973499
6.396	0.03990165
6.397	0.03974380
6.398	0.03992730
6.399	0.03994282
6.400	0.03988513
6.401	0.04005713
6.402	0.04008926
6.403	0.04006036
6.404	0.04012218
6.405	0.04012972
6.406	0.04018689
6.407	0.04013221
6.408	0.04011903
6.409	0.04011554
6.410	0.04014039
6.411	0.04004197
6.412	0.04013785
6.413	0.04020918
6.414	0.04025086
6.415	0.04031021
6.416	0.04031552
6.417	0.04042844
6.418	0.04045050
6.419	0.04058500
6.420	0.04050875
6.421	0.04051306
6.422	0.04048169
6.423	0.04026777
6.424	0.04023737
6.425	0.04034984
6.426	0.04034563
6.427	0.04025800
6.428	0.04019116
6.429	0.04018237
6.430	0.04018228
6.431	0.04011567
6.432	0.04018539
6.433	0.04020824
6.434	0.04021181
6.435	0.04016327
6.436	0.03996088
6.437	0.03998907
6.438	0.03982894
6.439	0.03970279
6.440	0.03971689
6.441	0.03963242
6.442	0.03958241
6.443	0.03958911
6.444	0.03959466
6.445	0.03955757
6.446	0.03932866
6.447	0.03937521
6.448	0.03959356
6.449	0.03954106
6.450	0.03956414
6.451	0.03952889
6.452	0.03954557
6.453	0.03967937
6.454	0.03986563
6.455	0.03985672
6.456	0.04003194
6.457	0.03989081
6.458	0.03984225
6.459	0.04007748
6.460	0.04029486
6.461	0.04031593
6.462	0.04040227
6.463	0.04036700
6.464	0.04045804
6.465	0.04029453
6.466	0.04035835
6.467	0.04029890
6.468	0.04037363
6.469	0.04045022
6.470	0.04020015
6.471	0.04024400
6.472	0.04037511
6.473	0.04034354
6.474	0.04036416
6.475	0.04042899
6.476	0.04032447
6.477	0.04040352
6.478	0.04041849
6.479	0.04032805
6.480	0.04022411
6.481	0.04017816
6.482	0.04011923
6.483	0.04004117
6.484	0.03993362
6.485	0.03991537
6.486	0.03975102
6.487	0.03956719
6.488	0.03967277
6.489	0.03963870
6.490	0.03976500
6.491	0.03987953
6.492	0.03962123
6.493	0.03956209
6.494	0.03977206
6.495	0.03976470
6.496	0.03986249
6.497	0.03967434
6.498	0.03956757
6.499	0.03944928
6.500	0.03937383
6.501	0.03937673
6.502	0.03926356
6.503	0.03927165
6.504	0.03922851
6.505	0.03915706
6.506	0.03922568
6.507	0.03927402
6.508	0.03931610
6.509	0.03920950
6.510	0.03908757
6.511	0.03901803
6.512	0.03889172
6.513	0.03904193
6.514	0.03917399
6.515	0.03928956
6.516	0.03932457
6.517	0.03927858
6.518	0.03915181
6.519	0.03940151
6.520	0.03921122
6.521	0.03910263
6.522	0.03908612
6.523	0.03907674
6.524	0.03907307
6.525	0.03896617
6.526	0.03895159
6.527	0.03897821
6.528	0.03893798
6.529	0.03898316
6.530	0.03901570
6.531	0.03897396
6.532	0.03893791
6.533	0.03897551
6.534	0.03898433
6.535	0.03902698
6.536	0.03893222
6.537	0.03881662
6.538	0.03871210
6.539	0.03863190
6.540	0.03866922
6.541	0.03871268
6.542	0.03838844
6.543	0.03842076
6.544	0.03849888
6.545	0.03845946
6.546	0.03838769
6.547	0.03833937
6.548	0.03829668
6.549	0.03829017
6.550	0.03821504
6.551	0.03826346
6.552	0.03813659
6.553	0.03811039
6.554	0.03808648
6.555	0.03801237
6.556	0.03805825
6.557	0.03807865
6.558	0.03801132
6.559	0.03811478
6.560	0.03820150
6.561	0.03840096
6.562	0.03830325
6.563	0.03821719
6.564	0.03819159
6.565	0.03801303
6.566	0.03783549
6.567	0.03776611
6.568	0.03795394
6.569	0.03780102
6.570	0.03759818
6.571	0.03763785
6.572	0.03768173
6.573	0.03773199
6.574	0.03777558
6.575	0.03773697
6.576	0.03788977
6.577	0.03800287
6.578	0.03802738
6.579	0.03791104
6.580	0.03787757
6.581	0.03778371
6.582	0.03775343
6.583	0.03771652
6.584	0.03768169
6.585	0.03759405
6.586	0.03753239
6.587	0.03753362
6.588	0.03746365
6.589	0.03747880
6.590	0.03756560
6.591	0.03767008
6.592	0.03759145
6.593	0.03769555
6.594	0.03759054
6.595	0.03763008
6.596	0.03751957
6.597	0.03760828
6.598	0.03776029
6.599	0.03782912
6.600	0.03786222
6.601	0.03802396
6.602	0.03795887
6.603	0.03785990
6.604	0.03796254
6.605	0.03805499
6.606	0.03811622
6.607	0.03795982
6.608	0.03807551
6.609	0.03823671
6.610	0.03823276
6.611	0.03815237
6.612	0.03827269
6.613	0.03833063
6.614	0.03821517
6.615	0.03820715
6.616	0.03824955
6.617	0.03830667
6.618	0.03821003
6.619	0.03820421
6.620	0.03813101
6.621	0.03820412
6.622	0.03836143
6.623	0.03839774
6.624	0.03837573
6.625	0.03822910
6.626	0.03808445
6.627	0.03807484
6.628	0.03809205
6.629	0.03805974
6.630	0.03819117
6.631	0.03825298
6.632	0.03817143
6.633	0.03802035
6.634	0.03817402
6.635	0.03809913
6.636	0.03812639
6.637	0.03809981
6.638	0.03830737
6.639	0.03841752
6.640	0.03842780
6.641	0.03853906
6.642	0.03873628
6.643	0.03871663
6.644	0.03877371
6.645	0.03862006
6.646	0.03854551
6.647	0.03861945
6.648	0.03873806
6.649	0.03873516
6.650	0.03866512
6.651	0.03872759
6.652	0.03868155
6.653	0.03879023
6.654	0.03892909
6.655	0.03892142
6.656	0.03890530
6.657	0.03875724
6.658	0.03859749
6.659	0.03855512
6.660	0.03866062
6.661	0.03874215
6.662	0.03895146
6.663	0.03889586
6.664	0.03874545
6.665	0.03892060
6.666	0.03916507
6.667	0.03914181
6.668	0.03904508
6.669	0.03908480
6.670	0.03904807
6.671	0.03903978
6.672	0.03900174
6.673	0.03905768
6.674	0.03924957
6.675	0.03930487
6.676	0.03936644
6.677	0.03925842
6.678	0.03925571
6.679	0.03933798
6.680	0.03930512
6.681	0.03940189
6.682	0.03930180
6.683	0.03931159
6.684	0.03950382
6.685	0.03958021
6.686	0.03961469
6.687	0.03951758
6.688	0.03947772
6.689	0.03947804
6.690	0.03949237
6.691	0.03959234
6.692	0.03960411
6.693	0.03962101
6.694	0.03966568
6.695	0.03959607
6.696	0.03950787
6.697	0.03949898
6.698	0.03952419
6.699	0.03945171
6.700	0.03959899
6.701	0.03967125
6.702	0.03950761
6.703	0.03964853
6.704	0.03955694
6.705	0.03947356
6.706	0.03942459
6.707	0.03931889
6.708	0.03925122
6.709	0.03925668
6.710	0.03932934
6.711	0.03932299
6.712	0.03937737
6.713	0.03942075
6.714	0.03935496
6.715	0.03931704
6.716	0.03942706
6.717	0.03945393
6.718	0.03953513
6.719	0.03956773
6.720	0.03940881
6.721	0.03943628
6.722	0.03934883
6.723	0.03922889
6.724	0.03910005
6.725	0.03918921
6.726	0.03906159
6.727	0.03899894
6.728	0.03898313
6.729	0.03903635
6.730	0.03883550
6.731	0.03887215
6.732	0.03876500
6.733	0.03889859
6.734	0.03903850
6.735	0.03886482
6.736	0.03872956
6.737	0.03887351
6.738	0.03893683
6.739	0.03894017
6.740	0.03886096
6.741	0.03884281
6.742	0.03889275
6.743	0.03896119
6.744	0.03876823
6.745	0.03878492
6.746	0.03873565
6.747	0.03902087
6.748	0.03905072
6.749	0.03885323
6.750	0.03878211
6.751	0.03867642
6.752	0.03872337
6.753	0.03872545
6.754	0.03869495
6.755	0.03870517
6.756	0.03858538
6.757	0.03860883
6.758	0.03868122
6.759	0.03847162
6.760	0.03858001
6.761	0.03868777
6.762	0.03852691
6.763	0.03855112
6.764	0.03841771
6.765	0.03847756
6.766	0.03846815
6.767	0.03834078
6.768	0.03829140
6.769	0.03823967
6.770	0.03826164
6.771	0.03822064
6.772	0.03813066
6.773	0.03812355
6.774	0.03805101
6.775	0.03817636
6.776	0.03809804
6.777	0.03794687
6.778	0.03812412
6.779	0.03813412
6.780	0.03808977
6.781	0.03815915
6.782	0.03810133
6.783	0.03796176
6.784	0.03797242
6.785	0.03810085
6.786	0.03811936
6.787	0.03834908
6.788	0.03823921
6.789	0.03812057
6.790	0.03808949
6.791	0.03813380
6.792	0.03810567
6.793	0.03792045
6.794	0.03787264
6.795	0.03797334
6.796	0.03809444
6.797	0.03820543
6.798	0.03805541
6.799	0.03785196
6.800	0.03781154
6.801	0.03779346
6.802	0.03783500
6.803	0.03787736
6.804	0.03787577
6.805	0.03797548
6.806	0.03785286
6.807	0.03800365
6.808	0.03807416
6.809	0.03810758
6.810	0.03829768
6.811	0.03829101
6.812	0.03832881
6.813	0.03829905
6.814	0.03839371
6.815	0.03833332
6.816	0.03829052
6.817	0.03827711
6.818	0.03815904
6.819	0.03818794
6.820	0.03812336
6.821	0.03809443
6.822	0.03811101
6.823	0.03814346
6.824	0.03825630
6.825	0.03811297
6.826	0.03793270
6.827	0.03788321
6.828	0.03785493
6.829	0.03785435
6.830	0.03778910
6.831	0.03768121
6.832	0.03757091
6.833	0.03748903
6.834	0.03753270
6.835	0.03744869
6.836	0.03721507
6.837	0.03718740
6.838	0.03716096
6.839	0.03730038
6.840	0.03742360
6.841	0.03739412
6.842	0.03747931
6.843	0.03753277
6.844	0.03763086
6.845	0.03766017
6.846	0.03752021
6.847	0.03753334
6.848	0.03769899
6.849	0.03774328
6.850	0.03777217
6.851	0.03794524
6.852	0.03783226
6.853	0.03794536
6.854	0.03787031
6.855	0.03785572
6.856	0.03794593
6.857	0.03791183
6.858	0.03795551
6.859	0.03779438
6.860	0.03769829
6.861	0.03769744
6.862	0.03773399
6.863	0.03761448
6.864	0.03772602
6.865	0.03785480
6.866	0.03782208
6.867	0.03792867
6.868	0.03798167
6.869	0.03786911
6.870	0.03779719
6.871	0.03772436
6.872	0.03769113
6.873	0.03775754
6.874	0.03779951
6.875	0.03782008
6.876	0.03761203
6.877	0.03769969
6.878	0.03743409
6.879	0.03746809
6.880	0.03755721
6.881	0.03761160
6.882	0.03766105
6.883	0.03765876
6.884	0.03755437
6.885	0.03758720
6.886	0.03764438
6.887	0.03766404
6.888	0.03756287
6.889	0.03745292
6.890	0.03741609
6.891	0.03722025
6.892	0.03720602
6.893	0.03708830
6.894	0.03713260
6.895	0.03721227
6.896	0.03722314
6.897	0.03735319
6.898	0.03744310
6.899	0.03732965
6.900	0.03729213
6.901	0.03729483
6.902	0.03738358
6.903	0.03732405
6.904	0.03721915
6.905	0.03729285
6.906	0.03739583
6.907	0.03743664
6.908	0.03742910
6.909	0.03728612
6.910	0.03725296
6.911	0.03724708
6.912	0.03725066
6.913	0.03726547
6.914	0.03708149
6.915	0.03706873
6.916	0.03691658
6.917	0.03684026
6.918	0.03678525
6.919	0.03692530
6.920	0.03692139
6.921	0.03685065
6.922	0.03679160
6.923	0.03690785
6.924	0.03676514
6.925	0.03668508
6.926	0.03670175
6.927	0.03686003
6.928	0.03679375
6.929	0.03668164
6.930	0.03680633
6.931	0.03674094
6.932	0.03679619
6.933	0.03682558
6.934	0.03687029
6.935	0.03689783
6.936	0.03684873
6.937	0.03681571
6.938	0.03676569
6.939	0.03678480
6.940	0.03668105
6.941	0.03655141
6.942	0.03654309
6.943	0.03667752
6.944	0.03675330
6.945	0.03670780
6.946	0.03665631
6.947	0.03658785
6.948	0.03656428
6.949	0.03673299
6.950	0.03667844
6.951	0.03664740
6.952	0.03674719
6.953	0.03667423
6.954	0.03659752
6.955	0.03670593
6.956	0.03664827
6.957	0.03664520
6.958	0.03661301
6.959	0.03679606
6.960	0.03667211
6.961	0.03662526
6.962	0.03675646
6.963	0.03661379
6.964	0.03658210
6.965	0.03651890
6.966	0.03663716
6.967	0.03634313
6.968	0.03629884
6.969	0.03626706
6.970	0.03633755
6.971	0.03640404
6.972	0.03643645
6.973	0.03649284
6.974	0.03655305
6.975	0.03630342
6.976	0.03635725
6.977	0.03637092
6.978	0.03632155
6.979	0.03634865
6.980	0.03634631
6.981	0.03621148
6.982	0.03615291
6.983	0.03628312
6.984	0.03613928
6.985	0.03626955
6.986	0.03624672
6.987	0.03620004
6.988	0.03635981
6.989	0.03624215
6.990	0.03645664
6.991	0.03629825
6.992	0.03638941
6.993	0.03625010
6.994	0.03624940
6.995	0.03617002
6.996	0.03640598
6.997	0.03641904
6.998	0.03622947
6.999	0.03638300
7.000	0.03628798
7.001	0.03633997
7.002	0.03620504
7.003	0.03621560
7.004	0.03622495
7.005	0.03604124
7.006	0.03599203
7.007	0.03589557
7.008	0.03604410
7.009	0.03595782
7.010	0.03594536
7.011	0.03593418
7.012	0.03586531
7.013	0.03586159
7.014	0.03593421
7.015	0.03592037
7.016	0.03582927
7.017	0.03580962
7.018	0.03582681
7.019	0.03594259
7.020	0.03601563
7.021	0.03611680
7.022	0.03595887
7.023	0.03615436
7.024	0.03613749
7.025	0.03621396
7.026	0.03620519
7.027	0.03621780
7.028	0.03619339
7.029	0.03615115
7.030	0.03621335
7.031	0.03628559
7.032	0.03603037
7.033	0.03603988
7.034	0.03595747
7.035	0.03601597
7.036	0.03603069
7.037	0.03602797
7.038	0.03608726
7.039	0.03597779
7.040	0.03605797
7.041	0.03609274
7.042	0.03602270
7.043	0.03595967
7.044	0.03606396
7.045	0.03614356
7.046	0.03601502
7.047	0.03608935
7.048	0.03616207
7.049	0.03623079
7.050	0.03606700
7.051	0.03615277
7.052	0.03591820
7.053	0.03601095
7.054	0.03599939
7.055	0.03576237
7.056	0.03560778
7.057	0.03561403
7.058	0.03561552
7.059	0.03557794
7.060	0.03558720
7.061	0.03569094
7.062	0.03584405
7.063	0.03592880
7.064	0.03586187
7.065	0.03588606
7.066	0.03582859
7.067	0.03582188
7.068	0.03597162
7.069	0.03590321
7.070	0.03598421
7.071	0.03582798
7.072	0.03599553
7.073	0.03611744
7.074	0.03593270
7.075	0.03603953
7.076	0.03613565
7.077	0.03602060
7.078	0.03595203
7.079	0.03601362
7.080	0.03587606
7.081	0.03597710
7.082	0.03594735
7.083	0.03588792
7.084	0.03597013
7.085	0.03585371
7.086	0.03580474
7.087	0.03587249
7.088	0.03581531
7.089	0.03588725
7.090	0.03597742
7.091	0.03593547
7.092	0.03592427
7.093	0.03592735
7.094	0.03594089
7.095	0.03606331
7.096	0.03608931
7.097	0.03609884
7.098	0.03607514
7.099	0.03616206
7.100	0.03612191
7.101	0.03597276
7.102	0.03598846
7.103	0.03576181
7.104	0.03564823
7.105	0.03546630
7.106	0.03540423
7.107	0.03544522
7.108	0.03535703
7.109	0.03553442
7.110	0.03540696
7.111	0.03542190
7.112	0.03565801
7.113	0.03561921
7.114	0.03559516
7.115	0.03562082
7.116	0.03576130
7.117	0.03580218
7.118	0.03587617
7.119	0.03588619
7.120	0.03576866
7.121	0.03574259
7.122	0.03580320
7.123	0.03585151
7.124	0.03577672
7.125	0.03581946
7.126	0.03571010
7.127	0.03587688
7.128	0.03596530
7.129	0.03605311
7.130	0.03595708
7.131	0.03596614
7.132	0.03591562
7.133	0.03597129
7.134	0.03590996
7.135	0.03594663
7.136	0.03603447
7.137	0.03614719
7.138	0.03611752
7.139	0.03614012
7.140	0.03619287
7.141	0.03637643
7.142	0.03623851
7.143	0.03628010
7.144	0.03633664
7.145	0.03642246
7.146	0.03641655
7.147	0.03638783
7.148	0.03623399
7.149	0.03626061
7.150	0.03619874
7.151	0.03626402
7.152	0.03637848
7.153	0.03653346
7.154	0.03662168
7.155	0.03662559
7.156	0.03669884
7.157	0.03652702
7.158	0.03651939
7.159	0.03668138
7.160	0.03662241
7.161	0.03663269
7.162	0.03683448
7.163	0.03690698
7.164	0.03680825
7.165	0.03682115
7.166	0.03675032
7.167	0.03664078
7.168	0.03675801
7.169	0.03666366
7.170	0.03684829
7.171	0.03692544
7.172	0.03688197
7.173	0.03682401
7.174	0.03692382
7.175	0.03695353
7.176	0.03698993
7.177	0.03703535
7.178	0.03711824
7.179	0.03714037
7.180	0.03717549
7.181	0.03722371
7.182	0.03721749
7.183	0.03736372
7.184	0.03747680
7.185	0.03732080
7.186	0.03735171
7.187	0.03719661
7.188	0.03707483
7.189	0.03716110
7.190	0.03703067
7.191	0.03698788
7.192	0.03708739
7.193	0.03714294
7.194	0.03748687
7.195	0.03763747
7.196	0.03770577
7.197	0.03768433
7.198	0.03769423
7.199	0.03753908
7.200	0.03748293
7.201	0.03747978
7.202	0.03760451
7.203	0.03767658
7.204	0.03768738
7.205	0.03765254
7.206	0.03783152
7.207	0.03806138
7.208	0.03804741
7.209	0.03803431
7.210	0.03805562
7.211	0.03820002
7.212	0.03815767
7.213	0.03828599
7.214	0.03831261
7.215	0.03831572
7.216	0.03834151
7.217	0.03836089
7.218	0.03831910
7.219	0.03828150
7.220	0.03827288
7.221	0.03828276
7.222	0.03825729
7.223	0.03817369
7.224	0.03823719
7.225	0.03826708
7.226	0.03823187
7.227	0.03814839
7.228	0.03824360
7.229	0.03812400
7.230	0.03818323
7.231	0.03809771
7.232	0.03812687
7.233	0.03803411
7.234	0.03797372
7.235	0.03800487
7.236	0.03798091
7.237	0.03808356
7.238	0.03803587
7.239	0.03798939
7.240	0.03803925
7.241	0.03805514
7.242	0.03811383
7.243	0.03817812
7.244	0.03832074
7.245	0.03816100
7.246	0.03815111
7.247	0.03822692
7.248	0.03816063
7.249	0.03837877
7.250	0.03836535
7.251	0.03828641
7.252	0.03838239
7.253	0.03840124
7.254	0.03841250
7.255	0.03833491
7.256	0.03833932
7.257	0.03828829
7.258	0.03840480
7.259	0.03855500
7.260	0.03855095
7.261	0.03856599
7.262	0.03865207
7.263	0.03876778
7.264	0.03868922
7.265	0.03864036
7.266	0.03855217
7.267	0.03856825
7.268	0.03859286
7.269	0.03865607
7.270	0.03854632
7.271	0.03851482
7.272	0.03842829
7.273	0.03858100
7.274	0.03852455
7.275	0.03845282
7.276	0.03833873
7.277	0.03840384
7.278	0.03853293
7.279	0.03846683
7.280	0.03862485
7.281	0.03853667
7.282	0.03844181
7.283	0.03849869
7.284	0.03868391
7.285	0.03861067
7.286	0.03854222
7.287	0.03833539
7.288	0.03819081
7.289	0.03828086
7.290	0.03843544
7.291	0.03855202
7.292	0.03855305
7.293	0.03854172
7.294	0.03843719
7.295	0.03841088
7.296	0.03836907
7.297	0.03827007
7.298	0.03832996
7.299	0.03830684
7.300	0.03823707
7.301	0.03834168
7.302	0.03837477
7.303	0.03838628
7.304	0.03834099
7.305	0.03836116
7.306	0.03844285
7.307	0.03831639
7.308	0.03835064
7.309	0.03834085
7.310	0.03815433
7.311	0.03838013
7.312	0.03830267
7.313	0.03825440
7.314	0.03804187
7.315	0.03796239
7.316	0.03801395
7.317	0.03804756
7.318	0.03815799
7.319	0.03827331
7.320	0.03810400
7.321	0.03807540
7.322	0.03809891
7.323	0.03808424
7.324	0.03821782
7.325	0.03825522
7.326	0.03803604
7.327	0.03809556
7.328	0.03813724
7.329	0.03827424
7.330	0.03825069
7.331	0.03808702
7.332	0.03811804
7.333	0.03836733
7.334	0.03826158
7.335	0.03839663
7.336	0.03834827
7.337	0.03843009
7.338	0.03837722
7.339	0.03815373
7.340	0.03826149
7.341	0.03815972
7.342	0.03808025
7.343	0.03823982
7.344	0.03812738
7.345	0.03799016
7.346	0.03797036
7.347	0.03797580
7.348	0.03800726
7.349	0.03806264
7.350	0.03797811
7.351	0.03805315
7.352	0.03801831
7.353	0.03796282
7.354	0.03807867
7.355	0.03811155
7.356	0.03810020
7.357	0.03811418
7.358	0.03802018
7.359	0.03814613
7.360	0.03814031
7.361	0.03810659
7.362	0.03789860
7.363	0.03795228
7.364	0.03807142
7.365	0.03812912
7.366	0.03811556
7.367	0.03821652
7.368	0.03832538
7.369	0.03848885
7.370	0.03840554
7.371	0.03839637
7.372	0.03835405
7.373	0.03837745
7.374	0.03831941
7.375	0.03816032
7.376	0.03826144
7.377	0.03837710
7.378	0.03841277
7.379	0.03833172
7.380	0.03817911
7.381	0.03813664
7.382	0.03818465
7.383	0.03805285
7.384	0.03812422
7.385	0.03808501
7.386	0.03819377
7.387	0.03834124
7.388	0.03839979
7.389	0.03842901
7.390	0.03842189
7.391	0.03855503
7.392	0.03837444
7.393	0.03829717
7.394	0.03817077
7.395	0.03812417
7.396	0.03798214
7.397	0.03783783
7.398	0.03765718
7.399	0.03777390
7.400	0.03777274
7.401	0.03750573
7.402	0.03742920
7.403	0.03724990
7.404	0.03721162
7.405	0.03726732
7.406	0.03723396
7.407	0.03716968
7.408	0.03700282
7.409	0.03707236
7.410	0.03716045
7.411	0.03721831
7.412	0.03712065
7.413	0.03738885
7.414	0.03710200
7.415	0.03708497
7.416	0.03689413
7.417	0.03697135
7.418	0.03713265
7.419	0.03708110
7.420	0.03712345
7.421	0.03692170
7.422	0.03676777
7.423	0.03669610
7.424	0.03671933
7.425	0.03673985
7.426	0.03669508
7.427	0.03671253
7.428	0.03673525
7.429	0.03676664
7.430	0.03701745
7.431	0.03705825
7.432	0.03715915
7.433	0.03707693
7.434	0.03694248
7.435	0.03681119
7.436	0.03673260
7.437	0.03670468
7.438	0.03658260
7.439	0.03643395
7.440	0.03650138
7.441	0.03656104
7.442	0.03663755
7.443	0.03654974
7.444	0.03646635
7.445	0.03639551
7.446	0.03640381
7.447	0.03643060
7.448	0.03643914
7.449	0.03655289
7.450	0.03638568
7.451	0.03633939
7.452	0.03633579
7.453	0.03640189
7.454	0.03641488
7.455	0.03638518
7.456	0.03633318
7.457	0.03653409
7.458	0.03647409
7.459	0.03668993
7.460	0.03665558
7.461	0.03684607
7.462	0.03687579
7.463	0.03672071
7.464	0.03673119
7.465	0.03664558
7.466	0.03649355
7.467	0.03644883
7.468	0.03650143
7.469	0.03646969
7.470	0.03639665
7.471	0.03646384
7.472	0.03642281
7.473	0.03630793
7.474	0.03636869
7.475	0.03639817
7.476	0.03649512
7.477	0.03658190
7.478	0.03673514
7.479	0.03660267
7.480	0.03662212
7.481	0.03671958
7.482	0.03668333
7.483	0.03662777
7.484	0.03666183
7.485	0.03665695
7.486	0.03654052
7.487	0.03660007
7.488	0.03652456
7.489	0.03655577
7.490	0.03648794
7.491	0.03645850
7.492	0.03660458
7.493	0.03674217
7.494	0.03678328
7.495	0.03663642
7.496	0.03639738
7.497	0.03635950
7.498	0.03631000
7.499	0.03632543
7.500	0.03632867
7.501	0.03652181
7.502	0.03664711
7.503	0.03665713
7.504	0.03662538
7.505	0.03670406
7.506	0.03658422
7.507	0.03636657
7.508	0.03652721
7.509	0.03644404
7.510	0.03647585
7.511	0.03627706
7.512	0.03619524
7.513	0.03613020
7.514	0.03630598
7.515	0.03632411
7.516	0.03620229
7.517	0.03632150
7.518	0.03617307
7.519	0.03640338
7.520	0.03640956
7.521	0.03624681
7.522	0.03619311
7.523	0.03623663
7.524	0.03631349
7.525	0.03613312
7.526	0.03604790
7.527	0.03612004
7.528	0.03600510
7.529	0.03622122
7.530	0.03630910
7.531	0.03634526
7.532	0.03650525
7.533	0.03644261
7.534	0.03632204
7.535	0.03614919
7.536	0.03630337
7.537	0.03637575
7.538	0.03631982
7.539	0.03643707
7.540	0.03650526
7.541	0.03649279
7.542	0.03646838
7.543	0.03641242
7.544	0.03660337
7.545	0.03672577
7.546	0.03666835
7.547	0.03659784
7.548	0.03664007
7.549	0.03667462
7.550	0.03674534
7.551	0.03696677
7.552	0.03694890
7.553	0.03702292
7.554	0.03690951
7.555	0.03681453
7.556	0.03668851
7.557	0.03665003
7.558	0.03674812
7.559	0.03663176
7.560	0.03658037
7.561	0.03656125
7.562	0.03660012
7.563	0.03655304
7.564	0.03654731
7.565	0.03641234
7.566	0.03640695
7.567	0.03633704
7.568	0.03633061
7.569	0.03651403
7.570	0.03640210
7.571	0.03624920
7.572	0.03627819
7.573	0.03625222
7.574	0.03635478
7.575	0.03631101
7.576	0.03624656
7.577	0.03605540
7.578	0.03612669
7.579	0.03605160
7.580	0.03600047
7.581	0.03597891
7.582	0.03593931
7.583	0.03604337
7.584	0.03613822
7.585	0.03623854
7.586	0.03620109
7.587	0.03627077
7.588	0.03628911
7.589	0.03630916
7.590	0.03654389
7.591	0.03641252
7.592	0.03650746
7.593	0.03666878
7.594	0.03647532
7.595	0.03636573
7.596	0.03635503
7.597	0.03640851
7.598	0.03644458
7.599	0.03660695
7.600	0.03663880
7.601	0.03654445
7.602	0.03670849
7.603	0.03689023
7.604	0.03682790
7.605	0.03654724
7.606	0.03655295
7.607	0.03673085
7.608	0.03682729
7.609	0.03696868
7.610	0.03689460
7.611	0.03714985
7.612	0.03711474
7.613	0.03697834
7.614	0.03693543
7.615	0.03708504
7.616	0.03710671
7.617	0.03695490
7.618	0.03697537
7.619	0.03692006
7.620	0.03678188
7.621	0.03672405
7.622	0.03677139
7.623	0.03687203
7.624	0.03702188
7.625	0.03707178
7.626	0.03691969
7.627	0.03695872
7.628	0.03697956
7.629	0.03710024
7.630	0.03692769
7.631	0.03681313
7.632	0.03674627
7.633	0.03676115
7.634	0.03663253
7.635	0.03658150
7.636	0.03665107
7.637	0.03664417
7.638	0.03661628
7.639	0.03662659
7.640	0.03651974
7.641	0.03633433
7.642	0.03621904
7.643	0.03613036
7.644	0.03603068
7.645	0.03594462
7.646	0.03592961
7.647	0.03609189
7.648	0.03603736
7.649	0.03590649
7.650	0.03576453
7.651	0.03583918
7.652	0.03581565
7.653	0.03586614
7.654	0.03586164
7.655	0.03603379
7.656	0.03610539
7.657	0.03616271
7.658	0.03617984
7.659	0.03607561
7.660	0.03614354
7.661	0.03625238
7.662	0.03625796
7.663	0.03627216
7.664	0.03619175
7.665	0.03618546
7.666	0.03608292
7.667	0.03615834
7.668	0.03610199
7.669	0.03614630
7.670	0.03618526
7.671	0.03614465
7.672	0.03612764
7.673	0.03596721
7.674	0.03597864
7.675	0.03594960
7.676	0.03599934
7.677	0.03603919
7.678	0.03592727
7.679	0.03592795
7.680	0.03597453
7.681	0.03593446
7.682	0.03576148
7.683	0.03567660
7.684	0.03572119
7.685	0.03569809
7.686	0.03579213
7.687	0.03568616
7.688	0.03572929
7.689	0.03550516
7.690	0.03552525
7.691	0.03554267
7.692	0.03543947
7.693	0.03551508
7.694	0.03552883
7.695	0.03577254
7.696	0.03582547
7.697	0.03562145
7.698	0.03569541
7.699	0.03568750
7.700	0.03567971
7.701	0.03570369
7.702	0.03584541
7.703	0.03577768
7.704	0.03574740
7.705	0.03562499
7.706	0.03550362
7.707	0.03564123
7.708	0.03577355
7.709	0.03576528
7.710	0.03572942
7.711	0.03562298
7.712	0.03578930
7.713	0.03587364
7.714	0.03589921
7.715	0.03584623
7.716	0.03600925
7.717	0.03596061
7.718	0.03598871
7.719	0.03616861
7.720	0.03636009
7.721	0.03641424
7.722	0.03650930
7.723	0.03657728
7.724	0.03662243
7.725	0.03658405
7.726	0.03634314
7.727	0.03617919
7.728	0.03615543
7.729	0.03624308
7.730	0.03632104
7.731	0.03650727
7.732	0.03657117
7.733	0.03659022
7.734	0.03672588
7.735	0.03670367
7.736	0.03670179
7.737	0.03671759
7.738	0.03671476
7.739	0.03667017
7.740	0.03661657
7.741	0.03671046
7.742	0.03664325
7.743	0.03668241
7.744	0.03681102
7.745	0.03692262
7.746	0.03675083
7.747	0.03687182
7.748	0.03679691
7.749	0.03667922
7.750	0.03661810
7.751	0.03664197
7.752	0.03662662
7.753	0.03659155
7.754	0.03642109
7.755	0.03658724
7.756	0.03666374
7.757	0.03652372
7.758	0.03660513
7.759	0.03658874
7.760	0.03641395
7.761	0.03631643
7.762	0.03639163
7.763	0.03648604
7.764	0.03657794
7.765	0.03646432
7.766	0.03647073
7.767	0.03645178
7.768	0.03651723
7.769	0.03649359
7.770	0.03654561
7.771	0.03638936
7.772	0.03653921
7.773	0.03658022
7.774	0.03666921
7.775	0.03667531
7.776	0.03656546
7.777	0.03648541
7.778	0.03662967
7.779	0.03675383
7.780	0.03672195
7.781	0.03667577
7.782	0.03653386
7.783	0.03671955
7.784	0.03688193
7.785	0.03680279
7.786	0.03668790
7.787	0.03675520
7.788	0.03698306
7.789	0.03688361
7.790	0.03694143
7.791	0.03690249
7.792	0.03675067
7.793	0.03667978
7.794	0.03662918
7.795	0.03663393
7.796	0.03649562
7.797	0.03678110
7.798	0.03670969
7.799	0.03655112
7.800	0.03649639
7.801	0.03652956
7.802	0.03665994
7.803	0.03668243
7.804	0.03655092
7.805	0.03643425
7.806	0.03657754
7.807	0.03677999
7.808	0.03672425
7.809	0.03677318
7.810	0.03665639
7.811	0.03662091
7.812	0.03655754
7.813	0.03663398
7.814	0.03663436
7.815	0.03662677
7.816	0.03677681
7.817	0.03657366
7.818	0.03664325
7.819	0.03653267
7.820	0.03652672
7.821	0.03662795
7.822	0.03665609
7.823	0.03682553
7.824	0.03682504
7.825	0.03674559
7.826	0.03659578
7.827	0.03663966
7.828	0.03668307
7.829	0.03665263
7.830	0.03671831
7.831	0.03673083
7.832	0.03669316
7.833	0.03656853
7.834	0.03665451
7.835	0.03673133
7.836	0.03674700
7.837	0.03668240
7.838	0.03663138
7.839	0.03669029
7.840	0.03653013
7.841	0.03655098
7.842	0.03648651
7.843	0.03644136
7.844	0.03649137
7.845	0.03654681
7.846	0.03647747
7.847	0.03649622
7.848	0.03644647
7.849	0.03638034
7.850	0.03652564
7.851	0.03647266
7.852	0.03645396
7.853	0.03646066
7.854	0.03653143
7.855	0.03645394
7.856	0.03656806
7.857	0.03662138
7.858	0.03660105
7.859	0.03656419
7.860	0.03661482
7.861	0.03662892
7.862	0.03670766
7.863	0.03669926
7.864	0.03676045
7.865	0.03695922
7.866	0.03696707
7.867	0.03702384
7.868	0.03715831
7.869	0.03708917
7.870	0.03732772
7.871	0.03738165
7.872	0.03742768
7.873	0.03752020
7.874	0.03744992
7.875	0.03756065
7.876	0.03748750
7.877	0.03745524
7.878	0.03744486
7.879	0.03756774
7.880	0.03763794
7.881	0.03766315
7.882	0.03774436
7.883	0.03770410
7.884	0.03776770
7.885	0.03749600
7.886	0.03739349
7.887	0.03752893
7.888	0.03753627
7.889	0.03750377
7.890	0.03749033
7.891	0.03738696
7.892	0.03737221
7.893	0.03752415
7.894	0.03748992
7.895	0.03766816
7.896	0.03750420
7.897	0.03732425
7.898	0.03741568
7.899	0.03746208
7.900	0.03740285
7.901	0.03732785
7.902	0.03742103
7.903	0.03744896
7.904	0.03742216
7.905	0.03713174
7.906	0.03715938
7.907	0.03738611
7.908	0.03734058
7.909	0.03735748
7.910	0.03715898
7.911	0.03697379
7.912	0.03715553
7.913	0.03720631
7.914	0.03737150
7.915	0.03730072
7.916	0.03734422
7.917	0.03742774
7.918	0.03722631
7.919	0.03734250
7.920	0.03733443
7.921	0.03717775
7.922	0.03739925
7.923	0.03751259
7.924	0.03750513
7.925	0.03761589
7.926	0.03750746
7.927	0.03742200
7.928	0.03746189
7.929	0.03734674
7.930	0.03741620
7.931	0.03742348
7.932	0.03741713
7.933	0.03741000
7.934	0.03741263
7.935	0.03743311
7.936	0.03749817
7.937	0.03737698
7.938	0.03737691
7.939	0.03732523
7.940	0.03742270
7.941	0.03728101
7.942	0.03738383
7.943	0.03731825
7.944	0.03728470
7.945	0.03744270
7.946	0.03745637
7.947	0.03752614
7.948	0.03736971
7.949	0.03715648
7.950	0.03719853
7.951	0.03738054
7.952	0.03757750
7.953	0.03766948
7.954	0.03761691
7.955	0.03758273
7.956	0.03769475
7.957	0.03763987
7.958	0.03747499
7.959	0.03738839
7.960	0.03746180
7.961	0.03775373
7.962	0.03780175
7.963	0.03761940
7.964	0.03759654
7.965	0.03760849
7.966	0.03751057
7.967	0.03731146
7.968	0.03739126
7.969	0.03736913
7.970	0.03720823
7.971	0.03734132
7.972	0.03725373
7.973	0.03742344
7.974	0.03747314
7.975	0.03742437
7.976	0.03738211
7.977	0.03719379
7.978	0.03726181
7.979	0.03744557
7.980	0.03754702
7.981	0.03769021
7.982	0.03782417
7.983	0.03766299
7.984	0.03763616
7.985	0.03760235
7.986	0.03740860
7.987	0.03745936
7.988	0.03750097
7.989	0.03739068
7.990	0.03743505
7.991	0.03746405
7.992	0.03727759
7.993	0.03740275
7.994	0.03743051
7.995	0.03739625
7.996	0.03752155
7.997	0.03753145
7.998	0.03748315
7.999	0.03771826
8.000	0.03780279
8.001	0.03801059
8.002	0.03793542
8.003	0.03795736
8.004	0.03782406
8.005	0.03783553
8.006	0.03777340
8.007	0.03737656
8.008	0.03748616
8.009	0.03752156
8.010	0.03748936
8.011	0.03751979
8.012	0.03782910
8.013	0.03793589
8.014	0.03796563
8.015	0.03803791
8.016	0.03811479
8.017	0.03802594
8.018	0.03793804
8.019	0.03794944
8.020	0.03799884
8.021	0.03801381
8.022	0.03794980
8.023	0.03797442
8.024	0.03798884
8.025	0.03784428
8.026	0.03781675
8.027	0.03779620
8.028	0.03787065
8.029	0.03780119
8.030	0.03793420
8.031	0.03790740
8.032	0.03803316
8.033	0.03794245
8.034	0.03795679
8.035	0.03779047
8.036	0.03768909
8.037	0.03770375
8.038	0.03770379
8.039	0.03771608
8.040	0.03775893
8.041	0.03775345
8.042	0.03778885
8.043	0.03760074
8.044	0.03768870
8.045	0.03757804
8.046	0.03754272
8.047	0.03750789
8.048	0.03741422
8.049	0.03741624
8.050	0.03734329
8.051	0.03742138
8.052	0.03756253
8.053	0.03747516
8.054	0.03773702
8.055	0.03744526
8.056	0.03751308
8.057	0.03758528
8.058	0.03766003
8.059	0.03760749
8.060	0.03757724
8.061	0.03755132
8.062	0.03758618
8.063	0.03776565
8.064	0.03778498
8.065	0.03779676
8.066	0.03778341
8.067	0.03787615
8.068	0.03787940
8.069	0.03793187
8.070	0.03800119
8.071	0.03808671
8.072	0.03804634
8.073	0.03815363
8.074	0.03819978
8.075	0.03805188
8.076	0.03805916
8.077	0.03798447
8.078	0.03799356
8.079	0.03800391
8.080	0.03803678
8.081	0.03791928
8.082	0.03792703
8.083	0.03798742
8.084	0.03802293
8.085	0.03782864
8.086	0.03798336
8.087	0.03791714
8.088	0.03788819
8.089	0.03797952
8.090	0.03791772
8.091	0.03798716
8.092	0.03802253
8.093	0.03802023
8.094	0.03789496
8.095	0.03768711
8.096	0.03785471
8.097	0.03792679
8.098	0.03797122
8.099	0.03816921
8.100	0.03829667
8.101	0.03844461
8.102	0.03841570
8.103	0.03845008
8.104	0.03837088
8.105	0.03832829
8.106	0.03845211
8.107	0.03847104
8.108	0.03869756
8.109	0.03888198
8.110	0.03883205
8.111	0.03877005
8.112	0.03870813
8.113	0.03858924
8.114	0.03868038
8.115	0.03886644
8.116	0.03893854
8.117	0.03914420
8.118	0.03913053
8.119	0.03907323
8.120	0.03908606
8.121	0.03890175
8.122	0.03881036
8.123	0.03878900
8.124	0.03870295
8.125	0.03874039
8.126	0.03890216
8.127	0.03889541
8.128	0.03877899
8.129	0.03888253
8.130	0.03878101
8.131	0.03892000
8.132	0.03889576
8.133	0.03887258
8.134	0.03877488
8.135	0.03866061
8.136	0.03860308
8.137	0.03871683
8.138	0.03867026
8.139	0.03863101
8.140	0.03857193
8.141	0.03879168
8.142	0.03866994
8.143	0.03871126
8.144	0.03857408
8.145	0.03865005
8.146	0.03885648
8.147	0.03892514
8.148	0.03884863
8.149	0.03906537
8.150	0.03904596
8.151	0.03899833
8.152	0.03896489
8.153	0.03908573
8.154	0.03912495
8.155	0.03915280
8.156	0.03924759
8.157	0.03935866
8.158	0.03937276
8.159	0.03944673
8.160	0.03928814
8.161	0.03920440
8.162	0.03916069
8.163	0.03920442
8.164	0.03913252
8.165	0.03914599
8.166	0.03916546
8.167	0.03913480
8.168	0.03905650
8.169	0.03913937
8.170	0.03931419
8.171	0.03929452
8.172	0.03923707
8.173	0.03927119
8.174	0.03930129
8.175	0.03933150
8.176	0.03929231
8.177	0.03936129
8.178	0.03935746
8.179	0.03933343
8.180	0.03923252
8.181	0.03933474
8.182	0.03929621
8.183	0.03917357
8.184	0.03907836
8.185	0.03924464
8.186	0.03934474
8.187	0.03929725
8.188	0.03940175
8.189	0.03931938
8.190	0.03924688
8.191	0.03929950
8.192	0.03931279
8.193	0.03947153
8.194	0.03946448
8.195	0.03953217
8.196	0.03950340
8.197	0.03957569
8.198	0.03963252
8.199	0.03969293
8.200	0.03958266
8.201	0.03960686
8.202	0.03966799
8.203	0.03959295
8.204	0.03942649
8.205	0.03953785
8.206	0.03960937
8.207	0.03951793
8.208	0.03941699
8.209	0.03953848
8.210	0.03971396
8.211	0.03957532
8.212	0.03952430
8.213	0.03942296
8.214	0.03934120
8.215	0.03947050
8.216	0.03946623
8.217	0.03941251
8.218	0.03945786
8.219	0.03936482
8.220	0.03943227
8.221	0.03950383
8.222	0.03963460
8.223	0.03939517
8.224	0.03929116
8.225	0.03931052
8.226	0.03925602
8.227	0.03927973
8.228	0.03932520
8.229	0.03947228
8.230	0.03937923
8.231	0.03954432
8.232	0.03959523
8.233	0.03958826
8.234	0.03967789
8.235	0.03977545
8.236	0.03974601
8.237	0.03986655
8.238	0.03996150
8.239	0.03998520
8.240	0.03999662
8.241	0.04001544
8.242	0.03968464
8.243	0.03989687
8.244	0.03995578
8.245	0.03997980
8.246	0.03994577
8.247	0.04011423
8.248	0.04002545
8.249	0.03990256
8.250	0.03969763
8.251	0.03980537
8.252	0.03979941
8.253	0.03991100
8.254	0.04000879
8.255	0.04022477
8.256	0.04040356
8.257	0.04056971
8.258	0.04053257
8.259	0.04054269
8.260	0.04052234
8.261	0.04050578
8.262	0.04056910
8.263	0.04053679
8.264	0.04061048
8.265	0.04067523
8.266	0.04073074
8.267	0.04080460
8.268	0.04082435
8.269	0.04067245
8.270	0.04068706
8.271	0.04070125
8.272	0.04084529
8.273	0.04096572
8.274	0.04095389
8.275	0.04095050
8.276	0.04098164
8.277	0.04103477
8.278	0.04105532
8.279	0.04109517
8.280	0.04106058
8.281	0.04103101
8.282	0.04090558
8.283	0.04099315
8.284	0.04104869
8.285	0.04119212
8.286	0.04108432
8.287	0.04099939
8.288	0.04078816
8.289	0.04057653
8.290	0.04057396
8.291	0.04048897
8.292	0.04039882
8.293	0.04031896
8.294	0.04029339
8.295	0.04011643
8.296	0.04012200
8.297	0.04026870
8.298	0.04019795
8.299	0.04026641
8.300	0.04024255
8.301	0.04006482
8.302	0.03987824
8.303	0.03985894
8.304	0.03986253
8.305	0.03990767
8.306	0.03997425
8.307	0.03994039
8.308	0.04008195
8.309	0.03999330
8.310	0.03990120
8.311	0.03999484
8.312	0.03987730
8.313	0.03985819
8.314	0.03974879
8.315	0.03972348
8.316	0.03981033
8.317	0.03967999
8.318	0.03979337
8.319	0.03992474
8.320	0.03987434
8.321	0.03982789
8.322	0.03984290
8.323	0.03988705
8.324	0.03992091
8.325	0.03982294
8.326	0.03970865
8.327	0.03969004
8.328	0.03973643
8.329	0.03967351
8.330	0.03971178
8.331	0.03969541
8.332	0.03967336
8.333	0.03934087
8.334	0.03947146
8.335	0.03947855
8.336	0.03948955
8.337	0.03943970
8.338	0.03949285
8.339	0.03939466
8.340	0.03933394
8.341	0.03939117
8.342	0.03927221
8.343	0.03915149
8.344	0.03923413
8.345	0.03937319
8.346	0.03934907
8.347	0.03939276
8.348	0.03943123
8.349	0.03934479
8.350	0.03926406
8.351	0.03922028
8.352	0.03927919
8.353	0.03923647
8.354	0.03922984
8.355	0.03913103
8.356	0.03924029
8.357	0.03915424
8.358	0.03934832
8.359	0.03925292
8.360	0.03923190
8.361	0.03914938
8.362	0.03924503
8.363	0.03935173
8.364	0.03947729
8.365	0.03946932
8.366	0.03947368
8.367	0.03957678
8.368	0.03955291
8.369	0.03959806
8.370	0.03954048
8.371	0.03966516
8.372	0.03957693
8.373	0.03956085
8.374	0.03968079
8.375	0.03968937
8.376	0.03965325
8.377	0.03968285
8.378	0.03983235
8.379	0.03978305
8.380	0.03971566
8.381	0.03970015
8.382	0.03963790
8.383	0.03948003
8.384	0.03947474
8.385	0.03944924
8.386	0.03941048
8.387	0.03954020
8.388	0.03948703
8.389	0.03958610
8.390	0.03935885
8.391	0.03918444
8.392	0.03907533
8.393	0.03885029
8.394	0.03894291
8.395	0.03892134
8.396	0.03899936
8.397	0.03901025
8.398	0.03911295
8.399	0.03899627
8.400	0.03891009
8.401	0.03893026
8.402	0.03891872
8.403	0.03885829
8.404	0.03870564
8.405	0.03870100
8.406	0.03884388
8.407	0.03906425
8.408	0.03900152
8.409	0.03875529
8.410	0.03876399
8.411	0.03898781
8.412	0.03905114
8.413	0.03916887
8.414	0.03910531
8.415	0.03899097
8.416	0.03900903
8.417	0.03893132
8.418	0.03898937
8.419	0.03912175
8.420	0.03916483
8.421	0.03907576
8.422	0.03896162
8.423	0.03889277
8.424	0.03872814
8.425	0.03884965
8.426	0.03882261
8.427	0.03887149
8.428	0.03880649
8.429	0.03890895
8.430	0.03876199
8.431	0.03881597
8.432	0.03876767
8.433	0.03858933
8.434	0.03864322
8.435	0.03872035
8.436	0.03884737
8.437	0.03884735
8.438	0.03881449
8.439	0.03883052
8.440	0.03890088
8.441	0.03905279
8.442	0.03909974
8.443	0.03913119
8.444	0.03904665
8.445	0.03891648
8.446	0.03867835
8.447	0.03871336
8.448	0.03878697
8.449	0.03886195
8.450	0.03897237
8.451	0.03894534
8.452	0.03898551
8.453	0.03908120
8.454	0.03909926
8.455	0.03905875
8.456	0.03906066
8.457	0.03928752
8.458	0.03926994
8.459	0.03928117
8.460	0.03924956
8.461	0.03901676
8.462	0.03885283
8.463	0.03889655
8.464	0.03874668
8.465	0.03870294
8.466	0.03873984
8.467	0.03888222
8.468	0.03892709
8.469	0.03899618
8.470	0.03891486
8.471	0.03871446
8.472	0.03858233
8.473	0.03845643
8.474	0.03854830
8.475	0.03859643
8.476	0.03851547
8.477	0.03863666
8.478	0.03859479
8.479	0.03870763
8.480	0.03876636
8.481	0.03857901
8.482	0.03860281
8.483	0.03869708
8.484	0.03869299
8.485	0.03870655
8.486	0.03881300
8.487	0.03857216
8.488	0.03866194
8.489	0.03853494
8.490	0.03850506
8.491	0.03853139
8.492	0.03865381
8.493	0.03875668
8.494	0.03882926
8.495	0.03906002
8.496	0.03906043
8.497	0.03898668
8.498	0.03896690
8.499	0.03880844
8.500	0.03874060
8.501	0.03878434
8.502	0.03876321
8.503	0.03873215
8.504	0.03880754
8.505	0.03892525
8.506	0.03894435
8.507	0.03892540
8.508	0.03883018
8.509	0.03879809
8.510	0.03897181
8.511	0.03899879
8.512	0.03906944
8.513	0.03883188
8.514	0.03883761
8.515	0.03889914
8.516	0.03892427
8.517	0.03890406
8.518	0.03896562
8.519	0.03905777
8.520	0.03918517
8.521	0.03912949
8.522	0.03911494
8.523	0.03909285
8.524	0.03914555
8.525	0.03893151
8.526	0.03888149
8.527	0.03895299
8.528	0.03891717
8.529	0.03889864
8.530	0.03887690
8.531	0.03880198
8.532	0.03881025
8.533	0.03878827
8.534	0.03893279
8.535	0.03870617
8.536	0.03848213
8.537	0.03857489
8.538	0.03856465
8.539	0.03868469
8.540	0.03862234
8.541	0.03855120
8.542	0.03853289
8.543	0.03837573
8.544	0.03836301
8.545	0.03833457
8.546	0.03843322
8.547	0.03858449
8.548	0.03862345
8.549	0.03851755
8.550	0.03845574
8.551	0.03828001
8.552	0.03824622
8.553	0.03852821
8.554	0.03849059
8.555	0.03853697
8.556	0.03867065
8.557	0.03857383
8.558	0.03873321
8.559	0.03870905
8.560	0.03876715
8.561	0.03864451
8.562	0.03871006
8.563	0.03891119
8.564	0.03888298
8.565	0.03889034
8.566	0.03888458
8.567	0.03887262
8.568	0.03880627
8.569	0.03894392
8.570	0.03896105
8.571	0.03918875
8.572	0.03925134
8.573	0.03928794
8.574	0.03937455
8.575	0.03895703
8.576	0.03898129
8.577	0.03898583
8.578	0.03911871
8.579	0.03910726
8.580	0.03923426
8.581	0.03924706
8.582	0.03913994
8.583	0.03921426
8.584	0.03936576
8.585	0.03938809
8.586	0.03917977
8.587	0.03925422
8.588	0.03920128
8.589	0.03923689
8.590	0.03920973
8.591	0.03926703
8.592	0.03932745
8.593	0.03954703
8.594	0.03953326
8.595	0.03956256
8.596	0.03953352
8.597	0.03941449
8.598	0.03937329
8.599	0.03950700
8.600	0.03946433
8.601	0.03951431
8.602	0.03954848
8.603	0.03954148
8.604	0.03938841
8.605	0.03921586
8.606	0.03909351
8.607	0.03918573
8.608	0.03920737
8.609	0.03917868
8.610	0.03936502
8.611	0.03930824
8.612	0.03926842
8.613	0.03934671
8.614	0.03912360
8.615	0.03907611
8.616	0.03891749
8.617	0.03907425
8.618	0.03900700
8.619	0.03900293
8.620	0.03894037
8.621	0.03902176
8.622	0.03901052
8.623	0.03914235
8.624	0.03904826
8.625	0.03913480
8.626	0.03912874
8.627	0.03913157
8.628	0.03922825
8.629	0.03923158
8.630	0.03926834
8.631	0.03916725
8.632	0.03908992
8.633	0.03905308
8.634	0.03913161
8.635	0.03905628
8.636	0.03894327
8.637	0.03903233
8.638	0.03912827
8.639	0.03906354
8.640	0.03923246
8.641	0.03906376
8.642	0.03909938
8.643	0.03906519
8.644	0.03903712
8.645	0.03908230
8.646	0.03915444
8.647	0.03919528
8.648	0.03918921
8.649	0.03932493
8.650	0.03929148
8.651	0.03930599
8.652	0.03932260
8.653	0.03939478
8.654	0.03945187
8.655	0.03940026
8.656	0.03940517
8.657	0.03934198
8.658	0.03941855
8.659	0.03954124
8.660	0.03933464
8.661	0.03946306
8.662	0.03965542
8.663	0.03965856
8.664	0.03970434
8.665	0.03975221
8.666	0.03991718
8.667	0.03978396
8.668	0.03956579
8.669	0.03955544
8.670	0.03950961
8.671	0.03940057
8.672	0.03949056
8.673	0.03960098
8.674	0.03957097
8.675	0.03972149
8.676	0.03971514
8.677	0.03988168
8.678	0.03989413
8.679	0.03990875
8.680	0.03993916
8.681	0.04001161
8.682	0.04010074
8.683	0.04007080
8.684	0.03995611
8.685	0.03990399
8.686	0.03990714
8.687	0.03984502
8.688	0.04006593
8.689	0.04024143
8.690	0.04017925
8.691	0.04013167
8.692	0.04017456
8.693	0.04029497
8.694	0.04036739
8.695	0.04019170
8.696	0.04007432
8.697	0.04030217
8.698	0.04039608
8.699	0.04035048
8.700	0.04027182
8.701	0.04024445
8.702	0.04034377
8.703	0.04034953
8.704	0.04020839
8.705	0.04024831
8.706	0.04039449
8.707	0.04032938
8.708	0.04026766
8.709	0.04019625
8.710	0.04031869
8.711	0.04046344
8.712	0.04071143
8.713	0.04060791
8.714	0.04053880
8.715	0.04049886
8.716	0.04043834
8.717	0.04022127
8.718	0.04022623
8.719	0.04033177
8.720	0.04020607
8.721	0.04009223
8.722	0.04005164
8.723	0.04029579
8.724	0.04054615
8.725	0.04036998
8.726	0.04042156
8.727	0.04044823
8.728	0.04031693
8.729	0.04036425
8.730	0.04040765
8.731	0.04046478
8.732	0.04069204
8.733	0.04061260
8.734	0.04060929
8.735	0.04032508
8.736	0.04046165
8.737	0.04055232
8.738	0.04057333
8.739	0.04063486
8.740	0.04070987
8.741	0.04075146
8.742	0.04073524
8.743	0.04066165
8.744	0.04058016
8.745	0.04066388
8.746	0.04065626
8.747	0.04085573
8.748	0.04104104
8.749	0.04107113
8.750	0.04115382
8.751	0.04109400
8.752	0.04104066
8.753	0.04104993
8.754	0.04113179
8.755	0.04104961
8.756	0.04107885
8.757	0.04100187
8.758	0.04088231
8.759	0.04086734
8.760	0.04078944
8.761	0.04068348
8.762	0.04055023
8.763	0.04047865
8.764	0.04041891
8.765	0.04053582
8.766	0.04049311
8.767	0.04055506
8.768	0.04075183
8.769	0.04072357
8.770	0.04058278
8.771	0.04064964
8.772	0.04067762
8.773	0.04052374
8.774	0.04048720
8.775	0.04054301
8.776	0.04062313
8.777	0.04062571
8.778	0.04058105
8.779	0.04066774
8.780	0.04054419
8.781	0.04056894
8.782	0.04067772
8.783	0.04058965
8.784	0.04047820
8.785	0.04038967
8.786	0.04033514
8.787	0.04027150
8.788	0.04026374
8.789	0.04039498
8.790	0.04034472
8.791	0.04021292
8.792	0.04001846
8.793	0.03998673
8.794	0.04012342
8.795	0.04002420
8.796	0.04004529
8.797	0.04004733
8.798	0.03981691
8.799	0.03976177
8.800	0.03963403
8.801	0.03964745
8.802	0.03953994
8.803	0.03953051
8.804	0.03963187
8.805	0.03958333
8.806	0.03952564
8.807	0.03948502
8.808	0.03970013
8.809	0.03978906
8.810	0.03983864
8.811	0.03994757
8.812	0.04005017
8.813	0.04027079
8.814	0.04033430
8.815	0.04013187
8.816	0.04008628
8.817	0.04007627
8.818	0.04005090
8.819	0.03993605
8.820	0.03985386
8.821	0.03979951
8.822	0.03976705
8.823	0.03957488
8.824	0.03967483
8.825	0.03973535
8.826	0.03979722
8.827	0.03984805
8.828	0.03988098
8.829	0.03980431
8.830	0.03972465
8.831	0.03947079
8.832	0.03939628
8.833	0.03951250
8.834	0.03950516
8.835	0.03939591
8.836	0.03931186
8.837	0.03927368
8.838	0.03929164
8.839	0.03947544
8.840	0.03948257
8.841	0.03936022
8.842	0.03951216
8.843	0.03944046
8.844	0.03942632
8.845	0.03923649
8.846	0.03919275
8.847	0.03907997
8.848	0.03923524
8.849	0.03907918
8.850	0.03919800
8.851	0.03926876
8.852	0.03911912
8.853	0.03909098
8.854	0.03896245
8.855	0.03887454
8.856	0.03886110
8.857	0.03881693
8.858	0.03883079
8.859	0.03891970
8.860	0.03895147
8.861	0.03907022
8.862	0.03897559
8.863	0.03921502
8.864	0.03929143
8.865	0.03947686
8.866	0.03955792
8.867	0.03959838
8.868	0.03964157
8.869	0.03952759
8.870	0.03947296
8.871	0.03942799
8.872	0.03958836
8.873	0.03971623
8.874	0.03973381
8.875	0.03962247
8.876	0.03944721
8.877	0.03933056
8.878	0.03930050
8.879	0.03933673
8.880	0.03921002
8.881	0.03907492
8.882	0.03915192
8.883	0.03906264
8.884	0.03920969
8.885	0.03943474
8.886	0.03950590
8.887	0.03950267
8.888	0.03949561
8.889	0.03962176
8.890	0.03987415
8.891	0.03980206
8.892	0.03996310
8.893	0.03995690
8.894	0.04005414
8.895	0.03997914
8.896	0.03980426
8.897	0.03977447
8.898	0.03994659
8.899	0.04016282
8.900	0.04026698
8.901	0.04029005
8.902	0.04029541
8.903	0.04030670
8.904	0.04025638
8.905	0.04034022
8.906	0.04037605
8.907	0.04022480
8.908	0.04006854
8.909	0.04003846
8.910	0.04007014
8.911	0.04019406
8.912	0.04016240
8.913	0.04017756
8.914	0.04016943
8.915	0.04032885
8.916	0.04038519
8.917	0.04035718
8.918	0.04019950
8.919	0.04017319
8.920	0.04004009
8.921	0.04008784
8.922	0.04000782
8.923	0.03996093
8.924	0.03991710
8.925	0.03980146
8.926	0.03976614
8.927	0.03980321
8.928	0.03986170
8.929	0.03972385
8.930	0.03961870
8.931	0.03959037
8.932	0.03945325
8.933	0.03933306
8.934	0.03943153
8.935	0.03951393
8.936	0.03956853
8.937	0.03965995
8.938	0.03967448
8.939	0.03964693
8.940	0.03959454
8.941	0.03953071
8.942	0.03951661
8.943	0.03960974
8.944	0.03971769
8.945	0.03989476
8.946	0.04000569
8.947	0.03979593
8.948	0.03983991
8.949	0.03989216
8.950	0.03983289
8.951	0.03987036
8.952	0.03988696
8.953	0.04000680
8.954	0.03997917
8.955	0.04003911
8.956	0.04005959
8.957	0.04004412
8.958	0.03985143
8.959	0.03988661
8.960	0.03985936
8.961	0.03978581
8.962	0.03971554
8.963	0.03983807
8.964	0.03967476
8.965	0.03976241
8.966	0.03983843
8.967	0.03979081
8.968	0.03987757
8.969	0.03975509
8.970	0.03990263
8.971	0.03985610
8.972	0.03996116
8.973	0.04003447
8.974	0.03995217
8.975	0.04020680
8.976	0.04018333
8.977	0.04031027
8.978	0.04029716
8.979	0.04032102
8.980	0.04031936
8.981	0.04027385
8.982	0.04033044
8.983	0.04027526
8.984	0.04021536
8.985	0.04024123
8.986	0.04052940
8.987	0.04045043
8.988	0.04050503
8.989	0.04056636
8.990	0.04051205
8.991	0.04056235
8.992	0.04044851
8.993	0.04048904
8.994	0.04048116
8.995	0.04046297
8.996	0.04043858
8.997	0.04033867
8.998	0.04041041
8.999	0.04038832
9.000	0.04026419
9.001	0.04029932
9.002	0.04019553
9.003	0.04012310
9.004	0.04027259
9.005	0.04030820
9.006	0.04027816
9.007	0.04038734
9.008	0.04027340
9.009	0.04012483
9.010	0.04016267
9.011	0.04015906
9.012	0.04009927
9.013	0.03991275
9.014	0.03987842
9.015	0.03976552
9.016	0.03974991
9.017	0.03958254
9.018	0.03957280
9.019	0.03958758
9.020	0.03956936
9.021	0.03935007
9.022	0.03950616
9.023	0.03966556
9.024	0.03980755
9.025	0.03988403
9.026	0.03979975
9.027	0.03989631
9.028	0.03999691
9.029	0.03968958
9.030	0.03977434
9.031	0.03970286
9.032	0.03966568
9.033	0.03972835
9.034	0.03968839
9.035	0.03959924
9.036	0.03971882
9.037	0.03987841
9.038	0.03977353
9.039	0.03990974
9.040	0.03985780
9.041	0.03986653
9.042	0.03999394
9.043	0.03973991
9.044	0.03976656
9.045	0.03982617
9.046	0.03970307
9.047	0.03972128
9.048	0.03995569
9.049	0.03998825
9.050	0.03991239
9.051	0.03987851
9.052	0.03976529
9.053	0.03978107
9.054	0.03970791
9.055	0.03965208
9.056	0.03962647
9.057	0.03964802
9.058	0.03950415
9.059	0.03943185
9.060	0.03928501
9.061	0.03931371
9.062	0.03915298
9.063	0.03917602
9.064	0.03920977
9.065	0.03936978
9.066	0.03922494
9.067	0.03913503
9.068	0.03923135
9.069	0.03915085
9.070	0.03928739
9.071	0.03948322
9.072	0.03943653
9.073	0.03941836
9.074	0.03943476
9.075	0.03934118
9.076	0.03944229
9.077	0.03931354
9.078	0.03928388
9.079	0.03929194
9.080	0.03949394
9.081	0.03960748
9.082	0.03965916
9.083	0.03969851
9.084	0.03967385
9.085	0.03965810
9.086	0.03958076
9.087	0.03947115
9.088	0.03951572
9.089	0.03926195
9.090	0.03931083
9.091	0.03929098
9.092	0.03938164
9.093	0.03949744
9.094	0.03944792
9.095	0.03934148
9.096	0.03939503
9.097	0.03926363
9.098	0.03908983
9.099	0.03924734
9.100	0.03929695
9.101	0.03908590
9.102	0.03896417
9.103	0.03889720
9.104	0.03887217
9.105	0.03878815
9.106	0.03870423
9.107	0.03881342
9.108	0.03890752
9.109	0.03889197
9.110	0.03879974
9.111	0.03871584
9.112	0.03881771
9.113	0.03883280
9.114	0.03875473
9.115	0.03868254
9.116	0.03858261
9.117	0.03836912
9.118	0.03842798
9.119	0.03832144
9.120	0.03823597
9.121	0.03796068
9.122	0.03794084
9.123	0.03805932
9.124	0.03814893
9.125	0.03808853
9.126	0.03793595
9.127	0.03803058
9.128	0.03782705
9.129	0.03773409
9.130	0.03769253
9.131	0.03767280
9.132	0.03738172
9.133	0.03754818
9.134	0.03748137
9.135	0.03760693
9.136	0.03755464
9.137	0.03755734
9.138	0.03749507
9.139	0.03746619
9.140	0.03731967
9.141	0.03732641
9.142	0.03755081
9.143	0.03744262
9.144	0.03736303
9.145	0.03745905
9.146	0.03753314
9.147	0.03758704
9.148	0.03754852
9.149	0.03777717
9.150	0.03781404
9.151	0.03788644
9.152	0.03778341
9.153	0.03786842
9.154	0.03785320
9.155	0.03804612
9.156	0.03806357
9.157	0.03814761
9.158	0.03783303
9.159	0.03778394
9.160	0.03766910
9.161	0.03760122
9.162	0.03770116
9.163	0.03773606
9.164	0.03793939
9.165	0.03798649
9.166	0.03777539
9.167	0.03776897
9.168	0.03788805
9.169	0.03784833
9.170	0.03783849
9.171	0.03777655
9.172	0.03781632
9.173	0.03775349
9.174	0.03764938
9.175	0.03783700
9.176	0.03789068
9.177	0.03771465
9.178	0.03777068
9.179	0.03788349
9.180	0.03779538
9.181	0.03788630
9.182	0.03793849
9.183	0.03786808
9.184	0.03781785
9.185	0.03793909
9.186	0.03792613
9.187	0.03794968
9.188	0.03819553
9.189	0.03829775
9.190	0.03842217
9.191	0.03850158
9.192	0.03841078
9.193	0.03853645
9.194	0.03833338
9.195	0.03826751
9.196	0.03840968
9.197	0.03839903
9.198	0.03845963
9.199	0.03847837
9.200	0.03870245
9.201	0.03867449
9.202	0.03863762
9.203	0.03881239
9.204	0.03872513
9.205	0.03862198
9.206	0.03854291
9.207	0.03864345
9.208	0.03861660
9.209	0.03853555
9.210	0.03865019
9.211	0.03876711
9.212	0.03869110
9.213	0.03869708
9.214	0.03864899
9.215	0.03849440
9.216	0.03846752
9.217	0.03822904
9.218	0.03814799
9.219	0.03801451
9.220	0.03796706
9.221	0.03774804
9.222	0.03774364
9.223	0.03777430
9.224	0.03796197
9.225	0.03786872
9.226	0.03788159
9.227	0.03797691
9.228	0.03796643
9.229	0.03810434
9.230	0.03795025
9.231	0.03793958
9.232	0.03780094
9.233	0.03787135
9.234	0.03787808
9.235	0.03794434
9.236	0.03818772
9.237	0.03813375
9.238	0.03812298
9.239	0.03823896
9.240	0.03823832
9.241	0.03834075
9.242	0.03835669
9.243	0.03850707
9.244	0.03845250
9.245	0.03869237
9.246	0.03883791
9.247	0.03869613
9.248	0.03867491
9.249	0.03860031
9.250	0.03859572
9.251	0.03880871
9.252	0.03883921
9.253	0.03864928
9.254	0.03852681
9.255	0.03848396
9.256	0.03847479
9.257	0.03843145
9.258	0.03829281
9.259	0.03832776
9.260	0.03829623
9.261	0.03825969
9.262	0.03834234
9.263	0.03838336
9.264	0.03831843
9.265	0.03834462
9.266	0.03831585
9.267	0.03822662
9.268	0.03815093
9.269	0.03837356
9.270	0.03857876
9.271	0.03841173
9.272	0.03844059
9.273	0.03833731
9.274	0.03846047
9.275	0.03852794
9.276	0.03861110
9.277	0.03868297
9.278	0.03879557
9.279	0.03885392
9.280	0.03875803
9.281	0.03866621
9.282	0.03857062
9.283	0.03851082
9.284	0.03842301
9.285	0.03837531
9.286	0.03845645
9.287	0.03840459
9.288	0.03831568
9.289	0.03809070
9.290	0.03826144
9.291	0.03815029
9.292	0.03810325
9.293	0.03820416
9.294	0.03831193
9.295	0.03843806
9.296	0.03841918
9.297	0.03836669
9.298	0.03821950
9.299	0.03810430
9.300	0.03801566
9.301	0.03782852
9.302	0.03767613
9.303	0.03762823
9.304	0.03767899
9.305	0.03768996
9.306	0.03768354
9.307	0.03764868
9.308	0.03771880
9.309	0.03778455
9.310	0.03778970
9.311	0.03774404
9.312	0.03753457
9.313	0.03755658
9.314	0.03764636
9.315	0.03750600
9.316	0.03756609
9.317	0.03752945
9.318	0.03746131
9.319	0.03753264
9.320	0.03753387
9.321	0.03747611
9.322	0.03757149
9.323	0.03762342
9.324	0.03765643
9.325	0.03769457
9.326	0.03767305
9.327	0.03767668
9.328	0.03756353
9.329	0.03774999
9.330	0.03779275
9.331	0.03796478
9.332	0.03803739
9.333	0.03798176
9.334	0.03803312
9.335	0.03802273
9.336	0.03800825
9.337	0.03801664
9.338	0.03790654
9.339	0.03789633
9.340	0.03792274
9.341	0.03794169
9.342	0.03785872
9.343	0.03792887
9.344	0.03782399
9.345	0.03775247
9.346	0.03771116
9.347	0.03779687
9.348	0.03791682
9.349	0.03793050
9.350	0.03801981
9.351	0.03804234
9.352	0.03793991
9.353	0.03812536
9.354	0.03817004
9.355	0.03805730
9.356	0.03826704
9.357	0.03832774
9.358	0.03851949
9.359	0.03851285
9.360	0.03861256
9.361	0.03855042
9.362	0.03848830
9.363	0.03839846
9.364	0.03852350
9.365	0.03856607
9.366	0.03860002
9.367	0.03871048
9.368	0.03862941
9.369	0.03869662
9.370	0.03856876
9.371	0.03852735
9.372	0.03860071
9.373	0.03862557
9.374	0.03873548
9.375	0.03876694
9.376	0.03885280
9.377	0.03898519
9.378	0.03889164
9.379	0.03903491
9.380	0.03903677
9.381	0.03899715
9.382	0.03908091
9.383	0.03915392
9.384	0.03914566
9.385	0.03904564
9.386	0.03924096
9.387	0.03929323
9.388	0.03908426
9.389	0.03919411
9.390	0.03891004
9.391	0.03876788
9.392	0.03886571
9.393	0.03874395
9.394	0.03867855
9.395	0.03870693
9.396	0.03851060
9.397	0.03861267
9.398	0.03855428
9.399	0.03875961
9.400	0.03886566
9.401	0.03902438
9.402	0.03905580
9.403	0.03905324
9.404	0.03904746
9.405	0.03914154
9.406	0.03896128
9.407	0.03892045
9.408	0.03888706
9.409	0.03883020
9.410	0.03876635
9.411	0.03879775
9.412	0.03859858
9.413	0.03851555
9.414	0.03849068
9.415	0.03866209
9.416	0.03864120
9.417	0.03865280
9.418	0.03853341
9.419	0.03851868
9.420	0.03842067
9.421	0.03856863
9.422	0.03858485
9.423	0.03856036
9.424	0.03848702
9.425	0.03852824
9.426	0.03857908
9.427	0.03860733
9.428	0.03871468
9.429	0.03879845
9.430	0.03889479
9.431	0.03888701
9.432	0.03901000
9.433	0.03907683
9.434	0.03912375
9.435	0.03920134
9.436	0.03918024
9.437	0.03899526
9.438	0.03892525
9.439	0.03882321
9.440	0.03866582
9.441	0.03860440
9.442	0.03865362
9.443	0.03857061
9.444	0.03869257
9.445	0.03874395
9.446	0.03886715
9.447	0.03879699
9.448	0.03869367
9.449	0.03841268
9.450	0.03832399
9.451	0.03849303
9.452	0.03856465
9.453	0.03852285
9.454	0.03871956
9.455	0.03863523
9.456	0.03869236
9.457	0.03873774
9.458	0.03877099
9.459	0.03859212
9.460	0.03863338
9.461	0.03860333
9.462	0.03859489
9.463	0.03874759
9.464	0.03867997
9.465	0.03847719
9.466	0.03853623
9.467	0.03865488
9.468	0.03871258
9.469	0.03851504
9.470	0.03856567
9.471	0.03842641
9.472	0.03847591
9.473	0.03862893
9.474	0.03857101
9.475	0.03872550
9.476	0.03863715
9.477	0.03852972
9.478	0.03860711
9.479	0.03835577
9.480	0.03841753
9.481	0.03842306
9.482	0.03840464
9.483	0.03824988
9.484	0.03830737
9.485	0.03818811
9.486	0.03823447
9.487	0.03822628
9.488	0.03833329
9.489	0.03832262
9.490	0.03834236
9.491	0.03840244
9.492	0.03848115
9.493	0.03855528
9.494	0.03862410
9.495	0.03863647
9.496	0.03864428
9.497	0.03853043
9.498	0.03840744
9.499	0.03847414
9.500	0.03846893
9.501	0.03842552
9.502	0.03858208
9.503	0.03842986
9.504	0.03828575
9.505	0.03846018
9.506	0.03848485
9.507	0.03848298
9.508	0.03842382
9.509	0.03821147
9.510	0.03825192
9.511	0.03835867
9.512	0.03823076
9.513	0.03824577
9.514	0.03824643
9.515	0.03824712
9.516	0.03804400
9.517	0.03835882
9.518	0.03846761
9.519	0.03842702
9.520	0.03841401
9.521	0.03833347
9.522	0.03831538
9.523	0.03825120
9.524	0.03838979
9.525	0.03844125
9.526	0.03848729
9.527	0.03845112
9.528	0.03856735
9.529	0.03838932
9.530	0.03856464
9.531	0.03854188
9.532	0.03823908
9.533	0.03804442
9.534	0.03803175
9.535	0.03807103
9.536	0.03806926
9.537	0.03809957
9.538	0.03818227
9.539	0.03826612
9.540	0.03820449
9.541	0.03812357
9.542	0.03802528
9.543	0.03794052
9.544	0.03805465
9.545	0.03803293
9.546	0.03797018
9.547	0.03773835
9.548	0.03753346
9.549	0.03752917
9.550	0.03731029
9.551	0.03736622
9.552	0.03748395
9.553	0.03750821
9.554	0.03740802
9.555	0.03736419
9.556	0.03721207
9.557	0.03717975
9.558	0.03733690
9.559	0.03735697
9.560	0.03739245
9.561	0.03747222
9.562	0.03755106
9.563	0.03769196
9.564	0.03765151
9.565	0.03773963
9.566	0.03791118
9.567	0.03795285
9.568	0.03800390
9.569	0.03801785
9.570	0.03809745
9.571	0.03808738
9.572	0.03791062
9.573	0.03793626
9.574	0.03804345
9.575	0.03798655
9.576	0.03804833
9.577	0.03781021
9.578	0.03775019
9.579	0.03776442
9.580	0.03778221
9.581	0.03783837
9.582	0.03775373
9.583	0.03753798
9.584	0.03769212
9.585	0.03759124
9.586	0.03754373
9.587	0.03742216
9.588	0.03750695
9.589	0.03736886
9.590	0.03760200
9.591	0.03734598
9.592	0.03739926
9.593	0.03740204
9.594	0.03732418
9.595	0.03752249
9.596	0.03749381
9.597	0.03748898
9.598	0.03754545
9.599	0.03743566
9.600	0.03747046
9.601	0.03747649
9.602	0.03738917
9.603	0.03744448
9.604	0.03741167
9.605	0.03743132
9.606	0.03732201
9.607	0.03746494
9.608	0.03739802
9.609	0.03726130
9.610	0.03736176
9.611	0.03726601
9.612	0.03742607
9.613	0.03748046
9.614	0.03738087
9.615	0.03733251
9.616	0.03721662
9.617	0.03719929
9.618	0.03714250
9.619	0.03730849
9.620	0.03728562
9.621	0.03727738
9.622	0.03737232
9.623	0.03723696
9.624	0.03714259
9.625	0.03742606
9.626	0.03747024
9.627	0.03750592
9.628	0.03742522
9.629	0.03735954
9.630	0.03735472
9.631	0.03760807
9.632	0.03758273
9.633	0.03752536
9.634	0.03752935
9.635	0.03743523
9.636	0.03740869
9.637	0.03757552
9.638	0.03749093
9.639	0.03739685
9.640	0.03732983
9.641	0.03735181
9.642	0.03733297
9.643	0.03732627
9.644	0.03734667
9.645	0.03738699
9.646	0.03742930
9.647	0.03775232
9.648	0.03782859
9.649	0.03765092
9.650	0.03765622
9.651	0.03765881
9.652	0.03753270
9.653	0.03746090
9.654	0.03740166
9.655	0.03731772
9.656	0.03723501
9.657	0.03722285
9.658	0.03740348
9.659	0.03757785
9.660	0.03735004
9.661	0.03743202
9.662	0.03752670
9.663	0.03750395
9.664	0.03770232
9.665	0.03773504
9.666	0.03776329
9.667	0.03795184
9.668	0.03788789
9.669	0.03798335
9.670	0.03798396
9.671	0.03782484
9.672	0.03791963
9.673	0.03797699
9.674	0.03796864
9.675	0.03792764
9.676	0.03782698
9.677	0.03793545
9.678	0.03816251
9.679	0.03821906
9.680	0.03795529
9.681	0.03805516
9.682	0.03802035
9.683	0.03813065
9.684	0.03820050
9.685	0.03801214
9.686	0.03806984
9.687	0.03813843
9.688	0.03834911
9.689	0.03844449
9.690	0.03841012
9.691	0.03839040
9.692	0.03848251
9.693	0.03838030
9.694	0.03844395
9.695	0.03843741
9.696	0.03837812
9.697	0.03837519
9.698	0.03849257
9.699	0.03849395
9.700	0.03844861
9.701	0.03844497
9.702	0.03857941
9.703	0.03845938
9.704	0.03860968
9.705	0.03859920
9.706	0.03858501
9.707	0.03862378
9.708	0.03861576
9.709	0.03842564
9.710	0.03837416
9.711	0.03857968
9.712	0.03869306
9.713	0.03884798
9.714	0.03901574
9.715	0.03904653
9.716	0.03903728
9.717	0.03909352
9.718	0.03910819
9.719	0.03888183
9.720	0.03886428
9.721	0.03893933
9.722	0.03896996
9.723	0.03902222
9.724	0.03896933
9.725	0.03900636
9.726	0.03906898
9.727	0.03902405
9.728	0.03908249
9.729	0.03896763
9.730	0.03896505
9.731	0.03872222
9.732	0.03866652
9.733	0.03885837
9.734	0.03874362
9.735	0.03882644
9.736	0.03873090
9.737	0.03877199
9.738	0.03897718
9.739	0.03887790
9.740	0.03897410
9.741	0.03886451
9.742	0.03875269
9.743	0.03884646
9.744	0.03879105
9.745	0.03879206
9.746	0.03873344
9.747	0.03884440
9.748	0.03897502
9.749	0.03901764
9.750	0.03891525
9.751	0.03883794
9.752	0.03889931
9.753	0.03876966
9.754	0.03887094
9.755	0.03878318
9.756	0.03885269
9.757	0.03888605
9.758	0.03877164
9.759	0.03879095
9.760	0.03879943
9.761	0.03885055
9.762	0.03879731
9.763	0.03885109
9.764	0.03895556
9.765	0.03900022
9.766	0.03893729
9.767	0.03892002
9.768	0.03892321
9.769	0.03894546
9.770	0.03881110
9.771	0.03878761
9.772	0.03848146
9.773	0.03857508
9.774	0.03847083
9.775	0.03854827
9.776	0.03862229
9.777	0.03839934
9.778	0.03862041
9.779	0.03860668
9.780	0.03839902
9.781	0.03826011
9.782	0.03814504
9.783	0.03823574
9.784	0.03801180
9.785	0.03796145
9.786	0.03805673
9.787	0.03812221
9.788	0.03809735
9.789	0.03822785
9.790	0.03836594
9.791	0.03841355
9.792	0.03846313
9.793	0.03836836
9.794	0.03841933
9.795	0.03852780
9.796	0.03858636
9.797	0.03882588
9.798	0.03886192
9.799	0.03893542
9.800	0.03910437
9.801	0.03910978
9.802	0.03916960
9.803	0.03919626
9.804	0.03931953
9.805	0.03935100
9.806	0.03933220
9.807	0.03933054
9.808	0.03934983
9.809	0.03938796
9.810	0.03940109
9.811	0.03935602
9.812	0.03928014
9.813	0.03929768
9.814	0.03935830
9.815	0.03915741
9.816	0.03913168
9.817	0.03910228
9.818	0.03916433
9.819	0.03914146
9.820	0.03922664
9.821	0.03922886
9.822	0.03909689
9.823	0.03899910
9.824	0.03909102
9.825	0.03923642
9.826	0.03936895
9.827	0.03934148
9.828	0.03931753
9.829	0.03937801
9.830	0.03937319
9.831	0.03951337
9.832	0.03937628
9.833	0.03940569
9.834	0.03945938
9.835	0.03946829
9.836	0.03942987
9.837	0.03943065
9.838	0.03931770
9.839	0.03911781
9.840	0.03910687
9.841	0.03913715
9.842	0.03917655
9.843	0.03912097
9.844	0.03908618
9.845	0.03904480
9.846	0.03898052
9.847	0.03880715
9.848	0.03878526
9.849	0.03875779
9.850	0.03884034
9.851	0.03862814
9.852	0.03871121
9.853	0.03874522
9.854	0.03883217
9.855	0.03890150
9.856	0.03884601
9.857	0.03886209
9.858	0.03888646
9.859	0.03897304
9.860	0.03910148
9.861	0.03913239
9.862	0.03898480
9.863	0.03902921
9.864	0.03894467
9.865	0.03902792
9.866	0.03912011
9.867	0.03902767
9.868	0.03899977
9.869	0.03901343
9.870	0.03900412
9.871	0.03905994
9.872	0.03910730
9.873	0.03904919
9.874	0.03910602
9.875	0.03917270
9.876	0.03903616
9.877	0.03890843
9.878	0.03890357
9.879	0.03896902
9.880	0.03898304
9.881	0.03897445
9.882	0.03891352
9.883	0.03900209
9.884	0.03896008
9.885	0.03884282
9.886	0.03883809
9.887	0.03881712
9.888	0.03881212
9.889	0.03880887
9.890	0.03892986
9.891	0.03892378
9.892	0.03891753
9.893	0.03886410
9.894	0.03885441
9.895	0.03880788
9.896	0.03874202
9.897	0.03849943
9.898	0.03849534
9.899	0.03835510
9.900	0.03832584
9.901	0.03821794
9.902	0.03817774
9.903	0.03815557
9.904	0.03805328
9.905	0.03821198
9.906	0.03824278
9.907	0.03819552
9.908	0.03821282
9.909	0.03824637
9.910	0.03827222
9.911	0.03818263
9.912	0.03830480
9.913	0.03835961
9.914	0.03846573
9.915	0.03839762
9.916	0.03838213
9.917	0.03821056
9.918	0.03820296
9.919	0.03833820
9.920	0.03840124
9.921	0.03847935
9.922	0.03848397
9.923	0.03844377
9.924	0.03842642
9.925	0.03841333
9.926	0.03836253
9.927	0.03843802
9.928	0.03840354
9.929	0.03855992
9.930	0.03867228
9.931	0.03889104
9.932	0.03896484
9.933	0.03900956
9.934	0.03898437
9.935	0.03915156
9.936	0.03916449
9.937	0.03908872
9.938	0.03928443
9.939	0.03908993
9.940	0.03891563
9.941	0.03885125
9.942	0.03882242
9.943	0.03879571
9.944	0.03879959
9.945	0.03872462
9.946	0.03857697
9.947	0.03847612
9.948	0.03829927
9.949	0.03835255
9.950	0.03830777
9.951	0.03820431
9.952	0.03823173
9.953	0.03826831
9.954	0.03822529
9.955	0.03821565
9.956	0.03837348
9.957	0.03853264
9.958	0.03863387
9.959	0.03848472
9.960	0.03839474
9.961	0.03823375
9.962	0.03826789
9.963	0.03834140
9.964	0.03831376
9.965	0.03811525
9.966	0.03823560
9.967	0.03814011
9.968	0.03826866
9.969	0.03839412
9.970	0.03838927
9.971	0.03823819
9.972	0.03828565
9.973	0.03815576
9.974	0.03814680
9.975	0.03814828
9.976	0.03810228
9.977	0.03790184
9.978	0.03784151
9.979	0.03781145
9.980	0.03791025
9.981	0.03787003
9.982	0.03777652
9.983	0.03768120
9.984	0.03755784
9.985	0.03756503
9.986	0.03750176
9.987	0.03746978
9.988	0.03752447
9.989	0.03751268
9.990	0.03735084
9.991	0.03747300
9.992	0.03756145
9.993	0.03754396
9.994	0.03756371
9.995	0.03745114
9.996	0.03733855
9.997	0.03731928
9.998	0.03753109
9.999	0.03751983
